taz,chargingPointType,numStalls,pricingModel,feeInCents,parkingType,timeRestrictions,reservedFor
1,NoCharger,1000000000,FlatFee,0.0,Commercial,Freight|06:00-18:00,
2,NoCharger,1000000000,FlatFee,0.0,Commercial,Freight|06:00-18:00,
3,NoCharger,1000000000,FlatFee,0.0,Commercial,Freight|06:00-18:00,
4,NoCharger,1000000000,FlatFee,0.0,Commercial,Freight|06:00-18:00,
5,NoCharger,1000000000,FlatFee,0.0,Commercial,Freight|06:00-18:00,
6,NoCharger,1000000000,FlatFee,0.0,Commercial,Freight|06:00-18:00,
7,NoCharger,1000000000,FlatFee,0.0,Commercial,Freight|06:00-18:00,
8,NoCharger,1000000000,FlatFee,0.0,Commercial,Freight|06:00-18:00,
9,NoCharger,1000000000,FlatFee,0.0,Commercial,Freight|06:00-18:00,
10,NoCharger,1000000000,FlatFee,0.0,Commercial,Freight|06:00-18:00,
11,NoCharger,1000000000,FlatFee,0.0,Commercial,Freight|06:00-18:00,
12,NoCharger,1000000000,FlatFee,0.0,Commercial,Freight|06:00-18:00,
13,NoCharger,1000000000,FlatFee,0.0,Commercial,Freight|06:00-18:00,
14,NoCharger,1000000000,FlatFee,0.0,Commercial,Freight|06:00-18:00,
15,NoCharger,1000000000,FlatFee,0.0,Commercial,Freight|06:00-18:00,
16,NoCharger,1000000000,FlatFee,0.0,Commercial,Freight|06:00-18:00,
17,NoCharger,1000000000,FlatFee,0.0,Commercial,Freight|06:00-18:00,
18,NoCharger,1000000000,FlatFee,0.0,Commercial,Freight|06:00-18:00,
19,NoCharger,1000000000,FlatFee,0.0,Commercial,Freight|06:00-18:00,
20,NoCharger,1000000000,FlatFee,0.0,Commercial,Freight|06:00-18:00,
21,NoCharger,1000000000,FlatFee,0.0,Commercial,Freight|06:00-18:00,
22,NoCharger,1000000000,FlatFee,0.0,Commercial,Freight|06:00-18:00,
23,NoCharger,1000000000,FlatFee,0.0,Commercial,Freight|06:00-18:00,
24,NoCharger,1000000000,FlatFee,0.0,Commercial,Freight|06:00-18:00,
25,NoCharger,1000000000,FlatFee,0.0,Commercial,Freight|06:00-18:00,
26,NoCharger,1000000000,FlatFee,0.0,Commercial,Freight|06:00-18:00,
27,NoCharger,1000000000,FlatFee,0.0,Commercial,Freight|06:00-18:00,
28,NoCharger,1000000000,FlatFee,0.0,Commercial,Freight|06:00-18:00,
29,NoCharger,1000000000,FlatFee,0.0,Commercial,Freight|06:00-18:00,
30,NoCharger,1000000000,FlatFee,0.0,Commercial,Freight|06:00-18:00,
31,NoCharger,1000000000,FlatFee,0.0,Commercial,Freight|06:00-18:00,
32,NoCharger,1000000000,FlatFee,0.0,Commercial,Freight|06:00-18:00,
33,NoCharger,1000000000,FlatFee,0.0,Commercial,Freight|06:00-18:00,
34,NoCharger,1000000000,FlatFee,0.0,Commercial,Freight|06:00-18:00,
35,NoCharger,1000000000,FlatFee,0.0,Commercial,Freight|06:00-18:00,
36,NoCharger,1000000000,FlatFee,0.0,Commercial,Freight|06:00-18:00,
37,NoCharger,1000000000,FlatFee,0.0,Commercial,Freight|06:00-18:00,
38,NoCharger,1000000000,FlatFee,0.0,Commercial,Freight|06:00-18:00,
39,NoCharger,1000000000,FlatFee,0.0,Commercial,Freight|06:00-18:00,
40,NoCharger,1000000000,FlatFee,0.0,Commercial,Freight|06:00-18:00,
41,NoCharger,1000000000,FlatFee,0.0,Commercial,Freight|06:00-18:00,
42,NoCharger,1000000000,FlatFee,0.0,Commercial,Freight|06:00-18:00,
43,NoCharger,1000000000,FlatFee,0.0,Commercial,Freight|06:00-18:00,
44,NoCharger,1000000000,FlatFee,0.0,Commercial,Freight|06:00-18:00,
45,NoCharger,1000000000,FlatFee,0.0,Commercial,Freight|06:00-18:00,
46,NoCharger,1000000000,FlatFee,0.0,Commercial,Freight|06:00-18:00,
47,NoCharger,1000000000,FlatFee,0.0,Commercial,Freight|06:00-18:00,
48,NoCharger,1000000000,FlatFee,0.0,Commercial,Freight|06:00-18:00,
49,NoCharger,1000000000,FlatFee,0.0,Commercial,Freight|06:00-18:00,
50,NoCharger,1000000000,FlatFee,0.0,Commercial,Freight|06:00-18:00,
51,NoCharger,1000000000,FlatFee,0.0,Commercial,Freight|06:00-18:00,
52,NoCharger,1000000000,FlatFee,0.0,Commercial,Freight|06:00-18:00,
53,NoCharger,1000000000,FlatFee,0.0,Commercial,Freight|06:00-18:00,
54,NoCharger,1000000000,FlatFee,0.0,Commercial,Freight|06:00-18:00,
55,NoCharger,1000000000,FlatFee,0.0,Commercial,Freight|06:00-18:00,
56,NoCharger,1000000000,FlatFee,0.0,Commercial,Freight|06:00-18:00,
57,NoCharger,1000000000,FlatFee,0.0,Commercial,Freight|06:00-18:00,
58,NoCharger,1000000000,FlatFee,0.0,Commercial,Freight|06:00-18:00,
59,NoCharger,1000000000,FlatFee,0.0,Commercial,Freight|06:00-18:00,
60,NoCharger,1000000000,FlatFee,0.0,Commercial,Freight|06:00-18:00,
61,NoCharger,1000000000,FlatFee,0.0,Commercial,Freight|06:00-18:00,
62,NoCharger,1000000000,FlatFee,0.0,Commercial,Freight|06:00-18:00,
63,NoCharger,1000000000,FlatFee,0.0,Commercial,Freight|06:00-18:00,
64,NoCharger,1000000000,FlatFee,0.0,Commercial,Freight|06:00-18:00,
65,NoCharger,1000000000,FlatFee,0.0,Commercial,Freight|06:00-18:00,
66,NoCharger,1000000000,FlatFee,0.0,Commercial,Freight|06:00-18:00,
67,NoCharger,1000000000,FlatFee,0.0,Commercial,Freight|06:00-18:00,
68,NoCharger,1000000000,FlatFee,0.0,Commercial,Freight|06:00-18:00,
69,NoCharger,1000000000,FlatFee,0.0,Commercial,Freight|06:00-18:00,
70,NoCharger,1000000000,FlatFee,0.0,Commercial,Freight|06:00-18:00,
71,NoCharger,1000000000,FlatFee,0.0,Commercial,Freight|06:00-18:00,
72,NoCharger,1000000000,FlatFee,0.0,Commercial,Freight|06:00-18:00,
73,NoCharger,1000000000,FlatFee,0.0,Commercial,Freight|06:00-18:00,
74,NoCharger,1000000000,FlatFee,0.0,Commercial,Freight|06:00-18:00,
75,NoCharger,1000000000,FlatFee,0.0,Commercial,Freight|06:00-18:00,
76,NoCharger,1000000000,FlatFee,0.0,Commercial,Freight|06:00-18:00,
77,NoCharger,1000000000,FlatFee,0.0,Commercial,Freight|06:00-18:00,
78,NoCharger,1000000000,FlatFee,0.0,Commercial,Freight|06:00-18:00,
79,NoCharger,1000000000,FlatFee,0.0,Commercial,Freight|06:00-18:00,
80,NoCharger,1000000000,FlatFee,0.0,Commercial,Freight|06:00-18:00,
81,NoCharger,1000000000,FlatFee,0.0,Commercial,Freight|06:00-18:00,
82,NoCharger,1000000000,FlatFee,0.0,Commercial,Freight|06:00-18:00,
83,NoCharger,1000000000,FlatFee,0.0,Commercial,Freight|06:00-18:00,
84,NoCharger,1000000000,FlatFee,0.0,Commercial,Freight|06:00-18:00,
85,NoCharger,1000000000,FlatFee,0.0,Commercial,Freight|06:00-18:00,
86,NoCharger,1000000000,FlatFee,0.0,Commercial,Freight|06:00-18:00,
87,NoCharger,1000000000,FlatFee,0.0,Commercial,Freight|06:00-18:00,
88,NoCharger,1000000000,FlatFee,0.0,Commercial,Freight|06:00-18:00,
89,NoCharger,1000000000,FlatFee,0.0,Commercial,Freight|06:00-18:00,
90,NoCharger,1000000000,FlatFee,0.0,Commercial,Freight|06:00-18:00,
91,NoCharger,1000000000,FlatFee,0.0,Commercial,Freight|06:00-18:00,
92,NoCharger,1000000000,FlatFee,0.0,Commercial,Freight|06:00-18:00,
93,NoCharger,1000000000,FlatFee,0.0,Commercial,Freight|06:00-18:00,
94,NoCharger,1000000000,FlatFee,0.0,Commercial,Freight|06:00-18:00,
95,NoCharger,1000000000,FlatFee,0.0,Commercial,Freight|06:00-18:00,
96,NoCharger,1000000000,FlatFee,0.0,Commercial,Freight|06:00-18:00,
97,NoCharger,1000000000,FlatFee,0.0,Commercial,Freight|06:00-18:00,
98,NoCharger,1000000000,FlatFee,0.0,Commercial,Freight|06:00-18:00,
99,NoCharger,1000000000,FlatFee,0.0,Commercial,Freight|06:00-18:00,
100,NoCharger,1000000000,FlatFee,0.0,Commercial,Freight|06:00-18:00,
101,NoCharger,1000000000,FlatFee,0.0,Commercial,Freight|06:00-18:00,
102,NoCharger,1000000000,FlatFee,0.0,Commercial,Freight|06:00-18:00,
103,NoCharger,1000000000,FlatFee,0.0,Commercial,Freight|06:00-18:00,
104,NoCharger,1000000000,FlatFee,0.0,Commercial,Freight|06:00-18:00,
105,NoCharger,1000000000,FlatFee,0.0,Commercial,Freight|06:00-18:00,
106,NoCharger,1000000000,FlatFee,0.0,Commercial,Freight|06:00-18:00,
107,NoCharger,1000000000,FlatFee,0.0,Commercial,Freight|06:00-18:00,
108,NoCharger,1000000000,FlatFee,0.0,Commercial,Freight|06:00-18:00,
109,NoCharger,1000000000,FlatFee,0.0,Commercial,Freight|06:00-18:00,
110,NoCharger,1000000000,FlatFee,0.0,Commercial,Freight|06:00-18:00,
111,NoCharger,1000000000,FlatFee,0.0,Commercial,Freight|06:00-18:00,
112,NoCharger,1000000000,FlatFee,0.0,Commercial,Freight|06:00-18:00,
113,NoCharger,1000000000,FlatFee,0.0,Commercial,Freight|06:00-18:00,
114,NoCharger,1000000000,FlatFee,0.0,Commercial,Freight|06:00-18:00,
115,NoCharger,1000000000,FlatFee,0.0,Commercial,Freight|06:00-18:00,
116,NoCharger,1000000000,FlatFee,0.0,Commercial,Freight|06:00-18:00,
117,NoCharger,1000000000,FlatFee,0.0,Commercial,Freight|06:00-18:00,
118,NoCharger,1000000000,FlatFee,0.0,Commercial,Freight|06:00-18:00,
119,NoCharger,1000000000,FlatFee,0.0,Commercial,Freight|06:00-18:00,
120,NoCharger,1000000000,FlatFee,0.0,Commercial,Freight|06:00-18:00,
121,NoCharger,1000000000,FlatFee,0.0,Commercial,Freight|06:00-18:00,
122,NoCharger,1000000000,FlatFee,0.0,Commercial,Freight|06:00-18:00,
123,NoCharger,1000000000,FlatFee,0.0,Commercial,Freight|06:00-18:00,
124,NoCharger,1000000000,FlatFee,0.0,Commercial,Freight|06:00-18:00,
125,NoCharger,1000000000,FlatFee,0.0,Commercial,Freight|06:00-18:00,
126,NoCharger,1000000000,FlatFee,0.0,Commercial,Freight|06:00-18:00,
127,NoCharger,1000000000,FlatFee,0.0,Commercial,Freight|06:00-18:00,
128,NoCharger,1000000000,FlatFee,0.0,Commercial,Freight|06:00-18:00,
129,NoCharger,1000000000,FlatFee,0.0,Commercial,Freight|06:00-18:00,
130,NoCharger,1000000000,FlatFee,0.0,Commercial,Freight|06:00-18:00,
131,NoCharger,1000000000,FlatFee,0.0,Commercial,Freight|06:00-18:00,
132,NoCharger,1000000000,FlatFee,0.0,Commercial,Freight|06:00-18:00,
133,NoCharger,1000000000,FlatFee,0.0,Commercial,Freight|06:00-18:00,
134,NoCharger,1000000000,FlatFee,0.0,Commercial,Freight|06:00-18:00,
135,NoCharger,1000000000,FlatFee,0.0,Commercial,Freight|06:00-18:00,
136,NoCharger,1000000000,FlatFee,0.0,Commercial,Freight|06:00-18:00,
137,NoCharger,1000000000,FlatFee,0.0,Commercial,Freight|06:00-18:00,
138,NoCharger,1000000000,FlatFee,0.0,Commercial,Freight|06:00-18:00,
139,NoCharger,1000000000,FlatFee,0.0,Commercial,Freight|06:00-18:00,
140,NoCharger,1000000000,FlatFee,0.0,Commercial,Freight|06:00-18:00,
141,NoCharger,1000000000,FlatFee,0.0,Commercial,Freight|06:00-18:00,
142,NoCharger,1000000000,FlatFee,0.0,Commercial,Freight|06:00-18:00,
143,NoCharger,1000000000,FlatFee,0.0,Commercial,Freight|06:00-18:00,
144,NoCharger,1000000000,FlatFee,0.0,Commercial,Freight|06:00-18:00,
145,NoCharger,1000000000,FlatFee,0.0,Commercial,Freight|06:00-18:00,
146,NoCharger,1000000000,FlatFee,0.0,Commercial,Freight|06:00-18:00,
147,NoCharger,1000000000,FlatFee,0.0,Commercial,Freight|06:00-18:00,
148,NoCharger,1000000000,FlatFee,0.0,Commercial,Freight|06:00-18:00,
149,NoCharger,1000000000,FlatFee,0.0,Commercial,Freight|06:00-18:00,
150,NoCharger,1000000000,FlatFee,0.0,Commercial,Freight|06:00-18:00,
151,NoCharger,1000000000,FlatFee,0.0,Commercial,Freight|06:00-18:00,
152,NoCharger,1000000000,FlatFee,0.0,Commercial,Freight|06:00-18:00,
153,NoCharger,1000000000,FlatFee,0.0,Commercial,Freight|06:00-18:00,
154,NoCharger,1000000000,FlatFee,0.0,Commercial,Freight|06:00-18:00,
155,NoCharger,1000000000,FlatFee,0.0,Commercial,Freight|06:00-18:00,
156,NoCharger,1000000000,FlatFee,0.0,Commercial,Freight|06:00-18:00,
157,NoCharger,1000000000,FlatFee,0.0,Commercial,Freight|06:00-18:00,
158,NoCharger,1000000000,FlatFee,0.0,Commercial,Freight|06:00-18:00,
159,NoCharger,1000000000,FlatFee,0.0,Commercial,Freight|06:00-18:00,
160,NoCharger,1000000000,FlatFee,0.0,Commercial,Freight|06:00-18:00,
161,NoCharger,1000000000,FlatFee,0.0,Commercial,Freight|06:00-18:00,
162,NoCharger,1000000000,FlatFee,0.0,Commercial,Freight|06:00-18:00,
163,NoCharger,1000000000,FlatFee,0.0,Commercial,Freight|06:00-18:00,
164,NoCharger,1000000000,FlatFee,0.0,Commercial,Freight|06:00-18:00,
165,NoCharger,1000000000,FlatFee,0.0,Commercial,Freight|06:00-18:00,
166,NoCharger,1000000000,FlatFee,0.0,Commercial,Freight|06:00-18:00,
167,NoCharger,1000000000,FlatFee,0.0,Commercial,Freight|06:00-18:00,
168,NoCharger,1000000000,FlatFee,0.0,Commercial,Freight|06:00-18:00,
169,NoCharger,1000000000,FlatFee,0.0,Commercial,Freight|06:00-18:00,
170,NoCharger,1000000000,FlatFee,0.0,Commercial,Freight|06:00-18:00,
171,NoCharger,1000000000,FlatFee,0.0,Commercial,Freight|06:00-18:00,
172,NoCharger,1000000000,FlatFee,0.0,Commercial,Freight|06:00-18:00,
173,NoCharger,1000000000,FlatFee,0.0,Commercial,Freight|06:00-18:00,
174,NoCharger,1000000000,FlatFee,0.0,Commercial,Freight|06:00-18:00,
175,NoCharger,1000000000,FlatFee,0.0,Commercial,Freight|06:00-18:00,
176,NoCharger,1000000000,FlatFee,0.0,Commercial,Freight|06:00-18:00,
177,NoCharger,1000000000,FlatFee,0.0,Commercial,Freight|06:00-18:00,
178,NoCharger,1000000000,FlatFee,0.0,Commercial,Freight|06:00-18:00,
179,NoCharger,1000000000,FlatFee,0.0,Commercial,Freight|06:00-18:00,
180,NoCharger,1000000000,FlatFee,0.0,Commercial,Freight|06:00-18:00,
181,NoCharger,1000000000,FlatFee,0.0,Commercial,Freight|06:00-18:00,
182,NoCharger,1000000000,FlatFee,0.0,Commercial,Freight|06:00-18:00,
183,NoCharger,1000000000,FlatFee,0.0,Commercial,Freight|06:00-18:00,
184,NoCharger,1000000000,FlatFee,0.0,Commercial,Freight|06:00-18:00,
185,NoCharger,1000000000,FlatFee,0.0,Commercial,Freight|06:00-18:00,
186,NoCharger,1000000000,FlatFee,0.0,Commercial,Freight|06:00-18:00,
187,NoCharger,1000000000,FlatFee,0.0,Commercial,Freight|06:00-18:00,
188,NoCharger,1000000000,FlatFee,0.0,Commercial,Freight|06:00-18:00,
189,NoCharger,1000000000,FlatFee,0.0,Commercial,Freight|06:00-18:00,
190,NoCharger,1000000000,FlatFee,0.0,Commercial,Freight|06:00-18:00,
191,NoCharger,1000000000,FlatFee,0.0,Commercial,Freight|06:00-18:00,
192,NoCharger,1000000000,FlatFee,0.0,Commercial,Freight|06:00-18:00,
193,NoCharger,1000000000,FlatFee,0.0,Commercial,Freight|06:00-18:00,
194,NoCharger,1000000000,FlatFee,0.0,Commercial,Freight|06:00-18:00,
195,NoCharger,1000000000,FlatFee,0.0,Commercial,Freight|06:00-18:00,
196,NoCharger,1000000000,FlatFee,0.0,Commercial,Freight|06:00-18:00,
197,NoCharger,1000000000,FlatFee,0.0,Commercial,Freight|06:00-18:00,
198,NoCharger,1000000000,FlatFee,0.0,Commercial,Freight|06:00-18:00,
199,NoCharger,1000000000,FlatFee,0.0,Commercial,Freight|06:00-18:00,
200,NoCharger,1000000000,FlatFee,0.0,Commercial,Freight|06:00-18:00,
201,NoCharger,1000000000,FlatFee,0.0,Commercial,Freight|06:00-18:00,
202,NoCharger,1000000000,FlatFee,0.0,Commercial,Freight|06:00-18:00,
203,NoCharger,1000000000,FlatFee,0.0,Commercial,Freight|06:00-18:00,
204,NoCharger,1000000000,FlatFee,0.0,Commercial,Freight|06:00-18:00,
205,NoCharger,1000000000,FlatFee,0.0,Commercial,Freight|06:00-18:00,
206,NoCharger,1000000000,FlatFee,0.0,Commercial,Freight|06:00-18:00,
207,NoCharger,1000000000,FlatFee,0.0,Commercial,Freight|06:00-18:00,
208,NoCharger,1000000000,FlatFee,0.0,Commercial,Freight|06:00-18:00,
209,NoCharger,1000000000,FlatFee,0.0,Commercial,Freight|06:00-18:00,
210,NoCharger,1000000000,FlatFee,0.0,Commercial,Freight|06:00-18:00,
211,NoCharger,1000000000,FlatFee,0.0,Commercial,Freight|06:00-18:00,
212,NoCharger,1000000000,FlatFee,0.0,Commercial,Freight|06:00-18:00,
213,NoCharger,1000000000,FlatFee,0.0,Commercial,Freight|06:00-18:00,
214,NoCharger,1000000000,FlatFee,0.0,Commercial,Freight|06:00-18:00,
215,NoCharger,1000000000,FlatFee,0.0,Commercial,Freight|06:00-18:00,
216,NoCharger,1000000000,FlatFee,0.0,Commercial,Freight|06:00-18:00,
217,NoCharger,1000000000,FlatFee,0.0,Commercial,Freight|06:00-18:00,
218,NoCharger,1000000000,FlatFee,0.0,Commercial,Freight|06:00-18:00,
219,NoCharger,1000000000,FlatFee,0.0,Commercial,Freight|06:00-18:00,
220,NoCharger,1000000000,FlatFee,0.0,Commercial,Freight|06:00-18:00,
221,NoCharger,1000000000,FlatFee,0.0,Commercial,Freight|06:00-18:00,
222,NoCharger,1000000000,FlatFee,0.0,Commercial,Freight|06:00-18:00,
223,NoCharger,1000000000,FlatFee,0.0,Commercial,Freight|06:00-18:00,
224,NoCharger,1000000000,FlatFee,0.0,Commercial,Freight|06:00-18:00,
225,NoCharger,1000000000,FlatFee,0.0,Commercial,Freight|06:00-18:00,
226,NoCharger,1000000000,FlatFee,0.0,Commercial,Freight|06:00-18:00,
227,NoCharger,1000000000,FlatFee,0.0,Commercial,Freight|06:00-18:00,
228,NoCharger,1000000000,FlatFee,0.0,Commercial,Freight|06:00-18:00,
229,NoCharger,1000000000,FlatFee,0.0,Commercial,Freight|06:00-18:00,
230,NoCharger,1000000000,FlatFee,0.0,Commercial,Freight|06:00-18:00,
231,NoCharger,1000000000,FlatFee,0.0,Commercial,Freight|06:00-18:00,
232,NoCharger,1000000000,FlatFee,0.0,Commercial,Freight|06:00-18:00,
233,NoCharger,1000000000,FlatFee,0.0,Commercial,Freight|06:00-18:00,
234,NoCharger,1000000000,FlatFee,0.0,Commercial,Freight|06:00-18:00,
235,NoCharger,1000000000,FlatFee,0.0,Commercial,Freight|06:00-18:00,
236,NoCharger,1000000000,FlatFee,0.0,Commercial,Freight|06:00-18:00,
237,NoCharger,1000000000,FlatFee,0.0,Commercial,Freight|06:00-18:00,
238,NoCharger,1000000000,FlatFee,0.0,Commercial,Freight|06:00-18:00,
239,NoCharger,1000000000,FlatFee,0.0,Commercial,Freight|06:00-18:00,
240,NoCharger,1000000000,FlatFee,0.0,Commercial,Freight|06:00-18:00,
241,NoCharger,1000000000,FlatFee,0.0,Commercial,Freight|06:00-18:00,
242,NoCharger,1000000000,FlatFee,0.0,Commercial,Freight|06:00-18:00,
243,NoCharger,1000000000,FlatFee,0.0,Commercial,Freight|06:00-18:00,
244,NoCharger,1000000000,FlatFee,0.0,Commercial,Freight|06:00-18:00,
245,NoCharger,1000000000,FlatFee,0.0,Commercial,Freight|06:00-18:00,
246,NoCharger,1000000000,FlatFee,0.0,Commercial,Freight|06:00-18:00,
247,NoCharger,1000000000,FlatFee,0.0,Commercial,Freight|06:00-18:00,
248,NoCharger,1000000000,FlatFee,0.0,Commercial,Freight|06:00-18:00,
249,NoCharger,1000000000,FlatFee,0.0,Commercial,Freight|06:00-18:00,
250,NoCharger,1000000000,FlatFee,0.0,Commercial,Freight|06:00-18:00,
251,NoCharger,1000000000,FlatFee,0.0,Commercial,Freight|06:00-18:00,
252,NoCharger,1000000000,FlatFee,0.0,Commercial,Freight|06:00-18:00,
253,NoCharger,1000000000,FlatFee,0.0,Commercial,Freight|06:00-18:00,
254,NoCharger,1000000000,FlatFee,0.0,Commercial,Freight|06:00-18:00,
255,NoCharger,1000000000,FlatFee,0.0,Commercial,Freight|06:00-18:00,
256,NoCharger,1000000000,FlatFee,0.0,Commercial,Freight|06:00-18:00,
257,NoCharger,1000000000,FlatFee,0.0,Commercial,Freight|06:00-18:00,
258,NoCharger,1000000000,FlatFee,0.0,Commercial,Freight|06:00-18:00,
259,NoCharger,1000000000,FlatFee,0.0,Commercial,Freight|06:00-18:00,
260,NoCharger,1000000000,FlatFee,0.0,Commercial,Freight|06:00-18:00,
261,NoCharger,1000000000,FlatFee,0.0,Commercial,Freight|06:00-18:00,
262,NoCharger,1000000000,FlatFee,0.0,Commercial,Freight|06:00-18:00,
263,NoCharger,1000000000,FlatFee,0.0,Commercial,Freight|06:00-18:00,
264,NoCharger,1000000000,FlatFee,0.0,Commercial,Freight|06:00-18:00,
265,NoCharger,1000000000,FlatFee,0.0,Commercial,Freight|06:00-18:00,
266,NoCharger,1000000000,FlatFee,0.0,Commercial,Freight|06:00-18:00,
267,NoCharger,1000000000,FlatFee,0.0,Commercial,Freight|06:00-18:00,
268,NoCharger,1000000000,FlatFee,0.0,Commercial,Freight|06:00-18:00,
269,NoCharger,1000000000,FlatFee,0.0,Commercial,Freight|06:00-18:00,
270,NoCharger,1000000000,FlatFee,0.0,Commercial,Freight|06:00-18:00,
271,NoCharger,1000000000,FlatFee,0.0,Commercial,Freight|06:00-18:00,
272,NoCharger,1000000000,FlatFee,0.0,Commercial,Freight|06:00-18:00,
273,NoCharger,1000000000,FlatFee,0.0,Commercial,Freight|06:00-18:00,
274,NoCharger,1000000000,FlatFee,0.0,Commercial,Freight|06:00-18:00,
275,NoCharger,1000000000,FlatFee,0.0,Commercial,Freight|06:00-18:00,
276,NoCharger,1000000000,FlatFee,0.0,Commercial,Freight|06:00-18:00,
277,NoCharger,1000000000,FlatFee,0.0,Commercial,Freight|06:00-18:00,
278,NoCharger,1000000000,FlatFee,0.0,Commercial,Freight|06:00-18:00,
279,NoCharger,1000000000,FlatFee,0.0,Commercial,Freight|06:00-18:00,
280,NoCharger,1000000000,FlatFee,0.0,Commercial,Freight|06:00-18:00,
281,NoCharger,1000000000,FlatFee,0.0,Commercial,Freight|06:00-18:00,
282,NoCharger,1000000000,FlatFee,0.0,Commercial,Freight|06:00-18:00,
283,NoCharger,1000000000,FlatFee,0.0,Commercial,Freight|06:00-18:00,
284,NoCharger,1000000000,FlatFee,0.0,Commercial,Freight|06:00-18:00,
285,NoCharger,1000000000,FlatFee,0.0,Commercial,Freight|06:00-18:00,
286,NoCharger,1000000000,FlatFee,0.0,Commercial,Freight|06:00-18:00,
287,NoCharger,1000000000,FlatFee,0.0,Commercial,Freight|06:00-18:00,
288,NoCharger,1000000000,FlatFee,0.0,Commercial,Freight|06:00-18:00,
289,NoCharger,1000000000,FlatFee,0.0,Commercial,Freight|06:00-18:00,
290,NoCharger,1000000000,FlatFee,0.0,Commercial,Freight|06:00-18:00,
291,NoCharger,1000000000,FlatFee,0.0,Commercial,Freight|06:00-18:00,
292,NoCharger,1000000000,FlatFee,0.0,Commercial,Freight|06:00-18:00,
293,NoCharger,1000000000,FlatFee,0.0,Commercial,Freight|06:00-18:00,
294,NoCharger,1000000000,FlatFee,0.0,Commercial,Freight|06:00-18:00,
295,NoCharger,1000000000,FlatFee,0.0,Commercial,Freight|06:00-18:00,
296,NoCharger,1000000000,FlatFee,0.0,Commercial,Freight|06:00-18:00,
297,NoCharger,1000000000,FlatFee,0.0,Commercial,Freight|06:00-18:00,
298,NoCharger,1000000000,FlatFee,0.0,Commercial,Freight|06:00-18:00,
299,NoCharger,1000000000,FlatFee,0.0,Commercial,Freight|06:00-18:00,
300,NoCharger,1000000000,FlatFee,0.0,Commercial,Freight|06:00-18:00,
301,NoCharger,1000000000,FlatFee,0.0,Commercial,Freight|06:00-18:00,
302,NoCharger,1000000000,FlatFee,0.0,Commercial,Freight|06:00-18:00,
303,NoCharger,1000000000,FlatFee,0.0,Commercial,Freight|06:00-18:00,
304,NoCharger,1000000000,FlatFee,0.0,Commercial,Freight|06:00-18:00,
305,NoCharger,1000000000,FlatFee,0.0,Commercial,Freight|06:00-18:00,
306,NoCharger,1000000000,FlatFee,0.0,Commercial,Freight|06:00-18:00,
307,NoCharger,1000000000,FlatFee,0.0,Commercial,Freight|06:00-18:00,
308,NoCharger,1000000000,FlatFee,0.0,Commercial,Freight|06:00-18:00,
309,NoCharger,1000000000,FlatFee,0.0,Commercial,Freight|06:00-18:00,
310,NoCharger,1000000000,FlatFee,0.0,Commercial,Freight|06:00-18:00,
311,NoCharger,1000000000,FlatFee,0.0,Commercial,Freight|06:00-18:00,
312,NoCharger,1000000000,FlatFee,0.0,Commercial,Freight|06:00-18:00,
313,NoCharger,1000000000,FlatFee,0.0,Commercial,Freight|06:00-18:00,
314,NoCharger,1000000000,FlatFee,0.0,Commercial,Freight|06:00-18:00,
315,NoCharger,1000000000,FlatFee,0.0,Commercial,Freight|06:00-18:00,
316,NoCharger,1000000000,FlatFee,0.0,Commercial,Freight|06:00-18:00,
317,NoCharger,1000000000,FlatFee,0.0,Commercial,Freight|06:00-18:00,
318,NoCharger,1000000000,FlatFee,0.0,Commercial,Freight|06:00-18:00,
319,NoCharger,1000000000,FlatFee,0.0,Commercial,Freight|06:00-18:00,
320,NoCharger,1000000000,FlatFee,0.0,Commercial,Freight|06:00-18:00,
321,NoCharger,1000000000,FlatFee,0.0,Commercial,Freight|06:00-18:00,
322,NoCharger,1000000000,FlatFee,0.0,Commercial,Freight|06:00-18:00,
323,NoCharger,1000000000,FlatFee,0.0,Commercial,Freight|06:00-18:00,
324,NoCharger,1000000000,FlatFee,0.0,Commercial,Freight|06:00-18:00,
325,NoCharger,1000000000,FlatFee,0.0,Commercial,Freight|06:00-18:00,
326,NoCharger,1000000000,FlatFee,0.0,Commercial,Freight|06:00-18:00,
327,NoCharger,1000000000,FlatFee,0.0,Commercial,Freight|06:00-18:00,
328,NoCharger,1000000000,FlatFee,0.0,Commercial,Freight|06:00-18:00,
329,NoCharger,1000000000,FlatFee,0.0,Commercial,Freight|06:00-18:00,
330,NoCharger,1000000000,FlatFee,0.0,Commercial,Freight|06:00-18:00,
331,NoCharger,1000000000,FlatFee,0.0,Commercial,Freight|06:00-18:00,
332,NoCharger,1000000000,FlatFee,0.0,Commercial,Freight|06:00-18:00,
333,NoCharger,1000000000,FlatFee,0.0,Commercial,Freight|06:00-18:00,
334,NoCharger,1000000000,FlatFee,0.0,Commercial,Freight|06:00-18:00,
335,NoCharger,1000000000,FlatFee,0.0,Commercial,Freight|06:00-18:00,
336,NoCharger,1000000000,FlatFee,0.0,Commercial,Freight|06:00-18:00,
337,NoCharger,1000000000,FlatFee,0.0,Commercial,Freight|06:00-18:00,
338,NoCharger,1000000000,FlatFee,0.0,Commercial,Freight|06:00-18:00,
339,NoCharger,1000000000,FlatFee,0.0,Commercial,Freight|06:00-18:00,
340,NoCharger,1000000000,FlatFee,0.0,Commercial,Freight|06:00-18:00,
341,NoCharger,1000000000,FlatFee,0.0,Commercial,Freight|06:00-18:00,
342,NoCharger,1000000000,FlatFee,0.0,Commercial,Freight|06:00-18:00,
343,NoCharger,1000000000,FlatFee,0.0,Commercial,Freight|06:00-18:00,
344,NoCharger,1000000000,FlatFee,0.0,Commercial,Freight|06:00-18:00,
345,NoCharger,1000000000,FlatFee,0.0,Commercial,Freight|06:00-18:00,
346,NoCharger,1000000000,FlatFee,0.0,Commercial,Freight|06:00-18:00,
347,NoCharger,1000000000,FlatFee,0.0,Commercial,Freight|06:00-18:00,
348,NoCharger,1000000000,FlatFee,0.0,Commercial,Freight|06:00-18:00,
349,NoCharger,1000000000,FlatFee,0.0,Commercial,Freight|06:00-18:00,
350,NoCharger,1000000000,FlatFee,0.0,Commercial,Freight|06:00-18:00,
351,NoCharger,1000000000,FlatFee,0.0,Commercial,Freight|06:00-18:00,
352,NoCharger,1000000000,FlatFee,0.0,Commercial,Freight|06:00-18:00,
353,NoCharger,1000000000,FlatFee,0.0,Commercial,Freight|06:00-18:00,
354,NoCharger,1000000000,FlatFee,0.0,Commercial,Freight|06:00-18:00,
355,NoCharger,1000000000,FlatFee,0.0,Commercial,Freight|06:00-18:00,
356,NoCharger,1000000000,FlatFee,0.0,Commercial,Freight|06:00-18:00,
357,NoCharger,1000000000,FlatFee,0.0,Commercial,Freight|06:00-18:00,
358,NoCharger,1000000000,FlatFee,0.0,Commercial,Freight|06:00-18:00,
359,NoCharger,1000000000,FlatFee,0.0,Commercial,Freight|06:00-18:00,
360,NoCharger,1000000000,FlatFee,0.0,Commercial,Freight|06:00-18:00,
361,NoCharger,1000000000,FlatFee,0.0,Commercial,Freight|06:00-18:00,
362,NoCharger,1000000000,FlatFee,0.0,Commercial,Freight|06:00-18:00,
363,NoCharger,1000000000,FlatFee,0.0,Commercial,Freight|06:00-18:00,
364,NoCharger,1000000000,FlatFee,0.0,Commercial,Freight|06:00-18:00,
365,NoCharger,1000000000,FlatFee,0.0,Commercial,Freight|06:00-18:00,
366,NoCharger,1000000000,FlatFee,0.0,Commercial,Freight|06:00-18:00,
367,NoCharger,1000000000,FlatFee,0.0,Commercial,Freight|06:00-18:00,
368,NoCharger,1000000000,FlatFee,0.0,Commercial,Freight|06:00-18:00,
369,NoCharger,1000000000,FlatFee,0.0,Commercial,Freight|06:00-18:00,
370,NoCharger,1000000000,FlatFee,0.0,Commercial,Freight|06:00-18:00,
371,NoCharger,1000000000,FlatFee,0.0,Commercial,Freight|06:00-18:00,
372,NoCharger,1000000000,FlatFee,0.0,Commercial,Freight|06:00-18:00,
373,NoCharger,1000000000,FlatFee,0.0,Commercial,Freight|06:00-18:00,
374,NoCharger,1000000000,FlatFee,0.0,Commercial,Freight|06:00-18:00,
375,NoCharger,1000000000,FlatFee,0.0,Commercial,Freight|06:00-18:00,
376,NoCharger,1000000000,FlatFee,0.0,Commercial,Freight|06:00-18:00,
377,NoCharger,1000000000,FlatFee,0.0,Commercial,Freight|06:00-18:00,
378,NoCharger,1000000000,FlatFee,0.0,Commercial,Freight|06:00-18:00,
379,NoCharger,1000000000,FlatFee,0.0,Commercial,Freight|06:00-18:00,
380,NoCharger,1000000000,FlatFee,0.0,Commercial,Freight|06:00-18:00,
381,NoCharger,1000000000,FlatFee,0.0,Commercial,Freight|06:00-18:00,
382,NoCharger,1000000000,FlatFee,0.0,Commercial,Freight|06:00-18:00,
383,NoCharger,1000000000,FlatFee,0.0,Commercial,Freight|06:00-18:00,
384,NoCharger,1000000000,FlatFee,0.0,Commercial,Freight|06:00-18:00,
385,NoCharger,1000000000,FlatFee,0.0,Commercial,Freight|06:00-18:00,
386,NoCharger,1000000000,FlatFee,0.0,Commercial,Freight|06:00-18:00,
387,NoCharger,1000000000,FlatFee,0.0,Commercial,Freight|06:00-18:00,
388,NoCharger,1000000000,FlatFee,0.0,Commercial,Freight|06:00-18:00,
389,NoCharger,1000000000,FlatFee,0.0,Commercial,Freight|06:00-18:00,
390,NoCharger,1000000000,FlatFee,0.0,Commercial,Freight|06:00-18:00,
391,NoCharger,1000000000,FlatFee,0.0,Commercial,Freight|06:00-18:00,
392,NoCharger,1000000000,FlatFee,0.0,Commercial,Freight|06:00-18:00,
393,NoCharger,1000000000,FlatFee,0.0,Commercial,Freight|06:00-18:00,
394,NoCharger,1000000000,FlatFee,0.0,Commercial,Freight|06:00-18:00,
395,NoCharger,1000000000,FlatFee,0.0,Commercial,Freight|06:00-18:00,
396,NoCharger,1000000000,FlatFee,0.0,Commercial,Freight|06:00-18:00,
397,NoCharger,1000000000,FlatFee,0.0,Commercial,Freight|06:00-18:00,
398,NoCharger,1000000000,FlatFee,0.0,Commercial,Freight|06:00-18:00,
399,NoCharger,1000000000,FlatFee,0.0,Commercial,Freight|06:00-18:00,
400,NoCharger,1000000000,FlatFee,0.0,Commercial,Freight|06:00-18:00,
401,NoCharger,1000000000,FlatFee,0.0,Commercial,Freight|06:00-18:00,
402,NoCharger,1000000000,FlatFee,0.0,Commercial,Freight|06:00-18:00,
403,NoCharger,1000000000,FlatFee,0.0,Commercial,Freight|06:00-18:00,
404,NoCharger,1000000000,FlatFee,0.0,Commercial,Freight|06:00-18:00,
405,NoCharger,1000000000,FlatFee,0.0,Commercial,Freight|06:00-18:00,
406,NoCharger,1000000000,FlatFee,0.0,Commercial,Freight|06:00-18:00,
407,NoCharger,1000000000,FlatFee,0.0,Commercial,Freight|06:00-18:00,
408,NoCharger,1000000000,FlatFee,0.0,Commercial,Freight|06:00-18:00,
409,NoCharger,1000000000,FlatFee,0.0,Commercial,Freight|06:00-18:00,
410,NoCharger,1000000000,FlatFee,0.0,Commercial,Freight|06:00-18:00,
411,NoCharger,1000000000,FlatFee,0.0,Commercial,Freight|06:00-18:00,
412,NoCharger,1000000000,FlatFee,0.0,Commercial,Freight|06:00-18:00,
413,NoCharger,1000000000,FlatFee,0.0,Commercial,Freight|06:00-18:00,
414,NoCharger,1000000000,FlatFee,0.0,Commercial,Freight|06:00-18:00,
415,NoCharger,1000000000,FlatFee,0.0,Commercial,Freight|06:00-18:00,
416,NoCharger,1000000000,FlatFee,0.0,Commercial,Freight|06:00-18:00,
417,NoCharger,1000000000,FlatFee,0.0,Commercial,Freight|06:00-18:00,
418,NoCharger,1000000000,FlatFee,0.0,Commercial,Freight|06:00-18:00,
419,NoCharger,1000000000,FlatFee,0.0,Commercial,Freight|06:00-18:00,
420,NoCharger,1000000000,FlatFee,0.0,Commercial,Freight|06:00-18:00,
421,NoCharger,1000000000,FlatFee,0.0,Commercial,Freight|06:00-18:00,
422,NoCharger,1000000000,FlatFee,0.0,Commercial,Freight|06:00-18:00,
423,NoCharger,1000000000,FlatFee,0.0,Commercial,Freight|06:00-18:00,
424,NoCharger,1000000000,FlatFee,0.0,Commercial,Freight|06:00-18:00,
425,NoCharger,1000000000,FlatFee,0.0,Commercial,Freight|06:00-18:00,
426,NoCharger,1000000000,FlatFee,0.0,Commercial,Freight|06:00-18:00,
427,NoCharger,1000000000,FlatFee,0.0,Commercial,Freight|06:00-18:00,
428,NoCharger,1000000000,FlatFee,0.0,Commercial,Freight|06:00-18:00,
429,NoCharger,1000000000,FlatFee,0.0,Commercial,Freight|06:00-18:00,
430,NoCharger,1000000000,FlatFee,0.0,Commercial,Freight|06:00-18:00,
431,NoCharger,1000000000,FlatFee,0.0,Commercial,Freight|06:00-18:00,
432,NoCharger,1000000000,FlatFee,0.0,Commercial,Freight|06:00-18:00,
433,NoCharger,1000000000,FlatFee,0.0,Commercial,Freight|06:00-18:00,
434,NoCharger,1000000000,FlatFee,0.0,Commercial,Freight|06:00-18:00,
435,NoCharger,1000000000,FlatFee,0.0,Commercial,Freight|06:00-18:00,
436,NoCharger,1000000000,FlatFee,0.0,Commercial,Freight|06:00-18:00,
437,NoCharger,1000000000,FlatFee,0.0,Commercial,Freight|06:00-18:00,
438,NoCharger,1000000000,FlatFee,0.0,Commercial,Freight|06:00-18:00,
439,NoCharger,1000000000,FlatFee,0.0,Commercial,Freight|06:00-18:00,
440,NoCharger,1000000000,FlatFee,0.0,Commercial,Freight|06:00-18:00,
441,NoCharger,1000000000,FlatFee,0.0,Commercial,Freight|06:00-18:00,
442,NoCharger,1000000000,FlatFee,0.0,Commercial,Freight|06:00-18:00,
443,NoCharger,1000000000,FlatFee,0.0,Commercial,Freight|06:00-18:00,
444,NoCharger,1000000000,FlatFee,0.0,Commercial,Freight|06:00-18:00,
445,NoCharger,1000000000,FlatFee,0.0,Commercial,Freight|06:00-18:00,
446,NoCharger,1000000000,FlatFee,0.0,Commercial,Freight|06:00-18:00,
447,NoCharger,1000000000,FlatFee,0.0,Commercial,Freight|06:00-18:00,
448,NoCharger,1000000000,FlatFee,0.0,Commercial,Freight|06:00-18:00,
449,NoCharger,1000000000,FlatFee,0.0,Commercial,Freight|06:00-18:00,
450,NoCharger,1000000000,FlatFee,0.0,Commercial,Freight|06:00-18:00,
451,NoCharger,1000000000,FlatFee,0.0,Commercial,Freight|06:00-18:00,
452,NoCharger,1000000000,FlatFee,0.0,Commercial,Freight|06:00-18:00,
453,NoCharger,1000000000,FlatFee,0.0,Commercial,Freight|06:00-18:00,
454,NoCharger,1000000000,FlatFee,0.0,Commercial,Freight|06:00-18:00,
455,NoCharger,1000000000,FlatFee,0.0,Commercial,Freight|06:00-18:00,
456,NoCharger,1000000000,FlatFee,0.0,Commercial,Freight|06:00-18:00,
457,NoCharger,1000000000,FlatFee,0.0,Commercial,Freight|06:00-18:00,
458,NoCharger,1000000000,FlatFee,0.0,Commercial,Freight|06:00-18:00,
459,NoCharger,1000000000,FlatFee,0.0,Commercial,Freight|06:00-18:00,
460,NoCharger,1000000000,FlatFee,0.0,Commercial,Freight|06:00-18:00,
461,NoCharger,1000000000,FlatFee,0.0,Commercial,Freight|06:00-18:00,
462,NoCharger,1000000000,FlatFee,0.0,Commercial,Freight|06:00-18:00,
463,NoCharger,1000000000,FlatFee,0.0,Commercial,Freight|06:00-18:00,
464,NoCharger,1000000000,FlatFee,0.0,Commercial,Freight|06:00-18:00,
465,NoCharger,1000000000,FlatFee,0.0,Commercial,Freight|06:00-18:00,
466,NoCharger,1000000000,FlatFee,0.0,Commercial,Freight|06:00-18:00,
467,NoCharger,1000000000,FlatFee,0.0,Commercial,Freight|06:00-18:00,
468,NoCharger,1000000000,FlatFee,0.0,Commercial,Freight|06:00-18:00,
469,NoCharger,1000000000,FlatFee,0.0,Commercial,Freight|06:00-18:00,
470,NoCharger,1000000000,FlatFee,0.0,Commercial,Freight|06:00-18:00,
471,NoCharger,1000000000,FlatFee,0.0,Commercial,Freight|06:00-18:00,
472,NoCharger,1000000000,FlatFee,0.0,Commercial,Freight|06:00-18:00,
473,NoCharger,1000000000,FlatFee,0.0,Commercial,Freight|06:00-18:00,
474,NoCharger,1000000000,FlatFee,0.0,Commercial,Freight|06:00-18:00,
475,NoCharger,1000000000,FlatFee,0.0,Commercial,Freight|06:00-18:00,
476,NoCharger,1000000000,FlatFee,0.0,Commercial,Freight|06:00-18:00,
477,NoCharger,1000000000,FlatFee,0.0,Commercial,Freight|06:00-18:00,
478,NoCharger,1000000000,FlatFee,0.0,Commercial,Freight|06:00-18:00,
479,NoCharger,1000000000,FlatFee,0.0,Commercial,Freight|06:00-18:00,
480,NoCharger,1000000000,FlatFee,0.0,Commercial,Freight|06:00-18:00,
481,NoCharger,1000000000,FlatFee,0.0,Commercial,Freight|06:00-18:00,
482,NoCharger,1000000000,FlatFee,0.0,Commercial,Freight|06:00-18:00,
483,NoCharger,1000000000,FlatFee,0.0,Commercial,Freight|06:00-18:00,
484,NoCharger,1000000000,FlatFee,0.0,Commercial,Freight|06:00-18:00,
485,NoCharger,1000000000,FlatFee,0.0,Commercial,Freight|06:00-18:00,
486,NoCharger,1000000000,FlatFee,0.0,Commercial,Freight|06:00-18:00,
487,NoCharger,1000000000,FlatFee,0.0,Commercial,Freight|06:00-18:00,
488,NoCharger,1000000000,FlatFee,0.0,Commercial,Freight|06:00-18:00,
489,NoCharger,1000000000,FlatFee,0.0,Commercial,Freight|06:00-18:00,
490,NoCharger,1000000000,FlatFee,0.0,Commercial,Freight|06:00-18:00,
491,NoCharger,1000000000,FlatFee,0.0,Commercial,Freight|06:00-18:00,
492,NoCharger,1000000000,FlatFee,0.0,Commercial,Freight|06:00-18:00,
493,NoCharger,1000000000,FlatFee,0.0,Commercial,Freight|06:00-18:00,
494,NoCharger,1000000000,FlatFee,0.0,Commercial,Freight|06:00-18:00,
495,NoCharger,1000000000,FlatFee,0.0,Commercial,Freight|06:00-18:00,
496,NoCharger,1000000000,FlatFee,0.0,Commercial,Freight|06:00-18:00,
497,NoCharger,1000000000,FlatFee,0.0,Commercial,Freight|06:00-18:00,
498,NoCharger,1000000000,FlatFee,0.0,Commercial,Freight|06:00-18:00,
499,NoCharger,1000000000,FlatFee,0.0,Commercial,Freight|06:00-18:00,
500,NoCharger,1000000000,FlatFee,0.0,Commercial,Freight|06:00-18:00,
501,NoCharger,1000000000,FlatFee,0.0,Commercial,Freight|06:00-18:00,
502,NoCharger,1000000000,FlatFee,0.0,Commercial,Freight|06:00-18:00,
503,NoCharger,1000000000,FlatFee,0.0,Commercial,Freight|06:00-18:00,
504,NoCharger,1000000000,FlatFee,0.0,Commercial,Freight|06:00-18:00,
505,NoCharger,1000000000,FlatFee,0.0,Commercial,Freight|06:00-18:00,
506,NoCharger,1000000000,FlatFee,0.0,Commercial,Freight|06:00-18:00,
507,NoCharger,1000000000,FlatFee,0.0,Commercial,Freight|06:00-18:00,
508,NoCharger,1000000000,FlatFee,0.0,Commercial,Freight|06:00-18:00,
509,NoCharger,1000000000,FlatFee,0.0,Commercial,Freight|06:00-18:00,
510,NoCharger,1000000000,FlatFee,0.0,Commercial,Freight|06:00-18:00,
511,NoCharger,1000000000,FlatFee,0.0,Commercial,Freight|06:00-18:00,
512,NoCharger,1000000000,FlatFee,0.0,Commercial,Freight|06:00-18:00,
513,NoCharger,1000000000,FlatFee,0.0,Commercial,Freight|06:00-18:00,
514,NoCharger,1000000000,FlatFee,0.0,Commercial,Freight|06:00-18:00,
515,NoCharger,1000000000,FlatFee,0.0,Commercial,Freight|06:00-18:00,
516,NoCharger,1000000000,FlatFee,0.0,Commercial,Freight|06:00-18:00,
517,NoCharger,1000000000,FlatFee,0.0,Commercial,Freight|06:00-18:00,
518,NoCharger,1000000000,FlatFee,0.0,Commercial,Freight|06:00-18:00,
519,NoCharger,1000000000,FlatFee,0.0,Commercial,Freight|06:00-18:00,
520,NoCharger,1000000000,FlatFee,0.0,Commercial,Freight|06:00-18:00,
521,NoCharger,1000000000,FlatFee,0.0,Commercial,Freight|06:00-18:00,
522,NoCharger,1000000000,FlatFee,0.0,Commercial,Freight|06:00-18:00,
523,NoCharger,1000000000,FlatFee,0.0,Commercial,Freight|06:00-18:00,
524,NoCharger,1000000000,FlatFee,0.0,Commercial,Freight|06:00-18:00,
525,NoCharger,1000000000,FlatFee,0.0,Commercial,Freight|06:00-18:00,
526,NoCharger,1000000000,FlatFee,0.0,Commercial,Freight|06:00-18:00,
527,NoCharger,1000000000,FlatFee,0.0,Commercial,Freight|06:00-18:00,
528,NoCharger,1000000000,FlatFee,0.0,Commercial,Freight|06:00-18:00,
529,NoCharger,1000000000,FlatFee,0.0,Commercial,Freight|06:00-18:00,
530,NoCharger,1000000000,FlatFee,0.0,Commercial,Freight|06:00-18:00,
531,NoCharger,1000000000,FlatFee,0.0,Commercial,Freight|06:00-18:00,
532,NoCharger,1000000000,FlatFee,0.0,Commercial,Freight|06:00-18:00,
533,NoCharger,1000000000,FlatFee,0.0,Commercial,Freight|06:00-18:00,
534,NoCharger,1000000000,FlatFee,0.0,Commercial,Freight|06:00-18:00,
535,NoCharger,1000000000,FlatFee,0.0,Commercial,Freight|06:00-18:00,
536,NoCharger,1000000000,FlatFee,0.0,Commercial,Freight|06:00-18:00,
537,NoCharger,1000000000,FlatFee,0.0,Commercial,Freight|06:00-18:00,
538,NoCharger,1000000000,FlatFee,0.0,Commercial,Freight|06:00-18:00,
539,NoCharger,1000000000,FlatFee,0.0,Commercial,Freight|06:00-18:00,
540,NoCharger,1000000000,FlatFee,0.0,Commercial,Freight|06:00-18:00,
541,NoCharger,1000000000,FlatFee,0.0,Commercial,Freight|06:00-18:00,
542,NoCharger,1000000000,FlatFee,0.0,Commercial,Freight|06:00-18:00,
543,NoCharger,1000000000,FlatFee,0.0,Commercial,Freight|06:00-18:00,
544,NoCharger,1000000000,FlatFee,0.0,Commercial,Freight|06:00-18:00,
545,NoCharger,1000000000,FlatFee,0.0,Commercial,Freight|06:00-18:00,
546,NoCharger,1000000000,FlatFee,0.0,Commercial,Freight|06:00-18:00,
547,NoCharger,1000000000,FlatFee,0.0,Commercial,Freight|06:00-18:00,
548,NoCharger,1000000000,FlatFee,0.0,Commercial,Freight|06:00-18:00,
549,NoCharger,1000000000,FlatFee,0.0,Commercial,Freight|06:00-18:00,
550,NoCharger,1000000000,FlatFee,0.0,Commercial,Freight|06:00-18:00,
551,NoCharger,1000000000,FlatFee,0.0,Commercial,Freight|06:00-18:00,
552,NoCharger,1000000000,FlatFee,0.0,Commercial,Freight|06:00-18:00,
553,NoCharger,1000000000,FlatFee,0.0,Commercial,Freight|06:00-18:00,
554,NoCharger,1000000000,FlatFee,0.0,Commercial,Freight|06:00-18:00,
555,NoCharger,1000000000,FlatFee,0.0,Commercial,Freight|06:00-18:00,
556,NoCharger,1000000000,FlatFee,0.0,Commercial,Freight|06:00-18:00,
557,NoCharger,1000000000,FlatFee,0.0,Commercial,Freight|06:00-18:00,
558,NoCharger,1000000000,FlatFee,0.0,Commercial,Freight|06:00-18:00,
559,NoCharger,1000000000,FlatFee,0.0,Commercial,Freight|06:00-18:00,
560,NoCharger,1000000000,FlatFee,0.0,Commercial,Freight|06:00-18:00,
561,NoCharger,1000000000,FlatFee,0.0,Commercial,Freight|06:00-18:00,
562,NoCharger,1000000000,FlatFee,0.0,Commercial,Freight|06:00-18:00,
563,NoCharger,1000000000,FlatFee,0.0,Commercial,Freight|06:00-18:00,
564,NoCharger,1000000000,FlatFee,0.0,Commercial,Freight|06:00-18:00,
565,NoCharger,1000000000,FlatFee,0.0,Commercial,Freight|06:00-18:00,
566,NoCharger,1000000000,FlatFee,0.0,Commercial,Freight|06:00-18:00,
567,NoCharger,1000000000,FlatFee,0.0,Commercial,Freight|06:00-18:00,
568,NoCharger,1000000000,FlatFee,0.0,Commercial,Freight|06:00-18:00,
569,NoCharger,1000000000,FlatFee,0.0,Commercial,Freight|06:00-18:00,
570,NoCharger,1000000000,FlatFee,0.0,Commercial,Freight|06:00-18:00,
571,NoCharger,1000000000,FlatFee,0.0,Commercial,Freight|06:00-18:00,
572,NoCharger,1000000000,FlatFee,0.0,Commercial,Freight|06:00-18:00,
573,NoCharger,1000000000,FlatFee,0.0,Commercial,Freight|06:00-18:00,
574,NoCharger,1000000000,FlatFee,0.0,Commercial,Freight|06:00-18:00,
575,NoCharger,1000000000,FlatFee,0.0,Commercial,Freight|06:00-18:00,
576,NoCharger,1000000000,FlatFee,0.0,Commercial,Freight|06:00-18:00,
577,NoCharger,1000000000,FlatFee,0.0,Commercial,Freight|06:00-18:00,
578,NoCharger,1000000000,FlatFee,0.0,Commercial,Freight|06:00-18:00,
579,NoCharger,1000000000,FlatFee,0.0,Commercial,Freight|06:00-18:00,
580,NoCharger,1000000000,FlatFee,0.0,Commercial,Freight|06:00-18:00,
581,NoCharger,1000000000,FlatFee,0.0,Commercial,Freight|06:00-18:00,
582,NoCharger,1000000000,FlatFee,0.0,Commercial,Freight|06:00-18:00,
583,NoCharger,1000000000,FlatFee,0.0,Commercial,Freight|06:00-18:00,
584,NoCharger,1000000000,FlatFee,0.0,Commercial,Freight|06:00-18:00,
585,NoCharger,1000000000,FlatFee,0.0,Commercial,Freight|06:00-18:00,
586,NoCharger,1000000000,FlatFee,0.0,Commercial,Freight|06:00-18:00,
587,NoCharger,1000000000,FlatFee,0.0,Commercial,Freight|06:00-18:00,
588,NoCharger,1000000000,FlatFee,0.0,Commercial,Freight|06:00-18:00,
589,NoCharger,1000000000,FlatFee,0.0,Commercial,Freight|06:00-18:00,
590,NoCharger,1000000000,FlatFee,0.0,Commercial,Freight|06:00-18:00,
591,NoCharger,1000000000,FlatFee,0.0,Commercial,Freight|06:00-18:00,
592,NoCharger,1000000000,FlatFee,0.0,Commercial,Freight|06:00-18:00,
593,NoCharger,1000000000,FlatFee,0.0,Commercial,Freight|06:00-18:00,
594,NoCharger,1000000000,FlatFee,0.0,Commercial,Freight|06:00-18:00,
595,NoCharger,1000000000,FlatFee,0.0,Commercial,Freight|06:00-18:00,
596,NoCharger,1000000000,FlatFee,0.0,Commercial,Freight|06:00-18:00,
597,NoCharger,1000000000,FlatFee,0.0,Commercial,Freight|06:00-18:00,
598,NoCharger,1000000000,FlatFee,0.0,Commercial,Freight|06:00-18:00,
599,NoCharger,1000000000,FlatFee,0.0,Commercial,Freight|06:00-18:00,
600,NoCharger,1000000000,FlatFee,0.0,Commercial,Freight|06:00-18:00,
601,NoCharger,1000000000,FlatFee,0.0,Commercial,Freight|06:00-18:00,
602,NoCharger,1000000000,FlatFee,0.0,Commercial,Freight|06:00-18:00,
603,NoCharger,1000000000,FlatFee,0.0,Commercial,Freight|06:00-18:00,
604,NoCharger,1000000000,FlatFee,0.0,Commercial,Freight|06:00-18:00,
605,NoCharger,1000000000,FlatFee,0.0,Commercial,Freight|06:00-18:00,
606,NoCharger,1000000000,FlatFee,0.0,Commercial,Freight|06:00-18:00,
607,NoCharger,1000000000,FlatFee,0.0,Commercial,Freight|06:00-18:00,
608,NoCharger,1000000000,FlatFee,0.0,Commercial,Freight|06:00-18:00,
609,NoCharger,1000000000,FlatFee,0.0,Commercial,Freight|06:00-18:00,
610,NoCharger,1000000000,FlatFee,0.0,Commercial,Freight|06:00-18:00,
611,NoCharger,1000000000,FlatFee,0.0,Commercial,Freight|06:00-18:00,
612,NoCharger,1000000000,FlatFee,0.0,Commercial,Freight|06:00-18:00,
613,NoCharger,1000000000,FlatFee,0.0,Commercial,Freight|06:00-18:00,
614,NoCharger,1000000000,FlatFee,0.0,Commercial,Freight|06:00-18:00,
615,NoCharger,1000000000,FlatFee,0.0,Commercial,Freight|06:00-18:00,
616,NoCharger,1000000000,FlatFee,0.0,Commercial,Freight|06:00-18:00,
617,NoCharger,1000000000,FlatFee,0.0,Commercial,Freight|06:00-18:00,
618,NoCharger,1000000000,FlatFee,0.0,Commercial,Freight|06:00-18:00,
619,NoCharger,1000000000,FlatFee,0.0,Commercial,Freight|06:00-18:00,
620,NoCharger,1000000000,FlatFee,0.0,Commercial,Freight|06:00-18:00,
621,NoCharger,1000000000,FlatFee,0.0,Commercial,Freight|06:00-18:00,
622,NoCharger,1000000000,FlatFee,0.0,Commercial,Freight|06:00-18:00,
623,NoCharger,1000000000,FlatFee,0.0,Commercial,Freight|06:00-18:00,
624,NoCharger,1000000000,FlatFee,0.0,Commercial,Freight|06:00-18:00,
625,NoCharger,1000000000,FlatFee,0.0,Commercial,Freight|06:00-18:00,
626,NoCharger,1000000000,FlatFee,0.0,Commercial,Freight|06:00-18:00,
627,NoCharger,1000000000,FlatFee,0.0,Commercial,Freight|06:00-18:00,
628,NoCharger,1000000000,FlatFee,0.0,Commercial,Freight|06:00-18:00,
629,NoCharger,1000000000,FlatFee,0.0,Commercial,Freight|06:00-18:00,
630,NoCharger,1000000000,FlatFee,0.0,Commercial,Freight|06:00-18:00,
631,NoCharger,1000000000,FlatFee,0.0,Commercial,Freight|06:00-18:00,
632,NoCharger,1000000000,FlatFee,0.0,Commercial,Freight|06:00-18:00,
633,NoCharger,1000000000,FlatFee,0.0,Commercial,Freight|06:00-18:00,
634,NoCharger,1000000000,FlatFee,0.0,Commercial,Freight|06:00-18:00,
635,NoCharger,1000000000,FlatFee,0.0,Commercial,Freight|06:00-18:00,
636,NoCharger,1000000000,FlatFee,0.0,Commercial,Freight|06:00-18:00,
637,NoCharger,1000000000,FlatFee,0.0,Commercial,Freight|06:00-18:00,
638,NoCharger,1000000000,FlatFee,0.0,Commercial,Freight|06:00-18:00,
639,NoCharger,1000000000,FlatFee,0.0,Commercial,Freight|06:00-18:00,
640,NoCharger,1000000000,FlatFee,0.0,Commercial,Freight|06:00-18:00,
641,NoCharger,1000000000,FlatFee,0.0,Commercial,Freight|06:00-18:00,
642,NoCharger,1000000000,FlatFee,0.0,Commercial,Freight|06:00-18:00,
643,NoCharger,1000000000,FlatFee,0.0,Commercial,Freight|06:00-18:00,
644,NoCharger,1000000000,FlatFee,0.0,Commercial,Freight|06:00-18:00,
645,NoCharger,1000000000,FlatFee,0.0,Commercial,Freight|06:00-18:00,
646,NoCharger,1000000000,FlatFee,0.0,Commercial,Freight|06:00-18:00,
647,NoCharger,1000000000,FlatFee,0.0,Commercial,Freight|06:00-18:00,
648,NoCharger,1000000000,FlatFee,0.0,Commercial,Freight|06:00-18:00,
649,NoCharger,1000000000,FlatFee,0.0,Commercial,Freight|06:00-18:00,
650,NoCharger,1000000000,FlatFee,0.0,Commercial,Freight|06:00-18:00,
651,NoCharger,1000000000,FlatFee,0.0,Commercial,Freight|06:00-18:00,
652,NoCharger,1000000000,FlatFee,0.0,Commercial,Freight|06:00-18:00,
653,NoCharger,1000000000,FlatFee,0.0,Commercial,Freight|06:00-18:00,
654,NoCharger,1000000000,FlatFee,0.0,Commercial,Freight|06:00-18:00,
655,NoCharger,1000000000,FlatFee,0.0,Commercial,Freight|06:00-18:00,
656,NoCharger,1000000000,FlatFee,0.0,Commercial,Freight|06:00-18:00,
657,NoCharger,1000000000,FlatFee,0.0,Commercial,Freight|06:00-18:00,
658,NoCharger,1000000000,FlatFee,0.0,Commercial,Freight|06:00-18:00,
659,NoCharger,1000000000,FlatFee,0.0,Commercial,Freight|06:00-18:00,
660,NoCharger,1000000000,FlatFee,0.0,Commercial,Freight|06:00-18:00,
661,NoCharger,1000000000,FlatFee,0.0,Commercial,Freight|06:00-18:00,
662,NoCharger,1000000000,FlatFee,0.0,Commercial,Freight|06:00-18:00,
663,NoCharger,1000000000,FlatFee,0.0,Commercial,Freight|06:00-18:00,
664,NoCharger,1000000000,FlatFee,0.0,Commercial,Freight|06:00-18:00,
665,NoCharger,1000000000,FlatFee,0.0,Commercial,Freight|06:00-18:00,
666,NoCharger,1000000000,FlatFee,0.0,Commercial,Freight|06:00-18:00,
667,NoCharger,1000000000,FlatFee,0.0,Commercial,Freight|06:00-18:00,
668,NoCharger,1000000000,FlatFee,0.0,Commercial,Freight|06:00-18:00,
669,NoCharger,1000000000,FlatFee,0.0,Commercial,Freight|06:00-18:00,
670,NoCharger,1000000000,FlatFee,0.0,Commercial,Freight|06:00-18:00,
671,NoCharger,1000000000,FlatFee,0.0,Commercial,Freight|06:00-18:00,
672,NoCharger,1000000000,FlatFee,0.0,Commercial,Freight|06:00-18:00,
673,NoCharger,1000000000,FlatFee,0.0,Commercial,Freight|06:00-18:00,
674,NoCharger,1000000000,FlatFee,0.0,Commercial,Freight|06:00-18:00,
675,NoCharger,1000000000,FlatFee,0.0,Commercial,Freight|06:00-18:00,
676,NoCharger,1000000000,FlatFee,0.0,Commercial,Freight|06:00-18:00,
677,NoCharger,1000000000,FlatFee,0.0,Commercial,Freight|06:00-18:00,
678,NoCharger,1000000000,FlatFee,0.0,Commercial,Freight|06:00-18:00,
679,NoCharger,1000000000,FlatFee,0.0,Commercial,Freight|06:00-18:00,
680,NoCharger,1000000000,FlatFee,0.0,Commercial,Freight|06:00-18:00,
681,NoCharger,1000000000,FlatFee,0.0,Commercial,Freight|06:00-18:00,
682,NoCharger,1000000000,FlatFee,0.0,Commercial,Freight|06:00-18:00,
683,NoCharger,1000000000,FlatFee,0.0,Commercial,Freight|06:00-18:00,
684,NoCharger,1000000000,FlatFee,0.0,Commercial,Freight|06:00-18:00,
685,NoCharger,1000000000,FlatFee,0.0,Commercial,Freight|06:00-18:00,
686,NoCharger,1000000000,FlatFee,0.0,Commercial,Freight|06:00-18:00,
687,NoCharger,1000000000,FlatFee,0.0,Commercial,Freight|06:00-18:00,
688,NoCharger,1000000000,FlatFee,0.0,Commercial,Freight|06:00-18:00,
689,NoCharger,1000000000,FlatFee,0.0,Commercial,Freight|06:00-18:00,
690,NoCharger,1000000000,FlatFee,0.0,Commercial,Freight|06:00-18:00,
691,NoCharger,1000000000,FlatFee,0.0,Commercial,Freight|06:00-18:00,
692,NoCharger,1000000000,FlatFee,0.0,Commercial,Freight|06:00-18:00,
693,NoCharger,1000000000,FlatFee,0.0,Commercial,Freight|06:00-18:00,
694,NoCharger,1000000000,FlatFee,0.0,Commercial,Freight|06:00-18:00,
695,NoCharger,1000000000,FlatFee,0.0,Commercial,Freight|06:00-18:00,
696,NoCharger,1000000000,FlatFee,0.0,Commercial,Freight|06:00-18:00,
697,NoCharger,1000000000,FlatFee,0.0,Commercial,Freight|06:00-18:00,
698,NoCharger,1000000000,FlatFee,0.0,Commercial,Freight|06:00-18:00,
699,NoCharger,1000000000,FlatFee,0.0,Commercial,Freight|06:00-18:00,
700,NoCharger,1000000000,FlatFee,0.0,Commercial,Freight|06:00-18:00,
701,NoCharger,1000000000,FlatFee,0.0,Commercial,Freight|06:00-18:00,
702,NoCharger,1000000000,FlatFee,0.0,Commercial,Freight|06:00-18:00,
703,NoCharger,1000000000,FlatFee,0.0,Commercial,Freight|06:00-18:00,
704,NoCharger,1000000000,FlatFee,0.0,Commercial,Freight|06:00-18:00,
705,NoCharger,1000000000,FlatFee,0.0,Commercial,Freight|06:00-18:00,
706,NoCharger,1000000000,FlatFee,0.0,Commercial,Freight|06:00-18:00,
707,NoCharger,1000000000,FlatFee,0.0,Commercial,Freight|06:00-18:00,
708,NoCharger,1000000000,FlatFee,0.0,Commercial,Freight|06:00-18:00,
709,NoCharger,1000000000,FlatFee,0.0,Commercial,Freight|06:00-18:00,
710,NoCharger,1000000000,FlatFee,0.0,Commercial,Freight|06:00-18:00,
711,NoCharger,1000000000,FlatFee,0.0,Commercial,Freight|06:00-18:00,
712,NoCharger,1000000000,FlatFee,0.0,Commercial,Freight|06:00-18:00,
713,NoCharger,1000000000,FlatFee,0.0,Commercial,Freight|06:00-18:00,
714,NoCharger,1000000000,FlatFee,0.0,Commercial,Freight|06:00-18:00,
715,NoCharger,1000000000,FlatFee,0.0,Commercial,Freight|06:00-18:00,
716,NoCharger,1000000000,FlatFee,0.0,Commercial,Freight|06:00-18:00,
717,NoCharger,1000000000,FlatFee,0.0,Commercial,Freight|06:00-18:00,
718,NoCharger,1000000000,FlatFee,0.0,Commercial,Freight|06:00-18:00,
719,NoCharger,1000000000,FlatFee,0.0,Commercial,Freight|06:00-18:00,
720,NoCharger,1000000000,FlatFee,0.0,Commercial,Freight|06:00-18:00,
721,NoCharger,1000000000,FlatFee,0.0,Commercial,Freight|06:00-18:00,
722,NoCharger,1000000000,FlatFee,0.0,Commercial,Freight|06:00-18:00,
723,NoCharger,1000000000,FlatFee,0.0,Commercial,Freight|06:00-18:00,
724,NoCharger,1000000000,FlatFee,0.0,Commercial,Freight|06:00-18:00,
725,NoCharger,1000000000,FlatFee,0.0,Commercial,Freight|06:00-18:00,
726,NoCharger,1000000000,FlatFee,0.0,Commercial,Freight|06:00-18:00,
727,NoCharger,1000000000,FlatFee,0.0,Commercial,Freight|06:00-18:00,
728,NoCharger,1000000000,FlatFee,0.0,Commercial,Freight|06:00-18:00,
729,NoCharger,1000000000,FlatFee,0.0,Commercial,Freight|06:00-18:00,
730,NoCharger,1000000000,FlatFee,0.0,Commercial,Freight|06:00-18:00,
731,NoCharger,1000000000,FlatFee,0.0,Commercial,Freight|06:00-18:00,
732,NoCharger,1000000000,FlatFee,0.0,Commercial,Freight|06:00-18:00,
733,NoCharger,1000000000,FlatFee,0.0,Commercial,Freight|06:00-18:00,
734,NoCharger,1000000000,FlatFee,0.0,Commercial,Freight|06:00-18:00,
735,NoCharger,1000000000,FlatFee,0.0,Commercial,Freight|06:00-18:00,
736,NoCharger,1000000000,FlatFee,0.0,Commercial,Freight|06:00-18:00,
737,NoCharger,1000000000,FlatFee,0.0,Commercial,Freight|06:00-18:00,
738,NoCharger,1000000000,FlatFee,0.0,Commercial,Freight|06:00-18:00,
739,NoCharger,1000000000,FlatFee,0.0,Commercial,Freight|06:00-18:00,
740,NoCharger,1000000000,FlatFee,0.0,Commercial,Freight|06:00-18:00,
741,NoCharger,1000000000,FlatFee,0.0,Commercial,Freight|06:00-18:00,
742,NoCharger,1000000000,FlatFee,0.0,Commercial,Freight|06:00-18:00,
743,NoCharger,1000000000,FlatFee,0.0,Commercial,Freight|06:00-18:00,
744,NoCharger,1000000000,FlatFee,0.0,Commercial,Freight|06:00-18:00,
745,NoCharger,1000000000,FlatFee,0.0,Commercial,Freight|06:00-18:00,
746,NoCharger,1000000000,FlatFee,0.0,Commercial,Freight|06:00-18:00,
747,NoCharger,1000000000,FlatFee,0.0,Commercial,Freight|06:00-18:00,
748,NoCharger,1000000000,FlatFee,0.0,Commercial,Freight|06:00-18:00,
749,NoCharger,1000000000,FlatFee,0.0,Commercial,Freight|06:00-18:00,
750,NoCharger,1000000000,FlatFee,0.0,Commercial,Freight|06:00-18:00,
751,NoCharger,1000000000,FlatFee,0.0,Commercial,Freight|06:00-18:00,
752,NoCharger,1000000000,FlatFee,0.0,Commercial,Freight|06:00-18:00,
753,NoCharger,1000000000,FlatFee,0.0,Commercial,Freight|06:00-18:00,
754,NoCharger,1000000000,FlatFee,0.0,Commercial,Freight|06:00-18:00,
755,NoCharger,1000000000,FlatFee,0.0,Commercial,Freight|06:00-18:00,
756,NoCharger,1000000000,FlatFee,0.0,Commercial,Freight|06:00-18:00,
757,NoCharger,1000000000,FlatFee,0.0,Commercial,Freight|06:00-18:00,
758,NoCharger,1000000000,FlatFee,0.0,Commercial,Freight|06:00-18:00,
759,NoCharger,1000000000,FlatFee,0.0,Commercial,Freight|06:00-18:00,
760,NoCharger,1000000000,FlatFee,0.0,Commercial,Freight|06:00-18:00,
761,NoCharger,1000000000,FlatFee,0.0,Commercial,Freight|06:00-18:00,
762,NoCharger,1000000000,FlatFee,0.0,Commercial,Freight|06:00-18:00,
763,NoCharger,1000000000,FlatFee,0.0,Commercial,Freight|06:00-18:00,
764,NoCharger,1000000000,FlatFee,0.0,Commercial,Freight|06:00-18:00,
765,NoCharger,1000000000,FlatFee,0.0,Commercial,Freight|06:00-18:00,
766,NoCharger,1000000000,FlatFee,0.0,Commercial,Freight|06:00-18:00,
767,NoCharger,1000000000,FlatFee,0.0,Commercial,Freight|06:00-18:00,
768,NoCharger,1000000000,FlatFee,0.0,Commercial,Freight|06:00-18:00,
769,NoCharger,1000000000,FlatFee,0.0,Commercial,Freight|06:00-18:00,
770,NoCharger,1000000000,FlatFee,0.0,Commercial,Freight|06:00-18:00,
771,NoCharger,1000000000,FlatFee,0.0,Commercial,Freight|06:00-18:00,
772,NoCharger,1000000000,FlatFee,0.0,Commercial,Freight|06:00-18:00,
773,NoCharger,1000000000,FlatFee,0.0,Commercial,Freight|06:00-18:00,
774,NoCharger,1000000000,FlatFee,0.0,Commercial,Freight|06:00-18:00,
775,NoCharger,1000000000,FlatFee,0.0,Commercial,Freight|06:00-18:00,
776,NoCharger,1000000000,FlatFee,0.0,Commercial,Freight|06:00-18:00,
777,NoCharger,1000000000,FlatFee,0.0,Commercial,Freight|06:00-18:00,
778,NoCharger,1000000000,FlatFee,0.0,Commercial,Freight|06:00-18:00,
779,NoCharger,1000000000,FlatFee,0.0,Commercial,Freight|06:00-18:00,
780,NoCharger,1000000000,FlatFee,0.0,Commercial,Freight|06:00-18:00,
781,NoCharger,1000000000,FlatFee,0.0,Commercial,Freight|06:00-18:00,
782,NoCharger,1000000000,FlatFee,0.0,Commercial,Freight|06:00-18:00,
783,NoCharger,1000000000,FlatFee,0.0,Commercial,Freight|06:00-18:00,
784,NoCharger,1000000000,FlatFee,0.0,Commercial,Freight|06:00-18:00,
785,NoCharger,1000000000,FlatFee,0.0,Commercial,Freight|06:00-18:00,
786,NoCharger,1000000000,FlatFee,0.0,Commercial,Freight|06:00-18:00,
787,NoCharger,1000000000,FlatFee,0.0,Commercial,Freight|06:00-18:00,
788,NoCharger,1000000000,FlatFee,0.0,Commercial,Freight|06:00-18:00,
789,NoCharger,1000000000,FlatFee,0.0,Commercial,Freight|06:00-18:00,
790,NoCharger,1000000000,FlatFee,0.0,Commercial,Freight|06:00-18:00,
791,NoCharger,1000000000,FlatFee,0.0,Commercial,Freight|06:00-18:00,
792,NoCharger,1000000000,FlatFee,0.0,Commercial,Freight|06:00-18:00,
793,NoCharger,1000000000,FlatFee,0.0,Commercial,Freight|06:00-18:00,
794,NoCharger,1000000000,FlatFee,0.0,Commercial,Freight|06:00-18:00,
795,NoCharger,1000000000,FlatFee,0.0,Commercial,Freight|06:00-18:00,
796,NoCharger,1000000000,FlatFee,0.0,Commercial,Freight|06:00-18:00,
797,NoCharger,1000000000,FlatFee,0.0,Commercial,Freight|06:00-18:00,
798,NoCharger,1000000000,FlatFee,0.0,Commercial,Freight|06:00-18:00,
799,NoCharger,1000000000,FlatFee,0.0,Commercial,Freight|06:00-18:00,
800,NoCharger,1000000000,FlatFee,0.0,Commercial,Freight|06:00-18:00,
801,NoCharger,1000000000,FlatFee,0.0,Commercial,Freight|06:00-18:00,
802,NoCharger,1000000000,FlatFee,0.0,Commercial,Freight|06:00-18:00,
803,NoCharger,1000000000,FlatFee,0.0,Commercial,Freight|06:00-18:00,
804,NoCharger,1000000000,FlatFee,0.0,Commercial,Freight|06:00-18:00,
805,NoCharger,1000000000,FlatFee,0.0,Commercial,Freight|06:00-18:00,
806,NoCharger,1000000000,FlatFee,0.0,Commercial,Freight|06:00-18:00,
807,NoCharger,1000000000,FlatFee,0.0,Commercial,Freight|06:00-18:00,
808,NoCharger,1000000000,FlatFee,0.0,Commercial,Freight|06:00-18:00,
809,NoCharger,1000000000,FlatFee,0.0,Commercial,Freight|06:00-18:00,
810,NoCharger,1000000000,FlatFee,0.0,Commercial,Freight|06:00-18:00,
811,NoCharger,1000000000,FlatFee,0.0,Commercial,Freight|06:00-18:00,
812,NoCharger,1000000000,FlatFee,0.0,Commercial,Freight|06:00-18:00,
813,NoCharger,1000000000,FlatFee,0.0,Commercial,Freight|06:00-18:00,
814,NoCharger,1000000000,FlatFee,0.0,Commercial,Freight|06:00-18:00,
815,NoCharger,1000000000,FlatFee,0.0,Commercial,Freight|06:00-18:00,
816,NoCharger,1000000000,FlatFee,0.0,Commercial,Freight|06:00-18:00,
817,NoCharger,1000000000,FlatFee,0.0,Commercial,Freight|06:00-18:00,
818,NoCharger,1000000000,FlatFee,0.0,Commercial,Freight|06:00-18:00,
819,NoCharger,1000000000,FlatFee,0.0,Commercial,Freight|06:00-18:00,
820,NoCharger,1000000000,FlatFee,0.0,Commercial,Freight|06:00-18:00,
821,NoCharger,1000000000,FlatFee,0.0,Commercial,Freight|06:00-18:00,
822,NoCharger,1000000000,FlatFee,0.0,Commercial,Freight|06:00-18:00,
823,NoCharger,1000000000,FlatFee,0.0,Commercial,Freight|06:00-18:00,
824,NoCharger,1000000000,FlatFee,0.0,Commercial,Freight|06:00-18:00,
825,NoCharger,1000000000,FlatFee,0.0,Commercial,Freight|06:00-18:00,
826,NoCharger,1000000000,FlatFee,0.0,Commercial,Freight|06:00-18:00,
827,NoCharger,1000000000,FlatFee,0.0,Commercial,Freight|06:00-18:00,
828,NoCharger,1000000000,FlatFee,0.0,Commercial,Freight|06:00-18:00,
829,NoCharger,1000000000,FlatFee,0.0,Commercial,Freight|06:00-18:00,
830,NoCharger,1000000000,FlatFee,0.0,Commercial,Freight|06:00-18:00,
831,NoCharger,1000000000,FlatFee,0.0,Commercial,Freight|06:00-18:00,
832,NoCharger,1000000000,FlatFee,0.0,Commercial,Freight|06:00-18:00,
833,NoCharger,1000000000,FlatFee,0.0,Commercial,Freight|06:00-18:00,
834,NoCharger,1000000000,FlatFee,0.0,Commercial,Freight|06:00-18:00,
835,NoCharger,1000000000,FlatFee,0.0,Commercial,Freight|06:00-18:00,
836,NoCharger,1000000000,FlatFee,0.0,Commercial,Freight|06:00-18:00,
837,NoCharger,1000000000,FlatFee,0.0,Commercial,Freight|06:00-18:00,
838,NoCharger,1000000000,FlatFee,0.0,Commercial,Freight|06:00-18:00,
839,NoCharger,1000000000,FlatFee,0.0,Commercial,Freight|06:00-18:00,
840,NoCharger,1000000000,FlatFee,0.0,Commercial,Freight|06:00-18:00,
841,NoCharger,1000000000,FlatFee,0.0,Commercial,Freight|06:00-18:00,
842,NoCharger,1000000000,FlatFee,0.0,Commercial,Freight|06:00-18:00,
843,NoCharger,1000000000,FlatFee,0.0,Commercial,Freight|06:00-18:00,
844,NoCharger,1000000000,FlatFee,0.0,Commercial,Freight|06:00-18:00,
845,NoCharger,1000000000,FlatFee,0.0,Commercial,Freight|06:00-18:00,
846,NoCharger,1000000000,FlatFee,0.0,Commercial,Freight|06:00-18:00,
847,NoCharger,1000000000,FlatFee,0.0,Commercial,Freight|06:00-18:00,
848,NoCharger,1000000000,FlatFee,0.0,Commercial,Freight|06:00-18:00,
849,NoCharger,1000000000,FlatFee,0.0,Commercial,Freight|06:00-18:00,
850,NoCharger,1000000000,FlatFee,0.0,Commercial,Freight|06:00-18:00,
851,NoCharger,1000000000,FlatFee,0.0,Commercial,Freight|06:00-18:00,
852,NoCharger,1000000000,FlatFee,0.0,Commercial,Freight|06:00-18:00,
853,NoCharger,1000000000,FlatFee,0.0,Commercial,Freight|06:00-18:00,
854,NoCharger,1000000000,FlatFee,0.0,Commercial,Freight|06:00-18:00,
855,NoCharger,1000000000,FlatFee,0.0,Commercial,Freight|06:00-18:00,
856,NoCharger,1000000000,FlatFee,0.0,Commercial,Freight|06:00-18:00,
857,NoCharger,1000000000,FlatFee,0.0,Commercial,Freight|06:00-18:00,
858,NoCharger,1000000000,FlatFee,0.0,Commercial,Freight|06:00-18:00,
859,NoCharger,1000000000,FlatFee,0.0,Commercial,Freight|06:00-18:00,
860,NoCharger,1000000000,FlatFee,0.0,Commercial,Freight|06:00-18:00,
861,NoCharger,1000000000,FlatFee,0.0,Commercial,Freight|06:00-18:00,
862,NoCharger,1000000000,FlatFee,0.0,Commercial,Freight|06:00-18:00,
863,NoCharger,1000000000,FlatFee,0.0,Commercial,Freight|06:00-18:00,
864,NoCharger,1000000000,FlatFee,0.0,Commercial,Freight|06:00-18:00,
865,NoCharger,1000000000,FlatFee,0.0,Commercial,Freight|06:00-18:00,
866,NoCharger,1000000000,FlatFee,0.0,Commercial,Freight|06:00-18:00,
867,NoCharger,1000000000,FlatFee,0.0,Commercial,Freight|06:00-18:00,
868,NoCharger,1000000000,FlatFee,0.0,Commercial,Freight|06:00-18:00,
869,NoCharger,1000000000,FlatFee,0.0,Commercial,Freight|06:00-18:00,
870,NoCharger,1000000000,FlatFee,0.0,Commercial,Freight|06:00-18:00,
871,NoCharger,1000000000,FlatFee,0.0,Commercial,Freight|06:00-18:00,
872,NoCharger,1000000000,FlatFee,0.0,Commercial,Freight|06:00-18:00,
873,NoCharger,1000000000,FlatFee,0.0,Commercial,Freight|06:00-18:00,
874,NoCharger,1000000000,FlatFee,0.0,Commercial,Freight|06:00-18:00,
875,NoCharger,1000000000,FlatFee,0.0,Commercial,Freight|06:00-18:00,
876,NoCharger,1000000000,FlatFee,0.0,Commercial,Freight|06:00-18:00,
877,NoCharger,1000000000,FlatFee,0.0,Commercial,Freight|06:00-18:00,
878,NoCharger,1000000000,FlatFee,0.0,Commercial,Freight|06:00-18:00,
879,NoCharger,1000000000,FlatFee,0.0,Commercial,Freight|06:00-18:00,
880,NoCharger,1000000000,FlatFee,0.0,Commercial,Freight|06:00-18:00,
881,NoCharger,1000000000,FlatFee,0.0,Commercial,Freight|06:00-18:00,
882,NoCharger,1000000000,FlatFee,0.0,Commercial,Freight|06:00-18:00,
883,NoCharger,1000000000,FlatFee,0.0,Commercial,Freight|06:00-18:00,
884,NoCharger,1000000000,FlatFee,0.0,Commercial,Freight|06:00-18:00,
885,NoCharger,1000000000,FlatFee,0.0,Commercial,Freight|06:00-18:00,
886,NoCharger,1000000000,FlatFee,0.0,Commercial,Freight|06:00-18:00,
887,NoCharger,1000000000,FlatFee,0.0,Commercial,Freight|06:00-18:00,
888,NoCharger,1000000000,FlatFee,0.0,Commercial,Freight|06:00-18:00,
889,NoCharger,1000000000,FlatFee,0.0,Commercial,Freight|06:00-18:00,
890,NoCharger,1000000000,FlatFee,0.0,Commercial,Freight|06:00-18:00,
891,NoCharger,1000000000,FlatFee,0.0,Commercial,Freight|06:00-18:00,
892,NoCharger,1000000000,FlatFee,0.0,Commercial,Freight|06:00-18:00,
893,NoCharger,1000000000,FlatFee,0.0,Commercial,Freight|06:00-18:00,
894,NoCharger,1000000000,FlatFee,0.0,Commercial,Freight|06:00-18:00,
895,NoCharger,1000000000,FlatFee,0.0,Commercial,Freight|06:00-18:00,
896,NoCharger,1000000000,FlatFee,0.0,Commercial,Freight|06:00-18:00,
897,NoCharger,1000000000,FlatFee,0.0,Commercial,Freight|06:00-18:00,
898,NoCharger,1000000000,FlatFee,0.0,Commercial,Freight|06:00-18:00,
899,NoCharger,1000000000,FlatFee,0.0,Commercial,Freight|06:00-18:00,
900,NoCharger,1000000000,FlatFee,0.0,Commercial,Freight|06:00-18:00,
901,NoCharger,1000000000,FlatFee,0.0,Commercial,Freight|06:00-18:00,
902,NoCharger,1000000000,FlatFee,0.0,Commercial,Freight|06:00-18:00,
903,NoCharger,1000000000,FlatFee,0.0,Commercial,Freight|06:00-18:00,
904,NoCharger,1000000000,FlatFee,0.0,Commercial,Freight|06:00-18:00,
905,NoCharger,1000000000,FlatFee,0.0,Commercial,Freight|06:00-18:00,
906,NoCharger,1000000000,FlatFee,0.0,Commercial,Freight|06:00-18:00,
907,NoCharger,1000000000,FlatFee,0.0,Commercial,Freight|06:00-18:00,
908,NoCharger,1000000000,FlatFee,0.0,Commercial,Freight|06:00-18:00,
909,NoCharger,1000000000,FlatFee,0.0,Commercial,Freight|06:00-18:00,
910,NoCharger,1000000000,FlatFee,0.0,Commercial,Freight|06:00-18:00,
911,NoCharger,1000000000,FlatFee,0.0,Commercial,Freight|06:00-18:00,
912,NoCharger,1000000000,FlatFee,0.0,Commercial,Freight|06:00-18:00,
913,NoCharger,1000000000,FlatFee,0.0,Commercial,Freight|06:00-18:00,
914,NoCharger,1000000000,FlatFee,0.0,Commercial,Freight|06:00-18:00,
915,NoCharger,1000000000,FlatFee,0.0,Commercial,Freight|06:00-18:00,
916,NoCharger,1000000000,FlatFee,0.0,Commercial,Freight|06:00-18:00,
917,NoCharger,1000000000,FlatFee,0.0,Commercial,Freight|06:00-18:00,
918,NoCharger,1000000000,FlatFee,0.0,Commercial,Freight|06:00-18:00,
919,NoCharger,1000000000,FlatFee,0.0,Commercial,Freight|06:00-18:00,
920,NoCharger,1000000000,FlatFee,0.0,Commercial,Freight|06:00-18:00,
921,NoCharger,1000000000,FlatFee,0.0,Commercial,Freight|06:00-18:00,
922,NoCharger,1000000000,FlatFee,0.0,Commercial,Freight|06:00-18:00,
923,NoCharger,1000000000,FlatFee,0.0,Commercial,Freight|06:00-18:00,
924,NoCharger,1000000000,FlatFee,0.0,Commercial,Freight|06:00-18:00,
925,NoCharger,1000000000,FlatFee,0.0,Commercial,Freight|06:00-18:00,
926,NoCharger,1000000000,FlatFee,0.0,Commercial,Freight|06:00-18:00,
927,NoCharger,1000000000,FlatFee,0.0,Commercial,Freight|06:00-18:00,
928,NoCharger,1000000000,FlatFee,0.0,Commercial,Freight|06:00-18:00,
929,NoCharger,1000000000,FlatFee,0.0,Commercial,Freight|06:00-18:00,
930,NoCharger,1000000000,FlatFee,0.0,Commercial,Freight|06:00-18:00,
931,NoCharger,1000000000,FlatFee,0.0,Commercial,Freight|06:00-18:00,
932,NoCharger,1000000000,FlatFee,0.0,Commercial,Freight|06:00-18:00,
933,NoCharger,1000000000,FlatFee,0.0,Commercial,Freight|06:00-18:00,
934,NoCharger,1000000000,FlatFee,0.0,Commercial,Freight|06:00-18:00,
935,NoCharger,1000000000,FlatFee,0.0,Commercial,Freight|06:00-18:00,
936,NoCharger,1000000000,FlatFee,0.0,Commercial,Freight|06:00-18:00,
937,NoCharger,1000000000,FlatFee,0.0,Commercial,Freight|06:00-18:00,
938,NoCharger,1000000000,FlatFee,0.0,Commercial,Freight|06:00-18:00,
939,NoCharger,1000000000,FlatFee,0.0,Commercial,Freight|06:00-18:00,
940,NoCharger,1000000000,FlatFee,0.0,Commercial,Freight|06:00-18:00,
941,NoCharger,1000000000,FlatFee,0.0,Commercial,Freight|06:00-18:00,
942,NoCharger,1000000000,FlatFee,0.0,Commercial,Freight|06:00-18:00,
943,NoCharger,1000000000,FlatFee,0.0,Commercial,Freight|06:00-18:00,
944,NoCharger,1000000000,FlatFee,0.0,Commercial,Freight|06:00-18:00,
945,NoCharger,1000000000,FlatFee,0.0,Commercial,Freight|06:00-18:00,
946,NoCharger,1000000000,FlatFee,0.0,Commercial,Freight|06:00-18:00,
947,NoCharger,1000000000,FlatFee,0.0,Commercial,Freight|06:00-18:00,
948,NoCharger,1000000000,FlatFee,0.0,Commercial,Freight|06:00-18:00,
949,NoCharger,1000000000,FlatFee,0.0,Commercial,Freight|06:00-18:00,
950,NoCharger,1000000000,FlatFee,0.0,Commercial,Freight|06:00-18:00,
951,NoCharger,1000000000,FlatFee,0.0,Commercial,Freight|06:00-18:00,
952,NoCharger,1000000000,FlatFee,0.0,Commercial,Freight|06:00-18:00,
953,NoCharger,1000000000,FlatFee,0.0,Commercial,Freight|06:00-18:00,
954,NoCharger,1000000000,FlatFee,0.0,Commercial,Freight|06:00-18:00,
955,NoCharger,1000000000,FlatFee,0.0,Commercial,Freight|06:00-18:00,
956,NoCharger,1000000000,FlatFee,0.0,Commercial,Freight|06:00-18:00,
957,NoCharger,1000000000,FlatFee,0.0,Commercial,Freight|06:00-18:00,
958,NoCharger,1000000000,FlatFee,0.0,Commercial,Freight|06:00-18:00,
959,NoCharger,1000000000,FlatFee,0.0,Commercial,Freight|06:00-18:00,
960,NoCharger,1000000000,FlatFee,0.0,Commercial,Freight|06:00-18:00,
961,NoCharger,1000000000,FlatFee,0.0,Commercial,Freight|06:00-18:00,
962,NoCharger,1000000000,FlatFee,0.0,Commercial,Freight|06:00-18:00,
963,NoCharger,1000000000,FlatFee,0.0,Commercial,Freight|06:00-18:00,
964,NoCharger,1000000000,FlatFee,0.0,Commercial,Freight|06:00-18:00,
965,NoCharger,1000000000,FlatFee,0.0,Commercial,Freight|06:00-18:00,
966,NoCharger,1000000000,FlatFee,0.0,Commercial,Freight|06:00-18:00,
967,NoCharger,1000000000,FlatFee,0.0,Commercial,Freight|06:00-18:00,
968,NoCharger,1000000000,FlatFee,0.0,Commercial,Freight|06:00-18:00,
969,NoCharger,1000000000,FlatFee,0.0,Commercial,Freight|06:00-18:00,
970,NoCharger,1000000000,FlatFee,0.0,Commercial,Freight|06:00-18:00,
971,NoCharger,1000000000,FlatFee,0.0,Commercial,Freight|06:00-18:00,
972,NoCharger,1000000000,FlatFee,0.0,Commercial,Freight|06:00-18:00,
973,NoCharger,1000000000,FlatFee,0.0,Commercial,Freight|06:00-18:00,
974,NoCharger,1000000000,FlatFee,0.0,Commercial,Freight|06:00-18:00,
975,NoCharger,1000000000,FlatFee,0.0,Commercial,Freight|06:00-18:00,
976,NoCharger,1000000000,FlatFee,0.0,Commercial,Freight|06:00-18:00,
977,NoCharger,1000000000,FlatFee,0.0,Commercial,Freight|06:00-18:00,
978,NoCharger,1000000000,FlatFee,0.0,Commercial,Freight|06:00-18:00,
979,NoCharger,1000000000,FlatFee,0.0,Commercial,Freight|06:00-18:00,
980,NoCharger,1000000000,FlatFee,0.0,Commercial,Freight|06:00-18:00,
981,NoCharger,1000000000,FlatFee,0.0,Commercial,Freight|06:00-18:00,
982,NoCharger,1000000000,FlatFee,0.0,Commercial,Freight|06:00-18:00,
983,NoCharger,1000000000,FlatFee,0.0,Commercial,Freight|06:00-18:00,
984,NoCharger,1000000000,FlatFee,0.0,Commercial,Freight|06:00-18:00,
985,NoCharger,1000000000,FlatFee,0.0,Commercial,Freight|06:00-18:00,
986,NoCharger,1000000000,FlatFee,0.0,Commercial,Freight|06:00-18:00,
987,NoCharger,1000000000,FlatFee,0.0,Commercial,Freight|06:00-18:00,
988,NoCharger,1000000000,FlatFee,0.0,Commercial,Freight|06:00-18:00,
989,NoCharger,1000000000,FlatFee,0.0,Commercial,Freight|06:00-18:00,
990,NoCharger,1000000000,FlatFee,0.0,Commercial,Freight|06:00-18:00,
991,NoCharger,1000000000,FlatFee,0.0,Commercial,Freight|06:00-18:00,
992,NoCharger,1000000000,FlatFee,0.0,Commercial,Freight|06:00-18:00,
993,NoCharger,1000000000,FlatFee,0.0,Commercial,Freight|06:00-18:00,
994,NoCharger,1000000000,FlatFee,0.0,Commercial,Freight|06:00-18:00,
995,NoCharger,1000000000,FlatFee,0.0,Commercial,Freight|06:00-18:00,
996,NoCharger,1000000000,FlatFee,0.0,Commercial,Freight|06:00-18:00,
997,NoCharger,1000000000,FlatFee,0.0,Commercial,Freight|06:00-18:00,
998,NoCharger,1000000000,FlatFee,0.0,Commercial,Freight|06:00-18:00,
999,NoCharger,1000000000,FlatFee,0.0,Commercial,Freight|06:00-18:00,
1000,NoCharger,1000000000,FlatFee,0.0,Commercial,Freight|06:00-18:00,
1001,NoCharger,1000000000,FlatFee,0.0,Commercial,Freight|06:00-18:00,
1002,NoCharger,1000000000,FlatFee,0.0,Commercial,Freight|06:00-18:00,
1003,NoCharger,1000000000,FlatFee,0.0,Commercial,Freight|06:00-18:00,
1004,NoCharger,1000000000,FlatFee,0.0,Commercial,Freight|06:00-18:00,
1005,NoCharger,1000000000,FlatFee,0.0,Commercial,Freight|06:00-18:00,
1006,NoCharger,1000000000,FlatFee,0.0,Commercial,Freight|06:00-18:00,
1007,NoCharger,1000000000,FlatFee,0.0,Commercial,Freight|06:00-18:00,
1008,NoCharger,1000000000,FlatFee,0.0,Commercial,Freight|06:00-18:00,
1009,NoCharger,1000000000,FlatFee,0.0,Commercial,Freight|06:00-18:00,
1010,NoCharger,1000000000,FlatFee,0.0,Commercial,Freight|06:00-18:00,
1011,NoCharger,1000000000,FlatFee,0.0,Commercial,Freight|06:00-18:00,
1012,NoCharger,1000000000,FlatFee,0.0,Commercial,Freight|06:00-18:00,
1013,NoCharger,1000000000,FlatFee,0.0,Commercial,Freight|06:00-18:00,
1014,NoCharger,1000000000,FlatFee,0.0,Commercial,Freight|06:00-18:00,
1015,NoCharger,1000000000,FlatFee,0.0,Commercial,Freight|06:00-18:00,
1016,NoCharger,1000000000,FlatFee,0.0,Commercial,Freight|06:00-18:00,
1017,NoCharger,1000000000,FlatFee,0.0,Commercial,Freight|06:00-18:00,
1018,NoCharger,1000000000,FlatFee,0.0,Commercial,Freight|06:00-18:00,
1019,NoCharger,1000000000,FlatFee,0.0,Commercial,Freight|06:00-18:00,
1020,NoCharger,1000000000,FlatFee,0.0,Commercial,Freight|06:00-18:00,
1021,NoCharger,1000000000,FlatFee,0.0,Commercial,Freight|06:00-18:00,
1022,NoCharger,1000000000,FlatFee,0.0,Commercial,Freight|06:00-18:00,
1023,NoCharger,1000000000,FlatFee,0.0,Commercial,Freight|06:00-18:00,
1024,NoCharger,1000000000,FlatFee,0.0,Commercial,Freight|06:00-18:00,
1025,NoCharger,1000000000,FlatFee,0.0,Commercial,Freight|06:00-18:00,
1026,NoCharger,1000000000,FlatFee,0.0,Commercial,Freight|06:00-18:00,
1027,NoCharger,1000000000,FlatFee,0.0,Commercial,Freight|06:00-18:00,
1028,NoCharger,1000000000,FlatFee,0.0,Commercial,Freight|06:00-18:00,
1029,NoCharger,1000000000,FlatFee,0.0,Commercial,Freight|06:00-18:00,
1030,NoCharger,1000000000,FlatFee,0.0,Commercial,Freight|06:00-18:00,
1031,NoCharger,1000000000,FlatFee,0.0,Commercial,Freight|06:00-18:00,
1032,NoCharger,1000000000,FlatFee,0.0,Commercial,Freight|06:00-18:00,
1033,NoCharger,1000000000,FlatFee,0.0,Commercial,Freight|06:00-18:00,
1034,NoCharger,1000000000,FlatFee,0.0,Commercial,Freight|06:00-18:00,
1035,NoCharger,1000000000,FlatFee,0.0,Commercial,Freight|06:00-18:00,
1036,NoCharger,1000000000,FlatFee,0.0,Commercial,Freight|06:00-18:00,
1037,NoCharger,1000000000,FlatFee,0.0,Commercial,Freight|06:00-18:00,
1038,NoCharger,1000000000,FlatFee,0.0,Commercial,Freight|06:00-18:00,
1039,NoCharger,1000000000,FlatFee,0.0,Commercial,Freight|06:00-18:00,
1040,NoCharger,1000000000,FlatFee,0.0,Commercial,Freight|06:00-18:00,
1041,NoCharger,1000000000,FlatFee,0.0,Commercial,Freight|06:00-18:00,
1042,NoCharger,1000000000,FlatFee,0.0,Commercial,Freight|06:00-18:00,
1043,NoCharger,1000000000,FlatFee,0.0,Commercial,Freight|06:00-18:00,
1044,NoCharger,1000000000,FlatFee,0.0,Commercial,Freight|06:00-18:00,
1045,NoCharger,1000000000,FlatFee,0.0,Commercial,Freight|06:00-18:00,
1046,NoCharger,1000000000,FlatFee,0.0,Commercial,Freight|06:00-18:00,
1047,NoCharger,1000000000,FlatFee,0.0,Commercial,Freight|06:00-18:00,
1048,NoCharger,1000000000,FlatFee,0.0,Commercial,Freight|06:00-18:00,
1049,NoCharger,1000000000,FlatFee,0.0,Commercial,Freight|06:00-18:00,
1050,NoCharger,1000000000,FlatFee,0.0,Commercial,Freight|06:00-18:00,
1051,NoCharger,1000000000,FlatFee,0.0,Commercial,Freight|06:00-18:00,
1052,NoCharger,1000000000,FlatFee,0.0,Commercial,Freight|06:00-18:00,
1053,NoCharger,1000000000,FlatFee,0.0,Commercial,Freight|06:00-18:00,
1054,NoCharger,1000000000,FlatFee,0.0,Commercial,Freight|06:00-18:00,
1055,NoCharger,1000000000,FlatFee,0.0,Commercial,Freight|06:00-18:00,
1056,NoCharger,1000000000,FlatFee,0.0,Commercial,Freight|06:00-18:00,
1057,NoCharger,1000000000,FlatFee,0.0,Commercial,Freight|06:00-18:00,
1058,NoCharger,1000000000,FlatFee,0.0,Commercial,Freight|06:00-18:00,
1059,NoCharger,1000000000,FlatFee,0.0,Commercial,Freight|06:00-18:00,
1060,NoCharger,1000000000,FlatFee,0.0,Commercial,Freight|06:00-18:00,
1061,NoCharger,1000000000,FlatFee,0.0,Commercial,Freight|06:00-18:00,
1062,NoCharger,1000000000,FlatFee,0.0,Commercial,Freight|06:00-18:00,
1063,NoCharger,1000000000,FlatFee,0.0,Commercial,Freight|06:00-18:00,
1064,NoCharger,1000000000,FlatFee,0.0,Commercial,Freight|06:00-18:00,
1065,NoCharger,1000000000,FlatFee,0.0,Commercial,Freight|06:00-18:00,
1066,NoCharger,1000000000,FlatFee,0.0,Commercial,Freight|06:00-18:00,
1067,NoCharger,1000000000,FlatFee,0.0,Commercial,Freight|06:00-18:00,
1068,NoCharger,1000000000,FlatFee,0.0,Commercial,Freight|06:00-18:00,
1069,NoCharger,1000000000,FlatFee,0.0,Commercial,Freight|06:00-18:00,
1070,NoCharger,1000000000,FlatFee,0.0,Commercial,Freight|06:00-18:00,
1071,NoCharger,1000000000,FlatFee,0.0,Commercial,Freight|06:00-18:00,
1072,NoCharger,1000000000,FlatFee,0.0,Commercial,Freight|06:00-18:00,
1073,NoCharger,1000000000,FlatFee,0.0,Commercial,Freight|06:00-18:00,
1074,NoCharger,1000000000,FlatFee,0.0,Commercial,Freight|06:00-18:00,
1075,NoCharger,1000000000,FlatFee,0.0,Commercial,Freight|06:00-18:00,
1076,NoCharger,1000000000,FlatFee,0.0,Commercial,Freight|06:00-18:00,
1077,NoCharger,1000000000,FlatFee,0.0,Commercial,Freight|06:00-18:00,
1078,NoCharger,1000000000,FlatFee,0.0,Commercial,Freight|06:00-18:00,
1079,NoCharger,1000000000,FlatFee,0.0,Commercial,Freight|06:00-18:00,
1080,NoCharger,1000000000,FlatFee,0.0,Commercial,Freight|06:00-18:00,
1081,NoCharger,1000000000,FlatFee,0.0,Commercial,Freight|06:00-18:00,
1082,NoCharger,1000000000,FlatFee,0.0,Commercial,Freight|06:00-18:00,
1083,NoCharger,1000000000,FlatFee,0.0,Commercial,Freight|06:00-18:00,
1084,NoCharger,1000000000,FlatFee,0.0,Commercial,Freight|06:00-18:00,
1085,NoCharger,1000000000,FlatFee,0.0,Commercial,Freight|06:00-18:00,
1086,NoCharger,1000000000,FlatFee,0.0,Commercial,Freight|06:00-18:00,
1087,NoCharger,1000000000,FlatFee,0.0,Commercial,Freight|06:00-18:00,
1088,NoCharger,1000000000,FlatFee,0.0,Commercial,Freight|06:00-18:00,
1089,NoCharger,1000000000,FlatFee,0.0,Commercial,Freight|06:00-18:00,
1090,NoCharger,1000000000,FlatFee,0.0,Commercial,Freight|06:00-18:00,
1091,NoCharger,1000000000,FlatFee,0.0,Commercial,Freight|06:00-18:00,
1092,NoCharger,1000000000,FlatFee,0.0,Commercial,Freight|06:00-18:00,
1093,NoCharger,1000000000,FlatFee,0.0,Commercial,Freight|06:00-18:00,
1094,NoCharger,1000000000,FlatFee,0.0,Commercial,Freight|06:00-18:00,
1095,NoCharger,1000000000,FlatFee,0.0,Commercial,Freight|06:00-18:00,
1096,NoCharger,1000000000,FlatFee,0.0,Commercial,Freight|06:00-18:00,
1097,NoCharger,1000000000,FlatFee,0.0,Commercial,Freight|06:00-18:00,
1098,NoCharger,1000000000,FlatFee,0.0,Commercial,Freight|06:00-18:00,
1099,NoCharger,1000000000,FlatFee,0.0,Commercial,Freight|06:00-18:00,
1100,NoCharger,1000000000,FlatFee,0.0,Commercial,Freight|06:00-18:00,
1101,NoCharger,1000000000,FlatFee,0.0,Commercial,Freight|06:00-18:00,
1102,NoCharger,1000000000,FlatFee,0.0,Commercial,Freight|06:00-18:00,
1103,NoCharger,1000000000,FlatFee,0.0,Commercial,Freight|06:00-18:00,
1104,NoCharger,1000000000,FlatFee,0.0,Commercial,Freight|06:00-18:00,
1105,NoCharger,1000000000,FlatFee,0.0,Commercial,Freight|06:00-18:00,
1106,NoCharger,1000000000,FlatFee,0.0,Commercial,Freight|06:00-18:00,
1107,NoCharger,1000000000,FlatFee,0.0,Commercial,Freight|06:00-18:00,
1108,NoCharger,1000000000,FlatFee,0.0,Commercial,Freight|06:00-18:00,
1109,NoCharger,1000000000,FlatFee,0.0,Commercial,Freight|06:00-18:00,
1110,NoCharger,1000000000,FlatFee,0.0,Commercial,Freight|06:00-18:00,
1111,NoCharger,1000000000,FlatFee,0.0,Commercial,Freight|06:00-18:00,
1112,NoCharger,1000000000,FlatFee,0.0,Commercial,Freight|06:00-18:00,
1113,NoCharger,1000000000,FlatFee,0.0,Commercial,Freight|06:00-18:00,
1114,NoCharger,1000000000,FlatFee,0.0,Commercial,Freight|06:00-18:00,
1115,NoCharger,1000000000,FlatFee,0.0,Commercial,Freight|06:00-18:00,
1116,NoCharger,1000000000,FlatFee,0.0,Commercial,Freight|06:00-18:00,
1117,NoCharger,1000000000,FlatFee,0.0,Commercial,Freight|06:00-18:00,
1118,NoCharger,1000000000,FlatFee,0.0,Commercial,Freight|06:00-18:00,
1119,NoCharger,1000000000,FlatFee,0.0,Commercial,Freight|06:00-18:00,
1120,NoCharger,1000000000,FlatFee,0.0,Commercial,Freight|06:00-18:00,
1121,NoCharger,1000000000,FlatFee,0.0,Commercial,Freight|06:00-18:00,
1122,NoCharger,1000000000,FlatFee,0.0,Commercial,Freight|06:00-18:00,
1123,NoCharger,1000000000,FlatFee,0.0,Commercial,Freight|06:00-18:00,
1124,NoCharger,1000000000,FlatFee,0.0,Commercial,Freight|06:00-18:00,
1125,NoCharger,1000000000,FlatFee,0.0,Commercial,Freight|06:00-18:00,
1126,NoCharger,1000000000,FlatFee,0.0,Commercial,Freight|06:00-18:00,
1127,NoCharger,1000000000,FlatFee,0.0,Commercial,Freight|06:00-18:00,
1128,NoCharger,1000000000,FlatFee,0.0,Commercial,Freight|06:00-18:00,
1129,NoCharger,1000000000,FlatFee,0.0,Commercial,Freight|06:00-18:00,
1130,NoCharger,1000000000,FlatFee,0.0,Commercial,Freight|06:00-18:00,
1131,NoCharger,1000000000,FlatFee,0.0,Commercial,Freight|06:00-18:00,
1132,NoCharger,1000000000,FlatFee,0.0,Commercial,Freight|06:00-18:00,
1133,NoCharger,1000000000,FlatFee,0.0,Commercial,Freight|06:00-18:00,
1134,NoCharger,1000000000,FlatFee,0.0,Commercial,Freight|06:00-18:00,
1135,NoCharger,1000000000,FlatFee,0.0,Commercial,Freight|06:00-18:00,
1136,NoCharger,1000000000,FlatFee,0.0,Commercial,Freight|06:00-18:00,
1137,NoCharger,1000000000,FlatFee,0.0,Commercial,Freight|06:00-18:00,
1138,NoCharger,1000000000,FlatFee,0.0,Commercial,Freight|06:00-18:00,
1139,NoCharger,1000000000,FlatFee,0.0,Commercial,Freight|06:00-18:00,
1140,NoCharger,1000000000,FlatFee,0.0,Commercial,Freight|06:00-18:00,
1141,NoCharger,1000000000,FlatFee,0.0,Commercial,Freight|06:00-18:00,
1142,NoCharger,1000000000,FlatFee,0.0,Commercial,Freight|06:00-18:00,
1143,NoCharger,1000000000,FlatFee,0.0,Commercial,Freight|06:00-18:00,
1144,NoCharger,1000000000,FlatFee,0.0,Commercial,Freight|06:00-18:00,
1145,NoCharger,1000000000,FlatFee,0.0,Commercial,Freight|06:00-18:00,
1146,NoCharger,1000000000,FlatFee,0.0,Commercial,Freight|06:00-18:00,
1147,NoCharger,1000000000,FlatFee,0.0,Commercial,Freight|06:00-18:00,
1148,NoCharger,1000000000,FlatFee,0.0,Commercial,Freight|06:00-18:00,
1149,NoCharger,1000000000,FlatFee,0.0,Commercial,Freight|06:00-18:00,
1150,NoCharger,1000000000,FlatFee,0.0,Commercial,Freight|06:00-18:00,
1151,NoCharger,1000000000,FlatFee,0.0,Commercial,Freight|06:00-18:00,
1152,NoCharger,1000000000,FlatFee,0.0,Commercial,Freight|06:00-18:00,
1153,NoCharger,1000000000,FlatFee,0.0,Commercial,Freight|06:00-18:00,
1154,NoCharger,1000000000,FlatFee,0.0,Commercial,Freight|06:00-18:00,
1155,NoCharger,1000000000,FlatFee,0.0,Commercial,Freight|06:00-18:00,
1156,NoCharger,1000000000,FlatFee,0.0,Commercial,Freight|06:00-18:00,
1157,NoCharger,1000000000,FlatFee,0.0,Commercial,Freight|06:00-18:00,
1158,NoCharger,1000000000,FlatFee,0.0,Commercial,Freight|06:00-18:00,
1159,NoCharger,1000000000,FlatFee,0.0,Commercial,Freight|06:00-18:00,
1160,NoCharger,1000000000,FlatFee,0.0,Commercial,Freight|06:00-18:00,
1161,NoCharger,1000000000,FlatFee,0.0,Commercial,Freight|06:00-18:00,
1162,NoCharger,1000000000,FlatFee,0.0,Commercial,Freight|06:00-18:00,
1163,NoCharger,1000000000,FlatFee,0.0,Commercial,Freight|06:00-18:00,
1164,NoCharger,1000000000,FlatFee,0.0,Commercial,Freight|06:00-18:00,
1165,NoCharger,1000000000,FlatFee,0.0,Commercial,Freight|06:00-18:00,
1166,NoCharger,1000000000,FlatFee,0.0,Commercial,Freight|06:00-18:00,
1167,NoCharger,1000000000,FlatFee,0.0,Commercial,Freight|06:00-18:00,
1168,NoCharger,1000000000,FlatFee,0.0,Commercial,Freight|06:00-18:00,
1169,NoCharger,1000000000,FlatFee,0.0,Commercial,Freight|06:00-18:00,
1170,NoCharger,1000000000,FlatFee,0.0,Commercial,Freight|06:00-18:00,
1171,NoCharger,1000000000,FlatFee,0.0,Commercial,Freight|06:00-18:00,
1172,NoCharger,1000000000,FlatFee,0.0,Commercial,Freight|06:00-18:00,
1173,NoCharger,1000000000,FlatFee,0.0,Commercial,Freight|06:00-18:00,
1174,NoCharger,1000000000,FlatFee,0.0,Commercial,Freight|06:00-18:00,
1175,NoCharger,1000000000,FlatFee,0.0,Commercial,Freight|06:00-18:00,
1176,NoCharger,1000000000,FlatFee,0.0,Commercial,Freight|06:00-18:00,
1177,NoCharger,1000000000,FlatFee,0.0,Commercial,Freight|06:00-18:00,
1178,NoCharger,1000000000,FlatFee,0.0,Commercial,Freight|06:00-18:00,
1179,NoCharger,1000000000,FlatFee,0.0,Commercial,Freight|06:00-18:00,
1180,NoCharger,1000000000,FlatFee,0.0,Commercial,Freight|06:00-18:00,
1181,NoCharger,1000000000,FlatFee,0.0,Commercial,Freight|06:00-18:00,
1182,NoCharger,1000000000,FlatFee,0.0,Commercial,Freight|06:00-18:00,
1183,NoCharger,1000000000,FlatFee,0.0,Commercial,Freight|06:00-18:00,
1184,NoCharger,1000000000,FlatFee,0.0,Commercial,Freight|06:00-18:00,
1185,NoCharger,1000000000,FlatFee,0.0,Commercial,Freight|06:00-18:00,
1186,NoCharger,1000000000,FlatFee,0.0,Commercial,Freight|06:00-18:00,
1187,NoCharger,1000000000,FlatFee,0.0,Commercial,Freight|06:00-18:00,
1188,NoCharger,1000000000,FlatFee,0.0,Commercial,Freight|06:00-18:00,
1189,NoCharger,1000000000,FlatFee,0.0,Commercial,Freight|06:00-18:00,
1190,NoCharger,1000000000,FlatFee,0.0,Commercial,Freight|06:00-18:00,
1191,NoCharger,1000000000,FlatFee,0.0,Commercial,Freight|06:00-18:00,
1192,NoCharger,1000000000,FlatFee,0.0,Commercial,Freight|06:00-18:00,
1193,NoCharger,1000000000,FlatFee,0.0,Commercial,Freight|06:00-18:00,
1194,NoCharger,1000000000,FlatFee,0.0,Commercial,Freight|06:00-18:00,
1195,NoCharger,1000000000,FlatFee,0.0,Commercial,Freight|06:00-18:00,
1196,NoCharger,1000000000,FlatFee,0.0,Commercial,Freight|06:00-18:00,
1197,NoCharger,1000000000,FlatFee,0.0,Commercial,Freight|06:00-18:00,
1198,NoCharger,1000000000,FlatFee,0.0,Commercial,Freight|06:00-18:00,
1199,NoCharger,1000000000,FlatFee,0.0,Commercial,Freight|06:00-18:00,
1200,NoCharger,1000000000,FlatFee,0.0,Commercial,Freight|06:00-18:00,
1201,NoCharger,1000000000,FlatFee,0.0,Commercial,Freight|06:00-18:00,
1202,NoCharger,1000000000,FlatFee,0.0,Commercial,Freight|06:00-18:00,
1203,NoCharger,1000000000,FlatFee,0.0,Commercial,Freight|06:00-18:00,
1204,NoCharger,1000000000,FlatFee,0.0,Commercial,Freight|06:00-18:00,
1205,NoCharger,1000000000,FlatFee,0.0,Commercial,Freight|06:00-18:00,
1206,NoCharger,1000000000,FlatFee,0.0,Commercial,Freight|06:00-18:00,
1207,NoCharger,1000000000,FlatFee,0.0,Commercial,Freight|06:00-18:00,
1208,NoCharger,1000000000,FlatFee,0.0,Commercial,Freight|06:00-18:00,
1209,NoCharger,1000000000,FlatFee,0.0,Commercial,Freight|06:00-18:00,
1210,NoCharger,1000000000,FlatFee,0.0,Commercial,Freight|06:00-18:00,
1211,NoCharger,1000000000,FlatFee,0.0,Commercial,Freight|06:00-18:00,
1212,NoCharger,1000000000,FlatFee,0.0,Commercial,Freight|06:00-18:00,
1213,NoCharger,1000000000,FlatFee,0.0,Commercial,Freight|06:00-18:00,
1214,NoCharger,1000000000,FlatFee,0.0,Commercial,Freight|06:00-18:00,
1215,NoCharger,1000000000,FlatFee,0.0,Commercial,Freight|06:00-18:00,
1216,NoCharger,1000000000,FlatFee,0.0,Commercial,Freight|06:00-18:00,
1217,NoCharger,1000000000,FlatFee,0.0,Commercial,Freight|06:00-18:00,
1218,NoCharger,1000000000,FlatFee,0.0,Commercial,Freight|06:00-18:00,
1219,NoCharger,1000000000,FlatFee,0.0,Commercial,Freight|06:00-18:00,
1220,NoCharger,1000000000,FlatFee,0.0,Commercial,Freight|06:00-18:00,
1221,NoCharger,1000000000,FlatFee,0.0,Commercial,Freight|06:00-18:00,
1222,NoCharger,1000000000,FlatFee,0.0,Commercial,Freight|06:00-18:00,
1223,NoCharger,1000000000,FlatFee,0.0,Commercial,Freight|06:00-18:00,
1224,NoCharger,1000000000,FlatFee,0.0,Commercial,Freight|06:00-18:00,
1225,NoCharger,1000000000,FlatFee,0.0,Commercial,Freight|06:00-18:00,
1226,NoCharger,1000000000,FlatFee,0.0,Commercial,Freight|06:00-18:00,
1227,NoCharger,1000000000,FlatFee,0.0,Commercial,Freight|06:00-18:00,
1228,NoCharger,1000000000,FlatFee,0.0,Commercial,Freight|06:00-18:00,
1229,NoCharger,1000000000,FlatFee,0.0,Commercial,Freight|06:00-18:00,
1230,NoCharger,1000000000,FlatFee,0.0,Commercial,Freight|06:00-18:00,
1231,NoCharger,1000000000,FlatFee,0.0,Commercial,Freight|06:00-18:00,
1232,NoCharger,1000000000,FlatFee,0.0,Commercial,Freight|06:00-18:00,
1233,NoCharger,1000000000,FlatFee,0.0,Commercial,Freight|06:00-18:00,
1234,NoCharger,1000000000,FlatFee,0.0,Commercial,Freight|06:00-18:00,
1235,NoCharger,1000000000,FlatFee,0.0,Commercial,Freight|06:00-18:00,
1236,NoCharger,1000000000,FlatFee,0.0,Commercial,Freight|06:00-18:00,
1237,NoCharger,1000000000,FlatFee,0.0,Commercial,Freight|06:00-18:00,
1238,NoCharger,1000000000,FlatFee,0.0,Commercial,Freight|06:00-18:00,
1239,NoCharger,1000000000,FlatFee,0.0,Commercial,Freight|06:00-18:00,
1240,NoCharger,1000000000,FlatFee,0.0,Commercial,Freight|06:00-18:00,
1241,NoCharger,1000000000,FlatFee,0.0,Commercial,Freight|06:00-18:00,
1242,NoCharger,1000000000,FlatFee,0.0,Commercial,Freight|06:00-18:00,
1243,NoCharger,1000000000,FlatFee,0.0,Commercial,Freight|06:00-18:00,
1244,NoCharger,1000000000,FlatFee,0.0,Commercial,Freight|06:00-18:00,
1245,NoCharger,1000000000,FlatFee,0.0,Commercial,Freight|06:00-18:00,
1246,NoCharger,1000000000,FlatFee,0.0,Commercial,Freight|06:00-18:00,
1247,NoCharger,1000000000,FlatFee,0.0,Commercial,Freight|06:00-18:00,
1248,NoCharger,1000000000,FlatFee,0.0,Commercial,Freight|06:00-18:00,
1249,NoCharger,1000000000,FlatFee,0.0,Commercial,Freight|06:00-18:00,
1250,NoCharger,1000000000,FlatFee,0.0,Commercial,Freight|06:00-18:00,
1251,NoCharger,1000000000,FlatFee,0.0,Commercial,Freight|06:00-18:00,
1252,NoCharger,1000000000,FlatFee,0.0,Commercial,Freight|06:00-18:00,
1253,NoCharger,1000000000,FlatFee,0.0,Commercial,Freight|06:00-18:00,
1254,NoCharger,1000000000,FlatFee,0.0,Commercial,Freight|06:00-18:00,
1255,NoCharger,1000000000,FlatFee,0.0,Commercial,Freight|06:00-18:00,
1256,NoCharger,1000000000,FlatFee,0.0,Commercial,Freight|06:00-18:00,
1257,NoCharger,1000000000,FlatFee,0.0,Commercial,Freight|06:00-18:00,
1258,NoCharger,1000000000,FlatFee,0.0,Commercial,Freight|06:00-18:00,
1259,NoCharger,1000000000,FlatFee,0.0,Commercial,Freight|06:00-18:00,
1260,NoCharger,1000000000,FlatFee,0.0,Commercial,Freight|06:00-18:00,
1261,NoCharger,1000000000,FlatFee,0.0,Commercial,Freight|06:00-18:00,
1262,NoCharger,1000000000,FlatFee,0.0,Commercial,Freight|06:00-18:00,
1263,NoCharger,1000000000,FlatFee,0.0,Commercial,Freight|06:00-18:00,
1264,NoCharger,1000000000,FlatFee,0.0,Commercial,Freight|06:00-18:00,
1265,NoCharger,1000000000,FlatFee,0.0,Commercial,Freight|06:00-18:00,
1266,NoCharger,1000000000,FlatFee,0.0,Commercial,Freight|06:00-18:00,
1267,NoCharger,1000000000,FlatFee,0.0,Commercial,Freight|06:00-18:00,
1268,NoCharger,1000000000,FlatFee,0.0,Commercial,Freight|06:00-18:00,
1269,NoCharger,1000000000,FlatFee,0.0,Commercial,Freight|06:00-18:00,
1270,NoCharger,1000000000,FlatFee,0.0,Commercial,Freight|06:00-18:00,
1271,NoCharger,1000000000,FlatFee,0.0,Commercial,Freight|06:00-18:00,
1272,NoCharger,1000000000,FlatFee,0.0,Commercial,Freight|06:00-18:00,
1273,NoCharger,1000000000,FlatFee,0.0,Commercial,Freight|06:00-18:00,
1274,NoCharger,1000000000,FlatFee,0.0,Commercial,Freight|06:00-18:00,
1275,NoCharger,1000000000,FlatFee,0.0,Commercial,Freight|06:00-18:00,
1276,NoCharger,1000000000,FlatFee,0.0,Commercial,Freight|06:00-18:00,
1277,NoCharger,1000000000,FlatFee,0.0,Commercial,Freight|06:00-18:00,
1278,NoCharger,1000000000,FlatFee,0.0,Commercial,Freight|06:00-18:00,
1279,NoCharger,1000000000,FlatFee,0.0,Commercial,Freight|06:00-18:00,
1280,NoCharger,1000000000,FlatFee,0.0,Commercial,Freight|06:00-18:00,
1281,NoCharger,1000000000,FlatFee,0.0,Commercial,Freight|06:00-18:00,
1282,NoCharger,1000000000,FlatFee,0.0,Commercial,Freight|06:00-18:00,
1283,NoCharger,1000000000,FlatFee,0.0,Commercial,Freight|06:00-18:00,
1284,NoCharger,1000000000,FlatFee,0.0,Commercial,Freight|06:00-18:00,
1285,NoCharger,1000000000,FlatFee,0.0,Commercial,Freight|06:00-18:00,
1286,NoCharger,1000000000,FlatFee,0.0,Commercial,Freight|06:00-18:00,
1287,NoCharger,1000000000,FlatFee,0.0,Commercial,Freight|06:00-18:00,
1288,NoCharger,1000000000,FlatFee,0.0,Commercial,Freight|06:00-18:00,
1289,NoCharger,1000000000,FlatFee,0.0,Commercial,Freight|06:00-18:00,
1290,NoCharger,1000000000,FlatFee,0.0,Commercial,Freight|06:00-18:00,
1291,NoCharger,1000000000,FlatFee,0.0,Commercial,Freight|06:00-18:00,
1292,NoCharger,1000000000,FlatFee,0.0,Commercial,Freight|06:00-18:00,
1293,NoCharger,1000000000,FlatFee,0.0,Commercial,Freight|06:00-18:00,
1294,NoCharger,1000000000,FlatFee,0.0,Commercial,Freight|06:00-18:00,
1295,NoCharger,1000000000,FlatFee,0.0,Commercial,Freight|06:00-18:00,
1296,NoCharger,1000000000,FlatFee,0.0,Commercial,Freight|06:00-18:00,
1297,NoCharger,1000000000,FlatFee,0.0,Commercial,Freight|06:00-18:00,
1298,NoCharger,1000000000,FlatFee,0.0,Commercial,Freight|06:00-18:00,
1299,NoCharger,1000000000,FlatFee,0.0,Commercial,Freight|06:00-18:00,
1300,NoCharger,1000000000,FlatFee,0.0,Commercial,Freight|06:00-18:00,
1301,NoCharger,1000000000,FlatFee,0.0,Commercial,Freight|06:00-18:00,
1302,NoCharger,1000000000,FlatFee,0.0,Commercial,Freight|06:00-18:00,
1303,NoCharger,1000000000,FlatFee,0.0,Commercial,Freight|06:00-18:00,
1304,NoCharger,1000000000,FlatFee,0.0,Commercial,Freight|06:00-18:00,
1305,NoCharger,1000000000,FlatFee,0.0,Commercial,Freight|06:00-18:00,
1306,NoCharger,1000000000,FlatFee,0.0,Commercial,Freight|06:00-18:00,
1307,NoCharger,1000000000,FlatFee,0.0,Commercial,Freight|06:00-18:00,
1308,NoCharger,1000000000,FlatFee,0.0,Commercial,Freight|06:00-18:00,
1309,NoCharger,1000000000,FlatFee,0.0,Commercial,Freight|06:00-18:00,
1310,NoCharger,1000000000,FlatFee,0.0,Commercial,Freight|06:00-18:00,
1311,NoCharger,1000000000,FlatFee,0.0,Commercial,Freight|06:00-18:00,
1312,NoCharger,1000000000,FlatFee,0.0,Commercial,Freight|06:00-18:00,
1313,NoCharger,1000000000,FlatFee,0.0,Commercial,Freight|06:00-18:00,
1314,NoCharger,1000000000,FlatFee,0.0,Commercial,Freight|06:00-18:00,
1315,NoCharger,1000000000,FlatFee,0.0,Commercial,Freight|06:00-18:00,
1316,NoCharger,1000000000,FlatFee,0.0,Commercial,Freight|06:00-18:00,
1317,NoCharger,1000000000,FlatFee,0.0,Commercial,Freight|06:00-18:00,
1318,NoCharger,1000000000,FlatFee,0.0,Commercial,Freight|06:00-18:00,
1319,NoCharger,1000000000,FlatFee,0.0,Commercial,Freight|06:00-18:00,
1320,NoCharger,1000000000,FlatFee,0.0,Commercial,Freight|06:00-18:00,
1321,NoCharger,1000000000,FlatFee,0.0,Commercial,Freight|06:00-18:00,
1322,NoCharger,1000000000,FlatFee,0.0,Commercial,Freight|06:00-18:00,
1323,NoCharger,1000000000,FlatFee,0.0,Commercial,Freight|06:00-18:00,
1324,NoCharger,1000000000,FlatFee,0.0,Commercial,Freight|06:00-18:00,
1325,NoCharger,1000000000,FlatFee,0.0,Commercial,Freight|06:00-18:00,
1326,NoCharger,1000000000,FlatFee,0.0,Commercial,Freight|06:00-18:00,
1327,NoCharger,1000000000,FlatFee,0.0,Commercial,Freight|06:00-18:00,
1328,NoCharger,1000000000,FlatFee,0.0,Commercial,Freight|06:00-18:00,
1329,NoCharger,1000000000,FlatFee,0.0,Commercial,Freight|06:00-18:00,
1330,NoCharger,1000000000,FlatFee,0.0,Commercial,Freight|06:00-18:00,
1331,NoCharger,1000000000,FlatFee,0.0,Commercial,Freight|06:00-18:00,
1332,NoCharger,1000000000,FlatFee,0.0,Commercial,Freight|06:00-18:00,
1333,NoCharger,1000000000,FlatFee,0.0,Commercial,Freight|06:00-18:00,
1334,NoCharger,1000000000,FlatFee,0.0,Commercial,Freight|06:00-18:00,
1335,NoCharger,1000000000,FlatFee,0.0,Commercial,Freight|06:00-18:00,
1336,NoCharger,1000000000,FlatFee,0.0,Commercial,Freight|06:00-18:00,
1337,NoCharger,1000000000,FlatFee,0.0,Commercial,Freight|06:00-18:00,
1338,NoCharger,1000000000,FlatFee,0.0,Commercial,Freight|06:00-18:00,
1339,NoCharger,1000000000,FlatFee,0.0,Commercial,Freight|06:00-18:00,
1340,NoCharger,1000000000,FlatFee,0.0,Commercial,Freight|06:00-18:00,
1341,NoCharger,1000000000,FlatFee,0.0,Commercial,Freight|06:00-18:00,
1342,NoCharger,1000000000,FlatFee,0.0,Commercial,Freight|06:00-18:00,
1343,NoCharger,1000000000,FlatFee,0.0,Commercial,Freight|06:00-18:00,
1344,NoCharger,1000000000,FlatFee,0.0,Commercial,Freight|06:00-18:00,
1345,NoCharger,1000000000,FlatFee,0.0,Commercial,Freight|06:00-18:00,
1346,NoCharger,1000000000,FlatFee,0.0,Commercial,Freight|06:00-18:00,
1347,NoCharger,1000000000,FlatFee,0.0,Commercial,Freight|06:00-18:00,
1348,NoCharger,1000000000,FlatFee,0.0,Commercial,Freight|06:00-18:00,
1349,NoCharger,1000000000,FlatFee,0.0,Commercial,Freight|06:00-18:00,
1350,NoCharger,1000000000,FlatFee,0.0,Commercial,Freight|06:00-18:00,
1351,NoCharger,1000000000,FlatFee,0.0,Commercial,Freight|06:00-18:00,
1352,NoCharger,1000000000,FlatFee,0.0,Commercial,Freight|06:00-18:00,
1353,NoCharger,1000000000,FlatFee,0.0,Commercial,Freight|06:00-18:00,
1354,NoCharger,1000000000,FlatFee,0.0,Commercial,Freight|06:00-18:00,
1355,NoCharger,1000000000,FlatFee,0.0,Commercial,Freight|06:00-18:00,
1356,NoCharger,1000000000,FlatFee,0.0,Commercial,Freight|06:00-18:00,
1357,NoCharger,1000000000,FlatFee,0.0,Commercial,Freight|06:00-18:00,
1358,NoCharger,1000000000,FlatFee,0.0,Commercial,Freight|06:00-18:00,
1359,NoCharger,1000000000,FlatFee,0.0,Commercial,Freight|06:00-18:00,
1360,NoCharger,1000000000,FlatFee,0.0,Commercial,Freight|06:00-18:00,
1361,NoCharger,1000000000,FlatFee,0.0,Commercial,Freight|06:00-18:00,
1362,NoCharger,1000000000,FlatFee,0.0,Commercial,Freight|06:00-18:00,
1363,NoCharger,1000000000,FlatFee,0.0,Commercial,Freight|06:00-18:00,
1364,NoCharger,1000000000,FlatFee,0.0,Commercial,Freight|06:00-18:00,
1365,NoCharger,1000000000,FlatFee,0.0,Commercial,Freight|06:00-18:00,
1366,NoCharger,1000000000,FlatFee,0.0,Commercial,Freight|06:00-18:00,
1367,NoCharger,1000000000,FlatFee,0.0,Commercial,Freight|06:00-18:00,
1368,NoCharger,1000000000,FlatFee,0.0,Commercial,Freight|06:00-18:00,
1369,NoCharger,1000000000,FlatFee,0.0,Commercial,Freight|06:00-18:00,
1370,NoCharger,1000000000,FlatFee,0.0,Commercial,Freight|06:00-18:00,
1371,NoCharger,1000000000,FlatFee,0.0,Commercial,Freight|06:00-18:00,
1372,NoCharger,1000000000,FlatFee,0.0,Commercial,Freight|06:00-18:00,
1373,NoCharger,1000000000,FlatFee,0.0,Commercial,Freight|06:00-18:00,
1374,NoCharger,1000000000,FlatFee,0.0,Commercial,Freight|06:00-18:00,
1375,NoCharger,1000000000,FlatFee,0.0,Commercial,Freight|06:00-18:00,
1376,NoCharger,1000000000,FlatFee,0.0,Commercial,Freight|06:00-18:00,
1377,NoCharger,1000000000,FlatFee,0.0,Commercial,Freight|06:00-18:00,
1378,NoCharger,1000000000,FlatFee,0.0,Commercial,Freight|06:00-18:00,
1379,NoCharger,1000000000,FlatFee,0.0,Commercial,Freight|06:00-18:00,
1380,NoCharger,1000000000,FlatFee,0.0,Commercial,Freight|06:00-18:00,
1381,NoCharger,1000000000,FlatFee,0.0,Commercial,Freight|06:00-18:00,
1382,NoCharger,1000000000,FlatFee,0.0,Commercial,Freight|06:00-18:00,
1383,NoCharger,1000000000,FlatFee,0.0,Commercial,Freight|06:00-18:00,
1384,NoCharger,1000000000,FlatFee,0.0,Commercial,Freight|06:00-18:00,
1385,NoCharger,1000000000,FlatFee,0.0,Commercial,Freight|06:00-18:00,
1386,NoCharger,1000000000,FlatFee,0.0,Commercial,Freight|06:00-18:00,
1387,NoCharger,1000000000,FlatFee,0.0,Commercial,Freight|06:00-18:00,
1388,NoCharger,1000000000,FlatFee,0.0,Commercial,Freight|06:00-18:00,
1389,NoCharger,1000000000,FlatFee,0.0,Commercial,Freight|06:00-18:00,
1390,NoCharger,1000000000,FlatFee,0.0,Commercial,Freight|06:00-18:00,
1391,NoCharger,1000000000,FlatFee,0.0,Commercial,Freight|06:00-18:00,
1392,NoCharger,1000000000,FlatFee,0.0,Commercial,Freight|06:00-18:00,
1393,NoCharger,1000000000,FlatFee,0.0,Commercial,Freight|06:00-18:00,
1394,NoCharger,1000000000,FlatFee,0.0,Commercial,Freight|06:00-18:00,
1395,NoCharger,1000000000,FlatFee,0.0,Commercial,Freight|06:00-18:00,
1396,NoCharger,1000000000,FlatFee,0.0,Commercial,Freight|06:00-18:00,
1397,NoCharger,1000000000,FlatFee,0.0,Commercial,Freight|06:00-18:00,
1398,NoCharger,1000000000,FlatFee,0.0,Commercial,Freight|06:00-18:00,
1399,NoCharger,1000000000,FlatFee,0.0,Commercial,Freight|06:00-18:00,
1400,NoCharger,1000000000,FlatFee,0.0,Commercial,Freight|06:00-18:00,
1401,NoCharger,1000000000,FlatFee,0.0,Commercial,Freight|06:00-18:00,
1402,NoCharger,1000000000,FlatFee,0.0,Commercial,Freight|06:00-18:00,
1403,NoCharger,1000000000,FlatFee,0.0,Commercial,Freight|06:00-18:00,
1404,NoCharger,1000000000,FlatFee,0.0,Commercial,Freight|06:00-18:00,
1405,NoCharger,1000000000,FlatFee,0.0,Commercial,Freight|06:00-18:00,
1406,NoCharger,1000000000,FlatFee,0.0,Commercial,Freight|06:00-18:00,
1407,NoCharger,1000000000,FlatFee,0.0,Commercial,Freight|06:00-18:00,
1408,NoCharger,1000000000,FlatFee,0.0,Commercial,Freight|06:00-18:00,
1409,NoCharger,1000000000,FlatFee,0.0,Commercial,Freight|06:00-18:00,
1410,NoCharger,1000000000,FlatFee,0.0,Commercial,Freight|06:00-18:00,
1411,NoCharger,1000000000,FlatFee,0.0,Commercial,Freight|06:00-18:00,
1412,NoCharger,1000000000,FlatFee,0.0,Commercial,Freight|06:00-18:00,
1413,NoCharger,1000000000,FlatFee,0.0,Commercial,Freight|06:00-18:00,
1414,NoCharger,1000000000,FlatFee,0.0,Commercial,Freight|06:00-18:00,
1415,NoCharger,1000000000,FlatFee,0.0,Commercial,Freight|06:00-18:00,
1416,NoCharger,1000000000,FlatFee,0.0,Commercial,Freight|06:00-18:00,
1417,NoCharger,1000000000,FlatFee,0.0,Commercial,Freight|06:00-18:00,
1418,NoCharger,1000000000,FlatFee,0.0,Commercial,Freight|06:00-18:00,
1419,NoCharger,1000000000,FlatFee,0.0,Commercial,Freight|06:00-18:00,
1420,NoCharger,1000000000,FlatFee,0.0,Commercial,Freight|06:00-18:00,
1421,NoCharger,1000000000,FlatFee,0.0,Commercial,Freight|06:00-18:00,
1422,NoCharger,1000000000,FlatFee,0.0,Commercial,Freight|06:00-18:00,
1423,NoCharger,1000000000,FlatFee,0.0,Commercial,Freight|06:00-18:00,
1424,NoCharger,1000000000,FlatFee,0.0,Commercial,Freight|06:00-18:00,
1425,NoCharger,1000000000,FlatFee,0.0,Commercial,Freight|06:00-18:00,
1426,NoCharger,1000000000,FlatFee,0.0,Commercial,Freight|06:00-18:00,
1427,NoCharger,1000000000,FlatFee,0.0,Commercial,Freight|06:00-18:00,
1428,NoCharger,1000000000,FlatFee,0.0,Commercial,Freight|06:00-18:00,
1429,NoCharger,1000000000,FlatFee,0.0,Commercial,Freight|06:00-18:00,
1430,NoCharger,1000000000,FlatFee,0.0,Commercial,Freight|06:00-18:00,
1431,NoCharger,1000000000,FlatFee,0.0,Commercial,Freight|06:00-18:00,
1432,NoCharger,1000000000,FlatFee,0.0,Commercial,Freight|06:00-18:00,
1433,NoCharger,1000000000,FlatFee,0.0,Commercial,Freight|06:00-18:00,
1434,NoCharger,1000000000,FlatFee,0.0,Commercial,Freight|06:00-18:00,
1435,NoCharger,1000000000,FlatFee,0.0,Commercial,Freight|06:00-18:00,
1436,NoCharger,1000000000,FlatFee,0.0,Commercial,Freight|06:00-18:00,
1437,NoCharger,1000000000,FlatFee,0.0,Commercial,Freight|06:00-18:00,
1438,NoCharger,1000000000,FlatFee,0.0,Commercial,Freight|06:00-18:00,
1439,NoCharger,1000000000,FlatFee,0.0,Commercial,Freight|06:00-18:00,
1440,NoCharger,1000000000,FlatFee,0.0,Commercial,Freight|06:00-18:00,
1441,NoCharger,1000000000,FlatFee,0.0,Commercial,Freight|06:00-18:00,
1442,NoCharger,1000000000,FlatFee,0.0,Commercial,Freight|06:00-18:00,
1443,NoCharger,1000000000,FlatFee,0.0,Commercial,Freight|06:00-18:00,
1444,NoCharger,1000000000,FlatFee,0.0,Commercial,Freight|06:00-18:00,
1445,NoCharger,1000000000,FlatFee,0.0,Commercial,Freight|06:00-18:00,
1446,NoCharger,1000000000,FlatFee,0.0,Commercial,Freight|06:00-18:00,
1447,NoCharger,1000000000,FlatFee,0.0,Commercial,Freight|06:00-18:00,
1448,NoCharger,1000000000,FlatFee,0.0,Commercial,Freight|06:00-18:00,
1449,NoCharger,1000000000,FlatFee,0.0,Commercial,Freight|06:00-18:00,
1450,NoCharger,1000000000,FlatFee,0.0,Commercial,Freight|06:00-18:00,
1451,NoCharger,1000000000,FlatFee,0.0,Commercial,Freight|06:00-18:00,
1452,NoCharger,1000000000,FlatFee,0.0,Commercial,Freight|06:00-18:00,
1453,NoCharger,1000000000,FlatFee,0.0,Commercial,Freight|06:00-18:00,
1454,NoCharger,1000000000,FlatFee,0.0,Commercial,Freight|06:00-18:00,
1455,NoCharger,1000000000,FlatFee,0.0,Commercial,Freight|06:00-18:00,
1456,NoCharger,1000000000,FlatFee,0.0,Commercial,Freight|06:00-18:00,
1457,NoCharger,1000000000,FlatFee,0.0,Commercial,Freight|06:00-18:00,
1458,NoCharger,1000000000,FlatFee,0.0,Commercial,Freight|06:00-18:00,
1459,NoCharger,1000000000,FlatFee,0.0,Commercial,Freight|06:00-18:00,
1460,NoCharger,1000000000,FlatFee,0.0,Commercial,Freight|06:00-18:00,
1461,NoCharger,1000000000,FlatFee,0.0,Commercial,Freight|06:00-18:00,
1462,NoCharger,1000000000,FlatFee,0.0,Commercial,Freight|06:00-18:00,
1463,NoCharger,1000000000,FlatFee,0.0,Commercial,Freight|06:00-18:00,
1464,NoCharger,1000000000,FlatFee,0.0,Commercial,Freight|06:00-18:00,
1465,NoCharger,1000000000,FlatFee,0.0,Commercial,Freight|06:00-18:00,
1466,NoCharger,1000000000,FlatFee,0.0,Commercial,Freight|06:00-18:00,
1467,NoCharger,1000000000,FlatFee,0.0,Commercial,Freight|06:00-18:00,
1468,NoCharger,1000000000,FlatFee,0.0,Commercial,Freight|06:00-18:00,
1469,NoCharger,1000000000,FlatFee,0.0,Commercial,Freight|06:00-18:00,
1470,NoCharger,1000000000,FlatFee,0.0,Commercial,Freight|06:00-18:00,
1471,NoCharger,1000000000,FlatFee,0.0,Commercial,Freight|06:00-18:00,
1472,NoCharger,1000000000,FlatFee,0.0,Commercial,Freight|06:00-18:00,
1473,NoCharger,1000000000,FlatFee,0.0,Commercial,Freight|06:00-18:00,
1474,NoCharger,1000000000,FlatFee,0.0,Commercial,Freight|06:00-18:00,
1475,NoCharger,1000000000,FlatFee,0.0,Commercial,Freight|06:00-18:00,
1476,NoCharger,1000000000,FlatFee,0.0,Commercial,Freight|06:00-18:00,
1477,NoCharger,1000000000,FlatFee,0.0,Commercial,Freight|06:00-18:00,
1478,NoCharger,1000000000,FlatFee,0.0,Commercial,Freight|06:00-18:00,
1479,NoCharger,1000000000,FlatFee,0.0,Commercial,Freight|06:00-18:00,
1480,NoCharger,1000000000,FlatFee,0.0,Commercial,Freight|06:00-18:00,
1481,NoCharger,1000000000,FlatFee,0.0,Commercial,Freight|06:00-18:00,
1482,NoCharger,1000000000,FlatFee,0.0,Commercial,Freight|06:00-18:00,
1483,NoCharger,1000000000,FlatFee,0.0,Commercial,Freight|06:00-18:00,
1484,NoCharger,1000000000,FlatFee,0.0,Commercial,Freight|06:00-18:00,
1485,NoCharger,1000000000,FlatFee,0.0,Commercial,Freight|06:00-18:00,
1486,NoCharger,1000000000,FlatFee,0.0,Commercial,Freight|06:00-18:00,
1487,NoCharger,1000000000,FlatFee,0.0,Commercial,Freight|06:00-18:00,
1488,NoCharger,1000000000,FlatFee,0.0,Commercial,Freight|06:00-18:00,
1489,NoCharger,1000000000,FlatFee,0.0,Commercial,Freight|06:00-18:00,
1490,NoCharger,1000000000,FlatFee,0.0,Commercial,Freight|06:00-18:00,
1491,NoCharger,1000000000,FlatFee,0.0,Commercial,Freight|06:00-18:00,
1492,NoCharger,1000000000,FlatFee,0.0,Commercial,Freight|06:00-18:00,
1493,NoCharger,1000000000,FlatFee,0.0,Commercial,Freight|06:00-18:00,
1494,NoCharger,1000000000,FlatFee,0.0,Commercial,Freight|06:00-18:00,
1495,NoCharger,1000000000,FlatFee,0.0,Commercial,Freight|06:00-18:00,
1496,NoCharger,1000000000,FlatFee,0.0,Commercial,Freight|06:00-18:00,
1497,NoCharger,1000000000,FlatFee,0.0,Commercial,Freight|06:00-18:00,
1498,NoCharger,1000000000,FlatFee,0.0,Commercial,Freight|06:00-18:00,
1499,NoCharger,1000000000,FlatFee,0.0,Commercial,Freight|06:00-18:00,
1500,NoCharger,1000000000,FlatFee,0.0,Commercial,Freight|06:00-18:00,
1501,NoCharger,1000000000,FlatFee,0.0,Commercial,Freight|06:00-18:00,
1502,NoCharger,1000000000,FlatFee,0.0,Commercial,Freight|06:00-18:00,
1503,NoCharger,1000000000,FlatFee,0.0,Commercial,Freight|06:00-18:00,
1504,NoCharger,1000000000,FlatFee,0.0,Commercial,Freight|06:00-18:00,
1505,NoCharger,1000000000,FlatFee,0.0,Commercial,Freight|06:00-18:00,
1506,NoCharger,1000000000,FlatFee,0.0,Commercial,Freight|06:00-18:00,
1507,NoCharger,1000000000,FlatFee,0.0,Commercial,Freight|06:00-18:00,
1508,NoCharger,1000000000,FlatFee,0.0,Commercial,Freight|06:00-18:00,
1509,NoCharger,1000000000,FlatFee,0.0,Commercial,Freight|06:00-18:00,
1510,NoCharger,1000000000,FlatFee,0.0,Commercial,Freight|06:00-18:00,
1511,NoCharger,1000000000,FlatFee,0.0,Commercial,Freight|06:00-18:00,
1512,NoCharger,1000000000,FlatFee,0.0,Commercial,Freight|06:00-18:00,
1513,NoCharger,1000000000,FlatFee,0.0,Commercial,Freight|06:00-18:00,
1514,NoCharger,1000000000,FlatFee,0.0,Commercial,Freight|06:00-18:00,
1515,NoCharger,1000000000,FlatFee,0.0,Commercial,Freight|06:00-18:00,
1516,NoCharger,1000000000,FlatFee,0.0,Commercial,Freight|06:00-18:00,
1517,NoCharger,1000000000,FlatFee,0.0,Commercial,Freight|06:00-18:00,
1518,NoCharger,1000000000,FlatFee,0.0,Commercial,Freight|06:00-18:00,
1519,NoCharger,1000000000,FlatFee,0.0,Commercial,Freight|06:00-18:00,
1520,NoCharger,1000000000,FlatFee,0.0,Commercial,Freight|06:00-18:00,
1521,NoCharger,1000000000,FlatFee,0.0,Commercial,Freight|06:00-18:00,
1522,NoCharger,1000000000,FlatFee,0.0,Commercial,Freight|06:00-18:00,
1523,NoCharger,1000000000,FlatFee,0.0,Commercial,Freight|06:00-18:00,
1524,NoCharger,1000000000,FlatFee,0.0,Commercial,Freight|06:00-18:00,
1525,NoCharger,1000000000,FlatFee,0.0,Commercial,Freight|06:00-18:00,
1526,NoCharger,1000000000,FlatFee,0.0,Commercial,Freight|06:00-18:00,
1527,NoCharger,1000000000,FlatFee,0.0,Commercial,Freight|06:00-18:00,
1528,NoCharger,1000000000,FlatFee,0.0,Commercial,Freight|06:00-18:00,
1529,NoCharger,1000000000,FlatFee,0.0,Commercial,Freight|06:00-18:00,
1530,NoCharger,1000000000,FlatFee,0.0,Commercial,Freight|06:00-18:00,
1531,NoCharger,1000000000,FlatFee,0.0,Commercial,Freight|06:00-18:00,
1532,NoCharger,1000000000,FlatFee,0.0,Commercial,Freight|06:00-18:00,
1533,NoCharger,1000000000,FlatFee,0.0,Commercial,Freight|06:00-18:00,
1534,NoCharger,1000000000,FlatFee,0.0,Commercial,Freight|06:00-18:00,
1535,NoCharger,1000000000,FlatFee,0.0,Commercial,Freight|06:00-18:00,
1536,NoCharger,1000000000,FlatFee,0.0,Commercial,Freight|06:00-18:00,
1537,NoCharger,1000000000,FlatFee,0.0,Commercial,Freight|06:00-18:00,
1538,NoCharger,1000000000,FlatFee,0.0,Commercial,Freight|06:00-18:00,
1539,NoCharger,1000000000,FlatFee,0.0,Commercial,Freight|06:00-18:00,
1540,NoCharger,1000000000,FlatFee,0.0,Commercial,Freight|06:00-18:00,
1541,NoCharger,1000000000,FlatFee,0.0,Commercial,Freight|06:00-18:00,
1542,NoCharger,1000000000,FlatFee,0.0,Commercial,Freight|06:00-18:00,
1543,NoCharger,1000000000,FlatFee,0.0,Commercial,Freight|06:00-18:00,
1544,NoCharger,1000000000,FlatFee,0.0,Commercial,Freight|06:00-18:00,
1545,NoCharger,1000000000,FlatFee,0.0,Commercial,Freight|06:00-18:00,
1546,NoCharger,1000000000,FlatFee,0.0,Commercial,Freight|06:00-18:00,
1547,NoCharger,1000000000,FlatFee,0.0,Commercial,Freight|06:00-18:00,
1548,NoCharger,1000000000,FlatFee,0.0,Commercial,Freight|06:00-18:00,
1549,NoCharger,1000000000,FlatFee,0.0,Commercial,Freight|06:00-18:00,
1550,NoCharger,1000000000,FlatFee,0.0,Commercial,Freight|06:00-18:00,
1551,NoCharger,1000000000,FlatFee,0.0,Commercial,Freight|06:00-18:00,
1552,NoCharger,1000000000,FlatFee,0.0,Commercial,Freight|06:00-18:00,
1553,NoCharger,1000000000,FlatFee,0.0,Commercial,Freight|06:00-18:00,
1554,NoCharger,1000000000,FlatFee,0.0,Commercial,Freight|06:00-18:00,
1555,NoCharger,1000000000,FlatFee,0.0,Commercial,Freight|06:00-18:00,
1556,NoCharger,1000000000,FlatFee,0.0,Commercial,Freight|06:00-18:00,
1557,NoCharger,1000000000,FlatFee,0.0,Commercial,Freight|06:00-18:00,
1558,NoCharger,1000000000,FlatFee,0.0,Commercial,Freight|06:00-18:00,
1559,NoCharger,1000000000,FlatFee,0.0,Commercial,Freight|06:00-18:00,
1560,NoCharger,1000000000,FlatFee,0.0,Commercial,Freight|06:00-18:00,
1561,NoCharger,1000000000,FlatFee,0.0,Commercial,Freight|06:00-18:00,
1562,NoCharger,1000000000,FlatFee,0.0,Commercial,Freight|06:00-18:00,
1563,NoCharger,1000000000,FlatFee,0.0,Commercial,Freight|06:00-18:00,
1564,NoCharger,1000000000,FlatFee,0.0,Commercial,Freight|06:00-18:00,
1565,NoCharger,1000000000,FlatFee,0.0,Commercial,Freight|06:00-18:00,
1566,NoCharger,1000000000,FlatFee,0.0,Commercial,Freight|06:00-18:00,
1567,NoCharger,1000000000,FlatFee,0.0,Commercial,Freight|06:00-18:00,
1568,NoCharger,1000000000,FlatFee,0.0,Commercial,Freight|06:00-18:00,
1569,NoCharger,1000000000,FlatFee,0.0,Commercial,Freight|06:00-18:00,
1570,NoCharger,1000000000,FlatFee,0.0,Commercial,Freight|06:00-18:00,
1571,NoCharger,1000000000,FlatFee,0.0,Commercial,Freight|06:00-18:00,
1572,NoCharger,1000000000,FlatFee,0.0,Commercial,Freight|06:00-18:00,
1573,NoCharger,1000000000,FlatFee,0.0,Commercial,Freight|06:00-18:00,
1574,NoCharger,1000000000,FlatFee,0.0,Commercial,Freight|06:00-18:00,
1575,NoCharger,1000000000,FlatFee,0.0,Commercial,Freight|06:00-18:00,
1576,NoCharger,1000000000,FlatFee,0.0,Commercial,Freight|06:00-18:00,
1577,NoCharger,1000000000,FlatFee,0.0,Commercial,Freight|06:00-18:00,
1578,NoCharger,1000000000,FlatFee,0.0,Commercial,Freight|06:00-18:00,
1579,NoCharger,1000000000,FlatFee,0.0,Commercial,Freight|06:00-18:00,
1580,NoCharger,1000000000,FlatFee,0.0,Commercial,Freight|06:00-18:00,
1581,NoCharger,1000000000,FlatFee,0.0,Commercial,Freight|06:00-18:00,
1582,NoCharger,1000000000,FlatFee,0.0,Commercial,Freight|06:00-18:00,
1583,NoCharger,1000000000,FlatFee,0.0,Commercial,Freight|06:00-18:00,
1584,NoCharger,1000000000,FlatFee,0.0,Commercial,Freight|06:00-18:00,
1585,NoCharger,1000000000,FlatFee,0.0,Commercial,Freight|06:00-18:00,
1586,NoCharger,1000000000,FlatFee,0.0,Commercial,Freight|06:00-18:00,
1587,NoCharger,1000000000,FlatFee,0.0,Commercial,Freight|06:00-18:00,
1588,NoCharger,1000000000,FlatFee,0.0,Commercial,Freight|06:00-18:00,
1589,NoCharger,1000000000,FlatFee,0.0,Commercial,Freight|06:00-18:00,
1590,NoCharger,1000000000,FlatFee,0.0,Commercial,Freight|06:00-18:00,
1591,NoCharger,1000000000,FlatFee,0.0,Commercial,Freight|06:00-18:00,
1592,NoCharger,1000000000,FlatFee,0.0,Commercial,Freight|06:00-18:00,
1593,NoCharger,1000000000,FlatFee,0.0,Commercial,Freight|06:00-18:00,
1594,NoCharger,1000000000,FlatFee,0.0,Commercial,Freight|06:00-18:00,
1595,NoCharger,1000000000,FlatFee,0.0,Commercial,Freight|06:00-18:00,
1596,NoCharger,1000000000,FlatFee,0.0,Commercial,Freight|06:00-18:00,
1597,NoCharger,1000000000,FlatFee,0.0,Commercial,Freight|06:00-18:00,
1598,NoCharger,1000000000,FlatFee,0.0,Commercial,Freight|06:00-18:00,
1599,NoCharger,1000000000,FlatFee,0.0,Commercial,Freight|06:00-18:00,
1600,NoCharger,1000000000,FlatFee,0.0,Commercial,Freight|06:00-18:00,
1601,NoCharger,1000000000,FlatFee,0.0,Commercial,Freight|06:00-18:00,
1602,NoCharger,1000000000,FlatFee,0.0,Commercial,Freight|06:00-18:00,
1603,NoCharger,1000000000,FlatFee,0.0,Commercial,Freight|06:00-18:00,
1604,NoCharger,1000000000,FlatFee,0.0,Commercial,Freight|06:00-18:00,
1605,NoCharger,1000000000,FlatFee,0.0,Commercial,Freight|06:00-18:00,
1606,NoCharger,1000000000,FlatFee,0.0,Commercial,Freight|06:00-18:00,
1607,NoCharger,1000000000,FlatFee,0.0,Commercial,Freight|06:00-18:00,
1608,NoCharger,1000000000,FlatFee,0.0,Commercial,Freight|06:00-18:00,
1609,NoCharger,1000000000,FlatFee,0.0,Commercial,Freight|06:00-18:00,
1610,NoCharger,1000000000,FlatFee,0.0,Commercial,Freight|06:00-18:00,
1611,NoCharger,1000000000,FlatFee,0.0,Commercial,Freight|06:00-18:00,
1612,NoCharger,1000000000,FlatFee,0.0,Commercial,Freight|06:00-18:00,
1613,NoCharger,1000000000,FlatFee,0.0,Commercial,Freight|06:00-18:00,
1614,NoCharger,1000000000,FlatFee,0.0,Commercial,Freight|06:00-18:00,
1615,NoCharger,1000000000,FlatFee,0.0,Commercial,Freight|06:00-18:00,
1616,NoCharger,1000000000,FlatFee,0.0,Commercial,Freight|06:00-18:00,
1617,NoCharger,1000000000,FlatFee,0.0,Commercial,Freight|06:00-18:00,
1618,NoCharger,1000000000,FlatFee,0.0,Commercial,Freight|06:00-18:00,
1619,NoCharger,1000000000,FlatFee,0.0,Commercial,Freight|06:00-18:00,
1620,NoCharger,1000000000,FlatFee,0.0,Commercial,Freight|06:00-18:00,
1621,NoCharger,1000000000,FlatFee,0.0,Commercial,Freight|06:00-18:00,
1622,NoCharger,1000000000,FlatFee,0.0,Commercial,Freight|06:00-18:00,
1623,NoCharger,1000000000,FlatFee,0.0,Commercial,Freight|06:00-18:00,
1624,NoCharger,1000000000,FlatFee,0.0,Commercial,Freight|06:00-18:00,
1625,NoCharger,1000000000,FlatFee,0.0,Commercial,Freight|06:00-18:00,
1626,NoCharger,1000000000,FlatFee,0.0,Commercial,Freight|06:00-18:00,
1627,NoCharger,1000000000,FlatFee,0.0,Commercial,Freight|06:00-18:00,
1628,NoCharger,1000000000,FlatFee,0.0,Commercial,Freight|06:00-18:00,
1629,NoCharger,1000000000,FlatFee,0.0,Commercial,Freight|06:00-18:00,
1630,NoCharger,1000000000,FlatFee,0.0,Commercial,Freight|06:00-18:00,
1631,NoCharger,1000000000,FlatFee,0.0,Commercial,Freight|06:00-18:00,
1632,NoCharger,1000000000,FlatFee,0.0,Commercial,Freight|06:00-18:00,
1633,NoCharger,1000000000,FlatFee,0.0,Commercial,Freight|06:00-18:00,
1634,NoCharger,1000000000,FlatFee,0.0,Commercial,Freight|06:00-18:00,
1635,NoCharger,1000000000,FlatFee,0.0,Commercial,Freight|06:00-18:00,
1636,NoCharger,1000000000,FlatFee,0.0,Commercial,Freight|06:00-18:00,
1637,NoCharger,1000000000,FlatFee,0.0,Commercial,Freight|06:00-18:00,
1638,NoCharger,1000000000,FlatFee,0.0,Commercial,Freight|06:00-18:00,
1639,NoCharger,1000000000,FlatFee,0.0,Commercial,Freight|06:00-18:00,
1640,NoCharger,1000000000,FlatFee,0.0,Commercial,Freight|06:00-18:00,
1641,NoCharger,1000000000,FlatFee,0.0,Commercial,Freight|06:00-18:00,
1642,NoCharger,1000000000,FlatFee,0.0,Commercial,Freight|06:00-18:00,
1643,NoCharger,1000000000,FlatFee,0.0,Commercial,Freight|06:00-18:00,
1644,NoCharger,1000000000,FlatFee,0.0,Commercial,Freight|06:00-18:00,
1645,NoCharger,1000000000,FlatFee,0.0,Commercial,Freight|06:00-18:00,
1646,NoCharger,1000000000,FlatFee,0.0,Commercial,Freight|06:00-18:00,
1647,NoCharger,1000000000,FlatFee,0.0,Commercial,Freight|06:00-18:00,
1648,NoCharger,1000000000,FlatFee,0.0,Commercial,Freight|06:00-18:00,
1649,NoCharger,1000000000,FlatFee,0.0,Commercial,Freight|06:00-18:00,
1650,NoCharger,1000000000,FlatFee,0.0,Commercial,Freight|06:00-18:00,
1651,NoCharger,1000000000,FlatFee,0.0,Commercial,Freight|06:00-18:00,
1652,NoCharger,1000000000,FlatFee,0.0,Commercial,Freight|06:00-18:00,
1653,NoCharger,1000000000,FlatFee,0.0,Commercial,Freight|06:00-18:00,
1654,NoCharger,1000000000,FlatFee,0.0,Commercial,Freight|06:00-18:00,
1655,NoCharger,1000000000,FlatFee,0.0,Commercial,Freight|06:00-18:00,
1656,NoCharger,1000000000,FlatFee,0.0,Commercial,Freight|06:00-18:00,
1657,NoCharger,1000000000,FlatFee,0.0,Commercial,Freight|06:00-18:00,
1658,NoCharger,1000000000,FlatFee,0.0,Commercial,Freight|06:00-18:00,
1659,NoCharger,1000000000,FlatFee,0.0,Commercial,Freight|06:00-18:00,
1660,NoCharger,1000000000,FlatFee,0.0,Commercial,Freight|06:00-18:00,
1661,NoCharger,1000000000,FlatFee,0.0,Commercial,Freight|06:00-18:00,
1662,NoCharger,1000000000,FlatFee,0.0,Commercial,Freight|06:00-18:00,
1663,NoCharger,1000000000,FlatFee,0.0,Commercial,Freight|06:00-18:00,
1664,NoCharger,1000000000,FlatFee,0.0,Commercial,Freight|06:00-18:00,
1665,NoCharger,1000000000,FlatFee,0.0,Commercial,Freight|06:00-18:00,
1666,NoCharger,1000000000,FlatFee,0.0,Commercial,Freight|06:00-18:00,
1667,NoCharger,1000000000,FlatFee,0.0,Commercial,Freight|06:00-18:00,
1668,NoCharger,1000000000,FlatFee,0.0,Commercial,Freight|06:00-18:00,
1669,NoCharger,1000000000,FlatFee,0.0,Commercial,Freight|06:00-18:00,
1670,NoCharger,1000000000,FlatFee,0.0,Commercial,Freight|06:00-18:00,
1671,NoCharger,1000000000,FlatFee,0.0,Commercial,Freight|06:00-18:00,
1672,NoCharger,1000000000,FlatFee,0.0,Commercial,Freight|06:00-18:00,
1673,NoCharger,1000000000,FlatFee,0.0,Commercial,Freight|06:00-18:00,
1674,NoCharger,1000000000,FlatFee,0.0,Commercial,Freight|06:00-18:00,
1675,NoCharger,1000000000,FlatFee,0.0,Commercial,Freight|06:00-18:00,
1676,NoCharger,1000000000,FlatFee,0.0,Commercial,Freight|06:00-18:00,
1677,NoCharger,1000000000,FlatFee,0.0,Commercial,Freight|06:00-18:00,
1678,NoCharger,1000000000,FlatFee,0.0,Commercial,Freight|06:00-18:00,
1679,NoCharger,1000000000,FlatFee,0.0,Commercial,Freight|06:00-18:00,
1680,NoCharger,1000000000,FlatFee,0.0,Commercial,Freight|06:00-18:00,
1681,NoCharger,1000000000,FlatFee,0.0,Commercial,Freight|06:00-18:00,
1682,NoCharger,1000000000,FlatFee,0.0,Commercial,Freight|06:00-18:00,
1683,NoCharger,1000000000,FlatFee,0.0,Commercial,Freight|06:00-18:00,
1684,NoCharger,1000000000,FlatFee,0.0,Commercial,Freight|06:00-18:00,
1685,NoCharger,1000000000,FlatFee,0.0,Commercial,Freight|06:00-18:00,
1686,NoCharger,1000000000,FlatFee,0.0,Commercial,Freight|06:00-18:00,
1687,NoCharger,1000000000,FlatFee,0.0,Commercial,Freight|06:00-18:00,
1688,NoCharger,1000000000,FlatFee,0.0,Commercial,Freight|06:00-18:00,
1689,NoCharger,1000000000,FlatFee,0.0,Commercial,Freight|06:00-18:00,
1690,NoCharger,1000000000,FlatFee,0.0,Commercial,Freight|06:00-18:00,
1691,NoCharger,1000000000,FlatFee,0.0,Commercial,Freight|06:00-18:00,
1692,NoCharger,1000000000,FlatFee,0.0,Commercial,Freight|06:00-18:00,
1693,NoCharger,1000000000,FlatFee,0.0,Commercial,Freight|06:00-18:00,
1694,NoCharger,1000000000,FlatFee,0.0,Commercial,Freight|06:00-18:00,
1695,NoCharger,1000000000,FlatFee,0.0,Commercial,Freight|06:00-18:00,
1696,NoCharger,1000000000,FlatFee,0.0,Commercial,Freight|06:00-18:00,
1697,NoCharger,1000000000,FlatFee,0.0,Commercial,Freight|06:00-18:00,
1698,NoCharger,1000000000,FlatFee,0.0,Commercial,Freight|06:00-18:00,
1699,NoCharger,1000000000,FlatFee,0.0,Commercial,Freight|06:00-18:00,
1700,NoCharger,1000000000,FlatFee,0.0,Commercial,Freight|06:00-18:00,
1701,NoCharger,1000000000,FlatFee,0.0,Commercial,Freight|06:00-18:00,
1702,NoCharger,1000000000,FlatFee,0.0,Commercial,Freight|06:00-18:00,
1703,NoCharger,1000000000,FlatFee,0.0,Commercial,Freight|06:00-18:00,
1704,NoCharger,1000000000,FlatFee,0.0,Commercial,Freight|06:00-18:00,
1705,NoCharger,1000000000,FlatFee,0.0,Commercial,Freight|06:00-18:00,
1706,NoCharger,1000000000,FlatFee,0.0,Commercial,Freight|06:00-18:00,
1707,NoCharger,1000000000,FlatFee,0.0,Commercial,Freight|06:00-18:00,
1708,NoCharger,1000000000,FlatFee,0.0,Commercial,Freight|06:00-18:00,
1709,NoCharger,1000000000,FlatFee,0.0,Commercial,Freight|06:00-18:00,
1710,NoCharger,1000000000,FlatFee,0.0,Commercial,Freight|06:00-18:00,
1711,NoCharger,1000000000,FlatFee,0.0,Commercial,Freight|06:00-18:00,
1712,NoCharger,1000000000,FlatFee,0.0,Commercial,Freight|06:00-18:00,
1713,NoCharger,1000000000,FlatFee,0.0,Commercial,Freight|06:00-18:00,
1714,NoCharger,1000000000,FlatFee,0.0,Commercial,Freight|06:00-18:00,
1715,NoCharger,1000000000,FlatFee,0.0,Commercial,Freight|06:00-18:00,
1716,NoCharger,1000000000,FlatFee,0.0,Commercial,Freight|06:00-18:00,
1717,NoCharger,1000000000,FlatFee,0.0,Commercial,Freight|06:00-18:00,
1718,NoCharger,1000000000,FlatFee,0.0,Commercial,Freight|06:00-18:00,
1719,NoCharger,1000000000,FlatFee,0.0,Commercial,Freight|06:00-18:00,
1720,NoCharger,1000000000,FlatFee,0.0,Commercial,Freight|06:00-18:00,
1721,NoCharger,1000000000,FlatFee,0.0,Commercial,Freight|06:00-18:00,
1722,NoCharger,1000000000,FlatFee,0.0,Commercial,Freight|06:00-18:00,
1723,NoCharger,1000000000,FlatFee,0.0,Commercial,Freight|06:00-18:00,
1724,NoCharger,1000000000,FlatFee,0.0,Commercial,Freight|06:00-18:00,
1725,NoCharger,1000000000,FlatFee,0.0,Commercial,Freight|06:00-18:00,
1726,NoCharger,1000000000,FlatFee,0.0,Commercial,Freight|06:00-18:00,
1727,NoCharger,1000000000,FlatFee,0.0,Commercial,Freight|06:00-18:00,
1728,NoCharger,1000000000,FlatFee,0.0,Commercial,Freight|06:00-18:00,
1729,NoCharger,1000000000,FlatFee,0.0,Commercial,Freight|06:00-18:00,
1730,NoCharger,1000000000,FlatFee,0.0,Commercial,Freight|06:00-18:00,
1731,NoCharger,1000000000,FlatFee,0.0,Commercial,Freight|06:00-18:00,
1732,NoCharger,1000000000,FlatFee,0.0,Commercial,Freight|06:00-18:00,
1733,NoCharger,1000000000,FlatFee,0.0,Commercial,Freight|06:00-18:00,
1734,NoCharger,1000000000,FlatFee,0.0,Commercial,Freight|06:00-18:00,
1735,NoCharger,1000000000,FlatFee,0.0,Commercial,Freight|06:00-18:00,
1736,NoCharger,1000000000,FlatFee,0.0,Commercial,Freight|06:00-18:00,
1737,NoCharger,1000000000,FlatFee,0.0,Commercial,Freight|06:00-18:00,
1738,NoCharger,1000000000,FlatFee,0.0,Commercial,Freight|06:00-18:00,
1739,NoCharger,1000000000,FlatFee,0.0,Commercial,Freight|06:00-18:00,
1740,NoCharger,1000000000,FlatFee,0.0,Commercial,Freight|06:00-18:00,
1741,NoCharger,1000000000,FlatFee,0.0,Commercial,Freight|06:00-18:00,
1742,NoCharger,1000000000,FlatFee,0.0,Commercial,Freight|06:00-18:00,
1743,NoCharger,1000000000,FlatFee,0.0,Commercial,Freight|06:00-18:00,
1744,NoCharger,1000000000,FlatFee,0.0,Commercial,Freight|06:00-18:00,
1745,NoCharger,1000000000,FlatFee,0.0,Commercial,Freight|06:00-18:00,
1746,NoCharger,1000000000,FlatFee,0.0,Commercial,Freight|06:00-18:00,
1747,NoCharger,1000000000,FlatFee,0.0,Commercial,Freight|06:00-18:00,
1748,NoCharger,1000000000,FlatFee,0.0,Commercial,Freight|06:00-18:00,
1749,NoCharger,1000000000,FlatFee,0.0,Commercial,Freight|06:00-18:00,
1750,NoCharger,1000000000,FlatFee,0.0,Commercial,Freight|06:00-18:00,
1751,NoCharger,1000000000,FlatFee,0.0,Commercial,Freight|06:00-18:00,
1752,NoCharger,1000000000,FlatFee,0.0,Commercial,Freight|06:00-18:00,
1753,NoCharger,1000000000,FlatFee,0.0,Commercial,Freight|06:00-18:00,
1754,NoCharger,1000000000,FlatFee,0.0,Commercial,Freight|06:00-18:00,
1755,NoCharger,1000000000,FlatFee,0.0,Commercial,Freight|06:00-18:00,
1756,NoCharger,1000000000,FlatFee,0.0,Commercial,Freight|06:00-18:00,
1757,NoCharger,1000000000,FlatFee,0.0,Commercial,Freight|06:00-18:00,
1758,NoCharger,1000000000,FlatFee,0.0,Commercial,Freight|06:00-18:00,
1759,NoCharger,1000000000,FlatFee,0.0,Commercial,Freight|06:00-18:00,
1760,NoCharger,1000000000,FlatFee,0.0,Commercial,Freight|06:00-18:00,
1761,NoCharger,1000000000,FlatFee,0.0,Commercial,Freight|06:00-18:00,
1762,NoCharger,1000000000,FlatFee,0.0,Commercial,Freight|06:00-18:00,
1763,NoCharger,1000000000,FlatFee,0.0,Commercial,Freight|06:00-18:00,
1764,NoCharger,1000000000,FlatFee,0.0,Commercial,Freight|06:00-18:00,
1765,NoCharger,1000000000,FlatFee,0.0,Commercial,Freight|06:00-18:00,
1766,NoCharger,1000000000,FlatFee,0.0,Commercial,Freight|06:00-18:00,
1767,NoCharger,1000000000,FlatFee,0.0,Commercial,Freight|06:00-18:00,
1768,NoCharger,1000000000,FlatFee,0.0,Commercial,Freight|06:00-18:00,
1769,NoCharger,1000000000,FlatFee,0.0,Commercial,Freight|06:00-18:00,
1770,NoCharger,1000000000,FlatFee,0.0,Commercial,Freight|06:00-18:00,
1771,NoCharger,1000000000,FlatFee,0.0,Commercial,Freight|06:00-18:00,
1772,NoCharger,1000000000,FlatFee,0.0,Commercial,Freight|06:00-18:00,
1773,NoCharger,1000000000,FlatFee,0.0,Commercial,Freight|06:00-18:00,
1774,NoCharger,1000000000,FlatFee,0.0,Commercial,Freight|06:00-18:00,
1775,NoCharger,1000000000,FlatFee,0.0,Commercial,Freight|06:00-18:00,
1776,NoCharger,1000000000,FlatFee,0.0,Commercial,Freight|06:00-18:00,
1777,NoCharger,1000000000,FlatFee,0.0,Commercial,Freight|06:00-18:00,
1778,NoCharger,1000000000,FlatFee,0.0,Commercial,Freight|06:00-18:00,
1779,NoCharger,1000000000,FlatFee,0.0,Commercial,Freight|06:00-18:00,
1780,NoCharger,1000000000,FlatFee,0.0,Commercial,Freight|06:00-18:00,
1781,NoCharger,1000000000,FlatFee,0.0,Commercial,Freight|06:00-18:00,
1782,NoCharger,1000000000,FlatFee,0.0,Commercial,Freight|06:00-18:00,
1783,NoCharger,1000000000,FlatFee,0.0,Commercial,Freight|06:00-18:00,
1784,NoCharger,1000000000,FlatFee,0.0,Commercial,Freight|06:00-18:00,
1785,NoCharger,1000000000,FlatFee,0.0,Commercial,Freight|06:00-18:00,
1786,NoCharger,1000000000,FlatFee,0.0,Commercial,Freight|06:00-18:00,
1787,NoCharger,1000000000,FlatFee,0.0,Commercial,Freight|06:00-18:00,
1788,NoCharger,1000000000,FlatFee,0.0,Commercial,Freight|06:00-18:00,
1789,NoCharger,1000000000,FlatFee,0.0,Commercial,Freight|06:00-18:00,
1790,NoCharger,1000000000,FlatFee,0.0,Commercial,Freight|06:00-18:00,
1791,NoCharger,1000000000,FlatFee,0.0,Commercial,Freight|06:00-18:00,
1792,NoCharger,1000000000,FlatFee,0.0,Commercial,Freight|06:00-18:00,
1793,NoCharger,1000000000,FlatFee,0.0,Commercial,Freight|06:00-18:00,
1794,NoCharger,1000000000,FlatFee,0.0,Commercial,Freight|06:00-18:00,
1795,NoCharger,1000000000,FlatFee,0.0,Commercial,Freight|06:00-18:00,
1796,NoCharger,1000000000,FlatFee,0.0,Commercial,Freight|06:00-18:00,
1797,NoCharger,1000000000,FlatFee,0.0,Commercial,Freight|06:00-18:00,
1798,NoCharger,1000000000,FlatFee,0.0,Commercial,Freight|06:00-18:00,
1799,NoCharger,1000000000,FlatFee,0.0,Commercial,Freight|06:00-18:00,
1800,NoCharger,1000000000,FlatFee,0.0,Commercial,Freight|06:00-18:00,
1801,NoCharger,1000000000,FlatFee,0.0,Commercial,Freight|06:00-18:00,
1802,NoCharger,1000000000,FlatFee,0.0,Commercial,Freight|06:00-18:00,
1803,NoCharger,1000000000,FlatFee,0.0,Commercial,Freight|06:00-18:00,
1804,NoCharger,1000000000,FlatFee,0.0,Commercial,Freight|06:00-18:00,
1805,NoCharger,1000000000,FlatFee,0.0,Commercial,Freight|06:00-18:00,
1806,NoCharger,1000000000,FlatFee,0.0,Commercial,Freight|06:00-18:00,
1807,NoCharger,1000000000,FlatFee,0.0,Commercial,Freight|06:00-18:00,
1808,NoCharger,1000000000,FlatFee,0.0,Commercial,Freight|06:00-18:00,
1809,NoCharger,1000000000,FlatFee,0.0,Commercial,Freight|06:00-18:00,
1810,NoCharger,1000000000,FlatFee,0.0,Commercial,Freight|06:00-18:00,
1811,NoCharger,1000000000,FlatFee,0.0,Commercial,Freight|06:00-18:00,
1812,NoCharger,1000000000,FlatFee,0.0,Commercial,Freight|06:00-18:00,
1813,NoCharger,1000000000,FlatFee,0.0,Commercial,Freight|06:00-18:00,
1814,NoCharger,1000000000,FlatFee,0.0,Commercial,Freight|06:00-18:00,
1815,NoCharger,1000000000,FlatFee,0.0,Commercial,Freight|06:00-18:00,
1816,NoCharger,1000000000,FlatFee,0.0,Commercial,Freight|06:00-18:00,
1817,NoCharger,1000000000,FlatFee,0.0,Commercial,Freight|06:00-18:00,
1818,NoCharger,1000000000,FlatFee,0.0,Commercial,Freight|06:00-18:00,
1819,NoCharger,1000000000,FlatFee,0.0,Commercial,Freight|06:00-18:00,
1820,NoCharger,1000000000,FlatFee,0.0,Commercial,Freight|06:00-18:00,
1821,NoCharger,1000000000,FlatFee,0.0,Commercial,Freight|06:00-18:00,
1822,NoCharger,1000000000,FlatFee,0.0,Commercial,Freight|06:00-18:00,
1823,NoCharger,1000000000,FlatFee,0.0,Commercial,Freight|06:00-18:00,
1824,NoCharger,1000000000,FlatFee,0.0,Commercial,Freight|06:00-18:00,
1825,NoCharger,1000000000,FlatFee,0.0,Commercial,Freight|06:00-18:00,
1826,NoCharger,1000000000,FlatFee,0.0,Commercial,Freight|06:00-18:00,
1827,NoCharger,1000000000,FlatFee,0.0,Commercial,Freight|06:00-18:00,
1828,NoCharger,1000000000,FlatFee,0.0,Commercial,Freight|06:00-18:00,
1829,NoCharger,1000000000,FlatFee,0.0,Commercial,Freight|06:00-18:00,
1830,NoCharger,1000000000,FlatFee,0.0,Commercial,Freight|06:00-18:00,
1831,NoCharger,1000000000,FlatFee,0.0,Commercial,Freight|06:00-18:00,
1832,NoCharger,1000000000,FlatFee,0.0,Commercial,Freight|06:00-18:00,
1833,NoCharger,1000000000,FlatFee,0.0,Commercial,Freight|06:00-18:00,
1834,NoCharger,1000000000,FlatFee,0.0,Commercial,Freight|06:00-18:00,
1835,NoCharger,1000000000,FlatFee,0.0,Commercial,Freight|06:00-18:00,
1836,NoCharger,1000000000,FlatFee,0.0,Commercial,Freight|06:00-18:00,
1837,NoCharger,1000000000,FlatFee,0.0,Commercial,Freight|06:00-18:00,
1838,NoCharger,1000000000,FlatFee,0.0,Commercial,Freight|06:00-18:00,
1839,NoCharger,1000000000,FlatFee,0.0,Commercial,Freight|06:00-18:00,
1840,NoCharger,1000000000,FlatFee,0.0,Commercial,Freight|06:00-18:00,
1841,NoCharger,1000000000,FlatFee,0.0,Commercial,Freight|06:00-18:00,
1842,NoCharger,1000000000,FlatFee,0.0,Commercial,Freight|06:00-18:00,
1843,NoCharger,1000000000,FlatFee,0.0,Commercial,Freight|06:00-18:00,
1844,NoCharger,1000000000,FlatFee,0.0,Commercial,Freight|06:00-18:00,
1845,NoCharger,1000000000,FlatFee,0.0,Commercial,Freight|06:00-18:00,
1846,NoCharger,1000000000,FlatFee,0.0,Commercial,Freight|06:00-18:00,
1847,NoCharger,1000000000,FlatFee,0.0,Commercial,Freight|06:00-18:00,
1848,NoCharger,1000000000,FlatFee,0.0,Commercial,Freight|06:00-18:00,
1849,NoCharger,1000000000,FlatFee,0.0,Commercial,Freight|06:00-18:00,
1850,NoCharger,1000000000,FlatFee,0.0,Commercial,Freight|06:00-18:00,
1851,NoCharger,1000000000,FlatFee,0.0,Commercial,Freight|06:00-18:00,
1852,NoCharger,1000000000,FlatFee,0.0,Commercial,Freight|06:00-18:00,
1853,NoCharger,1000000000,FlatFee,0.0,Commercial,Freight|06:00-18:00,
1854,NoCharger,1000000000,FlatFee,0.0,Commercial,Freight|06:00-18:00,
1855,NoCharger,1000000000,FlatFee,0.0,Commercial,Freight|06:00-18:00,
1856,NoCharger,1000000000,FlatFee,0.0,Commercial,Freight|06:00-18:00,
1857,NoCharger,1000000000,FlatFee,0.0,Commercial,Freight|06:00-18:00,
1858,NoCharger,1000000000,FlatFee,0.0,Commercial,Freight|06:00-18:00,
1859,NoCharger,1000000000,FlatFee,0.0,Commercial,Freight|06:00-18:00,
1860,NoCharger,1000000000,FlatFee,0.0,Commercial,Freight|06:00-18:00,
1861,NoCharger,1000000000,FlatFee,0.0,Commercial,Freight|06:00-18:00,
1862,NoCharger,1000000000,FlatFee,0.0,Commercial,Freight|06:00-18:00,
1863,NoCharger,1000000000,FlatFee,0.0,Commercial,Freight|06:00-18:00,
1864,NoCharger,1000000000,FlatFee,0.0,Commercial,Freight|06:00-18:00,
1865,NoCharger,1000000000,FlatFee,0.0,Commercial,Freight|06:00-18:00,
1866,NoCharger,1000000000,FlatFee,0.0,Commercial,Freight|06:00-18:00,
1867,NoCharger,1000000000,FlatFee,0.0,Commercial,Freight|06:00-18:00,
1868,NoCharger,1000000000,FlatFee,0.0,Commercial,Freight|06:00-18:00,
1869,NoCharger,1000000000,FlatFee,0.0,Commercial,Freight|06:00-18:00,
1870,NoCharger,1000000000,FlatFee,0.0,Commercial,Freight|06:00-18:00,
1871,NoCharger,1000000000,FlatFee,0.0,Commercial,Freight|06:00-18:00,
1872,NoCharger,1000000000,FlatFee,0.0,Commercial,Freight|06:00-18:00,
1873,NoCharger,1000000000,FlatFee,0.0,Commercial,Freight|06:00-18:00,
1874,NoCharger,1000000000,FlatFee,0.0,Commercial,Freight|06:00-18:00,
1875,NoCharger,1000000000,FlatFee,0.0,Commercial,Freight|06:00-18:00,
1876,NoCharger,1000000000,FlatFee,0.0,Commercial,Freight|06:00-18:00,
1877,NoCharger,1000000000,FlatFee,0.0,Commercial,Freight|06:00-18:00,
1878,NoCharger,1000000000,FlatFee,0.0,Commercial,Freight|06:00-18:00,
1879,NoCharger,1000000000,FlatFee,0.0,Commercial,Freight|06:00-18:00,
1880,NoCharger,1000000000,FlatFee,0.0,Commercial,Freight|06:00-18:00,
1881,NoCharger,1000000000,FlatFee,0.0,Commercial,Freight|06:00-18:00,
1882,NoCharger,1000000000,FlatFee,0.0,Commercial,Freight|06:00-18:00,
1883,NoCharger,1000000000,FlatFee,0.0,Commercial,Freight|06:00-18:00,
1884,NoCharger,1000000000,FlatFee,0.0,Commercial,Freight|06:00-18:00,
1885,NoCharger,1000000000,FlatFee,0.0,Commercial,Freight|06:00-18:00,
1886,NoCharger,1000000000,FlatFee,0.0,Commercial,Freight|06:00-18:00,
1887,NoCharger,1000000000,FlatFee,0.0,Commercial,Freight|06:00-18:00,
1888,NoCharger,1000000000,FlatFee,0.0,Commercial,Freight|06:00-18:00,
1889,NoCharger,1000000000,FlatFee,0.0,Commercial,Freight|06:00-18:00,
1890,NoCharger,1000000000,FlatFee,0.0,Commercial,Freight|06:00-18:00,
1891,NoCharger,1000000000,FlatFee,0.0,Commercial,Freight|06:00-18:00,
1892,NoCharger,1000000000,FlatFee,0.0,Commercial,Freight|06:00-18:00,
1893,NoCharger,1000000000,FlatFee,0.0,Commercial,Freight|06:00-18:00,
1894,NoCharger,1000000000,FlatFee,0.0,Commercial,Freight|06:00-18:00,
1895,NoCharger,1000000000,FlatFee,0.0,Commercial,Freight|06:00-18:00,
1896,NoCharger,1000000000,FlatFee,0.0,Commercial,Freight|06:00-18:00,
1897,NoCharger,1000000000,FlatFee,0.0,Commercial,Freight|06:00-18:00,
1898,NoCharger,1000000000,FlatFee,0.0,Commercial,Freight|06:00-18:00,
1899,NoCharger,1000000000,FlatFee,0.0,Commercial,Freight|06:00-18:00,
1900,NoCharger,1000000000,FlatFee,0.0,Commercial,Freight|06:00-18:00,
1901,NoCharger,1000000000,FlatFee,0.0,Commercial,Freight|06:00-18:00,
1902,NoCharger,1000000000,FlatFee,0.0,Commercial,Freight|06:00-18:00,
1903,NoCharger,1000000000,FlatFee,0.0,Commercial,Freight|06:00-18:00,
1904,NoCharger,1000000000,FlatFee,0.0,Commercial,Freight|06:00-18:00,
1905,NoCharger,1000000000,FlatFee,0.0,Commercial,Freight|06:00-18:00,
1906,NoCharger,1000000000,FlatFee,0.0,Commercial,Freight|06:00-18:00,
1907,NoCharger,1000000000,FlatFee,0.0,Commercial,Freight|06:00-18:00,
1908,NoCharger,1000000000,FlatFee,0.0,Commercial,Freight|06:00-18:00,
1909,NoCharger,1000000000,FlatFee,0.0,Commercial,Freight|06:00-18:00,
1910,NoCharger,1000000000,FlatFee,0.0,Commercial,Freight|06:00-18:00,
1911,NoCharger,1000000000,FlatFee,0.0,Commercial,Freight|06:00-18:00,
1912,NoCharger,1000000000,FlatFee,0.0,Commercial,Freight|06:00-18:00,
1913,NoCharger,1000000000,FlatFee,0.0,Commercial,Freight|06:00-18:00,
1914,NoCharger,1000000000,FlatFee,0.0,Commercial,Freight|06:00-18:00,
1915,NoCharger,1000000000,FlatFee,0.0,Commercial,Freight|06:00-18:00,
1916,NoCharger,1000000000,FlatFee,0.0,Commercial,Freight|06:00-18:00,
1917,NoCharger,1000000000,FlatFee,0.0,Commercial,Freight|06:00-18:00,
1918,NoCharger,1000000000,FlatFee,0.0,Commercial,Freight|06:00-18:00,
1919,NoCharger,1000000000,FlatFee,0.0,Commercial,Freight|06:00-18:00,
1920,NoCharger,1000000000,FlatFee,0.0,Commercial,Freight|06:00-18:00,
1921,NoCharger,1000000000,FlatFee,0.0,Commercial,Freight|06:00-18:00,
1922,NoCharger,1000000000,FlatFee,0.0,Commercial,Freight|06:00-18:00,
1923,NoCharger,1000000000,FlatFee,0.0,Commercial,Freight|06:00-18:00,
1924,NoCharger,1000000000,FlatFee,0.0,Commercial,Freight|06:00-18:00,
1925,NoCharger,1000000000,FlatFee,0.0,Commercial,Freight|06:00-18:00,
1926,NoCharger,1000000000,FlatFee,0.0,Commercial,Freight|06:00-18:00,
1927,NoCharger,1000000000,FlatFee,0.0,Commercial,Freight|06:00-18:00,
1928,NoCharger,1000000000,FlatFee,0.0,Commercial,Freight|06:00-18:00,
1929,NoCharger,1000000000,FlatFee,0.0,Commercial,Freight|06:00-18:00,
1930,NoCharger,1000000000,FlatFee,0.0,Commercial,Freight|06:00-18:00,
1931,NoCharger,1000000000,FlatFee,0.0,Commercial,Freight|06:00-18:00,
1932,NoCharger,1000000000,FlatFee,0.0,Commercial,Freight|06:00-18:00,
1933,NoCharger,1000000000,FlatFee,0.0,Commercial,Freight|06:00-18:00,
1934,NoCharger,1000000000,FlatFee,0.0,Commercial,Freight|06:00-18:00,
1935,NoCharger,1000000000,FlatFee,0.0,Commercial,Freight|06:00-18:00,
1936,NoCharger,1000000000,FlatFee,0.0,Commercial,Freight|06:00-18:00,
1937,NoCharger,1000000000,FlatFee,0.0,Commercial,Freight|06:00-18:00,
1938,NoCharger,1000000000,FlatFee,0.0,Commercial,Freight|06:00-18:00,
1939,NoCharger,1000000000,FlatFee,0.0,Commercial,Freight|06:00-18:00,
1940,NoCharger,1000000000,FlatFee,0.0,Commercial,Freight|06:00-18:00,
1941,NoCharger,1000000000,FlatFee,0.0,Commercial,Freight|06:00-18:00,
1942,NoCharger,1000000000,FlatFee,0.0,Commercial,Freight|06:00-18:00,
1943,NoCharger,1000000000,FlatFee,0.0,Commercial,Freight|06:00-18:00,
1944,NoCharger,1000000000,FlatFee,0.0,Commercial,Freight|06:00-18:00,
1945,NoCharger,1000000000,FlatFee,0.0,Commercial,Freight|06:00-18:00,
1946,NoCharger,1000000000,FlatFee,0.0,Commercial,Freight|06:00-18:00,
1947,NoCharger,1000000000,FlatFee,0.0,Commercial,Freight|06:00-18:00,
1948,NoCharger,1000000000,FlatFee,0.0,Commercial,Freight|06:00-18:00,
1949,NoCharger,1000000000,FlatFee,0.0,Commercial,Freight|06:00-18:00,
1950,NoCharger,1000000000,FlatFee,0.0,Commercial,Freight|06:00-18:00,
1951,NoCharger,1000000000,FlatFee,0.0,Commercial,Freight|06:00-18:00,
1952,NoCharger,1000000000,FlatFee,0.0,Commercial,Freight|06:00-18:00,
1953,NoCharger,1000000000,FlatFee,0.0,Commercial,Freight|06:00-18:00,
1954,NoCharger,1000000000,FlatFee,0.0,Commercial,Freight|06:00-18:00,
1955,NoCharger,1000000000,FlatFee,0.0,Commercial,Freight|06:00-18:00,
1956,NoCharger,1000000000,FlatFee,0.0,Commercial,Freight|06:00-18:00,
1957,NoCharger,1000000000,FlatFee,0.0,Commercial,Freight|06:00-18:00,
1958,NoCharger,1000000000,FlatFee,0.0,Commercial,Freight|06:00-18:00,
1959,NoCharger,1000000000,FlatFee,0.0,Commercial,Freight|06:00-18:00,
1960,NoCharger,1000000000,FlatFee,0.0,Commercial,Freight|06:00-18:00,
1961,NoCharger,1000000000,FlatFee,0.0,Commercial,Freight|06:00-18:00,
1962,NoCharger,1000000000,FlatFee,0.0,Commercial,Freight|06:00-18:00,
1963,NoCharger,1000000000,FlatFee,0.0,Commercial,Freight|06:00-18:00,
1964,NoCharger,1000000000,FlatFee,0.0,Commercial,Freight|06:00-18:00,
1965,NoCharger,1000000000,FlatFee,0.0,Commercial,Freight|06:00-18:00,
1966,NoCharger,1000000000,FlatFee,0.0,Commercial,Freight|06:00-18:00,
1967,NoCharger,1000000000,FlatFee,0.0,Commercial,Freight|06:00-18:00,
1968,NoCharger,1000000000,FlatFee,0.0,Commercial,Freight|06:00-18:00,
1969,NoCharger,1000000000,FlatFee,0.0,Commercial,Freight|06:00-18:00,
1970,NoCharger,1000000000,FlatFee,0.0,Commercial,Freight|06:00-18:00,
1971,NoCharger,1000000000,FlatFee,0.0,Commercial,Freight|06:00-18:00,
1972,NoCharger,1000000000,FlatFee,0.0,Commercial,Freight|06:00-18:00,
1973,NoCharger,1000000000,FlatFee,0.0,Commercial,Freight|06:00-18:00,
1974,NoCharger,1000000000,FlatFee,0.0,Commercial,Freight|06:00-18:00,
1975,NoCharger,1000000000,FlatFee,0.0,Commercial,Freight|06:00-18:00,
1976,NoCharger,1000000000,FlatFee,0.0,Commercial,Freight|06:00-18:00,
1977,NoCharger,1000000000,FlatFee,0.0,Commercial,Freight|06:00-18:00,
1978,NoCharger,1000000000,FlatFee,0.0,Commercial,Freight|06:00-18:00,
1979,NoCharger,1000000000,FlatFee,0.0,Commercial,Freight|06:00-18:00,
1980,NoCharger,1000000000,FlatFee,0.0,Commercial,Freight|06:00-18:00,
1981,NoCharger,1000000000,FlatFee,0.0,Commercial,Freight|06:00-18:00,
1982,NoCharger,1000000000,FlatFee,0.0,Commercial,Freight|06:00-18:00,
1983,NoCharger,1000000000,FlatFee,0.0,Commercial,Freight|06:00-18:00,
1984,NoCharger,1000000000,FlatFee,0.0,Commercial,Freight|06:00-18:00,
1985,NoCharger,1000000000,FlatFee,0.0,Commercial,Freight|06:00-18:00,
1986,NoCharger,1000000000,FlatFee,0.0,Commercial,Freight|06:00-18:00,
1987,NoCharger,1000000000,FlatFee,0.0,Commercial,Freight|06:00-18:00,
1988,NoCharger,1000000000,FlatFee,0.0,Commercial,Freight|06:00-18:00,
1989,NoCharger,1000000000,FlatFee,0.0,Commercial,Freight|06:00-18:00,
1990,NoCharger,1000000000,FlatFee,0.0,Commercial,Freight|06:00-18:00,
1991,NoCharger,1000000000,FlatFee,0.0,Commercial,Freight|06:00-18:00,
1992,NoCharger,1000000000,FlatFee,0.0,Commercial,Freight|06:00-18:00,
1993,NoCharger,1000000000,FlatFee,0.0,Commercial,Freight|06:00-18:00,
1994,NoCharger,1000000000,FlatFee,0.0,Commercial,Freight|06:00-18:00,
1995,NoCharger,1000000000,FlatFee,0.0,Commercial,Freight|06:00-18:00,
1996,NoCharger,1000000000,FlatFee,0.0,Commercial,Freight|06:00-18:00,
1997,NoCharger,1000000000,FlatFee,0.0,Commercial,Freight|06:00-18:00,
1998,NoCharger,1000000000,FlatFee,0.0,Commercial,Freight|06:00-18:00,
1999,NoCharger,1000000000,FlatFee,0.0,Commercial,Freight|06:00-18:00,
2000,NoCharger,1000000000,FlatFee,0.0,Commercial,Freight|06:00-18:00,
2001,NoCharger,1000000000,FlatFee,0.0,Commercial,Freight|06:00-18:00,
2002,NoCharger,1000000000,FlatFee,0.0,Commercial,Freight|06:00-18:00,
2003,NoCharger,1000000000,FlatFee,0.0,Commercial,Freight|06:00-18:00,
2004,NoCharger,1000000000,FlatFee,0.0,Commercial,Freight|06:00-18:00,
2005,NoCharger,1000000000,FlatFee,0.0,Commercial,Freight|06:00-18:00,
2006,NoCharger,1000000000,FlatFee,0.0,Commercial,Freight|06:00-18:00,
2007,NoCharger,1000000000,FlatFee,0.0,Commercial,Freight|06:00-18:00,
2008,NoCharger,1000000000,FlatFee,0.0,Commercial,Freight|06:00-18:00,
2009,NoCharger,1000000000,FlatFee,0.0,Commercial,Freight|06:00-18:00,
2010,NoCharger,1000000000,FlatFee,0.0,Commercial,Freight|06:00-18:00,
2011,NoCharger,1000000000,FlatFee,0.0,Commercial,Freight|06:00-18:00,
2012,NoCharger,1000000000,FlatFee,0.0,Commercial,Freight|06:00-18:00,
2013,NoCharger,1000000000,FlatFee,0.0,Commercial,Freight|06:00-18:00,
2014,NoCharger,1000000000,FlatFee,0.0,Commercial,Freight|06:00-18:00,
2015,NoCharger,1000000000,FlatFee,0.0,Commercial,Freight|06:00-18:00,
2016,NoCharger,1000000000,FlatFee,0.0,Commercial,Freight|06:00-18:00,
2017,NoCharger,1000000000,FlatFee,0.0,Commercial,Freight|06:00-18:00,
2018,NoCharger,1000000000,FlatFee,0.0,Commercial,Freight|06:00-18:00,
2019,NoCharger,1000000000,FlatFee,0.0,Commercial,Freight|06:00-18:00,
2020,NoCharger,1000000000,FlatFee,0.0,Commercial,Freight|06:00-18:00,
2021,NoCharger,1000000000,FlatFee,0.0,Commercial,Freight|06:00-18:00,
2022,NoCharger,1000000000,FlatFee,0.0,Commercial,Freight|06:00-18:00,
2023,NoCharger,1000000000,FlatFee,0.0,Commercial,Freight|06:00-18:00,
2024,NoCharger,1000000000,FlatFee,0.0,Commercial,Freight|06:00-18:00,
2025,NoCharger,1000000000,FlatFee,0.0,Commercial,Freight|06:00-18:00,
2026,NoCharger,1000000000,FlatFee,0.0,Commercial,Freight|06:00-18:00,
2027,NoCharger,1000000000,FlatFee,0.0,Commercial,Freight|06:00-18:00,
2028,NoCharger,1000000000,FlatFee,0.0,Commercial,Freight|06:00-18:00,
2029,NoCharger,1000000000,FlatFee,0.0,Commercial,Freight|06:00-18:00,
2030,NoCharger,1000000000,FlatFee,0.0,Commercial,Freight|06:00-18:00,
2031,NoCharger,1000000000,FlatFee,0.0,Commercial,Freight|06:00-18:00,
2032,NoCharger,1000000000,FlatFee,0.0,Commercial,Freight|06:00-18:00,
2033,NoCharger,1000000000,FlatFee,0.0,Commercial,Freight|06:00-18:00,
2034,NoCharger,1000000000,FlatFee,0.0,Commercial,Freight|06:00-18:00,
2035,NoCharger,1000000000,FlatFee,0.0,Commercial,Freight|06:00-18:00,
2036,NoCharger,1000000000,FlatFee,0.0,Commercial,Freight|06:00-18:00,
2037,NoCharger,1000000000,FlatFee,0.0,Commercial,Freight|06:00-18:00,
2038,NoCharger,1000000000,FlatFee,0.0,Commercial,Freight|06:00-18:00,
2039,NoCharger,1000000000,FlatFee,0.0,Commercial,Freight|06:00-18:00,
2040,NoCharger,1000000000,FlatFee,0.0,Commercial,Freight|06:00-18:00,
2041,NoCharger,1000000000,FlatFee,0.0,Commercial,Freight|06:00-18:00,
2042,NoCharger,1000000000,FlatFee,0.0,Commercial,Freight|06:00-18:00,
2043,NoCharger,1000000000,FlatFee,0.0,Commercial,Freight|06:00-18:00,
2044,NoCharger,1000000000,FlatFee,0.0,Commercial,Freight|06:00-18:00,
2045,NoCharger,1000000000,FlatFee,0.0,Commercial,Freight|06:00-18:00,
2046,NoCharger,1000000000,FlatFee,0.0,Commercial,Freight|06:00-18:00,
2047,NoCharger,1000000000,FlatFee,0.0,Commercial,Freight|06:00-18:00,
2048,NoCharger,1000000000,FlatFee,0.0,Commercial,Freight|06:00-18:00,
2049,NoCharger,1000000000,FlatFee,0.0,Commercial,Freight|06:00-18:00,
2050,NoCharger,1000000000,FlatFee,0.0,Commercial,Freight|06:00-18:00,
2051,NoCharger,1000000000,FlatFee,0.0,Commercial,Freight|06:00-18:00,
2052,NoCharger,1000000000,FlatFee,0.0,Commercial,Freight|06:00-18:00,
2053,NoCharger,1000000000,FlatFee,0.0,Commercial,Freight|06:00-18:00,
2054,NoCharger,1000000000,FlatFee,0.0,Commercial,Freight|06:00-18:00,
2055,NoCharger,1000000000,FlatFee,0.0,Commercial,Freight|06:00-18:00,
2056,NoCharger,1000000000,FlatFee,0.0,Commercial,Freight|06:00-18:00,
2057,NoCharger,1000000000,FlatFee,0.0,Commercial,Freight|06:00-18:00,
2058,NoCharger,1000000000,FlatFee,0.0,Commercial,Freight|06:00-18:00,
2059,NoCharger,1000000000,FlatFee,0.0,Commercial,Freight|06:00-18:00,
2060,NoCharger,1000000000,FlatFee,0.0,Commercial,Freight|06:00-18:00,
2061,NoCharger,1000000000,FlatFee,0.0,Commercial,Freight|06:00-18:00,
2062,NoCharger,1000000000,FlatFee,0.0,Commercial,Freight|06:00-18:00,
2063,NoCharger,1000000000,FlatFee,0.0,Commercial,Freight|06:00-18:00,
2064,NoCharger,1000000000,FlatFee,0.0,Commercial,Freight|06:00-18:00,
2065,NoCharger,1000000000,FlatFee,0.0,Commercial,Freight|06:00-18:00,
2066,NoCharger,1000000000,FlatFee,0.0,Commercial,Freight|06:00-18:00,
2067,NoCharger,1000000000,FlatFee,0.0,Commercial,Freight|06:00-18:00,
2068,NoCharger,1000000000,FlatFee,0.0,Commercial,Freight|06:00-18:00,
2069,NoCharger,1000000000,FlatFee,0.0,Commercial,Freight|06:00-18:00,
2070,NoCharger,1000000000,FlatFee,0.0,Commercial,Freight|06:00-18:00,
2071,NoCharger,1000000000,FlatFee,0.0,Commercial,Freight|06:00-18:00,
2072,NoCharger,1000000000,FlatFee,0.0,Commercial,Freight|06:00-18:00,
2073,NoCharger,1000000000,FlatFee,0.0,Commercial,Freight|06:00-18:00,
2074,NoCharger,1000000000,FlatFee,0.0,Commercial,Freight|06:00-18:00,
2075,NoCharger,1000000000,FlatFee,0.0,Commercial,Freight|06:00-18:00,
2076,NoCharger,1000000000,FlatFee,0.0,Commercial,Freight|06:00-18:00,
2077,NoCharger,1000000000,FlatFee,0.0,Commercial,Freight|06:00-18:00,
2078,NoCharger,1000000000,FlatFee,0.0,Commercial,Freight|06:00-18:00,
2079,NoCharger,1000000000,FlatFee,0.0,Commercial,Freight|06:00-18:00,
2080,NoCharger,1000000000,FlatFee,0.0,Commercial,Freight|06:00-18:00,
2081,NoCharger,1000000000,FlatFee,0.0,Commercial,Freight|06:00-18:00,
2082,NoCharger,1000000000,FlatFee,0.0,Commercial,Freight|06:00-18:00,
2083,NoCharger,1000000000,FlatFee,0.0,Commercial,Freight|06:00-18:00,
2084,NoCharger,1000000000,FlatFee,0.0,Commercial,Freight|06:00-18:00,
2085,NoCharger,1000000000,FlatFee,0.0,Commercial,Freight|06:00-18:00,
2086,NoCharger,1000000000,FlatFee,0.0,Commercial,Freight|06:00-18:00,
2087,NoCharger,1000000000,FlatFee,0.0,Commercial,Freight|06:00-18:00,
2088,NoCharger,1000000000,FlatFee,0.0,Commercial,Freight|06:00-18:00,
2089,NoCharger,1000000000,FlatFee,0.0,Commercial,Freight|06:00-18:00,
2090,NoCharger,1000000000,FlatFee,0.0,Commercial,Freight|06:00-18:00,
2091,NoCharger,1000000000,FlatFee,0.0,Commercial,Freight|06:00-18:00,
2092,NoCharger,1000000000,FlatFee,0.0,Commercial,Freight|06:00-18:00,
2093,NoCharger,1000000000,FlatFee,0.0,Commercial,Freight|06:00-18:00,
2094,NoCharger,1000000000,FlatFee,0.0,Commercial,Freight|06:00-18:00,
2095,NoCharger,1000000000,FlatFee,0.0,Commercial,Freight|06:00-18:00,
2096,NoCharger,1000000000,FlatFee,0.0,Commercial,Freight|06:00-18:00,
2097,NoCharger,1000000000,FlatFee,0.0,Commercial,Freight|06:00-18:00,
2098,NoCharger,1000000000,FlatFee,0.0,Commercial,Freight|06:00-18:00,
2099,NoCharger,1000000000,FlatFee,0.0,Commercial,Freight|06:00-18:00,
2100,NoCharger,1000000000,FlatFee,0.0,Commercial,Freight|06:00-18:00,
2101,NoCharger,1000000000,FlatFee,0.0,Commercial,Freight|06:00-18:00,
2102,NoCharger,1000000000,FlatFee,0.0,Commercial,Freight|06:00-18:00,
2103,NoCharger,1000000000,FlatFee,0.0,Commercial,Freight|06:00-18:00,
2104,NoCharger,1000000000,FlatFee,0.0,Commercial,Freight|06:00-18:00,
2105,NoCharger,1000000000,FlatFee,0.0,Commercial,Freight|06:00-18:00,
2106,NoCharger,1000000000,FlatFee,0.0,Commercial,Freight|06:00-18:00,
2107,NoCharger,1000000000,FlatFee,0.0,Commercial,Freight|06:00-18:00,
2108,NoCharger,1000000000,FlatFee,0.0,Commercial,Freight|06:00-18:00,
2109,NoCharger,1000000000,FlatFee,0.0,Commercial,Freight|06:00-18:00,
2110,NoCharger,1000000000,FlatFee,0.0,Commercial,Freight|06:00-18:00,
2111,NoCharger,1000000000,FlatFee,0.0,Commercial,Freight|06:00-18:00,
2112,NoCharger,1000000000,FlatFee,0.0,Commercial,Freight|06:00-18:00,
2113,NoCharger,1000000000,FlatFee,0.0,Commercial,Freight|06:00-18:00,
2114,NoCharger,1000000000,FlatFee,0.0,Commercial,Freight|06:00-18:00,
2115,NoCharger,1000000000,FlatFee,0.0,Commercial,Freight|06:00-18:00,
2116,NoCharger,1000000000,FlatFee,0.0,Commercial,Freight|06:00-18:00,
2117,NoCharger,1000000000,FlatFee,0.0,Commercial,Freight|06:00-18:00,
2118,NoCharger,1000000000,FlatFee,0.0,Commercial,Freight|06:00-18:00,
2119,NoCharger,1000000000,FlatFee,0.0,Commercial,Freight|06:00-18:00,
2120,NoCharger,1000000000,FlatFee,0.0,Commercial,Freight|06:00-18:00,
2121,NoCharger,1000000000,FlatFee,0.0,Commercial,Freight|06:00-18:00,
2122,NoCharger,1000000000,FlatFee,0.0,Commercial,Freight|06:00-18:00,
2123,NoCharger,1000000000,FlatFee,0.0,Commercial,Freight|06:00-18:00,
2124,NoCharger,1000000000,FlatFee,0.0,Commercial,Freight|06:00-18:00,
2125,NoCharger,1000000000,FlatFee,0.0,Commercial,Freight|06:00-18:00,
2126,NoCharger,1000000000,FlatFee,0.0,Commercial,Freight|06:00-18:00,
2127,NoCharger,1000000000,FlatFee,0.0,Commercial,Freight|06:00-18:00,
2128,NoCharger,1000000000,FlatFee,0.0,Commercial,Freight|06:00-18:00,
2129,NoCharger,1000000000,FlatFee,0.0,Commercial,Freight|06:00-18:00,
2130,NoCharger,1000000000,FlatFee,0.0,Commercial,Freight|06:00-18:00,
2131,NoCharger,1000000000,FlatFee,0.0,Commercial,Freight|06:00-18:00,
2132,NoCharger,1000000000,FlatFee,0.0,Commercial,Freight|06:00-18:00,
2133,NoCharger,1000000000,FlatFee,0.0,Commercial,Freight|06:00-18:00,
2134,NoCharger,1000000000,FlatFee,0.0,Commercial,Freight|06:00-18:00,
2135,NoCharger,1000000000,FlatFee,0.0,Commercial,Freight|06:00-18:00,
2136,NoCharger,1000000000,FlatFee,0.0,Commercial,Freight|06:00-18:00,
2137,NoCharger,1000000000,FlatFee,0.0,Commercial,Freight|06:00-18:00,
2138,NoCharger,1000000000,FlatFee,0.0,Commercial,Freight|06:00-18:00,
2139,NoCharger,1000000000,FlatFee,0.0,Commercial,Freight|06:00-18:00,
2140,NoCharger,1000000000,FlatFee,0.0,Commercial,Freight|06:00-18:00,
2141,NoCharger,1000000000,FlatFee,0.0,Commercial,Freight|06:00-18:00,
2142,NoCharger,1000000000,FlatFee,0.0,Commercial,Freight|06:00-18:00,
2143,NoCharger,1000000000,FlatFee,0.0,Commercial,Freight|06:00-18:00,
2144,NoCharger,1000000000,FlatFee,0.0,Commercial,Freight|06:00-18:00,
2145,NoCharger,1000000000,FlatFee,0.0,Commercial,Freight|06:00-18:00,
2146,NoCharger,1000000000,FlatFee,0.0,Commercial,Freight|06:00-18:00,
2147,NoCharger,1000000000,FlatFee,0.0,Commercial,Freight|06:00-18:00,
2148,NoCharger,1000000000,FlatFee,0.0,Commercial,Freight|06:00-18:00,
2149,NoCharger,1000000000,FlatFee,0.0,Commercial,Freight|06:00-18:00,
2150,NoCharger,1000000000,FlatFee,0.0,Commercial,Freight|06:00-18:00,
2151,NoCharger,1000000000,FlatFee,0.0,Commercial,Freight|06:00-18:00,
2152,NoCharger,1000000000,FlatFee,0.0,Commercial,Freight|06:00-18:00,
2153,NoCharger,1000000000,FlatFee,0.0,Commercial,Freight|06:00-18:00,
2154,NoCharger,1000000000,FlatFee,0.0,Commercial,Freight|06:00-18:00,
2155,NoCharger,1000000000,FlatFee,0.0,Commercial,Freight|06:00-18:00,
2156,NoCharger,1000000000,FlatFee,0.0,Commercial,Freight|06:00-18:00,
2157,NoCharger,1000000000,FlatFee,0.0,Commercial,Freight|06:00-18:00,
2158,NoCharger,1000000000,FlatFee,0.0,Commercial,Freight|06:00-18:00,
2159,NoCharger,1000000000,FlatFee,0.0,Commercial,Freight|06:00-18:00,
2160,NoCharger,1000000000,FlatFee,0.0,Commercial,Freight|06:00-18:00,
2161,NoCharger,1000000000,FlatFee,0.0,Commercial,Freight|06:00-18:00,
2162,NoCharger,1000000000,FlatFee,0.0,Commercial,Freight|06:00-18:00,
2163,NoCharger,1000000000,FlatFee,0.0,Commercial,Freight|06:00-18:00,
2164,NoCharger,1000000000,FlatFee,0.0,Commercial,Freight|06:00-18:00,
2165,NoCharger,1000000000,FlatFee,0.0,Commercial,Freight|06:00-18:00,
2166,NoCharger,1000000000,FlatFee,0.0,Commercial,Freight|06:00-18:00,
2167,NoCharger,1000000000,FlatFee,0.0,Commercial,Freight|06:00-18:00,
2168,NoCharger,1000000000,FlatFee,0.0,Commercial,Freight|06:00-18:00,
2169,NoCharger,1000000000,FlatFee,0.0,Commercial,Freight|06:00-18:00,
2170,NoCharger,1000000000,FlatFee,0.0,Commercial,Freight|06:00-18:00,
2171,NoCharger,1000000000,FlatFee,0.0,Commercial,Freight|06:00-18:00,
2172,NoCharger,1000000000,FlatFee,0.0,Commercial,Freight|06:00-18:00,
2173,NoCharger,1000000000,FlatFee,0.0,Commercial,Freight|06:00-18:00,
2174,NoCharger,1000000000,FlatFee,0.0,Commercial,Freight|06:00-18:00,
2175,NoCharger,1000000000,FlatFee,0.0,Commercial,Freight|06:00-18:00,
2176,NoCharger,1000000000,FlatFee,0.0,Commercial,Freight|06:00-18:00,
2177,NoCharger,1000000000,FlatFee,0.0,Commercial,Freight|06:00-18:00,
2178,NoCharger,1000000000,FlatFee,0.0,Commercial,Freight|06:00-18:00,
2179,NoCharger,1000000000,FlatFee,0.0,Commercial,Freight|06:00-18:00,
2180,NoCharger,1000000000,FlatFee,0.0,Commercial,Freight|06:00-18:00,
2181,NoCharger,1000000000,FlatFee,0.0,Commercial,Freight|06:00-18:00,
2182,NoCharger,1000000000,FlatFee,0.0,Commercial,Freight|06:00-18:00,
2183,NoCharger,1000000000,FlatFee,0.0,Commercial,Freight|06:00-18:00,
2184,NoCharger,1000000000,FlatFee,0.0,Commercial,Freight|06:00-18:00,
2185,NoCharger,1000000000,FlatFee,0.0,Commercial,Freight|06:00-18:00,
2186,NoCharger,1000000000,FlatFee,0.0,Commercial,Freight|06:00-18:00,
2187,NoCharger,1000000000,FlatFee,0.0,Commercial,Freight|06:00-18:00,
2188,NoCharger,1000000000,FlatFee,0.0,Commercial,Freight|06:00-18:00,
2189,NoCharger,1000000000,FlatFee,0.0,Commercial,Freight|06:00-18:00,
2190,NoCharger,1000000000,FlatFee,0.0,Commercial,Freight|06:00-18:00,
2191,NoCharger,1000000000,FlatFee,0.0,Commercial,Freight|06:00-18:00,
2192,NoCharger,1000000000,FlatFee,0.0,Commercial,Freight|06:00-18:00,
2193,NoCharger,1000000000,FlatFee,0.0,Commercial,Freight|06:00-18:00,
2194,NoCharger,1000000000,FlatFee,0.0,Commercial,Freight|06:00-18:00,
2195,NoCharger,1000000000,FlatFee,0.0,Commercial,Freight|06:00-18:00,
2196,NoCharger,1000000000,FlatFee,0.0,Commercial,Freight|06:00-18:00,
2197,NoCharger,1000000000,FlatFee,0.0,Commercial,Freight|06:00-18:00,
2198,NoCharger,1000000000,FlatFee,0.0,Commercial,Freight|06:00-18:00,
2199,NoCharger,1000000000,FlatFee,0.0,Commercial,Freight|06:00-18:00,
2200,NoCharger,1000000000,FlatFee,0.0,Commercial,Freight|06:00-18:00,
2201,NoCharger,1000000000,FlatFee,0.0,Commercial,Freight|06:00-18:00,
2202,NoCharger,1000000000,FlatFee,0.0,Commercial,Freight|06:00-18:00,
2203,NoCharger,1000000000,FlatFee,0.0,Commercial,Freight|06:00-18:00,
2204,NoCharger,1000000000,FlatFee,0.0,Commercial,Freight|06:00-18:00,
2205,NoCharger,1000000000,FlatFee,0.0,Commercial,Freight|06:00-18:00,
2206,NoCharger,1000000000,FlatFee,0.0,Commercial,Freight|06:00-18:00,
2207,NoCharger,1000000000,FlatFee,0.0,Commercial,Freight|06:00-18:00,
2208,NoCharger,1000000000,FlatFee,0.0,Commercial,Freight|06:00-18:00,
2209,NoCharger,1000000000,FlatFee,0.0,Commercial,Freight|06:00-18:00,
2210,NoCharger,1000000000,FlatFee,0.0,Commercial,Freight|06:00-18:00,
2211,NoCharger,1000000000,FlatFee,0.0,Commercial,Freight|06:00-18:00,
2212,NoCharger,1000000000,FlatFee,0.0,Commercial,Freight|06:00-18:00,
2213,NoCharger,1000000000,FlatFee,0.0,Commercial,Freight|06:00-18:00,
2214,NoCharger,1000000000,FlatFee,0.0,Commercial,Freight|06:00-18:00,
2215,NoCharger,1000000000,FlatFee,0.0,Commercial,Freight|06:00-18:00,
2216,NoCharger,1000000000,FlatFee,0.0,Commercial,Freight|06:00-18:00,
2217,NoCharger,1000000000,FlatFee,0.0,Commercial,Freight|06:00-18:00,
2218,NoCharger,1000000000,FlatFee,0.0,Commercial,Freight|06:00-18:00,
2219,NoCharger,1000000000,FlatFee,0.0,Commercial,Freight|06:00-18:00,
2220,NoCharger,1000000000,FlatFee,0.0,Commercial,Freight|06:00-18:00,
2221,NoCharger,1000000000,FlatFee,0.0,Commercial,Freight|06:00-18:00,
2222,NoCharger,1000000000,FlatFee,0.0,Commercial,Freight|06:00-18:00,
2223,NoCharger,1000000000,FlatFee,0.0,Commercial,Freight|06:00-18:00,
2224,NoCharger,1000000000,FlatFee,0.0,Commercial,Freight|06:00-18:00,
2225,NoCharger,1000000000,FlatFee,0.0,Commercial,Freight|06:00-18:00,
2226,NoCharger,1000000000,FlatFee,0.0,Commercial,Freight|06:00-18:00,
2227,NoCharger,1000000000,FlatFee,0.0,Commercial,Freight|06:00-18:00,
2228,NoCharger,1000000000,FlatFee,0.0,Commercial,Freight|06:00-18:00,
2229,NoCharger,1000000000,FlatFee,0.0,Commercial,Freight|06:00-18:00,
2230,NoCharger,1000000000,FlatFee,0.0,Commercial,Freight|06:00-18:00,
2231,NoCharger,1000000000,FlatFee,0.0,Commercial,Freight|06:00-18:00,
2232,NoCharger,1000000000,FlatFee,0.0,Commercial,Freight|06:00-18:00,
2233,NoCharger,1000000000,FlatFee,0.0,Commercial,Freight|06:00-18:00,
2234,NoCharger,1000000000,FlatFee,0.0,Commercial,Freight|06:00-18:00,
2235,NoCharger,1000000000,FlatFee,0.0,Commercial,Freight|06:00-18:00,
2236,NoCharger,1000000000,FlatFee,0.0,Commercial,Freight|06:00-18:00,
2237,NoCharger,1000000000,FlatFee,0.0,Commercial,Freight|06:00-18:00,
2238,NoCharger,1000000000,FlatFee,0.0,Commercial,Freight|06:00-18:00,
2239,NoCharger,1000000000,FlatFee,0.0,Commercial,Freight|06:00-18:00,
2240,NoCharger,1000000000,FlatFee,0.0,Commercial,Freight|06:00-18:00,
2241,NoCharger,1000000000,FlatFee,0.0,Commercial,Freight|06:00-18:00,
2242,NoCharger,1000000000,FlatFee,0.0,Commercial,Freight|06:00-18:00,
2243,NoCharger,1000000000,FlatFee,0.0,Commercial,Freight|06:00-18:00,
2244,NoCharger,1000000000,FlatFee,0.0,Commercial,Freight|06:00-18:00,
2245,NoCharger,1000000000,FlatFee,0.0,Commercial,Freight|06:00-18:00,
2246,NoCharger,1000000000,FlatFee,0.0,Commercial,Freight|06:00-18:00,
2247,NoCharger,1000000000,FlatFee,0.0,Commercial,Freight|06:00-18:00,
2248,NoCharger,1000000000,FlatFee,0.0,Commercial,Freight|06:00-18:00,
2249,NoCharger,1000000000,FlatFee,0.0,Commercial,Freight|06:00-18:00,
2250,NoCharger,1000000000,FlatFee,0.0,Commercial,Freight|06:00-18:00,
2251,NoCharger,1000000000,FlatFee,0.0,Commercial,Freight|06:00-18:00,
2252,NoCharger,1000000000,FlatFee,0.0,Commercial,Freight|06:00-18:00,
2253,NoCharger,1000000000,FlatFee,0.0,Commercial,Freight|06:00-18:00,
2254,NoCharger,1000000000,FlatFee,0.0,Commercial,Freight|06:00-18:00,
2255,NoCharger,1000000000,FlatFee,0.0,Commercial,Freight|06:00-18:00,
2256,NoCharger,1000000000,FlatFee,0.0,Commercial,Freight|06:00-18:00,
2257,NoCharger,1000000000,FlatFee,0.0,Commercial,Freight|06:00-18:00,
2258,NoCharger,1000000000,FlatFee,0.0,Commercial,Freight|06:00-18:00,
2259,NoCharger,1000000000,FlatFee,0.0,Commercial,Freight|06:00-18:00,
2260,NoCharger,1000000000,FlatFee,0.0,Commercial,Freight|06:00-18:00,
2261,NoCharger,1000000000,FlatFee,0.0,Commercial,Freight|06:00-18:00,
2262,NoCharger,1000000000,FlatFee,0.0,Commercial,Freight|06:00-18:00,
2263,NoCharger,1000000000,FlatFee,0.0,Commercial,Freight|06:00-18:00,
2264,NoCharger,1000000000,FlatFee,0.0,Commercial,Freight|06:00-18:00,
2265,NoCharger,1000000000,FlatFee,0.0,Commercial,Freight|06:00-18:00,
2266,NoCharger,1000000000,FlatFee,0.0,Commercial,Freight|06:00-18:00,
2267,NoCharger,1000000000,FlatFee,0.0,Commercial,Freight|06:00-18:00,
2268,NoCharger,1000000000,FlatFee,0.0,Commercial,Freight|06:00-18:00,
2269,NoCharger,1000000000,FlatFee,0.0,Commercial,Freight|06:00-18:00,
2270,NoCharger,1000000000,FlatFee,0.0,Commercial,Freight|06:00-18:00,
2271,NoCharger,1000000000,FlatFee,0.0,Commercial,Freight|06:00-18:00,
2272,NoCharger,1000000000,FlatFee,0.0,Commercial,Freight|06:00-18:00,
2273,NoCharger,1000000000,FlatFee,0.0,Commercial,Freight|06:00-18:00,
2274,NoCharger,1000000000,FlatFee,0.0,Commercial,Freight|06:00-18:00,
2275,NoCharger,1000000000,FlatFee,0.0,Commercial,Freight|06:00-18:00,
2276,NoCharger,1000000000,FlatFee,0.0,Commercial,Freight|06:00-18:00,
2277,NoCharger,1000000000,FlatFee,0.0,Commercial,Freight|06:00-18:00,
2278,NoCharger,1000000000,FlatFee,0.0,Commercial,Freight|06:00-18:00,
2279,NoCharger,1000000000,FlatFee,0.0,Commercial,Freight|06:00-18:00,
2280,NoCharger,1000000000,FlatFee,0.0,Commercial,Freight|06:00-18:00,
2281,NoCharger,1000000000,FlatFee,0.0,Commercial,Freight|06:00-18:00,
2282,NoCharger,1000000000,FlatFee,0.0,Commercial,Freight|06:00-18:00,
2283,NoCharger,1000000000,FlatFee,0.0,Commercial,Freight|06:00-18:00,
2284,NoCharger,1000000000,FlatFee,0.0,Commercial,Freight|06:00-18:00,
2285,NoCharger,1000000000,FlatFee,0.0,Commercial,Freight|06:00-18:00,
2286,NoCharger,1000000000,FlatFee,0.0,Commercial,Freight|06:00-18:00,
2287,NoCharger,1000000000,FlatFee,0.0,Commercial,Freight|06:00-18:00,
2288,NoCharger,1000000000,FlatFee,0.0,Commercial,Freight|06:00-18:00,
2289,NoCharger,1000000000,FlatFee,0.0,Commercial,Freight|06:00-18:00,
2290,NoCharger,1000000000,FlatFee,0.0,Commercial,Freight|06:00-18:00,
2291,NoCharger,1000000000,FlatFee,0.0,Commercial,Freight|06:00-18:00,
2292,NoCharger,1000000000,FlatFee,0.0,Commercial,Freight|06:00-18:00,
2293,NoCharger,1000000000,FlatFee,0.0,Commercial,Freight|06:00-18:00,
2294,NoCharger,1000000000,FlatFee,0.0,Commercial,Freight|06:00-18:00,
2295,NoCharger,1000000000,FlatFee,0.0,Commercial,Freight|06:00-18:00,
2296,NoCharger,1000000000,FlatFee,0.0,Commercial,Freight|06:00-18:00,
2297,NoCharger,1000000000,FlatFee,0.0,Commercial,Freight|06:00-18:00,
2298,NoCharger,1000000000,FlatFee,0.0,Commercial,Freight|06:00-18:00,
2299,NoCharger,1000000000,FlatFee,0.0,Commercial,Freight|06:00-18:00,
2300,NoCharger,1000000000,FlatFee,0.0,Commercial,Freight|06:00-18:00,
2301,NoCharger,1000000000,FlatFee,0.0,Commercial,Freight|06:00-18:00,
2302,NoCharger,1000000000,FlatFee,0.0,Commercial,Freight|06:00-18:00,
2303,NoCharger,1000000000,FlatFee,0.0,Commercial,Freight|06:00-18:00,
2304,NoCharger,1000000000,FlatFee,0.0,Commercial,Freight|06:00-18:00,
2305,NoCharger,1000000000,FlatFee,0.0,Commercial,Freight|06:00-18:00,
2306,NoCharger,1000000000,FlatFee,0.0,Commercial,Freight|06:00-18:00,
2307,NoCharger,1000000000,FlatFee,0.0,Commercial,Freight|06:00-18:00,
2308,NoCharger,1000000000,FlatFee,0.0,Commercial,Freight|06:00-18:00,
2309,NoCharger,1000000000,FlatFee,0.0,Commercial,Freight|06:00-18:00,
2310,NoCharger,1000000000,FlatFee,0.0,Commercial,Freight|06:00-18:00,
2311,NoCharger,1000000000,FlatFee,0.0,Commercial,Freight|06:00-18:00,
2312,NoCharger,1000000000,FlatFee,0.0,Commercial,Freight|06:00-18:00,
2313,NoCharger,1000000000,FlatFee,0.0,Commercial,Freight|06:00-18:00,
2314,NoCharger,1000000000,FlatFee,0.0,Commercial,Freight|06:00-18:00,
2315,NoCharger,1000000000,FlatFee,0.0,Commercial,Freight|06:00-18:00,
2316,NoCharger,1000000000,FlatFee,0.0,Commercial,Freight|06:00-18:00,
2317,NoCharger,1000000000,FlatFee,0.0,Commercial,Freight|06:00-18:00,
2318,NoCharger,1000000000,FlatFee,0.0,Commercial,Freight|06:00-18:00,
2319,NoCharger,1000000000,FlatFee,0.0,Commercial,Freight|06:00-18:00,
2320,NoCharger,1000000000,FlatFee,0.0,Commercial,Freight|06:00-18:00,
2321,NoCharger,1000000000,FlatFee,0.0,Commercial,Freight|06:00-18:00,
2322,NoCharger,1000000000,FlatFee,0.0,Commercial,Freight|06:00-18:00,
2323,NoCharger,1000000000,FlatFee,0.0,Commercial,Freight|06:00-18:00,
2324,NoCharger,1000000000,FlatFee,0.0,Commercial,Freight|06:00-18:00,
2325,NoCharger,1000000000,FlatFee,0.0,Commercial,Freight|06:00-18:00,
2326,NoCharger,1000000000,FlatFee,0.0,Commercial,Freight|06:00-18:00,
2327,NoCharger,1000000000,FlatFee,0.0,Commercial,Freight|06:00-18:00,
2328,NoCharger,1000000000,FlatFee,0.0,Commercial,Freight|06:00-18:00,
2329,NoCharger,1000000000,FlatFee,0.0,Commercial,Freight|06:00-18:00,
2330,NoCharger,1000000000,FlatFee,0.0,Commercial,Freight|06:00-18:00,
2331,NoCharger,1000000000,FlatFee,0.0,Commercial,Freight|06:00-18:00,
2332,NoCharger,1000000000,FlatFee,0.0,Commercial,Freight|06:00-18:00,
2333,NoCharger,1000000000,FlatFee,0.0,Commercial,Freight|06:00-18:00,
2334,NoCharger,1000000000,FlatFee,0.0,Commercial,Freight|06:00-18:00,
2335,NoCharger,1000000000,FlatFee,0.0,Commercial,Freight|06:00-18:00,
2336,NoCharger,1000000000,FlatFee,0.0,Commercial,Freight|06:00-18:00,
2337,NoCharger,1000000000,FlatFee,0.0,Commercial,Freight|06:00-18:00,
2338,NoCharger,1000000000,FlatFee,0.0,Commercial,Freight|06:00-18:00,
2339,NoCharger,1000000000,FlatFee,0.0,Commercial,Freight|06:00-18:00,
2340,NoCharger,1000000000,FlatFee,0.0,Commercial,Freight|06:00-18:00,
2341,NoCharger,1000000000,FlatFee,0.0,Commercial,Freight|06:00-18:00,
2342,NoCharger,1000000000,FlatFee,0.0,Commercial,Freight|06:00-18:00,
2343,NoCharger,1000000000,FlatFee,0.0,Commercial,Freight|06:00-18:00,
2344,NoCharger,1000000000,FlatFee,0.0,Commercial,Freight|06:00-18:00,
2345,NoCharger,1000000000,FlatFee,0.0,Commercial,Freight|06:00-18:00,
2346,NoCharger,1000000000,FlatFee,0.0,Commercial,Freight|06:00-18:00,
2347,NoCharger,1000000000,FlatFee,0.0,Commercial,Freight|06:00-18:00,
2348,NoCharger,1000000000,FlatFee,0.0,Commercial,Freight|06:00-18:00,
2349,NoCharger,1000000000,FlatFee,0.0,Commercial,Freight|06:00-18:00,
2350,NoCharger,1000000000,FlatFee,0.0,Commercial,Freight|06:00-18:00,
2351,NoCharger,1000000000,FlatFee,0.0,Commercial,Freight|06:00-18:00,
2352,NoCharger,1000000000,FlatFee,0.0,Commercial,Freight|06:00-18:00,
2353,NoCharger,1000000000,FlatFee,0.0,Commercial,Freight|06:00-18:00,
2354,NoCharger,1000000000,FlatFee,0.0,Commercial,Freight|06:00-18:00,
2355,NoCharger,1000000000,FlatFee,0.0,Commercial,Freight|06:00-18:00,
2356,NoCharger,1000000000,FlatFee,0.0,Commercial,Freight|06:00-18:00,
2357,NoCharger,1000000000,FlatFee,0.0,Commercial,Freight|06:00-18:00,
2358,NoCharger,1000000000,FlatFee,0.0,Commercial,Freight|06:00-18:00,
2359,NoCharger,1000000000,FlatFee,0.0,Commercial,Freight|06:00-18:00,
2360,NoCharger,1000000000,FlatFee,0.0,Commercial,Freight|06:00-18:00,
2361,NoCharger,1000000000,FlatFee,0.0,Commercial,Freight|06:00-18:00,
2362,NoCharger,1000000000,FlatFee,0.0,Commercial,Freight|06:00-18:00,
2363,NoCharger,1000000000,FlatFee,0.0,Commercial,Freight|06:00-18:00,
2364,NoCharger,1000000000,FlatFee,0.0,Commercial,Freight|06:00-18:00,
2365,NoCharger,1000000000,FlatFee,0.0,Commercial,Freight|06:00-18:00,
2366,NoCharger,1000000000,FlatFee,0.0,Commercial,Freight|06:00-18:00,
2367,NoCharger,1000000000,FlatFee,0.0,Commercial,Freight|06:00-18:00,
2368,NoCharger,1000000000,FlatFee,0.0,Commercial,Freight|06:00-18:00,
2369,NoCharger,1000000000,FlatFee,0.0,Commercial,Freight|06:00-18:00,
2370,NoCharger,1000000000,FlatFee,0.0,Commercial,Freight|06:00-18:00,
2371,NoCharger,1000000000,FlatFee,0.0,Commercial,Freight|06:00-18:00,
2372,NoCharger,1000000000,FlatFee,0.0,Commercial,Freight|06:00-18:00,
2373,NoCharger,1000000000,FlatFee,0.0,Commercial,Freight|06:00-18:00,
2374,NoCharger,1000000000,FlatFee,0.0,Commercial,Freight|06:00-18:00,
2375,NoCharger,1000000000,FlatFee,0.0,Commercial,Freight|06:00-18:00,
2376,NoCharger,1000000000,FlatFee,0.0,Commercial,Freight|06:00-18:00,
2377,NoCharger,1000000000,FlatFee,0.0,Commercial,Freight|06:00-18:00,
2378,NoCharger,1000000000,FlatFee,0.0,Commercial,Freight|06:00-18:00,
2379,NoCharger,1000000000,FlatFee,0.0,Commercial,Freight|06:00-18:00,
2380,NoCharger,1000000000,FlatFee,0.0,Commercial,Freight|06:00-18:00,
2381,NoCharger,1000000000,FlatFee,0.0,Commercial,Freight|06:00-18:00,
2382,NoCharger,1000000000,FlatFee,0.0,Commercial,Freight|06:00-18:00,
2383,NoCharger,1000000000,FlatFee,0.0,Commercial,Freight|06:00-18:00,
2384,NoCharger,1000000000,FlatFee,0.0,Commercial,Freight|06:00-18:00,
2385,NoCharger,1000000000,FlatFee,0.0,Commercial,Freight|06:00-18:00,
2386,NoCharger,1000000000,FlatFee,0.0,Commercial,Freight|06:00-18:00,
2387,NoCharger,1000000000,FlatFee,0.0,Commercial,Freight|06:00-18:00,
2388,NoCharger,1000000000,FlatFee,0.0,Commercial,Freight|06:00-18:00,
2389,NoCharger,1000000000,FlatFee,0.0,Commercial,Freight|06:00-18:00,
2390,NoCharger,1000000000,FlatFee,0.0,Commercial,Freight|06:00-18:00,
2391,NoCharger,1000000000,FlatFee,0.0,Commercial,Freight|06:00-18:00,
2392,NoCharger,1000000000,FlatFee,0.0,Commercial,Freight|06:00-18:00,
2393,NoCharger,1000000000,FlatFee,0.0,Commercial,Freight|06:00-18:00,
2394,NoCharger,1000000000,FlatFee,0.0,Commercial,Freight|06:00-18:00,
2395,NoCharger,1000000000,FlatFee,0.0,Commercial,Freight|06:00-18:00,
2396,NoCharger,1000000000,FlatFee,0.0,Commercial,Freight|06:00-18:00,
2397,NoCharger,1000000000,FlatFee,0.0,Commercial,Freight|06:00-18:00,
2398,NoCharger,1000000000,FlatFee,0.0,Commercial,Freight|06:00-18:00,
2399,NoCharger,1000000000,FlatFee,0.0,Commercial,Freight|06:00-18:00,
2400,NoCharger,1000000000,FlatFee,0.0,Commercial,Freight|06:00-18:00,
2401,NoCharger,1000000000,FlatFee,0.0,Commercial,Freight|06:00-18:00,
2402,NoCharger,1000000000,FlatFee,0.0,Commercial,Freight|06:00-18:00,
2403,NoCharger,1000000000,FlatFee,0.0,Commercial,Freight|06:00-18:00,
2404,NoCharger,1000000000,FlatFee,0.0,Commercial,Freight|06:00-18:00,
2405,NoCharger,1000000000,FlatFee,0.0,Commercial,Freight|06:00-18:00,
2406,NoCharger,1000000000,FlatFee,0.0,Commercial,Freight|06:00-18:00,
2407,NoCharger,1000000000,FlatFee,0.0,Commercial,Freight|06:00-18:00,
2408,NoCharger,1000000000,FlatFee,0.0,Commercial,Freight|06:00-18:00,
2409,NoCharger,1000000000,FlatFee,0.0,Commercial,Freight|06:00-18:00,
2410,NoCharger,1000000000,FlatFee,0.0,Commercial,Freight|06:00-18:00,
2411,NoCharger,1000000000,FlatFee,0.0,Commercial,Freight|06:00-18:00,
2412,NoCharger,1000000000,FlatFee,0.0,Commercial,Freight|06:00-18:00,
2413,NoCharger,1000000000,FlatFee,0.0,Commercial,Freight|06:00-18:00,
2414,NoCharger,1000000000,FlatFee,0.0,Commercial,Freight|06:00-18:00,
2415,NoCharger,1000000000,FlatFee,0.0,Commercial,Freight|06:00-18:00,
2416,NoCharger,1000000000,FlatFee,0.0,Commercial,Freight|06:00-18:00,
2417,NoCharger,1000000000,FlatFee,0.0,Commercial,Freight|06:00-18:00,
2418,NoCharger,1000000000,FlatFee,0.0,Commercial,Freight|06:00-18:00,
2419,NoCharger,1000000000,FlatFee,0.0,Commercial,Freight|06:00-18:00,
2420,NoCharger,1000000000,FlatFee,0.0,Commercial,Freight|06:00-18:00,
2421,NoCharger,1000000000,FlatFee,0.0,Commercial,Freight|06:00-18:00,
2422,NoCharger,1000000000,FlatFee,0.0,Commercial,Freight|06:00-18:00,
2423,NoCharger,1000000000,FlatFee,0.0,Commercial,Freight|06:00-18:00,
2424,NoCharger,1000000000,FlatFee,0.0,Commercial,Freight|06:00-18:00,
2425,NoCharger,1000000000,FlatFee,0.0,Commercial,Freight|06:00-18:00,
2426,NoCharger,1000000000,FlatFee,0.0,Commercial,Freight|06:00-18:00,
2427,NoCharger,1000000000,FlatFee,0.0,Commercial,Freight|06:00-18:00,
2428,NoCharger,1000000000,FlatFee,0.0,Commercial,Freight|06:00-18:00,
2429,NoCharger,1000000000,FlatFee,0.0,Commercial,Freight|06:00-18:00,
2430,NoCharger,1000000000,FlatFee,0.0,Commercial,Freight|06:00-18:00,
2431,NoCharger,1000000000,FlatFee,0.0,Commercial,Freight|06:00-18:00,
2432,NoCharger,1000000000,FlatFee,0.0,Commercial,Freight|06:00-18:00,
2433,NoCharger,1000000000,FlatFee,0.0,Commercial,Freight|06:00-18:00,
2434,NoCharger,1000000000,FlatFee,0.0,Commercial,Freight|06:00-18:00,
2435,NoCharger,1000000000,FlatFee,0.0,Commercial,Freight|06:00-18:00,
2436,NoCharger,1000000000,FlatFee,0.0,Commercial,Freight|06:00-18:00,
2437,NoCharger,1000000000,FlatFee,0.0,Commercial,Freight|06:00-18:00,
2438,NoCharger,1000000000,FlatFee,0.0,Commercial,Freight|06:00-18:00,
2439,NoCharger,1000000000,FlatFee,0.0,Commercial,Freight|06:00-18:00,
2440,NoCharger,1000000000,FlatFee,0.0,Commercial,Freight|06:00-18:00,
2441,NoCharger,1000000000,FlatFee,0.0,Commercial,Freight|06:00-18:00,
2442,NoCharger,1000000000,FlatFee,0.0,Commercial,Freight|06:00-18:00,
2443,NoCharger,1000000000,FlatFee,0.0,Commercial,Freight|06:00-18:00,
2444,NoCharger,1000000000,FlatFee,0.0,Commercial,Freight|06:00-18:00,
2445,NoCharger,1000000000,FlatFee,0.0,Commercial,Freight|06:00-18:00,
2446,NoCharger,1000000000,FlatFee,0.0,Commercial,Freight|06:00-18:00,
2447,NoCharger,1000000000,FlatFee,0.0,Commercial,Freight|06:00-18:00,
2448,NoCharger,1000000000,FlatFee,0.0,Commercial,Freight|06:00-18:00,
2449,NoCharger,1000000000,FlatFee,0.0,Commercial,Freight|06:00-18:00,
2450,NoCharger,1000000000,FlatFee,0.0,Commercial,Freight|06:00-18:00,
2451,NoCharger,1000000000,FlatFee,0.0,Commercial,Freight|06:00-18:00,
2452,NoCharger,1000000000,FlatFee,0.0,Commercial,Freight|06:00-18:00,
2453,NoCharger,1000000000,FlatFee,0.0,Commercial,Freight|06:00-18:00,
2454,NoCharger,1000000000,FlatFee,0.0,Commercial,Freight|06:00-18:00,
2455,NoCharger,1000000000,FlatFee,0.0,Commercial,Freight|06:00-18:00,
2456,NoCharger,1000000000,FlatFee,0.0,Commercial,Freight|06:00-18:00,
2457,NoCharger,1000000000,FlatFee,0.0,Commercial,Freight|06:00-18:00,
2458,NoCharger,1000000000,FlatFee,0.0,Commercial,Freight|06:00-18:00,
2459,NoCharger,1000000000,FlatFee,0.0,Commercial,Freight|06:00-18:00,
2460,NoCharger,1000000000,FlatFee,0.0,Commercial,Freight|06:00-18:00,
2461,NoCharger,1000000000,FlatFee,0.0,Commercial,Freight|06:00-18:00,
2462,NoCharger,1000000000,FlatFee,0.0,Commercial,Freight|06:00-18:00,
2463,NoCharger,1000000000,FlatFee,0.0,Commercial,Freight|06:00-18:00,
2464,NoCharger,1000000000,FlatFee,0.0,Commercial,Freight|06:00-18:00,
2465,NoCharger,1000000000,FlatFee,0.0,Commercial,Freight|06:00-18:00,
2466,NoCharger,1000000000,FlatFee,0.0,Commercial,Freight|06:00-18:00,
2467,NoCharger,1000000000,FlatFee,0.0,Commercial,Freight|06:00-18:00,
2468,NoCharger,1000000000,FlatFee,0.0,Commercial,Freight|06:00-18:00,
2469,NoCharger,1000000000,FlatFee,0.0,Commercial,Freight|06:00-18:00,
2470,NoCharger,1000000000,FlatFee,0.0,Commercial,Freight|06:00-18:00,
2471,NoCharger,1000000000,FlatFee,0.0,Commercial,Freight|06:00-18:00,
2472,NoCharger,1000000000,FlatFee,0.0,Commercial,Freight|06:00-18:00,
2473,NoCharger,1000000000,FlatFee,0.0,Commercial,Freight|06:00-18:00,
2474,NoCharger,1000000000,FlatFee,0.0,Commercial,Freight|06:00-18:00,
2475,NoCharger,1000000000,FlatFee,0.0,Commercial,Freight|06:00-18:00,
2476,NoCharger,1000000000,FlatFee,0.0,Commercial,Freight|06:00-18:00,
2477,NoCharger,1000000000,FlatFee,0.0,Commercial,Freight|06:00-18:00,
2478,NoCharger,1000000000,FlatFee,0.0,Commercial,Freight|06:00-18:00,
2479,NoCharger,1000000000,FlatFee,0.0,Commercial,Freight|06:00-18:00,
2480,NoCharger,1000000000,FlatFee,0.0,Commercial,Freight|06:00-18:00,
2481,NoCharger,1000000000,FlatFee,0.0,Commercial,Freight|06:00-18:00,
2482,NoCharger,1000000000,FlatFee,0.0,Commercial,Freight|06:00-18:00,
2483,NoCharger,1000000000,FlatFee,0.0,Commercial,Freight|06:00-18:00,
2484,NoCharger,1000000000,FlatFee,0.0,Commercial,Freight|06:00-18:00,
2485,NoCharger,1000000000,FlatFee,0.0,Commercial,Freight|06:00-18:00,
2486,NoCharger,1000000000,FlatFee,0.0,Commercial,Freight|06:00-18:00,
2487,NoCharger,1000000000,FlatFee,0.0,Commercial,Freight|06:00-18:00,
2488,NoCharger,1000000000,FlatFee,0.0,Commercial,Freight|06:00-18:00,
2489,NoCharger,1000000000,FlatFee,0.0,Commercial,Freight|06:00-18:00,
2490,NoCharger,1000000000,FlatFee,0.0,Commercial,Freight|06:00-18:00,
2491,NoCharger,1000000000,FlatFee,0.0,Commercial,Freight|06:00-18:00,
2492,NoCharger,1000000000,FlatFee,0.0,Commercial,Freight|06:00-18:00,
2493,NoCharger,1000000000,FlatFee,0.0,Commercial,Freight|06:00-18:00,
2494,NoCharger,1000000000,FlatFee,0.0,Commercial,Freight|06:00-18:00,
2495,NoCharger,1000000000,FlatFee,0.0,Commercial,Freight|06:00-18:00,
2496,NoCharger,1000000000,FlatFee,0.0,Commercial,Freight|06:00-18:00,
2497,NoCharger,1000000000,FlatFee,0.0,Commercial,Freight|06:00-18:00,
2498,NoCharger,1000000000,FlatFee,0.0,Commercial,Freight|06:00-18:00,
2499,NoCharger,1000000000,FlatFee,0.0,Commercial,Freight|06:00-18:00,
2500,NoCharger,1000000000,FlatFee,0.0,Commercial,Freight|06:00-18:00,
2501,NoCharger,1000000000,FlatFee,0.0,Commercial,Freight|06:00-18:00,
2502,NoCharger,1000000000,FlatFee,0.0,Commercial,Freight|06:00-18:00,
2503,NoCharger,1000000000,FlatFee,0.0,Commercial,Freight|06:00-18:00,
2504,NoCharger,1000000000,FlatFee,0.0,Commercial,Freight|06:00-18:00,
2505,NoCharger,1000000000,FlatFee,0.0,Commercial,Freight|06:00-18:00,
2506,NoCharger,1000000000,FlatFee,0.0,Commercial,Freight|06:00-18:00,
2507,NoCharger,1000000000,FlatFee,0.0,Commercial,Freight|06:00-18:00,
2508,NoCharger,1000000000,FlatFee,0.0,Commercial,Freight|06:00-18:00,
2509,NoCharger,1000000000,FlatFee,0.0,Commercial,Freight|06:00-18:00,
2510,NoCharger,1000000000,FlatFee,0.0,Commercial,Freight|06:00-18:00,
2511,NoCharger,1000000000,FlatFee,0.0,Commercial,Freight|06:00-18:00,
2512,NoCharger,1000000000,FlatFee,0.0,Commercial,Freight|06:00-18:00,
2513,NoCharger,1000000000,FlatFee,0.0,Commercial,Freight|06:00-18:00,
2514,NoCharger,1000000000,FlatFee,0.0,Commercial,Freight|06:00-18:00,
2515,NoCharger,1000000000,FlatFee,0.0,Commercial,Freight|06:00-18:00,
2516,NoCharger,1000000000,FlatFee,0.0,Commercial,Freight|06:00-18:00,
2517,NoCharger,1000000000,FlatFee,0.0,Commercial,Freight|06:00-18:00,
2518,NoCharger,1000000000,FlatFee,0.0,Commercial,Freight|06:00-18:00,
2519,NoCharger,1000000000,FlatFee,0.0,Commercial,Freight|06:00-18:00,
2520,NoCharger,1000000000,FlatFee,0.0,Commercial,Freight|06:00-18:00,
2521,NoCharger,1000000000,FlatFee,0.0,Commercial,Freight|06:00-18:00,
2522,NoCharger,1000000000,FlatFee,0.0,Commercial,Freight|06:00-18:00,
2523,NoCharger,1000000000,FlatFee,0.0,Commercial,Freight|06:00-18:00,
2524,NoCharger,1000000000,FlatFee,0.0,Commercial,Freight|06:00-18:00,
2525,NoCharger,1000000000,FlatFee,0.0,Commercial,Freight|06:00-18:00,
2526,NoCharger,1000000000,FlatFee,0.0,Commercial,Freight|06:00-18:00,
2527,NoCharger,1000000000,FlatFee,0.0,Commercial,Freight|06:00-18:00,
2528,NoCharger,1000000000,FlatFee,0.0,Commercial,Freight|06:00-18:00,
2529,NoCharger,1000000000,FlatFee,0.0,Commercial,Freight|06:00-18:00,
2530,NoCharger,1000000000,FlatFee,0.0,Commercial,Freight|06:00-18:00,
2531,NoCharger,1000000000,FlatFee,0.0,Commercial,Freight|06:00-18:00,
2532,NoCharger,1000000000,FlatFee,0.0,Commercial,Freight|06:00-18:00,
2533,NoCharger,1000000000,FlatFee,0.0,Commercial,Freight|06:00-18:00,
2534,NoCharger,1000000000,FlatFee,0.0,Commercial,Freight|06:00-18:00,
2535,NoCharger,1000000000,FlatFee,0.0,Commercial,Freight|06:00-18:00,
2536,NoCharger,1000000000,FlatFee,0.0,Commercial,Freight|06:00-18:00,
2537,NoCharger,1000000000,FlatFee,0.0,Commercial,Freight|06:00-18:00,
2538,NoCharger,1000000000,FlatFee,0.0,Commercial,Freight|06:00-18:00,
2539,NoCharger,1000000000,FlatFee,0.0,Commercial,Freight|06:00-18:00,
2540,NoCharger,1000000000,FlatFee,0.0,Commercial,Freight|06:00-18:00,
2541,NoCharger,1000000000,FlatFee,0.0,Commercial,Freight|06:00-18:00,
2542,NoCharger,1000000000,FlatFee,0.0,Commercial,Freight|06:00-18:00,
2543,NoCharger,1000000000,FlatFee,0.0,Commercial,Freight|06:00-18:00,
2544,NoCharger,1000000000,FlatFee,0.0,Commercial,Freight|06:00-18:00,
2545,NoCharger,1000000000,FlatFee,0.0,Commercial,Freight|06:00-18:00,
2546,NoCharger,1000000000,FlatFee,0.0,Commercial,Freight|06:00-18:00,
2547,NoCharger,1000000000,FlatFee,0.0,Commercial,Freight|06:00-18:00,
2548,NoCharger,1000000000,FlatFee,0.0,Commercial,Freight|06:00-18:00,
2549,NoCharger,1000000000,FlatFee,0.0,Commercial,Freight|06:00-18:00,
2550,NoCharger,1000000000,FlatFee,0.0,Commercial,Freight|06:00-18:00,
2551,NoCharger,1000000000,FlatFee,0.0,Commercial,Freight|06:00-18:00,
2552,NoCharger,1000000000,FlatFee,0.0,Commercial,Freight|06:00-18:00,
2553,NoCharger,1000000000,FlatFee,0.0,Commercial,Freight|06:00-18:00,
2554,NoCharger,1000000000,FlatFee,0.0,Commercial,Freight|06:00-18:00,
2555,NoCharger,1000000000,FlatFee,0.0,Commercial,Freight|06:00-18:00,
2556,NoCharger,1000000000,FlatFee,0.0,Commercial,Freight|06:00-18:00,
2557,NoCharger,1000000000,FlatFee,0.0,Commercial,Freight|06:00-18:00,
2558,NoCharger,1000000000,FlatFee,0.0,Commercial,Freight|06:00-18:00,
2559,NoCharger,1000000000,FlatFee,0.0,Commercial,Freight|06:00-18:00,
2560,NoCharger,1000000000,FlatFee,0.0,Commercial,Freight|06:00-18:00,
2561,NoCharger,1000000000,FlatFee,0.0,Commercial,Freight|06:00-18:00,
2562,NoCharger,1000000000,FlatFee,0.0,Commercial,Freight|06:00-18:00,
2563,NoCharger,1000000000,FlatFee,0.0,Commercial,Freight|06:00-18:00,
2564,NoCharger,1000000000,FlatFee,0.0,Commercial,Freight|06:00-18:00,
2565,NoCharger,1000000000,FlatFee,0.0,Commercial,Freight|06:00-18:00,
2566,NoCharger,1000000000,FlatFee,0.0,Commercial,Freight|06:00-18:00,
2567,NoCharger,1000000000,FlatFee,0.0,Commercial,Freight|06:00-18:00,
2568,NoCharger,1000000000,FlatFee,0.0,Commercial,Freight|06:00-18:00,
2569,NoCharger,1000000000,FlatFee,0.0,Commercial,Freight|06:00-18:00,
2570,NoCharger,1000000000,FlatFee,0.0,Commercial,Freight|06:00-18:00,
2571,NoCharger,1000000000,FlatFee,0.0,Commercial,Freight|06:00-18:00,
2572,NoCharger,1000000000,FlatFee,0.0,Commercial,Freight|06:00-18:00,
2573,NoCharger,1000000000,FlatFee,0.0,Commercial,Freight|06:00-18:00,
2574,NoCharger,1000000000,FlatFee,0.0,Commercial,Freight|06:00-18:00,
2575,NoCharger,1000000000,FlatFee,0.0,Commercial,Freight|06:00-18:00,
2576,NoCharger,1000000000,FlatFee,0.0,Commercial,Freight|06:00-18:00,
2577,NoCharger,1000000000,FlatFee,0.0,Commercial,Freight|06:00-18:00,
2578,NoCharger,1000000000,FlatFee,0.0,Commercial,Freight|06:00-18:00,
2579,NoCharger,1000000000,FlatFee,0.0,Commercial,Freight|06:00-18:00,
2580,NoCharger,1000000000,FlatFee,0.0,Commercial,Freight|06:00-18:00,
2581,NoCharger,1000000000,FlatFee,0.0,Commercial,Freight|06:00-18:00,
2582,NoCharger,1000000000,FlatFee,0.0,Commercial,Freight|06:00-18:00,
2583,NoCharger,1000000000,FlatFee,0.0,Commercial,Freight|06:00-18:00,
2584,NoCharger,1000000000,FlatFee,0.0,Commercial,Freight|06:00-18:00,
2585,NoCharger,1000000000,FlatFee,0.0,Commercial,Freight|06:00-18:00,
2586,NoCharger,1000000000,FlatFee,0.0,Commercial,Freight|06:00-18:00,
2587,NoCharger,1000000000,FlatFee,0.0,Commercial,Freight|06:00-18:00,
2588,NoCharger,1000000000,FlatFee,0.0,Commercial,Freight|06:00-18:00,
2589,NoCharger,1000000000,FlatFee,0.0,Commercial,Freight|06:00-18:00,
2590,NoCharger,1000000000,FlatFee,0.0,Commercial,Freight|06:00-18:00,
2591,NoCharger,1000000000,FlatFee,0.0,Commercial,Freight|06:00-18:00,
2592,NoCharger,1000000000,FlatFee,0.0,Commercial,Freight|06:00-18:00,
2593,NoCharger,1000000000,FlatFee,0.0,Commercial,Freight|06:00-18:00,
2594,NoCharger,1000000000,FlatFee,0.0,Commercial,Freight|06:00-18:00,
2595,NoCharger,1000000000,FlatFee,0.0,Commercial,Freight|06:00-18:00,
2596,NoCharger,1000000000,FlatFee,0.0,Commercial,Freight|06:00-18:00,
2597,NoCharger,1000000000,FlatFee,0.0,Commercial,Freight|06:00-18:00,
2598,NoCharger,1000000000,FlatFee,0.0,Commercial,Freight|06:00-18:00,
2599,NoCharger,1000000000,FlatFee,0.0,Commercial,Freight|06:00-18:00,
2600,NoCharger,1000000000,FlatFee,0.0,Commercial,Freight|06:00-18:00,
2601,NoCharger,1000000000,FlatFee,0.0,Commercial,Freight|06:00-18:00,
2602,NoCharger,1000000000,FlatFee,0.0,Commercial,Freight|06:00-18:00,
2603,NoCharger,1000000000,FlatFee,0.0,Commercial,Freight|06:00-18:00,
2604,NoCharger,1000000000,FlatFee,0.0,Commercial,Freight|06:00-18:00,
2605,NoCharger,1000000000,FlatFee,0.0,Commercial,Freight|06:00-18:00,
2606,NoCharger,1000000000,FlatFee,0.0,Commercial,Freight|06:00-18:00,
2607,NoCharger,1000000000,FlatFee,0.0,Commercial,Freight|06:00-18:00,
2608,NoCharger,1000000000,FlatFee,0.0,Commercial,Freight|06:00-18:00,
2609,NoCharger,1000000000,FlatFee,0.0,Commercial,Freight|06:00-18:00,
2610,NoCharger,1000000000,FlatFee,0.0,Commercial,Freight|06:00-18:00,
2611,NoCharger,1000000000,FlatFee,0.0,Commercial,Freight|06:00-18:00,
2612,NoCharger,1000000000,FlatFee,0.0,Commercial,Freight|06:00-18:00,
2613,NoCharger,1000000000,FlatFee,0.0,Commercial,Freight|06:00-18:00,
2614,NoCharger,1000000000,FlatFee,0.0,Commercial,Freight|06:00-18:00,
2615,NoCharger,1000000000,FlatFee,0.0,Commercial,Freight|06:00-18:00,
2616,NoCharger,1000000000,FlatFee,0.0,Commercial,Freight|06:00-18:00,
2617,NoCharger,1000000000,FlatFee,0.0,Commercial,Freight|06:00-18:00,
2618,NoCharger,1000000000,FlatFee,0.0,Commercial,Freight|06:00-18:00,
2619,NoCharger,1000000000,FlatFee,0.0,Commercial,Freight|06:00-18:00,
2620,NoCharger,1000000000,FlatFee,0.0,Commercial,Freight|06:00-18:00,
2621,NoCharger,1000000000,FlatFee,0.0,Commercial,Freight|06:00-18:00,
2622,NoCharger,1000000000,FlatFee,0.0,Commercial,Freight|06:00-18:00,
2623,NoCharger,1000000000,FlatFee,0.0,Commercial,Freight|06:00-18:00,
2624,NoCharger,1000000000,FlatFee,0.0,Commercial,Freight|06:00-18:00,
2625,NoCharger,1000000000,FlatFee,0.0,Commercial,Freight|06:00-18:00,
2626,NoCharger,1000000000,FlatFee,0.0,Commercial,Freight|06:00-18:00,
2627,NoCharger,1000000000,FlatFee,0.0,Commercial,Freight|06:00-18:00,
2628,NoCharger,1000000000,FlatFee,0.0,Commercial,Freight|06:00-18:00,
2629,NoCharger,1000000000,FlatFee,0.0,Commercial,Freight|06:00-18:00,
2630,NoCharger,1000000000,FlatFee,0.0,Commercial,Freight|06:00-18:00,
2631,NoCharger,1000000000,FlatFee,0.0,Commercial,Freight|06:00-18:00,
2632,NoCharger,1000000000,FlatFee,0.0,Commercial,Freight|06:00-18:00,
2633,NoCharger,1000000000,FlatFee,0.0,Commercial,Freight|06:00-18:00,
2634,NoCharger,1000000000,FlatFee,0.0,Commercial,Freight|06:00-18:00,
2635,NoCharger,1000000000,FlatFee,0.0,Commercial,Freight|06:00-18:00,
2636,NoCharger,1000000000,FlatFee,0.0,Commercial,Freight|06:00-18:00,
2637,NoCharger,1000000000,FlatFee,0.0,Commercial,Freight|06:00-18:00,
2638,NoCharger,1000000000,FlatFee,0.0,Commercial,Freight|06:00-18:00,
2639,NoCharger,1000000000,FlatFee,0.0,Commercial,Freight|06:00-18:00,
2640,NoCharger,1000000000,FlatFee,0.0,Commercial,Freight|06:00-18:00,
2641,NoCharger,1000000000,FlatFee,0.0,Commercial,Freight|06:00-18:00,
2642,NoCharger,1000000000,FlatFee,0.0,Commercial,Freight|06:00-18:00,
2643,NoCharger,1000000000,FlatFee,0.0,Commercial,Freight|06:00-18:00,
2644,NoCharger,1000000000,FlatFee,0.0,Commercial,Freight|06:00-18:00,
1,NoCharger,1000000000,FlatFee,0.0,Depot,Freight|00:00-23:59,
2,NoCharger,1000000000,FlatFee,0.0,Depot,Freight|00:00-23:59,
3,NoCharger,1000000000,FlatFee,0.0,Depot,Freight|00:00-23:59,
4,NoCharger,1000000000,FlatFee,0.0,Depot,Freight|00:00-23:59,
5,NoCharger,1000000000,FlatFee,0.0,Depot,Freight|00:00-23:59,
6,NoCharger,1000000000,FlatFee,0.0,Depot,Freight|00:00-23:59,
7,NoCharger,1000000000,FlatFee,0.0,Depot,Freight|00:00-23:59,
8,NoCharger,1000000000,FlatFee,0.0,Depot,Freight|00:00-23:59,
9,NoCharger,1000000000,FlatFee,0.0,Depot,Freight|00:00-23:59,
10,NoCharger,1000000000,FlatFee,0.0,Depot,Freight|00:00-23:59,
11,NoCharger,1000000000,FlatFee,0.0,Depot,Freight|00:00-23:59,
12,NoCharger,1000000000,FlatFee,0.0,Depot,Freight|00:00-23:59,
13,NoCharger,1000000000,FlatFee,0.0,Depot,Freight|00:00-23:59,
14,NoCharger,1000000000,FlatFee,0.0,Depot,Freight|00:00-23:59,
15,NoCharger,1000000000,FlatFee,0.0,Depot,Freight|00:00-23:59,
16,NoCharger,1000000000,FlatFee,0.0,Depot,Freight|00:00-23:59,
17,NoCharger,1000000000,FlatFee,0.0,Depot,Freight|00:00-23:59,
18,NoCharger,1000000000,FlatFee,0.0,Depot,Freight|00:00-23:59,
19,NoCharger,1000000000,FlatFee,0.0,Depot,Freight|00:00-23:59,
20,NoCharger,1000000000,FlatFee,0.0,Depot,Freight|00:00-23:59,
21,NoCharger,1000000000,FlatFee,0.0,Depot,Freight|00:00-23:59,
22,NoCharger,1000000000,FlatFee,0.0,Depot,Freight|00:00-23:59,
23,NoCharger,1000000000,FlatFee,0.0,Depot,Freight|00:00-23:59,
24,NoCharger,1000000000,FlatFee,0.0,Depot,Freight|00:00-23:59,
25,NoCharger,1000000000,FlatFee,0.0,Depot,Freight|00:00-23:59,
26,NoCharger,1000000000,FlatFee,0.0,Depot,Freight|00:00-23:59,
27,NoCharger,1000000000,FlatFee,0.0,Depot,Freight|00:00-23:59,
28,NoCharger,1000000000,FlatFee,0.0,Depot,Freight|00:00-23:59,
29,NoCharger,1000000000,FlatFee,0.0,Depot,Freight|00:00-23:59,
30,NoCharger,1000000000,FlatFee,0.0,Depot,Freight|00:00-23:59,
31,NoCharger,1000000000,FlatFee,0.0,Depot,Freight|00:00-23:59,
32,NoCharger,1000000000,FlatFee,0.0,Depot,Freight|00:00-23:59,
33,NoCharger,1000000000,FlatFee,0.0,Depot,Freight|00:00-23:59,
34,NoCharger,1000000000,FlatFee,0.0,Depot,Freight|00:00-23:59,
35,NoCharger,1000000000,FlatFee,0.0,Depot,Freight|00:00-23:59,
36,NoCharger,1000000000,FlatFee,0.0,Depot,Freight|00:00-23:59,
37,NoCharger,1000000000,FlatFee,0.0,Depot,Freight|00:00-23:59,
38,NoCharger,1000000000,FlatFee,0.0,Depot,Freight|00:00-23:59,
39,NoCharger,1000000000,FlatFee,0.0,Depot,Freight|00:00-23:59,
40,NoCharger,1000000000,FlatFee,0.0,Depot,Freight|00:00-23:59,
41,NoCharger,1000000000,FlatFee,0.0,Depot,Freight|00:00-23:59,
42,NoCharger,1000000000,FlatFee,0.0,Depot,Freight|00:00-23:59,
43,NoCharger,1000000000,FlatFee,0.0,Depot,Freight|00:00-23:59,
44,NoCharger,1000000000,FlatFee,0.0,Depot,Freight|00:00-23:59,
45,NoCharger,1000000000,FlatFee,0.0,Depot,Freight|00:00-23:59,
46,NoCharger,1000000000,FlatFee,0.0,Depot,Freight|00:00-23:59,
47,NoCharger,1000000000,FlatFee,0.0,Depot,Freight|00:00-23:59,
48,NoCharger,1000000000,FlatFee,0.0,Depot,Freight|00:00-23:59,
49,NoCharger,1000000000,FlatFee,0.0,Depot,Freight|00:00-23:59,
50,NoCharger,1000000000,FlatFee,0.0,Depot,Freight|00:00-23:59,
51,NoCharger,1000000000,FlatFee,0.0,Depot,Freight|00:00-23:59,
52,NoCharger,1000000000,FlatFee,0.0,Depot,Freight|00:00-23:59,
53,NoCharger,1000000000,FlatFee,0.0,Depot,Freight|00:00-23:59,
54,NoCharger,1000000000,FlatFee,0.0,Depot,Freight|00:00-23:59,
55,NoCharger,1000000000,FlatFee,0.0,Depot,Freight|00:00-23:59,
56,NoCharger,1000000000,FlatFee,0.0,Depot,Freight|00:00-23:59,
57,NoCharger,1000000000,FlatFee,0.0,Depot,Freight|00:00-23:59,
58,NoCharger,1000000000,FlatFee,0.0,Depot,Freight|00:00-23:59,
59,NoCharger,1000000000,FlatFee,0.0,Depot,Freight|00:00-23:59,
60,NoCharger,1000000000,FlatFee,0.0,Depot,Freight|00:00-23:59,
61,NoCharger,1000000000,FlatFee,0.0,Depot,Freight|00:00-23:59,
62,NoCharger,1000000000,FlatFee,0.0,Depot,Freight|00:00-23:59,
63,NoCharger,1000000000,FlatFee,0.0,Depot,Freight|00:00-23:59,
64,NoCharger,1000000000,FlatFee,0.0,Depot,Freight|00:00-23:59,
65,NoCharger,1000000000,FlatFee,0.0,Depot,Freight|00:00-23:59,
66,NoCharger,1000000000,FlatFee,0.0,Depot,Freight|00:00-23:59,
67,NoCharger,1000000000,FlatFee,0.0,Depot,Freight|00:00-23:59,
68,NoCharger,1000000000,FlatFee,0.0,Depot,Freight|00:00-23:59,
69,NoCharger,1000000000,FlatFee,0.0,Depot,Freight|00:00-23:59,
70,NoCharger,1000000000,FlatFee,0.0,Depot,Freight|00:00-23:59,
71,NoCharger,1000000000,FlatFee,0.0,Depot,Freight|00:00-23:59,
72,NoCharger,1000000000,FlatFee,0.0,Depot,Freight|00:00-23:59,
73,NoCharger,1000000000,FlatFee,0.0,Depot,Freight|00:00-23:59,
74,NoCharger,1000000000,FlatFee,0.0,Depot,Freight|00:00-23:59,
75,NoCharger,1000000000,FlatFee,0.0,Depot,Freight|00:00-23:59,
76,NoCharger,1000000000,FlatFee,0.0,Depot,Freight|00:00-23:59,
77,NoCharger,1000000000,FlatFee,0.0,Depot,Freight|00:00-23:59,
78,NoCharger,1000000000,FlatFee,0.0,Depot,Freight|00:00-23:59,
79,NoCharger,1000000000,FlatFee,0.0,Depot,Freight|00:00-23:59,
80,NoCharger,1000000000,FlatFee,0.0,Depot,Freight|00:00-23:59,
81,NoCharger,1000000000,FlatFee,0.0,Depot,Freight|00:00-23:59,
82,NoCharger,1000000000,FlatFee,0.0,Depot,Freight|00:00-23:59,
83,NoCharger,1000000000,FlatFee,0.0,Depot,Freight|00:00-23:59,
84,NoCharger,1000000000,FlatFee,0.0,Depot,Freight|00:00-23:59,
85,NoCharger,1000000000,FlatFee,0.0,Depot,Freight|00:00-23:59,
86,NoCharger,1000000000,FlatFee,0.0,Depot,Freight|00:00-23:59,
87,NoCharger,1000000000,FlatFee,0.0,Depot,Freight|00:00-23:59,
88,NoCharger,1000000000,FlatFee,0.0,Depot,Freight|00:00-23:59,
89,NoCharger,1000000000,FlatFee,0.0,Depot,Freight|00:00-23:59,
90,NoCharger,1000000000,FlatFee,0.0,Depot,Freight|00:00-23:59,
91,NoCharger,1000000000,FlatFee,0.0,Depot,Freight|00:00-23:59,
92,NoCharger,1000000000,FlatFee,0.0,Depot,Freight|00:00-23:59,
93,NoCharger,1000000000,FlatFee,0.0,Depot,Freight|00:00-23:59,
94,NoCharger,1000000000,FlatFee,0.0,Depot,Freight|00:00-23:59,
95,NoCharger,1000000000,FlatFee,0.0,Depot,Freight|00:00-23:59,
96,NoCharger,1000000000,FlatFee,0.0,Depot,Freight|00:00-23:59,
97,NoCharger,1000000000,FlatFee,0.0,Depot,Freight|00:00-23:59,
98,NoCharger,1000000000,FlatFee,0.0,Depot,Freight|00:00-23:59,
99,NoCharger,1000000000,FlatFee,0.0,Depot,Freight|00:00-23:59,
100,NoCharger,1000000000,FlatFee,0.0,Depot,Freight|00:00-23:59,
101,NoCharger,1000000000,FlatFee,0.0,Depot,Freight|00:00-23:59,
102,NoCharger,1000000000,FlatFee,0.0,Depot,Freight|00:00-23:59,
103,NoCharger,1000000000,FlatFee,0.0,Depot,Freight|00:00-23:59,
104,NoCharger,1000000000,FlatFee,0.0,Depot,Freight|00:00-23:59,
105,NoCharger,1000000000,FlatFee,0.0,Depot,Freight|00:00-23:59,
106,NoCharger,1000000000,FlatFee,0.0,Depot,Freight|00:00-23:59,
107,NoCharger,1000000000,FlatFee,0.0,Depot,Freight|00:00-23:59,
108,NoCharger,1000000000,FlatFee,0.0,Depot,Freight|00:00-23:59,
109,NoCharger,1000000000,FlatFee,0.0,Depot,Freight|00:00-23:59,
110,NoCharger,1000000000,FlatFee,0.0,Depot,Freight|00:00-23:59,
111,NoCharger,1000000000,FlatFee,0.0,Depot,Freight|00:00-23:59,
112,NoCharger,1000000000,FlatFee,0.0,Depot,Freight|00:00-23:59,
113,NoCharger,1000000000,FlatFee,0.0,Depot,Freight|00:00-23:59,
114,NoCharger,1000000000,FlatFee,0.0,Depot,Freight|00:00-23:59,
115,NoCharger,1000000000,FlatFee,0.0,Depot,Freight|00:00-23:59,
116,NoCharger,1000000000,FlatFee,0.0,Depot,Freight|00:00-23:59,
117,NoCharger,1000000000,FlatFee,0.0,Depot,Freight|00:00-23:59,
118,NoCharger,1000000000,FlatFee,0.0,Depot,Freight|00:00-23:59,
119,NoCharger,1000000000,FlatFee,0.0,Depot,Freight|00:00-23:59,
120,NoCharger,1000000000,FlatFee,0.0,Depot,Freight|00:00-23:59,
121,NoCharger,1000000000,FlatFee,0.0,Depot,Freight|00:00-23:59,
122,NoCharger,1000000000,FlatFee,0.0,Depot,Freight|00:00-23:59,
123,NoCharger,1000000000,FlatFee,0.0,Depot,Freight|00:00-23:59,
124,NoCharger,1000000000,FlatFee,0.0,Depot,Freight|00:00-23:59,
125,NoCharger,1000000000,FlatFee,0.0,Depot,Freight|00:00-23:59,
126,NoCharger,1000000000,FlatFee,0.0,Depot,Freight|00:00-23:59,
127,NoCharger,1000000000,FlatFee,0.0,Depot,Freight|00:00-23:59,
128,NoCharger,1000000000,FlatFee,0.0,Depot,Freight|00:00-23:59,
129,NoCharger,1000000000,FlatFee,0.0,Depot,Freight|00:00-23:59,
130,NoCharger,1000000000,FlatFee,0.0,Depot,Freight|00:00-23:59,
131,NoCharger,1000000000,FlatFee,0.0,Depot,Freight|00:00-23:59,
132,NoCharger,1000000000,FlatFee,0.0,Depot,Freight|00:00-23:59,
133,NoCharger,1000000000,FlatFee,0.0,Depot,Freight|00:00-23:59,
134,NoCharger,1000000000,FlatFee,0.0,Depot,Freight|00:00-23:59,
135,NoCharger,1000000000,FlatFee,0.0,Depot,Freight|00:00-23:59,
136,NoCharger,1000000000,FlatFee,0.0,Depot,Freight|00:00-23:59,
137,NoCharger,1000000000,FlatFee,0.0,Depot,Freight|00:00-23:59,
138,NoCharger,1000000000,FlatFee,0.0,Depot,Freight|00:00-23:59,
139,NoCharger,1000000000,FlatFee,0.0,Depot,Freight|00:00-23:59,
140,NoCharger,1000000000,FlatFee,0.0,Depot,Freight|00:00-23:59,
141,NoCharger,1000000000,FlatFee,0.0,Depot,Freight|00:00-23:59,
142,NoCharger,1000000000,FlatFee,0.0,Depot,Freight|00:00-23:59,
143,NoCharger,1000000000,FlatFee,0.0,Depot,Freight|00:00-23:59,
144,NoCharger,1000000000,FlatFee,0.0,Depot,Freight|00:00-23:59,
145,NoCharger,1000000000,FlatFee,0.0,Depot,Freight|00:00-23:59,
146,NoCharger,1000000000,FlatFee,0.0,Depot,Freight|00:00-23:59,
147,NoCharger,1000000000,FlatFee,0.0,Depot,Freight|00:00-23:59,
148,NoCharger,1000000000,FlatFee,0.0,Depot,Freight|00:00-23:59,
149,NoCharger,1000000000,FlatFee,0.0,Depot,Freight|00:00-23:59,
150,NoCharger,1000000000,FlatFee,0.0,Depot,Freight|00:00-23:59,
151,NoCharger,1000000000,FlatFee,0.0,Depot,Freight|00:00-23:59,
152,NoCharger,1000000000,FlatFee,0.0,Depot,Freight|00:00-23:59,
153,NoCharger,1000000000,FlatFee,0.0,Depot,Freight|00:00-23:59,
154,NoCharger,1000000000,FlatFee,0.0,Depot,Freight|00:00-23:59,
155,NoCharger,1000000000,FlatFee,0.0,Depot,Freight|00:00-23:59,
156,NoCharger,1000000000,FlatFee,0.0,Depot,Freight|00:00-23:59,
157,NoCharger,1000000000,FlatFee,0.0,Depot,Freight|00:00-23:59,
158,NoCharger,1000000000,FlatFee,0.0,Depot,Freight|00:00-23:59,
159,NoCharger,1000000000,FlatFee,0.0,Depot,Freight|00:00-23:59,
160,NoCharger,1000000000,FlatFee,0.0,Depot,Freight|00:00-23:59,
161,NoCharger,1000000000,FlatFee,0.0,Depot,Freight|00:00-23:59,
162,NoCharger,1000000000,FlatFee,0.0,Depot,Freight|00:00-23:59,
163,NoCharger,1000000000,FlatFee,0.0,Depot,Freight|00:00-23:59,
164,NoCharger,1000000000,FlatFee,0.0,Depot,Freight|00:00-23:59,
165,NoCharger,1000000000,FlatFee,0.0,Depot,Freight|00:00-23:59,
166,NoCharger,1000000000,FlatFee,0.0,Depot,Freight|00:00-23:59,
167,NoCharger,1000000000,FlatFee,0.0,Depot,Freight|00:00-23:59,
168,NoCharger,1000000000,FlatFee,0.0,Depot,Freight|00:00-23:59,
169,NoCharger,1000000000,FlatFee,0.0,Depot,Freight|00:00-23:59,
170,NoCharger,1000000000,FlatFee,0.0,Depot,Freight|00:00-23:59,
171,NoCharger,1000000000,FlatFee,0.0,Depot,Freight|00:00-23:59,
172,NoCharger,1000000000,FlatFee,0.0,Depot,Freight|00:00-23:59,
173,NoCharger,1000000000,FlatFee,0.0,Depot,Freight|00:00-23:59,
174,NoCharger,1000000000,FlatFee,0.0,Depot,Freight|00:00-23:59,
175,NoCharger,1000000000,FlatFee,0.0,Depot,Freight|00:00-23:59,
176,NoCharger,1000000000,FlatFee,0.0,Depot,Freight|00:00-23:59,
177,NoCharger,1000000000,FlatFee,0.0,Depot,Freight|00:00-23:59,
178,NoCharger,1000000000,FlatFee,0.0,Depot,Freight|00:00-23:59,
179,NoCharger,1000000000,FlatFee,0.0,Depot,Freight|00:00-23:59,
180,NoCharger,1000000000,FlatFee,0.0,Depot,Freight|00:00-23:59,
181,NoCharger,1000000000,FlatFee,0.0,Depot,Freight|00:00-23:59,
182,NoCharger,1000000000,FlatFee,0.0,Depot,Freight|00:00-23:59,
183,NoCharger,1000000000,FlatFee,0.0,Depot,Freight|00:00-23:59,
184,NoCharger,1000000000,FlatFee,0.0,Depot,Freight|00:00-23:59,
185,NoCharger,1000000000,FlatFee,0.0,Depot,Freight|00:00-23:59,
186,NoCharger,1000000000,FlatFee,0.0,Depot,Freight|00:00-23:59,
187,NoCharger,1000000000,FlatFee,0.0,Depot,Freight|00:00-23:59,
188,NoCharger,1000000000,FlatFee,0.0,Depot,Freight|00:00-23:59,
189,NoCharger,1000000000,FlatFee,0.0,Depot,Freight|00:00-23:59,
190,NoCharger,1000000000,FlatFee,0.0,Depot,Freight|00:00-23:59,
191,NoCharger,1000000000,FlatFee,0.0,Depot,Freight|00:00-23:59,
192,NoCharger,1000000000,FlatFee,0.0,Depot,Freight|00:00-23:59,
193,NoCharger,1000000000,FlatFee,0.0,Depot,Freight|00:00-23:59,
194,NoCharger,1000000000,FlatFee,0.0,Depot,Freight|00:00-23:59,
195,NoCharger,1000000000,FlatFee,0.0,Depot,Freight|00:00-23:59,
196,NoCharger,1000000000,FlatFee,0.0,Depot,Freight|00:00-23:59,
197,NoCharger,1000000000,FlatFee,0.0,Depot,Freight|00:00-23:59,
198,NoCharger,1000000000,FlatFee,0.0,Depot,Freight|00:00-23:59,
199,NoCharger,1000000000,FlatFee,0.0,Depot,Freight|00:00-23:59,
200,NoCharger,1000000000,FlatFee,0.0,Depot,Freight|00:00-23:59,
201,NoCharger,1000000000,FlatFee,0.0,Depot,Freight|00:00-23:59,
202,NoCharger,1000000000,FlatFee,0.0,Depot,Freight|00:00-23:59,
203,NoCharger,1000000000,FlatFee,0.0,Depot,Freight|00:00-23:59,
204,NoCharger,1000000000,FlatFee,0.0,Depot,Freight|00:00-23:59,
205,NoCharger,1000000000,FlatFee,0.0,Depot,Freight|00:00-23:59,
206,NoCharger,1000000000,FlatFee,0.0,Depot,Freight|00:00-23:59,
207,NoCharger,1000000000,FlatFee,0.0,Depot,Freight|00:00-23:59,
208,NoCharger,1000000000,FlatFee,0.0,Depot,Freight|00:00-23:59,
209,NoCharger,1000000000,FlatFee,0.0,Depot,Freight|00:00-23:59,
210,NoCharger,1000000000,FlatFee,0.0,Depot,Freight|00:00-23:59,
211,NoCharger,1000000000,FlatFee,0.0,Depot,Freight|00:00-23:59,
212,NoCharger,1000000000,FlatFee,0.0,Depot,Freight|00:00-23:59,
213,NoCharger,1000000000,FlatFee,0.0,Depot,Freight|00:00-23:59,
214,NoCharger,1000000000,FlatFee,0.0,Depot,Freight|00:00-23:59,
215,NoCharger,1000000000,FlatFee,0.0,Depot,Freight|00:00-23:59,
216,NoCharger,1000000000,FlatFee,0.0,Depot,Freight|00:00-23:59,
217,NoCharger,1000000000,FlatFee,0.0,Depot,Freight|00:00-23:59,
218,NoCharger,1000000000,FlatFee,0.0,Depot,Freight|00:00-23:59,
219,NoCharger,1000000000,FlatFee,0.0,Depot,Freight|00:00-23:59,
220,NoCharger,1000000000,FlatFee,0.0,Depot,Freight|00:00-23:59,
221,NoCharger,1000000000,FlatFee,0.0,Depot,Freight|00:00-23:59,
222,NoCharger,1000000000,FlatFee,0.0,Depot,Freight|00:00-23:59,
223,NoCharger,1000000000,FlatFee,0.0,Depot,Freight|00:00-23:59,
224,NoCharger,1000000000,FlatFee,0.0,Depot,Freight|00:00-23:59,
225,NoCharger,1000000000,FlatFee,0.0,Depot,Freight|00:00-23:59,
226,NoCharger,1000000000,FlatFee,0.0,Depot,Freight|00:00-23:59,
227,NoCharger,1000000000,FlatFee,0.0,Depot,Freight|00:00-23:59,
228,NoCharger,1000000000,FlatFee,0.0,Depot,Freight|00:00-23:59,
229,NoCharger,1000000000,FlatFee,0.0,Depot,Freight|00:00-23:59,
230,NoCharger,1000000000,FlatFee,0.0,Depot,Freight|00:00-23:59,
231,NoCharger,1000000000,FlatFee,0.0,Depot,Freight|00:00-23:59,
232,NoCharger,1000000000,FlatFee,0.0,Depot,Freight|00:00-23:59,
233,NoCharger,1000000000,FlatFee,0.0,Depot,Freight|00:00-23:59,
234,NoCharger,1000000000,FlatFee,0.0,Depot,Freight|00:00-23:59,
235,NoCharger,1000000000,FlatFee,0.0,Depot,Freight|00:00-23:59,
236,NoCharger,1000000000,FlatFee,0.0,Depot,Freight|00:00-23:59,
237,NoCharger,1000000000,FlatFee,0.0,Depot,Freight|00:00-23:59,
238,NoCharger,1000000000,FlatFee,0.0,Depot,Freight|00:00-23:59,
239,NoCharger,1000000000,FlatFee,0.0,Depot,Freight|00:00-23:59,
240,NoCharger,1000000000,FlatFee,0.0,Depot,Freight|00:00-23:59,
241,NoCharger,1000000000,FlatFee,0.0,Depot,Freight|00:00-23:59,
242,NoCharger,1000000000,FlatFee,0.0,Depot,Freight|00:00-23:59,
243,NoCharger,1000000000,FlatFee,0.0,Depot,Freight|00:00-23:59,
244,NoCharger,1000000000,FlatFee,0.0,Depot,Freight|00:00-23:59,
245,NoCharger,1000000000,FlatFee,0.0,Depot,Freight|00:00-23:59,
246,NoCharger,1000000000,FlatFee,0.0,Depot,Freight|00:00-23:59,
247,NoCharger,1000000000,FlatFee,0.0,Depot,Freight|00:00-23:59,
248,NoCharger,1000000000,FlatFee,0.0,Depot,Freight|00:00-23:59,
249,NoCharger,1000000000,FlatFee,0.0,Depot,Freight|00:00-23:59,
250,NoCharger,1000000000,FlatFee,0.0,Depot,Freight|00:00-23:59,
251,NoCharger,1000000000,FlatFee,0.0,Depot,Freight|00:00-23:59,
252,NoCharger,1000000000,FlatFee,0.0,Depot,Freight|00:00-23:59,
253,NoCharger,1000000000,FlatFee,0.0,Depot,Freight|00:00-23:59,
254,NoCharger,1000000000,FlatFee,0.0,Depot,Freight|00:00-23:59,
255,NoCharger,1000000000,FlatFee,0.0,Depot,Freight|00:00-23:59,
256,NoCharger,1000000000,FlatFee,0.0,Depot,Freight|00:00-23:59,
257,NoCharger,1000000000,FlatFee,0.0,Depot,Freight|00:00-23:59,
258,NoCharger,1000000000,FlatFee,0.0,Depot,Freight|00:00-23:59,
259,NoCharger,1000000000,FlatFee,0.0,Depot,Freight|00:00-23:59,
260,NoCharger,1000000000,FlatFee,0.0,Depot,Freight|00:00-23:59,
261,NoCharger,1000000000,FlatFee,0.0,Depot,Freight|00:00-23:59,
262,NoCharger,1000000000,FlatFee,0.0,Depot,Freight|00:00-23:59,
263,NoCharger,1000000000,FlatFee,0.0,Depot,Freight|00:00-23:59,
264,NoCharger,1000000000,FlatFee,0.0,Depot,Freight|00:00-23:59,
265,NoCharger,1000000000,FlatFee,0.0,Depot,Freight|00:00-23:59,
266,NoCharger,1000000000,FlatFee,0.0,Depot,Freight|00:00-23:59,
267,NoCharger,1000000000,FlatFee,0.0,Depot,Freight|00:00-23:59,
268,NoCharger,1000000000,FlatFee,0.0,Depot,Freight|00:00-23:59,
269,NoCharger,1000000000,FlatFee,0.0,Depot,Freight|00:00-23:59,
270,NoCharger,1000000000,FlatFee,0.0,Depot,Freight|00:00-23:59,
271,NoCharger,1000000000,FlatFee,0.0,Depot,Freight|00:00-23:59,
272,NoCharger,1000000000,FlatFee,0.0,Depot,Freight|00:00-23:59,
273,NoCharger,1000000000,FlatFee,0.0,Depot,Freight|00:00-23:59,
274,NoCharger,1000000000,FlatFee,0.0,Depot,Freight|00:00-23:59,
275,NoCharger,1000000000,FlatFee,0.0,Depot,Freight|00:00-23:59,
276,NoCharger,1000000000,FlatFee,0.0,Depot,Freight|00:00-23:59,
277,NoCharger,1000000000,FlatFee,0.0,Depot,Freight|00:00-23:59,
278,NoCharger,1000000000,FlatFee,0.0,Depot,Freight|00:00-23:59,
279,NoCharger,1000000000,FlatFee,0.0,Depot,Freight|00:00-23:59,
280,NoCharger,1000000000,FlatFee,0.0,Depot,Freight|00:00-23:59,
281,NoCharger,1000000000,FlatFee,0.0,Depot,Freight|00:00-23:59,
282,NoCharger,1000000000,FlatFee,0.0,Depot,Freight|00:00-23:59,
283,NoCharger,1000000000,FlatFee,0.0,Depot,Freight|00:00-23:59,
284,NoCharger,1000000000,FlatFee,0.0,Depot,Freight|00:00-23:59,
285,NoCharger,1000000000,FlatFee,0.0,Depot,Freight|00:00-23:59,
286,NoCharger,1000000000,FlatFee,0.0,Depot,Freight|00:00-23:59,
287,NoCharger,1000000000,FlatFee,0.0,Depot,Freight|00:00-23:59,
288,NoCharger,1000000000,FlatFee,0.0,Depot,Freight|00:00-23:59,
289,NoCharger,1000000000,FlatFee,0.0,Depot,Freight|00:00-23:59,
290,NoCharger,1000000000,FlatFee,0.0,Depot,Freight|00:00-23:59,
291,NoCharger,1000000000,FlatFee,0.0,Depot,Freight|00:00-23:59,
292,NoCharger,1000000000,FlatFee,0.0,Depot,Freight|00:00-23:59,
293,NoCharger,1000000000,FlatFee,0.0,Depot,Freight|00:00-23:59,
294,NoCharger,1000000000,FlatFee,0.0,Depot,Freight|00:00-23:59,
295,NoCharger,1000000000,FlatFee,0.0,Depot,Freight|00:00-23:59,
296,NoCharger,1000000000,FlatFee,0.0,Depot,Freight|00:00-23:59,
297,NoCharger,1000000000,FlatFee,0.0,Depot,Freight|00:00-23:59,
298,NoCharger,1000000000,FlatFee,0.0,Depot,Freight|00:00-23:59,
299,NoCharger,1000000000,FlatFee,0.0,Depot,Freight|00:00-23:59,
300,NoCharger,1000000000,FlatFee,0.0,Depot,Freight|00:00-23:59,
301,NoCharger,1000000000,FlatFee,0.0,Depot,Freight|00:00-23:59,
302,NoCharger,1000000000,FlatFee,0.0,Depot,Freight|00:00-23:59,
303,NoCharger,1000000000,FlatFee,0.0,Depot,Freight|00:00-23:59,
304,NoCharger,1000000000,FlatFee,0.0,Depot,Freight|00:00-23:59,
305,NoCharger,1000000000,FlatFee,0.0,Depot,Freight|00:00-23:59,
306,NoCharger,1000000000,FlatFee,0.0,Depot,Freight|00:00-23:59,
307,NoCharger,1000000000,FlatFee,0.0,Depot,Freight|00:00-23:59,
308,NoCharger,1000000000,FlatFee,0.0,Depot,Freight|00:00-23:59,
309,NoCharger,1000000000,FlatFee,0.0,Depot,Freight|00:00-23:59,
310,NoCharger,1000000000,FlatFee,0.0,Depot,Freight|00:00-23:59,
311,NoCharger,1000000000,FlatFee,0.0,Depot,Freight|00:00-23:59,
312,NoCharger,1000000000,FlatFee,0.0,Depot,Freight|00:00-23:59,
313,NoCharger,1000000000,FlatFee,0.0,Depot,Freight|00:00-23:59,
314,NoCharger,1000000000,FlatFee,0.0,Depot,Freight|00:00-23:59,
315,NoCharger,1000000000,FlatFee,0.0,Depot,Freight|00:00-23:59,
316,NoCharger,1000000000,FlatFee,0.0,Depot,Freight|00:00-23:59,
317,NoCharger,1000000000,FlatFee,0.0,Depot,Freight|00:00-23:59,
318,NoCharger,1000000000,FlatFee,0.0,Depot,Freight|00:00-23:59,
319,NoCharger,1000000000,FlatFee,0.0,Depot,Freight|00:00-23:59,
320,NoCharger,1000000000,FlatFee,0.0,Depot,Freight|00:00-23:59,
321,NoCharger,1000000000,FlatFee,0.0,Depot,Freight|00:00-23:59,
322,NoCharger,1000000000,FlatFee,0.0,Depot,Freight|00:00-23:59,
323,NoCharger,1000000000,FlatFee,0.0,Depot,Freight|00:00-23:59,
324,NoCharger,1000000000,FlatFee,0.0,Depot,Freight|00:00-23:59,
325,NoCharger,1000000000,FlatFee,0.0,Depot,Freight|00:00-23:59,
326,NoCharger,1000000000,FlatFee,0.0,Depot,Freight|00:00-23:59,
327,NoCharger,1000000000,FlatFee,0.0,Depot,Freight|00:00-23:59,
328,NoCharger,1000000000,FlatFee,0.0,Depot,Freight|00:00-23:59,
329,NoCharger,1000000000,FlatFee,0.0,Depot,Freight|00:00-23:59,
330,NoCharger,1000000000,FlatFee,0.0,Depot,Freight|00:00-23:59,
331,NoCharger,1000000000,FlatFee,0.0,Depot,Freight|00:00-23:59,
332,NoCharger,1000000000,FlatFee,0.0,Depot,Freight|00:00-23:59,
333,NoCharger,1000000000,FlatFee,0.0,Depot,Freight|00:00-23:59,
334,NoCharger,1000000000,FlatFee,0.0,Depot,Freight|00:00-23:59,
335,NoCharger,1000000000,FlatFee,0.0,Depot,Freight|00:00-23:59,
336,NoCharger,1000000000,FlatFee,0.0,Depot,Freight|00:00-23:59,
337,NoCharger,1000000000,FlatFee,0.0,Depot,Freight|00:00-23:59,
338,NoCharger,1000000000,FlatFee,0.0,Depot,Freight|00:00-23:59,
339,NoCharger,1000000000,FlatFee,0.0,Depot,Freight|00:00-23:59,
340,NoCharger,1000000000,FlatFee,0.0,Depot,Freight|00:00-23:59,
341,NoCharger,1000000000,FlatFee,0.0,Depot,Freight|00:00-23:59,
342,NoCharger,1000000000,FlatFee,0.0,Depot,Freight|00:00-23:59,
343,NoCharger,1000000000,FlatFee,0.0,Depot,Freight|00:00-23:59,
344,NoCharger,1000000000,FlatFee,0.0,Depot,Freight|00:00-23:59,
345,NoCharger,1000000000,FlatFee,0.0,Depot,Freight|00:00-23:59,
346,NoCharger,1000000000,FlatFee,0.0,Depot,Freight|00:00-23:59,
347,NoCharger,1000000000,FlatFee,0.0,Depot,Freight|00:00-23:59,
348,NoCharger,1000000000,FlatFee,0.0,Depot,Freight|00:00-23:59,
349,NoCharger,1000000000,FlatFee,0.0,Depot,Freight|00:00-23:59,
350,NoCharger,1000000000,FlatFee,0.0,Depot,Freight|00:00-23:59,
351,NoCharger,1000000000,FlatFee,0.0,Depot,Freight|00:00-23:59,
352,NoCharger,1000000000,FlatFee,0.0,Depot,Freight|00:00-23:59,
353,NoCharger,1000000000,FlatFee,0.0,Depot,Freight|00:00-23:59,
354,NoCharger,1000000000,FlatFee,0.0,Depot,Freight|00:00-23:59,
355,NoCharger,1000000000,FlatFee,0.0,Depot,Freight|00:00-23:59,
356,NoCharger,1000000000,FlatFee,0.0,Depot,Freight|00:00-23:59,
357,NoCharger,1000000000,FlatFee,0.0,Depot,Freight|00:00-23:59,
358,NoCharger,1000000000,FlatFee,0.0,Depot,Freight|00:00-23:59,
359,NoCharger,1000000000,FlatFee,0.0,Depot,Freight|00:00-23:59,
360,NoCharger,1000000000,FlatFee,0.0,Depot,Freight|00:00-23:59,
361,NoCharger,1000000000,FlatFee,0.0,Depot,Freight|00:00-23:59,
362,NoCharger,1000000000,FlatFee,0.0,Depot,Freight|00:00-23:59,
363,NoCharger,1000000000,FlatFee,0.0,Depot,Freight|00:00-23:59,
364,NoCharger,1000000000,FlatFee,0.0,Depot,Freight|00:00-23:59,
365,NoCharger,1000000000,FlatFee,0.0,Depot,Freight|00:00-23:59,
366,NoCharger,1000000000,FlatFee,0.0,Depot,Freight|00:00-23:59,
367,NoCharger,1000000000,FlatFee,0.0,Depot,Freight|00:00-23:59,
368,NoCharger,1000000000,FlatFee,0.0,Depot,Freight|00:00-23:59,
369,NoCharger,1000000000,FlatFee,0.0,Depot,Freight|00:00-23:59,
370,NoCharger,1000000000,FlatFee,0.0,Depot,Freight|00:00-23:59,
371,NoCharger,1000000000,FlatFee,0.0,Depot,Freight|00:00-23:59,
372,NoCharger,1000000000,FlatFee,0.0,Depot,Freight|00:00-23:59,
373,NoCharger,1000000000,FlatFee,0.0,Depot,Freight|00:00-23:59,
374,NoCharger,1000000000,FlatFee,0.0,Depot,Freight|00:00-23:59,
375,NoCharger,1000000000,FlatFee,0.0,Depot,Freight|00:00-23:59,
376,NoCharger,1000000000,FlatFee,0.0,Depot,Freight|00:00-23:59,
377,NoCharger,1000000000,FlatFee,0.0,Depot,Freight|00:00-23:59,
378,NoCharger,1000000000,FlatFee,0.0,Depot,Freight|00:00-23:59,
379,NoCharger,1000000000,FlatFee,0.0,Depot,Freight|00:00-23:59,
380,NoCharger,1000000000,FlatFee,0.0,Depot,Freight|00:00-23:59,
381,NoCharger,1000000000,FlatFee,0.0,Depot,Freight|00:00-23:59,
382,NoCharger,1000000000,FlatFee,0.0,Depot,Freight|00:00-23:59,
383,NoCharger,1000000000,FlatFee,0.0,Depot,Freight|00:00-23:59,
384,NoCharger,1000000000,FlatFee,0.0,Depot,Freight|00:00-23:59,
385,NoCharger,1000000000,FlatFee,0.0,Depot,Freight|00:00-23:59,
386,NoCharger,1000000000,FlatFee,0.0,Depot,Freight|00:00-23:59,
387,NoCharger,1000000000,FlatFee,0.0,Depot,Freight|00:00-23:59,
388,NoCharger,1000000000,FlatFee,0.0,Depot,Freight|00:00-23:59,
389,NoCharger,1000000000,FlatFee,0.0,Depot,Freight|00:00-23:59,
390,NoCharger,1000000000,FlatFee,0.0,Depot,Freight|00:00-23:59,
391,NoCharger,1000000000,FlatFee,0.0,Depot,Freight|00:00-23:59,
392,NoCharger,1000000000,FlatFee,0.0,Depot,Freight|00:00-23:59,
393,NoCharger,1000000000,FlatFee,0.0,Depot,Freight|00:00-23:59,
394,NoCharger,1000000000,FlatFee,0.0,Depot,Freight|00:00-23:59,
395,NoCharger,1000000000,FlatFee,0.0,Depot,Freight|00:00-23:59,
396,NoCharger,1000000000,FlatFee,0.0,Depot,Freight|00:00-23:59,
397,NoCharger,1000000000,FlatFee,0.0,Depot,Freight|00:00-23:59,
398,NoCharger,1000000000,FlatFee,0.0,Depot,Freight|00:00-23:59,
399,NoCharger,1000000000,FlatFee,0.0,Depot,Freight|00:00-23:59,
400,NoCharger,1000000000,FlatFee,0.0,Depot,Freight|00:00-23:59,
401,NoCharger,1000000000,FlatFee,0.0,Depot,Freight|00:00-23:59,
402,NoCharger,1000000000,FlatFee,0.0,Depot,Freight|00:00-23:59,
403,NoCharger,1000000000,FlatFee,0.0,Depot,Freight|00:00-23:59,
404,NoCharger,1000000000,FlatFee,0.0,Depot,Freight|00:00-23:59,
405,NoCharger,1000000000,FlatFee,0.0,Depot,Freight|00:00-23:59,
406,NoCharger,1000000000,FlatFee,0.0,Depot,Freight|00:00-23:59,
407,NoCharger,1000000000,FlatFee,0.0,Depot,Freight|00:00-23:59,
408,NoCharger,1000000000,FlatFee,0.0,Depot,Freight|00:00-23:59,
409,NoCharger,1000000000,FlatFee,0.0,Depot,Freight|00:00-23:59,
410,NoCharger,1000000000,FlatFee,0.0,Depot,Freight|00:00-23:59,
411,NoCharger,1000000000,FlatFee,0.0,Depot,Freight|00:00-23:59,
412,NoCharger,1000000000,FlatFee,0.0,Depot,Freight|00:00-23:59,
413,NoCharger,1000000000,FlatFee,0.0,Depot,Freight|00:00-23:59,
414,NoCharger,1000000000,FlatFee,0.0,Depot,Freight|00:00-23:59,
415,NoCharger,1000000000,FlatFee,0.0,Depot,Freight|00:00-23:59,
416,NoCharger,1000000000,FlatFee,0.0,Depot,Freight|00:00-23:59,
417,NoCharger,1000000000,FlatFee,0.0,Depot,Freight|00:00-23:59,
418,NoCharger,1000000000,FlatFee,0.0,Depot,Freight|00:00-23:59,
419,NoCharger,1000000000,FlatFee,0.0,Depot,Freight|00:00-23:59,
420,NoCharger,1000000000,FlatFee,0.0,Depot,Freight|00:00-23:59,
421,NoCharger,1000000000,FlatFee,0.0,Depot,Freight|00:00-23:59,
422,NoCharger,1000000000,FlatFee,0.0,Depot,Freight|00:00-23:59,
423,NoCharger,1000000000,FlatFee,0.0,Depot,Freight|00:00-23:59,
424,NoCharger,1000000000,FlatFee,0.0,Depot,Freight|00:00-23:59,
425,NoCharger,1000000000,FlatFee,0.0,Depot,Freight|00:00-23:59,
426,NoCharger,1000000000,FlatFee,0.0,Depot,Freight|00:00-23:59,
427,NoCharger,1000000000,FlatFee,0.0,Depot,Freight|00:00-23:59,
428,NoCharger,1000000000,FlatFee,0.0,Depot,Freight|00:00-23:59,
429,NoCharger,1000000000,FlatFee,0.0,Depot,Freight|00:00-23:59,
430,NoCharger,1000000000,FlatFee,0.0,Depot,Freight|00:00-23:59,
431,NoCharger,1000000000,FlatFee,0.0,Depot,Freight|00:00-23:59,
432,NoCharger,1000000000,FlatFee,0.0,Depot,Freight|00:00-23:59,
433,NoCharger,1000000000,FlatFee,0.0,Depot,Freight|00:00-23:59,
434,NoCharger,1000000000,FlatFee,0.0,Depot,Freight|00:00-23:59,
435,NoCharger,1000000000,FlatFee,0.0,Depot,Freight|00:00-23:59,
436,NoCharger,1000000000,FlatFee,0.0,Depot,Freight|00:00-23:59,
437,NoCharger,1000000000,FlatFee,0.0,Depot,Freight|00:00-23:59,
438,NoCharger,1000000000,FlatFee,0.0,Depot,Freight|00:00-23:59,
439,NoCharger,1000000000,FlatFee,0.0,Depot,Freight|00:00-23:59,
440,NoCharger,1000000000,FlatFee,0.0,Depot,Freight|00:00-23:59,
441,NoCharger,1000000000,FlatFee,0.0,Depot,Freight|00:00-23:59,
442,NoCharger,1000000000,FlatFee,0.0,Depot,Freight|00:00-23:59,
443,NoCharger,1000000000,FlatFee,0.0,Depot,Freight|00:00-23:59,
444,NoCharger,1000000000,FlatFee,0.0,Depot,Freight|00:00-23:59,
445,NoCharger,1000000000,FlatFee,0.0,Depot,Freight|00:00-23:59,
446,NoCharger,1000000000,FlatFee,0.0,Depot,Freight|00:00-23:59,
447,NoCharger,1000000000,FlatFee,0.0,Depot,Freight|00:00-23:59,
448,NoCharger,1000000000,FlatFee,0.0,Depot,Freight|00:00-23:59,
449,NoCharger,1000000000,FlatFee,0.0,Depot,Freight|00:00-23:59,
450,NoCharger,1000000000,FlatFee,0.0,Depot,Freight|00:00-23:59,
451,NoCharger,1000000000,FlatFee,0.0,Depot,Freight|00:00-23:59,
452,NoCharger,1000000000,FlatFee,0.0,Depot,Freight|00:00-23:59,
453,NoCharger,1000000000,FlatFee,0.0,Depot,Freight|00:00-23:59,
454,NoCharger,1000000000,FlatFee,0.0,Depot,Freight|00:00-23:59,
455,NoCharger,1000000000,FlatFee,0.0,Depot,Freight|00:00-23:59,
456,NoCharger,1000000000,FlatFee,0.0,Depot,Freight|00:00-23:59,
457,NoCharger,1000000000,FlatFee,0.0,Depot,Freight|00:00-23:59,
458,NoCharger,1000000000,FlatFee,0.0,Depot,Freight|00:00-23:59,
459,NoCharger,1000000000,FlatFee,0.0,Depot,Freight|00:00-23:59,
460,NoCharger,1000000000,FlatFee,0.0,Depot,Freight|00:00-23:59,
461,NoCharger,1000000000,FlatFee,0.0,Depot,Freight|00:00-23:59,
462,NoCharger,1000000000,FlatFee,0.0,Depot,Freight|00:00-23:59,
463,NoCharger,1000000000,FlatFee,0.0,Depot,Freight|00:00-23:59,
464,NoCharger,1000000000,FlatFee,0.0,Depot,Freight|00:00-23:59,
465,NoCharger,1000000000,FlatFee,0.0,Depot,Freight|00:00-23:59,
466,NoCharger,1000000000,FlatFee,0.0,Depot,Freight|00:00-23:59,
467,NoCharger,1000000000,FlatFee,0.0,Depot,Freight|00:00-23:59,
468,NoCharger,1000000000,FlatFee,0.0,Depot,Freight|00:00-23:59,
469,NoCharger,1000000000,FlatFee,0.0,Depot,Freight|00:00-23:59,
470,NoCharger,1000000000,FlatFee,0.0,Depot,Freight|00:00-23:59,
471,NoCharger,1000000000,FlatFee,0.0,Depot,Freight|00:00-23:59,
472,NoCharger,1000000000,FlatFee,0.0,Depot,Freight|00:00-23:59,
473,NoCharger,1000000000,FlatFee,0.0,Depot,Freight|00:00-23:59,
474,NoCharger,1000000000,FlatFee,0.0,Depot,Freight|00:00-23:59,
475,NoCharger,1000000000,FlatFee,0.0,Depot,Freight|00:00-23:59,
476,NoCharger,1000000000,FlatFee,0.0,Depot,Freight|00:00-23:59,
477,NoCharger,1000000000,FlatFee,0.0,Depot,Freight|00:00-23:59,
478,NoCharger,1000000000,FlatFee,0.0,Depot,Freight|00:00-23:59,
479,NoCharger,1000000000,FlatFee,0.0,Depot,Freight|00:00-23:59,
480,NoCharger,1000000000,FlatFee,0.0,Depot,Freight|00:00-23:59,
481,NoCharger,1000000000,FlatFee,0.0,Depot,Freight|00:00-23:59,
482,NoCharger,1000000000,FlatFee,0.0,Depot,Freight|00:00-23:59,
483,NoCharger,1000000000,FlatFee,0.0,Depot,Freight|00:00-23:59,
484,NoCharger,1000000000,FlatFee,0.0,Depot,Freight|00:00-23:59,
485,NoCharger,1000000000,FlatFee,0.0,Depot,Freight|00:00-23:59,
486,NoCharger,1000000000,FlatFee,0.0,Depot,Freight|00:00-23:59,
487,NoCharger,1000000000,FlatFee,0.0,Depot,Freight|00:00-23:59,
488,NoCharger,1000000000,FlatFee,0.0,Depot,Freight|00:00-23:59,
489,NoCharger,1000000000,FlatFee,0.0,Depot,Freight|00:00-23:59,
490,NoCharger,1000000000,FlatFee,0.0,Depot,Freight|00:00-23:59,
491,NoCharger,1000000000,FlatFee,0.0,Depot,Freight|00:00-23:59,
492,NoCharger,1000000000,FlatFee,0.0,Depot,Freight|00:00-23:59,
493,NoCharger,1000000000,FlatFee,0.0,Depot,Freight|00:00-23:59,
494,NoCharger,1000000000,FlatFee,0.0,Depot,Freight|00:00-23:59,
495,NoCharger,1000000000,FlatFee,0.0,Depot,Freight|00:00-23:59,
496,NoCharger,1000000000,FlatFee,0.0,Depot,Freight|00:00-23:59,
497,NoCharger,1000000000,FlatFee,0.0,Depot,Freight|00:00-23:59,
498,NoCharger,1000000000,FlatFee,0.0,Depot,Freight|00:00-23:59,
499,NoCharger,1000000000,FlatFee,0.0,Depot,Freight|00:00-23:59,
500,NoCharger,1000000000,FlatFee,0.0,Depot,Freight|00:00-23:59,
501,NoCharger,1000000000,FlatFee,0.0,Depot,Freight|00:00-23:59,
502,NoCharger,1000000000,FlatFee,0.0,Depot,Freight|00:00-23:59,
503,NoCharger,1000000000,FlatFee,0.0,Depot,Freight|00:00-23:59,
504,NoCharger,1000000000,FlatFee,0.0,Depot,Freight|00:00-23:59,
505,NoCharger,1000000000,FlatFee,0.0,Depot,Freight|00:00-23:59,
506,NoCharger,1000000000,FlatFee,0.0,Depot,Freight|00:00-23:59,
507,NoCharger,1000000000,FlatFee,0.0,Depot,Freight|00:00-23:59,
508,NoCharger,1000000000,FlatFee,0.0,Depot,Freight|00:00-23:59,
509,NoCharger,1000000000,FlatFee,0.0,Depot,Freight|00:00-23:59,
510,NoCharger,1000000000,FlatFee,0.0,Depot,Freight|00:00-23:59,
511,NoCharger,1000000000,FlatFee,0.0,Depot,Freight|00:00-23:59,
512,NoCharger,1000000000,FlatFee,0.0,Depot,Freight|00:00-23:59,
513,NoCharger,1000000000,FlatFee,0.0,Depot,Freight|00:00-23:59,
514,NoCharger,1000000000,FlatFee,0.0,Depot,Freight|00:00-23:59,
515,NoCharger,1000000000,FlatFee,0.0,Depot,Freight|00:00-23:59,
516,NoCharger,1000000000,FlatFee,0.0,Depot,Freight|00:00-23:59,
517,NoCharger,1000000000,FlatFee,0.0,Depot,Freight|00:00-23:59,
518,NoCharger,1000000000,FlatFee,0.0,Depot,Freight|00:00-23:59,
519,NoCharger,1000000000,FlatFee,0.0,Depot,Freight|00:00-23:59,
520,NoCharger,1000000000,FlatFee,0.0,Depot,Freight|00:00-23:59,
521,NoCharger,1000000000,FlatFee,0.0,Depot,Freight|00:00-23:59,
522,NoCharger,1000000000,FlatFee,0.0,Depot,Freight|00:00-23:59,
523,NoCharger,1000000000,FlatFee,0.0,Depot,Freight|00:00-23:59,
524,NoCharger,1000000000,FlatFee,0.0,Depot,Freight|00:00-23:59,
525,NoCharger,1000000000,FlatFee,0.0,Depot,Freight|00:00-23:59,
526,NoCharger,1000000000,FlatFee,0.0,Depot,Freight|00:00-23:59,
527,NoCharger,1000000000,FlatFee,0.0,Depot,Freight|00:00-23:59,
528,NoCharger,1000000000,FlatFee,0.0,Depot,Freight|00:00-23:59,
529,NoCharger,1000000000,FlatFee,0.0,Depot,Freight|00:00-23:59,
530,NoCharger,1000000000,FlatFee,0.0,Depot,Freight|00:00-23:59,
531,NoCharger,1000000000,FlatFee,0.0,Depot,Freight|00:00-23:59,
532,NoCharger,1000000000,FlatFee,0.0,Depot,Freight|00:00-23:59,
533,NoCharger,1000000000,FlatFee,0.0,Depot,Freight|00:00-23:59,
534,NoCharger,1000000000,FlatFee,0.0,Depot,Freight|00:00-23:59,
535,NoCharger,1000000000,FlatFee,0.0,Depot,Freight|00:00-23:59,
536,NoCharger,1000000000,FlatFee,0.0,Depot,Freight|00:00-23:59,
537,NoCharger,1000000000,FlatFee,0.0,Depot,Freight|00:00-23:59,
538,NoCharger,1000000000,FlatFee,0.0,Depot,Freight|00:00-23:59,
539,NoCharger,1000000000,FlatFee,0.0,Depot,Freight|00:00-23:59,
540,NoCharger,1000000000,FlatFee,0.0,Depot,Freight|00:00-23:59,
541,NoCharger,1000000000,FlatFee,0.0,Depot,Freight|00:00-23:59,
542,NoCharger,1000000000,FlatFee,0.0,Depot,Freight|00:00-23:59,
543,NoCharger,1000000000,FlatFee,0.0,Depot,Freight|00:00-23:59,
544,NoCharger,1000000000,FlatFee,0.0,Depot,Freight|00:00-23:59,
545,NoCharger,1000000000,FlatFee,0.0,Depot,Freight|00:00-23:59,
546,NoCharger,1000000000,FlatFee,0.0,Depot,Freight|00:00-23:59,
547,NoCharger,1000000000,FlatFee,0.0,Depot,Freight|00:00-23:59,
548,NoCharger,1000000000,FlatFee,0.0,Depot,Freight|00:00-23:59,
549,NoCharger,1000000000,FlatFee,0.0,Depot,Freight|00:00-23:59,
550,NoCharger,1000000000,FlatFee,0.0,Depot,Freight|00:00-23:59,
551,NoCharger,1000000000,FlatFee,0.0,Depot,Freight|00:00-23:59,
552,NoCharger,1000000000,FlatFee,0.0,Depot,Freight|00:00-23:59,
553,NoCharger,1000000000,FlatFee,0.0,Depot,Freight|00:00-23:59,
554,NoCharger,1000000000,FlatFee,0.0,Depot,Freight|00:00-23:59,
555,NoCharger,1000000000,FlatFee,0.0,Depot,Freight|00:00-23:59,
556,NoCharger,1000000000,FlatFee,0.0,Depot,Freight|00:00-23:59,
557,NoCharger,1000000000,FlatFee,0.0,Depot,Freight|00:00-23:59,
558,NoCharger,1000000000,FlatFee,0.0,Depot,Freight|00:00-23:59,
559,NoCharger,1000000000,FlatFee,0.0,Depot,Freight|00:00-23:59,
560,NoCharger,1000000000,FlatFee,0.0,Depot,Freight|00:00-23:59,
561,NoCharger,1000000000,FlatFee,0.0,Depot,Freight|00:00-23:59,
562,NoCharger,1000000000,FlatFee,0.0,Depot,Freight|00:00-23:59,
563,NoCharger,1000000000,FlatFee,0.0,Depot,Freight|00:00-23:59,
564,NoCharger,1000000000,FlatFee,0.0,Depot,Freight|00:00-23:59,
565,NoCharger,1000000000,FlatFee,0.0,Depot,Freight|00:00-23:59,
566,NoCharger,1000000000,FlatFee,0.0,Depot,Freight|00:00-23:59,
567,NoCharger,1000000000,FlatFee,0.0,Depot,Freight|00:00-23:59,
568,NoCharger,1000000000,FlatFee,0.0,Depot,Freight|00:00-23:59,
569,NoCharger,1000000000,FlatFee,0.0,Depot,Freight|00:00-23:59,
570,NoCharger,1000000000,FlatFee,0.0,Depot,Freight|00:00-23:59,
571,NoCharger,1000000000,FlatFee,0.0,Depot,Freight|00:00-23:59,
572,NoCharger,1000000000,FlatFee,0.0,Depot,Freight|00:00-23:59,
573,NoCharger,1000000000,FlatFee,0.0,Depot,Freight|00:00-23:59,
574,NoCharger,1000000000,FlatFee,0.0,Depot,Freight|00:00-23:59,
575,NoCharger,1000000000,FlatFee,0.0,Depot,Freight|00:00-23:59,
576,NoCharger,1000000000,FlatFee,0.0,Depot,Freight|00:00-23:59,
577,NoCharger,1000000000,FlatFee,0.0,Depot,Freight|00:00-23:59,
578,NoCharger,1000000000,FlatFee,0.0,Depot,Freight|00:00-23:59,
579,NoCharger,1000000000,FlatFee,0.0,Depot,Freight|00:00-23:59,
580,NoCharger,1000000000,FlatFee,0.0,Depot,Freight|00:00-23:59,
581,NoCharger,1000000000,FlatFee,0.0,Depot,Freight|00:00-23:59,
582,NoCharger,1000000000,FlatFee,0.0,Depot,Freight|00:00-23:59,
583,NoCharger,1000000000,FlatFee,0.0,Depot,Freight|00:00-23:59,
584,NoCharger,1000000000,FlatFee,0.0,Depot,Freight|00:00-23:59,
585,NoCharger,1000000000,FlatFee,0.0,Depot,Freight|00:00-23:59,
586,NoCharger,1000000000,FlatFee,0.0,Depot,Freight|00:00-23:59,
587,NoCharger,1000000000,FlatFee,0.0,Depot,Freight|00:00-23:59,
588,NoCharger,1000000000,FlatFee,0.0,Depot,Freight|00:00-23:59,
589,NoCharger,1000000000,FlatFee,0.0,Depot,Freight|00:00-23:59,
590,NoCharger,1000000000,FlatFee,0.0,Depot,Freight|00:00-23:59,
591,NoCharger,1000000000,FlatFee,0.0,Depot,Freight|00:00-23:59,
592,NoCharger,1000000000,FlatFee,0.0,Depot,Freight|00:00-23:59,
593,NoCharger,1000000000,FlatFee,0.0,Depot,Freight|00:00-23:59,
594,NoCharger,1000000000,FlatFee,0.0,Depot,Freight|00:00-23:59,
595,NoCharger,1000000000,FlatFee,0.0,Depot,Freight|00:00-23:59,
596,NoCharger,1000000000,FlatFee,0.0,Depot,Freight|00:00-23:59,
597,NoCharger,1000000000,FlatFee,0.0,Depot,Freight|00:00-23:59,
598,NoCharger,1000000000,FlatFee,0.0,Depot,Freight|00:00-23:59,
599,NoCharger,1000000000,FlatFee,0.0,Depot,Freight|00:00-23:59,
600,NoCharger,1000000000,FlatFee,0.0,Depot,Freight|00:00-23:59,
601,NoCharger,1000000000,FlatFee,0.0,Depot,Freight|00:00-23:59,
602,NoCharger,1000000000,FlatFee,0.0,Depot,Freight|00:00-23:59,
603,NoCharger,1000000000,FlatFee,0.0,Depot,Freight|00:00-23:59,
604,NoCharger,1000000000,FlatFee,0.0,Depot,Freight|00:00-23:59,
605,NoCharger,1000000000,FlatFee,0.0,Depot,Freight|00:00-23:59,
606,NoCharger,1000000000,FlatFee,0.0,Depot,Freight|00:00-23:59,
607,NoCharger,1000000000,FlatFee,0.0,Depot,Freight|00:00-23:59,
608,NoCharger,1000000000,FlatFee,0.0,Depot,Freight|00:00-23:59,
609,NoCharger,1000000000,FlatFee,0.0,Depot,Freight|00:00-23:59,
610,NoCharger,1000000000,FlatFee,0.0,Depot,Freight|00:00-23:59,
611,NoCharger,1000000000,FlatFee,0.0,Depot,Freight|00:00-23:59,
612,NoCharger,1000000000,FlatFee,0.0,Depot,Freight|00:00-23:59,
613,NoCharger,1000000000,FlatFee,0.0,Depot,Freight|00:00-23:59,
614,NoCharger,1000000000,FlatFee,0.0,Depot,Freight|00:00-23:59,
615,NoCharger,1000000000,FlatFee,0.0,Depot,Freight|00:00-23:59,
616,NoCharger,1000000000,FlatFee,0.0,Depot,Freight|00:00-23:59,
617,NoCharger,1000000000,FlatFee,0.0,Depot,Freight|00:00-23:59,
618,NoCharger,1000000000,FlatFee,0.0,Depot,Freight|00:00-23:59,
619,NoCharger,1000000000,FlatFee,0.0,Depot,Freight|00:00-23:59,
620,NoCharger,1000000000,FlatFee,0.0,Depot,Freight|00:00-23:59,
621,NoCharger,1000000000,FlatFee,0.0,Depot,Freight|00:00-23:59,
622,NoCharger,1000000000,FlatFee,0.0,Depot,Freight|00:00-23:59,
623,NoCharger,1000000000,FlatFee,0.0,Depot,Freight|00:00-23:59,
624,NoCharger,1000000000,FlatFee,0.0,Depot,Freight|00:00-23:59,
625,NoCharger,1000000000,FlatFee,0.0,Depot,Freight|00:00-23:59,
626,NoCharger,1000000000,FlatFee,0.0,Depot,Freight|00:00-23:59,
627,NoCharger,1000000000,FlatFee,0.0,Depot,Freight|00:00-23:59,
628,NoCharger,1000000000,FlatFee,0.0,Depot,Freight|00:00-23:59,
629,NoCharger,1000000000,FlatFee,0.0,Depot,Freight|00:00-23:59,
630,NoCharger,1000000000,FlatFee,0.0,Depot,Freight|00:00-23:59,
631,NoCharger,1000000000,FlatFee,0.0,Depot,Freight|00:00-23:59,
632,NoCharger,1000000000,FlatFee,0.0,Depot,Freight|00:00-23:59,
633,NoCharger,1000000000,FlatFee,0.0,Depot,Freight|00:00-23:59,
634,NoCharger,1000000000,FlatFee,0.0,Depot,Freight|00:00-23:59,
635,NoCharger,1000000000,FlatFee,0.0,Depot,Freight|00:00-23:59,
636,NoCharger,1000000000,FlatFee,0.0,Depot,Freight|00:00-23:59,
637,NoCharger,1000000000,FlatFee,0.0,Depot,Freight|00:00-23:59,
638,NoCharger,1000000000,FlatFee,0.0,Depot,Freight|00:00-23:59,
639,NoCharger,1000000000,FlatFee,0.0,Depot,Freight|00:00-23:59,
640,NoCharger,1000000000,FlatFee,0.0,Depot,Freight|00:00-23:59,
641,NoCharger,1000000000,FlatFee,0.0,Depot,Freight|00:00-23:59,
642,NoCharger,1000000000,FlatFee,0.0,Depot,Freight|00:00-23:59,
643,NoCharger,1000000000,FlatFee,0.0,Depot,Freight|00:00-23:59,
644,NoCharger,1000000000,FlatFee,0.0,Depot,Freight|00:00-23:59,
645,NoCharger,1000000000,FlatFee,0.0,Depot,Freight|00:00-23:59,
646,NoCharger,1000000000,FlatFee,0.0,Depot,Freight|00:00-23:59,
647,NoCharger,1000000000,FlatFee,0.0,Depot,Freight|00:00-23:59,
648,NoCharger,1000000000,FlatFee,0.0,Depot,Freight|00:00-23:59,
649,NoCharger,1000000000,FlatFee,0.0,Depot,Freight|00:00-23:59,
650,NoCharger,1000000000,FlatFee,0.0,Depot,Freight|00:00-23:59,
651,NoCharger,1000000000,FlatFee,0.0,Depot,Freight|00:00-23:59,
652,NoCharger,1000000000,FlatFee,0.0,Depot,Freight|00:00-23:59,
653,NoCharger,1000000000,FlatFee,0.0,Depot,Freight|00:00-23:59,
654,NoCharger,1000000000,FlatFee,0.0,Depot,Freight|00:00-23:59,
655,NoCharger,1000000000,FlatFee,0.0,Depot,Freight|00:00-23:59,
656,NoCharger,1000000000,FlatFee,0.0,Depot,Freight|00:00-23:59,
657,NoCharger,1000000000,FlatFee,0.0,Depot,Freight|00:00-23:59,
658,NoCharger,1000000000,FlatFee,0.0,Depot,Freight|00:00-23:59,
659,NoCharger,1000000000,FlatFee,0.0,Depot,Freight|00:00-23:59,
660,NoCharger,1000000000,FlatFee,0.0,Depot,Freight|00:00-23:59,
661,NoCharger,1000000000,FlatFee,0.0,Depot,Freight|00:00-23:59,
662,NoCharger,1000000000,FlatFee,0.0,Depot,Freight|00:00-23:59,
663,NoCharger,1000000000,FlatFee,0.0,Depot,Freight|00:00-23:59,
664,NoCharger,1000000000,FlatFee,0.0,Depot,Freight|00:00-23:59,
665,NoCharger,1000000000,FlatFee,0.0,Depot,Freight|00:00-23:59,
666,NoCharger,1000000000,FlatFee,0.0,Depot,Freight|00:00-23:59,
667,NoCharger,1000000000,FlatFee,0.0,Depot,Freight|00:00-23:59,
668,NoCharger,1000000000,FlatFee,0.0,Depot,Freight|00:00-23:59,
669,NoCharger,1000000000,FlatFee,0.0,Depot,Freight|00:00-23:59,
670,NoCharger,1000000000,FlatFee,0.0,Depot,Freight|00:00-23:59,
671,NoCharger,1000000000,FlatFee,0.0,Depot,Freight|00:00-23:59,
672,NoCharger,1000000000,FlatFee,0.0,Depot,Freight|00:00-23:59,
673,NoCharger,1000000000,FlatFee,0.0,Depot,Freight|00:00-23:59,
674,NoCharger,1000000000,FlatFee,0.0,Depot,Freight|00:00-23:59,
675,NoCharger,1000000000,FlatFee,0.0,Depot,Freight|00:00-23:59,
676,NoCharger,1000000000,FlatFee,0.0,Depot,Freight|00:00-23:59,
677,NoCharger,1000000000,FlatFee,0.0,Depot,Freight|00:00-23:59,
678,NoCharger,1000000000,FlatFee,0.0,Depot,Freight|00:00-23:59,
679,NoCharger,1000000000,FlatFee,0.0,Depot,Freight|00:00-23:59,
680,NoCharger,1000000000,FlatFee,0.0,Depot,Freight|00:00-23:59,
681,NoCharger,1000000000,FlatFee,0.0,Depot,Freight|00:00-23:59,
682,NoCharger,1000000000,FlatFee,0.0,Depot,Freight|00:00-23:59,
683,NoCharger,1000000000,FlatFee,0.0,Depot,Freight|00:00-23:59,
684,NoCharger,1000000000,FlatFee,0.0,Depot,Freight|00:00-23:59,
685,NoCharger,1000000000,FlatFee,0.0,Depot,Freight|00:00-23:59,
686,NoCharger,1000000000,FlatFee,0.0,Depot,Freight|00:00-23:59,
687,NoCharger,1000000000,FlatFee,0.0,Depot,Freight|00:00-23:59,
688,NoCharger,1000000000,FlatFee,0.0,Depot,Freight|00:00-23:59,
689,NoCharger,1000000000,FlatFee,0.0,Depot,Freight|00:00-23:59,
690,NoCharger,1000000000,FlatFee,0.0,Depot,Freight|00:00-23:59,
691,NoCharger,1000000000,FlatFee,0.0,Depot,Freight|00:00-23:59,
692,NoCharger,1000000000,FlatFee,0.0,Depot,Freight|00:00-23:59,
693,NoCharger,1000000000,FlatFee,0.0,Depot,Freight|00:00-23:59,
694,NoCharger,1000000000,FlatFee,0.0,Depot,Freight|00:00-23:59,
695,NoCharger,1000000000,FlatFee,0.0,Depot,Freight|00:00-23:59,
696,NoCharger,1000000000,FlatFee,0.0,Depot,Freight|00:00-23:59,
697,NoCharger,1000000000,FlatFee,0.0,Depot,Freight|00:00-23:59,
698,NoCharger,1000000000,FlatFee,0.0,Depot,Freight|00:00-23:59,
699,NoCharger,1000000000,FlatFee,0.0,Depot,Freight|00:00-23:59,
700,NoCharger,1000000000,FlatFee,0.0,Depot,Freight|00:00-23:59,
701,NoCharger,1000000000,FlatFee,0.0,Depot,Freight|00:00-23:59,
702,NoCharger,1000000000,FlatFee,0.0,Depot,Freight|00:00-23:59,
703,NoCharger,1000000000,FlatFee,0.0,Depot,Freight|00:00-23:59,
704,NoCharger,1000000000,FlatFee,0.0,Depot,Freight|00:00-23:59,
705,NoCharger,1000000000,FlatFee,0.0,Depot,Freight|00:00-23:59,
706,NoCharger,1000000000,FlatFee,0.0,Depot,Freight|00:00-23:59,
707,NoCharger,1000000000,FlatFee,0.0,Depot,Freight|00:00-23:59,
708,NoCharger,1000000000,FlatFee,0.0,Depot,Freight|00:00-23:59,
709,NoCharger,1000000000,FlatFee,0.0,Depot,Freight|00:00-23:59,
710,NoCharger,1000000000,FlatFee,0.0,Depot,Freight|00:00-23:59,
711,NoCharger,1000000000,FlatFee,0.0,Depot,Freight|00:00-23:59,
712,NoCharger,1000000000,FlatFee,0.0,Depot,Freight|00:00-23:59,
713,NoCharger,1000000000,FlatFee,0.0,Depot,Freight|00:00-23:59,
714,NoCharger,1000000000,FlatFee,0.0,Depot,Freight|00:00-23:59,
715,NoCharger,1000000000,FlatFee,0.0,Depot,Freight|00:00-23:59,
716,NoCharger,1000000000,FlatFee,0.0,Depot,Freight|00:00-23:59,
717,NoCharger,1000000000,FlatFee,0.0,Depot,Freight|00:00-23:59,
718,NoCharger,1000000000,FlatFee,0.0,Depot,Freight|00:00-23:59,
719,NoCharger,1000000000,FlatFee,0.0,Depot,Freight|00:00-23:59,
720,NoCharger,1000000000,FlatFee,0.0,Depot,Freight|00:00-23:59,
721,NoCharger,1000000000,FlatFee,0.0,Depot,Freight|00:00-23:59,
722,NoCharger,1000000000,FlatFee,0.0,Depot,Freight|00:00-23:59,
723,NoCharger,1000000000,FlatFee,0.0,Depot,Freight|00:00-23:59,
724,NoCharger,1000000000,FlatFee,0.0,Depot,Freight|00:00-23:59,
725,NoCharger,1000000000,FlatFee,0.0,Depot,Freight|00:00-23:59,
726,NoCharger,1000000000,FlatFee,0.0,Depot,Freight|00:00-23:59,
727,NoCharger,1000000000,FlatFee,0.0,Depot,Freight|00:00-23:59,
728,NoCharger,1000000000,FlatFee,0.0,Depot,Freight|00:00-23:59,
729,NoCharger,1000000000,FlatFee,0.0,Depot,Freight|00:00-23:59,
730,NoCharger,1000000000,FlatFee,0.0,Depot,Freight|00:00-23:59,
731,NoCharger,1000000000,FlatFee,0.0,Depot,Freight|00:00-23:59,
732,NoCharger,1000000000,FlatFee,0.0,Depot,Freight|00:00-23:59,
733,NoCharger,1000000000,FlatFee,0.0,Depot,Freight|00:00-23:59,
734,NoCharger,1000000000,FlatFee,0.0,Depot,Freight|00:00-23:59,
735,NoCharger,1000000000,FlatFee,0.0,Depot,Freight|00:00-23:59,
736,NoCharger,1000000000,FlatFee,0.0,Depot,Freight|00:00-23:59,
737,NoCharger,1000000000,FlatFee,0.0,Depot,Freight|00:00-23:59,
738,NoCharger,1000000000,FlatFee,0.0,Depot,Freight|00:00-23:59,
739,NoCharger,1000000000,FlatFee,0.0,Depot,Freight|00:00-23:59,
740,NoCharger,1000000000,FlatFee,0.0,Depot,Freight|00:00-23:59,
741,NoCharger,1000000000,FlatFee,0.0,Depot,Freight|00:00-23:59,
742,NoCharger,1000000000,FlatFee,0.0,Depot,Freight|00:00-23:59,
743,NoCharger,1000000000,FlatFee,0.0,Depot,Freight|00:00-23:59,
744,NoCharger,1000000000,FlatFee,0.0,Depot,Freight|00:00-23:59,
745,NoCharger,1000000000,FlatFee,0.0,Depot,Freight|00:00-23:59,
746,NoCharger,1000000000,FlatFee,0.0,Depot,Freight|00:00-23:59,
747,NoCharger,1000000000,FlatFee,0.0,Depot,Freight|00:00-23:59,
748,NoCharger,1000000000,FlatFee,0.0,Depot,Freight|00:00-23:59,
749,NoCharger,1000000000,FlatFee,0.0,Depot,Freight|00:00-23:59,
750,NoCharger,1000000000,FlatFee,0.0,Depot,Freight|00:00-23:59,
751,NoCharger,1000000000,FlatFee,0.0,Depot,Freight|00:00-23:59,
752,NoCharger,1000000000,FlatFee,0.0,Depot,Freight|00:00-23:59,
753,NoCharger,1000000000,FlatFee,0.0,Depot,Freight|00:00-23:59,
754,NoCharger,1000000000,FlatFee,0.0,Depot,Freight|00:00-23:59,
755,NoCharger,1000000000,FlatFee,0.0,Depot,Freight|00:00-23:59,
756,NoCharger,1000000000,FlatFee,0.0,Depot,Freight|00:00-23:59,
757,NoCharger,1000000000,FlatFee,0.0,Depot,Freight|00:00-23:59,
758,NoCharger,1000000000,FlatFee,0.0,Depot,Freight|00:00-23:59,
759,NoCharger,1000000000,FlatFee,0.0,Depot,Freight|00:00-23:59,
760,NoCharger,1000000000,FlatFee,0.0,Depot,Freight|00:00-23:59,
761,NoCharger,1000000000,FlatFee,0.0,Depot,Freight|00:00-23:59,
762,NoCharger,1000000000,FlatFee,0.0,Depot,Freight|00:00-23:59,
763,NoCharger,1000000000,FlatFee,0.0,Depot,Freight|00:00-23:59,
764,NoCharger,1000000000,FlatFee,0.0,Depot,Freight|00:00-23:59,
765,NoCharger,1000000000,FlatFee,0.0,Depot,Freight|00:00-23:59,
766,NoCharger,1000000000,FlatFee,0.0,Depot,Freight|00:00-23:59,
767,NoCharger,1000000000,FlatFee,0.0,Depot,Freight|00:00-23:59,
768,NoCharger,1000000000,FlatFee,0.0,Depot,Freight|00:00-23:59,
769,NoCharger,1000000000,FlatFee,0.0,Depot,Freight|00:00-23:59,
770,NoCharger,1000000000,FlatFee,0.0,Depot,Freight|00:00-23:59,
771,NoCharger,1000000000,FlatFee,0.0,Depot,Freight|00:00-23:59,
772,NoCharger,1000000000,FlatFee,0.0,Depot,Freight|00:00-23:59,
773,NoCharger,1000000000,FlatFee,0.0,Depot,Freight|00:00-23:59,
774,NoCharger,1000000000,FlatFee,0.0,Depot,Freight|00:00-23:59,
775,NoCharger,1000000000,FlatFee,0.0,Depot,Freight|00:00-23:59,
776,NoCharger,1000000000,FlatFee,0.0,Depot,Freight|00:00-23:59,
777,NoCharger,1000000000,FlatFee,0.0,Depot,Freight|00:00-23:59,
778,NoCharger,1000000000,FlatFee,0.0,Depot,Freight|00:00-23:59,
779,NoCharger,1000000000,FlatFee,0.0,Depot,Freight|00:00-23:59,
780,NoCharger,1000000000,FlatFee,0.0,Depot,Freight|00:00-23:59,
781,NoCharger,1000000000,FlatFee,0.0,Depot,Freight|00:00-23:59,
782,NoCharger,1000000000,FlatFee,0.0,Depot,Freight|00:00-23:59,
783,NoCharger,1000000000,FlatFee,0.0,Depot,Freight|00:00-23:59,
784,NoCharger,1000000000,FlatFee,0.0,Depot,Freight|00:00-23:59,
785,NoCharger,1000000000,FlatFee,0.0,Depot,Freight|00:00-23:59,
786,NoCharger,1000000000,FlatFee,0.0,Depot,Freight|00:00-23:59,
787,NoCharger,1000000000,FlatFee,0.0,Depot,Freight|00:00-23:59,
788,NoCharger,1000000000,FlatFee,0.0,Depot,Freight|00:00-23:59,
789,NoCharger,1000000000,FlatFee,0.0,Depot,Freight|00:00-23:59,
790,NoCharger,1000000000,FlatFee,0.0,Depot,Freight|00:00-23:59,
791,NoCharger,1000000000,FlatFee,0.0,Depot,Freight|00:00-23:59,
792,NoCharger,1000000000,FlatFee,0.0,Depot,Freight|00:00-23:59,
793,NoCharger,1000000000,FlatFee,0.0,Depot,Freight|00:00-23:59,
794,NoCharger,1000000000,FlatFee,0.0,Depot,Freight|00:00-23:59,
795,NoCharger,1000000000,FlatFee,0.0,Depot,Freight|00:00-23:59,
796,NoCharger,1000000000,FlatFee,0.0,Depot,Freight|00:00-23:59,
797,NoCharger,1000000000,FlatFee,0.0,Depot,Freight|00:00-23:59,
798,NoCharger,1000000000,FlatFee,0.0,Depot,Freight|00:00-23:59,
799,NoCharger,1000000000,FlatFee,0.0,Depot,Freight|00:00-23:59,
800,NoCharger,1000000000,FlatFee,0.0,Depot,Freight|00:00-23:59,
801,NoCharger,1000000000,FlatFee,0.0,Depot,Freight|00:00-23:59,
802,NoCharger,1000000000,FlatFee,0.0,Depot,Freight|00:00-23:59,
803,NoCharger,1000000000,FlatFee,0.0,Depot,Freight|00:00-23:59,
804,NoCharger,1000000000,FlatFee,0.0,Depot,Freight|00:00-23:59,
805,NoCharger,1000000000,FlatFee,0.0,Depot,Freight|00:00-23:59,
806,NoCharger,1000000000,FlatFee,0.0,Depot,Freight|00:00-23:59,
807,NoCharger,1000000000,FlatFee,0.0,Depot,Freight|00:00-23:59,
808,NoCharger,1000000000,FlatFee,0.0,Depot,Freight|00:00-23:59,
809,NoCharger,1000000000,FlatFee,0.0,Depot,Freight|00:00-23:59,
810,NoCharger,1000000000,FlatFee,0.0,Depot,Freight|00:00-23:59,
811,NoCharger,1000000000,FlatFee,0.0,Depot,Freight|00:00-23:59,
812,NoCharger,1000000000,FlatFee,0.0,Depot,Freight|00:00-23:59,
813,NoCharger,1000000000,FlatFee,0.0,Depot,Freight|00:00-23:59,
814,NoCharger,1000000000,FlatFee,0.0,Depot,Freight|00:00-23:59,
815,NoCharger,1000000000,FlatFee,0.0,Depot,Freight|00:00-23:59,
816,NoCharger,1000000000,FlatFee,0.0,Depot,Freight|00:00-23:59,
817,NoCharger,1000000000,FlatFee,0.0,Depot,Freight|00:00-23:59,
818,NoCharger,1000000000,FlatFee,0.0,Depot,Freight|00:00-23:59,
819,NoCharger,1000000000,FlatFee,0.0,Depot,Freight|00:00-23:59,
820,NoCharger,1000000000,FlatFee,0.0,Depot,Freight|00:00-23:59,
821,NoCharger,1000000000,FlatFee,0.0,Depot,Freight|00:00-23:59,
822,NoCharger,1000000000,FlatFee,0.0,Depot,Freight|00:00-23:59,
823,NoCharger,1000000000,FlatFee,0.0,Depot,Freight|00:00-23:59,
824,NoCharger,1000000000,FlatFee,0.0,Depot,Freight|00:00-23:59,
825,NoCharger,1000000000,FlatFee,0.0,Depot,Freight|00:00-23:59,
826,NoCharger,1000000000,FlatFee,0.0,Depot,Freight|00:00-23:59,
827,NoCharger,1000000000,FlatFee,0.0,Depot,Freight|00:00-23:59,
828,NoCharger,1000000000,FlatFee,0.0,Depot,Freight|00:00-23:59,
829,NoCharger,1000000000,FlatFee,0.0,Depot,Freight|00:00-23:59,
830,NoCharger,1000000000,FlatFee,0.0,Depot,Freight|00:00-23:59,
831,NoCharger,1000000000,FlatFee,0.0,Depot,Freight|00:00-23:59,
832,NoCharger,1000000000,FlatFee,0.0,Depot,Freight|00:00-23:59,
833,NoCharger,1000000000,FlatFee,0.0,Depot,Freight|00:00-23:59,
834,NoCharger,1000000000,FlatFee,0.0,Depot,Freight|00:00-23:59,
835,NoCharger,1000000000,FlatFee,0.0,Depot,Freight|00:00-23:59,
836,NoCharger,1000000000,FlatFee,0.0,Depot,Freight|00:00-23:59,
837,NoCharger,1000000000,FlatFee,0.0,Depot,Freight|00:00-23:59,
838,NoCharger,1000000000,FlatFee,0.0,Depot,Freight|00:00-23:59,
839,NoCharger,1000000000,FlatFee,0.0,Depot,Freight|00:00-23:59,
840,NoCharger,1000000000,FlatFee,0.0,Depot,Freight|00:00-23:59,
841,NoCharger,1000000000,FlatFee,0.0,Depot,Freight|00:00-23:59,
842,NoCharger,1000000000,FlatFee,0.0,Depot,Freight|00:00-23:59,
843,NoCharger,1000000000,FlatFee,0.0,Depot,Freight|00:00-23:59,
844,NoCharger,1000000000,FlatFee,0.0,Depot,Freight|00:00-23:59,
845,NoCharger,1000000000,FlatFee,0.0,Depot,Freight|00:00-23:59,
846,NoCharger,1000000000,FlatFee,0.0,Depot,Freight|00:00-23:59,
847,NoCharger,1000000000,FlatFee,0.0,Depot,Freight|00:00-23:59,
848,NoCharger,1000000000,FlatFee,0.0,Depot,Freight|00:00-23:59,
849,NoCharger,1000000000,FlatFee,0.0,Depot,Freight|00:00-23:59,
850,NoCharger,1000000000,FlatFee,0.0,Depot,Freight|00:00-23:59,
851,NoCharger,1000000000,FlatFee,0.0,Depot,Freight|00:00-23:59,
852,NoCharger,1000000000,FlatFee,0.0,Depot,Freight|00:00-23:59,
853,NoCharger,1000000000,FlatFee,0.0,Depot,Freight|00:00-23:59,
854,NoCharger,1000000000,FlatFee,0.0,Depot,Freight|00:00-23:59,
855,NoCharger,1000000000,FlatFee,0.0,Depot,Freight|00:00-23:59,
856,NoCharger,1000000000,FlatFee,0.0,Depot,Freight|00:00-23:59,
857,NoCharger,1000000000,FlatFee,0.0,Depot,Freight|00:00-23:59,
858,NoCharger,1000000000,FlatFee,0.0,Depot,Freight|00:00-23:59,
859,NoCharger,1000000000,FlatFee,0.0,Depot,Freight|00:00-23:59,
860,NoCharger,1000000000,FlatFee,0.0,Depot,Freight|00:00-23:59,
861,NoCharger,1000000000,FlatFee,0.0,Depot,Freight|00:00-23:59,
862,NoCharger,1000000000,FlatFee,0.0,Depot,Freight|00:00-23:59,
863,NoCharger,1000000000,FlatFee,0.0,Depot,Freight|00:00-23:59,
864,NoCharger,1000000000,FlatFee,0.0,Depot,Freight|00:00-23:59,
865,NoCharger,1000000000,FlatFee,0.0,Depot,Freight|00:00-23:59,
866,NoCharger,1000000000,FlatFee,0.0,Depot,Freight|00:00-23:59,
867,NoCharger,1000000000,FlatFee,0.0,Depot,Freight|00:00-23:59,
868,NoCharger,1000000000,FlatFee,0.0,Depot,Freight|00:00-23:59,
869,NoCharger,1000000000,FlatFee,0.0,Depot,Freight|00:00-23:59,
870,NoCharger,1000000000,FlatFee,0.0,Depot,Freight|00:00-23:59,
871,NoCharger,1000000000,FlatFee,0.0,Depot,Freight|00:00-23:59,
872,NoCharger,1000000000,FlatFee,0.0,Depot,Freight|00:00-23:59,
873,NoCharger,1000000000,FlatFee,0.0,Depot,Freight|00:00-23:59,
874,NoCharger,1000000000,FlatFee,0.0,Depot,Freight|00:00-23:59,
875,NoCharger,1000000000,FlatFee,0.0,Depot,Freight|00:00-23:59,
876,NoCharger,1000000000,FlatFee,0.0,Depot,Freight|00:00-23:59,
877,NoCharger,1000000000,FlatFee,0.0,Depot,Freight|00:00-23:59,
878,NoCharger,1000000000,FlatFee,0.0,Depot,Freight|00:00-23:59,
879,NoCharger,1000000000,FlatFee,0.0,Depot,Freight|00:00-23:59,
880,NoCharger,1000000000,FlatFee,0.0,Depot,Freight|00:00-23:59,
881,NoCharger,1000000000,FlatFee,0.0,Depot,Freight|00:00-23:59,
882,NoCharger,1000000000,FlatFee,0.0,Depot,Freight|00:00-23:59,
883,NoCharger,1000000000,FlatFee,0.0,Depot,Freight|00:00-23:59,
884,NoCharger,1000000000,FlatFee,0.0,Depot,Freight|00:00-23:59,
885,NoCharger,1000000000,FlatFee,0.0,Depot,Freight|00:00-23:59,
886,NoCharger,1000000000,FlatFee,0.0,Depot,Freight|00:00-23:59,
887,NoCharger,1000000000,FlatFee,0.0,Depot,Freight|00:00-23:59,
888,NoCharger,1000000000,FlatFee,0.0,Depot,Freight|00:00-23:59,
889,NoCharger,1000000000,FlatFee,0.0,Depot,Freight|00:00-23:59,
890,NoCharger,1000000000,FlatFee,0.0,Depot,Freight|00:00-23:59,
891,NoCharger,1000000000,FlatFee,0.0,Depot,Freight|00:00-23:59,
892,NoCharger,1000000000,FlatFee,0.0,Depot,Freight|00:00-23:59,
893,NoCharger,1000000000,FlatFee,0.0,Depot,Freight|00:00-23:59,
894,NoCharger,1000000000,FlatFee,0.0,Depot,Freight|00:00-23:59,
895,NoCharger,1000000000,FlatFee,0.0,Depot,Freight|00:00-23:59,
896,NoCharger,1000000000,FlatFee,0.0,Depot,Freight|00:00-23:59,
897,NoCharger,1000000000,FlatFee,0.0,Depot,Freight|00:00-23:59,
898,NoCharger,1000000000,FlatFee,0.0,Depot,Freight|00:00-23:59,
899,NoCharger,1000000000,FlatFee,0.0,Depot,Freight|00:00-23:59,
900,NoCharger,1000000000,FlatFee,0.0,Depot,Freight|00:00-23:59,
901,NoCharger,1000000000,FlatFee,0.0,Depot,Freight|00:00-23:59,
902,NoCharger,1000000000,FlatFee,0.0,Depot,Freight|00:00-23:59,
903,NoCharger,1000000000,FlatFee,0.0,Depot,Freight|00:00-23:59,
904,NoCharger,1000000000,FlatFee,0.0,Depot,Freight|00:00-23:59,
905,NoCharger,1000000000,FlatFee,0.0,Depot,Freight|00:00-23:59,
906,NoCharger,1000000000,FlatFee,0.0,Depot,Freight|00:00-23:59,
907,NoCharger,1000000000,FlatFee,0.0,Depot,Freight|00:00-23:59,
908,NoCharger,1000000000,FlatFee,0.0,Depot,Freight|00:00-23:59,
909,NoCharger,1000000000,FlatFee,0.0,Depot,Freight|00:00-23:59,
910,NoCharger,1000000000,FlatFee,0.0,Depot,Freight|00:00-23:59,
911,NoCharger,1000000000,FlatFee,0.0,Depot,Freight|00:00-23:59,
912,NoCharger,1000000000,FlatFee,0.0,Depot,Freight|00:00-23:59,
913,NoCharger,1000000000,FlatFee,0.0,Depot,Freight|00:00-23:59,
914,NoCharger,1000000000,FlatFee,0.0,Depot,Freight|00:00-23:59,
915,NoCharger,1000000000,FlatFee,0.0,Depot,Freight|00:00-23:59,
916,NoCharger,1000000000,FlatFee,0.0,Depot,Freight|00:00-23:59,
917,NoCharger,1000000000,FlatFee,0.0,Depot,Freight|00:00-23:59,
918,NoCharger,1000000000,FlatFee,0.0,Depot,Freight|00:00-23:59,
919,NoCharger,1000000000,FlatFee,0.0,Depot,Freight|00:00-23:59,
920,NoCharger,1000000000,FlatFee,0.0,Depot,Freight|00:00-23:59,
921,NoCharger,1000000000,FlatFee,0.0,Depot,Freight|00:00-23:59,
922,NoCharger,1000000000,FlatFee,0.0,Depot,Freight|00:00-23:59,
923,NoCharger,1000000000,FlatFee,0.0,Depot,Freight|00:00-23:59,
924,NoCharger,1000000000,FlatFee,0.0,Depot,Freight|00:00-23:59,
925,NoCharger,1000000000,FlatFee,0.0,Depot,Freight|00:00-23:59,
926,NoCharger,1000000000,FlatFee,0.0,Depot,Freight|00:00-23:59,
927,NoCharger,1000000000,FlatFee,0.0,Depot,Freight|00:00-23:59,
928,NoCharger,1000000000,FlatFee,0.0,Depot,Freight|00:00-23:59,
929,NoCharger,1000000000,FlatFee,0.0,Depot,Freight|00:00-23:59,
930,NoCharger,1000000000,FlatFee,0.0,Depot,Freight|00:00-23:59,
931,NoCharger,1000000000,FlatFee,0.0,Depot,Freight|00:00-23:59,
932,NoCharger,1000000000,FlatFee,0.0,Depot,Freight|00:00-23:59,
933,NoCharger,1000000000,FlatFee,0.0,Depot,Freight|00:00-23:59,
934,NoCharger,1000000000,FlatFee,0.0,Depot,Freight|00:00-23:59,
935,NoCharger,1000000000,FlatFee,0.0,Depot,Freight|00:00-23:59,
936,NoCharger,1000000000,FlatFee,0.0,Depot,Freight|00:00-23:59,
937,NoCharger,1000000000,FlatFee,0.0,Depot,Freight|00:00-23:59,
938,NoCharger,1000000000,FlatFee,0.0,Depot,Freight|00:00-23:59,
939,NoCharger,1000000000,FlatFee,0.0,Depot,Freight|00:00-23:59,
940,NoCharger,1000000000,FlatFee,0.0,Depot,Freight|00:00-23:59,
941,NoCharger,1000000000,FlatFee,0.0,Depot,Freight|00:00-23:59,
942,NoCharger,1000000000,FlatFee,0.0,Depot,Freight|00:00-23:59,
943,NoCharger,1000000000,FlatFee,0.0,Depot,Freight|00:00-23:59,
944,NoCharger,1000000000,FlatFee,0.0,Depot,Freight|00:00-23:59,
945,NoCharger,1000000000,FlatFee,0.0,Depot,Freight|00:00-23:59,
946,NoCharger,1000000000,FlatFee,0.0,Depot,Freight|00:00-23:59,
947,NoCharger,1000000000,FlatFee,0.0,Depot,Freight|00:00-23:59,
948,NoCharger,1000000000,FlatFee,0.0,Depot,Freight|00:00-23:59,
949,NoCharger,1000000000,FlatFee,0.0,Depot,Freight|00:00-23:59,
950,NoCharger,1000000000,FlatFee,0.0,Depot,Freight|00:00-23:59,
951,NoCharger,1000000000,FlatFee,0.0,Depot,Freight|00:00-23:59,
952,NoCharger,1000000000,FlatFee,0.0,Depot,Freight|00:00-23:59,
953,NoCharger,1000000000,FlatFee,0.0,Depot,Freight|00:00-23:59,
954,NoCharger,1000000000,FlatFee,0.0,Depot,Freight|00:00-23:59,
955,NoCharger,1000000000,FlatFee,0.0,Depot,Freight|00:00-23:59,
956,NoCharger,1000000000,FlatFee,0.0,Depot,Freight|00:00-23:59,
957,NoCharger,1000000000,FlatFee,0.0,Depot,Freight|00:00-23:59,
958,NoCharger,1000000000,FlatFee,0.0,Depot,Freight|00:00-23:59,
959,NoCharger,1000000000,FlatFee,0.0,Depot,Freight|00:00-23:59,
960,NoCharger,1000000000,FlatFee,0.0,Depot,Freight|00:00-23:59,
961,NoCharger,1000000000,FlatFee,0.0,Depot,Freight|00:00-23:59,
962,NoCharger,1000000000,FlatFee,0.0,Depot,Freight|00:00-23:59,
963,NoCharger,1000000000,FlatFee,0.0,Depot,Freight|00:00-23:59,
964,NoCharger,1000000000,FlatFee,0.0,Depot,Freight|00:00-23:59,
965,NoCharger,1000000000,FlatFee,0.0,Depot,Freight|00:00-23:59,
966,NoCharger,1000000000,FlatFee,0.0,Depot,Freight|00:00-23:59,
967,NoCharger,1000000000,FlatFee,0.0,Depot,Freight|00:00-23:59,
968,NoCharger,1000000000,FlatFee,0.0,Depot,Freight|00:00-23:59,
969,NoCharger,1000000000,FlatFee,0.0,Depot,Freight|00:00-23:59,
970,NoCharger,1000000000,FlatFee,0.0,Depot,Freight|00:00-23:59,
971,NoCharger,1000000000,FlatFee,0.0,Depot,Freight|00:00-23:59,
972,NoCharger,1000000000,FlatFee,0.0,Depot,Freight|00:00-23:59,
973,NoCharger,1000000000,FlatFee,0.0,Depot,Freight|00:00-23:59,
974,NoCharger,1000000000,FlatFee,0.0,Depot,Freight|00:00-23:59,
975,NoCharger,1000000000,FlatFee,0.0,Depot,Freight|00:00-23:59,
976,NoCharger,1000000000,FlatFee,0.0,Depot,Freight|00:00-23:59,
977,NoCharger,1000000000,FlatFee,0.0,Depot,Freight|00:00-23:59,
978,NoCharger,1000000000,FlatFee,0.0,Depot,Freight|00:00-23:59,
979,NoCharger,1000000000,FlatFee,0.0,Depot,Freight|00:00-23:59,
980,NoCharger,1000000000,FlatFee,0.0,Depot,Freight|00:00-23:59,
981,NoCharger,1000000000,FlatFee,0.0,Depot,Freight|00:00-23:59,
982,NoCharger,1000000000,FlatFee,0.0,Depot,Freight|00:00-23:59,
983,NoCharger,1000000000,FlatFee,0.0,Depot,Freight|00:00-23:59,
984,NoCharger,1000000000,FlatFee,0.0,Depot,Freight|00:00-23:59,
985,NoCharger,1000000000,FlatFee,0.0,Depot,Freight|00:00-23:59,
986,NoCharger,1000000000,FlatFee,0.0,Depot,Freight|00:00-23:59,
987,NoCharger,1000000000,FlatFee,0.0,Depot,Freight|00:00-23:59,
988,NoCharger,1000000000,FlatFee,0.0,Depot,Freight|00:00-23:59,
989,NoCharger,1000000000,FlatFee,0.0,Depot,Freight|00:00-23:59,
990,NoCharger,1000000000,FlatFee,0.0,Depot,Freight|00:00-23:59,
991,NoCharger,1000000000,FlatFee,0.0,Depot,Freight|00:00-23:59,
992,NoCharger,1000000000,FlatFee,0.0,Depot,Freight|00:00-23:59,
993,NoCharger,1000000000,FlatFee,0.0,Depot,Freight|00:00-23:59,
994,NoCharger,1000000000,FlatFee,0.0,Depot,Freight|00:00-23:59,
995,NoCharger,1000000000,FlatFee,0.0,Depot,Freight|00:00-23:59,
996,NoCharger,1000000000,FlatFee,0.0,Depot,Freight|00:00-23:59,
997,NoCharger,1000000000,FlatFee,0.0,Depot,Freight|00:00-23:59,
998,NoCharger,1000000000,FlatFee,0.0,Depot,Freight|00:00-23:59,
999,NoCharger,1000000000,FlatFee,0.0,Depot,Freight|00:00-23:59,
1000,NoCharger,1000000000,FlatFee,0.0,Depot,Freight|00:00-23:59,
1001,NoCharger,1000000000,FlatFee,0.0,Depot,Freight|00:00-23:59,
1002,NoCharger,1000000000,FlatFee,0.0,Depot,Freight|00:00-23:59,
1003,NoCharger,1000000000,FlatFee,0.0,Depot,Freight|00:00-23:59,
1004,NoCharger,1000000000,FlatFee,0.0,Depot,Freight|00:00-23:59,
1005,NoCharger,1000000000,FlatFee,0.0,Depot,Freight|00:00-23:59,
1006,NoCharger,1000000000,FlatFee,0.0,Depot,Freight|00:00-23:59,
1007,NoCharger,1000000000,FlatFee,0.0,Depot,Freight|00:00-23:59,
1008,NoCharger,1000000000,FlatFee,0.0,Depot,Freight|00:00-23:59,
1009,NoCharger,1000000000,FlatFee,0.0,Depot,Freight|00:00-23:59,
1010,NoCharger,1000000000,FlatFee,0.0,Depot,Freight|00:00-23:59,
1011,NoCharger,1000000000,FlatFee,0.0,Depot,Freight|00:00-23:59,
1012,NoCharger,1000000000,FlatFee,0.0,Depot,Freight|00:00-23:59,
1013,NoCharger,1000000000,FlatFee,0.0,Depot,Freight|00:00-23:59,
1014,NoCharger,1000000000,FlatFee,0.0,Depot,Freight|00:00-23:59,
1015,NoCharger,1000000000,FlatFee,0.0,Depot,Freight|00:00-23:59,
1016,NoCharger,1000000000,FlatFee,0.0,Depot,Freight|00:00-23:59,
1017,NoCharger,1000000000,FlatFee,0.0,Depot,Freight|00:00-23:59,
1018,NoCharger,1000000000,FlatFee,0.0,Depot,Freight|00:00-23:59,
1019,NoCharger,1000000000,FlatFee,0.0,Depot,Freight|00:00-23:59,
1020,NoCharger,1000000000,FlatFee,0.0,Depot,Freight|00:00-23:59,
1021,NoCharger,1000000000,FlatFee,0.0,Depot,Freight|00:00-23:59,
1022,NoCharger,1000000000,FlatFee,0.0,Depot,Freight|00:00-23:59,
1023,NoCharger,1000000000,FlatFee,0.0,Depot,Freight|00:00-23:59,
1024,NoCharger,1000000000,FlatFee,0.0,Depot,Freight|00:00-23:59,
1025,NoCharger,1000000000,FlatFee,0.0,Depot,Freight|00:00-23:59,
1026,NoCharger,1000000000,FlatFee,0.0,Depot,Freight|00:00-23:59,
1027,NoCharger,1000000000,FlatFee,0.0,Depot,Freight|00:00-23:59,
1028,NoCharger,1000000000,FlatFee,0.0,Depot,Freight|00:00-23:59,
1029,NoCharger,1000000000,FlatFee,0.0,Depot,Freight|00:00-23:59,
1030,NoCharger,1000000000,FlatFee,0.0,Depot,Freight|00:00-23:59,
1031,NoCharger,1000000000,FlatFee,0.0,Depot,Freight|00:00-23:59,
1032,NoCharger,1000000000,FlatFee,0.0,Depot,Freight|00:00-23:59,
1033,NoCharger,1000000000,FlatFee,0.0,Depot,Freight|00:00-23:59,
1034,NoCharger,1000000000,FlatFee,0.0,Depot,Freight|00:00-23:59,
1035,NoCharger,1000000000,FlatFee,0.0,Depot,Freight|00:00-23:59,
1036,NoCharger,1000000000,FlatFee,0.0,Depot,Freight|00:00-23:59,
1037,NoCharger,1000000000,FlatFee,0.0,Depot,Freight|00:00-23:59,
1038,NoCharger,1000000000,FlatFee,0.0,Depot,Freight|00:00-23:59,
1039,NoCharger,1000000000,FlatFee,0.0,Depot,Freight|00:00-23:59,
1040,NoCharger,1000000000,FlatFee,0.0,Depot,Freight|00:00-23:59,
1041,NoCharger,1000000000,FlatFee,0.0,Depot,Freight|00:00-23:59,
1042,NoCharger,1000000000,FlatFee,0.0,Depot,Freight|00:00-23:59,
1043,NoCharger,1000000000,FlatFee,0.0,Depot,Freight|00:00-23:59,
1044,NoCharger,1000000000,FlatFee,0.0,Depot,Freight|00:00-23:59,
1045,NoCharger,1000000000,FlatFee,0.0,Depot,Freight|00:00-23:59,
1046,NoCharger,1000000000,FlatFee,0.0,Depot,Freight|00:00-23:59,
1047,NoCharger,1000000000,FlatFee,0.0,Depot,Freight|00:00-23:59,
1048,NoCharger,1000000000,FlatFee,0.0,Depot,Freight|00:00-23:59,
1049,NoCharger,1000000000,FlatFee,0.0,Depot,Freight|00:00-23:59,
1050,NoCharger,1000000000,FlatFee,0.0,Depot,Freight|00:00-23:59,
1051,NoCharger,1000000000,FlatFee,0.0,Depot,Freight|00:00-23:59,
1052,NoCharger,1000000000,FlatFee,0.0,Depot,Freight|00:00-23:59,
1053,NoCharger,1000000000,FlatFee,0.0,Depot,Freight|00:00-23:59,
1054,NoCharger,1000000000,FlatFee,0.0,Depot,Freight|00:00-23:59,
1055,NoCharger,1000000000,FlatFee,0.0,Depot,Freight|00:00-23:59,
1056,NoCharger,1000000000,FlatFee,0.0,Depot,Freight|00:00-23:59,
1057,NoCharger,1000000000,FlatFee,0.0,Depot,Freight|00:00-23:59,
1058,NoCharger,1000000000,FlatFee,0.0,Depot,Freight|00:00-23:59,
1059,NoCharger,1000000000,FlatFee,0.0,Depot,Freight|00:00-23:59,
1060,NoCharger,1000000000,FlatFee,0.0,Depot,Freight|00:00-23:59,
1061,NoCharger,1000000000,FlatFee,0.0,Depot,Freight|00:00-23:59,
1062,NoCharger,1000000000,FlatFee,0.0,Depot,Freight|00:00-23:59,
1063,NoCharger,1000000000,FlatFee,0.0,Depot,Freight|00:00-23:59,
1064,NoCharger,1000000000,FlatFee,0.0,Depot,Freight|00:00-23:59,
1065,NoCharger,1000000000,FlatFee,0.0,Depot,Freight|00:00-23:59,
1066,NoCharger,1000000000,FlatFee,0.0,Depot,Freight|00:00-23:59,
1067,NoCharger,1000000000,FlatFee,0.0,Depot,Freight|00:00-23:59,
1068,NoCharger,1000000000,FlatFee,0.0,Depot,Freight|00:00-23:59,
1069,NoCharger,1000000000,FlatFee,0.0,Depot,Freight|00:00-23:59,
1070,NoCharger,1000000000,FlatFee,0.0,Depot,Freight|00:00-23:59,
1071,NoCharger,1000000000,FlatFee,0.0,Depot,Freight|00:00-23:59,
1072,NoCharger,1000000000,FlatFee,0.0,Depot,Freight|00:00-23:59,
1073,NoCharger,1000000000,FlatFee,0.0,Depot,Freight|00:00-23:59,
1074,NoCharger,1000000000,FlatFee,0.0,Depot,Freight|00:00-23:59,
1075,NoCharger,1000000000,FlatFee,0.0,Depot,Freight|00:00-23:59,
1076,NoCharger,1000000000,FlatFee,0.0,Depot,Freight|00:00-23:59,
1077,NoCharger,1000000000,FlatFee,0.0,Depot,Freight|00:00-23:59,
1078,NoCharger,1000000000,FlatFee,0.0,Depot,Freight|00:00-23:59,
1079,NoCharger,1000000000,FlatFee,0.0,Depot,Freight|00:00-23:59,
1080,NoCharger,1000000000,FlatFee,0.0,Depot,Freight|00:00-23:59,
1081,NoCharger,1000000000,FlatFee,0.0,Depot,Freight|00:00-23:59,
1082,NoCharger,1000000000,FlatFee,0.0,Depot,Freight|00:00-23:59,
1083,NoCharger,1000000000,FlatFee,0.0,Depot,Freight|00:00-23:59,
1084,NoCharger,1000000000,FlatFee,0.0,Depot,Freight|00:00-23:59,
1085,NoCharger,1000000000,FlatFee,0.0,Depot,Freight|00:00-23:59,
1086,NoCharger,1000000000,FlatFee,0.0,Depot,Freight|00:00-23:59,
1087,NoCharger,1000000000,FlatFee,0.0,Depot,Freight|00:00-23:59,
1088,NoCharger,1000000000,FlatFee,0.0,Depot,Freight|00:00-23:59,
1089,NoCharger,1000000000,FlatFee,0.0,Depot,Freight|00:00-23:59,
1090,NoCharger,1000000000,FlatFee,0.0,Depot,Freight|00:00-23:59,
1091,NoCharger,1000000000,FlatFee,0.0,Depot,Freight|00:00-23:59,
1092,NoCharger,1000000000,FlatFee,0.0,Depot,Freight|00:00-23:59,
1093,NoCharger,1000000000,FlatFee,0.0,Depot,Freight|00:00-23:59,
1094,NoCharger,1000000000,FlatFee,0.0,Depot,Freight|00:00-23:59,
1095,NoCharger,1000000000,FlatFee,0.0,Depot,Freight|00:00-23:59,
1096,NoCharger,1000000000,FlatFee,0.0,Depot,Freight|00:00-23:59,
1097,NoCharger,1000000000,FlatFee,0.0,Depot,Freight|00:00-23:59,
1098,NoCharger,1000000000,FlatFee,0.0,Depot,Freight|00:00-23:59,
1099,NoCharger,1000000000,FlatFee,0.0,Depot,Freight|00:00-23:59,
1100,NoCharger,1000000000,FlatFee,0.0,Depot,Freight|00:00-23:59,
1101,NoCharger,1000000000,FlatFee,0.0,Depot,Freight|00:00-23:59,
1102,NoCharger,1000000000,FlatFee,0.0,Depot,Freight|00:00-23:59,
1103,NoCharger,1000000000,FlatFee,0.0,Depot,Freight|00:00-23:59,
1104,NoCharger,1000000000,FlatFee,0.0,Depot,Freight|00:00-23:59,
1105,NoCharger,1000000000,FlatFee,0.0,Depot,Freight|00:00-23:59,
1106,NoCharger,1000000000,FlatFee,0.0,Depot,Freight|00:00-23:59,
1107,NoCharger,1000000000,FlatFee,0.0,Depot,Freight|00:00-23:59,
1108,NoCharger,1000000000,FlatFee,0.0,Depot,Freight|00:00-23:59,
1109,NoCharger,1000000000,FlatFee,0.0,Depot,Freight|00:00-23:59,
1110,NoCharger,1000000000,FlatFee,0.0,Depot,Freight|00:00-23:59,
1111,NoCharger,1000000000,FlatFee,0.0,Depot,Freight|00:00-23:59,
1112,NoCharger,1000000000,FlatFee,0.0,Depot,Freight|00:00-23:59,
1113,NoCharger,1000000000,FlatFee,0.0,Depot,Freight|00:00-23:59,
1114,NoCharger,1000000000,FlatFee,0.0,Depot,Freight|00:00-23:59,
1115,NoCharger,1000000000,FlatFee,0.0,Depot,Freight|00:00-23:59,
1116,NoCharger,1000000000,FlatFee,0.0,Depot,Freight|00:00-23:59,
1117,NoCharger,1000000000,FlatFee,0.0,Depot,Freight|00:00-23:59,
1118,NoCharger,1000000000,FlatFee,0.0,Depot,Freight|00:00-23:59,
1119,NoCharger,1000000000,FlatFee,0.0,Depot,Freight|00:00-23:59,
1120,NoCharger,1000000000,FlatFee,0.0,Depot,Freight|00:00-23:59,
1121,NoCharger,1000000000,FlatFee,0.0,Depot,Freight|00:00-23:59,
1122,NoCharger,1000000000,FlatFee,0.0,Depot,Freight|00:00-23:59,
1123,NoCharger,1000000000,FlatFee,0.0,Depot,Freight|00:00-23:59,
1124,NoCharger,1000000000,FlatFee,0.0,Depot,Freight|00:00-23:59,
1125,NoCharger,1000000000,FlatFee,0.0,Depot,Freight|00:00-23:59,
1126,NoCharger,1000000000,FlatFee,0.0,Depot,Freight|00:00-23:59,
1127,NoCharger,1000000000,FlatFee,0.0,Depot,Freight|00:00-23:59,
1128,NoCharger,1000000000,FlatFee,0.0,Depot,Freight|00:00-23:59,
1129,NoCharger,1000000000,FlatFee,0.0,Depot,Freight|00:00-23:59,
1130,NoCharger,1000000000,FlatFee,0.0,Depot,Freight|00:00-23:59,
1131,NoCharger,1000000000,FlatFee,0.0,Depot,Freight|00:00-23:59,
1132,NoCharger,1000000000,FlatFee,0.0,Depot,Freight|00:00-23:59,
1133,NoCharger,1000000000,FlatFee,0.0,Depot,Freight|00:00-23:59,
1134,NoCharger,1000000000,FlatFee,0.0,Depot,Freight|00:00-23:59,
1135,NoCharger,1000000000,FlatFee,0.0,Depot,Freight|00:00-23:59,
1136,NoCharger,1000000000,FlatFee,0.0,Depot,Freight|00:00-23:59,
1137,NoCharger,1000000000,FlatFee,0.0,Depot,Freight|00:00-23:59,
1138,NoCharger,1000000000,FlatFee,0.0,Depot,Freight|00:00-23:59,
1139,NoCharger,1000000000,FlatFee,0.0,Depot,Freight|00:00-23:59,
1140,NoCharger,1000000000,FlatFee,0.0,Depot,Freight|00:00-23:59,
1141,NoCharger,1000000000,FlatFee,0.0,Depot,Freight|00:00-23:59,
1142,NoCharger,1000000000,FlatFee,0.0,Depot,Freight|00:00-23:59,
1143,NoCharger,1000000000,FlatFee,0.0,Depot,Freight|00:00-23:59,
1144,NoCharger,1000000000,FlatFee,0.0,Depot,Freight|00:00-23:59,
1145,NoCharger,1000000000,FlatFee,0.0,Depot,Freight|00:00-23:59,
1146,NoCharger,1000000000,FlatFee,0.0,Depot,Freight|00:00-23:59,
1147,NoCharger,1000000000,FlatFee,0.0,Depot,Freight|00:00-23:59,
1148,NoCharger,1000000000,FlatFee,0.0,Depot,Freight|00:00-23:59,
1149,NoCharger,1000000000,FlatFee,0.0,Depot,Freight|00:00-23:59,
1150,NoCharger,1000000000,FlatFee,0.0,Depot,Freight|00:00-23:59,
1151,NoCharger,1000000000,FlatFee,0.0,Depot,Freight|00:00-23:59,
1152,NoCharger,1000000000,FlatFee,0.0,Depot,Freight|00:00-23:59,
1153,NoCharger,1000000000,FlatFee,0.0,Depot,Freight|00:00-23:59,
1154,NoCharger,1000000000,FlatFee,0.0,Depot,Freight|00:00-23:59,
1155,NoCharger,1000000000,FlatFee,0.0,Depot,Freight|00:00-23:59,
1156,NoCharger,1000000000,FlatFee,0.0,Depot,Freight|00:00-23:59,
1157,NoCharger,1000000000,FlatFee,0.0,Depot,Freight|00:00-23:59,
1158,NoCharger,1000000000,FlatFee,0.0,Depot,Freight|00:00-23:59,
1159,NoCharger,1000000000,FlatFee,0.0,Depot,Freight|00:00-23:59,
1160,NoCharger,1000000000,FlatFee,0.0,Depot,Freight|00:00-23:59,
1161,NoCharger,1000000000,FlatFee,0.0,Depot,Freight|00:00-23:59,
1162,NoCharger,1000000000,FlatFee,0.0,Depot,Freight|00:00-23:59,
1163,NoCharger,1000000000,FlatFee,0.0,Depot,Freight|00:00-23:59,
1164,NoCharger,1000000000,FlatFee,0.0,Depot,Freight|00:00-23:59,
1165,NoCharger,1000000000,FlatFee,0.0,Depot,Freight|00:00-23:59,
1166,NoCharger,1000000000,FlatFee,0.0,Depot,Freight|00:00-23:59,
1167,NoCharger,1000000000,FlatFee,0.0,Depot,Freight|00:00-23:59,
1168,NoCharger,1000000000,FlatFee,0.0,Depot,Freight|00:00-23:59,
1169,NoCharger,1000000000,FlatFee,0.0,Depot,Freight|00:00-23:59,
1170,NoCharger,1000000000,FlatFee,0.0,Depot,Freight|00:00-23:59,
1171,NoCharger,1000000000,FlatFee,0.0,Depot,Freight|00:00-23:59,
1172,NoCharger,1000000000,FlatFee,0.0,Depot,Freight|00:00-23:59,
1173,NoCharger,1000000000,FlatFee,0.0,Depot,Freight|00:00-23:59,
1174,NoCharger,1000000000,FlatFee,0.0,Depot,Freight|00:00-23:59,
1175,NoCharger,1000000000,FlatFee,0.0,Depot,Freight|00:00-23:59,
1176,NoCharger,1000000000,FlatFee,0.0,Depot,Freight|00:00-23:59,
1177,NoCharger,1000000000,FlatFee,0.0,Depot,Freight|00:00-23:59,
1178,NoCharger,1000000000,FlatFee,0.0,Depot,Freight|00:00-23:59,
1179,NoCharger,1000000000,FlatFee,0.0,Depot,Freight|00:00-23:59,
1180,NoCharger,1000000000,FlatFee,0.0,Depot,Freight|00:00-23:59,
1181,NoCharger,1000000000,FlatFee,0.0,Depot,Freight|00:00-23:59,
1182,NoCharger,1000000000,FlatFee,0.0,Depot,Freight|00:00-23:59,
1183,NoCharger,1000000000,FlatFee,0.0,Depot,Freight|00:00-23:59,
1184,NoCharger,1000000000,FlatFee,0.0,Depot,Freight|00:00-23:59,
1185,NoCharger,1000000000,FlatFee,0.0,Depot,Freight|00:00-23:59,
1186,NoCharger,1000000000,FlatFee,0.0,Depot,Freight|00:00-23:59,
1187,NoCharger,1000000000,FlatFee,0.0,Depot,Freight|00:00-23:59,
1188,NoCharger,1000000000,FlatFee,0.0,Depot,Freight|00:00-23:59,
1189,NoCharger,1000000000,FlatFee,0.0,Depot,Freight|00:00-23:59,
1190,NoCharger,1000000000,FlatFee,0.0,Depot,Freight|00:00-23:59,
1191,NoCharger,1000000000,FlatFee,0.0,Depot,Freight|00:00-23:59,
1192,NoCharger,1000000000,FlatFee,0.0,Depot,Freight|00:00-23:59,
1193,NoCharger,1000000000,FlatFee,0.0,Depot,Freight|00:00-23:59,
1194,NoCharger,1000000000,FlatFee,0.0,Depot,Freight|00:00-23:59,
1195,NoCharger,1000000000,FlatFee,0.0,Depot,Freight|00:00-23:59,
1196,NoCharger,1000000000,FlatFee,0.0,Depot,Freight|00:00-23:59,
1197,NoCharger,1000000000,FlatFee,0.0,Depot,Freight|00:00-23:59,
1198,NoCharger,1000000000,FlatFee,0.0,Depot,Freight|00:00-23:59,
1199,NoCharger,1000000000,FlatFee,0.0,Depot,Freight|00:00-23:59,
1200,NoCharger,1000000000,FlatFee,0.0,Depot,Freight|00:00-23:59,
1201,NoCharger,1000000000,FlatFee,0.0,Depot,Freight|00:00-23:59,
1202,NoCharger,1000000000,FlatFee,0.0,Depot,Freight|00:00-23:59,
1203,NoCharger,1000000000,FlatFee,0.0,Depot,Freight|00:00-23:59,
1204,NoCharger,1000000000,FlatFee,0.0,Depot,Freight|00:00-23:59,
1205,NoCharger,1000000000,FlatFee,0.0,Depot,Freight|00:00-23:59,
1206,NoCharger,1000000000,FlatFee,0.0,Depot,Freight|00:00-23:59,
1207,NoCharger,1000000000,FlatFee,0.0,Depot,Freight|00:00-23:59,
1208,NoCharger,1000000000,FlatFee,0.0,Depot,Freight|00:00-23:59,
1209,NoCharger,1000000000,FlatFee,0.0,Depot,Freight|00:00-23:59,
1210,NoCharger,1000000000,FlatFee,0.0,Depot,Freight|00:00-23:59,
1211,NoCharger,1000000000,FlatFee,0.0,Depot,Freight|00:00-23:59,
1212,NoCharger,1000000000,FlatFee,0.0,Depot,Freight|00:00-23:59,
1213,NoCharger,1000000000,FlatFee,0.0,Depot,Freight|00:00-23:59,
1214,NoCharger,1000000000,FlatFee,0.0,Depot,Freight|00:00-23:59,
1215,NoCharger,1000000000,FlatFee,0.0,Depot,Freight|00:00-23:59,
1216,NoCharger,1000000000,FlatFee,0.0,Depot,Freight|00:00-23:59,
1217,NoCharger,1000000000,FlatFee,0.0,Depot,Freight|00:00-23:59,
1218,NoCharger,1000000000,FlatFee,0.0,Depot,Freight|00:00-23:59,
1219,NoCharger,1000000000,FlatFee,0.0,Depot,Freight|00:00-23:59,
1220,NoCharger,1000000000,FlatFee,0.0,Depot,Freight|00:00-23:59,
1221,NoCharger,1000000000,FlatFee,0.0,Depot,Freight|00:00-23:59,
1222,NoCharger,1000000000,FlatFee,0.0,Depot,Freight|00:00-23:59,
1223,NoCharger,1000000000,FlatFee,0.0,Depot,Freight|00:00-23:59,
1224,NoCharger,1000000000,FlatFee,0.0,Depot,Freight|00:00-23:59,
1225,NoCharger,1000000000,FlatFee,0.0,Depot,Freight|00:00-23:59,
1226,NoCharger,1000000000,FlatFee,0.0,Depot,Freight|00:00-23:59,
1227,NoCharger,1000000000,FlatFee,0.0,Depot,Freight|00:00-23:59,
1228,NoCharger,1000000000,FlatFee,0.0,Depot,Freight|00:00-23:59,
1229,NoCharger,1000000000,FlatFee,0.0,Depot,Freight|00:00-23:59,
1230,NoCharger,1000000000,FlatFee,0.0,Depot,Freight|00:00-23:59,
1231,NoCharger,1000000000,FlatFee,0.0,Depot,Freight|00:00-23:59,
1232,NoCharger,1000000000,FlatFee,0.0,Depot,Freight|00:00-23:59,
1233,NoCharger,1000000000,FlatFee,0.0,Depot,Freight|00:00-23:59,
1234,NoCharger,1000000000,FlatFee,0.0,Depot,Freight|00:00-23:59,
1235,NoCharger,1000000000,FlatFee,0.0,Depot,Freight|00:00-23:59,
1236,NoCharger,1000000000,FlatFee,0.0,Depot,Freight|00:00-23:59,
1237,NoCharger,1000000000,FlatFee,0.0,Depot,Freight|00:00-23:59,
1238,NoCharger,1000000000,FlatFee,0.0,Depot,Freight|00:00-23:59,
1239,NoCharger,1000000000,FlatFee,0.0,Depot,Freight|00:00-23:59,
1240,NoCharger,1000000000,FlatFee,0.0,Depot,Freight|00:00-23:59,
1241,NoCharger,1000000000,FlatFee,0.0,Depot,Freight|00:00-23:59,
1242,NoCharger,1000000000,FlatFee,0.0,Depot,Freight|00:00-23:59,
1243,NoCharger,1000000000,FlatFee,0.0,Depot,Freight|00:00-23:59,
1244,NoCharger,1000000000,FlatFee,0.0,Depot,Freight|00:00-23:59,
1245,NoCharger,1000000000,FlatFee,0.0,Depot,Freight|00:00-23:59,
1246,NoCharger,1000000000,FlatFee,0.0,Depot,Freight|00:00-23:59,
1247,NoCharger,1000000000,FlatFee,0.0,Depot,Freight|00:00-23:59,
1248,NoCharger,1000000000,FlatFee,0.0,Depot,Freight|00:00-23:59,
1249,NoCharger,1000000000,FlatFee,0.0,Depot,Freight|00:00-23:59,
1250,NoCharger,1000000000,FlatFee,0.0,Depot,Freight|00:00-23:59,
1251,NoCharger,1000000000,FlatFee,0.0,Depot,Freight|00:00-23:59,
1252,NoCharger,1000000000,FlatFee,0.0,Depot,Freight|00:00-23:59,
1253,NoCharger,1000000000,FlatFee,0.0,Depot,Freight|00:00-23:59,
1254,NoCharger,1000000000,FlatFee,0.0,Depot,Freight|00:00-23:59,
1255,NoCharger,1000000000,FlatFee,0.0,Depot,Freight|00:00-23:59,
1256,NoCharger,1000000000,FlatFee,0.0,Depot,Freight|00:00-23:59,
1257,NoCharger,1000000000,FlatFee,0.0,Depot,Freight|00:00-23:59,
1258,NoCharger,1000000000,FlatFee,0.0,Depot,Freight|00:00-23:59,
1259,NoCharger,1000000000,FlatFee,0.0,Depot,Freight|00:00-23:59,
1260,NoCharger,1000000000,FlatFee,0.0,Depot,Freight|00:00-23:59,
1261,NoCharger,1000000000,FlatFee,0.0,Depot,Freight|00:00-23:59,
1262,NoCharger,1000000000,FlatFee,0.0,Depot,Freight|00:00-23:59,
1263,NoCharger,1000000000,FlatFee,0.0,Depot,Freight|00:00-23:59,
1264,NoCharger,1000000000,FlatFee,0.0,Depot,Freight|00:00-23:59,
1265,NoCharger,1000000000,FlatFee,0.0,Depot,Freight|00:00-23:59,
1266,NoCharger,1000000000,FlatFee,0.0,Depot,Freight|00:00-23:59,
1267,NoCharger,1000000000,FlatFee,0.0,Depot,Freight|00:00-23:59,
1268,NoCharger,1000000000,FlatFee,0.0,Depot,Freight|00:00-23:59,
1269,NoCharger,1000000000,FlatFee,0.0,Depot,Freight|00:00-23:59,
1270,NoCharger,1000000000,FlatFee,0.0,Depot,Freight|00:00-23:59,
1271,NoCharger,1000000000,FlatFee,0.0,Depot,Freight|00:00-23:59,
1272,NoCharger,1000000000,FlatFee,0.0,Depot,Freight|00:00-23:59,
1273,NoCharger,1000000000,FlatFee,0.0,Depot,Freight|00:00-23:59,
1274,NoCharger,1000000000,FlatFee,0.0,Depot,Freight|00:00-23:59,
1275,NoCharger,1000000000,FlatFee,0.0,Depot,Freight|00:00-23:59,
1276,NoCharger,1000000000,FlatFee,0.0,Depot,Freight|00:00-23:59,
1277,NoCharger,1000000000,FlatFee,0.0,Depot,Freight|00:00-23:59,
1278,NoCharger,1000000000,FlatFee,0.0,Depot,Freight|00:00-23:59,
1279,NoCharger,1000000000,FlatFee,0.0,Depot,Freight|00:00-23:59,
1280,NoCharger,1000000000,FlatFee,0.0,Depot,Freight|00:00-23:59,
1281,NoCharger,1000000000,FlatFee,0.0,Depot,Freight|00:00-23:59,
1282,NoCharger,1000000000,FlatFee,0.0,Depot,Freight|00:00-23:59,
1283,NoCharger,1000000000,FlatFee,0.0,Depot,Freight|00:00-23:59,
1284,NoCharger,1000000000,FlatFee,0.0,Depot,Freight|00:00-23:59,
1285,NoCharger,1000000000,FlatFee,0.0,Depot,Freight|00:00-23:59,
1286,NoCharger,1000000000,FlatFee,0.0,Depot,Freight|00:00-23:59,
1287,NoCharger,1000000000,FlatFee,0.0,Depot,Freight|00:00-23:59,
1288,NoCharger,1000000000,FlatFee,0.0,Depot,Freight|00:00-23:59,
1289,NoCharger,1000000000,FlatFee,0.0,Depot,Freight|00:00-23:59,
1290,NoCharger,1000000000,FlatFee,0.0,Depot,Freight|00:00-23:59,
1291,NoCharger,1000000000,FlatFee,0.0,Depot,Freight|00:00-23:59,
1292,NoCharger,1000000000,FlatFee,0.0,Depot,Freight|00:00-23:59,
1293,NoCharger,1000000000,FlatFee,0.0,Depot,Freight|00:00-23:59,
1294,NoCharger,1000000000,FlatFee,0.0,Depot,Freight|00:00-23:59,
1295,NoCharger,1000000000,FlatFee,0.0,Depot,Freight|00:00-23:59,
1296,NoCharger,1000000000,FlatFee,0.0,Depot,Freight|00:00-23:59,
1297,NoCharger,1000000000,FlatFee,0.0,Depot,Freight|00:00-23:59,
1298,NoCharger,1000000000,FlatFee,0.0,Depot,Freight|00:00-23:59,
1299,NoCharger,1000000000,FlatFee,0.0,Depot,Freight|00:00-23:59,
1300,NoCharger,1000000000,FlatFee,0.0,Depot,Freight|00:00-23:59,
1301,NoCharger,1000000000,FlatFee,0.0,Depot,Freight|00:00-23:59,
1302,NoCharger,1000000000,FlatFee,0.0,Depot,Freight|00:00-23:59,
1303,NoCharger,1000000000,FlatFee,0.0,Depot,Freight|00:00-23:59,
1304,NoCharger,1000000000,FlatFee,0.0,Depot,Freight|00:00-23:59,
1305,NoCharger,1000000000,FlatFee,0.0,Depot,Freight|00:00-23:59,
1306,NoCharger,1000000000,FlatFee,0.0,Depot,Freight|00:00-23:59,
1307,NoCharger,1000000000,FlatFee,0.0,Depot,Freight|00:00-23:59,
1308,NoCharger,1000000000,FlatFee,0.0,Depot,Freight|00:00-23:59,
1309,NoCharger,1000000000,FlatFee,0.0,Depot,Freight|00:00-23:59,
1310,NoCharger,1000000000,FlatFee,0.0,Depot,Freight|00:00-23:59,
1311,NoCharger,1000000000,FlatFee,0.0,Depot,Freight|00:00-23:59,
1312,NoCharger,1000000000,FlatFee,0.0,Depot,Freight|00:00-23:59,
1313,NoCharger,1000000000,FlatFee,0.0,Depot,Freight|00:00-23:59,
1314,NoCharger,1000000000,FlatFee,0.0,Depot,Freight|00:00-23:59,
1315,NoCharger,1000000000,FlatFee,0.0,Depot,Freight|00:00-23:59,
1316,NoCharger,1000000000,FlatFee,0.0,Depot,Freight|00:00-23:59,
1317,NoCharger,1000000000,FlatFee,0.0,Depot,Freight|00:00-23:59,
1318,NoCharger,1000000000,FlatFee,0.0,Depot,Freight|00:00-23:59,
1319,NoCharger,1000000000,FlatFee,0.0,Depot,Freight|00:00-23:59,
1320,NoCharger,1000000000,FlatFee,0.0,Depot,Freight|00:00-23:59,
1321,NoCharger,1000000000,FlatFee,0.0,Depot,Freight|00:00-23:59,
1322,NoCharger,1000000000,FlatFee,0.0,Depot,Freight|00:00-23:59,
1323,NoCharger,1000000000,FlatFee,0.0,Depot,Freight|00:00-23:59,
1324,NoCharger,1000000000,FlatFee,0.0,Depot,Freight|00:00-23:59,
1325,NoCharger,1000000000,FlatFee,0.0,Depot,Freight|00:00-23:59,
1326,NoCharger,1000000000,FlatFee,0.0,Depot,Freight|00:00-23:59,
1327,NoCharger,1000000000,FlatFee,0.0,Depot,Freight|00:00-23:59,
1328,NoCharger,1000000000,FlatFee,0.0,Depot,Freight|00:00-23:59,
1329,NoCharger,1000000000,FlatFee,0.0,Depot,Freight|00:00-23:59,
1330,NoCharger,1000000000,FlatFee,0.0,Depot,Freight|00:00-23:59,
1331,NoCharger,1000000000,FlatFee,0.0,Depot,Freight|00:00-23:59,
1332,NoCharger,1000000000,FlatFee,0.0,Depot,Freight|00:00-23:59,
1333,NoCharger,1000000000,FlatFee,0.0,Depot,Freight|00:00-23:59,
1334,NoCharger,1000000000,FlatFee,0.0,Depot,Freight|00:00-23:59,
1335,NoCharger,1000000000,FlatFee,0.0,Depot,Freight|00:00-23:59,
1336,NoCharger,1000000000,FlatFee,0.0,Depot,Freight|00:00-23:59,
1337,NoCharger,1000000000,FlatFee,0.0,Depot,Freight|00:00-23:59,
1338,NoCharger,1000000000,FlatFee,0.0,Depot,Freight|00:00-23:59,
1339,NoCharger,1000000000,FlatFee,0.0,Depot,Freight|00:00-23:59,
1340,NoCharger,1000000000,FlatFee,0.0,Depot,Freight|00:00-23:59,
1341,NoCharger,1000000000,FlatFee,0.0,Depot,Freight|00:00-23:59,
1342,NoCharger,1000000000,FlatFee,0.0,Depot,Freight|00:00-23:59,
1343,NoCharger,1000000000,FlatFee,0.0,Depot,Freight|00:00-23:59,
1344,NoCharger,1000000000,FlatFee,0.0,Depot,Freight|00:00-23:59,
1345,NoCharger,1000000000,FlatFee,0.0,Depot,Freight|00:00-23:59,
1346,NoCharger,1000000000,FlatFee,0.0,Depot,Freight|00:00-23:59,
1347,NoCharger,1000000000,FlatFee,0.0,Depot,Freight|00:00-23:59,
1348,NoCharger,1000000000,FlatFee,0.0,Depot,Freight|00:00-23:59,
1349,NoCharger,1000000000,FlatFee,0.0,Depot,Freight|00:00-23:59,
1350,NoCharger,1000000000,FlatFee,0.0,Depot,Freight|00:00-23:59,
1351,NoCharger,1000000000,FlatFee,0.0,Depot,Freight|00:00-23:59,
1352,NoCharger,1000000000,FlatFee,0.0,Depot,Freight|00:00-23:59,
1353,NoCharger,1000000000,FlatFee,0.0,Depot,Freight|00:00-23:59,
1354,NoCharger,1000000000,FlatFee,0.0,Depot,Freight|00:00-23:59,
1355,NoCharger,1000000000,FlatFee,0.0,Depot,Freight|00:00-23:59,
1356,NoCharger,1000000000,FlatFee,0.0,Depot,Freight|00:00-23:59,
1357,NoCharger,1000000000,FlatFee,0.0,Depot,Freight|00:00-23:59,
1358,NoCharger,1000000000,FlatFee,0.0,Depot,Freight|00:00-23:59,
1359,NoCharger,1000000000,FlatFee,0.0,Depot,Freight|00:00-23:59,
1360,NoCharger,1000000000,FlatFee,0.0,Depot,Freight|00:00-23:59,
1361,NoCharger,1000000000,FlatFee,0.0,Depot,Freight|00:00-23:59,
1362,NoCharger,1000000000,FlatFee,0.0,Depot,Freight|00:00-23:59,
1363,NoCharger,1000000000,FlatFee,0.0,Depot,Freight|00:00-23:59,
1364,NoCharger,1000000000,FlatFee,0.0,Depot,Freight|00:00-23:59,
1365,NoCharger,1000000000,FlatFee,0.0,Depot,Freight|00:00-23:59,
1366,NoCharger,1000000000,FlatFee,0.0,Depot,Freight|00:00-23:59,
1367,NoCharger,1000000000,FlatFee,0.0,Depot,Freight|00:00-23:59,
1368,NoCharger,1000000000,FlatFee,0.0,Depot,Freight|00:00-23:59,
1369,NoCharger,1000000000,FlatFee,0.0,Depot,Freight|00:00-23:59,
1370,NoCharger,1000000000,FlatFee,0.0,Depot,Freight|00:00-23:59,
1371,NoCharger,1000000000,FlatFee,0.0,Depot,Freight|00:00-23:59,
1372,NoCharger,1000000000,FlatFee,0.0,Depot,Freight|00:00-23:59,
1373,NoCharger,1000000000,FlatFee,0.0,Depot,Freight|00:00-23:59,
1374,NoCharger,1000000000,FlatFee,0.0,Depot,Freight|00:00-23:59,
1375,NoCharger,1000000000,FlatFee,0.0,Depot,Freight|00:00-23:59,
1376,NoCharger,1000000000,FlatFee,0.0,Depot,Freight|00:00-23:59,
1377,NoCharger,1000000000,FlatFee,0.0,Depot,Freight|00:00-23:59,
1378,NoCharger,1000000000,FlatFee,0.0,Depot,Freight|00:00-23:59,
1379,NoCharger,1000000000,FlatFee,0.0,Depot,Freight|00:00-23:59,
1380,NoCharger,1000000000,FlatFee,0.0,Depot,Freight|00:00-23:59,
1381,NoCharger,1000000000,FlatFee,0.0,Depot,Freight|00:00-23:59,
1382,NoCharger,1000000000,FlatFee,0.0,Depot,Freight|00:00-23:59,
1383,NoCharger,1000000000,FlatFee,0.0,Depot,Freight|00:00-23:59,
1384,NoCharger,1000000000,FlatFee,0.0,Depot,Freight|00:00-23:59,
1385,NoCharger,1000000000,FlatFee,0.0,Depot,Freight|00:00-23:59,
1386,NoCharger,1000000000,FlatFee,0.0,Depot,Freight|00:00-23:59,
1387,NoCharger,1000000000,FlatFee,0.0,Depot,Freight|00:00-23:59,
1388,NoCharger,1000000000,FlatFee,0.0,Depot,Freight|00:00-23:59,
1389,NoCharger,1000000000,FlatFee,0.0,Depot,Freight|00:00-23:59,
1390,NoCharger,1000000000,FlatFee,0.0,Depot,Freight|00:00-23:59,
1391,NoCharger,1000000000,FlatFee,0.0,Depot,Freight|00:00-23:59,
1392,NoCharger,1000000000,FlatFee,0.0,Depot,Freight|00:00-23:59,
1393,NoCharger,1000000000,FlatFee,0.0,Depot,Freight|00:00-23:59,
1394,NoCharger,1000000000,FlatFee,0.0,Depot,Freight|00:00-23:59,
1395,NoCharger,1000000000,FlatFee,0.0,Depot,Freight|00:00-23:59,
1396,NoCharger,1000000000,FlatFee,0.0,Depot,Freight|00:00-23:59,
1397,NoCharger,1000000000,FlatFee,0.0,Depot,Freight|00:00-23:59,
1398,NoCharger,1000000000,FlatFee,0.0,Depot,Freight|00:00-23:59,
1399,NoCharger,1000000000,FlatFee,0.0,Depot,Freight|00:00-23:59,
1400,NoCharger,1000000000,FlatFee,0.0,Depot,Freight|00:00-23:59,
1401,NoCharger,1000000000,FlatFee,0.0,Depot,Freight|00:00-23:59,
1402,NoCharger,1000000000,FlatFee,0.0,Depot,Freight|00:00-23:59,
1403,NoCharger,1000000000,FlatFee,0.0,Depot,Freight|00:00-23:59,
1404,NoCharger,1000000000,FlatFee,0.0,Depot,Freight|00:00-23:59,
1405,NoCharger,1000000000,FlatFee,0.0,Depot,Freight|00:00-23:59,
1406,NoCharger,1000000000,FlatFee,0.0,Depot,Freight|00:00-23:59,
1407,NoCharger,1000000000,FlatFee,0.0,Depot,Freight|00:00-23:59,
1408,NoCharger,1000000000,FlatFee,0.0,Depot,Freight|00:00-23:59,
1409,NoCharger,1000000000,FlatFee,0.0,Depot,Freight|00:00-23:59,
1410,NoCharger,1000000000,FlatFee,0.0,Depot,Freight|00:00-23:59,
1411,NoCharger,1000000000,FlatFee,0.0,Depot,Freight|00:00-23:59,
1412,NoCharger,1000000000,FlatFee,0.0,Depot,Freight|00:00-23:59,
1413,NoCharger,1000000000,FlatFee,0.0,Depot,Freight|00:00-23:59,
1414,NoCharger,1000000000,FlatFee,0.0,Depot,Freight|00:00-23:59,
1415,NoCharger,1000000000,FlatFee,0.0,Depot,Freight|00:00-23:59,
1416,NoCharger,1000000000,FlatFee,0.0,Depot,Freight|00:00-23:59,
1417,NoCharger,1000000000,FlatFee,0.0,Depot,Freight|00:00-23:59,
1418,NoCharger,1000000000,FlatFee,0.0,Depot,Freight|00:00-23:59,
1419,NoCharger,1000000000,FlatFee,0.0,Depot,Freight|00:00-23:59,
1420,NoCharger,1000000000,FlatFee,0.0,Depot,Freight|00:00-23:59,
1421,NoCharger,1000000000,FlatFee,0.0,Depot,Freight|00:00-23:59,
1422,NoCharger,1000000000,FlatFee,0.0,Depot,Freight|00:00-23:59,
1423,NoCharger,1000000000,FlatFee,0.0,Depot,Freight|00:00-23:59,
1424,NoCharger,1000000000,FlatFee,0.0,Depot,Freight|00:00-23:59,
1425,NoCharger,1000000000,FlatFee,0.0,Depot,Freight|00:00-23:59,
1426,NoCharger,1000000000,FlatFee,0.0,Depot,Freight|00:00-23:59,
1427,NoCharger,1000000000,FlatFee,0.0,Depot,Freight|00:00-23:59,
1428,NoCharger,1000000000,FlatFee,0.0,Depot,Freight|00:00-23:59,
1429,NoCharger,1000000000,FlatFee,0.0,Depot,Freight|00:00-23:59,
1430,NoCharger,1000000000,FlatFee,0.0,Depot,Freight|00:00-23:59,
1431,NoCharger,1000000000,FlatFee,0.0,Depot,Freight|00:00-23:59,
1432,NoCharger,1000000000,FlatFee,0.0,Depot,Freight|00:00-23:59,
1433,NoCharger,1000000000,FlatFee,0.0,Depot,Freight|00:00-23:59,
1434,NoCharger,1000000000,FlatFee,0.0,Depot,Freight|00:00-23:59,
1435,NoCharger,1000000000,FlatFee,0.0,Depot,Freight|00:00-23:59,
1436,NoCharger,1000000000,FlatFee,0.0,Depot,Freight|00:00-23:59,
1437,NoCharger,1000000000,FlatFee,0.0,Depot,Freight|00:00-23:59,
1438,NoCharger,1000000000,FlatFee,0.0,Depot,Freight|00:00-23:59,
1439,NoCharger,1000000000,FlatFee,0.0,Depot,Freight|00:00-23:59,
1440,NoCharger,1000000000,FlatFee,0.0,Depot,Freight|00:00-23:59,
1441,NoCharger,1000000000,FlatFee,0.0,Depot,Freight|00:00-23:59,
1442,NoCharger,1000000000,FlatFee,0.0,Depot,Freight|00:00-23:59,
1443,NoCharger,1000000000,FlatFee,0.0,Depot,Freight|00:00-23:59,
1444,NoCharger,1000000000,FlatFee,0.0,Depot,Freight|00:00-23:59,
1445,NoCharger,1000000000,FlatFee,0.0,Depot,Freight|00:00-23:59,
1446,NoCharger,1000000000,FlatFee,0.0,Depot,Freight|00:00-23:59,
1447,NoCharger,1000000000,FlatFee,0.0,Depot,Freight|00:00-23:59,
1448,NoCharger,1000000000,FlatFee,0.0,Depot,Freight|00:00-23:59,
1449,NoCharger,1000000000,FlatFee,0.0,Depot,Freight|00:00-23:59,
1450,NoCharger,1000000000,FlatFee,0.0,Depot,Freight|00:00-23:59,
1451,NoCharger,1000000000,FlatFee,0.0,Depot,Freight|00:00-23:59,
1452,NoCharger,1000000000,FlatFee,0.0,Depot,Freight|00:00-23:59,
1453,NoCharger,1000000000,FlatFee,0.0,Depot,Freight|00:00-23:59,
1454,NoCharger,1000000000,FlatFee,0.0,Depot,Freight|00:00-23:59,
1455,NoCharger,1000000000,FlatFee,0.0,Depot,Freight|00:00-23:59,
1456,NoCharger,1000000000,FlatFee,0.0,Depot,Freight|00:00-23:59,
1457,NoCharger,1000000000,FlatFee,0.0,Depot,Freight|00:00-23:59,
1458,NoCharger,1000000000,FlatFee,0.0,Depot,Freight|00:00-23:59,
1459,NoCharger,1000000000,FlatFee,0.0,Depot,Freight|00:00-23:59,
1460,NoCharger,1000000000,FlatFee,0.0,Depot,Freight|00:00-23:59,
1461,NoCharger,1000000000,FlatFee,0.0,Depot,Freight|00:00-23:59,
1462,NoCharger,1000000000,FlatFee,0.0,Depot,Freight|00:00-23:59,
1463,NoCharger,1000000000,FlatFee,0.0,Depot,Freight|00:00-23:59,
1464,NoCharger,1000000000,FlatFee,0.0,Depot,Freight|00:00-23:59,
1465,NoCharger,1000000000,FlatFee,0.0,Depot,Freight|00:00-23:59,
1466,NoCharger,1000000000,FlatFee,0.0,Depot,Freight|00:00-23:59,
1467,NoCharger,1000000000,FlatFee,0.0,Depot,Freight|00:00-23:59,
1468,NoCharger,1000000000,FlatFee,0.0,Depot,Freight|00:00-23:59,
1469,NoCharger,1000000000,FlatFee,0.0,Depot,Freight|00:00-23:59,
1470,NoCharger,1000000000,FlatFee,0.0,Depot,Freight|00:00-23:59,
1471,NoCharger,1000000000,FlatFee,0.0,Depot,Freight|00:00-23:59,
1472,NoCharger,1000000000,FlatFee,0.0,Depot,Freight|00:00-23:59,
1473,NoCharger,1000000000,FlatFee,0.0,Depot,Freight|00:00-23:59,
1474,NoCharger,1000000000,FlatFee,0.0,Depot,Freight|00:00-23:59,
1475,NoCharger,1000000000,FlatFee,0.0,Depot,Freight|00:00-23:59,
1476,NoCharger,1000000000,FlatFee,0.0,Depot,Freight|00:00-23:59,
1477,NoCharger,1000000000,FlatFee,0.0,Depot,Freight|00:00-23:59,
1478,NoCharger,1000000000,FlatFee,0.0,Depot,Freight|00:00-23:59,
1479,NoCharger,1000000000,FlatFee,0.0,Depot,Freight|00:00-23:59,
1480,NoCharger,1000000000,FlatFee,0.0,Depot,Freight|00:00-23:59,
1481,NoCharger,1000000000,FlatFee,0.0,Depot,Freight|00:00-23:59,
1482,NoCharger,1000000000,FlatFee,0.0,Depot,Freight|00:00-23:59,
1483,NoCharger,1000000000,FlatFee,0.0,Depot,Freight|00:00-23:59,
1484,NoCharger,1000000000,FlatFee,0.0,Depot,Freight|00:00-23:59,
1485,NoCharger,1000000000,FlatFee,0.0,Depot,Freight|00:00-23:59,
1486,NoCharger,1000000000,FlatFee,0.0,Depot,Freight|00:00-23:59,
1487,NoCharger,1000000000,FlatFee,0.0,Depot,Freight|00:00-23:59,
1488,NoCharger,1000000000,FlatFee,0.0,Depot,Freight|00:00-23:59,
1489,NoCharger,1000000000,FlatFee,0.0,Depot,Freight|00:00-23:59,
1490,NoCharger,1000000000,FlatFee,0.0,Depot,Freight|00:00-23:59,
1491,NoCharger,1000000000,FlatFee,0.0,Depot,Freight|00:00-23:59,
1492,NoCharger,1000000000,FlatFee,0.0,Depot,Freight|00:00-23:59,
1493,NoCharger,1000000000,FlatFee,0.0,Depot,Freight|00:00-23:59,
1494,NoCharger,1000000000,FlatFee,0.0,Depot,Freight|00:00-23:59,
1495,NoCharger,1000000000,FlatFee,0.0,Depot,Freight|00:00-23:59,
1496,NoCharger,1000000000,FlatFee,0.0,Depot,Freight|00:00-23:59,
1497,NoCharger,1000000000,FlatFee,0.0,Depot,Freight|00:00-23:59,
1498,NoCharger,1000000000,FlatFee,0.0,Depot,Freight|00:00-23:59,
1499,NoCharger,1000000000,FlatFee,0.0,Depot,Freight|00:00-23:59,
1500,NoCharger,1000000000,FlatFee,0.0,Depot,Freight|00:00-23:59,
1501,NoCharger,1000000000,FlatFee,0.0,Depot,Freight|00:00-23:59,
1502,NoCharger,1000000000,FlatFee,0.0,Depot,Freight|00:00-23:59,
1503,NoCharger,1000000000,FlatFee,0.0,Depot,Freight|00:00-23:59,
1504,NoCharger,1000000000,FlatFee,0.0,Depot,Freight|00:00-23:59,
1505,NoCharger,1000000000,FlatFee,0.0,Depot,Freight|00:00-23:59,
1506,NoCharger,1000000000,FlatFee,0.0,Depot,Freight|00:00-23:59,
1507,NoCharger,1000000000,FlatFee,0.0,Depot,Freight|00:00-23:59,
1508,NoCharger,1000000000,FlatFee,0.0,Depot,Freight|00:00-23:59,
1509,NoCharger,1000000000,FlatFee,0.0,Depot,Freight|00:00-23:59,
1510,NoCharger,1000000000,FlatFee,0.0,Depot,Freight|00:00-23:59,
1511,NoCharger,1000000000,FlatFee,0.0,Depot,Freight|00:00-23:59,
1512,NoCharger,1000000000,FlatFee,0.0,Depot,Freight|00:00-23:59,
1513,NoCharger,1000000000,FlatFee,0.0,Depot,Freight|00:00-23:59,
1514,NoCharger,1000000000,FlatFee,0.0,Depot,Freight|00:00-23:59,
1515,NoCharger,1000000000,FlatFee,0.0,Depot,Freight|00:00-23:59,
1516,NoCharger,1000000000,FlatFee,0.0,Depot,Freight|00:00-23:59,
1517,NoCharger,1000000000,FlatFee,0.0,Depot,Freight|00:00-23:59,
1518,NoCharger,1000000000,FlatFee,0.0,Depot,Freight|00:00-23:59,
1519,NoCharger,1000000000,FlatFee,0.0,Depot,Freight|00:00-23:59,
1520,NoCharger,1000000000,FlatFee,0.0,Depot,Freight|00:00-23:59,
1521,NoCharger,1000000000,FlatFee,0.0,Depot,Freight|00:00-23:59,
1522,NoCharger,1000000000,FlatFee,0.0,Depot,Freight|00:00-23:59,
1523,NoCharger,1000000000,FlatFee,0.0,Depot,Freight|00:00-23:59,
1524,NoCharger,1000000000,FlatFee,0.0,Depot,Freight|00:00-23:59,
1525,NoCharger,1000000000,FlatFee,0.0,Depot,Freight|00:00-23:59,
1526,NoCharger,1000000000,FlatFee,0.0,Depot,Freight|00:00-23:59,
1527,NoCharger,1000000000,FlatFee,0.0,Depot,Freight|00:00-23:59,
1528,NoCharger,1000000000,FlatFee,0.0,Depot,Freight|00:00-23:59,
1529,NoCharger,1000000000,FlatFee,0.0,Depot,Freight|00:00-23:59,
1530,NoCharger,1000000000,FlatFee,0.0,Depot,Freight|00:00-23:59,
1531,NoCharger,1000000000,FlatFee,0.0,Depot,Freight|00:00-23:59,
1532,NoCharger,1000000000,FlatFee,0.0,Depot,Freight|00:00-23:59,
1533,NoCharger,1000000000,FlatFee,0.0,Depot,Freight|00:00-23:59,
1534,NoCharger,1000000000,FlatFee,0.0,Depot,Freight|00:00-23:59,
1535,NoCharger,1000000000,FlatFee,0.0,Depot,Freight|00:00-23:59,
1536,NoCharger,1000000000,FlatFee,0.0,Depot,Freight|00:00-23:59,
1537,NoCharger,1000000000,FlatFee,0.0,Depot,Freight|00:00-23:59,
1538,NoCharger,1000000000,FlatFee,0.0,Depot,Freight|00:00-23:59,
1539,NoCharger,1000000000,FlatFee,0.0,Depot,Freight|00:00-23:59,
1540,NoCharger,1000000000,FlatFee,0.0,Depot,Freight|00:00-23:59,
1541,NoCharger,1000000000,FlatFee,0.0,Depot,Freight|00:00-23:59,
1542,NoCharger,1000000000,FlatFee,0.0,Depot,Freight|00:00-23:59,
1543,NoCharger,1000000000,FlatFee,0.0,Depot,Freight|00:00-23:59,
1544,NoCharger,1000000000,FlatFee,0.0,Depot,Freight|00:00-23:59,
1545,NoCharger,1000000000,FlatFee,0.0,Depot,Freight|00:00-23:59,
1546,NoCharger,1000000000,FlatFee,0.0,Depot,Freight|00:00-23:59,
1547,NoCharger,1000000000,FlatFee,0.0,Depot,Freight|00:00-23:59,
1548,NoCharger,1000000000,FlatFee,0.0,Depot,Freight|00:00-23:59,
1549,NoCharger,1000000000,FlatFee,0.0,Depot,Freight|00:00-23:59,
1550,NoCharger,1000000000,FlatFee,0.0,Depot,Freight|00:00-23:59,
1551,NoCharger,1000000000,FlatFee,0.0,Depot,Freight|00:00-23:59,
1552,NoCharger,1000000000,FlatFee,0.0,Depot,Freight|00:00-23:59,
1553,NoCharger,1000000000,FlatFee,0.0,Depot,Freight|00:00-23:59,
1554,NoCharger,1000000000,FlatFee,0.0,Depot,Freight|00:00-23:59,
1555,NoCharger,1000000000,FlatFee,0.0,Depot,Freight|00:00-23:59,
1556,NoCharger,1000000000,FlatFee,0.0,Depot,Freight|00:00-23:59,
1557,NoCharger,1000000000,FlatFee,0.0,Depot,Freight|00:00-23:59,
1558,NoCharger,1000000000,FlatFee,0.0,Depot,Freight|00:00-23:59,
1559,NoCharger,1000000000,FlatFee,0.0,Depot,Freight|00:00-23:59,
1560,NoCharger,1000000000,FlatFee,0.0,Depot,Freight|00:00-23:59,
1561,NoCharger,1000000000,FlatFee,0.0,Depot,Freight|00:00-23:59,
1562,NoCharger,1000000000,FlatFee,0.0,Depot,Freight|00:00-23:59,
1563,NoCharger,1000000000,FlatFee,0.0,Depot,Freight|00:00-23:59,
1564,NoCharger,1000000000,FlatFee,0.0,Depot,Freight|00:00-23:59,
1565,NoCharger,1000000000,FlatFee,0.0,Depot,Freight|00:00-23:59,
1566,NoCharger,1000000000,FlatFee,0.0,Depot,Freight|00:00-23:59,
1567,NoCharger,1000000000,FlatFee,0.0,Depot,Freight|00:00-23:59,
1568,NoCharger,1000000000,FlatFee,0.0,Depot,Freight|00:00-23:59,
1569,NoCharger,1000000000,FlatFee,0.0,Depot,Freight|00:00-23:59,
1570,NoCharger,1000000000,FlatFee,0.0,Depot,Freight|00:00-23:59,
1571,NoCharger,1000000000,FlatFee,0.0,Depot,Freight|00:00-23:59,
1572,NoCharger,1000000000,FlatFee,0.0,Depot,Freight|00:00-23:59,
1573,NoCharger,1000000000,FlatFee,0.0,Depot,Freight|00:00-23:59,
1574,NoCharger,1000000000,FlatFee,0.0,Depot,Freight|00:00-23:59,
1575,NoCharger,1000000000,FlatFee,0.0,Depot,Freight|00:00-23:59,
1576,NoCharger,1000000000,FlatFee,0.0,Depot,Freight|00:00-23:59,
1577,NoCharger,1000000000,FlatFee,0.0,Depot,Freight|00:00-23:59,
1578,NoCharger,1000000000,FlatFee,0.0,Depot,Freight|00:00-23:59,
1579,NoCharger,1000000000,FlatFee,0.0,Depot,Freight|00:00-23:59,
1580,NoCharger,1000000000,FlatFee,0.0,Depot,Freight|00:00-23:59,
1581,NoCharger,1000000000,FlatFee,0.0,Depot,Freight|00:00-23:59,
1582,NoCharger,1000000000,FlatFee,0.0,Depot,Freight|00:00-23:59,
1583,NoCharger,1000000000,FlatFee,0.0,Depot,Freight|00:00-23:59,
1584,NoCharger,1000000000,FlatFee,0.0,Depot,Freight|00:00-23:59,
1585,NoCharger,1000000000,FlatFee,0.0,Depot,Freight|00:00-23:59,
1586,NoCharger,1000000000,FlatFee,0.0,Depot,Freight|00:00-23:59,
1587,NoCharger,1000000000,FlatFee,0.0,Depot,Freight|00:00-23:59,
1588,NoCharger,1000000000,FlatFee,0.0,Depot,Freight|00:00-23:59,
1589,NoCharger,1000000000,FlatFee,0.0,Depot,Freight|00:00-23:59,
1590,NoCharger,1000000000,FlatFee,0.0,Depot,Freight|00:00-23:59,
1591,NoCharger,1000000000,FlatFee,0.0,Depot,Freight|00:00-23:59,
1592,NoCharger,1000000000,FlatFee,0.0,Depot,Freight|00:00-23:59,
1593,NoCharger,1000000000,FlatFee,0.0,Depot,Freight|00:00-23:59,
1594,NoCharger,1000000000,FlatFee,0.0,Depot,Freight|00:00-23:59,
1595,NoCharger,1000000000,FlatFee,0.0,Depot,Freight|00:00-23:59,
1596,NoCharger,1000000000,FlatFee,0.0,Depot,Freight|00:00-23:59,
1597,NoCharger,1000000000,FlatFee,0.0,Depot,Freight|00:00-23:59,
1598,NoCharger,1000000000,FlatFee,0.0,Depot,Freight|00:00-23:59,
1599,NoCharger,1000000000,FlatFee,0.0,Depot,Freight|00:00-23:59,
1600,NoCharger,1000000000,FlatFee,0.0,Depot,Freight|00:00-23:59,
1601,NoCharger,1000000000,FlatFee,0.0,Depot,Freight|00:00-23:59,
1602,NoCharger,1000000000,FlatFee,0.0,Depot,Freight|00:00-23:59,
1603,NoCharger,1000000000,FlatFee,0.0,Depot,Freight|00:00-23:59,
1604,NoCharger,1000000000,FlatFee,0.0,Depot,Freight|00:00-23:59,
1605,NoCharger,1000000000,FlatFee,0.0,Depot,Freight|00:00-23:59,
1606,NoCharger,1000000000,FlatFee,0.0,Depot,Freight|00:00-23:59,
1607,NoCharger,1000000000,FlatFee,0.0,Depot,Freight|00:00-23:59,
1608,NoCharger,1000000000,FlatFee,0.0,Depot,Freight|00:00-23:59,
1609,NoCharger,1000000000,FlatFee,0.0,Depot,Freight|00:00-23:59,
1610,NoCharger,1000000000,FlatFee,0.0,Depot,Freight|00:00-23:59,
1611,NoCharger,1000000000,FlatFee,0.0,Depot,Freight|00:00-23:59,
1612,NoCharger,1000000000,FlatFee,0.0,Depot,Freight|00:00-23:59,
1613,NoCharger,1000000000,FlatFee,0.0,Depot,Freight|00:00-23:59,
1614,NoCharger,1000000000,FlatFee,0.0,Depot,Freight|00:00-23:59,
1615,NoCharger,1000000000,FlatFee,0.0,Depot,Freight|00:00-23:59,
1616,NoCharger,1000000000,FlatFee,0.0,Depot,Freight|00:00-23:59,
1617,NoCharger,1000000000,FlatFee,0.0,Depot,Freight|00:00-23:59,
1618,NoCharger,1000000000,FlatFee,0.0,Depot,Freight|00:00-23:59,
1619,NoCharger,1000000000,FlatFee,0.0,Depot,Freight|00:00-23:59,
1620,NoCharger,1000000000,FlatFee,0.0,Depot,Freight|00:00-23:59,
1621,NoCharger,1000000000,FlatFee,0.0,Depot,Freight|00:00-23:59,
1622,NoCharger,1000000000,FlatFee,0.0,Depot,Freight|00:00-23:59,
1623,NoCharger,1000000000,FlatFee,0.0,Depot,Freight|00:00-23:59,
1624,NoCharger,1000000000,FlatFee,0.0,Depot,Freight|00:00-23:59,
1625,NoCharger,1000000000,FlatFee,0.0,Depot,Freight|00:00-23:59,
1626,NoCharger,1000000000,FlatFee,0.0,Depot,Freight|00:00-23:59,
1627,NoCharger,1000000000,FlatFee,0.0,Depot,Freight|00:00-23:59,
1628,NoCharger,1000000000,FlatFee,0.0,Depot,Freight|00:00-23:59,
1629,NoCharger,1000000000,FlatFee,0.0,Depot,Freight|00:00-23:59,
1630,NoCharger,1000000000,FlatFee,0.0,Depot,Freight|00:00-23:59,
1631,NoCharger,1000000000,FlatFee,0.0,Depot,Freight|00:00-23:59,
1632,NoCharger,1000000000,FlatFee,0.0,Depot,Freight|00:00-23:59,
1633,NoCharger,1000000000,FlatFee,0.0,Depot,Freight|00:00-23:59,
1634,NoCharger,1000000000,FlatFee,0.0,Depot,Freight|00:00-23:59,
1635,NoCharger,1000000000,FlatFee,0.0,Depot,Freight|00:00-23:59,
1636,NoCharger,1000000000,FlatFee,0.0,Depot,Freight|00:00-23:59,
1637,NoCharger,1000000000,FlatFee,0.0,Depot,Freight|00:00-23:59,
1638,NoCharger,1000000000,FlatFee,0.0,Depot,Freight|00:00-23:59,
1639,NoCharger,1000000000,FlatFee,0.0,Depot,Freight|00:00-23:59,
1640,NoCharger,1000000000,FlatFee,0.0,Depot,Freight|00:00-23:59,
1641,NoCharger,1000000000,FlatFee,0.0,Depot,Freight|00:00-23:59,
1642,NoCharger,1000000000,FlatFee,0.0,Depot,Freight|00:00-23:59,
1643,NoCharger,1000000000,FlatFee,0.0,Depot,Freight|00:00-23:59,
1644,NoCharger,1000000000,FlatFee,0.0,Depot,Freight|00:00-23:59,
1645,NoCharger,1000000000,FlatFee,0.0,Depot,Freight|00:00-23:59,
1646,NoCharger,1000000000,FlatFee,0.0,Depot,Freight|00:00-23:59,
1647,NoCharger,1000000000,FlatFee,0.0,Depot,Freight|00:00-23:59,
1648,NoCharger,1000000000,FlatFee,0.0,Depot,Freight|00:00-23:59,
1649,NoCharger,1000000000,FlatFee,0.0,Depot,Freight|00:00-23:59,
1650,NoCharger,1000000000,FlatFee,0.0,Depot,Freight|00:00-23:59,
1651,NoCharger,1000000000,FlatFee,0.0,Depot,Freight|00:00-23:59,
1652,NoCharger,1000000000,FlatFee,0.0,Depot,Freight|00:00-23:59,
1653,NoCharger,1000000000,FlatFee,0.0,Depot,Freight|00:00-23:59,
1654,NoCharger,1000000000,FlatFee,0.0,Depot,Freight|00:00-23:59,
1655,NoCharger,1000000000,FlatFee,0.0,Depot,Freight|00:00-23:59,
1656,NoCharger,1000000000,FlatFee,0.0,Depot,Freight|00:00-23:59,
1657,NoCharger,1000000000,FlatFee,0.0,Depot,Freight|00:00-23:59,
1658,NoCharger,1000000000,FlatFee,0.0,Depot,Freight|00:00-23:59,
1659,NoCharger,1000000000,FlatFee,0.0,Depot,Freight|00:00-23:59,
1660,NoCharger,1000000000,FlatFee,0.0,Depot,Freight|00:00-23:59,
1661,NoCharger,1000000000,FlatFee,0.0,Depot,Freight|00:00-23:59,
1662,NoCharger,1000000000,FlatFee,0.0,Depot,Freight|00:00-23:59,
1663,NoCharger,1000000000,FlatFee,0.0,Depot,Freight|00:00-23:59,
1664,NoCharger,1000000000,FlatFee,0.0,Depot,Freight|00:00-23:59,
1665,NoCharger,1000000000,FlatFee,0.0,Depot,Freight|00:00-23:59,
1666,NoCharger,1000000000,FlatFee,0.0,Depot,Freight|00:00-23:59,
1667,NoCharger,1000000000,FlatFee,0.0,Depot,Freight|00:00-23:59,
1668,NoCharger,1000000000,FlatFee,0.0,Depot,Freight|00:00-23:59,
1669,NoCharger,1000000000,FlatFee,0.0,Depot,Freight|00:00-23:59,
1670,NoCharger,1000000000,FlatFee,0.0,Depot,Freight|00:00-23:59,
1671,NoCharger,1000000000,FlatFee,0.0,Depot,Freight|00:00-23:59,
1672,NoCharger,1000000000,FlatFee,0.0,Depot,Freight|00:00-23:59,
1673,NoCharger,1000000000,FlatFee,0.0,Depot,Freight|00:00-23:59,
1674,NoCharger,1000000000,FlatFee,0.0,Depot,Freight|00:00-23:59,
1675,NoCharger,1000000000,FlatFee,0.0,Depot,Freight|00:00-23:59,
1676,NoCharger,1000000000,FlatFee,0.0,Depot,Freight|00:00-23:59,
1677,NoCharger,1000000000,FlatFee,0.0,Depot,Freight|00:00-23:59,
1678,NoCharger,1000000000,FlatFee,0.0,Depot,Freight|00:00-23:59,
1679,NoCharger,1000000000,FlatFee,0.0,Depot,Freight|00:00-23:59,
1680,NoCharger,1000000000,FlatFee,0.0,Depot,Freight|00:00-23:59,
1681,NoCharger,1000000000,FlatFee,0.0,Depot,Freight|00:00-23:59,
1682,NoCharger,1000000000,FlatFee,0.0,Depot,Freight|00:00-23:59,
1683,NoCharger,1000000000,FlatFee,0.0,Depot,Freight|00:00-23:59,
1684,NoCharger,1000000000,FlatFee,0.0,Depot,Freight|00:00-23:59,
1685,NoCharger,1000000000,FlatFee,0.0,Depot,Freight|00:00-23:59,
1686,NoCharger,1000000000,FlatFee,0.0,Depot,Freight|00:00-23:59,
1687,NoCharger,1000000000,FlatFee,0.0,Depot,Freight|00:00-23:59,
1688,NoCharger,1000000000,FlatFee,0.0,Depot,Freight|00:00-23:59,
1689,NoCharger,1000000000,FlatFee,0.0,Depot,Freight|00:00-23:59,
1690,NoCharger,1000000000,FlatFee,0.0,Depot,Freight|00:00-23:59,
1691,NoCharger,1000000000,FlatFee,0.0,Depot,Freight|00:00-23:59,
1692,NoCharger,1000000000,FlatFee,0.0,Depot,Freight|00:00-23:59,
1693,NoCharger,1000000000,FlatFee,0.0,Depot,Freight|00:00-23:59,
1694,NoCharger,1000000000,FlatFee,0.0,Depot,Freight|00:00-23:59,
1695,NoCharger,1000000000,FlatFee,0.0,Depot,Freight|00:00-23:59,
1696,NoCharger,1000000000,FlatFee,0.0,Depot,Freight|00:00-23:59,
1697,NoCharger,1000000000,FlatFee,0.0,Depot,Freight|00:00-23:59,
1698,NoCharger,1000000000,FlatFee,0.0,Depot,Freight|00:00-23:59,
1699,NoCharger,1000000000,FlatFee,0.0,Depot,Freight|00:00-23:59,
1700,NoCharger,1000000000,FlatFee,0.0,Depot,Freight|00:00-23:59,
1701,NoCharger,1000000000,FlatFee,0.0,Depot,Freight|00:00-23:59,
1702,NoCharger,1000000000,FlatFee,0.0,Depot,Freight|00:00-23:59,
1703,NoCharger,1000000000,FlatFee,0.0,Depot,Freight|00:00-23:59,
1704,NoCharger,1000000000,FlatFee,0.0,Depot,Freight|00:00-23:59,
1705,NoCharger,1000000000,FlatFee,0.0,Depot,Freight|00:00-23:59,
1706,NoCharger,1000000000,FlatFee,0.0,Depot,Freight|00:00-23:59,
1707,NoCharger,1000000000,FlatFee,0.0,Depot,Freight|00:00-23:59,
1708,NoCharger,1000000000,FlatFee,0.0,Depot,Freight|00:00-23:59,
1709,NoCharger,1000000000,FlatFee,0.0,Depot,Freight|00:00-23:59,
1710,NoCharger,1000000000,FlatFee,0.0,Depot,Freight|00:00-23:59,
1711,NoCharger,1000000000,FlatFee,0.0,Depot,Freight|00:00-23:59,
1712,NoCharger,1000000000,FlatFee,0.0,Depot,Freight|00:00-23:59,
1713,NoCharger,1000000000,FlatFee,0.0,Depot,Freight|00:00-23:59,
1714,NoCharger,1000000000,FlatFee,0.0,Depot,Freight|00:00-23:59,
1715,NoCharger,1000000000,FlatFee,0.0,Depot,Freight|00:00-23:59,
1716,NoCharger,1000000000,FlatFee,0.0,Depot,Freight|00:00-23:59,
1717,NoCharger,1000000000,FlatFee,0.0,Depot,Freight|00:00-23:59,
1718,NoCharger,1000000000,FlatFee,0.0,Depot,Freight|00:00-23:59,
1719,NoCharger,1000000000,FlatFee,0.0,Depot,Freight|00:00-23:59,
1720,NoCharger,1000000000,FlatFee,0.0,Depot,Freight|00:00-23:59,
1721,NoCharger,1000000000,FlatFee,0.0,Depot,Freight|00:00-23:59,
1722,NoCharger,1000000000,FlatFee,0.0,Depot,Freight|00:00-23:59,
1723,NoCharger,1000000000,FlatFee,0.0,Depot,Freight|00:00-23:59,
1724,NoCharger,1000000000,FlatFee,0.0,Depot,Freight|00:00-23:59,
1725,NoCharger,1000000000,FlatFee,0.0,Depot,Freight|00:00-23:59,
1726,NoCharger,1000000000,FlatFee,0.0,Depot,Freight|00:00-23:59,
1727,NoCharger,1000000000,FlatFee,0.0,Depot,Freight|00:00-23:59,
1728,NoCharger,1000000000,FlatFee,0.0,Depot,Freight|00:00-23:59,
1729,NoCharger,1000000000,FlatFee,0.0,Depot,Freight|00:00-23:59,
1730,NoCharger,1000000000,FlatFee,0.0,Depot,Freight|00:00-23:59,
1731,NoCharger,1000000000,FlatFee,0.0,Depot,Freight|00:00-23:59,
1732,NoCharger,1000000000,FlatFee,0.0,Depot,Freight|00:00-23:59,
1733,NoCharger,1000000000,FlatFee,0.0,Depot,Freight|00:00-23:59,
1734,NoCharger,1000000000,FlatFee,0.0,Depot,Freight|00:00-23:59,
1735,NoCharger,1000000000,FlatFee,0.0,Depot,Freight|00:00-23:59,
1736,NoCharger,1000000000,FlatFee,0.0,Depot,Freight|00:00-23:59,
1737,NoCharger,1000000000,FlatFee,0.0,Depot,Freight|00:00-23:59,
1738,NoCharger,1000000000,FlatFee,0.0,Depot,Freight|00:00-23:59,
1739,NoCharger,1000000000,FlatFee,0.0,Depot,Freight|00:00-23:59,
1740,NoCharger,1000000000,FlatFee,0.0,Depot,Freight|00:00-23:59,
1741,NoCharger,1000000000,FlatFee,0.0,Depot,Freight|00:00-23:59,
1742,NoCharger,1000000000,FlatFee,0.0,Depot,Freight|00:00-23:59,
1743,NoCharger,1000000000,FlatFee,0.0,Depot,Freight|00:00-23:59,
1744,NoCharger,1000000000,FlatFee,0.0,Depot,Freight|00:00-23:59,
1745,NoCharger,1000000000,FlatFee,0.0,Depot,Freight|00:00-23:59,
1746,NoCharger,1000000000,FlatFee,0.0,Depot,Freight|00:00-23:59,
1747,NoCharger,1000000000,FlatFee,0.0,Depot,Freight|00:00-23:59,
1748,NoCharger,1000000000,FlatFee,0.0,Depot,Freight|00:00-23:59,
1749,NoCharger,1000000000,FlatFee,0.0,Depot,Freight|00:00-23:59,
1750,NoCharger,1000000000,FlatFee,0.0,Depot,Freight|00:00-23:59,
1751,NoCharger,1000000000,FlatFee,0.0,Depot,Freight|00:00-23:59,
1752,NoCharger,1000000000,FlatFee,0.0,Depot,Freight|00:00-23:59,
1753,NoCharger,1000000000,FlatFee,0.0,Depot,Freight|00:00-23:59,
1754,NoCharger,1000000000,FlatFee,0.0,Depot,Freight|00:00-23:59,
1755,NoCharger,1000000000,FlatFee,0.0,Depot,Freight|00:00-23:59,
1756,NoCharger,1000000000,FlatFee,0.0,Depot,Freight|00:00-23:59,
1757,NoCharger,1000000000,FlatFee,0.0,Depot,Freight|00:00-23:59,
1758,NoCharger,1000000000,FlatFee,0.0,Depot,Freight|00:00-23:59,
1759,NoCharger,1000000000,FlatFee,0.0,Depot,Freight|00:00-23:59,
1760,NoCharger,1000000000,FlatFee,0.0,Depot,Freight|00:00-23:59,
1761,NoCharger,1000000000,FlatFee,0.0,Depot,Freight|00:00-23:59,
1762,NoCharger,1000000000,FlatFee,0.0,Depot,Freight|00:00-23:59,
1763,NoCharger,1000000000,FlatFee,0.0,Depot,Freight|00:00-23:59,
1764,NoCharger,1000000000,FlatFee,0.0,Depot,Freight|00:00-23:59,
1765,NoCharger,1000000000,FlatFee,0.0,Depot,Freight|00:00-23:59,
1766,NoCharger,1000000000,FlatFee,0.0,Depot,Freight|00:00-23:59,
1767,NoCharger,1000000000,FlatFee,0.0,Depot,Freight|00:00-23:59,
1768,NoCharger,1000000000,FlatFee,0.0,Depot,Freight|00:00-23:59,
1769,NoCharger,1000000000,FlatFee,0.0,Depot,Freight|00:00-23:59,
1770,NoCharger,1000000000,FlatFee,0.0,Depot,Freight|00:00-23:59,
1771,NoCharger,1000000000,FlatFee,0.0,Depot,Freight|00:00-23:59,
1772,NoCharger,1000000000,FlatFee,0.0,Depot,Freight|00:00-23:59,
1773,NoCharger,1000000000,FlatFee,0.0,Depot,Freight|00:00-23:59,
1774,NoCharger,1000000000,FlatFee,0.0,Depot,Freight|00:00-23:59,
1775,NoCharger,1000000000,FlatFee,0.0,Depot,Freight|00:00-23:59,
1776,NoCharger,1000000000,FlatFee,0.0,Depot,Freight|00:00-23:59,
1777,NoCharger,1000000000,FlatFee,0.0,Depot,Freight|00:00-23:59,
1778,NoCharger,1000000000,FlatFee,0.0,Depot,Freight|00:00-23:59,
1779,NoCharger,1000000000,FlatFee,0.0,Depot,Freight|00:00-23:59,
1780,NoCharger,1000000000,FlatFee,0.0,Depot,Freight|00:00-23:59,
1781,NoCharger,1000000000,FlatFee,0.0,Depot,Freight|00:00-23:59,
1782,NoCharger,1000000000,FlatFee,0.0,Depot,Freight|00:00-23:59,
1783,NoCharger,1000000000,FlatFee,0.0,Depot,Freight|00:00-23:59,
1784,NoCharger,1000000000,FlatFee,0.0,Depot,Freight|00:00-23:59,
1785,NoCharger,1000000000,FlatFee,0.0,Depot,Freight|00:00-23:59,
1786,NoCharger,1000000000,FlatFee,0.0,Depot,Freight|00:00-23:59,
1787,NoCharger,1000000000,FlatFee,0.0,Depot,Freight|00:00-23:59,
1788,NoCharger,1000000000,FlatFee,0.0,Depot,Freight|00:00-23:59,
1789,NoCharger,1000000000,FlatFee,0.0,Depot,Freight|00:00-23:59,
1790,NoCharger,1000000000,FlatFee,0.0,Depot,Freight|00:00-23:59,
1791,NoCharger,1000000000,FlatFee,0.0,Depot,Freight|00:00-23:59,
1792,NoCharger,1000000000,FlatFee,0.0,Depot,Freight|00:00-23:59,
1793,NoCharger,1000000000,FlatFee,0.0,Depot,Freight|00:00-23:59,
1794,NoCharger,1000000000,FlatFee,0.0,Depot,Freight|00:00-23:59,
1795,NoCharger,1000000000,FlatFee,0.0,Depot,Freight|00:00-23:59,
1796,NoCharger,1000000000,FlatFee,0.0,Depot,Freight|00:00-23:59,
1797,NoCharger,1000000000,FlatFee,0.0,Depot,Freight|00:00-23:59,
1798,NoCharger,1000000000,FlatFee,0.0,Depot,Freight|00:00-23:59,
1799,NoCharger,1000000000,FlatFee,0.0,Depot,Freight|00:00-23:59,
1800,NoCharger,1000000000,FlatFee,0.0,Depot,Freight|00:00-23:59,
1801,NoCharger,1000000000,FlatFee,0.0,Depot,Freight|00:00-23:59,
1802,NoCharger,1000000000,FlatFee,0.0,Depot,Freight|00:00-23:59,
1803,NoCharger,1000000000,FlatFee,0.0,Depot,Freight|00:00-23:59,
1804,NoCharger,1000000000,FlatFee,0.0,Depot,Freight|00:00-23:59,
1805,NoCharger,1000000000,FlatFee,0.0,Depot,Freight|00:00-23:59,
1806,NoCharger,1000000000,FlatFee,0.0,Depot,Freight|00:00-23:59,
1807,NoCharger,1000000000,FlatFee,0.0,Depot,Freight|00:00-23:59,
1808,NoCharger,1000000000,FlatFee,0.0,Depot,Freight|00:00-23:59,
1809,NoCharger,1000000000,FlatFee,0.0,Depot,Freight|00:00-23:59,
1810,NoCharger,1000000000,FlatFee,0.0,Depot,Freight|00:00-23:59,
1811,NoCharger,1000000000,FlatFee,0.0,Depot,Freight|00:00-23:59,
1812,NoCharger,1000000000,FlatFee,0.0,Depot,Freight|00:00-23:59,
1813,NoCharger,1000000000,FlatFee,0.0,Depot,Freight|00:00-23:59,
1814,NoCharger,1000000000,FlatFee,0.0,Depot,Freight|00:00-23:59,
1815,NoCharger,1000000000,FlatFee,0.0,Depot,Freight|00:00-23:59,
1816,NoCharger,1000000000,FlatFee,0.0,Depot,Freight|00:00-23:59,
1817,NoCharger,1000000000,FlatFee,0.0,Depot,Freight|00:00-23:59,
1818,NoCharger,1000000000,FlatFee,0.0,Depot,Freight|00:00-23:59,
1819,NoCharger,1000000000,FlatFee,0.0,Depot,Freight|00:00-23:59,
1820,NoCharger,1000000000,FlatFee,0.0,Depot,Freight|00:00-23:59,
1821,NoCharger,1000000000,FlatFee,0.0,Depot,Freight|00:00-23:59,
1822,NoCharger,1000000000,FlatFee,0.0,Depot,Freight|00:00-23:59,
1823,NoCharger,1000000000,FlatFee,0.0,Depot,Freight|00:00-23:59,
1824,NoCharger,1000000000,FlatFee,0.0,Depot,Freight|00:00-23:59,
1825,NoCharger,1000000000,FlatFee,0.0,Depot,Freight|00:00-23:59,
1826,NoCharger,1000000000,FlatFee,0.0,Depot,Freight|00:00-23:59,
1827,NoCharger,1000000000,FlatFee,0.0,Depot,Freight|00:00-23:59,
1828,NoCharger,1000000000,FlatFee,0.0,Depot,Freight|00:00-23:59,
1829,NoCharger,1000000000,FlatFee,0.0,Depot,Freight|00:00-23:59,
1830,NoCharger,1000000000,FlatFee,0.0,Depot,Freight|00:00-23:59,
1831,NoCharger,1000000000,FlatFee,0.0,Depot,Freight|00:00-23:59,
1832,NoCharger,1000000000,FlatFee,0.0,Depot,Freight|00:00-23:59,
1833,NoCharger,1000000000,FlatFee,0.0,Depot,Freight|00:00-23:59,
1834,NoCharger,1000000000,FlatFee,0.0,Depot,Freight|00:00-23:59,
1835,NoCharger,1000000000,FlatFee,0.0,Depot,Freight|00:00-23:59,
1836,NoCharger,1000000000,FlatFee,0.0,Depot,Freight|00:00-23:59,
1837,NoCharger,1000000000,FlatFee,0.0,Depot,Freight|00:00-23:59,
1838,NoCharger,1000000000,FlatFee,0.0,Depot,Freight|00:00-23:59,
1839,NoCharger,1000000000,FlatFee,0.0,Depot,Freight|00:00-23:59,
1840,NoCharger,1000000000,FlatFee,0.0,Depot,Freight|00:00-23:59,
1841,NoCharger,1000000000,FlatFee,0.0,Depot,Freight|00:00-23:59,
1842,NoCharger,1000000000,FlatFee,0.0,Depot,Freight|00:00-23:59,
1843,NoCharger,1000000000,FlatFee,0.0,Depot,Freight|00:00-23:59,
1844,NoCharger,1000000000,FlatFee,0.0,Depot,Freight|00:00-23:59,
1845,NoCharger,1000000000,FlatFee,0.0,Depot,Freight|00:00-23:59,
1846,NoCharger,1000000000,FlatFee,0.0,Depot,Freight|00:00-23:59,
1847,NoCharger,1000000000,FlatFee,0.0,Depot,Freight|00:00-23:59,
1848,NoCharger,1000000000,FlatFee,0.0,Depot,Freight|00:00-23:59,
1849,NoCharger,1000000000,FlatFee,0.0,Depot,Freight|00:00-23:59,
1850,NoCharger,1000000000,FlatFee,0.0,Depot,Freight|00:00-23:59,
1851,NoCharger,1000000000,FlatFee,0.0,Depot,Freight|00:00-23:59,
1852,NoCharger,1000000000,FlatFee,0.0,Depot,Freight|00:00-23:59,
1853,NoCharger,1000000000,FlatFee,0.0,Depot,Freight|00:00-23:59,
1854,NoCharger,1000000000,FlatFee,0.0,Depot,Freight|00:00-23:59,
1855,NoCharger,1000000000,FlatFee,0.0,Depot,Freight|00:00-23:59,
1856,NoCharger,1000000000,FlatFee,0.0,Depot,Freight|00:00-23:59,
1857,NoCharger,1000000000,FlatFee,0.0,Depot,Freight|00:00-23:59,
1858,NoCharger,1000000000,FlatFee,0.0,Depot,Freight|00:00-23:59,
1859,NoCharger,1000000000,FlatFee,0.0,Depot,Freight|00:00-23:59,
1860,NoCharger,1000000000,FlatFee,0.0,Depot,Freight|00:00-23:59,
1861,NoCharger,1000000000,FlatFee,0.0,Depot,Freight|00:00-23:59,
1862,NoCharger,1000000000,FlatFee,0.0,Depot,Freight|00:00-23:59,
1863,NoCharger,1000000000,FlatFee,0.0,Depot,Freight|00:00-23:59,
1864,NoCharger,1000000000,FlatFee,0.0,Depot,Freight|00:00-23:59,
1865,NoCharger,1000000000,FlatFee,0.0,Depot,Freight|00:00-23:59,
1866,NoCharger,1000000000,FlatFee,0.0,Depot,Freight|00:00-23:59,
1867,NoCharger,1000000000,FlatFee,0.0,Depot,Freight|00:00-23:59,
1868,NoCharger,1000000000,FlatFee,0.0,Depot,Freight|00:00-23:59,
1869,NoCharger,1000000000,FlatFee,0.0,Depot,Freight|00:00-23:59,
1870,NoCharger,1000000000,FlatFee,0.0,Depot,Freight|00:00-23:59,
1871,NoCharger,1000000000,FlatFee,0.0,Depot,Freight|00:00-23:59,
1872,NoCharger,1000000000,FlatFee,0.0,Depot,Freight|00:00-23:59,
1873,NoCharger,1000000000,FlatFee,0.0,Depot,Freight|00:00-23:59,
1874,NoCharger,1000000000,FlatFee,0.0,Depot,Freight|00:00-23:59,
1875,NoCharger,1000000000,FlatFee,0.0,Depot,Freight|00:00-23:59,
1876,NoCharger,1000000000,FlatFee,0.0,Depot,Freight|00:00-23:59,
1877,NoCharger,1000000000,FlatFee,0.0,Depot,Freight|00:00-23:59,
1878,NoCharger,1000000000,FlatFee,0.0,Depot,Freight|00:00-23:59,
1879,NoCharger,1000000000,FlatFee,0.0,Depot,Freight|00:00-23:59,
1880,NoCharger,1000000000,FlatFee,0.0,Depot,Freight|00:00-23:59,
1881,NoCharger,1000000000,FlatFee,0.0,Depot,Freight|00:00-23:59,
1882,NoCharger,1000000000,FlatFee,0.0,Depot,Freight|00:00-23:59,
1883,NoCharger,1000000000,FlatFee,0.0,Depot,Freight|00:00-23:59,
1884,NoCharger,1000000000,FlatFee,0.0,Depot,Freight|00:00-23:59,
1885,NoCharger,1000000000,FlatFee,0.0,Depot,Freight|00:00-23:59,
1886,NoCharger,1000000000,FlatFee,0.0,Depot,Freight|00:00-23:59,
1887,NoCharger,1000000000,FlatFee,0.0,Depot,Freight|00:00-23:59,
1888,NoCharger,1000000000,FlatFee,0.0,Depot,Freight|00:00-23:59,
1889,NoCharger,1000000000,FlatFee,0.0,Depot,Freight|00:00-23:59,
1890,NoCharger,1000000000,FlatFee,0.0,Depot,Freight|00:00-23:59,
1891,NoCharger,1000000000,FlatFee,0.0,Depot,Freight|00:00-23:59,
1892,NoCharger,1000000000,FlatFee,0.0,Depot,Freight|00:00-23:59,
1893,NoCharger,1000000000,FlatFee,0.0,Depot,Freight|00:00-23:59,
1894,NoCharger,1000000000,FlatFee,0.0,Depot,Freight|00:00-23:59,
1895,NoCharger,1000000000,FlatFee,0.0,Depot,Freight|00:00-23:59,
1896,NoCharger,1000000000,FlatFee,0.0,Depot,Freight|00:00-23:59,
1897,NoCharger,1000000000,FlatFee,0.0,Depot,Freight|00:00-23:59,
1898,NoCharger,1000000000,FlatFee,0.0,Depot,Freight|00:00-23:59,
1899,NoCharger,1000000000,FlatFee,0.0,Depot,Freight|00:00-23:59,
1900,NoCharger,1000000000,FlatFee,0.0,Depot,Freight|00:00-23:59,
1901,NoCharger,1000000000,FlatFee,0.0,Depot,Freight|00:00-23:59,
1902,NoCharger,1000000000,FlatFee,0.0,Depot,Freight|00:00-23:59,
1903,NoCharger,1000000000,FlatFee,0.0,Depot,Freight|00:00-23:59,
1904,NoCharger,1000000000,FlatFee,0.0,Depot,Freight|00:00-23:59,
1905,NoCharger,1000000000,FlatFee,0.0,Depot,Freight|00:00-23:59,
1906,NoCharger,1000000000,FlatFee,0.0,Depot,Freight|00:00-23:59,
1907,NoCharger,1000000000,FlatFee,0.0,Depot,Freight|00:00-23:59,
1908,NoCharger,1000000000,FlatFee,0.0,Depot,Freight|00:00-23:59,
1909,NoCharger,1000000000,FlatFee,0.0,Depot,Freight|00:00-23:59,
1910,NoCharger,1000000000,FlatFee,0.0,Depot,Freight|00:00-23:59,
1911,NoCharger,1000000000,FlatFee,0.0,Depot,Freight|00:00-23:59,
1912,NoCharger,1000000000,FlatFee,0.0,Depot,Freight|00:00-23:59,
1913,NoCharger,1000000000,FlatFee,0.0,Depot,Freight|00:00-23:59,
1914,NoCharger,1000000000,FlatFee,0.0,Depot,Freight|00:00-23:59,
1915,NoCharger,1000000000,FlatFee,0.0,Depot,Freight|00:00-23:59,
1916,NoCharger,1000000000,FlatFee,0.0,Depot,Freight|00:00-23:59,
1917,NoCharger,1000000000,FlatFee,0.0,Depot,Freight|00:00-23:59,
1918,NoCharger,1000000000,FlatFee,0.0,Depot,Freight|00:00-23:59,
1919,NoCharger,1000000000,FlatFee,0.0,Depot,Freight|00:00-23:59,
1920,NoCharger,1000000000,FlatFee,0.0,Depot,Freight|00:00-23:59,
1921,NoCharger,1000000000,FlatFee,0.0,Depot,Freight|00:00-23:59,
1922,NoCharger,1000000000,FlatFee,0.0,Depot,Freight|00:00-23:59,
1923,NoCharger,1000000000,FlatFee,0.0,Depot,Freight|00:00-23:59,
1924,NoCharger,1000000000,FlatFee,0.0,Depot,Freight|00:00-23:59,
1925,NoCharger,1000000000,FlatFee,0.0,Depot,Freight|00:00-23:59,
1926,NoCharger,1000000000,FlatFee,0.0,Depot,Freight|00:00-23:59,
1927,NoCharger,1000000000,FlatFee,0.0,Depot,Freight|00:00-23:59,
1928,NoCharger,1000000000,FlatFee,0.0,Depot,Freight|00:00-23:59,
1929,NoCharger,1000000000,FlatFee,0.0,Depot,Freight|00:00-23:59,
1930,NoCharger,1000000000,FlatFee,0.0,Depot,Freight|00:00-23:59,
1931,NoCharger,1000000000,FlatFee,0.0,Depot,Freight|00:00-23:59,
1932,NoCharger,1000000000,FlatFee,0.0,Depot,Freight|00:00-23:59,
1933,NoCharger,1000000000,FlatFee,0.0,Depot,Freight|00:00-23:59,
1934,NoCharger,1000000000,FlatFee,0.0,Depot,Freight|00:00-23:59,
1935,NoCharger,1000000000,FlatFee,0.0,Depot,Freight|00:00-23:59,
1936,NoCharger,1000000000,FlatFee,0.0,Depot,Freight|00:00-23:59,
1937,NoCharger,1000000000,FlatFee,0.0,Depot,Freight|00:00-23:59,
1938,NoCharger,1000000000,FlatFee,0.0,Depot,Freight|00:00-23:59,
1939,NoCharger,1000000000,FlatFee,0.0,Depot,Freight|00:00-23:59,
1940,NoCharger,1000000000,FlatFee,0.0,Depot,Freight|00:00-23:59,
1941,NoCharger,1000000000,FlatFee,0.0,Depot,Freight|00:00-23:59,
1942,NoCharger,1000000000,FlatFee,0.0,Depot,Freight|00:00-23:59,
1943,NoCharger,1000000000,FlatFee,0.0,Depot,Freight|00:00-23:59,
1944,NoCharger,1000000000,FlatFee,0.0,Depot,Freight|00:00-23:59,
1945,NoCharger,1000000000,FlatFee,0.0,Depot,Freight|00:00-23:59,
1946,NoCharger,1000000000,FlatFee,0.0,Depot,Freight|00:00-23:59,
1947,NoCharger,1000000000,FlatFee,0.0,Depot,Freight|00:00-23:59,
1948,NoCharger,1000000000,FlatFee,0.0,Depot,Freight|00:00-23:59,
1949,NoCharger,1000000000,FlatFee,0.0,Depot,Freight|00:00-23:59,
1950,NoCharger,1000000000,FlatFee,0.0,Depot,Freight|00:00-23:59,
1951,NoCharger,1000000000,FlatFee,0.0,Depot,Freight|00:00-23:59,
1952,NoCharger,1000000000,FlatFee,0.0,Depot,Freight|00:00-23:59,
1953,NoCharger,1000000000,FlatFee,0.0,Depot,Freight|00:00-23:59,
1954,NoCharger,1000000000,FlatFee,0.0,Depot,Freight|00:00-23:59,
1955,NoCharger,1000000000,FlatFee,0.0,Depot,Freight|00:00-23:59,
1956,NoCharger,1000000000,FlatFee,0.0,Depot,Freight|00:00-23:59,
1957,NoCharger,1000000000,FlatFee,0.0,Depot,Freight|00:00-23:59,
1958,NoCharger,1000000000,FlatFee,0.0,Depot,Freight|00:00-23:59,
1959,NoCharger,1000000000,FlatFee,0.0,Depot,Freight|00:00-23:59,
1960,NoCharger,1000000000,FlatFee,0.0,Depot,Freight|00:00-23:59,
1961,NoCharger,1000000000,FlatFee,0.0,Depot,Freight|00:00-23:59,
1962,NoCharger,1000000000,FlatFee,0.0,Depot,Freight|00:00-23:59,
1963,NoCharger,1000000000,FlatFee,0.0,Depot,Freight|00:00-23:59,
1964,NoCharger,1000000000,FlatFee,0.0,Depot,Freight|00:00-23:59,
1965,NoCharger,1000000000,FlatFee,0.0,Depot,Freight|00:00-23:59,
1966,NoCharger,1000000000,FlatFee,0.0,Depot,Freight|00:00-23:59,
1967,NoCharger,1000000000,FlatFee,0.0,Depot,Freight|00:00-23:59,
1968,NoCharger,1000000000,FlatFee,0.0,Depot,Freight|00:00-23:59,
1969,NoCharger,1000000000,FlatFee,0.0,Depot,Freight|00:00-23:59,
1970,NoCharger,1000000000,FlatFee,0.0,Depot,Freight|00:00-23:59,
1971,NoCharger,1000000000,FlatFee,0.0,Depot,Freight|00:00-23:59,
1972,NoCharger,1000000000,FlatFee,0.0,Depot,Freight|00:00-23:59,
1973,NoCharger,1000000000,FlatFee,0.0,Depot,Freight|00:00-23:59,
1974,NoCharger,1000000000,FlatFee,0.0,Depot,Freight|00:00-23:59,
1975,NoCharger,1000000000,FlatFee,0.0,Depot,Freight|00:00-23:59,
1976,NoCharger,1000000000,FlatFee,0.0,Depot,Freight|00:00-23:59,
1977,NoCharger,1000000000,FlatFee,0.0,Depot,Freight|00:00-23:59,
1978,NoCharger,1000000000,FlatFee,0.0,Depot,Freight|00:00-23:59,
1979,NoCharger,1000000000,FlatFee,0.0,Depot,Freight|00:00-23:59,
1980,NoCharger,1000000000,FlatFee,0.0,Depot,Freight|00:00-23:59,
1981,NoCharger,1000000000,FlatFee,0.0,Depot,Freight|00:00-23:59,
1982,NoCharger,1000000000,FlatFee,0.0,Depot,Freight|00:00-23:59,
1983,NoCharger,1000000000,FlatFee,0.0,Depot,Freight|00:00-23:59,
1984,NoCharger,1000000000,FlatFee,0.0,Depot,Freight|00:00-23:59,
1985,NoCharger,1000000000,FlatFee,0.0,Depot,Freight|00:00-23:59,
1986,NoCharger,1000000000,FlatFee,0.0,Depot,Freight|00:00-23:59,
1987,NoCharger,1000000000,FlatFee,0.0,Depot,Freight|00:00-23:59,
1988,NoCharger,1000000000,FlatFee,0.0,Depot,Freight|00:00-23:59,
1989,NoCharger,1000000000,FlatFee,0.0,Depot,Freight|00:00-23:59,
1990,NoCharger,1000000000,FlatFee,0.0,Depot,Freight|00:00-23:59,
1991,NoCharger,1000000000,FlatFee,0.0,Depot,Freight|00:00-23:59,
1992,NoCharger,1000000000,FlatFee,0.0,Depot,Freight|00:00-23:59,
1993,NoCharger,1000000000,FlatFee,0.0,Depot,Freight|00:00-23:59,
1994,NoCharger,1000000000,FlatFee,0.0,Depot,Freight|00:00-23:59,
1995,NoCharger,1000000000,FlatFee,0.0,Depot,Freight|00:00-23:59,
1996,NoCharger,1000000000,FlatFee,0.0,Depot,Freight|00:00-23:59,
1997,NoCharger,1000000000,FlatFee,0.0,Depot,Freight|00:00-23:59,
1998,NoCharger,1000000000,FlatFee,0.0,Depot,Freight|00:00-23:59,
1999,NoCharger,1000000000,FlatFee,0.0,Depot,Freight|00:00-23:59,
2000,NoCharger,1000000000,FlatFee,0.0,Depot,Freight|00:00-23:59,
2001,NoCharger,1000000000,FlatFee,0.0,Depot,Freight|00:00-23:59,
2002,NoCharger,1000000000,FlatFee,0.0,Depot,Freight|00:00-23:59,
2003,NoCharger,1000000000,FlatFee,0.0,Depot,Freight|00:00-23:59,
2004,NoCharger,1000000000,FlatFee,0.0,Depot,Freight|00:00-23:59,
2005,NoCharger,1000000000,FlatFee,0.0,Depot,Freight|00:00-23:59,
2006,NoCharger,1000000000,FlatFee,0.0,Depot,Freight|00:00-23:59,
2007,NoCharger,1000000000,FlatFee,0.0,Depot,Freight|00:00-23:59,
2008,NoCharger,1000000000,FlatFee,0.0,Depot,Freight|00:00-23:59,
2009,NoCharger,1000000000,FlatFee,0.0,Depot,Freight|00:00-23:59,
2010,NoCharger,1000000000,FlatFee,0.0,Depot,Freight|00:00-23:59,
2011,NoCharger,1000000000,FlatFee,0.0,Depot,Freight|00:00-23:59,
2012,NoCharger,1000000000,FlatFee,0.0,Depot,Freight|00:00-23:59,
2013,NoCharger,1000000000,FlatFee,0.0,Depot,Freight|00:00-23:59,
2014,NoCharger,1000000000,FlatFee,0.0,Depot,Freight|00:00-23:59,
2015,NoCharger,1000000000,FlatFee,0.0,Depot,Freight|00:00-23:59,
2016,NoCharger,1000000000,FlatFee,0.0,Depot,Freight|00:00-23:59,
2017,NoCharger,1000000000,FlatFee,0.0,Depot,Freight|00:00-23:59,
2018,NoCharger,1000000000,FlatFee,0.0,Depot,Freight|00:00-23:59,
2019,NoCharger,1000000000,FlatFee,0.0,Depot,Freight|00:00-23:59,
2020,NoCharger,1000000000,FlatFee,0.0,Depot,Freight|00:00-23:59,
2021,NoCharger,1000000000,FlatFee,0.0,Depot,Freight|00:00-23:59,
2022,NoCharger,1000000000,FlatFee,0.0,Depot,Freight|00:00-23:59,
2023,NoCharger,1000000000,FlatFee,0.0,Depot,Freight|00:00-23:59,
2024,NoCharger,1000000000,FlatFee,0.0,Depot,Freight|00:00-23:59,
2025,NoCharger,1000000000,FlatFee,0.0,Depot,Freight|00:00-23:59,
2026,NoCharger,1000000000,FlatFee,0.0,Depot,Freight|00:00-23:59,
2027,NoCharger,1000000000,FlatFee,0.0,Depot,Freight|00:00-23:59,
2028,NoCharger,1000000000,FlatFee,0.0,Depot,Freight|00:00-23:59,
2029,NoCharger,1000000000,FlatFee,0.0,Depot,Freight|00:00-23:59,
2030,NoCharger,1000000000,FlatFee,0.0,Depot,Freight|00:00-23:59,
2031,NoCharger,1000000000,FlatFee,0.0,Depot,Freight|00:00-23:59,
2032,NoCharger,1000000000,FlatFee,0.0,Depot,Freight|00:00-23:59,
2033,NoCharger,1000000000,FlatFee,0.0,Depot,Freight|00:00-23:59,
2034,NoCharger,1000000000,FlatFee,0.0,Depot,Freight|00:00-23:59,
2035,NoCharger,1000000000,FlatFee,0.0,Depot,Freight|00:00-23:59,
2036,NoCharger,1000000000,FlatFee,0.0,Depot,Freight|00:00-23:59,
2037,NoCharger,1000000000,FlatFee,0.0,Depot,Freight|00:00-23:59,
2038,NoCharger,1000000000,FlatFee,0.0,Depot,Freight|00:00-23:59,
2039,NoCharger,1000000000,FlatFee,0.0,Depot,Freight|00:00-23:59,
2040,NoCharger,1000000000,FlatFee,0.0,Depot,Freight|00:00-23:59,
2041,NoCharger,1000000000,FlatFee,0.0,Depot,Freight|00:00-23:59,
2042,NoCharger,1000000000,FlatFee,0.0,Depot,Freight|00:00-23:59,
2043,NoCharger,1000000000,FlatFee,0.0,Depot,Freight|00:00-23:59,
2044,NoCharger,1000000000,FlatFee,0.0,Depot,Freight|00:00-23:59,
2045,NoCharger,1000000000,FlatFee,0.0,Depot,Freight|00:00-23:59,
2046,NoCharger,1000000000,FlatFee,0.0,Depot,Freight|00:00-23:59,
2047,NoCharger,1000000000,FlatFee,0.0,Depot,Freight|00:00-23:59,
2048,NoCharger,1000000000,FlatFee,0.0,Depot,Freight|00:00-23:59,
2049,NoCharger,1000000000,FlatFee,0.0,Depot,Freight|00:00-23:59,
2050,NoCharger,1000000000,FlatFee,0.0,Depot,Freight|00:00-23:59,
2051,NoCharger,1000000000,FlatFee,0.0,Depot,Freight|00:00-23:59,
2052,NoCharger,1000000000,FlatFee,0.0,Depot,Freight|00:00-23:59,
2053,NoCharger,1000000000,FlatFee,0.0,Depot,Freight|00:00-23:59,
2054,NoCharger,1000000000,FlatFee,0.0,Depot,Freight|00:00-23:59,
2055,NoCharger,1000000000,FlatFee,0.0,Depot,Freight|00:00-23:59,
2056,NoCharger,1000000000,FlatFee,0.0,Depot,Freight|00:00-23:59,
2057,NoCharger,1000000000,FlatFee,0.0,Depot,Freight|00:00-23:59,
2058,NoCharger,1000000000,FlatFee,0.0,Depot,Freight|00:00-23:59,
2059,NoCharger,1000000000,FlatFee,0.0,Depot,Freight|00:00-23:59,
2060,NoCharger,1000000000,FlatFee,0.0,Depot,Freight|00:00-23:59,
2061,NoCharger,1000000000,FlatFee,0.0,Depot,Freight|00:00-23:59,
2062,NoCharger,1000000000,FlatFee,0.0,Depot,Freight|00:00-23:59,
2063,NoCharger,1000000000,FlatFee,0.0,Depot,Freight|00:00-23:59,
2064,NoCharger,1000000000,FlatFee,0.0,Depot,Freight|00:00-23:59,
2065,NoCharger,1000000000,FlatFee,0.0,Depot,Freight|00:00-23:59,
2066,NoCharger,1000000000,FlatFee,0.0,Depot,Freight|00:00-23:59,
2067,NoCharger,1000000000,FlatFee,0.0,Depot,Freight|00:00-23:59,
2068,NoCharger,1000000000,FlatFee,0.0,Depot,Freight|00:00-23:59,
2069,NoCharger,1000000000,FlatFee,0.0,Depot,Freight|00:00-23:59,
2070,NoCharger,1000000000,FlatFee,0.0,Depot,Freight|00:00-23:59,
2071,NoCharger,1000000000,FlatFee,0.0,Depot,Freight|00:00-23:59,
2072,NoCharger,1000000000,FlatFee,0.0,Depot,Freight|00:00-23:59,
2073,NoCharger,1000000000,FlatFee,0.0,Depot,Freight|00:00-23:59,
2074,NoCharger,1000000000,FlatFee,0.0,Depot,Freight|00:00-23:59,
2075,NoCharger,1000000000,FlatFee,0.0,Depot,Freight|00:00-23:59,
2076,NoCharger,1000000000,FlatFee,0.0,Depot,Freight|00:00-23:59,
2077,NoCharger,1000000000,FlatFee,0.0,Depot,Freight|00:00-23:59,
2078,NoCharger,1000000000,FlatFee,0.0,Depot,Freight|00:00-23:59,
2079,NoCharger,1000000000,FlatFee,0.0,Depot,Freight|00:00-23:59,
2080,NoCharger,1000000000,FlatFee,0.0,Depot,Freight|00:00-23:59,
2081,NoCharger,1000000000,FlatFee,0.0,Depot,Freight|00:00-23:59,
2082,NoCharger,1000000000,FlatFee,0.0,Depot,Freight|00:00-23:59,
2083,NoCharger,1000000000,FlatFee,0.0,Depot,Freight|00:00-23:59,
2084,NoCharger,1000000000,FlatFee,0.0,Depot,Freight|00:00-23:59,
2085,NoCharger,1000000000,FlatFee,0.0,Depot,Freight|00:00-23:59,
2086,NoCharger,1000000000,FlatFee,0.0,Depot,Freight|00:00-23:59,
2087,NoCharger,1000000000,FlatFee,0.0,Depot,Freight|00:00-23:59,
2088,NoCharger,1000000000,FlatFee,0.0,Depot,Freight|00:00-23:59,
2089,NoCharger,1000000000,FlatFee,0.0,Depot,Freight|00:00-23:59,
2090,NoCharger,1000000000,FlatFee,0.0,Depot,Freight|00:00-23:59,
2091,NoCharger,1000000000,FlatFee,0.0,Depot,Freight|00:00-23:59,
2092,NoCharger,1000000000,FlatFee,0.0,Depot,Freight|00:00-23:59,
2093,NoCharger,1000000000,FlatFee,0.0,Depot,Freight|00:00-23:59,
2094,NoCharger,1000000000,FlatFee,0.0,Depot,Freight|00:00-23:59,
2095,NoCharger,1000000000,FlatFee,0.0,Depot,Freight|00:00-23:59,
2096,NoCharger,1000000000,FlatFee,0.0,Depot,Freight|00:00-23:59,
2097,NoCharger,1000000000,FlatFee,0.0,Depot,Freight|00:00-23:59,
2098,NoCharger,1000000000,FlatFee,0.0,Depot,Freight|00:00-23:59,
2099,NoCharger,1000000000,FlatFee,0.0,Depot,Freight|00:00-23:59,
2100,NoCharger,1000000000,FlatFee,0.0,Depot,Freight|00:00-23:59,
2101,NoCharger,1000000000,FlatFee,0.0,Depot,Freight|00:00-23:59,
2102,NoCharger,1000000000,FlatFee,0.0,Depot,Freight|00:00-23:59,
2103,NoCharger,1000000000,FlatFee,0.0,Depot,Freight|00:00-23:59,
2104,NoCharger,1000000000,FlatFee,0.0,Depot,Freight|00:00-23:59,
2105,NoCharger,1000000000,FlatFee,0.0,Depot,Freight|00:00-23:59,
2106,NoCharger,1000000000,FlatFee,0.0,Depot,Freight|00:00-23:59,
2107,NoCharger,1000000000,FlatFee,0.0,Depot,Freight|00:00-23:59,
2108,NoCharger,1000000000,FlatFee,0.0,Depot,Freight|00:00-23:59,
2109,NoCharger,1000000000,FlatFee,0.0,Depot,Freight|00:00-23:59,
2110,NoCharger,1000000000,FlatFee,0.0,Depot,Freight|00:00-23:59,
2111,NoCharger,1000000000,FlatFee,0.0,Depot,Freight|00:00-23:59,
2112,NoCharger,1000000000,FlatFee,0.0,Depot,Freight|00:00-23:59,
2113,NoCharger,1000000000,FlatFee,0.0,Depot,Freight|00:00-23:59,
2114,NoCharger,1000000000,FlatFee,0.0,Depot,Freight|00:00-23:59,
2115,NoCharger,1000000000,FlatFee,0.0,Depot,Freight|00:00-23:59,
2116,NoCharger,1000000000,FlatFee,0.0,Depot,Freight|00:00-23:59,
2117,NoCharger,1000000000,FlatFee,0.0,Depot,Freight|00:00-23:59,
2118,NoCharger,1000000000,FlatFee,0.0,Depot,Freight|00:00-23:59,
2119,NoCharger,1000000000,FlatFee,0.0,Depot,Freight|00:00-23:59,
2120,NoCharger,1000000000,FlatFee,0.0,Depot,Freight|00:00-23:59,
2121,NoCharger,1000000000,FlatFee,0.0,Depot,Freight|00:00-23:59,
2122,NoCharger,1000000000,FlatFee,0.0,Depot,Freight|00:00-23:59,
2123,NoCharger,1000000000,FlatFee,0.0,Depot,Freight|00:00-23:59,
2124,NoCharger,1000000000,FlatFee,0.0,Depot,Freight|00:00-23:59,
2125,NoCharger,1000000000,FlatFee,0.0,Depot,Freight|00:00-23:59,
2126,NoCharger,1000000000,FlatFee,0.0,Depot,Freight|00:00-23:59,
2127,NoCharger,1000000000,FlatFee,0.0,Depot,Freight|00:00-23:59,
2128,NoCharger,1000000000,FlatFee,0.0,Depot,Freight|00:00-23:59,
2129,NoCharger,1000000000,FlatFee,0.0,Depot,Freight|00:00-23:59,
2130,NoCharger,1000000000,FlatFee,0.0,Depot,Freight|00:00-23:59,
2131,NoCharger,1000000000,FlatFee,0.0,Depot,Freight|00:00-23:59,
2132,NoCharger,1000000000,FlatFee,0.0,Depot,Freight|00:00-23:59,
2133,NoCharger,1000000000,FlatFee,0.0,Depot,Freight|00:00-23:59,
2134,NoCharger,1000000000,FlatFee,0.0,Depot,Freight|00:00-23:59,
2135,NoCharger,1000000000,FlatFee,0.0,Depot,Freight|00:00-23:59,
2136,NoCharger,1000000000,FlatFee,0.0,Depot,Freight|00:00-23:59,
2137,NoCharger,1000000000,FlatFee,0.0,Depot,Freight|00:00-23:59,
2138,NoCharger,1000000000,FlatFee,0.0,Depot,Freight|00:00-23:59,
2139,NoCharger,1000000000,FlatFee,0.0,Depot,Freight|00:00-23:59,
2140,NoCharger,1000000000,FlatFee,0.0,Depot,Freight|00:00-23:59,
2141,NoCharger,1000000000,FlatFee,0.0,Depot,Freight|00:00-23:59,
2142,NoCharger,1000000000,FlatFee,0.0,Depot,Freight|00:00-23:59,
2143,NoCharger,1000000000,FlatFee,0.0,Depot,Freight|00:00-23:59,
2144,NoCharger,1000000000,FlatFee,0.0,Depot,Freight|00:00-23:59,
2145,NoCharger,1000000000,FlatFee,0.0,Depot,Freight|00:00-23:59,
2146,NoCharger,1000000000,FlatFee,0.0,Depot,Freight|00:00-23:59,
2147,NoCharger,1000000000,FlatFee,0.0,Depot,Freight|00:00-23:59,
2148,NoCharger,1000000000,FlatFee,0.0,Depot,Freight|00:00-23:59,
2149,NoCharger,1000000000,FlatFee,0.0,Depot,Freight|00:00-23:59,
2150,NoCharger,1000000000,FlatFee,0.0,Depot,Freight|00:00-23:59,
2151,NoCharger,1000000000,FlatFee,0.0,Depot,Freight|00:00-23:59,
2152,NoCharger,1000000000,FlatFee,0.0,Depot,Freight|00:00-23:59,
2153,NoCharger,1000000000,FlatFee,0.0,Depot,Freight|00:00-23:59,
2154,NoCharger,1000000000,FlatFee,0.0,Depot,Freight|00:00-23:59,
2155,NoCharger,1000000000,FlatFee,0.0,Depot,Freight|00:00-23:59,
2156,NoCharger,1000000000,FlatFee,0.0,Depot,Freight|00:00-23:59,
2157,NoCharger,1000000000,FlatFee,0.0,Depot,Freight|00:00-23:59,
2158,NoCharger,1000000000,FlatFee,0.0,Depot,Freight|00:00-23:59,
2159,NoCharger,1000000000,FlatFee,0.0,Depot,Freight|00:00-23:59,
2160,NoCharger,1000000000,FlatFee,0.0,Depot,Freight|00:00-23:59,
2161,NoCharger,1000000000,FlatFee,0.0,Depot,Freight|00:00-23:59,
2162,NoCharger,1000000000,FlatFee,0.0,Depot,Freight|00:00-23:59,
2163,NoCharger,1000000000,FlatFee,0.0,Depot,Freight|00:00-23:59,
2164,NoCharger,1000000000,FlatFee,0.0,Depot,Freight|00:00-23:59,
2165,NoCharger,1000000000,FlatFee,0.0,Depot,Freight|00:00-23:59,
2166,NoCharger,1000000000,FlatFee,0.0,Depot,Freight|00:00-23:59,
2167,NoCharger,1000000000,FlatFee,0.0,Depot,Freight|00:00-23:59,
2168,NoCharger,1000000000,FlatFee,0.0,Depot,Freight|00:00-23:59,
2169,NoCharger,1000000000,FlatFee,0.0,Depot,Freight|00:00-23:59,
2170,NoCharger,1000000000,FlatFee,0.0,Depot,Freight|00:00-23:59,
2171,NoCharger,1000000000,FlatFee,0.0,Depot,Freight|00:00-23:59,
2172,NoCharger,1000000000,FlatFee,0.0,Depot,Freight|00:00-23:59,
2173,NoCharger,1000000000,FlatFee,0.0,Depot,Freight|00:00-23:59,
2174,NoCharger,1000000000,FlatFee,0.0,Depot,Freight|00:00-23:59,
2175,NoCharger,1000000000,FlatFee,0.0,Depot,Freight|00:00-23:59,
2176,NoCharger,1000000000,FlatFee,0.0,Depot,Freight|00:00-23:59,
2177,NoCharger,1000000000,FlatFee,0.0,Depot,Freight|00:00-23:59,
2178,NoCharger,1000000000,FlatFee,0.0,Depot,Freight|00:00-23:59,
2179,NoCharger,1000000000,FlatFee,0.0,Depot,Freight|00:00-23:59,
2180,NoCharger,1000000000,FlatFee,0.0,Depot,Freight|00:00-23:59,
2181,NoCharger,1000000000,FlatFee,0.0,Depot,Freight|00:00-23:59,
2182,NoCharger,1000000000,FlatFee,0.0,Depot,Freight|00:00-23:59,
2183,NoCharger,1000000000,FlatFee,0.0,Depot,Freight|00:00-23:59,
2184,NoCharger,1000000000,FlatFee,0.0,Depot,Freight|00:00-23:59,
2185,NoCharger,1000000000,FlatFee,0.0,Depot,Freight|00:00-23:59,
2186,NoCharger,1000000000,FlatFee,0.0,Depot,Freight|00:00-23:59,
2187,NoCharger,1000000000,FlatFee,0.0,Depot,Freight|00:00-23:59,
2188,NoCharger,1000000000,FlatFee,0.0,Depot,Freight|00:00-23:59,
2189,NoCharger,1000000000,FlatFee,0.0,Depot,Freight|00:00-23:59,
2190,NoCharger,1000000000,FlatFee,0.0,Depot,Freight|00:00-23:59,
2191,NoCharger,1000000000,FlatFee,0.0,Depot,Freight|00:00-23:59,
2192,NoCharger,1000000000,FlatFee,0.0,Depot,Freight|00:00-23:59,
2193,NoCharger,1000000000,FlatFee,0.0,Depot,Freight|00:00-23:59,
2194,NoCharger,1000000000,FlatFee,0.0,Depot,Freight|00:00-23:59,
2195,NoCharger,1000000000,FlatFee,0.0,Depot,Freight|00:00-23:59,
2196,NoCharger,1000000000,FlatFee,0.0,Depot,Freight|00:00-23:59,
2197,NoCharger,1000000000,FlatFee,0.0,Depot,Freight|00:00-23:59,
2198,NoCharger,1000000000,FlatFee,0.0,Depot,Freight|00:00-23:59,
2199,NoCharger,1000000000,FlatFee,0.0,Depot,Freight|00:00-23:59,
2200,NoCharger,1000000000,FlatFee,0.0,Depot,Freight|00:00-23:59,
2201,NoCharger,1000000000,FlatFee,0.0,Depot,Freight|00:00-23:59,
2202,NoCharger,1000000000,FlatFee,0.0,Depot,Freight|00:00-23:59,
2203,NoCharger,1000000000,FlatFee,0.0,Depot,Freight|00:00-23:59,
2204,NoCharger,1000000000,FlatFee,0.0,Depot,Freight|00:00-23:59,
2205,NoCharger,1000000000,FlatFee,0.0,Depot,Freight|00:00-23:59,
2206,NoCharger,1000000000,FlatFee,0.0,Depot,Freight|00:00-23:59,
2207,NoCharger,1000000000,FlatFee,0.0,Depot,Freight|00:00-23:59,
2208,NoCharger,1000000000,FlatFee,0.0,Depot,Freight|00:00-23:59,
2209,NoCharger,1000000000,FlatFee,0.0,Depot,Freight|00:00-23:59,
2210,NoCharger,1000000000,FlatFee,0.0,Depot,Freight|00:00-23:59,
2211,NoCharger,1000000000,FlatFee,0.0,Depot,Freight|00:00-23:59,
2212,NoCharger,1000000000,FlatFee,0.0,Depot,Freight|00:00-23:59,
2213,NoCharger,1000000000,FlatFee,0.0,Depot,Freight|00:00-23:59,
2214,NoCharger,1000000000,FlatFee,0.0,Depot,Freight|00:00-23:59,
2215,NoCharger,1000000000,FlatFee,0.0,Depot,Freight|00:00-23:59,
2216,NoCharger,1000000000,FlatFee,0.0,Depot,Freight|00:00-23:59,
2217,NoCharger,1000000000,FlatFee,0.0,Depot,Freight|00:00-23:59,
2218,NoCharger,1000000000,FlatFee,0.0,Depot,Freight|00:00-23:59,
2219,NoCharger,1000000000,FlatFee,0.0,Depot,Freight|00:00-23:59,
2220,NoCharger,1000000000,FlatFee,0.0,Depot,Freight|00:00-23:59,
2221,NoCharger,1000000000,FlatFee,0.0,Depot,Freight|00:00-23:59,
2222,NoCharger,1000000000,FlatFee,0.0,Depot,Freight|00:00-23:59,
2223,NoCharger,1000000000,FlatFee,0.0,Depot,Freight|00:00-23:59,
2224,NoCharger,1000000000,FlatFee,0.0,Depot,Freight|00:00-23:59,
2225,NoCharger,1000000000,FlatFee,0.0,Depot,Freight|00:00-23:59,
2226,NoCharger,1000000000,FlatFee,0.0,Depot,Freight|00:00-23:59,
2227,NoCharger,1000000000,FlatFee,0.0,Depot,Freight|00:00-23:59,
2228,NoCharger,1000000000,FlatFee,0.0,Depot,Freight|00:00-23:59,
2229,NoCharger,1000000000,FlatFee,0.0,Depot,Freight|00:00-23:59,
2230,NoCharger,1000000000,FlatFee,0.0,Depot,Freight|00:00-23:59,
2231,NoCharger,1000000000,FlatFee,0.0,Depot,Freight|00:00-23:59,
2232,NoCharger,1000000000,FlatFee,0.0,Depot,Freight|00:00-23:59,
2233,NoCharger,1000000000,FlatFee,0.0,Depot,Freight|00:00-23:59,
2234,NoCharger,1000000000,FlatFee,0.0,Depot,Freight|00:00-23:59,
2235,NoCharger,1000000000,FlatFee,0.0,Depot,Freight|00:00-23:59,
2236,NoCharger,1000000000,FlatFee,0.0,Depot,Freight|00:00-23:59,
2237,NoCharger,1000000000,FlatFee,0.0,Depot,Freight|00:00-23:59,
2238,NoCharger,1000000000,FlatFee,0.0,Depot,Freight|00:00-23:59,
2239,NoCharger,1000000000,FlatFee,0.0,Depot,Freight|00:00-23:59,
2240,NoCharger,1000000000,FlatFee,0.0,Depot,Freight|00:00-23:59,
2241,NoCharger,1000000000,FlatFee,0.0,Depot,Freight|00:00-23:59,
2242,NoCharger,1000000000,FlatFee,0.0,Depot,Freight|00:00-23:59,
2243,NoCharger,1000000000,FlatFee,0.0,Depot,Freight|00:00-23:59,
2244,NoCharger,1000000000,FlatFee,0.0,Depot,Freight|00:00-23:59,
2245,NoCharger,1000000000,FlatFee,0.0,Depot,Freight|00:00-23:59,
2246,NoCharger,1000000000,FlatFee,0.0,Depot,Freight|00:00-23:59,
2247,NoCharger,1000000000,FlatFee,0.0,Depot,Freight|00:00-23:59,
2248,NoCharger,1000000000,FlatFee,0.0,Depot,Freight|00:00-23:59,
2249,NoCharger,1000000000,FlatFee,0.0,Depot,Freight|00:00-23:59,
2250,NoCharger,1000000000,FlatFee,0.0,Depot,Freight|00:00-23:59,
2251,NoCharger,1000000000,FlatFee,0.0,Depot,Freight|00:00-23:59,
2252,NoCharger,1000000000,FlatFee,0.0,Depot,Freight|00:00-23:59,
2253,NoCharger,1000000000,FlatFee,0.0,Depot,Freight|00:00-23:59,
2254,NoCharger,1000000000,FlatFee,0.0,Depot,Freight|00:00-23:59,
2255,NoCharger,1000000000,FlatFee,0.0,Depot,Freight|00:00-23:59,
2256,NoCharger,1000000000,FlatFee,0.0,Depot,Freight|00:00-23:59,
2257,NoCharger,1000000000,FlatFee,0.0,Depot,Freight|00:00-23:59,
2258,NoCharger,1000000000,FlatFee,0.0,Depot,Freight|00:00-23:59,
2259,NoCharger,1000000000,FlatFee,0.0,Depot,Freight|00:00-23:59,
2260,NoCharger,1000000000,FlatFee,0.0,Depot,Freight|00:00-23:59,
2261,NoCharger,1000000000,FlatFee,0.0,Depot,Freight|00:00-23:59,
2262,NoCharger,1000000000,FlatFee,0.0,Depot,Freight|00:00-23:59,
2263,NoCharger,1000000000,FlatFee,0.0,Depot,Freight|00:00-23:59,
2264,NoCharger,1000000000,FlatFee,0.0,Depot,Freight|00:00-23:59,
2265,NoCharger,1000000000,FlatFee,0.0,Depot,Freight|00:00-23:59,
2266,NoCharger,1000000000,FlatFee,0.0,Depot,Freight|00:00-23:59,
2267,NoCharger,1000000000,FlatFee,0.0,Depot,Freight|00:00-23:59,
2268,NoCharger,1000000000,FlatFee,0.0,Depot,Freight|00:00-23:59,
2269,NoCharger,1000000000,FlatFee,0.0,Depot,Freight|00:00-23:59,
2270,NoCharger,1000000000,FlatFee,0.0,Depot,Freight|00:00-23:59,
2271,NoCharger,1000000000,FlatFee,0.0,Depot,Freight|00:00-23:59,
2272,NoCharger,1000000000,FlatFee,0.0,Depot,Freight|00:00-23:59,
2273,NoCharger,1000000000,FlatFee,0.0,Depot,Freight|00:00-23:59,
2274,NoCharger,1000000000,FlatFee,0.0,Depot,Freight|00:00-23:59,
2275,NoCharger,1000000000,FlatFee,0.0,Depot,Freight|00:00-23:59,
2276,NoCharger,1000000000,FlatFee,0.0,Depot,Freight|00:00-23:59,
2277,NoCharger,1000000000,FlatFee,0.0,Depot,Freight|00:00-23:59,
2278,NoCharger,1000000000,FlatFee,0.0,Depot,Freight|00:00-23:59,
2279,NoCharger,1000000000,FlatFee,0.0,Depot,Freight|00:00-23:59,
2280,NoCharger,1000000000,FlatFee,0.0,Depot,Freight|00:00-23:59,
2281,NoCharger,1000000000,FlatFee,0.0,Depot,Freight|00:00-23:59,
2282,NoCharger,1000000000,FlatFee,0.0,Depot,Freight|00:00-23:59,
2283,NoCharger,1000000000,FlatFee,0.0,Depot,Freight|00:00-23:59,
2284,NoCharger,1000000000,FlatFee,0.0,Depot,Freight|00:00-23:59,
2285,NoCharger,1000000000,FlatFee,0.0,Depot,Freight|00:00-23:59,
2286,NoCharger,1000000000,FlatFee,0.0,Depot,Freight|00:00-23:59,
2287,NoCharger,1000000000,FlatFee,0.0,Depot,Freight|00:00-23:59,
2288,NoCharger,1000000000,FlatFee,0.0,Depot,Freight|00:00-23:59,
2289,NoCharger,1000000000,FlatFee,0.0,Depot,Freight|00:00-23:59,
2290,NoCharger,1000000000,FlatFee,0.0,Depot,Freight|00:00-23:59,
2291,NoCharger,1000000000,FlatFee,0.0,Depot,Freight|00:00-23:59,
2292,NoCharger,1000000000,FlatFee,0.0,Depot,Freight|00:00-23:59,
2293,NoCharger,1000000000,FlatFee,0.0,Depot,Freight|00:00-23:59,
2294,NoCharger,1000000000,FlatFee,0.0,Depot,Freight|00:00-23:59,
2295,NoCharger,1000000000,FlatFee,0.0,Depot,Freight|00:00-23:59,
2296,NoCharger,1000000000,FlatFee,0.0,Depot,Freight|00:00-23:59,
2297,NoCharger,1000000000,FlatFee,0.0,Depot,Freight|00:00-23:59,
2298,NoCharger,1000000000,FlatFee,0.0,Depot,Freight|00:00-23:59,
2299,NoCharger,1000000000,FlatFee,0.0,Depot,Freight|00:00-23:59,
2300,NoCharger,1000000000,FlatFee,0.0,Depot,Freight|00:00-23:59,
2301,NoCharger,1000000000,FlatFee,0.0,Depot,Freight|00:00-23:59,
2302,NoCharger,1000000000,FlatFee,0.0,Depot,Freight|00:00-23:59,
2303,NoCharger,1000000000,FlatFee,0.0,Depot,Freight|00:00-23:59,
2304,NoCharger,1000000000,FlatFee,0.0,Depot,Freight|00:00-23:59,
2305,NoCharger,1000000000,FlatFee,0.0,Depot,Freight|00:00-23:59,
2306,NoCharger,1000000000,FlatFee,0.0,Depot,Freight|00:00-23:59,
2307,NoCharger,1000000000,FlatFee,0.0,Depot,Freight|00:00-23:59,
2308,NoCharger,1000000000,FlatFee,0.0,Depot,Freight|00:00-23:59,
2309,NoCharger,1000000000,FlatFee,0.0,Depot,Freight|00:00-23:59,
2310,NoCharger,1000000000,FlatFee,0.0,Depot,Freight|00:00-23:59,
2311,NoCharger,1000000000,FlatFee,0.0,Depot,Freight|00:00-23:59,
2312,NoCharger,1000000000,FlatFee,0.0,Depot,Freight|00:00-23:59,
2313,NoCharger,1000000000,FlatFee,0.0,Depot,Freight|00:00-23:59,
2314,NoCharger,1000000000,FlatFee,0.0,Depot,Freight|00:00-23:59,
2315,NoCharger,1000000000,FlatFee,0.0,Depot,Freight|00:00-23:59,
2316,NoCharger,1000000000,FlatFee,0.0,Depot,Freight|00:00-23:59,
2317,NoCharger,1000000000,FlatFee,0.0,Depot,Freight|00:00-23:59,
2318,NoCharger,1000000000,FlatFee,0.0,Depot,Freight|00:00-23:59,
2319,NoCharger,1000000000,FlatFee,0.0,Depot,Freight|00:00-23:59,
2320,NoCharger,1000000000,FlatFee,0.0,Depot,Freight|00:00-23:59,
2321,NoCharger,1000000000,FlatFee,0.0,Depot,Freight|00:00-23:59,
2322,NoCharger,1000000000,FlatFee,0.0,Depot,Freight|00:00-23:59,
2323,NoCharger,1000000000,FlatFee,0.0,Depot,Freight|00:00-23:59,
2324,NoCharger,1000000000,FlatFee,0.0,Depot,Freight|00:00-23:59,
2325,NoCharger,1000000000,FlatFee,0.0,Depot,Freight|00:00-23:59,
2326,NoCharger,1000000000,FlatFee,0.0,Depot,Freight|00:00-23:59,
2327,NoCharger,1000000000,FlatFee,0.0,Depot,Freight|00:00-23:59,
2328,NoCharger,1000000000,FlatFee,0.0,Depot,Freight|00:00-23:59,
2329,NoCharger,1000000000,FlatFee,0.0,Depot,Freight|00:00-23:59,
2330,NoCharger,1000000000,FlatFee,0.0,Depot,Freight|00:00-23:59,
2331,NoCharger,1000000000,FlatFee,0.0,Depot,Freight|00:00-23:59,
2332,NoCharger,1000000000,FlatFee,0.0,Depot,Freight|00:00-23:59,
2333,NoCharger,1000000000,FlatFee,0.0,Depot,Freight|00:00-23:59,
2334,NoCharger,1000000000,FlatFee,0.0,Depot,Freight|00:00-23:59,
2335,NoCharger,1000000000,FlatFee,0.0,Depot,Freight|00:00-23:59,
2336,NoCharger,1000000000,FlatFee,0.0,Depot,Freight|00:00-23:59,
2337,NoCharger,1000000000,FlatFee,0.0,Depot,Freight|00:00-23:59,
2338,NoCharger,1000000000,FlatFee,0.0,Depot,Freight|00:00-23:59,
2339,NoCharger,1000000000,FlatFee,0.0,Depot,Freight|00:00-23:59,
2340,NoCharger,1000000000,FlatFee,0.0,Depot,Freight|00:00-23:59,
2341,NoCharger,1000000000,FlatFee,0.0,Depot,Freight|00:00-23:59,
2342,NoCharger,1000000000,FlatFee,0.0,Depot,Freight|00:00-23:59,
2343,NoCharger,1000000000,FlatFee,0.0,Depot,Freight|00:00-23:59,
2344,NoCharger,1000000000,FlatFee,0.0,Depot,Freight|00:00-23:59,
2345,NoCharger,1000000000,FlatFee,0.0,Depot,Freight|00:00-23:59,
2346,NoCharger,1000000000,FlatFee,0.0,Depot,Freight|00:00-23:59,
2347,NoCharger,1000000000,FlatFee,0.0,Depot,Freight|00:00-23:59,
2348,NoCharger,1000000000,FlatFee,0.0,Depot,Freight|00:00-23:59,
2349,NoCharger,1000000000,FlatFee,0.0,Depot,Freight|00:00-23:59,
2350,NoCharger,1000000000,FlatFee,0.0,Depot,Freight|00:00-23:59,
2351,NoCharger,1000000000,FlatFee,0.0,Depot,Freight|00:00-23:59,
2352,NoCharger,1000000000,FlatFee,0.0,Depot,Freight|00:00-23:59,
2353,NoCharger,1000000000,FlatFee,0.0,Depot,Freight|00:00-23:59,
2354,NoCharger,1000000000,FlatFee,0.0,Depot,Freight|00:00-23:59,
2355,NoCharger,1000000000,FlatFee,0.0,Depot,Freight|00:00-23:59,
2356,NoCharger,1000000000,FlatFee,0.0,Depot,Freight|00:00-23:59,
2357,NoCharger,1000000000,FlatFee,0.0,Depot,Freight|00:00-23:59,
2358,NoCharger,1000000000,FlatFee,0.0,Depot,Freight|00:00-23:59,
2359,NoCharger,1000000000,FlatFee,0.0,Depot,Freight|00:00-23:59,
2360,NoCharger,1000000000,FlatFee,0.0,Depot,Freight|00:00-23:59,
2361,NoCharger,1000000000,FlatFee,0.0,Depot,Freight|00:00-23:59,
2362,NoCharger,1000000000,FlatFee,0.0,Depot,Freight|00:00-23:59,
2363,NoCharger,1000000000,FlatFee,0.0,Depot,Freight|00:00-23:59,
2364,NoCharger,1000000000,FlatFee,0.0,Depot,Freight|00:00-23:59,
2365,NoCharger,1000000000,FlatFee,0.0,Depot,Freight|00:00-23:59,
2366,NoCharger,1000000000,FlatFee,0.0,Depot,Freight|00:00-23:59,
2367,NoCharger,1000000000,FlatFee,0.0,Depot,Freight|00:00-23:59,
2368,NoCharger,1000000000,FlatFee,0.0,Depot,Freight|00:00-23:59,
2369,NoCharger,1000000000,FlatFee,0.0,Depot,Freight|00:00-23:59,
2370,NoCharger,1000000000,FlatFee,0.0,Depot,Freight|00:00-23:59,
2371,NoCharger,1000000000,FlatFee,0.0,Depot,Freight|00:00-23:59,
2372,NoCharger,1000000000,FlatFee,0.0,Depot,Freight|00:00-23:59,
2373,NoCharger,1000000000,FlatFee,0.0,Depot,Freight|00:00-23:59,
2374,NoCharger,1000000000,FlatFee,0.0,Depot,Freight|00:00-23:59,
2375,NoCharger,1000000000,FlatFee,0.0,Depot,Freight|00:00-23:59,
2376,NoCharger,1000000000,FlatFee,0.0,Depot,Freight|00:00-23:59,
2377,NoCharger,1000000000,FlatFee,0.0,Depot,Freight|00:00-23:59,
2378,NoCharger,1000000000,FlatFee,0.0,Depot,Freight|00:00-23:59,
2379,NoCharger,1000000000,FlatFee,0.0,Depot,Freight|00:00-23:59,
2380,NoCharger,1000000000,FlatFee,0.0,Depot,Freight|00:00-23:59,
2381,NoCharger,1000000000,FlatFee,0.0,Depot,Freight|00:00-23:59,
2382,NoCharger,1000000000,FlatFee,0.0,Depot,Freight|00:00-23:59,
2383,NoCharger,1000000000,FlatFee,0.0,Depot,Freight|00:00-23:59,
2384,NoCharger,1000000000,FlatFee,0.0,Depot,Freight|00:00-23:59,
2385,NoCharger,1000000000,FlatFee,0.0,Depot,Freight|00:00-23:59,
2386,NoCharger,1000000000,FlatFee,0.0,Depot,Freight|00:00-23:59,
2387,NoCharger,1000000000,FlatFee,0.0,Depot,Freight|00:00-23:59,
2388,NoCharger,1000000000,FlatFee,0.0,Depot,Freight|00:00-23:59,
2389,NoCharger,1000000000,FlatFee,0.0,Depot,Freight|00:00-23:59,
2390,NoCharger,1000000000,FlatFee,0.0,Depot,Freight|00:00-23:59,
2391,NoCharger,1000000000,FlatFee,0.0,Depot,Freight|00:00-23:59,
2392,NoCharger,1000000000,FlatFee,0.0,Depot,Freight|00:00-23:59,
2393,NoCharger,1000000000,FlatFee,0.0,Depot,Freight|00:00-23:59,
2394,NoCharger,1000000000,FlatFee,0.0,Depot,Freight|00:00-23:59,
2395,NoCharger,1000000000,FlatFee,0.0,Depot,Freight|00:00-23:59,
2396,NoCharger,1000000000,FlatFee,0.0,Depot,Freight|00:00-23:59,
2397,NoCharger,1000000000,FlatFee,0.0,Depot,Freight|00:00-23:59,
2398,NoCharger,1000000000,FlatFee,0.0,Depot,Freight|00:00-23:59,
2399,NoCharger,1000000000,FlatFee,0.0,Depot,Freight|00:00-23:59,
2400,NoCharger,1000000000,FlatFee,0.0,Depot,Freight|00:00-23:59,
2401,NoCharger,1000000000,FlatFee,0.0,Depot,Freight|00:00-23:59,
2402,NoCharger,1000000000,FlatFee,0.0,Depot,Freight|00:00-23:59,
2403,NoCharger,1000000000,FlatFee,0.0,Depot,Freight|00:00-23:59,
2404,NoCharger,1000000000,FlatFee,0.0,Depot,Freight|00:00-23:59,
2405,NoCharger,1000000000,FlatFee,0.0,Depot,Freight|00:00-23:59,
2406,NoCharger,1000000000,FlatFee,0.0,Depot,Freight|00:00-23:59,
2407,NoCharger,1000000000,FlatFee,0.0,Depot,Freight|00:00-23:59,
2408,NoCharger,1000000000,FlatFee,0.0,Depot,Freight|00:00-23:59,
2409,NoCharger,1000000000,FlatFee,0.0,Depot,Freight|00:00-23:59,
2410,NoCharger,1000000000,FlatFee,0.0,Depot,Freight|00:00-23:59,
2411,NoCharger,1000000000,FlatFee,0.0,Depot,Freight|00:00-23:59,
2412,NoCharger,1000000000,FlatFee,0.0,Depot,Freight|00:00-23:59,
2413,NoCharger,1000000000,FlatFee,0.0,Depot,Freight|00:00-23:59,
2414,NoCharger,1000000000,FlatFee,0.0,Depot,Freight|00:00-23:59,
2415,NoCharger,1000000000,FlatFee,0.0,Depot,Freight|00:00-23:59,
2416,NoCharger,1000000000,FlatFee,0.0,Depot,Freight|00:00-23:59,
2417,NoCharger,1000000000,FlatFee,0.0,Depot,Freight|00:00-23:59,
2418,NoCharger,1000000000,FlatFee,0.0,Depot,Freight|00:00-23:59,
2419,NoCharger,1000000000,FlatFee,0.0,Depot,Freight|00:00-23:59,
2420,NoCharger,1000000000,FlatFee,0.0,Depot,Freight|00:00-23:59,
2421,NoCharger,1000000000,FlatFee,0.0,Depot,Freight|00:00-23:59,
2422,NoCharger,1000000000,FlatFee,0.0,Depot,Freight|00:00-23:59,
2423,NoCharger,1000000000,FlatFee,0.0,Depot,Freight|00:00-23:59,
2424,NoCharger,1000000000,FlatFee,0.0,Depot,Freight|00:00-23:59,
2425,NoCharger,1000000000,FlatFee,0.0,Depot,Freight|00:00-23:59,
2426,NoCharger,1000000000,FlatFee,0.0,Depot,Freight|00:00-23:59,
2427,NoCharger,1000000000,FlatFee,0.0,Depot,Freight|00:00-23:59,
2428,NoCharger,1000000000,FlatFee,0.0,Depot,Freight|00:00-23:59,
2429,NoCharger,1000000000,FlatFee,0.0,Depot,Freight|00:00-23:59,
2430,NoCharger,1000000000,FlatFee,0.0,Depot,Freight|00:00-23:59,
2431,NoCharger,1000000000,FlatFee,0.0,Depot,Freight|00:00-23:59,
2432,NoCharger,1000000000,FlatFee,0.0,Depot,Freight|00:00-23:59,
2433,NoCharger,1000000000,FlatFee,0.0,Depot,Freight|00:00-23:59,
2434,NoCharger,1000000000,FlatFee,0.0,Depot,Freight|00:00-23:59,
2435,NoCharger,1000000000,FlatFee,0.0,Depot,Freight|00:00-23:59,
2436,NoCharger,1000000000,FlatFee,0.0,Depot,Freight|00:00-23:59,
2437,NoCharger,1000000000,FlatFee,0.0,Depot,Freight|00:00-23:59,
2438,NoCharger,1000000000,FlatFee,0.0,Depot,Freight|00:00-23:59,
2439,NoCharger,1000000000,FlatFee,0.0,Depot,Freight|00:00-23:59,
2440,NoCharger,1000000000,FlatFee,0.0,Depot,Freight|00:00-23:59,
2441,NoCharger,1000000000,FlatFee,0.0,Depot,Freight|00:00-23:59,
2442,NoCharger,1000000000,FlatFee,0.0,Depot,Freight|00:00-23:59,
2443,NoCharger,1000000000,FlatFee,0.0,Depot,Freight|00:00-23:59,
2444,NoCharger,1000000000,FlatFee,0.0,Depot,Freight|00:00-23:59,
2445,NoCharger,1000000000,FlatFee,0.0,Depot,Freight|00:00-23:59,
2446,NoCharger,1000000000,FlatFee,0.0,Depot,Freight|00:00-23:59,
2447,NoCharger,1000000000,FlatFee,0.0,Depot,Freight|00:00-23:59,
2448,NoCharger,1000000000,FlatFee,0.0,Depot,Freight|00:00-23:59,
2449,NoCharger,1000000000,FlatFee,0.0,Depot,Freight|00:00-23:59,
2450,NoCharger,1000000000,FlatFee,0.0,Depot,Freight|00:00-23:59,
2451,NoCharger,1000000000,FlatFee,0.0,Depot,Freight|00:00-23:59,
2452,NoCharger,1000000000,FlatFee,0.0,Depot,Freight|00:00-23:59,
2453,NoCharger,1000000000,FlatFee,0.0,Depot,Freight|00:00-23:59,
2454,NoCharger,1000000000,FlatFee,0.0,Depot,Freight|00:00-23:59,
2455,NoCharger,1000000000,FlatFee,0.0,Depot,Freight|00:00-23:59,
2456,NoCharger,1000000000,FlatFee,0.0,Depot,Freight|00:00-23:59,
2457,NoCharger,1000000000,FlatFee,0.0,Depot,Freight|00:00-23:59,
2458,NoCharger,1000000000,FlatFee,0.0,Depot,Freight|00:00-23:59,
2459,NoCharger,1000000000,FlatFee,0.0,Depot,Freight|00:00-23:59,
2460,NoCharger,1000000000,FlatFee,0.0,Depot,Freight|00:00-23:59,
2461,NoCharger,1000000000,FlatFee,0.0,Depot,Freight|00:00-23:59,
2462,NoCharger,1000000000,FlatFee,0.0,Depot,Freight|00:00-23:59,
2463,NoCharger,1000000000,FlatFee,0.0,Depot,Freight|00:00-23:59,
2464,NoCharger,1000000000,FlatFee,0.0,Depot,Freight|00:00-23:59,
2465,NoCharger,1000000000,FlatFee,0.0,Depot,Freight|00:00-23:59,
2466,NoCharger,1000000000,FlatFee,0.0,Depot,Freight|00:00-23:59,
2467,NoCharger,1000000000,FlatFee,0.0,Depot,Freight|00:00-23:59,
2468,NoCharger,1000000000,FlatFee,0.0,Depot,Freight|00:00-23:59,
2469,NoCharger,1000000000,FlatFee,0.0,Depot,Freight|00:00-23:59,
2470,NoCharger,1000000000,FlatFee,0.0,Depot,Freight|00:00-23:59,
2471,NoCharger,1000000000,FlatFee,0.0,Depot,Freight|00:00-23:59,
2472,NoCharger,1000000000,FlatFee,0.0,Depot,Freight|00:00-23:59,
2473,NoCharger,1000000000,FlatFee,0.0,Depot,Freight|00:00-23:59,
2474,NoCharger,1000000000,FlatFee,0.0,Depot,Freight|00:00-23:59,
2475,NoCharger,1000000000,FlatFee,0.0,Depot,Freight|00:00-23:59,
2476,NoCharger,1000000000,FlatFee,0.0,Depot,Freight|00:00-23:59,
2477,NoCharger,1000000000,FlatFee,0.0,Depot,Freight|00:00-23:59,
2478,NoCharger,1000000000,FlatFee,0.0,Depot,Freight|00:00-23:59,
2479,NoCharger,1000000000,FlatFee,0.0,Depot,Freight|00:00-23:59,
2480,NoCharger,1000000000,FlatFee,0.0,Depot,Freight|00:00-23:59,
2481,NoCharger,1000000000,FlatFee,0.0,Depot,Freight|00:00-23:59,
2482,NoCharger,1000000000,FlatFee,0.0,Depot,Freight|00:00-23:59,
2483,NoCharger,1000000000,FlatFee,0.0,Depot,Freight|00:00-23:59,
2484,NoCharger,1000000000,FlatFee,0.0,Depot,Freight|00:00-23:59,
2485,NoCharger,1000000000,FlatFee,0.0,Depot,Freight|00:00-23:59,
2486,NoCharger,1000000000,FlatFee,0.0,Depot,Freight|00:00-23:59,
2487,NoCharger,1000000000,FlatFee,0.0,Depot,Freight|00:00-23:59,
2488,NoCharger,1000000000,FlatFee,0.0,Depot,Freight|00:00-23:59,
2489,NoCharger,1000000000,FlatFee,0.0,Depot,Freight|00:00-23:59,
2490,NoCharger,1000000000,FlatFee,0.0,Depot,Freight|00:00-23:59,
2491,NoCharger,1000000000,FlatFee,0.0,Depot,Freight|00:00-23:59,
2492,NoCharger,1000000000,FlatFee,0.0,Depot,Freight|00:00-23:59,
2493,NoCharger,1000000000,FlatFee,0.0,Depot,Freight|00:00-23:59,
2494,NoCharger,1000000000,FlatFee,0.0,Depot,Freight|00:00-23:59,
2495,NoCharger,1000000000,FlatFee,0.0,Depot,Freight|00:00-23:59,
2496,NoCharger,1000000000,FlatFee,0.0,Depot,Freight|00:00-23:59,
2497,NoCharger,1000000000,FlatFee,0.0,Depot,Freight|00:00-23:59,
2498,NoCharger,1000000000,FlatFee,0.0,Depot,Freight|00:00-23:59,
2499,NoCharger,1000000000,FlatFee,0.0,Depot,Freight|00:00-23:59,
2500,NoCharger,1000000000,FlatFee,0.0,Depot,Freight|00:00-23:59,
2501,NoCharger,1000000000,FlatFee,0.0,Depot,Freight|00:00-23:59,
2502,NoCharger,1000000000,FlatFee,0.0,Depot,Freight|00:00-23:59,
2503,NoCharger,1000000000,FlatFee,0.0,Depot,Freight|00:00-23:59,
2504,NoCharger,1000000000,FlatFee,0.0,Depot,Freight|00:00-23:59,
2505,NoCharger,1000000000,FlatFee,0.0,Depot,Freight|00:00-23:59,
2506,NoCharger,1000000000,FlatFee,0.0,Depot,Freight|00:00-23:59,
2507,NoCharger,1000000000,FlatFee,0.0,Depot,Freight|00:00-23:59,
2508,NoCharger,1000000000,FlatFee,0.0,Depot,Freight|00:00-23:59,
2509,NoCharger,1000000000,FlatFee,0.0,Depot,Freight|00:00-23:59,
2510,NoCharger,1000000000,FlatFee,0.0,Depot,Freight|00:00-23:59,
2511,NoCharger,1000000000,FlatFee,0.0,Depot,Freight|00:00-23:59,
2512,NoCharger,1000000000,FlatFee,0.0,Depot,Freight|00:00-23:59,
2513,NoCharger,1000000000,FlatFee,0.0,Depot,Freight|00:00-23:59,
2514,NoCharger,1000000000,FlatFee,0.0,Depot,Freight|00:00-23:59,
2515,NoCharger,1000000000,FlatFee,0.0,Depot,Freight|00:00-23:59,
2516,NoCharger,1000000000,FlatFee,0.0,Depot,Freight|00:00-23:59,
2517,NoCharger,1000000000,FlatFee,0.0,Depot,Freight|00:00-23:59,
2518,NoCharger,1000000000,FlatFee,0.0,Depot,Freight|00:00-23:59,
2519,NoCharger,1000000000,FlatFee,0.0,Depot,Freight|00:00-23:59,
2520,NoCharger,1000000000,FlatFee,0.0,Depot,Freight|00:00-23:59,
2521,NoCharger,1000000000,FlatFee,0.0,Depot,Freight|00:00-23:59,
2522,NoCharger,1000000000,FlatFee,0.0,Depot,Freight|00:00-23:59,
2523,NoCharger,1000000000,FlatFee,0.0,Depot,Freight|00:00-23:59,
2524,NoCharger,1000000000,FlatFee,0.0,Depot,Freight|00:00-23:59,
2525,NoCharger,1000000000,FlatFee,0.0,Depot,Freight|00:00-23:59,
2526,NoCharger,1000000000,FlatFee,0.0,Depot,Freight|00:00-23:59,
2527,NoCharger,1000000000,FlatFee,0.0,Depot,Freight|00:00-23:59,
2528,NoCharger,1000000000,FlatFee,0.0,Depot,Freight|00:00-23:59,
2529,NoCharger,1000000000,FlatFee,0.0,Depot,Freight|00:00-23:59,
2530,NoCharger,1000000000,FlatFee,0.0,Depot,Freight|00:00-23:59,
2531,NoCharger,1000000000,FlatFee,0.0,Depot,Freight|00:00-23:59,
2532,NoCharger,1000000000,FlatFee,0.0,Depot,Freight|00:00-23:59,
2533,NoCharger,1000000000,FlatFee,0.0,Depot,Freight|00:00-23:59,
2534,NoCharger,1000000000,FlatFee,0.0,Depot,Freight|00:00-23:59,
2535,NoCharger,1000000000,FlatFee,0.0,Depot,Freight|00:00-23:59,
2536,NoCharger,1000000000,FlatFee,0.0,Depot,Freight|00:00-23:59,
2537,NoCharger,1000000000,FlatFee,0.0,Depot,Freight|00:00-23:59,
2538,NoCharger,1000000000,FlatFee,0.0,Depot,Freight|00:00-23:59,
2539,NoCharger,1000000000,FlatFee,0.0,Depot,Freight|00:00-23:59,
2540,NoCharger,1000000000,FlatFee,0.0,Depot,Freight|00:00-23:59,
2541,NoCharger,1000000000,FlatFee,0.0,Depot,Freight|00:00-23:59,
2542,NoCharger,1000000000,FlatFee,0.0,Depot,Freight|00:00-23:59,
2543,NoCharger,1000000000,FlatFee,0.0,Depot,Freight|00:00-23:59,
2544,NoCharger,1000000000,FlatFee,0.0,Depot,Freight|00:00-23:59,
2545,NoCharger,1000000000,FlatFee,0.0,Depot,Freight|00:00-23:59,
2546,NoCharger,1000000000,FlatFee,0.0,Depot,Freight|00:00-23:59,
2547,NoCharger,1000000000,FlatFee,0.0,Depot,Freight|00:00-23:59,
2548,NoCharger,1000000000,FlatFee,0.0,Depot,Freight|00:00-23:59,
2549,NoCharger,1000000000,FlatFee,0.0,Depot,Freight|00:00-23:59,
2550,NoCharger,1000000000,FlatFee,0.0,Depot,Freight|00:00-23:59,
2551,NoCharger,1000000000,FlatFee,0.0,Depot,Freight|00:00-23:59,
2552,NoCharger,1000000000,FlatFee,0.0,Depot,Freight|00:00-23:59,
2553,NoCharger,1000000000,FlatFee,0.0,Depot,Freight|00:00-23:59,
2554,NoCharger,1000000000,FlatFee,0.0,Depot,Freight|00:00-23:59,
2555,NoCharger,1000000000,FlatFee,0.0,Depot,Freight|00:00-23:59,
2556,NoCharger,1000000000,FlatFee,0.0,Depot,Freight|00:00-23:59,
2557,NoCharger,1000000000,FlatFee,0.0,Depot,Freight|00:00-23:59,
2558,NoCharger,1000000000,FlatFee,0.0,Depot,Freight|00:00-23:59,
2559,NoCharger,1000000000,FlatFee,0.0,Depot,Freight|00:00-23:59,
2560,NoCharger,1000000000,FlatFee,0.0,Depot,Freight|00:00-23:59,
2561,NoCharger,1000000000,FlatFee,0.0,Depot,Freight|00:00-23:59,
2562,NoCharger,1000000000,FlatFee,0.0,Depot,Freight|00:00-23:59,
2563,NoCharger,1000000000,FlatFee,0.0,Depot,Freight|00:00-23:59,
2564,NoCharger,1000000000,FlatFee,0.0,Depot,Freight|00:00-23:59,
2565,NoCharger,1000000000,FlatFee,0.0,Depot,Freight|00:00-23:59,
2566,NoCharger,1000000000,FlatFee,0.0,Depot,Freight|00:00-23:59,
2567,NoCharger,1000000000,FlatFee,0.0,Depot,Freight|00:00-23:59,
2568,NoCharger,1000000000,FlatFee,0.0,Depot,Freight|00:00-23:59,
2569,NoCharger,1000000000,FlatFee,0.0,Depot,Freight|00:00-23:59,
2570,NoCharger,1000000000,FlatFee,0.0,Depot,Freight|00:00-23:59,
2571,NoCharger,1000000000,FlatFee,0.0,Depot,Freight|00:00-23:59,
2572,NoCharger,1000000000,FlatFee,0.0,Depot,Freight|00:00-23:59,
2573,NoCharger,1000000000,FlatFee,0.0,Depot,Freight|00:00-23:59,
2574,NoCharger,1000000000,FlatFee,0.0,Depot,Freight|00:00-23:59,
2575,NoCharger,1000000000,FlatFee,0.0,Depot,Freight|00:00-23:59,
2576,NoCharger,1000000000,FlatFee,0.0,Depot,Freight|00:00-23:59,
2577,NoCharger,1000000000,FlatFee,0.0,Depot,Freight|00:00-23:59,
2578,NoCharger,1000000000,FlatFee,0.0,Depot,Freight|00:00-23:59,
2579,NoCharger,1000000000,FlatFee,0.0,Depot,Freight|00:00-23:59,
2580,NoCharger,1000000000,FlatFee,0.0,Depot,Freight|00:00-23:59,
2581,NoCharger,1000000000,FlatFee,0.0,Depot,Freight|00:00-23:59,
2582,NoCharger,1000000000,FlatFee,0.0,Depot,Freight|00:00-23:59,
2583,NoCharger,1000000000,FlatFee,0.0,Depot,Freight|00:00-23:59,
2584,NoCharger,1000000000,FlatFee,0.0,Depot,Freight|00:00-23:59,
2585,NoCharger,1000000000,FlatFee,0.0,Depot,Freight|00:00-23:59,
2586,NoCharger,1000000000,FlatFee,0.0,Depot,Freight|00:00-23:59,
2587,NoCharger,1000000000,FlatFee,0.0,Depot,Freight|00:00-23:59,
2588,NoCharger,1000000000,FlatFee,0.0,Depot,Freight|00:00-23:59,
2589,NoCharger,1000000000,FlatFee,0.0,Depot,Freight|00:00-23:59,
2590,NoCharger,1000000000,FlatFee,0.0,Depot,Freight|00:00-23:59,
2591,NoCharger,1000000000,FlatFee,0.0,Depot,Freight|00:00-23:59,
2592,NoCharger,1000000000,FlatFee,0.0,Depot,Freight|00:00-23:59,
2593,NoCharger,1000000000,FlatFee,0.0,Depot,Freight|00:00-23:59,
2594,NoCharger,1000000000,FlatFee,0.0,Depot,Freight|00:00-23:59,
2595,NoCharger,1000000000,FlatFee,0.0,Depot,Freight|00:00-23:59,
2596,NoCharger,1000000000,FlatFee,0.0,Depot,Freight|00:00-23:59,
2597,NoCharger,1000000000,FlatFee,0.0,Depot,Freight|00:00-23:59,
2598,NoCharger,1000000000,FlatFee,0.0,Depot,Freight|00:00-23:59,
2599,NoCharger,1000000000,FlatFee,0.0,Depot,Freight|00:00-23:59,
2600,NoCharger,1000000000,FlatFee,0.0,Depot,Freight|00:00-23:59,
2601,NoCharger,1000000000,FlatFee,0.0,Depot,Freight|00:00-23:59,
2602,NoCharger,1000000000,FlatFee,0.0,Depot,Freight|00:00-23:59,
2603,NoCharger,1000000000,FlatFee,0.0,Depot,Freight|00:00-23:59,
2604,NoCharger,1000000000,FlatFee,0.0,Depot,Freight|00:00-23:59,
2605,NoCharger,1000000000,FlatFee,0.0,Depot,Freight|00:00-23:59,
2606,NoCharger,1000000000,FlatFee,0.0,Depot,Freight|00:00-23:59,
2607,NoCharger,1000000000,FlatFee,0.0,Depot,Freight|00:00-23:59,
2608,NoCharger,1000000000,FlatFee,0.0,Depot,Freight|00:00-23:59,
2609,NoCharger,1000000000,FlatFee,0.0,Depot,Freight|00:00-23:59,
2610,NoCharger,1000000000,FlatFee,0.0,Depot,Freight|00:00-23:59,
2611,NoCharger,1000000000,FlatFee,0.0,Depot,Freight|00:00-23:59,
2612,NoCharger,1000000000,FlatFee,0.0,Depot,Freight|00:00-23:59,
2613,NoCharger,1000000000,FlatFee,0.0,Depot,Freight|00:00-23:59,
2614,NoCharger,1000000000,FlatFee,0.0,Depot,Freight|00:00-23:59,
2615,NoCharger,1000000000,FlatFee,0.0,Depot,Freight|00:00-23:59,
2616,NoCharger,1000000000,FlatFee,0.0,Depot,Freight|00:00-23:59,
2617,NoCharger,1000000000,FlatFee,0.0,Depot,Freight|00:00-23:59,
2618,NoCharger,1000000000,FlatFee,0.0,Depot,Freight|00:00-23:59,
2619,NoCharger,1000000000,FlatFee,0.0,Depot,Freight|00:00-23:59,
2620,NoCharger,1000000000,FlatFee,0.0,Depot,Freight|00:00-23:59,
2621,NoCharger,1000000000,FlatFee,0.0,Depot,Freight|00:00-23:59,
2622,NoCharger,1000000000,FlatFee,0.0,Depot,Freight|00:00-23:59,
2623,NoCharger,1000000000,FlatFee,0.0,Depot,Freight|00:00-23:59,
2624,NoCharger,1000000000,FlatFee,0.0,Depot,Freight|00:00-23:59,
2625,NoCharger,1000000000,FlatFee,0.0,Depot,Freight|00:00-23:59,
2626,NoCharger,1000000000,FlatFee,0.0,Depot,Freight|00:00-23:59,
2627,NoCharger,1000000000,FlatFee,0.0,Depot,Freight|00:00-23:59,
2628,NoCharger,1000000000,FlatFee,0.0,Depot,Freight|00:00-23:59,
2629,NoCharger,1000000000,FlatFee,0.0,Depot,Freight|00:00-23:59,
2630,NoCharger,1000000000,FlatFee,0.0,Depot,Freight|00:00-23:59,
2631,NoCharger,1000000000,FlatFee,0.0,Depot,Freight|00:00-23:59,
2632,NoCharger,1000000000,FlatFee,0.0,Depot,Freight|00:00-23:59,
2633,NoCharger,1000000000,FlatFee,0.0,Depot,Freight|00:00-23:59,
2634,NoCharger,1000000000,FlatFee,0.0,Depot,Freight|00:00-23:59,
2635,NoCharger,1000000000,FlatFee,0.0,Depot,Freight|00:00-23:59,
2636,NoCharger,1000000000,FlatFee,0.0,Depot,Freight|00:00-23:59,
2637,NoCharger,1000000000,FlatFee,0.0,Depot,Freight|00:00-23:59,
2638,NoCharger,1000000000,FlatFee,0.0,Depot,Freight|00:00-23:59,
2639,NoCharger,1000000000,FlatFee,0.0,Depot,Freight|00:00-23:59,
2640,NoCharger,1000000000,FlatFee,0.0,Depot,Freight|00:00-23:59,
2641,NoCharger,1000000000,FlatFee,0.0,Depot,Freight|00:00-23:59,
2642,NoCharger,1000000000,FlatFee,0.0,Depot,Freight|00:00-23:59,
2643,NoCharger,1000000000,FlatFee,0.0,Depot,Freight|00:00-23:59,
2644,NoCharger,1000000000,FlatFee,0.0,Depot,Freight|00:00-23:59,