tourId,departureTimeInSec,departureLocationZone,maxTourDurationInSec,departureLocationX,departureLocationY,mesoZone
b2b-5,29400,530610413042,43200,-122.24894690531882,47.92558870715524,530610413042.0
b2b-10,19200,530610413042,43200,-122.25205393616824,47.92737152693121,530610413042.0
b2b-11,19200,530610413042,43200,-122.25205393616824,47.92737152693121,530610413042.0
b2b-21,24000,530610519281,43200,-122.25425946256688,47.84705290992714,530610519281.0
b2b-52,27000,530610519281,43200,-122.24969127645385,47.848404587498,530610519281.0
b2b-53,27000,530610519281,43200,-122.24969127645385,47.848404587498,530610519281.0
b2b-63,33000,530610413042,43200,-122.25235615974802,47.92458441691917,530610413042.0
b2b-80,39600,530610522041,43200,-121.99996259003468,47.86437837912441,530610522041.0
b2b-89,39600,530610522041,43200,-121.99996259003468,47.86437837912441,530610522041.0
b2b-92,39600,530610522041,43200,-121.99996259003468,47.86437837912441,530610522041.0
b2b-101,29400,530610413042,43200,-122.24906781813706,47.93016126417833,530610413042.0
b2b-110,7800,530610413042,43200,-122.25191398814933,47.92448293044668,530610413042.0
b2b-112,7800,530610413042,43200,-122.25191398814933,47.92448293044668,530610413042.0
b2b-123,7800,530610413042,43200,-122.25191398814933,47.92448293044668,530610413042.0
b2b-126,7800,530610413042,43200,-122.25191398814933,47.92448293044668,530610413042.0
b2b-137,40800,530610536043,43200,-121.9681333780946,48.08072103068493,530610536043.0
b2b-142,53400,530610519222,43200,-122.21548063057068,47.79774902147911,530610519222.0
b2b-146,28800,530610519222,43200,-122.21548063057068,47.79774902147911,530610519222.0
b2b-149,34800,530610408002,43200,-122.20683649403824,47.979871828468895,530610408002.0
b2b-150,34800,530610408002,43200,-122.20683649403824,47.979871828468895,530610408002.0
b2b-161,34800,530610408002,43200,-122.20683649403824,47.979871828468895,530610408002.0
b2b-177,37200,530610524014,43200,-122.10233402039783,47.92856795466446,530610524014.0
b2b-212,35400,530610515001,43200,-122.31186899140482,47.82856764123701,530610515001.0
b2b-214,35400,530610515001,43200,-122.31186899140482,47.82856764123701,530610515001.0
b2b-215,35400,530610515001,43200,-122.31186899140482,47.82856764123701,530610515001.0
b2b-223,35400,530610515001,43200,-122.31186899140482,47.82856764123701,530610515001.0
b2b-230,35400,530610515001,43200,-122.31186899140482,47.82856764123701,530610515001.0
b2b-249,27000,530610418113,43200,-122.24715818657276,47.87822417278904,530610418113.0
b2b-252,22800,530610521042,43200,-122.12781471822872,48.004674164984976,530610521042.0
b2b-262,13200,530610515001,43200,-122.31186899140482,47.82856764123701,530610515001.0
b2b-263,13200,530610515001,43200,-122.31186899140482,47.82856764123701,530610515001.0
b2b-265,13200,530610515001,43200,-122.31186899140482,47.82856764123701,530610515001.0
b2b-279,39600,530610522041,43200,-122.00707320822566,47.87078810335447,530610522041.0
b2b-281,25200,530610519222,43200,-122.21548063057068,47.79774902147911,530610519222.0
b2b-288,40200,530610519222,43200,-122.21548063057068,47.79774902147911,530610519222.0
b2b-296,28800,530610521042,43200,-122.32015406271462,48.013917188140375,530610521042.0
b2b-309,36000,530610521042,43200,-122.183310421168,48.03536052029969,530610521042.0
b2b-325,32400,530610419011,43200,-122.27832871869388,47.8981505288283,530610419011.0
b2b-336,34800,530610413042,43200,-122.27758597689348,47.94168626466228,530610413042.0
b2b-354,49200,530610413041,43200,-122.274879014284,47.95312953122474,530610413041.0
b2b-358,31800,530610519252,43200,-122.20318227214426,47.79703080032155,530610519252.0
b2b-367,24000,530610515001,43200,-122.31254894540814,47.82866396686428,530610515001.0
b2b-373,32400,530610413042,43200,-122.26160695174198,47.94247752601349,530610413042.0
b2b-374,48000,530610533024,43200,-122.31610846863688,48.31193108584794,530579518002.0
b2b-379,22800,530610413042,43200,-122.25296875229462,47.93016211264856,530610413042.0
b2b-380,22800,530610413042,43200,-122.25296875229462,47.93016211264856,530610413042.0
b2b-388,24000,530610533024,43200,-122.42140907510772,48.24030789215496,530579525003.0
b2b-394,32400,530610408002,43200,-122.214448433513,47.97721659795073,530610408002.0
b2b-397,32400,530610408002,43200,-122.214448433513,47.97721659795073,530610408002.0
b2b-402,32400,530610408002,43200,-122.214448433513,47.97721659795073,530610408002.0
b2b-403,32400,530610408002,43200,-122.214448433513,47.97721659795073,530610408002.0
b2b-406,39600,530610525042,43200,-122.11693141638987,47.95350797602622,530610525042.0
b2b-425,31200,530610510001,43200,-122.3206432882206,47.8030821492343,530610510001.0
b2b-429,31200,530610510001,43200,-122.3206432882206,47.8030821492343,530610510001.0
b2b-436,35400,530610401003,43200,-122.20775007579364,47.99273283596422,530610401003.0
b2b-450,31200,530610533011,43200,-122.34515425633576,48.24267518132151,530610533011.0
b2b-458,31200,530610533011,43200,-122.34515425633576,48.24267518132151,530610533011.0
b2b-467,24600,530610538032,43200,-121.7017785648431,47.85804218815169,530610538032.0
b2b-472,33600,530610528032,43200,-122.18047840765516,48.117972078634295,530610528032.0
b2b-485,35400,530610519252,43200,-122.21106207883513,47.796559704415344,530610519252.0
b2b-487,35400,530610519252,43200,-122.21106207883513,47.796559704415344,530610519252.0
b2b-493,35400,530610519252,43200,-122.21106207883513,47.796559704415344,530610519252.0
b2b-494,35400,530610519252,43200,-122.21106207883513,47.796559704415344,530610519252.0
b2b-496,35400,530610519252,43200,-122.21106207883513,47.796559704415344,530610519252.0
b2b-515,39600,530610519222,43200,-122.21578099533724,47.8006639026853,530610519222.0
b2b-516,39600,530610519222,43200,-122.21578099533724,47.8006639026853,530610519222.0
b2b-527,13200,530610413042,43200,-122.2429273285955,47.92728738984026,530610413042.0
b2b-532,13200,530610413042,43200,-122.2429273285955,47.92728738984026,530610413042.0
b2b-535,13200,530610413042,43200,-122.2429273285955,47.92728738984026,530610413042.0
b2b-543,13200,530610413042,43200,-122.2429273285955,47.92728738984026,530610413042.0
b2b-546,13200,530610413042,43200,-122.2429273285955,47.92728738984026,530610413042.0
b2b-552,13200,530610413042,43200,-122.2429273285955,47.92728738984026,530610413042.0
b2b-573,13200,530610413042,43200,-122.2429273285955,47.92728738984026,530610413042.0
b2b-579,13200,530610413042,43200,-122.2429273285955,47.92728738984026,530610413042.0
b2b-600,13200,530610413042,43200,-122.2429273285955,47.92728738984026,530610413042.0
b2b-607,13200,530610413042,43200,-122.2429273285955,47.92728738984026,530610413042.0
b2b-608,13200,530610413042,43200,-122.2429273285955,47.92728738984026,530610413042.0
b2b-612,13200,530610413042,43200,-122.2429273285955,47.92728738984026,530610413042.0
b2b-616,13200,530610413042,43200,-122.2429273285955,47.92728738984026,530610413042.0
b2b-626,13200,530610413042,43200,-122.2429273285955,47.92728738984026,530610413042.0
b2b-642,13200,530610413042,43200,-122.2429273285955,47.92728738984026,530610413042.0
b2b-659,13200,530610413042,43200,-122.2429273285955,47.92728738984026,530610413042.0
b2b-660,13200,530610413042,43200,-122.2429273285955,47.92728738984026,530610413042.0
b2b-671,13200,530610413042,43200,-122.2429273285955,47.92728738984026,530610413042.0
b2b-675,13200,530610413042,43200,-122.2429273285955,47.92728738984026,530610413042.0
b2b-689,13200,530610413042,43200,-122.2429273285955,47.92728738984026,530610413042.0
b2b-699,13200,530610413042,43200,-122.2429273285955,47.92728738984026,530610413042.0
b2b-702,13200,530610413042,43200,-122.2429273285955,47.92728738984026,530610413042.0
b2b-705,13200,530610413042,43200,-122.2429273285955,47.92728738984026,530610413042.0
b2b-709,13200,530610413042,43200,-122.2429273285955,47.92728738984026,530610413042.0
b2b-723,13200,530610413042,43200,-122.2429273285955,47.92728738984026,530610413042.0
b2b-727,13200,530610413042,43200,-122.2429273285955,47.92728738984026,530610413042.0
b2b-731,6600,530530732003,43200,-122.722177527917,47.06726163014591,410050204012.0
b2b-748,37800,530610524014,43200,-122.10068918718224,47.92587742471917,530610524014.0
b2b-754,27000,530610519252,43200,-122.20659010056433,47.797682242582695,530610519252.0
b2b-755,27000,530610519252,43200,-122.20659010056433,47.797682242582695,530610519252.0
b2b-759,27000,530610519252,43200,-122.20659010056433,47.797682242582695,530610519252.0
b2b-775,30600,530610519252,43200,-122.19599169103358,47.80141743565167,530610519252.0
b2b-781,30600,530610519252,43200,-122.19599169103358,47.80141743565167,530610519252.0
b2b-790,5400,530530726032,43200,-122.722177527917,47.06726163014591,530670109101.0
b2b-807,42000,530610519261,43200,-122.15000710827056,47.78324285581402,530610519261.0
b2b-810,42000,530610519261,43200,-122.15000710827056,47.78324285581402,530610519261.0
b2b-817,22200,530610420053,43200,-122.32026399370092,47.89759432405058,530610420053.0
b2b-820,37800,530610519222,43200,-122.215118204373,47.79769173959024,530610519222.0
b2b-840,16200,530610519054,43200,-122.2613255724244,47.82017061075632,530610519054.0
b2b-888,16800,530610528032,43200,-122.18047840765516,48.117972078634295,530610528032.0
b2b-894,21000,530610528032,43200,-122.18047840765516,48.117972078634295,530610528032.0
b2b-896,25800,530610408002,43200,-122.21412130899806,47.9806739960227,530610408002.0
b2b-912,32400,530530732003,43200,-122.722177527917,47.06726163014591,410670319121.0
b2b-921,24600,530610420053,43200,-122.32070570367584,47.89773742930314,530610420053.0
b2b-924,31200,530530732003,43200,-122.722177527917,47.06726163014591,410470105032.0
b2b-965,19800,530610413042,43200,-122.25602850003207,47.93479135526962,530610413042.0
b2b-967,19800,530610413042,43200,-122.25602850003207,47.93479135526962,530610413042.0
b2b-980,4800,530610413042,43200,-122.25602850003207,47.93479135526962,530610413042.0
b2b-994,24000,530530730061,43200,-122.58014198329504,46.93344098049039,410670328001.0
b2b-1007,31800,530610522082,43200,-122.00114949124053,47.85022571764737,530610522082.0
b2b-1014,24000,530610528041,43200,-122.18099120226984,48.11082824935971,530610528041.0
b2b-1018,36600,530610519281,43200,-122.25021248168652,47.84852635329464,530610519281.0
b2b-1020,36600,530610519281,43200,-122.25021248168652,47.84852635329464,530610519281.0
b2b-1033,29400,530610519222,43200,-122.21499787705032,47.80067945409106,530610519222.0
b2b-1048,28800,530610519054,43200,-122.26128853130108,47.82019686081412,530610519054.0
b2b-1063,25800,530610519054,43200,-122.26128853130108,47.82019686081412,530610519054.0
b2b-1064,25800,530610519054,43200,-122.26128853130108,47.82019686081412,530610519054.0
b2b-1066,25800,530610519054,43200,-122.26128853130108,47.82019686081412,530610519054.0
b2b-1074,25800,530610519054,43200,-122.26128853130108,47.82019686081412,530610519054.0
b2b-1080,25800,530610519054,43200,-122.26128853130108,47.82019686081412,530610519054.0
b2b-1093,25800,530610519054,43200,-122.26128853130108,47.82019686081412,530610519054.0
b2b-1112,31200,530610519054,43200,-122.26128853130108,47.82019686081412,530610519054.0
b2b-1122,31200,530610519054,43200,-122.26128853130108,47.82019686081412,530610519054.0
b2b-1123,31200,530610519054,43200,-122.26128853130108,47.82019686081412,530610519054.0
b2b-1145,38400,530610522041,43200,-122.00837735919934,47.86640131381929,530610522041.0
b2b-1165,5400,530610535071,43200,-122.1363326557878,48.179949778448254,530610535071.0
b2b-1172,33600,530610519222,43200,-122.2150472372658,47.79805437896023,530610519222.0
b2b-1175,29400,530610519222,43200,-122.2150472372658,47.79805437896023,530610519222.0
b2b-1177,40800,530610522041,43200,-122.00429193323576,47.86891081771934,530610522041.0
b2b-1190,46800,530610514002,43200,-122.32639539081131,47.80407517445254,530610514002.0
b2b-1197,30600,530610514002,43200,-122.32639539081131,47.80407517445254,530610514002.0
b2b-1198,30600,530610514002,43200,-122.32639539081131,47.80407517445254,530610514002.0
b2b-1203,30600,530610514002,43200,-122.32639539081131,47.80407517445254,530610514002.0
b2b-1205,30600,530610514002,43200,-122.32639539081131,47.80407517445254,530610514002.0
b2b-1238,21000,530530732003,43200,-122.722177527917,47.06726163014591,410050221082.0
b2b-1239,21000,530530732003,43200,-122.722177527917,47.06726163014591,410050221082.0
b2b-1253,25200,530610528032,43200,-122.1716314502974,48.11863467859007,530610528032.0
b2b-1254,25200,530610528032,43200,-122.1716314502974,48.11863467859007,530610528032.0
b2b-1262,25200,530610528032,43200,-122.1716314502974,48.11863467859007,530610528032.0
b2b-1271,25200,530610528032,43200,-122.1716314502974,48.11863467859007,530610528032.0
b2b-1274,25200,530610528032,43200,-122.1716314502974,48.11863467859007,530610528032.0
b2b-1283,25200,530610528032,43200,-122.1716314502974,48.11863467859007,530610528032.0
b2b-1286,25200,530610528032,43200,-122.1716314502974,48.11863467859007,530610528032.0
b2b-1297,45000,530610521042,43200,-122.18320075196596,48.0348099123972,530610521042.0
b2b-1332,32400,530610413042,43200,-122.2686371175986,47.94313936177439,530610413042.0
b2b-1337,31800,530330315021,43200,-121.4007171060678,47.41209531237868,530770013002.0
b2b-1344,3000,530610413042,43200,-122.25865772592944,47.941879234974245,530610413042.0
b2b-1368,39000,530610413042,43200,-122.2429273285955,47.92728738984026,530610413042.0
b2b-1378,39000,530610413042,43200,-122.2429273285955,47.92728738984026,530610413042.0
b2b-1402,30600,530610535071,43200,-122.13329745006388,48.174899045513214,530610535071.0
b2b-1420,43800,530610533014,43200,-122.31610846863688,48.31193108584794,530579519002.0
b2b-1430,34200,530530732003,43200,-122.722177527917,47.06726163014591,410510073001.0
b2b-1432,46800,530530732003,43200,-122.722177527917,47.06726163014591,410670326101.0
b2b-1447,46200,530610519222,43200,-122.21537423268715,47.7975677182184,530610519222.0
b2b-1448,46200,530610519222,43200,-122.21537423268715,47.7975677182184,530610519222.0
b2b-1450,31200,530610533011,43200,-122.37355614706944,48.24030144345316,530610533011.0
b2b-1478,51000,530610413042,43200,-122.2429273285955,47.92728738984026,530610413042.0
b2b-1483,51000,530610413042,43200,-122.2429273285955,47.92728738984026,530610413042.0
b2b-1490,51000,530610413042,43200,-122.2429273285955,47.92728738984026,530610413042.0
b2b-1499,28800,530610535091,43200,-122.14969076782096,48.15963562205052,530610535091.0
b2b-1505,48000,530610510001,43200,-122.31879886471192,47.80005417962096,530610510001.0
b2b-1514,40200,530610521042,43200,-122.31238608911428,48.01330301856235,530610521042.0
b2b-1516,40200,530610521042,43200,-122.31238608911428,48.01330301856235,530610521042.0
b2b-1526,38400,530330315021,43200,-121.4007171060678,47.41209531237868,530050115013.0
b2b-1531,20400,530610528032,43200,-122.18021479377254,48.12508341166449,530610528032.0
b2b-1540,20400,530610528032,43200,-122.18021479377254,48.12508341166449,530610528032.0
b2b-1541,20400,530610528032,43200,-122.18021479377254,48.12508341166449,530610528032.0
b2b-1583,25800,530530732003,43200,-122.722177527917,47.06726163014591,530110413283.0
b2b-1587,10200,530610413042,43200,-122.25602850003207,47.93479135526962,530610413042.0
b2b-1590,10200,530610413042,43200,-122.25602850003207,47.93479135526962,530610413042.0
b2b-1609,26400,530610533014,43200,-122.31610846863688,48.31193108584794,530299715002.0
b2b-1611,39600,530610419011,43200,-122.27975529423044,47.88965209080227,530610419011.0
b2b-1614,28800,530530732003,43200,-122.722177527917,47.06726163014591,410510106003.0
b2b-1617,33600,530610413042,43200,-122.25475889775753,47.92573482138478,530610413042.0
b2b-1650,40200,530610413042,43200,-122.27928656283795,47.9405841503861,530610413042.0
b2b-1651,28800,530530732003,43200,-122.722177527917,47.06726163014591,530110413311.0
b2b-1653,27000,530610519281,43200,-122.24996220120688,47.848245859482006,530610519281.0
b2b-1659,39000,530610413042,43200,-122.24478964173466,47.926443191250655,530610413042.0
b2b-1662,31200,530610413042,43200,-122.24478964173466,47.926443191250655,530610413042.0
b2b-1663,31200,530610413042,43200,-122.24478964173466,47.926443191250655,530610413042.0
b2b-1676,22200,530610519281,43200,-122.24997708843844,47.84842169989105,530610519281.0
b2b-1692,46800,530610528032,43200,-122.17733811756815,48.133585940928285,530610528032.0
b2b-1743,32400,530610519222,43200,-122.21554477489144,47.79810553132853,530610519222.0
b2b-1744,32400,530610521042,43200,-122.31610846863688,48.31193108584794,530299720002.0
b2b-1767,0,530610407003,43200,-122.20742919735368,47.9766186047661,530610407003.0
b2b-1768,42600,530610533011,43200,-122.374543001688,48.24021379941757,530610533011.0
b2b-1788,22200,530530726023,43200,-122.6255660082074,47.86126423427218,530459613001.0
b2b-1793,22200,530530726023,43200,-122.6255660082074,47.86126423427218,530459613001.0
b2b-1811,22200,530530726023,43200,-122.6255660082074,47.86126423427218,530459613001.0
b2b-1815,22200,530530726023,43200,-122.6255660082074,47.86126423427218,530459613001.0
b2b-1818,22200,530530726023,43200,-122.81132463993062,47.37273495305909,530459613001.0
b2b-1829,30000,530530732003,43200,-122.722177527917,47.06726163014591,410470105032.0
b2b-1840,35400,530610521042,43200,-122.19850749533794,48.02211684093176,530610521042.0
b2b-1863,21600,530610533014,43200,-122.31610846863688,48.31193108584794,530559605001.0
b2b-1866,34200,530530730061,43200,-122.722177527917,47.06726163014591,410099710001.0
b2b-1879,45600,530610528032,43200,-122.17423496561956,48.1152891812282,530610528032.0
b2b-1885,23400,530530732003,43200,-122.722177527917,47.06726163014591,410510102002.0
b2b-1886,23400,530530732003,43200,-122.722177527917,47.06726163014591,410510102002.0
b2b-1892,23400,530530732003,43200,-122.19485167722463,46.751000474268345,410510102002.0
b2b-1893,19200,530530732003,43200,-122.722177527917,47.06726163014591,410510102002.0
b2b-1930,23400,530530732003,43200,-122.722177527917,47.06726163014591,410670330003.0
b2b-1946,39600,530610536023,43200,-121.91280908448564,48.01270759270061,530610536023.0
b2b-1960,40200,530610537001,43200,-121.4007171060678,47.41209531237868,530630145002.0
b2b-1961,31800,530610524023,43200,-122.08883564210508,47.91228345342042,530610524023.0
b2b-1967,18600,530610510001,43200,-122.31783797602408,47.80018795304533,530610510001.0
b2b-1976,34800,530610533023,43200,-122.31610846863688,48.31193108584794,530579523011.0
b2b-1984,29400,530610533024,43200,-122.31610846863688,48.31193108584794,530579524013.0
b2b-1989,28200,530619400013,43200,-122.19691077087538,48.05345092187225,530619400013.0
b2b-2029,30000,530530729061,43200,-122.722177527917,47.06726163014591,530419706001.0
b2b-2050,24600,530530732003,43200,-122.722177527917,47.06726163014591,410510018012.0
b2b-2064,39600,530530732003,43200,-122.722177527917,47.06726163014591,410510059002.0
b2b-2068,31200,530530732003,43200,-122.722177527917,47.06726163014591,410510059002.0
b2b-2074,39000,530530729061,43200,-122.722177527917,47.06726163014591,530419713001.0
b2b-2075,26400,530530729061,43200,-122.722177527917,47.06726163014591,530419708004.0
b2b-2076,33000,530530732003,43200,-122.722177527917,47.06726163014591,410430208021.0
b2b-2088,30000,530610537001,43200,-121.59865006826348,48.2642670677426,530610537001.0
b2b-2102,30000,530610537001,43200,-121.59865006826348,48.2642670677426,530610537001.0
b2b-2110,37800,530530730061,43200,-122.722177527917,47.06726163014591,530419712002.0
b2b-2113,37800,530530730061,43200,-122.722177527917,47.06726163014591,530419712002.0
b2b-2130,22200,530610528032,43200,-122.17562274009391,48.11809177999498,530610528032.0
b2b-2133,22200,530610528032,43200,-122.17562274009391,48.11809177999498,530610528032.0
b2b-2135,22200,530610528032,43200,-122.17562274009391,48.11809177999498,530610528032.0
b2b-2148,22200,530610528032,43200,-122.17562274009391,48.11809177999498,530610528032.0
b2b-2156,20400,530610528032,43200,-122.17562274009391,48.11809177999498,530610528032.0
b2b-2158,20400,530610528032,43200,-122.17562274009391,48.11809177999498,530610528032.0
b2b-2162,20400,530610528032,43200,-122.17562274009391,48.11809177999498,530610528032.0
b2b-2165,20400,530610528032,43200,-122.17562274009391,48.11809177999498,530610528032.0
b2b-2174,20400,530610528032,43200,-122.17562274009391,48.11809177999498,530610528032.0
b2b-2180,27000,530610535061,43200,-122.31610846863688,48.31193108584794,530579512001.0
b2b-2181,27000,530610535061,43200,-122.31610846863688,48.31193108584794,530579512001.0
b2b-2195,39000,530610536041,43200,-121.99220191327652,48.0955582617973,530610536041.0
b2b-2229,29400,530610536021,43200,-121.95943553747894,48.05342520219188,530610536021.0
b2b-2231,29400,530610536021,43200,-121.95943553747894,48.05342520219188,530610536021.0
b2b-2234,21000,530610536041,43200,-121.99220191327652,48.0955582617973,530610536041.0
b2b-2241,31200,530350901011,43200,-122.31610846863688,48.31193108584794,530299711001.0
b2b-2258,27600,530530729061,43200,-122.722177527917,47.06726163014591,530419711001.0
b2b-2260,27600,530530729061,43200,-122.722177527917,47.06726163014591,530419711001.0
b2b-2268,27600,530530729061,43200,-122.722177527917,47.06726163014591,530419711001.0
b2b-2280,24600,530610536024,43200,-121.77140212001174,48.08836091189824,530610536024.0
b2b-2292,24600,530610536024,43200,-121.77140212001174,48.08836091189824,530610536024.0
b2b-2317,33600,530530726023,43200,-122.6255660082074,47.86126423427218,530459608003.0
b2b-2320,23400,530530726023,43200,-122.6255660082074,47.86126423427218,530459608003.0
b2b-2335,48000,530610535061,43200,-121.94301350066324,48.24967844199104,530610535061.0
b2b-2347,24000,530610413032,43200,-122.24724110874205,47.93089345903014,530610413032.0
b2b-2360,24000,530610413032,43200,-122.24724110874205,47.93089345903014,530610413032.0
b2b-2361,24000,530610413032,43200,-122.24724110874205,47.93089345903014,530610413032.0
b2b-2370,24000,530610413032,43200,-122.24724110874205,47.93089345903014,530610413032.0
b2b-2380,24000,530610413032,43200,-122.24724110874205,47.93089345903014,530610413032.0
b2b-2413,31200,530610537001,43200,-121.59865006826348,48.2642670677426,530610537001.0
b2b-2441,36000,530530729061,43200,-122.722177527917,47.06726163014591,530419715003.0
b2b-2448,36000,530530729061,43200,-122.722177527917,47.06726163014591,530419715003.0
b2b-2451,36000,530530729061,43200,-122.722177527917,47.06726163014591,530419715003.0
b2b-2454,36000,530530729061,43200,-122.722177527917,47.06726163014591,530419715003.0
b2b-2460,36000,530530729061,43200,-122.722177527917,47.06726163014591,530419715003.0
b2b-2483,49800,530610533025,43200,-122.21891467156053,48.21226820899816,530610533025.0
b2b-2494,34200,530610535061,43200,-122.42140907510772,48.24030789215496,530579512001.0
b2b-2512,14400,530530729061,43200,-122.722177527917,47.06726163014591,530419707001.0
b2b-2515,16800,530610533014,43200,-122.31610846863688,48.31193108584794,530579519002.0
b2b-2518,46800,530530729061,43200,-122.722177527917,47.06726163014591,530419715001.0
b2b-2536,34800,530530729061,43200,-122.722177527917,47.06726163014591,530419715003.0
b2b-2557,45000,530610533025,43200,-122.26771904217036,48.22962978872041,530610533025.0
b2b-2561,24600,530610537002,43200,-121.74367879485304,48.29066595202654,530610537002.0
b2b-2562,24600,530610537002,43200,-121.74367879485304,48.29066595202654,530610537002.0
b2b-2581,31800,530610533014,43200,-122.31610846863688,48.31193108584794,530730002003.0
b2b-2603,35400,530610535091,43200,-122.14782131949698,48.17107350121718,530610535091.0
b2b-2617,24600,530530732003,43200,-122.722177527917,47.06726163014591,530110409091.0
b2b-2622,44400,530530726032,43200,-122.722177527917,47.06726163014591,530670105101.0
b2b-2623,29400,530530732003,43200,-122.722177527917,47.06726163014591,410670310062.0
b2b-2639,39600,530610535071,43200,-122.13379157747096,48.17528795890862,530610535071.0
b2b-2643,28200,530330315021,43200,-121.4007171060678,47.41209531237868,530770017021.0
b2b-2644,41400,530530732003,43200,-122.722177527917,47.06726163014591,410670320011.0
b2b-2655,21600,530610417042,43200,-122.22032722835624,47.85559939021672,530610417042.0
b2b-2659,34200,530530726032,43200,-122.722177527917,47.06726163014591,530670105101.0
b2b-2664,29400,530610537001,43200,-121.4007171060678,47.41209531237868,530630117011.0
b2b-2673,35400,530530732003,43200,-122.722177527917,47.06726163014591,410050210002.0
b2b-2686,32400,530610535071,43200,-122.1396793926326,48.17972408603583,530610535071.0
b2b-2689,33000,530530732003,43200,-122.722177527917,47.06726163014591,410510072021.0
b2b-2705,41400,530610405001,43200,-122.18070057455412,47.980928915198696,530610405001.0
b2b-2706,41400,530610405001,43200,-122.18070057455412,47.980928915198696,530610405001.0
b2b-2709,41400,530610405001,43200,-122.18070057455412,47.980928915198696,530610405001.0
b2b-2715,24000,530610405001,43200,-122.18070057455412,47.980928915198696,530610405001.0
b2b-2718,36000,530610532013,43200,-122.328282533085,48.22164175035966,530610532013.0
b2b-2728,37800,530610420053,43200,-122.33320357625284,47.88123426631128,530610420053.0
b2b-2735,45000,530610420053,43200,-122.32060613467908,47.89743083003125,530610420053.0
b2b-2737,38400,530330315021,43200,-122.722177527917,47.06726163014591,530770018004.0
b2b-2744,45000,530610505004,43200,-122.38618168440344,47.8093222949042,530610505004.0
b2b-2750,28800,530610528042,43200,-122.14209944416996,48.11221753586742,530610528042.0
b2b-2752,22200,530530729061,43200,-122.722177527917,47.06726163014591,530670127301.0
b2b-2755,22200,530530729061,43200,-122.722177527917,47.06726163014591,530670127301.0
b2b-2756,27000,530530729061,43200,-122.722177527917,47.06726163014591,530670127301.0
b2b-2768,39600,530610533011,43200,-122.37181296244152,48.24072681529194,530610533011.0
b2b-2776,34200,530610515003,43200,-122.32722078433822,47.8087861944794,530610515003.0
b2b-2777,17400,530610522041,43200,-122.00019319596548,47.86591407699838,530610522041.0
b2b-2793,30000,530610519261,43200,-122.15495210054937,47.78492007407392,530610519261.0
b2b-2796,37800,530610538024,43200,-121.7972380247484,47.86378920884271,530610538024.0
b2b-2812,28800,530530730061,43200,-122.722177527917,47.06726163014591,410530205001.0
b2b-2814,31200,530610533014,43200,-122.31610846863688,48.31193108584794,530579508003.0
b2b-2834,32400,530610420053,43200,-122.33320357625284,47.88123426631128,530610420053.0
b2b-2864,24600,530610519222,43200,-122.2158775092954,47.80065374770692,530610519222.0
b2b-2877,47400,530530729061,43200,-122.58014198329504,46.93344098049039,530670124112.0
b2b-2887,39000,530610533011,43200,-122.37181296244152,48.24072681529194,530610533011.0
b2b-2890,21000,530610522041,43200,-122.00570965224983,47.86547344473864,530610522041.0
b2b-2891,34800,530530729061,43200,-122.722177527917,47.06726163014591,530670126201.0
b2b-2899,33600,530610413042,43200,-122.27789156971212,47.94497615339607,530610413042.0
b2b-2913,23400,530610519252,43200,-122.19889366249468,47.79677071436564,530610519252.0
b2b-2918,28200,530610535071,43200,-122.13880421275942,48.169637764496265,530610535071.0
b2b-2955,28800,530610535091,43200,-122.15597224158928,48.15654902463309,530610535091.0
b2b-2967,36600,530610419011,43200,-122.2899058365623,47.90172319395273,530610419011.0
b2b-2969,36600,530610419011,43200,-122.2899058365623,47.90172319395273,530610419011.0
b2b-2970,36600,530610419011,43200,-122.2899058365623,47.90172319395273,530610419011.0
b2b-2980,32400,530530732003,43200,-122.722177527917,47.06726163014591,410510045001.0
b2b-2997,32400,530530732003,43200,-122.722177527917,47.06726163014591,410510072021.0
b2b-3011,27000,530610418052,43200,-122.21379804770932,47.911976068338575,530610418052.0
b2b-3042,24000,530530732003,43200,-122.722177527917,47.06726163014591,410050203021.0
b2b-3048,26400,530610419032,43200,-122.2648284974722,47.91340365475171,530610419032.0
b2b-3057,34800,530610419032,43200,-122.2636103628616,47.90846344531121,530610419032.0
b2b-3084,33000,530330093002,43200,-122.32844525291416,47.59434862014975,530330093002.0
b2b-3119,31200,530610535091,43200,-122.14717269258814,48.17551092473751,530610535091.0
b2b-3122,31200,530610535091,43200,-122.14717269258814,48.17551092473751,530610535091.0
b2b-3133,31200,530610535091,43200,-122.14717269258814,48.17551092473751,530610535091.0
b2b-3135,31200,530610535091,43200,-122.14717269258814,48.17551092473751,530610535091.0
b2b-3141,51000,530610413042,43200,-122.24715468374436,47.925310776455525,530610413042.0
b2b-3144,51000,530610413042,43200,-122.24715468374436,47.925310776455525,530610413042.0
b2b-3145,33600,530610512001,43200,-122.30182104755622,47.80350686920909,530610512001.0
b2b-3157,38400,530610413042,43200,-122.24715468374436,47.925310776455525,530610413042.0
b2b-3160,38400,530610413042,43200,-122.24715468374436,47.925310776455525,530610413042.0
b2b-3174,33000,530610419032,43200,-122.2648284974722,47.91340365475171,530610419032.0
b2b-3175,33000,530610419032,43200,-122.2648284974722,47.91340365475171,530610419032.0
b2b-3194,24000,530330108001,43200,-122.34457563192096,47.554834315218855,530330108001.0
b2b-3195,24000,530330108001,43200,-122.34457563192096,47.554834315218855,530330108001.0
b2b-3205,32400,530330284024,43200,-122.32152014229943,47.44506623347763,530330284024.0
b2b-3214,32400,530330292061,43200,-122.21836718823572,47.44039646000822,530330292061.0
b2b-3222,38400,530610413042,43200,-122.2625926823838,47.93838660614811,530610413042.0
b2b-3223,38400,530610413042,43200,-122.2625926823838,47.93838660614811,530610413042.0
b2b-3224,28800,530530726032,43200,-122.722177527917,47.06726163014591,530670110001.0
b2b-3232,28800,530610413042,43200,-122.24161762983748,47.92646789569307,530610413042.0
b2b-3241,30000,530330112001,43200,-122.32174736286376,47.52004585831865,530330112001.0
b2b-3249,35400,530530732003,43200,-122.722177527917,47.06726163014591,410510073001.0
b2b-3255,20400,530610535061,43200,-122.42140907510772,48.24030789215496,530579512001.0
b2b-3274,36000,530330219054,43200,-122.17617221489913,47.73437617084349,530330219054.0
b2b-3281,25200,530330112001,43200,-122.32174736286376,47.52004585831865,530330112001.0
b2b-3284,25200,530330112001,43200,-122.32174736286376,47.52004585831865,530330112001.0
b2b-3286,25200,530330112001,43200,-122.32174736286376,47.52004585831865,530330112001.0
b2b-3298,27000,530530729061,43200,-122.722177527917,47.06726163014591,530419708002.0
b2b-3300,4800,530330315021,43200,-121.4007171060678,47.41209531237868,530050115033.0
b2b-3309,19200,530610413042,43200,-122.27671607076084,47.94183817280873,530610413042.0
b2b-3310,19200,530610413042,43200,-122.27671607076084,47.94183817280873,530610413042.0
b2b-3311,19200,530610413042,43200,-122.27671607076084,47.94183817280873,530610413042.0
b2b-3323,27600,530350902022,43200,-122.5961576454316,47.787507301352434,530350902022.0
b2b-3342,26400,530530728001,43200,-122.722177527917,47.06726163014591,530670122213.0
b2b-3346,45600,530530728001,43200,-122.722177527917,47.06726163014591,530670122222.0
b2b-3371,28800,530350918001,43200,-122.62400027831414,47.6110750541063,530350918001.0
b2b-3385,59400,530330262001,43200,-122.2290252142069,47.46155041074252,530330262001.0
b2b-3389,36600,530610535061,43200,-122.31610846863688,48.31193108584794,530579512001.0
b2b-3391,24600,530610533014,43200,-122.31610846863688,48.31193108584794,530579521003.0
b2b-3399,22200,530610413042,43200,-122.2625926823838,47.93838660614811,530610413042.0
b2b-3404,42000,530330072001,43200,-122.34756778390565,47.61933997974749,530330072001.0
b2b-3410,21600,530610413042,43200,-122.24487100066604,47.92655488481847,530610413042.0
b2b-3415,21600,530610413042,43200,-122.24487100066604,47.92655488481847,530610413042.0
b2b-3422,27600,530330237001,43200,-122.15715616421944,47.62526578319836,530330237001.0
b2b-3433,43200,530330323193,43200,-122.15591194092669,47.75622295926279,530330323193.0
b2b-3444,34200,530610535061,43200,-122.31610846863688,48.31193108584794,530579512001.0
b2b-3463,24000,530610535091,43200,-122.14717269258814,48.17551092473751,530610535091.0
b2b-3478,44400,530330071001,43200,-122.3673331869987,47.62631707120799,530330071001.0
b2b-3483,7800,530610537001,43200,-121.4007171060678,47.41209531237868,20086.0
b2b-3486,13800,530530730061,43200,-122.722177527917,47.06726163014591,530150021002.0
b2b-3488,33000,530530728001,43200,-122.722177527917,47.06726163014591,530670122213.0
b2b-3490,37200,530610533023,43200,-122.31610846863688,48.31193108584794,530579516003.0
b2b-3500,24000,530610419032,43200,-122.2636103628616,47.90846344531121,530610419032.0
b2b-3566,20400,530610408002,43200,-122.2134467601275,47.97825674877105,530610408002.0
b2b-3570,53400,530610419032,43200,-122.2636103628616,47.90846344531121,530610419032.0
b2b-3572,41400,530610512001,43200,-122.30266674113564,47.806895299201855,530610512001.0
b2b-3579,6000,530610528031,43200,-122.18407525913322,48.12841583123068,530610528031.0
b2b-3585,14400,530610413042,43200,-122.24715468374436,47.925310776455525,530610413042.0
b2b-3586,14400,530610413042,43200,-122.24715468374436,47.925310776455525,530610413042.0
b2b-3587,14400,530610413042,43200,-122.24715468374436,47.925310776455525,530610413042.0
b2b-3602,40200,530610535091,43200,-122.14787823231376,48.17110320911109,530610535091.0
b2b-3614,28200,530610533012,43200,-122.33751829834536,48.26529306117609,530610533012.0
b2b-3645,22200,530610531021,43200,-122.18926352767066,48.15103162024127,530610531021.0
b2b-3664,26400,530610413042,43200,-122.27671607076084,47.94183817280873,530610413042.0
b2b-3674,14400,530610533014,43200,-122.31610846863688,48.31193108584794,530579521003.0
b2b-3675,14400,530610533014,43200,-122.31610846863688,48.31193108584794,530579521003.0
b2b-3683,28200,530610535061,43200,-122.31610846863688,48.31193108584794,530579512001.0
b2b-3698,50400,530610533014,43200,-122.31610846863688,48.31193108584794,530579521003.0
b2b-3704,37200,530610413042,43200,-122.24715468374436,47.925310776455525,530610413042.0
b2b-3807,28200,530610413042,43200,-122.24487100066604,47.92655488481847,530610413042.0
b2b-3810,28200,530610413042,43200,-122.24487100066604,47.92655488481847,530610413042.0
b2b-3817,42600,530610531021,43200,-122.18926352767066,48.15103162024127,530610531021.0
b2b-3818,42600,530610531021,43200,-122.18926352767066,48.15103162024127,530610531021.0
b2b-3838,30000,530610535091,43200,-122.14717269258814,48.17551092473751,530610535091.0
b2b-3842,29400,530610512001,43200,-122.30182104755622,47.80350686920909,530610512001.0
b2b-3852,46200,530530701001,43200,-122.722177527917,47.06726163014591,20095.0
b2b-3856,46200,530530701001,43200,-122.722177527917,47.06726163014591,20095.0
b2b-3857,24600,530530701001,43200,-122.722177527917,47.06726163014591,20095.0
b2b-3860,31800,530530701001,43200,-122.722177527917,47.06726163014591,20095.0
b2b-3869,15600,530530701001,43200,-122.722177527917,47.06726163014591,20095.0
b2b-3874,15600,530530701001,43200,-122.722177527917,47.06726163014591,20095.0
b2b-3876,15600,530530701001,43200,-122.722177527917,47.06726163014591,20095.0
b2b-3885,34200,530530701001,43200,-122.722177527917,47.06726163014591,20095.0
b2b-3887,40200,530530701001,43200,-122.722177527917,47.06726163014591,20095.0
b2b-3907,32400,530530701001,43200,-122.722177527917,47.06726163014591,20095.0
b2b-3908,21600,530530701001,43200,-122.722177527917,47.06726163014591,20095.0
b2b-3929,37200,530530701001,43200,-122.722177527917,47.06726163014591,20095.0
b2b-3932,42000,530530701001,43200,-122.722177527917,47.06726163014591,20095.0
b2b-3937,42600,530530701001,43200,-122.722177527917,47.06726163014591,20095.0
b2b-3945,34800,530530701001,43200,-122.722177527917,47.06726163014591,20095.0
b2b-3949,4200,530530701001,43200,-122.722177527917,47.06726163014591,20095.0
b2b-3954,26400,530530701001,43200,-122.722177527917,47.06726163014591,20095.0
b2b-3966,31800,530530701001,43200,-122.722177527917,47.06726163014591,20095.0
b2b-3971,31200,530530701001,43200,-122.722177527917,47.06726163014591,20095.0
b2b-4003,24600,530330219054,43200,-122.17617221489913,47.73437617084349,530330219054.0
b2b-4007,29400,530530701001,43200,-122.722177527917,47.06726163014591,20009.0
b2b-4010,12000,530610521083,43200,-122.10032674571958,47.83084469492899,530610521083.0
b2b-4069,26400,530330071001,43200,-122.3673331869987,47.62631707120799,530330071001.0
b2b-4081,36600,530330071001,43200,-122.3673331869987,47.62631707120799,530330071001.0
b2b-4083,36600,530330071001,43200,-122.3673331869987,47.62631707120799,530330071001.0
b2b-4096,31200,530330323133,43200,-122.09235356281609,47.67513883694862,530330323133.0
b2b-4103,31800,530330072001,43200,-122.34756778390565,47.61933997974749,530330072001.0
b2b-4110,14400,530610413042,43200,-122.2625926823838,47.93838660614811,530610413042.0
b2b-4115,40200,530330237001,43200,-122.15715616421944,47.62526578319836,530330237001.0
b2b-4120,36600,530330093002,43200,-122.33528153146486,47.576667230395465,530330093002.0
b2b-4158,26400,530610535091,43200,-122.14717269258814,48.17551092473751,530610535091.0
b2b-4159,42000,530330093002,43200,-122.32844525291416,47.59434862014975,530330093002.0
b2b-4160,42000,530330093002,43200,-122.32844525291416,47.59434862014975,530330093002.0
b2b-4163,27000,530610413042,43200,-122.24715468374436,47.925310776455525,530610413042.0
b2b-4171,24000,530330093002,43200,-122.33528153146486,47.576667230395465,530330093002.0
b2b-4180,27000,530610413042,43200,-122.27671607076084,47.94183817280873,530610413042.0
b2b-4181,27000,530610413042,43200,-122.27671607076084,47.94183817280873,530610413042.0
b2b-4184,27000,530610413042,43200,-122.27671607076084,47.94183817280873,530610413042.0
b2b-4202,30000,530610515002,43200,-122.31775581966713,47.821032296540565,530610515002.0
b2b-4229,40200,530330323133,43200,-122.09235356281609,47.67513883694862,530330323133.0
b2b-4236,37200,530330019001,43200,-122.3278758192968,47.699719722740326,530330019001.0
b2b-4243,36600,530330323133,43200,-122.09235356281609,47.67513883694862,530330323133.0
b2b-4252,24000,530330324011,43200,-121.9879154996572,47.73398865592733,530330324011.0
b2b-4254,24000,530330324011,43200,-121.9879154996572,47.73398865592733,530330324011.0
b2b-4259,12000,530610515002,43200,-122.31775581966713,47.821032296540565,530610515002.0
b2b-4263,39000,530610413042,43200,-122.24715468374436,47.925310776455525,530610413042.0
b2b-4267,37800,530610537001,43200,-121.4007171060678,47.41209531237868,530630141002.0
b2b-4273,28200,530610537001,43200,-121.4007171060678,47.41209531237868,530630141002.0
b2b-4274,28200,530610537001,43200,-121.4007171060678,47.41209531237868,530630141002.0
b2b-4303,21600,530610413042,43200,-122.2625926823838,47.93838660614811,530610413042.0
b2b-4317,33600,530350902022,43200,-122.5961576454316,47.787507301352434,530350902022.0
b2b-4327,16200,530610413042,43200,-122.24715468374436,47.925310776455525,530610413042.0
b2b-4338,12600,530610535091,43200,-122.14717269258814,48.17551092473751,530610535091.0
b2b-4370,28800,530530732004,43200,-122.722177527917,47.06726163014591,20010.0
b2b-4375,36000,530610419032,43200,-122.2636103628616,47.90846344531121,530610419032.0
b2b-4378,34200,530610419011,43200,-122.27822194872736,47.8981228513502,530610419011.0
b2b-4391,29400,530610413042,43200,-122.24161762983748,47.92646789569307,530610413042.0
b2b-4396,29400,530610413042,43200,-122.24161762983748,47.92646789569307,530610413042.0
b2b-4410,33000,530610413042,43200,-122.24715468374436,47.925310776455525,530610413042.0
b2b-4423,40800,530330262001,43200,-122.21725980351802,47.45464441357022,530330262001.0
b2b-4450,30000,530330108001,43200,-122.34457563192096,47.554834315218855,530330108001.0
b2b-4457,37800,530330262001,43200,-122.2496540041916,47.44582113039136,530330262001.0
b2b-4463,35400,530330093003,43200,-122.3418644609965,47.56446776310541,530330093003.0
b2b-4474,28200,530330059001,43200,-122.36203365710163,47.65328838118956,530330059001.0
b2b-4475,28200,530330059001,43200,-122.36203365710163,47.65328838118956,530330059001.0
b2b-4492,22200,530330093002,43200,-122.33528153146486,47.576667230395465,530330093002.0
b2b-4526,30000,530330019001,43200,-122.3278758192968,47.699719722740326,530330019001.0
b2b-4534,38400,530610413042,43200,-122.24715468374436,47.925310776455525,530610413042.0
b2b-4541,33600,530330284024,43200,-122.32662210712952,47.444800309911074,530330284024.0
b2b-4544,25800,530330112001,43200,-122.32687650357458,47.52841646447181,530330112001.0
b2b-4556,33600,530350902022,43200,-122.5961576454316,47.787507301352434,530350902022.0
b2b-4558,33600,530350902022,43200,-122.5961576454316,47.787507301352434,530350902022.0
b2b-4564,31200,530330112001,43200,-122.32687650357458,47.52841646447181,530330112001.0
b2b-4595,22800,530330112001,43200,-122.32174736286376,47.52004585831865,530330112001.0
b2b-4597,22800,530330112001,43200,-122.32174736286376,47.52004585831865,530330112001.0
b2b-4605,26400,530330262001,43200,-122.2496540041916,47.44582113039136,530330262001.0
b2b-4628,21000,530330059001,43200,-122.36203365710163,47.65328838118956,530330059001.0
b2b-4644,45000,530610535091,43200,-122.14787823231376,48.17110320911109,530610535091.0
b2b-4652,25800,530530732004,43200,-122.722177527917,47.06726163014591,20010.0
b2b-4656,30600,530530732004,43200,-122.722177527917,47.06726163014591,20010.0
b2b-4660,33000,530330093002,43200,-122.33528153146486,47.576667230395465,530330093002.0
b2b-4661,33000,530330093002,43200,-122.33528153146486,47.576667230395465,530330093002.0
b2b-4683,33600,530610535091,43200,-122.14717269258814,48.17551092473751,530610535091.0
b2b-4685,33600,530610535091,43200,-122.14717269258814,48.17551092473751,530610535091.0
b2b-4693,33600,530610535091,43200,-122.14717269258814,48.17551092473751,530610535091.0
b2b-4697,33600,530610535091,43200,-122.14717269258814,48.17551092473751,530610535091.0
b2b-4702,22200,530610533024,43200,-122.31610846863688,48.31193108584794,530579526003.0
b2b-4706,15000,530610528031,43200,-122.18407525913322,48.12841583123068,530610528031.0
b2b-4718,24600,530610535091,43200,-122.14717269258814,48.17551092473751,530610535091.0
b2b-4720,24600,530610535091,43200,-122.14717269258814,48.17551092473751,530610535091.0
b2b-4725,33000,530610515002,43200,-122.31775581966713,47.821032296540565,530610515002.0
b2b-4739,46200,530610419032,43200,-122.2636103628616,47.90846344531121,530610419032.0
b2b-4752,31200,530330262001,43200,-122.2278520302791,47.46176781306858,530330262001.0
b2b-4754,31200,530330262001,43200,-122.2278520302791,47.46176781306858,530330262001.0
b2b-4770,33600,530530732003,43200,-122.722177527917,47.06726163014591,410470025021.0
b2b-4786,39000,530330093003,43200,-122.322886866017,47.564164116643255,530330093003.0
b2b-4796,32400,530330093003,43200,-122.3249270574142,47.566139078388495,530330093003.0
b2b-4803,39000,530330112001,43200,-122.32687650357458,47.52841646447181,530330112001.0
b2b-4855,30000,530610413042,43200,-122.27671607076084,47.94183817280873,530610413042.0
b2b-4856,30000,530610413042,43200,-122.27671607076084,47.94183817280873,530610413042.0
b2b-4865,19200,530610533012,43200,-122.33751829834536,48.26529306117609,530610533012.0
b2b-4873,39000,530610413042,43200,-122.27671607076084,47.94183817280873,530610413042.0
b2b-4875,39000,530610413042,43200,-122.27671607076084,47.94183817280873,530610413042.0
b2b-4878,41400,530610413042,43200,-122.24715468374436,47.925310776455525,530610413042.0
b2b-4880,41400,530610413042,43200,-122.24715468374436,47.925310776455525,530610413042.0
b2b-4883,41400,530610413042,43200,-122.24715468374436,47.925310776455525,530610413042.0
b2b-4894,41400,530530732003,43200,-122.722177527917,47.06726163014591,410510043001.0
b2b-4895,41400,530530732003,43200,-122.722177527917,47.06726163014591,410510043001.0
b2b-4903,33600,530610535091,43200,-122.14787823231376,48.17110320911109,530610535091.0
b2b-4913,48600,530610537001,43200,-121.4007171060678,47.41209531237868,530630141002.0
b2b-4945,31200,530330093002,43200,-122.32844525291416,47.59434862014975,530330093002.0
b2b-4965,34800,530330323193,43200,-122.15591194092669,47.75622295926279,530330323193.0
b2b-4988,29400,530330323133,43200,-122.09235356281609,47.67513883694862,530330323133.0
b2b-4990,29400,530330323133,43200,-122.09235356281609,47.67513883694862,530330323133.0
b2b-5014,33600,530539400101,43200,-122.33383167315928,47.219411595134886,530539400101.0
b2b-5017,22200,530610533024,43200,-122.31610846863688,48.31193108584794,530579526003.0
b2b-5025,42600,530610531021,43200,-122.18926352767066,48.15103162024127,530610531021.0
b2b-5031,40200,530610533024,43200,-122.31610846863688,48.31193108584794,530579526003.0
b2b-5047,20400,530610535061,43200,-122.42140907510772,48.24030789215496,530579512001.0
b2b-5059,43200,530610533014,43200,-122.31610846863688,48.31193108584794,530579521003.0
b2b-5061,33000,530610533024,43200,-122.31610846863688,48.31193108584794,530579518002.0
b2b-5070,28800,530610413042,43200,-122.25874750023044,47.93823513533052,530610413042.0
b2b-5076,29400,530610413042,43200,-122.2625926823838,47.93838660614811,530610413042.0
b2b-5085,32400,530610413042,43200,-122.24487100066604,47.92655488481847,530610413042.0
b2b-5091,34200,530610413042,43200,-122.2625926823838,47.93838660614811,530610413042.0
b2b-5092,25800,530610408002,43200,-122.2134467601275,47.97825674877105,530610408002.0
b2b-5101,45600,530610512001,43200,-122.30182104755622,47.80350686920909,530610512001.0
b2b-5103,27600,530610521083,43200,-122.10032674571958,47.83084469492899,530610521083.0
b2b-5110,31200,530530732003,43200,-122.722177527917,47.06726163014591,410510043001.0
b2b-5145,52800,530350901012,43200,-122.54387792603366,47.84972601753882,530350901012.0
b2b-5150,37200,530530732004,43200,-122.722177527917,47.06726163014591,20012.0
b2b-5159,30000,530330305011,43200,-122.2359635397136,47.31700162608042,530330305011.0
b2b-5190,37200,530610531021,43200,-122.18926352767066,48.15103162024127,530610531021.0
b2b-5197,27000,530610413042,43200,-122.2625926823838,47.93838660614811,530610413042.0
b2b-5203,36600,530330219054,43200,-122.17617221489913,47.73437617084349,530330219054.0
b2b-5213,26400,530330324011,43200,-121.9879154996572,47.73398865592733,530330324011.0
b2b-5215,27000,530610515002,43200,-122.31775581966713,47.821032296540565,530610515002.0
b2b-5219,31200,530610413042,43200,-122.24161762983748,47.92646789569307,530610413042.0
b2b-5270,25800,530330323193,43200,-122.15591194092669,47.75622295926279,530330323193.0
b2b-5271,25800,530330323193,43200,-122.15591194092669,47.75622295926279,530330323193.0
b2b-5295,25800,530610535091,43200,-122.14787823231376,48.17110320911109,530610535091.0
b2b-5303,28800,530610533012,43200,-122.33751829834536,48.26529306117609,530610533012.0
b2b-5310,21600,530610413042,43200,-122.24487100066604,47.92655488481847,530610413042.0
b2b-5325,7200,530330093002,43200,-122.33528153146486,47.576667230395465,530330093002.0
b2b-5342,23400,530330323133,43200,-122.09235356281609,47.67513883694862,530330323133.0
b2b-5347,31800,530330112001,43200,-122.32174736286376,47.52004585831865,530330112001.0
b2b-5355,31800,530330112001,43200,-122.32174736286376,47.52004585831865,530330112001.0
b2b-5369,25800,530330263001,43200,-122.30285209992728,47.5225614976096,530330263001.0
b2b-5371,38400,530330263001,43200,-122.30285209992728,47.5225614976096,530330263001.0
b2b-5390,32400,530330108001,43200,-122.34457563192096,47.554834315218855,530330108001.0
b2b-5421,29400,530330112001,43200,-122.32174736286376,47.52004585831865,530330112001.0
b2b-5427,29400,530330112001,43200,-122.32174736286376,47.52004585831865,530330112001.0
b2b-5437,24000,530330265002,43200,-122.35458225098962,47.51367176580192,530330265002.0
b2b-5450,19800,530330265002,43200,-122.35458225098962,47.51367176580192,530330265002.0
b2b-5472,41400,530330263002,43200,-122.29196754117818,47.50281703900647,530330263002.0
b2b-5494,35400,530330071001,43200,-122.3673331869987,47.62631707120799,530330071001.0
b2b-5495,35400,530330071001,43200,-122.3673331869987,47.62631707120799,530330071001.0
b2b-5498,35400,530330071001,43200,-122.3673331869987,47.62631707120799,530330071001.0
b2b-5502,32400,530330109001,43200,-122.30470617701212,47.53312488896969,530330109001.0
b2b-5503,24600,530330112001,43200,-122.32174736286376,47.52004585831865,530330112001.0
b2b-5508,24600,530330112001,43200,-122.32174736286376,47.52004585831865,530330112001.0
b2b-5516,27600,530330112001,43200,-122.32035707123552,47.520051632541886,530330112001.0
b2b-5554,33000,530330262001,43200,-122.24755562972652,47.44757492525695,530330262001.0
b2b-5559,34200,530330292061,43200,-122.2261164070203,47.40948270574639,530330292061.0
b2b-5566,30000,530610535091,43200,-122.14717269258814,48.17551092473751,530610535091.0
b2b-5567,30000,530610535091,43200,-122.14717269258814,48.17551092473751,530610535091.0
b2b-5574,38400,530330292061,43200,-122.21836718823572,47.44039646000822,530330292061.0
b2b-5625,27600,530530732003,43200,-122.722177527917,47.06726163014591,410430306003.0
b2b-5634,27600,530530732003,43200,-122.722177527917,47.06726163014591,410430306003.0
b2b-5636,13800,530610533024,43200,-122.31610846863688,48.31193108584794,530579526003.0
b2b-5649,19200,530610533014,43200,-122.31610846863688,48.31193108584794,530579404003.0
b2b-5672,45000,530330262001,43200,-122.24755562972652,47.44757492525695,530330262001.0
b2b-5688,35400,530530729061,43200,-122.722177527917,47.06726163014591,530670126102.0
b2b-5696,30000,530330262001,43200,-122.2290252142069,47.46155041074252,530330262001.0
b2b-5708,32400,530610515002,43200,-122.31775581966713,47.821032296540565,530610515002.0
b2b-5722,29400,530330093003,43200,-122.3249270574142,47.566139078388495,530330093003.0
b2b-5723,29400,530330093003,43200,-122.3249270574142,47.566139078388495,530330093003.0
b2b-5728,27000,530610413042,43200,-122.2625926823838,47.93838660614811,530610413042.0
b2b-5750,26400,530530732003,43200,-122.722177527917,47.06726163014591,530110410052.0
b2b-5759,33600,530610533014,43200,-122.31610846863688,48.31193108584794,530579521003.0
b2b-5762,18000,530330283003,43200,-122.25606178546752,47.438194021765895,530330283003.0
b2b-5766,37800,530610510001,43200,-122.31762646018396,47.80120072409051,530610510001.0
b2b-5768,39600,530610533024,43200,-122.31610846863688,48.31193108584794,530579518002.0
b2b-5769,41400,530530732003,43200,-122.722177527917,47.06726163014591,410670304013.0
b2b-5784,15600,530330262001,43200,-122.2290252142069,47.46155041074252,530330262001.0
b2b-5791,33000,530610419032,43200,-122.2648284974722,47.91340365475171,530610419032.0
b2b-5811,42000,530610535061,43200,-122.31610846863688,48.31193108584794,530579512001.0
b2b-5820,37800,530610533014,43200,-122.31610846863688,48.31193108584794,530579519002.0
b2b-5822,25800,530610413042,43200,-122.24715468374436,47.925310776455525,530610413042.0
b2b-5827,23400,530610533014,43200,-122.31610846863688,48.31193108584794,530579519002.0
b2b-5829,27000,530610533014,43200,-122.31610846863688,48.31193108584794,530579404003.0
b2b-5847,28800,530610533014,43200,-122.31610846863688,48.31193108584794,530579519002.0
b2b-5870,43200,530530726032,43200,-122.722177527917,47.06726163014591,530670109104.0
b2b-5877,32400,530610535091,43200,-122.14717269258814,48.17551092473751,530610535091.0
b2b-5890,21600,530530728001,43200,-122.722177527917,47.06726163014591,530670122222.0
b2b-5898,28800,530610417013,43200,-122.20886355788464,47.90410383084755,530610417013.0
b2b-5909,29400,530530732003,43200,-122.58014198329504,46.93344098049039,410470015022.0
b2b-5912,40800,530530732003,43200,-122.722177527917,47.06726163014591,410050227071.0
b2b-5927,9600,530530732003,43200,-122.722177527917,47.06726163014591,410470003003.0
b2b-5928,9600,530530732003,43200,-122.722177527917,47.06726163014591,410470003003.0
b2b-5937,25200,530530730061,43200,-122.722177527917,47.06726163014591,410530202022.0
b2b-5947,30600,530530732003,43200,-122.722177527917,47.06726163014591,410470010001.0
b2b-5976,24600,530530732003,43200,-122.722177527917,47.06726163014591,410050229042.0
b2b-5989,21600,530530732003,43200,-122.722177527917,47.06726163014591,410670304013.0
b2b-6016,28800,530330288021,43200,-122.29451093345496,47.4272772471893,530330288021.0
b2b-6023,31800,530610533014,43200,-122.31610846863688,48.31193108584794,530730004003.0
b2b-6029,33000,530610413042,43200,-122.2625926823838,47.93838660614811,530610413042.0
b2b-6033,18600,530330323133,43200,-122.09235356281609,47.67513883694862,530330323133.0
b2b-6041,31200,530330237001,43200,-122.15715616421944,47.62526578319836,530330237001.0
b2b-6045,16200,530610515001,43200,-122.3124852386261,47.82855904769393,530610515001.0
b2b-6062,25800,530610537001,43200,-121.4007171060678,47.41209531237868,530630145003.0
b2b-6069,20400,530610537001,43200,-121.4007171060678,47.41209531237868,530630120002.0
b2b-6090,34200,530350918001,43200,-122.62744818437224,47.608075089217,530350918001.0
b2b-6096,27000,530610535091,43200,-122.1491043664763,48.175990132655706,530610535091.0
b2b-6097,27000,530610535091,43200,-122.1491043664763,48.175990132655706,530610535091.0
b2b-6126,43200,530330093002,43200,-122.32844525291416,47.59434862014975,530330093002.0
b2b-6130,43200,530330093002,43200,-122.32844525291416,47.59434862014975,530330093002.0
b2b-6140,25200,530330237001,43200,-122.15715616421944,47.62526578319836,530330237001.0
b2b-6146,25800,530530732003,43200,-122.722177527917,47.06726163014591,410510072021.0
b2b-6153,35400,530610531021,43200,-122.18926352767066,48.15103162024127,530610531021.0
b2b-6156,35400,530610531021,43200,-122.18926352767066,48.15103162024127,530610531021.0
b2b-6159,35400,530610531021,43200,-122.18926352767066,48.15103162024127,530610531021.0
b2b-6188,29400,530530732003,43200,-122.722177527917,47.06726163014591,410510073001.0
b2b-6195,1200,530530730061,43200,-122.722177527917,47.06726163014591,410670326042.0
b2b-6219,34800,530530732003,43200,-122.722177527917,47.06726163014591,410430202001.0
b2b-6220,32400,530530732003,43200,-122.722177527917,47.06726163014591,410510072021.0
b2b-6227,21600,530530732003,43200,-122.722177527917,47.06726163014591,410670326081.0
b2b-6235,33600,530530732003,43200,-122.722177527917,47.06726163014591,410670304013.0
b2b-6244,28800,530610537001,43200,-121.4007171060678,47.41209531237868,530630120002.0
b2b-6247,43800,530610537001,43200,-121.4007171060678,47.41209531237868,530630141002.0
b2b-6251,30600,530330093003,43200,-122.3249270574142,47.566139078388495,530330093003.0
b2b-6265,48600,530530732003,43200,-122.722177527917,47.06726163014591,410470025021.0
b2b-6268,48600,530530732003,43200,-122.722177527917,47.06726163014591,410470025021.0
b2b-6298,28200,530530732004,43200,-122.722177527917,47.06726163014591,20012.0
b2b-6305,26400,530530732004,43200,-122.722177527917,47.06726163014591,20012.0
b2b-6316,46800,530330219054,43200,-122.17617221489913,47.73437617084349,530330219054.0
b2b-6323,23400,530530732003,43200,-122.722177527917,47.06726163014591,410510072021.0
b2b-6331,36600,530330219054,43200,-122.17617221489913,47.73437617084349,530330219054.0
b2b-6335,26400,530330093002,43200,-122.33528153146486,47.576667230395465,530330093002.0
b2b-6363,34800,530330019001,43200,-122.3278758192968,47.699719722740326,530330019001.0
b2b-6367,24000,530330324011,43200,-121.9879154996572,47.73398865592733,530330324011.0
b2b-6373,20400,530330093003,43200,-122.3249270574142,47.566139078388495,530330093003.0
b2b-6377,25200,530610515002,43200,-122.31775581966713,47.821032296540565,530610515002.0
b2b-6383,23400,530330093002,43200,-122.32844525291416,47.59434862014975,530330093002.0
b2b-6392,23400,530330093002,43200,-122.32844525291416,47.59434862014975,530330093002.0
b2b-6397,23400,530330093002,43200,-122.32844525291416,47.59434862014975,530330093002.0
b2b-6400,25800,530539400022,43200,-122.35833344278102,47.25256365687772,530539400022.0
b2b-6407,35400,530330292061,43200,-122.22648690252544,47.43034150776759,530330292061.0
b2b-6408,35400,530330292061,43200,-122.22648690252544,47.43034150776759,530330292061.0
b2b-6412,26400,530330292061,43200,-122.24734350412533,47.41059463958294,530330292061.0
b2b-6428,33600,530330262001,43200,-122.24755562972652,47.44757492525695,530330262001.0
b2b-6433,30000,530330323133,43200,-122.09084712294762,47.671092334586085,530330323133.0
b2b-6450,35400,530330262001,43200,-122.2496540041916,47.44582113039136,530330262001.0
b2b-6464,32400,530330292061,43200,-122.24056201746252,47.39461586368992,530330292061.0
b2b-6471,30600,530330292061,43200,-122.24734350412533,47.41059463958294,530330292061.0
b2b-6494,33600,530330292061,43200,-122.21836718823572,47.44039646000822,530330292061.0
b2b-6528,43800,530330292061,43200,-122.2466255004282,47.40263002053516,530330292061.0
b2b-6533,40800,530330262001,43200,-122.21725980351802,47.45464441357022,530330262001.0
b2b-6545,21000,530530733013,43200,-122.2446026927415,47.24248836969613,530530733013.0
b2b-6550,39000,530330208002,43200,-122.35446167606062,47.751961157097455,530330208002.0
b2b-6565,35400,530539400022,43200,-122.35742786189503,47.24690620237542,530539400022.0
b2b-6571,48000,530610535091,43200,-122.14717269258814,48.17551092473751,530610535091.0
b2b-6578,22200,530530602001,43200,-122.39832572132968,47.274160571806064,530530602001.0
b2b-6583,23400,530610533012,43200,-122.33751829834536,48.26529306117609,530610533012.0
b2b-6588,43800,530610533024,43200,-122.31610846863688,48.31193108584794,530579518002.0
b2b-6595,37800,530610537001,43200,-121.4007171060678,47.41209531237868,20041.0
b2b-6598,24000,530330322083,43200,-122.03904152481292,47.544579149681645,530330322083.0
b2b-6612,42000,530610537001,43200,-121.4007171060678,47.41209531237868,530630141002.0
b2b-6617,42000,530610537001,43200,-121.4007171060678,47.41209531237868,530630141002.0
b2b-6625,25800,530610531021,43200,-122.18926352767066,48.15103162024127,530610531021.0
b2b-6634,25200,530330263002,43200,-122.2751332002066,47.49597383764456,530330263002.0
b2b-6639,30600,530330322083,43200,-122.03904152481292,47.544579149681645,530330322083.0
b2b-6654,38400,530330248002,43200,-122.14722113658976,47.578706107328365,530330248002.0
b2b-6658,33600,530350918001,43200,-122.62744818437224,47.608075089217,530350918001.0
b2b-6674,40200,530610413042,43200,-122.2625926823838,47.93838660614811,530610413042.0
b2b-6683,36000,530530732003,43200,-122.722177527917,47.06726163014591,410470010001.0
b2b-6687,27000,530530732003,43200,-122.722177527917,47.06726163014591,410050221071.0
b2b-6691,27000,530530732003,43200,-122.722177527917,47.06726163014591,410050221071.0
b2b-6693,27000,530530732003,43200,-122.722177527917,47.06726163014591,410050221071.0
b2b-6694,27000,530530732003,43200,-122.722177527917,47.06726163014591,410050221071.0
b2b-6710,26400,530610537001,43200,-121.4007171060678,47.41209531237868,530630141002.0
b2b-6712,42600,530610537001,43200,-121.4007171060678,47.41209531237868,530630114003.0
b2b-6718,32400,530530729061,43200,-122.722177527917,47.06726163014591,530670126102.0
b2b-6721,33000,530610537002,43200,-121.72894914351969,48.27979650719792,530610537002.0
b2b-6723,33000,530610537002,43200,-121.72894914351969,48.27979650719792,530610537002.0
b2b-6730,39600,530330093002,43200,-122.32844525291416,47.59434862014975,530330093002.0
b2b-6745,33600,530330265002,43200,-122.35458225098962,47.51367176580192,530330265002.0
b2b-6754,34200,530539400022,43200,-122.35686651179935,47.25411486712436,530539400022.0
b2b-6757,34200,530539400022,43200,-122.35686651179935,47.25411486712436,530539400022.0
b2b-6762,31800,530530732004,43200,-122.722177527917,47.06726163014591,20010.0
b2b-6783,43200,530330320111,43200,-122.02210375123823,47.36875968236384,530330320111.0
b2b-6794,18600,530330262001,43200,-122.2278520302791,47.46176781306858,530330262001.0
b2b-6811,30000,530330248002,43200,-122.14722113658976,47.578706107328365,530330248002.0
b2b-6812,25800,530610413042,43200,-122.24736481284368,47.92482972944789,530610413042.0
b2b-6817,31200,530350902022,43200,-122.5961576454316,47.787507301352434,530350902022.0
b2b-6822,28800,530330006003,43200,-122.34328958466286,47.71897150562202,530330006003.0
b2b-6823,30600,530530701001,43200,-122.722177527917,47.06726163014591,20118.0
b2b-6832,46800,530610418113,43200,-122.24711466516848,47.87821261343761,530610418113.0
b2b-6855,20400,530530729061,43200,-122.722177527917,47.06726163014591,530670126102.0
b2b-6860,24000,530610533021,43200,-122.31610846863688,48.31193108584794,530730102001.0
b2b-6862,25800,530610533014,43200,-122.31610846863688,48.31193108584794,530730002003.0
b2b-6863,25800,530530732003,43200,-122.722177527917,47.06726163014591,410510043001.0
b2b-6864,24600,530610537001,43200,-121.4007171060678,47.41209531237868,530659501006.0
b2b-6880,35400,530530701001,43200,-122.722177527917,47.06726163014591,20009.0
b2b-6891,19200,530530701001,43200,-122.722177527917,47.06726163014591,20009.0
b2b-6903,29400,530530701001,43200,-122.722177527917,47.06726163014591,20009.0
b2b-6910,33600,530330315021,43200,-121.4007171060678,47.41209531237868,20063.0
b2b-6912,33600,530330315021,43200,-121.4007171060678,47.41209531237868,20063.0
b2b-6919,37200,530530732004,43200,-122.722177527917,47.06726163014591,20011.0
b2b-6962,54000,530530732004,43200,-122.722177527917,47.06726163014591,20012.0
b2b-6973,27600,530330315021,43200,-121.4007171060678,47.41209531237868,530719200002.0
b2b-6992,35400,530610521083,43200,-122.10032674571958,47.83084469492899,530610521083.0
b2b-6996,42600,530330292061,43200,-122.24636982262818,47.39623896335237,530330292061.0
b2b-6997,29400,530610419032,43200,-122.2636103628616,47.90846344531121,530610419032.0
b2b-7011,34200,530530732003,43200,-122.722177527917,47.06726163014591,410510011011.0
b2b-7020,25200,530610533014,43200,-122.31610846863688,48.31193108584794,530579519002.0
b2b-7032,31800,530610537001,43200,-121.4007171060678,47.41209531237868,20067.0
b2b-7039,30600,530530701001,43200,-122.722177527917,47.06726163014591,20095.0
b2b-7047,19200,530610418052,43200,-122.21518536262025,47.91466365641352,530610418052.0
b2b-7052,27000,530610537001,43200,-121.4007171060678,47.41209531237868,20067.0
b2b-7053,27000,530610537001,43200,-121.4007171060678,47.41209531237868,20067.0
b2b-7058,45000,530610537001,43200,-121.4007171060678,47.41209531237868,530079601002.0
b2b-7067,35400,530530732003,43200,-122.722177527917,47.06726163014591,410050221082.0
b2b-7070,33000,530530732003,43200,-122.722177527917,47.06726163014591,410430202001.0
b2b-7092,42600,530350921002,43200,-122.79780057844646,47.47041545337575,530350921002.0
b2b-7097,36600,530330292061,43200,-122.26053720365827,47.39772311327997,530330292061.0
b2b-7106,26400,530610537001,43200,-121.4007171060678,47.41209531237868,20067.0
b2b-7114,22800,530350902022,43200,-122.5961576454316,47.787507301352434,530350902022.0
b2b-7138,34200,530530726032,43200,-122.722177527917,47.06726163014591,530270007003.0
b2b-7144,24000,530530729061,43200,-122.722177527917,47.06726163014591,530670126102.0
b2b-7152,42000,530530726032,43200,-122.722177527917,47.06726163014591,530670101001.0
b2b-7156,16800,530530726032,43200,-122.722177527917,47.06726163014591,530670101001.0
b2b-7157,21600,530530726032,43200,-122.722177527917,47.06726163014591,530270007003.0
b2b-7160,21600,530530726032,43200,-122.722177527917,47.06726163014591,530270007003.0
b2b-7199,15600,530530726032,43200,-122.722177527917,47.06726163014591,530670101001.0
b2b-7220,32400,530530726032,43200,-122.722177527917,47.06726163014591,530270007003.0
b2b-7234,39000,530610516021,43200,-122.30435573035018,47.83653305769858,530610516021.0
b2b-7266,30000,530530732003,43200,-122.722177527917,47.06726163014591,410510073001.0
b2b-7269,26400,530530732004,43200,-122.722177527917,47.06726163014591,20012.0
b2b-7276,25200,530530732003,43200,-122.722177527917,47.06726163014591,530110410052.0
b2b-7284,22200,530530701001,43200,-122.722177527917,47.06726163014591,20009.0
b2b-7302,34200,530530732004,43200,-122.722177527917,47.06726163014591,20010.0
b2b-7316,27000,530610537001,43200,-121.4007171060678,47.41209531237868,530630114003.0
b2b-7320,21000,530530732003,43200,-122.722177527917,47.06726163014591,410670304013.0
b2b-7334,36000,530530732004,43200,-122.722177527917,47.06726163014591,20010.0
b2b-7337,29400,530530732004,43200,-122.722177527917,47.06726163014591,20010.0
b2b-7354,28800,530530729061,43200,-122.722177527917,47.06726163014591,530419708004.0
b2b-7360,36000,530330328003,43200,-121.49796228014988,46.88132902971716,20030.0
b2b-7362,38400,530530732003,43200,-122.722177527917,47.06726163014591,410050227071.0
b2b-7379,42600,530330292061,43200,-122.24636982262818,47.39623896335237,530330292061.0
b2b-7418,47400,530530732003,43200,-122.722177527917,47.06726163014591,410430306003.0
b2b-7445,24000,530530732003,43200,-122.722177527917,47.06726163014591,530110410052.0
b2b-7464,26400,530530732003,43200,-122.722177527917,47.06726163014591,410510043001.0
b2b-7477,39600,530530732003,43200,-122.722177527917,47.06726163014591,410510072021.0
b2b-7486,25200,530610528031,43200,-122.16432678053448,48.15061776990463,530610528031.0
b2b-7507,29400,530530732003,43200,-122.722177527917,47.06726163014591,410519800001.0
b2b-7508,30600,530530732003,43200,-122.722177527917,47.06726163014591,410430306003.0
b2b-7511,30600,530530732003,43200,-122.722177527917,47.06726163014591,410430306003.0
b2b-7513,30600,530530732003,43200,-122.722177527917,47.06726163014591,410430306003.0
b2b-7522,30600,530530732003,43200,-122.722177527917,47.06726163014591,410430306003.0
b2b-7533,32400,530530701001,43200,-121.7425024336556,46.77730301860232,20095.0
b2b-7534,29400,530530701001,43200,-122.722177527917,47.06726163014591,20095.0
b2b-7535,33600,530530732003,43200,-122.722177527917,47.06726163014591,410050221053.0
b2b-7550,51000,530530701001,43200,-122.722177527917,47.06726163014591,20009.0
b2b-7563,7800,530530701001,43200,-122.722177527917,47.06726163014591,20071.0
b2b-7566,23400,530530701001,43200,-122.722177527917,47.06726163014591,20071.0
b2b-7576,26400,530610533014,43200,-122.31610846863688,48.31193108584794,530730008034.0
b2b-7579,24000,530530732004,43200,-122.722177527917,47.06726163014591,20012.0
b2b-7580,20400,530530732004,43200,-122.722177527917,47.06726163014591,20012.0
b2b-7589,26400,530610537001,43200,-121.4007171060678,47.41209531237868,20127.0
b2b-7597,33000,530530701001,43200,-122.722177527917,47.06726163014591,20009.0
b2b-7602,29400,530610408002,43200,-122.2134467601275,47.97825674877105,530610408002.0
b2b-7604,31800,530330292061,43200,-122.24056201746252,47.39461586368992,530330292061.0
b2b-7611,33600,530350920003,43200,-122.6255660082074,47.86126423427218,530090017001.0
b2b-7617,31800,530530701001,43200,-122.722177527917,47.06726163014591,20118.0
b2b-7622,19800,530530701001,43200,-122.722177527917,47.06726163014591,20009.0
b2b-7623,38400,530530732003,43200,-122.722177527917,47.06726163014591,530110410052.0
b2b-7634,37200,530530732003,43200,-122.722177527917,47.06726163014591,410510083022.0
b2b-7643,39000,530530732004,43200,-122.722177527917,47.06726163014591,20012.0
b2b-7670,19200,530530732003,43200,-122.722177527917,47.06726163014591,410050203021.0
b2b-7672,41400,530530701001,43200,-122.722177527917,47.06726163014591,20118.0
b2b-7693,30600,530530701001,43200,-122.722177527917,47.06726163014591,20118.0
b2b-7694,30600,530530701001,43200,-122.722177527917,47.06726163014591,20118.0
b2b-7704,41400,530530701001,43200,-122.722177527917,47.06726163014591,20118.0
b2b-7711,10800,530530701001,43200,-122.722177527917,47.06726163014591,20118.0
b2b-7720,24000,530530701001,43200,-122.722177527917,47.06726163014591,20118.0
b2b-7737,25200,530530701001,43200,-122.722177527917,47.06726163014591,20095.0
b2b-7800,34200,530530732004,43200,-122.722177527917,47.06726163014591,20010.0
b2b-7801,27600,530530732004,43200,-122.58014198329504,46.93344098049039,20010.0
b2b-7805,27600,530530732004,43200,-122.722177527917,47.06726163014591,20010.0
b2b-7809,41400,530330315021,43200,-121.4007171060678,47.41209531237868,530770016022.0
b2b-7813,34200,530530732003,43200,-122.722177527917,47.06726163014591,410510096041.0
b2b-7818,27000,530530701001,43200,-122.722177527917,47.06726163014591,20118.0
b2b-7832,30600,530530729061,43200,-122.722177527917,47.06726163014591,530419708002.0
b2b-7834,27000,530530732003,43200,-122.722177527917,47.06726163014591,410510072021.0
b2b-7840,48600,530530701001,43200,-122.722177527917,47.06726163014591,20009.0
b2b-7851,48600,530530701001,43200,-122.722177527917,47.06726163014591,20009.0
b2b-7856,48600,530530701001,43200,-122.722177527917,47.06726163014591,20009.0
b2b-7883,52800,530530701001,43200,-122.722177527917,47.06726163014591,20009.0
b2b-7888,52800,530530701001,43200,-122.722177527917,47.06726163014591,20009.0
b2b-7908,27000,530530701001,43200,-122.722177527917,47.06726163014591,20009.0
b2b-7910,31200,530530701001,43200,-122.722177527917,47.06726163014591,20005.0
b2b-7913,31200,530530701001,43200,-122.722177527917,47.06726163014591,20005.0
b2b-7915,31200,530530701001,43200,-122.722177527917,47.06726163014591,20005.0
b2b-7946,28800,530530701001,43200,-122.722177527917,47.06726163014591,20009.0
b2b-7956,35400,530530701001,43200,-122.722177527917,47.06726163014591,20009.0
b2b-7966,35400,530530701001,43200,-122.722177527917,47.06726163014591,20009.0
b2b-7969,4200,530530701001,43200,-122.58014198329504,46.93344098049039,20009.0
b2b-7977,34200,530530701001,43200,-122.722177527917,47.06726163014591,20009.0
b2b-7978,39000,530530701001,43200,-122.58014198329504,46.93344098049039,20009.0
b2b-7991,26400,530530701001,43200,-122.722177527917,47.06726163014591,20009.0
b2b-8027,24000,530530701001,43200,-122.722177527917,47.06726163014591,20009.0
b2b-8047,42600,530530701001,43200,-122.722177527917,47.06726163014591,20009.0
b2b-8057,34800,530530701001,43200,-122.722177527917,47.06726163014591,20009.0
b2b-8069,39600,530530732003,43200,-122.722177527917,47.06726163014591,410510043001.0
b2b-8100,28800,530530732003,43200,-122.722177527917,47.06726163014591,410430202001.0
b2b-8124,2400,530530729061,43200,-122.722177527917,47.06726163014591,530419714002.0
b2b-8125,2400,530530729061,43200,-122.722177527917,47.06726163014591,530419714002.0
b2b-8131,31200,530610537001,43200,-121.4007171060678,47.41209531237868,530630114003.0
b2b-8140,22200,530530732003,43200,-122.722177527917,47.06726163014591,410510073001.0
b2b-8159,24000,530530701001,43200,-122.722177527917,47.06726163014591,20118.0
b2b-8161,25200,530530732003,43200,-122.722177527917,47.06726163014591,410510043001.0
b2b-8163,22200,530530732003,43200,-122.722177527917,47.06726163014591,410510072021.0
b2b-8171,27000,530530732003,43200,-122.722177527917,47.06726163014591,410670326081.0
b2b-8172,27000,530530732003,43200,-122.722177527917,47.06726163014591,410670326081.0
b2b-8174,27000,530530732003,43200,-122.722177527917,47.06726163014591,410670326081.0
b2b-8177,26400,530530732004,43200,-122.722177527917,47.06726163014591,20010.0
b2b-8185,55800,530610537001,43200,-121.4007171060678,47.41209531237868,530630122001.0
b2b-8195,15000,530530701001,43200,-122.722177527917,47.06726163014591,20095.0
b2b-8196,15000,530530701001,43200,-122.722177527917,47.06726163014591,20095.0
b2b-8200,15000,530530701001,43200,-122.58014198329504,46.93344098049039,20095.0
b2b-8207,33600,530530732003,43200,-122.722177527917,47.06726163014591,410510024023.0
b2b-8209,27600,530530732003,43200,-122.722177527917,47.06726163014591,410050227071.0
b2b-8210,27600,530530732003,43200,-122.722177527917,47.06726163014591,410050227071.0
b2b-8211,19200,530530732003,43200,-122.722177527917,47.06726163014591,410510096041.0
b2b-8222,33000,530530701001,43200,-122.722177527917,47.06726163014591,20009.0
b2b-8223,33000,530530701001,43200,-122.722177527917,47.06726163014591,20009.0
b2b-8229,34800,530530701001,43200,-122.722177527917,47.06726163014591,20009.0
b2b-8248,31200,530530701001,43200,-122.722177527917,47.06726163014591,20009.0
b2b-8254,31200,530530701001,43200,-122.722177527917,47.06726163014591,20009.0
b2b-8258,31200,530530701001,43200,-122.722177527917,47.06726163014591,20009.0
b2b-8260,31200,530530701001,43200,-122.722177527917,47.06726163014591,20009.0
b2b-8261,31200,530530701001,43200,-122.722177527917,47.06726163014591,20009.0
b2b-8262,31200,530530701001,43200,-122.722177527917,47.06726163014591,20009.0
b2b-8266,31200,530530701001,43200,-122.722177527917,47.06726163014591,20009.0
b2b-8280,31200,530530701001,43200,-122.722177527917,47.06726163014591,20009.0
b2b-8307,31200,530530701001,43200,-122.722177527917,47.06726163014591,20009.0
b2b-8308,31200,530530701001,43200,-122.722177527917,47.06726163014591,20009.0
b2b-8326,12000,530530701001,43200,-122.722177527917,47.06726163014591,20009.0
b2b-8338,28200,530530701001,43200,-122.722177527917,47.06726163014591,20009.0
b2b-8347,28200,530530701001,43200,-122.722177527917,47.06726163014591,20005.0
b2b-8375,44400,530530701001,43200,-122.722177527917,47.06726163014591,20009.0
b2b-8381,35400,530530701001,43200,-122.722177527917,47.06726163014591,20009.0
b2b-8402,46200,530610521042,43200,-122.14697917238446,47.984143242995344,530610521042.0
b2b-8438,34800,530610533012,43200,-122.3450286315124,48.25955094364095,530610533012.0
b2b-8450,12000,530610521083,43200,-122.1094545144322,47.812833712965706,530610521083.0
b2b-8465,29400,530610535091,43200,-122.14823944023632,48.17113872065658,530610535091.0
b2b-8485,27600,530610510001,43200,-122.3202682230469,47.802699324990456,530610510001.0
b2b-8490,36000,530610419032,43200,-122.2636103628616,47.90846344531121,530610419032.0
b2b-8493,36000,530610419032,43200,-122.2636103628616,47.90846344531121,530610419032.0
b2b-8495,12600,530610413042,43200,-122.25874750023044,47.93823513533052,530610413042.0
b2b-8515,30600,530610419032,43200,-122.26945643927424,47.91477869871982,530610419032.0
b2b-8527,36000,530610526052,43200,-122.05771960231051,48.02909987427594,530610526052.0
b2b-8528,36000,530610526052,43200,-122.05771960231051,48.02909987427594,530610526052.0
b2b-8529,28200,530610533014,43200,-122.35010946830135,48.24239092100432,530610533014.0
b2b-8534,32400,530610535091,43200,-122.15233142714804,48.16827703671451,530610535091.0
b2b-8539,37800,530330324011,43200,-121.987753093336,47.7356482419681,530330324011.0
b2b-8544,39000,530610522032,43200,-121.99042719527404,47.87117891719826,530610522032.0
b2b-8554,36600,530610413042,43200,-122.25183785717395,47.92638361632933,530610413042.0
b2b-8569,49200,530610408002,43200,-122.20667486391427,47.978122064164666,530610408002.0
b2b-8580,40200,530610535052,43200,-122.03087139904382,48.10784244665479,530610535052.0
b2b-8596,14400,530610535091,43200,-122.15233142714804,48.16827703671451,530610535091.0
b2b-8615,43200,530330019001,43200,-122.32421073560164,47.70109041495533,530330019001.0
b2b-8621,21000,530610533012,43200,-122.3450286315124,48.25955094364095,530610533012.0
b2b-8623,19800,530610521042,43200,-122.33034570904796,48.01834156905356,530610521042.0
b2b-8630,19800,530610537002,43200,-121.70196600053632,48.2750519035572,530610537002.0
b2b-8633,28800,530610419011,43200,-122.27655428247785,47.903928612309976,530610419011.0
b2b-8659,42000,530330324011,43200,-121.9879154996572,47.73398865592733,530330324011.0
b2b-8672,21600,530610519281,43200,-122.25034980458652,47.84889543212644,530610519281.0
b2b-8673,24600,530330324011,43200,-121.98805633049696,47.73496288906431,530330324011.0
b2b-8674,37200,530610407003,43200,-122.20659935053664,47.974730685312885,530610407003.0
b2b-8681,33600,530610529031,43200,-122.1663822961855,48.04827007616948,530610529031.0
b2b-8685,28200,530610535091,43200,-122.1567397349185,48.17126528772145,530610535091.0
b2b-8688,30000,530610419032,43200,-122.2636103628616,47.90846344531121,530610419032.0
b2b-8753,45600,530330224006,43200,-122.2099869350528,47.68720527385916,530330224006.0
b2b-8757,36000,530610413042,43200,-122.25243730204583,47.92483674746055,530610413042.0
b2b-8759,35400,530610519252,43200,-122.19669075370015,47.79487825083734,530610519252.0
b2b-8761,30600,530610419032,43200,-122.2636103628616,47.90846344531121,530610419032.0
b2b-8797,26400,530610413042,43200,-122.26184322842882,47.9444908990305,530610413042.0
b2b-8809,11400,530610535051,43200,-121.98971745453036,48.1000966340082,530610535051.0
b2b-8837,25200,530610535091,43200,-122.1480231383498,48.1710105795706,530610535091.0
b2b-8842,21600,530610535091,43200,-122.15006209458636,48.159391360801656,530610535091.0
b2b-8864,35400,530610418111,43200,-122.24416349249265,47.8752089696784,530610418111.0
b2b-8866,32400,530610416062,43200,-122.2017835957094,47.87931746723527,530610416062.0
b2b-8872,35400,530610535091,43200,-122.1480231383498,48.1710105795706,530610535091.0
b2b-8895,20400,530610535091,43200,-122.14717269258814,48.17551092473751,530610535091.0
b2b-8907,28800,530610535091,43200,-122.16671345983238,48.165763217653314,530610535091.0
b2b-8949,28200,530610519121,43200,-122.1208280918736,47.79930613122722,530610519121.0
b2b-8951,50400,530330226031,43200,-122.17048778378332,47.70606916733159,530330226031.0
b2b-8968,28200,530610413042,43200,-122.24736481284368,47.92482972944789,530610413042.0
b2b-8999,33600,530330099004,43200,-122.36202319032606,47.57057131767807,530330099004.0
b2b-9013,33600,530610510001,43200,-122.3202682230469,47.802699324990456,530610510001.0
b2b-9026,25200,530610418052,43200,-122.22121314752034,47.908362534969,530610418052.0
b2b-9044,58200,530330283003,43200,-122.25606178546752,47.438194021765895,530330283003.0
b2b-9061,21600,530610521042,43200,-122.18117107821004,48.02791925817957,530610521042.0
b2b-9063,19800,530610519253,43200,-122.19041133984396,47.778715964657856,530610519253.0
b2b-9071,42000,530350918001,43200,-122.62744818437224,47.608075089217,530350918001.0
b2b-9107,33000,530610535091,43200,-122.14787823231376,48.17110320911109,530610535091.0
b2b-9160,34800,530610537001,43200,-121.4007171060678,47.41209531237868,20086.0
b2b-9178,34800,530610537001,43200,-121.4007171060678,47.41209531237868,20086.0
b2b-9184,34800,530610537001,43200,-121.4007171060678,47.41209531237868,20086.0
b2b-9199,34800,530610537001,43200,-121.4007171060678,47.41209531237868,20086.0
b2b-9200,34800,530610537001,43200,-121.4007171060678,47.41209531237868,20086.0
b2b-9214,30600,530610537001,43200,-121.4007171060678,47.41209531237868,20104.0
b2b-9222,30600,530610537001,43200,-121.4007171060678,47.41209531237868,20104.0
b2b-9252,33600,530330328003,43200,-121.4007171060678,47.41209531237868,530079602002.0
b2b-9257,14400,530330323133,43200,-122.09109662570152,47.66783324504856,530330323133.0
b2b-9260,56400,530330328003,43200,-121.4007171060678,47.41209531237868,530079602002.0
b2b-9264,36600,530610535091,43200,-122.15208025447144,48.175965750761584,530610535091.0
b2b-9303,17400,530610528031,43200,-122.18435989119064,48.13657099099716,530610528031.0
b2b-9322,15600,530610535061,43200,-122.31610846863688,48.31193108584794,530579512001.0
b2b-9341,36600,530610413042,43200,-122.24715468374436,47.925310776455525,530610413042.0
b2b-9344,34200,530610535061,43200,-122.31610846863688,48.31193108584794,530579512001.0
b2b-9347,31200,530610413042,43200,-122.24715468374436,47.925310776455525,530610413042.0
b2b-9351,31200,530610413042,43200,-122.24715468374436,47.925310776455525,530610413042.0
b2b-9363,40200,530530726032,43200,-122.722177527917,47.06726163014591,530670110001.0
b2b-9392,27600,530330323193,43200,-122.15731670249647,47.75986362735635,530330323193.0
b2b-9404,38400,530610528031,43200,-122.18435989119064,48.13657099099716,530610528031.0
b2b-9414,24600,530610419032,43200,-122.26518766650386,47.91403405765599,530610419032.0
b2b-9415,48000,530610535061,43200,-122.31610846863688,48.31193108584794,530579512001.0
b2b-9420,48000,530610535061,43200,-122.31610846863688,48.31193108584794,530579512001.0
b2b-9424,48000,530610535061,43200,-122.31610846863688,48.31193108584794,530579512001.0
b2b-9452,40800,530610522041,43200,-122.00874568666724,47.86671431516186,530610522041.0
b2b-9465,38400,530530732003,43200,-122.722177527917,47.06726163014591,410470025021.0
b2b-9468,38400,530530732003,43200,-122.722177527917,47.06726163014591,410470025021.0
b2b-9471,38400,530530732003,43200,-122.722177527917,47.06726163014591,410470025021.0
b2b-9483,34800,530330112001,43200,-122.32174736286376,47.52004585831865,530330112001.0
b2b-9484,34800,530330112001,43200,-122.32174736286376,47.52004585831865,530330112001.0
b2b-9487,55200,530330112001,43200,-122.32086653376768,47.52172010098323,530330112001.0
b2b-9488,37200,530330308013,43200,-122.22408133149337,47.28047497292998,530330308013.0
b2b-9490,39000,530330320111,43200,-122.02210375123823,47.36875968236384,530330320111.0
b2b-9491,13800,530330300034,43200,-122.3151264534583,47.37209036509024,530330300034.0
b2b-9500,15000,530530729061,43200,-122.722177527917,47.06726163014591,530419703001.0
b2b-9507,17400,530530729061,43200,-122.722177527917,47.06726163014591,530419713002.0
b2b-9516,31200,530530729061,43200,-122.722177527917,47.06726163014591,530419714002.0
b2b-9533,16800,530530729061,43200,-122.722177527917,47.06726163014591,530419714002.0
b2b-9537,32400,530530730061,43200,-122.722177527917,47.06726163014591,530419712002.0
b2b-9556,36000,530530729061,43200,-122.722177527917,47.06726163014591,530419713002.0
b2b-9566,26400,530530729061,43200,-122.722177527917,47.06726163014591,530670126102.0
b2b-9589,34800,530539400101,43200,-122.33383167315928,47.219411595134886,530539400101.0
b2b-9600,30600,530610533014,43200,-122.42140907510772,48.24030789215496,530579519002.0
b2b-9601,31200,530610537001,43200,-121.4007171060678,47.41209531237868,20067.0
b2b-9603,30600,530610519253,43200,-122.19041133984396,47.778715964657856,530610519253.0
b2b-9605,33000,530330093002,43200,-122.33322319248424,47.59708154264168,530330093002.0
b2b-9625,44400,530610418052,43200,-122.2222916547978,47.90930715369157,530610418052.0
b2b-9629,35400,530330213001,43200,-122.29110304830184,47.73460404159173,530330213001.0
b2b-9637,47400,530330204013,43200,-122.3123856416409,47.77001216331082,530330204013.0
b2b-9646,30600,530330219061,43200,-122.1674748499016,47.75300913657944,530330219061.0
b2b-9667,30000,530330080013,43200,-122.35214866480416,47.61453531042333,530330080013.0
b2b-9669,30000,530330237001,43200,-122.17729803271234,47.6258975564963,530330237001.0
b2b-9673,22800,530330308013,43200,-122.22408133149337,47.28047497292998,530330308013.0
b2b-9688,33000,530330032006,43200,-122.40653860008464,47.67458123303481,530330032006.0
b2b-9697,28800,530610533014,43200,-122.31610846863688,48.31193108584794,530730004003.0
b2b-9705,22200,530530701001,43200,-122.722177527917,47.06726163014591,20071.0
b2b-9717,45600,530330292061,43200,-122.2261164070203,47.40948270574639,530330292061.0
b2b-9733,55200,530330292061,43200,-122.2261164070203,47.40948270574639,530330292061.0
b2b-9753,28200,530330324011,43200,-121.9879154996572,47.73398865592733,530330324011.0
b2b-9754,35400,530330319031,43200,-122.1225565374545,47.48744592432043,530330319031.0
b2b-9762,42000,530330288021,43200,-122.29451093345496,47.4272772471893,530330288021.0
b2b-9771,28800,530610533014,43200,-122.31610846863688,48.31193108584794,530730103021.0
b2b-9775,26400,530330264005,43200,-122.32082837502512,47.516471875001706,530330264005.0
b2b-9794,25800,530530732003,43200,-122.722177527917,47.06726163014591,410510073001.0
b2b-9799,19800,530530732003,43200,-122.722177527917,47.06726163014591,410430306003.0
b2b-9821,39000,530530732003,43200,-122.722177527917,47.06726163014591,410510073001.0
b2b-9832,33600,530530732004,43200,-122.722177527917,47.06726163014591,20012.0
b2b-9836,30600,530530732003,43200,-122.722177527917,47.06726163014591,410050203021.0
b2b-9840,22800,530530732003,43200,-122.58014198329504,46.93344098049039,410430306003.0
b2b-9843,22800,530530732003,43200,-122.722177527917,47.06726163014591,410430306003.0
b2b-9845,22800,530530732003,43200,-122.722177527917,47.06726163014591,410430306003.0
b2b-9851,24600,530530732003,43200,-122.722177527917,47.06726163014591,410050203021.0
b2b-9863,43800,530530732003,43200,-122.722177527917,47.06726163014591,410670321071.0
b2b-9870,31800,530530732003,43200,-122.722177527917,47.06726163014591,410670316134.0
b2b-9871,31800,530530732003,43200,-122.722177527917,47.06726163014591,410670316134.0
b2b-9874,14400,530530701001,43200,-122.722177527917,47.06726163014591,20009.0
b2b-9876,36000,530530729061,43200,-122.722177527917,47.06726163014591,530670126101.0
b2b-9887,27600,530330315021,43200,-121.4007171060678,47.41209531237868,530770016022.0
b2b-9893,41400,530330315021,43200,-121.06731919588896,47.75089046929392,530770016022.0
b2b-9907,34200,530530701001,43200,-122.722177527917,47.06726163014591,20118.0
b2b-9916,25200,530330284024,43200,-122.32152014229943,47.44506623347763,530330284024.0
b2b-9927,27600,530530732003,43200,-122.722177527917,47.06726163014591,410670304013.0
b2b-9929,19200,530530701001,43200,-122.722177527917,47.06726163014591,20009.0
b2b-9938,34800,530330315021,43200,-122.722177527917,47.06726163014591,530779400022.0
b2b-9950,30600,530530732003,43200,-122.722177527917,47.06726163014591,410510043001.0
b2b-9957,28200,530350811002,43200,-122.65311638072524,47.56153088242329,530350811002.0
b2b-9966,27600,530530701001,43200,-122.722177527917,47.06726163014591,20118.0
b2b-9971,28200,530530701001,43200,-122.722177527917,47.06726163014591,20118.0
b2b-9973,33600,530530732003,43200,-122.722177527917,47.06726163014591,530110412014.0
b2b-9986,46200,530530732003,43200,-122.722177527917,47.06726163014591,410050230011.0
b2b-10024,49200,530610537001,43200,-121.4007171060678,47.41209531237868,20041.0
b2b-10030,33000,530610537001,43200,-121.4007171060678,47.41209531237868,20041.0
b2b-10031,33000,530610537001,43200,-121.4007171060678,47.41209531237868,20041.0
b2b-10035,33000,530610537001,43200,-121.4007171060678,47.41209531237868,20041.0
b2b-10053,24000,530610537001,43200,-121.4007171060678,47.41209531237868,20041.0
b2b-10057,37200,530610537001,43200,-121.4007171060678,47.41209531237868,20041.0
b2b-10066,21600,530610537001,43200,-121.4007171060678,47.41209531237868,20041.0
b2b-10085,45000,530610537001,43200,-121.4007171060678,47.41209531237868,20041.0
b2b-10089,24600,530610537001,43200,-121.4007171060678,47.41209531237868,20041.0
b2b-10095,34800,530610537001,43200,-121.4007171060678,47.41209531237868,20041.0
b2b-10106,38400,530610537001,43200,-121.4007171060678,47.41209531237868,530630145003.0
b2b-10110,25200,530530729061,43200,-122.722177527917,47.06726163014591,530670126102.0
b2b-10123,35400,530610537001,43200,-121.49796228014988,46.88132902971716,530630120002.0
b2b-10131,31800,530530732003,43200,-122.722177527917,47.06726163014591,410510073001.0
b2b-10146,24000,530530701001,43200,-122.722177527917,47.06726163014591,20009.0
b2b-10160,50400,530530732004,43200,-122.722177527917,47.06726163014591,20014.0
b2b-10169,28800,530610537001,43200,-121.4007171060678,47.41209531237868,530630141002.0
b2b-10179,38400,530610537001,43200,-121.4007171060678,47.41209531237868,530630122001.0
b2b-10185,44400,530330315021,43200,-122.722177527917,47.06726163014591,20094.0
b2b-10209,33000,530530732004,43200,-122.722177527917,47.06726163014591,20012.0
b2b-10217,34200,530330314002,43200,-121.9831174030316,47.20982480083288,530330314002.0
b2b-10221,34200,530330314002,43200,-121.9831174030316,47.20982480083288,530330314002.0
b2b-10224,34200,530330314002,43200,-121.9831174030316,47.20982480083288,530330314002.0
b2b-10228,34200,530330314002,43200,-121.9831174030316,47.20982480083288,530330314002.0
b2b-10232,34200,530330314002,43200,-121.9831174030316,47.20982480083288,530330314002.0
b2b-10236,42000,530330078002,43200,-122.29074098454402,47.61072871637976,530330078002.0
b2b-10257,22200,530530732003,43200,-122.722177527917,47.06726163014591,410470105032.0
b2b-10275,33000,530330263001,43200,-122.29126500669624,47.50734645965228,530330263001.0
b2b-10284,54000,530330277011,43200,-122.4571080738398,47.45189204732228,530330277011.0
b2b-10291,54000,530330277011,43200,-122.4571080738398,47.45189204732228,530330277011.0
b2b-10309,22800,530330283003,43200,-122.25715927734018,47.42864640874186,530330283003.0
b2b-10310,22800,530330283003,43200,-122.25715927734018,47.42864640874186,530330283003.0
b2b-10348,45600,530610533023,43200,-122.31610846863688,48.31193108584794,530579523011.0
b2b-10354,45600,530610533023,43200,-122.31610846863688,48.31193108584794,530579523011.0
b2b-10370,45600,530610533023,43200,-122.31610846863688,48.31193108584794,530579523011.0
b2b-10379,45600,530610533023,43200,-122.31610846863688,48.31193108584794,530579523011.0
b2b-10453,48000,530330297004,43200,-122.23388581772846,47.3661147059709,530330297004.0
b2b-10456,27000,530330297004,43200,-122.23388581772846,47.3661147059709,530330297004.0
b2b-10489,35400,530330297004,43200,-122.23388581772846,47.3661147059709,530330297004.0
b2b-10491,35400,530330297004,43200,-122.23388581772846,47.3661147059709,530330297004.0
b2b-10496,35400,530330297004,43200,-122.23388581772846,47.3661147059709,530330297004.0
b2b-10513,35400,530330297004,43200,-122.23388581772846,47.3661147059709,530330297004.0
b2b-10520,35400,530330297004,43200,-122.23388581772846,47.3661147059709,530330297004.0
b2b-10566,21600,530330297004,43200,-122.23388581772846,47.3661147059709,530330297004.0
b2b-10578,21600,530330297004,43200,-122.23388581772846,47.3661147059709,530330297004.0
b2b-10581,21600,530330297004,43200,-122.23388581772846,47.3661147059709,530330297004.0
b2b-10586,21600,530330297004,43200,-122.23388581772846,47.3661147059709,530330297004.0
b2b-10603,21600,530330297004,43200,-122.23388581772846,47.3661147059709,530330297004.0
b2b-10608,23400,530330250062,43200,-122.0659122465462,47.532162708499136,530330250062.0
b2b-10610,23400,530330250062,43200,-122.0659122465462,47.532162708499136,530330250062.0
b2b-10615,35400,530610533014,43200,-122.31610846863688,48.31193108584794,530579519002.0
b2b-10625,34200,530330236012,43200,-122.17934435499298,47.61342243401694,530330236012.0
b2b-10629,40200,530530729061,43200,-122.722177527917,47.06726163014591,530419714002.0
b2b-10635,24600,530610533024,43200,-122.31610846863688,48.31193108584794,530579518002.0
b2b-10645,35400,530330305011,43200,-122.23794136616291,47.30500932761952,530330305011.0
b2b-10659,28800,530330093003,43200,-122.33231391387228,47.56930733234623,530330093003.0
b2b-10666,29400,530350901011,43200,-122.6255660082074,47.86126423427218,530299713002.0
b2b-10671,22800,530330319041,43200,-122.04767611184948,47.46237306531706,530330319041.0
b2b-10680,33000,530330218021,43200,-122.1873285416256,47.77522773184064,530330218021.0
b2b-10691,46200,530330228033,43200,-122.1305767896468,47.63975525460836,530330228033.0
b2b-10696,46200,530330228033,43200,-122.1305767896468,47.63975525460836,530330228033.0
b2b-10698,29400,530330277015,43200,-122.46437116224564,47.43418227877447,530330277015.0
b2b-10707,29400,530330277015,43200,-122.46437116224564,47.43418227877447,530330277015.0
b2b-10711,29400,530330277015,43200,-122.46437116224564,47.43418227877447,530330277015.0
b2b-10724,30000,530330277015,43200,-122.46437116224564,47.43418227877447,530330277015.0
b2b-10729,30000,530330277015,43200,-122.46437116224564,47.43418227877447,530330277015.0
b2b-10738,35400,530330277015,43200,-122.46437116224564,47.43418227877447,530330277015.0
b2b-10740,35400,530330277015,43200,-122.46437116224564,47.43418227877447,530330277015.0
b2b-10766,27000,530330305011,43200,-122.23767835523992,47.31245856217436,530330305011.0
b2b-10770,37800,530330263001,43200,-122.30771989472544,47.52912533623774,530330263001.0
b2b-10772,35400,530330228033,43200,-122.14164770073664,47.64065804689242,530330228033.0
b2b-10795,30000,530330080021,43200,-122.34138232299836,47.61171252527423,530330080021.0
b2b-10797,30000,530330080021,43200,-122.34138232299836,47.61171252527423,530330080021.0
b2b-10804,30000,530330080021,43200,-122.34138232299836,47.61171252527423,530330080021.0
b2b-10814,30000,530330080021,43200,-122.34138232299836,47.61171252527423,530330080021.0
b2b-10825,600,530330080021,43200,-122.34138232299836,47.61171252527423,530330080021.0
b2b-10827,600,530330080021,43200,-122.34138232299836,47.61171252527423,530330080021.0
b2b-10834,600,530330080021,43200,-122.34138232299836,47.61171252527423,530330080021.0
b2b-10850,600,530330080021,43200,-122.34138232299836,47.61171252527423,530330080021.0
b2b-10851,600,530330080021,43200,-122.34138232299836,47.61171252527423,530330080021.0
b2b-10858,600,530330080021,43200,-122.34138232299836,47.61171252527423,530330080021.0
b2b-10864,30600,530330228033,43200,-122.13890985568892,47.629518147431966,530330228033.0
b2b-10870,25800,530330054002,43200,-122.34088619365946,47.6485736779593,530330054002.0
b2b-10872,25800,530330054002,43200,-122.34088619365946,47.6485736779593,530330054002.0
b2b-10883,30600,530330237001,43200,-122.16440112065598,47.62322522153272,530330237001.0
b2b-10892,31200,530330218021,43200,-122.18501712190208,47.77024052682527,530330218021.0
b2b-10912,37200,530330218021,43200,-122.18501712190208,47.77024052682527,530330218021.0
b2b-10924,37200,530330218021,43200,-122.18501712190208,47.77024052682527,530330218021.0
b2b-10930,37200,530330218021,43200,-122.18501712190208,47.77024052682527,530330218021.0
b2b-10936,37200,530330218021,43200,-122.18501712190208,47.77024052682527,530330218021.0
b2b-10940,37200,530330218021,43200,-122.18501712190208,47.77024052682527,530330218021.0
b2b-10982,23400,530330218021,43200,-122.18501712190208,47.77024052682527,530330218021.0
b2b-10984,23400,530330218021,43200,-122.18501712190208,47.77024052682527,530330218021.0
b2b-10989,23400,530330218021,43200,-122.18501712190208,47.77024052682527,530330218021.0
b2b-11043,23400,530330218021,43200,-122.18501712190208,47.77024052682527,530330218021.0
b2b-11046,23400,530330218021,43200,-122.18501712190208,47.77024052682527,530330218021.0
b2b-11051,23400,530330218021,43200,-122.18501712190208,47.77024052682527,530330218021.0
b2b-11077,39000,530330218021,43200,-122.18501712190208,47.77024052682527,530330218021.0
b2b-11091,39000,530330218021,43200,-122.18501712190208,47.77024052682527,530330218021.0
b2b-11100,39000,530330218021,43200,-122.18501712190208,47.77024052682527,530330218021.0
b2b-11121,39000,530330218021,43200,-122.18501712190208,47.77024052682527,530330218021.0
b2b-11130,39000,530330218021,43200,-122.18501712190208,47.77024052682527,530330218021.0
b2b-11139,39000,530330218021,43200,-122.18501712190208,47.77024052682527,530330218021.0
b2b-11141,39000,530330218021,43200,-122.18501712190208,47.77024052682527,530330218021.0
b2b-11150,39000,530330218021,43200,-122.18501712190208,47.77024052682527,530330218021.0
b2b-11153,39000,530330218021,43200,-122.18501712190208,47.77024052682527,530330218021.0
b2b-11212,48000,530330228031,43200,-122.14146120441522,47.6496327550817,530330228031.0
b2b-11228,27600,530330323133,43200,-122.08927671565856,47.665427843277854,530330323133.0
b2b-11241,25800,530330305011,43200,-122.23091579113716,47.34322177703447,530330305011.0
b2b-11245,25800,530330305011,43200,-122.23091579113716,47.34322177703447,530330305011.0
b2b-11246,25800,530330305011,43200,-122.23091579113716,47.34322177703447,530330305011.0
b2b-11247,25800,530330305011,43200,-122.23091579113716,47.34322177703447,530330305011.0
b2b-11253,25800,530330305011,43200,-122.23091579113716,47.34322177703447,530330305011.0
b2b-11269,33600,530330109001,43200,-122.31614182010811,47.53393774875511,530330109001.0
b2b-11282,30600,530610533024,43200,-122.31610846863688,48.31193108584794,530579525003.0
b2b-11286,30600,530610533024,43200,-122.31610846863688,48.31193108584794,530579525003.0
b2b-11296,32400,530330047004,43200,-122.3823205601651,47.66580167854425,530330047004.0
b2b-11297,32400,530330047004,43200,-122.3823205601651,47.66580167854425,530330047004.0
b2b-11304,33000,530330047004,43200,-122.3823205601651,47.66580167854425,530330047004.0
b2b-11324,27600,530330292061,43200,-122.2262648852507,47.40932926043924,530330292061.0
b2b-11339,13200,530330277015,43200,-122.47175862793536,47.44382838162751,530330277015.0
b2b-11363,30600,530330263001,43200,-122.27946785179338,47.509399801949904,530330263001.0
b2b-11366,30600,530330263001,43200,-122.27946785179338,47.509399801949904,530330263001.0
b2b-11370,30000,530330263001,43200,-122.27946785179338,47.509399801949904,530330263001.0
b2b-11389,25800,530330263001,43200,-122.27946785179338,47.509399801949904,530330263001.0
b2b-11394,25800,530330263001,43200,-122.27946785179338,47.509399801949904,530330263001.0
b2b-11399,25800,530330263001,43200,-122.27946785179338,47.509399801949904,530330263001.0
b2b-11408,25800,530330263001,43200,-122.27946785179338,47.509399801949904,530330263001.0
b2b-11420,20400,530330218021,43200,-122.18476333530931,47.77666007516071,530330218021.0
b2b-11424,20400,530330218021,43200,-122.18476333530931,47.77666007516071,530330218021.0
b2b-11428,20400,530330218021,43200,-122.18476333530931,47.77666007516071,530330218021.0
b2b-11430,20400,530330218021,43200,-122.18476333530931,47.77666007516071,530330218021.0
b2b-11441,20400,530330218021,43200,-122.18476333530931,47.77666007516071,530330218021.0
b2b-11445,20400,530330218021,43200,-122.18476333530931,47.77666007516071,530330218021.0
b2b-11448,20400,530330218021,43200,-122.18476333530931,47.77666007516071,530330218021.0
b2b-11452,20400,530330218021,43200,-122.18476333530931,47.77666007516071,530330218021.0
b2b-11474,40200,530330109001,43200,-122.30490099891722,47.53304791565089,530330109001.0
b2b-11494,38400,530330292061,43200,-122.2262648852507,47.40932926043924,530330292061.0
b2b-11499,20400,530330277011,43200,-122.4571080738398,47.45189204732228,530330277011.0
b2b-11501,20400,530330277011,43200,-122.4571080738398,47.45189204732228,530330277011.0
b2b-11504,20400,530330277011,43200,-122.4571080738398,47.45189204732228,530330277011.0
b2b-11505,20400,530330277011,43200,-122.4571080738398,47.45189204732228,530330277011.0
b2b-11510,20400,530330277011,43200,-122.4571080738398,47.45189204732228,530330277011.0
b2b-11513,21600,530330253013,43200,-122.19712001810149,47.49174761408544,530330253013.0
b2b-11515,15600,530330253013,43200,-122.19712001810149,47.49174761408544,530330253013.0
b2b-11522,39000,530330080021,43200,-122.3402437812814,47.61252112848023,530330080021.0
b2b-11537,25200,530330262001,43200,-122.22461608082844,47.44893195263247,530330262001.0
b2b-11543,29400,530330323133,43200,-122.092838525589,47.67509367314441,530330323133.0
b2b-11544,29400,530330323133,43200,-122.092838525589,47.67509367314441,530330323133.0
b2b-11549,26400,530330226051,43200,-122.16063556272498,47.71052321438506,530330226051.0
b2b-11555,43200,530330305012,43200,-122.23056869239174,47.31339193920147,530330305012.0
b2b-11557,43200,530330305012,43200,-122.23056869239174,47.31339193920147,530330305012.0
b2b-11576,28200,530330047002,43200,-122.37633661080712,47.66708738612856,530330047002.0
b2b-11582,28200,530330047002,43200,-122.37633661080712,47.66708738612856,530330047002.0
b2b-11591,34800,530330013003,43200,-122.34353161454366,47.69997438812392,530330013003.0
b2b-11608,27000,530330305011,43200,-122.23049783221764,47.34840264652918,530330305011.0
b2b-11614,31800,530330013003,43200,-122.3434794075232,47.69829462299205,530330013003.0
b2b-11620,31800,530330013003,43200,-122.3434794075232,47.69829462299205,530330013003.0
b2b-11635,42000,530330081002,43200,-122.33418045328676,47.60913250209648,530330081002.0
b2b-11640,42000,530330081002,43200,-122.33418045328676,47.60913250209648,530330081002.0
b2b-11644,42000,530330081002,43200,-122.33418045328676,47.60913250209648,530330081002.0
b2b-11653,42000,530330081002,43200,-122.33418045328676,47.60913250209648,530330081002.0
b2b-11682,29400,530330234012,43200,-122.16049677927472,47.58667761552201,530330234012.0
b2b-11688,29400,530330234012,43200,-122.16049677927472,47.58667761552201,530330234012.0
b2b-11702,29400,530330234012,43200,-122.16049677927472,47.58667761552201,530330234012.0
b2b-11706,29400,530330234012,43200,-122.16049677927472,47.58667761552201,530330234012.0
b2b-11711,29400,530330234012,43200,-122.16049677927472,47.58667761552201,530330234012.0
b2b-11716,29400,530330234012,43200,-122.16049677927472,47.58667761552201,530330234012.0
b2b-11729,27000,530330234012,43200,-122.16049677927472,47.58667761552201,530330234012.0
b2b-11743,30000,530330209001,43200,-122.34646433199237,47.74526748363675,530330209001.0
b2b-11758,26400,530330218021,43200,-122.1878376752234,47.77313980508836,530330218021.0
b2b-11787,29400,530330058023,43200,-122.3877748582218,47.6387523126043,530330058023.0
b2b-11796,27600,530330327043,43200,-121.79564984022636,47.506092079632296,530330327043.0
b2b-11801,27600,530330327043,43200,-121.79564984022636,47.506092079632296,530330327043.0
b2b-11823,27600,530330327043,43200,-121.79564984022636,47.506092079632296,530330327043.0
b2b-11836,38400,530330006001,43200,-122.3405849868616,47.72486483077774,530330006001.0
b2b-11843,34200,530330323133,43200,-122.08789743115122,47.665503975070415,530330323133.0
b2b-11857,27600,530610533014,43200,-122.31610846863688,48.31193108584794,530299704001.0
b2b-11862,37200,530330309011,43200,-122.24730459831969,47.287448651779336,530330309011.0
b2b-11882,27000,530330228033,43200,-122.13824353582724,47.639415698766754,530330228033.0
b2b-11896,28800,530330308011,43200,-122.23780973940228,47.281292021478336,530330308011.0
b2b-11910,31200,530530726032,43200,-122.722177527917,47.06726163014591,530670109101.0
b2b-11922,36600,530530726032,43200,-122.722177527917,47.06726163014591,530670109101.0
b2b-11941,15000,530330268011,43200,-122.3331516590741,47.50720167831155,530330268011.0
b2b-11942,15000,530330268011,43200,-122.3331516590741,47.50720167831155,530330268011.0
b2b-11963,48600,530330047002,43200,-122.375260649228,47.66429645203416,530330047002.0
b2b-11967,31800,530330226051,43200,-122.16037093404164,47.71040399812176,530330226051.0
b2b-11974,31800,530330226051,43200,-122.16037093404164,47.71040399812176,530330226051.0
b2b-11978,31800,530330226051,43200,-122.16037093404164,47.71040399812176,530330226051.0
b2b-11979,31800,530330226051,43200,-122.16037093404164,47.71040399812176,530330226051.0
b2b-11981,31800,530330226051,43200,-122.16037093404164,47.71040399812176,530330226051.0
b2b-11999,45000,530330042003,43200,-122.29283275699272,47.66312966225761,530330042003.0
b2b-12019,46200,530330323133,43200,-122.096956559793,47.67292368964246,530330323133.0
b2b-12038,46200,530330323133,43200,-122.096956559793,47.67292368964246,530330323133.0
b2b-12039,25200,530330323133,43200,-122.096956559793,47.67292368964246,530330323133.0
b2b-12059,39000,530330058014,43200,-122.37761844417656,47.65198382639015,530330058014.0
b2b-12060,39000,530330058014,43200,-122.37761844417656,47.65198382639015,530330058014.0
b2b-12082,34800,530330314002,43200,-121.98349688665994,47.209990253247135,530330314002.0
b2b-12089,29400,530330012004,43200,-122.32373357714094,47.70648393510727,530330012004.0
b2b-12099,29400,530330012004,43200,-122.32373357714094,47.70648393510727,530330012004.0
b2b-12106,29400,530330012004,43200,-122.32373357714094,47.70648393510727,530330012004.0
b2b-12113,29400,530330012004,43200,-122.32373357714094,47.70648393510727,530330012004.0
b2b-12116,48000,530330209001,43200,-122.34551305615564,47.73844882370472,530330209001.0
b2b-12122,24600,530330219061,43200,-122.16187302233902,47.74529241932272,530330219061.0
b2b-12134,33000,530330319041,43200,-122.04791454346017,47.46231471502109,530330319041.0
b2b-12142,33000,530330073001,43200,-122.33361189706052,47.62276005677004,530330073001.0
b2b-12148,17400,530330326021,43200,-121.8680201046116,47.52842033124006,530330326021.0
b2b-12151,17400,530330326021,43200,-121.8680201046116,47.52842033124006,530330326021.0
b2b-12153,17400,530330326021,43200,-121.8680201046116,47.52842033124006,530330326021.0
b2b-12158,17400,530330326021,43200,-121.8680201046116,47.52842033124006,530330326021.0
b2b-12167,38400,530330218021,43200,-122.18305562840484,47.77547398364735,530330218021.0
b2b-12175,38400,530330218021,43200,-122.18305562840484,47.77547398364735,530330218021.0
b2b-12180,42000,530330218021,43200,-122.18567213734636,47.77474093267397,530330218021.0
b2b-12190,25800,530330219061,43200,-122.15758733537096,47.740567804676914,530330219061.0
b2b-12226,43200,530330303132,43200,-122.30779851620072,47.2963934442988,530330303132.0
b2b-12276,28800,530330262001,43200,-122.2255951011563,47.450773130074,530330262001.0
b2b-12292,28800,530330228031,43200,-122.13859311051404,47.6467760122841,530330228031.0
b2b-12293,28800,530330228031,43200,-122.13859311051404,47.6467760122841,530330228031.0
b2b-12300,30000,530330073003,43200,-122.3353159347584,47.616160052779016,530330073003.0
b2b-12310,26400,530330323191,43200,-122.15388826770244,47.77355393615606,530330323191.0
b2b-12335,25800,530330228033,43200,-122.13919370894853,47.63458325556892,530330228033.0
b2b-12367,1200,530330308011,43200,-122.25136423505263,47.295134552061455,530330308011.0
b2b-12370,27000,530330292061,43200,-122.26691175819715,47.399976747352575,530330292061.0
b2b-12383,31800,530330012002,43200,-122.32210525619227,47.705030710648025,530330012002.0
b2b-12385,31800,530330012002,43200,-122.32210525619227,47.705030710648025,530330012002.0
b2b-12402,40200,530330323132,43200,-122.08236754064502,47.68551686840101,530330323132.0
b2b-12409,40200,530330323132,43200,-122.08236754064502,47.68551686840101,530330323132.0
b2b-12418,17400,530330093003,43200,-122.3433654770852,47.57034376169976,530330093003.0
b2b-12428,34200,530330323133,43200,-122.0936761235165,47.67321200452989,530330323133.0
b2b-12434,38400,530530730061,43200,-122.722177527917,47.06726163014591,410670328001.0
b2b-12442,38400,530530730061,43200,-122.722177527917,47.06726163014591,410670328001.0
b2b-12455,34200,530330087002,43200,-122.30383164205176,47.6024326125753,530330087002.0
b2b-12474,24600,530330058022,43200,-122.37523630601947,47.63174458120884,530330058022.0
b2b-12481,24600,530330058022,43200,-122.37523630601947,47.63174458120884,530330058022.0
b2b-12482,24600,530330058022,43200,-122.37523630601947,47.63174458120884,530330058022.0
b2b-12485,24600,530330058022,43200,-122.37523630601947,47.63174458120884,530330058022.0
b2b-12487,24600,530330058022,43200,-122.37523630601947,47.63174458120884,530330058022.0
b2b-12488,24600,530330058022,43200,-122.37523630601947,47.63174458120884,530330058022.0
b2b-12489,24600,530330058022,43200,-122.37523630601947,47.63174458120884,530330058022.0
b2b-12500,24600,530330058022,43200,-122.37523630601947,47.63174458120884,530330058022.0
b2b-12505,42600,530330265002,43200,-122.34340933245632,47.51317590202602,530330265002.0
b2b-12507,39000,530330308011,43200,-122.24788188499278,47.29713730219788,530330308011.0
b2b-12518,25200,530330263001,43200,-122.29362947964674,47.51579875110347,530330263001.0
b2b-12519,19800,530330323191,43200,-122.14780775011268,47.773826699599255,530330323191.0
b2b-12520,19800,530330323191,43200,-122.14780775011268,47.773826699599255,530330323191.0
b2b-12538,45000,530530729061,43200,-122.722177527917,47.06726163014591,530670117101.0
b2b-12554,45000,530530729061,43200,-122.722177527917,47.06726163014591,530670117101.0
b2b-12584,25800,530330101005,43200,-122.28752663044104,47.56719883164755,530330101005.0
b2b-12617,22200,530330305011,43200,-122.22516701663676,47.343908054319776,530330305011.0
b2b-12621,22200,530330305011,43200,-122.22516701663676,47.343908054319776,530330305011.0
b2b-12628,22200,530330305011,43200,-122.22516701663676,47.343908054319776,530330305011.0
b2b-12630,22200,530330305011,43200,-122.22516701663676,47.343908054319776,530330305011.0
b2b-12660,22200,530330305011,43200,-122.22516701663676,47.343908054319776,530330305011.0
b2b-12663,22200,530330305011,43200,-122.22516701663676,47.343908054319776,530330305011.0
b2b-12669,22200,530330305011,43200,-122.22516701663676,47.343908054319776,530330305011.0
b2b-12682,34800,530330217005,43200,-122.24182043596352,47.75742030758211,530330217005.0
b2b-12685,30600,530330263001,43200,-122.29919486500047,47.51489434765071,530330263001.0
b2b-12697,38400,530330292061,43200,-122.24651884819434,47.39645922227703,530330292061.0
b2b-12723,28800,530330226051,43200,-122.15274233946096,47.69455463715269,530330226051.0
b2b-12742,33000,530330320101,43200,-122.03973039792628,47.38703367263579,530330320101.0
b2b-12749,34800,530330058023,43200,-122.38189031002396,47.63321288315437,530330058023.0
b2b-12770,24000,530330238031,43200,-122.20031843509508,47.61830869013734,530330238031.0
b2b-12778,33600,530330237001,43200,-122.17321549067078,47.62201419881901,530330237001.0
b2b-12782,33600,530330237001,43200,-122.17321549067078,47.62201419881901,530330237001.0
b2b-12788,33600,530330237001,43200,-122.17321549067078,47.62201419881901,530330237001.0
b2b-12793,33600,530330237001,43200,-122.17321549067078,47.62201419881901,530330237001.0
b2b-12800,36000,530330243004,43200,-122.23792435685294,47.588898680565975,530330243004.0
b2b-12813,36000,530330243004,43200,-122.23792435685294,47.588898680565975,530330243004.0
b2b-12829,37200,530330243004,43200,-122.23792435685294,47.588898680565975,530330243004.0
b2b-12833,37200,530330243004,43200,-122.23792435685294,47.588898680565975,530330243004.0
b2b-12834,37200,530330243004,43200,-122.23792435685294,47.588898680565975,530330243004.0
b2b-12841,37200,530330243004,43200,-122.23792435685294,47.588898680565975,530330243004.0
b2b-12847,49200,530330237001,43200,-122.16993121973545,47.62589605717577,530330237001.0
b2b-12852,28800,530330227012,43200,-122.20506565857792,47.660734878311374,530330227012.0
b2b-12871,30000,530330263001,43200,-122.3025898789856,47.518469156538025,530330263001.0
b2b-12889,18600,530330237001,43200,-122.17362742501848,47.62429000314964,530330237001.0
b2b-12898,18600,530330237001,43200,-122.17362742501848,47.62429000314964,530330237001.0
b2b-12903,15600,530530732003,43200,-122.722177527917,47.06726163014591,410670326071.0
b2b-12914,41400,530330324011,43200,-121.98144658786995,47.74993149775802,530330324011.0
b2b-12925,30600,530330006001,43200,-122.3405849868616,47.72486483077774,530330006001.0
b2b-12930,24000,530330323252,43200,-122.11264633701634,47.69221875193415,530330323252.0
b2b-12974,46200,530530729061,43200,-122.722177527917,47.06726163014591,530419706001.0
b2b-12978,34800,530330316034,43200,-121.97450959925403,47.3581094652432,530330316034.0
b2b-13003,34800,530530732003,43200,-122.722177527917,47.06726163014591,410430208021.0
b2b-13008,26400,530330292061,43200,-122.24246338683866,47.43676481883372,530330292061.0
b2b-13021,31200,530330292061,43200,-122.24246338683866,47.43676481883372,530330292061.0
b2b-13023,19200,530530701001,43200,-122.722177527917,47.06726163014591,20095.0
b2b-13027,23400,530530701001,43200,-122.722177527917,47.06726163014591,20095.0
b2b-13037,23400,530530701001,43200,-122.722177527917,47.06726163014591,20095.0
b2b-13048,46200,530330078003,43200,-122.28836727378702,47.613999477952255,530330078003.0
b2b-13061,28800,530330265002,43200,-122.3520603089987,47.51486471161176,530330265002.0
b2b-13067,24000,530330253021,43200,-122.2067449054904,47.4788931109557,530330253021.0
b2b-13079,36600,530330109002,43200,-122.31855837905228,47.54948158019013,530330109002.0
b2b-13112,30600,530330292061,43200,-122.22356953797023,47.40431630370211,530330292061.0
b2b-13128,30600,530330292061,43200,-122.22356953797023,47.40431630370211,530330292061.0
b2b-13143,52800,530330093003,43200,-122.3329726858077,47.58185916684384,530330093003.0
b2b-13144,52800,530330093003,43200,-122.3329726858077,47.58185916684384,530330093003.0
b2b-13156,52800,530330093003,43200,-122.3329726858077,47.58185916684384,530330093003.0
b2b-13159,52800,530330093003,43200,-122.3329726858077,47.58185916684384,530330093003.0
b2b-13168,42600,530330263001,43200,-122.30778572393692,47.528955431914206,530330263001.0
b2b-13200,29400,530330228033,43200,-122.124761943142,47.64435712805619,530330228033.0
b2b-13202,29400,530330228033,43200,-122.124761943142,47.64435712805619,530330228033.0
b2b-13209,27600,530330218021,43200,-122.1805902603479,47.775789119199,530330218021.0
b2b-13212,30000,530530732003,43200,-122.722177527917,47.06726163014591,410510072021.0
b2b-13229,19200,530330012005,43200,-122.3313787014415,47.70876320699429,530330012005.0
b2b-13238,33000,530330323133,43200,-122.08986646548276,47.669223859486735,530330323133.0
b2b-13256,14400,530530730061,43200,-122.722177527917,47.06726163014591,410670332001.0
b2b-13257,14400,530530730061,43200,-122.722177527917,47.06726163014591,410670332001.0
b2b-13268,41400,530330048003,43200,-122.36082454069538,47.65425596894557,530330048003.0
b2b-13308,30600,530330093003,43200,-122.32324729846918,47.57111853132661,530330093003.0
b2b-13316,35400,530330093003,43200,-122.32324729846918,47.57111853132661,530330093003.0
b2b-13331,35400,530330093003,43200,-122.32324729846918,47.57111853132661,530330093003.0
b2b-13351,35400,530330228031,43200,-122.14146120441522,47.6496327550817,530330228031.0
b2b-13356,35400,530330228031,43200,-122.14146120441522,47.6496327550817,530330228031.0
b2b-13358,27600,530330228031,43200,-122.14146120441522,47.6496327550817,530330228031.0
b2b-13364,28800,530330263001,43200,-122.30742392002446,47.52880719255957,530330263001.0
b2b-13387,37800,530330093002,43200,-122.33459269029856,47.59906439451373,530330093002.0
b2b-13388,37800,530330093002,43200,-122.33459269029856,47.59906439451373,530330093002.0
b2b-13390,37800,530330093002,43200,-122.33459269029856,47.59906439451373,530330093002.0
b2b-13395,27600,530610533014,43200,-122.31610846863688,48.31193108584794,530579519002.0
b2b-13401,37200,530330228031,43200,-122.14121866495206,47.65151127153607,530330228031.0
b2b-13440,30000,530330263001,43200,-122.29362947964674,47.51579875110347,530330263001.0
b2b-13446,30000,530330263001,43200,-122.29362947964674,47.51579875110347,530330263001.0
b2b-13448,30000,530330263001,43200,-122.29362947964674,47.51579875110347,530330263001.0
b2b-13466,37200,530330238043,43200,-122.19326965549008,47.615614518388746,530330238043.0
b2b-13501,21000,530330308011,43200,-122.24289449015328,47.28149974875984,530330308011.0
b2b-13506,21000,530330308011,43200,-122.24289449015328,47.28149974875984,530330308011.0
b2b-13513,16200,530330326021,43200,-121.86834381213468,47.52892717199708,530330326021.0
b2b-13524,28800,530330292061,43200,-122.2525237685866,47.41488985183097,530330292061.0
b2b-13531,25800,530330292061,43200,-122.2525237685866,47.41488985183097,530330292061.0
b2b-13538,27000,530330292061,43200,-122.2525237685866,47.41488985183097,530330292061.0
b2b-13541,33600,530330292061,43200,-122.2525237685866,47.41488985183097,530330292061.0
b2b-13543,33600,530330292061,43200,-122.2525237685866,47.41488985183097,530330292061.0
b2b-13553,34200,530530732003,43200,-122.722177527917,47.06726163014591,410670310062.0
b2b-13558,28200,530330308011,43200,-122.24302636981686,47.2812601547456,530330308011.0
b2b-13561,28200,530330308011,43200,-122.24302636981686,47.2812601547456,530330308011.0
b2b-13567,28200,530330308011,43200,-122.24302636981686,47.2812601547456,530330308011.0
b2b-13571,28200,530330308011,43200,-122.24302636981686,47.2812601547456,530330308011.0
b2b-13592,31800,530330253013,43200,-122.20116485571155,47.49153691364074,530330253013.0
b2b-13608,33000,530330277015,43200,-122.46188917227737,47.43215887708671,530330277015.0
b2b-13613,25200,530330054002,43200,-122.33595981837726,47.64761837104757,530330054002.0
b2b-13621,49800,530330292061,43200,-122.23675511354912,47.42694351221224,530330292061.0
b2b-13626,22800,530330262001,43200,-122.23461653083557,47.46631805807112,530330262001.0
b2b-13655,43200,530330226051,43200,-122.15292712604364,47.69663877666384,530330226051.0
b2b-13658,43200,530330226051,43200,-122.15292712604364,47.69663877666384,530330226051.0
b2b-13666,41400,530330225003,43200,-122.19242736143444,47.67460453395749,530330225003.0
b2b-13667,41400,530330225003,43200,-122.19242736143444,47.67460453395749,530330225003.0
b2b-13751,47400,530330323193,43200,-122.14788058970008,47.76567361086451,530330323193.0
b2b-13752,47400,530330323193,43200,-122.14788058970008,47.76567361086451,530330323193.0
b2b-13756,47400,530330323193,43200,-122.14788058970008,47.76567361086451,530330323193.0
b2b-13777,25200,530330245001,43200,-122.20268659697037,47.57731235341127,530330245001.0
b2b-13798,17400,530610534001,43200,-122.31610846863688,48.31193108584794,530579513002.0
b2b-13804,28800,530330042003,43200,-122.29283275699272,47.66312966225761,530330042003.0
b2b-13812,25200,530330305012,43200,-122.22679818157914,47.31207991406945,530330305012.0
b2b-13824,44400,530330228033,43200,-122.139525547493,47.634849144293256,530330228033.0
b2b-13841,27600,530530732003,43200,-122.722177527917,47.06726163014591,410510021001.0
b2b-13847,27000,530330078002,43200,-122.28769056541394,47.61159686324035,530330078002.0
b2b-13874,30000,530330237003,43200,-122.1804112581988,47.62247831238604,530330237003.0
b2b-13898,3600,530330305012,43200,-122.23056869239174,47.31339193920147,530330305012.0
b2b-13903,3600,530330305012,43200,-122.23056869239174,47.31339193920147,530330305012.0
b2b-13904,3600,530330305012,43200,-122.23056869239174,47.31339193920147,530330305012.0
b2b-13905,3600,530330305012,43200,-122.23056869239174,47.31339193920147,530330305012.0
b2b-13914,49200,530330109001,43200,-122.31620749307676,47.534535882347605,530330109001.0
b2b-13958,43800,530330308011,43200,-122.23360079120378,47.276858967394034,530330308011.0
b2b-13959,43800,530330308011,43200,-122.23360079120378,47.276858967394034,530330308011.0
b2b-14007,52200,530530732003,43200,-122.722177527917,47.06726163014591,410050229011.0
b2b-14009,52200,530530732003,43200,-122.722177527917,47.06726163014591,410050229011.0
b2b-14017,24600,530330292063,43200,-122.25127111691742,47.391948794148114,530330292063.0
b2b-14049,25800,530330226051,43200,-122.15743031124286,47.70934182654558,530330226051.0
b2b-14087,34200,530330058022,43200,-122.37619765813106,47.63538049789235,530330058022.0
b2b-14092,34200,530330058022,43200,-122.37619765813106,47.63538049789235,530330058022.0
b2b-14105,24000,530330283003,43200,-122.25354356402732,47.42791472663948,530330283003.0
b2b-14113,54600,530530732003,43200,-122.722177527917,47.06726163014591,410470105032.0
b2b-14114,54600,530530732003,43200,-122.722177527917,47.06726163014591,410470105032.0
b2b-14117,32400,530530732003,43200,-122.722177527917,47.06726163014591,410470105032.0
b2b-14140,30000,530530729061,43200,-122.722177527917,47.06726163014591,530419714002.0
b2b-14155,33600,530330047002,43200,-122.37172856354438,47.66110213447434,530330047002.0
b2b-14156,33600,530330047002,43200,-122.37172856354438,47.66110213447434,530330047002.0
b2b-14160,29400,530330058023,43200,-122.38215717652308,47.64454727914399,530330058023.0
b2b-14166,29400,530330058023,43200,-122.38215717652308,47.64454727914399,530330058023.0
b2b-14169,29400,530330058023,43200,-122.38215717652308,47.64454727914399,530330058023.0
b2b-14170,29400,530330058023,43200,-122.38215717652308,47.64454727914399,530330058023.0
b2b-14184,38400,530330049002,43200,-122.34749066947096,47.65643936294614,530330049002.0
b2b-14186,38400,530330049002,43200,-122.34749066947096,47.65643936294614,530330049002.0
b2b-14199,38400,530330049002,43200,-122.34749066947096,47.65643936294614,530330049002.0
b2b-14220,21000,530330093002,43200,-122.33585449243576,47.57721650891466,530330093002.0
b2b-14221,21000,530330093002,43200,-122.33585449243576,47.57721650891466,530330093002.0
b2b-14223,21000,530330093002,43200,-122.33585449243576,47.57721650891466,530330093002.0
b2b-14225,21000,530330093002,43200,-122.33585449243576,47.57721650891466,530330093002.0
b2b-14233,35400,530330099004,43200,-122.36991253545509,47.57280651810124,530330099004.0
b2b-14239,26400,530330047003,43200,-122.3746026850444,47.66900877504583,530330047003.0
b2b-14251,25200,530330292061,43200,-122.22340791509303,47.41166687575608,530330292061.0
b2b-14252,25200,530330292061,43200,-122.22340791509303,47.41166687575608,530330292061.0
b2b-14256,25200,530330292061,43200,-122.22340791509303,47.41166687575608,530330292061.0
b2b-14262,25200,530330292061,43200,-122.22340791509303,47.41166687575608,530330292061.0
b2b-14269,27600,530330109001,43200,-122.30405458746488,47.53299014503117,530330109001.0
b2b-14278,13200,530330308011,43200,-122.24145874028387,47.285973611518365,530330308011.0
b2b-14281,27000,530530730061,43200,-122.722177527917,47.06726163014591,410099705002.0
b2b-14283,22200,530330256012,43200,-122.16371637551012,47.488062009302965,530330256012.0
b2b-14285,22200,530330256012,43200,-122.16371637551012,47.488062009302965,530330256012.0
b2b-14295,22200,530330256012,43200,-122.16371637551012,47.488062009302965,530330256012.0
b2b-14309,24600,530330093003,43200,-122.32927978138312,47.5831937395564,530330093003.0
b2b-14312,24600,530330093003,43200,-122.32927978138312,47.5831937395564,530330093003.0
b2b-14340,32400,530330253013,43200,-122.20403259011252,47.49748692105327,530330253013.0
b2b-14341,32400,530330253013,43200,-122.20403259011252,47.49748692105327,530330253013.0
b2b-14357,30000,530530732003,43200,-122.722177527917,47.06726163014591,410470102024.0
b2b-14369,38400,530330093003,43200,-122.33026807480346,47.56957419092372,530330093003.0
b2b-14374,38400,530330093003,43200,-122.33026807480346,47.56957419092372,530330093003.0
b2b-14380,8400,530330305011,43200,-122.24646502835934,47.33988328825483,530330305011.0
b2b-14388,34800,530530726032,43200,-122.722177527917,47.06726163014591,530670122122.0
b2b-14402,39000,530330292061,43200,-122.24526974308296,47.42130496525101,530330292061.0
b2b-14404,39000,530330292061,43200,-122.24526974308296,47.42130496525101,530330292061.0
b2b-14418,8400,530610533014,43200,-122.31610846863688,48.31193108584794,530299715002.0
b2b-14428,8400,530610533014,43200,-122.31610846863688,48.31193108584794,530299715002.0
b2b-14429,8400,530610533014,43200,-122.31610846863688,48.31193108584794,530299715002.0
b2b-14431,8400,530610533014,43200,-122.31610846863688,48.31193108584794,530299715002.0
b2b-14438,22200,530610533014,43200,-122.31610846863688,48.31193108584794,530299715002.0
b2b-14439,22200,530610533014,43200,-122.31610846863688,48.31193108584794,530299715002.0
b2b-14445,29400,530330227012,43200,-122.19771869655295,47.64390541356855,530330227012.0
b2b-14461,27000,530330326021,43200,-121.87380637121646,47.52764358339002,530330326021.0
b2b-14465,27000,530330326021,43200,-121.87380637121646,47.52764358339002,530330326021.0
b2b-14468,16800,530330234032,43200,-122.1244661790711,47.5880483216624,530330234032.0
b2b-14469,16800,530330234032,43200,-122.1244661790711,47.5880483216624,530330234032.0
b2b-14480,36600,530330203002,43200,-122.3343743419229,47.766581461350086,530330203002.0
b2b-14483,32400,530530729061,43200,-122.722177527917,47.06726163014591,530670108005.0
b2b-14484,32400,530530729061,43200,-122.722177527917,47.06726163014591,530670108005.0
b2b-14488,32400,530530729061,43200,-122.722177527917,47.06726163014591,530670108005.0
b2b-14489,32400,530530729061,43200,-122.722177527917,47.06726163014591,530670108005.0
b2b-14499,28200,530330081003,43200,-122.33990507188852,47.610485217337306,530330081003.0
b2b-14504,45000,530610537001,43200,-121.4007171060678,47.41209531237868,530630145001.0
b2b-14510,33600,530330004022,43200,-122.34550071797376,47.70929151636517,530330004022.0
b2b-14511,33600,530330004022,43200,-122.34550071797376,47.70929151636517,530330004022.0
b2b-14518,30000,530330243002,43200,-122.2335771291013,47.58637715086658,530330243002.0
b2b-14520,30000,530330243002,43200,-122.2335771291013,47.58637715086658,530330243002.0
b2b-14541,32400,530330283003,43200,-122.25715927734018,47.42864640874186,530330283003.0
b2b-14543,32400,530330283003,43200,-122.25715927734018,47.42864640874186,530330283003.0
b2b-14544,32400,530330283003,43200,-122.25715927734018,47.42864640874186,530330283003.0
b2b-14545,35400,530330237001,43200,-122.15203274499086,47.62912685404672,530330237001.0
b2b-14546,35400,530330237001,43200,-122.15203274499086,47.62912685404672,530330237001.0
b2b-14563,31200,530330253013,43200,-122.1956273993768,47.497755783705934,530330253013.0
b2b-14567,31800,530610533014,43200,-122.31610846863688,48.31193108584794,530730005013.0
b2b-14579,4800,530330058023,43200,-122.38184848706844,47.63365206807112,530330058023.0
b2b-14581,4800,530330058023,43200,-122.38184848706844,47.63365206807112,530330058023.0
b2b-14593,4800,530330058023,43200,-122.38184848706844,47.63365206807112,530330058023.0
b2b-14602,31200,530330109001,43200,-122.32407525201212,47.53762902249239,530330109001.0
b2b-14607,31200,530330109001,43200,-122.32407525201212,47.53762902249239,530330109001.0
b2b-14640,40200,530530732003,43200,-122.722177527917,47.06726163014591,530110406082.0
b2b-14641,28200,530330292061,43200,-122.24198498084604,47.43744479697793,530330292061.0
b2b-14644,45000,530330081002,43200,-122.33561301774688,47.61049997139496,530330081002.0
b2b-14659,7800,530530732003,43200,-122.722177527917,47.06726163014591,410670310062.0
b2b-14662,33000,530330237001,43200,-122.16101851328084,47.62532716256456,530330237001.0
b2b-14672,18600,530330219041,43200,-122.16374759711806,47.71324562008012,530330219041.0
b2b-14675,18600,530330219041,43200,-122.16374759711806,47.71324562008012,530330219041.0
b2b-14684,18600,530330219041,43200,-122.16374759711806,47.71324562008012,530330219041.0
b2b-14690,18600,530330219041,43200,-122.16374759711806,47.71324562008012,530330219041.0
b2b-14691,37200,530330277015,43200,-122.46392095106214,47.43579296642979,530330277015.0
b2b-14701,30600,530330305012,43200,-122.23056869239174,47.31339193920147,530330305012.0
b2b-14702,25800,530330305012,43200,-122.23056869239174,47.31339193920147,530330305012.0
b2b-14711,30000,530330218042,43200,-122.2013487279567,47.76218345303452,530330218042.0
b2b-14717,30000,530330218042,43200,-122.2013487279567,47.76218345303452,530330218042.0
b2b-14722,30000,530330218042,43200,-122.2013487279567,47.76218345303452,530330218042.0
b2b-14732,32400,530330228031,43200,-122.13908907146072,47.64801311748106,530330228031.0
b2b-14739,44400,530330093003,43200,-122.3221015335682,47.56081177712494,530330093003.0
b2b-14754,28800,530530726032,43200,-122.722177527917,47.06726163014591,530670106005.0
b2b-14772,36600,530330264001,43200,-122.31200902029454,47.52027864621848,530330264001.0
b2b-14786,2400,530330075004,43200,-122.31955254155253,47.61385191742408,530330075004.0
b2b-14794,35400,530330093003,43200,-122.32817662784448,47.58486929532056,530330093003.0
b2b-14810,25200,530330218033,43200,-122.2033373746099,47.76116988753131,530330218033.0
b2b-14830,31800,530330081003,43200,-122.34026557617838,47.61111869237059,530330081003.0
b2b-14831,17400,530330080013,43200,-122.3563947394152,47.61857135172502,530330080013.0
b2b-14834,17400,530330080013,43200,-122.3563947394152,47.61857135172502,530330080013.0
b2b-14839,31200,530330109001,43200,-122.30459492497322,47.533855569865935,530330109001.0
b2b-14844,36000,530330308011,43200,-122.21931014582464,47.27433243250251,530330308011.0
b2b-14851,21600,530530726023,43200,-122.6255660082074,47.86126423427218,530459613002.0
b2b-14864,28800,530330058023,43200,-122.38184848706844,47.63365206807112,530330058023.0
b2b-14884,18600,530330323133,43200,-122.086240897417,47.67248334633601,530330323133.0
b2b-14887,37800,530330305011,43200,-122.22492194762064,47.33000697878934,530330305011.0
b2b-14928,31800,530530729061,43200,-122.722177527917,47.06726163014591,530419714002.0
b2b-14940,30600,530330253013,43200,-122.19712001810149,47.49174761408544,530330253013.0
b2b-14942,30600,530330253013,43200,-122.19712001810149,47.49174761408544,530330253013.0
b2b-14945,15000,530330218021,43200,-122.18860833119189,47.77226872618971,530330218021.0
b2b-14961,27000,530330237003,43200,-122.18106070289572,47.62459653144492,530330237003.0
b2b-14993,27000,530330326021,43200,-121.87338317953277,47.52809423741272,530330326021.0
b2b-14994,27000,530330326021,43200,-121.87338317953277,47.52809423741272,530330326021.0
b2b-15001,39600,530330323091,43200,-122.14280488061746,47.68732014594287,530330323091.0
b2b-15011,25800,530330049002,43200,-122.3528020077418,47.65199159344346,530330049002.0
b2b-15013,25800,530330049002,43200,-122.3528020077418,47.65199159344346,530330049002.0
b2b-15017,34800,530530732003,43200,-122.58014198329504,46.93344098049039,410510045001.0
b2b-15045,18000,530530726032,43200,-122.722177527917,47.06726163014591,530670101002.0
b2b-15054,48000,530330099004,43200,-122.34531080121552,47.5735080030046,530330099004.0
b2b-15056,48000,530330099004,43200,-122.34531080121552,47.5735080030046,530330099004.0
b2b-15066,39000,530610533021,43200,-122.32162900881076,47.95801287896333,530579509001.0
b2b-15067,31200,530330049002,43200,-122.34758447955062,47.65618622775715,530330049002.0
b2b-15073,41400,530530732003,43200,-122.722177527917,47.06726163014591,410519800001.0
b2b-15074,41400,530530732003,43200,-122.722177527917,47.06726163014591,410519800001.0
b2b-15088,34200,530330228033,43200,-122.1384696010678,47.633709544415176,530330228033.0
b2b-15138,27600,530330263001,43200,-122.30737568855125,47.52927024128008,530330263001.0
b2b-15151,28800,530330054002,43200,-122.33221618617117,47.64986535923406,530330054002.0
b2b-15159,17400,530330226051,43200,-122.15737562866804,47.70934782141439,530330226051.0
b2b-15173,21600,530330226051,43200,-122.15575663341336,47.70708096502196,530330226051.0
b2b-15178,28200,530330061004,43200,-122.32551614781995,47.64105492528888,530330061004.0
b2b-15186,23400,530330292061,43200,-122.24651884819434,47.39645922227703,530330292061.0
b2b-15187,23400,530330292061,43200,-122.24651884819434,47.39645922227703,530330292061.0
b2b-15200,23400,530330081003,43200,-122.34030263229172,47.61042885135896,530330081003.0
b2b-15201,23400,530330081003,43200,-122.34030263229172,47.61042885135896,530330081003.0
b2b-15213,35400,530330319041,43200,-122.04797936043585,47.46279600193019,530330319041.0
b2b-15215,29400,530530729061,43200,-122.722177527917,47.06726163014591,530670117202.0
b2b-15217,26400,530530729061,43200,-122.722177527917,47.06726163014591,530670117202.0
b2b-15218,43800,530530729061,43200,-122.722177527917,47.06726163014591,530670117202.0
b2b-15232,36600,530330006003,43200,-122.34371577617316,47.71889283926704,530330006003.0
b2b-15249,30000,530330237001,43200,-122.17008069904522,47.62588013823919,530330237001.0
b2b-15255,27600,530330226051,43200,-122.15668804540373,47.70887447020488,530330226051.0
b2b-15274,32400,530330323193,43200,-122.15060943639992,47.76464363422021,530330323193.0
b2b-15310,27000,530350901011,43200,-122.6255660082074,47.86126423427218,530319505002.0
b2b-15321,23400,530330262001,43200,-122.25174542194073,47.44775269324719,530330262001.0
b2b-15322,23400,530330262001,43200,-122.25174542194073,47.44775269324719,530330262001.0
b2b-15346,28200,530330109001,43200,-122.32103376930758,47.5376590475992,530330109001.0
b2b-15356,30000,530330218022,43200,-122.18091841821852,47.762702775454734,530330218022.0
b2b-15359,30000,530330218022,43200,-122.18091841821852,47.762702775454734,530330218022.0
b2b-15386,24000,530330323133,43200,-122.08947752180468,47.668727111747344,530330323133.0
b2b-15406,32400,530330219061,43200,-122.15402116777253,47.73944982249981,530330219061.0
b2b-15424,32400,530330219061,43200,-122.15402116777253,47.73944982249981,530330219061.0
b2b-15425,32400,530330219061,43200,-122.15402116777253,47.73944982249981,530330219061.0
b2b-15442,40800,530330032003,43200,-122.39172159328778,47.667525317772125,530330032003.0
b2b-15447,49200,530330080021,43200,-122.34316820932423,47.61207978610802,530330080021.0
b2b-15451,36000,530330059001,43200,-122.36103323469143,47.651015883062286,530330059001.0
b2b-15471,28200,530330262001,43200,-122.25617982453456,47.44593872714583,530330262001.0
b2b-15493,22800,530330305011,43200,-122.230765593299,47.34065959227733,530330305011.0
b2b-15499,22800,530330305011,43200,-122.230765593299,47.34065959227733,530330305011.0
b2b-15502,22800,530330305011,43200,-122.230765593299,47.34065959227733,530330305011.0
b2b-15517,22800,530330305011,43200,-122.230765593299,47.34065959227733,530330305011.0
b2b-15518,22800,530330305011,43200,-122.230765593299,47.34065959227733,530330305011.0
b2b-15520,22800,530330305011,43200,-122.230765593299,47.34065959227733,530330305011.0
b2b-15523,22800,530330305011,43200,-122.230765593299,47.34065959227733,530330305011.0
b2b-15526,22800,530330305011,43200,-122.230765593299,47.34065959227733,530330305011.0
b2b-15530,35400,530330305011,43200,-122.230765593299,47.34065959227733,530330305011.0
b2b-15531,35400,530330305011,43200,-122.230765593299,47.34065959227733,530330305011.0
b2b-15532,35400,530330305011,43200,-122.230765593299,47.34065959227733,530330305011.0
b2b-15542,35400,530330305011,43200,-122.230765593299,47.34065959227733,530330305011.0
b2b-15544,35400,530330305011,43200,-122.230765593299,47.34065959227733,530330305011.0
b2b-15545,35400,530330305011,43200,-122.230765593299,47.34065959227733,530330305011.0
b2b-15553,35400,530330305011,43200,-122.230765593299,47.34065959227733,530330305011.0
b2b-15581,30000,530330305011,43200,-122.230765593299,47.34065959227733,530330305011.0
b2b-15599,43200,530330305011,43200,-122.230765593299,47.34065959227733,530330305011.0
b2b-15605,15600,530330093002,43200,-122.33456403767974,47.59126671291308,530330093002.0
b2b-15615,36000,530530726023,43200,-122.6255660082074,47.86126423427218,530459611003.0
b2b-15618,36000,530530726023,43200,-122.6255660082074,47.86126423427218,530459611003.0
b2b-15631,36000,530530726023,43200,-122.81132463993062,47.37273495305909,530459611003.0
b2b-15634,33000,530530732003,43200,-122.722177527917,47.06726163014591,410510045001.0
b2b-15641,27000,530530732003,43200,-122.722177527917,47.06726163014591,410510102002.0
b2b-15648,42600,530330093003,43200,-122.32504856529944,47.58429129553887,530330093003.0
b2b-15654,34800,530330308012,43200,-122.22546789958432,47.28843309997647,530330308012.0
b2b-15658,33000,530330218021,43200,-122.18457808877096,47.776686498927816,530330218021.0
b2b-15662,30000,530330328003,43200,-121.4007171060678,47.41209531237868,530079602002.0
b2b-15692,32400,530330218021,43200,-122.18272791217392,47.77641062058086,530330218021.0
b2b-15697,21600,530330253021,43200,-122.2092704553082,47.49703248021724,530330253021.0
b2b-15720,27600,530330093003,43200,-122.31943830646982,47.58166246454035,530330093003.0
b2b-15724,26400,530330305011,43200,-122.22756806877923,47.33855867478049,530330305011.0
b2b-15746,43200,530330226051,43200,-122.15743031124286,47.70934182654558,530330226051.0
b2b-15747,43200,530330226051,43200,-122.15743031124286,47.70934182654558,530330226051.0
b2b-15781,42000,530330316042,43200,-122.0198085892974,47.35630177561709,530330316042.0
b2b-15783,37800,530330058022,43200,-122.37636691942544,47.64813776714997,530330058022.0
b2b-15801,21600,530530732003,43200,-122.722177527917,47.06726163014591,410670316134.0
b2b-15813,35400,530330257011,43200,-122.19614650400447,47.48193808808234,530330257011.0
b2b-15832,6000,530330224003,43200,-122.20931499502272,47.68917849121488,530330224003.0
b2b-15844,28200,530330006001,43200,-122.34035059689334,47.72347711416933,530330006001.0
b2b-15856,25800,530330326021,43200,-121.86930372287878,47.52879728799302,530330326021.0
b2b-15862,25200,530330277015,43200,-122.4632047748152,47.43548620894626,530330277015.0
b2b-15879,39000,530530732003,43200,-122.722177527917,47.06726163014591,410510072021.0
b2b-15885,45600,530330262001,43200,-122.2217531787412,47.47221546508982,530330262001.0
b2b-15890,30600,530530732003,43200,-122.722177527917,47.06726163014591,530110413283.0
b2b-15900,25800,530330035003,43200,-122.35072382693228,47.66912693141603,530330035003.0
b2b-15919,24600,530330035003,43200,-122.35072382693228,47.66912693141603,530330035003.0
b2b-15930,31800,530330035003,43200,-122.35072382693228,47.66912693141603,530330035003.0
b2b-15938,31800,530330035003,43200,-122.35072382693228,47.66912693141603,530330035003.0
b2b-15942,28800,530530729061,43200,-122.722177527917,47.06726163014591,530419710003.0
b2b-15946,44400,530530732003,43200,-122.722177527917,47.06726163014591,410050210002.0
b2b-15962,26400,530530729061,43200,-122.722177527917,47.06726163014591,530419708004.0
b2b-15968,23400,530330227012,43200,-122.2008252791048,47.64763077227597,530330227012.0
b2b-15983,35400,530330058023,43200,-122.38184848706844,47.63365206807112,530330058023.0
b2b-15987,22200,530330283003,43200,-122.2655430890775,47.42647568386472,530330283003.0
b2b-16015,41400,530330099004,43200,-122.3669071829248,47.56995176233936,530330099004.0
b2b-16016,41400,530330099004,43200,-122.3669071829248,47.56995176233936,530330099004.0
b2b-16023,48600,530530726032,43200,-122.722177527917,47.06726163014591,530670122122.0
b2b-16046,27000,530330035003,43200,-122.35072382693228,47.66912693141603,530330035003.0
b2b-16059,43200,530330047002,43200,-122.36708484105894,47.66281234303878,530330047002.0
b2b-16065,21000,530330013003,43200,-122.34372850922423,47.70013590059335,530330013003.0
b2b-16073,26400,530330263001,43200,-122.30768626690204,47.52867926545787,530330263001.0
b2b-16080,24600,530330314001,43200,-121.9903127436722,47.20444544985464,530330314001.0
b2b-16082,39000,530530732003,43200,-122.722177527917,47.06726163014591,410510059002.0
b2b-16106,30600,530330264001,43200,-122.31200902029454,47.52027864621848,530330264001.0
b2b-16126,24000,530330292061,43200,-122.2618121211157,47.397084860832194,530330292061.0
b2b-16133,29400,530330262001,43200,-122.25025864906516,47.44636889952594,530330262001.0
b2b-16135,34800,530330075004,43200,-122.32029100439838,47.613852829130266,530330075004.0
b2b-16138,34800,530330075004,43200,-122.32029100439838,47.613852829130266,530330075004.0
b2b-16144,34200,530330075004,43200,-122.32029100439838,47.613852829130266,530330075004.0
b2b-16155,27000,530330012002,43200,-122.31892755268792,47.70856671210846,530330012002.0
b2b-16176,31800,530330303132,43200,-122.31949704708504,47.294437332434725,530330303132.0
b2b-16184,32400,530330113001,43200,-122.33543773887764,47.52813815705641,530330113001.0
b2b-16203,23400,530330109001,43200,-122.3042209027745,47.533850978141714,530330109001.0
b2b-16208,33600,530530726032,43200,-122.722177527917,47.06726163014591,530670109102.0
b2b-16252,34200,530330243004,43200,-122.23792435685294,47.588898680565975,530330243004.0
b2b-16254,34200,530330243004,43200,-122.23792435685294,47.588898680565975,530330243004.0
b2b-16256,24000,530330283003,43200,-122.24983597241882,47.42943998992548,530330283003.0
b2b-16263,32400,530330228033,43200,-122.1254457755564,47.64092393834824,530330228033.0
b2b-16264,32400,530330228033,43200,-122.1254457755564,47.64092393834824,530330228033.0
b2b-16265,32400,530330228033,43200,-122.1254457755564,47.64092393834824,530330228033.0
b2b-16266,32400,530330228033,43200,-122.1254457755564,47.64092393834824,530330228033.0
b2b-16273,35400,530530732003,43200,-122.722177527917,47.06726163014591,530110410052.0
b2b-16282,39000,530530728001,43200,-122.722177527917,47.06726163014591,530670112001.0
b2b-16285,12600,530330218022,43200,-122.180615577918,47.76220377866048,530330218022.0
b2b-16286,28200,530330292061,43200,-122.24598382754432,47.40323068239611,530330292061.0
b2b-16304,24600,530330288013,43200,-122.30427422232528,47.41756828129096,530330288013.0
b2b-16324,42600,530610537001,43200,-121.4007171060678,47.41209531237868,530630122001.0
b2b-16328,40200,530530732003,43200,-122.722177527917,47.06726163014591,410510043001.0
b2b-16367,27000,530330093003,43200,-122.32640314852468,47.58077612079412,530330093003.0
b2b-16374,33000,530330315021,43200,-122.58014198329504,46.93344098049039,530770020013.0
b2b-16381,25800,530530732003,43200,-122.722177527917,47.06726163014591,530110426003.0
b2b-16398,25800,530330253013,43200,-122.1979111185982,47.49205459762656,530330253013.0
b2b-16399,33600,530330253013,43200,-122.1979111185982,47.49205459762656,530330253013.0
b2b-16409,32400,530610537001,43200,-121.4007171060678,47.41209531237868,530630122001.0
b2b-16414,34200,530330075004,43200,-122.32029100439838,47.613852829130266,530330075004.0
b2b-16428,39600,530330075004,43200,-122.32029100439838,47.613852829130266,530330075004.0
b2b-16442,31800,530330048003,43200,-122.36220777233224,47.65522352628231,530330048003.0
b2b-16444,31800,530330048003,43200,-122.36220777233224,47.65522352628231,530330048003.0
b2b-16449,33600,530530732003,43200,-122.722177527917,47.06726163014591,410670326071.0
b2b-16452,33000,530330109002,43200,-122.31977623397673,47.551040451715686,530330109002.0
b2b-16463,24600,530530726032,43200,-122.722177527917,47.06726163014591,530670101001.0
b2b-16475,27000,530330054002,43200,-122.3446785207428,47.64953838221133,530330054002.0
b2b-16488,13800,530330308011,43200,-122.23735899875834,47.28533691355371,530330308011.0
b2b-16493,26400,530330109002,43200,-122.33258620427928,47.55326160853775,530330109002.0
b2b-16505,24000,530330073001,43200,-122.33321502162391,47.6220841452362,530330073001.0
b2b-16509,15600,530330237001,43200,-122.17008069904522,47.62588013823919,530330237001.0
b2b-16512,16800,530330323292,43200,-122.02717822609756,47.692828263082006,530330323292.0
b2b-16518,33600,530530701001,43200,-122.722177527917,47.06726163014591,20095.0
b2b-16530,32400,530330327042,43200,-121.7981934144152,47.49471443462366,530330327042.0
b2b-16533,28800,530330262001,43200,-122.25847460285948,47.44464547478989,530330262001.0
b2b-16539,23400,530330262001,43200,-122.23461653083557,47.46631805807112,530330262001.0
b2b-16546,25200,530530732003,43200,-122.722177527917,47.06726163014591,530110405071.0
b2b-16552,24000,530530729061,43200,-122.722177527917,47.06726163014591,530419708002.0
b2b-16558,27000,530330093003,43200,-122.3245742277721,47.562260640702334,530330093003.0
b2b-16574,27000,530610533024,43200,-122.31610846863688,48.31193108584794,530579518001.0
b2b-16584,27000,530610533024,43200,-122.31610846863688,48.31193108584794,530579518001.0
b2b-16585,27000,530610533024,43200,-122.31610846863688,48.31193108584794,530579518001.0
b2b-16587,42600,530610533024,43200,-122.31610846863688,48.31193108584794,530579518001.0
b2b-16601,12600,530530729061,43200,-122.722177527917,47.06726163014591,530419711001.0
b2b-16621,22200,530610535061,43200,-122.31610846863688,48.31193108584794,530579512001.0
b2b-16631,9000,530330316053,43200,-122.00873162190746,47.3227088640177,530330316053.0
b2b-16636,42600,530330316053,43200,-122.00873162190746,47.3227088640177,530330316053.0
b2b-16648,42000,530330109002,43200,-122.3305747166762,47.55291027267726,530330109002.0
b2b-16655,42000,530330109002,43200,-122.3305747166762,47.55291027267726,530330109002.0
b2b-16670,31200,530330326021,43200,-121.83893642747242,47.53406242708418,530330326021.0
b2b-16684,31200,530330326021,43200,-121.83893642747242,47.53406242708418,530330326021.0
b2b-16685,31200,530330326021,43200,-121.83893642747242,47.53406242708418,530330326021.0
b2b-16692,31200,530330326021,43200,-121.83893642747242,47.53406242708418,530330326021.0
b2b-16696,28800,530330326021,43200,-121.83893642747242,47.53406242708418,530330326021.0
b2b-16697,21000,530330326021,43200,-121.83893642747242,47.53406242708418,530330326021.0
b2b-16700,21000,530330326021,43200,-121.83893642747242,47.53406242708418,530330326021.0
b2b-16702,21000,530330326021,43200,-121.83893642747242,47.53406242708418,530330326021.0
b2b-16704,21000,530330326021,43200,-121.83893642747242,47.53406242708418,530330326021.0
b2b-16705,21000,530330326021,43200,-121.83893642747242,47.53406242708418,530330326021.0
b2b-16715,32400,530330303132,43200,-122.31259845166863,47.29246052261349,530330303132.0
b2b-16744,32400,530330303132,43200,-122.31259845166863,47.29246052261349,530330303132.0
b2b-16756,32400,530330303132,43200,-122.31259845166863,47.29246052261349,530330303132.0
b2b-16759,32400,530330303132,43200,-122.31259845166863,47.29246052261349,530330303132.0
b2b-16761,32400,530330303132,43200,-122.31259845166863,47.29246052261349,530330303132.0
b2b-16765,32400,530330303132,43200,-122.31259845166863,47.29246052261349,530330303132.0
b2b-16770,31800,530330303132,43200,-122.31259845166863,47.29246052261349,530330303132.0
b2b-16776,31800,530330303132,43200,-122.31259845166863,47.29246052261349,530330303132.0
b2b-16781,31800,530330303132,43200,-122.31259845166863,47.29246052261349,530330303132.0
b2b-16783,31800,530330303132,43200,-122.31259845166863,47.29246052261349,530330303132.0
b2b-16797,31800,530330303132,43200,-122.31259845166863,47.29246052261349,530330303132.0
b2b-16799,31800,530330303132,43200,-122.31259845166863,47.29246052261349,530330303132.0
b2b-16815,4200,530330313023,43200,-121.9876428980728,47.19954618103011,530330313023.0
b2b-16816,4200,530330313023,43200,-121.9876428980728,47.19954618103011,530330313023.0
b2b-16817,4200,530330313023,43200,-121.9876428980728,47.19954618103011,530330313023.0
b2b-16820,28800,530330109002,43200,-122.3224688621474,47.549996315732514,530330109002.0
b2b-16824,28800,530330109002,43200,-122.3224688621474,47.549996315732514,530330109002.0
b2b-16850,28800,530330109002,43200,-122.3224688621474,47.549996315732514,530330109002.0
b2b-16871,28800,530330109002,43200,-122.3224688621474,47.549996315732514,530330109002.0
b2b-16883,35400,530330109002,43200,-122.3224688621474,47.549996315732514,530330109002.0
b2b-16904,35400,530330109002,43200,-122.3224688621474,47.549996315732514,530330109002.0
b2b-16913,35400,530330109002,43200,-122.3224688621474,47.549996315732514,530330109002.0
b2b-16919,35400,530330109002,43200,-122.3224688621474,47.549996315732514,530330109002.0
b2b-16929,24000,530330326021,43200,-121.86818508575682,47.528773701752776,530330326021.0
b2b-16930,24000,530330326021,43200,-121.86818508575682,47.528773701752776,530330326021.0
b2b-16942,33600,530610533014,43200,-122.31610846863688,48.31193108584794,530579519002.0
b2b-16945,22200,530330292063,43200,-122.25094581141612,47.396823926169446,530330292063.0
b2b-16949,8400,530330112002,43200,-122.3262521368644,47.53449409681545,530330112002.0
b2b-16971,31200,530530729061,43200,-122.722177527917,47.06726163014591,530419711001.0
b2b-16977,23400,530330315022,43200,-121.94686673336756,47.19952583916786,530330315022.0
b2b-16985,23400,530330315022,43200,-121.94686673336756,47.19952583916786,530330315022.0
b2b-16987,23400,530330315022,43200,-121.94686673336756,47.19952583916786,530330315022.0
b2b-16996,23400,530330315022,43200,-121.94686673336756,47.19952583916786,530330315022.0
b2b-17014,23400,530330315022,43200,-121.94686673336756,47.19952583916786,530330315022.0
b2b-17016,23400,530330315022,43200,-121.94686673336756,47.19952583916786,530330315022.0
b2b-17023,39000,530530729061,43200,-122.722177527917,47.06726163014591,530419711001.0
b2b-17027,39000,530530729061,43200,-122.722177527917,47.06726163014591,530419711001.0
b2b-17034,40800,530530729061,43200,-122.722177527917,47.06726163014591,530419715003.0
b2b-17037,40800,530530729061,43200,-122.722177527917,47.06726163014591,530419715003.0
b2b-17043,40800,530530729061,43200,-122.722177527917,47.06726163014591,530419715003.0
b2b-17048,40800,530530729061,43200,-122.722177527917,47.06726163014591,530419715003.0
b2b-17056,40800,530530729061,43200,-122.722177527917,47.06726163014591,530419715003.0
b2b-17072,35400,530530729061,43200,-122.722177527917,47.06726163014591,530419715003.0
b2b-17086,12000,530530729061,43200,-122.722177527917,47.06726163014591,530419711001.0
b2b-17096,36600,530530726032,43200,-122.722177527917,47.06726163014591,530670110001.0
b2b-17099,36600,530530726032,43200,-122.722177527917,47.06726163014591,530670110001.0
b2b-17100,36600,530530726032,43200,-122.722177527917,47.06726163014591,530670110001.0
b2b-17103,36600,530530726032,43200,-122.722177527917,47.06726163014591,530670110001.0
b2b-17117,36600,530530726032,43200,-122.722177527917,47.06726163014591,530670110001.0
b2b-17130,36600,530530726032,43200,-122.722177527917,47.06726163014591,530670110001.0
b2b-17136,36600,530530726032,43200,-122.722177527917,47.06726163014591,530670110001.0
b2b-17141,36600,530530726032,43200,-122.722177527917,47.06726163014591,530670110001.0
b2b-17148,36600,530530726032,43200,-122.722177527917,47.06726163014591,530670110001.0
b2b-17156,27000,530530726032,43200,-122.722177527917,47.06726163014591,530670110001.0
b2b-17173,27000,530530726032,43200,-122.722177527917,47.06726163014591,530670110001.0
b2b-17180,27000,530530726032,43200,-122.722177527917,47.06726163014591,530670110001.0
b2b-17189,27000,530530726032,43200,-122.722177527917,47.06726163014591,530670110001.0
b2b-17199,27000,530530726032,43200,-122.722177527917,47.06726163014591,530670110001.0
b2b-17202,24000,530330308011,43200,-122.23754688060886,47.284805372418255,530330308011.0
b2b-17217,37800,530330327032,43200,-121.8224872141616,47.52634377819005,530330327032.0
b2b-17228,34800,530610533014,43200,-122.31610846863688,48.31193108584794,530579508003.0
b2b-17240,36000,530330292063,43200,-122.25094581141612,47.396823926169446,530330292063.0
b2b-17275,40800,530330047002,43200,-122.37091844217842,47.66642673541474,530330047002.0
b2b-17286,37800,530330047002,43200,-122.37091844217842,47.66642673541474,530330047002.0
b2b-17297,30000,530330047002,43200,-122.37091844217842,47.66642673541474,530330047002.0
b2b-17304,48600,530530726023,43200,-122.6255660082074,47.86126423427218,530459608003.0
b2b-17328,42600,530330319041,43200,-122.04786346656864,47.44812417373837,530330319041.0
b2b-17333,60000,530610535061,43200,-122.31610846863688,48.31193108584794,530579512001.0
b2b-17336,60000,530610535061,43200,-122.31610846863688,48.31193108584794,530579512001.0
b2b-17340,32400,530530729061,43200,-122.722177527917,47.06726163014591,530419711001.0
b2b-17345,45600,530530729061,43200,-122.722177527917,47.06726163014591,530670127203.0
b2b-17349,45600,530530729061,43200,-122.58014198329504,46.93344098049039,530670127203.0
b2b-17353,24600,530330323132,43200,-122.08567839158812,47.67920689686197,530330323132.0
b2b-17373,31200,530530729061,43200,-122.58014198329504,46.93344098049039,530419715001.0
b2b-17382,10800,530330315023,43200,-121.98280125721928,47.1997246205654,530330315023.0
b2b-17409,37200,530330315023,43200,-121.98280125721928,47.1997246205654,530330315023.0
b2b-17410,37200,530330315023,43200,-121.98280125721928,47.1997246205654,530330315023.0
b2b-17417,20400,530530730061,43200,-122.722177527917,47.06726163014591,530419712002.0
b2b-17420,28800,530530730061,43200,-122.722177527917,47.06726163014591,530419712002.0
b2b-17421,28800,530530730061,43200,-122.722177527917,47.06726163014591,530419712002.0
b2b-17432,33600,530530726023,43200,-122.6255660082074,47.86126423427218,530459608002.0
b2b-17433,21000,530530726023,43200,-122.6255660082074,47.86126423427218,530459608002.0
b2b-17446,31200,530330315023,43200,-121.98280125721928,47.1997246205654,530330315023.0
b2b-17462,37800,530330082001,43200,-122.33359708348138,47.61060060409302,530330082001.0
b2b-17466,30000,530330315023,43200,-121.98280125721928,47.1997246205654,530330315023.0
b2b-17478,34800,530330082001,43200,-122.33359708348138,47.61060060409302,530330082001.0
b2b-17480,31800,530330305011,43200,-122.24804496769714,47.332477816092606,530330305011.0
b2b-17485,51000,530330219061,43200,-122.15929490711572,47.746110727386366,530330219061.0
b2b-17511,27000,530330109001,43200,-122.30486480182908,47.53383478461684,530330109001.0
b2b-17536,4200,530530730061,43200,-122.722177527917,47.06726163014591,410670329021.0
b2b-17537,21000,530530730061,43200,-122.722177527917,47.06726163014591,410670329021.0
b2b-17538,39600,530330234032,43200,-122.12486593269333,47.58683255292512,530330234032.0
b2b-17540,36000,530530732003,43200,-122.58014198329504,46.93344098049039,410670326071.0
b2b-17548,33600,530330080021,43200,-122.34281025813512,47.6130155194157,530330080021.0
b2b-17560,34200,530330283003,43200,-122.24869515165328,47.43451851947173,530330283003.0
b2b-17570,43200,530530732003,43200,-122.722177527917,47.06726163014591,530110410052.0
b2b-17574,21600,530330292061,43200,-122.26293021640808,47.42249788490061,530330292061.0
b2b-17593,40200,530330219061,43200,-122.15930080500787,47.74582466545642,530330219061.0
b2b-17615,28200,530330308011,43200,-122.23332446995497,47.27698250215293,530330308011.0
b2b-17634,25200,530530701001,43200,-122.722177527917,47.06726163014591,20095.0
b2b-17645,43800,530330093003,43200,-122.32498347122768,47.57135289317991,530330093003.0
b2b-17648,40800,530330093002,43200,-122.32917018409525,47.58761337704643,530330093002.0
b2b-17657,29400,530610537001,43200,-121.4007171060678,47.41209531237868,530630035001.0
b2b-17665,22800,530330323191,43200,-122.1477098941502,47.768528065941474,530330323191.0
b2b-17687,34800,530330292061,43200,-122.2366422568764,47.40451506518877,530330292061.0
b2b-17699,26400,530530730061,43200,-122.722177527917,47.06726163014591,410030103002.0
b2b-17703,28200,530330109001,43200,-122.30441614434112,47.533170456371,530330109001.0
b2b-17706,25200,530610537001,43200,-121.4007171060678,47.41209531237868,530659501002.0
b2b-17728,28200,530530701001,43200,-122.722177527917,47.06726163014591,20095.0
b2b-17735,28200,530530726023,43200,-122.6255660082074,47.86126423427218,530459613001.0
b2b-17744,31800,530330054003,43200,-122.34281038191928,47.65105719087862,530330054003.0
b2b-17751,26400,530330054003,43200,-122.34281038191928,47.65105719087862,530330054003.0
b2b-17752,41400,530330054003,43200,-122.34281038191928,47.65105719087862,530330054003.0
b2b-17753,41400,530330054003,43200,-122.34281038191928,47.65105719087862,530330054003.0
b2b-17768,36000,530330262001,43200,-122.24400463088782,47.46281633285116,530330262001.0
b2b-17780,40800,530330262001,43200,-122.24400463088782,47.46281633285116,530330262001.0
b2b-17785,25800,530330219061,43200,-122.15889350840445,47.74608498566424,530330219061.0
b2b-17802,36600,530330328003,43200,-121.4007171060678,47.41209531237868,530719200004.0
b2b-17810,13800,530330054003,43200,-122.34281038191928,47.65105719087862,530330054003.0
b2b-17829,34200,530330105001,43200,-122.37868375626952,47.56229525638241,530330105001.0
b2b-17852,28800,530330109001,43200,-122.30414109761055,47.53372511392624,530330109001.0
b2b-17856,51600,530330075004,43200,-122.31450325397115,47.61396381083483,530330075004.0
b2b-17863,51600,530330075004,43200,-122.31450325397115,47.61396381083483,530330075004.0
b2b-17866,28800,530330075004,43200,-122.31450325397115,47.61396381083483,530330075004.0
b2b-17879,18600,530330075004,43200,-122.31450325397115,47.61396381083483,530330075004.0
b2b-17880,18600,530330075004,43200,-122.31450325397115,47.61396381083483,530330075004.0
b2b-17914,22200,530330219061,43200,-122.15901468324186,47.74128174512956,530330219061.0
b2b-17915,22200,530330219061,43200,-122.15901468324186,47.74128174512956,530330219061.0
b2b-17929,22800,530330054003,43200,-122.34281038191928,47.65105719087862,530330054003.0
b2b-17935,24000,530330072001,43200,-122.34151491418244,47.62303815393122,530330072001.0
b2b-17941,30000,530330227012,43200,-122.20074878745774,47.644924178193634,530330227012.0
b2b-17952,6000,530350920001,43200,-122.6255660082074,47.86126423427218,530459602001.0
b2b-17973,30000,530330305011,43200,-122.22695998724735,47.33512501878721,530330305011.0
b2b-17982,33600,530330245001,43200,-122.21982692772868,47.55800938010655,530330245001.0
b2b-17999,17400,530330080021,43200,-122.34346553677908,47.61261958113344,530330080021.0
b2b-18013,34800,530610533024,43200,-122.31610846863688,48.31193108584794,530579518001.0
b2b-18021,10800,530330109001,43200,-122.32566066453576,47.537746279565646,530330109001.0
b2b-18035,48600,530330218022,43200,-122.17777899131484,47.7648866090533,530330218022.0
b2b-18047,28200,530330292061,43200,-122.24284550441897,47.39343314734789,530330292061.0
b2b-18055,28800,530330292061,43200,-122.24284550441897,47.39343314734789,530330292061.0
b2b-18061,25200,530530732003,43200,-122.722177527917,47.06726163014591,530110403023.0
b2b-18062,25200,530530732003,43200,-122.722177527917,47.06726163014591,530110403023.0
b2b-18075,33600,530610533014,43200,-122.31610846863688,48.31193108584794,530579519002.0
b2b-18084,25800,530610533014,43200,-122.31610846863688,48.31193108584794,530579519002.0
b2b-18090,25200,530330292061,43200,-122.25674955796929,47.41460463140182,530330292061.0
b2b-18098,33600,530330292061,43200,-122.25674955796929,47.41460463140182,530330292061.0
b2b-18099,9000,530330292061,43200,-122.25674955796929,47.41460463140182,530330292061.0
b2b-18119,35400,530330093003,43200,-122.33144908025916,47.57441639596073,530330093003.0
b2b-18121,35400,530330109002,43200,-122.3241844190017,47.54987952689365,530330109002.0
b2b-18127,27000,530330219061,43200,-122.16422554808702,47.7487460975914,530330219061.0
b2b-18139,35400,530330221012,43200,-122.25133054075437,47.737271954939125,530330221012.0
b2b-18150,17400,530330219061,43200,-122.16749268211564,47.7533440072909,530330219061.0
b2b-18153,33600,530330109001,43200,-122.30455142210212,47.53309549602288,530330109001.0
b2b-18154,22200,530330047002,43200,-122.37397129817448,47.66452934214527,530330047002.0
b2b-18162,37200,530530726032,43200,-122.722177527917,47.06726163014591,530670109101.0
b2b-18166,19800,530330047002,43200,-122.36723477944068,47.66400720549222,530330047002.0
b2b-18173,25200,530610533014,43200,-122.31610846863688,48.31193108584794,530579406001.0
b2b-18181,19200,530330305011,43200,-122.24724573712116,47.34142190772142,530330305011.0
b2b-18184,19200,530330305011,43200,-122.24724573712116,47.34142190772142,530330305011.0
b2b-18192,32400,530330305011,43200,-122.24724573712116,47.34142190772142,530330305011.0
b2b-18198,30600,530530730061,43200,-122.722177527917,47.06726163014591,530670125203.0
b2b-18200,12600,530330093003,43200,-122.32028062673284,47.58338656832232,530330093003.0
b2b-18215,22200,530330093003,43200,-122.33144908025916,47.57441639596073,530330093003.0
b2b-18224,600,530330109002,43200,-122.33012412273732,47.55374373158254,530330109002.0
b2b-18247,22200,530350929012,43200,-122.6255660082074,47.86126423427218,530459604002.0
b2b-18248,22200,530350929012,43200,-122.6255660082074,47.86126423427218,530459604002.0
b2b-18267,48000,530330047004,43200,-122.38437795134654,47.668349784697945,530330047004.0
b2b-18272,42000,530330326021,43200,-121.86762484866072,47.52539824804942,530330326021.0
b2b-18290,36600,530330093003,43200,-122.32275349832868,47.56429521694085,530330093003.0
b2b-18297,12000,530330093003,43200,-122.32275349832868,47.56429521694085,530330093003.0
b2b-18306,25800,530330058014,43200,-122.3798721456882,47.65658170425545,530330058014.0
b2b-18309,25800,530330058014,43200,-122.3798721456882,47.65658170425545,530330058014.0
b2b-18310,25800,530330058014,43200,-122.3798721456882,47.65658170425545,530330058014.0
b2b-18311,25800,530330058014,43200,-122.3798721456882,47.65658170425545,530330058014.0
b2b-18314,25800,530330058014,43200,-122.3798721456882,47.65658170425545,530330058014.0
b2b-18319,25200,530330093003,43200,-122.32142887675197,47.56501079793305,530330093003.0
b2b-18324,29400,530330219041,43200,-122.15416026888413,47.71321120930044,530330219041.0
b2b-18337,48600,530330305011,43200,-122.24724573712116,47.34142190772142,530330305011.0
b2b-18356,19800,530330219041,43200,-122.15313939544592,47.71611776805748,530330219041.0
b2b-18373,16200,530330323191,43200,-122.1497348798491,47.76787568384545,530330323191.0
b2b-18376,43800,530330277015,43200,-122.4616254084338,47.43837381696289,530330277015.0
b2b-18383,46200,530330323134,43200,-122.09816179166224,47.66769975201686,530330323134.0
b2b-18396,37800,530530732003,43200,-122.722177527917,47.06726163014591,410510026003.0
b2b-18399,24600,530330072001,43200,-122.33968987746508,47.62080504390335,530330072001.0
b2b-18402,13800,530330066001,43200,-122.33129193761847,47.62702346389106,530330066001.0
b2b-18410,48600,530330219061,43200,-122.15913609869716,47.74606491243502,530330219061.0
b2b-18425,27600,530530729061,43200,-122.722177527917,47.06726163014591,530670108005.0
b2b-18427,18600,530330109001,43200,-122.32864246441176,47.5409466765218,530330109001.0
b2b-18428,25200,530610533014,43200,-122.31610846863688,48.31193108584794,530579521002.0
b2b-18455,23400,530330234012,43200,-122.16386219265652,47.58511498558499,530330234012.0
b2b-18468,28200,530530729061,43200,-122.722177527917,47.06726163014591,530670126103.0
b2b-18473,42600,530610533023,43200,-122.31610846863688,48.31193108584794,530579523011.0
b2b-18485,41400,530330219061,43200,-122.1623431158174,47.74833441813544,530330219061.0
b2b-18491,31800,530330054002,43200,-122.33449196243828,47.64855006259943,530330054002.0
b2b-18492,27600,530330049002,43200,-122.35173619045082,47.65017233828701,530330049002.0
b2b-18495,31800,530330078003,43200,-122.28901720905915,47.61345605968675,530330078003.0
b2b-18499,19200,530530729061,43200,-122.722177527917,47.06726163014591,530670116101.0
b2b-18500,29400,530330226051,43200,-122.15884598271997,47.71162877067547,530330226051.0
b2b-18509,34800,530330309011,43200,-122.25537163211008,47.29031543102632,530330309011.0
b2b-18519,37800,530610533014,43200,-122.31610846863688,48.31193108584794,530579521003.0
b2b-18532,29400,530330263001,43200,-122.29784149127244,47.52227815672182,530330263001.0
b2b-18537,12000,530530729061,43200,-122.722177527917,47.06726163014591,530670127301.0
b2b-18542,28200,530530729061,43200,-122.722177527917,47.06726163014591,530670127301.0
b2b-18554,25200,530530728001,43200,-122.722177527917,47.06726163014591,530670122222.0
b2b-18560,29400,530330314001,43200,-121.99023125412324,47.20424902580461,530330314001.0
b2b-18564,35400,530530726032,43200,-122.722177527917,47.06726163014591,530670101001.0
b2b-18581,21000,530330257014,43200,-122.20255924270184,47.4630307541414,530330257014.0
b2b-18594,56400,530330288013,43200,-122.29997381280296,47.41378387406126,530330288013.0
b2b-18604,28200,530530729061,43200,-122.722177527917,47.06726163014591,530670123103.0
b2b-18608,27600,530530729061,43200,-122.722177527917,47.06726163014591,530670123103.0
b2b-18640,35400,530330292061,43200,-122.24239611066112,47.40170824215581,530330292061.0
b2b-18641,25200,530330292061,43200,-122.24239611066112,47.40170824215581,530330292061.0
b2b-18653,26400,530610533014,43200,-122.31610846863688,48.31193108584794,530579519002.0
b2b-18676,33600,530330219041,43200,-122.15613404282963,47.715299504261736,530330219041.0
b2b-18680,31800,530330109001,43200,-122.32566066453576,47.537746279565646,530330109001.0
b2b-18685,34200,530330292061,43200,-122.23499311607776,47.4361627527871,530330292061.0
b2b-18695,39600,530330219061,43200,-122.15554407491412,47.74266376011708,530330219061.0
b2b-18700,33000,530530732003,43200,-122.722177527917,47.06726163014591,410030006003.0
b2b-18714,22200,530330047002,43200,-122.36723477944068,47.66400720549222,530330047002.0
b2b-18737,30600,530330292061,43200,-122.22880850768884,47.4206174790907,530330292061.0
b2b-18742,27000,530330292061,43200,-122.23300439822208,47.44098435062124,530330292061.0
b2b-18752,39000,530330292061,43200,-122.24533997197425,47.42520692307282,530330292061.0
b2b-18755,22800,530330292061,43200,-122.2622962311652,47.42278578483471,530330292061.0
b2b-18770,30600,530530726023,43200,-122.81132463993062,47.37273495305909,530459606001.0
b2b-18772,28200,530330090001,43200,-122.3039096335863,47.601444912251175,530330090001.0
b2b-18793,33600,530530730061,43200,-122.722177527917,47.06726163014591,410710305012.0
b2b-18804,5400,530330219061,43200,-122.15600209758026,47.74294833495809,530330219061.0
b2b-18808,40800,530330218021,43200,-122.18690202889624,47.77157392094011,530330218021.0
b2b-18812,9600,530330308011,43200,-122.2305855545916,47.30325092464811,530330308011.0
b2b-18830,49200,530330236012,43200,-122.18223079779548,47.6153957543257,530330236012.0
b2b-18834,49200,530330236012,43200,-122.18223079779548,47.6153957543257,530330236012.0
b2b-18838,40200,530530732003,43200,-122.722177527917,47.06726163014591,530110416003.0
b2b-18840,24000,530330090001,43200,-122.30532456073514,47.59879968636626,530330090001.0
b2b-18846,56400,530610533014,43200,-122.31610846863688,48.31193108584794,530730104042.0
b2b-18850,24600,530330112001,43200,-122.3283475039704,47.52553904544116,530330112001.0
b2b-18864,24600,530330112001,43200,-122.3283475039704,47.52553904544116,530330112001.0
b2b-18872,24600,530330112001,43200,-122.3283475039704,47.52553904544116,530330112001.0
b2b-18917,13800,530330237001,43200,-122.1566291953753,47.625794596317,530330237001.0
b2b-18932,13800,530330237001,43200,-122.1566291953753,47.625794596317,530330237001.0
b2b-18939,27000,530330237001,43200,-122.1566291953753,47.625794596317,530330237001.0
b2b-18950,34800,530610533014,43200,-122.31610846863688,48.31193108584794,530730002001.0
b2b-18952,34800,530610533014,43200,-122.31610846863688,48.31193108584794,530730002001.0
b2b-18957,15000,530530732003,43200,-122.722177527917,47.06726163014591,410430307002.0
b2b-18958,15000,530530732003,43200,-122.722177527917,47.06726163014591,410430307002.0
b2b-18997,33600,530610533014,43200,-122.31610846863688,48.31193108584794,530730105011.0
b2b-19012,29400,530610537001,43200,-121.4007171060678,47.41209531237868,530630145003.0
b2b-19020,13200,530330236012,43200,-122.18223079779548,47.6153957543257,530330236012.0
b2b-19036,29400,530530732003,43200,-122.722177527917,47.06726163014591,410510045001.0
b2b-19060,20400,530330237001,43200,-122.1566291953753,47.625794596317,530330237001.0
b2b-19062,20400,530330237001,43200,-122.1566291953753,47.625794596317,530330237001.0
b2b-19073,22200,530330228033,43200,-122.1333225509658,47.63720050959261,530330228033.0
b2b-19074,22200,530330228033,43200,-122.1333225509658,47.63720050959261,530330228033.0
b2b-19085,28200,530330237001,43200,-122.16964596180505,47.622400420960574,530330237001.0
b2b-19143,22800,530330263001,43200,-122.3051739663128,47.52684665062568,530330263001.0
b2b-19159,11400,530610533014,43200,-122.31610846863688,48.31193108584794,530730104042.0
b2b-19163,42000,530610533014,43200,-122.31610846863688,48.31193108584794,530579407002.0
b2b-19171,25200,530330292061,43200,-122.23187585896122,47.42916883480738,530330292061.0
b2b-19178,18600,530610533014,43200,-122.31610846863688,48.31193108584794,530579501002.0
b2b-19185,35400,530330058014,43200,-122.39019666972877,47.660942779638646,530330058014.0
b2b-19187,35400,530330058014,43200,-122.39019666972877,47.660942779638646,530330058014.0
b2b-19190,35400,530330058014,43200,-122.39019666972877,47.660942779638646,530330058014.0
b2b-19191,35400,530330058014,43200,-122.39019666972877,47.660942779638646,530330058014.0
b2b-19193,35400,530330058014,43200,-122.39019666972877,47.660942779638646,530330058014.0
b2b-19207,35400,530330058014,43200,-122.39019666972877,47.660942779638646,530330058014.0
b2b-19216,19800,530530732003,43200,-122.722177527917,47.06726163014591,410470010002.0
b2b-19223,20400,530330308011,43200,-122.23792614443803,47.29037875133066,530330308011.0
b2b-19236,41400,530530732003,43200,-122.722177527917,47.06726163014591,410510037011.0
b2b-19247,25800,530530732003,43200,-122.722177527917,47.06726163014591,530110408081.0
b2b-19252,31800,530610533014,43200,-122.31610846863688,48.31193108584794,530579407002.0
b2b-19265,27600,530330322101,43200,-121.93817192573292,47.53186184774211,530330322101.0
b2b-19271,33600,530330109002,43200,-122.3362753000134,47.54918872977534,530330109002.0
b2b-19278,33600,530610533014,43200,-122.31610846863688,48.31193108584794,530730104012.0
b2b-19291,9600,530330263001,43200,-122.3051739663128,47.52684665062568,530330263001.0
b2b-19305,34200,530530732003,43200,-122.722177527917,47.06726163014591,410470010001.0
b2b-19306,25200,530330047004,43200,-122.38234481094744,47.66512793289506,530330047004.0
b2b-19310,33000,530330093002,43200,-122.33530894054674,47.57763444799301,530330093002.0
b2b-19322,42000,530330228033,43200,-122.138322359069,47.63368017197299,530330228033.0
b2b-19341,30000,530330090001,43200,-122.30532456073514,47.59879968636626,530330090001.0
b2b-19347,30600,530530732003,43200,-122.722177527917,47.06726163014591,530110413122.0
b2b-19348,19200,530530732004,43200,-122.58014198329504,46.93344098049039,410050243041.0
b2b-19374,42000,530330109001,43200,-122.30470617701212,47.53312488896969,530330109001.0
b2b-19376,4800,530330288021,43200,-122.29451093345496,47.4272772471893,530330288021.0
b2b-19380,4800,530330288021,43200,-122.29451093345496,47.4272772471893,530330288021.0
b2b-19393,26400,530610535091,43200,-122.14717269258814,48.17551092473751,530610535091.0
b2b-19397,31200,530330292061,43200,-122.25973494535036,47.39787073637287,530330292061.0
b2b-19398,31200,530330292061,43200,-122.25973494535036,47.39787073637287,530330292061.0
b2b-19403,35400,530330263002,43200,-122.2751332002066,47.49597383764456,530330263002.0
b2b-19419,29400,530330262001,43200,-122.24755562972652,47.44757492525695,530330262001.0
b2b-19424,32400,530330072001,43200,-122.34756778390565,47.61933997974749,530330072001.0
b2b-19438,24600,530330300034,43200,-122.3151264534583,47.37209036509024,530330300034.0
b2b-19440,24600,530330300034,43200,-122.3151264534583,47.37209036509024,530330300034.0
b2b-19467,29400,530330303132,43200,-122.31110388973786,47.29631221418766,530330303132.0
b2b-19475,36600,530330059001,43200,-122.36203365710163,47.65328838118956,530330059001.0
b2b-19508,25200,530330292061,43200,-122.26097489637046,47.39923145529004,530330292061.0
b2b-19510,25200,530330292061,43200,-122.26097489637046,47.39923145529004,530330292061.0
b2b-19513,25800,530610413042,43200,-122.24715468374436,47.925310776455525,530610413042.0
b2b-19546,19800,530330283003,43200,-122.25606178546752,47.438194021765895,530330283003.0
b2b-19566,26400,530330108001,43200,-122.34457563192096,47.554834315218855,530330108001.0
b2b-19568,27600,530330112001,43200,-122.32086653376768,47.52172010098323,530330112001.0
b2b-19584,29400,530610515002,43200,-122.31775581966713,47.821032296540565,530610515002.0
b2b-19597,22800,530539400022,43200,-122.35833344278102,47.25256365687772,530539400022.0
b2b-19601,49800,530330322083,43200,-122.03904152481292,47.544579149681645,530330322083.0
b2b-19606,49800,530330322083,43200,-122.03904152481292,47.544579149681645,530330322083.0
b2b-19624,29400,530610535091,43200,-122.14717269258814,48.17551092473751,530610535091.0
b2b-19637,27000,530330262001,43200,-122.2290252142069,47.46155041074252,530330262001.0
b2b-19643,27000,530330262001,43200,-122.2290252142069,47.46155041074252,530330262001.0
b2b-19646,29400,530330288012,43200,-122.2955521191416,47.427207870079855,530330288012.0
b2b-19671,26400,530610537001,43200,-121.4007171060678,47.41209531237868,20067.0
b2b-19672,26400,530610537001,43200,-121.4007171060678,47.41209531237868,20067.0
b2b-19682,6600,530330262001,43200,-122.21725980351802,47.45464441357022,530330262001.0
b2b-19683,6600,530330262001,43200,-122.21725980351802,47.45464441357022,530330262001.0
b2b-19689,21600,530330305011,43200,-122.23958370965552,47.306272979743525,530330305011.0
b2b-19691,31800,530330262001,43200,-122.24755562972652,47.44757492525695,530330262001.0
b2b-19693,31800,530330262001,43200,-122.24755562972652,47.44757492525695,530330262001.0
b2b-19694,26400,530330292061,43200,-122.2466255004282,47.40263002053516,530330292061.0
b2b-19697,31200,530610519121,43200,-122.13310280678444,47.79751892970618,530610519121.0
b2b-19720,36600,530330284024,43200,-122.32662210712952,47.444800309911074,530330284024.0
b2b-19722,23400,530330292061,43200,-122.24056201746252,47.39461586368992,530330292061.0
b2b-19728,28200,530330265002,43200,-122.35458225098962,47.51367176580192,530330265002.0
b2b-19733,23400,530330093002,43200,-122.33528153146486,47.576667230395465,530330093002.0
b2b-19738,31800,530330262001,43200,-122.24755562972652,47.44757492525695,530330262001.0
b2b-19739,31800,530330262001,43200,-122.24755562972652,47.44757492525695,530330262001.0
b2b-19741,31800,530330262001,43200,-122.24755562972652,47.44757492525695,530330262001.0
b2b-19750,28800,530330284024,43200,-122.32152014229943,47.44506623347763,530330284024.0
b2b-19765,23400,530330315021,43200,-121.4007171060678,47.41209531237868,20033.0
b2b-19767,23400,530330315021,43200,-121.4007171060678,47.41209531237868,20033.0
b2b-19775,23400,530330315021,43200,-121.4007171060678,47.41209531237868,20033.0
b2b-19778,23400,530330315021,43200,-121.4007171060678,47.41209531237868,20033.0
b2b-19781,23400,530330315021,43200,-121.4007171060678,47.41209531237868,20033.0
b2b-19790,31800,530530732003,43200,-122.722177527917,47.06726163014591,410510072021.0
b2b-19800,35400,530330093002,43200,-122.33528153146486,47.576667230395465,530330093002.0
b2b-19819,18000,530610515002,43200,-122.31775581966713,47.821032296540565,530610515002.0
b2b-19842,33600,530330315021,43200,-122.722177527917,47.06726163014591,530770018003.0
b2b-19843,33600,530330315021,43200,-122.722177527917,47.06726163014591,530770018003.0
b2b-19878,32400,530330292061,43200,-122.24636982262818,47.39623896335237,530330292061.0
b2b-19889,28200,530330292061,43200,-122.24636982262818,47.39623896335237,530330292061.0
b2b-19896,28200,530330292061,43200,-122.24636982262818,47.39623896335237,530330292061.0
b2b-19902,42000,530610512001,43200,-122.30182104755622,47.80350686920909,530610512001.0
b2b-19926,42600,530330112001,43200,-122.32174736286376,47.52004585831865,530330112001.0
b2b-19937,45600,530530732004,43200,-122.722177527917,47.06726163014591,20014.0
b2b-19963,34200,530330292061,43200,-122.25129926569966,47.40482209001074,530330292061.0
b2b-19967,34200,530330292061,43200,-122.25129926569966,47.40482209001074,530330292061.0
b2b-19968,34200,530330292061,43200,-122.25129926569966,47.40482209001074,530330292061.0
b2b-19971,42600,530330265002,43200,-122.35458225098962,47.51367176580192,530330265002.0
b2b-19975,42600,530330265002,43200,-122.35458225098962,47.51367176580192,530330265002.0
b2b-19991,44400,530530732003,43200,-122.722177527917,47.06726163014591,410050230011.0
b2b-20004,25200,530610413042,43200,-122.24715468374436,47.925310776455525,530610413042.0
b2b-20008,25200,530610413042,43200,-122.24715468374436,47.925310776455525,530610413042.0
b2b-20011,40200,530330219054,43200,-122.17617221489913,47.73437617084349,530330219054.0
b2b-20028,25200,530330263002,43200,-122.29196754117818,47.50281703900647,530330263002.0
b2b-20031,34200,530330302024,43200,-122.32576640694958,47.31550579734827,530330302024.0
b2b-20046,48600,530330292061,43200,-122.21836718823572,47.44039646000822,530330292061.0
b2b-20062,30600,530330305011,43200,-122.2358336707952,47.31722026588562,530330305011.0
b2b-20065,22200,530330262001,43200,-122.21725980351802,47.45464441357022,530330262001.0
b2b-20080,27000,530350920002,43200,-122.6255660082074,47.86126423427218,530459604001.0
b2b-20106,33000,530330262001,43200,-122.21725980351802,47.45464441357022,530330262001.0
b2b-20107,41400,530330284024,43200,-122.32152014229943,47.44506623347763,530330284024.0
b2b-20131,27600,530330322083,43200,-122.03904152481292,47.544579149681645,530330322083.0
b2b-20139,41400,530330263001,43200,-122.30285209992728,47.5225614976096,530330263001.0
b2b-20149,37800,530330284024,43200,-122.32152014229943,47.44506623347763,530330284024.0
b2b-20155,37800,530330284024,43200,-122.32152014229943,47.44506623347763,530330284024.0
b2b-20160,32400,530330284024,43200,-122.29811274569124,47.44399647528122,530330284024.0
b2b-20165,24600,530330292061,43200,-122.22648690252544,47.43034150776759,530330292061.0
b2b-20174,30000,530330284024,43200,-122.32662210712952,47.444800309911074,530330284024.0
b2b-20183,31800,530330320111,43200,-122.02210375123823,47.36875968236384,530330320111.0
b2b-20209,47400,530330263002,43200,-122.2751332002066,47.49597383764456,530330263002.0
b2b-20225,27000,530530732003,43200,-122.722177527917,47.06726163014591,410510072021.0
b2b-20228,27000,530530732003,43200,-122.722177527917,47.06726163014591,410510072021.0
b2b-20235,23400,530610533014,43200,-122.31610846863688,48.31193108584794,530730104012.0
b2b-20236,40800,530330093002,43200,-122.33528153146486,47.576667230395465,530330093002.0
b2b-20240,39600,530330292061,43200,-122.24734350412533,47.41059463958294,530330292061.0
b2b-20241,39600,530330292061,43200,-122.24734350412533,47.41059463958294,530330292061.0
b2b-20247,33600,530330262001,43200,-122.2290252142069,47.46155041074252,530330262001.0
b2b-20251,33600,530330262001,43200,-122.2290252142069,47.46155041074252,530330262001.0
b2b-20258,33600,530330262001,43200,-122.2290252142069,47.46155041074252,530330262001.0
b2b-20259,33600,530330262001,43200,-122.2290252142069,47.46155041074252,530330262001.0
b2b-20263,30000,530330072001,43200,-122.34756778390565,47.61933997974749,530330072001.0
b2b-20264,30000,530330072001,43200,-122.34756778390565,47.61933997974749,530330072001.0
b2b-20268,25800,530330109001,43200,-122.30470617701212,47.53312488896969,530330109001.0
b2b-20272,19200,530330309011,43200,-122.24880711528763,47.293853492588525,530330309011.0
b2b-20286,40800,530330112001,43200,-122.32035707123552,47.520051632541886,530330112001.0
b2b-20292,28200,530350811002,43200,-122.6616495632207,47.56471862612331,530350811002.0
b2b-20301,34800,530330263001,43200,-122.30285209992728,47.5225614976096,530330263001.0
b2b-20302,34800,530330263001,43200,-122.30285209992728,47.5225614976096,530330263001.0
b2b-20303,34800,530330263001,43200,-122.30285209992728,47.5225614976096,530330263001.0
b2b-20309,45600,530330099004,43200,-122.36202319032606,47.57057131767807,530330099004.0
b2b-20338,3000,530530732003,43200,-122.722177527917,47.06726163014591,410470025021.0
b2b-20350,25200,530330283003,43200,-122.25606178546752,47.438194021765895,530330283003.0
b2b-20354,25200,530330283003,43200,-122.25606178546752,47.438194021765895,530330283003.0
b2b-20361,33600,530330323133,43200,-122.09084712294762,47.671092334586085,530330323133.0
b2b-20371,25200,530530732003,43200,-122.722177527917,47.06726163014591,530110412031.0
b2b-20375,21000,530539400022,43200,-122.35686651179935,47.25411486712436,530539400022.0
b2b-20376,21000,530539400022,43200,-122.35686651179935,47.25411486712436,530539400022.0
b2b-20387,28800,530539400101,43200,-122.2866795603986,47.20698260604722,530539400101.0
b2b-20406,26400,530330292061,43200,-122.21836718823572,47.44039646000822,530330292061.0
b2b-20407,40800,530539400022,43200,-122.35823689383238,47.25176367768278,530539400022.0
b2b-20415,43800,530539400022,43200,-122.35823689383238,47.25176367768278,530539400022.0
b2b-20417,30000,530350918001,43200,-122.62400027831414,47.6110750541063,530350918001.0
b2b-20438,25800,530350811002,43200,-122.65311638072524,47.56153088242329,530350811002.0
b2b-20439,19800,530610535091,43200,-122.14717269258814,48.17551092473751,530610535091.0
b2b-20447,19800,530610535091,43200,-122.14717269258814,48.17551092473751,530610535091.0
b2b-20453,38400,530330284024,43200,-122.2975328666465,47.44411589738979,530330284024.0
b2b-20457,48600,530330093003,43200,-122.3249270574142,47.566139078388495,530330093003.0
b2b-20474,16800,530330262001,43200,-122.24755562972652,47.44757492525695,530330262001.0
b2b-20485,34200,530539400101,43200,-122.29159842992476,47.21054440672497,530539400101.0
b2b-20493,34800,530330112001,43200,-122.32086653376768,47.52172010098323,530330112001.0
b2b-20505,22200,530610535091,43200,-122.14717269258814,48.17551092473751,530610535091.0
b2b-20506,22200,530610535091,43200,-122.14717269258814,48.17551092473751,530610535091.0
b2b-20516,36600,530610533024,43200,-122.31610846863688,48.31193108584794,530579526003.0
b2b-20518,36600,530610533024,43200,-122.31610846863688,48.31193108584794,530579526003.0
b2b-20536,33600,530330093003,43200,-122.322886866017,47.564164116643255,530330093003.0
b2b-20537,33600,530330093003,43200,-122.322886866017,47.564164116643255,530330093003.0
b2b-20538,33600,530330093003,43200,-122.322886866017,47.564164116643255,530330093003.0
b2b-20545,31800,530330292061,43200,-122.24636982262818,47.39623896335237,530330292061.0
b2b-20559,28800,530330323133,43200,-122.09235356281609,47.67513883694862,530330323133.0
b2b-20560,28800,530330323133,43200,-122.09235356281609,47.67513883694862,530330323133.0
b2b-20569,23400,530330292061,43200,-122.24056201746252,47.39461586368992,530330292061.0
b2b-20579,26400,530330093003,43200,-122.322886866017,47.564164116643255,530330093003.0
b2b-20593,45000,530610413042,43200,-122.24487100066604,47.92655488481847,530610413042.0
b2b-20604,26400,530330322083,43200,-122.03904152481292,47.544579149681645,530330322083.0
b2b-20615,45000,530330324011,43200,-121.9879154996572,47.73398865592733,530330324011.0
b2b-20632,28800,530530712073,43200,-122.29211447723658,47.16255800375999,530530712073.0
b2b-20665,20400,530530726032,43200,-122.722177527917,47.06726163014591,530270007003.0
b2b-20670,28800,530530728001,43200,-122.722177527917,47.06726163014591,530670122213.0
b2b-20673,31200,530530718071,43200,-122.50905122247084,47.17428116837092,530530718071.0
b2b-20677,44400,530530726032,43200,-122.722177527917,47.06726163014591,530670110001.0
b2b-20687,37200,530330219054,43200,-122.17617221489913,47.73437617084349,530330219054.0
b2b-20700,36000,530330262001,43200,-122.24755562972652,47.44757492525695,530330262001.0
b2b-20715,28800,530330292061,43200,-122.24439523062424,47.42834273400586,530330292061.0
b2b-20730,21000,530330265002,43200,-122.35458225098962,47.51367176580192,530330265002.0
b2b-20747,22800,530330283003,43200,-122.25606178546752,47.438194021765895,530330283003.0
b2b-20755,30000,530330284024,43200,-122.32152014229943,47.44506623347763,530330284024.0
b2b-20767,30000,530330292061,43200,-122.22921289867084,47.43006062760345,530330292061.0
b2b-20782,27000,530610413042,43200,-122.24161762983748,47.92646789569307,530610413042.0
b2b-20785,37800,530610419032,43200,-122.2636103628616,47.90846344531121,530610419032.0
b2b-20788,43200,530330112001,43200,-122.32086653376768,47.52172010098323,530330112001.0
b2b-20799,33600,530330305011,43200,-122.22516192237144,47.33869703570648,530330305011.0
b2b-20806,36600,530330109001,43200,-122.30470617701212,47.53312488896969,530330109001.0
b2b-20813,18600,530330292061,43200,-122.24728369886914,47.429935446062345,530330292061.0
b2b-20817,29400,530610515002,43200,-122.31775581966713,47.821032296540565,530610515002.0
b2b-20845,15600,530330262001,43200,-122.24755562972652,47.44757492525695,530330262001.0
b2b-20852,35400,530350918001,43200,-122.62400027831414,47.6110750541063,530350918001.0
b2b-20873,22200,530330292061,43200,-122.24734350412533,47.41059463958294,530330292061.0
b2b-20888,39600,530330093003,43200,-122.322886866017,47.564164116643255,530330093003.0
b2b-20893,37200,530330262001,43200,-122.24755562972652,47.44757492525695,530330262001.0
b2b-20899,15000,530330054002,43200,-122.33034624851176,47.650010912472574,530330054002.0
b2b-20905,40200,530610533014,43200,-122.31610846863688,48.31193108584794,530730001003.0
b2b-20919,34800,530610537001,43200,-121.4007171060678,47.41209531237868,530630141002.0
b2b-20921,31200,530330315021,43200,-121.4007171060678,47.41209531237868,530719202002.0
b2b-20928,34800,530530728001,43200,-122.722177527917,47.06726163014591,530670122222.0
b2b-20932,34800,530330262001,43200,-122.24755562972652,47.44757492525695,530330262001.0
b2b-20952,20400,530530732004,43200,-122.722177527917,47.06726163014591,20014.0
b2b-20957,38400,530330323133,43200,-122.09235356281609,47.67513883694862,530330323133.0
b2b-20960,28200,530330292061,43200,-122.21836718823572,47.44039646000822,530330292061.0
b2b-20971,49800,530330320111,43200,-122.02210375123823,47.36875968236384,530330320111.0
b2b-20983,46200,530330288021,43200,-122.29451093345496,47.4272772471893,530330288021.0
b2b-20989,25800,530610534001,43200,-122.31610846863688,48.31193108584794,530730101005.0
b2b-20990,44400,530539400101,43200,-122.30281871639434,47.20629445157994,530539400101.0
b2b-21011,22800,530330237001,43200,-122.15715616421944,47.62526578319836,530330237001.0
b2b-21020,26400,530610537001,43200,-121.4007171060678,47.41209531237868,20086.0
b2b-21029,31200,530350811002,43200,-122.65311638072524,47.56153088242329,530350811002.0
b2b-21044,21600,530610413042,43200,-122.24715468374436,47.925310776455525,530610413042.0
b2b-21047,21600,530610413042,43200,-122.24715468374436,47.925310776455525,530610413042.0
b2b-21050,32400,530330112001,43200,-122.32174736286376,47.52004585831865,530330112001.0
b2b-21067,32400,530330323193,43200,-122.15591194092669,47.75622295926279,530330323193.0
b2b-21068,7200,530530732004,43200,-122.722177527917,47.06726163014591,20014.0
b2b-21082,43800,530610535091,43200,-122.14717269258814,48.17551092473751,530610535091.0
b2b-21090,43800,530610535091,43200,-122.14717269258814,48.17551092473751,530610535091.0
b2b-21093,43800,530610535091,43200,-122.14717269258814,48.17551092473751,530610535091.0
b2b-21098,45600,530610537001,43200,-121.4007171060678,47.41209531237868,20086.0
b2b-21121,43800,530330262001,43200,-122.2290252142069,47.46155041074252,530330262001.0
b2b-21124,25800,530330264005,43200,-122.32082837502512,47.516471875001706,530330264005.0
b2b-21134,36600,530330112001,43200,-122.32174736286376,47.52004585831865,530330112001.0
b2b-21158,29400,530610537001,43200,-121.4007171060678,47.41209531237868,530630136002.0
b2b-21181,34200,530330292061,43200,-122.24468024129972,47.39710220124122,530330292061.0
b2b-21187,42000,530330292061,43200,-122.24056201746252,47.39461586368992,530330292061.0
b2b-21199,31200,530610537001,43200,-121.4007171060678,47.41209531237868,530630120002.0
b2b-21203,33600,530610533014,43200,-122.31610846863688,48.31193108584794,530579404003.0
b2b-21242,37800,530610413042,43200,-122.2625926823838,47.93838660614811,530610413042.0
b2b-21261,35400,530330112001,43200,-122.32035707123552,47.520051632541886,530330112001.0
b2b-21269,41400,530330093002,43200,-122.33528153146486,47.576667230395465,530330093002.0
b2b-21277,34800,530610537001,43200,-121.4007171060678,47.41209531237868,20062.0
b2b-21286,39600,530610533014,43200,-122.31610846863688,48.31193108584794,530579519002.0
b2b-21287,39600,530610533014,43200,-122.31610846863688,48.31193108584794,530579519002.0
b2b-21341,43200,530330292061,43200,-122.21836718823572,47.44039646000822,530330292061.0
b2b-21342,43200,530330292061,43200,-122.21836718823572,47.44039646000822,530330292061.0
b2b-21348,43200,530330292061,43200,-122.21836718823572,47.44039646000822,530330292061.0
b2b-21354,30000,530330262001,43200,-122.2496540041916,47.44582113039136,530330262001.0
b2b-21366,25200,530539400022,43200,-122.35686651179935,47.25411486712436,530539400022.0
b2b-21378,45600,530610419032,43200,-122.2636103628616,47.90846344531121,530610419032.0
b2b-21387,34200,530610537001,43200,-121.4007171060678,47.41209531237868,20067.0
b2b-21388,34200,530610537001,43200,-121.4007171060678,47.41209531237868,20067.0
b2b-21390,34200,530610537001,43200,-121.4007171060678,47.41209531237868,20067.0
b2b-21418,21000,530330262001,43200,-122.24755562972652,47.44757492525695,530330262001.0
b2b-21424,32400,530330300034,43200,-122.3151264534583,47.37209036509024,530330300034.0
b2b-21427,23400,530330093002,43200,-122.33528153146486,47.576667230395465,530330093002.0
b2b-21436,29400,530610533024,43200,-122.31610846863688,48.31193108584794,530579518002.0
b2b-21449,20400,530330093002,43200,-122.33528153146486,47.576667230395465,530330093002.0
b2b-21459,28200,530330264005,43200,-122.32082837502512,47.516471875001706,530330264005.0
b2b-21463,31200,530330292061,43200,-122.24636982262818,47.39623896335237,530330292061.0
b2b-21465,31200,530330292061,43200,-122.24636982262818,47.39623896335237,530330292061.0
b2b-21482,18000,530330059001,43200,-122.36203365710163,47.65328838118956,530330059001.0
b2b-21484,18000,530330059001,43200,-122.36203365710163,47.65328838118956,530330059001.0
b2b-21504,36600,530530726032,43200,-122.722177527917,47.06726163014591,530670110001.0
b2b-21527,33600,530610413042,43200,-122.27671607076084,47.94183817280873,530610413042.0
b2b-21533,40200,530330292061,43200,-122.24601183335676,47.38375430732682,530330292061.0
b2b-21537,28800,530530732003,43200,-122.722177527917,47.06726163014591,410670304013.0
b2b-21542,41400,530330292061,43200,-122.21836718823572,47.44039646000822,530330292061.0
b2b-21556,34800,530330324011,43200,-121.9879154996572,47.73398865592733,530330324011.0
b2b-21583,38400,530330262001,43200,-122.2278520302791,47.46176781306858,530330262001.0
b2b-21591,37800,530330263001,43200,-122.30285209992728,47.5225614976096,530330263001.0
b2b-21612,33000,530330093003,43200,-122.3319936866054,47.57467335590128,530330093003.0
b2b-21619,27000,530610537001,43200,-121.4007171060678,47.41209531237868,530630141002.0
b2b-21624,22800,530610533014,43200,-122.31610846863688,48.31193108584794,530730004003.0
b2b-21629,43800,530330308013,43200,-122.22408133149337,47.28047497292998,530330308013.0
b2b-21657,40200,530330219054,43200,-122.17617221489913,47.73437617084349,530330219054.0
b2b-21661,42000,530330288021,43200,-122.29451093345496,47.4272772471893,530330288021.0
b2b-21664,33000,530610537001,43200,-121.4007171060678,47.41209531237868,20034.0
b2b-21672,21600,530530732003,43200,-122.722177527917,47.06726163014591,410030109002.0
b2b-21675,22800,530330328003,43200,-121.4007171060678,47.41209531237868,530250103001.0
b2b-21692,42000,530330284024,43200,-122.32662210712952,47.444800309911074,530330284024.0
b2b-21701,26400,530330292061,43200,-122.24734350412533,47.41059463958294,530330292061.0
b2b-21716,23400,530530729061,43200,-122.722177527917,47.06726163014591,530419715003.0
b2b-21742,43800,530330264005,43200,-122.32082837502512,47.516471875001706,530330264005.0
b2b-21757,33600,530330315021,43200,-121.4007171060678,47.41209531237868,530210201001.0
b2b-21758,24000,530530732004,43200,-122.722177527917,47.06726163014591,20014.0
b2b-21767,42600,530610537001,43200,-121.4007171060678,47.41209531237868,20062.0
b2b-21773,30000,530330315021,43200,-121.4007171060678,47.41209531237868,530770011004.0
b2b-21788,33600,530610537001,43200,-121.4007171060678,47.41209531237868,20062.0
b2b-21793,33000,530530602001,43200,-122.3931550296184,47.25579040449337,530530602001.0
b2b-21818,22800,530330093002,43200,-122.32844525291416,47.59434862014975,530330093002.0
b2b-21824,40800,530330248002,43200,-122.14722113658976,47.578706107328365,530330248002.0
b2b-21845,0,530530626001,43200,-122.4845072211217,47.21089527485868,530530626001.0
b2b-21851,39000,530330288021,43200,-122.29451093345496,47.4272772471893,530330288021.0
b2b-21854,39000,530330288021,43200,-122.29451093345496,47.4272772471893,530330288021.0
b2b-21884,37200,530330292061,43200,-122.24056201746252,47.39461586368992,530330292061.0
b2b-21891,32400,530330305011,43200,-122.23958370965552,47.306272979743525,530330305011.0
b2b-21893,32400,530330305011,43200,-122.23958370965552,47.306272979743525,530330305011.0
b2b-21894,32400,530330305011,43200,-122.23958370965552,47.306272979743525,530330305011.0
b2b-21911,37200,530330320111,43200,-122.02210375123823,47.36875968236384,530330320111.0
b2b-21913,37200,530330320111,43200,-122.02210375123823,47.36875968236384,530330320111.0
b2b-21914,44400,530530715034,43200,-122.46392270816584,47.13197724177888,530530715034.0
b2b-21928,37200,530539400101,43200,-122.31620335841464,47.21496011538982,530539400101.0
b2b-21932,37200,530539400101,43200,-122.31620335841464,47.21496011538982,530539400101.0
b2b-21948,22800,530330292061,43200,-122.23718271966234,47.42485691334685,530330292061.0
b2b-21955,18600,530330292061,43200,-122.2466255004282,47.40263002053516,530330292061.0
b2b-21972,35400,530539400101,43200,-122.32757000594314,47.21618979075579,530539400101.0
b2b-21981,28200,530330284024,43200,-122.32152014229943,47.44506623347763,530330284024.0
b2b-21988,25800,530539400022,43200,-122.35742786189503,47.24690620237542,530539400022.0
b2b-21989,30600,530539400101,43200,-122.3277261727006,47.21572139097732,530539400101.0
b2b-21990,30600,530539400101,43200,-122.3277261727006,47.21572139097732,530539400101.0
b2b-22007,21600,530539400101,43200,-122.31620335841464,47.21496011538982,530539400101.0
b2b-22024,31800,530539400022,43200,-122.35686651179935,47.25411486712436,530539400022.0
b2b-22025,31800,530539400022,43200,-122.35686651179935,47.25411486712436,530539400022.0
b2b-22041,39600,530530718071,43200,-122.50905122247084,47.17428116837092,530530718071.0
b2b-22042,39600,530530718071,43200,-122.50905122247084,47.17428116837092,530530718071.0
b2b-22056,42000,530539400101,43200,-122.2866795603986,47.20698260604722,530539400101.0
b2b-22087,25800,530330308011,43200,-122.2339427902764,47.28919712374434,530330308011.0
b2b-22090,27000,530539400101,43200,-122.31027225183443,47.21555713921264,530539400101.0
b2b-22101,46800,530539400101,43200,-122.32757000594314,47.21618979075579,530539400101.0
b2b-22110,12600,530330288021,43200,-122.29451093345496,47.4272772471893,530330288021.0
b2b-22117,42000,530330288013,43200,-122.3016724325364,47.42196724627311,530330288013.0
b2b-22124,32400,530330292061,43200,-122.24636982262818,47.39623896335237,530330292061.0
b2b-22136,31800,530330302024,43200,-122.32576640694958,47.31550579734827,530330302024.0
b2b-22137,31800,530330302024,43200,-122.32576640694958,47.31550579734827,530330302024.0
b2b-22141,31800,530330302024,43200,-122.32576640694958,47.31550579734827,530330302024.0
b2b-22144,40800,530539400101,43200,-122.31027225183443,47.21555713921264,530539400101.0
b2b-22156,35400,530330292061,43200,-122.22842381296434,47.42179000358647,530330292061.0
b2b-22190,33000,530539400022,43200,-122.35686651179935,47.25411486712436,530539400022.0
b2b-22196,34200,530530733013,43200,-122.2446026927415,47.24248836969613,530530733013.0
b2b-22198,34200,530530733013,43200,-122.2446026927415,47.24248836969613,530530733013.0
b2b-22217,30000,530330284024,43200,-122.32152014229943,47.44506623347763,530330284024.0
b2b-22219,38400,530330293052,43200,-122.19763181074364,47.41683407072753,530330293052.0
b2b-22230,29400,530330308013,43200,-122.22408133149337,47.28047497292998,530330308013.0
b2b-22231,29400,530330308013,43200,-122.22408133149337,47.28047497292998,530330308013.0
b2b-22238,25200,530539400101,43200,-122.31674101641444,47.21054288818284,530539400101.0
b2b-22246,20400,530530602001,43200,-122.39326567874826,47.26014659157713,530530602001.0
b2b-22255,33000,530530630002,43200,-122.46612016502182,47.186871086520135,530530630002.0
b2b-22260,34800,530330292061,43200,-122.24056201746252,47.39461586368992,530330292061.0
b2b-22262,34800,530330292061,43200,-122.24056201746252,47.39461586368992,530330292061.0
b2b-22281,30600,530330300034,43200,-122.3151264534583,47.37209036509024,530330300034.0
b2b-22294,30000,530530718071,43200,-122.500568021653,47.17071367973948,530530718071.0
b2b-22311,28200,530530718071,43200,-122.48810885998287,47.174793181326336,530530718071.0
b2b-22316,39000,530330292061,43200,-122.25129926569966,47.40482209001074,530330292061.0
b2b-22347,22200,530530718071,43200,-122.4905293044039,47.172158944223895,530530718071.0
b2b-22368,26400,530539400022,43200,-122.35742786189503,47.24690620237542,530539400022.0
b2b-22371,27600,530539400101,43200,-122.32257747751966,47.21233171509721,530539400101.0
b2b-22379,42000,530530630002,43200,-122.46612016502182,47.186871086520135,530530630002.0
b2b-22382,31800,530530718071,43200,-122.48902908696398,47.1725184454144,530530718071.0
b2b-22398,25200,530539400101,43200,-122.30637805866928,47.20505103622144,530539400101.0
b2b-22416,26400,530330262001,43200,-122.24755562972652,47.44757492525695,530330262001.0
b2b-22420,34800,530539400101,43200,-122.32257747751966,47.21233171509721,530539400101.0
b2b-22429,27600,530330292061,43200,-122.26053720365827,47.39772311327997,530330292061.0
b2b-22461,32400,530330262001,43200,-122.24755562972652,47.44757492525695,530330262001.0
b2b-22462,32400,530330262001,43200,-122.24755562972652,47.44757492525695,530330262001.0
b2b-22493,34800,530330292061,43200,-122.26053720365827,47.39772311327997,530330292061.0
b2b-22494,30600,530330292061,43200,-122.2261164070203,47.40948270574639,530330292061.0
b2b-22519,24600,530530726032,43200,-122.722177527917,47.06726163014591,530670110001.0
b2b-22526,21000,530610537001,43200,-121.06731919588896,47.75089046929392,20067.0
b2b-22530,24000,530610537001,43200,-121.4007171060678,47.41209531237868,20067.0
b2b-22542,25800,530330108001,43200,-122.34457563192096,47.554834315218855,530330108001.0
b2b-22544,48000,530330093002,43200,-122.32844525291416,47.59434862014975,530330093002.0
b2b-22554,34200,530530732003,43200,-122.722177527917,47.06726163014591,410510072021.0
b2b-22560,38400,530530732003,43200,-122.722177527917,47.06726163014591,530110410052.0
b2b-22567,34800,530530732003,43200,-122.722177527917,47.06726163014591,530110411051.0
b2b-22587,24000,530330292061,43200,-122.21836718823572,47.44039646000822,530330292061.0
b2b-22589,31800,530330323193,43200,-122.15591194092669,47.75622295926279,530330323193.0
b2b-22592,31800,530330323193,43200,-122.15591194092669,47.75622295926279,530330323193.0
b2b-22596,31800,530330323193,43200,-122.15591194092669,47.75622295926279,530330323193.0
b2b-22619,16800,530330300034,43200,-122.3151264534583,47.37209036509024,530330300034.0
b2b-22650,22800,530330262001,43200,-122.24755562972652,47.44757492525695,530330262001.0
b2b-22651,22800,530330262001,43200,-122.24755562972652,47.44757492525695,530330262001.0
b2b-22658,31200,530330292061,43200,-122.25129926569966,47.40482209001074,530330292061.0
b2b-22660,31200,530330292061,43200,-122.25129926569966,47.40482209001074,530330292061.0
b2b-22682,34200,530330262001,43200,-122.2290252142069,47.46155041074252,530330262001.0
b2b-22698,39000,530530701001,43200,-122.722177527917,47.06726163014591,20095.0
b2b-22702,31800,530530732003,43200,-122.722177527917,47.06726163014591,410430306003.0
b2b-22704,31800,530530732003,43200,-122.722177527917,47.06726163014591,410430306003.0
b2b-22710,31800,530530732003,43200,-122.722177527917,47.06726163014591,410430306003.0
b2b-22712,31800,530530732003,43200,-122.722177527917,47.06726163014591,410430306003.0
b2b-22713,31800,530530732003,43200,-122.722177527917,47.06726163014591,410430306003.0
b2b-22715,31800,530530732003,43200,-122.722177527917,47.06726163014591,410430306003.0
b2b-22719,31800,530530732003,43200,-122.722177527917,47.06726163014591,410430306003.0
b2b-22723,31800,530530732003,43200,-122.722177527917,47.06726163014591,410430306003.0
b2b-22724,31800,530530732003,43200,-122.722177527917,47.06726163014591,410430306003.0
b2b-22728,31800,530530732003,43200,-122.722177527917,47.06726163014591,410430306003.0
b2b-22731,31800,530530732003,43200,-122.722177527917,47.06726163014591,410430306003.0
b2b-22735,31800,530530732003,43200,-122.722177527917,47.06726163014591,410430306003.0
b2b-22736,31800,530530732003,43200,-122.722177527917,47.06726163014591,410430306003.0
b2b-22738,30600,530530701001,43200,-122.722177527917,47.06726163014591,20095.0
b2b-22743,33600,530530732003,43200,-122.722177527917,47.06726163014591,410430306003.0
b2b-22751,33600,530530732003,43200,-122.722177527917,47.06726163014591,410430306003.0
b2b-22777,55200,530530732003,43200,-122.722177527917,47.06726163014591,410430202001.0
b2b-22779,55200,530530732003,43200,-122.722177527917,47.06726163014591,410430202001.0
b2b-22816,31800,530530701001,43200,-122.722177527917,47.06726163014591,20095.0
b2b-22838,33000,530530701001,43200,-122.722177527917,47.06726163014591,20095.0
b2b-22847,33600,530530701001,43200,-122.722177527917,47.06726163014591,20095.0
b2b-22864,18600,530530701001,43200,-122.722177527917,47.06726163014591,20095.0
b2b-22868,33000,530530701001,43200,-122.722177527917,47.06726163014591,20095.0
b2b-22869,33000,530530701001,43200,-122.722177527917,47.06726163014591,20095.0
b2b-22883,42000,530530701001,43200,-122.722177527917,47.06726163014591,20095.0
b2b-22910,27600,530530701001,43200,-122.722177527917,47.06726163014591,20095.0
b2b-22915,25200,530530701001,43200,-122.722177527917,47.06726163014591,20095.0
b2b-22919,24600,530530701001,43200,-122.722177527917,47.06726163014591,20095.0
b2b-22937,39600,530530701001,43200,-122.722177527917,47.06726163014591,20095.0
b2b-22944,33000,530530701001,43200,-122.722177527917,47.06726163014591,20095.0
b2b-22960,21000,530530701001,43200,-122.722177527917,47.06726163014591,20095.0
b2b-22975,25800,530530701001,43200,-122.722177527917,47.06726163014591,20095.0
b2b-22976,26400,530530701001,43200,-122.722177527917,47.06726163014591,20095.0
b2b-22988,41400,530530701001,43200,-122.722177527917,47.06726163014591,20095.0
b2b-22999,34800,530530701001,43200,-122.722177527917,47.06726163014591,20095.0
b2b-23004,27000,530530701001,43200,-122.722177527917,47.06726163014591,20095.0
b2b-23006,25800,530530701001,43200,-122.722177527917,47.06726163014591,20095.0
b2b-23017,22200,530530701001,43200,-122.722177527917,47.06726163014591,20095.0
b2b-23034,26400,530530701001,43200,-122.722177527917,47.06726163014591,20095.0
b2b-23037,43800,530530701001,43200,-122.722177527917,47.06726163014591,20095.0
b2b-23063,30600,530530701001,43200,-122.722177527917,47.06726163014591,20095.0
b2b-23064,40200,530530701001,43200,-122.722177527917,47.06726163014591,20095.0
b2b-23076,31200,530530701001,43200,-122.722177527917,47.06726163014591,20095.0
b2b-23085,18000,530530701001,43200,-122.722177527917,47.06726163014591,20095.0
b2b-23097,27600,530530701001,43200,-122.722177527917,47.06726163014591,20095.0
b2b-23104,28200,530530701001,43200,-122.722177527917,47.06726163014591,20095.0
b2b-23119,50400,530530701001,43200,-122.722177527917,47.06726163014591,20095.0
b2b-23121,11400,530530701001,43200,-122.722177527917,47.06726163014591,20095.0
b2b-23126,38400,530530701001,43200,-122.722177527917,47.06726163014591,20095.0
b2b-23142,37200,530530701001,43200,-122.722177527917,47.06726163014591,20095.0
b2b-23154,36600,530530701001,43200,-122.722177527917,47.06726163014591,20095.0
b2b-23155,42600,530530701001,43200,-122.722177527917,47.06726163014591,20095.0
b2b-23169,38400,530530701001,43200,-122.722177527917,47.06726163014591,20095.0
b2b-23171,24000,530530701001,43200,-122.722177527917,47.06726163014591,20095.0
b2b-23172,25800,530530701001,43200,-122.722177527917,47.06726163014591,20095.0
b2b-23192,36600,530330112001,43200,-122.32174736286376,47.52004585831865,530330112001.0
b2b-23202,33600,530330292061,43200,-122.2219850252946,47.40621455977041,530330292061.0
b2b-23218,24600,530330305011,43200,-122.22849737858432,47.33898032725023,530330305011.0
b2b-23222,25800,530530718071,43200,-122.5106024374446,47.16890311426602,530530718071.0
b2b-23228,32400,530330303132,43200,-122.31110388973786,47.29631221418766,530330303132.0
b2b-23249,40800,530330262001,43200,-122.2496540041916,47.44582113039136,530330262001.0
b2b-23252,40800,530330262001,43200,-122.2496540041916,47.44582113039136,530330262001.0
b2b-23287,24000,530330292061,43200,-122.24267559307756,47.41360035099593,530330292061.0
b2b-23289,24000,530330292061,43200,-122.24267559307756,47.41360035099593,530330292061.0
b2b-23296,52200,530330292061,43200,-122.2466255004282,47.40263002053516,530330292061.0
b2b-23297,52200,530330292061,43200,-122.2466255004282,47.40263002053516,530330292061.0
b2b-23298,52200,530330292061,43200,-122.2466255004282,47.40263002053516,530330292061.0
b2b-23301,37200,530539400101,43200,-122.3277261727006,47.21572139097732,530539400101.0
b2b-23303,43800,530330292061,43200,-122.22842381296434,47.42179000358647,530330292061.0
b2b-23314,36600,530330112001,43200,-122.32174736286376,47.52004585831865,530330112001.0
b2b-23316,36600,530330112001,43200,-122.32174736286376,47.52004585831865,530330112001.0
b2b-23320,27600,530330292061,43200,-122.22648690252544,47.43034150776759,530330292061.0
b2b-23323,27600,530330292061,43200,-122.22648690252544,47.43034150776759,530330292061.0
b2b-23338,44400,530539400101,43200,-122.32257747751966,47.21233171509721,530539400101.0
b2b-23357,36600,530530733013,43200,-122.2446026927415,47.24248836969613,530530733013.0
b2b-23360,17400,530330288012,43200,-122.2955521191416,47.427207870079855,530330288012.0
b2b-23368,32400,530330262001,43200,-122.2278520302791,47.46176781306858,530330262001.0
b2b-23376,21600,530330320111,43200,-122.02210375123823,47.36875968236384,530330320111.0
b2b-23387,32400,530330292061,43200,-122.22921289867084,47.43006062760345,530330292061.0
b2b-23388,32400,530330292061,43200,-122.22921289867084,47.43006062760345,530330292061.0
b2b-23408,42000,530330288021,43200,-122.29325783815048,47.42972858442792,530330288021.0
b2b-23422,28200,530539400101,43200,-122.32757000594314,47.21618979075579,530539400101.0
b2b-23430,27000,530330112001,43200,-122.32174736286376,47.52004585831865,530330112001.0
b2b-23445,33600,530530712073,43200,-122.29211447723658,47.16255800375999,530530712073.0
b2b-23455,27600,530330292061,43200,-122.21836718823572,47.44039646000822,530330292061.0
b2b-23461,47400,530330262001,43200,-122.2290252142069,47.46155041074252,530330262001.0
b2b-23471,28800,530530616021,43200,-122.43926310811304,47.2397646377971,530530616021.0
b2b-23472,28800,530530616021,43200,-122.43926310811304,47.2397646377971,530530616021.0
b2b-23486,36600,530330292061,43200,-122.2466255004282,47.40263002053516,530330292061.0
b2b-23487,36600,530330292061,43200,-122.2466255004282,47.40263002053516,530330292061.0
b2b-23491,39000,530330292061,43200,-122.24056201746252,47.39461586368992,530330292061.0
b2b-23497,22800,530330112001,43200,-122.32687650357458,47.52841646447181,530330112001.0
b2b-23504,30600,530330305011,43200,-122.2359635397136,47.31700162608042,530330305011.0
b2b-23505,30600,530330305011,43200,-122.2359635397136,47.31700162608042,530330305011.0
b2b-23515,28800,530330292061,43200,-122.24744587546697,47.42972546277571,530330292061.0
b2b-23528,33000,530330284024,43200,-122.32152014229943,47.44506623347763,530330284024.0
b2b-23533,35400,530530715034,43200,-122.46392270816584,47.13197724177888,530530715034.0
b2b-23564,21600,530330112001,43200,-122.32035707123552,47.520051632541886,530330112001.0
b2b-23571,20400,530330292061,43200,-122.24439523062424,47.42834273400586,530330292061.0
b2b-23586,31800,530330288021,43200,-122.29451093345496,47.4272772471893,530330288021.0
b2b-23600,22200,530330302024,43200,-122.32576640694958,47.31550579734827,530330302024.0
b2b-23636,25800,530330305011,43200,-122.23594020605552,47.31009619790285,530330305011.0
b2b-23639,6600,530330292061,43200,-122.26053720365827,47.39772311327997,530330292061.0
b2b-23641,24000,530330112001,43200,-122.32174736286376,47.52004585831865,530330112001.0
b2b-23651,37800,530330093003,43200,-122.3249270574142,47.566139078388495,530330093003.0
b2b-23667,24600,530330112001,43200,-122.32174736286376,47.52004585831865,530330112001.0
b2b-23685,39000,530610413042,43200,-122.24715468374436,47.925310776455525,530610413042.0
b2b-23724,34800,530350921002,43200,-122.79780057844646,47.47041545337575,530350921002.0
b2b-23759,31800,530610413042,43200,-122.2625926823838,47.93838660614811,530610413042.0
b2b-23774,25800,530610413042,43200,-122.2625926823838,47.93838660614811,530610413042.0
b2b-23793,35400,530330262001,43200,-122.24755562972652,47.44757492525695,530330262001.0
b2b-23794,24000,530350902022,43200,-122.5961576454316,47.787507301352434,530350902022.0
b2b-23809,20400,530330305011,43200,-122.23958370965552,47.306272979743525,530330305011.0
b2b-23828,45000,530610515002,43200,-122.31775581966713,47.821032296540565,530610515002.0
b2b-23829,45000,530610515002,43200,-122.31775581966713,47.821032296540565,530610515002.0
b2b-23870,37200,530610408002,43200,-122.2134467601275,47.97825674877105,530610408002.0
b2b-23883,34800,530330292061,43200,-122.24601183335676,47.38375430732682,530330292061.0
b2b-23897,26400,530610413042,43200,-122.27671607076084,47.94183817280873,530610413042.0
b2b-23926,34200,530330262001,43200,-122.24755562972652,47.44757492525695,530330262001.0
b2b-23929,34800,530330109001,43200,-122.30470617701212,47.53312488896969,530330109001.0
b2b-23933,25800,530610408002,43200,-122.2134467601275,47.97825674877105,530610408002.0
b2b-23961,45600,530330093002,43200,-122.32844525291416,47.59434862014975,530330093002.0
b2b-23971,45000,530330292061,43200,-122.21836718823572,47.44039646000822,530330292061.0
b2b-23972,45000,530330292061,43200,-122.21836718823572,47.44039646000822,530330292061.0
b2b-23973,45000,530330292061,43200,-122.21836718823572,47.44039646000822,530330292061.0
b2b-23988,27000,530330292061,43200,-122.2261164070203,47.40948270574639,530330292061.0
b2b-24004,23400,530330292061,43200,-122.24056201746252,47.39461586368992,530330292061.0
b2b-24023,0,530350918001,43200,-122.62744818437224,47.608075089217,530350918001.0
b2b-24029,28800,530610413042,43200,-122.24487100066604,47.92655488481847,530610413042.0
b2b-24032,39600,530610521083,43200,-122.10032674571958,47.83084469492899,530610521083.0
b2b-24046,24600,530330292061,43200,-122.26053720365827,47.39772311327997,530330292061.0
b2b-24057,44400,530330099004,43200,-122.36202319032606,47.57057131767807,530330099004.0
b2b-24061,33000,530610419032,43200,-122.2636103628616,47.90846344531121,530610419032.0
b2b-24069,22800,530330292061,43200,-122.24734350412533,47.41059463958294,530330292061.0
b2b-24071,27000,530330109001,43200,-122.30470617701212,47.53312488896969,530330109001.0
b2b-24089,28200,530330093003,43200,-122.3249270574142,47.566139078388495,530330093003.0
b2b-24091,28200,530330093003,43200,-122.3249270574142,47.566139078388495,530330093003.0
b2b-24094,34200,530330265002,43200,-122.35458225098962,47.51367176580192,530330265002.0
b2b-24112,24600,530330305011,43200,-122.22849737858432,47.33898032725023,530330305011.0
b2b-24116,18600,530610413042,43200,-122.24161762983748,47.92646789569307,530610413042.0
b2b-24122,31800,530330262001,43200,-122.2278520302791,47.46176781306858,530330262001.0
b2b-24126,35400,530330093003,43200,-122.322886866017,47.564164116643255,530330093003.0
b2b-24136,34800,530330292061,43200,-122.2261164070203,47.40948270574639,530330292061.0
b2b-24139,34800,530330292061,43200,-122.2261164070203,47.40948270574639,530330292061.0
b2b-24153,52800,530330099004,43200,-122.36202319032606,47.57057131767807,530330099004.0
b2b-24162,1200,530610521083,43200,-122.10032674571958,47.83084469492899,530610521083.0
b2b-24182,33600,530330108001,43200,-122.34457563192096,47.554834315218855,530330108001.0
b2b-24183,33600,530330112001,43200,-122.32687650357458,47.52841646447181,530330112001.0
b2b-24193,46800,530330292061,43200,-122.2466255004282,47.40263002053516,530330292061.0
b2b-24197,30000,530610535091,43200,-122.14717269258814,48.17551092473751,530610535091.0
b2b-24211,31800,530330093003,43200,-122.3418644609965,47.56446776310541,530330093003.0
b2b-24214,31800,530330093003,43200,-122.3418644609965,47.56446776310541,530330093003.0
b2b-24218,31800,530330093003,43200,-122.3418644609965,47.56446776310541,530330093003.0
b2b-24227,19200,530530732003,43200,-122.722177527917,47.06726163014591,410470025021.0
b2b-24230,19200,530530732003,43200,-122.722177527917,47.06726163014591,410470025021.0
b2b-24232,19200,530530732003,43200,-122.722177527917,47.06726163014591,410470025021.0
b2b-24235,19200,530530732003,43200,-122.722177527917,47.06726163014591,410470025021.0
b2b-24240,27600,530330112001,43200,-122.32174736286376,47.52004585831865,530330112001.0
b2b-24242,27600,530330112001,43200,-122.32174736286376,47.52004585831865,530330112001.0
b2b-24244,27600,530330112001,43200,-122.32174736286376,47.52004585831865,530330112001.0
b2b-24266,27000,530330292061,43200,-122.2261164070203,47.40948270574639,530330292061.0
b2b-24272,27000,530330292061,43200,-122.2261164070203,47.40948270574639,530330292061.0
b2b-24274,32400,530539400101,43200,-122.309464547017,47.207128779391006,530539400101.0
b2b-24290,26400,530330263001,43200,-122.30285209992728,47.5225614976096,530330263001.0
b2b-24305,33000,530330288012,43200,-122.2955521191416,47.427207870079855,530330288012.0
b2b-24317,28200,530330292061,43200,-122.242452751722,47.43186966446831,530330292061.0
b2b-24319,28200,530330292061,43200,-122.242452751722,47.43186966446831,530330292061.0
b2b-24320,28200,530330292061,43200,-122.242452751722,47.43186966446831,530330292061.0
b2b-24328,25800,530539400101,43200,-122.33383167315928,47.219411595134886,530539400101.0
b2b-24349,19200,530530602001,43200,-122.39326567874826,47.26014659157713,530530602001.0
b2b-24351,19200,530530602001,43200,-122.39326567874826,47.26014659157713,530530602001.0
b2b-24364,29400,530530616021,43200,-122.43926310811304,47.2397646377971,530530616021.0
b2b-24367,29400,530539400101,43200,-122.2885739746736,47.20517820151372,530539400101.0
b2b-24392,27000,530330262001,43200,-122.2496540041916,47.44582113039136,530330262001.0
b2b-24394,25200,530539400101,43200,-122.31027225183443,47.21555713921264,530539400101.0
b2b-24404,25800,530330093003,43200,-122.3418644609965,47.56446776310541,530330093003.0
b2b-24410,34800,530330208002,43200,-122.35446167606062,47.751961157097455,530330208002.0
b2b-24420,27600,530530626001,43200,-122.4845072211217,47.21089527485868,530530626001.0
b2b-24432,43200,530530718071,43200,-122.500568021653,47.17071367973948,530530718071.0
b2b-24446,34200,530330219054,43200,-122.17617221489913,47.73437617084349,530330219054.0
b2b-24463,31800,530330112001,43200,-122.32174736286376,47.52004585831865,530330112001.0
b2b-24464,31800,530330112001,43200,-122.32174736286376,47.52004585831865,530330112001.0
b2b-24465,31800,530330112001,43200,-122.32174736286376,47.52004585831865,530330112001.0
b2b-24473,25200,530330305011,43200,-122.24650417012188,47.33978738855784,530330305011.0
b2b-24481,24000,530530732003,43200,-122.722177527917,47.06726163014591,410470025021.0
b2b-24487,24000,530530732003,43200,-122.722177527917,47.06726163014591,410470025021.0
b2b-24491,24000,530530732003,43200,-122.722177527917,47.06726163014591,410470025021.0
b2b-24492,24000,530530732003,43200,-122.722177527917,47.06726163014591,410470025021.0
b2b-24520,33600,530330099004,43200,-122.36202319032606,47.57057131767807,530330099004.0
b2b-24562,26400,530610413042,43200,-122.27671607076084,47.94183817280873,530610413042.0
b2b-24599,22200,530330263002,43200,-122.29196754117818,47.50281703900647,530330263002.0
b2b-24603,23400,530330292061,43200,-122.22842381296434,47.42179000358647,530330292061.0
b2b-24629,31200,530610512001,43200,-122.30182104755622,47.80350686920909,530610512001.0
b2b-24642,33600,530610413042,43200,-122.24487100066604,47.92655488481847,530610413042.0
b2b-24643,33600,530610413042,43200,-122.24487100066604,47.92655488481847,530610413042.0
b2b-24663,24000,530330323193,43200,-122.15591194092669,47.75622295926279,530330323193.0
b2b-24698,30000,530330112001,43200,-122.32687650357458,47.52841646447181,530330112001.0
b2b-24706,29400,530330262001,43200,-122.2290252142069,47.46155041074252,530330262001.0
b2b-24728,31800,530330248002,43200,-122.14722113658976,47.578706107328365,530330248002.0
b2b-24732,24600,530330292061,43200,-122.24601183335676,47.38375430732682,530330292061.0
b2b-24745,22800,530330112001,43200,-122.32174736286376,47.52004585831865,530330112001.0
b2b-24766,27000,530330324011,43200,-121.9879154996572,47.73398865592733,530330324011.0
b2b-24768,29400,530330288021,43200,-122.29325783815048,47.42972858442792,530330288021.0
b2b-24772,30600,530330262001,43200,-122.2278520302791,47.46176781306858,530330262001.0
b2b-24783,25800,530330109001,43200,-122.30470617701212,47.53312488896969,530330109001.0
b2b-24789,19200,530330262001,43200,-122.24755562972652,47.44757492525695,530330262001.0
b2b-24792,28200,530330262001,43200,-122.24755562972652,47.44757492525695,530330262001.0
b2b-24800,28200,530330320111,43200,-122.02210375123823,47.36875968236384,530330320111.0
b2b-24803,33600,530610512001,43200,-122.30182104755622,47.80350686920909,530610512001.0
b2b-24806,33600,530610512001,43200,-122.30182104755622,47.80350686920909,530610512001.0
b2b-24818,34200,530330308011,43200,-122.2339427902764,47.28919712374434,530330308011.0
b2b-24832,37800,530330262001,43200,-122.24755562972652,47.44757492525695,530330262001.0
b2b-24841,35400,530330093003,43200,-122.322886866017,47.564164116643255,530330093003.0
b2b-24873,30000,530330093003,43200,-122.3249270574142,47.566139078388495,530330093003.0
b2b-24874,30000,530330093003,43200,-122.3249270574142,47.566139078388495,530330093003.0
b2b-24875,30000,530330093003,43200,-122.3249270574142,47.566139078388495,530330093003.0
b2b-24906,41400,530330262001,43200,-122.24755562972652,47.44757492525695,530330262001.0
b2b-24910,33600,530330292061,43200,-122.2466255004282,47.40263002053516,530330292061.0
b2b-24913,33600,530330292061,43200,-122.2466255004282,47.40263002053516,530330292061.0
b2b-24940,21600,530610519121,43200,-122.13582582162051,47.79614356695027,530610519121.0
b2b-24944,27600,530530729061,43200,-122.722177527917,47.06726163014591,530419708004.0
b2b-24953,46200,530530729061,43200,-122.722177527917,47.06726163014591,530670126101.0
b2b-24961,28800,530530701001,43200,-122.722177527917,47.06726163014591,20118.0
b2b-24974,48000,530530701001,43200,-122.722177527917,47.06726163014591,20071.0
b2b-24988,31200,530539400101,43200,-122.31674101641444,47.21054288818284,530539400101.0
b2b-24995,25200,530330263001,43200,-122.30285209992728,47.5225614976096,530330263001.0
b2b-24999,29400,530330262001,43200,-122.2290252142069,47.46155041074252,530330262001.0
b2b-25008,22200,530530726032,43200,-122.722177527917,47.06726163014591,530270007003.0
b2b-25012,37800,530530726032,43200,-122.722177527917,47.06726163014591,530670101001.0
b2b-25021,22800,530330093002,43200,-122.32844525291416,47.59434862014975,530330093002.0
b2b-25025,22800,530330093002,43200,-122.32844525291416,47.59434862014975,530330093002.0
b2b-25031,22800,530330093002,43200,-122.32844525291416,47.59434862014975,530330093002.0
b2b-25060,21000,530539400022,43200,-122.35686651179935,47.25411486712436,530539400022.0
b2b-25072,19800,530330292061,43200,-122.26053720365827,47.39772311327997,530330292061.0
b2b-25078,46800,530330288012,43200,-122.2955521191416,47.427207870079855,530330288012.0
b2b-25111,5400,530610413042,43200,-122.27671607076084,47.94183817280873,530610413042.0
b2b-25130,33000,530330292061,43200,-122.25973494535036,47.39787073637287,530330292061.0
b2b-25137,29400,530330292061,43200,-122.24056201746252,47.39461586368992,530330292061.0
b2b-25146,31800,530610521083,43200,-122.10032674571958,47.83084469492899,530610521083.0
b2b-25148,22800,530530732003,43200,-122.722177527917,47.06726163014591,530150015025.0
b2b-25150,32400,530610413042,43200,-122.2625926823838,47.93838660614811,530610413042.0
b2b-25159,25200,530330006003,43200,-122.34312176693857,47.72179273290979,530330006003.0
b2b-25199,31200,530530701001,43200,-122.722177527917,47.06726163014591,20071.0
b2b-25201,39600,530530729061,43200,-122.722177527917,47.06726163014591,530670126102.0
b2b-25212,27000,530530718071,43200,-122.5106024374446,47.16890311426602,530530718071.0
b2b-25218,35400,530330093002,43200,-122.32844525291416,47.59434862014975,530330093002.0
b2b-25223,35400,530330093002,43200,-122.32844525291416,47.59434862014975,530330093002.0
b2b-25225,28800,530330309011,43200,-122.24880711528763,47.293853492588525,530330309011.0
b2b-25235,39000,530330303132,43200,-122.32193990496484,47.29940756654714,530330303132.0
b2b-25250,27000,530610413042,43200,-122.24715468374436,47.925310776455525,530610413042.0
b2b-25251,27000,530610413042,43200,-122.24715468374436,47.925310776455525,530610413042.0
b2b-25258,24000,530330302024,43200,-122.32576640694958,47.31550579734827,530330302024.0
b2b-25266,31200,530330263001,43200,-122.30285209992728,47.5225614976096,530330263001.0
b2b-25279,29400,530330302024,43200,-122.32576640694958,47.31550579734827,530330302024.0
b2b-25282,29400,530330302024,43200,-122.32576640694958,47.31550579734827,530330302024.0
b2b-25283,29400,530330302024,43200,-122.32576640694958,47.31550579734827,530330302024.0
b2b-25289,24600,530330284024,43200,-122.2975328666465,47.44411589738979,530330284024.0
b2b-25292,24600,530330284024,43200,-122.2975328666465,47.44411589738979,530330284024.0
b2b-25295,30000,530530602001,43200,-122.39326567874826,47.26014659157713,530530602001.0
b2b-25301,9000,530530616011,43200,-122.4417524655116,47.25262696949706,530530616011.0
b2b-25305,19200,530530732003,43200,-122.722177527917,47.06726163014591,410530203025.0
b2b-25337,28800,530530732003,43200,-122.722177527917,47.06726163014591,410430202001.0
b2b-25339,26400,530530732003,43200,-122.722177527917,47.06726163014591,410430306003.0
b2b-25354,28200,530330288013,43200,-122.3016724325364,47.42196724627311,530330288013.0
b2b-25376,24000,530530732003,43200,-122.722177527917,47.06726163014591,410470025021.0
b2b-25377,24000,530530732003,43200,-122.722177527917,47.06726163014591,410470025021.0
b2b-25388,24000,530530732003,43200,-122.722177527917,47.06726163014591,410470025021.0
b2b-25400,29400,530539400101,43200,-122.31027225183443,47.21555713921264,530539400101.0
b2b-25457,30600,530530732003,43200,-122.722177527917,47.06726163014591,410510096041.0
b2b-25469,37200,530530732003,43200,-122.722177527917,47.06726163014591,530110410052.0
b2b-25481,43800,530530732003,43200,-122.722177527917,47.06726163014591,410510043001.0
b2b-25485,30600,530530732003,43200,-122.722177527917,47.06726163014591,530110410052.0
b2b-25502,48600,530530729061,43200,-122.722177527917,47.06726163014591,530419708002.0
b2b-25519,36000,530530732003,43200,-122.722177527917,47.06726163014591,410510072021.0
b2b-25548,28200,530610537001,43200,-121.4007171060678,47.41209531237868,530630114003.0
b2b-25553,28200,530530726032,43200,-122.722177527917,47.06726163014591,530670110001.0
b2b-25558,31800,530530728001,43200,-122.722177527917,47.06726163014591,530670122222.0
b2b-25571,22800,530530729061,43200,-122.722177527917,47.06726163014591,530419714002.0
b2b-25575,22800,530530729061,43200,-122.722177527917,47.06726163014591,530419714002.0
b2b-25579,23400,530530728001,43200,-122.722177527917,47.06726163014591,530670122222.0
b2b-25588,30000,530530729061,43200,-122.722177527917,47.06726163014591,530419708002.0
b2b-25615,31200,530610413042,43200,-122.24487100066604,47.92655488481847,530610413042.0
b2b-25628,54000,530610413042,43200,-122.2625926823838,47.93838660614811,530610413042.0
b2b-25629,54000,530610413042,43200,-122.2625926823838,47.93838660614811,530610413042.0
b2b-25635,27600,530330262001,43200,-122.2290252142069,47.46155041074252,530330262001.0
b2b-25637,27600,530330262001,43200,-122.2290252142069,47.46155041074252,530330262001.0
b2b-25643,37200,530610413042,43200,-122.2625926823838,47.93838660614811,530610413042.0
b2b-25650,29400,530330262001,43200,-122.24755562972652,47.44757492525695,530330262001.0
b2b-25656,43800,530539400101,43200,-122.31027225183443,47.21555713921264,530539400101.0
b2b-25671,33600,530330219054,43200,-122.17617221489913,47.73437617084349,530330219054.0
b2b-25688,28200,530330059001,43200,-122.36203365710163,47.65328838118956,530330059001.0
b2b-25692,22800,530330284024,43200,-122.32662210712952,47.444800309911074,530330284024.0
b2b-25693,22800,530330284024,43200,-122.32662210712952,47.444800309911074,530330284024.0
b2b-25694,22800,530330284024,43200,-122.32662210712952,47.444800309911074,530330284024.0
b2b-25713,15600,530330112001,43200,-122.32086653376768,47.52172010098323,530330112001.0
b2b-25716,48000,530330288012,43200,-122.2955521191416,47.427207870079855,530330288012.0
b2b-25727,42000,530330219054,43200,-122.17617221489913,47.73437617084349,530330219054.0
b2b-25731,42000,530330219054,43200,-122.17617221489913,47.73437617084349,530330219054.0
b2b-25736,36000,530350918001,43200,-122.62744818437224,47.608075089217,530350918001.0
b2b-25747,11400,530330323133,43200,-122.09235356281609,47.67513883694862,530330323133.0
b2b-25767,39000,530330292061,43200,-122.24601183335676,47.38375430732682,530330292061.0
b2b-25771,10200,530330292061,43200,-122.23718271966234,47.42485691334685,530330292061.0
b2b-25772,10200,530330292061,43200,-122.23718271966234,47.42485691334685,530330292061.0
b2b-25779,26400,530610521083,43200,-122.10032674571958,47.83084469492899,530610521083.0
b2b-25785,27000,530330108001,43200,-122.34457563192096,47.554834315218855,530330108001.0
b2b-25807,2400,530610419032,43200,-122.2648284974722,47.91340365475171,530610419032.0
b2b-25815,28200,530330112001,43200,-122.32687650357458,47.52841646447181,530330112001.0
b2b-25827,42600,530330292061,43200,-122.22842381296434,47.42179000358647,530330292061.0
b2b-25833,30600,530330292061,43200,-122.2466255004282,47.40263002053516,530330292061.0
b2b-25834,22200,530610512001,43200,-122.30182104755622,47.80350686920909,530610512001.0
b2b-25845,23400,530330292061,43200,-122.24601183335676,47.38375430732682,530330292061.0
b2b-25857,30600,530330323133,43200,-122.09235356281609,47.67513883694862,530330323133.0
b2b-25867,35400,530610521083,43200,-122.10032674571958,47.83084469492899,530610521083.0
b2b-25876,34200,530610515002,43200,-122.31775581966713,47.821032296540565,530610515002.0
b2b-25904,33600,530350918001,43200,-122.62744818437224,47.608075089217,530350918001.0
b2b-25913,34200,530610413042,43200,-122.2625926823838,47.93838660614811,530610413042.0
b2b-25924,40200,530330112001,43200,-122.32035707123552,47.520051632541886,530330112001.0
b2b-25926,40200,530330112001,43200,-122.32035707123552,47.520051632541886,530330112001.0
b2b-25928,40200,530330112001,43200,-122.32035707123552,47.520051632541886,530330112001.0
b2b-25947,21000,530330292061,43200,-122.2261164070203,47.40948270574639,530330292061.0
b2b-25967,14400,530330292061,43200,-122.24636982262818,47.39623896335237,530330292061.0
b2b-25982,24000,530330305011,43200,-122.22516192237144,47.33869703570648,530330305011.0
b2b-26021,25800,530610413042,43200,-122.24715468374436,47.925310776455525,530610413042.0
b2b-26025,15000,530330320111,43200,-122.0208840011324,47.36279936165376,530330320111.0
b2b-26026,15000,530330320111,43200,-122.0208840011324,47.36279936165376,530330320111.0
b2b-26029,15000,530330320111,43200,-122.0208840011324,47.36279936165376,530330320111.0
b2b-26048,30000,530330093002,43200,-122.32844525291416,47.59434862014975,530330093002.0
b2b-26057,30000,530330093002,43200,-122.32844525291416,47.59434862014975,530330093002.0
b2b-26074,0,530330305011,43200,-122.2359635397136,47.31700162608042,530330305011.0
b2b-26075,0,530330305011,43200,-122.2359635397136,47.31700162608042,530330305011.0
b2b-26076,0,530330305011,43200,-122.2359635397136,47.31700162608042,530330305011.0
b2b-26077,0,530330305011,43200,-122.2359635397136,47.31700162608042,530330305011.0
b2b-26094,37800,530530732003,43200,-122.722177527917,47.06726163014591,410510072021.0
b2b-26097,30000,530530729061,43200,-122.722177527917,47.06726163014591,530419708002.0
b2b-26110,34800,530530729061,43200,-122.722177527917,47.06726163014591,530670126101.0
b2b-26112,24600,530530726032,43200,-122.722177527917,47.06726163014591,530270007003.0
b2b-26128,40200,530330323193,43200,-122.15591194092669,47.75622295926279,530330323193.0
b2b-26151,4200,530610413042,43200,-122.24487100066604,47.92655488481847,530610413042.0
b2b-26166,32400,530330292061,43200,-122.23631678840374,47.433358759321,530330292061.0
b2b-26175,24000,530610533014,43200,-122.31610846863688,48.31193108584794,530579521003.0
b2b-26177,24000,530610533014,43200,-122.31610846863688,48.31193108584794,530579521003.0
b2b-26182,34800,530610533024,43200,-122.31610846863688,48.31193108584794,530579526003.0
b2b-26198,41400,530350918001,43200,-122.62400027831414,47.6110750541063,530350918001.0
b2b-26206,34800,530530718071,43200,-122.500568021653,47.17071367973948,530530718071.0
b2b-26207,34800,530530718071,43200,-122.500568021653,47.17071367973948,530530718071.0
b2b-26208,34800,530530718071,43200,-122.500568021653,47.17071367973948,530530718071.0
b2b-26218,45600,530530732003,43200,-122.58014198329504,46.93344098049039,410430306003.0
b2b-26223,45600,530530732003,43200,-122.722177527917,47.06726163014591,410430306003.0
b2b-26245,24600,530530726032,43200,-122.722177527917,47.06726163014591,530670109104.0
b2b-26246,24600,530530726032,43200,-122.722177527917,47.06726163014591,530670109104.0
b2b-26249,33600,530530715034,43200,-122.46392270816584,47.13197724177888,530530715034.0
b2b-26254,45000,530530728001,43200,-122.722177527917,47.06726163014591,530670122222.0
b2b-26265,19200,530530726032,43200,-122.58014198329504,46.93344098049039,530270007003.0
b2b-26272,45600,530330292061,43200,-122.24439523062424,47.42834273400586,530330292061.0
b2b-26279,39000,530330292061,43200,-122.21836718823572,47.44039646000822,530330292061.0
b2b-26294,45000,530330292061,43200,-122.26097489637046,47.39923145529004,530330292061.0
b2b-26306,31800,530610537001,43200,-121.4007171060678,47.41209531237868,530630114003.0
b2b-26320,41400,530330059001,43200,-122.36203365710163,47.65328838118956,530330059001.0
b2b-26324,27600,530530726032,43200,-122.722177527917,47.06726163014591,530670101001.0
b2b-26343,7200,530330292061,43200,-122.24636982262818,47.39623896335237,530330292061.0
b2b-26350,32400,530330292061,43200,-122.24734350412533,47.41059463958294,530330292061.0
b2b-26358,22200,530530732004,43200,-122.722177527917,47.06726163014591,20010.0
b2b-26369,30600,530530732004,43200,-122.722177527917,47.06726163014591,20010.0
b2b-26396,37800,530610535091,43200,-122.14717269258814,48.17551092473751,530610535091.0
b2b-26402,37800,530610535091,43200,-122.14717269258814,48.17551092473751,530610535091.0
b2b-26403,37800,530610535091,43200,-122.14717269258814,48.17551092473751,530610535091.0
b2b-26410,29400,530610533014,43200,-122.31610846863688,48.31193108584794,530579519002.0
b2b-26412,29400,530610533014,43200,-122.31610846863688,48.31193108584794,530579519002.0
b2b-26430,7200,530610533012,43200,-122.33751829834536,48.26529306117609,530610533012.0
b2b-26435,33600,530610533024,43200,-122.31610846863688,48.31193108584794,530579526003.0
b2b-26447,31800,530610533014,43200,-122.31610846863688,48.31193108584794,530579519002.0
b2b-26448,30600,530610533014,43200,-122.31610846863688,48.31193108584794,530579521003.0
b2b-26464,46200,530610531021,43200,-122.18926352767066,48.15103162024127,530610531021.0
b2b-26498,21600,530610533014,43200,-122.31610846863688,48.31193108584794,530579519002.0
b2b-26499,21600,530610533014,43200,-122.31610846863688,48.31193108584794,530579519002.0
b2b-26505,34200,530610535091,43200,-122.14717269258814,48.17551092473751,530610535091.0
b2b-26511,21600,530610533024,43200,-122.31610846863688,48.31193108584794,530579526003.0
b2b-26512,21600,530610533024,43200,-122.31610846863688,48.31193108584794,530579526003.0
b2b-26521,19200,530610533012,43200,-122.33751829834536,48.26529306117609,530610533012.0
b2b-26544,39600,530610419032,43200,-122.2648284974722,47.91340365475171,530610419032.0
b2b-26559,19800,530330093003,43200,-122.322886866017,47.564164116643255,530330093003.0
b2b-26568,29400,530330292061,43200,-122.22265286317628,47.40551039167936,530330292061.0
b2b-26569,22200,530530732003,43200,-122.722177527917,47.06726163014591,410510072021.0
b2b-26585,21000,530330292061,43200,-122.24056201746252,47.39461586368992,530330292061.0
b2b-26602,33000,530539400022,43200,-122.35833344278102,47.25256365687772,530539400022.0
b2b-26650,46800,530610413042,43200,-122.27671607076084,47.94183817280873,530610413042.0
b2b-26671,33000,530530732003,43200,-122.722177527917,47.06726163014591,410430306003.0
b2b-26688,37800,530539400101,43200,-122.30281871639434,47.20629445157994,530539400101.0
b2b-26715,5400,530330099004,43200,-122.36202319032606,47.57057131767807,530330099004.0
b2b-26716,5400,530330099004,43200,-122.36202319032606,47.57057131767807,530330099004.0
b2b-26732,25800,530330263002,43200,-122.29196754117818,47.50281703900647,530330263002.0
b2b-26751,24000,530330112001,43200,-122.32174736286376,47.52004585831865,530330112001.0
b2b-26757,28200,530330112001,43200,-122.32687650357458,47.52841646447181,530330112001.0
b2b-26769,27600,530530718071,43200,-122.48810885998287,47.174793181326336,530530718071.0
b2b-26771,42600,530530729061,43200,-122.722177527917,47.06726163014591,530670126102.0
b2b-26781,38400,530330262001,43200,-122.21725980351802,47.45464441357022,530330262001.0
b2b-26782,31200,530530728001,43200,-122.722177527917,47.06726163014591,530670122222.0
b2b-26791,29400,530330262001,43200,-122.2290252142069,47.46155041074252,530330262001.0
b2b-26794,29400,530330262001,43200,-122.2290252142069,47.46155041074252,530330262001.0
b2b-26798,29400,530330262001,43200,-122.2290252142069,47.46155041074252,530330262001.0
b2b-26801,38400,530330292061,43200,-122.22648690252544,47.43034150776759,530330292061.0
b2b-26815,34200,530350918001,43200,-122.62400027831414,47.6110750541063,530350918001.0
b2b-26817,34200,530350918001,43200,-122.62400027831414,47.6110750541063,530350918001.0
b2b-26833,36000,530330093003,43200,-122.322886866017,47.564164116643255,530330093003.0
b2b-26843,27000,530330059001,43200,-122.36203365710163,47.65328838118956,530330059001.0
b2b-26850,50400,530330292061,43200,-122.23718271966234,47.42485691334685,530330292061.0
b2b-26875,41400,530330320111,43200,-122.0208840011324,47.36279936165376,530330320111.0
b2b-26881,55200,530539400101,43200,-122.31674477200006,47.21058663029962,530539400101.0
b2b-26883,19200,530610537001,43200,-121.4007171060678,47.41209531237868,530630137001.0
b2b-26891,22800,530610537001,43200,-121.4007171060678,47.41209531237868,530630145003.0
b2b-26904,22800,530530732003,43200,-122.722177527917,47.06726163014591,410510102001.0
b2b-26919,15600,530330284024,43200,-122.32152014229943,47.44506623347763,530330284024.0
b2b-26924,29400,530530732004,43200,-122.722177527917,47.06726163014591,20014.0
b2b-26925,29400,530530732004,43200,-122.722177527917,47.06726163014591,20014.0
b2b-26931,28800,530530732004,43200,-122.722177527917,47.06726163014591,20014.0
b2b-26934,34800,530530732004,43200,-122.722177527917,47.06726163014591,20014.0
b2b-26944,30000,530330093003,43200,-122.322886866017,47.564164116643255,530330093003.0
b2b-26962,28800,530610515002,43200,-122.31775581966713,47.821032296540565,530610515002.0
b2b-26963,28800,530610515002,43200,-122.31775581966713,47.821032296540565,530610515002.0
b2b-26964,31800,530330219041,43200,-122.16026445620614,47.71203445538508,530330219041.0
b2b-26966,18000,530530718071,43200,-122.5106024374446,47.16890311426602,530530718071.0
b2b-26970,18000,530530718071,43200,-122.5106024374446,47.16890311426602,530530718071.0
b2b-26992,31200,530610419032,43200,-122.2636103628616,47.90846344531121,530610419032.0
b2b-26999,51000,530610418052,43200,-122.22121314752034,47.908362534969,530610418052.0
b2b-27000,20400,530530616011,43200,-122.4417524655116,47.25262696949706,530530616011.0
b2b-27002,20400,530530616011,43200,-122.4417524655116,47.25262696949706,530530616011.0
b2b-27006,22200,530350921002,43200,-122.79780057844646,47.47041545337575,530350921002.0
b2b-27007,22200,530350921002,43200,-122.79780057844646,47.47041545337575,530350921002.0
b2b-27024,45000,530330263002,43200,-122.29196754117818,47.50281703900647,530330263002.0
b2b-27049,27000,530530732003,43200,-122.722177527917,47.06726163014591,410430306003.0
b2b-27061,35400,530330315021,43200,-121.4007171060678,47.41209531237868,530050108053.0
b2b-27072,36000,530330315021,43200,-121.4007171060678,47.41209531237868,530210201001.0
b2b-27083,34200,530330315021,43200,-121.4007171060678,47.41209531237868,530210201005.0
b2b-27092,36000,530330315021,43200,-121.4007171060678,47.41209531237868,530210201001.0
b2b-27131,28200,530610533014,43200,-122.31610846863688,48.31193108584794,530730103021.0
b2b-27141,27000,530330071001,43200,-122.3673331869987,47.62631707120799,530330071001.0
b2b-27145,18600,530539400022,43200,-122.35833344278102,47.25256365687772,530539400022.0
b2b-27152,33600,530330308013,43200,-122.22408133149337,47.28047497292998,530330308013.0
b2b-27154,19200,530330303132,43200,-122.31984757382251,47.296933715280765,530330303132.0
b2b-27176,18600,530330108001,43200,-122.34457563192096,47.554834315218855,530330108001.0
b2b-27193,36000,530530701001,43200,-122.722177527917,47.06726163014591,20071.0
b2b-27206,38400,530539400022,43200,-122.36056134818172,47.24019179014105,530539400022.0
b2b-27226,48600,530539400101,43200,-122.32757000594314,47.21618979075579,530539400101.0
b2b-27232,25800,530539400101,43200,-122.30359404279316,47.205853431591024,530539400101.0
b2b-27236,25800,530539400101,43200,-122.28674964853876,47.20743388122544,530539400101.0
b2b-27250,30600,530539400101,43200,-122.3277261727006,47.21572139097732,530539400101.0
b2b-27257,25800,530330292061,43200,-122.24636982262818,47.39623896335237,530330292061.0
b2b-27260,25800,530330292061,43200,-122.24636982262818,47.39623896335237,530330292061.0
b2b-27262,25800,530330292061,43200,-122.24636982262818,47.39623896335237,530330292061.0
b2b-27264,26400,530330284024,43200,-122.2975328666465,47.44411589738979,530330284024.0
b2b-27302,27000,530530701001,43200,-122.722177527917,47.06726163014591,20009.0
b2b-27305,33600,530330320111,43200,-122.02210375123823,47.36875968236384,530330320111.0
b2b-27313,48000,530330093003,43200,-122.3249270574142,47.566139078388495,530330093003.0
b2b-27316,31800,530530701001,43200,-122.722177527917,47.06726163014591,20071.0
b2b-27320,33600,530530701001,43200,-122.722177527917,47.06726163014591,20071.0
b2b-27321,33600,530530701001,43200,-122.722177527917,47.06726163014591,20071.0
b2b-27336,31800,530330292061,43200,-122.2261164070203,47.40948270574639,530330292061.0
b2b-27415,29400,530530732003,43200,-122.722177527917,47.06726163014591,410430306003.0
b2b-27427,29400,530530732003,43200,-122.722177527917,47.06726163014591,410430306003.0
b2b-27431,34800,530330292061,43200,-122.21836718823572,47.44039646000822,530330292061.0
b2b-27433,34800,530330292061,43200,-122.21836718823572,47.44039646000822,530330292061.0
b2b-27453,24600,530350902022,43200,-122.5961576454316,47.787507301352434,530350902022.0
b2b-27466,22800,530530732003,43200,-122.722177527917,47.06726163014591,410050221082.0
b2b-27508,25800,530530732003,43200,-122.722177527917,47.06726163014591,410430202001.0
b2b-27527,25800,530530732003,43200,-122.722177527917,47.06726163014591,410430202001.0
b2b-27530,28800,530530732003,43200,-122.722177527917,47.06726163014591,410670321071.0
b2b-27534,40800,530530732003,43200,-122.722177527917,47.06726163014591,410050227071.0
b2b-27538,39000,530530732003,43200,-122.722177527917,47.06726163014591,410470025021.0
b2b-27561,31200,530530732003,43200,-122.722177527917,47.06726163014591,410050227072.0
b2b-27575,26400,530530732003,43200,-122.722177527917,47.06726163014591,410470102021.0
b2b-27581,23400,530530732003,43200,-122.722177527917,47.06726163014591,410470010001.0
b2b-27586,27000,530530732003,43200,-122.722177527917,47.06726163014591,410470025021.0
b2b-27596,29400,530530732003,43200,-122.722177527917,47.06726163014591,410470010001.0
b2b-27601,16200,530530732003,43200,-122.722177527917,47.06726163014591,410470010001.0
b2b-27610,39600,530530732003,43200,-122.722177527917,47.06726163014591,410050244003.0
b2b-27615,39600,530530732003,43200,-122.722177527917,47.06726163014591,410050244003.0
b2b-27623,41400,530530732003,43200,-122.722177527917,47.06726163014591,410670321071.0
b2b-27630,28200,530530732003,43200,-122.722177527917,47.06726163014591,410050244003.0
b2b-27637,34200,530530732003,43200,-122.722177527917,47.06726163014591,410470102021.0
b2b-27663,42000,530530732003,43200,-122.722177527917,47.06726163014591,410470025021.0
b2b-27671,27000,530530732003,43200,-122.722177527917,47.06726163014591,410530203043.0
b2b-27707,40800,530530732003,43200,-122.722177527917,47.06726163014591,410470102021.0
b2b-27714,33600,530530732003,43200,-122.722177527917,47.06726163014591,410050227072.0
b2b-27725,25800,530330292061,43200,-122.26097489637046,47.39923145529004,530330292061.0
b2b-27730,25200,530530732003,43200,-122.722177527917,47.06726163014591,410430306003.0
b2b-27740,25200,530530732003,43200,-122.722177527917,47.06726163014591,410430306003.0
b2b-27743,25200,530530732003,43200,-122.722177527917,47.06726163014591,410430306003.0
b2b-27745,25200,530530732003,43200,-122.722177527917,47.06726163014591,410430306003.0
b2b-27747,25200,530530732003,43200,-122.722177527917,47.06726163014591,410430306003.0
b2b-27757,25200,530530732003,43200,-122.722177527917,47.06726163014591,410430306003.0
b2b-27782,27600,530539400101,43200,-122.33383167315928,47.219411595134886,530539400101.0
b2b-27800,41400,530330302024,43200,-122.32576640694958,47.31550579734827,530330302024.0
b2b-27806,41400,530330302024,43200,-122.32576640694958,47.31550579734827,530330302024.0
b2b-27825,21000,530330303132,43200,-122.32193990496484,47.29940756654714,530330303132.0
b2b-27826,22800,530539400101,43200,-122.3277261727006,47.21572139097732,530539400101.0
b2b-27831,33600,530530626001,43200,-122.4723989096875,47.23015142253627,530530626001.0
b2b-27849,33600,530530626001,43200,-122.4723989096875,47.23015142253627,530530626001.0
b2b-27865,37200,530539400022,43200,-122.36056134818172,47.24019179014105,530539400022.0
b2b-27866,37200,530539400022,43200,-122.36056134818172,47.24019179014105,530539400022.0
b2b-27876,24000,530539400022,43200,-122.35833344278102,47.25256365687772,530539400022.0
b2b-27882,27600,530539400022,43200,-122.35742786189503,47.24690620237542,530539400022.0
b2b-27883,36600,530530602001,43200,-122.39832572132968,47.274160571806064,530530602001.0
b2b-27887,33600,530539400101,43200,-122.30179192859876,47.21122309874678,530539400101.0
b2b-27895,33000,530530718071,43200,-122.50905122247084,47.17428116837092,530530718071.0
b2b-27901,19800,530330292061,43200,-122.24734350412533,47.41059463958294,530330292061.0
b2b-27925,34800,530530733013,43200,-122.2446026927415,47.24248836969613,530530733013.0
b2b-27931,35400,530530602001,43200,-122.39326567874826,47.26014659157713,530530602001.0
b2b-27938,24600,530539400022,43200,-122.35742786189503,47.24690620237542,530539400022.0
b2b-27960,4200,530330283003,43200,-122.25606178546752,47.438194021765895,530330283003.0
b2b-27969,19200,530530718071,43200,-122.4930117465454,47.173313486192285,530530718071.0
b2b-27972,34800,530539400101,43200,-122.31674477200006,47.21058663029962,530539400101.0
b2b-27979,25800,530330263002,43200,-122.29196754117818,47.50281703900647,530330263002.0
b2b-27982,28800,530539400101,43200,-122.2866795603986,47.20698260604722,530539400101.0
b2b-28008,24600,530330308013,43200,-122.22408133149337,47.28047497292998,530330308013.0
b2b-28011,24600,530330308013,43200,-122.22408133149337,47.28047497292998,530330308013.0
b2b-28023,6600,530330292061,43200,-122.2466255004282,47.40263002053516,530330292061.0
b2b-28024,6600,530330292061,43200,-122.2466255004282,47.40263002053516,530330292061.0
b2b-28042,34200,530330265002,43200,-122.35458225098962,47.51367176580192,530330265002.0
b2b-28047,19200,530530626001,43200,-122.4723989096875,47.23015142253627,530530626001.0
b2b-28051,19200,530530626001,43200,-122.4723989096875,47.23015142253627,530530626001.0
b2b-28059,29400,530330262001,43200,-122.24699014146822,47.45050384460417,530330262001.0
b2b-28065,30000,530330108001,43200,-122.34457563192096,47.554834315218855,530330108001.0
b2b-28074,33000,530330292061,43200,-122.25973494535036,47.39787073637287,530330292061.0
b2b-28081,30000,530330262001,43200,-122.2496540041916,47.44582113039136,530330262001.0
b2b-28085,42000,530530732004,43200,-122.58014198329504,46.93344098049039,20012.0
b2b-28089,36000,530539400101,43200,-122.309464547017,47.207128779391006,530539400101.0
b2b-28103,28200,530330237001,43200,-122.15715616421944,47.62526578319836,530330237001.0
b2b-28111,31800,530539400022,43200,-122.36818284079747,47.2376454679762,530539400022.0
b2b-28123,42600,530530732003,43200,-122.722177527917,47.06726163014591,410430306003.0
b2b-28134,42600,530530732003,43200,-122.722177527917,47.06726163014591,410430306003.0
b2b-28138,35400,530539400101,43200,-122.33383167315928,47.219411595134886,530539400101.0
b2b-28154,4200,530530732003,43200,-122.19485167722463,46.751000474268345,410430306003.0
b2b-28155,4200,530530732003,43200,-122.722177527917,47.06726163014591,410430306003.0
b2b-28190,9000,530530732003,43200,-122.722177527917,47.06726163014591,410510102001.0
b2b-28198,16200,530530732003,43200,-122.722177527917,47.06726163014591,410670316134.0
b2b-28199,16200,530530732003,43200,-122.722177527917,47.06726163014591,410670316134.0
b2b-28204,37800,530530732003,43200,-122.722177527917,47.06726163014591,530110412031.0
b2b-28206,34800,530530732003,43200,-122.722177527917,47.06726163014591,410050210002.0
b2b-28211,29400,530530732003,43200,-122.722177527917,47.06726163014591,410050221072.0
b2b-28213,27600,530530732003,43200,-122.722177527917,47.06726163014591,410510072021.0
b2b-28215,27600,530530732003,43200,-122.722177527917,47.06726163014591,410510072021.0
b2b-28219,27600,530530732003,43200,-122.722177527917,47.06726163014591,530110412031.0
b2b-28236,29400,530530732003,43200,-122.722177527917,47.06726163014591,410510043001.0
b2b-28238,23400,530530732003,43200,-122.722177527917,47.06726163014591,410510072021.0
b2b-28244,33000,530530732003,43200,-122.722177527917,47.06726163014591,410510073001.0
b2b-28245,31200,530530732003,43200,-122.722177527917,47.06726163014591,410510072021.0
b2b-28248,27000,530530732003,43200,-122.722177527917,47.06726163014591,410670320031.0
b2b-28251,23400,530530732003,43200,-122.722177527917,47.06726163014591,410050215002.0
b2b-28256,17400,530330300034,43200,-122.3151264534583,47.37209036509024,530330300034.0
b2b-28261,35400,530610535091,43200,-122.14717269258814,48.17551092473751,530610535091.0
b2b-28274,18600,530530729061,43200,-122.722177527917,47.06726163014591,530419709002.0
b2b-28284,34800,530330305011,43200,-122.22682552950025,47.34323411535632,530330305011.0
b2b-28286,35400,530330323193,43200,-122.15591194092669,47.75622295926279,530330323193.0
b2b-28318,33000,530539400101,43200,-122.31027225183443,47.21555713921264,530539400101.0
b2b-28320,32400,530330320111,43200,-122.0208840011324,47.36279936165376,530330320111.0
b2b-28325,25200,530330054002,43200,-122.3358707826776,47.64746907586883,530330054002.0
b2b-28334,34800,530530732003,43200,-122.58014198329504,46.93344098049039,410510102001.0
b2b-28336,34800,530530732003,43200,-122.722177527917,47.06726163014591,410510102001.0
b2b-28347,4200,530530732003,43200,-122.722177527917,47.06726163014591,410510072021.0
b2b-28348,4200,530530732003,43200,-122.722177527917,47.06726163014591,410510072021.0
b2b-28356,27000,530530732003,43200,-122.722177527917,47.06726163014591,410050210002.0
b2b-28371,33600,530530732003,43200,-122.722177527917,47.06726163014591,410670316134.0
b2b-28376,22800,530530732003,43200,-122.722177527917,47.06726163014591,410510072021.0
b2b-28379,32400,530530732003,43200,-122.722177527917,47.06726163014591,410510072021.0
b2b-28388,26400,530530732003,43200,-122.722177527917,47.06726163014591,410670320011.0
b2b-28391,29400,530530732003,43200,-122.722177527917,47.06726163014591,410670304013.0
b2b-28404,31800,530530732003,43200,-122.722177527917,47.06726163014591,410510073001.0
b2b-28408,25200,530530732003,43200,-122.722177527917,47.06726163014591,410050221071.0
b2b-28419,25800,530530732003,43200,-122.722177527917,47.06726163014591,410670320011.0
b2b-28458,25200,530330284024,43200,-122.32662210712952,47.444800309911074,530330284024.0
b2b-28460,25200,530330284024,43200,-122.32662210712952,47.444800309911074,530330284024.0
b2b-28485,38400,530539400101,43200,-122.32257747751966,47.21233171509721,530539400101.0
b2b-28521,26400,530530732003,43200,-122.722177527917,47.06726163014591,410430306003.0
b2b-28532,21000,530330292061,43200,-122.22648690252544,47.43034150776759,530330292061.0
b2b-28540,25200,530539400101,43200,-122.31674477200006,47.21058663029962,530539400101.0
b2b-28541,25200,530539400101,43200,-122.31674477200006,47.21058663029962,530539400101.0
b2b-28562,30000,530330112001,43200,-122.32174736286376,47.52004585831865,530330112001.0
b2b-28574,35400,530539400022,43200,-122.35833344278102,47.25256365687772,530539400022.0
b2b-28590,27600,530530616021,43200,-122.43926310811304,47.2397646377971,530530616021.0
b2b-28594,31200,530539400101,43200,-122.31027225183443,47.21555713921264,530539400101.0
b2b-28596,33000,530530712073,43200,-122.29211447723658,47.16255800375999,530530712073.0
b2b-28605,18600,530539400101,43200,-122.3277261727006,47.21572139097732,530539400101.0
b2b-28625,28800,530610408002,43200,-122.2134467601275,47.97825674877105,530610408002.0
b2b-28671,26400,530610528031,43200,-122.18407525913322,48.12841583123068,530610528031.0
b2b-28703,21000,530610533014,43200,-122.31610846863688,48.31193108584794,530579519002.0
b2b-28720,26400,530610535091,43200,-122.14717269258814,48.17551092473751,530610535091.0
b2b-28744,36000,530610535061,43200,-122.31610846863688,48.31193108584794,530579512001.0
b2b-28749,36000,530610535061,43200,-122.31610846863688,48.31193108584794,530579512001.0
b2b-28751,36000,530610535061,43200,-122.31610846863688,48.31193108584794,530579512001.0
b2b-28753,36000,530610535061,43200,-122.32162900881076,47.95801287896333,530579512001.0
b2b-28773,49800,530330265002,43200,-122.35458225098962,47.51367176580192,530330265002.0
b2b-28780,34800,530530732003,43200,-122.722177527917,47.06726163014591,410050203021.0
b2b-28788,36000,530530732003,43200,-122.722177527917,47.06726163014591,530150015024.0
b2b-28791,36000,530530732003,43200,-122.722177527917,47.06726163014591,530150015024.0
b2b-28798,28200,530530732003,43200,-122.722177527917,47.06726163014591,410510072021.0
b2b-28812,20400,530610537001,43200,-121.4007171060678,47.41209531237868,530630141002.0
b2b-28814,20400,530610537001,43200,-121.4007171060678,47.41209531237868,530630141002.0
b2b-28817,29400,530350918001,43200,-122.62400027831414,47.6110750541063,530350918001.0
b2b-28826,21000,530610413042,43200,-122.24715468374436,47.925310776455525,530610413042.0
b2b-28829,42000,530610533023,43200,-122.31610846863688,48.31193108584794,530579516003.0
b2b-28850,22800,530330019001,43200,-122.3278758192968,47.699719722740326,530330019001.0
b2b-28858,30000,530610537001,43200,-121.4007171060678,47.41209531237868,530630120002.0
b2b-28860,30000,530610537001,43200,-121.4007171060678,47.41209531237868,530630120002.0
b2b-28884,34200,530330262001,43200,-122.2278520302791,47.46176781306858,530330262001.0
b2b-28904,28800,530610537001,43200,-121.06731919588896,47.75089046929392,530630141002.0
b2b-28911,27600,530350811002,43200,-122.65311638072524,47.56153088242329,530350811002.0
b2b-28912,27600,530350811002,43200,-122.65311638072524,47.56153088242329,530350811002.0
b2b-28917,22800,530330109001,43200,-122.30470617701212,47.53312488896969,530330109001.0
b2b-28948,24000,530610537001,43200,-121.49796228014988,46.88132902971716,530630122001.0
b2b-28976,29400,530530701001,43200,-122.722177527917,47.06726163014591,20095.0
b2b-28994,28800,530330112001,43200,-122.32174736286376,47.52004585831865,530330112001.0
b2b-28997,28800,530330112001,43200,-122.32174736286376,47.52004585831865,530330112001.0
b2b-29019,32400,530530732003,43200,-122.722177527917,47.06726163014591,410670304013.0
b2b-29041,33000,530330093003,43200,-122.33469366892042,47.56202673950741,530330093003.0
b2b-29047,22200,530539400101,43200,-122.30281871639434,47.20629445157994,530539400101.0
b2b-29053,34800,530330297004,43200,-122.24569480551548,47.36409873766237,530330297004.0
b2b-29054,13800,530330305011,43200,-122.23958370965552,47.306272979743525,530330305011.0
b2b-29055,13800,530330305011,43200,-122.23958370965552,47.306272979743525,530330305011.0
b2b-29072,23400,530330292061,43200,-122.24636982262818,47.39623896335237,530330292061.0
b2b-29073,23400,530330292061,43200,-122.24636982262818,47.39623896335237,530330292061.0
b2b-29087,23400,530330292061,43200,-122.24636982262818,47.39623896335237,530330292061.0
b2b-29091,30600,530330248002,43200,-122.14673809633965,47.57835801338964,530330248002.0
b2b-29103,31800,530539400022,43200,-122.36056134818172,47.24019179014105,530539400022.0
b2b-29110,29400,530530712071,43200,-122.27989855654394,47.15652081872949,530530712071.0
b2b-29119,30600,530530718071,43200,-122.48810885998287,47.174793181326336,530530718071.0
b2b-29131,31200,530530626002,43200,-122.46683493633375,47.22983128913519,530530626002.0
b2b-29133,31200,530530626002,43200,-122.46683493633375,47.22983128913519,530530626002.0
b2b-29138,22800,530530729061,43200,-122.722177527917,47.06726163014591,530419714002.0
b2b-29141,16800,530530729061,43200,-122.722177527917,47.06726163014591,530670126101.0
b2b-29143,16800,530530729061,43200,-122.722177527917,47.06726163014591,530670126101.0
b2b-29144,44400,530530729061,43200,-122.722177527917,47.06726163014591,530419708004.0
b2b-29157,22200,530330072001,43200,-122.34756778390565,47.61933997974749,530330072001.0
b2b-29159,22200,530330072001,43200,-122.34756778390565,47.61933997974749,530330072001.0
b2b-29160,22200,530330072001,43200,-122.34756778390565,47.61933997974749,530330072001.0
b2b-29162,30600,530330112001,43200,-122.32687650357458,47.52841646447181,530330112001.0
b2b-29183,42600,530330093003,43200,-122.33669657583393,47.57375988281658,530330093003.0
b2b-29189,27000,530539400101,43200,-122.28674964853876,47.20743388122544,530539400101.0
b2b-29192,33600,530330284024,43200,-122.32152014229943,47.44506623347763,530330284024.0
b2b-29196,37800,530610537001,43200,-121.49796228014988,46.88132902971716,530630141002.0
b2b-29204,7800,530330320111,43200,-122.0208840011324,47.36279936165376,530330320111.0
b2b-29212,23400,530530701001,43200,-122.722177527917,47.06726163014591,20095.0
b2b-29229,25200,530610537001,43200,-121.4007171060678,47.41209531237868,530630114003.0
b2b-29243,31800,530330305011,43200,-122.2358336707952,47.31722026588562,530330305011.0
b2b-29247,20400,530530616011,43200,-122.4417524655116,47.25262696949706,530530616011.0
b2b-29248,30600,530330292061,43200,-122.26097489637046,47.39923145529004,530330292061.0
b2b-29272,34800,530539400101,43200,-122.30281871639434,47.20629445157994,530539400101.0
b2b-29276,35400,530539400022,43200,-122.35742786189503,47.24690620237542,530539400022.0
b2b-29278,45600,530530701001,43200,-122.722177527917,47.06726163014591,20071.0
b2b-29281,30000,530530701001,43200,-122.722177527917,47.06726163014591,20071.0
b2b-29290,28200,530530726032,43200,-122.722177527917,47.06726163014591,530270007003.0
b2b-29292,28200,530530726032,43200,-122.722177527917,47.06726163014591,530270007003.0
b2b-29295,43800,530539400101,43200,-122.31674101641444,47.21054288818284,530539400101.0
b2b-29309,24600,530330292061,43200,-122.242452751722,47.43186966446831,530330292061.0
b2b-29320,25800,530330315021,43200,-121.4007171060678,47.41209531237868,530770014001.0
b2b-29333,19800,530530715034,43200,-122.46392270816584,47.13197724177888,530530715034.0
b2b-29340,32400,530330302024,43200,-122.32576640694958,47.31550579734827,530330302024.0
b2b-29347,48000,530610521083,43200,-122.10032674571958,47.83084469492899,530610521083.0
b2b-29357,35400,530530732003,43200,-122.722177527917,47.06726163014591,410430202001.0
b2b-29359,35400,530530732003,43200,-122.722177527917,47.06726163014591,410430202001.0
b2b-29370,33000,530330248002,43200,-122.14722113658976,47.578706107328365,530330248002.0
b2b-29380,28200,530530718071,43200,-122.500568021653,47.17071367973948,530530718071.0
b2b-29386,43800,530530726032,43200,-122.722177527917,47.06726163014591,530670101001.0
b2b-29396,37200,530350921002,43200,-122.79780057844646,47.47041545337575,530350921002.0
b2b-29398,33600,530610535091,43200,-122.14717269258814,48.17551092473751,530610535091.0
b2b-29399,33600,530610535091,43200,-122.14717269258814,48.17551092473751,530610535091.0
b2b-29406,33600,530610535091,43200,-122.14717269258814,48.17551092473751,530610535091.0
b2b-29410,33600,530610535091,43200,-122.14717269258814,48.17551092473751,530610535091.0
b2b-29433,27600,530539400101,43200,-122.30449790157697,47.21342526275149,530539400101.0
b2b-29454,30600,530530701001,43200,-122.722177527917,47.06726163014591,20118.0
b2b-29456,26400,530539400101,43200,-122.31620335841464,47.21496011538982,530539400101.0
b2b-29461,26400,530539400101,43200,-122.31620335841464,47.21496011538982,530539400101.0
b2b-29471,25800,530530718071,43200,-122.500568021653,47.17071367973948,530530718071.0
b2b-29473,33000,530330292061,43200,-122.22648690252544,47.43034150776759,530330292061.0
b2b-29474,33000,530330292061,43200,-122.22648690252544,47.43034150776759,530330292061.0
b2b-29486,27000,530530732003,43200,-122.722177527917,47.06726163014591,530110411051.0
b2b-29495,32400,530530732003,43200,-122.722177527917,47.06726163014591,410470025021.0
b2b-29507,28800,530530732003,43200,-122.722177527917,47.06726163014591,410050203021.0
b2b-29523,34200,530530715034,43200,-122.46392270816584,47.13197724177888,530530715034.0
b2b-29561,40800,530330303132,43200,-122.31110388973786,47.29631221418766,530330303132.0
b2b-29573,34800,530610535061,43200,-122.31610846863688,48.31193108584794,530579512001.0
b2b-29586,33600,530330059001,43200,-122.36203365710163,47.65328838118956,530330059001.0
b2b-29606,21600,530539400022,43200,-122.35686651179935,47.25411486712436,530539400022.0
b2b-29613,24000,530330288021,43200,-122.29451093345496,47.4272772471893,530330288021.0
b2b-29624,23400,530530626001,43200,-122.4845072211217,47.21089527485868,530530626001.0
b2b-29634,32400,530330248002,43200,-122.14722113658976,47.578706107328365,530330248002.0
b2b-29639,24000,530330237001,43200,-122.15715616421944,47.62526578319836,530330237001.0
b2b-29643,24000,530330237001,43200,-122.15715616421944,47.62526578319836,530330237001.0
b2b-29652,34200,530330208002,43200,-122.35446167606062,47.751961157097455,530330208002.0
b2b-29670,35400,530330324011,43200,-121.9879154996572,47.73398865592733,530330324011.0
b2b-29672,33600,530330292061,43200,-122.21836718823572,47.44039646000822,530330292061.0
b2b-29678,33600,530330292061,43200,-122.21836718823572,47.44039646000822,530330292061.0
b2b-29691,19200,530330292061,43200,-122.2466255004282,47.40263002053516,530330292061.0
b2b-29695,23400,530330292061,43200,-122.24056201746252,47.39461586368992,530330292061.0
b2b-29703,24000,530610408002,43200,-122.2134467601275,47.97825674877105,530610408002.0
b2b-29707,24000,530610408002,43200,-122.2134467601275,47.97825674877105,530610408002.0
b2b-29724,25200,530330219054,43200,-122.17617221489913,47.73437617084349,530330219054.0
b2b-29731,27000,530610413042,43200,-122.24715468374436,47.925310776455525,530610413042.0
b2b-29780,27600,530330019001,43200,-122.3278758192968,47.699719722740326,530330019001.0
b2b-29784,27000,530330292061,43200,-122.22921289867084,47.43006062760345,530330292061.0
b2b-29787,6600,530330283003,43200,-122.25606178546752,47.438194021765895,530330283003.0
b2b-29803,32400,530330292061,43200,-122.23631678840374,47.433358759321,530330292061.0
b2b-29805,30000,530330293052,43200,-122.19763181074364,47.41683407072753,530330293052.0
b2b-29815,23400,530330292061,43200,-122.25129926569966,47.40482209001074,530330292061.0
b2b-29818,42000,530330262001,43200,-122.2496540041916,47.44582113039136,530330262001.0
b2b-29844,22200,530330292061,43200,-122.25129926569966,47.40482209001074,530330292061.0
b2b-29850,29400,530330112001,43200,-122.32687650357458,47.52841646447181,530330112001.0
b2b-29856,30600,530610512001,43200,-122.30182104755622,47.80350686920909,530610512001.0
b2b-29857,17400,530610413042,43200,-122.24487100066604,47.92655488481847,530610413042.0
b2b-29866,33600,530330292061,43200,-122.2466255004282,47.40263002053516,530330292061.0
b2b-29874,29400,530330112001,43200,-122.32035707123552,47.520051632541886,530330112001.0
b2b-29877,24600,530330288012,43200,-122.2955521191416,47.427207870079855,530330288012.0
b2b-29913,36000,530539400101,43200,-122.31027225183443,47.21555713921264,530539400101.0
b2b-29914,36000,530539400101,43200,-122.31027225183443,47.21555713921264,530539400101.0
b2b-29915,38400,530539400022,43200,-122.35823689383238,47.25176367768278,530539400022.0
b2b-29923,36000,530539400101,43200,-122.309464547017,47.207128779391006,530539400101.0
b2b-29937,24000,530530728001,43200,-122.722177527917,47.06726163014591,530670122222.0
b2b-29943,24000,530530728001,43200,-122.722177527917,47.06726163014591,530670122222.0
b2b-29958,33000,530330288021,43200,-122.29325783815048,47.42972858442792,530330288021.0
b2b-29988,16200,530530732003,43200,-122.722177527917,47.06726163014591,410670304013.0
b2b-29995,24000,530530732003,43200,-122.722177527917,47.06726163014591,410670316134.0
b2b-29996,39000,530530730061,43200,-122.722177527917,47.06726163014591,410670325011.0
b2b-30003,31800,530530730061,43200,-122.722177527917,47.06726163014591,410670334001.0
b2b-30017,22800,530530730061,43200,-122.722177527917,47.06726163014591,410099706002.0
b2b-30020,21000,530530732003,43200,-122.722177527917,47.06726163014591,410519800001.0
b2b-30048,39000,530530732003,43200,-122.722177527917,47.06726163014591,410510073001.0
b2b-30051,39000,530530732003,43200,-122.722177527917,47.06726163014591,410510073001.0
b2b-30072,31800,530530732003,43200,-122.722177527917,47.06726163014591,410510073001.0
b2b-30085,26400,530530732003,43200,-122.722177527917,47.06726163014591,410510072021.0
b2b-30090,26400,530530732003,43200,-122.722177527917,47.06726163014591,410510072021.0
b2b-30103,35400,530530732003,43200,-122.722177527917,47.06726163014591,530110412031.0
b2b-30116,35400,530530732003,43200,-122.722177527917,47.06726163014591,410510072021.0
b2b-30155,46200,530610533014,43200,-122.31610846863688,48.31193108584794,530730002002.0
b2b-30158,30600,530530732003,43200,-122.722177527917,47.06726163014591,410430202001.0
b2b-30171,40200,530610533014,43200,-122.31610846863688,48.31193108584794,530730002003.0
b2b-30176,28800,530330109002,43200,-122.32462896243644,47.54881522947887,530330109002.0
b2b-30179,1200,530330303041,43200,-122.36170500218483,47.2829617337066,530330303041.0
b2b-30205,600,530610537001,43200,-121.4007171060678,47.41209531237868,530630020003.0
b2b-30230,23400,530610537001,43200,-121.4007171060678,47.41209531237868,530630114003.0
b2b-30259,23400,530610537001,43200,-121.4007171060678,47.41209531237868,530630122001.0
b2b-30268,37800,530610537001,43200,-121.4007171060678,47.41209531237868,530630120002.0
b2b-30276,22800,530610537001,43200,-121.06731919588896,47.75089046929392,530630122001.0
b2b-30277,22800,530610537001,43200,-121.4007171060678,47.41209531237868,530630122001.0
b2b-30278,22800,530610537001,43200,-121.4007171060678,47.41209531237868,530630114003.0
b2b-30280,33600,530610537001,43200,-121.4007171060678,47.41209531237868,530630114003.0
b2b-30286,31200,530610537001,43200,-121.4007171060678,47.41209531237868,530630132015.0
b2b-30290,28200,530610537001,43200,-121.4007171060678,47.41209531237868,530630114003.0
b2b-30305,33000,530610537001,43200,-121.4007171060678,47.41209531237868,530630120002.0
b2b-30310,40200,530610537001,43200,-121.4007171060678,47.41209531237868,530630114003.0
b2b-30330,30000,530610537001,43200,-121.4007171060678,47.41209531237868,530630114003.0
b2b-30333,30000,530610537001,43200,-121.4007171060678,47.41209531237868,530630114003.0
b2b-30342,26400,530610537001,43200,-121.4007171060678,47.41209531237868,530630120002.0
b2b-30345,23400,530610537001,43200,-121.4007171060678,47.41209531237868,530630132015.0
b2b-30350,6000,530610537001,43200,-121.4007171060678,47.41209531237868,530630114003.0
b2b-30353,24000,530610537001,43200,-121.4007171060678,47.41209531237868,530630145003.0
b2b-30366,27600,530610537001,43200,-121.4007171060678,47.41209531237868,530630120002.0
b2b-30398,30600,530610537001,43200,-121.4007171060678,47.41209531237868,530630114003.0
b2b-30401,22800,530610537001,43200,-121.4007171060678,47.41209531237868,530630114003.0
b2b-30412,26400,530610537001,43200,-121.4007171060678,47.41209531237868,530630122001.0
b2b-30422,33600,530610537001,43200,-121.4007171060678,47.41209531237868,530630120002.0
b2b-30427,27600,530610537001,43200,-121.49796228014988,46.88132902971716,530630145003.0
b2b-30428,34200,530610537001,43200,-121.4007171060678,47.41209531237868,530630141002.0
b2b-30432,34800,530610537001,43200,-121.4007171060678,47.41209531237868,530630114003.0
b2b-30434,33600,530610537001,43200,-121.4007171060678,47.41209531237868,530630145003.0
b2b-30454,25800,530530732003,43200,-122.722177527917,47.06726163014591,530110410052.0
b2b-30457,25800,530530732003,43200,-122.722177527917,47.06726163014591,530110410052.0
b2b-30479,32400,530539400022,43200,-122.35686651179935,47.25411486712436,530539400022.0
b2b-30481,29400,530530732003,43200,-122.722177527917,47.06726163014591,530110413212.0
b2b-30500,32400,530530732003,43200,-122.722177527917,47.06726163014591,410510102001.0
b2b-30501,32400,530530732003,43200,-122.58014198329504,46.93344098049039,410510102001.0
b2b-30503,32400,530530732003,43200,-122.722177527917,47.06726163014591,410510102001.0
b2b-30513,22800,530330112001,43200,-122.32035707123552,47.520051632541886,530330112001.0
b2b-30526,48600,530530732003,43200,-122.722177527917,47.06726163014591,410430202001.0
b2b-30534,41400,530530732003,43200,-122.722177527917,47.06726163014591,410510073001.0
b2b-30548,30000,530610535091,43200,-122.14717269258814,48.17551092473751,530610535091.0
b2b-30559,22800,530530732003,43200,-122.722177527917,47.06726163014591,410510102001.0
b2b-30570,24600,530530732003,43200,-122.722177527917,47.06726163014591,530110412031.0
b2b-30580,31200,530539400101,43200,-122.31027225183443,47.21555713921264,530539400101.0
b2b-30589,44400,530530602001,43200,-122.39326567874826,47.26014659157713,530530602001.0
b2b-30595,40200,530610537001,43200,-121.4007171060678,47.41209531237868,20040.0
b2b-30609,29400,530530732003,43200,-122.722177527917,47.06726163014591,410470025021.0
b2b-30620,33600,530330019001,43200,-122.32464923468878,47.69984479467467,530330019001.0
b2b-30627,40200,530530732004,43200,-122.58014198329504,46.93344098049039,20012.0
b2b-30670,30600,530610537001,43200,-121.4007171060678,47.41209531237868,530630122001.0
b2b-30672,29400,530539400101,43200,-122.33383167315928,47.219411595134886,530539400101.0
b2b-30676,29400,530539400101,43200,-122.33383167315928,47.219411595134886,530539400101.0
b2b-30681,29400,530330292061,43200,-122.24664871223597,47.39999659576363,530330292061.0
b2b-30687,11400,530539400101,43200,-122.33383167315928,47.219411595134886,530539400101.0
b2b-30690,11400,530539400101,43200,-122.33383167315928,47.219411595134886,530539400101.0
b2b-30707,33000,530610519121,43200,-122.12609889751916,47.797599733112726,530610519121.0
b2b-30713,5400,530530630002,43200,-122.46612016502182,47.186871086520135,530530630002.0
b2b-30720,33600,530539400101,43200,-122.31674101641444,47.21054288818284,530539400101.0
b2b-30721,33600,530539400101,43200,-122.31674101641444,47.21054288818284,530539400101.0
b2b-30722,33600,530539400101,43200,-122.31674101641444,47.21054288818284,530539400101.0
b2b-30731,42000,530530732004,43200,-122.722177527917,47.06726163014591,20011.0
b2b-30734,30600,530330292061,43200,-122.21836718823572,47.44039646000822,530330292061.0
b2b-30737,30600,530330292061,43200,-122.21836718823572,47.44039646000822,530330292061.0
b2b-30745,44400,530530616011,43200,-122.4417524655116,47.25262696949706,530530616011.0
b2b-30762,34200,530610515002,43200,-122.31775581966713,47.821032296540565,530610515002.0
b2b-30770,29400,530530729061,43200,-122.722177527917,47.06726163014591,530419714002.0
b2b-30776,22800,530539400101,43200,-122.28674964853876,47.20743388122544,530539400101.0
b2b-30777,46200,530530626002,43200,-122.46683493633375,47.22983128913519,530530626002.0
b2b-30804,24000,530530732003,43200,-122.722177527917,47.06726163014591,410670304013.0
b2b-30815,30600,530530732004,43200,-122.722177527917,47.06726163014591,20014.0
b2b-30825,31200,530330262001,43200,-122.2278520302791,47.46176781306858,530330262001.0
b2b-30850,40200,530610537001,43200,-121.4007171060678,47.41209531237868,530630145003.0
b2b-30869,29400,530530701001,43200,-122.722177527917,47.06726163014591,20119.0
b2b-30872,22800,530530732003,43200,-122.722177527917,47.06726163014591,410510043001.0
b2b-30878,23400,530530732003,43200,-122.722177527917,47.06726163014591,410670316134.0
b2b-30892,27000,530530732003,43200,-122.722177527917,47.06726163014591,410430306003.0
b2b-30894,27000,530530732003,43200,-122.722177527917,47.06726163014591,410430306003.0
b2b-30896,27000,530530732003,43200,-122.722177527917,47.06726163014591,410430306003.0
b2b-30903,27000,530530732003,43200,-122.722177527917,47.06726163014591,410430306003.0
b2b-30915,31800,530330093003,43200,-122.32627600085124,47.58104620455876,530330093003.0
b2b-30922,18000,530330071001,43200,-122.3673331869987,47.62631707120799,530330071001.0
b2b-30934,37200,530610533014,43200,-122.31610846863688,48.31193108584794,530730103021.0
b2b-30962,30000,530530732003,43200,-122.722177527917,47.06726163014591,410670320011.0
b2b-30963,30000,530530732003,43200,-122.722177527917,47.06726163014591,410670320011.0
b2b-30971,29400,530610537001,43200,-121.06731919588896,47.75089046929392,20041.0
b2b-30979,42000,530530626002,43200,-122.46839789328588,47.23124532262546,530530626002.0
b2b-30984,34200,530530732004,43200,-122.722177527917,47.06726163014591,20012.0
b2b-30986,35400,530530732004,43200,-122.722177527917,47.06726163014591,20012.0
b2b-30990,27000,530530732004,43200,-122.722177527917,47.06726163014591,20012.0
b2b-31008,31200,530610537001,43200,-121.4007171060678,47.41209531237868,20067.0
b2b-31010,31200,530610537001,43200,-121.4007171060678,47.41209531237868,20067.0
b2b-31016,39600,530610537001,43200,-121.4007171060678,47.41209531237868,20067.0
b2b-31025,25800,530530718071,43200,-122.48810885998287,47.174793181326336,530530718071.0
b2b-31032,21000,530610535091,43200,-122.14717269258814,48.17551092473751,530610535091.0
b2b-31045,19800,530530701001,43200,-122.722177527917,47.06726163014591,20071.0
b2b-31053,33600,530610533014,43200,-122.31610846863688,48.31193108584794,530579519002.0
b2b-31059,31200,530530732003,43200,-122.722177527917,47.06726163014591,410050210002.0
b2b-31074,39000,530610413042,43200,-122.24715468374436,47.925310776455525,530610413042.0
b2b-31077,24600,530530718071,43200,-122.48902908696398,47.1725184454144,530530718071.0
b2b-31080,27600,530530733013,43200,-122.2446026927415,47.24248836969613,530530733013.0
b2b-31105,39000,530530726032,43200,-122.722177527917,47.06726163014591,530670110001.0
b2b-31117,28200,530530626001,43200,-122.4723989096875,47.23015142253627,530530626001.0
b2b-31120,31800,530530728001,43200,-122.722177527917,47.06726163014591,530670122222.0
b2b-31133,42000,530330315021,43200,-121.4007171060678,47.41209531237868,20015.0
b2b-31153,26400,530530729061,43200,-122.722177527917,47.06726163014591,530419708004.0
b2b-31155,26400,530530729061,43200,-122.722177527917,47.06726163014591,530419708004.0
b2b-31171,29400,530530729061,43200,-122.722177527917,47.06726163014591,530670126101.0
b2b-31178,34200,530530729061,43200,-122.722177527917,47.06726163014591,530419708004.0
b2b-31179,33600,530530729061,43200,-122.722177527917,47.06726163014591,530419708004.0
b2b-31185,27600,530350918001,43200,-122.62781819082056,47.616682868159245,530350918001.0
b2b-31190,40800,530330315021,43200,-122.722177527917,47.06726163014591,20112.0
b2b-31194,40800,530330315021,43200,-122.722177527917,47.06726163014591,20112.0
b2b-31203,21600,530330315021,43200,-122.58014198329504,46.93344098049039,20112.0
b2b-31217,22200,530530701001,43200,-122.722177527917,47.06726163014591,20095.0
b2b-31218,30000,530530701001,43200,-122.722177527917,47.06726163014591,20095.0
b2b-31220,28200,530530701001,43200,-122.722177527917,47.06726163014591,20095.0
b2b-31234,35400,530610535091,43200,-122.14717269258814,48.17551092473751,530610535091.0
b2b-31237,35400,530610535091,43200,-122.14717269258814,48.17551092473751,530610535091.0
b2b-31238,35400,530610535091,43200,-122.14717269258814,48.17551092473751,530610535091.0
b2b-31254,40200,530330328003,43200,-121.4007171060678,47.41209531237868,530019505001.0
b2b-31257,30600,530330237001,43200,-122.1670179284062,47.62825858165777,530330237001.0
b2b-31260,39000,530530732003,43200,-122.722177527917,47.06726163014591,410430306003.0
b2b-31265,28800,530330108001,43200,-122.34457563192096,47.554834315218855,530330108001.0
b2b-31272,31800,530539400022,43200,-122.35833344278102,47.25256365687772,530539400022.0
b2b-31284,40200,530330315021,43200,-121.4007171060678,47.41209531237868,530770016022.0
b2b-31309,30000,530350811002,43200,-122.65311638072524,47.56153088242329,530350811002.0
b2b-31320,37800,530530732003,43200,-122.722177527917,47.06726163014591,410510073001.0
b2b-31331,50400,530610537001,43200,-121.4007171060678,47.41209531237868,530630004003.0
b2b-31349,31200,530530729061,43200,-122.722177527917,47.06726163014591,530419708002.0
b2b-31353,40200,530530732003,43200,-122.722177527917,47.06726163014591,410050221081.0
b2b-31358,22800,530530732003,43200,-122.722177527917,47.06726163014591,410510073001.0
b2b-31386,33000,530330308011,43200,-122.2339427902764,47.28919712374434,530330308011.0
b2b-31389,50400,530330262001,43200,-122.22849461812731,47.44873654182424,530330262001.0
b2b-31396,35400,530530732003,43200,-122.722177527917,47.06726163014591,530110410052.0
b2b-31403,27600,530530701001,43200,-122.722177527917,47.06726163014591,20009.0
b2b-31407,27600,530530701001,43200,-122.722177527917,47.06726163014591,20009.0
b2b-31416,19200,530530701001,43200,-122.722177527917,47.06726163014591,20009.0
b2b-31426,41400,530530701001,43200,-122.722177527917,47.06726163014591,20009.0
b2b-31445,33600,530530701001,43200,-122.722177527917,47.06726163014591,20009.0
b2b-31470,39600,530610512001,43200,-122.30182104755622,47.80350686920909,530610512001.0
b2b-31478,22200,530350920002,43200,-122.6255660082074,47.86126423427218,530459604001.0
b2b-31481,24600,530530602001,43200,-122.43102467754076,47.25743127587052,530530602001.0
b2b-31490,28200,530530732003,43200,-122.722177527917,47.06726163014591,410510073001.0
b2b-31493,34200,530530732003,43200,-122.722177527917,47.06726163014591,410510073001.0
b2b-31497,39000,530530732003,43200,-122.722177527917,47.06726163014591,410510007023.0
b2b-31509,52800,530530701001,43200,-122.722177527917,47.06726163014591,20071.0
b2b-31515,48000,530530701001,43200,-122.58014198329504,46.93344098049039,20071.0
b2b-31516,48000,530530701001,43200,-122.722177527917,47.06726163014591,20071.0
b2b-31519,31800,530530701001,43200,-122.722177527917,47.06726163014591,20071.0
b2b-31550,15600,530530732003,43200,-122.722177527917,47.06726163014591,410050221081.0
b2b-31575,36600,530530732003,43200,-122.722177527917,47.06726163014591,410050221082.0
b2b-31576,33600,530530732003,43200,-122.722177527917,47.06726163014591,410510043001.0
b2b-31585,31200,530530732003,43200,-122.722177527917,47.06726163014591,530110426003.0
b2b-31590,21600,530530732003,43200,-122.722177527917,47.06726163014591,410510102001.0
b2b-31603,37200,530530732003,43200,-122.722177527917,47.06726163014591,410510043001.0
b2b-31606,24000,530530732003,43200,-122.722177527917,47.06726163014591,410510043001.0
b2b-31607,1800,530530732003,43200,-122.722177527917,47.06726163014591,410510102001.0
b2b-31612,21000,530530732003,43200,-122.722177527917,47.06726163014591,410670320011.0
b2b-31616,42000,530530732003,43200,-122.722177527917,47.06726163014591,410510043001.0
b2b-31620,35400,530530732003,43200,-122.722177527917,47.06726163014591,410510073001.0
b2b-31629,22800,530530732003,43200,-122.722177527917,47.06726163014591,410510043001.0
b2b-31667,26400,530539400022,43200,-122.35823689383238,47.25176367768278,530539400022.0
b2b-31682,20400,530530732003,43200,-122.722177527917,47.06726163014591,410430306003.0
b2b-31703,39000,530539400101,43200,-122.33383167315928,47.219411595134886,530539400101.0
b2b-31719,37200,530330286004,43200,-122.33594118257736,47.42392770344753,530330286004.0
b2b-31782,40200,530530732003,43200,-122.722177527917,47.06726163014591,410510072021.0
b2b-31785,42000,530530732003,43200,-122.722177527917,47.06726163014591,530110410052.0
b2b-31804,41400,530530626001,43200,-122.4723989096875,47.23015142253627,530530626001.0
b2b-31809,37200,530530732004,43200,-122.722177527917,47.06726163014591,20010.0
b2b-31817,33600,530530732004,43200,-122.722177527917,47.06726163014591,20010.0
b2b-31828,19800,530530732004,43200,-122.722177527917,47.06726163014591,20012.0
b2b-31836,27600,530530732004,43200,-122.722177527917,47.06726163014591,20010.0
b2b-31838,27600,530530732004,43200,-122.722177527917,47.06726163014591,20010.0
b2b-31887,34200,530530732003,43200,-122.722177527917,47.06726163014591,410050215002.0
b2b-31891,23400,530530718071,43200,-122.5106024374446,47.16890311426602,530530718071.0
b2b-31895,33000,530330305011,43200,-122.228052847429,47.32943642949282,530330305011.0
b2b-31919,30000,530610535091,43200,-122.14787823231376,48.17110320911109,530610535091.0
b2b-31920,30000,530610535091,43200,-122.14787823231376,48.17110320911109,530610535091.0
b2b-31940,30000,530539400022,43200,-122.36818284079747,47.2376454679762,530539400022.0
b2b-31951,28800,530330262001,43200,-122.24203965770576,47.449498263534124,530330262001.0
b2b-31952,27600,530539400101,43200,-122.30179192859876,47.21122309874678,530539400101.0
b2b-31957,17400,530610533021,43200,-122.31610846863688,48.31193108584794,530730102001.0
b2b-31982,31200,530530732003,43200,-122.722177527917,47.06726163014591,410510065012.0
b2b-31984,16200,530330112001,43200,-122.33275072510436,47.53128560904509,530330112001.0
b2b-31993,49200,530610533021,43200,-122.31610846863688,48.31193108584794,530730102001.0
b2b-31996,49200,530610533021,43200,-122.31610846863688,48.31193108584794,530730102001.0
b2b-32019,28800,530330315021,43200,-121.4007171060678,47.41209531237868,20015.0
b2b-32032,31200,530330315021,43200,-121.4007171060678,47.41209531237868,20015.0
b2b-32036,38400,530330315021,43200,-121.4007171060678,47.41209531237868,20015.0
b2b-32050,16200,530330315021,43200,-121.4007171060678,47.41209531237868,20015.0
b2b-32059,24000,530330315021,43200,-121.4007171060678,47.41209531237868,20015.0
b2b-32093,33600,530530701001,43200,-122.722177527917,47.06726163014591,20118.0
b2b-32103,45600,530330315021,43200,-121.4007171060678,47.41209531237868,530050102011.0
b2b-32106,27000,530330315021,43200,-121.4007171060678,47.41209531237868,530050108135.0
b2b-32119,17400,530610537001,43200,-121.4007171060678,47.41209531237868,20034.0
b2b-32123,36600,530610537001,43200,-121.4007171060678,47.41209531237868,20034.0
b2b-32125,38400,530610537001,43200,-121.4007171060678,47.41209531237868,20034.0
b2b-32138,21600,530530732003,43200,-122.722177527917,47.06726163014591,410510073001.0
b2b-32146,20400,530530732003,43200,-122.722177527917,47.06726163014591,410510072021.0
b2b-32153,24600,530530732003,43200,-122.722177527917,47.06726163014591,410510073001.0
b2b-32155,34200,530530732003,43200,-122.722177527917,47.06726163014591,410510072021.0
b2b-32160,39000,530530732003,43200,-122.722177527917,47.06726163014591,410510102001.0
b2b-32183,28800,530539400101,43200,-122.30281871639434,47.20629445157994,530539400101.0
b2b-32191,28800,530539400101,43200,-122.32257747751966,47.21233171509721,530539400101.0
b2b-32206,28200,530530701001,43200,-122.722177527917,47.06726163014591,20009.0
b2b-32211,28800,530610537001,43200,-121.4007171060678,47.41209531237868,20067.0
b2b-32220,30000,530530732004,43200,-122.722177527917,47.06726163014591,20012.0
b2b-32227,21600,530530732003,43200,-122.722177527917,47.06726163014591,530110411051.0
b2b-32239,46800,530530732003,43200,-122.722177527917,47.06726163014591,530110413212.0
b2b-32240,23400,530330237001,43200,-122.15715616421944,47.62526578319836,530330237001.0
b2b-32260,32400,530539400101,43200,-122.2866795603986,47.20698260604722,530539400101.0
b2b-32271,38400,530530732003,43200,-122.722177527917,47.06726163014591,530110426003.0
b2b-32275,39000,530530701001,43200,-122.722177527917,47.06726163014591,20118.0
b2b-32283,34200,530530730061,43200,-122.722177527917,47.06726163014591,530150003001.0
b2b-32293,37800,530610413042,43200,-122.24715468374436,47.925310776455525,530610413042.0
b2b-32304,33000,530610537001,43200,-121.4007171060678,47.41209531237868,20041.0
b2b-32305,33000,530610537001,43200,-121.4007171060678,47.41209531237868,20041.0
b2b-32333,24000,530530701001,43200,-122.722177527917,47.06726163014591,20009.0
b2b-32347,42600,530610533014,43200,-122.31610846863688,48.31193108584794,530730002003.0
b2b-32359,31200,530539400101,43200,-122.31623780041626,47.21778440192824,530539400101.0
b2b-32361,36000,530539400101,43200,-122.31620335841464,47.21496011538982,530539400101.0
b2b-32372,41400,530610537001,43200,-121.4007171060678,47.41209531237868,20066.0
b2b-32436,33600,530330315021,43200,-121.4007171060678,47.41209531237868,530770034001.0
b2b-32438,30000,530330314004,43200,-121.99738839672244,47.206389736413776,530330314004.0
b2b-32449,36000,530610533014,43200,-122.31610846863688,48.31193108584794,530579519002.0
b2b-32475,28800,530330315021,43200,-121.4007171060678,47.41209531237868,530210201005.0
b2b-32488,12600,530530732004,43200,-122.722177527917,47.06726163014591,20012.0
b2b-32496,12600,530530732003,43200,-122.722177527917,47.06726163014591,410510073001.0
b2b-32511,47400,530350921002,43200,-122.79780057844646,47.47041545337575,530350921002.0
b2b-32516,30000,530530701001,43200,-122.722177527917,47.06726163014591,20071.0
b2b-32518,36000,530530701001,43200,-122.722177527917,47.06726163014591,20071.0
b2b-32530,40200,530530729061,43200,-122.722177527917,47.06726163014591,530670126102.0
b2b-32541,29400,530530732004,43200,-122.722177527917,47.06726163014591,20010.0
b2b-32542,29400,530530732004,43200,-122.722177527917,47.06726163014591,20010.0
b2b-32552,25800,530530732004,43200,-122.722177527917,47.06726163014591,20010.0
b2b-32558,18000,530530732004,43200,-122.722177527917,47.06726163014591,20010.0
b2b-32559,18000,530530732004,43200,-122.722177527917,47.06726163014591,20010.0
b2b-32563,33000,530530732004,43200,-122.722177527917,47.06726163014591,20010.0
b2b-32565,19800,530539400101,43200,-122.30359404279316,47.205853431591024,530539400101.0
b2b-32580,34800,530610534001,43200,-122.31610846863688,48.31193108584794,530730101005.0
b2b-32595,51000,530610537001,43200,-121.4007171060678,47.41209531237868,530630141002.0
b2b-32599,36000,530610537001,43200,-121.4007171060678,47.41209531237868,530630114003.0
b2b-32603,36000,530610537001,43200,-121.4007171060678,47.41209531237868,530630114003.0
b2b-32612,29400,530610537001,43200,-121.4007171060678,47.41209531237868,530630122001.0
b2b-32627,16200,530610537001,43200,-121.4007171060678,47.41209531237868,530630141002.0
b2b-32634,16200,530610537001,43200,-121.4007171060678,47.41209531237868,530630141002.0
b2b-32640,16200,530610537001,43200,-121.4007171060678,47.41209531237868,530630141002.0
b2b-32644,19800,530610537001,43200,-121.4007171060678,47.41209531237868,530630020003.0
b2b-32649,37800,530610537001,43200,-121.06731919588896,47.75089046929392,530630114003.0
b2b-32658,8400,530610537001,43200,-121.4007171060678,47.41209531237868,530630114003.0
b2b-32675,31800,530530732004,43200,-122.722177527917,47.06726163014591,20010.0
b2b-32685,25200,530530732004,43200,-122.722177527917,47.06726163014591,20010.0
b2b-32686,37200,530530732004,43200,-122.722177527917,47.06726163014591,20010.0
b2b-32688,33000,530530726032,43200,-122.722177527917,47.06726163014591,530270007003.0
b2b-32689,9000,530530701001,43200,-122.722177527917,47.06726163014591,20118.0
b2b-32692,25800,530530701001,43200,-122.722177527917,47.06726163014591,20071.0
b2b-32699,27600,530530732004,43200,-122.722177527917,47.06726163014591,20012.0
b2b-32709,7800,530530732003,43200,-122.722177527917,47.06726163014591,410430202001.0
b2b-32713,48000,530330284024,43200,-122.29786962184436,47.44398773155042,530330284024.0
b2b-32718,31800,530530732003,43200,-122.722177527917,47.06726163014591,410470015022.0
b2b-32729,30600,530530701001,43200,-122.722177527917,47.06726163014591,20095.0
b2b-32745,19200,530350921002,43200,-122.79780057844646,47.47041545337575,530350921002.0
b2b-32746,30600,530330093002,43200,-122.331114896747,47.5913607688906,530330093002.0
b2b-32748,29400,530610533023,43200,-122.31610846863688,48.31193108584794,530579516003.0
b2b-32758,34200,530530701001,43200,-122.722177527917,47.06726163014591,20009.0
b2b-32769,24000,530530732003,43200,-122.722177527917,47.06726163014591,410670320011.0
b2b-32782,31800,530530732004,43200,-122.722177527917,47.06726163014591,20010.0
b2b-32812,41400,530530718071,43200,-122.48902908696398,47.1725184454144,530530718071.0
b2b-32819,39000,530530701001,43200,-122.722177527917,47.06726163014591,20118.0
b2b-32831,10800,530330315021,43200,-121.4007171060678,47.41209531237868,530770002001.0
b2b-32839,22200,530530732003,43200,-122.58014198329504,46.93344098049039,410510102001.0
b2b-32841,22200,530530732003,43200,-122.722177527917,47.06726163014591,410510102001.0
b2b-32842,46800,530530732003,43200,-122.722177527917,47.06726163014591,410670315133.0
b2b-32844,46800,530530732003,43200,-122.722177527917,47.06726163014591,410670315133.0
b2b-32857,30000,530530732004,43200,-122.722177527917,47.06726163014591,20010.0
b2b-32858,30000,530530732004,43200,-122.722177527917,47.06726163014591,20010.0
b2b-32889,31200,530530701001,43200,-122.722177527917,47.06726163014591,20009.0
b2b-32899,46200,530350811002,43200,-122.65311638072524,47.56153088242329,530350811002.0
b2b-32903,34800,530330305011,43200,-122.2468069377908,47.32836928704271,530330305011.0
b2b-32904,22200,530530732003,43200,-122.58014198329504,46.93344098049039,530150015024.0
b2b-32921,32400,530330328003,43200,-121.4007171060678,47.41209531237868,20044.0
b2b-32922,25800,530330328003,43200,-121.4007171060678,47.41209531237868,20044.0
b2b-32929,25800,530530732004,43200,-122.722177527917,47.06726163014591,20012.0
b2b-32930,25800,530530732004,43200,-122.722177527917,47.06726163014591,20012.0
b2b-32945,40800,530530701001,43200,-122.722177527917,47.06726163014591,20009.0
b2b-32949,43200,530530701001,43200,-122.722177527917,47.06726163014591,20009.0
b2b-32965,26400,530330302024,43200,-122.32576640694958,47.31550579734827,530330302024.0
b2b-32976,28800,530330323133,43200,-122.09205928770702,47.66620856916169,530330323133.0
b2b-32979,34200,530530616011,43200,-122.4417524655116,47.25262696949706,530530616011.0
b2b-32991,28800,530530732003,43200,-122.722177527917,47.06726163014591,410050215002.0
b2b-32993,29400,530530701001,43200,-122.722177527917,47.06726163014591,20095.0
b2b-33001,34800,530530732003,43200,-122.722177527917,47.06726163014591,410510073001.0
b2b-33016,34200,530530701001,43200,-122.722177527917,47.06726163014591,20071.0
b2b-33024,35400,530530732003,43200,-122.722177527917,47.06726163014591,410430307004.0
b2b-33040,34800,530530732004,43200,-122.722177527917,47.06726163014591,20010.0
b2b-33057,48000,530610408002,43200,-122.2134467601275,47.97825674877105,530610408002.0
b2b-33062,48000,530610408002,43200,-122.2134467601275,47.97825674877105,530610408002.0
b2b-33078,23400,530530732004,43200,-122.722177527917,47.06726163014591,20014.0
b2b-33085,24600,530530732004,43200,-122.722177527917,47.06726163014591,20014.0
b2b-33105,33000,530530732004,43200,-122.722177527917,47.06726163014591,20012.0
b2b-33124,39600,530330284024,43200,-122.32662210712952,47.444800309911074,530330284024.0
b2b-33129,48600,530530732003,43200,-122.722177527917,47.06726163014591,410050221081.0
b2b-33134,21000,530530732003,43200,-122.722177527917,47.06726163014591,410430202001.0
b2b-33138,27600,530530732003,43200,-122.722177527917,47.06726163014591,530150015024.0
b2b-33153,33600,530530732004,43200,-122.722177527917,47.06726163014591,20012.0
b2b-33160,31800,530530701001,43200,-122.722177527917,47.06726163014591,20005.0
b2b-33174,28200,530610537001,43200,-121.4007171060678,47.41209531237868,530630122001.0
b2b-33181,33000,530610533014,43200,-122.31610846863688,48.31193108584794,530730002003.0
b2b-33198,28800,530330262001,43200,-122.24755562972652,47.44757492525695,530330262001.0
b2b-33208,43800,530530732003,43200,-122.722177527917,47.06726163014591,410510008024.0
b2b-33210,43800,530530732003,43200,-122.722177527917,47.06726163014591,410510008024.0
b2b-33212,31800,530530732004,43200,-122.722177527917,47.06726163014591,20012.0
b2b-33216,31800,530530732003,43200,-122.722177527917,47.06726163014591,530110410052.0
b2b-33219,36000,530530732003,43200,-122.722177527917,47.06726163014591,410050215002.0
b2b-33220,36000,530530732003,43200,-122.722177527917,47.06726163014591,410050215002.0
b2b-33229,36000,530530732004,43200,-122.722177527917,47.06726163014591,20010.0
b2b-33230,27000,530530732004,43200,-122.722177527917,47.06726163014591,20010.0
b2b-33240,41400,530530701001,43200,-122.722177527917,47.06726163014591,20009.0
b2b-33241,40200,530530701001,43200,-122.722177527917,47.06726163014591,20009.0
b2b-33255,31800,530330315021,43200,-121.4007171060678,47.41209531237868,20015.0
b2b-33258,19800,530330315021,43200,-121.4007171060678,47.41209531237868,20015.0
b2b-33275,25200,530530732004,43200,-122.722177527917,47.06726163014591,20012.0
b2b-33306,37200,530610408002,43200,-122.2134467601275,47.97825674877105,530610408002.0
b2b-33322,36600,530530701001,43200,-122.722177527917,47.06726163014591,20009.0
b2b-33339,3600,530530732003,43200,-122.722177527917,47.06726163014591,530110405102.0
b2b-33352,45000,530530732003,43200,-122.722177527917,47.06726163014591,410470003003.0
b2b-33353,29400,530530732003,43200,-122.722177527917,47.06726163014591,410670316134.0
b2b-33367,28200,530610534001,43200,-122.31610846863688,48.31193108584794,530730102002.0
b2b-33384,30000,530610537001,43200,-121.4007171060678,47.41209531237868,20083.0
b2b-33399,24600,530530732003,43200,-122.722177527917,47.06726163014591,410670320011.0
b2b-33406,47400,530530729061,43200,-122.722177527917,47.06726163014591,530419708004.0
b2b-33417,48600,530330256011,43200,-122.16267575594432,47.487923748563865,530330256011.0
b2b-33420,25800,530530732004,43200,-122.722177527917,47.06726163014591,20012.0
b2b-33422,26400,530610537001,43200,-121.4007171060678,47.41209531237868,20067.0
b2b-33424,31200,530530701001,43200,-122.722177527917,47.06726163014591,20071.0
b2b-33426,45000,530539400101,43200,-122.3277261727006,47.21572139097732,530539400101.0
b2b-33429,28200,530530732004,43200,-122.722177527917,47.06726163014591,20012.0
b2b-33436,36600,530530732003,43200,-122.722177527917,47.06726163014591,530110408081.0
b2b-33444,27000,530330108001,43200,-122.34457563192096,47.554834315218855,530330108001.0
b2b-33448,51000,530530732003,43200,-122.19485167722463,46.751000474268345,410510072021.0
b2b-33451,40800,530530732003,43200,-122.722177527917,47.06726163014591,410510072021.0
b2b-33461,30600,530530732003,43200,-122.722177527917,47.06726163014591,410519800001.0
b2b-33471,48000,530530732004,43200,-122.722177527917,47.06726163014591,20010.0
b2b-33472,48000,530530732004,43200,-122.722177527917,47.06726163014591,20010.0
b2b-33481,28200,530330328003,43200,-121.4007171060678,47.41209531237868,20028.0
b2b-33482,58200,530330328003,43200,-121.4007171060678,47.41209531237868,20028.0
b2b-33502,33000,530530732003,43200,-122.722177527917,47.06726163014591,530110410052.0
b2b-33503,33000,530530732003,43200,-122.722177527917,47.06726163014591,530110410052.0
b2b-33504,33000,530530732003,43200,-122.722177527917,47.06726163014591,530110410052.0
b2b-33507,21600,530530732003,43200,-122.722177527917,47.06726163014591,410670307002.0
b2b-33508,15600,530610537001,43200,-121.4007171060678,47.41209531237868,530630120002.0
b2b-33516,24000,530530732003,43200,-122.722177527917,47.06726163014591,410510072021.0
b2b-33528,28200,530530701001,43200,-122.722177527917,47.06726163014591,20009.0
b2b-33538,36600,530530732004,43200,-122.722177527917,47.06726163014591,20012.0
b2b-33571,31800,530530732004,43200,-122.722177527917,47.06726163014591,20010.0
b2b-33578,26400,530530726032,43200,-122.722177527917,47.06726163014591,530670101001.0
b2b-33611,49800,530610537001,43200,-121.4007171060678,47.41209531237868,20068.0
b2b-33612,49800,530610537001,43200,-121.06731919588896,47.75089046929392,20068.0
b2b-33617,34800,530610537001,43200,-121.49796228014988,46.88132902971716,20068.0
b2b-33625,37200,530530726032,43200,-122.722177527917,47.06726163014591,530670101001.0
b2b-33632,49800,530610537001,43200,-121.49796228014988,46.88132902971716,20067.0
b2b-33647,20400,530330305011,43200,-122.23958370965552,47.306272979743525,530330305011.0
b2b-33652,20400,530530732003,43200,-122.722177527917,47.06726163014591,530110413173.0
b2b-33657,3000,530530732004,43200,-122.722177527917,47.06726163014591,20012.0
b2b-33668,35400,530530701001,43200,-122.722177527917,47.06726163014591,20005.0
b2b-33679,31200,530610537001,43200,-121.4007171060678,47.41209531237868,20067.0
b2b-33718,35400,530610537001,43200,-121.4007171060678,47.41209531237868,530630122001.0
b2b-33720,18000,530530732004,43200,-122.722177527917,47.06726163014591,20014.0
b2b-33726,40200,530530701001,43200,-122.722177527917,47.06726163014591,20118.0
b2b-33729,26400,530530732004,43200,-122.722177527917,47.06726163014591,20010.0
b2b-33742,41400,530610537001,43200,-121.4007171060678,47.41209531237868,530630117022.0
b2b-33748,33600,530330315021,43200,-121.4007171060678,47.41209531237868,530770014001.0
b2b-33793,32400,530530701001,43200,-122.722177527917,47.06726163014591,20071.0
b2b-33826,25800,530610537001,43200,-121.4007171060678,47.41209531237868,530630122001.0
b2b-33834,5400,530610534001,43200,-122.31610846863688,48.31193108584794,530730101005.0
b2b-33844,28200,530610537001,43200,-121.4007171060678,47.41209531237868,20041.0
b2b-33848,43800,530610537001,43200,-121.4007171060678,47.41209531237868,20090.0
b2b-33858,41400,530610537001,43200,-121.4007171060678,47.41209531237868,20067.0
b2b-33859,41400,530610537001,43200,-121.4007171060678,47.41209531237868,20067.0
b2b-33879,46800,530530712071,43200,-122.27370874554336,47.15799568658697,530530712071.0
b2b-33884,13200,530530732004,43200,-122.722177527917,47.06726163014591,20012.0
b2b-33893,44400,530530732003,43200,-122.722177527917,47.06726163014591,530110410052.0
b2b-33896,29400,530530701001,43200,-122.722177527917,47.06726163014591,20009.0
b2b-33900,22200,530530701001,43200,-122.722177527917,47.06726163014591,20009.0
b2b-33916,22200,530350918001,43200,-122.62400027831414,47.6110750541063,530350918001.0
b2b-33956,30000,530610537001,43200,-121.4007171060678,47.41209531237868,20034.0
b2b-33957,27600,530530732004,43200,-122.722177527917,47.06726163014591,20012.0
b2b-33963,36000,530530732003,43200,-122.722177527917,47.06726163014591,410510073001.0
b2b-34008,33000,530530701001,43200,-122.722177527917,47.06726163014591,20009.0
b2b-34011,33000,530530701001,43200,-122.722177527917,47.06726163014591,20009.0
b2b-34016,35400,530530701001,43200,-122.722177527917,47.06726163014591,20009.0
b2b-34019,34200,530530701001,43200,-122.722177527917,47.06726163014591,20009.0
b2b-34020,22800,530530701001,43200,-122.722177527917,47.06726163014591,20009.0
b2b-34029,49800,530530701001,43200,-122.58014198329504,46.93344098049039,20009.0
b2b-34030,26400,530530701001,43200,-122.722177527917,47.06726163014591,20009.0
b2b-34042,36000,530530701001,43200,-122.722177527917,47.06726163014591,20009.0
b2b-34056,40200,530330315021,43200,-121.4007171060678,47.41209531237868,20033.0
b2b-34065,40200,530530732003,43200,-122.722177527917,47.06726163014591,410050221071.0
b2b-34079,26400,530330315021,43200,-122.722177527917,47.06726163014591,20117.0
b2b-34083,26400,530330315021,43200,-122.722177527917,47.06726163014591,20117.0
b2b-34089,26400,530330315021,43200,-122.722177527917,47.06726163014591,20117.0
b2b-34107,26400,530610535091,43200,-122.14717269258814,48.17551092473751,530610535091.0
b2b-34114,26400,530610535091,43200,-122.14717269258814,48.17551092473751,530610535091.0
b2b-34119,36600,530530732003,43200,-122.722177527917,47.06726163014591,410430306003.0
b2b-34128,31800,530610537001,43200,-121.4007171060678,47.41209531237868,530630114003.0
b2b-34181,40200,530610537001,43200,-121.4007171060678,47.41209531237868,20060.0
b2b-34184,40200,530610537001,43200,-121.4007171060678,47.41209531237868,20060.0
b2b-34188,40200,530610537001,43200,-121.4007171060678,47.41209531237868,20060.0
b2b-34191,40200,530610537001,43200,-121.4007171060678,47.41209531237868,20060.0
b2b-34197,40200,530610537001,43200,-121.4007171060678,47.41209531237868,20060.0
b2b-34227,23400,530610537001,43200,-121.49796228014988,46.88132902971716,20126.0
b2b-34237,33000,530610537001,43200,-121.4007171060678,47.41209531237868,20060.0
b2b-34251,39600,530530701001,43200,-122.722177527917,47.06726163014591,20009.0
b2b-34272,39600,530530701001,43200,-122.722177527917,47.06726163014591,20009.0
b2b-34274,39600,530530701001,43200,-122.722177527917,47.06726163014591,20009.0
b2b-34288,39600,530530701001,43200,-122.722177527917,47.06726163014591,20009.0
b2b-34298,39600,530530701001,43200,-122.58014198329504,46.93344098049039,20009.0
b2b-34302,39600,530530701001,43200,-122.722177527917,47.06726163014591,20009.0
b2b-34305,39600,530530701001,43200,-122.722177527917,47.06726163014591,20009.0
b2b-34319,19800,530530701001,43200,-122.722177527917,47.06726163014591,20005.0
b2b-34320,19800,530530701001,43200,-122.722177527917,47.06726163014591,20005.0
b2b-34331,32400,530610537001,43200,-121.4007171060678,47.41209531237868,20086.0
b2b-34337,32400,530610537001,43200,-121.4007171060678,47.41209531237868,20086.0
b2b-34346,21000,530610537001,43200,-121.4007171060678,47.41209531237868,20086.0
b2b-34360,37800,530610537001,43200,-121.4007171060678,47.41209531237868,20086.0
b2b-34364,42000,530610537001,43200,-121.4007171060678,47.41209531237868,20086.0
b2b-34365,18000,530610537001,43200,-121.4007171060678,47.41209531237868,20086.0
b2b-34367,16200,530610537001,43200,-121.4007171060678,47.41209531237868,20086.0
b2b-34371,27600,530610537001,43200,-121.4007171060678,47.41209531237868,20086.0
b2b-34375,31800,530610537001,43200,-121.4007171060678,47.41209531237868,20086.0
b2b-34376,36000,530610537001,43200,-121.4007171060678,47.41209531237868,20086.0
b2b-34380,35400,530610537001,43200,-121.4007171060678,47.41209531237868,20086.0
b2b-34393,18000,530610537001,43200,-121.4007171060678,47.41209531237868,20086.0
b2b-34395,24000,530610537001,43200,-121.4007171060678,47.41209531237868,20086.0
b2b-34398,31800,530610537001,43200,-121.4007171060678,47.41209531237868,20086.0
b2b-34405,26400,530610537001,43200,-121.4007171060678,47.41209531237868,20086.0
b2b-34411,31200,530610537001,43200,-121.4007171060678,47.41209531237868,20086.0
b2b-34412,38400,530610537001,43200,-121.4007171060678,47.41209531237868,20086.0
b2b-34421,42000,530610537001,43200,-121.4007171060678,47.41209531237868,20086.0
b2b-34425,43200,530610537001,43200,-121.4007171060678,47.41209531237868,20086.0
b2b-34427,45000,530610537001,43200,-121.4007171060678,47.41209531237868,20086.0
b2b-34434,41400,530610537001,43200,-121.4007171060678,47.41209531237868,20086.0
b2b-34452,34200,530610537001,43200,-121.4007171060678,47.41209531237868,20086.0
b2b-34460,39000,530610537001,43200,-121.4007171060678,47.41209531237868,20086.0
b2b-34473,17400,530610537001,43200,-121.4007171060678,47.41209531237868,20086.0
b2b-34474,36000,530610537001,43200,-121.4007171060678,47.41209531237868,20086.0
b2b-34478,33600,530610537001,43200,-121.4007171060678,47.41209531237868,20086.0
b2b-34497,45000,530610537001,43200,-121.4007171060678,47.41209531237868,20086.0
b2b-34531,27000,530610537001,43200,-121.4007171060678,47.41209531237868,20086.0
b2b-34533,24000,530610537001,43200,-121.4007171060678,47.41209531237868,20086.0
b2b-34546,34200,530610537001,43200,-121.4007171060678,47.41209531237868,20086.0
b2b-34574,37200,530610537001,43200,-121.4007171060678,47.41209531237868,20086.0
b2b-34585,31200,530610537001,43200,-121.4007171060678,47.41209531237868,20086.0
b2b-34619,24000,530610537001,43200,-121.4007171060678,47.41209531237868,20086.0
b2b-34623,25800,530610537001,43200,-121.4007171060678,47.41209531237868,20086.0
b2b-34630,15000,530610537001,43200,-121.4007171060678,47.41209531237868,20086.0
b2b-34663,33600,530610537001,43200,-121.4007171060678,47.41209531237868,20086.0
b2b-34668,6600,530610537001,43200,-121.4007171060678,47.41209531237868,20086.0
b2b-34685,35400,530610537001,43200,-121.4007171060678,47.41209531237868,20086.0
b2b-34704,36000,530610537001,43200,-121.4007171060678,47.41209531237868,20086.0
b2b-34706,23400,530610537001,43200,-121.4007171060678,47.41209531237868,20086.0
b2b-34708,41400,530610537001,43200,-121.4007171060678,47.41209531237868,20086.0
b2b-34714,28200,530610537001,43200,-121.4007171060678,47.41209531237868,20086.0
b2b-34715,46800,530610537001,43200,-121.4007171060678,47.41209531237868,20086.0
b2b-34744,25800,530610537001,43200,-121.4007171060678,47.41209531237868,20086.0
b2b-34748,24000,530610537001,43200,-121.4007171060678,47.41209531237868,20086.0
b2b-34763,34200,530610537001,43200,-121.4007171060678,47.41209531237868,20086.0
b2b-34772,31800,530610537001,43200,-121.4007171060678,47.41209531237868,20086.0
b2b-34783,33000,530610537001,43200,-121.4007171060678,47.41209531237868,20086.0
b2b-34787,43800,530610537001,43200,-121.4007171060678,47.41209531237868,20086.0
b2b-34802,32400,530610537001,43200,-121.4007171060678,47.41209531237868,20086.0
b2b-34810,6000,530610537001,43200,-121.4007171060678,47.41209531237868,20086.0
b2b-34820,30000,530610537001,43200,-121.4007171060678,47.41209531237868,20086.0
b2b-34829,24000,530610537001,43200,-121.4007171060678,47.41209531237868,20086.0
b2b-34845,30000,530610537001,43200,-121.4007171060678,47.41209531237868,20086.0
b2b-34851,24000,530610537001,43200,-121.4007171060678,47.41209531237868,20086.0
b2b-34854,32400,530610537001,43200,-121.4007171060678,47.41209531237868,20086.0
b2b-34859,34200,530610537001,43200,-121.4007171060678,47.41209531237868,20086.0
b2b-34870,14400,530610537001,43200,-121.4007171060678,47.41209531237868,20086.0
b2b-34875,28200,530610537001,43200,-121.4007171060678,47.41209531237868,20086.0
b2b-34889,44400,530610537001,43200,-121.4007171060678,47.41209531237868,20086.0
b2b-34895,35400,530610537001,43200,-121.4007171060678,47.41209531237868,20086.0
b2b-34900,22800,530610537001,43200,-121.4007171060678,47.41209531237868,20086.0
b2b-34911,32400,530610537001,43200,-121.4007171060678,47.41209531237868,20086.0
b2b-34962,21000,530610537001,43200,-121.4007171060678,47.41209531237868,20086.0
b2b-34963,38400,530610537001,43200,-121.4007171060678,47.41209531237868,20086.0
b2b-34965,28800,530610537001,43200,-121.4007171060678,47.41209531237868,20086.0
b2b-34966,19200,530610537001,43200,-121.4007171060678,47.41209531237868,20086.0
b2b-34967,37800,530610537001,43200,-121.4007171060678,47.41209531237868,20086.0
b2b-34999,47400,530610537001,43200,-121.4007171060678,47.41209531237868,20086.0
b2b-35000,26400,530610537001,43200,-121.4007171060678,47.41209531237868,20086.0
b2b-35037,34200,530610537001,43200,-121.4007171060678,47.41209531237868,20086.0
b2b-35039,34200,530610537001,43200,-121.4007171060678,47.41209531237868,20086.0
b2b-35045,37200,530610537001,43200,-121.4007171060678,47.41209531237868,20086.0
b2b-35058,29400,530610537001,43200,-121.4007171060678,47.41209531237868,20086.0
b2b-35068,38400,530610537001,43200,-121.4007171060678,47.41209531237868,20086.0
b2b-35087,43800,530610537001,43200,-121.4007171060678,47.41209531237868,20086.0
b2b-35092,18600,530610537001,43200,-121.4007171060678,47.41209531237868,20086.0
b2b-35094,31200,530610537001,43200,-121.4007171060678,47.41209531237868,20086.0
b2b-35104,56400,530610537001,43200,-121.4007171060678,47.41209531237868,20086.0
b2b-35128,39000,530610537001,43200,-121.4007171060678,47.41209531237868,20086.0
b2b-35133,27000,530610537001,43200,-121.4007171060678,47.41209531237868,20086.0
b2b-35195,19800,530530701001,43200,-122.722177527917,47.06726163014591,20009.0
b2b-35214,19800,530530701001,43200,-122.722177527917,47.06726163014591,20009.0
b2b-35225,19800,530530701001,43200,-122.722177527917,47.06726163014591,20009.0
b2b-35251,19800,530530701001,43200,-122.722177527917,47.06726163014591,20009.0
b2b-35258,19800,530530701001,43200,-122.722177527917,47.06726163014591,20009.0
b2b-35260,19800,530530701001,43200,-122.722177527917,47.06726163014591,20009.0
b2b-35261,19800,530530701001,43200,-122.722177527917,47.06726163014591,20009.0
b2b-35262,19800,530530701001,43200,-122.722177527917,47.06726163014591,20009.0
b2b-35280,19800,530530701001,43200,-122.722177527917,47.06726163014591,20009.0
b2b-35306,7800,530530701001,43200,-122.722177527917,47.06726163014591,20009.0
b2b-35307,18600,530530701001,43200,-122.722177527917,47.06726163014591,20009.0
b2b-35329,30000,530530701001,43200,-122.722177527917,47.06726163014591,20009.0
b2b-35330,45000,530530701001,43200,-122.722177527917,47.06726163014591,20009.0
b2b-35349,25800,530530701001,43200,-122.722177527917,47.06726163014591,20009.0
b2b-35350,47400,530530701001,43200,-122.722177527917,47.06726163014591,20009.0
b2b-35352,26400,530530701001,43200,-122.722177527917,47.06726163014591,20009.0
b2b-35373,38400,530530701001,43200,-122.58014198329504,46.93344098049039,20009.0
b2b-35382,21600,530610537001,43200,-121.4007171060678,47.41209531237868,20034.0
b2b-35402,19200,530610537001,43200,-121.4007171060678,47.41209531237868,20041.0
b2b-35416,19200,530610537001,43200,-121.4007171060678,47.41209531237868,20041.0
b2b-35432,33600,530330093003,43200,-122.3418644609965,47.56446776310541,530330093003.0
b2b-35435,33600,530330093003,43200,-122.3418644609965,47.56446776310541,530330093003.0
b2b-35436,30000,530330265002,43200,-122.35458225098962,47.51367176580192,530330265002.0
b2b-35450,33000,530330303132,43200,-122.31110388973786,47.29631221418766,530330303132.0
b2b-35464,37800,530610533014,43200,-122.31610846863688,48.31193108584794,530730001003.0
b2b-35526,34200,530610535071,43200,-122.14010587518432,48.17562105666857,530610535071.0
b2b-35532,47400,530530729061,43200,-122.722177527917,47.06726163014591,530670126102.0
b2b-35533,42600,530530729061,43200,-122.722177527917,47.06726163014591,530419713002.0
b2b-35567,45000,530530729061,43200,-122.722177527917,47.06726163014591,530670126102.0
b2b-35574,29400,530530728001,43200,-122.722177527917,47.06726163014591,530670112002.0
b2b-35589,28200,530530729061,43200,-122.722177527917,47.06726163014591,530419703001.0
b2b-35599,27600,530530726032,43200,-122.722177527917,47.06726163014591,530670109101.0
b2b-35600,50400,530530729061,43200,-122.722177527917,47.06726163014591,530670126102.0
b2b-35602,34800,530530729061,43200,-122.58014198329504,46.93344098049039,530670127101.0
b2b-35613,32400,530530729061,43200,-122.722177527917,47.06726163014591,530670127202.0
b2b-35616,37800,530530729061,43200,-122.722177527917,47.06726163014591,530419708002.0
b2b-35637,20400,530610535061,43200,-122.31610846863688,48.31193108584794,530579512001.0
b2b-35654,34800,530530729061,43200,-122.722177527917,47.06726163014591,530419714002.0
b2b-35667,26400,530530729061,43200,-122.722177527917,47.06726163014591,530419714002.0
b2b-35674,33000,530530729061,43200,-122.722177527917,47.06726163014591,530670126102.0
b2b-35677,22800,530530729061,43200,-122.722177527917,47.06726163014591,530419713002.0
b2b-35681,24600,530530729061,43200,-122.722177527917,47.06726163014591,530670126102.0
b2b-35691,28200,530530729061,43200,-122.722177527917,47.06726163014591,530419714002.0
b2b-35692,18600,530530730061,43200,-122.722177527917,47.06726163014591,530150018001.0
b2b-35699,27600,530530730061,43200,-122.722177527917,47.06726163014591,530150018001.0
b2b-35701,37200,530530729061,43200,-122.722177527917,47.06726163014591,530419708002.0
b2b-35753,15600,530330292061,43200,-122.21836718823572,47.44039646000822,530330292061.0
b2b-35770,12600,530330328001,43200,-121.8141638960827,47.54629439073378,530330328001.0
b2b-35819,35400,530330256011,43200,-122.16282142260212,47.48759427593792,530330256011.0
b2b-35846,40200,530330305011,43200,-122.2359635397136,47.31700162608042,530330305011.0
b2b-35851,40200,530330305011,43200,-122.2359635397136,47.31700162608042,530330305011.0
b2b-35859,36000,530530718071,43200,-122.4930117465454,47.173313486192285,530530718071.0
b2b-35886,22200,530330305011,43200,-122.23142391979832,47.34140563075523,530330305011.0
b2b-35892,36600,530539400022,43200,-122.35888374426008,47.247588785372606,530539400022.0
b2b-35898,31200,530330292061,43200,-122.25334281900588,47.41083488162486,530330292061.0
b2b-35910,30600,530330305011,43200,-122.22543791839011,47.3382261268474,530330305011.0
b2b-35935,24600,530330258061,43200,-122.212979795004,47.44436388876136,530330258061.0
b2b-35948,25200,530539400022,43200,-122.38238005641284,47.24632205008835,530539400022.0
b2b-35952,34200,530330297003,43200,-122.23629649000256,47.378907977163976,530330297003.0
b2b-35961,23400,530539400101,43200,-122.30700139517346,47.2055837515798,530539400101.0
b2b-35966,14400,530530714062,43200,-122.39851491566782,47.05551357565029,530530714062.0
b2b-35970,36600,530539400021,43200,-122.34806581782834,47.24278988681552,530539400021.0
b2b-35973,25800,530330297004,43200,-122.21611583023112,47.35689955709071,530330297004.0
b2b-35975,35400,530330288021,43200,-122.29332498391422,47.42849701223552,530330288021.0
b2b-35997,30000,530330292061,43200,-122.22671788242276,47.436521188262034,530330292061.0
b2b-36006,20400,530539400022,43200,-122.36717834019156,47.2449902105873,530539400022.0
b2b-36012,8400,530330292061,43200,-122.24441370503608,47.40483024375545,530330292061.0
b2b-36013,46200,530530712073,43200,-122.29211447723658,47.16255800375999,530530712073.0
b2b-36015,42000,530330284024,43200,-122.29792711872705,47.44390682433458,530330284024.0
b2b-36021,53400,530330320111,43200,-122.0208840011324,47.36279936165376,530330320111.0
b2b-36025,46800,530330284024,43200,-122.2974181495876,47.44359002175547,530330284024.0
b2b-36034,41400,530330263002,43200,-122.26758045842736,47.49211902753007,530330263002.0
b2b-36039,45600,530330283001,43200,-122.28032562234132,47.45712616756197,530330283001.0
b2b-36042,0,530330305011,43200,-122.2286223629894,47.34594357364225,530330305011.0
b2b-36047,36000,530539400101,43200,-122.31027225183443,47.21555713921264,530539400101.0
b2b-36067,48000,530539400022,43200,-122.37687412195378,47.24417976786442,530539400022.0
b2b-36068,27600,530330292061,43200,-122.24629124905545,47.391731812147874,530330292061.0
b2b-36087,16800,530330093003,43200,-122.322886866017,47.564164116643255,530330093003.0
b2b-36091,33000,530330284024,43200,-122.32180328245244,47.44557578167185,530330284024.0
b2b-36099,22200,530539400072,43200,-122.39869922934828,47.23881805895152,530539400072.0
b2b-36122,22800,530330288021,43200,-122.29290659162672,47.42999481185693,530330288021.0
b2b-36123,31800,530539400101,43200,-122.31623780041626,47.21778440192824,530539400101.0
b2b-36140,44400,530330262001,43200,-122.22646826400188,47.45134970300565,530330262001.0
b2b-36143,33600,530330268011,43200,-122.3335647010048,47.5075448824986,530330268011.0
b2b-36151,41400,530330093002,43200,-122.33528153146486,47.576667230395465,530330093002.0
b2b-36153,18000,530610519281,43200,-122.25034980458652,47.84889543212644,530610519281.0
b2b-36160,4800,530330297003,43200,-122.2427201300502,47.37375981158335,530330297003.0
b2b-36162,34200,530330262001,43200,-122.22619745352424,47.45048427089641,530330262001.0
b2b-36174,19800,530330292061,43200,-122.24601183335676,47.38375430732682,530330292061.0
b2b-36177,27600,530330099004,43200,-122.3501385275592,47.57943281440023,530330099004.0
b2b-36188,23400,530330295022,43200,-122.17993072512496,47.37090361322788,530330295022.0
b2b-36189,27600,530330099004,43200,-122.37283153012548,47.58166537774654,530330099004.0
b2b-36191,13200,530330292061,43200,-122.24391348114084,47.434109303497,530330292061.0
b2b-36207,43800,530330237001,43200,-122.1479131197876,47.62965642443126,530330237001.0
b2b-36215,43200,530330032003,43200,-122.3881305030228,47.66869883642263,530330032003.0
b2b-36220,21000,530610419012,43200,-122.26007925843976,47.89121204287088,530610419012.0
b2b-36270,36600,530539400101,43200,-122.2866795603986,47.20698260604722,530539400101.0
b2b-36272,8400,530330292061,43200,-122.25195107148456,47.40479085006138,530330292061.0
b2b-36274,22800,530530717061,43200,-122.48612189120122,47.15626751611811,530530717061.0
b2b-36285,26400,530330303132,43200,-122.31247323355964,47.30670803239676,530330303132.0
b2b-36323,28200,530530703073,43200,-122.14070724632568,47.2404209644375,530530703073.0
b2b-36330,28800,530330297002,43200,-122.228721663423,47.37093030274961,530330297002.0
b2b-36355,28800,530530728001,43200,-122.722177527917,47.06726163014591,530670122222.0
b2b-36375,22200,530530728001,43200,-122.722177527917,47.06726163014591,530670115002.0
b2b-36405,25800,530530718071,43200,-122.5106024374446,47.16890311426602,530530718071.0
b2b-36411,24600,530530729061,43200,-122.722177527917,47.06726163014591,530670118211.0
b2b-36429,37800,530530726032,43200,-122.722177527917,47.06726163014591,530670101001.0
b2b-36447,30600,530530726032,43200,-122.722177527917,47.06726163014591,530670109101.0
b2b-36461,48600,530530728001,43200,-122.722177527917,47.06726163014591,530670122213.0
b2b-36488,22200,530530728001,43200,-122.722177527917,47.06726163014591,530670122222.0
b2b-36492,56400,530530729061,43200,-122.722177527917,47.06726163014591,530419703001.0
b2b-36494,18600,530530726023,43200,-122.6255660082074,47.86126423427218,530459606003.0
b2b-36501,46800,530530726032,43200,-122.722177527917,47.06726163014591,530670119001.0
b2b-36506,25800,530530718071,43200,-122.48771585368904,47.172974792110246,530530718071.0
b2b-36511,27000,530530726032,43200,-122.722177527917,47.06726163014591,530670109104.0
b2b-36514,34200,530530726023,43200,-122.6255660082074,47.86126423427218,530459606003.0
b2b-36520,32400,530530729061,43200,-122.722177527917,47.06726163014591,530670123201.0
b2b-36532,18000,530530726023,43200,-122.6255660082074,47.86126423427218,530459610003.0
b2b-36541,27000,530530729061,43200,-122.722177527917,47.06726163014591,530419703001.0
b2b-36544,28200,530530726032,43200,-122.722177527917,47.06726163014591,530670101001.0
b2b-36575,22200,530610535061,43200,-122.31610846863688,48.31193108584794,530579512001.0
b2b-36590,33000,530330322083,43200,-122.03904152481292,47.544579149681645,530330322083.0
b2b-36597,55800,530350918001,43200,-122.62400027831414,47.6110750541063,530350918001.0
b2b-36602,7200,530330258061,43200,-122.212979795004,47.44436388876136,530330258061.0
b2b-36634,44400,530350920002,43200,-122.81132463993062,47.37273495305909,530459604001.0
b2b-36641,12000,530530732003,43200,-122.722177527917,47.06726163014591,530150015024.0
b2b-36645,41400,530330288021,43200,-122.29451093345496,47.4272772471893,530330288021.0
b2b-36688,19800,530530712073,43200,-122.29292200272762,47.16442451141935,530530712073.0
b2b-36706,36000,530330292061,43200,-122.26197622253773,47.41665904238359,530330292061.0
b2b-36707,17400,530530602001,43200,-122.39707432723011,47.2626673940743,530530602001.0
b2b-36708,33600,530330320111,43200,-122.023048076791,47.36506868811191,530330320111.0
b2b-36731,36000,530539400101,43200,-122.31620335841464,47.21496011538982,530539400101.0
b2b-36742,36600,530610537001,43200,-121.4007171060678,47.41209531237868,530630114003.0
b2b-36756,27000,530610537001,43200,-121.4007171060678,47.41209531237868,20067.0
b2b-36761,22200,530610537001,43200,-121.4007171060678,47.41209531237868,530630114003.0
b2b-36767,39000,530530723112,43200,-122.5261549170996,47.234843883996376,530530723112.0
b2b-36771,29400,530610413042,43200,-122.24487100066604,47.92655488481847,530610413042.0
b2b-36772,29400,530610413042,43200,-122.24487100066604,47.92655488481847,530610413042.0
b2b-36786,15000,530330315021,43200,-121.4007171060678,47.41209531237868,530719200002.0
b2b-36802,25200,530610533014,43200,-122.31610846863688,48.31193108584794,530730103021.0
b2b-36819,46800,530610533021,43200,-122.31610846863688,48.31193108584794,530730102001.0
b2b-36867,22800,530610533021,43200,-122.31610846863688,48.31193108584794,530730102001.0
b2b-36877,31200,530610533014,43200,-122.31610846863688,48.31193108584794,530730104012.0
b2b-36879,32400,530610533014,43200,-122.31610846863688,48.31193108584794,530730106002.0
b2b-36893,37200,530610533014,43200,-122.31610846863688,48.31193108584794,530730001003.0
b2b-36894,34800,530610533021,43200,-122.31610846863688,48.31193108584794,530730102001.0
b2b-36895,24600,530610533014,43200,-122.31610846863688,48.31193108584794,530730002001.0
b2b-36917,23400,530610533014,43200,-122.42140907510772,48.24030789215496,530730002002.0
b2b-36919,34200,530610533014,43200,-122.31610846863688,48.31193108584794,530730002003.0
b2b-36933,37200,530610533014,43200,-122.31610846863688,48.31193108584794,530730002002.0
b2b-36936,42600,530610533014,43200,-122.31610846863688,48.31193108584794,530730002002.0
b2b-36939,23400,530610533014,43200,-122.31610846863688,48.31193108584794,530730103021.0
b2b-36958,18000,530610533021,43200,-122.31610846863688,48.31193108584794,530730102001.0
b2b-36964,21600,530610533014,43200,-122.31610846863688,48.31193108584794,530730001003.0
b2b-36978,22800,530610533021,43200,-122.31610846863688,48.31193108584794,530730102001.0
b2b-36980,40200,530610533014,43200,-122.31610846863688,48.31193108584794,530730002002.0
b2b-36989,7200,530610533014,43200,-122.31610846863688,48.31193108584794,530730001003.0
b2b-37003,19800,530610533014,43200,-122.31610846863688,48.31193108584794,530730002002.0
b2b-37018,31200,530610419032,43200,-122.2648284974722,47.91340365475171,530610419032.0
b2b-37037,43800,530610535091,43200,-122.14717269258814,48.17551092473751,530610535091.0
b2b-37046,43800,530610535091,43200,-122.14717269258814,48.17551092473751,530610535091.0
b2b-37059,19800,530330293052,43200,-122.19763181074364,47.41683407072753,530330293052.0
b2b-37074,28800,530530732003,43200,-122.722177527917,47.06726163014591,410430202001.0
b2b-37095,19200,530610533014,43200,-122.31610846863688,48.31193108584794,530730001003.0
b2b-37098,24000,530610534001,43200,-122.31610846863688,48.31193108584794,530730102002.0
b2b-37112,35400,530610533014,43200,-122.31610846863688,48.31193108584794,530730001003.0
b2b-37114,42000,530610533014,43200,-122.31610846863688,48.31193108584794,530730002002.0
b2b-37126,23400,530610533014,43200,-122.31610846863688,48.31193108584794,530730001003.0
b2b-37131,0,530610533014,43200,-122.31610846863688,48.31193108584794,530730105011.0
b2b-37134,27600,530610533014,43200,-122.31610846863688,48.31193108584794,530730107021.0
b2b-37139,44400,530610534001,43200,-122.31610846863688,48.31193108584794,530730102002.0
b2b-37148,41400,530610534001,43200,-122.31610846863688,48.31193108584794,530730101005.0
b2b-37159,29400,530610534001,43200,-122.31610846863688,48.31193108584794,530730101005.0
b2b-37170,18600,530610534001,43200,-122.32162900881076,47.95801287896333,530730101005.0
b2b-37178,30000,530610533021,43200,-122.31610846863688,48.31193108584794,530730102001.0
b2b-37190,27600,530610534001,43200,-122.31610846863688,48.31193108584794,530730101005.0
b2b-37198,45000,530610534001,43200,-122.31610846863688,48.31193108584794,530730101005.0
b2b-37215,31800,530330109001,43200,-122.30470617701212,47.53312488896969,530330109001.0
b2b-37226,27600,530330292061,43200,-122.24267559307756,47.41360035099593,530330292061.0
b2b-37245,48000,530330299012,43200,-122.28448456522634,47.31627562990271,530330299012.0
b2b-37256,22800,530330237001,43200,-122.16502807408304,47.62385030073174,530330237001.0
b2b-37257,27600,530330112001,43200,-122.33071138403844,47.525811913292266,530330112001.0
b2b-37267,33600,530330256011,43200,-122.16325186653116,47.48860340005246,530330256011.0
b2b-37274,42600,530330297002,43200,-122.22948391388628,47.376330328844965,530330297002.0
b2b-37289,46200,530330093002,43200,-122.33171837913932,47.5996769097872,530330093002.0
b2b-37308,29400,530330256011,43200,-122.15834838327838,47.488436872363245,530330256011.0
b2b-37315,28200,530330006003,43200,-122.34328958466286,47.71897150562202,530330006003.0
b2b-37338,39600,530330323133,43200,-122.10111647754404,47.67418933896485,530330323133.0
b2b-37362,32400,530330308013,43200,-122.22408133149337,47.28047497292998,530330308013.0
b2b-37363,49200,530530732003,43200,-122.722177527917,47.06726163014591,410510072021.0
b2b-37364,49200,530530732003,43200,-122.722177527917,47.06726163014591,410510072021.0
b2b-37365,49200,530530732003,43200,-122.722177527917,47.06726163014591,410510072021.0
b2b-37367,49200,530530732003,43200,-122.722177527917,47.06726163014591,410510072021.0
b2b-37419,28200,530610534001,43200,-122.31610846863688,48.31193108584794,530730101005.0
b2b-37425,2400,530610533021,43200,-122.31610846863688,48.31193108584794,530730102001.0
b2b-37428,26400,530610533023,43200,-122.31610846863688,48.31193108584794,530579516003.0
b2b-37452,55200,530610533023,43200,-122.31610846863688,48.31193108584794,530579516003.0
b2b-37475,28200,530610533014,43200,-122.31610846863688,48.31193108584794,530299715002.0
b2b-37476,19200,530610533023,43200,-122.31610846863688,48.31193108584794,530579516003.0
b2b-37483,26400,530610535061,43200,-122.31610846863688,48.31193108584794,530579510001.0
b2b-37484,19800,530610533014,43200,-122.31610846863688,48.31193108584794,530299715002.0
b2b-37487,35400,530610533024,43200,-122.31610846863688,48.31193108584794,530579526003.0
b2b-37494,28800,530610535061,43200,-122.31610846863688,48.31193108584794,530579510001.0
b2b-37505,55200,530610535061,43200,-122.31610846863688,48.31193108584794,530579510001.0
b2b-37506,24600,530610533024,43200,-122.31610846863688,48.31193108584794,530579526003.0
b2b-37508,33000,530610533014,43200,-122.34983444922676,48.245369931950776,530610533014.0
b2b-37513,15000,530610533024,43200,-122.31610846863688,48.31193108584794,530579518001.0
b2b-37524,31200,530610533024,43200,-122.31610846863688,48.31193108584794,530579526003.0
b2b-37534,26400,530610533024,43200,-122.31610846863688,48.31193108584794,530579526003.0
b2b-37540,19800,530610535061,43200,-122.31610846863688,48.31193108584794,530579512001.0
b2b-37545,36600,530530701001,43200,-122.722177527917,47.06726163014591,20118.0
b2b-37548,49800,530610533014,43200,-122.35049345928296,48.241097236733566,530610533014.0
b2b-37552,36600,530330305011,43200,-122.22849737858432,47.33898032725023,530330305011.0
b2b-37587,30600,530530732003,43200,-122.722177527917,47.06726163014591,410510073001.0
b2b-37596,28800,530530732003,43200,-122.722177527917,47.06726163014591,410519800001.0
b2b-37598,36000,530530732003,43200,-122.722177527917,47.06726163014591,410510073001.0
b2b-37608,31800,530330112001,43200,-122.32035707123552,47.520051632541886,530330112001.0
b2b-37633,34200,530610418052,43200,-122.2222916547978,47.90930715369157,530610418052.0
b2b-37635,31200,530330292061,43200,-122.24590824551558,47.4065512956537,530330292061.0
b2b-37645,35400,530330305011,43200,-122.22529025795735,47.33910047768139,530330305011.0
b2b-37647,39000,530330297003,43200,-122.2427201300502,47.37375981158335,530330297003.0
b2b-37661,24600,530350902022,43200,-122.64721041353958,47.78500839425456,530350902022.0
b2b-37662,46200,530330292061,43200,-122.23193277027396,47.402085871237546,530330292061.0
b2b-37666,22800,530330250052,43200,-122.16336191844984,47.53891722834905,530330250052.0
b2b-37671,54000,530330324011,43200,-121.98805633049696,47.73496288906431,530330324011.0
b2b-37682,21600,530330292061,43200,-122.2447101937752,47.43236915672896,530330292061.0
b2b-37684,4200,530330326012,43200,-121.84120242869707,47.553940599109815,530330326012.0
b2b-37699,27000,530330328003,43200,-121.4007171060678,47.41209531237868,530250110003.0
b2b-37723,36600,530350902022,43200,-122.5961576454316,47.787507301352434,530350902022.0
b2b-37727,24000,530530732003,43200,-122.722177527917,47.06726163014591,530110412031.0
b2b-37728,27000,530530732003,43200,-122.722177527917,47.06726163014591,410510099073.0
b2b-37747,29400,530330292061,43200,-122.24744587546697,47.42972546277571,530330292061.0
b2b-37752,40800,530530732003,43200,-122.722177527917,47.06726163014591,410470010001.0
b2b-37764,36000,530530732004,43200,-122.58014198329504,46.93344098049039,20012.0
b2b-37771,3600,530530732004,43200,-122.722177527917,47.06726163014591,20012.0
b2b-37778,24600,530610537001,43200,-121.4007171060678,47.41209531237868,530630114003.0
b2b-37789,39600,530530732003,43200,-122.722177527917,47.06726163014591,410670320031.0
b2b-37796,48000,530530732003,43200,-122.722177527917,47.06726163014591,410510073001.0
b2b-37826,33000,530530732004,43200,-122.722177527917,47.06726163014591,20014.0
b2b-37831,49200,530530732004,43200,-122.722177527917,47.06726163014591,20014.0
b2b-37834,27600,530530732004,43200,-122.722177527917,47.06726163014591,20014.0
b2b-37849,32400,530530732004,43200,-122.722177527917,47.06726163014591,20010.0
b2b-37862,32400,530530732004,43200,-122.722177527917,47.06726163014591,20010.0
b2b-37868,32400,530530732004,43200,-122.722177527917,47.06726163014591,20010.0
b2b-37874,32400,530530732004,43200,-122.722177527917,47.06726163014591,20010.0
b2b-37876,32400,530530732004,43200,-122.722177527917,47.06726163014591,20010.0
b2b-37883,37200,530530732004,43200,-122.722177527917,47.06726163014591,20010.0
b2b-37886,25200,530530732004,43200,-122.722177527917,47.06726163014591,20010.0
b2b-37891,34200,530530732004,43200,-122.722177527917,47.06726163014591,20010.0
b2b-37910,23400,530530732004,43200,-122.722177527917,47.06726163014591,20010.0
b2b-37912,27600,530530732004,43200,-122.722177527917,47.06726163014591,20010.0
b2b-37921,25200,530530732004,43200,-122.722177527917,47.06726163014591,20010.0
b2b-37939,25800,530530732004,43200,-122.722177527917,47.06726163014591,20014.0
b2b-37941,8400,530330328003,43200,-121.4007171060678,47.41209531237868,20044.0
b2b-37950,25200,530530732003,43200,-122.722177527917,47.06726163014591,410430202001.0
b2b-37956,37800,530530701001,43200,-122.722177527917,47.06726163014591,20009.0
b2b-37985,51600,530610535091,43200,-122.15208025447144,48.175965750761584,530610535091.0
b2b-37989,29400,530539400022,43200,-122.35742786189503,47.24690620237542,530539400022.0
b2b-38004,24600,530330305011,43200,-122.23045205429273,47.34406225153364,530330305011.0
b2b-38022,30600,530530701001,43200,-122.722177527917,47.06726163014591,20009.0
b2b-38028,34800,530530701001,43200,-122.722177527917,47.06726163014591,20009.0
b2b-38036,43200,530330315021,43200,-121.4007171060678,47.41209531237868,20015.0
b2b-38037,44400,530330315021,43200,-121.4007171060678,47.41209531237868,20015.0
b2b-38060,21000,530530701001,43200,-122.722177527917,47.06726163014591,20095.0
b2b-38076,28200,530530701001,43200,-122.722177527917,47.06726163014591,20009.0
b2b-38077,28200,530530701001,43200,-122.722177527917,47.06726163014591,20009.0
b2b-38086,40200,530530732003,43200,-122.722177527917,47.06726163014591,410510072021.0
b2b-38093,31200,530330315021,43200,-122.722177527917,47.06726163014591,20112.0
b2b-38097,31200,530330315021,43200,-122.722177527917,47.06726163014591,20112.0
b2b-38111,22200,530610533014,43200,-122.31610846863688,48.31193108584794,530730002003.0
b2b-38115,15000,530530701001,43200,-122.722177527917,47.06726163014591,20118.0
b2b-38136,29400,530530701001,43200,-122.722177527917,47.06726163014591,20071.0
b2b-38140,20400,530530701001,43200,-122.722177527917,47.06726163014591,20009.0
b2b-38145,24600,530530732003,43200,-122.722177527917,47.06726163014591,410510072021.0
b2b-38146,30600,530530732003,43200,-122.722177527917,47.06726163014591,530110426003.0
b2b-38157,39000,530610537001,43200,-121.4007171060678,47.41209531237868,530630120002.0
b2b-38177,30600,530530732003,43200,-122.722177527917,47.06726163014591,410430306003.0
b2b-38180,36600,530530730061,43200,-122.722177527917,47.06726163014591,410670325011.0
b2b-38181,36000,530530732003,43200,-122.722177527917,47.06726163014591,410510072021.0
b2b-38190,31200,530530701001,43200,-122.722177527917,47.06726163014591,20005.0
b2b-38195,35400,530610537001,43200,-121.4007171060678,47.41209531237868,20042.0
b2b-38198,26400,530530732004,43200,-122.722177527917,47.06726163014591,20014.0
b2b-38209,30600,530530701001,43200,-122.722177527917,47.06726163014591,20007.0
b2b-38217,22200,530530701001,43200,-122.722177527917,47.06726163014591,20007.0
b2b-38229,21000,530530701001,43200,-122.722177527917,47.06726163014591,20007.0
b2b-38246,34800,530530732003,43200,-122.722177527917,47.06726163014591,410670320011.0
b2b-38270,29400,530610533014,43200,-122.31610846863688,48.31193108584794,530730002003.0
b2b-38274,45600,530530732003,43200,-122.722177527917,47.06726163014591,410050244003.0
b2b-38275,31200,530530730061,43200,-122.722177527917,47.06726163014591,410710304005.0
b2b-38303,19800,530530701001,43200,-122.722177527917,47.06726163014591,20009.0
b2b-38312,39000,530530701001,43200,-122.722177527917,47.06726163014591,20009.0
b2b-38316,39000,530530701001,43200,-122.722177527917,47.06726163014591,20009.0
b2b-38350,26400,530530701001,43200,-122.722177527917,47.06726163014591,20009.0
b2b-38374,31200,530530701001,43200,-122.722177527917,47.06726163014591,20005.0
b2b-38389,34200,530530701001,43200,-122.722177527917,47.06726163014591,20009.0
b2b-38390,34200,530530701001,43200,-122.722177527917,47.06726163014591,20009.0
b2b-38392,26400,530530701001,43200,-122.722177527917,47.06726163014591,20009.0
b2b-38448,37800,530530701001,43200,-122.722177527917,47.06726163014591,20009.0
b2b-38467,40800,530530701001,43200,-122.722177527917,47.06726163014591,20009.0
b2b-38471,30600,530530701001,43200,-122.722177527917,47.06726163014591,20009.0
b2b-38472,43800,530530701001,43200,-122.722177527917,47.06726163014591,20009.0
b2b-38487,17400,530610537001,43200,-121.4007171060678,47.41209531237868,20067.0
b2b-38491,21000,530530717041,43200,-122.47003380998184,47.16357699942685,530530717041.0
b2b-38497,29400,530530725071,43200,-122.58958683581656,47.33874582745159,530530725071.0
b2b-38505,35400,530530731082,43200,-122.34652071605204,47.09034409565327,530530731082.0
b2b-38511,35400,530530731082,43200,-122.34652071605204,47.09034409565327,530530731082.0
b2b-38513,35400,530530731082,43200,-122.34652071605204,47.09034409565327,530530731082.0
b2b-38531,39600,530530724084,43200,-122.58501617927271,47.27552121300327,530530724084.0
b2b-38538,39600,530530724084,43200,-122.58501617927271,47.27552121300327,530530724084.0
b2b-38542,39600,530530724084,43200,-122.58501617927271,47.27552121300327,530530724084.0
b2b-38544,39600,530530724084,43200,-122.58501617927271,47.27552121300327,530530724084.0
b2b-38548,22200,530530702071,43200,-122.04468275767684,47.160021793016014,530530702071.0
b2b-38572,27600,530530630002,43200,-122.46259830738012,47.20331469647294,530530630002.0
b2b-38586,45000,530539400022,43200,-122.36874802054888,47.24409743005749,530539400022.0
b2b-38601,45600,530530626001,43200,-122.48466822000223,47.21492475249954,530530626001.0
b2b-38602,45600,530530626001,43200,-122.48466822000223,47.21492475249954,530530626001.0
b2b-38612,28200,530530602001,43200,-122.40831851311668,47.2550211149133,530530602001.0
b2b-38617,48000,530530713051,43200,-122.40931620041272,47.15440845128655,530530713051.0
b2b-38620,26400,530530724071,43200,-122.58802535741494,47.317069327674815,530530724071.0
b2b-38621,33600,530610533014,43200,-122.31610846863688,48.31193108584794,530299715002.0
b2b-38624,33600,530610533014,43200,-122.31610846863688,48.31193108584794,530299715002.0
b2b-38642,34800,530530616021,43200,-122.4320387387703,47.23833899970764,530530616021.0
b2b-38646,35400,530539400022,43200,-122.38249297603365,47.24429465003151,530539400022.0
b2b-38650,35400,530539400022,43200,-122.38249297603365,47.24429465003151,530539400022.0
b2b-38652,34800,530530726023,43200,-122.6255660082074,47.86126423427218,530459606001.0
b2b-38670,30600,530530602001,43200,-122.42922766065904,47.25237090325212,530530602001.0
b2b-38671,30600,530530602001,43200,-122.42922766065904,47.25237090325212,530530602001.0
b2b-38683,34200,530539400091,43200,-122.29428784547363,47.23102487055789,530539400091.0
b2b-38684,34200,530539400091,43200,-122.29428784547363,47.23102487055789,530539400091.0
b2b-38695,20400,530530713073,43200,-122.35595244038804,47.14763653217872,530530713073.0
b2b-38700,34800,530530611004,43200,-122.48468839049964,47.242755558378335,530530611004.0
b2b-38703,27600,530530714063,43200,-122.36009946507993,47.0848519611872,530530714063.0
b2b-38726,29400,530530729061,43200,-122.722177527917,47.06726163014591,530670117101.0
b2b-38739,39000,530539400101,43200,-122.30447668132514,47.20608405674691,530539400101.0
b2b-38761,33000,530530730061,43200,-122.36776986912017,46.89552711726858,530530730061.0
b2b-38773,18000,530530733011,43200,-122.23654423640544,47.21757266880984,530530733011.0
b2b-38774,18000,530530733011,43200,-122.23654423640544,47.21757266880984,530530733011.0
b2b-38781,18000,530530733011,43200,-122.23654423640544,47.21757266880984,530530733011.0
b2b-38790,18000,530530733011,43200,-122.23654423640544,47.21757266880984,530530733011.0
b2b-38793,18000,530530733011,43200,-122.23654423640544,47.21757266880984,530530733011.0
b2b-38801,28200,530530703073,43200,-122.08041558453392,47.18316230338242,530530703073.0
b2b-38806,27600,530530725071,43200,-122.578045613699,47.33000021891852,530530725071.0
b2b-38807,27600,530530725071,43200,-122.578045613699,47.33000021891852,530530725071.0
b2b-38818,27600,530530729061,43200,-122.722177527917,47.06726163014591,530670123201.0
b2b-38820,25200,530530626001,43200,-122.48320595893496,47.19830106084461,530530626001.0
b2b-38822,25200,530530626001,43200,-122.48320595893496,47.19830106084461,530530626001.0
b2b-38830,21000,530530718032,43200,-122.5135192021396,47.19693227784804,530530718032.0
b2b-38849,24600,530530717041,43200,-122.47279101556488,47.16259424035445,530530717041.0
b2b-38851,24600,530530717041,43200,-122.47279101556488,47.16259424035445,530530717041.0
b2b-38852,24600,530530717041,43200,-122.47279101556488,47.16259424035445,530530717041.0
b2b-38871,46800,530539400091,43200,-122.29428784547363,47.23102487055789,530539400091.0
b2b-38886,46200,530530626001,43200,-122.4717736437889,47.23415833074406,530530626001.0
b2b-38899,30000,530530725053,43200,-122.59831075559886,47.346762617081865,530530725053.0
b2b-38923,30600,530530723103,43200,-122.540370777024,47.2216468742466,530530723103.0
b2b-38933,36600,530530723103,43200,-122.540370777024,47.2216468742466,530530723103.0
b2b-38936,36600,530530723103,43200,-122.540370777024,47.2216468742466,530530723103.0
b2b-38945,16800,530530731241,43200,-122.31734588618076,47.06320805135322,530530731241.0
b2b-38946,16800,530530731241,43200,-122.31734588618076,47.06320805135322,530530731241.0
b2b-38947,16800,530530731241,43200,-122.31734588618076,47.06320805135322,530530731241.0
b2b-38955,16800,530530731241,43200,-122.31734588618076,47.06320805135322,530530731241.0
b2b-38960,28200,530530731241,43200,-122.31734588618076,47.06320805135322,530530731241.0
b2b-39033,34200,530530605002,43200,-122.46999958732673,47.26991492699652,530530605002.0
b2b-39060,33600,530530713052,43200,-122.35745093942926,47.14583834046741,530530713052.0
b2b-39072,36600,530530626001,43200,-122.455373355582,47.23278086248836,530530626001.0
b2b-39074,16800,530530726023,43200,-122.6255660082074,47.86126423427218,530459611003.0
b2b-39075,16800,530530726023,43200,-122.6255660082074,47.86126423427218,530459611003.0
b2b-39076,16800,530530726023,43200,-122.81132463993062,47.37273495305909,530459611003.0
b2b-39079,16800,530530726023,43200,-122.6255660082074,47.86126423427218,530459611003.0
b2b-39098,32400,530530724071,43200,-122.58349681750472,47.31655334753832,530530724071.0
b2b-39110,29400,530539400091,43200,-122.29428784547363,47.23102487055789,530539400091.0
b2b-39111,29400,530539400091,43200,-122.29428784547363,47.23102487055789,530539400091.0
b2b-39113,40200,530530602001,43200,-122.40654066496867,47.267959265478176,530530602001.0
b2b-39115,17400,530530602001,43200,-122.40654066496867,47.267959265478176,530530602001.0
b2b-39122,34200,530530732003,43200,-122.722177527917,47.06726163014591,410050215002.0
b2b-39129,19800,530530602001,43200,-122.41415257951218,47.24087591455998,530530602001.0
b2b-39133,10800,530530602001,43200,-122.41415257951218,47.24087591455998,530530602001.0
b2b-39149,42600,530610533014,43200,-122.31610846863688,48.31193108584794,530579501002.0
b2b-39150,50400,530530729061,43200,-122.722177527917,47.06726163014591,530419710003.0
b2b-39154,37800,530530626001,43200,-122.4837450515942,47.21680948646485,530530626001.0
b2b-39157,35400,530530713051,43200,-122.40322593819948,47.1543553335996,530530713051.0
b2b-39167,28200,530530713051,43200,-122.40322593819948,47.1543553335996,530530713051.0
b2b-39169,28200,530530713051,43200,-122.40322593819948,47.1543553335996,530530713051.0
b2b-39179,18000,530530713051,43200,-122.40322593819948,47.1543553335996,530530713051.0
b2b-39206,34200,530610533023,43200,-122.31610846863688,48.31193108584794,530579522002.0
b2b-39210,27600,530530626001,43200,-122.48332645900308,47.2078297300529,530530626001.0
b2b-39223,27600,530530732003,43200,-122.722177527917,47.06726163014591,410430208021.0
b2b-39228,39000,530530713052,43200,-122.38148934154252,47.1546551254862,530530713052.0
b2b-39241,44400,530530713051,43200,-122.40931620041272,47.15440845128655,530530713051.0
b2b-39253,19200,530530729061,43200,-122.722177527917,47.06726163014591,530670108005.0
b2b-39259,34200,530530602001,43200,-122.4286683625856,47.25524878328679,530530602001.0
b2b-39273,35400,530530713052,43200,-122.38783475735602,47.15435737052032,530530713052.0
b2b-39291,22200,530530718071,43200,-122.50303099920012,47.17320997155901,530530718071.0
b2b-39303,24600,530530725071,43200,-122.59940442080062,47.3452724991924,530530725071.0
b2b-39306,24600,530530725071,43200,-122.59940442080062,47.3452724991924,530530725071.0
b2b-39313,31200,530530730061,43200,-122.722177527917,47.06726163014591,410099710001.0
b2b-39317,31200,530530730061,43200,-122.722177527917,47.06726163014591,410099710001.0
b2b-39329,31200,530530730061,43200,-122.722177527917,47.06726163014591,410099710001.0
b2b-39335,27000,530530730061,43200,-122.722177527917,47.06726163014591,410099710001.0
b2b-39351,18600,530539400091,43200,-122.29428784547363,47.23102487055789,530539400091.0
b2b-39369,27600,530530626001,43200,-122.47950137666898,47.22234062372173,530530626001.0
b2b-39377,39600,530530602001,43200,-122.41827111688607,47.24616098925608,530530602001.0
b2b-39378,31200,530530602001,43200,-122.41827111688607,47.24616098925608,530530602001.0
b2b-39382,32400,530530713052,43200,-122.36972322452792,47.15506307881634,530530713052.0
b2b-39405,18000,530530732003,43200,-122.722177527917,47.06726163014591,530110415002.0
b2b-39414,23400,530530631004,43200,-122.46038088027056,47.19989216718312,530530631004.0
b2b-39417,23400,530530631004,43200,-122.46038088027056,47.19989216718312,530530631004.0
b2b-39429,23400,530530631004,43200,-122.46038088027056,47.19989216718312,530530631004.0
b2b-39441,15600,530530631004,43200,-122.46038088027056,47.19989216718312,530530631004.0
b2b-39447,27600,530530631004,43200,-122.46038088027056,47.19989216718312,530530631004.0
b2b-39454,27600,530530631004,43200,-122.46038088027056,47.19989216718312,530530631004.0
b2b-39462,43800,530530626001,43200,-122.4578514249676,47.23239471835368,530530626001.0
b2b-39470,7800,530530602001,43200,-122.42553006643888,47.2555465812817,530530602001.0
b2b-39488,34800,530530734063,43200,-122.26347153731298,47.19064194171426,530530734063.0
b2b-39491,17400,530530732003,43200,-122.722177527917,47.06726163014591,410670330003.0
b2b-39493,22200,530530732003,43200,-122.722177527917,47.06726163014591,410670330003.0
b2b-39503,36000,530610533014,43200,-122.31610846863688,48.31193108584794,530579519001.0
b2b-39504,28200,530530718051,43200,-122.49366401762909,47.16351958307872,530530718051.0
b2b-39506,30600,530530732003,43200,-122.722177527917,47.06726163014591,530110406082.0
b2b-39518,19200,530530701004,43200,-122.14240392264384,47.09019747372804,530530701004.0
b2b-39520,25200,530530732003,43200,-122.722177527917,47.06726163014591,410670320011.0
b2b-39534,43800,530530630002,43200,-122.46600970131712,47.18702703302334,530530630002.0
b2b-39537,31200,530530730061,43200,-122.722177527917,47.06726163014591,410530202042.0
b2b-39560,33600,530530607003,43200,-122.47302685000628,47.25624708929463,530530607003.0
b2b-39570,31800,530530602001,43200,-122.40654066496867,47.267959265478176,530530602001.0
b2b-39577,39600,530530721073,43200,-122.5613111638564,47.16091965086624,530530721073.0
b2b-39579,25200,530530732003,43200,-122.722177527917,47.06726163014591,410510072021.0
b2b-39580,32400,530530729061,43200,-122.722177527917,47.06726163014591,530419713001.0
b2b-39592,34200,530530732003,43200,-122.722177527917,47.06726163014591,530110409101.0
b2b-39594,25800,530530731101,43200,-122.25515306055534,47.13282225128624,530530731101.0
b2b-39595,25800,530530602001,43200,-122.36592699464455,47.262787714944345,530530602001.0
b2b-39602,30600,530530626002,43200,-122.46934903049112,47.23102981997526,530530626002.0
b2b-39606,42600,530530712101,43200,-122.237455277262,47.18131317792584,530530712101.0
b2b-39609,6600,530610533024,43200,-122.31610846863688,48.31193108584794,530579525003.0
b2b-39625,33600,530530630002,43200,-122.46598298730468,47.18656704776174,530530630002.0
b2b-39644,21600,530530719011,43200,-122.51890554692729,47.16937002592867,530530719011.0
b2b-39646,43800,530530728001,43200,-122.68219100566182,47.08187737781457,530530728001.0
b2b-39657,34200,530530726032,43200,-122.722177527917,47.06726163014591,530670103004.0
b2b-39674,31800,530530626001,43200,-122.45694010770087,47.23366439652717,530530626001.0
b2b-39686,34200,530530732003,43200,-122.722177527917,47.06726163014591,410670324082.0
b2b-39704,24000,530530616011,43200,-122.44059087905504,47.25526516563305,530530616011.0
b2b-39712,24000,530530616011,43200,-122.44059087905504,47.25526516563305,530530616011.0
b2b-39717,24000,530530616011,43200,-122.44059087905504,47.25526516563305,530530616011.0
b2b-39726,24000,530530616011,43200,-122.44059087905504,47.25526516563305,530530616011.0
b2b-39727,24000,530530616011,43200,-122.44059087905504,47.25526516563305,530530616011.0
b2b-39739,32400,530530729061,43200,-122.722177527917,47.06726163014591,530670127203.0
b2b-39740,32400,530530729061,43200,-122.722177527917,47.06726163014591,530670127203.0
b2b-39753,32400,530530729061,43200,-122.722177527917,47.06726163014591,530670127203.0
b2b-39759,32400,530530729061,43200,-122.722177527917,47.06726163014591,530670127203.0
b2b-39760,32400,530530729061,43200,-122.722177527917,47.06726163014591,530670127203.0
b2b-39774,24000,530530714062,43200,-122.39224107786828,47.07394604637594,530530714062.0
b2b-39776,24000,530530714062,43200,-122.39224107786828,47.07394604637594,530530714062.0
b2b-39785,24000,530530714062,43200,-122.39224107786828,47.07394604637594,530530714062.0
b2b-39792,24000,530530714062,43200,-122.39224107786828,47.07394604637594,530530714062.0
b2b-39800,24000,530530714062,43200,-122.39224107786828,47.07394604637594,530530714062.0
b2b-39801,24000,530530714062,43200,-122.39224107786828,47.07394604637594,530530714062.0
b2b-39802,24000,530530714062,43200,-122.39224107786828,47.07394604637594,530530714062.0
b2b-39829,28200,530530714062,43200,-122.39224107786828,47.07394604637594,530530714062.0
b2b-39841,30000,530530714062,43200,-122.39224107786828,47.07394604637594,530530714062.0
b2b-39844,26400,530530714062,43200,-122.39224107786828,47.07394604637594,530530714062.0
b2b-39845,26400,530530714062,43200,-122.39224107786828,47.07394604637594,530530714062.0
b2b-39861,28200,530530733014,43200,-122.2381073390564,47.208932752684085,530530733014.0
b2b-39872,28200,530530733014,43200,-122.2381073390564,47.208932752684085,530530733014.0
b2b-39878,16200,530530733014,43200,-122.2381073390564,47.208932752684085,530530733014.0
b2b-39891,16200,530530733014,43200,-122.2381073390564,47.208932752684085,530530733014.0
b2b-39897,32400,530530626001,43200,-122.48935811784204,47.20634897863802,530530626001.0
b2b-39910,19800,530530714062,43200,-122.39650267563242,47.05586268818164,530530714062.0
b2b-39917,19800,530530714062,43200,-122.39650267563242,47.05586268818164,530530714062.0
b2b-39928,19800,530530714062,43200,-122.39650267563242,47.05586268818164,530530714062.0
b2b-39954,19200,530530733013,43200,-122.2474993114463,47.24251770475464,530530733013.0
b2b-39955,19200,530530733013,43200,-122.2474993114463,47.24251770475464,530530733013.0
b2b-39965,19200,530530733013,43200,-122.2474993114463,47.24251770475464,530530733013.0
b2b-39986,19200,530530733013,43200,-122.2474993114463,47.24251770475464,530530733013.0
b2b-39990,19200,530530733013,43200,-122.2474993114463,47.24251770475464,530530733013.0
b2b-40002,37200,530530733013,43200,-122.2474993114463,47.24251770475464,530530733013.0
b2b-40024,34800,530530733013,43200,-122.2474993114463,47.24251770475464,530530733013.0
b2b-40028,34800,530530733013,43200,-122.2474993114463,47.24251770475464,530530733013.0
b2b-40031,34800,530530733013,43200,-122.2474993114463,47.24251770475464,530530733013.0
b2b-40040,44400,530530730061,43200,-122.722177527917,47.06726163014591,530419712001.0
b2b-40043,31800,530530730061,43200,-122.722177527917,47.06726163014591,530419712001.0
b2b-40051,46200,530530729061,43200,-122.722177527917,47.06726163014591,530419711001.0
b2b-40053,33000,530530626001,43200,-122.48935811784204,47.20634897863802,530530626001.0
b2b-40065,28800,530530626001,43200,-122.48935811784204,47.20634897863802,530530626001.0
b2b-40078,17400,530610533014,43200,-122.31610846863688,48.31193108584794,530579408001.0
b2b-40087,31800,530530729061,43200,-122.722177527917,47.06726163014591,530419711001.0
b2b-40112,32400,530530714062,43200,-122.39650267563242,47.05586268818164,530530714062.0
b2b-40128,28800,530530704012,43200,-122.23493197875116,47.134792215457495,530530704012.0
b2b-40139,41400,530530602001,43200,-122.43013955009062,47.25001953136404,530530602001.0
b2b-40148,27600,530530729061,43200,-122.722177527917,47.06726163014591,530670127203.0
b2b-40153,27600,530530729061,43200,-122.722177527917,47.06726163014591,530670127203.0
b2b-40170,34800,530530729061,43200,-122.722177527917,47.06726163014591,530419715003.0
b2b-40182,35400,530530726032,43200,-122.722177527917,47.06726163014591,530670110001.0
b2b-40186,35400,530530726032,43200,-122.722177527917,47.06726163014591,530670110001.0
b2b-40205,49200,530530626002,43200,-122.46784184174471,47.23091451475706,530530626002.0
b2b-40217,27000,530530729061,43200,-122.722177527917,47.06726163014591,530419711001.0
b2b-40218,27000,530530729061,43200,-122.722177527917,47.06726163014591,530419711001.0
b2b-40222,27000,530530729061,43200,-122.722177527917,47.06726163014591,530419711001.0
b2b-40229,34800,530530729061,43200,-122.722177527917,47.06726163014591,530419711001.0
b2b-40234,22200,530530733013,43200,-122.24092313630187,47.25204931646445,530530733013.0
b2b-40242,34200,530530729061,43200,-122.722177527917,47.06726163014591,530419711001.0
b2b-40249,1200,530530729061,43200,-122.722177527917,47.06726163014591,530419711001.0
b2b-40257,53400,530539400101,43200,-122.30791071400564,47.21622606645514,530539400101.0
b2b-40268,17400,530539400101,43200,-122.30791071400564,47.21622606645514,530539400101.0
b2b-40278,36600,530530602001,43200,-122.4230906827901,47.23870130409332,530530602001.0
b2b-40295,24000,530530726032,43200,-122.722177527917,47.06726163014591,530670122122.0
b2b-40297,40800,530530729061,43200,-122.722177527917,47.06726163014591,530419715001.0
b2b-40303,18600,530610533024,43200,-122.31610846863688,48.31193108584794,530579524013.0
b2b-40313,34800,530530732003,43200,-122.722177527917,47.06726163014591,410670314021.0
b2b-40319,31200,530530602001,43200,-122.42553006643888,47.2555465812817,530530602001.0
b2b-40325,36600,530530605002,43200,-122.47022021685343,47.26986415034043,530530605002.0
b2b-40332,25800,530530732003,43200,-122.58014198329504,46.93344098049039,410030108003.0
b2b-40342,17400,530539400091,43200,-122.32299808487376,47.22874740512052,530539400091.0
b2b-40362,31200,530530732003,43200,-122.722177527917,47.06726163014591,410510072021.0
b2b-40363,34800,530530732003,43200,-122.722177527917,47.06726163014591,410510072021.0
b2b-40368,27000,530530729061,43200,-122.722177527917,47.06726163014591,530670117101.0
b2b-40371,33600,530530732003,43200,-122.722177527917,47.06726163014591,410670304013.0
b2b-40379,35400,530530626001,43200,-122.4852876600106,47.21351691764021,530530626001.0
b2b-40386,42600,530530630002,43200,-122.46600970131712,47.18702703302334,530530630002.0
b2b-40396,1200,530530728001,43200,-122.722177527917,47.06726163014591,530670122222.0
b2b-40406,38400,530530626001,43200,-122.48658089299646,47.20612633587812,530530626001.0
b2b-40413,22800,530530729061,43200,-122.722177527917,47.06726163014591,530670126201.0
b2b-40444,34800,530530714063,43200,-122.36435724061324,47.08947156685426,530530714063.0
b2b-40456,34200,530530728001,43200,-122.722177527917,47.06726163014591,530670122222.0
b2b-40479,32400,530530602001,43200,-122.4066884057986,47.26221168243058,530530602001.0
b2b-40489,40200,530530726032,43200,-122.722177527917,47.06726163014591,530670109101.0
b2b-40491,33600,530530602001,43200,-122.39505846412764,47.26176712004444,530530602001.0
b2b-40498,28800,530610537001,43200,-121.4007171060678,47.41209531237868,530079603003.0
b2b-40507,26400,530530611004,43200,-122.49762207012168,47.23780212386585,530530611004.0
b2b-40514,58200,530530602001,43200,-122.38421299073872,47.26756347881745,530530602001.0
b2b-40530,30000,530530732003,43200,-122.722177527917,47.06726163014591,410710303011.0
b2b-40541,30000,530530732003,43200,-122.722177527917,47.06726163014591,410710303011.0
b2b-40544,38400,530610533023,43200,-122.31610846863688,48.31193108584794,530579522002.0
b2b-40566,35400,530530732003,43200,-122.722177527917,47.06726163014591,410050226051.0
b2b-40583,39000,530530732003,43200,-122.722177527917,47.06726163014591,410710303011.0
b2b-40587,30000,530530728001,43200,-122.722177527917,47.06726163014591,530670115002.0
b2b-40595,37200,530530724071,43200,-122.60699013196567,47.30997823292437,530530724071.0
b2b-40606,53400,530610533014,43200,-122.31610846863688,48.31193108584794,530730106001.0
b2b-40613,12000,530530718071,43200,-122.49586637809736,47.17014038489723,530530718071.0
b2b-40638,19800,530530602001,43200,-122.40855341608987,47.2658600075832,530530602001.0
b2b-40640,19800,530530602001,43200,-122.40855341608987,47.2658600075832,530530602001.0
b2b-40649,34800,530530602001,43200,-122.40855341608987,47.2658600075832,530530602001.0
b2b-40691,43200,530530602001,43200,-122.41358343693346,47.25262743528696,530530602001.0
b2b-40698,7800,530530602001,43200,-122.41358343693346,47.25262743528696,530530602001.0
b2b-40699,7800,530530602001,43200,-122.41358343693346,47.25262743528696,530530602001.0
b2b-40702,44400,530530725072,43200,-122.58127670831452,47.33060556875255,530530725072.0
b2b-40720,20400,530530732003,43200,-122.722177527917,47.06726163014591,410670314021.0
b2b-40732,20400,530530732003,43200,-122.722177527917,47.06726163014591,410510045001.0
b2b-40747,35400,530530602001,43200,-122.4326083938455,47.262491164985605,530530602001.0
b2b-40756,25200,530539400022,43200,-122.36048197698238,47.24022803847875,530539400022.0
b2b-40758,21000,530530602001,43200,-122.42146595821757,47.2403642715064,530530602001.0
b2b-40759,21000,530530602001,43200,-122.42146595821757,47.2403642715064,530530602001.0
b2b-40767,28800,530530616021,43200,-122.43543024236284,47.24104327956399,530530616021.0
b2b-40802,45000,530610533014,43200,-122.31610846863688,48.31193108584794,530579501002.0
b2b-40808,24000,530610533014,43200,-122.31610846863688,48.31193108584794,530730002001.0
b2b-40838,22800,530610533014,43200,-122.31610846863688,48.31193108584794,530579501002.0
b2b-40853,27000,530530715034,43200,-122.46392270816584,47.13197724177888,530530715034.0
b2b-40855,33600,530530732003,43200,-122.722177527917,47.06726163014591,410050215001.0
b2b-40876,28200,530330292061,43200,-122.2261164070203,47.40948270574639,530330292061.0
b2b-40895,40200,530539400101,43200,-122.30281871639434,47.20629445157994,530539400101.0
b2b-40896,40200,530539400101,43200,-122.30281871639434,47.20629445157994,530539400101.0
b2b-40912,19800,530330300034,43200,-122.3151264534583,47.37209036509024,530330300034.0
b2b-40913,19800,530330300034,43200,-122.3151264534583,47.37209036509024,530330300034.0
b2b-40914,26400,530539400022,43200,-122.35833344278102,47.25256365687772,530539400022.0
b2b-40920,35400,530610537001,43200,-121.4007171060678,47.41209531237868,530630122001.0
b2b-40933,38400,530330315021,43200,-121.4007171060678,47.41209531237868,20033.0
b2b-40939,38400,530330315021,43200,-121.4007171060678,47.41209531237868,20033.0
b2b-40941,38400,530330315021,43200,-121.4007171060678,47.41209531237868,20033.0
b2b-40953,38400,530330315021,43200,-121.4007171060678,47.41209531237868,20033.0
b2b-40971,45000,530330315021,43200,-121.4007171060678,47.41209531237868,530210207002.0
b2b-40996,21000,530539400101,43200,-122.2866795603986,47.20698260604722,530539400101.0
b2b-41001,35400,530330112001,43200,-122.32687650357458,47.52841646447181,530330112001.0
b2b-41002,35400,530330112001,43200,-122.32687650357458,47.52841646447181,530330112001.0
b2b-41008,27000,530330328003,43200,-121.4007171060678,47.41209531237868,530079611003.0
b2b-41016,35400,530610537001,43200,-121.7425024336556,46.77730301860232,530250101004.0
b2b-41021,22800,530350811002,43200,-122.6616495632207,47.56471862612331,530350811002.0
b2b-41028,34200,530539400101,43200,-122.33383167315928,47.219411595134886,530539400101.0
b2b-41036,40800,530330302024,43200,-122.32576640694958,47.31550579734827,530330302024.0
b2b-41041,39000,530530714062,43200,-122.36947700740588,47.070325588992006,530530714062.0
b2b-41050,24600,530530715034,43200,-122.46392270816584,47.13197724177888,530530715034.0
b2b-41053,38400,530530718071,43200,-122.48902908696398,47.1725184454144,530530718071.0
b2b-41061,24600,530530602001,43200,-122.42582897760008,47.257000495804256,530530602001.0
b2b-41073,25800,530539400101,43200,-122.28674964853876,47.20743388122544,530539400101.0
b2b-41081,30000,530530718071,43200,-122.48902908696398,47.1725184454144,530530718071.0
b2b-41090,46200,530530732003,43200,-122.722177527917,47.06726163014591,530110411051.0
b2b-41123,41400,530530730061,43200,-122.722177527917,47.06726163014591,410670325011.0
b2b-41128,36600,530530732003,43200,-122.722177527917,47.06726163014591,410670316134.0
b2b-41143,35400,530530718071,43200,-122.5106024374446,47.16890311426602,530530718071.0
b2b-41146,54000,530610537001,43200,-121.4007171060678,47.41209531237868,530659513003.0
b2b-41150,30000,530530732003,43200,-122.722177527917,47.06726163014591,410050230011.0
b2b-41151,30000,530610533014,43200,-122.31610846863688,48.31193108584794,530579521003.0
b2b-41159,16200,530350920003,43200,-122.6255660082074,47.86126423427218,530090013002.0
b2b-41172,22800,530530712073,43200,-122.29211447723658,47.16255800375999,530530712073.0
b2b-41173,22800,530530712073,43200,-122.29211447723658,47.16255800375999,530530712073.0
b2b-41188,38400,530530732003,43200,-122.722177527917,47.06726163014591,410430306003.0
b2b-41195,39600,530330305011,43200,-122.2361227380437,47.312746230616746,530330305011.0
b2b-41207,22800,530610537001,43200,-121.4007171060678,47.41209531237868,530630141002.0
b2b-41209,22800,530610537001,43200,-121.4007171060678,47.41209531237868,530630141002.0
b2b-41210,22800,530610537001,43200,-121.4007171060678,47.41209531237868,530630141002.0
b2b-41212,22800,530610537001,43200,-121.4007171060678,47.41209531237868,530630141002.0
b2b-41213,22800,530610537001,43200,-121.4007171060678,47.41209531237868,530630141002.0
b2b-41216,35400,530330292061,43200,-122.21836718823572,47.44039646000822,530330292061.0
b2b-41220,35400,530330292061,43200,-122.21836718823572,47.44039646000822,530330292061.0
b2b-41225,35400,530330292061,43200,-122.21836718823572,47.44039646000822,530330292061.0
b2b-41244,28800,530530616021,43200,-122.43926310811304,47.2397646377971,530530616021.0
b2b-41258,33600,530330292061,43200,-122.24267559307756,47.41360035099593,530330292061.0
b2b-41262,31200,530539400101,43200,-122.30179192859876,47.21122309874678,530539400101.0
b2b-41275,22800,530330305011,43200,-122.23125145138758,47.344600938165954,530330305011.0
b2b-41282,22200,530530728001,43200,-122.722177527917,47.06726163014591,530670122222.0
b2b-41301,28200,530530616011,43200,-122.4417524655116,47.25262696949706,530530616011.0
b2b-41305,21000,530539400101,43200,-122.28674964853876,47.20743388122544,530539400101.0
b2b-41307,25200,530530718071,43200,-122.500568021653,47.17071367973948,530530718071.0
b2b-41314,31800,530530602001,43200,-122.39832572132968,47.274160571806064,530530602001.0
b2b-41318,10800,530530602001,43200,-122.39832572132968,47.274160571806064,530530602001.0
b2b-41330,22800,530530616011,43200,-122.4417524655116,47.25262696949706,530530616011.0
b2b-41331,22800,530530616011,43200,-122.4417524655116,47.25262696949706,530530616011.0
b2b-41334,22800,530530616011,43200,-122.4417524655116,47.25262696949706,530530616011.0
b2b-41337,23400,530530718071,43200,-122.5106024374446,47.16890311426602,530530718071.0
b2b-41341,5400,530539400022,43200,-122.35742786189503,47.24690620237542,530539400022.0
b2b-41353,15600,530330305011,43200,-122.2359635397136,47.31700162608042,530330305011.0
b2b-41364,22800,530330292061,43200,-122.2261164070203,47.40948270574639,530330292061.0
b2b-41366,22800,530330292061,43200,-122.2261164070203,47.40948270574639,530330292061.0
b2b-41377,33600,530539400101,43200,-122.32257747751966,47.21233171509721,530539400101.0
b2b-41390,36600,530539400101,43200,-122.28674964853876,47.20743388122544,530539400101.0
b2b-41399,23400,530530718071,43200,-122.48810885998287,47.174793181326336,530530718071.0
b2b-41420,37800,530530626001,43200,-122.4845072211217,47.21089527485868,530530626001.0
b2b-41427,25200,530539400101,43200,-122.33383167315928,47.219411595134886,530539400101.0
b2b-41430,25200,530539400101,43200,-122.33383167315928,47.219411595134886,530539400101.0
b2b-41432,33000,530330292061,43200,-122.2261164070203,47.40948270574639,530330292061.0
b2b-41433,31800,530530616021,43200,-122.43926310811304,47.2397646377971,530530616021.0
b2b-41438,28800,530330292061,43200,-122.21836718823572,47.44039646000822,530330292061.0
b2b-41460,30000,530530602001,43200,-122.39832572132968,47.274160571806064,530530602001.0
b2b-41464,12000,530539400101,43200,-122.31674101641444,47.21054288818284,530539400101.0
b2b-41485,27000,530539400101,43200,-122.309464547017,47.207128779391006,530539400101.0
b2b-41488,24000,530330262001,43200,-122.24755562972652,47.44757492525695,530330262001.0
b2b-41508,27600,530539400101,43200,-122.30179192859876,47.21122309874678,530539400101.0
b2b-41523,40200,530330288021,43200,-122.29451093345496,47.4272772471893,530330288021.0
b2b-41524,40200,530330288021,43200,-122.29451093345496,47.4272772471893,530330288021.0
b2b-41533,34800,530330262001,43200,-122.24755562972652,47.44757492525695,530330262001.0
b2b-41538,28200,530539400101,43200,-122.33383167315928,47.219411595134886,530539400101.0
b2b-41543,25200,530330320111,43200,-122.02210375123823,47.36875968236384,530330320111.0
b2b-41572,22800,530530718071,43200,-122.48810885998287,47.174793181326336,530530718071.0
b2b-41593,24600,530539400022,43200,-122.35742786189503,47.24690620237542,530539400022.0
b2b-41605,22800,530330292061,43200,-122.26053720365827,47.39772311327997,530330292061.0
b2b-41615,34200,530330284024,43200,-122.32152014229943,47.44506623347763,530330284024.0
b2b-41645,30600,530539400101,43200,-122.30281871639434,47.20629445157994,530539400101.0
b2b-41650,17400,530539400101,43200,-122.31027225183443,47.21555713921264,530539400101.0
b2b-41662,43200,530539400022,43200,-122.35710629740282,47.24619899504573,530539400022.0
b2b-41668,40200,530530626002,43200,-122.46683493633375,47.22983128913519,530530626002.0
b2b-41678,44400,530330288021,43200,-122.29451093345496,47.4272772471893,530330288021.0
b2b-41679,44400,530330288021,43200,-122.29451093345496,47.4272772471893,530330288021.0
b2b-41695,27000,530330283003,43200,-122.25606178546752,47.438194021765895,530330283003.0
b2b-41701,23400,530539400022,43200,-122.35742786189503,47.24690620237542,530539400022.0
b2b-41703,24600,530530616021,43200,-122.43926310811304,47.2397646377971,530530616021.0
b2b-41709,26400,530330308013,43200,-122.22408133149337,47.28047497292998,530330308013.0
b2b-41713,34800,530530718071,43200,-122.48810885998287,47.174793181326336,530530718071.0
b2b-41716,33600,530530718071,43200,-122.48902908696398,47.1725184454144,530530718071.0
b2b-41729,20400,530530626001,43200,-122.4845072211217,47.21089527485868,530530626001.0
b2b-41754,21600,530539400022,43200,-122.35833344278102,47.25256365687772,530539400022.0
b2b-41781,34800,530330305011,43200,-122.23958370965552,47.306272979743525,530330305011.0
b2b-41786,33000,530530718071,43200,-122.5106024374446,47.16890311426602,530530718071.0
b2b-41789,22200,530330072001,43200,-122.34756778390565,47.61933997974749,530330072001.0
b2b-41796,23400,530530720002,43200,-122.52946362855404,47.12053900586331,530530720002.0
b2b-41800,21000,530539400022,43200,-122.35686651179935,47.25411486712436,530539400022.0
b2b-41806,35400,530530718071,43200,-122.5106024374446,47.16890311426602,530530718071.0
b2b-41817,28200,530330112001,43200,-122.32035707123552,47.520051632541886,530330112001.0
b2b-41821,27600,530330292061,43200,-122.25129926569966,47.40482209001074,530330292061.0
b2b-41829,23400,530330292061,43200,-122.21836718823572,47.44039646000822,530330292061.0
b2b-41832,23400,530330292061,43200,-122.21836718823572,47.44039646000822,530330292061.0
b2b-41843,33000,530530616011,43200,-122.4417524655116,47.25262696949706,530530616011.0
b2b-41847,41400,530330292061,43200,-122.24056201746252,47.39461586368992,530330292061.0
b2b-41852,31800,530530712073,43200,-122.29211447723658,47.16255800375999,530530712073.0
b2b-41854,45600,530330305011,43200,-122.23958370965552,47.306272979743525,530330305011.0
b2b-41856,28200,530539400101,43200,-122.31674477200006,47.21058663029962,530539400101.0
b2b-41883,21600,530530602001,43200,-122.39832572132968,47.274160571806064,530530602001.0
b2b-41884,21600,530530602001,43200,-122.39832572132968,47.274160571806064,530530602001.0
b2b-41887,22800,530330292061,43200,-122.21836718823572,47.44039646000822,530330292061.0
b2b-41910,36000,530530726032,43200,-122.58014198329504,46.93344098049039,530670110001.0
b2b-41912,29400,530330292061,43200,-122.2261164070203,47.40948270574639,530330292061.0
b2b-41943,36600,530330292061,43200,-122.2219850252946,47.40621455977041,530330292061.0
b2b-41955,28200,530530616011,43200,-122.4417524655116,47.25262696949706,530530616011.0
b2b-41957,28200,530539400101,43200,-122.31674477200006,47.21058663029962,530539400101.0
b2b-41967,29400,530330262001,43200,-122.2496540041916,47.44582113039136,530330262001.0
b2b-41970,22200,530530626002,43200,-122.46683493633375,47.22983128913519,530530626002.0
b2b-41977,28200,530539400022,43200,-122.35686651179935,47.25411486712436,530539400022.0
b2b-41978,32400,530539400022,43200,-122.35742786189503,47.24690620237542,530539400022.0
b2b-41982,38400,530330093003,43200,-122.3418644609965,47.56446776310541,530330093003.0
b2b-41989,24600,530539400101,43200,-122.309464547017,47.207128779391006,530539400101.0
b2b-41999,29400,530330283003,43200,-122.25606178546752,47.438194021765895,530330283003.0
b2b-42002,23400,530330292061,43200,-122.24601183335676,47.38375430732682,530330292061.0
b2b-42019,42600,530530718071,43200,-122.48902908696398,47.1725184454144,530530718071.0
b2b-42027,36000,530530718071,43200,-122.4930117465454,47.173313486192285,530530718071.0
b2b-42033,35400,530330292061,43200,-122.24744587546697,47.42972546277571,530330292061.0
b2b-42050,26400,530539400101,43200,-122.30359404279316,47.205853431591024,530539400101.0
b2b-42066,41400,530539400101,43200,-122.30179192859876,47.21122309874678,530539400101.0
b2b-42084,31200,530330292061,43200,-122.24601183335676,47.38375430732682,530330292061.0
b2b-42090,45600,530330262001,43200,-122.24755562972652,47.44757492525695,530330262001.0
b2b-42091,41400,530330305011,43200,-122.2359635397136,47.31700162608042,530330305011.0
b2b-42131,17400,530330308013,43200,-122.22408133149337,47.28047497292998,530330308013.0
b2b-42133,24600,530330292061,43200,-122.2466255004282,47.40263002053516,530330292061.0
b2b-42140,18600,530330262001,43200,-122.24755562972652,47.44757492525695,530330262001.0
b2b-42142,24600,530530602001,43200,-122.39326567874826,47.26014659157713,530530602001.0
b2b-42146,31200,530330302024,43200,-122.32576640694958,47.31550579734827,530330302024.0
b2b-42182,13200,530330292061,43200,-122.21836718823572,47.44039646000822,530330292061.0
b2b-42189,32400,530530602001,43200,-122.39832572132968,47.274160571806064,530530602001.0
b2b-42199,21600,530330093003,43200,-122.3418644609965,47.56446776310541,530330093003.0
b2b-42215,3000,530330288021,43200,-122.29451093345496,47.4272772471893,530330288021.0
b2b-42226,33000,530330292061,43200,-122.24734350412533,47.41059463958294,530330292061.0
b2b-42243,23400,530330300034,43200,-122.3151264534583,47.37209036509024,530330300034.0
b2b-42269,39000,530539400101,43200,-122.33383167315928,47.219411595134886,530539400101.0
b2b-42278,22800,530330302024,43200,-122.32576640694958,47.31550579734827,530330302024.0
b2b-42292,24000,530539400101,43200,-122.33383167315928,47.219411595134886,530539400101.0
b2b-42295,24600,530539400101,43200,-122.31623780041626,47.21778440192824,530539400101.0
b2b-42298,24600,530539400101,43200,-122.31623780041626,47.21778440192824,530539400101.0
b2b-42319,30000,530330284024,43200,-122.32662210712952,47.444800309911074,530330284024.0
b2b-42335,30600,530539400101,43200,-122.309464547017,47.207128779391006,530539400101.0
b2b-42339,23400,530530602001,43200,-122.39832572132968,47.274160571806064,530530602001.0
b2b-42342,34800,530330292061,43200,-122.26053720365827,47.39772311327997,530330292061.0
b2b-42357,19200,530539400101,43200,-122.32257747751966,47.21233171509721,530539400101.0
b2b-42362,29400,530539400101,43200,-122.30637805866928,47.20505103622144,530539400101.0
b2b-42363,33000,530330292061,43200,-122.22842381296434,47.42179000358647,530330292061.0
b2b-42369,22200,530539400101,43200,-122.2866795603986,47.20698260604722,530539400101.0
b2b-42384,48600,530530732003,43200,-122.722177527917,47.06726163014591,410470025021.0
b2b-42385,48600,530530732003,43200,-122.722177527917,47.06726163014591,410470025021.0
b2b-42396,48600,530530732003,43200,-122.722177527917,47.06726163014591,410470025021.0
b2b-42401,35400,530610537001,43200,-121.4007171060678,47.41209531237868,530630141002.0
b2b-42425,26400,530539400101,43200,-122.309464547017,47.207128779391006,530539400101.0
b2b-42426,26400,530539400101,43200,-122.309464547017,47.207128779391006,530539400101.0
b2b-42443,34800,530530630002,43200,-122.46612016502182,47.186871086520135,530530630002.0
b2b-42446,34800,530530630002,43200,-122.46612016502182,47.186871086520135,530530630002.0
b2b-42448,19800,530330292061,43200,-122.24267559307756,47.41360035099593,530330292061.0
b2b-42452,37200,530539400101,43200,-122.30637805866928,47.20505103622144,530539400101.0
b2b-42472,29400,530539400022,43200,-122.36818284079747,47.2376454679762,530539400022.0
b2b-42473,33600,530539400022,43200,-122.35823689383238,47.25176367768278,530539400022.0
b2b-42496,46200,530539400101,43200,-122.309464547017,47.207128779391006,530539400101.0
b2b-42526,34200,530530732003,43200,-122.722177527917,47.06726163014591,410510072021.0
b2b-42528,29400,530350921002,43200,-122.79780057844646,47.47041545337575,530350921002.0
b2b-42546,30600,530610537001,43200,-121.4007171060678,47.41209531237868,530630122001.0
b2b-42553,24600,530530732004,43200,-122.722177527917,47.06726163014591,20010.0
b2b-42561,32400,530610535091,43200,-122.14717269258814,48.17551092473751,530610535091.0
b2b-42563,36000,530330288021,43200,-122.29451093345496,47.4272772471893,530330288021.0
b2b-42599,45000,530330303132,43200,-122.31984757382251,47.296933715280765,530330303132.0
b2b-42609,34200,530330288021,43200,-122.29451093345496,47.4272772471893,530330288021.0
b2b-42610,43800,530330309011,43200,-122.24880711528763,47.293853492588525,530330309011.0
b2b-42614,25200,530330308013,43200,-122.22408133149337,47.28047497292998,530330308013.0
b2b-42633,25800,530539400101,43200,-122.30449790157697,47.21342526275149,530539400101.0
b2b-42640,40800,530539400101,43200,-122.28674964853876,47.20743388122544,530539400101.0
b2b-42652,27000,530330303132,43200,-122.32193990496484,47.29940756654714,530330303132.0
b2b-42657,26400,530330305011,43200,-122.23958370965552,47.306272979743525,530330305011.0
b2b-42664,30000,530530718071,43200,-122.500568021653,47.17071367973948,530530718071.0
b2b-42675,13200,530530701001,43200,-122.722177527917,47.06726163014591,20009.0
b2b-42680,23400,530330288021,43200,-122.29451093345496,47.4272772471893,530330288021.0
b2b-42683,23400,530330288021,43200,-122.29451093345496,47.4272772471893,530330288021.0
b2b-42698,27600,530530616011,43200,-122.4417524655116,47.25262696949706,530530616011.0
b2b-42712,24600,530330320111,43200,-122.02210375123823,47.36875968236384,530330320111.0
b2b-42725,24000,530330292061,43200,-122.2466255004282,47.40263002053516,530330292061.0
b2b-42743,43800,530539400101,43200,-122.31674477200006,47.21058663029962,530539400101.0
b2b-42754,39600,530530626002,43200,-122.46683493633375,47.22983128913519,530530626002.0
b2b-42758,39600,530530626002,43200,-122.46683493633375,47.22983128913519,530530626002.0
b2b-42759,30600,530539400101,43200,-122.31027225183443,47.21555713921264,530539400101.0
b2b-42779,30600,530539400101,43200,-122.28674964853876,47.20743388122544,530539400101.0
b2b-42797,27000,530330308011,43200,-122.2339427902764,47.28919712374434,530330308011.0
b2b-42800,27600,530330303132,43200,-122.32193990496484,47.29940756654714,530330303132.0
b2b-42803,32400,530530712073,43200,-122.29211447723658,47.16255800375999,530530712073.0
b2b-42819,40200,530330302024,43200,-122.32576640694958,47.31550579734827,530330302024.0
b2b-42824,25200,530530729061,43200,-122.722177527917,47.06726163014591,530670126101.0
b2b-42826,25800,530539400101,43200,-122.30179192859876,47.21122309874678,530539400101.0
b2b-42853,32400,530330292061,43200,-122.24601183335676,47.38375430732682,530330292061.0
b2b-42854,21600,530530616021,43200,-122.43926310811304,47.2397646377971,530530616021.0
b2b-42857,28800,530330112001,43200,-122.32174736286376,47.52004585831865,530330112001.0
b2b-42878,25200,530530718071,43200,-122.5106024374446,47.16890311426602,530530718071.0
b2b-42890,28800,530330093002,43200,-122.33528153146486,47.576667230395465,530330093002.0
b2b-42908,32400,530610533023,43200,-122.31610846863688,48.31193108584794,530579516003.0
b2b-42911,49200,530539400101,43200,-122.31674101641444,47.21054288818284,530539400101.0
b2b-42915,37200,530530715034,43200,-122.46392270816584,47.13197724177888,530530715034.0
b2b-42920,21000,530530714062,43200,-122.39264057039324,47.08199935787621,530530714062.0
b2b-42922,29400,530539400101,43200,-122.2885739746736,47.20517820151372,530539400101.0
b2b-42942,23400,530330219054,43200,-122.17617221489913,47.73437617084349,530330219054.0
b2b-42973,16800,530530626002,43200,-122.47104514590232,47.21462697141845,530530626002.0
b2b-42982,33000,530530732003,43200,-122.58014198329504,46.93344098049039,410510072021.0
b2b-42984,37200,530530732003,43200,-122.722177527917,47.06726163014591,410510072021.0
b2b-42995,33000,530610537001,43200,-121.4007171060678,47.41209531237868,530630114003.0
b2b-42998,21000,530610537001,43200,-121.4007171060678,47.41209531237868,530630145003.0
b2b-43002,24000,530330309011,43200,-122.24880711528763,47.293853492588525,530330309011.0
b2b-43006,23400,530539400101,43200,-122.31027225183443,47.21555713921264,530539400101.0
b2b-43017,34200,530330297003,43200,-122.2427201300502,47.37375981158335,530330297003.0
b2b-43019,26400,530330308011,43200,-122.2339427902764,47.28919712374434,530330308011.0
b2b-43031,28200,530610537001,43200,-121.4007171060678,47.41209531237868,530630145003.0
b2b-43036,34800,530610535091,43200,-122.14717269258814,48.17551092473751,530610535091.0
b2b-43038,19200,530530626001,43200,-122.4845072211217,47.21089527485868,530530626001.0
b2b-43041,31200,530610535061,43200,-122.31610846863688,48.31193108584794,530579512001.0
b2b-43042,35400,530330262001,43200,-122.21725980351802,47.45464441357022,530330262001.0
b2b-43056,31200,530330262001,43200,-122.2290252142069,47.46155041074252,530330262001.0
b2b-43064,34800,530539400101,43200,-122.31027225183443,47.21555713921264,530539400101.0
b2b-43073,19800,530530728001,43200,-122.722177527917,47.06726163014591,530670122222.0
b2b-43076,34800,530530602001,43200,-122.39326567874826,47.26014659157713,530530602001.0
b2b-43086,40800,530330288021,43200,-122.29451093345496,47.4272772471893,530330288021.0
b2b-43088,41400,530330292061,43200,-122.22842381296434,47.42179000358647,530330292061.0
b2b-43101,6600,530539400022,43200,-122.38914489362084,47.24419772415763,530539400022.0
b2b-43112,37800,530530715034,43200,-122.46392270816584,47.13197724177888,530530715034.0
b2b-43132,16200,530530726032,43200,-122.722177527917,47.06726163014591,530670109104.0
b2b-43139,44400,530330320111,43200,-122.0208840011324,47.36279936165376,530330320111.0
b2b-43160,33600,530530732003,43200,-122.722177527917,47.06726163014591,410430306003.0
b2b-43168,33000,530530732003,43200,-122.722177527917,47.06726163014591,410519800001.0
b2b-43169,33000,530530732003,43200,-122.722177527917,47.06726163014591,410519800001.0
b2b-43187,33000,530530729061,43200,-122.722177527917,47.06726163014591,530419708004.0
b2b-43220,28800,530330315021,43200,-122.722177527917,47.06726163014591,530770018002.0
b2b-43228,27600,530530701001,43200,-122.722177527917,47.06726163014591,20095.0
b2b-43240,28800,530530701001,43200,-122.722177527917,47.06726163014591,20095.0
b2b-43243,28800,530530701001,43200,-122.722177527917,47.06726163014591,20095.0
b2b-43257,30000,530530701001,43200,-122.722177527917,47.06726163014591,20118.0
b2b-43258,22800,530530701001,43200,-122.722177527917,47.06726163014591,20118.0
b2b-43265,16200,530530733013,43200,-122.2446026927415,47.24248836969613,530530733013.0
b2b-43279,42600,530530701001,43200,-122.722177527917,47.06726163014591,20071.0
b2b-43285,40800,530530616021,43200,-122.43926310811304,47.2397646377971,530530616021.0
b2b-43287,31200,530330263002,43200,-122.29196754117818,47.50281703900647,530330263002.0
b2b-43291,26400,530530732003,43200,-122.722177527917,47.06726163014591,410510072021.0
b2b-43292,27600,530530732003,43200,-122.58014198329504,46.93344098049039,410510073001.0
b2b-43300,32400,530539400022,43200,-122.35833344278102,47.25256365687772,530539400022.0
b2b-43301,32400,530539400022,43200,-122.35833344278102,47.25256365687772,530539400022.0
b2b-43309,34800,530610537001,43200,-121.4007171060678,47.41209531237868,530630114003.0
b2b-43323,26400,530610537001,43200,-121.4007171060678,47.41209531237868,20067.0
b2b-43338,46200,530530732003,43200,-122.722177527917,47.06726163014591,410510016016.0
b2b-43357,2400,530539400101,43200,-122.31027225183443,47.21555713921264,530539400101.0
b2b-43359,36600,530330292061,43200,-122.24744587546697,47.42972546277571,530330292061.0
b2b-43361,22200,530539400101,43200,-122.28674964853876,47.20743388122544,530539400101.0
b2b-43386,25200,530330292061,43200,-122.24728369886914,47.429935446062345,530330292061.0
b2b-43392,20400,530330308013,43200,-122.22408133149337,47.28047497292998,530330308013.0
b2b-43397,43200,530330283003,43200,-122.25606178546752,47.438194021765895,530330283003.0
b2b-43427,6000,530330112001,43200,-122.32174736286376,47.52004585831865,530330112001.0
b2b-43430,44400,530530732004,43200,-122.722177527917,47.06726163014591,20012.0
b2b-43437,30600,530330315021,43200,-121.4007171060678,47.41209531237868,530770014001.0
b2b-43454,39600,530330315021,43200,-121.4007171060678,47.41209531237868,530770002001.0
b2b-43470,33000,530539400101,43200,-122.33383167315928,47.219411595134886,530539400101.0
b2b-43472,32400,530539400101,43200,-122.33383167315928,47.219411595134886,530539400101.0
b2b-43492,36600,530330292061,43200,-122.23631678840374,47.433358759321,530330292061.0
b2b-43522,46800,530330093003,43200,-122.3249270574142,47.566139078388495,530330093003.0
b2b-43556,49200,530330300034,43200,-122.3151264534583,47.37209036509024,530330300034.0
b2b-43571,33000,530530732003,43200,-122.722177527917,47.06726163014591,410510043001.0
b2b-43577,25800,530530715034,43200,-122.46392270816584,47.13197724177888,530530715034.0
b2b-43592,46200,530610537001,43200,-121.4007171060678,47.41209531237868,20067.0
b2b-43596,46200,530610537001,43200,-121.4007171060678,47.41209531237868,20067.0
b2b-43597,46200,530610537001,43200,-121.4007171060678,47.41209531237868,20067.0
b2b-43617,26400,530330305011,43200,-122.2468069377908,47.32836928704271,530330305011.0
b2b-43623,30000,530330303132,43200,-122.32193990496484,47.29940756654714,530330303132.0
b2b-43626,16800,530530732003,43200,-122.722177527917,47.06726163014591,410510073001.0
b2b-43627,23400,530530732003,43200,-122.722177527917,47.06726163014591,410510024023.0
b2b-43642,34200,530530732004,43200,-122.722177527917,47.06726163014591,20014.0
b2b-43643,34200,530530732004,43200,-122.722177527917,47.06726163014591,20014.0
b2b-43645,31800,530530732004,43200,-122.722177527917,47.06726163014591,20014.0
b2b-43650,31800,530530732004,43200,-122.722177527917,47.06726163014591,20014.0
b2b-43654,26400,530530732004,43200,-122.722177527917,47.06726163014591,20014.0
b2b-43662,38400,530330303132,43200,-122.31117877005468,47.29696824471203,530330303132.0
b2b-43668,44400,530530717061,43200,-122.4751628257997,47.16101850541338,530530717061.0
b2b-43681,34200,530610537001,43200,-121.4007171060678,47.41209531237868,530630114003.0
b2b-43686,27000,530610537001,43200,-121.4007171060678,47.41209531237868,530630120002.0
b2b-43694,34200,530610537001,43200,-121.4007171060678,47.41209531237868,530630114003.0
b2b-43706,27600,530330319031,43200,-122.1225565374545,47.48744592432043,530330319031.0
b2b-43721,30000,530350921002,43200,-122.79780057844646,47.47041545337575,530350921002.0
b2b-43730,28200,530330288021,43200,-122.29325783815048,47.42972858442792,530330288021.0
b2b-43733,39600,530530701001,43200,-122.722177527917,47.06726163014591,20118.0
b2b-43738,20400,530530701001,43200,-122.722177527917,47.06726163014591,20118.0
b2b-43743,22800,530530729061,43200,-122.722177527917,47.06726163014591,530670126102.0
b2b-43759,30000,530530701001,43200,-122.722177527917,47.06726163014591,20118.0
b2b-43772,20400,530530729061,43200,-122.722177527917,47.06726163014591,530419708002.0
b2b-43777,29400,530530732004,43200,-122.722177527917,47.06726163014591,20012.0
b2b-43802,29400,530530718071,43200,-122.48810885998287,47.174793181326336,530530718071.0
b2b-43821,33600,530530732003,43200,-122.722177527917,47.06726163014591,410670304013.0
b2b-43842,40200,530530729061,43200,-122.722177527917,47.06726163014591,530419708002.0
b2b-43843,27600,530330112001,43200,-122.32174736286376,47.52004585831865,530330112001.0
b2b-43845,27600,530330112001,43200,-122.32174736286376,47.52004585831865,530330112001.0
b2b-43863,31800,530610533014,43200,-122.31610846863688,48.31193108584794,530579519002.0
b2b-43865,31800,530610533014,43200,-122.31610846863688,48.31193108584794,530579519002.0
b2b-43879,34200,530330305011,43200,-122.22809838679566,47.34571520705325,530330305011.0
b2b-43880,19200,530610533023,43200,-122.31610846863688,48.31193108584794,530579516003.0
b2b-43913,42000,530330292061,43200,-122.25129926569966,47.40482209001074,530330292061.0
b2b-43922,48000,530539400022,43200,-122.35833344278102,47.25256365687772,530539400022.0
b2b-43926,15600,530530732003,43200,-122.722177527917,47.06726163014591,410470025021.0
b2b-43929,38400,530530732003,43200,-122.722177527917,47.06726163014591,410670320031.0
b2b-43936,4200,530530717061,43200,-122.46955735265736,47.1588902831303,530530717061.0
b2b-43945,30000,530330263002,43200,-122.2751332002066,47.49597383764456,530330263002.0
b2b-43984,27600,530530718071,43200,-122.500568021653,47.17071367973948,530530718071.0
b2b-44013,25200,530610537001,43200,-121.4007171060678,47.41209531237868,20068.0
b2b-44015,29400,530530701001,43200,-122.722177527917,47.06726163014591,20118.0
b2b-44045,30600,530610537001,43200,-121.4007171060678,47.41209531237868,20038.0
b2b-44050,49200,530530732003,43200,-122.722177527917,47.06726163014591,530110426003.0
b2b-44079,43200,530330315021,43200,-121.4007171060678,47.41209531237868,530379756002.0
b2b-44085,28800,530330314004,43200,-121.99738839672244,47.206389736413776,530330314004.0
b2b-44117,47400,530330315021,43200,-121.4007171060678,47.41209531237868,20015.0
b2b-44120,18000,530330315021,43200,-121.4007171060678,47.41209531237868,20015.0
b2b-44123,31200,530330315021,43200,-121.4007171060678,47.41209531237868,20015.0
b2b-44128,31200,530350920003,43200,-122.6255660082074,47.86126423427218,530090017001.0
b2b-44130,34800,530530732003,43200,-122.722177527917,47.06726163014591,530110412031.0
b2b-44139,26400,530530732003,43200,-122.722177527917,47.06726163014591,410510072021.0
b2b-44163,35400,530530732003,43200,-122.722177527917,47.06726163014591,530110411051.0
b2b-44172,18000,530530732004,43200,-122.722177527917,47.06726163014591,20014.0
b2b-44182,30000,530610537001,43200,-121.4007171060678,47.41209531237868,530250101004.0
b2b-44186,22800,530530730061,43200,-122.722177527917,47.06726163014591,410670334001.0
b2b-44188,10200,530530701001,43200,-122.722177527917,47.06726163014591,20071.0
b2b-44191,43200,530610537001,43200,-121.4007171060678,47.41209531237868,530630120002.0
b2b-44194,3600,530330315021,43200,-121.4007171060678,47.41209531237868,20063.0
b2b-44195,3600,530330315021,43200,-121.4007171060678,47.41209531237868,20063.0
b2b-44196,18000,530330315021,43200,-121.4007171060678,47.41209531237868,20063.0
b2b-44202,33600,530330315021,43200,-121.4007171060678,47.41209531237868,20063.0
b2b-44213,21600,530530701001,43200,-122.722177527917,47.06726163014591,20009.0
b2b-44222,39600,530530701001,43200,-122.58014198329504,46.93344098049039,20009.0
b2b-44226,39600,530530701001,43200,-122.722177527917,47.06726163014591,20009.0
b2b-44268,25800,530530701001,43200,-122.722177527917,47.06726163014591,20009.0
b2b-44271,35400,530530701001,43200,-122.722177527917,47.06726163014591,20009.0
b2b-44280,30000,530530732003,43200,-122.722177527917,47.06726163014591,410430202001.0
b2b-44286,43200,530530732003,43200,-122.722177527917,47.06726163014591,410510073001.0
b2b-44287,43200,530530732003,43200,-122.722177527917,47.06726163014591,410510073001.0
b2b-44300,18600,530530732003,43200,-122.722177527917,47.06726163014591,410470010001.0
b2b-44304,26400,530530732003,43200,-122.722177527917,47.06726163014591,410470108021.0
b2b-44326,37800,530530732004,43200,-122.722177527917,47.06726163014591,20014.0
b2b-44338,38400,530610535061,43200,-122.31610846863688,48.31193108584794,530579512001.0
b2b-44376,33000,530330314004,43200,-121.99738839672244,47.206389736413776,530330314004.0
b2b-44391,50400,530610537001,43200,-121.4007171060678,47.41209531237868,20041.0
b2b-44392,50400,530610537001,43200,-121.4007171060678,47.41209531237868,20041.0
b2b-44397,42600,530610537001,43200,-121.4007171060678,47.41209531237868,20041.0
b2b-44401,42600,530610537001,43200,-121.4007171060678,47.41209531237868,20041.0
b2b-44404,42600,530610537001,43200,-121.4007171060678,47.41209531237868,20041.0
b2b-44405,42600,530610537001,43200,-121.4007171060678,47.41209531237868,20041.0
b2b-44409,34200,530610537001,43200,-121.4007171060678,47.41209531237868,20041.0
b2b-44413,34200,530610537001,43200,-121.06731919588896,47.75089046929392,20041.0
b2b-44455,33600,530610537001,43200,-121.4007171060678,47.41209531237868,20041.0
b2b-44459,19800,530610537001,43200,-121.4007171060678,47.41209531237868,20041.0
b2b-44462,38400,530610537001,43200,-121.4007171060678,47.41209531237868,20041.0
b2b-44466,31200,530530701001,43200,-122.722177527917,47.06726163014591,20095.0
b2b-44472,24600,530530701001,43200,-122.722177527917,47.06726163014591,20095.0
b2b-44492,47400,530610515002,43200,-122.31775581966713,47.821032296540565,530610515002.0
b2b-44494,1800,530530732003,43200,-122.722177527917,47.06726163014591,410510043001.0
b2b-44500,30600,530530732004,43200,-122.722177527917,47.06726163014591,20012.0
b2b-44503,25800,530530732004,43200,-122.722177527917,47.06726163014591,20010.0
b2b-44508,46800,530610533021,43200,-122.31610846863688,48.31193108584794,530730102001.0
b2b-44513,21600,530530732003,43200,-122.722177527917,47.06726163014591,410670316134.0
b2b-44530,28800,530539400101,43200,-122.309464547017,47.207128779391006,530539400101.0
b2b-44566,37200,530610537001,43200,-121.4007171060678,47.41209531237868,20060.0
b2b-44597,28200,530610537001,43200,-121.4007171060678,47.41209531237868,20086.0
b2b-44603,28200,530610537001,43200,-121.4007171060678,47.41209531237868,20086.0
b2b-44605,28200,530610537001,43200,-121.4007171060678,47.41209531237868,20086.0
b2b-44608,28200,530610537001,43200,-121.4007171060678,47.41209531237868,20086.0
b2b-44615,28200,530610537001,43200,-121.06731919588896,47.75089046929392,20086.0
b2b-44620,42000,530610537001,43200,-121.4007171060678,47.41209531237868,20086.0
b2b-44649,36600,530530701001,43200,-122.722177527917,47.06726163014591,20009.0
b2b-44656,36600,530530701001,43200,-122.722177527917,47.06726163014591,20009.0
b2b-44667,42000,530530701001,43200,-122.722177527917,47.06726163014591,20009.0
b2b-44676,22200,530530732003,43200,-122.722177527917,47.06726163014591,410050221071.0
b2b-44683,21000,530530732003,43200,-122.722177527917,47.06726163014591,410470025021.0
b2b-44704,23400,530330305011,43200,-122.24808700301064,47.32823045540553,530330305011.0
b2b-44711,27000,530530633001,43200,-122.4058126219268,47.20432072782326,530530633001.0
b2b-44724,33000,530539400101,43200,-122.30400045104048,47.2144049340928,530539400101.0
b2b-44733,9600,530330303042,43200,-122.32334585762425,47.2817417134756,530330303042.0
b2b-44741,22800,530330288021,43200,-122.29325783815048,47.42972858442792,530330288021.0
b2b-44794,36000,530539400072,43200,-122.39869922934828,47.23881805895152,530539400072.0
b2b-44797,42000,530330303042,43200,-122.31658125276648,47.28498945231852,530330303042.0
b2b-44798,31200,530330292061,43200,-122.25334281900588,47.41083488162486,530330292061.0
b2b-44803,23400,530530726032,43200,-122.722177527917,47.06726163014591,530270007003.0
b2b-44815,47400,530530729061,43200,-122.722177527917,47.06726163014591,530419714002.0
b2b-44822,37800,530530730061,43200,-122.722177527917,47.06726163014591,530419713003.0
b2b-44828,45000,530530729061,43200,-122.722177527917,47.06726163014591,530670126102.0
b2b-44845,34200,530530729061,43200,-122.722177527917,47.06726163014591,530670108005.0
b2b-44870,29400,530530728001,43200,-122.722177527917,47.06726163014591,530670122222.0
b2b-44871,18000,530530726032,43200,-122.722177527917,47.06726163014591,530670103004.0
b2b-44873,39600,530530728001,43200,-122.722177527917,47.06726163014591,530670115002.0
b2b-44875,27000,530530729061,43200,-122.722177527917,47.06726163014591,530670126102.0
b2b-44891,22200,530530729061,43200,-122.722177527917,47.06726163014591,530419714002.0
b2b-44893,35400,530530729061,43200,-122.722177527917,47.06726163014591,530670126101.0
b2b-44894,18000,530530729061,43200,-122.722177527917,47.06726163014591,530670126101.0
b2b-44900,36000,530530729061,43200,-122.722177527917,47.06726163014591,530419714002.0
b2b-44912,45000,530530726032,43200,-122.722177527917,47.06726163014591,530270007001.0
b2b-44933,40200,530610537001,43200,-121.4007171060678,47.41209531237868,530630141002.0
b2b-44939,22200,530330308011,43200,-122.25109412128896,47.29471405940505,530330308011.0
b2b-44940,30600,530530729061,43200,-122.722177527917,47.06726163014591,530670126101.0
b2b-44948,29400,530330296015,43200,-122.17822943604142,47.36290369089351,530330296015.0
b2b-44949,23400,530530718071,43200,-122.4930117465454,47.173313486192285,530530718071.0
b2b-44952,32400,530530602001,43200,-122.43102467754076,47.25743127587052,530530602001.0
b2b-44954,29400,530530715034,43200,-122.46683763901714,47.14876959319684,530530715034.0
b2b-44965,35400,530539400101,43200,-122.32757000594314,47.21618979075579,530539400101.0
b2b-44984,22200,530330292061,43200,-122.24391348114084,47.434109303497,530330292061.0
b2b-44989,19800,530530704012,43200,-122.23093366999188,47.15056111734453,530530704012.0
b2b-44990,54600,530530718071,43200,-122.500568021653,47.17071367973948,530530718071.0
b2b-45008,28800,530330292061,43200,-122.25156118733844,47.40828312069279,530330292061.0
b2b-45023,31800,530530715034,43200,-122.46476625153028,47.14985547776524,530530715034.0
b2b-45024,37800,530530704012,43200,-122.23580602465536,47.13412735113947,530530704012.0
b2b-45053,32400,530530718071,43200,-122.4879725369295,47.174397151983406,530530718071.0
b2b-45077,36000,530539400101,43200,-122.31027225183443,47.21555713921264,530539400101.0
b2b-45097,24000,530330265002,43200,-122.35458225098962,47.51367176580192,530330265002.0
b2b-45103,34800,530539400022,43200,-122.36818284079747,47.2376454679762,530539400022.0
b2b-45110,24600,530539400101,43200,-122.31027225183443,47.21555713921264,530539400101.0
b2b-45117,45000,530330305011,43200,-122.22516192237144,47.33869703570648,530330305011.0
b2b-45129,29400,530330292061,43200,-122.24439523062424,47.42834273400586,530330292061.0
b2b-45137,42600,530330292061,43200,-122.23998776837271,47.39518735849401,530330292061.0
b2b-45139,28800,530330303112,43200,-122.3626320263028,47.30175520480905,530330303112.0
b2b-45149,24600,530330303042,43200,-122.31901925202044,47.28977033161938,530330303042.0
b2b-45151,26400,530330315023,43200,-121.9747718010316,47.199083606053065,530330315023.0
b2b-45164,34800,530330303132,43200,-122.3193094958882,47.298209521635336,530330303132.0
b2b-45166,39000,530330262001,43200,-122.216832433441,47.45073826272241,530330262001.0
b2b-45174,22800,530330288012,43200,-122.2955521191416,47.427207870079855,530330288012.0
b2b-45181,30000,530330292061,43200,-122.2234715060354,47.41915114848567,530330292061.0
b2b-45189,46800,530330305011,43200,-122.23142391979832,47.34140563075523,530330305011.0
b2b-45200,38400,530330303132,43200,-122.31481312779624,47.29382515739082,530330303132.0
b2b-45206,25800,530330304011,43200,-122.30143074811642,47.29440512586919,530330304011.0
b2b-45210,13200,530330305011,43200,-122.24790550413564,47.33348879174979,530330305011.0
b2b-45211,34800,530530717061,43200,-122.46576630347704,47.15784635424157,530530717061.0
b2b-45214,37200,530330297003,43200,-122.23475371348718,47.38051674575002,530330297003.0
b2b-45221,31800,530330288021,43200,-122.29290659162672,47.42999481185693,530330288021.0
b2b-45232,33600,530539400101,43200,-122.31027225183443,47.21555713921264,530539400101.0
b2b-45239,19200,530330320111,43200,-122.02302534991496,47.36956344931965,530330320111.0
b2b-45259,31800,530539400101,43200,-122.31620335841464,47.21496011538982,530539400101.0
b2b-45268,31800,530539400101,43200,-122.31620335841464,47.21496011538982,530539400101.0
b2b-45271,44400,530530729061,43200,-122.722177527917,47.06726163014591,530419714002.0
b2b-45281,22800,530530634006,43200,-122.4415269941244,47.17099400083268,530530634006.0
b2b-45288,42600,530530713051,43200,-122.40537552108717,47.15447753388801,530530713051.0
b2b-45310,13800,530539400101,43200,-122.30179192859876,47.21122309874678,530539400101.0
b2b-45331,36600,530330305011,43200,-122.229500515589,47.345497288722775,530330305011.0
b2b-45333,34800,530530730054,43200,-122.4080067861034,46.95105691844983,530530730054.0
b2b-45360,26400,530539400101,43200,-122.30449790157697,47.21342526275149,530539400101.0
b2b-45362,4200,530330317064,43200,-122.123678548143,47.35865228895068,530330317064.0
b2b-45374,27600,530330292061,43200,-122.24321036339512,47.44137515900969,530330292061.0
b2b-45389,19800,530330305011,43200,-122.23185340621404,47.343965538832215,530330305011.0
b2b-45390,28200,530530712073,43200,-122.29197071873114,47.15965564291472,530530712073.0
b2b-45395,4800,530530718071,43200,-122.50325129778776,47.17357211414135,530530718071.0
b2b-45413,28200,530530730054,43200,-122.4080067861034,46.95105691844983,530530730054.0
b2b-45418,34800,530530716022,43200,-122.40381414489498,47.156229323780366,530530716022.0
b2b-45424,44400,530530714082,43200,-122.43371881287376,47.11347597897917,530530714082.0
b2b-45429,25200,530539400022,43200,-122.36056134818172,47.24019179014105,530539400022.0
b2b-45434,36000,530530717043,43200,-122.46351545343684,47.161934814283136,530530717043.0
b2b-45437,25200,530539400101,43200,-122.31682944890622,47.21218617125038,530539400101.0
b2b-45440,34800,530330305011,43200,-122.2359635397136,47.31700162608042,530330305011.0
b2b-45441,34800,530330305011,43200,-122.2359635397136,47.31700162608042,530330305011.0
b2b-45450,18000,530530732003,43200,-122.722177527917,47.06726163014591,530110411051.0
b2b-45451,33600,530610537001,43200,-121.4007171060678,47.41209531237868,530630114003.0
b2b-45454,22200,530530728001,43200,-122.722177527917,47.06726163014591,530670122222.0
b2b-45457,22200,530530728001,43200,-122.58014198329504,46.93344098049039,530670122222.0
b2b-45472,41400,530530729061,43200,-122.722177527917,47.06726163014591,530670118211.0
b2b-45483,36000,530530726032,43200,-122.722177527917,47.06726163014591,530670101001.0
b2b-45494,24000,530530728001,43200,-122.6256800933322,47.11469803892707,530530728001.0
b2b-45496,32400,530530723112,43200,-122.53054936926564,47.23560394005051,530530723112.0
b2b-45536,37800,530530732003,43200,-122.722177527917,47.06726163014591,410430306003.0
b2b-45537,37800,530530732003,43200,-122.722177527917,47.06726163014591,410430306003.0
b2b-45538,37800,530530732003,43200,-122.722177527917,47.06726163014591,410430306003.0
b2b-45542,26400,530530729061,43200,-122.722177527917,47.06726163014591,530419714002.0
b2b-45544,35400,530610535091,43200,-122.14717269258814,48.17551092473751,530610535091.0
b2b-45545,35400,530610535091,43200,-122.14717269258814,48.17551092473751,530610535091.0
b2b-45547,35400,530610535091,43200,-122.14717269258814,48.17551092473751,530610535091.0
b2b-45549,35400,530610535091,43200,-122.14717269258814,48.17551092473751,530610535091.0
b2b-45551,35400,530610535091,43200,-122.14717269258814,48.17551092473751,530610535091.0
b2b-45558,35400,530610535091,43200,-122.14717269258814,48.17551092473751,530610535091.0
b2b-45559,35400,530610535091,43200,-122.14717269258814,48.17551092473751,530610535091.0
b2b-45561,35400,530610535091,43200,-122.14717269258814,48.17551092473751,530610535091.0
b2b-45563,34200,530610533014,43200,-122.31610846863688,48.31193108584794,530730004003.0
b2b-45574,25800,530539400022,43200,-122.35710629740282,47.24619899504573,530539400022.0
b2b-45575,27000,530530704031,43200,-122.23116801967828,47.10335726192493,530530704031.0
b2b-45603,32400,530539400101,43200,-122.30754337187268,47.21571328120326,530539400101.0
b2b-45605,29400,530530619001,43200,-122.43425402770484,47.22966044509993,530530619001.0
b2b-45608,23400,530530703073,43200,-122.07202527318653,47.18090359757848,530530703073.0
b2b-45610,41400,530530718071,43200,-122.4930117465454,47.173313486192285,530530718071.0
b2b-45621,36000,530530717032,43200,-122.46264592575064,47.16961078708527,530530717032.0
b2b-45643,28200,530539400021,43200,-122.35380995505524,47.249021386409424,530539400021.0
b2b-45649,30600,530539400101,43200,-122.30750569363444,47.20609928214364,530539400101.0
b2b-45654,9600,530330257015,43200,-122.20382931481704,47.46729586923272,530330257015.0
b2b-45671,39000,530530723112,43200,-122.5261549170996,47.234843883996376,530530723112.0
b2b-45681,34800,530610537001,43200,-121.4007171060678,47.41209531237868,20067.0
b2b-45685,27000,530530732003,43200,-122.722177527917,47.06726163014591,410470025021.0
b2b-45688,27000,530530732003,43200,-122.722177527917,47.06726163014591,410470025021.0
b2b-45700,27000,530530732003,43200,-122.722177527917,47.06726163014591,410470025021.0
b2b-45703,35400,530610535061,43200,-122.31610846863688,48.31193108584794,530579512001.0
b2b-45708,35400,530610535061,43200,-122.31610846863688,48.31193108584794,530579512001.0
b2b-45716,34200,530530724084,43200,-122.578039794032,47.26603161603024,530530724084.0
b2b-45718,32400,530530732003,43200,-122.722177527917,47.06726163014591,410470003003.0
b2b-45724,37800,530530728001,43200,-122.722177527917,47.06726163014591,530670122222.0
b2b-45750,27600,530610535091,43200,-122.14717269258814,48.17551092473751,530610535091.0
b2b-45779,24600,530530701001,43200,-122.722177527917,47.06726163014591,20118.0
b2b-45782,34800,530530729061,43200,-122.722177527917,47.06726163014591,530419714002.0
b2b-45826,600,530539400021,43200,-122.34806581782834,47.24278988681552,530539400021.0
b2b-45846,37200,530610533014,43200,-122.31610846863688,48.31193108584794,530579521003.0
b2b-45855,24600,530610537001,43200,-121.4007171060678,47.41209531237868,530630137001.0
b2b-45874,19200,530530701001,43200,-122.722177527917,47.06726163014591,20095.0
b2b-45890,27600,530530732004,43200,-122.722177527917,47.06726163014591,20012.0
b2b-45894,24600,530530732004,43200,-122.722177527917,47.06726163014591,20012.0
b2b-45907,33600,530530718071,43200,-122.500568021653,47.17071367973948,530530718071.0
b2b-45909,33000,530530732003,43200,-122.722177527917,47.06726163014591,530110412031.0
b2b-45922,33600,530610537001,43200,-121.4007171060678,47.41209531237868,20067.0
b2b-45923,42600,530610537001,43200,-121.4007171060678,47.41209531237868,20067.0
b2b-45927,29400,530530732003,43200,-122.722177527917,47.06726163014591,530110411051.0
b2b-45935,21000,530530732004,43200,-122.722177527917,47.06726163014591,20010.0
b2b-45946,38400,530530701001,43200,-122.722177527917,47.06726163014591,20095.0
b2b-45961,28200,530530701001,43200,-122.722177527917,47.06726163014591,20118.0
b2b-46003,22800,530530732003,43200,-122.722177527917,47.06726163014591,410510073001.0
b2b-46009,22800,530530732003,43200,-122.722177527917,47.06726163014591,410510073001.0
b2b-46035,27000,530530732003,43200,-122.722177527917,47.06726163014591,410510072021.0
b2b-46047,39600,530530732003,43200,-122.722177527917,47.06726163014591,410670304013.0
b2b-46058,33000,530530732003,43200,-122.722177527917,47.06726163014591,410670316134.0
b2b-46060,17400,530530732003,43200,-122.722177527917,47.06726163014591,410510073001.0
b2b-46086,27600,530530732003,43200,-122.722177527917,47.06726163014591,410510043001.0
b2b-46104,22800,530530730061,43200,-122.722177527917,47.06726163014591,410099706002.0
b2b-46110,28800,530530732003,43200,-122.722177527917,47.06726163014591,530110410052.0
b2b-46116,35400,530530732003,43200,-122.722177527917,47.06726163014591,530110410052.0
b2b-46125,33000,530530732003,43200,-122.81132463993062,47.37273495305909,530110411051.0
b2b-46126,24600,530530730061,43200,-122.722177527917,47.06726163014591,530150003001.0
b2b-46127,37800,530530732003,43200,-122.722177527917,47.06726163014591,530150015024.0
b2b-46131,21000,530530732003,43200,-122.722177527917,47.06726163014591,410510072021.0
b2b-46140,40800,530530732003,43200,-122.58014198329504,46.93344098049039,410670326081.0
b2b-46168,19800,530530732003,43200,-122.722177527917,47.06726163014591,410670304013.0
b2b-46178,47400,530530701001,43200,-122.722177527917,47.06726163014591,20009.0
b2b-46194,51600,530330315021,43200,-121.4007171060678,47.41209531237868,20008.0
b2b-46215,27000,530530732003,43200,-122.722177527917,47.06726163014591,410050215002.0
b2b-46227,33600,530530732004,43200,-122.722177527917,47.06726163014591,20010.0
b2b-46228,33600,530530732004,43200,-122.722177527917,47.06726163014591,20010.0
b2b-46236,24000,530530732004,43200,-122.722177527917,47.06726163014591,20010.0
b2b-46248,42600,530530732003,43200,-122.722177527917,47.06726163014591,410050221072.0
b2b-46253,30000,530530701001,43200,-122.722177527917,47.06726163014591,20009.0
b2b-46261,41400,530530701001,43200,-122.722177527917,47.06726163014591,20009.0
b2b-46263,34200,530530701001,43200,-122.722177527917,47.06726163014591,20009.0
b2b-46274,21600,530530732004,43200,-122.722177527917,47.06726163014591,20014.0
b2b-46288,33000,530530732003,43200,-122.722177527917,47.06726163014591,530110412031.0
b2b-46294,31800,530610537001,43200,-121.4007171060678,47.41209531237868,20042.0
b2b-46295,31800,530610537001,43200,-121.4007171060678,47.41209531237868,20042.0
b2b-46313,37200,530530729061,43200,-122.722177527917,47.06726163014591,530419708002.0
b2b-46318,24600,530350902011,43200,-122.65567290436852,47.79993356951788,530350902011.0
b2b-46321,24600,530350902011,43200,-122.65567290436852,47.79993356951788,530350902011.0
b2b-46327,24600,530350902011,43200,-122.65567290436852,47.79993356951788,530350902011.0
b2b-46335,33000,530350909002,43200,-122.51138342885966,47.62370347862633,530350909002.0
b2b-46349,37200,530350909001,43200,-122.51616731542671,47.62339187163423,530350909001.0
b2b-46350,37200,530350909001,43200,-122.51616731542671,47.62339187163423,530350909001.0
b2b-46351,37200,530350909001,43200,-122.51616731542671,47.62339187163423,530350909001.0
b2b-46352,37200,530350909001,43200,-122.51616731542671,47.62339187163423,530350909001.0
b2b-46363,25200,530350905012,43200,-122.64209801408272,47.73877133651492,530350905012.0
b2b-46371,25800,530350905012,43200,-122.64209801408272,47.73877133651492,530350905012.0
b2b-46374,25800,530350905012,43200,-122.64209801408272,47.73877133651492,530350905012.0
b2b-46380,35400,530350901013,43200,-122.57051310204768,47.80388529483856,530350901013.0
b2b-46392,35400,530350901013,43200,-122.57051310204768,47.80388529483856,530350901013.0
b2b-46396,38400,530350907003,43200,-122.53787075926913,47.680330194146656,530350907003.0
b2b-46416,22200,530530732003,43200,-122.722177527917,47.06726163014591,410050229011.0
b2b-46429,26400,530350902023,43200,-122.6070547807924,47.77114454951047,530350902023.0
b2b-46450,37200,530350921003,43200,-122.69452904119412,47.526936511006696,530350921003.0
b2b-46456,31200,530350921003,43200,-122.70516095935824,47.52524978434962,530350921003.0
b2b-46460,28800,530350902011,43200,-122.65456413026536,47.80110326880863,530350902011.0
b2b-46463,28800,530350902011,43200,-122.65456413026536,47.80110326880863,530350902011.0
b2b-46469,24600,530350909003,43200,-122.51793051190684,47.64318563126896,530350909003.0
b2b-46472,24600,530350909003,43200,-122.51793051190684,47.64318563126896,530350909003.0
b2b-46475,33000,530350901013,43200,-122.57469901944056,47.802065448881855,530350901013.0
b2b-46487,21600,530350901013,43200,-122.57919662572392,47.80178058745663,530350901013.0
b2b-46488,6600,530350901013,43200,-122.57919662572392,47.80178058745663,530350901013.0
b2b-46495,34200,530350929023,43200,-122.6757670316925,47.41689385730117,530350929023.0
b2b-46502,34200,530350929023,43200,-122.6757670316925,47.41689385730117,530350929023.0
b2b-46510,34200,530350929023,43200,-122.6757670316925,47.41689385730117,530350929023.0
b2b-46520,44400,530350902022,43200,-122.647583863583,47.78516476683842,530350902022.0
b2b-46529,36600,530350902022,43200,-122.647583863583,47.78516476683842,530350902022.0
b2b-46550,36600,530350902022,43200,-122.647583863583,47.78516476683842,530350902022.0
b2b-46566,24600,530350803002,43200,-122.62028834697348,47.57742480892068,530350803002.0
b2b-46571,50400,530610533024,43200,-122.31610846863688,48.31193108584794,530579518002.0
b2b-46608,39600,530350920002,43200,-122.71115376243873,47.53222322249899,530350920002.0
b2b-46610,32400,530530729061,43200,-122.722177527917,47.06726163014591,530670108005.0
b2b-46611,35400,530530729061,43200,-122.722177527917,47.06726163014591,530670108005.0
b2b-46622,25200,530350905013,43200,-122.6460749567763,47.73546325919322,530350905013.0
b2b-46628,13800,530530732003,43200,-122.722177527917,47.06726163014591,410670320032.0
b2b-46646,30600,530530732003,43200,-122.722177527917,47.06726163014591,410470105032.0
b2b-46652,26400,530530732003,43200,-122.722177527917,47.06726163014591,410510072021.0
b2b-46680,19800,530530701001,43200,-122.722177527917,47.06726163014591,20095.0
b2b-46693,24000,530350901023,43200,-122.53075431225614,47.84906627837199,530350901023.0
b2b-46696,24000,530350901023,43200,-122.53075431225614,47.84906627837199,530350901023.0
b2b-46699,24000,530350901023,43200,-122.53075431225614,47.84906627837199,530350901023.0
b2b-46713,26400,530530729061,43200,-122.722177527917,47.06726163014591,530419711001.0
b2b-46714,30600,530350928022,43200,-122.60715781811972,47.46612760101481,530350928022.0
b2b-46724,28800,530530729061,43200,-122.722177527917,47.06726163014591,530419711001.0
b2b-46728,39000,530530729061,43200,-122.722177527917,47.06726163014591,530419710003.0
b2b-46737,20400,530530729061,43200,-122.722177527917,47.06726163014591,530419707001.0
b2b-46739,20400,530530729061,43200,-122.722177527917,47.06726163014591,530419707001.0
b2b-46740,35400,530350901021,43200,-122.49400764695964,47.80776801777986,530350901021.0
b2b-46742,34800,530350920001,43200,-122.6255660082074,47.86126423427218,530459605003.0
b2b-46754,33600,530530732003,43200,-122.722177527917,47.06726163014591,410510082012.0
b2b-46779,12600,530530726023,43200,-122.6255660082074,47.86126423427218,530459613001.0
b2b-46782,34200,530530726023,43200,-122.6255660082074,47.86126423427218,530459613002.0
b2b-46810,37800,530350902011,43200,-122.657026314706,47.799249880520016,530350902011.0
b2b-46814,37800,530350902011,43200,-122.657026314706,47.799249880520016,530350902011.0
b2b-46828,4800,530350902011,43200,-122.657026314706,47.799249880520016,530350902011.0
b2b-46833,25800,530350902011,43200,-122.657026314706,47.799249880520016,530350902011.0
b2b-46836,25800,530350902011,43200,-122.657026314706,47.799249880520016,530350902011.0
b2b-46837,25800,530350902011,43200,-122.657026314706,47.799249880520016,530350902011.0
b2b-46846,28800,530350902011,43200,-122.657026314706,47.799249880520016,530350902011.0
b2b-46857,46800,530350921003,43200,-122.77428128500408,47.50613030950503,530350921003.0
b2b-46868,46800,530350921003,43200,-122.77428128500408,47.50613030950503,530350921003.0
b2b-46870,24000,530350921003,43200,-122.77428128500408,47.50613030950503,530350921003.0
b2b-46921,42000,530350909003,43200,-122.52305355765938,47.64515251975976,530350909003.0
b2b-46922,37200,530350921002,43200,-122.74965546810128,47.49977997807848,530350921002.0
b2b-46935,21600,530350902022,43200,-122.64770419663988,47.785537213033386,530350902022.0
b2b-46936,27000,530350909003,43200,-122.52460040033289,47.64829113529012,530350909003.0
b2b-46939,35400,530530729061,43200,-122.722177527917,47.06726163014591,530670123103.0
b2b-46956,24000,530350902022,43200,-122.6506904019155,47.76456680053567,530350902022.0
b2b-46965,37800,530610533014,43200,-122.31610846863688,48.31193108584794,530579501002.0
b2b-46968,23400,530610533014,43200,-122.31610846863688,48.31193108584794,530730104012.0
b2b-46999,33600,530610535091,43200,-122.14717269258814,48.17551092473751,530610535091.0
b2b-47009,27600,530330093002,43200,-122.33528153146486,47.576667230395465,530330093002.0
b2b-47032,16800,530330292061,43200,-122.24056201746252,47.39461586368992,530330292061.0
b2b-47042,46800,530610413042,43200,-122.2625926823838,47.93838660614811,530610413042.0
b2b-47043,46800,530610413042,43200,-122.2625926823838,47.93838660614811,530610413042.0
b2b-47047,18000,530350921002,43200,-122.79780057844646,47.47041545337575,530350921002.0
b2b-47126,31200,530330093002,43200,-122.32844525291416,47.59434862014975,530330093002.0
b2b-47137,37800,530330112001,43200,-122.32174736286376,47.52004585831865,530330112001.0
b2b-47143,34200,530350902022,43200,-122.5961576454316,47.787507301352434,530350902022.0
b2b-47144,34200,530350902022,43200,-122.5961576454316,47.787507301352434,530350902022.0
b2b-47155,35400,530350918001,43200,-122.62400027831414,47.6110750541063,530350918001.0
b2b-47190,33000,530350811002,43200,-122.65520682763126,47.56313289416048,530350811002.0
b2b-47196,28200,530530701001,43200,-122.722177527917,47.06726163014591,20095.0
b2b-47202,43200,530530701001,43200,-122.58014198329504,46.93344098049039,20095.0
b2b-47205,34200,530330093002,43200,-122.32844525291416,47.59434862014975,530330093002.0
b2b-47221,39600,530330112001,43200,-122.32174736286376,47.52004585831865,530330112001.0
b2b-47236,58200,530330109001,43200,-122.30470617701212,47.53312488896969,530330109001.0
b2b-47237,58200,530330109001,43200,-122.30470617701212,47.53312488896969,530330109001.0
b2b-47239,33600,530330264005,43200,-122.32082837502512,47.516471875001706,530330264005.0
b2b-47245,28800,530350902022,43200,-122.5961576454316,47.787507301352434,530350902022.0
b2b-47249,42000,530330059001,43200,-122.36203365710163,47.65328838118956,530330059001.0
b2b-47265,7800,530330264005,43200,-122.32082837502512,47.516471875001706,530330264005.0
b2b-47268,30600,530330292061,43200,-122.22842381296434,47.42179000358647,530330292061.0
b2b-47291,32400,530330112001,43200,-122.32174736286376,47.52004585831865,530330112001.0
b2b-47301,39600,530610413042,43200,-122.27671607076084,47.94183817280873,530610413042.0
b2b-47302,34200,530530728001,43200,-122.722177527917,47.06726163014591,530670122222.0
b2b-47307,34200,530530728001,43200,-122.722177527917,47.06726163014591,530670122222.0
b2b-47309,34200,530530728001,43200,-122.722177527917,47.06726163014591,530670122222.0
b2b-47314,37800,530610413042,43200,-122.24487100066604,47.92655488481847,530610413042.0
b2b-47324,28200,530350902022,43200,-122.5961576454316,47.787507301352434,530350902022.0
b2b-47341,22200,530610537001,43200,-121.4007171060678,47.41209531237868,530630141002.0
b2b-47344,22200,530610537001,43200,-121.4007171060678,47.41209531237868,530630141002.0
b2b-47349,47400,530330237001,43200,-122.15715616421944,47.62526578319836,530330237001.0
b2b-47350,32400,530350902022,43200,-122.5961576454316,47.787507301352434,530350902022.0
b2b-47352,30600,530330112001,43200,-122.32174736286376,47.52004585831865,530330112001.0
b2b-47364,28200,530330263001,43200,-122.30285209992728,47.5225614976096,530330263001.0
b2b-47375,39000,530330265002,43200,-122.35458225098962,47.51367176580192,530330265002.0
b2b-47384,38400,530330263001,43200,-122.30285209992728,47.5225614976096,530330263001.0
b2b-47386,19200,530610413042,43200,-122.2625926823838,47.93838660614811,530610413042.0
b2b-47389,28200,530610419032,43200,-122.2636103628616,47.90846344531121,530610419032.0
b2b-47407,21000,530330059001,43200,-122.36203365710163,47.65328838118956,530330059001.0
b2b-47410,36600,530330112001,43200,-122.32035707123552,47.520051632541886,530330112001.0
b2b-47415,30000,530330071001,43200,-122.3673331869987,47.62631707120799,530330071001.0
b2b-47416,30000,530330071001,43200,-122.3673331869987,47.62631707120799,530330071001.0
b2b-47417,31200,530350920002,43200,-122.6255660082074,47.86126423427218,530459604001.0
b2b-47419,36600,530350902022,43200,-122.5961576454316,47.787507301352434,530350902022.0
b2b-47425,28800,530530626001,43200,-122.4845072211217,47.21089527485868,530530626001.0
b2b-47438,31800,530330288013,43200,-122.3016724325364,47.42196724627311,530330288013.0
b2b-47461,14400,530530732003,43200,-122.722177527917,47.06726163014591,410050221071.0
b2b-47478,30000,530610535091,43200,-122.14717269258814,48.17551092473751,530610535091.0
b2b-47485,41400,530330292061,43200,-122.2261164070203,47.40948270574639,530330292061.0
b2b-47487,41400,530330292061,43200,-122.2261164070203,47.40948270574639,530330292061.0
b2b-47490,33600,530530715034,43200,-122.46392270816584,47.13197724177888,530530715034.0
b2b-47496,36000,530350918001,43200,-122.62400027831414,47.6110750541063,530350918001.0
b2b-47510,33600,530330292061,43200,-122.26053720365827,47.39772311327997,530330292061.0
b2b-47513,29400,530530732003,43200,-122.722177527917,47.06726163014591,410510073001.0
b2b-47528,1800,530330262001,43200,-122.24755562972652,47.44757492525695,530330262001.0
b2b-47545,22200,530330262001,43200,-122.2496540041916,47.44582113039136,530330262001.0
b2b-47585,30000,530330292061,43200,-122.25129926569966,47.40482209001074,530330292061.0
b2b-47600,20400,530330112001,43200,-122.32035707123552,47.520051632541886,530330112001.0
b2b-47606,18000,530330093003,43200,-122.322886866017,47.564164116643255,530330093003.0
b2b-47608,24000,530350918001,43200,-122.62744818437224,47.608075089217,530350918001.0
b2b-47612,34200,530530732004,43200,-122.722177527917,47.06726163014591,20012.0
b2b-47622,35400,530330112001,43200,-122.32174736286376,47.52004585831865,530330112001.0
b2b-47642,22800,530330112001,43200,-122.32174736286376,47.52004585831865,530330112001.0
b2b-47674,24000,530610533014,43200,-122.31610846863688,48.31193108584794,530579404003.0
b2b-47684,32400,530530732003,43200,-122.722177527917,47.06726163014591,410510045001.0
b2b-47696,40800,530530701001,43200,-122.722177527917,47.06726163014591,20095.0
b2b-47701,36000,530330099004,43200,-122.36202319032606,47.57057131767807,530330099004.0
b2b-47709,34800,530530732003,43200,-122.58014198329504,46.93344098049039,410510102001.0
b2b-47714,38400,530530732003,43200,-122.722177527917,47.06726163014591,410050203021.0
b2b-47716,24000,530610413042,43200,-122.24715468374436,47.925310776455525,530610413042.0
b2b-47717,24000,530610413042,43200,-122.24715468374436,47.925310776455525,530610413042.0
b2b-47721,43800,530350918001,43200,-122.62400027831414,47.6110750541063,530350918001.0
b2b-47725,24000,530330323193,43200,-122.15591194092669,47.75622295926279,530330323193.0
b2b-47733,39600,530330283003,43200,-122.25606178546752,47.438194021765895,530330283003.0
b2b-47749,25800,530330263002,43200,-122.29196754117818,47.50281703900647,530330263002.0
b2b-47762,38400,530530732003,43200,-122.722177527917,47.06726163014591,530110410052.0
b2b-47763,35400,530530732003,43200,-122.722177527917,47.06726163014591,410510102001.0
b2b-47765,34800,530530732003,43200,-122.722177527917,47.06726163014591,410510072021.0
b2b-47768,15600,530330262001,43200,-122.21725980351802,47.45464441357022,530330262001.0
b2b-47778,43200,530330292061,43200,-122.26053720365827,47.39772311327997,530330292061.0
b2b-47809,27600,530530730061,43200,-122.722177527917,47.06726163014591,410530202022.0
b2b-47810,27600,530530730061,43200,-122.722177527917,47.06726163014591,410530202022.0
b2b-47811,10200,530530732003,43200,-122.722177527917,47.06726163014591,410470102021.0
b2b-47813,24000,530530732003,43200,-122.722177527917,47.06726163014591,410470003003.0
b2b-47814,24000,530530732003,43200,-122.722177527917,47.06726163014591,410470003003.0
b2b-47836,33000,530610413042,43200,-122.24161762983748,47.92646789569307,530610413042.0
b2b-47842,31800,530530732003,43200,-122.722177527917,47.06726163014591,410510043001.0
b2b-47854,19200,530610537001,43200,-121.4007171060678,47.41209531237868,530659513003.0
b2b-47870,26400,530530701001,43200,-122.722177527917,47.06726163014591,20009.0
b2b-47871,26400,530530701001,43200,-122.722177527917,47.06726163014591,20009.0
b2b-47875,19800,530530701001,43200,-122.722177527917,47.06726163014591,20009.0
b2b-47887,21600,530530732003,43200,-122.722177527917,47.06726163014591,530150015025.0
b2b-47891,41400,530610537001,43200,-121.4007171060678,47.41209531237868,530630145003.0
b2b-47904,19200,530530732003,43200,-122.722177527917,47.06726163014591,410470025021.0
b2b-47923,7800,530350811002,43200,-122.65311638072524,47.56153088242329,530350811002.0
b2b-47937,25200,530530701001,43200,-122.58014198329504,46.93344098049039,20071.0
b2b-47962,33600,530610537001,43200,-121.4007171060678,47.41209531237868,20060.0
b2b-47974,45600,530530701001,43200,-122.722177527917,47.06726163014591,20009.0
b2b-47993,6600,530610537001,43200,-121.4007171060678,47.41209531237868,20086.0
b2b-48010,25800,530610537001,43200,-121.4007171060678,47.41209531237868,20086.0
b2b-48018,21600,530530729061,43200,-122.722177527917,47.06726163014591,530419708002.0
b2b-48024,39600,530610535091,43200,-122.14717269258814,48.17551092473751,530610535091.0
b2b-48036,39600,530610535091,43200,-122.14717269258814,48.17551092473751,530610535091.0
b2b-48043,31800,530530732004,43200,-122.722177527917,47.06726163014591,20012.0
b2b-48044,49200,530530726032,43200,-122.722177527917,47.06726163014591,530670110001.0
b2b-48050,49200,530530726032,43200,-122.722177527917,47.06726163014591,530670110001.0
b2b-48087,30000,530330093002,43200,-122.32844525291416,47.59434862014975,530330093002.0
b2b-48092,60000,530330072001,43200,-122.34756778390565,47.61933997974749,530330072001.0
b2b-48110,37200,530610535091,43200,-122.14717269258814,48.17551092473751,530610535091.0
b2b-48120,28200,530610533014,43200,-122.31610846863688,48.31193108584794,530730104015.0
b2b-48137,48000,530610533014,43200,-122.31610846863688,48.31193108584794,530730105011.0
b2b-48149,25800,530610534001,43200,-122.31610846863688,48.31193108584794,530730101005.0
b2b-48155,32400,530610533014,43200,-122.31610846863688,48.31193108584794,530730106002.0
b2b-48160,40800,530610533014,43200,-122.31610846863688,48.31193108584794,530730002002.0
b2b-48172,38400,530610534001,43200,-122.31610846863688,48.31193108584794,530730102002.0
b2b-48175,46200,530610533014,43200,-122.31610846863688,48.31193108584794,530730103021.0
b2b-48178,52800,530530732004,43200,-122.722177527917,47.06726163014591,20012.0
b2b-48184,25200,530530701001,43200,-122.722177527917,47.06726163014591,20118.0
b2b-48188,29400,530530732003,43200,-122.722177527917,47.06726163014591,530110412031.0
b2b-48196,29400,530530732003,43200,-122.722177527917,47.06726163014591,410510099073.0
b2b-48205,30000,530530732003,43200,-122.722177527917,47.06726163014591,410030010012.0
b2b-48206,30000,530530732003,43200,-122.722177527917,47.06726163014591,410030010012.0
b2b-48209,34800,530530732003,43200,-122.722177527917,47.06726163014591,410430202001.0
b2b-48224,24000,530530729061,43200,-122.722177527917,47.06726163014591,530670126101.0
b2b-48233,26400,530530732003,43200,-122.722177527917,47.06726163014591,410510072021.0
b2b-48238,24000,530610537001,43200,-121.4007171060678,47.41209531237868,530630122001.0
b2b-48259,21600,530330315021,43200,-122.722177527917,47.06726163014591,20117.0
b2c-2,34800,1491,43200,-122.16288280078892,47.726726399500414,1491.0
b2c-19,28200,2255,43200,-122.12589224593826,47.677401341366966,2255.0
b2c-48,46800,1106,43200,-122.33882770237548,47.66025766529029,1106.0
b2c-51,26400,1442,43200,-122.35899006381418,47.75565883965355,1442.0
b2c-53,30000,1499,43200,-122.14720279168544,47.73346513703267,1499.0
b2c-54,30000,1499,43200,-122.14720279168544,47.73346513703267,1499.0
b2c-58,49800,3711,43200,-122.20677257450056,48.0215288459708,3711.0
b2c-87,33600,1491,43200,-122.16288280078892,47.726726399500414,1491.0
b2c-112,30600,3854,43200,-122.37541782700848,48.29306628125695,3854.0
b2c-119,31800,3433,43200,-122.20836851986124,47.975552484072175,3433.0
b2c-122,29400,1530,43200,-122.21862319214802,47.72291964108047,1530.0
b2c-128,29400,1530,43200,-122.21862319214802,47.72291964108047,1530.0
b2c-182,34200,2264,43200,-122.0849059867751,47.6629084869519,2264.0
b2c-186,24420,1491,43200,-122.15881921041424,47.71413475367848,1491.0
b2c-187,25800,1045,43200,-122.4065885629087,47.675484358589536,1045.0
b2c-199,23940,3747,43200,-121.95889291429503,47.85775659144007,3747.0
b2c-204,49200,931,43200,-122.29107385481844,47.7321114429534,931.0
b2c-227,28800,1530,43200,-122.21862319214802,47.72291964108047,1530.0
b2c-240,32400,3760,43200,-122.04859175385891,47.90188327769642,3760.0
b2c-243,25200,1526,43200,-122.23784688243995,47.723259165129946,1526.0
b2c-261,24600,1580,43200,-122.13487505048352,47.64118937658631,1580.0
b2c-264,24600,1580,43200,-122.13487505048352,47.64118937658631,1580.0
b2c-268,23580,1174,43200,-122.34024945883137,47.637920907318886,1174.0
b2c-275,26100,1487,43200,-122.17684005112652,47.71974160216226,1487.0
b2c-288,27600,1106,43200,-122.33882770237548,47.66025766529029,1106.0
b2c-308,28200,2254,43200,-122.12492842851924,47.6712606919798,2254.0
b2c-320,25200,1442,43200,-122.35899006381418,47.75565883965355,1442.0
b2c-352,43800,1595,43200,-122.13873911347692,47.616966285475705,1595.0
b2c-354,26400,1266,43200,-122.32182817535254,47.59028498369845,1266.0
b2c-358,31800,1182,43200,-122.36862856470502,47.62951240845689,1182.0
b2c-360,31800,1182,43200,-122.36862856470502,47.62951240845689,1182.0
b2c-375,29400,2264,43200,-122.0849059867751,47.6629084869519,2264.0
b2c-403,31800,3854,43200,-122.37541782700848,48.29306628125695,3854.0
b2c-417,24000,2254,43200,-122.12492842851924,47.6712606919798,2254.0
b2c-424,27000,3793,43200,-122.1103776321822,48.129479106104895,3793.0
b2c-428,27000,3793,43200,-122.1103776321822,48.129479106104895,3793.0
b2c-437,45600,1075,43200,-122.28070155942858,47.669102636224224,1075.0
b2c-448,25800,1182,43200,-122.36862856470502,47.62951240845689,1182.0
b2c-450,25800,1182,43200,-122.36862856470502,47.62951240845689,1182.0
b2c-459,33600,1192,43200,-122.34402293032412,47.62176215639969,1192.0
b2c-464,27000,2315,43200,-122.04305289307165,47.68455214737312,2315.0
b2c-471,53400,1182,43200,-122.36862856470502,47.62951240845689,1182.0
b2c-479,30600,3809,43200,-122.15272065617845,48.13619551776976,3809.0
b2c-504,25380,3618,43200,-122.3134635019043,47.83436958435193,3618.0
b2c-507,24960,1226,43200,-122.34829694383605,47.6155546939511,1226.0
b2c-511,24000,1595,43200,-122.13873911347692,47.616966285475705,1595.0
b2c-545,31800,1442,43200,-122.35899006381418,47.75565883965355,1442.0
b2c-554,31200,1626,43200,-122.1566031234174,47.58835925683691,1626.0
b2c-564,25500,1491,43200,-122.16288280078892,47.726726399500414,1491.0
b2c-581,23820,2213,43200,-122.02793232375384,47.52852392794747,2213.0
b2c-589,23400,1791,43200,-122.34824398873894,47.5113066971383,1791.0
b2c-591,27000,1300,43200,-122.36191130568818,47.570501782896365,1300.0
b2c-610,31200,2271,43200,-122.07937317223283,47.64062396882332,2271.0
b2c-621,52800,3883,43200,-122.1859223615958,48.16565731534102,3883.0
b2c-622,52800,3883,43200,-122.1859223615958,48.16565731534102,3883.0
b2c-633,28200,1348,43200,-122.31711980000344,47.53860850735797,1348.0
b2c-642,23760,1791,43200,-122.35328799156588,47.50829873290952,1791.0
b2c-644,45000,1803,43200,-122.26922566138788,47.48664294965268,1803.0
b2c-656,49800,1812,43200,-122.3453283104507,47.48425349774679,1812.0
b2c-658,28200,1806,43200,-122.29367386282372,47.47290043128482,1806.0
b2c-682,30000,1847,43200,-122.26575376929286,47.44279051124539,1847.0
b2c-717,30000,2325,43200,-121.69830928949088,47.75927149236661,2325.0
b2c-726,25800,1729,43200,-122.16036035229054,47.48290337770919,1729.0
b2c-729,28800,1752,43200,-122.20885754831816,47.45651506043937,1752.0
b2c-739,28200,2174,43200,-122.1271486909642,47.460328090883934,2174.0
b2c-773,28200,1847,43200,-122.26575376929286,47.44279051124539,1847.0
b2c-783,24000,2145,43200,-122.14764511510568,47.37705648373822,2145.0
b2c-784,31200,1904,43200,-122.21364239509256,47.40683913249221,1904.0
b2c-788,25860,1813,43200,-122.33795520913476,47.48272737956439,1813.0
b2c-796,27600,1367,43200,-122.34273076230576,47.52708723359917,1367.0
b2c-797,25920,1106,43200,-122.33799684646075,47.66060631619519,1106.0
b2c-800,25860,1106,43200,-122.33799684646075,47.66060631619519,1106.0
b2c-805,48000,931,43200,-122.29107385481844,47.7321114429534,931.0
b2c-808,48000,931,43200,-122.29107385481844,47.7321114429534,931.0
b2c-827,25080,1219,43200,-122.2854011331359,47.61552346714808,1219.0
b2c-830,27000,3625,43200,-122.28719909646264,47.825347145919054,3625.0
b2c-845,27000,1580,43200,-122.13487505048352,47.64118937658631,1580.0
b2c-850,25380,1580,43200,-122.13487505048352,47.64118937658631,1580.0
b2c-857,30000,1491,43200,-122.15881921041424,47.71413475367848,1491.0
b2c-873,25320,1442,43200,-122.35772680891986,47.75369976720795,1442.0
b2c-877,25200,3515,43200,-122.2444079359233,47.87961501164814,3515.0
b2c-901,25200,1491,43200,-122.16288280078892,47.726726399500414,1491.0
b2c-920,30000,1182,43200,-122.36862856470502,47.62951240845689,1182.0
b2c-923,25200,3662,43200,-122.24783308088702,47.7848843249879,3662.0
b2c-936,26700,2315,43200,-122.04305289307165,47.68455214737312,2315.0
b2c-951,25860,931,43200,-122.29107385481844,47.7321114429534,931.0
b2c-974,36000,1174,43200,-122.34024945883137,47.637920907318886,1174.0
b2c-986,26400,1442,43200,-122.35899006381418,47.75565883965355,1442.0
b2c-1008,29400,1852,43200,-122.28559557416123,47.44469293999623,1852.0
b2c-1039,26520,1801,43200,-122.3036992321708,47.495478064141246,1801.0
b2c-1058,26400,1106,43200,-122.33882770237548,47.66025766529029,1106.0
b2c-1084,47400,1871,43200,-122.284900298658,47.428778346077216,1871.0
b2c-1093,47400,1871,43200,-122.284900298658,47.428778346077216,1871.0
b2c-1094,47400,1871,43200,-122.284900298658,47.428778346077216,1871.0
b2c-1108,28200,1106,43200,-122.3470781830526,47.66284012043353,1106.0
b2c-1110,28200,1106,43200,-122.3470781830526,47.66284012043353,1106.0
b2c-1120,31200,1778,43200,-122.320963066316,47.50929180201658,1778.0
b2c-1123,25800,1174,43200,-122.33920333902849,47.63721509869755,1174.0
b2c-1146,26400,1595,43200,-122.14030745396732,47.61559306291281,1595.0
b2c-1151,26400,1595,43200,-122.14030745396732,47.61559306291281,1595.0
b2c-1161,25800,1491,43200,-122.16381608354894,47.725935452595934,1491.0
b2c-1172,25800,1491,43200,-122.16381608354894,47.725935452595934,1491.0
b2c-1173,27000,1448,43200,-122.32479492964906,47.74176682477883,1448.0
b2c-1202,48600,1348,43200,-122.31711980000344,47.53860850735797,1348.0
b2c-1210,25500,2264,43200,-122.0849059867751,47.6629084869519,2264.0
b2c-1219,25200,2264,43200,-122.0849059867751,47.6629084869519,2264.0
b2c-1225,28800,1388,43200,-122.28814389164565,47.52741299134812,1388.0
b2c-1231,30600,1939,43200,-122.17370012044536,47.39655375471148,1939.0
b2c-1245,27000,1182,43200,-122.36862856470502,47.62951240845689,1182.0
b2c-1254,29400,3618,43200,-122.3134635019043,47.83436958435193,3618.0
b2c-1256,29400,3618,43200,-122.3134635019043,47.83436958435193,3618.0
b2c-1274,25680,1595,43200,-122.13873911347692,47.616966285475705,1595.0
b2c-1299,31200,1197,43200,-122.33788928871232,47.62250515310533,1197.0
b2c-1307,30600,1174,43200,-122.33920333902849,47.63721509869755,1174.0
b2c-1322,29400,1442,43200,-122.35899006381418,47.75565883965355,1442.0
b2c-1359,42600,1194,43200,-122.3460430105234,47.61693398470889,1194.0
b2c-1365,42600,1194,43200,-122.3460430105234,47.61693398470889,1194.0
b2c-1375,27600,1106,43200,-122.33882770237548,47.66025766529029,1106.0
b2c-1379,27600,1106,43200,-122.33882770237548,47.66025766529029,1106.0
b2c-1396,24600,1266,43200,-122.32182817535254,47.59028498369845,1266.0
b2c-1400,30600,1853,43200,-122.2881427202546,47.436512994032846,1853.0
b2c-1415,32400,2255,43200,-122.12589224593826,47.677401341366966,2255.0
b2c-1434,51600,1595,43200,-122.14030745396732,47.61559306291281,1595.0
b2c-1459,26700,1266,43200,-122.32050117187798,47.593970667115705,1266.0
b2c-1460,26340,1266,43200,-122.32050117187798,47.593970667115705,1266.0
b2c-1470,34800,2232,43200,-121.99757296182096,47.550172991833385,2232.0
b2c-1481,24180,1699,43200,-122.13406531129712,47.53819994897529,1699.0
b2c-1492,27600,2362,43200,-122.6188973314226,47.56860059379828,2362.0
b2c-1505,33600,1367,43200,-122.34273076230576,47.52708723359917,1367.0
b2c-1508,33600,1367,43200,-122.34273076230576,47.52708723359917,1367.0
b2c-1517,23520,1812,43200,-122.3453283104507,47.48425349774679,1812.0
b2c-1522,26100,1812,43200,-122.3453283104507,47.48425349774679,1812.0
b2c-1527,25500,1812,43200,-122.3453283104507,47.48425349774679,1812.0
b2c-1586,25980,1106,43200,-122.33882770237548,47.66025766529029,1106.0
b2c-1595,42600,1580,43200,-122.13487505048352,47.64118937658631,1580.0
b2c-1597,42600,1580,43200,-122.13487505048352,47.64118937658631,1580.0
b2c-1602,29400,1345,43200,-122.34117439291184,47.541377080538375,1345.0
b2c-1661,25200,1871,43200,-122.284900298658,47.428778346077216,1871.0
b2c-1667,25200,1871,43200,-122.284900298658,47.428778346077216,1871.0
b2c-1671,30600,2178,43200,-122.13063680443048,47.4399087853468,2178.0
b2c-1702,25200,2271,43200,-122.07937317223283,47.64062396882332,2271.0
b2c-1704,27600,1530,43200,-122.21862319214802,47.72291964108047,1530.0
b2c-1719,50400,1699,43200,-122.13406531129712,47.53819994897529,1699.0
b2c-1726,43800,2162,43200,-122.12760777662486,47.47362196435211,2162.0
b2c-1747,31800,1746,43200,-122.18555967749802,47.46394240008312,1746.0
b2c-1749,29400,1821,43200,-122.45672345399149,47.42894838795812,1821.0
b2c-1753,31800,1266,43200,-122.32182817535254,47.59028498369845,1266.0
b2c-1763,27600,1491,43200,-122.16288280078892,47.726726399500414,1491.0
b2c-1767,27600,1491,43200,-122.16288280078892,47.726726399500414,1491.0
b2c-1770,26700,1752,43200,-122.20885754831816,47.45651506043937,1752.0
b2c-1774,24840,1626,43200,-122.1550552675345,47.590869964832834,1626.0
b2c-1782,28200,1853,43200,-122.2881427202546,47.436512994032846,1853.0
b2c-1795,27600,1812,43200,-122.3453283104507,47.48425349774679,1812.0
b2c-1800,27600,1812,43200,-122.3453283104507,47.48425349774679,1812.0
b2c-1801,27600,1812,43200,-122.3453283104507,47.48425349774679,1812.0
b2c-1815,44400,1580,43200,-122.13487505048352,47.64118937658631,1580.0
b2c-1821,44400,1580,43200,-122.13487505048352,47.64118937658631,1580.0
b2c-1827,44400,1580,43200,-122.13487505048352,47.64118937658631,1580.0
b2c-1830,30600,1812,43200,-122.3453283104507,47.48425349774679,1812.0
b2c-1834,30600,1812,43200,-122.3453283104507,47.48425349774679,1812.0
b2c-1843,30600,1812,43200,-122.3453283104507,47.48425349774679,1812.0
b2c-1854,25140,1182,43200,-122.36862856470502,47.62951240845689,1182.0
b2c-1864,24960,1182,43200,-122.36862856470502,47.62951240845689,1182.0
b2c-1886,31200,1595,43200,-122.13873911347692,47.616966285475705,1595.0
b2c-1895,31200,1595,43200,-122.13873911347692,47.616966285475705,1595.0
b2c-1914,27600,1813,43200,-122.33795520913476,47.48272737956439,1813.0
b2c-1935,25800,1776,43200,-122.31031107461058,47.50263961446283,1776.0
b2c-1936,26400,1491,43200,-122.16381608354894,47.725935452595934,1491.0
b2c-1942,28200,1874,43200,-122.29481814558096,47.41617661430901,1874.0
b2c-1955,45000,1595,43200,-122.13873911347692,47.616966285475705,1595.0
b2c-1966,45000,1595,43200,-122.13873911347692,47.616966285475705,1595.0
b2c-1998,28200,1144,43200,-122.373734179045,47.63858926205001,1144.0
b2c-2002,46200,1969,43200,-122.23835422288047,47.35659803546415,1969.0
b2c-2005,25200,2206,43200,-122.03147703560144,47.372560971476,2206.0
b2c-2007,24300,2206,43200,-122.03147703560144,47.372560971476,2206.0
b2c-2013,24540,2206,43200,-122.03147703560144,47.372560971476,2206.0
b2c-2046,26820,1491,43200,-122.15977275597004,47.71255117455541,1491.0
b2c-2048,25740,1491,43200,-122.15977275597004,47.71255117455541,1491.0
b2c-2065,55200,1626,43200,-122.1566031234174,47.58835925683691,1626.0
b2c-2069,23640,2315,43200,-122.04305289307165,47.68455214737312,2315.0
b2c-2092,25800,1776,43200,-122.31031107461058,47.50263961446283,1776.0
b2c-2099,25200,2051,43200,-122.32012753385632,47.30301127106222,2051.0
b2c-2107,28200,1939,43200,-122.17370012044536,47.39655375471148,1939.0
b2c-2122,26040,1580,43200,-122.13487505048352,47.64118937658631,1580.0
b2c-2126,33000,2161,43200,-122.09506192454988,47.39070685926421,2161.0
b2c-2141,49800,1729,43200,-122.16036035229054,47.48290337770919,1729.0
b2c-2142,49800,1729,43200,-122.16036035229054,47.48290337770919,1729.0
b2c-2144,49800,1729,43200,-122.16036035229054,47.48290337770919,1729.0
b2c-2145,49800,1729,43200,-122.16036035229054,47.48290337770919,1729.0
b2c-2148,49800,1729,43200,-122.16036035229054,47.48290337770919,1729.0
b2c-2162,27000,2206,43200,-122.03147703560144,47.372560971476,2206.0
b2c-2195,27000,1729,43200,-122.16036035229054,47.48290337770919,1729.0
b2c-2209,25500,1491,43200,-122.16288280078892,47.726726399500414,1491.0
b2c-2221,26400,1595,43200,-122.13873911347692,47.616966285475705,1595.0
b2c-2225,26400,1595,43200,-122.13873911347692,47.616966285475705,1595.0
b2c-2226,26400,1595,43200,-122.13873911347692,47.616966285475705,1595.0
b2c-2233,25440,2206,43200,-122.03147703560144,47.372560971476,2206.0
b2c-2236,22140,2206,43200,-122.03147703560144,47.372560971476,2206.0
b2c-2238,24360,2206,43200,-122.03147703560144,47.372560971476,2206.0
b2c-2245,31800,1904,43200,-122.21364239509256,47.40683913249221,1904.0
b2c-2246,26280,1729,43200,-122.16036035229054,47.48290337770919,1729.0
b2c-2296,25620,2080,43200,-122.23150311195394,47.288425808829714,2080.0
b2c-2376,34800,2206,43200,-122.03147703560144,47.372560971476,2206.0
b2c-2383,25140,2080,43200,-122.23150311195394,47.288425808829714,2080.0
b2c-2398,30600,1941,43200,-122.20625275309612,47.389543499464914,1941.0
b2c-2401,30600,1941,43200,-122.20625275309612,47.389543499464914,1941.0
b2c-2405,26400,2105,43200,-122.12938377077728,47.28973418947849,2105.0
b2c-2418,28200,1752,43200,-122.20885754831816,47.45651506043937,1752.0
b2c-2441,29400,2347,43200,-121.77394416695056,47.69037335802889,2347.0
b2c-2448,29400,2125,43200,-121.91279621715393,47.38048395689011,2125.0
b2c-2460,22800,2142,43200,-122.05311487130628,47.32139264832609,2142.0
b2c-2480,34200,3281,43200,-122.34116759746664,47.24483711832976,3281.0
b2c-2488,24660,2147,43200,-122.15509700767844,47.36156380442327,2147.0
b2c-2516,45000,2125,43200,-121.91279621715393,47.38048395689011,2125.0
b2c-2537,27600,3291,43200,-122.3719514849644,47.20988245688846,3291.0
b2c-2544,25680,2953,43200,-122.1960139638704,47.23285309545821,2953.0
b2c-2552,30000,3161,43200,-122.61975092251558,47.23888409770223,3161.0
b2c-2556,26400,2125,43200,-121.91279621715393,47.38048395689011,2125.0
b2c-2565,24720,2889,43200,-122.42481967714276,47.20303257894216,2889.0
b2c-2580,25800,3291,43200,-122.3719514849644,47.20988245688846,3291.0
b2c-2584,30600,2889,43200,-122.42850817946936,47.202911623571005,2889.0
b2c-2616,32400,2142,43200,-122.05311487130628,47.32139264832609,2142.0
b2c-2640,49200,2080,43200,-122.23150311195394,47.288425808829714,2080.0
b2c-2652,23820,3760,43200,-122.04859175385891,47.90188327769642,3760.0
b2c-2656,34800,3711,43200,-122.20677257450056,48.0215288459708,3711.0
b2c-2659,34800,3711,43200,-122.20677257450056,48.0215288459708,3711.0
b2c-2666,25800,2125,43200,-121.93848822532432,47.38966752072865,2125.0
b2c-2680,30600,2931,43200,-122.1400384986234,47.23493001492415,2931.0
b2c-2685,30600,3007,43200,-122.34939445449778,47.12011822746182,3007.0
b2c-2695,28800,3003,43200,-122.35474618160406,47.15312020312847,3003.0
b2c-2704,27600,2980,43200,-122.27499465946023,47.155702856820426,2980.0
b2c-2708,31800,3075,43200,-122.4971809958084,47.17479448448281,3075.0
b2c-2735,30600,3105,43200,-122.55075435034313,47.14995374759264,3105.0
b2c-2737,25200,3105,43200,-122.55075435034313,47.14995374759264,3105.0
b2c-2738,25200,3105,43200,-122.55075435034313,47.14995374759264,3105.0
b2c-2788,33600,1975,43200,-122.25854696827383,47.377260522247845,1975.0
b2c-2799,26400,3164,43200,-122.62052619855956,47.35616465229868,3164.0
b2c-2804,26640,3164,43200,-122.62052619855956,47.35616465229868,3164.0
b2c-2809,26400,3164,43200,-122.62052619855956,47.35616465229868,3164.0
b2c-2812,26400,3164,43200,-122.62052619855956,47.35616465229868,3164.0
b2c-2815,27600,1300,43200,-122.34810852030328,47.585844937223165,1300.0
b2c-2852,28200,2050,43200,-122.31114702840894,47.29468105374397,2050.0
b2c-2868,34800,2050,43200,-122.30386467852956,47.30372239038565,2050.0
b2c-2889,30000,3184,43200,-122.68153175741764,47.0905537822001,3184.0
b2c-2897,26400,3094,43200,-122.55795588192576,47.18657034792523,3094.0
b2c-2904,27600,2206,43200,-122.03147703560144,47.372560971476,2206.0
b2c-2911,29400,1939,43200,-122.1748981311042,47.39852927959943,1939.0
b2c-2926,27600,1871,43200,-122.284900298658,47.428778346077216,1871.0
b2c-2929,27600,1871,43200,-122.284900298658,47.428778346077216,1871.0
b2c-2942,25200,2174,43200,-122.1271486909642,47.460328090883934,2174.0
b2c-2972,25200,3291,43200,-122.3719514849644,47.20988245688846,3291.0
b2c-2973,25200,3291,43200,-122.3719514849644,47.20988245688846,3291.0
b2c-2982,25800,1348,43200,-122.31711980000344,47.53860850735797,1348.0
b2c-3007,25200,2086,43200,-122.25464976339912,47.28409182239924,2086.0
b2c-3046,30600,3003,43200,-122.35474618160406,47.15312020312847,3003.0
b2c-3069,30600,3003,43200,-122.35474618160406,47.15312020312847,3003.0
b2c-3104,25800,3105,43200,-122.55075435034313,47.14995374759264,3105.0
b2c-3121,49800,2953,43200,-122.1960139638704,47.23285309545821,2953.0
b2c-3127,49200,2080,43200,-122.23150311195394,47.288425808829714,2080.0
b2c-3151,25800,1348,43200,-122.31711980000344,47.53860850735797,1348.0
b2c-3152,25440,3161,43200,-122.61975092251558,47.23888409770223,3161.0
b2c-3171,25920,2947,43200,-122.19639175102954,47.21968816183628,2947.0
b2c-3207,51000,2105,43200,-122.12938377077728,47.28973418947849,2105.0
b2c-3226,25800,1849,43200,-122.28442787573196,47.45334908235288,1849.0
b2c-3227,25980,3281,43200,-122.34116759746664,47.24483711832976,3281.0
b2c-3240,24600,1852,43200,-122.28559557416123,47.44469293999623,1852.0
b2c-3251,43200,1729,43200,-122.16036035229054,47.48290337770919,1729.0
b2c-3254,25500,2980,43200,-122.27499465946023,47.155702856820426,2980.0
b2c-3276,27000,2080,43200,-122.23150311195394,47.288425808829714,2080.0
b2c-3282,42600,1791,43200,-122.35328799156588,47.50829873290952,1791.0
b2c-3289,23460,2174,43200,-122.1271486909642,47.460328090883934,2174.0
b2c-3296,31800,1969,43200,-122.23835422288047,47.35659803546415,1969.0
b2c-3300,27600,2206,43200,-122.03147703560144,47.372560971476,2206.0
b2c-3307,43200,3164,43200,-122.62052619855956,47.35616465229868,3164.0
b2c-3313,30600,3268,43200,-122.30546556383456,47.202296951743925,3268.0
b2c-3331,28200,1298,43200,-122.3609682190539,47.568376793785504,1298.0
b2c-3349,30600,1871,43200,-122.284900298658,47.428778346077216,1871.0
b2c-3359,34200,2949,43200,-122.17626834277334,47.19530075712442,2949.0
b2c-3368,23400,1812,43200,-122.3453283104507,47.48425349774679,1812.0
b2c-3398,25500,3105,43200,-122.55075435034313,47.14995374759264,3105.0
b2c-3401,48600,1802,43200,-122.29023629164864,47.50058905948817,1802.0
b2c-3403,29400,1367,43200,-122.34273076230576,47.52708723359917,1367.0
b2c-3419,22800,1379,43200,-122.37409711078668,47.52341125089673,1379.0
b2c-3442,25080,3291,43200,-122.3719514849644,47.20988245688846,3291.0
b2c-3444,26400,2206,43200,-122.03147703560144,47.372560971476,2206.0
b2c-3509,23400,2232,43200,-121.99757296182096,47.550172991833385,2232.0
b2c-3519,22440,1174,43200,-122.34024945883137,47.637920907318886,1174.0
b2c-3536,30600,1106,43200,-122.33799684646075,47.66060631619519,1106.0
b2c-3543,22380,2212,43200,-122.05718645088292,47.54577316388991,2212.0
b2c-3587,24600,3178,43200,-122.77874040791056,47.33838420170779,3178.0
b2c-3595,29400,1144,43200,-122.373734179045,47.63858926205001,1144.0
b2c-3599,34800,1388,43200,-122.28814389164565,47.52741299134812,1388.0
b2c-3623,24000,1549,43200,-122.16467497914066,47.70491393723791,1549.0
b2c-3625,25800,1106,43200,-122.33882770237548,47.66025766529029,1106.0
b2c-3626,25800,1106,43200,-122.33882770237548,47.66025766529029,1106.0
b2c-3637,22800,1491,43200,-122.15977275597004,47.71255117455541,1491.0
b2c-3676,34800,1075,43200,-122.28070155942858,47.669102636224224,1075.0
b2c-3687,27600,1174,43200,-122.34024945883137,47.637920907318886,1174.0
b2c-3752,52800,1852,43200,-122.28559557416123,47.44469293999623,1852.0
b2c-3778,32400,1045,43200,-122.4065885629087,47.675484358589536,1045.0
b2c-3785,23760,1626,43200,-122.15579964384534,47.589420220867325,1626.0
b2c-3790,49200,3625,43200,-122.28391408093722,47.82381523114739,3625.0
b2c-3811,28200,1530,43200,-122.21862319214802,47.72291964108047,1530.0
b2c-3822,30600,1812,43200,-122.3453283104507,47.48425349774679,1812.0
b2c-3828,31200,1106,43200,-122.33882770237548,47.66025766529029,1106.0
b2c-3837,25800,934,43200,-122.29626584938234,47.72379676846765,934.0
b2c-3851,40800,1194,43200,-122.3460430105234,47.61693398470889,1194.0
b2c-3852,27600,2255,43200,-122.12589224593826,47.677401341366966,2255.0
b2c-3868,25200,2178,43200,-122.13063680443048,47.4399087853468,2178.0
b2c-3881,49200,1442,43200,-122.35899006381418,47.75565883965355,1442.0
b2c-3883,24600,2174,43200,-122.1271486909642,47.460328090883934,2174.0
b2c-3884,27000,1849,43200,-122.28442787573196,47.45334908235288,1849.0
b2c-3900,25800,3606,43200,-122.3284392312963,47.802762665152365,3606.0
b2c-3929,26400,1871,43200,-122.284900298658,47.428778346077216,1871.0
b2c-3930,24600,3161,43200,-122.61975092251558,47.23888409770223,3161.0
b2c-3933,49200,2086,43200,-122.25464976339912,47.28409182239924,2086.0
b2c-3944,27000,3291,43200,-122.3719514849644,47.20988245688846,3291.0
