tourId,departureTimeInSec,departureLocationZone,maxTourDurationInSec,departureLocationX,departureLocationY,mesoZone
b2b-56120,36600,530330292061,43200,-122.24446469392976,47.40086371261762,530330292061.0
b2b-3045,2400,530610519121,43200,-122.11507974826218,47.80070883394138,530610519121.0
b2b-21941,33000,530530732003,43200,-122.24070890083723,46.779553754471394,530110424001.0
b2b-44719,32400,530330238011,43200,-122.19512341649516,47.60985419833947,530330238011.0
b2b-12915,40800,530330049002,43200,-122.35272177681968,47.65236915509596,530330049002.0
b2b-48661,36000,530530729061,43200,-122.55058881309056,47.05402215230165,530670127203.0
b2b-57943,24600,530530713051,43200,-122.39256782175384,47.16122922058602,530530713051.0
b2b-6184,34200,530610531021,43200,-122.18921914405846,48.15037009988364,530610531021.0
b2b-972,35400,530530732003,43200,-122.24070890083723,46.779553754471394,530110406082.0
b2b-19131,13800,530330308011,43200,-122.23378618060566,47.27619572328873,530330308011.0
b2b-49211,43800,530530616021,43200,-122.43295660160148,47.23570247122457,530530616021.0
b2b-12630,22800,530530729061,43200,-122.55058881309056,47.05402215230165,530670108005.0
b2b-47590,45000,530530626001,43200,-122.48238892206057,47.22086668279009,530530626001.0
b2b-10840,25200,530330292061,43200,-122.2235835356382,47.41965485155595,530330292061.0
b2b-46541,25200,530330304011,43200,-122.28102759783717,47.313668921631454,530330304011.0
b2b-23654,34800,530530718071,43200,-122.4885730312002,47.17231846271745,530530718071.0
b2b-11004,27600,530530732003,43200,-122.24070890083723,46.779553754471394,410510073001.0
b2b-317,27000,530610408002,43200,-122.20740921411743,47.97867025191261,530610408002.0
b2b-17243,29400,530530732003,43200,-122.24070890083723,46.779553754471394,410050229011.0
b2b-19795,9000,530330327032,43200,-121.82272353096056,47.52604322530868,530330327032.0
b2b-12440,21000,530330262001,43200,-122.2471516099098,47.448032176849786,530330262001.0
b2b-24915,29400,530330292061,43200,-122.23347195032264,47.42222558680258,530330292061.0
b2b-22246,30000,530330093003,43200,-122.32342734266214,47.56402091064877,530330093003.0
b2b-13740,32400,530330046002,43200,-122.33217641462576,47.66991090729224,530330046002.0
b2b-42263,34200,530610538034,43200,-121.67339954864956,47.85237091820796,530610538034.0
b2b-34414,23400,530610537001,43200,-121.19835975276254,48.11551522486367,20034.0
b2b-54617,36000,530330320111,43200,-122.0228827412936,47.36910189719495,530330320111.0
b2b-23922,30600,530330305011,43200,-122.22992751854756,47.34359358883764,530330305011.0
b2b-43215,31800,530530732004,43200,-122.24497881306635,46.91507326147312,20014.0
b2b-23485,32400,530530726032,43200,-122.77381803555257,47.184454997543526,530670109104.0
b2b-884,31800,530610524014,43200,-122.10228964826,47.92912512045848,530610524014.0
b2b-10929,27600,530530732003,43200,-122.24070890083723,46.779553754471394,410430304022.0
b2b-32520,28200,530330099004,43200,-122.3525522092276,47.56898547069012,530330099004.0
b2b-55479,22800,530530732004,43200,-122.24497881306635,46.91507326147312,20012.0
b2b-25452,31800,530330093002,43200,-122.33239672143424,47.58809148769889,530330093002.0
b2b-7073,29400,530610533024,43200,-122.34074561477298,48.27571154986818,530579526003.0
b2b-57136,21600,530350811002,43200,-122.65365560350207,47.5622531720294,530350811002.0
b2b-51234,18000,530330305011,43200,-122.22992751854756,47.34359358883764,530330305011.0
b2b-60665,47400,530530701001,43200,-121.54325521381088,47.1154042142104,20118.0
b2b-21283,31800,530530730061,43200,-122.3464165120801,46.92550674265296,530150003001.0
b2b-11904,35400,530530729061,43200,-122.55058881309056,47.05402215230165,530670126101.0
b2b-38699,24000,530610537001,43200,-121.19835975276254,48.11551522486367,20034.0
b2b-57453,29400,530330315022,43200,-121.96238438352478,47.20024957101764,530330315022.0
b2b-16221,46200,530330263001,43200,-122.30052958320069,47.51661766781898,530330263001.0
b2b-52369,22800,530330305011,43200,-122.22992751854756,47.34359358883764,530330305011.0
b2b-56569,20400,530610533014,43200,-122.36753432018811,48.24860364633015,530730002002.0
b2b-41887,32400,530530732004,43200,-122.24497881306635,46.91507326147312,20013.0
b2b-22195,29400,530530732003,43200,-122.24070890083723,46.779553754471394,410510073001.0
b2b-50683,30600,530530728001,43200,-122.6498514398432,47.10126306338846,530670122222.0
b2b-19666,28800,530330047002,43200,-122.37067948127628,47.66615963609463,530330047002.0
b2b-12780,49800,530330066001,43200,-122.32724058826471,47.63019426814261,530330066001.0
b2b-35672,28800,530530718071,43200,-122.48907260111817,47.17391246519728,530530718071.0
b2b-41796,14400,530330328003,43200,-121.0994620763074,47.70432736556717,530019504002.0
b2b-17920,34200,530330033004,43200,-122.38697811934333,47.6769199465592,530330033004.0
b2b-40661,27000,530330292061,43200,-122.2459874160508,47.40622966331869,530330292061.0
b2b-6451,40800,530330099004,43200,-122.3525522092276,47.56898547069012,530330099004.0
b2b-28071,23400,530530718071,43200,-122.49341371862204,47.173202238566496,530530718071.0
b2b-46382,30000,530530732003,43200,-122.24070890083723,46.779553754471394,530110410052.0
b2b-24482,27600,530539400101,43200,-122.30653677963012,47.21171695998523,530539400101.0
b2b-38897,22800,530330292061,43200,-122.2475340562908,47.42943357672947,530330292061.0
b2b-41713,33600,530530728001,43200,-122.6498514398432,47.10126306338846,530670122213.0
b2b-49050,33000,530530726032,43200,-122.77381803555257,47.184454997543526,530670109101.0
b2b-20220,24000,530530726032,43200,-122.77381803555257,47.184454997543526,530670110001.0
b2b-45608,40200,530330032003,43200,-122.39343452189117,47.66760576356018,530330032003.0
b2b-29543,34800,530330237001,43200,-122.1698806056832,47.62581212961685,530330237001.0
b2b-7370,34200,530530701001,43200,-121.54325521381088,47.1154042142104,20095.0
b2b-29015,28800,530530732003,43200,-122.24070890083723,46.779553754471394,530110403023.0
b2b-33114,35400,530530732004,43200,-122.24497881306635,46.91507326147312,20012.0
b2b-61116,31800,530610534001,43200,-122.1788962996328,48.270180743276,530730102002.0
b2b-46892,38400,530610514005,43200,-122.30116153554891,47.8179072591566,530610514005.0
b2b-60391,26400,530610537001,43200,-121.19835975276254,48.11551522486367,20061.0
b2b-30887,41400,530330293052,43200,-122.19724469213678,47.41724973671112,530330293052.0
b2b-30313,46800,530539400022,43200,-122.35897274041128,47.25278630859665,530539400022.0
b2b-50434,28800,530330262001,43200,-122.24717181350287,47.44771333927209,530330262001.0
b2b-11349,43800,530610419032,43200,-122.26846670034529,47.91993930152732,530610419032.0
b2b-6930,45000,530610533014,43200,-122.36753432018811,48.24860364633015,530579521003.0
b2b-51935,39600,530539400101,43200,-122.30653677963012,47.21171695998523,530539400101.0
b2b-53021,22200,530530732004,43200,-122.24497881306635,46.91507326147312,20012.0
b2b-57840,35400,530330305011,43200,-122.22514817909456,47.34588590290883,530330305011.0
b2b-45687,37800,530330253012,43200,-122.2011114736376,47.51926391009713,530330253012.0
b2b-53101,33000,530610537001,43200,-121.19835975276254,48.11551522486367,20127.0
b2b-17512,34800,530330218033,43200,-122.20322758297308,47.7605970555543,530330218033.0
b2b-36126,38400,530610519121,43200,-122.14047986750576,47.78935600104972,530610519121.0
b2b-53333,45000,530330292061,43200,-122.22513682781825,47.431742240111376,530330292061.0
b2b-8708,34200,530330238011,43200,-122.18912103078463,47.6091380246081,530330238011.0
b2b-47370,41400,530530717041,43200,-122.4713758582036,47.162114316313975,530530717041.0
b2b-60942,27000,530530726032,43200,-122.77381803555257,47.184454997543526,530670110001.0
b2b-9954,35400,530610537001,43200,-121.19835975276254,48.11551522486367,20066.0
b2b-36697,27600,530530626001,43200,-122.48142674423129,47.22315676250872,530530626001.0
b2b-54729,39000,530530732003,43200,-122.24070890083723,46.779553754471394,410050215002.0
b2b-46527,34200,530330292061,43200,-122.22834520138616,47.42187038261192,530330292061.0
b2b-30797,34200,530330284024,43200,-122.32605107640192,47.44369649531482,530330284024.0
b2b-49300,29400,530530732003,43200,-122.24070890083723,46.779553754471394,410050210002.0
b2b-33771,39600,530530701001,43200,-121.54325521381088,47.1154042142104,20009.0
b2b-56224,18600,530330315022,43200,-121.9621803930871,47.20033465179281,530330315022.0
b2b-55859,9600,530530730061,43200,-122.3464165120801,46.92550674265296,410670329012.0
b2b-44550,24600,530610509003,43200,-122.34079715664308,47.77858204747406,530610509003.0
b2b-14986,36600,530330218021,43200,-122.18809767200028,47.77243398044491,530330218021.0
b2b-29825,31200,530330109001,43200,-122.31615434494384,47.5337116992969,530330109001.0
b2b-7807,25800,530610533023,43200,-122.32300048530058,48.28861516761415,530579516003.0
b2b-53560,37200,530610535091,43200,-122.15577642818684,48.15652609289869,530610535091.0
b2b-18487,14400,530330262001,43200,-122.21687413762376,47.44960652627248,530330262001.0
b2b-47661,9600,530530733013,43200,-122.23083304849064,47.22194523187283,530530733013.0
b2b-54762,26400,530330303132,43200,-122.30590062664312,47.29634204750628,530330303132.0
b2b-21561,34200,530610533014,43200,-122.36753432018811,48.24860364633015,530579519002.0
b2b-58490,40800,530530715034,43200,-122.46671446578436,47.14991896611966,530530715034.0
b2b-16145,34800,530330109001,43200,-122.30471374153352,47.53323210364925,530330109001.0
b2b-11807,30000,530530701001,43200,-121.54325521381088,47.1154042142104,20095.0
b2b-42076,23400,530530701001,43200,-121.54325521381088,47.1154042142104,20118.0
b2b-3588,25800,530610413042,43200,-122.24520847642002,47.92654436050197,530610413042.0
b2b-25701,34800,530330292061,43200,-122.24472160310586,47.43301366786744,530330292061.0
b2b-29524,42600,530610533014,43200,-122.36753432018811,48.24860364633015,530730002002.0
b2b-28681,21000,530530732003,43200,-122.24070890083723,46.779553754471394,410470025021.0
b2b-47855,33000,530530626001,43200,-122.45055140915566,47.23431899930199,530530626001.0
b2b-21826,47400,530530732003,43200,-122.24070890083723,46.779553754471394,410510072021.0
b2b-12606,27000,530330218021,43200,-122.18411232021498,47.77651939619263,530330218021.0
b2b-52590,25800,530330292061,43200,-122.22834520138616,47.42187038261192,530330292061.0
b2b-30113,25200,530539400022,43200,-122.39688590845752,47.24395008519793,530539400022.0
b2b-9936,35400,530610537001,43200,-121.19835975276254,48.11551522486367,20066.0
b2b-54230,45000,530530732004,43200,-122.24497881306635,46.91507326147312,20014.0
b2b-13607,28200,530330277015,43200,-122.464060417817,47.43416720518161,530330277015.0
b2b-25508,25200,530610413042,43200,-122.25255143142964,47.9246191361956,530610413042.0
b2b-23054,30600,530530703133,43200,-122.19080910682456,47.198029089038144,530530703133.0
b2b-33057,10800,530530732004,43200,-122.24497881306635,46.91507326147312,20012.0
b2b-50799,30000,530530729061,43200,-122.55058881309056,47.05402215230165,530419710003.0
b2b-56853,21000,530530732003,43200,-122.24070890083723,46.779553754471394,530110413171.0
b2b-52456,36000,530330292061,43200,-122.22834520138616,47.42187038261192,530330292061.0
b2b-55173,42000,530330320111,43200,-122.02526422994526,47.368468563369326,530330320111.0
b2b-12505,35400,530330323133,43200,-122.0834278878703,47.67577485264337,530330323133.0
b2b-29783,44400,530330093003,43200,-122.33781074015684,47.57150093310607,530330093003.0
b2b-16827,23400,530330228033,43200,-122.1249824309002,47.64467116789906,530330228033.0
b2b-35291,29400,530610534001,43200,-122.1788962996328,48.270180743276,530730102002.0
b2b-579,18600,530610537001,43200,-121.19835975276254,48.11551522486367,530630116001.0
b2b-3378,33000,530530732003,43200,-122.24070890083723,46.779553754471394,410050221081.0
b2b-20217,24000,530530726032,43200,-122.77381803555257,47.184454997543526,530670110001.0
b2b-60651,31200,530330284024,43200,-122.32205675998875,47.44153151233887,530330284024.0
b2b-18439,30600,530330105005,43200,-122.38830386022074,47.56118978395354,530330105005.0
b2b-9660,16800,530530701001,43200,-121.54325521381088,47.1154042142104,20009.0
b2b-33487,35400,530530732004,43200,-122.24497881306635,46.91507326147312,20012.0
b2b-48009,30000,530610537001,43200,-121.19835975276254,48.11551522486367,530630117011.0
b2b-30904,42600,530350802002,43200,-122.62766075500537,47.60274785934408,530350802002.0
b2b-40027,23400,530530732004,43200,-122.24497881306635,46.91507326147312,20012.0
b2b-48512,35400,530530726021,43200,-122.72521338447328,47.353416754645046,530530726021.0
b2b-26351,31800,530330292061,43200,-122.2235835356382,47.41965485155595,530330292061.0
b2b-31401,37800,530330315021,43200,-121.35038596453016,47.15689119363349,20033.0
b2b-60520,27600,530610413042,43200,-122.26274299746264,47.938864443246594,530610413042.0
b2b-31124,27000,530530732004,43200,-122.24497881306635,46.91507326147312,20012.0
b2b-58593,37800,530330288013,43200,-122.29978682083382,47.41404252517009,530330288013.0
b2b-35009,25800,530330283003,43200,-122.25198503629612,47.42872998511336,530330283003.0
b2b-41203,22200,530610537001,43200,-121.19835975276254,48.11551522486367,530630112014.0
b2b-2412,3600,530530729061,43200,-122.55058881309056,47.05402215230165,530419715003.0
b2b-9469,34200,530530728001,43200,-122.6498514398432,47.10126306338846,530670122222.0
b2b-7103,34800,530610533024,43200,-122.34074561477298,48.27571154986818,530579518002.0
b2b-30467,17400,530330314004,43200,-121.99779172024172,47.20697561366894,530330314004.0
b2b-13890,30000,530330218021,43200,-122.18474513918032,47.77203185836266,530330218021.0
b2b-60418,41400,530610533014,43200,-122.36753432018811,48.24860364633015,530730001003.0
b2b-39873,31200,530530732003,43200,-122.24070890083723,46.779553754471394,410510072021.0
b2b-14020,28200,530330323133,43200,-122.0953085966017,47.67324070348591,530330323133.0
b2b-58319,42000,530330292061,43200,-122.24032850745012,47.4188307692889,530330292061.0
b2b-14884,34200,530530729061,43200,-122.55058881309056,47.05402215230165,530670125302.0
b2b-17881,45000,530330322101,43200,-121.94010898862028,47.53095543439296,530330322101.0
b2b-44870,33600,530610537001,43200,-121.19835975276254,48.11551522486367,20046.0
b2b-43203,24000,530610533014,43200,-122.36753432018811,48.24860364633015,530730104042.0
b2b-29554,22800,530330292061,43200,-122.2459874160508,47.40622966331869,530330292061.0
b2b-41440,32400,530330315021,43200,-121.35038596453016,47.15689119363349,530770014001.0
b2b-8485,22200,530330093003,43200,-122.32342734266214,47.56402091064877,530330093003.0
b2b-58909,20400,530330292061,43200,-122.24709254272682,47.40461829464841,530330292061.0
b2b-25489,28200,530330284024,43200,-122.32605107640192,47.44369649531482,530330284024.0
b2b-36690,21600,530330093002,43200,-122.33962914107708,47.59056118743874,530330093002.0
b2b-36497,31200,530330292061,43200,-122.23347195032264,47.42222558680258,530330292061.0
b2b-29395,25200,530530732003,43200,-122.24070890083723,46.779553754471394,410510099073.0
b2b-12989,39600,530330305011,43200,-122.23365186191168,47.31231621291003,530330305011.0
b2b-14184,28200,530330323133,43200,-122.0953085966017,47.67324070348591,530330323133.0
b2b-11274,30600,530330292061,43200,-122.26172450913342,47.39944206804464,530330292061.0
b2b-30730,24600,530610537001,43200,-121.19835975276254,48.11551522486367,20061.0
b2b-25661,13800,530610419032,43200,-122.26846670034529,47.91993930152732,530610419032.0
b2b-18533,39600,530330238011,43200,-122.1951377118433,47.61053486921202,530330238011.0
b2b-28443,34200,530539400101,43200,-122.31648048532443,47.21474337338707,530539400101.0
b2b-33710,28200,530530732004,43200,-122.24497881306635,46.91507326147312,20012.0
b2b-32409,34200,530530732003,43200,-122.24070890083723,46.779553754471394,410510024023.0
b2b-15631,27000,530330323133,43200,-122.08334866966914,47.67560453535347,530330323133.0
b2b-9607,24000,530330292061,43200,-122.23347195032264,47.42222558680258,530330292061.0
b2b-54334,29400,530330292061,43200,-122.24469821499332,47.4277624117426,530330292061.0
b2b-29483,26400,530530732003,43200,-122.24070890083723,46.779553754471394,410050203021.0
b2b-3744,32400,530330292061,43200,-122.2459874160508,47.40622966331869,530330292061.0
b2b-38533,31200,530610537001,43200,-121.19835975276254,48.11551522486367,20091.0
b2b-47711,23400,530530732003,43200,-122.24070890083723,46.779553754471394,410670319121.0
b2b-57161,43800,530539400101,43200,-122.33354651336224,47.21912577488827,530539400101.0
b2b-17806,29400,530330226051,43200,-122.15905159807288,47.71145928298779,530330226051.0
b2b-49952,30000,530530715034,43200,-122.4662795475577,47.150097351836095,530530715034.0
b2b-54197,34200,530330292061,43200,-122.23621008586612,47.40667844907961,530330292061.0
b2b-46709,35400,530539400022,43200,-122.39688590845752,47.24395008519793,530539400022.0
b2b-50636,30600,530530728001,43200,-122.6498514398432,47.10126306338846,530670122222.0
b2b-50920,30000,530530703132,43200,-122.22391530820204,47.22939755919422,530530703132.0
b2b-49510,29400,530539400101,43200,-122.29813812585698,47.20403630192054,530539400101.0
b2b-44285,14400,530330308011,43200,-122.250737607828,47.29448590131384,530330308011.0
b2b-37491,40800,530530732003,43200,-122.24070890083723,46.779553754471394,410430306003.0
b2b-10314,33600,530530732004,43200,-122.24497881306635,46.91507326147312,20012.0
b2b-6742,23400,530610413042,43200,-122.25255143142964,47.9246191361956,530610413042.0
b2b-20922,25200,530330228031,43200,-122.14135858381933,47.65171881348614,530330228031.0
b2b-19192,13800,530330112001,43200,-122.33215064349903,47.53154045052393,530330112001.0
b2b-47995,38400,530530732003,43200,-122.24070890083723,46.779553754471394,410510106001.0
b2b-25767,45600,530330292061,43200,-122.24607585604808,47.4029295646408,530330292061.0
b2b-2882,30600,530610535091,43200,-122.14806955460804,48.17086268059573,530610535091.0
b2b-26785,30000,530610537001,43200,-121.19835975276254,48.11551522486367,530630141002.0
b2b-43710,30000,530610537001,43200,-121.19835975276254,48.11551522486367,20081.0
b2b-27162,23400,530530718071,43200,-122.48907260111817,47.17391246519728,530530718071.0
b2b-3674,32400,530610537002,43200,-121.74314200097383,48.28063880222151,530610537002.0
b2b-12182,15000,530330075004,43200,-122.31568372053164,47.614253317423554,530330075004.0
b2b-29230,32400,530530732003,43200,-122.24070890083723,46.779553754471394,410510072021.0
b2b-46038,34200,530330292061,43200,-122.2399524047634,47.42065299126694,530330292061.0
b2b-17430,37800,530330093003,43200,-122.32757578248253,47.58518505158895,530330093003.0
b2b-46957,18600,530330303132,43200,-122.30590062664312,47.29634204750628,530330303132.0
b2b-24414,38400,530330300034,43200,-122.31537682732626,47.372448076062376,530330300034.0
b2b-45334,32400,530330315021,43200,-121.35038596453016,47.15689119363349,530770001002.0
b2b-32229,15600,530530732004,43200,-122.24497881306635,46.91507326147312,20010.0
b2b-22735,6000,530530729061,43200,-122.55058881309056,47.05402215230165,530419714002.0
b2b-6166,37200,530330099004,43200,-122.3525522092276,47.56898547069012,530330099004.0
b2b-41856,20400,530530732004,43200,-122.24497881306635,46.91507326147312,20012.0
b2b-55203,31200,530610537001,43200,-121.19835975276254,48.11551522486367,20104.0
b2b-24833,42600,530330305011,43200,-122.2297357840513,47.34601224814244,530330305011.0
b2b-35042,40800,530330093002,43200,-122.33239672143424,47.58809148769889,530330093002.0
b2b-337,30000,530610408002,43200,-122.20740921411743,47.97867025191261,530610408002.0
b2b-15697,34200,530330226051,43200,-122.1570035391215,47.70910659149974,530330226051.0
b2b-60087,47400,530330292061,43200,-122.2459874160508,47.40622966331869,530330292061.0
b2b-44599,27600,530330292061,43200,-122.24709254272682,47.40461829464841,530330292061.0
b2b-51426,31800,530330305011,43200,-122.2297357840513,47.34601224814244,530330305011.0
b2b-2043,37800,530610519252,43200,-122.19616675532446,47.79405373656798,530610519252.0
b2b-4469,45600,530330284024,43200,-122.29771243052475,47.44348659314748,530330284024.0
b2b-48962,32400,530530733013,43200,-122.23839477787044,47.227364992731154,530530733013.0
b2b-22884,4200,530330314004,43200,-121.99779172024172,47.20697561366894,530330314004.0
b2b-12390,32400,530330093003,43200,-122.34339365383669,47.57018742110356,530330093003.0
b2b-49537,600,530330297004,43200,-122.22813995302148,47.36466111270787,530330297004.0
b2b-35804,44400,530330320111,43200,-122.0228827412936,47.36910189719495,530330320111.0
b2b-43876,37200,530530732003,43200,-122.24070890083723,46.779553754471394,410510007023.0
b2b-37985,31200,530530732003,43200,-122.24070890083723,46.779553754471394,410510072021.0
b2b-46083,35400,530350918001,43200,-122.6261298007038,47.61732759994196,530350918001.0
b2b-2210,29400,530530732003,43200,-122.24070890083723,46.779553754471394,530110430001.0
b2b-54813,28200,530330262001,43200,-122.24710010473818,47.452915709814256,530330262001.0
b2b-24177,49200,530610413042,43200,-122.24520847642002,47.92654436050197,530610413042.0
b2b-24569,41400,530330284024,43200,-122.29258998292704,47.458908818853615,530330284024.0
b2b-39623,25200,530610537001,43200,-121.19835975276254,48.11551522486367,530630114003.0
b2b-9817,30000,530530701001,43200,-121.54325521381088,47.1154042142104,20071.0
b2b-9504,29400,530330315021,43200,-121.35038596453016,47.15689119363349,530770017021.0
b2b-60604,36600,530610413042,43200,-122.24520847642002,47.92654436050197,530610413042.0
b2b-30992,21600,530610534001,43200,-122.1788962996328,48.270180743276,530730101005.0
b2b-28224,33600,530530732003,43200,-122.24070890083723,46.779553754471394,410430306003.0
b2b-27185,39000,530330292061,43200,-122.24630253743486,47.38821598815996,530330292061.0
b2b-53218,40800,530330093003,43200,-122.34231103586774,47.56814278686263,530330093003.0
b2b-21234,34800,530530732003,43200,-122.24070890083723,46.779553754471394,410050210002.0
b2b-4575,30000,530530701001,43200,-121.54325521381088,47.1154042142104,20095.0
b2b-14669,24000,530530726023,43200,-122.81869875074756,47.26529584078148,530459611003.0
b2b-13172,18600,530330058014,43200,-122.37708242127223,47.65163243005478,530330058014.0
b2b-26024,30000,530530726032,43200,-122.77381803555257,47.184454997543526,530670110001.0
b2b-56794,21000,530350811002,43200,-122.65218698098872,47.565734396511935,530350811002.0
b2b-56714,15000,530610533014,43200,-122.36753432018811,48.24860364633015,530730001003.0
b2b-12598,27000,530330218021,43200,-122.18411232021498,47.77651939619263,530330218021.0
b2b-24555,15000,530330071001,43200,-122.3607157802324,47.62277408295152,530330071001.0
b2b-36471,34200,530330315021,43200,-121.35038596453016,47.15689119363349,530210201003.0
b2b-35152,34800,530330265002,43200,-122.3431011623761,47.51325975581829,530330265002.0
b2b-16138,17400,530330109001,43200,-122.30471374153352,47.53323210364925,530330109001.0
b2b-40315,19800,530530732003,43200,-122.24070890083723,46.779553754471394,410510073001.0
b2b-36434,40200,530330262001,43200,-122.22938315222208,47.47333433730456,530330262001.0
b2b-53465,40800,530539400101,43200,-122.33247199447833,47.22236163192498,530539400101.0
b2b-310,27000,530610408002,43200,-122.20740921411743,47.97867025191261,530610408002.0
b2b-44883,23400,530610537001,43200,-121.19835975276254,48.11551522486367,20069.0
b2b-2989,39600,530610537002,43200,-121.72198973783551,48.27982564981998,530610537002.0
b2b-11909,30600,530610533014,43200,-122.36753432018811,48.24860364633015,530730001003.0
b2b-4447,32400,530610521083,43200,-122.10810165997442,47.81450505250156,530610521083.0
b2b-44526,27000,530330296013,43200,-122.16670085209188,47.35671657477904,530330296013.0
b2b-26292,39600,530330292061,43200,-122.22662093183628,47.42704538062167,530330292061.0
b2b-32524,36000,530530728001,43200,-122.6498514398432,47.10126306338846,530670122222.0
b2b-23471,34200,530530729061,43200,-122.55058881309056,47.05402215230165,530419703001.0
b2b-14182,28200,530330323133,43200,-122.0953085966017,47.67324070348591,530330323133.0
b2b-25061,30600,530330292061,43200,-122.24469821499332,47.4277624117426,530330292061.0
b2b-40292,30600,530330328003,43200,-121.0994620763074,47.70432736556717,530079611003.0
b2b-19644,35400,530330323132,43200,-122.08187738179728,47.68520841231727,530330323132.0
b2b-43294,33600,530330093003,43200,-122.34127631999893,47.55945076819416,530330093003.0
b2b-33108,26400,530530732004,43200,-122.24497881306635,46.91507326147312,20012.0
b2b-15455,36600,530330093002,43200,-122.32639970602456,47.59405367795679,530330093002.0
b2b-26245,40800,530330109001,43200,-122.31615434494384,47.5337116992969,530330109001.0
b2b-37995,19800,530610533021,43200,-122.23890985949284,48.26560079125508,530730102001.0
b2b-37207,33000,530610533014,43200,-122.36753432018811,48.24860364633015,530579519002.0
b2b-17224,20400,530330109002,43200,-122.32247218785824,47.54704195339411,530330109002.0
b2b-21744,28200,530610509003,43200,-122.34371351031962,47.78197480697623,530610509003.0
b2b-38324,23400,530330292061,43200,-122.22513682781825,47.431742240111376,530330292061.0
b2b-58883,33600,530530720002,43200,-122.53011056282544,47.12117414458373,530530720002.0
b2b-34690,24600,530530701001,43200,-121.54325521381088,47.1154042142104,20009.0
b2b-39632,25200,530610537001,43200,-121.19835975276254,48.11551522486367,530630114003.0
b2b-35322,24600,530610533014,43200,-122.36753432018811,48.24860364633015,530579519002.0
b2b-9400,30600,530610533023,43200,-122.32300048530058,48.28861516761415,530579516003.0
b2b-51175,23400,530539400022,43200,-122.35897274041128,47.25278630859665,530539400022.0
b2b-48656,36000,530530729061,43200,-122.55058881309056,47.05402215230165,530670127203.0
b2b-25456,28200,530330263002,43200,-122.28554096203116,47.505380453279805,530330263002.0
b2b-1216,42000,530610413042,43200,-122.26180860447312,47.94186878038767,530610413042.0
b2b-868,28800,530610528032,43200,-122.17135826892655,48.11870455629089,530610528032.0
b2b-10186,34200,530610537001,43200,-121.19835975276254,48.11551522486367,20067.0
b2b-35182,34800,530610419032,43200,-122.26843387762376,47.91726990385733,530610419032.0
b2b-17490,47400,530330226051,43200,-122.15252112228042,47.69658452418396,530330226051.0
b2b-48652,36000,530530729061,43200,-122.55058881309056,47.05402215230165,530670127203.0
b2b-22760,42000,530330303132,43200,-122.32580016693132,47.30057039165372,530330303132.0
b2b-20934,31800,530330292061,43200,-122.253143417286,47.4110878366598,530330292061.0
b2b-2736,34800,530610521042,43200,-122.18503836345148,48.03439181428671,530610521042.0
b2b-48747,33000,530530732003,43200,-122.24070890083723,46.779553754471394,530110430001.0
b2b-17193,27600,530330322103,43200,-122.0148982206042,47.54409673016613,530330322103.0
b2b-39953,25200,530530732003,43200,-122.24070890083723,46.779553754471394,410510102001.0
b2b-38285,22200,530610533024,43200,-122.34074561477298,48.27571154986818,530579526003.0
b2b-35755,31200,530530726032,43200,-122.77381803555257,47.184454997543526,530670110001.0
b2b-13274,24000,530530729061,43200,-122.55058881309056,47.05402215230165,530419708004.0
b2b-57869,10800,530330284024,43200,-122.29771243052475,47.44348659314748,530330284024.0
b2b-45989,37800,530330256011,43200,-122.16278982777274,47.48823839711569,530330256011.0
b2b-24765,21000,530330284024,43200,-122.29828123802866,47.44416305383533,530330284024.0
b2b-14287,31800,530330292061,43200,-122.2224957570822,47.40693554525531,530330292061.0
b2b-2753,45000,530610519281,43200,-122.25420116282974,47.84690794011895,530610519281.0
b2b-10817,27600,530530732004,43200,-122.24497881306635,46.91507326147312,20012.0
b2b-52759,26400,530330292061,43200,-122.22662093183628,47.42704538062167,530330292061.0
b2b-1092,43800,530610413042,43200,-122.24305859196036,47.92757066917426,530610413042.0
b2b-32307,33000,530530732004,43200,-122.24497881306635,46.91507326147312,20010.0
b2b-60304,24000,530530732003,43200,-122.24070890083723,46.779553754471394,410510072021.0
b2b-43056,27000,530539400101,43200,-122.29134378128698,47.21053068660679,530539400101.0
b2b-2362,46200,530530726032,43200,-122.77381803555257,47.184454997543526,530670110001.0
b2b-12317,33000,530330093002,43200,-122.33219691994589,47.58728621425036,530330093002.0
b2b-1772,31200,530610504021,43200,-122.33536831703472,47.80100904384457,530610504021.0
b2b-10567,32400,530350811002,43200,-122.65365560350207,47.5622531720294,530350811002.0
b2b-51354,12000,530539400101,43200,-122.30406529956942,47.20611695562632,530539400101.0
b2b-6912,46200,530539400101,43200,-122.31648048532443,47.21474337338707,530539400101.0
b2b-14825,25800,530330292061,43200,-122.22628232631622,47.430527639595866,530330292061.0
b2b-48036,23400,530530731101,43200,-122.24244132804698,47.133934817562505,530530731101.0
b2b-3407,51000,530530732003,43200,-122.24070890083723,46.779553754471394,410510073001.0
b2b-16776,23400,530330228033,43200,-122.1249824309002,47.64467116789906,530330228033.0
b2b-51741,34800,530330264005,43200,-122.32796798630088,47.51839430843621,530330264005.0
b2b-10918,25200,530530732004,43200,-122.24497881306635,46.91507326147312,20010.0
b2b-13509,30600,530330326021,43200,-121.87323521310292,47.52706292104752,530330326021.0
b2b-23003,30000,530530626002,43200,-122.47752133911852,47.22659197877026,530530626002.0
b2b-27257,35400,530330292061,43200,-122.25322050856488,47.41586647958096,530330292061.0
b2b-25983,22200,530330292061,43200,-122.22834520138616,47.42187038261192,530330292061.0
b2b-57801,36000,530330262001,43200,-122.23077244350569,47.46704940279001,530330262001.0
b2b-18425,4800,530330080021,43200,-122.34345174503784,47.6121277783124,530330080021.0
b2b-45718,31800,530610413042,43200,-122.27707691241686,47.941867642502736,530610413042.0
b2b-47321,27000,530530732003,43200,-122.24070890083723,46.779553754471394,530110406082.0
b2b-37897,19800,530610533014,43200,-122.36753432018811,48.24860364633015,530730004003.0
b2b-37409,31200,530530732004,43200,-122.24497881306635,46.91507326147312,20010.0
b2b-45076,9000,530610419011,43200,-122.27633236605244,47.913868351556296,530610419011.0
b2b-12234,40200,530330054002,43200,-122.33232065314422,47.64968037041061,530330054002.0
b2b-45262,24600,530530701001,43200,-121.54325521381088,47.1154042142104,20071.0
b2b-2396,30000,530530729061,43200,-122.55058881309056,47.05402215230165,530419711001.0
b2b-33204,34200,530530732004,43200,-122.24497881306635,46.91507326147312,20012.0
b2b-14396,28800,530330308011,43200,-122.237371961556,47.28528361092845,530330308011.0
b2b-18730,25800,530330071001,43200,-122.36312762541658,47.6231487900221,530330071001.0
b2b-16469,25200,530330099004,43200,-122.3697495034238,47.57225892090391,530330099004.0
b2b-60003,46200,530530626001,43200,-122.48142674423129,47.22315676250872,530530626001.0
b2b-42245,22800,530330292061,43200,-122.2446052666474,47.39664040457194,530330292061.0
b2b-15490,33000,530530726032,43200,-122.77381803555257,47.184454997543526,530670101001.0
b2b-15394,34200,530330072001,43200,-122.33853376850658,47.61618256721919,530330072001.0
b2b-51369,28800,530330292061,43200,-122.24472160310586,47.43301366786744,530330292061.0
b2b-23327,26400,530330262001,43200,-122.24710010473818,47.452915709814256,530330262001.0
b2b-12243,40200,530330054002,43200,-122.33232065314422,47.64968037041061,530330054002.0
b2b-661,40800,530610408002,43200,-122.2148462170804,47.98078363030425,530610408002.0
b2b-59318,36000,530350905013,43200,-122.64414128295374,47.73342913201256,530350905013.0
b2b-55609,35400,530530732004,43200,-122.24497881306635,46.91507326147312,20014.0
b2b-32702,28800,530530732003,43200,-122.24070890083723,46.779553754471394,410050221081.0
b2b-15841,35400,530530732003,43200,-122.24070890083723,46.779553754471394,410510011021.0
b2b-25971,34200,530610413042,43200,-122.27707691241686,47.941867642502736,530610413042.0
b2b-22006,23400,530530732003,43200,-122.24070890083723,46.779553754471394,530110403023.0
b2b-7367,29400,530530701001,43200,-121.54325521381088,47.1154042142104,20095.0
b2b-41534,35400,530530732003,43200,-122.24070890083723,46.779553754471394,410510072021.0
b2b-8618,56400,530330262001,43200,-122.25275710096406,47.44811819081014,530330262001.0
b2b-52660,43800,530530732004,43200,-122.24497881306635,46.91507326147312,530399503007.0
b2b-36531,22800,530610537001,43200,-121.19835975276254,48.11551522486367,530630136002.0
b2b-40976,38400,530330262001,43200,-122.23072180399215,47.45183553984052,530330262001.0
b2b-35912,40200,530539400022,43200,-122.35897274041128,47.25278630859665,530539400022.0
b2b-56135,26400,530539400101,43200,-122.29183711338372,47.21180159423248,530539400101.0
b2b-14711,26400,530330319041,43200,-122.04760889577769,47.46207080071349,530330319041.0
b2b-25084,15600,530330323193,43200,-122.1581093804582,47.75939019084427,530330323193.0
b2b-47774,31800,530530717041,43200,-122.47287497076718,47.1693020863381,530530717041.0
b2b-36267,30000,530330320111,43200,-122.0228827412936,47.36910189719495,530330320111.0
b2b-3817,44400,530610537001,43200,-121.19835975276254,48.11551522486367,530630141002.0
b2b-19656,35400,530330323132,43200,-122.08187738179728,47.68520841231727,530330323132.0
b2b-2862,41400,530610522041,43200,-122.00467004353038,47.86489108060735,530610522041.0
b2b-28227,33600,530530732003,43200,-122.24070890083723,46.779553754471394,410430306003.0
b2b-27335,30000,530330309011,43200,-122.24391231933936,47.29362124422784,530330309011.0
b2b-3759,30000,530330112001,43200,-122.33227885206496,47.53199660801611,530330112001.0
b2b-37375,10800,530330328003,43200,-121.0994620763074,47.70432736556717,20043.0
b2b-22865,41400,530330283003,43200,-122.25122496564391,47.43509008044151,530330283003.0
b2b-15988,27600,530330292061,43200,-122.24760263237744,47.40352004594407,530330292061.0
b2b-27118,22200,530330284024,43200,-122.29258998292704,47.458908818853615,530330284024.0
b2b-42315,27000,530330237001,43200,-122.1698806056832,47.62581212961685,530330237001.0
b2b-44425,24000,530330297002,43200,-122.22909320765778,47.37494762655263,530330297002.0
b2b-11360,29400,530610413042,43200,-122.26274299746264,47.938864443246594,530610413042.0
b2b-10513,24000,530330284024,43200,-122.29785702640062,47.44428124887584,530330284024.0
b2b-48712,34200,530530714062,43200,-122.39193694817328,47.07397456485872,530530714062.0
b2b-205,35400,530610413042,43200,-122.2451428801999,47.925183244717616,530610413042.0
b2b-28708,37200,530530701001,43200,-121.54325521381088,47.1154042142104,20071.0
b2b-48246,43800,530530626001,43200,-122.44924261394485,47.23368586955169,530530626001.0
b2b-4769,30000,530330226031,43200,-122.16566984139985,47.70382843048149,530330226031.0
b2b-44822,28800,530330322083,43200,-122.04080043774331,47.54996024414061,530330322083.0
b2b-55638,37800,530530732004,43200,-122.24497881306635,46.91507326147312,20012.0
b2b-30456,28200,530539400101,43200,-122.30185031683546,47.21118419555122,530539400101.0
b2b-16700,30000,530330216002,43200,-122.26081710396512,47.75957784588487,530330216002.0
b2b-9602,29400,530330292061,43200,-122.24754827236004,47.42974320568393,530330292061.0
b2b-31664,18600,530530701001,43200,-121.54325521381088,47.1154042142104,20095.0
b2b-15040,33600,530330228033,43200,-122.13858024373948,47.63659642562593,530330228033.0
b2b-22792,30600,530610537001,43200,-121.19835975276254,48.11551522486367,530630114003.0
b2b-45785,27000,530610533023,43200,-122.32300048530058,48.28861516761415,530579516003.0
b2b-16974,11400,530330109001,43200,-122.30408863741864,47.53319565326882,530330109001.0
b2b-18845,40200,530330262001,43200,-122.25272276552256,47.45922241566244,530330262001.0
b2b-49959,31200,530330303132,43200,-122.31278045903424,47.29094990177079,530330303132.0
b2b-33409,3000,530530732004,43200,-122.24497881306635,46.91507326147312,20012.0
b2b-30428,30600,530330303132,43200,-122.30590062664312,47.29634204750628,530330303132.0
b2b-26774,28800,530530701001,43200,-121.54325521381088,47.1154042142104,20118.0
b2b-34538,18000,530530732004,43200,-122.24497881306635,46.91507326147312,20012.0
b2b-11015,52200,530610537001,43200,-121.19835975276254,48.11551522486367,530659513003.0
b2b-54431,26400,530530728001,43200,-122.6498514398432,47.10126306338846,530670122222.0
b2b-58627,16800,530330320111,43200,-122.0228827412936,47.36910189719495,530330320111.0
b2b-54015,29400,530530701001,43200,-121.54325521381088,47.1154042142104,20009.0
b2b-19949,46200,530330315013,43200,-121.9264938935332,47.28358920077654,530330315013.0
b2b-25796,33000,530330292061,43200,-122.23621008586612,47.40667844907961,530330292061.0
b2b-44182,39600,530330300034,43200,-122.31537682732626,47.372448076062376,530330300034.0
b2b-60897,32400,530330292061,43200,-122.23310684944713,47.416945383189166,530330292061.0
b2b-21862,0,530530732003,43200,-122.24070890083723,46.779553754471394,410670304013.0
b2b-40106,33600,530530732003,43200,-122.24070890083723,46.779553754471394,410510072021.0
b2b-58702,9000,530539400101,43200,-122.28525261002922,47.20660685635281,530539400101.0
b2b-542,27600,530610413042,43200,-122.24353271927004,47.92767281571662,530610413042.0
b2b-46346,18000,530530732003,43200,-122.24070890083723,46.779553754471394,530110413274.0
b2b-37370,10800,530330328003,43200,-121.0994620763074,47.70432736556717,20043.0
b2b-7106,39000,530330284024,43200,-122.29785702640062,47.44428124887584,530330284024.0
b2b-929,31800,530610524014,43200,-122.10228964826,47.92912512045848,530610524014.0
b2b-31390,37800,530330315021,43200,-121.35038596453016,47.15689119363349,20033.0
b2b-26900,12000,530330296013,43200,-122.17171955144504,47.36025696396596,530330296013.0
b2b-31229,28200,530530729061,43200,-122.55058881309056,47.05402215230165,530670126101.0
b2b-13372,26400,530330283003,43200,-122.2532666743949,47.42780128730061,530330283003.0
b2b-12500,47400,530330323133,43200,-122.0834278878703,47.67577485264337,530330323133.0
b2b-29076,19200,530530732003,43200,-122.24070890083723,46.779553754471394,410510072021.0
b2b-6887,25200,530330323133,43200,-122.08610118963196,47.67258814227379,530330323133.0
b2b-51111,23400,530530720002,43200,-122.53020686900938,47.12115984586613,530530720002.0
b2b-31987,30000,530330315021,43200,-121.35038596453016,47.15689119363349,530219801001.0
b2b-17184,27600,530330322103,43200,-122.0148982206042,47.54409673016613,530330322103.0
b2b-8621,20400,530330284024,43200,-122.32605728499802,47.4431698502629,530330284024.0
b2b-39760,39600,530610537001,43200,-121.19835975276254,48.11551522486367,530079601002.0
b2b-50119,30000,530530732003,43200,-122.24070890083723,46.779553754471394,410510073001.0
b2b-33496,43200,530530732004,43200,-122.24497881306635,46.91507326147312,20012.0
b2b-41483,21600,530330305011,43200,-122.2295983208466,47.33291579842153,530330305011.0
b2b-54829,31800,530530701001,43200,-121.54325521381088,47.1154042142104,20095.0
b2b-27031,28200,530330292061,43200,-122.24469821499332,47.4277624117426,530330292061.0
b2b-31594,40800,530530701001,43200,-121.54325521381088,47.1154042142104,20095.0
b2b-26929,33600,530330292061,43200,-122.24032850745012,47.4188307692889,530330292061.0
b2b-9743,50400,530530732004,43200,-122.24497881306635,46.91507326147312,20012.0
b2b-31937,40200,530330093002,43200,-122.33239672143424,47.58809148769889,530330093002.0
b2b-177,35400,530530729061,43200,-122.55058881309056,47.05402215230165,530419708004.0
b2b-17777,28800,530350901011,43200,-122.60364513128724,47.9301516886425,530299713002.0
b2b-21482,25800,530330054002,43200,-122.33068019197648,47.64986808857813,530330054002.0
b2b-34071,31200,530530701001,43200,-121.54325521381088,47.1154042142104,20009.0
b2b-31839,36600,530530701001,43200,-121.54325521381088,47.1154042142104,20095.0
b2b-50745,29400,530530729061,43200,-122.55058881309056,47.05402215230165,530670126102.0
b2b-56317,30000,530539400101,43200,-122.30426664876722,47.21483030744824,530539400101.0
b2b-45765,31200,530330237001,43200,-122.1698806056832,47.62581212961685,530330237001.0
b2b-3447,51600,530530732003,43200,-122.24070890083723,46.779553754471394,530110407092.0
b2b-28646,28200,530530732003,43200,-122.24070890083723,46.779553754471394,410510073001.0
b2b-40182,15600,530530714062,43200,-122.38170003566306,47.07872835386775,530530714062.0
b2b-45767,31200,530330237001,43200,-122.1698806056832,47.62581212961685,530330237001.0
b2b-34632,28200,530610537001,43200,-121.19835975276254,48.11551522486367,20127.0
b2b-30966,23400,530330292061,43200,-122.23621008586612,47.40667844907961,530330292061.0
b2b-30906,33000,530539400101,43200,-122.29134378128698,47.21053068660679,530539400101.0
b2b-18229,16800,530530728001,43200,-122.6498514398432,47.10126306338846,530670122222.0
b2b-27375,33600,530530626002,43200,-122.4752737014249,47.2220377125313,530530626002.0
b2b-33872,22200,530530701001,43200,-121.54325521381088,47.1154042142104,20009.0
b2b-18195,33000,530610533024,43200,-122.34074561477298,48.27571154986818,530579526003.0
b2b-33262,8400,530530732004,43200,-122.24497881306635,46.91507326147312,20012.0
b2b-27918,26400,530539400022,43200,-122.35799177341411,47.24698856781136,530539400022.0
b2b-57575,25200,530330305011,43200,-122.22903874138478,47.34528803965197,530330305011.0
b2b-13763,30000,530330323191,43200,-122.15360694827122,47.77340967706865,530330323191.0
b2b-21401,29400,530330058022,43200,-122.37546351295111,47.63250629551509,530330058022.0
b2b-11297,21600,530330315021,43200,-121.35038596453016,47.15689119363349,530770001002.0
b2b-18280,24600,530330093003,43200,-122.34251635817526,47.56548142254519,530330093003.0
b2b-39130,37200,530330323193,43200,-122.1581093804582,47.75939019084427,530330323193.0
b2b-39094,14400,530330315021,43200,-121.35038596453016,47.15689119363349,20112.0
b2b-54896,26400,530539400101,43200,-122.30602775449944,47.20510401307725,530539400101.0
b2b-34975,4800,530330323133,43200,-122.08610118963196,47.67258814227379,530330323133.0
b2b-54554,30600,530330284024,43200,-122.29771243052475,47.44348659314748,530330284024.0
b2b-37527,27600,530530732004,43200,-122.24497881306635,46.91507326147312,20014.0
b2b-3709,33000,530610535061,43200,-121.90505639582553,48.26054804302581,530579512001.0
b2b-20473,29400,530610537001,43200,-121.19835975276254,48.11551522486367,530659501005.0
b2b-250,20400,530610413042,43200,-122.2451428801999,47.925183244717616,530610413042.0
b2b-48518,18600,530530616021,43200,-122.43724535649152,47.24014760933053,530530616021.0
b2b-9202,33600,530530732004,43200,-122.24497881306635,46.91507326147312,20012.0
b2b-52664,36600,530530732003,43200,-122.24070890083723,46.779553754471394,530110412031.0
b2b-17826,30000,530330090002,43200,-122.30954889907584,47.59914725489986,530330090002.0
b2b-30144,34800,530350918001,43200,-122.62781728669088,47.608233520262566,530350918001.0
b2b-40933,21600,530530732003,43200,-122.24070890083723,46.779553754471394,410510073001.0
b2b-37249,31800,530530701001,43200,-121.54325521381088,47.1154042142104,20118.0
b2b-5918,32400,530610413042,43200,-122.26274299746264,47.938864443246594,530610413042.0
b2b-37151,51600,530530701001,43200,-121.54325521381088,47.1154042142104,20095.0
b2b-37123,33600,530530718071,43200,-122.48907260111817,47.17391246519728,530530718071.0
b2b-42112,28800,530330296013,43200,-122.16670085209188,47.35671657477904,530330296013.0
b2b-34089,42000,530530701001,43200,-121.54325521381088,47.1154042142104,20009.0
b2b-35861,21600,530539400022,43200,-122.38766758090154,47.23993171883115,530539400022.0
b2b-48303,28200,530530732003,43200,-122.24070890083723,46.779553754471394,530110403023.0
b2b-6434,16200,530330292061,43200,-122.24032850745012,47.4188307692889,530330292061.0
b2b-17409,23400,530530732003,43200,-122.24070890083723,46.779553754471394,410510072021.0
b2b-48236,8400,530530724071,43200,-122.57546156025298,47.30812281755821,530530724071.0
b2b-34579,43200,530530732004,43200,-122.24497881306635,46.91507326147312,20012.0
b2b-58009,32400,530350928011,43200,-122.63035031293144,47.49402316074253,530350928011.0
b2b-753,25800,530610528032,43200,-122.17691209460206,48.13289794875889,530610528032.0
b2b-29955,29400,530530732003,43200,-122.24070890083723,46.779553754471394,410470102021.0
b2b-17791,40800,530610533014,43200,-122.36753432018811,48.24860364633015,530579508003.0
b2b-6945,22800,530610533014,43200,-122.36753432018811,48.24860364633015,530579404003.0
b2b-14875,19200,530330308011,43200,-122.2285018155082,47.27765867542416,530330308011.0
b2b-47479,31200,530530726023,43200,-122.81869875074756,47.26529584078148,530459611003.0
b2b-42323,36000,530530732003,43200,-122.24070890083723,46.779553754471394,410510043001.0
b2b-36739,27600,530330292061,43200,-122.22662093183628,47.42704538062167,530330292061.0
b2b-34625,28200,530610537001,43200,-121.19835975276254,48.11551522486367,20127.0
b2b-55560,43800,530530732003,43200,-122.24070890083723,46.779553754471394,410050215002.0
b2b-29028,22800,530530732003,43200,-122.24070890083723,46.779553754471394,410510073001.0
b2b-42913,23400,530330292061,43200,-122.24241295312764,47.43136438138057,530330292061.0
b2b-10371,29400,530330292061,43200,-122.22513682781825,47.431742240111376,530330292061.0
b2b-40989,25200,530530732003,43200,-122.24070890083723,46.779553754471394,530110412031.0
b2b-44190,16200,530330305011,43200,-122.225168836558,47.33848920012566,530330305011.0
b2b-50451,28800,530330262001,43200,-122.24717181350287,47.44771333927209,530330262001.0
b2b-57251,21000,530330292061,43200,-122.2348658003146,47.438382095096166,530330292061.0
b2b-50294,39000,530539400101,43200,-122.30653677963012,47.21171695998523,530539400101.0
b2b-5334,26400,530350902022,43200,-122.61281362973588,47.76699784018968,530350902022.0
b2b-28592,32400,530610533023,43200,-122.32300048530058,48.28861516761415,530579516003.0
b2b-23099,29400,530539400101,43200,-122.307002080144,47.215555299859936,530539400101.0
b2b-51387,34800,530330292061,43200,-122.24472160310586,47.43301366786744,530330292061.0
b2b-11112,34200,530530732003,43200,-122.24070890083723,46.779553754471394,410510043001.0
b2b-39899,21000,530350918001,43200,-122.62781728669088,47.608233520262566,530350918001.0
b2b-3161,43800,530610535091,43200,-122.15577642818684,48.15652609289869,530610535091.0
b2b-19704,31200,530330082001,43200,-122.3310320702626,47.60730906895118,530330082001.0
b2b-29362,20400,530530732003,43200,-122.24070890083723,46.779553754471394,410510073001.0
b2b-42052,36600,530530730061,43200,-122.3464165120801,46.92550674265296,410670331021.0
b2b-50206,35400,530530732003,43200,-122.24070890083723,46.779553754471394,530110412031.0
b2b-24511,26400,530330112001,43200,-122.33038076011847,47.5260682706754,530330112001.0
b2b-23172,19200,530330292061,43200,-122.24714566153456,47.42946269080292,530330292061.0
b2b-32323,30600,530530732004,43200,-122.24497881306635,46.91507326147312,20010.0
b2b-34508,18000,530530732004,43200,-122.24497881306635,46.91507326147312,20012.0
b2b-37642,21000,530530732003,43200,-122.24070890083723,46.779553754471394,410670318122.0
b2b-58745,35400,530350928011,43200,-122.63378384730366,47.50210892676466,530350928011.0
b2b-31265,21600,530530718071,43200,-122.4900747858049,47.17243924661469,530530718071.0
b2b-17387,16800,530610533014,43200,-122.36753432018811,48.24860364633015,530730007002.0
b2b-40008,33000,530530732004,43200,-122.24497881306635,46.91507326147312,20012.0
b2b-60372,27600,530610537001,43200,-121.19835975276254,48.11551522486367,20034.0
b2b-29242,28200,530530732003,43200,-122.24070890083723,46.779553754471394,410510043001.0
b2b-53129,32400,530530701001,43200,-121.54325521381088,47.1154042142104,20009.0
b2b-51357,43200,530539400101,43200,-122.32275214065464,47.21274469722344,530539400101.0
b2b-10710,32400,530530729061,43200,-122.55058881309056,47.05402215230165,530670126101.0
b2b-38537,31200,530610537001,43200,-121.19835975276254,48.11551522486367,20091.0
b2b-35513,26400,530610533014,43200,-122.36753432018811,48.24860364633015,530730002003.0
b2b-31299,31200,530610535091,43200,-122.15577642818684,48.15652609289869,530610535091.0
b2b-17268,24000,530330048003,43200,-122.36271617938318,47.65675488500816,530330048003.0
b2b-59421,31200,530350905012,43200,-122.64238945380087,47.73845600878464,530350905012.0
b2b-53414,40800,530539400022,43200,-122.368289546709,47.242889341578646,530539400022.0
b2b-41001,33000,530330315021,43200,-121.35038596453016,47.15689119363349,530770014001.0
b2b-33284,38400,530530732004,43200,-122.24497881306635,46.91507326147312,20012.0
b2b-21458,33000,530330058014,43200,-122.38588856834014,47.65942546509962,530330058014.0
b2b-58568,25800,530530718071,43200,-122.48783532514408,47.17548139172992,530530718071.0
b2b-41898,25200,530530732004,43200,-122.24497881306635,46.91507326147312,20013.0
b2b-43057,35400,530530718071,43200,-122.48932927735548,47.17244694011824,530530718071.0
b2b-36079,43800,530610416062,43200,-122.1864921576044,47.88183670345331,530610416062.0
b2b-47139,24000,530530626001,43200,-122.4523500300936,47.23209470486922,530530626001.0
b2b-42428,36600,530530732003,43200,-122.24070890083723,46.779553754471394,410510045001.0
b2b-60335,45600,530530701001,43200,-121.54325521381088,47.1154042142104,20009.0
b2b-36635,28200,530330315021,43200,-121.35038596453016,47.15689119363349,530210201001.0
b2b-5862,6000,530350902012,43200,-122.65612698089176,47.802026003372106,530350902012.0
b2b-27108,31200,530530616011,43200,-122.43776300444318,47.255231485980175,530530616011.0
b2b-37965,28800,530610533021,43200,-122.23890985949284,48.26560079125508,530730102001.0
b2b-43812,29400,530530701001,43200,-121.54325521381088,47.1154042142104,20009.0
b2b-54616,48000,530330262001,43200,-122.22938315222208,47.47333433730456,530330262001.0
b2b-53235,21600,530539400101,43200,-122.30426664876722,47.21483030744824,530539400101.0
b2b-12581,22800,530330228033,43200,-122.14030122745382,47.6385904630613,530330228033.0
b2b-52888,39000,530530701001,43200,-121.54325521381088,47.1154042142104,20118.0
b2b-57643,36600,530330258061,43200,-122.21368857651731,47.444765964300345,530330258061.0
b2b-23517,29400,530530720002,43200,-122.53007279322574,47.12047227014875,530530720002.0
b2b-19799,34200,530330316053,43200,-122.00819932891366,47.322720740464646,530330316053.0
b2b-50657,30600,530530728001,43200,-122.6498514398432,47.10126306338846,530670122222.0
b2b-19963,46200,530330315013,43200,-121.9264938935332,47.28358920077654,530330315013.0
b2b-3524,29400,530530732003,43200,-122.24070890083723,46.779553754471394,410510073001.0
b2b-26010,28200,530330099004,43200,-122.3525522092276,47.56898547069012,530330099004.0
b2b-9659,16800,530530701001,43200,-121.54325521381088,47.1154042142104,20009.0
b2b-24639,24000,530330112001,43200,-122.3214141584895,47.52232063451912,530330112001.0
b2b-25851,31200,530330262001,43200,-122.24717181350287,47.44771333927209,530330262001.0
b2b-20338,22800,530330292061,43200,-122.24736954260648,47.389772462432845,530330292061.0
b2b-36179,36600,530330019001,43200,-122.32736783781162,47.69924159182028,530330019001.0
b2b-38199,33000,530530701001,43200,-121.54325521381088,47.1154042142104,20071.0
b2b-24230,19200,530539400101,43200,-122.30153828242798,47.20844219946797,530539400101.0
b2b-12380,25200,530330319041,43200,-122.0474563425786,47.46216264164546,530330319041.0
b2b-59918,36000,530530729061,43200,-122.55058881309056,47.05402215230165,530670126101.0
b2b-19288,13800,530330058014,43200,-122.38982063711448,47.66123445230457,530330058014.0
b2b-31642,36000,530530701001,43200,-121.54325521381088,47.1154042142104,20095.0
b2b-431,22200,530610420053,43200,-122.32046197827928,47.89724009194997,530610420053.0
b2b-12646,16200,530330058023,43200,-122.38159333202388,47.63311441973635,530330058023.0
b2b-44689,24000,530330268013,43200,-122.3538770858992,47.50984844335442,530330268013.0
b2b-29625,28200,530330292061,43200,-122.24032850745012,47.4188307692889,530330292061.0
b2b-53380,30000,530350921002,43200,-122.74972125078992,47.500019217472826,530350921002.0
b2b-13469,24600,530530732003,43200,-122.24070890083723,46.779553754471394,530110406082.0
b2b-34330,35400,530610537001,43200,-121.19835975276254,48.11551522486367,20034.0
b2b-25336,24600,530330305011,43200,-122.23040584578192,47.33728071859071,530330305011.0
b2b-10938,39000,530330292061,43200,-122.24472160310586,47.43301366786744,530330292061.0
b2b-10859,31200,530530732004,43200,-122.24497881306635,46.91507326147312,20012.0
b2b-7113,19800,530330262001,43200,-122.23208131574492,47.470716932547,530330262001.0
b2b-22448,28200,530330305011,43200,-122.22992751854756,47.34359358883764,530330305011.0
b2b-59906,40200,530530726032,43200,-122.77381803555257,47.184454997543526,530670110001.0
b2b-21879,21600,530530732003,43200,-122.24070890083723,46.779553754471394,410510072021.0
b2b-118,38400,530610418052,43200,-122.22079056957138,47.90818296626557,530610418052.0
b2b-18681,37800,530330105001,43200,-122.37842547639045,47.562051108816725,530330105001.0
b2b-36340,43200,530330071001,43200,-122.3607157802324,47.62277408295152,530330071001.0
b2b-27056,24600,530539400101,43200,-122.30653677963012,47.21171695998523,530539400101.0
b2b-24072,30600,530330262001,43200,-122.24717181350287,47.44771333927209,530330262001.0
b2b-31499,17400,530530701001,43200,-121.54325521381088,47.1154042142104,20095.0
b2b-33535,1800,530530732004,43200,-122.24497881306635,46.91507326147312,20012.0
b2b-16780,23400,530330228033,43200,-122.1249824309002,47.64467116789906,530330228033.0
b2b-23781,51000,530330292061,43200,-122.24472160310586,47.43301366786744,530330292061.0
b2b-46426,13200,530530732003,43200,-122.24070890083723,46.779553754471394,410510072021.0
b2b-37224,21600,530530718071,43200,-122.49862871043098,47.16872189350508,530530718071.0
b2b-906,31800,530610524014,43200,-122.10228964826,47.92912512045848,530610524014.0
b2b-56958,39600,530530732003,43200,-122.24070890083723,46.779553754471394,410510073001.0
b2b-20357,22800,530330324011,43200,-121.98659709251918,47.738658354362414,530330324011.0
b2b-19942,46200,530330315013,43200,-121.9264938935332,47.28358920077654,530330315013.0
b2b-10625,35400,530539400101,43200,-122.30153828242798,47.20844219946797,530539400101.0
b2b-58347,49200,530330304011,43200,-122.28102759783717,47.313668921631454,530330304011.0
b2b-25856,31200,530330262001,43200,-122.24717181350287,47.44771333927209,530330262001.0
b2b-20004,28800,530330315013,43200,-121.9264938935332,47.28358920077654,530330315013.0
b2b-7296,24600,530530718071,43200,-122.4885730312002,47.17231846271745,530530718071.0
b2b-2540,35400,530610537001,43200,-121.59665949576642,48.2680487361357,530610537001.0
b2b-13194,18000,530330292061,43200,-122.23073041080448,47.41733021092897,530330292061.0
b2b-5659,33600,530330263001,43200,-122.29929556224933,47.51518271161302,530330263001.0
b2b-6614,31200,530330315021,43200,-121.35038596453016,47.15689119363349,530770001002.0
b2b-41905,32400,530530732004,43200,-122.24497881306635,46.91507326147312,20013.0
b2b-53726,27600,530330262001,43200,-122.24717181350287,47.44771333927209,530330262001.0
b2b-52580,37800,530530701001,43200,-121.54325521381088,47.1154042142104,20095.0
b2b-39791,33000,530330315021,43200,-121.35038596453016,47.15689119363349,530770028012.0
b2b-57499,26400,530530703112,43200,-122.14347894680664,47.15109934171225,530530703112.0
b2b-19235,27000,530330112001,43200,-122.33215064349903,47.53154045052393,530330112001.0
b2b-43783,25800,530530730061,43200,-122.3464165120801,46.92550674265296,410099711001.0
b2b-42184,26400,530610533014,43200,-122.36753432018811,48.24860364633015,530730002003.0
b2b-16648,39000,530330081002,43200,-122.3322496504924,47.60406911770596,530330081002.0
b2b-40015,31800,530530732004,43200,-122.24497881306635,46.91507326147312,20012.0
b2b-32372,46200,530330315021,43200,-121.35038596453016,47.15689119363349,20063.0
b2b-41758,34200,530330006003,43200,-122.34286953040014,47.71956920969017,530330006003.0
b2b-39799,40800,530330315021,43200,-121.35038596453016,47.15689119363349,530770034001.0
b2b-19324,31200,530330004022,43200,-122.34688931905522,47.72188433422486,530330004022.0
b2b-15974,27600,530330292061,43200,-122.24760263237744,47.40352004594407,530330292061.0
b2b-33164,34200,530530732004,43200,-122.24497881306635,46.91507326147312,20012.0
b2b-52665,22200,530530732003,43200,-122.24070890083723,46.779553754471394,410670316134.0
b2b-28761,33000,530330292061,43200,-122.24472160310586,47.43301366786744,530330292061.0
b2b-21146,33600,530330323091,43200,-122.14311123725398,47.68702705825625,530330323091.0
b2b-40675,9600,530330309011,43200,-122.24715758108596,47.2887945651065,530330309011.0
b2b-21913,39600,530530732003,43200,-122.24070890083723,46.779553754471394,410510043001.0
b2b-5378,40200,530330112001,43200,-122.33227885206496,47.53199660801611,530330112001.0
b2b-6797,19800,530530732003,43200,-122.24070890083723,46.779553754471394,410510072021.0
b2b-49481,20400,530530602001,43200,-122.36403966284486,47.26655545113818,530530602001.0
b2b-42088,33600,530530732003,43200,-122.24070890083723,46.779553754471394,530110405102.0
b2b-33779,25200,530530701001,43200,-121.54325521381088,47.1154042142104,20009.0
b2b-48217,34200,530530734063,43200,-122.27537691931572,47.19018729845514,530530734063.0
b2b-21832,34800,530530732003,43200,-122.24070890083723,46.779553754471394,410510072021.0
b2b-44926,30600,530530732003,43200,-122.24070890083723,46.779553754471394,410050234041.0
b2b-14713,26400,530330319041,43200,-122.04760889577769,47.46207080071349,530330319041.0
b2b-7643,26400,530530701001,43200,-121.54325521381088,47.1154042142104,20118.0
b2b-39537,25200,530610537001,43200,-121.19835975276254,48.11551522486367,530630141002.0
b2b-31266,26400,530530728001,43200,-122.6498514398432,47.10126306338846,530670122213.0
b2b-5703,23400,530330237001,43200,-122.1698806056832,47.62581212961685,530330237001.0
b2b-7726,45600,530530701001,43200,-121.54325521381088,47.1154042142104,20009.0
b2b-44707,26400,530330303132,43200,-122.3107901026219,47.29578908785922,530330303132.0
b2b-57409,21000,530330292061,43200,-122.22662093183628,47.42704538062167,530330292061.0
b2b-45920,35400,530330292061,43200,-122.23347195032264,47.42222558680258,530330292061.0
b2b-51901,48000,530330093003,43200,-122.33231170637092,47.56852810250407,530330093003.0
b2b-60567,25800,530330292061,43200,-122.22662093183628,47.42704538062167,530330292061.0
b2b-15868,25800,530330211004,43200,-122.3044166657394,47.74165662768653,530330211004.0
b2b-34898,34800,530610533014,43200,-122.36753432018811,48.24860364633015,530579519002.0
b2b-18307,21600,530330262001,43200,-122.22368938571697,47.46686759809796,530330262001.0
b2b-48404,34200,530530602001,43200,-122.3977804984308,47.26255058132294,530530602001.0
b2b-55031,25200,530330292061,43200,-122.23621008586612,47.40667844907961,530330292061.0
b2b-3933,600,530610533012,43200,-122.34483832412292,48.26032201845954,530610533012.0
b2b-36293,34800,530530732003,43200,-122.24070890083723,46.779553754471394,410430306003.0
b2b-5400,33000,530330093002,43200,-122.33962914107708,47.59056118743874,530330093002.0
b2b-57332,31200,530330292061,43200,-122.22834520138616,47.42187038261192,530330292061.0
b2b-40490,3000,530330323193,43200,-122.1581093804582,47.75939019084427,530330323193.0
b2b-4728,44400,530330319082,43200,-122.14959955464607,47.44537821076648,530330319082.0
b2b-18320,20400,530330297004,43200,-122.23068499959176,47.36294897901096,530330297004.0
b2b-181,18600,530610413042,43200,-122.2451428801999,47.925183244717616,530610413042.0
b2b-40092,30600,530530732004,43200,-122.24497881306635,46.91507326147312,20012.0
b2b-39423,40200,530330059001,43200,-122.36618765981758,47.65458277812374,530330059001.0
b2b-24811,27000,530330292061,43200,-122.26172450913342,47.39944206804464,530330292061.0
b2b-33233,24600,530530732004,43200,-122.24497881306635,46.91507326147312,20012.0
b2b-44177,39600,530330300034,43200,-122.31537682732626,47.372448076062376,530330300034.0
b2b-10919,35400,530530732004,43200,-122.24497881306635,46.91507326147312,20010.0
b2b-4513,28200,530330323133,43200,-122.08610118963196,47.67258814227379,530330323133.0
b2b-58622,37200,530330305011,43200,-122.2299513347179,47.3425185370797,530330305011.0
b2b-53796,29400,530330262001,43200,-122.25182903848628,47.4499494814938,530330262001.0
b2b-26409,27000,530539400101,43200,-122.32275214065464,47.21274469722344,530539400101.0
b2b-7397,30600,530330292061,43200,-122.23621008586612,47.40667844907961,530330292061.0
b2b-24760,38400,530330292061,43200,-122.23621008586612,47.40667844907961,530330292061.0
b2b-30093,21000,530330071001,43200,-122.3607157802324,47.62277408295152,530330071001.0
b2b-25247,32400,530330305011,43200,-122.22992751854756,47.34359358883764,530330305011.0
b2b-54243,28800,530530732004,43200,-122.24497881306635,46.91507326147312,20014.0
b2b-34749,39600,530330019001,43200,-122.32498518332416,47.7007064097056,530330019001.0
b2b-4577,30000,530530701001,43200,-121.54325521381088,47.1154042142104,20095.0
b2b-49105,31200,530530626001,43200,-122.45242145827262,47.23190051024633,530530626001.0
b2b-5134,34800,530330238011,43200,-122.19512341649516,47.60985419833947,530330238011.0
b2b-50167,22800,530530732003,43200,-122.24070890083723,46.779553754471394,530110412031.0
b2b-28770,34200,530530732003,43200,-122.24070890083723,46.779553754471394,530110426003.0
b2b-40289,40200,530330322083,43200,-122.0430602331918,47.55012213284945,530330322083.0
b2b-58349,6000,530330117002,43200,-122.2810262594597,47.51145637807155,530330117002.0
b2b-15276,27600,530530732003,43200,-122.24070890083723,46.779553754471394,410510067012.0
b2b-12074,31800,530610533021,43200,-122.23890985949284,48.26560079125508,530730102001.0
b2b-20758,33000,530330312051,43200,-122.16319450133108,47.32958709248311,530330312051.0
b2b-24781,31200,530330292061,43200,-122.22513682781825,47.431742240111376,530330292061.0
b2b-4233,33000,530610413042,43200,-122.25255143142964,47.9246191361956,530610413042.0
b2b-58175,34800,530330081002,43200,-122.33371732926577,47.60749163440645,530330081002.0
b2b-2304,33600,530610536023,43200,-121.91303023291992,48.012603920100375,530610536023.0
b2b-33268,24000,530530732004,43200,-122.24497881306635,46.91507326147312,20012.0
b2b-43764,34200,530330262001,43200,-122.22473626021974,47.45823845849098,530330262001.0
b2b-40408,32400,530530732003,43200,-122.24070890083723,46.779553754471394,410510007023.0
b2b-15039,33600,530330080013,43200,-122.35570531502596,47.61798390441332,530330080013.0
b2b-59593,30000,530350902011,43200,-122.65117517963796,47.8001197814777,530350902011.0
b2b-16139,17400,530330109001,43200,-122.30471374153352,47.53323210364925,530330109001.0
b2b-38979,34200,530530701001,43200,-121.54325521381088,47.1154042142104,20095.0
b2b-47260,25200,530530725053,43200,-122.61823494652766,47.37888121492185,530530725053.0
b2b-12516,35400,530330323133,43200,-122.0834278878703,47.67577485264337,530330323133.0
b2b-36007,34200,530330305011,43200,-122.23040584578192,47.33728071859071,530330305011.0
b2b-54549,30600,530530732004,43200,-122.24497881306635,46.91507326147312,20010.0
b2b-58716,35400,530330292061,43200,-122.22616838953864,47.40963288014064,530330292061.0
b2b-28803,35400,530530732003,43200,-122.24070890083723,46.779553754471394,410510072021.0
b2b-42796,25200,530610537001,43200,-121.19835975276254,48.11551522486367,530630122001.0
b2b-32851,36000,530530729061,43200,-122.55058881309056,47.05402215230165,530419708004.0
b2b-6951,25200,530330292061,43200,-122.2446052666474,47.39664040457194,530330292061.0
b2b-14175,28200,530330323133,43200,-122.0953085966017,47.67324070348591,530330323133.0
b2b-5176,26400,530610528031,43200,-122.17800828896382,48.14673486705332,530610528031.0
b2b-11579,40200,530530732004,43200,-122.24497881306635,46.91507326147312,20010.0
b2b-39062,31200,530530732003,43200,-122.24070890083723,46.779553754471394,410430202001.0
b2b-58158,49200,530330297003,43200,-122.23041427853624,47.37733770384831,530330297003.0
b2b-3433,34800,530530732003,43200,-122.24070890083723,46.779553754471394,530110412031.0
b2b-20735,34200,530330323133,43200,-122.10128401302975,47.67530382928409,530330323133.0
b2b-27745,58200,530330263002,43200,-122.29034760404986,47.50675431311565,530330263002.0
b2b-32814,11400,530530730061,43200,-122.3464165120801,46.92550674265296,410670331021.0
b2b-9173,48600,530530732004,43200,-122.24497881306635,46.91507326147312,20012.0
b2b-21099,33000,530330218021,43200,-122.18090523443222,47.770839567695184,530330218021.0
b2b-29089,22800,530530732003,43200,-122.24070890083723,46.779553754471394,530110410052.0
b2b-6709,28200,530330112001,43200,-122.33227885206496,47.53199660801611,530330112001.0
b2b-22515,30000,530530732003,43200,-122.24070890083723,46.779553754471394,410510072021.0
b2b-333,27000,530610408002,43200,-122.20740921411743,47.97867025191261,530610408002.0
b2b-2246,47400,530610533025,43200,-122.24600167528853,48.239089623399856,530610533025.0
b2b-28751,24600,530350811002,43200,-122.65365560350207,47.5622531720294,530350811002.0
b2b-25149,32400,530330292061,43200,-122.22834520138616,47.42187038261192,530330292061.0
b2b-33198,35400,530530732004,43200,-122.24497881306635,46.91507326147312,20012.0
b2b-32852,28800,530530729061,43200,-122.55058881309056,47.05402215230165,530419714002.0
b2b-59475,23400,530350912011,43200,-122.69400596857416,47.647381465491925,530350912011.0
b2b-26040,33000,530530718071,43200,-122.4900747858049,47.17243924661469,530530718071.0
b2b-19877,3600,530330263001,43200,-122.27911298441904,47.50945903697586,530330263001.0
b2b-31443,28200,530530701001,43200,-121.54325521381088,47.1154042142104,20095.0
b2b-3317,23400,530530732003,43200,-122.24070890083723,46.779553754471394,410510073001.0
b2b-15874,33000,530330093003,43200,-122.33321351798156,47.58148379195424,530330093003.0
b2b-1535,35400,530610419011,43200,-122.26783267375556,47.90044580396943,530610419011.0
b2b-42276,28200,530330226031,43200,-122.16566984139985,47.70382843048149,530330226031.0
b2b-34516,18000,530530732004,43200,-122.24497881306635,46.91507326147312,20012.0
b2b-57663,25200,530330292061,43200,-122.2459874160508,47.40622966331869,530330292061.0
b2b-31046,37200,530610535091,43200,-122.15577642818684,48.15652609289869,530610535091.0
b2b-42437,31800,530530732003,43200,-122.24070890083723,46.779553754471394,410470102021.0
b2b-20422,40800,530530730061,43200,-122.3464165120801,46.92550674265296,530419712002.0
b2b-22819,31800,530530702071,43200,-122.0301297650352,47.16805093859883,530530702071.0
b2b-34917,28800,530610533024,43200,-122.34074561477298,48.27571154986818,530579526003.0
b2b-54030,31200,530539400022,43200,-122.3824225801224,47.243966871077,530539400022.0
b2b-58763,16800,530330292061,43200,-122.23370316056908,47.4249654061988,530330292061.0
b2b-51262,27600,530330305011,43200,-122.2295983208466,47.33291579842153,530330305011.0
b2b-1569,27600,530610413042,43200,-122.26917666218984,47.94304220378989,530610413042.0
b2b-41518,29400,530330072001,43200,-122.34222290120908,47.62143786859168,530330072001.0
b2b-8115,28800,530330237001,43200,-122.1698806056832,47.62581212961685,530330237001.0
b2b-19472,33000,530610534001,43200,-122.1788962996328,48.270180743276,530579515003.0
b2b-37056,48000,530610535061,43200,-121.90505639582553,48.26054804302581,530579512001.0
b2b-47249,30600,530530725053,43200,-122.61823494652766,47.37888121492185,530530725053.0
b2b-22294,5400,530330305011,43200,-122.23704955049864,47.305700847229424,530330305011.0
b2b-30139,45600,530330305011,43200,-122.22992751854756,47.34359358883764,530330305011.0
b2b-29386,33000,530530732003,43200,-122.24070890083723,46.779553754471394,530110412031.0
b2b-34951,31200,530350918001,43200,-122.62781728669088,47.608233520262566,530350918001.0
b2b-58906,39000,530330099004,43200,-122.34605635726594,47.57283355443071,530330099004.0
b2b-21009,22200,530330054003,43200,-122.3427319997368,47.65079635821946,530330054003.0
b2b-49715,24600,530530729061,43200,-122.55058881309056,47.05402215230165,530670125301.0
b2b-17431,37800,530330093003,43200,-122.32757578248253,47.58518505158895,530330093003.0
b2b-33852,30000,530530701001,43200,-121.54325521381088,47.1154042142104,20009.0
b2b-8365,36600,530330219061,43200,-122.15868398672684,47.74126755072787,530330219061.0
b2b-42137,25200,530610533014,43200,-122.36753432018811,48.24860364633015,530730103021.0
b2b-24554,18600,530330320111,43200,-122.0228827412936,47.36910189719495,530330320111.0
b2b-59476,23400,530350912011,43200,-122.69400596857416,47.647381465491925,530350912011.0
b2b-45496,30000,530330288012,43200,-122.3150102031091,47.43096333480719,530330288012.0
b2b-26842,34200,530330262001,43200,-122.24717181350287,47.44771333927209,530330262001.0
b2b-39922,22200,530530732003,43200,-122.24070890083723,46.779553754471394,530110410052.0
b2b-1832,30600,530610420053,43200,-122.32034720180826,47.89741493029517,530610420053.0
b2b-17542,33600,530330093003,43200,-122.32488535747106,47.5842359329631,530330093003.0
b2b-8605,38400,530330017021,43200,-122.35566819623313,47.70426957906544,530330017021.0
b2b-30575,36600,530530732003,43200,-122.24070890083723,46.779553754471394,410510106003.0
b2b-21162,42000,530330092002,43200,-122.33327469013628,47.600266558803895,530330092002.0
b2b-52994,37800,530330284024,43200,-122.29771243052475,47.44348659314748,530330284024.0
b2b-26118,37200,530539400022,43200,-122.35897274041128,47.25278630859665,530539400022.0
b2b-60930,28200,530610533014,43200,-122.36753432018811,48.24860364633015,530730104012.0
b2b-46512,42600,530330292061,43200,-122.2523347314473,47.41500597976029,530330292061.0
b2b-38214,41400,530530701001,43200,-121.54325521381088,47.1154042142104,20071.0
b2b-4223,39600,530330219054,43200,-122.17601104993004,47.734492466552766,530330219054.0
b2b-35105,33600,530330262001,43200,-122.22938315222208,47.47333433730456,530330262001.0
b2b-57325,27000,530539400022,43200,-122.36648796381247,47.24303568552256,530539400022.0
b2b-35512,24600,530610533014,43200,-122.36753432018811,48.24860364633015,530730103011.0
b2b-23701,40800,530330303042,43200,-122.33670981277776,47.27839256829505,530330303042.0
b2b-53310,30600,530330305011,43200,-122.23129727315806,47.3480463127276,530330305011.0
b2b-54530,27600,530330309011,43200,-122.24391231933936,47.29362124422784,530330309011.0
b2b-59061,43200,530330296013,43200,-122.16670085209188,47.35671657477904,530330296013.0
b2b-29198,32400,530530732003,43200,-122.24070890083723,46.779553754471394,410510072021.0
b2b-50689,30600,530530728001,43200,-122.6498514398432,47.10126306338846,530670122222.0
b2b-23334,33000,530539400022,43200,-122.35799177341411,47.24698856781136,530539400022.0
b2b-57444,25800,530330256011,43200,-122.1593506890394,47.48884380540232,530330256011.0
b2b-340,34800,530610408002,43200,-122.20740921411743,47.97867025191261,530610408002.0
b2b-15069,25200,530330093003,43200,-122.32473196565086,47.57109080212874,530330093003.0
b2b-46295,13200,530610533021,43200,-122.23890985949284,48.26560079125508,530730102001.0
b2b-20441,47400,530330219061,43200,-122.15924311935004,47.74621685775933,530330219061.0
b2b-36780,33000,530530732004,43200,-122.24497881306635,46.91507326147312,20010.0
b2b-8112,25200,530330112001,43200,-122.33025718408688,47.52567118484894,530330112001.0
b2b-40487,33600,530330093003,43200,-122.33231170637092,47.56852810250407,530330093003.0
b2b-44881,28800,530610537001,43200,-121.19835975276254,48.11551522486367,20068.0
b2b-53164,38400,530539400101,43200,-122.30653677963012,47.21171695998523,530539400101.0
b2b-37020,21600,530610537001,43200,-121.19835975276254,48.11551522486367,530630114003.0
b2b-41455,21600,530330315021,43200,-121.35038596453016,47.15689119363349,530770016022.0
b2b-6787,30000,530530732003,43200,-122.24070890083723,46.779553754471394,410470025021.0
b2b-20717,28800,530330305011,43200,-122.23771540903866,47.30542325059828,530330305011.0
b2b-36441,28800,530530732003,43200,-122.24070890083723,46.779553754471394,410510043001.0
b2b-33956,23400,530530701001,43200,-121.54325521381088,47.1154042142104,20009.0
b2b-40708,32400,530350802002,43200,-122.62673302992116,47.60282133372685,530350802002.0
b2b-44386,10200,530610519121,43200,-122.11507974826218,47.80070883394138,530610519121.0
b2b-35695,15600,530610534001,43200,-122.1788962996328,48.270180743276,530730102002.0
b2b-17860,25200,530330323191,43200,-122.14697798844128,47.7756216997615,530330323191.0
b2b-15292,43800,530330228031,43200,-122.1383228990608,47.64921786468324,530330228031.0
b2b-47505,19800,530539400101,43200,-122.32793583209704,47.21623316599973,530539400101.0
b2b-41186,22800,530530701001,43200,-121.54325521381088,47.1154042142104,20009.0
b2b-3752,32400,530330292061,43200,-122.2459874160508,47.40622966331869,530330292061.0
b2b-30962,23400,530330292061,43200,-122.23621008586612,47.40667844907961,530330292061.0
b2b-59577,34800,530350921003,43200,-122.69484002351489,47.52681049400641,530350921003.0
b2b-56553,16800,530610534003,43200,-122.12503605145582,48.26017545347021,530730101004.0
b2b-54288,35400,530610535061,43200,-121.90505639582553,48.26054804302581,530579512001.0
b2b-20489,24600,530330075004,43200,-122.31856992865666,47.614486468451695,530330075004.0
b2b-44806,45000,530330284024,43200,-122.29828123802866,47.44416305383533,530330284024.0
b2b-30099,51000,530539400101,43200,-122.30185031683546,47.21118419555122,530539400101.0
b2b-526,27600,530610413042,43200,-122.24353271927004,47.92767281571662,530610413042.0
b2b-41431,36600,530330256011,43200,-122.1626014136288,47.48785283925652,530330256011.0
b2b-27461,31800,530539400101,43200,-122.30602775449944,47.20510401307725,530539400101.0
b2b-36610,45600,530330315021,43200,-121.35038596453016,47.15689119363349,530210204001.0
b2b-31287,17400,530330292061,43200,-122.23621008586612,47.40667844907961,530330292061.0
b2b-33044,8400,530530732004,43200,-122.24497881306635,46.91507326147312,20012.0
b2b-34151,34200,530530701001,43200,-121.54325521381088,47.1154042142104,20009.0
b2b-26298,39600,530330292061,43200,-122.22662093183628,47.42704538062167,530330292061.0
b2b-6504,47400,530530732003,43200,-122.24070890083723,46.779553754471394,410430202001.0
b2b-6776,42600,530330208002,43200,-122.3546895034558,47.75770809744354,530330208002.0
b2b-26132,18600,530330059001,43200,-122.36618765981758,47.65458277812374,530330059001.0
b2b-53871,25200,530530718071,43200,-122.49341371862204,47.173202238566496,530530718071.0
b2b-42538,34200,530610533021,43200,-122.23890985949284,48.26560079125508,530730102001.0
b2b-42282,32400,530530732003,43200,-122.24070890083723,46.779553754471394,410519800001.0
b2b-42953,40800,530330293052,43200,-122.19724469213678,47.41724973671112,530330293052.0
b2b-53154,34200,530330305011,43200,-122.22992751854756,47.34359358883764,530330305011.0
b2b-15969,27600,530330292061,43200,-122.24760263237744,47.40352004594407,530330292061.0
b2b-10730,16200,530330292061,43200,-122.2459874160508,47.40622966331869,530330292061.0
b2b-11605,40200,530530732003,43200,-122.24070890083723,46.779553754471394,410050230011.0
b2b-40719,17400,530330323133,43200,-122.09222903536138,47.67401505719557,530330323133.0
b2b-20540,33000,530530732003,43200,-122.24070890083723,46.779553754471394,530110426003.0
b2b-44251,25800,530330292061,43200,-122.2617025499446,47.41674840510534,530330292061.0
b2b-42390,17400,530330315021,43200,-121.35038596453016,47.15689119363349,530779400022.0
b2b-12855,31800,530330080021,43200,-122.34149847986428,47.611571361607695,530330080021.0
b2b-2205,21000,530530726023,43200,-122.81869875074756,47.26529584078148,530459609004.0
b2b-53305,27000,530530712073,43200,-122.28891747535232,47.15772011882847,530530712073.0
b2b-36622,27000,530530732003,43200,-122.24070890083723,46.779553754471394,410510072021.0
b2b-31553,39600,530530701001,43200,-121.54325521381088,47.1154042142104,20095.0
b2b-32507,24000,530330112001,43200,-122.32090219748493,47.51992620304542,530330112001.0
b2b-7577,51600,530610413042,43200,-122.25255143142964,47.9246191361956,530610413042.0
b2b-9781,22200,530610537001,43200,-121.19835975276254,48.11551522486367,530630103051.0
b2b-41625,9600,530530732004,43200,-122.24497881306635,46.91507326147312,20014.0
b2b-7395,30600,530330292061,43200,-122.23621008586612,47.40667844907961,530330292061.0
b2b-57995,34200,530530723121,43200,-122.53547702593391,47.21334722496692,530530723121.0
b2b-58161,29400,530530718071,43200,-122.48989801673194,47.17230069743552,530530718071.0
b2b-10028,34800,530610537001,43200,-121.19835975276254,48.11551522486367,20066.0
b2b-49796,17400,530530728001,43200,-122.6498514398432,47.10126306338846,530670122213.0
b2b-35060,47400,530610533014,43200,-122.36753432018811,48.24860364633015,530730103011.0
b2b-42663,57600,530530732003,43200,-122.24070890083723,46.779553754471394,410670320031.0
b2b-39814,36000,530610534001,43200,-122.1788962996328,48.270180743276,530730102002.0
b2b-55062,28200,530330315021,43200,-121.35038596453016,47.15689119363349,20117.0
b2b-52937,39000,530610537001,43200,-121.19835975276254,48.11551522486367,530630141002.0
b2b-13850,30000,530330218021,43200,-122.18474513918032,47.77203185836266,530330218021.0
b2b-13519,35400,530330227012,43200,-122.19948119529982,47.6440964164727,530330227012.0
b2b-17637,24000,530330217005,43200,-122.24530251481764,47.75785854474003,530330217005.0
b2b-14996,26400,530530732003,43200,-122.24070890083723,46.779553754471394,410670320011.0
b2b-2098,30000,530610528032,43200,-122.1744702146517,48.11467687267971,530610528032.0
b2b-19851,25200,530530726032,43200,-122.77381803555257,47.184454997543526,530670110001.0
b2b-5066,22800,530610413042,43200,-122.26274299746264,47.938864443246594,530610413042.0
b2b-43014,3600,530610519252,43200,-122.1963268192337,47.79541467821455,530610519252.0
b2b-60772,35400,530530732004,43200,-122.24497881306635,46.91507326147312,20012.0
b2b-36673,27600,530610531021,43200,-122.18921914405846,48.15037009988364,530610531021.0
b2b-15689,19800,530330218042,43200,-122.19966163667806,47.76168614930842,530330218042.0
b2b-15301,32400,530330323133,43200,-122.0923707740302,47.66565863181601,530330323133.0
b2b-25780,45600,530330292061,43200,-122.23347195032264,47.42222558680258,530330292061.0
b2b-31734,34200,530530701001,43200,-121.54325521381088,47.1154042142104,20095.0
b2b-11684,25800,530530701001,43200,-121.54325521381088,47.1154042142104,20095.0
b2b-49057,32400,530530626001,43200,-122.48493676917622,47.21188103075623,530530626001.0
b2b-57431,21000,530330292061,43200,-122.22662093183628,47.42704538062167,530330292061.0
b2b-42753,27000,530530701001,43200,-121.54325521381088,47.1154042142104,20095.0
b2b-59952,34800,530330219054,43200,-122.17601104993004,47.734492466552766,530330219054.0
b2b-12421,30000,530530729061,43200,-122.55058881309056,47.05402215230165,530670108005.0
b2b-24426,27000,530330292061,43200,-122.2235835356382,47.41965485155595,530330292061.0
b2b-11785,34800,530610533014,43200,-122.36753432018811,48.24860364633015,530579519002.0
b2b-46732,29400,530330288024,43200,-122.29381558264308,47.42323503423674,530330288024.0
b2b-48681,26400,530530729061,43200,-122.55058881309056,47.05402215230165,530670127203.0
b2b-33913,25200,530530701001,43200,-121.54325521381088,47.1154042142104,20009.0
b2b-35580,34200,530610533021,43200,-122.23890985949284,48.26560079125508,530730102001.0
b2b-19233,27000,530330112001,43200,-122.33215064349903,47.53154045052393,530330112001.0
b2b-36411,30000,530530732003,43200,-122.24070890083723,46.779553754471394,410030108003.0
b2b-56241,20400,530539400101,43200,-122.33247199447833,47.22236163192498,530539400101.0
b2b-54256,30600,530530732004,43200,-122.24497881306635,46.91507326147312,20014.0
b2b-59843,27000,530610533023,43200,-122.32300048530058,48.28861516761415,530579516003.0
b2b-56240,20400,530539400101,43200,-122.33247199447833,47.22236163192498,530539400101.0
b2b-8416,48000,530330262001,43200,-122.24717181350287,47.44771333927209,530330262001.0
b2b-25141,34800,530330093002,43200,-122.33239672143424,47.58809148769889,530330093002.0
b2b-52910,28800,530530626001,43200,-122.48142674423129,47.22315676250872,530530626001.0
b2b-9485,33600,530530732003,43200,-122.24070890083723,46.779553754471394,410430306003.0
b2b-33499,37800,530530732004,43200,-122.24497881306635,46.91507326147312,20012.0
b2b-50950,12000,530530718071,43200,-122.4900747858049,47.17243924661469,530530718071.0
b2b-51321,31800,530539400022,43200,-122.3623989794619,47.24303041243632,530539400022.0
b2b-7423,19800,530610533014,43200,-122.36753432018811,48.24860364633015,530579521003.0
b2b-15128,29400,530330217005,43200,-122.24162164476208,47.757158940785736,530330217005.0
b2b-5195,19200,530330262001,43200,-122.24717181350287,47.44771333927209,530330262001.0
b2b-15902,7800,530530729061,43200,-122.55058881309056,47.05402215230165,530419714002.0
b2b-55472,46800,530530732004,43200,-122.24497881306635,46.91507326147312,20012.0
b2b-13053,28800,530330277015,43200,-122.46446926248564,47.43442414619594,530330277015.0
b2b-1124,22800,530610519261,43200,-122.14676441932508,47.78456974273347,530610519261.0
b2b-47382,30000,530530602001,43200,-122.39902978742688,47.2435130363375,530530602001.0
b2b-17909,30600,530330047004,43200,-122.376688696814,47.66173990266613,530330047004.0
b2b-31955,38400,530330295022,43200,-122.17994671962953,47.3709971654335,530330295022.0
b2b-24294,24600,530330292061,43200,-122.24469821499332,47.4277624117426,530330292061.0
b2b-6397,29400,530530732003,43200,-122.24070890083723,46.779553754471394,530110410052.0
b2b-10905,35400,530530732004,43200,-122.24497881306635,46.91507326147312,20010.0
b2b-37294,33000,530330268013,43200,-122.3543536451064,47.51181267938302,530330268013.0
b2b-12650,16200,530330058023,43200,-122.38159333202388,47.63311441973635,530330058023.0
b2b-56871,38400,530530732003,43200,-122.24070890083723,46.779553754471394,410510073001.0
b2b-25525,29400,530330112001,43200,-122.3214141584895,47.52232063451912,530330112001.0
b2b-17272,31200,530330035003,43200,-122.3504475053114,47.66877840269751,530330035003.0
b2b-36623,24000,530330315021,43200,-121.35038596453016,47.15689119363349,530210204001.0
b2b-36758,41400,530610533012,43200,-122.33329845364509,48.26704965475196,530610533012.0
b2b-48840,36600,530530731101,43200,-122.24236984284488,47.13421764120884,530530731101.0
b2b-40705,24600,530330093003,43200,-122.34231103586774,47.56814278686263,530330093003.0
b2b-21122,30600,530530732003,43200,-122.24070890083723,46.779553754471394,410510007021.0
b2b-36619,27000,530530732003,43200,-122.24070890083723,46.779553754471394,410510072021.0
b2b-8750,40800,530530732004,43200,-122.24497881306635,46.91507326147312,20012.0
b2b-54460,46200,530530701001,43200,-121.54325521381088,47.1154042142104,20009.0
b2b-52241,39000,530539400022,43200,-122.35897274041128,47.25278630859665,530539400022.0
b2b-26082,27000,530330320111,43200,-122.02526422994526,47.368468563369326,530330320111.0
b2b-3122,27000,530610413042,43200,-122.25255143142964,47.9246191361956,530610413042.0
b2b-9085,27000,530530732004,43200,-122.24497881306635,46.91507326147312,20012.0
b2b-17465,33600,530330253021,43200,-122.20931867794012,47.49766532630261,530330253021.0
b2b-11062,29400,530530732003,43200,-122.24070890083723,46.779553754471394,410470025021.0
b2b-50243,28200,530530732003,43200,-122.24070890083723,46.779553754471394,410510099033.0
b2b-10879,25800,530330320111,43200,-122.02526422994526,47.368468563369326,530330320111.0
b2b-28449,33000,530330303132,43200,-122.31905535570804,47.29651615727096,530330303132.0
b2b-28139,30000,530330292061,43200,-122.26172450913342,47.39944206804464,530330292061.0
b2b-47489,38400,530530724071,43200,-122.58469873852542,47.31100297288058,530530724071.0
b2b-49119,31200,530530725053,43200,-122.59667169736016,47.34771364813107,530530725053.0
b2b-42322,27000,530530732003,43200,-122.24070890083723,46.779553754471394,530110410052.0
b2b-44178,39600,530330300034,43200,-122.31537682732626,47.372448076062376,530330300034.0
b2b-13533,38400,530330219061,43200,-122.1580121378409,47.74011602573891,530330219061.0
b2b-25132,33000,530330112001,43200,-122.33038076011847,47.5260682706754,530330112001.0
b2b-10058,32400,530610537001,43200,-121.19835975276254,48.11551522486367,20067.0
b2b-56550,21600,530610533014,43200,-122.36753432018811,48.24860364633015,530579521003.0
b2b-61031,50400,530610537001,43200,-121.19835975276254,48.11551522486367,20086.0
b2b-43256,34800,530330066001,43200,-122.32802466240696,47.63315498415667,530330066001.0
b2b-27883,43800,530530726032,43200,-122.77381803555257,47.184454997543526,530270007003.0
b2b-54452,30600,530530701001,43200,-121.54325521381088,47.1154042142104,20009.0
b2b-3888,25200,530530729061,43200,-122.55058881309056,47.05402215230165,530670126101.0
b2b-1947,46800,530610522041,43200,-122.00508032168268,47.86484224300912,530610522041.0
b2b-30291,34200,530330314004,43200,-121.99779172024172,47.20697561366894,530330314004.0
b2b-48506,40200,530530726021,43200,-122.72521338447328,47.353416754645046,530530726021.0
b2b-8601,17400,530330323133,43200,-122.09222903536138,47.67401505719557,530330323133.0
b2b-41124,1200,530530701001,43200,-121.54325521381088,47.1154042142104,20118.0
b2b-32429,22200,530530732003,43200,-122.24070890083723,46.779553754471394,530110411051.0
b2b-2025,37800,530610533014,43200,-122.36753432018811,48.24860364633015,530730002001.0
b2b-52909,27000,530530714062,43200,-122.38170003566306,47.07872835386775,530530714062.0
b2b-49973,33000,530530728001,43200,-122.6498514398432,47.10126306338846,530670122222.0
b2b-40346,30000,530530732003,43200,-122.24070890083723,46.779553754471394,410510072021.0
b2b-36784,47400,530530732004,43200,-122.24497881306635,46.91507326147312,20010.0
b2b-12950,34200,530530726032,43200,-122.77381803555257,47.184454997543526,530670105101.0
b2b-58552,15000,530530733013,43200,-122.2408066652456,47.21582546937341,530530733013.0
b2b-58468,30600,530330292061,43200,-122.2235835356382,47.41965485155595,530330292061.0
b2b-60596,48000,530530701001,43200,-121.54325521381088,47.1154042142104,20009.0
b2b-44487,23400,530610413042,43200,-122.25255143142964,47.9246191361956,530610413042.0
b2b-26411,27000,530539400101,43200,-122.32275214065464,47.21274469722344,530539400101.0
b2b-55057,51600,530330315021,43200,-121.35038596453016,47.15689119363349,20117.0
b2b-41093,27600,530530611006,43200,-122.49365980850824,47.25546545466861,530530611006.0
b2b-469,34800,530610524014,43200,-122.10226308744468,47.92855376131855,530610524014.0
b2b-35906,35400,530330292061,43200,-122.23621008586612,47.40667844907961,530330292061.0
b2b-49800,41400,530530729061,43200,-122.55058881309056,47.05402215230165,530670126101.0
b2b-30006,33000,530330112001,43200,-122.33227885206496,47.53199660801611,530330112001.0
b2b-43613,40200,530530732003,43200,-122.24070890083723,46.779553754471394,530110403023.0
b2b-50627,30600,530530728001,43200,-122.6498514398432,47.10126306338846,530670122222.0
b2b-28985,32400,530530732003,43200,-122.24070890083723,46.779553754471394,530110426003.0
b2b-31787,25200,530530701001,43200,-121.54325521381088,47.1154042142104,20095.0
b2b-20705,28800,530330109001,43200,-122.30485073572554,47.53305611842165,530330109001.0
b2b-16793,23400,530330228033,43200,-122.1249824309002,47.64467116789906,530330228033.0
b2b-37455,22800,530539400101,43200,-122.30653677963012,47.21171695998523,530539400101.0
b2b-25685,32400,530330288021,43200,-122.29341449659536,47.42707687736177,530330288021.0
b2b-57968,33600,530530626001,43200,-122.48142674423129,47.22315676250872,530530626001.0
b2b-23740,40800,530530703112,43200,-122.11782355270049,47.154873151352426,530530703112.0
b2b-37303,38400,530610535061,43200,-121.90505639582553,48.26054804302581,530579512001.0
b2b-47494,38400,530530724071,43200,-122.58469873852542,47.31100297288058,530530724071.0
b2b-30606,23400,530330112001,43200,-122.3214141584895,47.52232063451912,530330112001.0
b2b-34686,24600,530530701001,43200,-121.54325521381088,47.1154042142104,20009.0
b2b-47490,38400,530530724071,43200,-122.58469873852542,47.31100297288058,530530724071.0
b2b-18385,28800,530330292061,43200,-122.26301541680448,47.42281219210492,530330292061.0
b2b-59482,32400,530350902022,43200,-122.64793388065677,47.7855598669892,530350902022.0
b2b-36416,52200,530530732003,43200,-122.24070890083723,46.779553754471394,410030104003.0
b2b-57524,31200,530330262001,43200,-122.24742160825592,47.44825125227557,530330262001.0
b2b-22349,29400,530330112001,43200,-122.33227885206496,47.53199660801611,530330112001.0
b2b-2561,34200,530610510001,43200,-122.31747814397706,47.80570703224152,530610510001.0
b2b-24323,41400,530330305011,43200,-122.23040584578192,47.33728071859071,530330305011.0
b2b-53668,40800,530610537001,43200,-121.19835975276254,48.11551522486367,530630136002.0
b2b-43103,22200,530610413042,43200,-122.25208503289907,47.92635492941787,530610413042.0
b2b-54387,30600,530330292061,43200,-122.22834520138616,47.42187038261192,530330292061.0
b2b-1001,15000,530530732003,43200,-122.24070890083723,46.779553754471394,410030104002.0
b2b-8157,37800,530330032006,43200,-122.40617131236937,47.67308782653932,530330032006.0
b2b-57918,25200,530530731191,43200,-122.28817036234354,47.00490929019355,530530731191.0
b2b-6558,24600,530530732004,43200,-122.24497881306635,46.91507326147312,20013.0
b2b-25135,33000,530330112001,43200,-122.33038076011847,47.5260682706754,530330112001.0
b2b-19523,22800,530530729061,43200,-122.55058881309056,47.05402215230165,530670127203.0
b2b-9643,22200,530330292061,43200,-122.2446052666474,47.39664040457194,530330292061.0
b2b-25420,31800,530330264005,43200,-122.32796798630088,47.51839430843621,530330264005.0
b2b-59125,37800,530330272001,43200,-122.27550890242571,47.48443251186274,530330272001.0
b2b-21746,46800,530330292061,43200,-122.24451323105885,47.43423203816946,530330292061.0
b2b-55983,41400,530330284032,43200,-122.2935807404904,47.4454336178572,530330284032.0
b2b-51754,39000,530330284024,43200,-122.29258998292704,47.458908818853615,530330284024.0
b2b-47873,21600,530539400022,43200,-122.38051195121128,47.25238714347385,530539400022.0
b2b-9524,46200,530530729061,43200,-122.55058881309056,47.05402215230165,530419714002.0
b2b-41403,42600,530530701001,43200,-121.54325521381088,47.1154042142104,20009.0
b2b-24609,41400,530539400101,43200,-122.33247199447833,47.22236163192498,530539400101.0
b2b-52594,27000,530610535091,43200,-122.15577642818684,48.15652609289869,530610535091.0
b2b-53511,34200,530610533014,43200,-122.36753432018811,48.24860364633015,530730002003.0
b2b-31592,40800,530530701001,43200,-121.54325521381088,47.1154042142104,20095.0
b2b-33200,11400,530530732004,43200,-122.24497881306635,46.91507326147312,20012.0
b2b-6711,28200,530330112001,43200,-122.33227885206496,47.53199660801611,530330112001.0
b2b-1564,37800,530610519281,43200,-122.2497438863331,47.84804718083082,530610519281.0
b2b-32241,15600,530530732004,43200,-122.24497881306635,46.91507326147312,20010.0
b2b-29882,33000,530610533024,43200,-122.34074561477298,48.27571154986818,530579526003.0
b2b-3788,27000,530610537001,43200,-121.19835975276254,48.11551522486367,530630141002.0
b2b-36278,20400,530330256011,43200,-122.1583041158844,47.48866470865708,530330256011.0
b2b-50980,30600,530610537001,43200,-121.19835975276254,48.11551522486367,530659513003.0
b2b-53104,33000,530610537001,43200,-121.19835975276254,48.11551522486367,20127.0
b2b-3040,39600,530610535091,43200,-122.14786381644784,48.17089409242527,530610535091.0
b2b-2296,42600,530610535061,43200,-121.94356390610068,48.24972926509811,530610535061.0
b2b-38980,34200,530530701001,43200,-121.54325521381088,47.1154042142104,20095.0
b2b-37376,38400,530330328003,43200,-121.0994620763074,47.70432736556717,20043.0
b2b-20109,24600,530530726032,43200,-122.77381803555257,47.184454997543526,530670110001.0
b2b-14464,27600,530330203005,43200,-122.34149607393132,47.77400610693101,530330203005.0
b2b-28639,25800,530530732003,43200,-122.24070890083723,46.779553754471394,410670320011.0
b2b-25721,31800,530330323133,43200,-122.08610118963196,47.67258814227379,530330323133.0
b2b-15690,19800,530330218042,43200,-122.19966163667806,47.76168614930842,530330218042.0
b2b-56154,37800,530330288013,43200,-122.30327865099872,47.422202451478086,530330288013.0
b2b-6869,30600,530610533024,43200,-122.34074561477298,48.27571154986818,530579518002.0
b2b-14800,30600,530330081002,43200,-122.334080584772,47.609432441888025,530330081002.0
b2b-28420,30600,530530730061,43200,-122.3464165120801,46.92550674265296,530419713003.0
b2b-25345,22800,530330292061,43200,-122.25551630468378,47.4223338543787,530330292061.0
b2b-4875,30600,530330019001,43200,-122.32728254889794,47.69935761545881,530330019001.0
b2b-3700,23400,530610535071,43200,-122.13623379206128,48.18013860844314,530610535071.0
b2b-34307,35400,530610537001,43200,-121.19835975276254,48.11551522486367,20034.0
b2b-17697,34200,530330058022,43200,-122.3765280312683,47.64059590765098,530330058022.0
b2b-18277,25200,530330237001,43200,-122.16241435722752,47.6238594426265,530330237001.0
b2b-14890,34800,530530730061,43200,-122.3464165120801,46.92550674265296,410099711003.0
b2b-52919,39000,530610537001,43200,-121.19835975276254,48.11551522486367,530630141002.0
b2b-46274,42000,530610533014,43200,-122.36753432018811,48.24860364633015,530730104011.0
b2b-25682,32400,530330288021,43200,-122.29341449659536,47.42707687736177,530330288021.0
b2b-47813,28800,530530702071,43200,-122.03545543600512,47.16125045347701,530530702071.0
b2b-12639,34200,530330093003,43200,-122.33281364030076,47.56911123709892,530330093003.0
b2b-39114,15600,530330315021,43200,-121.35038596453016,47.15689119363349,20117.0
b2b-38786,45600,530610537001,43200,-121.19835975276254,48.11551522486367,20034.0
b2b-29713,36000,530330292061,43200,-122.24630253743486,47.38821598815996,530330292061.0
b2b-51664,33600,530530720002,43200,-122.53020686900938,47.12115984586613,530530720002.0
b2b-23090,24000,530330112001,43200,-122.33038076011847,47.5260682706754,530330112001.0
b2b-5536,31800,530610413042,43200,-122.25208503289907,47.92635492941787,530610413042.0
b2b-53286,45000,530530616011,43200,-122.43776300444318,47.255231485980175,530530616011.0
b2b-48382,34800,530530616021,43200,-122.43642112072332,47.23899334502689,530530616021.0
b2b-31353,37800,530330315021,43200,-121.35038596453016,47.15689119363349,20033.0
b2b-35224,27000,530330263002,43200,-122.29034760404986,47.50675431311565,530330263002.0
b2b-20690,21600,530530729061,43200,-122.55058881309056,47.05402215230165,530419703002.0
b2b-27024,29400,530530701001,43200,-121.54325521381088,47.1154042142104,20009.0
b2b-21877,42600,530530732003,43200,-122.24070890083723,46.779553754471394,410670316134.0
b2b-33379,37200,530530732004,43200,-122.24497881306635,46.91507326147312,20012.0
b2b-36675,27600,530610531021,43200,-122.18921914405846,48.15037009988364,530610531021.0
b2b-44476,28200,530330232011,43200,-122.1383722159959,47.61301121873952,530330232011.0
b2b-55443,22800,530330292061,43200,-122.2459874160508,47.40622966331869,530330292061.0
b2b-24919,32400,530330305011,43200,-122.23040584578192,47.33728071859071,530330305011.0
b2b-35099,12000,530610533021,43200,-122.23890985949284,48.26560079125508,530730102001.0
b2b-54870,30000,530530701001,43200,-121.54325521381088,47.1154042142104,20009.0
b2b-36215,30000,530330093002,43200,-122.33321249640645,47.59386611443682,530330093002.0
b2b-43995,34200,530330093003,43200,-122.33781074015684,47.57150093310607,530330093003.0
b2b-15887,37800,530330226051,43200,-122.15313664834846,47.69858828873089,530330226051.0
b2b-45560,27000,530530723082,43200,-122.55739726706962,47.20830892825252,530530723082.0
b2b-23489,43800,530530729061,43200,-122.55058881309056,47.05402215230165,530670126101.0
b2b-32793,30000,530530701001,43200,-121.54325521381088,47.1154042142104,20009.0
b2b-61038,44400,530610535091,43200,-122.15577642818684,48.15652609289869,530610535091.0
b2b-49038,25200,530530725053,43200,-122.6197484708006,47.388777852838274,530530725053.0
b2b-57691,25200,530330292061,43200,-122.2459874160508,47.40622966331869,530330292061.0
b2b-28493,32400,530610512001,43200,-122.30212126736846,47.80335907496872,530610512001.0
b2b-2479,33000,530610536041,43200,-121.98026287854142,48.08533068538288,530610536041.0
b2b-13326,25200,530330226051,43200,-122.1572495821512,47.70874201576565,530330226051.0
b2b-20532,17400,530530732003,43200,-122.24070890083723,46.779553754471394,410510073001.0
b2b-31078,4800,530330292061,43200,-122.24993081334313,47.41103897846406,530330292061.0
b2b-6680,19200,530330093003,43200,-122.33252649847606,47.56899483460669,530330093003.0
b2b-49421,30000,530539400022,43200,-122.35799177341411,47.24698856781136,530539400022.0
b2b-57438,25800,530330305011,43200,-122.22504545746058,47.32271873929867,530330305011.0
b2b-38190,30000,530530701001,43200,-121.54325521381088,47.1154042142104,20071.0
b2b-19761,29400,530530729061,43200,-122.55058881309056,47.05402215230165,530670123201.0
b2b-50598,24600,530530726032,43200,-122.77381803555257,47.184454997543526,530670109104.0
b2b-56722,19800,530610537001,43200,-121.19835975276254,48.11551522486367,530630112014.0
b2b-31688,29400,530530701001,43200,-121.54325521381088,47.1154042142104,20095.0
b2b-15700,34200,530330226051,43200,-122.1570035391215,47.70910659149974,530330226051.0
b2b-20297,35400,530330315022,43200,-121.9471689930558,47.1997851096156,530330315022.0
b2b-19377,16800,530610533014,43200,-122.36753432018811,48.24860364633015,530730104012.0
b2b-14179,28200,530330323133,43200,-122.0953085966017,47.67324070348591,530330323133.0
b2b-11610,34800,530530732003,43200,-122.24070890083723,46.779553754471394,410050203021.0
b2b-17280,1200,530330058022,43200,-122.37690236370848,47.6402341030212,530330058022.0
b2b-23020,31200,530330292061,43200,-122.24615594617605,47.391714505673576,530330292061.0
b2b-45746,21600,530330268013,43200,-122.35420216780244,47.5096585571295,530330268013.0
b2b-26775,1200,530530701001,43200,-121.54325521381088,47.1154042142104,20118.0
b2b-59572,34800,530350921003,43200,-122.69484002351489,47.52681049400641,530350921003.0
b2b-38573,30600,530610537001,43200,-121.19835975276254,48.11551522486367,20091.0
b2b-29985,22200,530330093002,43200,-122.33962914107708,47.59056118743874,530330093002.0
b2b-7540,41400,530530732003,43200,-122.24070890083723,46.779553754471394,410470025021.0
b2b-1715,35400,530610521042,43200,-122.32343238012989,48.01659536508316,530610521042.0
b2b-47804,22200,530530626001,43200,-122.4853137211647,47.21020471517797,530530626001.0
b2b-17364,23400,530530701001,43200,-121.54325521381088,47.1154042142104,20095.0
b2b-31133,26400,530530732004,43200,-122.24497881306635,46.91507326147312,20012.0
b2b-33385,32400,530530732004,43200,-122.24497881306635,46.91507326147312,20012.0
b2b-12894,40800,530330049002,43200,-122.35272177681968,47.65236915509596,530330049002.0
b2b-57668,25200,530330292061,43200,-122.2459874160508,47.40622966331869,530330292061.0
b2b-48890,24600,530530726032,43200,-122.77381803555257,47.184454997543526,530670110001.0
b2b-6628,33600,530330071001,43200,-122.3606877387274,47.6228216468558,530330071001.0
b2b-33610,21000,530530732004,43200,-122.24497881306635,46.91507326147312,20012.0
b2b-4252,25800,530610413042,43200,-122.27707691241686,47.941867642502736,530610413042.0
b2b-52498,26400,530530626001,43200,-122.48290357322738,47.21925320624676,530530626001.0
b2b-29881,33000,530610533024,43200,-122.34074561477298,48.27571154986818,530579526003.0
b2b-23419,33600,530330093003,43200,-122.33206441612816,47.57412840385988,530330093003.0
b2b-41498,32400,530530701001,43200,-121.54325521381088,47.1154042142104,20009.0
b2b-29453,43800,530530732003,43200,-122.24070890083723,46.779553754471394,410519800001.0
b2b-53966,26400,530530701001,43200,-121.54325521381088,47.1154042142104,20009.0
b2b-37539,30000,530530732004,43200,-122.24497881306635,46.91507326147312,20014.0
b2b-142,14400,530610418052,43200,-122.22079056957138,47.90818296626557,530610418052.0
b2b-52733,35400,530530714062,43200,-122.38170003566306,47.07872835386775,530530714062.0
b2b-52612,34800,530330300034,43200,-122.31537682732626,47.372448076062376,530330300034.0
b2b-44797,30600,530330292061,43200,-122.25322050856488,47.41586647958096,530330292061.0
b2b-59200,40200,530330292061,43200,-122.2348658003146,47.438382095096166,530330292061.0
b2b-2263,30600,530610533025,43200,-122.27088996819954,48.21001753896158,530610533025.0
b2b-54676,17400,530330112001,43200,-122.32090219748493,47.51992620304542,530330112001.0
b2b-9145,33000,530530732004,43200,-122.24497881306635,46.91507326147312,20012.0
b2b-39969,7800,530530701001,43200,-121.54325521381088,47.1154042142104,20118.0
b2b-20352,22800,530330292061,43200,-122.24736954260648,47.389772462432845,530330292061.0
b2b-36165,43800,530330323133,43200,-122.08610118963196,47.67258814227379,530330323133.0
b2b-44938,20400,530530732003,43200,-122.24070890083723,46.779553754471394,410670320031.0
b2b-49147,28200,530530721085,43200,-122.56491536231512,47.1538592661457,530530721085.0
b2b-54885,38400,530530701001,43200,-121.54325521381088,47.1154042142104,20009.0
b2b-3255,23400,530610418052,43200,-122.21756646057352,47.90953929441322,530610418052.0
b2b-44874,43200,530610537001,43200,-121.19835975276254,48.11551522486367,20061.0
b2b-3587,25800,530610413042,43200,-122.24520847642002,47.92654436050197,530610413042.0
b2b-38119,27000,530610533014,43200,-122.36753432018811,48.24860364633015,530579521003.0
b2b-41606,19800,530330315021,43200,-121.35038596453016,47.15689119363349,530770017021.0
b2b-9252,31800,530530701001,43200,-121.54325521381088,47.1154042142104,20009.0
b2b-17958,37200,530330323091,43200,-122.1385590822365,47.680782387713,530330323091.0
b2b-5129,35400,530330323193,43200,-122.15951814661264,47.75585013150364,530330323193.0
b2b-6569,32400,530330112001,43200,-122.33038076011847,47.5260682706754,530330112001.0
b2b-28024,34800,530539400022,43200,-122.39688590845752,47.24395008519793,530539400022.0
b2b-47251,28200,530530725053,43200,-122.61823494652766,47.37888121492185,530530725053.0
b2b-48871,13200,530530726032,43200,-122.77381803555257,47.184454997543526,530670110001.0
b2b-9341,28200,530610537001,43200,-121.19835975276254,48.11551522486367,20034.0
b2b-33303,49200,530530732004,43200,-122.24497881306635,46.91507326147312,20012.0
b2b-45967,15600,530330295022,43200,-122.17951399535562,47.37083246795769,530330295022.0
b2b-50221,30000,530530732003,43200,-122.24070890083723,46.779553754471394,410670320031.0
b2b-12076,12000,530610533014,43200,-122.36753432018811,48.24860364633015,530730002001.0
b2b-41644,34800,530530732004,43200,-122.24497881306635,46.91507326147312,20014.0
b2b-10218,38400,530530701001,43200,-121.54325521381088,47.1154042142104,20071.0
b2b-4024,34200,530610537002,43200,-121.80624488385808,48.27614452791176,530610537002.0
b2b-11541,31800,530330292061,43200,-122.2459874160508,47.40622966331869,530330292061.0
b2b-56803,9600,530330328003,43200,-121.0994620763074,47.70432736556717,530079610001.0
b2b-15473,19800,530330218021,43200,-122.18122884615252,47.7762226425761,530330218021.0
b2b-23388,36600,530330219054,43200,-122.17601104993004,47.734492466552766,530330219054.0
b2b-48264,31200,530530626001,43200,-122.47567693006803,47.22918497925385,530530626001.0
b2b-35892,25800,530530602001,43200,-122.4168322119629,47.24777437749945,530530602001.0
b2b-15016,36000,530330305011,43200,-122.23079288804652,47.34313273831404,530330305011.0
b2b-40003,33000,530530732004,43200,-122.24497881306635,46.91507326147312,20012.0
b2b-14499,38400,530330292061,43200,-122.24820107518406,47.40450027628384,530330292061.0
b2b-24714,34200,530330292061,43200,-122.24630253743486,47.38821598815996,530330292061.0
b2b-11809,43800,530530732003,43200,-122.24070890083723,46.779553754471394,410470025021.0
b2b-28233,39000,530539400101,43200,-122.30185031683546,47.21118419555122,530539400101.0
b2b-56000,21600,530330303042,43200,-122.31472033912912,47.28440496712557,530330303042.0
b2b-39283,31200,530530729061,43200,-122.55058881309056,47.05402215230165,530419714002.0
b2b-24175,49200,530610413042,43200,-122.24520847642002,47.92654436050197,530610413042.0
b2b-15452,21600,530610537001,43200,-121.19835975276254,48.11551522486367,530630104012.0
b2b-13148,20400,530330058014,43200,-122.37708242127223,47.65163243005478,530330058014.0
b2b-36104,27000,530330297004,43200,-122.23489234123154,47.36909257161937,530330297004.0
b2b-54140,33600,530330292061,43200,-122.2459874160508,47.40622966331869,530330292061.0
b2b-55788,30600,530330315021,43200,-121.35038596453016,47.15689119363349,20033.0
b2b-31596,33000,530530701001,43200,-121.54325521381088,47.1154042142104,20095.0
b2b-28143,21600,530539400022,43200,-122.39688590845752,47.24395008519793,530539400022.0
b2b-58864,31800,530330292061,43200,-122.25324809627404,47.40941975000839,530330292061.0
b2b-21215,31800,530330093003,43200,-122.32756598636276,47.58536215354301,530330093003.0
b2b-60319,46800,530530729061,43200,-122.55058881309056,47.05402215230165,530419714002.0
b2b-758,33600,530610528032,43200,-122.17691209460206,48.13289794875889,530610528032.0
b2b-10118,19200,530530732003,43200,-122.24070890083723,46.779553754471394,410470023043.0
b2b-8032,32400,530330264005,43200,-122.32796798630088,47.51839430843621,530330264005.0
b2b-12992,39600,530330080021,43200,-122.34149847986428,47.611571361607695,530330080021.0
b2b-19149,31800,530350901011,43200,-122.60364513128724,47.9301516886425,530299713002.0
b2b-55328,22200,530530701001,43200,-121.54325521381088,47.1154042142104,20009.0
b2b-60970,49200,530330059001,43200,-122.36618765981758,47.65458277812374,530330059001.0
b2b-46735,28800,530330253012,43200,-122.2011114736376,47.51926391009713,530330253012.0
b2b-2272,36000,530610533025,43200,-122.2570114967972,48.21603330247464,530610533025.0
b2b-30350,33000,530610537001,43200,-121.19835975276254,48.11551522486367,20064.0
b2b-50645,30600,530530728001,43200,-122.6498514398432,47.10126306338846,530670122222.0
b2b-59407,600,530350905012,43200,-122.64238945380087,47.73845600878464,530350905012.0
b2b-27109,28800,530539400101,43200,-122.31636548869008,47.21201426449799,530539400101.0
b2b-46151,36000,530330256011,43200,-122.1583041158844,47.48866470865708,530330256011.0
b2b-55410,34800,530350811002,43200,-122.6530939681399,47.565540153997645,530350811002.0
b2b-26850,25800,530330305011,43200,-122.22992751854756,47.34359358883764,530330305011.0
b2b-56033,28200,530330303042,43200,-122.3139833519946,47.28291769279974,530330303042.0
b2b-1200,32400,530610519121,43200,-122.11506049470474,47.79659367106172,530610519121.0
b2b-31251,27000,530610535061,43200,-121.90505639582553,48.26054804302581,530579512001.0
b2b-759,33600,530610528032,43200,-122.17691209460206,48.13289794875889,530610528032.0
b2b-14068,28200,530330323133,43200,-122.0953085966017,47.67324070348591,530330323133.0
b2b-11517,48000,530530732004,43200,-122.24497881306635,46.91507326147312,20010.0
b2b-6213,27000,530610512001,43200,-122.30212126736846,47.80335907496872,530610512001.0
b2b-1176,17400,530530732003,43200,-122.24070890083723,46.779553754471394,410510076001.0
b2b-3668,32400,530610536032,43200,-122.02765363040956,48.02437590490885,530610536032.0
b2b-57548,10800,530530619001,43200,-122.43321543307404,47.23037081097709,530530619001.0
b2b-40700,47400,530330019002,43200,-122.31916215513463,47.69191161527458,530330019002.0
b2b-7759,25800,530530732004,43200,-122.24497881306635,46.91507326147312,20010.0
b2b-25360,20400,530330323133,43200,-122.09222903536138,47.67401505719557,530330323133.0
b2b-446,19200,530530732003,43200,-122.24070890083723,46.779553754471394,410670310062.0
b2b-14339,33000,530330227012,43200,-122.20553790096878,47.66001608882051,530330227012.0
b2b-39919,22200,530530732003,43200,-122.24070890083723,46.779553754471394,530110410052.0
b2b-57833,27000,530539400101,43200,-122.33366939188818,47.21892616665564,530539400101.0
b2b-12822,8400,530330305011,43200,-122.23365186191168,47.31231621291003,530330305011.0
b2b-4354,19800,530330323133,43200,-122.08610118963196,47.67258814227379,530330323133.0
b2b-40930,33000,530530732004,43200,-122.24497881306635,46.91507326147312,20010.0
b2b-16182,30600,530530729061,43200,-122.55058881309056,47.05402215230165,530670117202.0
b2b-31490,25800,530530701001,43200,-121.54325521381088,47.1154042142104,20095.0
b2b-46180,41400,530610533014,43200,-122.36753432018811,48.24860364633015,530579519001.0
b2b-23271,4200,530330112001,43200,-122.32278699163643,47.51939372163404,530330112001.0
b2b-42888,22200,530530701001,43200,-121.54325521381088,47.1154042142104,20095.0
b2b-15098,24600,530330058023,43200,-122.38166015478942,47.63308478875902,530330058023.0
b2b-52869,37800,530530732003,43200,-122.24070890083723,46.779553754471394,530110410052.0
b2b-30885,24000,530330292061,43200,-122.2235835356382,47.41965485155595,530330292061.0
b2b-49123,26400,530530626001,43200,-122.48814194345202,47.20566202009076,530530626001.0
b2b-34560,33000,530530732004,43200,-122.24497881306635,46.91507326147312,20012.0
b2b-35399,33000,530610533021,43200,-122.23890985949284,48.26560079125508,530730102001.0
b2b-25571,32400,530330292061,43200,-122.24472160310586,47.43301366786744,530330292061.0
b2b-40763,18600,530610537001,43200,-121.19835975276254,48.11551522486367,530659513003.0
b2b-52706,31200,530530732003,43200,-122.24070890083723,46.779553754471394,410510073001.0
b2b-12682,35400,530330292061,43200,-122.25320599552248,47.41247515349042,530330292061.0
b2b-57312,28200,530330320111,43200,-122.02526422994526,47.368468563369326,530330320111.0
b2b-5037,19800,530330019001,43200,-122.32786272570462,47.699913445913694,530330019001.0
b2b-15174,24000,530330292061,43200,-122.22344735380952,47.40415866669519,530330292061.0
b2b-34895,19200,530610533014,43200,-122.36753432018811,48.24860364633015,530579519002.0
b2b-44357,43200,530330296013,43200,-122.1655303338688,47.35801499611463,530330296013.0
b2b-8214,30600,530610413042,43200,-122.25250776348716,47.92515439453323,530610413042.0
b2b-45732,22800,530330296013,43200,-122.1654854444795,47.3576589018954,530330296013.0
b2b-34491,18000,530530732004,43200,-122.24497881306635,46.91507326147312,20012.0
b2b-12325,26400,530330253013,43200,-122.2038738311044,47.49675793649896,530330253013.0
b2b-751,40800,530610528032,43200,-122.17691209460206,48.13289794875889,530610528032.0
b2b-3993,39000,530610413042,43200,-122.27707691241686,47.941867642502736,530610413042.0
b2b-40727,39600,530530732003,43200,-122.24070890083723,46.779553754471394,530110410052.0
b2b-6561,24600,530530732004,43200,-122.24497881306635,46.91507326147312,20013.0
b2b-544,27600,530610413042,43200,-122.24353271927004,47.92767281571662,530610413042.0
b2b-3106,33600,530610529032,43200,-122.1790521686861,48.059777040918846,530610529032.0
b2b-29312,22800,530530732003,43200,-122.24070890083723,46.779553754471394,530110410052.0
b2b-55217,27000,530330284024,43200,-122.32605107640192,47.44369649531482,530330284024.0
b2b-2370,46200,530530726032,43200,-122.77381803555257,47.184454997543526,530670110001.0
b2b-31278,35400,530610537001,43200,-121.19835975276254,48.11551522486367,530630114003.0
b2b-2614,22800,530610420053,43200,-122.32077756619454,47.89714179172928,530610420053.0
b2b-54309,33600,530530732003,43200,-122.24070890083723,46.779553754471394,410510072021.0
b2b-20650,45000,530330292061,43200,-122.24431911243629,47.43563296202044,530330292061.0
b2b-5407,33000,530330093002,43200,-122.33962914107708,47.59056118743874,530330093002.0
b2b-14051,28200,530330323133,43200,-122.0953085966017,47.67324070348591,530330323133.0
b2b-50117,24000,530610531021,43200,-122.18921914405846,48.15037009988364,530610531021.0
b2b-7988,28200,530330262001,43200,-122.24710010473818,47.452915709814256,530330262001.0
b2b-40195,42000,530330328003,43200,-121.0994620763074,47.70432736556717,530079611003.0
b2b-56277,31200,530330292061,43200,-122.24284085769776,47.402569263655785,530330292061.0
b2b-53861,37800,530610537001,43200,-121.19835975276254,48.11551522486367,530630114003.0
b2b-962,35400,530610420051,43200,-122.28474211424836,47.880655534317725,530610420051.0
b2b-25840,32400,530330292061,43200,-122.22513682781825,47.431742240111376,530330292061.0
b2b-30628,45000,530330315021,43200,-121.35038596453016,47.15689119363349,530770016022.0
b2b-17674,43200,530330109002,43200,-122.31914647612577,47.551329366588185,530330109002.0
b2b-59809,34200,530350909003,43200,-122.52335983707611,47.63963190180727,530350909003.0
b2b-7433,22800,530610413042,43200,-122.26274299746264,47.938864443246594,530610413042.0
b2b-25246,32400,530330305011,43200,-122.22992751854756,47.34359358883764,530330305011.0
b2b-16895,34800,530330226052,43200,-122.14424617896135,47.6838583267566,530330226052.0
b2b-8791,43800,530530732004,43200,-122.24497881306635,46.91507326147312,20012.0
b2b-55032,25200,530330292061,43200,-122.23621008586612,47.40667844907961,530330292061.0
b2b-21011,33600,530330262001,43200,-122.22187208316502,47.47177856462752,530330262001.0
b2b-12149,15600,530530732003,43200,-122.24070890083723,46.779553754471394,530110412031.0
b2b-31557,21600,530530701001,43200,-121.54325521381088,47.1154042142104,20095.0
b2b-57572,29400,530530702071,43200,-122.04073164128442,47.15981185374302,530530702071.0
b2b-11839,23400,530610413042,43200,-122.253139668109,47.9320277802474,530610413042.0
b2b-17916,29400,530330109001,43200,-122.32867886078132,47.5412251202966,530330109001.0
b2b-24459,48000,530330288021,43200,-122.29490601666896,47.42475699463777,530330288021.0
b2b-11886,20400,530610533021,43200,-122.23890985949284,48.26560079125508,530730102001.0
b2b-55682,27600,530530732003,43200,-122.24070890083723,46.779553754471394,530419717004.0
b2b-3475,38400,530530732003,43200,-122.24070890083723,46.779553754471394,530110412031.0
b2b-55468,22800,530330292061,43200,-122.2459874160508,47.40622966331869,530330292061.0
b2b-15086,24600,530330058023,43200,-122.38166015478942,47.63308478875902,530330058023.0
b2b-56462,47400,530530732003,43200,-122.24070890083723,46.779553754471394,410510102001.0
b2b-33489,23400,530530732004,43200,-122.24497881306635,46.91507326147312,20012.0
b2b-35502,36600,530610533014,43200,-122.36753432018811,48.24860364633015,530730002003.0
b2b-51016,32400,530350921002,43200,-122.74972125078992,47.500019217472826,530350921002.0
b2b-14383,39000,530530729061,43200,-122.55058881309056,47.05402215230165,530419703002.0
b2b-25178,42000,530330263002,43200,-122.29034760404986,47.50675431311565,530330263002.0
b2b-48717,34200,530530714062,43200,-122.39193694817328,47.07397456485872,530530714062.0
b2b-3400,21600,530530732003,43200,-122.24070890083723,46.779553754471394,530110412031.0
b2b-12084,22200,530610533014,43200,-122.36753432018811,48.24860364633015,530730103011.0
b2b-23622,27000,530530729061,43200,-122.55058881309056,47.05402215230165,530670126102.0
b2b-41199,23400,530330322083,43200,-122.0430602331918,47.55012213284945,530330322083.0
b2b-38565,34200,530610537001,43200,-121.19835975276254,48.11551522486367,20091.0
b2b-23662,31800,530530718071,43200,-122.49862871043098,47.16872189350508,530530718071.0
b2b-60568,25800,530330292061,43200,-122.22662093183628,47.42704538062167,530330292061.0
b2b-28057,33600,530350921002,43200,-122.74972125078992,47.500019217472826,530350921002.0
b2b-5710,18000,530330265002,43200,-122.3431011623761,47.51325975581829,530330265002.0
b2b-9614,27000,530330320111,43200,-122.02526422994526,47.368468563369326,530330320111.0
b2b-27430,30600,530330262001,43200,-122.24710010473818,47.452915709814256,530330262001.0
b2b-10666,43800,530330112001,43200,-122.33038076011847,47.5260682706754,530330112001.0
b2b-29088,22800,530530732003,43200,-122.24070890083723,46.779553754471394,530110410052.0
b2b-16523,35400,530330308013,43200,-122.22651783233184,47.2778414409504,530330308013.0
b2b-56108,34200,530539400022,43200,-122.35907334031394,47.24299663080023,530539400022.0
b2b-16988,22200,530330006001,43200,-122.33979887050845,47.72268262204445,530330006001.0
b2b-16733,34200,530330308011,43200,-122.24237313099782,47.28110532233451,530330308011.0
b2b-19813,25200,530530729061,43200,-122.55058881309056,47.05402215230165,530419715003.0
b2b-50471,21600,530530729061,43200,-122.55058881309056,47.05402215230165,530419708004.0
b2b-1218,42000,530610413042,43200,-122.26180860447312,47.94186878038767,530610413042.0
b2b-7983,13200,530330284024,43200,-122.29258998292704,47.458908818853615,530330284024.0
b2b-12102,33600,530610537001,43200,-121.19835975276254,48.11551522486367,530479703004.0
b2b-6241,27000,530610413042,43200,-122.25208503289907,47.92635492941787,530610413042.0
b2b-40468,28200,530530728001,43200,-122.6498514398432,47.10126306338846,530670122222.0
b2b-34203,33000,530530701001,43200,-121.54325521381088,47.1154042142104,20009.0
b2b-52204,31800,530539400101,43200,-122.30153828242798,47.20844219946797,530539400101.0
b2b-18877,26400,530330262001,43200,-122.25272276552256,47.45922241566244,530330262001.0
b2b-38445,46800,530530701001,43200,-121.54325521381088,47.1154042142104,20009.0
b2b-48588,33600,530530733014,43200,-122.23699768887244,47.207720279191705,530530733014.0
b2b-24799,42600,530330284024,43200,-122.32605107640192,47.44369649531482,530330284024.0
b2b-54219,45000,530530732004,43200,-122.24497881306635,46.91507326147312,20014.0
b2b-20877,33000,530330262001,43200,-122.21660133509435,47.45550405064653,530330262001.0
b2b-43237,38400,530330108001,43200,-122.34459343374864,47.55451811993336,530330108001.0
b2b-6502,31800,530530732003,43200,-122.24070890083723,46.779553754471394,410430305003.0
b2b-35539,32400,530330315021,43200,-121.35038596453016,47.15689119363349,530770016022.0
b2b-22917,25800,530530716024,43200,-122.4267780364045,47.15786251844604,530530716024.0
b2b-22232,30600,530530732003,43200,-122.24070890083723,46.779553754471394,410510072021.0
b2b-14337,33000,530330227012,43200,-122.20553790096878,47.66001608882051,530330227012.0
b2b-5105,29400,530330108001,43200,-122.34459343374864,47.55451811993336,530330108001.0
b2b-34870,28800,530610533014,43200,-122.36753432018811,48.24860364633015,530730004003.0
b2b-51156,36600,530330292061,43200,-122.2214180174674,47.40618539074897,530330292061.0
b2b-22287,23400,530330292061,43200,-122.24565317892274,47.42473813864648,530330292061.0
b2b-17459,21600,530330004022,43200,-122.34546580186816,47.70921144651919,530330004022.0
b2b-8666,50400,530330093003,43200,-122.32188819861676,47.58151351512986,530330093003.0
b2b-23808,28800,530530712073,43200,-122.29363726741616,47.16645387261285,530530712073.0
b2b-43579,10800,530530732003,43200,-122.24070890083723,46.779553754471394,530110410052.0
b2b-44021,16800,530610519121,43200,-122.12565289201356,47.79631408623183,530610519121.0
b2b-27068,34800,530330314004,43200,-121.99779172024172,47.20697561366894,530330314004.0
b2b-8895,25200,530530732004,43200,-122.24497881306635,46.91507326147312,20012.0
b2b-17858,49200,530330323191,43200,-122.14494955287375,47.768348310825424,530330323191.0
b2b-48226,34200,530530602001,43200,-122.42645549435754,47.253878682036415,530530602001.0
b2b-21658,34800,530330305011,43200,-122.22992751854756,47.34359358883764,530330305011.0
b2b-58168,27600,530530724084,43200,-122.578157687667,47.266393263905286,530530724084.0
b2b-47124,38400,530530718071,43200,-122.4859680450497,47.17332708488671,530530718071.0
b2b-15130,34200,530330217005,43200,-122.24162164476208,47.757158940785736,530330217005.0
b2b-3893,31800,530610408002,43200,-122.2059983874057,47.979818018061,530610408002.0
b2b-49950,35400,530530728001,43200,-122.6498514398432,47.10126306338846,530670122213.0
b2b-15096,24600,530330058023,43200,-122.38166015478942,47.63308478875902,530330058023.0
b2b-12161,27600,530530732003,43200,-122.24070890083723,46.779553754471394,410510072021.0
b2b-2274,37200,530610533025,43200,-122.21936906719236,48.21254710363756,530610533025.0
b2b-46775,21000,530330299012,43200,-122.2840446711224,47.31629217637615,530330299012.0
b2b-50135,21000,530530732003,43200,-122.24070890083723,46.779553754471394,530110426003.0
b2b-17205,24000,530330058022,43200,-122.3767825695954,47.63944017555061,530330058022.0
b2b-37199,22200,530610528031,43200,-122.17839672415413,48.15182822610645,530610528031.0
b2b-17999,43800,530330219061,43200,-122.1586091561648,47.7443936955015,530330219061.0
b2b-1960,33000,530610510001,43200,-122.32732321411068,47.79620760870299,530610510001.0
b2b-7294,3000,530530718071,43200,-122.50579793337002,47.17312788760757,530530718071.0
b2b-33760,29400,530530701001,43200,-121.54325521381088,47.1154042142104,20009.0
b2b-37747,21000,530330328003,43200,-121.0994620763074,47.70432736556717,530079610001.0
b2b-43969,34800,530530732003,43200,-122.24070890083723,46.779553754471394,410510073001.0
b2b-16141,17400,530330109001,43200,-122.30471374153352,47.53323210364925,530330109001.0
b2b-5542,42600,530610531021,43200,-122.18921914405846,48.15037009988364,530610531021.0
b2b-25013,31800,530330292061,43200,-122.25322050856488,47.41586647958096,530330292061.0
b2b-26770,16200,530530701001,43200,-121.54325521381088,47.1154042142104,20095.0
b2b-44023,3600,530610528031,43200,-122.16491448919726,48.15082943427343,530610528031.0
b2b-37392,33600,530330328003,43200,-121.0994620763074,47.70432736556717,20043.0
b2b-33967,19800,530530701001,43200,-121.54325521381088,47.1154042142104,20009.0
b2b-28567,35400,530330320111,43200,-122.02526422994526,47.368468563369326,530330320111.0
b2b-50706,7200,530530729061,43200,-122.55058881309056,47.05402215230165,530419708002.0
b2b-29146,29400,530530728001,43200,-122.6498514398432,47.10126306338846,530670122213.0
b2b-24563,25800,530330262001,43200,-122.23208131574492,47.470716932547,530330262001.0
b2b-55138,33000,530530732004,43200,-122.24497881306635,46.91507326147312,20012.0
b2b-17335,30600,530330323133,43200,-122.0913786162586,47.6654726531688,530330323133.0
b2b-6993,36600,530610533023,43200,-122.32300048530058,48.28861516761415,530579516003.0
b2b-44632,22800,530610525041,43200,-122.09388353568428,47.97858944694983,530610525041.0
b2b-42847,7800,530539400022,43200,-122.35799177341411,47.24698856781136,530539400022.0
b2b-6741,23400,530610413042,43200,-122.25255143142964,47.9246191361956,530610413042.0
b2b-26573,24600,530330288013,43200,-122.29978682083382,47.41404252517009,530330288013.0
b2b-29943,25200,530530732003,43200,-122.24070890083723,46.779553754471394,530110412031.0
b2b-48434,36000,530539400101,43200,-122.29751632510848,47.21066384122945,530539400101.0
b2b-40856,34200,530330328003,43200,-121.0994620763074,47.70432736556717,530250114021.0
b2b-22748,22200,530530729061,43200,-122.55058881309056,47.05402215230165,530670126102.0
b2b-873,31800,530610524014,43200,-122.10228964826,47.92912512045848,530610524014.0
b2b-26089,30600,530330262001,43200,-122.24717181350287,47.44771333927209,530330262001.0
b2b-29978,42600,530530728001,43200,-122.6498514398432,47.10126306338846,530670122222.0
b2b-18642,40200,530330093003,43200,-122.32185250486653,47.5653704262534,530330093003.0
b2b-40745,19200,530610537001,43200,-121.19835975276254,48.11551522486367,530630145002.0
b2b-5626,36600,530610419032,43200,-122.26846670034529,47.91993930152732,530610419032.0
b2b-29538,28200,530610515002,43200,-122.31703503276825,47.82034412550497,530610515002.0
b2b-49608,34800,530530730012,43200,-122.56178010631646,46.95376989970993,530670124121.0
b2b-34132,19200,530530701001,43200,-121.54325521381088,47.1154042142104,20009.0
b2b-43493,23400,530530616011,43200,-122.43776300444318,47.255231485980175,530530616011.0
b2b-55716,43200,530330305011,43200,-122.22992751854756,47.34359358883764,530330305011.0
b2b-42905,27000,530330288021,43200,-122.29341449659536,47.42707687736177,530330288021.0
b2b-41011,31200,530530732003,43200,-122.24070890083723,46.779553754471394,530110410052.0
b2b-60348,26400,530330263001,43200,-122.29929556224933,47.51518271161302,530330263001.0
b2b-49303,3600,530530602001,43200,-122.38596892123704,47.2712341855688,530530602001.0
b2b-18325,25800,530330247012,43200,-122.1781654291089,47.55335400089327,530330247012.0
b2b-60719,42600,530330099004,43200,-122.3525522092276,47.56898547069012,530330099004.0
b2b-59154,9600,530330296013,43200,-122.1652470475296,47.35843291188085,530330296013.0
b2b-31873,41400,530330288012,43200,-122.3182733960549,47.42644904677949,530330288012.0
b2b-18046,27000,530330109002,43200,-122.32393360461914,47.54973595038075,530330109002.0
b2b-25269,30600,530330292061,43200,-122.24472160310586,47.43301366786744,530330292061.0
b2b-35654,33000,530530730061,43200,-122.3464165120801,46.92550674265296,530150011007.0
b2b-45446,39000,530330292061,43200,-122.22616838953864,47.40963288014064,530330292061.0
b2b-13887,30000,530330218021,43200,-122.18474513918032,47.77203185836266,530330218021.0
b2b-44340,600,530530633003,43200,-122.42016654197502,47.19881050446876,530530633003.0
b2b-19420,24600,530330049002,43200,-122.35287608581216,47.65089174790009,530330049002.0
b2b-17917,29400,530330109001,43200,-122.32867886078132,47.5412251202966,530330109001.0
b2b-44845,44400,530610537001,43200,-121.19835975276254,48.11551522486367,20034.0
b2b-57176,27600,530330303112,43200,-122.3618155589284,47.30141656146442,530330303112.0
b2b-50680,30600,530530728001,43200,-122.6498514398432,47.10126306338846,530670122222.0
b2b-4484,34800,530330319031,43200,-122.12224559106944,47.48766486964959,530330319031.0
b2b-44566,27600,530330226031,43200,-122.17325818675212,47.70530750083524,530330226031.0
b2b-53766,40200,530530732003,43200,-122.24070890083723,46.779553754471394,410670304013.0
b2b-31449,35400,530530701001,43200,-121.54325521381088,47.1154042142104,20095.0
b2b-5486,22200,530330093003,43200,-122.33231170637092,47.56852810250407,530330093003.0
b2b-15060,25800,530330109002,43200,-122.31402361010734,47.547076104631685,530330109002.0
b2b-36970,28800,530330006004,43200,-122.3421369622416,47.70868666822435,530330006004.0
b2b-4257,25800,530610413042,43200,-122.27707691241686,47.941867642502736,530610413042.0
b2b-58808,11400,530330292061,43200,-122.24565317892274,47.42473813864648,530330292061.0
b2b-10767,28200,530530732003,43200,-122.24070890083723,46.779553754471394,410050227071.0
b2b-48158,36000,530530626001,43200,-122.48554627392716,47.21395017250644,530530626001.0
b2b-2820,26400,530610519222,43200,-122.21251887845064,47.79980615025378,530610519222.0
b2b-24655,42600,530330292061,43200,-122.22513682781825,47.431742240111376,530330292061.0
b2b-32156,26400,530330315021,43200,-121.35038596453016,47.15689119363349,530210204001.0
b2b-59897,25800,530530729061,43200,-122.55058881309056,47.05402215230165,530670126101.0
b2b-8540,45000,530330099004,43200,-122.34605635726594,47.57283355443071,530330099004.0
b2b-22936,36000,530330305011,43200,-122.22411155925892,47.34691922377573,530330305011.0
b2b-41454,29400,530330315021,43200,-121.35038596453016,47.15689119363349,530770001002.0
b2b-45327,37800,530330099004,43200,-122.34605635726594,47.57283355443071,530330099004.0
b2b-23135,36000,530530712071,43200,-122.27340766704955,47.15803886207904,530530712071.0
b2b-49276,25200,530530732003,43200,-122.24070890083723,46.779553754471394,410050226031.0
b2b-59047,27600,530530626001,43200,-122.48290357322738,47.21925320624676,530530626001.0
b2b-33936,44400,530530701001,43200,-121.54325521381088,47.1154042142104,20009.0
b2b-41857,20400,530530732004,43200,-122.24497881306635,46.91507326147312,20012.0
b2b-31628,39600,530530701001,43200,-121.54325521381088,47.1154042142104,20095.0
b2b-11019,31800,530610533024,43200,-122.34074561477298,48.27571154986818,530579526003.0
b2b-50708,14400,530530718071,43200,-122.4900747858049,47.17243924661469,530530718071.0
b2b-2232,32400,530530732003,43200,-122.24070890083723,46.779553754471394,530110430001.0
b2b-54596,33000,530330320111,43200,-122.0228827412936,47.36910189719495,530330320111.0
b2b-42541,24000,530610533014,43200,-122.36753432018811,48.24860364633015,530579521003.0
b2b-13954,42600,530330109001,43200,-122.3166606966175,47.53377723229583,530330109001.0
b2b-27448,42000,530330308013,43200,-122.22650221195384,47.27844420070505,530330308013.0
b2b-9515,33600,530530732003,43200,-122.24070890083723,46.779553754471394,410510072021.0
b2b-25015,31800,530330292061,43200,-122.25322050856488,47.41586647958096,530330292061.0
b2b-5450,31800,530330248002,43200,-122.14884030236588,47.57856100764918,530330248002.0
b2b-40458,28800,530330292061,43200,-122.23652142574775,47.40187715022393,530330292061.0
b2b-26331,34200,530330308013,43200,-122.22650221195384,47.27844420070505,530330308013.0
b2b-38601,27600,530610537001,43200,-121.19835975276254,48.11551522486367,20091.0
b2b-31632,32400,530530701001,43200,-121.54325521381088,47.1154042142104,20095.0
b2b-20785,31800,530330323191,43200,-122.1476668430792,47.77185080145393,530330323191.0
b2b-36284,15000,530530732003,43200,-122.24070890083723,46.779553754471394,410510072021.0
b2b-13535,31800,530530726032,43200,-122.77381803555257,47.184454997543526,530670106005.0
b2b-24525,33600,530330292061,43200,-122.2235835356382,47.41965485155595,530330292061.0
b2b-55927,33600,530530701001,43200,-121.54325521381088,47.1154042142104,20095.0
b2b-46003,6000,530330265002,43200,-122.35100632242614,47.5131498605928,530330265002.0
b2b-22450,28200,530330305011,43200,-122.22992751854756,47.34359358883764,530330305011.0
b2b-46880,31200,530330304012,43200,-122.25902277550426,47.29104245112462,530330304012.0
b2b-51809,27000,530330265002,43200,-122.3431011623761,47.51325975581829,530330265002.0
b2b-60336,30600,530530701001,43200,-121.54325521381088,47.1154042142104,20009.0
b2b-48732,30600,530530732003,43200,-122.24070890083723,46.779553754471394,530110430001.0
b2b-50348,44400,530530718071,43200,-122.4843439147255,47.17559026323048,530530718071.0
b2b-6568,30000,530330019001,43200,-122.32736783781162,47.69924159182028,530330019001.0
b2b-47688,3000,530350901011,43200,-122.60364513128724,47.9301516886425,530319505002.0
b2b-35088,24600,530610533014,43200,-122.36753432018811,48.24860364633015,530730002002.0
b2b-5485,22200,530330093003,43200,-122.33231170637092,47.56852810250407,530330093003.0
b2b-51645,42600,530530718071,43200,-122.4900747858049,47.17243924661469,530530718071.0
b2b-39714,25800,530530730061,43200,-122.3464165120801,46.92550674265296,530150011007.0
b2b-10248,34800,530530701001,43200,-121.54325521381088,47.1154042142104,20071.0
b2b-16598,21600,530330263001,43200,-122.30523838259582,47.52676724904423,530330263001.0
b2b-41757,35400,530330315021,43200,-121.35038596453016,47.15689119363349,20112.0
b2b-39877,25200,530530732003,43200,-122.24070890083723,46.779553754471394,410050221081.0
b2b-45777,21600,530330292061,43200,-122.2235835356382,47.41965485155595,530330292061.0
b2b-18955,9600,530610533014,43200,-122.36753432018811,48.24860364633015,530730002001.0
b2b-26045,34800,530330292061,43200,-122.23621008586612,47.40667844907961,530330292061.0
b2b-35529,44400,530610533014,43200,-122.36753432018811,48.24860364633015,530730002002.0
b2b-54528,27600,530330309011,43200,-122.24391231933936,47.29362124422784,530330309011.0
b2b-56767,35400,530610537001,43200,-121.19835975276254,48.11551522486367,20079.0
b2b-46931,27000,530330305011,43200,-122.23687659510382,47.30485781677233,530330305011.0
b2b-39552,33000,530610537001,43200,-121.19835975276254,48.11551522486367,530630122001.0
b2b-58634,16800,530330320111,43200,-122.0228827412936,47.36910189719495,530330320111.0
b2b-5200,44400,530330284024,43200,-122.32415332436707,47.44100869490637,530330284024.0
b2b-56755,22200,530330328003,43200,-121.0994620763074,47.70432736556717,20128.0
b2b-12803,28800,530330295021,43200,-122.17350852229566,47.37950694172241,530330295021.0
b2b-21676,25200,530330292061,43200,-122.24032850745012,47.4188307692889,530330292061.0
b2b-16448,33000,530330292061,43200,-122.23357199819483,47.42308912106493,530330292061.0
b2b-40887,39600,530530732004,43200,-122.24497881306635,46.91507326147312,20012.0
b2b-43525,23400,530350928011,43200,-122.64337922352684,47.50241980345088,530350928011.0
b2b-56357,31800,530539400101,43200,-122.29134378128698,47.21053068660679,530539400101.0
b2b-18709,22800,530330054002,43200,-122.33165726487545,47.65008522617067,530330054002.0
b2b-25659,13800,530610419032,43200,-122.26846670034529,47.91993930152732,530610419032.0
b2b-34036,21600,530530701001,43200,-121.54325521381088,47.1154042142104,20009.0
b2b-31730,15000,530530701001,43200,-121.54325521381088,47.1154042142104,20095.0
b2b-55207,19800,530530701001,43200,-121.54325521381088,47.1154042142104,20009.0
b2b-6546,41400,530530701001,43200,-121.54325521381088,47.1154042142104,20009.0
b2b-5655,43200,530610408002,43200,-122.2059983874057,47.979818018061,530610408002.0
b2b-15514,28800,530330219061,43200,-122.16020577819852,47.74285452806674,530330219061.0
b2b-53293,27000,530539400022,43200,-122.38766758090154,47.23993171883115,530539400022.0
b2b-29947,25200,530530732003,43200,-122.24070890083723,46.779553754471394,530110412031.0
b2b-58686,27600,530530714062,43200,-122.39525763326418,47.05437546618476,530530714062.0
b2b-54890,26400,530539400101,43200,-122.30602775449944,47.20510401307725,530539400101.0
b2b-13290,36000,530330080013,43200,-122.35293504020312,47.61731619931303,530330080013.0
b2b-31910,22800,530350920001,43200,-122.91991165827092,47.56116684098547,530270013002.0
b2b-41080,60600,530530732003,43200,-122.24070890083723,46.779553754471394,530110412031.0
b2b-12830,48000,530330305011,43200,-122.23365186191168,47.31231621291003,530330305011.0
b2b-52191,32400,530530732003,43200,-122.24070890083723,46.779553754471394,410050215002.0
b2b-22546,31800,530330305011,43200,-122.2295983208466,47.33291579842153,530330305011.0
b2b-29320,33000,530530732003,43200,-122.24070890083723,46.779553754471394,410510073001.0
b2b-56219,35400,530539400101,43200,-122.32275214065464,47.21274469722344,530539400101.0
b2b-34916,39600,530610533023,43200,-122.32300048530058,48.28861516761415,530579516003.0
b2b-52862,30000,530610537001,43200,-121.19835975276254,48.11551522486367,530630114003.0
b2b-2664,26400,530610521042,43200,-122.17763662388504,48.0221205609562,530610521042.0
b2b-44120,46800,530610408002,43200,-122.20907430995496,47.97947540301425,530610408002.0
b2b-9694,16800,530530701001,43200,-121.54325521381088,47.1154042142104,20009.0
b2b-24043,21000,530330262001,43200,-122.22938315222208,47.47333433730456,530330262001.0
b2b-15323,36600,530330237001,43200,-122.16601577736562,47.62560948248614,530330237001.0
b2b-20820,28800,530330292061,43200,-122.24668397066084,47.395819984184,530330292061.0
b2b-47625,39600,530530729061,43200,-122.55058881309056,47.05402215230165,530419708004.0
b2b-15072,24000,530330308011,43200,-122.23292383184943,47.30046158815259,530330308011.0
b2b-53996,39600,530530701001,43200,-121.54325521381088,47.1154042142104,20009.0
b2b-3108,30600,530610535091,43200,-122.14195514681626,48.16778654144275,530610535091.0
b2b-2343,41400,530530726032,43200,-122.77381803555257,47.184454997543526,530670110001.0
b2b-20153,24600,530530726032,43200,-122.77381803555257,47.184454997543526,530670110001.0
b2b-29642,28800,530330292061,43200,-122.2459874160508,47.40622966331869,530330292061.0
b2b-25930,34800,530530732003,43200,-122.24070890083723,46.779553754471394,410470025021.0
b2b-31054,33600,530330315021,43200,-121.35038596453016,47.15689119363349,530770018002.0
b2b-11391,53400,530330264005,43200,-122.32796798630088,47.51839430843621,530330264005.0
b2b-39846,49200,530330288021,43200,-122.29490601666896,47.42475699463777,530330288021.0
b2b-3810,39000,530330093002,43200,-122.33367508454955,47.59463059632953,530330093002.0
b2b-6125,45000,530610521083,43200,-122.10810165997442,47.81450505250156,530610521083.0
b2b-40550,48600,530330292061,43200,-122.24754827236004,47.42974320568393,530330292061.0
b2b-12093,47400,530610537001,43200,-121.19835975276254,48.11551522486367,530519701002.0
b2b-5040,21600,530330093003,43200,-122.34231103586774,47.56814278686263,530330093003.0
b2b-58272,43200,530350923002,43200,-122.62912335695638,47.53250273320299,530350923002.0
b2b-16821,23400,530330228033,43200,-122.1249824309002,47.64467116789906,530330228033.0
b2b-43981,58200,530530701001,43200,-121.54325521381088,47.1154042142104,20095.0
b2b-16082,21600,530330109001,43200,-122.30471374153352,47.53323210364925,530330109001.0
b2b-16503,37200,530330090001,43200,-122.30511586756738,47.598985220902,530330090001.0
b2b-41736,28200,530530701001,43200,-121.54325521381088,47.1154042142104,20118.0
b2b-58251,22200,530330292061,43200,-122.2518207706937,47.40853606454237,530330292061.0
b2b-30408,33600,530330308013,43200,-122.22650221195384,47.27844420070505,530330308013.0
b2b-45466,23400,530530720002,43200,-122.53011056282544,47.12117414458373,530530720002.0
b2b-10957,42000,530530701001,43200,-121.54325521381088,47.1154042142104,20118.0
b2b-14836,54600,530330012004,43200,-122.3234739286434,47.70634362349888,530330012004.0
b2b-45187,33000,530330328003,43200,-121.0994620763074,47.70432736556717,530250107002.0
b2b-13265,45600,530530729061,43200,-122.55058881309056,47.05402215230165,530419708004.0
b2b-49169,46800,530530713052,43200,-122.38643365147207,47.16011717806117,530530713052.0
b2b-33623,24600,530530732004,43200,-122.24497881306635,46.91507326147312,20012.0
b2b-34250,39000,530530701001,43200,-121.54325521381088,47.1154042142104,20009.0
b2b-10874,30600,530530732004,43200,-122.24497881306635,46.91507326147312,20012.0
b2b-1447,28200,530610519052,43200,-122.27424905928568,47.82213064682972,530610519052.0
b2b-38827,34800,530610537001,43200,-121.19835975276254,48.11551522486367,20034.0
b2b-4482,23400,530330109001,43200,-122.31615434494384,47.5337116992969,530330109001.0
b2b-19297,13800,530330058014,43200,-122.38982063711448,47.66123445230457,530330058014.0
b2b-54347,18000,530330292061,43200,-122.24236772504756,47.413707726873845,530330292061.0
b2b-26959,27600,530530732004,43200,-122.24497881306635,46.91507326147312,20012.0
b2b-44252,27600,530330288012,43200,-122.3150102031091,47.43096333480719,530330288012.0
b2b-18517,28800,530610533014,43200,-122.36753432018811,48.24860364633015,530299705003.0
b2b-21354,40800,530530732003,43200,-122.24070890083723,46.779553754471394,530150015023.0
b2b-14154,28200,530330323133,43200,-122.0953085966017,47.67324070348591,530330323133.0
b2b-32674,32400,530530732003,43200,-122.24070890083723,46.779553754471394,410510072021.0
b2b-24238,39000,530330112001,43200,-122.33227885206496,47.53199660801611,530330112001.0
b2b-41303,39000,530610533014,43200,-122.36753432018811,48.24860364633015,530730004003.0
b2b-25277,34200,530330284024,43200,-122.32605107640192,47.44369649531482,530330284024.0
b2b-37931,36000,530610533021,43200,-122.23890985949284,48.26560079125508,530730102001.0
b2b-46033,42600,530530704012,43200,-122.23087820547084,47.15182906803796,530530704012.0
b2b-2506,35400,530610537001,43200,-121.59665949576642,48.2680487361357,530610537001.0
b2b-43205,35400,530530732003,43200,-122.24070890083723,46.779553754471394,410470010001.0
b2b-6238,48000,530330323133,43200,-122.09222903536138,47.67401505719557,530330323133.0
b2b-14909,27600,530330237001,43200,-122.1608846590584,47.62548523546992,530330237001.0
b2b-11919,49200,530530729061,43200,-122.55058881309056,47.05402215230165,530419715003.0
b2b-58645,36000,530330263002,43200,-122.28554096203116,47.505380453279805,530330263002.0
b2b-566,34200,530530729061,43200,-122.55058881309056,47.05402215230165,530419714002.0
b2b-9191,46800,530530732004,43200,-122.24497881306635,46.91507326147312,20012.0
b2b-55849,4200,530530732003,43200,-122.24070890083723,46.779553754471394,410670320031.0
b2b-6811,31200,530530732003,43200,-122.24070890083723,46.779553754471394,410510072021.0
b2b-56771,19800,530610537001,43200,-121.19835975276254,48.11551522486367,20056.0
b2b-59839,28200,530350909003,43200,-122.52091915159812,47.632349892667776,530350909003.0
b2b-52262,28800,530330262001,43200,-122.24710010473818,47.452915709814256,530330262001.0
b2b-38854,24600,530610537001,43200,-121.19835975276254,48.11551522486367,20064.0
b2b-24654,42600,530330292061,43200,-122.22513682781825,47.431742240111376,530330292061.0
b2b-37684,41400,530330328003,43200,-121.0994620763074,47.70432736556717,530079611003.0
b2b-3764,30000,530330112001,43200,-122.33227885206496,47.53199660801611,530330112001.0
b2b-3696,17400,530610537002,43200,-121.74314200097383,48.28063880222151,530610537002.0
b2b-14343,30600,530330227012,43200,-122.20553790096878,47.66001608882051,530330227012.0
b2b-48185,47400,530530714063,43200,-122.36189672988436,47.08876927112375,530530714063.0
b2b-41133,22200,530530701001,43200,-121.54325521381088,47.1154042142104,20118.0
b2b-22980,23400,530530703073,43200,-122.13983788177138,47.222117429460056,530530703073.0
b2b-20978,33000,530330234032,43200,-122.12519273459183,47.585704376787504,530330234032.0
b2b-41290,10800,530610531021,43200,-122.18921914405846,48.15037009988364,530610531021.0
b2b-59600,30000,530350902011,43200,-122.65117517963796,47.8001197814777,530350902011.0
b2b-39895,19200,530530701001,43200,-121.54325521381088,47.1154042142104,20118.0
b2b-30107,20400,530539400022,43200,-122.39688590845752,47.24395008519793,530539400022.0
b2b-33941,33000,530530701001,43200,-121.54325521381088,47.1154042142104,20009.0
b2b-39582,27600,530610537001,43200,-121.19835975276254,48.11551522486367,530630114003.0
b2b-55141,27600,530530732004,43200,-122.24497881306635,46.91507326147312,20012.0
b2b-43707,36600,530610537001,43200,-121.19835975276254,48.11551522486367,20062.0
b2b-638,32400,530610413042,43200,-122.27906726554048,47.94032576558691,530610413042.0
b2b-45098,7200,530350920003,43200,-122.90314964263052,47.61631464160515,530090017001.0
b2b-35380,41400,530610533014,43200,-122.36753432018811,48.24860364633015,530730002003.0
b2b-14258,23400,530330316034,43200,-121.9745412148966,47.358372114878726,530330316034.0
b2b-45199,30600,530610537001,43200,-121.19835975276254,48.11551522486367,20127.0
b2b-57852,6600,530350921002,43200,-122.74972125078992,47.500019217472826,530350921002.0
b2b-42643,44400,530530732003,43200,-122.24070890083723,46.779553754471394,410530203043.0
b2b-33960,33600,530530701001,43200,-121.54325521381088,47.1154042142104,20009.0
b2b-44265,31800,530610515002,43200,-122.31703503276825,47.82034412550497,530610515002.0
b2b-18154,44400,530330292061,43200,-122.24450591999772,47.43196538436349,530330292061.0
b2b-46641,25200,530330305011,43200,-122.23060230612586,47.33994350922026,530330305011.0
b2b-48051,30600,530530712051,43200,-122.34882598954054,47.20035173901014,530530712051.0
b2b-45453,28200,530539400022,43200,-122.35897274041128,47.25278630859665,530539400022.0
b2b-39449,37800,530350920003,43200,-122.90314964263052,47.61631464160515,530090013002.0
b2b-37037,31800,530330264005,43200,-122.32796798630088,47.51839430843621,530330264005.0
b2b-48927,53400,530530729061,43200,-122.55058881309056,47.05402215230165,530419711001.0
b2b-58837,43200,530530703073,43200,-122.10354619731852,47.19171558147328,530530703073.0
b2b-8755,39000,530530732004,43200,-122.24497881306635,46.91507326147312,20012.0
b2b-24009,31200,530330292061,43200,-122.22662093183628,47.42704538062167,530330292061.0
b2b-56257,31200,530330288012,43200,-122.3182733960549,47.42644904677949,530330288012.0
b2b-45176,24600,530330315021,43200,-121.35038596453016,47.15689119363349,530719200002.0
b2b-36520,30000,530530732003,43200,-122.24070890083723,46.779553754471394,410510072021.0
b2b-51142,8400,530330305011,43200,-122.22964580068496,47.34441405773616,530330305011.0
b2b-18256,32400,530330263001,43200,-122.2991892742684,47.51485550720909,530330263001.0
b2b-32844,28200,530330292061,43200,-122.2446052666474,47.39664040457194,530330292061.0
b2b-4726,19800,530610413042,43200,-122.27707691241686,47.941867642502736,530610413042.0
b2b-54126,48000,530530718071,43200,-122.4900747858049,47.17243924661469,530530718071.0
b2b-21069,26400,530330250062,43200,-122.06583949372468,47.5315934572992,530330250062.0
b2b-56891,40800,530610534001,43200,-122.1788962996328,48.270180743276,530730102002.0
b2b-57393,32400,530330292061,43200,-122.2617025499446,47.41674840510534,530330292061.0
b2b-36292,34800,530530732003,43200,-122.24070890083723,46.779553754471394,410430306003.0
b2b-9735,600,530530701001,43200,-121.54325521381088,47.1154042142104,20071.0
b2b-60848,25800,530610537001,43200,-121.19835975276254,48.11551522486367,530630122001.0
b2b-59526,33600,530350901023,43200,-122.5374201457111,47.81186575672324,530350901023.0
b2b-43847,51000,530330328003,43200,-121.0994620763074,47.70432736556717,20028.0
b2b-21352,35400,530330054002,43200,-122.3341188308051,47.648575631071154,530330054002.0
b2b-49377,39600,530530626001,43200,-122.4812929537082,47.22249137342297,530530626001.0
b2b-8483,18600,530330262001,43200,-122.21710082113418,47.45559363052543,530330262001.0
b2b-43251,47400,530330265002,43200,-122.3431011623761,47.51325975581829,530330265002.0
b2b-23158,39600,530330112001,43200,-122.33038076011847,47.5260682706754,530330112001.0
b2b-40761,25200,530610537001,43200,-121.19835975276254,48.11551522486367,530630114003.0
b2b-58025,31800,530330303093,43200,-122.33079526550104,47.30165468833246,530330303093.0
b2b-21674,25200,530330292061,43200,-122.24032850745012,47.4188307692889,530330292061.0
b2b-61084,18600,530610418052,43200,-122.21815531870509,47.91000455602854,530610418052.0
b2b-31935,40200,530330093002,43200,-122.33239672143424,47.58809148769889,530330093002.0
b2b-29513,24000,530530732003,43200,-122.24070890083723,46.779553754471394,530110412031.0
b2b-57433,27600,530330080013,43200,-122.35759858213602,47.6180331651649,530330080013.0
b2b-22011,37200,530530732003,43200,-122.24070890083723,46.779553754471394,410510073001.0
b2b-5879,49200,530610413042,43200,-122.24520847642002,47.92654436050197,530610413042.0
b2b-49809,34200,530530728001,43200,-122.6498514398432,47.10126306338846,530670112001.0
b2b-57237,37200,530330305011,43200,-122.2272751478699,47.33653314468699,530330305011.0
b2b-28622,27000,530539400022,43200,-122.35897274041128,47.25278630859665,530539400022.0
b2b-28945,19200,530530732003,43200,-122.24070890083723,46.779553754471394,410050221082.0
b2b-33169,19200,530530732004,43200,-122.24497881306635,46.91507326147312,20012.0
b2b-13112,16200,530330058014,43200,-122.37708242127223,47.65163243005478,530330058014.0
b2b-32347,33000,530610413042,43200,-122.24520847642002,47.92654436050197,530610413042.0
b2b-35211,28200,530610533014,43200,-122.36753432018811,48.24860364633015,530730002003.0
b2b-11814,43800,530530732003,43200,-122.24070890083723,46.779553754471394,410470025021.0
b2b-16123,17400,530330109001,43200,-122.30471374153352,47.53323210364925,530330109001.0
b2b-8206,24000,530330284024,43200,-122.32502834386656,47.4420944841294,530330284024.0
b2b-59026,17400,530330303042,43200,-122.31809347531784,47.28733597405976,530330303042.0
b2b-52082,20400,530530701001,43200,-121.54325521381088,47.1154042142104,20009.0
b2b-59136,27000,530330314001,43200,-121.9850132953527,47.20389970965309,530330314001.0
b2b-50939,33600,530539400101,43200,-122.30185031683546,47.21118419555122,530539400101.0
b2b-57669,25200,530330292061,43200,-122.2459874160508,47.40622966331869,530330292061.0
b2b-22699,25800,530350920001,43200,-122.91991165827092,47.56116684098547,530459605002.0
b2b-4338,19200,530610413042,43200,-122.24520847642002,47.92654436050197,530610413042.0
b2b-5781,30600,530330264005,43200,-122.32796798630088,47.51839430843621,530330264005.0
b2b-30103,20400,530539400022,43200,-122.39688590845752,47.24395008519793,530539400022.0
b2b-56028,28800,530539400022,43200,-122.368289546709,47.242889341578646,530539400022.0
b2b-23339,20400,530530602001,43200,-122.37808376018546,47.26487141265361,530530602001.0
b2b-27244,34800,530330292061,43200,-122.24630253743486,47.38821598815996,530330292061.0
b2b-37505,27600,530530732004,43200,-122.24497881306635,46.91507326147312,20014.0
b2b-581,19200,530350901011,43200,-122.60364513128724,47.9301516886425,530299713002.0
b2b-32572,37200,530610535061,43200,-121.90505639582553,48.26054804302581,530579512001.0
b2b-1250,22800,530610413042,43200,-122.26889143038134,47.94291398934444,530610413042.0
b2b-14217,25800,530330323133,43200,-122.0953085966017,47.67324070348591,530330323133.0
b2b-10177,49200,530610537001,43200,-121.19835975276254,48.11551522486367,20067.0
b2b-1834,28800,530610533014,43200,-122.36753432018811,48.24860364633015,530299705003.0
b2b-33741,40200,530530701001,43200,-121.54325521381088,47.1154042142104,20009.0
b2b-59723,22200,530610533014,43200,-122.36753432018811,48.24860364633015,530579519002.0
b2b-35543,19800,530539400101,43200,-122.30933301135236,47.20709860565505,530539400101.0
b2b-12459,39600,530330292061,43200,-122.24219134227504,47.43794313030838,530330292061.0
b2b-13070,15600,530330283003,43200,-122.26356463407316,47.43376049891164,530330283003.0
b2b-10839,24600,530610522032,43200,-121.99019343370256,47.87086664203265,530610522032.0
b2b-12506,35400,530330323133,43200,-122.0834278878703,47.67577485264337,530330323133.0
b2b-58196,13800,530330303092,43200,-122.32906241861268,47.29861314313712,530330303092.0
b2b-60093,23400,530350811002,43200,-122.6530939681399,47.565540153997645,530350811002.0
b2b-11141,39000,530610534001,43200,-122.1788962996328,48.270180743276,530730101005.0
b2b-26168,34800,530530732003,43200,-122.24070890083723,46.779553754471394,410510073001.0
b2b-33897,22800,530530701001,43200,-121.54325521381088,47.1154042142104,20009.0
b2b-17649,22800,530330257011,43200,-122.19553228542688,47.48224825590131,530330257011.0
b2b-14779,41400,530330219041,43200,-122.15378150701584,47.71380652961082,530330219041.0
b2b-44224,24000,530330292061,43200,-122.24594833117034,47.42791605273119,530330292061.0
b2b-48385,34800,530530616021,43200,-122.43642112072332,47.23899334502689,530530616021.0
b2b-47255,25200,530530725053,43200,-122.61823494652766,47.37888121492185,530530725053.0
b2b-10475,28200,530330264005,43200,-122.32796798630088,47.51839430843621,530330264005.0
b2b-1295,23400,530610519261,43200,-122.15368688297156,47.78209300854154,530610519261.0
b2b-32633,29400,530330219041,43200,-122.15836206250982,47.71408668302469,530330219041.0
b2b-20956,25800,530330243004,43200,-122.23404123154222,47.58412270331499,530330243004.0
b2b-23989,42000,530610537001,43200,-121.19835975276254,48.11551522486367,20086.0
b2b-59880,33000,530610537001,43200,-121.19835975276254,48.11551522486367,530750006002.0
b2b-55658,40200,530530732003,43200,-122.24070890083723,46.779553754471394,530110426003.0
b2b-26385,32400,530530733013,43200,-122.24510500281356,47.2374884800514,530530733013.0
b2b-60127,43800,530330112001,43200,-122.33038076011847,47.5260682706754,530330112001.0
b2b-67,46200,530610510001,43200,-122.3275748357528,47.79710021288178,530610510001.0
b2b-26730,33600,530330292061,43200,-122.2459874160508,47.40622966331869,530330292061.0
b2b-4490,39000,530330284024,43200,-122.32605107640192,47.44369649531482,530330284024.0
b2b-50262,31200,530530732003,43200,-122.24070890083723,46.779553754471394,530110431003.0
b2b-9973,35400,530610537001,43200,-121.19835975276254,48.11551522486367,20066.0
b2b-19400,34800,530610533014,43200,-122.36753432018811,48.24860364633015,530730104012.0
b2b-24581,31800,530330292061,43200,-122.25322050856488,47.41586647958096,530330292061.0
b2b-8881,44400,530530732004,43200,-122.24497881306635,46.91507326147312,20012.0
b2b-52853,33000,530330315021,43200,-121.35038596453016,47.15689119363349,20063.0
b2b-57502,19200,530530731191,43200,-122.28817036234354,47.00490929019355,530530731191.0
b2b-5721,33000,530610515002,43200,-122.31703503276825,47.82034412550497,530610515002.0
b2b-4026,15600,530610537002,43200,-121.72198973783551,48.27982564981998,530610537002.0
b2b-37482,31800,530330315021,43200,-121.35038596453016,47.15689119363349,530719202002.0
b2b-45532,16200,530330299012,43200,-122.28270467659736,47.31575368245974,530330299012.0
b2b-24852,31200,530330288013,43200,-122.29978682083382,47.41404252517009,530330288013.0
b2b-25068,29400,530330219054,43200,-122.17601104993004,47.734492466552766,530330219054.0
b2b-4611,22200,530610533012,43200,-122.33329845364509,48.26704965475196,530610533012.0
b2b-10950,9000,530530701001,43200,-121.54325521381088,47.1154042142104,20118.0
b2b-43533,38400,530330284024,43200,-122.2974406914284,47.443801328169,530330284024.0
b2b-46232,9000,530610533014,43200,-122.36753432018811,48.24860364633015,530730104012.0
b2b-16770,23400,530330228033,43200,-122.1249824309002,47.64467116789906,530330228033.0
b2b-33557,20400,530530732004,43200,-122.24497881306635,46.91507326147312,20012.0
b2b-58090,27000,530330315022,43200,-121.96238438352478,47.20024957101764,530330315022.0
b2b-39188,11400,530330292061,43200,-122.24032850745012,47.4188307692889,530330292061.0
b2b-21422,35400,530330109002,43200,-122.32611300077664,47.55526318215823,530330109002.0
b2b-40359,24600,530530730061,43200,-122.3464165120801,46.92550674265296,530150011007.0
b2b-2983,34800,530610535091,43200,-122.15577642818684,48.15652609289869,530610535091.0
b2b-17838,27600,530330218021,43200,-122.18599605547377,47.77325569272109,530330218021.0
b2b-42144,25200,530330328003,43200,-121.0994620763074,47.70432736556717,530250107002.0
b2b-19072,31200,530330237001,43200,-122.15702800869356,47.626028205593066,530330237001.0
b2b-54497,42600,530530626002,43200,-122.4752737014249,47.2220377125313,530530626002.0
b2b-52455,25200,530530626001,43200,-122.48518573719907,47.21003801587644,530530626001.0
b2b-16778,23400,530330228033,43200,-122.1249824309002,47.64467116789906,530330228033.0
b2b-43829,27000,530530732004,43200,-122.24497881306635,46.91507326147312,20012.0
b2b-26127,21600,530330292061,43200,-122.23621008586612,47.40667844907961,530330292061.0
b2b-45239,18000,530530732004,43200,-122.24497881306635,46.91507326147312,20012.0
b2b-27669,21000,530610512001,43200,-122.30212126736846,47.80335907496872,530610512001.0
b2b-45799,25800,530530730061,43200,-122.3464165120801,46.92550674265296,530419712002.0
b2b-47246,30600,530530725053,43200,-122.61823494652766,47.37888121492185,530530725053.0
b2b-1673,34200,530610533011,43200,-122.33216353995827,48.23999241824277,530610533011.0
b2b-48203,35400,530539400101,43200,-122.28466109164788,47.20630089552888,530539400101.0
b2b-53769,31200,530530732003,43200,-122.24070890083723,46.779553754471394,410510043001.0
b2b-11374,31200,530530729061,43200,-122.55058881309056,47.05402215230165,530419708004.0
b2b-10029,30000,530610537001,43200,-121.19835975276254,48.11551522486367,20066.0
b2b-8520,36600,530330256011,43200,-122.16258536245503,47.48905170793171,530330256011.0
b2b-5332,27000,530330323193,43200,-122.16278940072232,47.757744725044304,530330323193.0
b2b-41140,22200,530530701001,43200,-121.54325521381088,47.1154042142104,20118.0
b2b-17171,38400,530330305011,43200,-122.22497924774048,47.32984769167292,530330305011.0
b2b-6630,48600,530330006004,43200,-122.3421369622416,47.70868666822435,530330006004.0
b2b-59922,27600,530610514005,43200,-122.30116153554891,47.8179072591566,530610514005.0
b2b-45082,28800,530330308013,43200,-122.22650221195384,47.27844420070505,530330308013.0
b2b-1652,34800,530610533011,43200,-122.33216353995827,48.23999241824277,530610533011.0
b2b-32843,29400,530330314004,43200,-121.99779172024172,47.20697561366894,530330314004.0
b2b-18494,27600,530610537001,43200,-121.19835975276254,48.11551522486367,530250101003.0
b2b-15176,24000,530330292061,43200,-122.22344735380952,47.40415866669519,530330292061.0
b2b-8849,27000,530530732004,43200,-122.24497881306635,46.91507326147312,20012.0
b2b-26491,22800,530539400101,43200,-122.30933301135236,47.20709860565505,530539400101.0
b2b-43423,52800,530330315021,43200,-121.35038596453016,47.15689119363349,530770011004.0
b2b-16957,11400,530330109001,43200,-122.30408863741864,47.53319565326882,530330109001.0
b2b-10450,37200,530330292061,43200,-122.2235835356382,47.41965485155595,530330292061.0
b2b-27363,25200,530330292061,43200,-122.26172450913342,47.39944206804464,530330292061.0
b2b-41073,28200,530530732004,43200,-122.24497881306635,46.91507326147312,20014.0
b2b-54377,19200,530610533014,43200,-122.36753432018811,48.24860364633015,530579519002.0
b2b-44853,30000,530610537001,43200,-121.19835975276254,48.11551522486367,20034.0
b2b-51281,19200,530539400101,43200,-122.31636548869008,47.21201426449799,530539400101.0
b2b-9681,16800,530530701001,43200,-121.54325521381088,47.1154042142104,20009.0
b2b-55314,13800,530530732003,43200,-122.24070890083723,46.779553754471394,410510073001.0
b2b-39291,24000,530330315021,43200,-121.35038596453016,47.15689119363349,530770011004.0
b2b-8448,30000,530330219054,43200,-122.17601104993004,47.734492466552766,530330219054.0
b2b-6596,31800,530610413042,43200,-122.25255143142964,47.9246191361956,530610413042.0
b2b-22042,28200,530530732003,43200,-122.24070890083723,46.779553754471394,410670320054.0
b2b-24022,22800,530330292061,43200,-122.2459874160508,47.40622966331869,530330292061.0
b2b-16559,28800,530330300032,43200,-122.31180712619673,47.35585445356991,530330300032.0
b2b-36786,35400,530330328003,43200,-121.0994620763074,47.70432736556717,530179505003.0
b2b-55877,33000,530610537001,43200,-121.19835975276254,48.11551522486367,20069.0
b2b-18127,26400,530330218021,43200,-122.18623143790892,47.77183359970599,530330218021.0
b2b-19064,31200,530330237001,43200,-122.15702800869356,47.626028205593066,530330237001.0
b2b-28010,18000,530530718071,43200,-122.4885730312002,47.17231846271745,530530718071.0
b2b-25938,28800,530330262001,43200,-122.23208131574492,47.470716932547,530330262001.0
b2b-9968,35400,530610537001,43200,-121.19835975276254,48.11551522486367,20066.0
b2b-11706,24600,530610537001,43200,-121.19835975276254,48.11551522486367,530630114003.0
b2b-37002,28800,530610533021,43200,-122.23890985949284,48.26560079125508,530730102001.0
b2b-32905,48600,530330072001,43200,-122.34222290120908,47.62143786859168,530330072001.0
b2b-39398,33000,530530730061,43200,-122.3464165120801,46.92550674265296,410710306011.0
b2b-52619,33000,530530718071,43200,-122.48932927735548,47.17244694011824,530530718071.0
b2b-50893,25800,530530712073,43200,-122.28891747535232,47.15772011882847,530530712073.0
b2b-41810,29400,530330292061,43200,-122.26172450913342,47.39944206804464,530330292061.0
b2b-13585,30600,530530732003,43200,-122.24070890083723,46.779553754471394,410050235003.0
b2b-42070,27000,530330328003,43200,-121.0994620763074,47.70432736556717,530019505001.0
b2b-30019,32400,530330323193,43200,-122.1581093804582,47.75939019084427,530330323193.0
b2b-43728,44400,530530732003,43200,-122.24070890083723,46.779553754471394,410510043001.0
b2b-42182,33600,530610533014,43200,-122.36753432018811,48.24860364633015,530730004003.0
b2b-11486,27000,530610533021,43200,-122.23890985949284,48.26560079125508,530730102001.0
b2b-2401,17400,530610536024,43200,-121.949477619108,48.107633102732464,530610536024.0
b2b-29043,32400,530530732003,43200,-122.24070890083723,46.779553754471394,530110412031.0
b2b-6802,43200,530530732003,43200,-122.24070890083723,46.779553754471394,410670320011.0
b2b-35368,30600,530330112001,43200,-122.3214141584895,47.52232063451912,530330112001.0
b2b-38315,19800,530530718071,43200,-122.4900747858049,47.17243924661469,530530718071.0
b2b-7788,26400,530610535061,43200,-121.90505639582553,48.26054804302581,530579512001.0
b2b-43356,28200,530330303042,43200,-122.31853144736124,47.28713145180216,530330303042.0
b2b-29629,28200,530330292061,43200,-122.24032850745012,47.4188307692889,530330292061.0
b2b-51084,27000,530330305011,43200,-122.22992751854756,47.34359358883764,530330305011.0
b2b-24722,37200,530330292061,43200,-122.23621008586612,47.40667844907961,530330292061.0
b2b-29532,25200,530530732003,43200,-122.24070890083723,46.779553754471394,530110427002.0
b2b-55630,20400,530530732003,43200,-122.24070890083723,46.779553754471394,530110411051.0
b2b-51099,22200,530530732003,43200,-122.24070890083723,46.779553754471394,410510007023.0
b2b-37947,35400,530610533014,43200,-122.36753432018811,48.24860364633015,530730002003.0
b2b-60904,31200,530610533023,43200,-122.32300048530058,48.28861516761415,530579516003.0
b2b-35660,4800,530330292061,43200,-122.23347195032264,47.42222558680258,530330292061.0
b2b-42203,45600,530610533014,43200,-122.36753432018811,48.24860364633015,530730104012.0
b2b-38594,37800,530610537001,43200,-121.19835975276254,48.11551522486367,20091.0
b2b-39059,34200,530330292061,43200,-122.22616838953864,47.40963288014064,530330292061.0
b2b-25468,43800,530330292061,43200,-122.23652142574775,47.40187715022393,530330292061.0
b2b-36554,26400,530530732003,43200,-122.24070890083723,46.779553754471394,410510072021.0
b2b-36618,27000,530530732003,43200,-122.24070890083723,46.779553754471394,410510072021.0
b2b-20482,43200,530330109001,43200,-122.31687867056044,47.5343286954604,530330109001.0
b2b-48395,22800,530539400022,43200,-122.357190363886,47.2485242296819,530539400022.0
b2b-23910,30600,530330305011,43200,-122.22992751854756,47.34359358883764,530330305011.0
b2b-36200,24000,530330093003,43200,-122.33846014274027,47.57284490176061,530330093003.0
b2b-54402,28800,530330264005,43200,-122.32796798630088,47.51839430843621,530330264005.0
b2b-8133,29400,530330263001,43200,-122.29904711679184,47.51478967348472,530330263001.0
b2b-51910,28800,530530616011,43200,-122.43776300444318,47.255231485980175,530530616011.0
b2b-38227,37800,530530701001,43200,-121.54325521381088,47.1154042142104,20071.0
b2b-2853,31200,530610522041,43200,-122.00467004353038,47.86489108060735,530610522041.0
b2b-3032,40800,530610515001,43200,-122.3122361009677,47.82823196333998,530610515001.0
b2b-20057,31200,530330109002,43200,-122.32525562740344,47.5496129260593,530330109002.0
b2b-33336,46800,530530732004,43200,-122.24497881306635,46.91507326147312,20012.0
b2b-61079,49800,530330284024,43200,-122.29828123802866,47.44416305383533,530330284024.0
b2b-57234,16800,530330288013,43200,-122.29978682083382,47.41404252517009,530330288013.0
b2b-51195,24000,530530732004,43200,-122.24497881306635,46.91507326147312,20012.0
b2b-25143,37800,530330099004,43200,-122.3525522092276,47.56898547069012,530330099004.0
b2b-24814,27000,530330292061,43200,-122.26172450913342,47.39944206804464,530330292061.0
b2b-3116,34200,530610418113,43200,-122.23974601447227,47.87915646005427,530610418113.0
b2b-3273,25200,530610519121,43200,-122.12039818167727,47.80008677855898,530610519121.0
b2b-60903,35400,530530728001,43200,-122.6498514398432,47.10126306338846,530670122222.0
b2b-24500,40200,530539400022,43200,-122.3623989794619,47.24303041243632,530539400022.0
b2b-60592,46800,530530701001,43200,-121.54325521381088,47.1154042142104,20071.0
b2b-32837,21600,530530701001,43200,-121.54325521381088,47.1154042142104,20009.0
b2b-7081,40800,530610533024,43200,-122.34074561477298,48.27571154986818,530579526003.0
b2b-55734,36000,530530730012,43200,-122.56178010631646,46.95376989970993,530670125201.0
b2b-27625,24000,530530732003,43200,-122.24070890083723,46.779553754471394,410470025021.0
b2b-55281,37200,530610537001,43200,-121.19835975276254,48.11551522486367,530630114003.0
b2b-55241,32400,530330284024,43200,-122.32605107640192,47.44369649531482,530330284024.0
b2b-4657,27000,530330323133,43200,-122.09222903536138,47.67401505719557,530330323133.0
b2b-58498,38400,530330296013,43200,-122.1654854444795,47.3576589018954,530330296013.0
b2b-23837,39600,530610537001,43200,-121.19835975276254,48.11551522486367,530630141002.0
b2b-20164,24600,530530726032,43200,-122.77381803555257,47.184454997543526,530670110001.0
b2b-30620,28800,530330292061,43200,-122.2235835356382,47.41965485155595,530330292061.0
b2b-34925,32400,530610533014,43200,-122.36753432018811,48.24860364633015,530579521003.0
b2b-6465,36000,530330323133,43200,-122.08610118963196,47.67258814227379,530330323133.0
b2b-53915,34800,530330320111,43200,-122.0228827412936,47.36910189719495,530330320111.0
b2b-58010,22800,530530718071,43200,-122.48989801673194,47.17230069743552,530530718071.0
b2b-26461,22200,530330305011,43200,-122.2295983208466,47.33291579842153,530330305011.0
b2b-31959,40200,530530732003,43200,-122.24070890083723,46.779553754471394,410470025021.0
b2b-24628,42600,530539400101,43200,-122.33247199447833,47.22236163192498,530539400101.0
b2b-14249,23400,530330316034,43200,-121.9745412148966,47.358372114878726,530330316034.0
b2b-49548,24600,530530712071,43200,-122.28606654806124,47.15681715346891,530530712071.0
b2b-38711,34200,530610537001,43200,-121.19835975276254,48.11551522486367,20034.0
b2b-44482,42000,530330099004,43200,-122.3525522092276,47.56898547069012,530330099004.0
b2b-37237,23400,530330315021,43200,-121.35038596453016,47.15689119363349,530770001002.0
b2b-33844,48000,530530701001,43200,-121.54325521381088,47.1154042142104,20009.0
b2b-21459,33000,530330058014,43200,-122.38588856834014,47.65942546509962,530330058014.0
b2b-3909,21000,530330305011,43200,-122.2295983208466,47.33291579842153,530330305011.0
b2b-29705,35400,530330093002,43200,-122.33367508454955,47.59463059632953,530330093002.0
b2b-22158,35400,530530732003,43200,-122.24070890083723,46.779553754471394,530110412031.0
b2b-36641,29400,530330315021,43200,-121.35038596453016,47.15689119363349,530210204001.0
b2b-41463,41400,530330314004,43200,-121.99779172024172,47.20697561366894,530330314004.0
b2b-40512,10800,530530732004,43200,-122.24497881306635,46.91507326147312,20012.0
b2b-14274,30000,530330292061,43200,-122.2347220784728,47.4272610233373,530330292061.0
b2b-59546,30600,530610533014,43200,-122.36753432018811,48.24860364633015,530299715001.0
b2b-28487,46200,530530602001,43200,-122.4168322119629,47.24777437749945,530530602001.0
b2b-28229,33600,530530732003,43200,-122.24070890083723,46.779553754471394,410430306003.0
b2b-25703,34800,530330292061,43200,-122.24472160310586,47.43301366786744,530330292061.0
b2b-50626,30600,530530728001,43200,-122.6498514398432,47.10126306338846,530670122222.0
b2b-27022,43200,530530701001,43200,-121.54325521381088,47.1154042142104,20009.0
b2b-20135,24600,530530726032,43200,-122.77381803555257,47.184454997543526,530670110001.0
b2b-4337,19200,530610413042,43200,-122.24520847642002,47.92654436050197,530610413042.0
b2b-22514,30000,530530732003,43200,-122.24070890083723,46.779553754471394,410510072021.0
b2b-39622,19200,530610533024,43200,-122.34074561477298,48.27571154986818,530579518002.0
b2b-58371,37800,530330297004,43200,-122.23544254615908,47.36531619290829,530330297004.0
b2b-24698,36600,530530729061,43200,-122.55058881309056,47.05402215230165,530670126102.0
b2b-52341,45000,530530714062,43200,-122.38170003566306,47.07872835386775,530530714062.0
b2b-56061,46800,530530714062,43200,-122.37956250039812,47.08261649893218,530530714062.0
b2b-11312,34800,530330320111,43200,-122.02526422994526,47.368468563369326,530330320111.0
b2b-59277,28200,530350921003,43200,-122.69283711954428,47.526056186723046,530350921003.0
b2b-6172,25800,530610535091,43200,-122.15577642818684,48.15652609289869,530610535091.0
b2b-28460,42000,530330323193,43200,-122.1581093804582,47.75939019084427,530330323193.0
b2b-14868,23400,530330220052,43200,-122.18881683400522,47.709526887567215,530330220052.0
b2b-49564,25200,530330305011,43200,-122.23138204738076,47.34687568503598,530330305011.0
b2b-37968,40200,530610533014,43200,-122.36753432018811,48.24860364633015,530730104012.0
b2b-17022,33600,530610533014,43200,-122.36753432018811,48.24860364633015,530299704001.0
b2b-55490,32400,530610533014,43200,-122.36753432018811,48.24860364633015,530730104012.0
b2b-1815,42600,530610533014,43200,-122.36753432018811,48.24860364633015,530579519002.0
b2b-51797,43800,530539400101,43200,-122.30426664876722,47.21483030744824,530539400101.0
b2b-51945,34200,530530732003,43200,-122.24070890083723,46.779553754471394,410510007023.0
b2b-11317,29400,530530728001,43200,-122.6498514398432,47.10126306338846,530670122222.0
b2b-40174,31800,530610417042,43200,-122.2207068332968,47.85550066190847,530610417042.0
b2b-303,29400,530610408002,43200,-122.20740921411743,47.97867025191261,530610408002.0
b2b-50263,18000,530530732003,43200,-122.24070890083723,46.779553754471394,410510072021.0
b2b-24576,47400,530330284024,43200,-122.29771243052475,47.44348659314748,530330284024.0
b2b-18850,40200,530330262001,43200,-122.25272276552256,47.45922241566244,530330262001.0
b2b-33245,29400,530530732004,43200,-122.24497881306635,46.91507326147312,20012.0
b2b-36118,42000,530330292061,43200,-122.2459874160508,47.40622966331869,530330292061.0
b2b-51239,18000,530330305011,43200,-122.22992751854756,47.34359358883764,530330305011.0
b2b-18725,21600,530330219061,43200,-122.16669136114037,47.74967616225104,530330219061.0
b2b-22065,33600,530530732003,43200,-122.24070890083723,46.779553754471394,410510073001.0
b2b-18609,6600,530330058014,43200,-122.3795727129436,47.65646256888155,530330058014.0
b2b-8779,28200,530530732004,43200,-122.24497881306635,46.91507326147312,20012.0
b2b-52364,39600,530330292061,43200,-122.24630253743486,47.38821598815996,530330292061.0
b2b-4403,32400,530330265002,43200,-122.3431011623761,47.51325975581829,530330265002.0
b2b-12293,37200,530330268011,43200,-122.33374731257008,47.50748833158536,530330268011.0
b2b-37760,19800,530330328003,43200,-121.0994620763074,47.70432736556717,530079610001.0
b2b-4033,3600,530610418052,43200,-122.21815531870509,47.91000455602854,530610418052.0
b2b-60784,27000,530330262001,43200,-122.24717181350287,47.44771333927209,530330262001.0
b2b-51470,33000,530530718071,43200,-122.4885730312002,47.17231846271745,530530718071.0
b2b-23810,31200,530610533024,43200,-122.34074561477298,48.27571154986818,530579518002.0
b2b-60781,27000,530330262001,43200,-122.24717181350287,47.44771333927209,530330262001.0
b2b-13286,36000,530330080013,43200,-122.35293504020312,47.61731619931303,530330080013.0
b2b-23739,34200,530530712071,43200,-122.28611945306136,47.155943185501535,530530712071.0
b2b-34806,27000,530330292061,43200,-122.2514265004056,47.40443089912408,530330292061.0
b2b-27913,39600,530330292061,43200,-122.22834520138616,47.42187038261192,530330292061.0
b2b-8752,24600,530530732004,43200,-122.24497881306635,46.91507326147312,20012.0
b2b-1453,22200,530610408002,43200,-122.21827475669602,47.98209850822149,530610408002.0
b2b-24287,39600,530539400022,43200,-122.35897274041128,47.25278630859665,530539400022.0
b2b-5807,6600,530330117002,43200,-122.2821017059365,47.51224023583871,530330117002.0
b2b-50639,30600,530530728001,43200,-122.6498514398432,47.10126306338846,530670122222.0
b2b-6510,47400,530530732003,43200,-122.24070890083723,46.779553754471394,410430202001.0
b2b-22071,27000,530530732003,43200,-122.24070890083723,46.779553754471394,410510073001.0
b2b-58395,27600,530530626001,43200,-122.4848449104288,47.21849815115499,530530626001.0
b2b-17254,30600,530330093003,43200,-122.32982761688224,47.56997095515498,530330093003.0
b2b-16156,22200,530330047002,43200,-122.37079152844024,47.665311389081786,530330047002.0
b2b-17089,34800,530330305011,43200,-122.22497924774048,47.32984769167292,530330305011.0
b2b-45217,34200,530330328003,43200,-121.0994620763074,47.70432736556717,20128.0
b2b-57099,24600,530330305011,43200,-122.22922069863904,47.33270147671347,530330305011.0
b2b-3929,46200,530330324011,43200,-121.98779991779364,47.73411298745755,530330324011.0
b2b-30782,40200,530330292061,43200,-122.24472160310586,47.43301366786744,530330292061.0
b2b-60702,55200,530330328003,43200,-121.0994620763074,47.70432736556717,530179505003.0
b2b-27622,24000,530530732003,43200,-122.24070890083723,46.779553754471394,410470025021.0
b2b-37116,24000,530530714062,43200,-122.38170003566306,47.07872835386775,530530714062.0
b2b-50895,40200,530330292061,43200,-122.2399524047634,47.42065299126694,530330292061.0
b2b-20187,24000,530530726032,43200,-122.77381803555257,47.184454997543526,530670110001.0
b2b-53720,37800,530610537001,43200,-121.19835975276254,48.11551522486367,530630004003.0
b2b-24928,18600,530330262001,43200,-122.25275710096406,47.44811819081014,530330262001.0
b2b-46418,29400,530530732003,43200,-122.24070890083723,46.779553754471394,410510072021.0
b2b-33478,23400,530530732004,43200,-122.24497881306635,46.91507326147312,20012.0
b2b-59199,23400,530530731132,43200,-122.28886429429132,47.08889912285018,530530731132.0
b2b-17839,35400,530350901023,43200,-122.51780370911818,47.83231288315167,530299719001.0
b2b-23935,30600,530330305011,43200,-122.22992751854756,47.34359358883764,530330305011.0
b2b-42056,36600,530530730061,43200,-122.3464165120801,46.92550674265296,410670331021.0
b2b-14635,19800,530330263001,43200,-122.30298470260465,47.52221749762116,530330263001.0
b2b-323,27000,530610408002,43200,-122.20740921411743,47.97867025191261,530610408002.0
b2b-15923,34200,530330326021,43200,-121.87384347788426,47.52828198391666,530330326021.0
b2b-45133,22800,530330109001,43200,-122.30470511550692,47.53353754098162,530330109001.0
b2b-46885,24600,530350920002,43200,-122.73381137296514,47.54852000347213,530459604001.0
b2b-56922,27600,530610419032,43200,-122.26843387762376,47.91726990385733,530610419032.0
b2b-7890,34800,530610519231,43200,-122.21095176810252,47.83319074085923,530610519231.0
b2b-43733,25800,530530732003,43200,-122.24070890083723,46.779553754471394,530110413251.0
b2b-49491,31800,530539400101,43200,-122.30426664876722,47.21483030744824,530539400101.0
b2b-7882,36000,530330253012,43200,-122.2011114736376,47.51926391009713,530330253012.0
b2b-55955,45000,530530728001,43200,-122.6498514398432,47.10126306338846,530670123302.0
b2b-29842,28800,530330262001,43200,-122.24717181350287,47.44771333927209,530330262001.0
b2b-2608,28800,530530729061,43200,-122.55058881309056,47.05402215230165,530419703002.0
b2b-4883,33600,530610413042,43200,-122.27707691241686,47.941867642502736,530610413042.0
b2b-2814,28200,530610521042,43200,-122.17653133914622,47.99838633896312,530610521042.0
b2b-32035,48600,530530732003,43200,-122.24070890083723,46.779553754471394,410510073001.0
b2b-57147,33600,530330305011,43200,-122.23040584578192,47.33728071859071,530330305011.0
b2b-30795,34200,530330284024,43200,-122.32605107640192,47.44369649531482,530330284024.0
b2b-8141,18000,530330204013,43200,-122.307123156484,47.765730459267765,530330204013.0
b2b-14111,28200,530330323133,43200,-122.0953085966017,47.67324070348591,530330323133.0
b2b-29482,28800,530330262001,43200,-122.24710010473818,47.452915709814256,530330262001.0
b2b-42708,28200,530530732004,43200,-122.24497881306635,46.91507326147312,20012.0
b2b-45374,43200,530330292061,43200,-122.2446052666474,47.39664040457194,530330292061.0
b2b-24046,36600,530330292061,43200,-122.24469821499332,47.4277624117426,530330292061.0
b2b-28342,30600,530330208002,43200,-122.3546895034558,47.75770809744354,530330208002.0
b2b-45338,18000,530610537001,43200,-121.19835975276254,48.11551522486367,20079.0
b2b-19848,39000,530530726032,43200,-122.77381803555257,47.184454997543526,530670110001.0
b2b-37946,35400,530610533014,43200,-122.36753432018811,48.24860364633015,530730002003.0
b2b-960,28800,530610519222,43200,-122.21526051922706,47.797963674041,530610519222.0
b2b-20218,24000,530530726032,43200,-122.77381803555257,47.184454997543526,530670110001.0
b2b-23785,18600,530330283003,43200,-122.25198503629612,47.42872998511336,530330283003.0
b2b-51346,40200,530539400022,43200,-122.35799177341411,47.24698856781136,530539400022.0
b2b-59969,30000,530330093002,43200,-122.33239672143424,47.58809148769889,530330093002.0
b2b-45859,30000,530350928011,43200,-122.63035031293144,47.49402316074253,530350928011.0
b2b-39345,31200,530350920001,43200,-122.91991165827092,47.56116684098547,530270013002.0
b2b-25082,31200,530330237001,43200,-122.1698806056832,47.62581212961685,530330237001.0
b2b-14198,31200,530330323133,43200,-122.0953085966017,47.67324070348591,530330323133.0
b2b-59538,31800,530350811001,43200,-122.65167307586096,47.56864778443208,530350811001.0
b2b-54093,40800,530330288021,43200,-122.29341449659536,47.42707687736177,530330288021.0
b2b-54465,33000,530330315021,43200,-121.35038596453016,47.15689119363349,20015.0
b2b-33297,18000,530530732004,43200,-122.24497881306635,46.91507326147312,20012.0
b2b-17123,34800,530330305011,43200,-122.22497924774048,47.32984769167292,530330305011.0
b2b-2909,28800,530610521082,43200,-122.1254335723583,47.82307833378982,530610521082.0
b2b-3947,16800,530610521083,43200,-122.10810165997442,47.81450505250156,530610521083.0
b2b-678,31200,530530732003,43200,-122.24070890083723,46.779553754471394,410670330003.0
b2b-32212,44400,530530732003,43200,-122.24070890083723,46.779553754471394,530110410052.0
b2b-5017,32400,530330323193,43200,-122.1581093804582,47.75939019084427,530330323193.0
b2b-43411,33600,530530732004,43200,-122.24497881306635,46.91507326147312,20010.0
b2b-26090,30600,530330262001,43200,-122.24717181350287,47.44771333927209,530330262001.0
b2b-60779,24600,530330237001,43200,-122.1698806056832,47.62581212961685,530330237001.0
b2b-8040,21000,530330099004,43200,-122.3525522092276,47.56898547069012,530330099004.0
b2b-21017,25200,530330221012,43200,-122.25126430532752,47.73737416974323,530330221012.0
b2b-52314,27600,530330315021,43200,-121.35038596453016,47.15689119363349,530719202002.0
b2b-25487,28200,530330284024,43200,-122.32605107640192,47.44369649531482,530330284024.0
b2b-46607,26400,530530607003,43200,-122.46925448778096,47.25947335525378,530530607003.0
b2b-37164,23400,530530626001,43200,-122.48142674423129,47.22315676250872,530530626001.0
b2b-14300,30600,530330262001,43200,-122.25219928942953,47.47402100803304,530330262001.0
b2b-15901,28800,530530729061,43200,-122.55058881309056,47.05402215230165,530670108005.0
b2b-26327,34200,530539400022,43200,-122.3824225801224,47.243966871077,530539400022.0
b2b-5225,37200,530330059001,43200,-122.36618765981758,47.65458277812374,530330059001.0
b2b-28327,31800,530610419032,43200,-122.26843387762376,47.91726990385733,530610419032.0
b2b-12704,34800,530330226051,43200,-122.15589465245044,47.707526766833126,530330226051.0
b2b-51133,18000,530330292061,43200,-122.24469821499332,47.4277624117426,530330292061.0
b2b-45062,12600,530330019001,43200,-122.32498518332416,47.7007064097056,530330019001.0
b2b-37060,48000,530610535061,43200,-121.90505639582553,48.26054804302581,530579512001.0
b2b-39529,30600,530610537001,43200,-121.19835975276254,48.11551522486367,530630122001.0
b2b-33805,60600,530530701001,43200,-121.54325521381088,47.1154042142104,20009.0
b2b-13726,22200,530330250062,43200,-122.06605641662354,47.53208436949626,530330250062.0
b2b-36159,49200,530330093003,43200,-122.33206441612816,47.57412840385988,530330093003.0
b2b-29771,31800,530330059001,43200,-122.36618765981758,47.65458277812374,530330059001.0
b2b-25280,34200,530330284024,43200,-122.32605107640192,47.44369649531482,530330284024.0
b2b-47184,39600,530530713051,43200,-122.39856159946636,47.14627636177037,530530713051.0
b2b-23450,48600,530530726032,43200,-122.77381803555257,47.184454997543526,530270007001.0
b2b-20428,24000,530330219061,43200,-122.15924311935004,47.74621685775933,530330219061.0
b2b-35013,6600,530610533021,43200,-122.23890985949284,48.26560079125508,530730102001.0
b2b-8349,36000,530330208002,43200,-122.3546895034558,47.75770809744354,530330208002.0
b2b-43188,28800,530330264005,43200,-122.32796798630088,47.51839430843621,530330264005.0
b2b-15528,22800,530330292061,43200,-122.2513673294172,47.4059887898326,530330292061.0
b2b-16160,35400,530530732003,43200,-122.24070890083723,46.779553754471394,410530203025.0
b2b-14144,28200,530330323133,43200,-122.0953085966017,47.67324070348591,530330323133.0
b2b-46041,19800,530539400101,43200,-122.31636548869008,47.21201426449799,530539400101.0
b2b-1577,17400,530619400013,43200,-122.1904456175628,48.05215092469976,530619400013.0
b2b-16792,23400,530330228033,43200,-122.1249824309002,47.64467116789906,530330228033.0
b2b-13816,30000,530330218021,43200,-122.18474513918032,47.77203185836266,530330218021.0
b2b-11314,40800,530330315021,43200,-121.35038596453016,47.15689119363349,530770016022.0
b2b-57391,39600,530530619001,43200,-122.43321543307404,47.23037081097709,530530619001.0
b2b-41798,34800,530530732003,43200,-122.24070890083723,46.779553754471394,410050230011.0
b2b-51579,51000,530330300034,43200,-122.31537682732626,47.372448076062376,530330300034.0
b2b-1883,52200,530610532013,43200,-122.3497045966242,48.21030551542264,530610532013.0
b2b-3670,33000,530610523021,43200,-122.0465552552023,47.93438435816872,530610523021.0
b2b-20747,24000,530330091001,43200,-122.31737148694128,47.59836199170702,530330091001.0
b2b-35661,32400,530330305011,43200,-122.22992751854756,47.34359358883764,530330305011.0
b2b-48889,24600,530530726032,43200,-122.77381803555257,47.184454997543526,530670110001.0
b2b-37159,23400,530530626001,43200,-122.48142674423129,47.22315676250872,530530626001.0
b2b-8638,22200,530610536042,43200,-121.96428467899612,48.08400919630509,530610536042.0
b2b-12955,35400,530530726032,43200,-122.77381803555257,47.184454997543526,530670105101.0
b2b-15596,33000,530330323191,43200,-122.15174970964492,47.77073691744653,530330323191.0
b2b-26849,25800,530330305011,43200,-122.22992751854756,47.34359358883764,530330305011.0
b2b-17397,16800,530610533014,43200,-122.36753432018811,48.24860364633015,530730007002.0
b2b-41305,34800,530610533014,43200,-122.36753432018811,48.24860364633015,530579519002.0
b2b-43022,25800,530610533014,43200,-122.36753432018811,48.24860364633015,530579519002.0
b2b-21958,27000,530530732003,43200,-122.24070890083723,46.779553754471394,410510073001.0
b2b-400,34800,530610413042,43200,-122.25249971608254,47.926099446042905,530610413042.0
b2b-27925,26400,530539400022,43200,-122.35799177341411,47.24698856781136,530539400022.0
b2b-11854,29400,530330315021,43200,-121.35038596453016,47.15689119363349,530719202002.0
b2b-42690,27000,530530732004,43200,-122.24497881306635,46.91507326147312,20010.0
b2b-12050,34800,530610533014,43200,-122.36753432018811,48.24860364633015,530730104012.0
b2b-374,42600,530610413042,43200,-122.2451428801999,47.925183244717616,530610413042.0
b2b-12751,30000,530330080013,43200,-122.35338217776324,47.61444911641333,530330080013.0
b2b-19302,35400,530330228033,43200,-122.13786162681836,47.63435274996133,530330228033.0
b2b-45890,44400,530330081002,43200,-122.33371732926577,47.60749163440645,530330081002.0
b2b-42535,42000,530330315021,43200,-121.35038596453016,47.15689119363349,530770016022.0
b2b-21799,41400,530530732003,43200,-122.24070890083723,46.779553754471394,410510073001.0
b2b-31919,46800,530330315021,43200,-121.35038596453016,47.15689119363349,530050108135.0
b2b-49122,26400,530530626001,43200,-122.48814194345202,47.20566202009076,530530626001.0
b2b-34291,35400,530610537001,43200,-121.19835975276254,48.11551522486367,20034.0
b2b-48808,36600,530530714062,43200,-122.39193694817328,47.07397456485872,530530714062.0
b2b-20280,6000,530530729061,43200,-122.55058881309056,47.05402215230165,530419711001.0
b2b-41765,31800,530330315021,43200,-121.35038596453016,47.15689119363349,530770016022.0
b2b-6543,41400,530530701001,43200,-121.54325521381088,47.1154042142104,20009.0
b2b-46589,17400,530330081002,43200,-122.33371732926577,47.60749163440645,530330081002.0
b2b-55405,36000,530330292061,43200,-122.2446052666474,47.39664040457194,530330292061.0
b2b-9081,34800,530530732004,43200,-122.24497881306635,46.91507326147312,20012.0
b2b-2008,31800,530530732003,43200,-122.24070890083723,46.779553754471394,410030106001.0
b2b-39647,31800,530610534001,43200,-122.1788962996328,48.270180743276,530730102002.0
b2b-18832,10800,530330277014,43200,-122.46314737514768,47.45149816894283,530330277014.0
b2b-53730,27600,530330262001,43200,-122.24717181350287,47.44771333927209,530330262001.0
b2b-36738,27600,530330292061,43200,-122.22662093183628,47.42704538062167,530330292061.0
b2b-11496,22800,530610534001,43200,-122.1788962996328,48.270180743276,530730102002.0
b2b-51363,14400,530539400101,43200,-122.31648048532443,47.21474337338707,530539400101.0
b2b-24062,37200,530530729061,43200,-122.55058881309056,47.05402215230165,530419708002.0
b2b-21810,33600,530530732003,43200,-122.24070890083723,46.779553754471394,410519800001.0
b2b-58075,26400,530330297004,43200,-122.23544254615908,47.36531619290829,530330297004.0
b2b-34761,30000,530330292061,43200,-122.22662093183628,47.42704538062167,530330292061.0
b2b-41284,10800,530610531021,43200,-122.18921914405846,48.15037009988364,530610531021.0
b2b-36968,41400,530330292061,43200,-122.22268979917403,47.40643692170669,530330292061.0
b2b-604,45600,530610519121,43200,-122.11925088475886,47.800959821225376,530610519121.0
b2b-54470,30000,530530732003,43200,-122.24070890083723,46.779553754471394,410670321071.0
b2b-53348,40200,530530728001,43200,-122.6498514398432,47.10126306338846,530670122222.0
b2b-45971,31800,530330312024,43200,-122.02081244450108,47.24341187688248,530330312024.0
b2b-58961,16800,530330292061,43200,-122.2214180174674,47.40618539074897,530330292061.0
b2b-22255,13200,530330305011,43200,-122.23060230612586,47.33994350922026,530330305011.0
b2b-32882,22200,530610537001,43200,-121.19835975276254,48.11551522486367,530630114003.0
b2b-40917,30000,530530732004,43200,-122.24497881306635,46.91507326147312,20012.0
b2b-14627,26400,530330058022,43200,-122.37666291444307,47.63528906753329,530330058022.0
b2b-52795,25800,530530732003,43200,-122.24070890083723,46.779553754471394,410670320054.0
b2b-17011,22200,530330006001,43200,-122.33979887050845,47.72268262204445,530330006001.0
b2b-25221,34800,530330219054,43200,-122.17601104993004,47.734492466552766,530330219054.0
b2b-11088,31800,530530732003,43200,-122.24070890083723,46.779553754471394,410050215002.0
b2b-44390,33600,530330262001,43200,-122.24742160825592,47.44825125227557,530330262001.0
b2b-51103,30000,530530701001,43200,-121.54325521381088,47.1154042142104,20095.0
b2b-56592,51600,530610533014,43200,-122.36753432018811,48.24860364633015,530730004003.0
b2b-15300,32400,530330323133,43200,-122.0923707740302,47.66565863181601,530330323133.0
b2b-59607,25800,530350921003,43200,-122.69484002351489,47.52681049400641,530350921003.0
b2b-29203,32400,530530732003,43200,-122.24070890083723,46.779553754471394,410510072021.0
b2b-24386,17400,530539400022,43200,-122.35897274041128,47.25278630859665,530539400022.0
b2b-46633,24600,530350902022,43200,-122.6129231648009,47.76724542885732,530350902022.0
b2b-40484,46800,530330292061,43200,-122.2446052666474,47.39664040457194,530330292061.0
b2b-52859,12000,530610537001,43200,-121.19835975276254,48.11551522486367,530630137001.0
b2b-18943,9600,530610533014,43200,-122.36753432018811,48.24860364633015,530730002001.0
b2b-5587,19800,530350918001,43200,-122.62548168575364,47.60797469250697,530350918001.0
b2b-29032,23400,530530732003,43200,-122.24070890083723,46.779553754471394,410510102001.0
b2b-51943,23400,530530732003,43200,-122.24070890083723,46.779553754471394,410050227072.0
b2b-46785,33000,530330303132,43200,-122.32580016693132,47.30057039165372,530330303132.0
b2b-24119,31800,530330109001,43200,-122.31615434494384,47.5337116992969,530330109001.0
b2b-14556,34800,530330263001,43200,-122.30993900936274,47.53124805550296,530330263001.0
b2b-24274,30600,530330305011,43200,-122.22992751854756,47.34359358883764,530330305011.0
b2b-47980,25200,530530626001,43200,-122.4897940237215,47.20608671596959,530530626001.0
b2b-33586,31800,530530732004,43200,-122.24497881306635,46.91507326147312,20012.0
b2b-45202,41400,530330328003,43200,-121.0994620763074,47.70432736556717,20128.0
b2b-53347,21600,530330299012,43200,-122.2840446711224,47.31629217637615,530330299012.0
b2b-56612,36600,530539400022,43200,-122.40021822743282,47.25332028353289,530539400022.0
b2b-25918,34800,530530732003,43200,-122.24070890083723,46.779553754471394,410470025021.0
b2b-801,40800,530610413042,43200,-122.24347472133763,47.92779150658957,530610413042.0
b2b-58673,51600,530330284024,43200,-122.29258998292704,47.458908818853615,530330284024.0
b2b-12220,25800,530330017023,43200,-122.37162749286094,47.69614816718979,530330017023.0
b2b-11549,1200,530530732004,43200,-122.24497881306635,46.91507326147312,20014.0
b2b-1383,15000,530610536021,43200,-121.96844291811112,48.07955155130446,530610536021.0
b2b-27800,26400,530530726032,43200,-122.77381803555257,47.184454997543526,530270007003.0
b2b-34125,7200,530530701001,43200,-121.54325521381088,47.1154042142104,20009.0
b2b-37554,52200,530530701001,43200,-121.54325521381088,47.1154042142104,20118.0
b2b-34764,30000,530330292061,43200,-122.22662093183628,47.42704538062167,530330292061.0
b2b-29003,27600,530530732003,43200,-122.24070890083723,46.779553754471394,530110411051.0
b2b-4810,34800,530330248002,43200,-122.156298497659,47.57916612188843,530330248002.0
b2b-26810,31800,530530732003,43200,-122.24070890083723,46.779553754471394,410470025021.0
b2b-21327,29400,530330277015,43200,-122.4719375324635,47.44384586741931,530330277015.0
b2b-11039,5400,530530732003,43200,-122.24070890083723,46.779553754471394,410670320042.0
b2b-19728,23400,530610535061,43200,-121.90505639582553,48.26054804302581,530579512001.0
b2b-29287,28200,530530732003,43200,-122.24070890083723,46.779553754471394,410510073001.0
b2b-40030,41400,530530732004,43200,-122.24497881306635,46.91507326147312,20012.0
b2b-37423,40800,530610533014,43200,-122.36753432018811,48.24860364633015,530579521003.0
b2b-7175,21600,530610533014,43200,-122.36753432018811,48.24860364633015,530579519002.0
b2b-9239,31800,530530701001,43200,-121.54325521381088,47.1154042142104,20009.0
b2b-29832,42600,530330264005,43200,-122.32796798630088,47.51839430843621,530330264005.0
b2b-52000,27600,530530729061,43200,-122.55058881309056,47.05402215230165,530670126102.0
b2b-56713,30000,530610537001,43200,-121.19835975276254,48.11551522486367,530630114003.0
b2b-8856,54000,530530732004,43200,-122.24497881306635,46.91507326147312,20012.0
b2b-58473,7800,530330262001,43200,-122.22628097805784,47.450634364187344,530330262001.0
b2b-10297,34200,530610533024,43200,-122.34074561477298,48.27571154986818,530579526003.0
b2b-20162,24600,530530726032,43200,-122.77381803555257,47.184454997543526,530670110001.0
b2b-21942,24000,530530732003,43200,-122.24070890083723,46.779553754471394,410510073001.0
b2b-34970,13800,530330099004,43200,-122.3525522092276,47.56898547069012,530330099004.0
b2b-23066,14400,530330292061,43200,-122.2361032719516,47.43386858781752,530330292061.0
b2b-55766,15600,530610533012,43200,-122.33329845364509,48.26704965475196,530610533012.0
b2b-38969,19200,530350809001,43200,-122.6911555536567,47.55968807806008,530350809001.0
b2b-44414,22200,530330305011,43200,-122.2437494210756,47.30958812235232,530330305011.0
b2b-17590,30000,530330262001,43200,-122.2203544988523,47.46718661778382,530330262001.0
b2b-46209,34800,530610533021,43200,-122.23890985949284,48.26560079125508,530730102001.0
b2b-58051,22200,530330292061,43200,-122.2617025499446,47.41674840510534,530330292061.0
b2b-43521,7200,530330303132,43200,-122.31278045903424,47.29094990177079,530330303132.0
b2b-59770,51600,530530729061,43200,-122.55058881309056,47.05402215230165,530419711001.0
b2b-26481,25800,530539400101,43200,-122.32275214065464,47.21274469722344,530539400101.0
b2b-7763,20400,530530701001,43200,-121.54325521381088,47.1154042142104,20118.0
b2b-46139,22800,530530718071,43200,-122.4885730312002,47.17231846271745,530530718071.0
b2b-20470,43200,530530726032,43200,-122.77381803555257,47.184454997543526,530670109101.0
b2b-60997,30000,530330328003,43200,-121.0994620763074,47.70432736556717,530019503003.0
b2b-12871,20400,530330080021,43200,-122.34149847986428,47.611571361607695,530330080021.0
b2b-23818,43800,530530729061,43200,-122.55058881309056,47.05402215230165,530419714002.0
b2b-36147,36600,530330112001,43200,-122.32090219748493,47.51992620304542,530330112001.0
b2b-16858,23400,530330228033,43200,-122.1249824309002,47.64467116789906,530330228033.0
b2b-38368,32400,530330303042,43200,-122.31659161547068,47.28553188787959,530330303042.0
b2b-19722,23400,530610535061,43200,-121.90505639582553,48.26054804302581,530579512001.0
b2b-36629,43800,530330315021,43200,-121.35038596453016,47.15689119363349,530050108135.0
b2b-3547,37200,530530732003,43200,-122.24070890083723,46.779553754471394,530110412031.0
b2b-7120,23400,530610533014,43200,-122.36753432018811,48.24860364633015,530579521003.0
b2b-40377,37800,530530732003,43200,-122.24070890083723,46.779553754471394,410430306003.0
b2b-23315,4800,530330316042,43200,-122.0196409350102,47.35637034819822,530330316042.0
b2b-36572,37800,530530732003,43200,-122.24070890083723,46.779553754471394,530110412031.0
b2b-40995,33000,530330284024,43200,-122.29785702640062,47.44428124887584,530330284024.0
b2b-46783,34200,530330284024,43200,-122.29818834929692,47.44399277546498,530330284024.0
b2b-44022,16800,530610519121,43200,-122.12565289201356,47.79631408623183,530610519121.0
b2b-56326,31200,530330284024,43200,-122.29828123802866,47.44416305383533,530330284024.0
b2b-34277,35400,530610537001,43200,-121.19835975276254,48.11551522486367,20034.0
b2b-4610,22200,530610533012,43200,-122.33329845364509,48.26704965475196,530610533012.0
b2b-29111,24000,530530732003,43200,-122.24070890083723,46.779553754471394,530110411051.0
b2b-49342,29400,530530729061,43200,-122.55058881309056,47.05402215230165,530419708004.0
b2b-48304,29400,530610533021,43200,-122.23890985949284,48.26560079125508,530579527001.0
b2b-36257,37800,530330213001,43200,-122.29154152393376,47.73656956028264,530330213001.0
b2b-7336,43200,530530701001,43200,-121.54325521381088,47.1154042142104,20095.0
b2b-12124,34200,530530730061,43200,-122.3464165120801,46.92550674265296,410099708002.0
b2b-11860,34200,530610537001,43200,-121.19835975276254,48.11551522486367,530630141002.0
b2b-54196,34200,530330292061,43200,-122.23621008586612,47.40667844907961,530330292061.0
b2b-1372,9000,530610514002,43200,-122.32072518358449,47.80648877451488,530610514002.0
b2b-40168,37800,530330305011,43200,-122.22504545746058,47.32271873929867,530330305011.0
b2b-55387,40200,530530732003,43200,-122.24070890083723,46.779553754471394,410430306003.0
b2b-3959,30600,530610519121,43200,-122.13333388565908,47.796999639447854,530610519121.0
b2b-29762,33600,530330292061,43200,-122.2361032719516,47.43386858781752,530330292061.0
b2b-24755,25200,530330292061,43200,-122.22513682781825,47.431742240111376,530330292061.0
b2b-56989,34800,530530732003,43200,-122.24070890083723,46.779553754471394,530110405071.0
b2b-26376,27000,530530626002,43200,-122.4752737014249,47.2220377125313,530530626002.0
b2b-51221,18000,530330305011,43200,-122.22992751854756,47.34359358883764,530330305011.0
b2b-47880,43800,530530702071,43200,-122.03545543600512,47.16125045347701,530530702071.0
b2b-40641,28800,530530732003,43200,-122.24070890083723,46.779553754471394,410510072021.0
b2b-19345,31800,530610533014,43200,-122.36753432018811,48.24860364633015,530579407002.0
b2b-7123,34800,530530732003,43200,-122.24070890083723,46.779553754471394,410430306003.0
b2b-32004,24000,530330315021,43200,-121.35038596453016,47.15689119363349,20015.0
b2b-40707,24600,530330093003,43200,-122.34231103586774,47.56814278686263,530330093003.0
b2b-16339,24600,530330218022,43200,-122.180727468897,47.76223326260089,530330218022.0
b2b-25741,33000,530330292061,43200,-122.22834520138616,47.42187038261192,530330292061.0
b2b-59471,23400,530350912011,43200,-122.69400596857416,47.647381465491925,530350912011.0
b2b-34578,34200,530530732004,43200,-122.24497881306635,46.91507326147312,20012.0
b2b-27074,29400,530539400101,43200,-122.32275214065464,47.21274469722344,530539400101.0
b2b-57870,37800,530330292061,43200,-122.24630253743486,47.38821598815996,530330292061.0
b2b-19348,26400,530610533014,43200,-122.36753432018811,48.24860364633015,530579501002.0
b2b-46464,3000,530530732003,43200,-122.24070890083723,46.779553754471394,410510072021.0
b2b-33712,28800,530530732004,43200,-122.24497881306635,46.91507326147312,20012.0
b2b-52816,33000,530530732003,43200,-122.24070890083723,46.779553754471394,410510072021.0
b2b-45654,29400,530330237001,43200,-122.16053877533965,47.62550779422355,530330237001.0
b2b-59338,21000,530530726032,43200,-122.77381803555257,47.184454997543526,530670122122.0
b2b-60125,36000,530330093003,43200,-122.34231103586774,47.56814278686263,530330093003.0
b2b-38595,21600,530610537001,43200,-121.19835975276254,48.11551522486367,20091.0
b2b-24644,30000,530530626002,43200,-122.4752737014249,47.2220377125313,530530626002.0
b2b-42413,28200,530530732003,43200,-122.24070890083723,46.779553754471394,410510072021.0
b2b-2247,47400,530610533025,43200,-122.24600167528853,48.239089623399856,530610533025.0
b2b-40591,32400,530610537001,43200,-121.19835975276254,48.11551522486367,530630114003.0
b2b-51501,26400,530530728001,43200,-122.6498514398432,47.10126306338846,530670122222.0
b2b-37417,18600,530330263002,43200,-122.29034760404986,47.50675431311565,530330263002.0
b2b-43087,39000,530610537001,43200,-121.19835975276254,48.11551522486367,530630136002.0
b2b-15776,7800,530530732003,43200,-122.24070890083723,46.779553754471394,410050210002.0
b2b-41742,41400,530330315021,43200,-121.35038596453016,47.15689119363349,530050102011.0
b2b-27232,33600,530330305011,43200,-122.22992751854756,47.34359358883764,530330305011.0
b2b-46706,3600,530330112001,43200,-122.33025718408688,47.52567118484894,530330112001.0
b2b-50910,35400,530330292061,43200,-122.25501513793871,47.424547135312615,530330292061.0
b2b-41432,36600,530330256011,43200,-122.1626014136288,47.48785283925652,530330256011.0
b2b-35087,33000,530610533014,43200,-122.36753432018811,48.24860364633015,530730002002.0
b2b-37072,30000,530330292061,43200,-122.23621008586612,47.40667844907961,530330292061.0
b2b-6885,25200,530330323133,43200,-122.08610118963196,47.67258814227379,530330323133.0
b2b-31389,37800,530330315021,43200,-121.35038596453016,47.15689119363349,20033.0
b2b-33554,25800,530530732004,43200,-122.24497881306635,46.91507326147312,20012.0
b2b-298,29400,530610408002,43200,-122.20740921411743,47.97867025191261,530610408002.0
b2b-42424,29400,530530732003,43200,-122.24070890083723,46.779553754471394,410050221081.0
b2b-49333,21000,530530602001,43200,-122.38596892123704,47.2712341855688,530530602001.0
b2b-20644,22800,530330047002,43200,-122.36807919165577,47.66499671995573,530330047002.0
b2b-49070,8400,530530703073,43200,-122.14029170656887,47.22258326765209,530530703073.0
b2b-18441,27000,530330309011,43200,-122.2554824201298,47.29105454078395,530330309011.0
b2b-12173,35400,530330316033,43200,-122.01850639625384,47.31169927068754,530330316033.0
b2b-52979,31800,530330292061,43200,-122.24714566153456,47.42946269080292,530330292061.0
b2b-10617,51000,530330288021,43200,-122.29341449659536,47.42707687736177,530330288021.0
b2b-55481,27000,530530732004,43200,-122.24497881306635,46.91507326147312,20012.0
b2b-28771,34200,530530732003,43200,-122.24070890083723,46.779553754471394,530110426003.0
b2b-37459,49800,530330288021,43200,-122.29341449659536,47.42707687736177,530330288021.0
b2b-53294,27000,530539400022,43200,-122.38766758090154,47.23993171883115,530539400022.0
b2b-45244,40800,530530732004,43200,-122.24497881306635,46.91507326147312,20014.0
b2b-46708,33600,530530602001,43200,-122.36966244077098,47.25472610808854,530530602001.0
b2b-20067,28800,530330109002,43200,-122.32525562740344,47.5496129260593,530330109002.0
b2b-234,18000,530610413042,43200,-122.2451428801999,47.925183244717616,530610413042.0
b2b-5032,31200,530330323193,43200,-122.16278940072232,47.757744725044304,530330323193.0
b2b-40418,28800,530350811002,43200,-122.65365560350207,47.5622531720294,530350811002.0
b2b-29149,23400,530530718071,43200,-122.48907260111817,47.17391246519728,530530718071.0
b2b-9528,20400,530330328003,43200,-121.0994620763074,47.70432736556717,530250110002.0
b2b-589,30600,530610519121,43200,-122.11925088475886,47.800959821225376,530610519121.0
b2b-35429,52800,530610533014,43200,-122.36753432018811,48.24860364633015,530730002002.0
b2b-53568,42600,530610535091,43200,-122.15577642818684,48.15652609289869,530610535091.0
b2b-23904,31800,530330262001,43200,-122.23208131574492,47.470716932547,530330262001.0
b2b-53459,30600,530330093001,43200,-122.32453094327292,47.5936271203996,530330093001.0
b2b-9010,24600,530530732004,43200,-122.24497881306635,46.91507326147312,20012.0
b2b-24187,34200,530330292061,43200,-122.22662093183628,47.42704538062167,530330292061.0
b2b-50251,33000,530530732003,43200,-122.24070890083723,46.779553754471394,410050235003.0
b2b-29426,16200,530530732003,43200,-122.24070890083723,46.779553754471394,410510073001.0
b2b-12733,45000,530530732003,43200,-122.24070890083723,46.779553754471394,410050227071.0
b2b-33091,25200,530530732004,43200,-122.24497881306635,46.91507326147312,20012.0
b2b-20789,26400,530330047002,43200,-122.37668474288498,47.66752797074839,530330047002.0
b2b-19731,23400,530610535061,43200,-121.90505639582553,48.26054804302581,530579512001.0
b2b-21305,30000,530330048003,43200,-122.36400995131312,47.6570752725409,530330048003.0
b2b-19522,22800,530530729061,43200,-122.55058881309056,47.05402215230165,530670127203.0
b2b-42909,27000,530330288021,43200,-122.29341449659536,47.42707687736177,530330288021.0
b2b-27339,33600,530330305011,43200,-122.22964580068496,47.34441405773616,530330305011.0
b2b-42067,25200,530530732003,43200,-122.24070890083723,46.779553754471394,410510073001.0
b2b-39148,35400,530530728001,43200,-122.6498514398432,47.10126306338846,530670122222.0
b2b-28176,24600,530530718071,43200,-122.48907260111817,47.17391246519728,530530718071.0
b2b-47948,24600,530530731082,43200,-122.34679264481338,47.08971777391572,530530731082.0
b2b-43438,44400,530530626001,43200,-122.4848449104288,47.21849815115499,530530626001.0
b2b-21271,28800,530330109001,43200,-122.327718231338,47.53992205805835,530330109001.0
b2b-265,37200,530530726032,43200,-122.77381803555257,47.184454997543526,530670105101.0
b2b-38485,14400,530530701001,43200,-121.54325521381088,47.1154042142104,20118.0
b2b-1716,30000,530610521042,43200,-122.32343238012989,48.01659536508316,530610521042.0
b2b-49388,34200,530530717061,43200,-122.4702426036658,47.1596172346156,530530717061.0
b2b-51226,18000,530330305011,43200,-122.22992751854756,47.34359358883764,530330305011.0
b2b-48845,34200,530530715051,43200,-122.42091235375965,47.14675845110611,530530715051.0
b2b-24290,39600,530539400022,43200,-122.35897274041128,47.25278630859665,530539400022.0
b2b-12753,25200,530330090001,43200,-122.30519386423096,47.59918789469161,530330090001.0
b2b-22139,20400,530530732003,43200,-122.24070890083723,46.779553754471394,530110412031.0
b2b-1689,20400,530610413042,43200,-122.24513034491272,47.92640654718923,530610413042.0
b2b-52453,24000,530330284024,43200,-122.29771243052475,47.44348659314748,530330284024.0
b2b-34622,28200,530610537001,43200,-121.19835975276254,48.11551522486367,20127.0
b2b-59823,37200,530350902011,43200,-122.65566973444552,47.7996576692292,530350902011.0
b2b-28579,20400,530610535091,43200,-122.15577642818684,48.15652609289869,530610535091.0
b2b-6018,20400,530330059001,43200,-122.36618765981758,47.65458277812374,530330059001.0
b2b-38984,31200,530539400101,43200,-122.30933301135236,47.20709860565505,530539400101.0
b2b-10862,39600,530530732004,43200,-122.24497881306635,46.91507326147312,20012.0
b2b-32608,28800,530530718071,43200,-122.48932927735548,47.17244694011824,530530718071.0
b2b-32174,48000,530330093003,43200,-122.32818633920036,47.57253748823968,530330093003.0
b2b-59472,23400,530350912011,43200,-122.69400596857416,47.647381465491925,530350912011.0
b2b-42633,28200,530530732003,43200,-122.24070890083723,46.779553754471394,410050209002.0
b2b-50741,15000,530530718071,43200,-122.49862871043098,47.16872189350508,530530718071.0
b2b-19819,39600,530330109002,43200,-122.32270653821952,47.549993711259965,530330109002.0
b2b-55376,33600,530530730061,43200,-122.3464165120801,46.92550674265296,410710305023.0
b2b-54620,22200,530330292061,43200,-122.22834520138616,47.42187038261192,530330292061.0
b2b-6864,36000,530330305011,43200,-122.2297357840513,47.34601224814244,530330305011.0
b2b-4153,30000,530610535091,43200,-122.15577642818684,48.15652609289869,530610535091.0
b2b-47188,39600,530530713051,43200,-122.39856159946636,47.14627636177037,530530713051.0
b2b-41740,41400,530330315021,43200,-121.35038596453016,47.15689119363349,530050102011.0
b2b-27280,41400,530330262001,43200,-122.24717181350287,47.44771333927209,530330262001.0
b2b-30685,37200,530530701001,43200,-121.54325521381088,47.1154042142104,20118.0
b2b-22153,45600,530530732003,43200,-122.24070890083723,46.779553754471394,410510072021.0
b2b-55889,28800,530530728001,43200,-122.62537975994152,47.11222068958076,530530728001.0
b2b-20266,25200,530330109002,43200,-122.32270653821952,47.549993711259965,530330109002.0
b2b-55709,18600,530539400101,43200,-122.29134378128698,47.21053068660679,530539400101.0
b2b-17820,34200,530330306003,43200,-122.2248142105404,47.30604531960946,530330306003.0
b2b-7675,35400,530330315021,43200,-121.35038596453016,47.15689119363349,20063.0
b2b-3268,21600,530610413042,43200,-122.2791844334611,47.94212945462262,530610413042.0
b2b-6176,27600,530610512001,43200,-122.30212126736846,47.80335907496872,530610512001.0
b2b-35964,25800,530530732003,43200,-122.24070890083723,46.779553754471394,530110407062.0
b2b-12815,8400,530330305011,43200,-122.23365186191168,47.31231621291003,530330305011.0
b2b-35651,31800,530330328003,43200,-121.0994620763074,47.70432736556717,530250110002.0
b2b-15730,33600,530330228033,43200,-122.1390239430164,47.63497897341758,530330228033.0
b2b-20708,30000,530530728001,43200,-122.6498514398432,47.10126306338846,530670122213.0
b2b-39615,26400,530330108001,43200,-122.34459343374864,47.55451811993336,530330108001.0
b2b-36393,31800,530330288012,43200,-122.31504143812477,47.43078181515783,530330288012.0
b2b-13757,27000,530330032004,43200,-122.39821459293763,47.66821442940784,530330032004.0
b2b-7804,25200,530610533014,43200,-122.36753432018811,48.24860364633015,530579521003.0
b2b-16903,34800,530330226052,43200,-122.14424617896135,47.6838583267566,530330226052.0
b2b-4001,39000,530610413042,43200,-122.27707691241686,47.941867642502736,530610413042.0
b2b-36032,33600,530530732003,43200,-122.24070890083723,46.779553754471394,410670316134.0
b2b-7765,27000,530610533014,43200,-122.36753432018811,48.24860364633015,530579404003.0
b2b-9144,27000,530530732004,43200,-122.24497881306635,46.91507326147312,20012.0
b2b-830,51600,530610413042,43200,-122.25839229111324,47.938288488109855,530610413042.0
b2b-56837,17400,530530732003,43200,-122.24070890083723,46.779553754471394,410510043001.0
b2b-11202,33000,530530728001,43200,-122.6498514398432,47.10126306338846,530670122222.0
b2b-46,41400,530530729061,43200,-122.55058881309056,47.05402215230165,530419710003.0
b2b-5569,22800,530610528031,43200,-122.17839672415413,48.15182822610645,530610528031.0
b2b-5937,23400,530330019001,43200,-122.32728254889794,47.69935761545881,530330019001.0
b2b-36403,20400,530610537001,43200,-121.19835975276254,48.11551522486367,530630114003.0
b2b-36908,36000,530330288024,43200,-122.29381558264308,47.42323503423674,530330288024.0
b2b-22785,26400,530610537001,43200,-121.19835975276254,48.11551522486367,530630136002.0
b2b-3934,43200,530610535051,43200,-122.00034051827424,48.09987764968592,530610535051.0
b2b-56691,24600,530330315021,43200,-121.35038596453016,47.15689119363349,530210204001.0
b2b-14579,41400,530330292061,43200,-122.24011344416932,47.42064728433728,530330292061.0
b2b-53770,33000,530530732003,43200,-122.24070890083723,46.779553754471394,530110402031.0
b2b-25368,19800,530330292061,43200,-122.24032850745012,47.4188307692889,530330292061.0
b2b-28025,25200,530530718071,43200,-122.49341371862204,47.173202238566496,530530718071.0
b2b-30288,37200,530330305011,43200,-122.22992751854756,47.34359358883764,530330305011.0
b2b-59155,34800,530330320054,43200,-122.08498558846168,47.365860162279134,530330320054.0
b2b-16937,11400,530330109001,43200,-122.30408863741864,47.53319565326882,530330109001.0
b2b-49692,3600,530530730061,43200,-122.3464165120801,46.92550674265296,530419713003.0
b2b-41574,34800,530610537001,43200,-121.19835975276254,48.11551522486367,530630122001.0
b2b-72,23400,530610528032,43200,-122.17852833880164,48.11758183627731,530610528032.0
b2b-59226,31200,530530732003,43200,-122.24070890083723,46.779553754471394,530110404073.0
b2b-3682,2400,530610535051,43200,-121.98375358902844,48.09987479278258,530610535051.0
b2b-13178,18600,530330058014,43200,-122.37708242127223,47.65163243005478,530330058014.0
b2b-29574,16200,530610535091,43200,-122.15577642818684,48.15652609289869,530610535091.0
b2b-59051,27600,530530626001,43200,-122.48290357322738,47.21925320624676,530530626001.0
b2b-42982,35400,530330288013,43200,-122.29978682083382,47.41404252517009,530330288013.0
b2b-8453,29400,530330323132,43200,-122.08523579578672,47.677461687055406,530330323132.0
b2b-10740,34200,530330303132,43200,-122.30590062664312,47.29634204750628,530330303132.0
b2b-18380,22200,530610533024,43200,-122.34074561477298,48.27571154986818,530579518001.0
b2b-24520,29400,530330292061,43200,-122.24754827236004,47.42974320568393,530330292061.0
b2b-35283,16200,530610533014,43200,-122.36753432018811,48.24860364633015,530730002001.0
b2b-56587,39600,530610535091,43200,-122.14353715443714,48.1624196701481,530610535091.0
b2b-8751,23400,530530732004,43200,-122.24497881306635,46.91507326147312,20012.0
b2b-52493,34800,530539400101,43200,-122.31648048532443,47.21474337338707,530539400101.0
b2b-52447,25200,530610533014,43200,-122.36753432018811,48.24860364633015,530579404003.0
b2b-31903,36600,530530718071,43200,-122.4900747858049,47.17243924661469,530530718071.0
b2b-52451,36600,530530633001,43200,-122.40637005788088,47.20408151914143,530530633001.0
b2b-22836,33000,530330112001,43200,-122.3214141584895,47.52232063451912,530330112001.0
b2b-2797,29400,530610519222,43200,-122.22211060137352,47.80286607140052,530610519222.0
b2b-39496,30600,530610537001,43200,-121.19835975276254,48.11551522486367,530630122001.0
b2b-12529,29400,530330225003,43200,-122.19172647902496,47.67442435663221,530330225003.0
b2b-29117,30600,530530732003,43200,-122.24070890083723,46.779553754471394,410670312004.0
b2b-42547,22800,530610534001,43200,-122.1788962996328,48.270180743276,530730102002.0
b2b-21073,22200,530330309011,43200,-122.24460055859188,47.28946077329413,530330309011.0
b2b-16646,39000,530330081002,43200,-122.3322496504924,47.60406911770596,530330081002.0
b2b-399,34800,530610413042,43200,-122.25249971608254,47.926099446042905,530610413042.0
b2b-37086,37800,530610537001,43200,-121.19835975276254,48.11551522486367,530630114003.0
b2b-53430,36000,530530730054,43200,-122.37225598505708,46.97088262983279,530530730054.0
b2b-58071,31800,530330292061,43200,-122.22513682781825,47.431742240111376,530330292061.0
b2b-42852,7800,530539400022,43200,-122.35799177341411,47.24698856781136,530539400022.0
b2b-48740,30600,530530732003,43200,-122.24070890083723,46.779553754471394,530110430001.0
b2b-10843,31800,530330292061,43200,-122.22513682781825,47.431742240111376,530330292061.0
b2b-24419,20400,530330093003,43200,-122.34231103586774,47.56814278686263,530330093003.0
b2b-58928,43800,530330265002,43200,-122.3528098310164,47.51315260440431,530330265002.0
b2b-51535,46200,530330303132,43200,-122.30590062664312,47.29634204750628,530330303132.0
b2b-26825,31800,530330112001,43200,-122.32090219748493,47.51992620304542,530330112001.0
b2b-34295,35400,530610537001,43200,-121.19835975276254,48.11551522486367,20034.0
b2b-11095,24600,530530732003,43200,-122.24070890083723,46.779553754471394,410050209002.0
b2b-21769,49800,530330319031,43200,-122.12224559106944,47.48766486964959,530330319031.0
b2b-25206,33000,530610515002,43200,-122.31703503276825,47.82034412550497,530610515002.0
b2b-45012,27000,530330296013,43200,-122.1654854444795,47.3576589018954,530330296013.0
b2b-11957,39600,530610535052,43200,-122.03859839768114,48.11747150666404,530610535052.0
b2b-6095,25200,530610408002,43200,-122.2059983874057,47.979818018061,530610408002.0
b2b-29110,15600,530530732003,43200,-122.24070890083723,46.779553754471394,410510073001.0
b2b-36249,17400,530330296013,43200,-122.16652791173972,47.35651353601236,530330296013.0
b2b-30044,31800,530610408002,43200,-122.2059983874057,47.979818018061,530610408002.0
b2b-30046,18600,530330292061,43200,-122.23310684944713,47.416945383189166,530330292061.0
b2b-29706,35400,530330093002,43200,-122.33367508454955,47.59463059632953,530330093002.0
b2b-22866,3000,530330303132,43200,-122.3107901026219,47.29578908785922,530330303132.0
b2b-44616,27000,530530718071,43200,-122.48907260111817,47.17391246519728,530530718071.0
b2b-32686,35400,530610537001,43200,-121.19835975276254,48.11551522486367,530630136002.0
b2b-56377,28200,530610537001,43200,-121.19835975276254,48.11551522486367,20034.0
b2b-2492,40800,530610536041,43200,-121.98026287854142,48.08533068538288,530610536041.0
b2b-23470,4200,530530729061,43200,-122.55058881309056,47.05402215230165,530670123201.0
b2b-9629,40800,530330305011,43200,-122.23040584578192,47.33728071859071,530330305011.0
b2b-57067,1200,530539400072,43200,-122.39831309704812,47.237730954828216,530539400072.0
b2b-50669,30600,530530728001,43200,-122.6498514398432,47.10126306338846,530670122222.0
b2b-4528,49200,530330019001,43200,-122.33256664971508,47.699864533022,530330019001.0
b2b-44838,35400,530610537001,43200,-121.19835975276254,48.11551522486367,20034.0
b2b-39994,33000,530530732004,43200,-122.24497881306635,46.91507326147312,20012.0
b2b-26782,30000,530610537001,43200,-121.19835975276254,48.11551522486367,530630141002.0
b2b-9740,46200,530610533012,43200,-122.34321888727558,48.25725074093006,530610533012.0
b2b-31674,43800,530530701001,43200,-121.54325521381088,47.1154042142104,20095.0
b2b-24056,22200,530530729061,43200,-122.55058881309056,47.05402215230165,530670126102.0
b2b-25808,25800,530330288013,43200,-122.29978682083382,47.41404252517009,530330288013.0
b2b-46484,21000,530530703151,43200,-122.1807704245945,47.25349247321932,530530703151.0
b2b-2198,31200,530610413032,43200,-122.2316619936267,47.93674512759662,530610413032.0
b2b-48338,40200,530530602001,43200,-122.40837420601754,47.241043095648834,530530602001.0
b2b-8356,32400,530610509003,43200,-122.34079715664308,47.77858204747406,530610509003.0
b2b-26572,24600,530330288013,43200,-122.29978682083382,47.41404252517009,530330288013.0
b2b-10093,30600,530330328003,43200,-121.0994620763074,47.70432736556717,530079610001.0
b2b-41640,31800,530530732004,43200,-122.24497881306635,46.91507326147312,20014.0
b2b-54386,30600,530330292061,43200,-122.22834520138616,47.42187038261192,530330292061.0
b2b-14818,25800,530330292061,43200,-122.22628232631622,47.430527639595866,530330292061.0
b2b-26296,39600,530330292061,43200,-122.22662093183628,47.42704538062167,530330292061.0
b2b-50907,36000,530539400101,43200,-122.30185031683546,47.21118419555122,530539400101.0
b2b-44436,35400,530350811002,43200,-122.65520087481246,47.56361079660206,530350811002.0
b2b-52815,30600,530530730061,43200,-122.3464165120801,46.92550674265296,410030102003.0
b2b-26133,18600,530330059001,43200,-122.36618765981758,47.65458277812374,530330059001.0
b2b-44670,27600,530330048003,43200,-122.36332308014298,47.65656322298686,530330048003.0
b2b-20253,29400,530330326021,43200,-121.86824325115576,47.52832007691824,530330326021.0
b2b-46619,33600,530330297002,43200,-122.22911788731328,47.37641692971621,530330297002.0
b2b-49019,31200,530539400022,43200,-122.37340605427713,47.2452853349671,530539400022.0
b2b-4919,25800,530330093003,43200,-122.33231170637092,47.56852810250407,530330093003.0
b2b-46934,6000,530330253012,43200,-122.2011114736376,47.51926391009713,530330253012.0
b2b-44121,34200,530330054002,43200,-122.34515898736282,47.64865517084725,530330054002.0
b2b-13856,30000,530330218021,43200,-122.18474513918032,47.77203185836266,530330218021.0
b2b-58202,28200,530530711001,43200,-122.37673650716904,47.17368705108471,530530711001.0
b2b-22325,39600,530330109002,43200,-122.33243441101384,47.551835928334654,530330109002.0
b2b-28832,49200,530530732003,43200,-122.24070890083723,46.779553754471394,530110403023.0
b2b-1412,28200,530610519222,43200,-122.21198363876232,47.79995134868887,530610519222.0
b2b-37724,24000,530330328003,43200,-121.0994620763074,47.70432736556717,530079611003.0
b2b-31932,34200,530330292061,43200,-122.22513682781825,47.431742240111376,530330292061.0
b2b-54626,47400,530530720002,43200,-122.53020686900938,47.12115984586613,530530720002.0
b2b-8135,37200,530610535052,43200,-122.03022836629668,48.08890604327719,530610535052.0
b2b-55823,19800,530530732003,43200,-122.24070890083723,46.779553754471394,410670320031.0
b2b-17164,38400,530330305011,43200,-122.22497924774048,47.32984769167292,530330305011.0
b2b-54263,20400,530530733013,43200,-122.24510500281356,47.2374884800514,530530733013.0
b2b-31382,37800,530330315021,43200,-121.35038596453016,47.15689119363349,20033.0
b2b-49602,15600,530330295043,43200,-122.18757000833877,47.37355075451266,530330295043.0
b2b-34441,34200,530610537001,43200,-121.19835975276254,48.11551522486367,20061.0
b2b-18192,33000,530610533024,43200,-122.34074561477298,48.27571154986818,530579526003.0
b2b-24259,27000,530330093003,43200,-122.34231103586774,47.56814278686263,530330093003.0
b2b-58157,15600,530330314001,43200,-121.9850132953527,47.20389970965309,530330314001.0
b2b-47376,32400,530530718071,43200,-122.49315429950106,47.17253431851015,530530718071.0
b2b-37405,39000,530530732004,43200,-122.24497881306635,46.91507326147312,20010.0
b2b-32074,18600,530350918001,43200,-122.62548168575364,47.60797469250697,530350918001.0
b2b-5948,42600,530610413042,43200,-122.25208503289907,47.92635492941787,530610413042.0
b2b-1108,51000,530350901011,43200,-122.60364513128724,47.9301516886425,530319505002.0
b2b-48087,38400,530530602001,43200,-122.42596486347786,47.254836791132384,530530602001.0
b2b-2264,27000,530610533025,43200,-122.27088996819954,48.21001753896158,530610533025.0
b2b-55947,32400,530330315021,43200,-121.35038596453016,47.15689119363349,530210201001.0
b2b-17478,20400,530330237001,43200,-122.16678995158732,47.62940679934746,530330237001.0
b2b-6894,33600,530330093003,43200,-122.34231103586774,47.56814278686263,530330093003.0
b2b-15580,28800,530330228033,43200,-122.1363096708276,47.64597846834637,530330228033.0
b2b-12346,43800,530330078003,43200,-122.28865653617122,47.61399129655346,530330078003.0
b2b-16011,27600,530330292061,43200,-122.24760263237744,47.40352004594407,530330292061.0
b2b-39578,48600,530610537001,43200,-121.19835975276254,48.11551522486367,530630114003.0
b2b-5064,38400,530610512001,43200,-122.30212126736846,47.80335907496872,530610512001.0
b2b-48339,40200,530530602001,43200,-122.40837420601754,47.241043095648834,530530602001.0
b2b-11849,31200,530330324011,43200,-121.98779991779364,47.73411298745755,530330324011.0
b2b-5370,28800,530610528031,43200,-122.17839672415413,48.15182822610645,530610528031.0
b2b-17047,25800,530610537001,43200,-121.19835975276254,48.11551522486367,530630136002.0
b2b-8470,27600,530330322083,43200,-122.03947370396718,47.544736992186536,530330322083.0
b2b-20556,22800,530330049002,43200,-122.34759814407666,47.65580052336602,530330049002.0
b2b-27226,21600,530330308013,43200,-122.22650221195384,47.27844420070505,530330308013.0
b2b-21991,24600,530530732003,43200,-122.24070890083723,46.779553754471394,530110412031.0
b2b-60789,30000,530330284024,43200,-122.32605107640192,47.44369649531482,530330284024.0
b2b-8311,31800,530330019001,43200,-122.32728254889794,47.69935761545881,530330019001.0
b2b-16331,26400,530330054002,43200,-122.335835259842,47.64721929810612,530330054002.0
b2b-41575,35400,530610537001,43200,-121.19835975276254,48.11551522486367,530630120002.0
b2b-51577,45000,530530718071,43200,-122.49341371862204,47.173202238566496,530530718071.0
b2b-11832,25200,530330323133,43200,-122.08610118963196,47.67258814227379,530330323133.0
b2b-21558,33600,530530726023,43200,-122.81869875074756,47.26529584078148,530499503004.0
b2b-32222,30000,530530726032,43200,-122.77381803555257,47.184454997543526,530670101001.0
b2b-52043,36600,530530732003,43200,-122.24070890083723,46.779553754471394,410030104003.0
b2b-42130,30000,530610533021,43200,-122.23890985949284,48.26560079125508,530730102001.0
b2b-32494,27000,530330323193,43200,-122.1581093804582,47.75939019084427,530330323193.0
b2b-8114,31200,530330109001,43200,-122.32572846580062,47.54130229137534,530330109001.0
b2b-40310,48000,530530701001,43200,-121.54325521381088,47.1154042142104,20009.0
b2b-6182,35400,530330072001,43200,-122.34222290120908,47.62143786859168,530330072001.0
b2b-43767,13200,530330292061,43200,-122.22268979917403,47.40643692170669,530330292061.0
b2b-40950,31800,530530732003,43200,-122.24070890083723,46.779553754471394,410510073001.0
b2b-32871,30600,530330320031,43200,-122.04234542382136,47.393395413912806,530330320031.0
b2b-13900,30000,530330218021,43200,-122.18474513918032,47.77203185836266,530330218021.0
b2b-6603,19800,530610537001,43200,-121.19835975276254,48.11551522486367,530630120002.0
b2b-2059,33000,530530732003,43200,-122.24070890083723,46.779553754471394,530110410051.0
b2b-34723,10800,530330219061,43200,-122.15443189137056,47.74077868276845,530330219061.0
b2b-53432,34800,530530718071,43200,-122.48907260111817,47.17391246519728,530530718071.0
b2b-6115,7800,530610413042,43200,-122.27707691241686,47.941867642502736,530610413042.0
b2b-15932,25800,530330219061,43200,-122.15322157329042,47.73804125220276,530330219061.0
b2b-38822,19200,530610537001,43200,-121.19835975276254,48.11551522486367,20034.0
b2b-10624,35400,530539400101,43200,-122.30153828242798,47.20844219946797,530539400101.0
b2b-60225,31200,530330071001,43200,-122.3607157802324,47.62277408295152,530330071001.0
b2b-14762,30600,530530701001,43200,-121.54325521381088,47.1154042142104,20095.0
b2b-8099,48600,530330093003,43200,-122.3275014771429,47.57459261022242,530330093003.0
b2b-59684,24000,530610533014,43200,-122.36753432018811,48.24860364633015,530579501002.0
b2b-40522,14400,530530732003,43200,-122.24070890083723,46.779553754471394,530150015024.0
b2b-14673,24000,530530726023,43200,-122.81869875074756,47.26529584078148,530459611003.0
b2b-53054,28800,530530732004,43200,-122.24497881306635,46.91507326147312,20012.0
b2b-58647,37800,530330081002,43200,-122.33371732926577,47.60749163440645,530330081002.0
b2b-33437,30600,530530732004,43200,-122.24497881306635,46.91507326147312,20012.0
b2b-11265,33000,530330305011,43200,-122.23040584578192,47.33728071859071,530330305011.0
b2b-59214,27600,530530602001,43200,-122.4252601372116,47.25747041091994,530530602001.0
b2b-29238,36000,530530732003,43200,-122.24070890083723,46.779553754471394,410050215002.0
b2b-50792,47400,530539400022,43200,-122.40021822743282,47.25332028353289,530539400022.0
b2b-53913,27000,530530733013,43200,-122.24510500281356,47.2374884800514,530530733013.0
b2b-36175,48000,530330081002,43200,-122.33371732926577,47.60749163440645,530330081002.0
b2b-60561,35400,530610537001,43200,-121.19835975276254,48.11551522486367,530630103051.0
b2b-46265,32400,530610533014,43200,-122.36753432018811,48.24860364633015,530730104011.0
b2b-33263,24600,530530732004,43200,-122.24497881306635,46.91507326147312,20012.0
b2b-17834,22800,530330093003,43200,-122.32168959485894,47.56539226271858,530330093003.0
b2b-20339,22800,530330292061,43200,-122.24736954260648,47.389772462432845,530330292061.0
b2b-47664,9600,530530733013,43200,-122.23083304849064,47.22194523187283,530530733013.0
b2b-42800,36600,530530732003,43200,-122.24070890083723,46.779553754471394,410510073001.0
b2b-48706,28800,530610533014,43200,-122.36753432018811,48.24860364633015,530579519002.0
b2b-33348,42600,530530732004,43200,-122.24497881306635,46.91507326147312,20012.0
b2b-50558,24000,530530723082,43200,-122.55107585213746,47.203286262465085,530530723082.0
b2b-34145,35400,530530701001,43200,-121.54325521381088,47.1154042142104,20009.0
b2b-2956,34800,530610535091,43200,-122.15577642818684,48.15652609289869,530610535091.0
b2b-19669,28800,530330047002,43200,-122.37067948127628,47.66615963609463,530330047002.0
b2b-31147,24600,530530732004,43200,-122.24497881306635,46.91507326147312,20013.0
b2b-57450,39000,530539400022,43200,-122.3580116647596,47.25226259740299,530539400022.0
b2b-41394,37200,530530701001,43200,-121.54325521381088,47.1154042142104,20009.0
b2b-44966,28200,530530732003,43200,-122.24070890083723,46.779553754471394,410510072021.0
b2b-36660,42600,530330315021,43200,-121.35038596453016,47.15689119363349,530210204001.0
b2b-51959,24600,530330262001,43200,-122.22938315222208,47.47333433730456,530330262001.0
b2b-47393,35400,530530732003,43200,-122.24070890083723,46.779553754471394,410670330003.0
b2b-43113,39600,530530732003,43200,-122.24070890083723,46.779553754471394,410470025021.0
b2b-30852,24600,530530718071,43200,-122.50070941901063,47.17073053792024,530530718071.0
b2b-50861,27000,530530733013,43200,-122.24510500281356,47.2374884800514,530530733013.0
b2b-2520,27600,530610537001,43200,-121.59665949576642,48.2680487361357,530610537001.0
b2b-13606,36000,530330209001,43200,-122.34565842668444,47.73706098446195,530330209001.0
b2b-14647,27600,530610533014,43200,-122.36753432018811,48.24860364633015,530299715002.0
b2b-715,31800,530610419011,43200,-122.278565430787,47.89788051859817,530610419011.0
b2b-53614,24600,530330292061,43200,-122.23652142574775,47.40187715022393,530330292061.0
b2b-31543,25200,530530701001,43200,-121.54325521381088,47.1154042142104,20095.0
b2b-53302,29400,530330292061,43200,-122.2446052666474,47.39664040457194,530330292061.0
b2b-35137,30600,530610533021,43200,-122.23890985949284,48.26560079125508,530730102001.0
b2b-4541,31200,530530732003,43200,-122.24070890083723,46.779553754471394,530110407111.0
b2b-54004,29400,530530701001,43200,-121.54325521381088,47.1154042142104,20009.0
b2b-1572,33000,530619400013,43200,-122.1904456175628,48.05215092469976,530619400013.0
b2b-40210,36000,530330315021,43200,-121.35038596453016,47.15689119363349,530770002001.0
b2b-59457,27600,530350901013,43200,-122.57458089458235,47.80213727848843,530350901013.0
b2b-40902,30600,530530732004,43200,-122.24497881306635,46.91507326147312,20010.0
b2b-60552,21000,530330108001,43200,-122.34459343374864,47.55451811993336,530330108001.0
b2b-52768,18000,530530718071,43200,-122.48907260111817,47.17391246519728,530530718071.0
b2b-7868,29400,530330093002,43200,-122.33962914107708,47.59056118743874,530330093002.0
b2b-30419,27000,530539400101,43200,-122.31636548869008,47.21201426449799,530539400101.0
b2b-19867,25200,530530726032,43200,-122.77381803555257,47.184454997543526,530670110001.0
b2b-28123,16800,530530626001,43200,-122.48290357322738,47.21925320624676,530530626001.0
b2b-34673,24600,530530701001,43200,-121.54325521381088,47.1154042142104,20009.0
b2b-47451,43200,530530718071,43200,-122.49625627671747,47.17375940472944,530530718071.0
b2b-53289,34200,530330093003,43200,-122.34231103586774,47.56814278686263,530330093003.0
b2b-26034,38400,530530726032,43200,-122.77381803555257,47.184454997543526,530670110001.0
b2b-55787,30600,530330315021,43200,-121.35038596453016,47.15689119363349,20033.0
b2b-30095,21000,530330071001,43200,-122.3607157802324,47.62277408295152,530330071001.0
b2b-35031,42000,530330112001,43200,-122.33227885206496,47.53199660801611,530330112001.0
b2b-49855,18000,530539400101,43200,-122.30933301135236,47.20709860565505,530539400101.0
b2b-29558,22800,530330292061,43200,-122.2459874160508,47.40622966331869,530330292061.0
b2b-60179,29400,530330093003,43200,-122.33781074015684,47.57150093310607,530330093003.0
b2b-10607,25200,530330292061,43200,-122.26172450913342,47.39944206804464,530330292061.0
b2b-1560,20400,530610526053,43200,-122.06342798085213,48.018406191544535,530610526053.0
b2b-55860,33000,530530732003,43200,-122.24070890083723,46.779553754471394,410470017012.0
b2b-43770,25200,530330219041,43200,-122.15836206250982,47.71408668302469,530330219041.0
b2b-50085,23400,530530712073,43200,-122.2904626501158,47.16371289589367,530530712073.0
b2b-25125,30600,530330108001,43200,-122.34459343374864,47.55451811993336,530330108001.0
b2b-15805,29400,530330305011,43200,-122.23779868805818,47.30533831017567,530330305011.0
b2b-55321,22200,530530701001,43200,-121.54325521381088,47.1154042142104,20009.0
b2b-36474,31200,530330305011,43200,-122.2297357840513,47.34601224814244,530330305011.0
b2b-21006,42600,530330262001,43200,-122.25634918941526,47.452012469005865,530330262001.0
b2b-11566,28200,530330315021,43200,-121.35038596453016,47.15689119363349,530210201001.0
b2b-35072,42600,530610533014,43200,-122.36753432018811,48.24860364633015,530730002002.0
b2b-4858,23400,530610535051,43200,-122.00034051827424,48.09987764968592,530610535051.0
b2b-40317,17400,530530732003,43200,-122.24070890083723,46.779553754471394,530110410052.0
b2b-13677,3600,530330323191,43200,-122.1481741672292,47.77070952624315,530330323191.0
b2b-10608,30000,530330292061,43200,-122.25322050856488,47.41586647958096,530330292061.0
b2b-24510,26400,530330112001,43200,-122.33038076011847,47.5260682706754,530330112001.0
b2b-24085,39600,530330305011,43200,-122.2295983208466,47.33291579842153,530330305011.0
b2b-18214,3600,530330058014,43200,-122.38216886565404,47.65379997941246,530330058014.0
b2b-45528,48600,530330305011,43200,-122.2414089650351,47.30903317957814,530330305011.0
b2b-54043,33000,530530732004,43200,-122.24497881306635,46.91507326147312,20014.0
b2b-28079,28200,530539400022,43200,-122.39688590845752,47.24395008519793,530539400022.0
b2b-15220,31800,530530732003,43200,-122.24070890083723,46.779553754471394,410710303011.0
b2b-17073,33000,530330305011,43200,-122.22559515004367,47.34359059021573,530330305011.0
b2b-26394,26400,530330292061,43200,-122.23310684944713,47.416945383189166,530330292061.0
b2b-3180,37800,530610535052,43200,-122.03786415087995,48.11729524976745,530610535052.0
b2b-32289,49200,530530732004,43200,-122.24497881306635,46.91507326147312,20010.0
b2b-31573,34800,530530701001,43200,-121.54325521381088,47.1154042142104,20095.0
b2b-52050,30600,530530701001,43200,-121.54325521381088,47.1154042142104,20009.0
b2b-32014,20400,530530732003,43200,-122.24070890083723,46.779553754471394,410510073001.0
b2b-4578,30000,530530701001,43200,-121.54325521381088,47.1154042142104,20095.0
b2b-16217,37200,530330292061,43200,-122.22322739245254,47.411296099550434,530330292061.0
b2b-46257,28800,530610533012,43200,-122.33329845364509,48.26704965475196,530610533012.0
b2b-25065,30000,530330292061,43200,-122.24236772504756,47.413707726873845,530330292061.0
b2b-58902,22800,530530634002,43200,-122.42642328552022,47.171531587558185,530530634002.0
b2b-57278,44400,530530717061,43200,-122.47809746085504,47.16087314219261,530530717061.0
b2b-16290,33600,530330323091,43200,-122.13954975068324,47.68156278469926,530330323091.0
b2b-55495,24600,530610533014,43200,-122.36753432018811,48.24860364633015,530730002001.0
b2b-46561,20400,530330112001,43200,-122.32278699163643,47.51939372163404,530330112001.0
b2b-26493,31200,530330284024,43200,-122.29258998292704,47.458908818853615,530330284024.0
b2b-33509,31200,530530732004,43200,-122.24497881306635,46.91507326147312,20012.0
b2b-47296,33600,530530725071,43200,-122.59523922786956,47.34308235522769,530530725071.0
b2b-18555,30000,530330109001,43200,-122.3163604300049,47.53415449305244,530330109001.0
b2b-31384,37800,530330315021,43200,-121.35038596453016,47.15689119363349,20033.0
b2b-8960,33000,530530732004,43200,-122.24497881306635,46.91507326147312,20012.0
b2b-25823,35400,530330292061,43200,-122.24714566153456,47.42946269080292,530330292061.0
b2b-2653,28800,530610413042,43200,-122.2614027865489,47.94476829050659,530610413042.0
b2b-45329,27000,530610537001,43200,-121.19835975276254,48.11551522486367,530630122001.0
b2b-58229,19800,530330292061,43200,-122.22616838953864,47.40963288014064,530330292061.0
b2b-51458,25200,530330263002,43200,-122.29034760404986,47.50675431311565,530330263002.0
b2b-995,49200,530530732003,43200,-122.24070890083723,46.779553754471394,410670320011.0
b2b-50931,28800,530330292061,43200,-122.23370316056908,47.4249654061988,530330292061.0
b2b-14495,39600,530330112002,43200,-122.32597197565622,47.53562167620476,530330112002.0
b2b-27699,27000,530330324011,43200,-121.98779991779364,47.73411298745755,530330324011.0
b2b-58253,17400,530539400101,43200,-122.29813812585698,47.20403630192054,530539400101.0
b2b-7224,43800,530610533012,43200,-122.33329845364509,48.26704965475196,530610533012.0
b2b-6226,30600,530610535091,43200,-122.15577642818684,48.15652609289869,530610535091.0
b2b-53056,28800,530530732004,43200,-122.24497881306635,46.91507326147312,20012.0
b2b-29506,32400,530530732003,43200,-122.24070890083723,46.779553754471394,410510073001.0
b2b-2948,34800,530610535091,43200,-122.15577642818684,48.15652609289869,530610535091.0
b2b-53062,28800,530530732004,43200,-122.24497881306635,46.91507326147312,20012.0
b2b-41778,28800,530530729061,43200,-122.55058881309056,47.05402215230165,530419708002.0
b2b-44047,37800,530530726032,43200,-122.77381803555257,47.184454997543526,530499504003.0
b2b-24094,36000,530330112001,43200,-122.33227885206496,47.53199660801611,530330112001.0
b2b-39631,25200,530610537001,43200,-121.19835975276254,48.11551522486367,530630114003.0
b2b-38203,33000,530530701001,43200,-121.54325521381088,47.1154042142104,20071.0
b2b-42294,43200,530530732003,43200,-122.24070890083723,46.779553754471394,410670321071.0
b2b-4208,29400,530610413042,43200,-122.24520847642002,47.92654436050197,530610413042.0
b2b-41493,32400,530530701001,43200,-121.54325521381088,47.1154042142104,20009.0
b2b-4192,31200,530330323193,43200,-122.1581093804582,47.75939019084427,530330323193.0
b2b-48097,25800,530530602001,43200,-122.36528245963828,47.26751888475604,530530602001.0
b2b-1954,30600,530610510001,43200,-122.32732321411068,47.79620760870299,530610510001.0
b2b-24718,33600,530330284024,43200,-122.29258998292704,47.458908818853615,530330284024.0
b2b-6913,46200,530539400101,43200,-122.31648048532443,47.21474337338707,530539400101.0
b2b-2313,39000,530610533025,43200,-122.24600167528853,48.239089623399856,530610533025.0
b2b-13630,24000,530330262001,43200,-122.22251355103626,47.44693307024466,530330262001.0
b2b-9631,25200,530330292061,43200,-122.24754827236004,47.42974320568393,530330292061.0
b2b-26817,30000,530330323193,43200,-122.1581093804582,47.75939019084427,530330323193.0
b2b-47569,23400,530530732003,43200,-122.24070890083723,46.779553754471394,530110412031.0
b2b-41602,24000,530610531021,43200,-122.18921914405846,48.15037009988364,530610531021.0
b2b-57434,39000,530330253012,43200,-122.20008697234636,47.51872032273093,530330253012.0
b2b-36429,49800,530610537001,43200,-121.19835975276254,48.11551522486367,20067.0
b2b-43711,37800,530610537001,43200,-121.19835975276254,48.11551522486367,20088.0
b2b-26266,37200,530330109001,43200,-122.31615434494384,47.5337116992969,530330109001.0
b2b-58709,37200,530330109001,43200,-122.30470511550692,47.53353754098162,530330109001.0
b2b-50573,33000,530530728001,43200,-122.6498514398432,47.10126306338846,530670123302.0
b2b-45206,15000,530330328003,43200,-121.0994620763074,47.70432736556717,20128.0
b2b-26401,28200,530330292061,43200,-122.2459874160508,47.40622966331869,530330292061.0
b2b-37661,4800,530610413042,43200,-122.24520847642002,47.92654436050197,530610413042.0
b2b-59253,43200,530350902011,43200,-122.65239623626218,47.79922902846672,530350902011.0
b2b-8598,28800,530330284024,43200,-122.32502834386656,47.4420944841294,530330284024.0
b2b-7008,43200,530330309011,43200,-122.24391231933936,47.29362124422784,530330309011.0
b2b-2430,32400,530610533014,43200,-122.36753432018811,48.24860364633015,530579519002.0
b2b-47497,37800,530530626001,43200,-122.4674526002402,47.233230582318846,530530626001.0
b2b-58611,36000,530330093003,43200,-122.31980747310476,47.58177758195886,530330093003.0
b2b-19244,27000,530330112001,43200,-122.33215064349903,47.53154045052393,530330112001.0
b2b-47572,28200,530530726032,43200,-122.77381803555257,47.184454997543526,530670105101.0
b2b-7815,33000,530610535061,43200,-121.90505639582553,48.26054804302581,530579512001.0
b2b-31764,35400,530530701001,43200,-121.54325521381088,47.1154042142104,20095.0
b2b-34881,39600,530610534001,43200,-122.1788962996328,48.270180743276,530730101005.0
b2b-54674,19200,530330264005,43200,-122.32796798630088,47.51839430843621,530330264005.0
b2b-53671,27600,530530732003,43200,-122.24070890083723,46.779553754471394,410510073001.0
b2b-42527,35400,530610533014,43200,-122.36753432018811,48.24860364633015,530730004003.0
b2b-31159,19800,530530732004,43200,-122.24497881306635,46.91507326147312,20013.0
b2b-18185,34200,530330226051,43200,-122.16003717332278,47.70973335976642,530330226051.0
b2b-49807,19200,530530729061,43200,-122.55058881309056,47.05402215230165,530419708002.0
b2b-46917,46200,530350908002,43200,-122.54679738526256,47.68082457901144,530350908002.0
b2b-28486,46200,530530602001,43200,-122.4168322119629,47.24777437749945,530530602001.0
b2b-44922,43200,530530732003,43200,-122.24070890083723,46.779553754471394,410050239011.0
b2b-33580,33600,530530732004,43200,-122.24497881306635,46.91507326147312,20012.0
b2b-42204,46800,530330328003,43200,-121.0994620763074,47.70432736556717,530250107002.0
b2b-49767,41400,530530728001,43200,-122.6498514398432,47.10126306338846,530670122222.0
b2b-19634,57600,530530732003,43200,-122.24070890083723,46.779553754471394,530110430001.0
b2b-52382,22200,530330112001,43200,-122.33227885206496,47.53199660801611,530330112001.0
b2b-4187,21600,530610512001,43200,-122.30212126736846,47.80335907496872,530610512001.0
b2b-49575,42000,530539400022,43200,-122.35799177341411,47.24698856781136,530539400022.0
b2b-60261,19800,530330284024,43200,-122.29258998292704,47.458908818853615,530330284024.0
b2b-54139,33600,530330292061,43200,-122.2459874160508,47.40622966331869,530330292061.0
b2b-8505,33600,530330204013,43200,-122.307123156484,47.765730459267765,530330204013.0
b2b-43589,34200,530530732003,43200,-122.24070890083723,46.779553754471394,410050215001.0
b2b-45762,34200,530610509003,43200,-122.34371351031962,47.78197480697623,530610509003.0
b2b-27126,31800,530539400022,43200,-122.39688590845752,47.24395008519793,530539400022.0
b2b-47463,34800,530530723103,43200,-122.55173351153596,47.222469554083744,530530723103.0
b2b-6629,33600,530330071001,43200,-122.3606877387274,47.6228216468558,530330071001.0
b2b-46143,30600,530330292061,43200,-122.2523347314473,47.41500597976029,530330292061.0
b2b-5183,35400,530610521083,43200,-122.10810165997442,47.81450505250156,530610521083.0
b2b-41320,29400,530610534001,43200,-122.1788962996328,48.270180743276,530730102002.0
b2b-9993,28800,530610537001,43200,-121.19835975276254,48.11551522486367,20066.0
b2b-58628,16800,530330320111,43200,-122.0228827412936,47.36910189719495,530330320111.0
b2b-55428,22800,530330292061,43200,-122.2459874160508,47.40622966331869,530330292061.0
b2b-18606,6600,530330058014,43200,-122.3795727129436,47.65646256888155,530330058014.0
b2b-49732,39600,530530726032,43200,-122.77381803555257,47.184454997543526,530670110001.0
b2b-43385,31800,530530732003,43200,-122.24070890083723,46.779553754471394,410470025021.0
b2b-15134,27000,530330058023,43200,-122.38166015478942,47.63308478875902,530330058023.0
b2b-32162,43200,530530732003,43200,-122.24070890083723,46.779553754471394,410510073001.0
b2b-27607,42000,530539400101,43200,-122.30153828242798,47.20844219946797,530539400101.0
b2b-58353,22800,530330305011,43200,-122.225168836558,47.33848920012566,530330305011.0
b2b-20632,29400,530330047002,43200,-122.36807919165577,47.66499671995573,530330047002.0
b2b-11321,39600,530530726032,43200,-122.77381803555257,47.184454997543526,530670110001.0
b2b-7434,22800,530610413042,43200,-122.26274299746264,47.938864443246594,530610413042.0
b2b-47835,43200,530530713061,43200,-122.35763350937374,47.13187821663476,530530713061.0
b2b-46142,30600,530330292061,43200,-122.2523347314473,47.41500597976029,530330292061.0
b2b-8022,24600,530330236012,43200,-122.1840842404128,47.6171304699469,530330236012.0
b2b-19912,45600,530610533014,43200,-122.36753432018811,48.24860364633015,530579408001.0
b2b-13598,33600,530530730061,43200,-122.3464165120801,46.92550674265296,410099710001.0
b2b-57741,46800,530530602001,43200,-122.4168322119629,47.24777437749945,530530602001.0
b2b-29581,42000,530330263002,43200,-122.28554096203116,47.505380453279805,530330263002.0
b2b-2329,40800,530530726032,43200,-122.77381803555257,47.184454997543526,530670110001.0
b2b-8517,25800,530330109001,43200,-122.31615434494384,47.5337116992969,530330109001.0
b2b-28661,36600,530530732003,43200,-122.24070890083723,46.779553754471394,410470025021.0
b2b-57295,53400,530330283003,43200,-122.25198503629612,47.42872998511336,530330283003.0
b2b-50158,16200,530530732003,43200,-122.24070890083723,46.779553754471394,410510072021.0
b2b-46329,27000,530530730061,43200,-122.3464165120801,46.92550674265296,410099703001.0
b2b-15917,34200,530330326021,43200,-121.87384347788426,47.52828198391666,530330326021.0
b2b-27460,31800,530539400101,43200,-122.30602775449944,47.20510401307725,530539400101.0
b2b-23064,44400,530330305011,43200,-122.22514817909456,47.34588590290883,530330305011.0
b2b-44138,28800,530539400022,43200,-122.35897274041128,47.25278630859665,530539400022.0
b2b-14112,28200,530330323133,43200,-122.0953085966017,47.67324070348591,530330323133.0
b2b-37121,33600,530530718071,43200,-122.48907260111817,47.17391246519728,530530718071.0
b2b-33839,33600,530530701001,43200,-121.54325521381088,47.1154042142104,20009.0
b2b-35533,31200,530530729061,43200,-122.55058881309056,47.05402215230165,530670126101.0
b2b-20254,29400,530330326021,43200,-121.86824325115576,47.52832007691824,530330326021.0
b2b-4510,24000,530610408002,43200,-122.2059983874057,47.979818018061,530610408002.0
b2b-46228,37800,530610533014,43200,-122.36753432018811,48.24860364633015,530730103021.0
b2b-26892,31800,530350908002,43200,-122.54679738526256,47.68082457901144,530350908002.0
b2b-9729,28200,530530701001,43200,-121.54325521381088,47.1154042142104,20009.0
b2b-55588,33000,530530732003,43200,-122.24070890083723,46.779553754471394,410510043001.0
b2b-3050,48000,530610538022,43200,-121.81574360336782,47.86312799378518,530610538022.0
b2b-47381,30000,530530602001,43200,-122.39902978742688,47.2435130363375,530530602001.0
b2b-5394,28200,530610419032,43200,-122.26843387762376,47.91726990385733,530610419032.0
b2b-26799,30600,530530732003,43200,-122.24070890083723,46.779553754471394,410670320011.0
b2b-21527,48600,530610535091,43200,-122.15577642818684,48.15652609289869,530610535091.0
b2b-42726,28200,530610419011,43200,-122.2802595692594,47.910143896632206,530610419011.0
b2b-43918,36600,530530732003,43200,-122.24070890083723,46.779553754471394,530110407091.0
b2b-27748,58200,530330263002,43200,-122.29034760404986,47.50675431311565,530330263002.0
b2b-25436,41400,530330300034,43200,-122.31537682732626,47.372448076062376,530330300034.0
b2b-16453,31200,530330283003,43200,-122.25118237910812,47.43613570552224,530330283003.0
b2b-24806,42600,530330284024,43200,-122.32605107640192,47.44369649531482,530330284024.0
b2b-33782,34200,530530701001,43200,-121.54325521381088,47.1154042142104,20009.0
b2b-14047,28200,530330323133,43200,-122.0953085966017,47.67324070348591,530330323133.0
b2b-15003,21600,530530732003,43200,-122.24070890083723,46.779553754471394,410050203043.0
b2b-55554,21600,530530732004,43200,-122.24497881306635,46.91507326147312,20012.0
b2b-21857,28800,530530732003,43200,-122.24070890083723,46.779553754471394,530110410052.0
b2b-16088,21600,530330109001,43200,-122.30471374153352,47.53323210364925,530330109001.0
b2b-53345,16800,530330292061,43200,-122.24594833117034,47.42791605273119,530330292061.0
b2b-52336,25800,530530732004,43200,-122.24497881306635,46.91507326147312,20012.0
b2b-47233,44400,530530729061,43200,-122.55058881309056,47.05402215230165,530419708004.0
b2b-948,37200,530610415001,43200,-122.19563334414002,47.96335810841617,530610415001.0
b2b-40577,37200,530330315021,43200,-121.35038596453016,47.15689119363349,530770017021.0
b2b-54588,54000,530539400022,43200,-122.35897274041128,47.25278630859665,530539400022.0
b2b-57585,42000,530330288021,43200,-122.29481094665095,47.42691598518143,530330288021.0
b2b-37332,17400,530530701001,43200,-121.54325521381088,47.1154042142104,20071.0
b2b-47893,37800,530530724084,43200,-122.57298037502004,47.26707762724318,530530724084.0
b2b-42806,36000,530530732003,43200,-122.24070890083723,46.779553754471394,410670304013.0
b2b-46963,18600,530330303132,43200,-122.30590062664312,47.29634204750628,530330303132.0
b2b-28929,24600,530530732003,43200,-122.24070890083723,46.779553754471394,530110403023.0
b2b-52322,25200,530530732003,43200,-122.24070890083723,46.779553754471394,530150015025.0
b2b-55800,30600,530330315021,43200,-121.35038596453016,47.15689119363349,20033.0
b2b-38082,25800,530610533014,43200,-122.36753432018811,48.24860364633015,530579521003.0
b2b-37312,28200,530610537001,43200,-121.19835975276254,48.11551522486367,20036.0
b2b-42191,22800,530610533021,43200,-122.23890985949284,48.26560079125508,530730102001.0
b2b-30331,42000,530330292061,43200,-122.22834520138616,47.42187038261192,530330292061.0
b2b-34319,35400,530610537001,43200,-121.19835975276254,48.11551522486367,20034.0
b2b-16723,34200,530330308011,43200,-122.24237313099782,47.28110532233451,530330308011.0
b2b-21885,21600,530530732003,43200,-122.24070890083723,46.779553754471394,410510072021.0
b2b-28660,36600,530530732003,43200,-122.24070890083723,46.779553754471394,410470025021.0
b2b-60175,42600,530330219054,43200,-122.17601104993004,47.734492466552766,530330219054.0
b2b-61019,37200,530330292061,43200,-122.24032850745012,47.4188307692889,530330292061.0
b2b-45569,31200,530539400022,43200,-122.37012653416627,47.2396925985116,530539400022.0
b2b-16804,23400,530330228033,43200,-122.1249824309002,47.64467116789906,530330228033.0
b2b-45960,35400,530330292061,43200,-122.24565317892274,47.42473813864648,530330292061.0
b2b-41315,41400,530610533014,43200,-122.36753432018811,48.24860364633015,530730103021.0
b2b-26260,31200,530330305011,43200,-122.23814188906644,47.30749356440818,530330305011.0
b2b-32042,21600,530530701001,43200,-121.54325521381088,47.1154042142104,20118.0
b2b-43261,33600,530330017021,43200,-122.35566819623313,47.70426957906544,530330017021.0
b2b-42764,19800,530530701001,43200,-121.54325521381088,47.1154042142104,20095.0
b2b-45950,35400,530330288012,43200,-122.3182733960549,47.42644904677949,530330288012.0
b2b-54305,33600,530530732003,43200,-122.24070890083723,46.779553754471394,410510072021.0
b2b-21089,33000,530330078002,43200,-122.28939130507857,47.608655124480606,530330078002.0
b2b-28565,35400,530330320111,43200,-122.02526422994526,47.368468563369326,530330320111.0
b2b-45040,32400,530350811002,43200,-122.6530939681399,47.565540153997645,530350811002.0
b2b-59988,39000,530330093003,43200,-122.33231170637092,47.56852810250407,530330093003.0
b2b-13527,38400,530330219061,43200,-122.1580121378409,47.74011602573891,530330219061.0
b2b-27020,27600,530530701001,43200,-121.54325521381088,47.1154042142104,20009.0
b2b-33398,32400,530530732004,43200,-122.24497881306635,46.91507326147312,20012.0
b2b-7443,29400,530530732003,43200,-122.24070890083723,46.779553754471394,410510073001.0
b2b-42321,27000,530330237001,43200,-122.1698806056832,47.62581212961685,530330237001.0
b2b-12793,28800,530330295021,43200,-122.17350852229566,47.37950694172241,530330295021.0
b2b-39072,25200,530530732004,43200,-122.24497881306635,46.91507326147312,20012.0
b2b-37898,24000,530610533014,43200,-122.36753432018811,48.24860364633015,530730002002.0
b2b-5839,27600,530350909002,43200,-122.51587537591683,47.63223807359521,530350909002.0
b2b-12410,28200,530330323133,43200,-122.09525635385218,47.67375813474817,530330323133.0
b2b-51737,28800,530330093003,43200,-122.34231103586774,47.56814278686263,530330093003.0
b2b-15391,28800,530330322103,43200,-122.02105516599312,47.53659039801872,530330322103.0
b2b-50733,18000,530530718071,43200,-122.48856362970082,47.17493132674352,530530718071.0
b2b-58536,18600,530330305011,43200,-122.230664536079,47.34078822683098,530330305011.0
b2b-4383,31800,530330208002,43200,-122.3546895034558,47.75770809744354,530330208002.0
b2b-37091,37800,530610537001,43200,-121.19835975276254,48.11551522486367,530630114003.0
b2b-17429,37800,530330093003,43200,-122.32757578248253,47.58518505158895,530330093003.0
b2b-2137,26400,530530729061,43200,-122.55058881309056,47.05402215230165,530670127203.0
b2b-11664,22800,530530701001,43200,-121.54325521381088,47.1154042142104,20009.0
b2b-29549,51600,530530718071,43200,-122.48907260111817,47.17391246519728,530530718071.0
b2b-32472,35400,530330265002,43200,-122.3431011623761,47.51325975581829,530330265002.0
b2b-27084,21600,530539400022,43200,-122.40021822743282,47.25332028353289,530539400022.0
b2b-58227,35400,530530602001,43200,-122.38313938123711,47.27389774205089,530530602001.0
b2b-45195,3600,530610537001,43200,-121.19835975276254,48.11551522486367,20126.0
b2b-4331,35400,530610531021,43200,-122.18921914405846,48.15037009988364,530610531021.0
b2b-3955,37800,530610535091,43200,-122.14353715443714,48.1624196701481,530610535091.0
b2b-18545,20400,530350901011,43200,-122.60364513128724,47.9301516886425,530299713002.0
b2b-11731,24600,530610533014,43200,-122.36753432018811,48.24860364633015,530579519002.0
b2b-6337,23400,530530732003,43200,-122.24070890083723,46.779553754471394,410430306003.0
b2b-50584,34800,530530718071,43200,-122.4900747858049,47.17243924661469,530530718071.0
b2b-50981,36600,530539400101,43200,-122.32275214065464,47.21274469722344,530539400101.0
b2b-44029,22800,530330292061,43200,-122.2399524047634,47.42065299126694,530330292061.0
b2b-11864,34200,530610537001,43200,-121.19835975276254,48.11551522486367,530630141002.0
b2b-278,27000,530610413042,43200,-122.2451428801999,47.925183244717616,530610413042.0
b2b-49269,21600,530530714063,43200,-122.35250535701675,47.08705649955312,530530714063.0
b2b-60126,43800,530330112001,43200,-122.33038076011847,47.5260682706754,530330112001.0
b2b-40558,28200,530330315021,43200,-121.35038596453016,47.15689119363349,20015.0
b2b-49572,42000,530539400022,43200,-122.35799177341411,47.24698856781136,530539400022.0
b2b-32952,34800,530530732004,43200,-122.24497881306635,46.91507326147312,20010.0
b2b-37407,36600,530530732004,43200,-122.24497881306635,46.91507326147312,20010.0
b2b-27559,32400,530330093003,43200,-122.34231103586774,47.56814278686263,530330093003.0
b2b-3907,21000,530330305011,43200,-122.2295983208466,47.33291579842153,530330305011.0
b2b-12396,30000,530330048003,43200,-122.3557198577866,47.65250064053979,530330048003.0
b2b-36461,34800,530530732003,43200,-122.24070890083723,46.779553754471394,410470025021.0
b2b-57827,29400,530530733013,43200,-122.24510500281356,47.2374884800514,530530733013.0
b2b-20728,34200,530610533014,43200,-122.36753432018811,48.24860364633015,530730107011.0
b2b-46713,40800,530610419012,43200,-122.2624033114822,47.886844295052185,530610419012.0
b2b-43055,27000,530539400101,43200,-122.29134378128698,47.21053068660679,530539400101.0
b2b-1562,37800,530610519281,43200,-122.2497438863331,47.84804718083082,530610519281.0
b2b-33880,21600,530530701001,43200,-121.54325521381088,47.1154042142104,20009.0
b2b-33485,45000,530530732004,43200,-122.24497881306635,46.91507326147312,20012.0
b2b-43258,33600,530610537001,43200,-121.19835975276254,48.11551522486367,20089.0
b2b-24712,34200,530330292061,43200,-122.24630253743486,47.38821598815996,530330292061.0
b2b-22638,35400,530530726032,43200,-122.77381803555257,47.184454997543526,530670110001.0
b2b-25390,46200,530330305011,43200,-122.22992751854756,47.34359358883764,530330305011.0
b2b-6119,24600,530610533012,43200,-122.33329845364509,48.26704965475196,530610533012.0
b2b-3323,29400,530530732003,43200,-122.24070890083723,46.779553754471394,410510073001.0
b2b-37057,48000,530610535061,43200,-121.90505639582553,48.26054804302581,530579512001.0
b2b-30431,27600,530530718071,43200,-122.49341371862204,47.173202238566496,530530718071.0
b2b-36223,42600,530330263002,43200,-122.29034760404986,47.50675431311565,530330263002.0
b2b-23097,41400,530330297004,43200,-122.23544254615908,47.36531619290829,530330297004.0
b2b-28100,45000,530530626001,43200,-122.48142674423129,47.22315676250872,530530626001.0
b2b-45459,36600,530330292061,43200,-122.24284085769776,47.402569263655785,530330292061.0
b2b-25218,48000,530330292061,43200,-122.24754827236004,47.42974320568393,530330292061.0
b2b-53023,22200,530530732004,43200,-122.24497881306635,46.91507326147312,20012.0
b2b-46400,26400,530530732003,43200,-122.24070890083723,46.779553754471394,530110424001.0
b2b-39255,27000,530530714062,43200,-122.38170003566306,47.07872835386775,530530714062.0
b2b-12775,49800,530330066001,43200,-122.32724058826471,47.63019426814261,530330066001.0
b2b-35717,28800,530539400022,43200,-122.40021822743282,47.25332028353289,530539400022.0
b2b-20332,22800,530330292061,43200,-122.24736954260648,47.389772462432845,530330292061.0
b2b-29124,37800,530330263002,43200,-122.29034760404986,47.50675431311565,530330263002.0
b2b-38212,41400,530530701001,43200,-121.54325521381088,47.1154042142104,20071.0
b2b-56266,24000,530330292061,43200,-122.22834520138616,47.42187038261192,530330292061.0
b2b-11669,26400,530530701001,43200,-121.54325521381088,47.1154042142104,20119.0
b2b-370,35400,530610408002,43200,-122.20740921411743,47.97867025191261,530610408002.0
b2b-4880,33600,530610413042,43200,-122.27707691241686,47.941867642502736,530610413042.0
b2b-53224,26400,530539400022,43200,-122.3623989794619,47.24303041243632,530539400022.0
b2b-60332,21000,530530701001,43200,-121.54325521381088,47.1154042142104,20009.0
b2b-46979,28200,530330305011,43200,-122.2471429496025,47.33348570867506,530330305011.0
b2b-17359,29400,530530726032,43200,-122.77381803555257,47.184454997543526,530670105101.0
b2b-37693,34200,530610537001,43200,-121.19835975276254,48.11551522486367,530630136002.0
b2b-51064,25800,530539400101,43200,-122.33354651336224,47.21912577488827,530539400101.0
b2b-24395,27000,530330308013,43200,-122.22650221195384,47.27844420070505,530330308013.0
b2b-41301,28800,530610534001,43200,-122.1788962996328,48.270180743276,530730101005.0
b2b-60998,28200,530610537001,43200,-121.19835975276254,48.11551522486367,20069.0
b2b-39683,24000,530330328003,43200,-121.0994620763074,47.70432736556717,530079611003.0
b2b-29104,43800,530530732003,43200,-122.24070890083723,46.779553754471394,410519800001.0
b2b-57944,19800,530330319082,43200,-122.14805239360987,47.44517917392911,530330319082.0
b2b-32291,49200,530530732004,43200,-122.24497881306635,46.91507326147312,20010.0
b2b-20203,24000,530530726032,43200,-122.77381803555257,47.184454997543526,530670110001.0
b2b-35156,26400,530330284024,43200,-122.29258998292704,47.458908818853615,530330284024.0
b2b-52105,34800,530610537001,43200,-121.19835975276254,48.11551522486367,20041.0
b2b-12996,39600,530330292061,43200,-122.24668397066084,47.395819984184,530330292061.0
b2b-37253,27600,530530701001,43200,-121.54325521381088,47.1154042142104,20118.0
b2b-42602,35400,530530701001,43200,-121.54325521381088,47.1154042142104,20095.0
b2b-48553,16200,530530732003,43200,-122.24070890083723,46.779553754471394,410430207002.0
b2b-32958,34800,530530732004,43200,-122.24497881306635,46.91507326147312,20010.0
b2b-60310,39600,530530732003,43200,-122.24070890083723,46.779553754471394,410030104003.0
b2b-20506,24600,530330265002,43200,-122.35199091885264,47.5154904438901,530330265002.0
b2b-23635,12000,530530726023,43200,-122.81869875074756,47.26529584078148,530459610003.0
b2b-28557,28800,530610535091,43200,-122.15577642818684,48.15652609289869,530610535091.0
b2b-33819,27600,530530701001,43200,-121.54325521381088,47.1154042142104,20009.0
b2b-37223,21600,530530718071,43200,-122.49862871043098,47.16872189350508,530530718071.0
b2b-38530,31200,530610537001,43200,-121.19835975276254,48.11551522486367,20091.0
b2b-57981,18000,530350811002,43200,-122.6530939681399,47.565540153997645,530350811002.0
b2b-39387,43200,530530732003,43200,-122.24070890083723,46.779553754471394,410430306003.0
b2b-58825,51600,530530712071,43200,-122.28611945306136,47.155943185501535,530530712071.0
b2b-59372,26400,530610537001,43200,-121.19835975276254,48.11551522486367,530630132021.0
b2b-37518,27600,530530732004,43200,-122.24497881306635,46.91507326147312,20014.0
b2b-38592,25800,530610537001,43200,-121.19835975276254,48.11551522486367,20091.0
b2b-15826,45000,530530732003,43200,-122.24070890083723,46.779553754471394,410510027021.0
b2b-15337,36600,530330237001,43200,-122.16601577736562,47.62560948248614,530330237001.0
b2b-9641,22200,530330292061,43200,-122.2446052666474,47.39664040457194,530330292061.0
b2b-2032,29400,530610514002,43200,-122.31498794409448,47.808055804392446,530610514002.0
b2b-23838,39600,530610537001,43200,-121.19835975276254,48.11551522486367,530630141002.0
b2b-51543,34200,530330292061,43200,-122.2459874160508,47.40622966331869,530330292061.0
b2b-60728,37800,530610515002,43200,-122.31703503276825,47.82034412550497,530610515002.0
b2b-5876,30000,530330323193,43200,-122.1581093804582,47.75939019084427,530330323193.0
b2b-57405,21000,530330292061,43200,-122.22662093183628,47.42704538062167,530330292061.0
b2b-46181,6000,530610533014,43200,-122.36753432018811,48.24860364633015,530730002001.0
b2b-58367,46200,530330108001,43200,-122.34459343374864,47.55451811993336,530330108001.0
b2b-7893,37800,530330284024,43200,-122.29785702640062,47.44428124887584,530330284024.0
b2b-35333,24600,530610533014,43200,-122.36753432018811,48.24860364633015,530579519002.0
b2b-26096,40800,530330071001,43200,-122.3607157802324,47.62277408295152,530330071001.0
b2b-36355,34800,530330315021,43200,-121.35038596453016,47.15689119363349,530770016022.0
b2b-30948,23400,530610533014,43200,-122.36753432018811,48.24860364633015,530730004003.0
b2b-52074,47400,530530701001,43200,-121.54325521381088,47.1154042142104,20009.0
b2b-8866,25800,530530732004,43200,-122.24497881306635,46.91507326147312,20012.0
b2b-56909,30000,530610534001,43200,-122.1788962996328,48.270180743276,530730102002.0
b2b-24785,45600,530330264005,43200,-122.32796798630088,47.51839430843621,530330264005.0
b2b-38275,45000,530330320111,43200,-122.02526422994526,47.368468563369326,530330320111.0
b2b-57023,47400,530539400022,43200,-122.368289546709,47.242889341578646,530539400022.0
b2b-60194,22800,530330112001,43200,-122.3214141584895,47.52232063451912,530330112001.0
b2b-4743,35400,530350918001,43200,-122.62548168575364,47.60797469250697,530350918001.0
b2b-47878,37800,530530702071,43200,-122.03545543600512,47.16125045347701,530530702071.0
b2b-30587,27000,530530732004,43200,-122.24497881306635,46.91507326147312,20012.0
b2b-38442,23400,530530701001,43200,-121.54325521381088,47.1154042142104,20009.0
b2b-3107,33600,530610529032,43200,-122.1790521686861,48.059777040918846,530610529032.0
b2b-21664,34800,530330305011,43200,-122.22992751854756,47.34359358883764,530330305011.0
b2b-12574,22800,530330228033,43200,-122.14030122745382,47.6385904630613,530330228033.0
b2b-2917,33600,530610522082,43200,-122.0011369094566,47.85010860019749,530610522082.0
b2b-3206,34800,530350901013,43200,-122.57486450141752,47.80206716562218,530350901013.0
b2b-12062,22800,530610533021,43200,-122.23890985949284,48.26560079125508,530730102001.0
b2b-2002,41400,530610521042,43200,-122.1778609015482,48.02246771334268,530610521042.0
b2b-4450,32400,530610521083,43200,-122.10810165997442,47.81450505250156,530610521083.0
b2b-5907,33000,530610515002,43200,-122.31703503276825,47.82034412550497,530610515002.0
b2b-32113,49200,530330112001,43200,-122.33227885206496,47.53199660801611,530330112001.0
b2b-30987,19200,530330292061,43200,-122.24284085769776,47.402569263655785,530330292061.0
b2b-20535,27600,530330047004,43200,-122.37900770554695,47.66642793673384,530330047004.0
b2b-6111,40200,530610535091,43200,-122.15577642818684,48.15652609289869,530610535091.0
b2b-57902,30600,530330256011,43200,-122.15753780999503,47.48802482995281,530330256011.0
b2b-48726,40800,530610532011,43200,-122.3623724567214,48.17554210102049,530299717001.0
b2b-59456,27600,530350901013,43200,-122.57458089458235,47.80213727848843,530350901013.0
b2b-21820,42600,530530732003,43200,-122.24070890083723,46.779553754471394,530110426003.0
b2b-28499,25800,530350918001,43200,-122.62548168575364,47.60797469250697,530350918001.0
b2b-25532,44400,530330320111,43200,-122.02526422994526,47.368468563369326,530330320111.0
b2b-13642,31200,530530729061,43200,-122.55058881309056,47.05402215230165,530670123201.0
b2b-9785,40800,530530732003,43200,-122.24070890083723,46.779553754471394,410510043001.0
b2b-28503,25800,530350918001,43200,-122.62548168575364,47.60797469250697,530350918001.0
b2b-42855,7800,530539400022,43200,-122.35799177341411,47.24698856781136,530539400022.0
b2b-15155,27600,530330263001,43200,-122.29318384430456,47.5158349891727,530330263001.0
b2b-2129,0,530610521042,43200,-122.17831428140778,48.02195426213259,530610521042.0
b2b-17161,7800,530330305011,43200,-122.22497924774048,47.32984769167292,530330305011.0
b2b-22749,21600,530330303132,43200,-122.31058561825375,47.29637046051421,530330303132.0
b2b-60311,36600,530530732003,43200,-122.24070890083723,46.779553754471394,410430202001.0
b2b-13322,25200,530330226051,43200,-122.1572495821512,47.70874201576565,530330226051.0
b2b-15645,40800,530330323133,43200,-122.09507027554444,47.67339990439811,530330323133.0
b2b-15973,27600,530330292061,43200,-122.24760263237744,47.40352004594407,530330292061.0
b2b-13723,15600,530330262001,43200,-122.22761253118948,47.44268975789384,530330262001.0
b2b-55835,46800,530530732003,43200,-122.24070890083723,46.779553754471394,410470102021.0
b2b-6046,36600,530530732003,43200,-122.24070890083723,46.779553754471394,410470025021.0
b2b-42609,31200,530530701001,43200,-121.54325521381088,47.1154042142104,20095.0
b2b-60914,25800,530350918001,43200,-122.62548168575364,47.60797469250697,530350918001.0
b2b-26026,30000,530530726032,43200,-122.77381803555257,47.184454997543526,530670110001.0
b2b-46008,35400,530330292061,43200,-122.22132194564074,47.43122542915011,530330292061.0
b2b-14482,31200,530330093003,43200,-122.32660314458614,47.57943415591709,530330093003.0
b2b-46804,46800,530530602001,43200,-122.4168322119629,47.24777437749945,530530602001.0
b2b-11094,19200,530530732003,43200,-122.24070890083723,46.779553754471394,530110412031.0
b2b-44814,34200,530530711001,43200,-122.395215526602,47.18059887176248,530530711001.0
b2b-18372,22200,530610533014,43200,-122.36753432018811,48.24860364633015,530579519002.0
b2b-32582,40200,530330305011,43200,-122.22964580068496,47.34441405773616,530330305011.0
b2b-13107,16200,530330058014,43200,-122.37708242127223,47.65163243005478,530330058014.0
b2b-40459,28800,530330292061,43200,-122.23652142574775,47.40187715022393,530330292061.0
b2b-13882,30000,530330218021,43200,-122.18474513918032,47.77203185836266,530330218021.0
b2b-53612,37800,530530732003,43200,-122.24070890083723,46.779553754471394,410470025021.0
b2b-40943,26400,530610535061,43200,-121.90505639582553,48.26054804302581,530579512001.0
b2b-15145,27600,530330263001,43200,-122.29318384430456,47.5158349891727,530330263001.0
b2b-40072,33600,530530732004,43200,-122.24497881306635,46.91507326147312,20012.0
b2b-29436,31800,530530732003,43200,-122.24070890083723,46.779553754471394,410510073001.0
b2b-48932,33000,530610535061,43200,-121.90505639582553,48.26054804302581,530579512001.0
b2b-59038,25800,530530726012,43200,-122.7889185106842,47.39416585865753,530459604006.0
b2b-4008,33600,530330219061,43200,-122.15443189137056,47.74077868276845,530330219061.0
b2b-52890,33000,530530729061,43200,-122.55058881309056,47.05402215230165,530419708002.0
b2b-56274,24600,530330305011,43200,-122.22992751854756,47.34359358883764,530330305011.0
b2b-51686,31200,530530712073,43200,-122.2904626501158,47.16371289589367,530530712073.0
b2b-11960,31800,530330322083,43200,-122.0430602331918,47.55012213284945,530330322083.0
b2b-51246,18000,530330305011,43200,-122.22992751854756,47.34359358883764,530330305011.0
b2b-41522,29400,530330072001,43200,-122.34222290120908,47.62143786859168,530330072001.0
b2b-4315,27000,530330109001,43200,-122.31615434494384,47.5337116992969,530330109001.0
b2b-46890,30600,530330268013,43200,-122.35420216780244,47.5096585571295,530330268013.0
b2b-18239,34200,530330308011,43200,-122.23510188318434,47.29779714278089,530330308011.0
b2b-58510,33600,530530602001,43200,-122.42762376346684,47.24081189266385,530530602001.0
b2b-41304,39000,530610533014,43200,-122.36753432018811,48.24860364633015,530730004003.0
b2b-33924,6600,530530701001,43200,-121.54325521381088,47.1154042142104,20009.0
b2b-45750,31200,530330292061,43200,-122.2404503079922,47.39484874138734,530330292061.0
b2b-24183,33000,530330322083,43200,-122.03964834758251,47.54466999527419,530330322083.0
b2b-10502,32400,530539400101,43200,-122.32275214065464,47.21274469722344,530539400101.0
b2b-25340,28800,530330292061,43200,-122.24714566153456,47.42946269080292,530330292061.0
b2b-7221,16800,530530729061,43200,-122.55058881309056,47.05402215230165,530670126102.0
b2b-12233,25800,530330017023,43200,-122.37162749286094,47.69614816718979,530330017023.0
b2b-46245,19800,530330315021,43200,-121.35038596453016,47.15689119363349,530770016022.0
b2b-13256,45600,530530729061,43200,-122.55058881309056,47.05402215230165,530419708004.0
b2b-10680,25800,530610533014,43200,-122.36753432018811,48.24860364633015,530579521003.0
b2b-59935,38400,530530728001,43200,-122.6498514398432,47.10126306338846,530670122222.0
b2b-16576,31800,530330014003,43200,-122.36279434360512,47.7022120796447,530330014003.0
b2b-5763,31800,530330284024,43200,-122.29258998292704,47.458908818853615,530330284024.0
b2b-21389,44400,530330305012,43200,-122.23092761165952,47.31202546098226,530330305012.0
b2b-3803,25800,530610533024,43200,-122.34074561477298,48.27571154986818,530579526003.0
b2b-42861,600,530330262001,43200,-122.23208131574492,47.470716932547,530330262001.0
b2b-15400,36000,530330279001,43200,-122.34748456866916,47.46730735001224,530330279001.0
b2b-14388,15600,530330058022,43200,-122.37555670953046,47.63179203615096,530330058022.0
b2b-40711,31200,530350920001,43200,-122.91991165827092,47.56116684098547,530090003001.0
b2b-32870,36000,530330284024,43200,-122.29258998292704,47.458908818853615,530330284024.0
b2b-33498,49200,530530732004,43200,-122.24497881306635,46.91507326147312,20012.0
b2b-58401,37200,530539400022,43200,-122.38675234356944,47.24026702600305,530539400022.0
b2b-26956,28800,530530732004,43200,-122.24497881306635,46.91507326147312,20012.0
b2b-58744,600,530330288021,43200,-122.29481094665095,47.42691598518143,530330288021.0
b2b-55316,13800,530530732003,43200,-122.24070890083723,46.779553754471394,410510073001.0
b2b-5259,30000,530330204013,43200,-122.307123156484,47.765730459267765,530330204013.0
b2b-58879,600,530330112001,43200,-122.3214141584895,47.52232063451912,530330112001.0
b2b-54895,26400,530539400101,43200,-122.30602775449944,47.20510401307725,530539400101.0
b2b-40521,14400,530530732003,43200,-122.24070890083723,46.779553754471394,530150015024.0
b2b-16626,48000,530330071002,43200,-122.35809762610356,47.62271312648639,530330071002.0
b2b-59110,32400,530330099004,43200,-122.36648858877362,47.5702779977206,530330099004.0
b2b-4943,22800,530610509003,43200,-122.34371351031962,47.78197480697623,530610509003.0
b2b-280,27000,530610413042,43200,-122.2451428801999,47.925183244717616,530610413042.0
b2b-29591,35400,530330292061,43200,-122.22513682781825,47.431742240111376,530330292061.0
b2b-38221,36600,530530701001,43200,-121.54325521381088,47.1154042142104,20071.0
b2b-49063,43800,530530701001,43200,-121.54325521381088,47.1154042142104,20095.0
b2b-35262,26400,530610533014,43200,-122.36753432018811,48.24860364633015,530730001003.0
b2b-11800,34800,530610535052,43200,-122.03022836629668,48.08890604327719,530610535052.0
b2b-25594,13800,530330262001,43200,-122.23208131574492,47.470716932547,530330262001.0
b2b-3614,34200,530610413042,43200,-122.27707691241686,47.941867642502736,530610413042.0
b2b-14308,23400,530330228033,43200,-122.13088404487657,47.641673684294766,530330228033.0
b2b-35631,14400,530330315021,43200,-121.35038596453016,47.15689119363349,530770002001.0
b2b-21552,27000,530530726032,43200,-122.77381803555257,47.184454997543526,530670110001.0
b2b-11680,38400,530610537001,43200,-121.19835975276254,48.11551522486367,20067.0
b2b-51624,51000,530330292061,43200,-122.22513682781825,47.431742240111376,530330292061.0
b2b-31245,40200,530610533014,43200,-122.36753432018811,48.24860364633015,530299715001.0
b2b-21689,28800,530330292061,43200,-122.22834520138616,47.42187038261192,530330292061.0
b2b-1134,24000,530610533014,43200,-122.36753432018811,48.24860364633015,530579519002.0
b2b-34779,25200,530330093003,43200,-122.3275014771429,47.57459261022242,530330093003.0
b2b-51618,30600,530530626001,43200,-122.48142674423129,47.22315676250872,530530626001.0
b2b-7711,27600,530530701001,43200,-121.54325521381088,47.1154042142104,20009.0
b2b-45522,29400,530330305011,43200,-122.22964580068496,47.34441405773616,530330305011.0
b2b-5573,32400,530610535052,43200,-122.03106139850598,48.10830016494173,530610535052.0
b2b-3687,33600,530610528031,43200,-122.1813219743526,48.14522920429553,530610528031.0
b2b-49897,37800,530330305011,43200,-122.230664536079,47.34078822683098,530330305011.0
b2b-9066,21600,530530732004,43200,-122.24497881306635,46.91507326147312,20012.0
b2b-37449,34200,530610537001,43200,-121.19835975276254,48.11551522486367,20064.0
b2b-14382,19800,530330080021,43200,-122.34318319278084,47.61300065376464,530330080021.0
b2b-10352,34200,530330315021,43200,-121.35038596453016,47.15689119363349,20094.0
b2b-32834,27000,530610537001,43200,-121.19835975276254,48.11551522486367,20067.0
b2b-55394,34200,530530602001,43200,-122.4168322119629,47.24777437749945,530530602001.0
b2b-14999,28800,530530732003,43200,-122.24070890083723,46.779553754471394,410510073001.0
b2b-1585,33000,530619400013,43200,-122.1904456175628,48.05215092469976,530619400013.0
b2b-40047,46200,530530732004,43200,-122.24497881306635,46.91507326147312,20012.0
b2b-58914,600,530330113001,43200,-122.33851664086092,47.534074134825126,530330113001.0
b2b-7201,20400,530330292061,43200,-122.23310684944713,47.416945383189166,530330292061.0
b2b-41286,10800,530610531021,43200,-122.18921914405846,48.15037009988364,530610531021.0
b2b-33070,32400,530530732004,43200,-122.24497881306635,46.91507326147312,20012.0
b2b-56579,25800,530610533024,43200,-122.34074561477298,48.27571154986818,530579526003.0
b2b-16816,23400,530330228033,43200,-122.1249824309002,47.64467116789906,530330228033.0
b2b-57198,30000,530539400022,43200,-122.38286624961148,47.24639723814323,530539400022.0
b2b-17007,22200,530330006001,43200,-122.33979887050845,47.72268262204445,530330006001.0
b2b-44401,34800,530539400101,43200,-122.33444901575834,47.2231274182679,530539400101.0
b2b-35917,22200,530539400022,43200,-122.38766758090154,47.23993171883115,530539400022.0
b2b-25890,45600,530330292061,43200,-122.25322050856488,47.41586647958096,530330292061.0
b2b-42787,23400,530530732004,43200,-122.24497881306635,46.91507326147312,20010.0
b2b-51006,44400,530539400022,43200,-122.39688590845752,47.24395008519793,530539400022.0
b2b-24987,15000,530610413042,43200,-122.25255143142964,47.9246191361956,530610413042.0
b2b-60141,31200,530350811002,43200,-122.6530939681399,47.565540153997645,530350811002.0
b2b-24203,36000,530330112001,43200,-122.33038076011847,47.5260682706754,530330112001.0
b2b-24380,29400,530330292061,43200,-122.26172450913342,47.39944206804464,530330292061.0
b2b-49235,47400,530530731201,43200,-122.29312571327216,47.12088064104675,530530731201.0
b2b-29992,35400,530330292061,43200,-122.24032850745012,47.4188307692889,530330292061.0
b2b-15947,27600,530330292061,43200,-122.24760263237744,47.40352004594407,530330292061.0
b2b-7678,25800,530330315021,43200,-121.35038596453016,47.15689119363349,20063.0
b2b-14120,28200,530330323133,43200,-122.0953085966017,47.67324070348591,530330323133.0
b2b-45871,12000,530330292061,43200,-122.2467999958053,47.40111956339455,530330292061.0
b2b-332,27000,530610408002,43200,-122.20740921411743,47.97867025191261,530610408002.0
b2b-11388,24000,530530718071,43200,-122.4900747858049,47.17243924661469,530530718071.0
b2b-7702,22800,530530732003,43200,-122.24070890083723,46.779553754471394,530110411051.0
b2b-47857,33000,530530626001,43200,-122.45055140915566,47.23431899930199,530530626001.0
b2b-2667,26400,530610521042,43200,-122.17763662388504,48.0221205609562,530610521042.0
b2b-45626,27600,530330108001,43200,-122.345032806203,47.55419750861091,530330108001.0
b2b-35594,31200,530610533014,43200,-122.36753432018811,48.24860364633015,530730104012.0
b2b-23912,30600,530330305011,43200,-122.22992751854756,47.34359358883764,530330305011.0
b2b-53909,38400,530330308013,43200,-122.22650221195384,47.27844420070505,530330308013.0
b2b-22414,28200,530610535091,43200,-122.15577642818684,48.15652609289869,530610535091.0
b2b-8738,34200,530330071001,43200,-122.37058192595556,47.6281852008401,530330071001.0
b2b-31673,31800,530530701001,43200,-121.54325521381088,47.1154042142104,20095.0
b2b-36656,36000,530330315021,43200,-121.35038596453016,47.15689119363349,530719200002.0
b2b-60057,34200,530330292061,43200,-122.23621008586612,47.40667844907961,530330292061.0
b2b-55713,43200,530330305011,43200,-122.22992751854756,47.34359358883764,530330305011.0
b2b-36654,36000,530330315021,43200,-121.35038596453016,47.15689119363349,530719200002.0
b2b-53503,23400,530330292061,43200,-122.24032850745012,47.4188307692889,530330292061.0
b2b-48990,27600,530530704012,43200,-122.23291806129303,47.14859435600086,530530704012.0
b2b-37543,24600,530530732004,43200,-122.24497881306635,46.91507326147312,20014.0
b2b-30236,6000,530610521083,43200,-122.10810165997442,47.81450505250156,530610521083.0
b2b-26227,24600,530530718071,43200,-122.49809831923866,47.16836964045139,530530718071.0
b2b-9964,35400,530610537001,43200,-121.19835975276254,48.11551522486367,20066.0
b2b-18350,49200,530610533024,43200,-122.34074561477298,48.27571154986818,530579518001.0
b2b-34360,34800,530610537001,43200,-121.19835975276254,48.11551522486367,20034.0
b2b-11225,13200,530530718071,43200,-122.4885730312002,47.17231846271745,530530718071.0
b2b-34564,45600,530530732004,43200,-122.24497881306635,46.91507326147312,20012.0
b2b-49110,19800,530530732003,43200,-122.24070890083723,46.779553754471394,410510003024.0
b2b-8700,45600,530330250013,43200,-122.17446228285036,47.5421876851325,530330250013.0
b2b-48378,34800,530530616021,43200,-122.43642112072332,47.23899334502689,530530616021.0
b2b-13943,42600,530330109001,43200,-122.3166606966175,47.53377723229583,530330109001.0
b2b-54282,35400,530610535061,43200,-121.90505639582553,48.26054804302581,530579512001.0
b2b-24179,49200,530610413042,43200,-122.24520847642002,47.92654436050197,530610413042.0
b2b-36299,30600,530330019001,43200,-122.32728254889794,47.69935761545881,530330019001.0
b2b-2796,29400,530610519222,43200,-122.22211060137352,47.80286607140052,530610519222.0
b2b-30510,25800,530530730061,43200,-122.3464165120801,46.92550674265296,530150021002.0
b2b-18643,40200,530330093003,43200,-122.32185250486653,47.5653704262534,530330093003.0
b2b-44705,27600,530330292061,43200,-122.24594833117034,47.42791605273119,530330292061.0
b2b-35197,42000,530610534001,43200,-122.1788962996328,48.270180743276,530730102002.0
b2b-57422,21000,530330292061,43200,-122.22662093183628,47.42704538062167,530330292061.0
b2b-57188,48000,530330305043,43200,-122.219087942651,47.325969335800025,530330305043.0
b2b-51348,35400,530330303132,43200,-122.31905535570804,47.29651615727096,530330303132.0
b2b-1956,33600,530610510001,43200,-122.32732321411068,47.79620760870299,530610510001.0
b2b-33041,29400,530530732004,43200,-122.24497881306635,46.91507326147312,20012.0
b2b-58600,37800,530330288013,43200,-122.29978682083382,47.41404252517009,530330288013.0
b2b-15911,32400,530330262001,43200,-122.22418313380012,47.44880911464467,530330262001.0
b2b-47851,31800,530530626001,43200,-122.45055140915566,47.23431899930199,530530626001.0
b2b-44659,12600,530330248002,43200,-122.14884030236588,47.57856100764918,530330248002.0
b2b-835,51600,530610413042,43200,-122.25839229111324,47.938288488109855,530610413042.0
b2b-17240,30000,530610533014,43200,-122.36753432018811,48.24860364633015,530730105011.0
b2b-23432,23400,530350811002,43200,-122.65932050749224,47.5579853804365,530350811002.0
b2b-30511,25800,530530730061,43200,-122.3464165120801,46.92550674265296,530150021002.0
b2b-1433,38400,530610514001,43200,-122.29538156573943,47.82015340266799,530610514001.0
b2b-11592,27000,530530732003,43200,-122.24070890083723,46.779553754471394,410670316134.0
b2b-46422,54000,530530732003,43200,-122.24070890083723,46.779553754471394,530150015025.0
b2b-21608,42000,530330292061,43200,-122.23652142574775,47.40187715022393,530330292061.0
b2b-38033,41400,530530732003,43200,-122.24070890083723,46.779553754471394,530110413274.0
b2b-22231,31200,530530732003,43200,-122.24070890083723,46.779553754471394,410510073001.0
b2b-42785,23400,530530732004,43200,-122.24497881306635,46.91507326147312,20010.0
b2b-2632,26400,530610519252,43200,-122.207130574814,47.80628067723879,530610519252.0
b2b-42952,30000,530330292061,43200,-122.24284085769776,47.402569263655785,530330292061.0
b2b-42938,33600,530330288021,43200,-122.29341449659536,47.42707687736177,530330288021.0
b2b-8460,31200,530330112001,43200,-122.3214141584895,47.52232063451912,530330112001.0
b2b-31893,9000,530330288013,43200,-122.29978682083382,47.41404252517009,530330288013.0
b2b-26539,24000,530539400101,43200,-122.31636548869008,47.21201426449799,530539400101.0
b2b-27801,26400,530530726032,43200,-122.77381803555257,47.184454997543526,530270007003.0
b2b-19145,30600,530350901011,43200,-122.60364513128724,47.9301516886425,530299713002.0
b2b-17360,29400,530530726032,43200,-122.77381803555257,47.184454997543526,530670105101.0
b2b-44986,31200,530530701001,43200,-121.54325521381088,47.1154042142104,20095.0
b2b-17131,34800,530330305011,43200,-122.22497924774048,47.32984769167292,530330305011.0
b2b-5093,38400,530610413042,43200,-122.27707691241686,47.941867642502736,530610413042.0
b2b-39628,25200,530610537001,43200,-121.19835975276254,48.11551522486367,530630114003.0
b2b-39394,39600,530530730061,43200,-122.3464165120801,46.92550674265296,410670331021.0
b2b-14483,22200,530330237001,43200,-122.16316561112532,47.626189212477165,530330237001.0
b2b-51781,30000,530330308011,43200,-122.250737607828,47.29448590131384,530330308011.0
b2b-18417,32400,530330080021,43200,-122.34345174503784,47.6121277783124,530330080021.0
b2b-48670,36000,530530729061,43200,-122.55058881309056,47.05402215230165,530670127203.0
b2b-25753,44400,530330112001,43200,-122.33227885206496,47.53199660801611,530330112001.0
b2b-30458,28200,530539400101,43200,-122.30185031683546,47.21118419555122,530539400101.0
b2b-38539,31200,530610537001,43200,-121.19835975276254,48.11551522486367,20091.0
b2b-27488,45000,530330305011,43200,-122.22992751854756,47.34359358883764,530330305011.0
b2b-40320,42600,530610533021,43200,-122.23890985949284,48.26560079125508,530730102001.0
b2b-5422,27600,530610515002,43200,-122.31703503276825,47.82034412550497,530610515002.0
b2b-50246,25200,530530732003,43200,-122.24070890083723,46.779553754471394,530110413274.0
b2b-46074,29400,530330316042,43200,-122.0214369463328,47.36095983810701,530330316042.0
b2b-22122,30600,530530732003,43200,-122.24070890083723,46.779553754471394,530110408033.0
b2b-40768,34800,530610537001,43200,-121.19835975276254,48.11551522486367,530630122001.0
b2b-13737,32400,530330046002,43200,-122.33217641462576,47.66991090729224,530330046002.0
b2b-42331,18600,530530732003,43200,-122.24070890083723,46.779553754471394,410050203021.0
b2b-18576,33000,530330203005,43200,-122.3415676679371,47.77407647433336,530330203005.0
b2b-52921,39000,530610537001,43200,-121.19835975276254,48.11551522486367,530630141002.0
b2b-56383,26400,530610537001,43200,-121.19835975276254,48.11551522486367,20034.0
b2b-17901,11400,530330234012,43200,-122.16152810596157,47.58527562131944,530330234012.0
b2b-55563,43800,530530732003,43200,-122.24070890083723,46.779553754471394,410050215002.0
b2b-21109,46200,530330054003,43200,-122.34331781414988,47.65298156327694,530330054003.0
b2b-43615,34200,530610510001,43200,-122.32437248713876,47.80351596997739,530610510001.0
b2b-3127,33600,530610535052,43200,-122.03106139850598,48.10830016494173,530610535052.0
b2b-20006,28800,530330315013,43200,-121.9264938935332,47.28358920077654,530330315013.0
b2b-59012,33600,530330305011,43200,-122.24688350028693,47.30671827014487,530330305011.0
b2b-9324,24600,530530701001,43200,-121.54325521381088,47.1154042142104,20009.0
b2b-58892,51000,530530714062,43200,-122.38170003566306,47.07872835386775,530530714062.0
b2b-37174,36600,530530626001,43200,-122.48290357322738,47.21925320624676,530530626001.0
b2b-53096,27000,530530732004,43200,-122.24497881306635,46.91507326147312,20012.0
b2b-13051,30600,530330277015,43200,-122.46446926248564,47.43442414619594,530330277015.0
b2b-5897,28800,530330006003,43200,-122.34286953040014,47.71956920969017,530330006003.0
b2b-3549,0,530530732003,43200,-122.24070890083723,46.779553754471394,530110407111.0
b2b-55506,29400,530530728001,43200,-122.6498514398432,47.10126306338846,530670122222.0
b2b-7304,37800,530530732003,43200,-122.24070890083723,46.779553754471394,410470025021.0
b2b-4042,9000,530330219041,43200,-122.15283030828562,47.72900489598384,530330219041.0
b2b-29465,33000,530530732003,43200,-122.24070890083723,46.779553754471394,410510073001.0
b2b-60639,31800,530530732003,43200,-122.24070890083723,46.779553754471394,410050230011.0
b2b-22755,25800,530530703092,43200,-122.15741516433135,47.1946821954905,530530703092.0
b2b-13239,27600,530330093003,43200,-122.32895771333916,47.583438377166495,530330093003.0
b2b-16998,22200,530330006001,43200,-122.33979887050845,47.72268262204445,530330006001.0
b2b-23120,8400,530330292061,43200,-122.23621008586612,47.40667844907961,530330292061.0
b2b-22273,30000,530330323193,43200,-122.1573761406057,47.75991368790102,530330323193.0
b2b-29768,31800,530330059001,43200,-122.36618765981758,47.65458277812374,530330059001.0
b2b-55446,22800,530330292061,43200,-122.2459874160508,47.40622966331869,530330292061.0
b2b-42594,34800,530530701001,43200,-121.54325521381088,47.1154042142104,20095.0
b2b-26680,38400,530530732003,43200,-122.24070890083723,46.779553754471394,410430306003.0
b2b-25622,24000,530330292061,43200,-122.24032850745012,47.4188307692889,530330292061.0
b2b-18601,33000,530330203005,43200,-122.3415676679371,47.77407647433336,530330203005.0
b2b-18761,46800,530330071001,43200,-122.36312762541658,47.6231487900221,530330071001.0
b2b-20351,22800,530330292061,43200,-122.24736954260648,47.389772462432845,530330292061.0
b2b-58925,46200,530539400101,43200,-122.3123930897382,47.208336410265694,530539400101.0
b2b-39709,33000,530330315021,43200,-121.35038596453016,47.15689119363349,530770011004.0
b2b-58768,28800,530530714062,43200,-122.39544703983914,47.05464203499135,530530714062.0
b2b-52616,36000,530539400101,43200,-122.30406529956942,47.20611695562632,530539400101.0
b2b-29787,18600,530610537001,43200,-121.19835975276254,48.11551522486367,530630114003.0
b2b-2935,44400,530530732003,43200,-122.24070890083723,46.779553754471394,530110411051.0
b2b-29829,42600,530330264005,43200,-122.32796798630088,47.51839430843621,530330264005.0
b2b-17630,28800,530530732003,43200,-122.24070890083723,46.779553754471394,410510003024.0
b2b-19387,34800,530610533014,43200,-122.36753432018811,48.24860364633015,530730106001.0
b2b-55913,36000,530610533014,43200,-122.36753432018811,48.24860364633015,530579404001.0
b2b-33815,27600,530530701001,43200,-121.54325521381088,47.1154042142104,20009.0
b2b-29444,55200,530530732003,43200,-122.24070890083723,46.779553754471394,410050215002.0
b2b-19687,7200,530330082001,43200,-122.3310320702626,47.60730906895118,530330082001.0
b2b-4339,19200,530610413042,43200,-122.24520847642002,47.92654436050197,530610413042.0
b2b-60593,19200,530610534001,43200,-122.1788962996328,48.270180743276,530730101005.0
b2b-50716,42600,530530728001,43200,-122.6498514398432,47.10126306338846,530670122222.0
b2b-10138,27000,530530732003,43200,-122.24070890083723,46.779553754471394,410510073001.0
b2b-46588,28200,530350905012,43200,-122.64664789317187,47.73570630399691,530350905012.0
b2b-35799,11400,530539400101,43200,-122.30185031683546,47.21118419555122,530539400101.0
b2b-34683,24600,530530701001,43200,-121.54325521381088,47.1154042142104,20009.0
b2b-22404,28200,530610535091,43200,-122.15577642818684,48.15652609289869,530610535091.0
b2b-52776,28200,530530720002,43200,-122.53020686900938,47.12115984586613,530530720002.0
b2b-9522,35400,530610419032,43200,-122.26846670034529,47.91993930152732,530610419032.0
b2b-40564,38400,530610519121,43200,-122.11603333320662,47.801351035793424,530610519121.0
b2b-5095,32400,530330204013,43200,-122.307123156484,47.765730459267765,530330204013.0
b2b-54228,45000,530530732004,43200,-122.24497881306635,46.91507326147312,20014.0
b2b-54250,15000,530530732004,43200,-122.24497881306635,46.91507326147312,20014.0
b2b-36226,24000,530330292061,43200,-122.24294220786491,47.42511000288698,530330292061.0
b2b-51280,19200,530539400101,43200,-122.31636548869008,47.21201426449799,530539400101.0
b2b-5499,33000,530330263002,43200,-122.29034760404986,47.50675431311565,530330263002.0
b2b-33130,25200,530530732004,43200,-122.24497881306635,46.91507326147312,20012.0
b2b-51247,33600,530530732003,43200,-122.24070890083723,46.779553754471394,410510072021.0
b2b-57558,41400,530530634006,43200,-122.4402174476033,47.1791546672764,530530634006.0
b2b-30555,36600,530530730061,43200,-122.3464165120801,46.92550674265296,530150003001.0
b2b-33883,28200,530530701001,43200,-121.54325521381088,47.1154042142104,20009.0
b2b-41437,27000,530330315021,43200,-121.35038596453016,47.15689119363349,530770016022.0
b2b-21473,23400,530330048003,43200,-122.36230911483416,47.65512728349445,530330048003.0
b2b-60676,25200,530610533014,43200,-122.36753432018811,48.24860364633015,530730004003.0
b2b-45634,46800,530330324011,43200,-121.98661412628552,47.75845678391633,530330324011.0
b2b-10995,37200,530330315021,43200,-121.35038596453016,47.15689119363349,530719202002.0
b2b-34592,33000,530530732004,43200,-122.24497881306635,46.91507326147312,20012.0
b2b-19563,35400,530330326021,43200,-121.83843313117708,47.53456429949858,530330326021.0
b2b-25715,31800,530330262001,43200,-122.23208131574492,47.470716932547,530330262001.0
b2b-29702,37200,530530732003,43200,-122.24070890083723,46.779553754471394,530110410052.0
b2b-46312,45600,530610537001,43200,-121.19835975276254,48.11551522486367,530659501002.0
b2b-25907,27000,530330262001,43200,-122.23208131574492,47.470716932547,530330262001.0
b2b-21830,34200,530530732003,43200,-122.24070890083723,46.779553754471394,410510073001.0
b2b-30610,32400,530610537001,43200,-121.19835975276254,48.11551522486367,20041.0
b2b-60463,24000,530610534001,43200,-122.1788962996328,48.270180743276,530730101005.0
b2b-6987,32400,530330292061,43200,-122.23310684944713,47.416945383189166,530330292061.0
b2b-37441,44400,530530701001,43200,-121.54325521381088,47.1154042142104,20118.0
b2b-43265,22200,530530732003,43200,-122.24070890083723,46.779553754471394,410670307002.0
b2b-17483,30000,530330262001,43200,-122.24370410076584,47.444806327548285,530330262001.0
b2b-55171,30000,530610537001,43200,-121.19835975276254,48.11551522486367,20064.0
b2b-27502,35400,530539400101,43200,-122.30933301135236,47.20709860565505,530539400101.0
b2b-2336,41400,530530726032,43200,-122.77381803555257,47.184454997543526,530670110001.0
b2b-44369,39000,530330268013,43200,-122.35420216780244,47.5096585571295,530330268013.0
b2b-48772,24000,530530714062,43200,-122.3717047776501,47.06943291488015,530530714062.0
b2b-27968,22200,530539400022,43200,-122.39688590845752,47.24395008519793,530539400022.0
b2b-26788,30000,530610537001,43200,-121.19835975276254,48.11551522486367,530630141002.0
b2b-28932,19200,530530732003,43200,-122.24070890083723,46.779553754471394,410050209002.0
b2b-31305,28800,530330292061,43200,-122.24469821499332,47.4277624117426,530330292061.0
b2b-31726,19200,530530701001,43200,-121.54325521381088,47.1154042142104,20095.0
b2b-17770,45000,530330277015,43200,-122.46434117682576,47.43404401828406,530330277015.0
b2b-4820,25200,530330093002,43200,-122.33367508454955,47.59463059632953,530330093002.0
b2b-43482,19200,530530730061,43200,-122.3464165120801,46.92550674265296,530419712002.0
b2b-57394,36600,530330262001,43200,-122.24216044662197,47.46378897884846,530330262001.0
b2b-41763,12000,530610537001,43200,-121.19835975276254,48.11551522486367,530630145003.0
b2b-11354,30000,530539400022,43200,-122.3824225801224,47.243966871077,530539400022.0
b2b-23353,19800,530330292061,43200,-122.26537976797891,47.400841964111024,530330292061.0
b2b-7440,35400,530530732003,43200,-122.24070890083723,46.779553754471394,410519800001.0
b2b-53896,49200,530330292061,43200,-122.22662093183628,47.42704538062167,530330292061.0
b2b-35870,22200,530330303132,43200,-122.31905535570804,47.29651615727096,530330303132.0
b2b-42820,39000,530530701001,43200,-121.54325521381088,47.1154042142104,20095.0
b2b-35933,32400,530530701001,43200,-121.54325521381088,47.1154042142104,20071.0
b2b-37784,30000,530330315021,43200,-121.35038596453016,47.15689119363349,530379756002.0
b2b-21878,19800,530530732003,43200,-122.24070890083723,46.779553754471394,410670320031.0
b2b-19390,34800,530610533014,43200,-122.36753432018811,48.24860364633015,530730106001.0
b2b-28216,35400,530539400101,43200,-122.30602775449944,47.20510401307725,530539400101.0
b2b-27912,39600,530330292061,43200,-122.22834520138616,47.42187038261192,530330292061.0
b2b-37609,33000,530530732004,43200,-122.24497881306635,46.91507326147312,20014.0
b2b-23053,44400,530330262001,43200,-122.21710082113418,47.45559363052543,530330262001.0
b2b-28807,35400,530530732003,43200,-122.24070890083723,46.779553754471394,410510072021.0
b2b-42673,20400,530330305011,43200,-122.23138204738076,47.34687568503598,530330305011.0
b2b-53853,23400,530330315021,43200,-121.35038596453016,47.15689119363349,530210201001.0
b2b-4343,9600,530330323133,43200,-122.09222903536138,47.67401505719557,530330323133.0
b2b-49247,18000,530530602001,43200,-122.422463773859,47.2500836048325,530530602001.0
b2b-14434,33600,530530732003,43200,-122.24070890083723,46.779553754471394,530150015023.0
b2b-10061,39600,530610533014,43200,-122.36753432018811,48.24860364633015,530730002003.0
b2b-14574,25800,530330219031,43200,-122.17402523165316,47.71019443535455,530330219031.0
b2b-22104,34200,530530732003,43200,-122.24070890083723,46.779553754471394,410050215002.0
b2b-13447,33000,530330099004,43200,-122.345386902451,47.57348345757726,530330099004.0
b2b-56427,31800,530610537001,43200,-121.19835975276254,48.11551522486367,20061.0
b2b-52668,28200,530530732003,43200,-122.24070890083723,46.779553754471394,530110426003.0
b2b-31757,35400,530530701001,43200,-121.54325521381088,47.1154042142104,20095.0
b2b-2893,37200,530610535091,43200,-122.14806955460804,48.17086268059573,530610535091.0
b2b-20106,24600,530530726032,43200,-122.77381803555257,47.184454997543526,530670110001.0
b2b-33853,62400,530530701001,43200,-121.54325521381088,47.1154042142104,20009.0
b2b-40001,33000,530530732004,43200,-122.24497881306635,46.91507326147312,20012.0
b2b-46623,27000,530330305011,43200,-122.22981824610744,47.33691200396076,530330305011.0
b2b-712,31800,530610419011,43200,-122.278565430787,47.89788051859817,530610419011.0
b2b-58692,36600,530330256011,43200,-122.15802592410718,47.48858621322487,530330256011.0
b2b-12398,30000,530330048003,43200,-122.3557198577866,47.65250064053979,530330048003.0
b2b-54464,34200,530330315021,43200,-121.35038596453016,47.15689119363349,20015.0
b2b-50283,33600,530539400022,43200,-122.35799177341411,47.24698856781136,530539400022.0
b2b-50985,28200,530530718071,43200,-122.48907260111817,47.17391246519728,530530718071.0
b2b-44710,25200,530610519231,43200,-122.21095176810252,47.83319074085923,530610519231.0
b2b-43229,36000,530330112001,43200,-122.33038076011847,47.5260682706754,530330112001.0
b2b-28648,32400,530530732003,43200,-122.24070890083723,46.779553754471394,530110410052.0
b2b-58939,5400,530330112001,43200,-122.33038076011847,47.5260682706754,530330112001.0
b2b-50046,43200,530530718071,43200,-122.48932927735548,47.17244694011824,530530718071.0
b2b-40076,43200,530530732004,43200,-122.24497881306635,46.91507326147312,20012.0
b2b-54159,48000,530530732003,43200,-122.24070890083723,46.779553754471394,410670320011.0
b2b-59240,28200,530330303112,43200,-122.36182509581776,47.3017442091186,530330303112.0
b2b-50654,30600,530530728001,43200,-122.6498514398432,47.10126306338846,530670122222.0
b2b-26839,34200,530330262001,43200,-122.24717181350287,47.44771333927209,530330262001.0
b2b-45181,34200,530350920001,43200,-122.91991165827092,47.56116684098547,530270012003.0
b2b-58699,31800,530330288021,43200,-122.29487338360929,47.4243572672205,530330288021.0
b2b-53917,22200,530330283003,43200,-122.25198503629612,47.42872998511336,530330283003.0
b2b-57420,21000,530330292061,43200,-122.22662093183628,47.42704538062167,530330292061.0
b2b-1423,37800,530610535082,43200,-122.13667895856736,48.186441450143015,530610535082.0
b2b-22094,26400,530530732003,43200,-122.24070890083723,46.779553754471394,530110412031.0
b2b-60819,31800,530330315021,43200,-121.35038596453016,47.15689119363349,530210207002.0
b2b-30302,28200,530330284024,43200,-122.29258998292704,47.458908818853615,530330284024.0
b2b-47206,46800,530530713051,43200,-122.39856159946636,47.14627636177037,530530713051.0
b2b-26531,32400,530539400101,43200,-122.33247199447833,47.22236163192498,530539400101.0
b2b-22687,25800,530530729061,43200,-122.55058881309056,47.05402215230165,530670108005.0
b2b-20134,24600,530530726032,43200,-122.77381803555257,47.184454997543526,530670110001.0
b2b-19880,33000,530530730061,43200,-122.3464165120801,46.92550674265296,530419712001.0
b2b-19167,39000,530530732003,43200,-122.24070890083723,46.779553754471394,410510043001.0
b2b-31891,29400,530610512001,43200,-122.30212126736846,47.80335907496872,530610512001.0
b2b-20843,34200,530530732003,43200,-122.24070890083723,46.779553754471394,410099709001.0
b2b-34,31800,530610420051,43200,-122.28663734640858,47.88738889900218,530610420051.0
b2b-41694,32400,530530701001,43200,-121.54325521381088,47.1154042142104,20071.0
b2b-15331,36600,530330237001,43200,-122.16601577736562,47.62560948248614,530330237001.0
b2b-4921,25800,530610419032,43200,-122.26846670034529,47.91993930152732,530610419032.0
b2b-11885,34200,530330315021,43200,-121.35038596453016,47.15689119363349,530770034001.0
b2b-51822,31200,530330283003,43200,-122.25198503629612,47.42872998511336,530330283003.0
b2b-23230,24000,530330264004,43200,-122.32759908638668,47.51658964030787,530330264004.0
b2b-40656,34800,530330284024,43200,-122.29828123802866,47.44416305383533,530330284024.0
b2b-38623,38400,530330328003,43200,-121.0994620763074,47.70432736556717,20128.0
b2b-18890,18000,530330093003,43200,-122.34066800583076,47.56536508024455,530330093003.0
b2b-53287,32400,530530731221,43200,-122.29007163695184,47.111755458032654,530530731221.0
b2b-11518,48000,530530732004,43200,-122.24497881306635,46.91507326147312,20010.0
b2b-9615,35400,530330262001,43200,-122.22938315222208,47.47333433730456,530330262001.0
b2b-33722,45600,530530732004,43200,-122.24497881306635,46.91507326147312,20012.0
b2b-31468,31200,530530701001,43200,-121.54325521381088,47.1154042142104,20095.0
b2b-47475,40800,530530605002,43200,-122.47166609595185,47.268589135475,530530605002.0
b2b-3131,45600,530530729061,43200,-122.55058881309056,47.05402215230165,530419708002.0
b2b-31976,25800,530530732004,43200,-122.24497881306635,46.91507326147312,20010.0
b2b-15928,32400,530330326021,43200,-121.87384347788426,47.52828198391666,530330326021.0
b2b-30234,6000,530610521083,43200,-122.10810165997442,47.81450505250156,530610521083.0
b2b-31549,32400,530530701001,43200,-121.54325521381088,47.1154042142104,20095.0
b2b-57578,28200,530330299012,43200,-122.28270467659736,47.31575368245974,530330299012.0
b2b-30013,26400,530610413042,43200,-122.27707691241686,47.941867642502736,530610413042.0
b2b-46410,13800,530530732003,43200,-122.24070890083723,46.779553754471394,410510073001.0
b2b-22147,8400,530530732003,43200,-122.24070890083723,46.779553754471394,410519800001.0
b2b-7829,27000,530530729061,43200,-122.55058881309056,47.05402215230165,530419714002.0
b2b-3423,37800,530530732003,43200,-122.24070890083723,46.779553754471394,410050215002.0
b2b-60413,30600,530610533014,43200,-122.36753432018811,48.24860364633015,530730002003.0
b2b-18093,33000,530330093003,43200,-122.3322733200815,47.57484403249438,530330093003.0
b2b-42666,42600,530530732003,43200,-122.24070890083723,46.779553754471394,410050215002.0
b2b-37145,41400,530530732003,43200,-122.24070890083723,46.779553754471394,410430306003.0
b2b-17744,45600,530330219061,43200,-122.1585949239602,47.74121901941484,530330219061.0
b2b-26083,27000,530330320111,43200,-122.02526422994526,47.368468563369326,530330320111.0
b2b-5960,18600,530330262001,43200,-122.24710010473818,47.452915709814256,530330262001.0
b2b-58221,34800,530350811002,43200,-122.65334686594612,47.56534306576526,530350811002.0
b2b-25394,22200,530330264005,43200,-122.32796798630088,47.51839430843621,530330264005.0
b2b-7217,23400,530539400022,43200,-122.35799177341411,47.24698856781136,530539400022.0
b2b-38421,17400,530530732004,43200,-122.24497881306635,46.91507326147312,20012.0
b2b-34346,35400,530610537001,43200,-121.19835975276254,48.11551522486367,20034.0
b2b-6808,58200,530530732003,43200,-122.24070890083723,46.779553754471394,530110410052.0
b2b-32076,26400,530350921002,43200,-122.74972125078992,47.500019217472826,530350921002.0
b2b-7859,31800,530610521083,43200,-122.10810165997442,47.81450505250156,530610521083.0
b2b-27985,39600,530539400022,43200,-122.39688590845752,47.24395008519793,530539400022.0
b2b-48275,15600,530530724071,43200,-122.58583327910932,47.31051199371603,530530724071.0
b2b-51320,33000,530330292061,43200,-122.26172450913342,47.39944206804464,530330292061.0
b2b-12737,45600,530530732003,43200,-122.24070890083723,46.779553754471394,410050227071.0
b2b-15179,39600,530330292061,43200,-122.22344735380952,47.40415866669519,530330292061.0
b2b-57538,28800,530539400022,43200,-122.3824225801224,47.243966871077,530539400022.0
b2b-24740,31200,530330292061,43200,-122.26172450913342,47.39944206804464,530330292061.0
b2b-49219,27600,530530602001,43200,-122.43054367722704,47.24003732124661,530530602001.0
b2b-44864,43800,530610537001,43200,-121.19835975276254,48.11551522486367,20041.0
b2b-4564,30000,530530701001,43200,-121.54325521381088,47.1154042142104,20095.0
b2b-38228,37800,530530701001,43200,-121.54325521381088,47.1154042142104,20071.0
b2b-13975,38400,530330323133,43200,-122.0953085966017,47.67324070348591,530330323133.0
b2b-3675,27600,530610535091,43200,-122.14786381644784,48.17089409242527,530610535091.0
b2b-32023,42600,530530732003,43200,-122.24070890083723,46.779553754471394,530110405102.0
b2b-16325,28200,530330226051,43200,-122.1519799909178,47.69506532957918,530330226051.0
b2b-41671,7800,530610533024,43200,-122.34074561477298,48.27571154986818,530579526003.0
b2b-7134,39600,530610533014,43200,-122.36753432018811,48.24860364633015,530579521003.0
b2b-47160,20400,530530702071,43200,-122.05327492280774,47.16084611796621,530530702071.0
b2b-22210,37200,530530732003,43200,-122.24070890083723,46.779553754471394,410510072021.0
b2b-20636,29400,530330047002,43200,-122.36807919165577,47.66499671995573,530330047002.0
b2b-17685,41400,530330093003,43200,-122.32296382988784,47.564793308082805,530330093003.0
b2b-52310,39000,530530730061,43200,-122.3464165120801,46.92550674265296,410099711001.0
b2b-48558,39000,530530616011,43200,-122.44238850834678,47.260664000797945,530530616011.0
b2b-53079,34200,530530701001,43200,-121.54325521381088,47.1154042142104,20009.0
b2b-29835,34200,530330208002,43200,-122.3546895034558,47.75770809744354,530330208002.0
b2b-12627,22800,530530729061,43200,-122.55058881309056,47.05402215230165,530670108005.0
b2b-26418,32400,530330305011,43200,-122.23814188906644,47.30749356440818,530330305011.0
b2b-39711,19200,530330315021,43200,-121.35038596453016,47.15689119363349,530770002001.0
b2b-50163,43800,530530732003,43200,-122.24070890083723,46.779553754471394,410510072021.0
b2b-56699,16800,530330315021,43200,-121.35038596453016,47.15689119363349,530770016022.0
b2b-16693,22800,530330227012,43200,-122.19817731642156,47.6462973747844,530330227012.0
b2b-31262,33600,530530728001,43200,-122.6498514398432,47.10126306338846,530670122222.0
b2b-42134,30000,530610533021,43200,-122.23890985949284,48.26560079125508,530730102001.0
b2b-58475,32400,530530714062,43200,-122.37177966349064,47.07116834639508,530530714062.0
b2b-38879,7800,530330297004,43200,-122.22791830029507,47.36457572877498,530330297004.0
b2b-29998,33000,530330112001,43200,-122.33227885206496,47.53199660801611,530330112001.0
b2b-17576,20400,530330262001,43200,-122.21888243169184,47.45179027997417,530330262001.0
b2b-47228,16200,530530726032,43200,-122.77381803555257,47.184454997543526,530670105101.0
b2b-9048,58800,530530732004,43200,-122.24497881306635,46.91507326147312,20012.0
b2b-59309,37800,530350905013,43200,-122.64414128295374,47.73342913201256,530350905013.0
b2b-44562,37800,530330320111,43200,-122.0228827412936,47.36910189719495,530330320111.0
b2b-14351,36600,530330305011,43200,-122.23365186191168,47.31231621291003,530330305011.0
b2b-14515,19800,530330263001,43200,-122.29888292721162,47.51438031513079,530330263001.0
b2b-41038,37800,530610533014,43200,-122.36753432018811,48.24860364633015,530579521003.0
b2b-38834,21000,530610537001,43200,-121.19835975276254,48.11551522486367,20034.0
b2b-42098,32400,530330328003,43200,-121.0994620763074,47.70432736556717,530019503003.0
b2b-35219,32400,530330093002,43200,-122.33962914107708,47.59056118743874,530330093002.0
b2b-10163,25800,530610537001,43200,-121.19835975276254,48.11551522486367,20067.0
b2b-10301,28200,530330292061,43200,-122.24714566153456,47.42946269080292,530330292061.0
b2b-50056,27600,530530626001,43200,-122.48142674423129,47.22315676250872,530530626001.0
b2b-6472,27600,530530726032,43200,-122.77381803555257,47.184454997543526,530270007003.0
b2b-32606,32400,530330315021,43200,-121.35038596453016,47.15689119363349,530770018002.0
b2b-45401,15600,530530732004,43200,-122.24497881306635,46.91507326147312,20012.0
b2b-57030,34200,530530611006,43200,-122.49365980850824,47.25546545466861,530530611006.0
b2b-18248,44400,530330263001,43200,-122.2991892742684,47.51485550720909,530330263001.0
b2b-39091,43200,530610537001,43200,-121.19835975276254,48.11551522486367,20058.0
b2b-13467,28800,530530732003,43200,-122.24070890083723,46.779553754471394,530110406082.0
b2b-34489,18000,530530732004,43200,-122.24497881306635,46.91507326147312,20012.0
b2b-20436,27000,530330090001,43200,-122.30522838742804,47.599526871198,530330090001.0
b2b-58239,45000,530330292061,43200,-122.22259145661008,47.405588057298,530330292061.0
b2b-36611,45600,530330315021,43200,-121.35038596453016,47.15689119363349,530210204001.0
b2b-29042,32400,530530732003,43200,-122.24070890083723,46.779553754471394,530110412031.0
b2b-18604,34800,530330203005,43200,-122.3415676679371,47.77407647433336,530330203005.0
b2b-1825,22800,530610528032,43200,-122.17491148046496,48.114920160892346,530610528032.0
b2b-59917,36000,530530729061,43200,-122.55058881309056,47.05402215230165,530670126101.0
b2b-40776,16200,530530732004,43200,-122.24497881306635,46.91507326147312,20012.0
b2b-29639,25800,530330292061,43200,-122.23238025396094,47.43409630632952,530330292061.0
b2b-46429,31200,530530732003,43200,-122.24070890083723,46.779553754471394,410050215002.0
b2b-34918,31800,530610533014,43200,-122.36753432018811,48.24860364633015,530579519002.0
b2b-1655,34800,530610533011,43200,-122.33216353995827,48.23999241824277,530610533011.0
b2b-6455,31200,530330112001,43200,-122.33038076011847,47.5260682706754,530330112001.0
b2b-22953,31800,530330305011,43200,-122.22903874138478,47.34528803965197,530330305011.0
b2b-25925,34800,530530732003,43200,-122.24070890083723,46.779553754471394,410470025021.0
b2b-26666,35400,530330305011,43200,-122.23790960881372,47.30776983523697,530330305011.0
b2b-10227,38400,530530701001,43200,-121.54325521381088,47.1154042142104,20071.0
b2b-59732,16800,530350901023,43200,-122.53814755135956,47.91168138761252,530350901023.0
b2b-26928,33600,530330292061,43200,-122.24032850745012,47.4188307692889,530330292061.0
b2b-183,18600,530610413042,43200,-122.2451428801999,47.925183244717616,530610413042.0
b2b-10981,1800,530610533014,43200,-122.36753432018811,48.24860364633015,530579521003.0
b2b-22587,37800,530530730061,43200,-122.3464165120801,46.92550674265296,530150011007.0
b2b-8104,28800,530330112001,43200,-122.33038076011847,47.5260682706754,530330112001.0
b2b-36333,27600,530330263001,43200,-122.29904711679184,47.51478967348472,530330263001.0
b2b-4375,25200,530610419032,43200,-122.26846670034529,47.91993930152732,530610419032.0
b2b-33187,34800,530530732004,43200,-122.24497881306635,46.91507326147312,20012.0
b2b-11607,33600,530530732003,43200,-122.24070890083723,46.779553754471394,410510073001.0
b2b-4206,29400,530610413042,43200,-122.24520847642002,47.92654436050197,530610413042.0
b2b-23442,45000,530530726032,43200,-122.77381803555257,47.184454997543526,530270007003.0
b2b-16813,23400,530330228033,43200,-122.1249824309002,47.64467116789906,530330228033.0
b2b-6582,34200,530610413042,43200,-122.25255143142964,47.9246191361956,530610413042.0
b2b-8321,31800,530330262001,43200,-122.24216044662197,47.46378897884846,530330262001.0
b2b-22858,39000,530330292061,43200,-122.22662093183628,47.42704538062167,530330292061.0
b2b-25237,33000,530330288013,43200,-122.29978682083382,47.41404252517009,530330288013.0
b2b-46632,28200,530330303112,43200,-122.36213188415488,47.30175968716636,530330303112.0
b2b-8901,33600,530530732004,43200,-122.24497881306635,46.91507326147312,20012.0
b2b-60572,47400,530610419032,43200,-122.26843387762376,47.91726990385733,530610419032.0
b2b-18388,28800,530330292061,43200,-122.26301541680448,47.42281219210492,530330292061.0
b2b-19733,23400,530610535061,43200,-121.90505639582553,48.26054804302581,530579512001.0
b2b-23206,34200,530330288012,43200,-122.3150102031091,47.43096333480719,530330288012.0
b2b-43308,3000,530330292061,43200,-122.24592110975054,47.40616679075273,530330292061.0
b2b-38810,27000,530610537001,43200,-121.19835975276254,48.11551522486367,20034.0
b2b-34604,28200,530610537001,43200,-121.19835975276254,48.11551522486367,20127.0
b2b-34792,10200,530330048003,43200,-122.36332308014298,47.65656322298686,530330048003.0
b2b-28733,27000,530530724083,43200,-122.5645932603381,47.29053012186007,530530724083.0
b2b-16589,17400,530330292061,43200,-122.23366763535932,47.42223396547347,530330292061.0
b2b-29470,36600,530530732003,43200,-122.24070890083723,46.779553754471394,530110405102.0
b2b-52879,52200,530539400022,43200,-122.35897274041128,47.25278630859665,530539400022.0
b2b-1184,30000,530530732003,43200,-122.24070890083723,46.779553754471394,410050204012.0
b2b-32991,22800,530610413042,43200,-122.27707691241686,47.941867642502736,530610413042.0
b2b-21173,47400,530330058014,43200,-122.38819803088144,47.66080634421401,530330058014.0
b2b-25136,39000,530330323133,43200,-122.09222903536138,47.67401505719557,530330323133.0
b2b-10366,31200,530330292061,43200,-122.25322050856488,47.41586647958096,530330292061.0
b2b-24031,34200,530610413042,43200,-122.25255143142964,47.9246191361956,530610413042.0
b2b-61108,35400,530530732003,43200,-122.24070890083723,46.779553754471394,410510043001.0
b2b-34923,18600,530610535061,43200,-121.90505639582553,48.26054804302581,530579512001.0
b2b-5328,22200,530330322083,43200,-122.03947370396718,47.544736992186536,530330322083.0
b2b-5572,32400,530610535052,43200,-122.03106139850598,48.10830016494173,530610535052.0
b2b-46477,16200,530330292031,43200,-122.23142624256758,47.39458213754848,530330292031.0
b2b-5300,43800,530350918001,43200,-122.62781728669088,47.608233520262566,530350918001.0
b2b-9463,19200,530530701001,43200,-121.54325521381088,47.1154042142104,20118.0
b2b-5466,34800,530330263002,43200,-122.29034760404986,47.50675431311565,530330263002.0
b2b-6075,52200,530610535091,43200,-122.15577642818684,48.15652609289869,530610535091.0
b2b-52297,34800,530530732003,43200,-122.24070890083723,46.779553754471394,530110410052.0
b2b-50965,28200,530539400022,43200,-122.38766758090154,47.23993171883115,530539400022.0
b2b-31239,46800,530530718071,43200,-122.4900747858049,47.17243924661469,530530718071.0
b2b-29779,15600,530330292061,43200,-122.22513682781825,47.431742240111376,530330292061.0
b2b-57076,25800,530530714062,43200,-122.38332310066298,47.05435714001244,530530714062.0
b2b-46745,27000,530330304011,43200,-122.30132477174712,47.29392378873759,530330304011.0
b2b-5369,28800,530610528031,43200,-122.17839672415413,48.15182822610645,530610528031.0
b2b-16273,17400,530330042003,43200,-122.2938426634567,47.66371920442994,530330042003.0
b2b-43125,32400,530539400022,43200,-122.368289546709,47.242889341578646,530539400022.0
b2b-30120,45600,530330305011,43200,-122.22992751854756,47.34359358883764,530330305011.0
b2b-12957,35400,530530726032,43200,-122.77381803555257,47.184454997543526,530670105101.0
b2b-2051,34200,530610519252,43200,-122.19616675532446,47.79405373656798,530610519252.0
b2b-5415,34200,530610413042,43200,-122.26274299746264,47.938864443246594,530610413042.0
b2b-7767,27000,530610533014,43200,-122.36753432018811,48.24860364633015,530579404003.0
b2b-52450,33600,530539400101,43200,-122.30933301135236,47.20709860565505,530539400101.0
b2b-19277,23400,530330058014,43200,-122.38982063711448,47.66123445230457,530330058014.0
b2b-36285,21000,530530732003,43200,-122.24070890083723,46.779553754471394,410510073001.0
b2b-1724,46200,530610417042,43200,-122.22053748858973,47.856910899118574,530610417042.0
b2b-17756,23400,530330219061,43200,-122.1517555573502,47.7342252823987,530330219061.0
b2b-30776,49800,530530701001,43200,-121.54325521381088,47.1154042142104,20009.0
b2b-43655,25800,530610537001,43200,-121.19835975276254,48.11551522486367,530630136002.0
b2b-9070,49200,530530732004,43200,-122.24497881306635,46.91507326147312,20012.0
b2b-2553,39000,530530730061,43200,-122.3464165120801,46.92550674265296,530419712002.0
b2b-19187,13800,530330112001,43200,-122.33215064349903,47.53154045052393,530330112001.0
b2b-10983,1800,530610533014,43200,-122.36753432018811,48.24860364633015,530579521003.0
b2b-36438,36000,530330315021,43200,-121.35038596453016,47.15689119363349,530050115033.0
b2b-55421,27000,530330292061,43200,-122.2361032719516,47.43386858781752,530330292061.0
b2b-58167,46800,530530714062,43200,-122.38332310066298,47.05435714001244,530530714062.0
b2b-15141,27600,530330263001,43200,-122.29318384430456,47.5158349891727,530330263001.0
b2b-30410,33000,530530626001,43200,-122.48290357322738,47.21925320624676,530530626001.0
b2b-8829,27000,530530732004,43200,-122.24497881306635,46.91507326147312,20012.0
b2b-43865,36000,530530732003,43200,-122.24070890083723,46.779553754471394,410510073001.0
b2b-28966,32400,530530732003,43200,-122.24070890083723,46.779553754471394,410050221081.0
b2b-32704,28800,530530732003,43200,-122.24070890083723,46.779553754471394,410050221081.0
b2b-54515,30600,530539400022,43200,-122.39688590845752,47.24395008519793,530539400022.0
b2b-3292,32400,530610413042,43200,-122.25255143142964,47.9246191361956,530610413042.0
b2b-2535,22800,530610536041,43200,-121.98026287854142,48.08533068538288,530610536041.0
b2b-27601,42000,530539400101,43200,-122.30153828242798,47.20844219946797,530539400101.0
b2b-57823,34200,530330264002,43200,-122.30689017523754,47.50040935330358,530330264002.0
b2b-22412,28200,530610535091,43200,-122.15577642818684,48.15652609289869,530610535091.0
b2b-36889,33000,530330093002,43200,-122.33366306836557,47.58903444724557,530330093002.0
b2b-55021,25200,530330292061,43200,-122.23621008586612,47.40667844907961,530330292061.0
b2b-37214,46200,530330284024,43200,-122.29258998292704,47.458908818853615,530330284024.0
b2b-20541,33000,530530732003,43200,-122.24070890083723,46.779553754471394,530110426003.0
b2b-52940,39000,530610537001,43200,-121.19835975276254,48.11551522486367,530630141002.0
b2b-235,18000,530610413042,43200,-122.2451428801999,47.925183244717616,530610413042.0
b2b-55770,19200,530610537001,43200,-121.19835975276254,48.11551522486367,530630141002.0
b2b-51780,30000,530330308011,43200,-122.250737607828,47.29448590131384,530330308011.0
b2b-55989,30600,530330262001,43200,-122.22563666009223,47.45020045316139,530330262001.0
b2b-8128,31800,530350902022,43200,-122.647813134588,47.785191117045365,530350902022.0
b2b-24356,22800,530539400101,43200,-122.29134378128698,47.21053068660679,530539400101.0
b2b-29679,29400,530330324011,43200,-121.98779991779364,47.73411298745755,530330324011.0
b2b-45617,31800,530610521083,43200,-122.10810165997442,47.81450505250156,530610521083.0
b2b-37326,10800,530330323133,43200,-122.09222903536138,47.67401505719557,530330323133.0
b2b-58668,35400,530330292061,43200,-122.22834520138616,47.42187038261192,530330292061.0
b2b-8370,15600,530330319082,43200,-122.14959955464607,47.44537821076648,530330319082.0
b2b-1094,25800,530610413042,43200,-122.24305859196036,47.92757066917426,530610413042.0
b2b-57581,45000,530530703073,43200,-122.13983788177138,47.222117429460056,530530703073.0
b2b-415,21600,530610533024,43200,-122.34074561477298,48.27571154986818,530579518002.0
b2b-7754,28800,530330315021,43200,-121.35038596453016,47.15689119363349,530770018002.0
b2b-50934,33600,530539400101,43200,-122.307002080144,47.215555299859936,530539400101.0
b2b-13790,37800,530330058014,43200,-122.38547447023792,47.65980454661643,530330058014.0
b2b-53441,24600,530330296013,43200,-122.16741167520776,47.35738467988623,530330296013.0
b2b-34788,11400,530330323193,43200,-122.1581093804582,47.75939019084427,530330323193.0
b2b-27858,36000,530530728001,43200,-122.6498514398432,47.10126306338846,530670122222.0
b2b-8875,24000,530530732004,43200,-122.24497881306635,46.91507326147312,20012.0
b2b-40514,10800,530530732004,43200,-122.24497881306635,46.91507326147312,20012.0
b2b-17406,30000,530530732003,43200,-122.24070890083723,46.779553754471394,410510050001.0
b2b-7858,31800,530610521083,43200,-122.10810165997442,47.81450505250156,530610521083.0
b2b-46896,19200,530330303092,43200,-122.32906241861268,47.29861314313712,530330303092.0
b2b-28429,27000,530539400022,43200,-122.3824225801224,47.243966871077,530539400022.0
b2b-34397,33600,530610537001,43200,-121.19835975276254,48.11551522486367,20034.0
b2b-53128,32400,530530701001,43200,-121.54325521381088,47.1154042142104,20009.0
b2b-19464,28800,530530732003,43200,-122.24070890083723,46.779553754471394,410510101002.0
b2b-12563,22800,530330228033,43200,-122.14030122745382,47.6385904630613,530330228033.0
b2b-33092,36000,530530732004,43200,-122.24497881306635,46.91507326147312,20012.0
b2b-18209,43800,530610533023,43200,-122.32300048530058,48.28861516761415,530579516003.0
b2b-22073,17400,530530732003,43200,-122.24070890083723,46.779553754471394,530110411051.0
b2b-52352,25800,530330292061,43200,-122.24032850745012,47.4188307692889,530330292061.0
b2b-41963,40200,530330284024,43200,-122.29787386756448,47.4440537819004,530330284024.0
b2b-55246,34200,530610537001,43200,-121.19835975276254,48.11551522486367,530630020003.0
b2b-38663,24600,530610537001,43200,-121.19835975276254,48.11551522486367,20034.0
b2b-51602,33600,530539400101,43200,-122.30933301135236,47.20709860565505,530539400101.0
b2b-26033,38400,530530726032,43200,-122.77381803555257,47.184454997543526,530670110001.0
b2b-10820,23400,530530732004,43200,-122.24497881306635,46.91507326147312,20012.0
b2b-28009,18000,530530718071,43200,-122.4885730312002,47.17231846271745,530530718071.0
b2b-47529,31200,530530626001,43200,-122.4667251351458,47.233727430676026,530530626001.0
b2b-53260,33000,530530616011,43200,-122.43776300444318,47.255231485980175,530530616011.0
b2b-47891,37800,530530724084,43200,-122.57298037502004,47.26707762724318,530530724084.0
b2b-13747,32400,530330046002,43200,-122.33217641462576,47.66991090729224,530330046002.0
b2b-26743,25200,530330292061,43200,-122.2459874160508,47.40622966331869,530330292061.0
b2b-25997,41400,530610419032,43200,-122.26843387762376,47.91726990385733,530610419032.0
b2b-14028,28200,530330323133,43200,-122.0953085966017,47.67324070348591,530330323133.0
b2b-42049,36600,530530732003,43200,-122.24070890083723,46.779553754471394,410510043001.0
b2b-23256,48600,530330292061,43200,-122.22647674583511,47.42932902639205,530330292061.0
b2b-7632,26400,530530701001,43200,-121.54325521381088,47.1154042142104,20118.0
b2b-30270,36600,530330108001,43200,-122.34459343374864,47.55451811993336,530330108001.0
b2b-10553,40200,530610537001,43200,-121.19835975276254,48.11551522486367,530630114003.0
b2b-1536,35400,530610419011,43200,-122.26783267375556,47.90044580396943,530610419011.0
b2b-7350,24600,530530701001,43200,-121.54325521381088,47.1154042142104,20095.0
b2b-22901,25200,530330314001,43200,-121.98531066688616,47.20344389919888,530330314001.0
b2b-46648,45000,530350811002,43200,-122.65326608861828,47.565120246825,530350811002.0
b2b-26971,27000,530330315021,43200,-121.35038596453016,47.15689119363349,530770018002.0
b2b-51018,26400,530530720002,43200,-122.53020686900938,47.12115984586613,530530720002.0
b2b-1,24600,530610533012,43200,-122.33113005877496,48.26289063778189,530610533012.0
b2b-58280,31200,530330292061,43200,-122.23980815971574,47.418677551629415,530330292061.0
b2b-16023,31800,530330292061,43200,-122.24760263237744,47.40352004594407,530330292061.0
b2b-10927,35400,530530732003,43200,-122.24070890083723,46.779553754471394,410430202001.0
b2b-3852,58200,530610533014,43200,-122.36753432018811,48.24860364633015,530579521003.0
b2b-23901,18000,530330093002,43200,-122.33239672143424,47.58809148769889,530330093002.0
b2b-21118,30600,530530732003,43200,-122.24070890083723,46.779553754471394,410510073001.0
b2b-11435,25800,530539400101,43200,-122.3321700763644,47.21474768619687,530539400101.0
b2b-49007,42000,530530704012,43200,-122.23291806129303,47.14859435600086,530530704012.0
b2b-16866,34800,530330226052,43200,-122.14424617896135,47.6838583267566,530330226052.0
b2b-40472,28200,530530728001,43200,-122.6498514398432,47.10126306338846,530670122222.0
b2b-25335,24600,530330305011,43200,-122.23040584578192,47.33728071859071,530330305011.0
b2b-53892,35400,530539400022,43200,-122.38766758090154,47.23993171883115,530539400022.0
b2b-19367,18000,530610533014,43200,-122.36753432018811,48.24860364633015,530579407002.0
b2b-23490,31200,530530726032,43200,-122.77381803555257,47.184454997543526,530670109104.0
b2b-45420,37800,530530730061,43200,-122.3464165120801,46.92550674265296,410099702005.0
b2b-38616,30600,530530701001,43200,-121.54325521381088,47.1154042142104,20009.0
b2b-40381,30000,530530732003,43200,-122.24070890083723,46.779553754471394,530110411051.0
b2b-3811,39000,530330093002,43200,-122.33367508454955,47.59463059632953,530330093002.0
b2b-49617,31200,530530733013,43200,-122.2485397615201,47.21076044989001,530530733013.0
b2b-16588,36600,530330292061,43200,-122.23366763535932,47.42223396547347,530330292061.0
b2b-631,18000,530610419011,43200,-122.27989836131236,47.90963103263001,530610419011.0
b2b-30580,37200,530530732004,43200,-122.24497881306635,46.91507326147312,20010.0
b2b-1486,22200,530610408002,43200,-122.21827475669602,47.98209850822149,530610408002.0
b2b-24489,24000,530330112001,43200,-122.3214141584895,47.52232063451912,530330112001.0
b2b-37290,32400,530330315021,43200,-121.35038596453016,47.15689119363349,530770018002.0
b2b-33411,40800,530530732004,43200,-122.24497881306635,46.91507326147312,20012.0
b2b-1530,34800,530610419011,43200,-122.26783267375556,47.90044580396943,530610419011.0
b2b-27383,32400,530330292061,43200,-122.24032850745012,47.4188307692889,530330292061.0
b2b-47783,32400,530530628013,43200,-122.50103476128066,47.23016763538662,530530628013.0
b2b-61071,24600,530330048003,43200,-122.36332308014298,47.65656322298686,530330048003.0
b2b-36577,18000,530530732003,43200,-122.24070890083723,46.779553754471394,530110411051.0
b2b-5943,45600,530610519121,43200,-122.14047986750576,47.78935600104972,530610519121.0
b2b-9212,36000,530530732004,43200,-122.24497881306635,46.91507326147312,20012.0
b2b-33146,33000,530530732004,43200,-122.24497881306635,46.91507326147312,20012.0
b2b-53989,33600,530530701001,43200,-121.54325521381088,47.1154042142104,20009.0
b2b-44421,38400,530330296013,43200,-122.16670085209188,47.35671657477904,530330296013.0
b2b-4715,30000,530330323193,43200,-122.1581093804582,47.75939019084427,530330323193.0
b2b-34992,25200,530330093002,43200,-122.33239672143424,47.58809148769889,530330093002.0
b2b-31729,40200,530530701001,43200,-121.54325521381088,47.1154042142104,20095.0
b2b-14279,33600,530330292061,43200,-122.2347220784728,47.4272610233373,530330292061.0
b2b-8438,12000,530330112001,43200,-122.3269128021207,47.52964259501011,530330112001.0
b2b-23296,32400,530539400022,43200,-122.38766758090154,47.23993171883115,530539400022.0
b2b-5317,3600,530330323133,43200,-122.08610118963196,47.67258814227379,530330323133.0
b2b-42981,30000,530530714062,43200,-122.38170003566306,47.07872835386775,530530714062.0
b2b-42154,30600,530610533014,43200,-122.36753432018811,48.24860364633015,530730103021.0
b2b-31624,33000,530530701001,43200,-121.54325521381088,47.1154042142104,20095.0
b2b-35820,30000,530530728001,43200,-122.6498514398432,47.10126306338846,530670122222.0
b2b-15329,36600,530330237001,43200,-122.16601577736562,47.62560948248614,530330237001.0
b2b-48614,48000,530530733014,43200,-122.23699768887244,47.207720279191705,530530733014.0
b2b-36813,10800,530530701001,43200,-121.54325521381088,47.1154042142104,20095.0
b2b-2189,31200,530610413032,43200,-122.2316619936267,47.93674512759662,530610413032.0
b2b-22981,34200,530330282003,43200,-122.28712573692836,47.46742248218988,530330282003.0
b2b-56657,41400,530530626002,43200,-122.46415596986006,47.21078374279038,530530626002.0
b2b-10922,22200,530330292061,43200,-122.24630253743486,47.38821598815996,530330292061.0
b2b-14187,28200,530330323133,43200,-122.0953085966017,47.67324070348591,530330323133.0
b2b-55272,31200,530330315021,43200,-121.35038596453016,47.15689119363349,530719202002.0
b2b-6265,33600,530530726032,43200,-122.77381803555257,47.184454997543526,530670110001.0
b2b-28114,36000,530539400101,43200,-122.33354651336224,47.21912577488827,530539400101.0
b2b-14452,40800,530330253021,43200,-122.20968124979632,47.497251766426245,530330253021.0
b2b-39856,36600,530530732003,43200,-122.24070890083723,46.779553754471394,410050203021.0
b2b-33540,27000,530530732004,43200,-122.24497881306635,46.91507326147312,20012.0
b2b-54408,31200,530330112001,43200,-122.33038076011847,47.5260682706754,530330112001.0
b2b-48492,31800,530610533014,43200,-122.36753432018811,48.24860364633015,530730105011.0
b2b-55780,30600,530330315021,43200,-121.35038596453016,47.15689119363349,20033.0
b2b-10872,32400,530530732004,43200,-122.24497881306635,46.91507326147312,20012.0
b2b-56505,18600,530530732003,43200,-122.24070890083723,46.779553754471394,410510043001.0
b2b-37800,32400,530330328003,43200,-121.0994620763074,47.70432736556717,530079610001.0
b2b-41577,28800,530330315021,43200,-121.35038596453016,47.15689119363349,530770014001.0
b2b-53817,39000,530530730054,43200,-122.37225598505708,46.97088262983279,530530730054.0
b2b-22313,41400,530330323133,43200,-122.09160559384112,47.66535741545209,530330323133.0
b2b-55319,22200,530530701001,43200,-121.54325521381088,47.1154042142104,20009.0
b2b-23427,31800,530330081002,43200,-122.33768242729484,47.612724048825854,530330081002.0
b2b-23872,38400,530330288021,43200,-122.29341449659536,47.42707687736177,530330288021.0
b2b-6862,36000,530330305011,43200,-122.2297357840513,47.34601224814244,530330305011.0
b2b-6260,33600,530530726032,43200,-122.77381803555257,47.184454997543526,530670110001.0
b2b-55871,28800,530330315021,43200,-121.35038596453016,47.15689119363349,530210206013.0
b2b-25502,27000,530330284024,43200,-122.29258998292704,47.458908818853615,530330284024.0
b2b-34600,32400,530530732004,43200,-122.24497881306635,46.91507326147312,20012.0
b2b-18326,25800,530330247012,43200,-122.1781654291089,47.55335400089327,530330247012.0
b2b-3855,30600,530610528031,43200,-122.17839672415413,48.15182822610645,530610528031.0
b2b-34058,22800,530530701001,43200,-121.54325521381088,47.1154042142104,20009.0
b2b-19191,13800,530330112001,43200,-122.33215064349903,47.53154045052393,530330112001.0
b2b-47491,38400,530530724071,43200,-122.58469873852542,47.31100297288058,530530724071.0
b2b-51892,27000,530330262001,43200,-122.24717181350287,47.44771333927209,530330262001.0
b2b-33894,30600,530530701001,43200,-121.54325521381088,47.1154042142104,20009.0
b2b-6325,23400,530530732003,43200,-122.24070890083723,46.779553754471394,410430306003.0
b2b-53790,21600,530330292061,43200,-122.26150577104556,47.39879885031482,530330292061.0
b2b-54473,39000,530530732004,43200,-122.24497881306635,46.91507326147312,20012.0
b2b-40107,33600,530530732003,43200,-122.24070890083723,46.779553754471394,410510072021.0
b2b-5811,40200,530330093002,43200,-122.33366306836557,47.58903444724557,530330093002.0
b2b-11056,39000,530530732003,43200,-122.24070890083723,46.779553754471394,530110412031.0
b2b-3325,30000,530530732003,43200,-122.24070890083723,46.779553754471394,530110410052.0
b2b-49919,38400,530530716024,43200,-122.4267780364045,47.15786251844604,530530716024.0
b2b-43597,34800,530530732003,43200,-122.24070890083723,46.779553754471394,410030001001.0
b2b-3362,43200,530530732003,43200,-122.24070890083723,46.779553754471394,410670320053.0
b2b-36601,49200,530330315021,43200,-121.35038596453016,47.15689119363349,530210201001.0
b2b-13501,30000,530330219061,43200,-122.16242959385278,47.7467068561471,530330219061.0
b2b-21699,35400,530330059001,43200,-122.36618765981758,47.65458277812374,530330059001.0
b2b-59928,22200,530610537001,43200,-121.19835975276254,48.11551522486367,20067.0
b2b-32993,10800,530530732004,43200,-122.24497881306635,46.91507326147312,20012.0
b2b-27666,28200,530330284024,43200,-122.29258998292704,47.458908818853615,530330284024.0
b2b-51406,19800,530330292061,43200,-122.25551630468378,47.4223338543787,530330292061.0
b2b-31736,28800,530530701001,43200,-121.54325521381088,47.1154042142104,20095.0
b2b-9137,35400,530530732004,43200,-122.24497881306635,46.91507326147312,20012.0
b2b-55515,29400,530530728001,43200,-122.6498514398432,47.10126306338846,530670122222.0
b2b-9542,17400,530610533021,43200,-122.23890985949284,48.26560079125508,530730102001.0
b2b-24219,28800,530330320111,43200,-122.02526422994526,47.368468563369326,530330320111.0
b2b-1582,31800,530619400013,43200,-122.1904456175628,48.05215092469976,530619400013.0
b2b-11330,46800,530530732004,43200,-122.24497881306635,46.91507326147312,20012.0
b2b-29351,20400,530530732003,43200,-122.24070890083723,46.779553754471394,410510073001.0
b2b-34997,22200,530350921002,43200,-122.74972125078992,47.500019217472826,530350921002.0
b2b-45201,22800,530610537001,43200,-121.19835975276254,48.11551522486367,20127.0
b2b-4019,36000,530610519121,43200,-122.11507974826218,47.80070883394138,530610519121.0
b2b-18322,16200,530330081003,43200,-122.34362232950669,47.611195710972765,530330081003.0
b2b-25666,30000,530350918001,43200,-122.62548168575364,47.60797469250697,530350918001.0
b2b-43207,38400,530530701001,43200,-121.54325521381088,47.1154042142104,20095.0
b2b-50498,21600,530610535091,43200,-122.15577642818684,48.15652609289869,530610535091.0
b2b-58503,28800,530530704012,43200,-122.23018052550162,47.16796899699952,530530704012.0
b2b-28915,33000,530530732003,43200,-122.24070890083723,46.779553754471394,410050215002.0
b2b-19929,46200,530330315013,43200,-121.9264938935332,47.28358920077654,530330315013.0
b2b-8920,2400,530530732004,43200,-122.24497881306635,46.91507326147312,20012.0
b2b-7111,43800,530330284024,43200,-122.29828123802866,47.44416305383533,530330284024.0
b2b-57256,51600,530330292061,43200,-122.24714566153456,47.42946269080292,530330292061.0
b2b-38597,28800,530610537001,43200,-121.19835975276254,48.11551522486367,20091.0
b2b-39790,33000,530330315021,43200,-121.35038596453016,47.15689119363349,530770028012.0
b2b-23525,28800,530530726032,43200,-122.77381803555257,47.184454997543526,530670109104.0
b2b-33538,24600,530530732004,43200,-122.24497881306635,46.91507326147312,20012.0
b2b-19913,45600,530610533014,43200,-122.36753432018811,48.24860364633015,530579408001.0
b2b-7465,13800,530530732003,43200,-122.24070890083723,46.779553754471394,410510073001.0
b2b-10345,29400,530330315021,43200,-121.35038596453016,47.15689119363349,20092.0
b2b-4944,15600,530330263001,43200,-122.29929556224933,47.51518271161302,530330263001.0
b2b-3311,44400,530539400101,43200,-122.30653677963012,47.21171695998523,530539400101.0
b2b-338,34800,530610408002,43200,-122.20740921411743,47.97867025191261,530610408002.0
b2b-41554,31200,530530732003,43200,-122.24070890083723,46.779553754471394,530110411051.0
b2b-3234,13800,530330048003,43200,-122.36332308014298,47.65656322298686,530330048003.0
b2b-37963,34200,530610534001,43200,-122.1788962996328,48.270180743276,530730101005.0
b2b-27596,47400,530330308013,43200,-122.22650221195384,47.27844420070505,530330308013.0
b2b-56846,22200,530530732003,43200,-122.24070890083723,46.779553754471394,410510072021.0
b2b-29784,44400,530330093003,43200,-122.33781074015684,47.57150093310607,530330093003.0
b2b-30482,40800,530610413042,43200,-122.26274299746264,47.938864443246594,530610413042.0
b2b-12468,27000,530330113001,43200,-122.33781593808465,47.53306360593715,530330113001.0
b2b-30052,26400,530330324011,43200,-121.98779991779364,47.73411298745755,530330324011.0
b2b-26634,24600,530330292061,43200,-122.2446052666474,47.39664040457194,530330292061.0
b2b-56026,33000,530330288012,43200,-122.3182733960549,47.42644904677949,530330288012.0
b2b-24891,40800,530330112001,43200,-122.3214141584895,47.52232063451912,530330112001.0
b2b-58492,28200,530330286004,43200,-122.33957001505338,47.42447483072101,530330286004.0
b2b-2425,24000,530610536024,43200,-121.95524114531108,48.11280906244766,530610536024.0
b2b-38627,23400,530330328003,43200,-121.0994620763074,47.70432736556717,20128.0
b2b-8559,5400,530330262001,43200,-122.2479832078004,47.44765564138801,530330262001.0
b2b-21262,28800,530330299023,43200,-122.25435060475552,47.32165909499532,530330299023.0
b2b-28591,32400,530610533023,43200,-122.32300048530058,48.28861516761415,530579516003.0
b2b-28,31800,530610420051,43200,-122.28663734640858,47.88738889900218,530610420051.0
b2b-57547,16800,530330257015,43200,-122.20400523606064,47.46750654899871,530330257015.0
b2b-53847,43200,530530626002,43200,-122.4752737014249,47.2220377125313,530530626002.0
b2b-20244,41400,530530726023,43200,-122.81869875074756,47.26529584078148,530459609004.0
b2b-48324,22200,530530602001,43200,-122.40837420601754,47.241043095648834,530530602001.0
b2b-17789,25800,530610533014,43200,-122.36753432018811,48.24860364633015,530579508003.0
b2b-57281,35400,530530626002,43200,-122.47469247739797,47.22177681924864,530530626002.0
b2b-31670,32400,530530701001,43200,-121.54325521381088,47.1154042142104,20095.0
b2b-48787,33000,530530703122,43200,-122.18234912669038,47.17372691841711,530530703122.0
b2b-24029,34200,530610413042,43200,-122.25255143142964,47.9246191361956,530610413042.0
b2b-15256,58200,530330327043,43200,-121.79546740160409,47.50600655824061,530330327043.0
b2b-38407,4200,530330093001,43200,-122.32453094327292,47.5936271203996,530330093001.0
b2b-16362,26400,530330106001,43200,-122.3766018758728,47.54429753977698,530330106001.0
b2b-30638,12600,530530701001,43200,-121.54325521381088,47.1154042142104,20095.0
b2b-44133,30600,530330303132,43200,-122.31058561825375,47.29637046051421,530330303132.0
b2b-52295,33600,530530732003,43200,-122.24070890083723,46.779553754471394,410510043001.0
b2b-46842,42600,530530725041,43200,-122.61718929351932,47.36151910614027,530530725041.0
b2b-21714,32400,530330305011,43200,-122.22992751854756,47.34359358883764,530330305011.0
b2b-54053,42600,530530732004,43200,-122.24497881306635,46.91507326147312,20014.0
b2b-39886,31200,530530730061,43200,-122.3464165120801,46.92550674265296,410670331021.0
b2b-18656,34800,530330075004,43200,-122.31399062841052,47.614123660490485,530330075004.0
b2b-18275,32400,530530729061,43200,-122.55058881309056,47.05402215230165,530419703002.0
b2b-26216,42600,530539400101,43200,-122.31648048532443,47.21474337338707,530539400101.0
b2b-40926,30000,530530732004,43200,-122.24497881306635,46.91507326147312,20010.0
b2b-43033,42000,530610512001,43200,-122.30212126736846,47.80335907496872,530610512001.0
b2b-16195,23400,530330093002,43200,-122.33416827944596,47.59164321609873,530330093002.0
b2b-209,35400,530610413042,43200,-122.2451428801999,47.925183244717616,530610413042.0
b2b-49719,34200,530530729061,43200,-122.55058881309056,47.05402215230165,530419714002.0
b2b-56089,17400,530330304011,43200,-122.30106529799616,47.293919545634665,530330304011.0
b2b-43407,33600,530530732004,43200,-122.24497881306635,46.91507326147312,20010.0
b2b-48102,30000,530530733014,43200,-122.23977183325698,47.21172820900409,530530733014.0
b2b-36752,31800,530530714062,43200,-122.38170003566306,47.07872835386775,530530714062.0
b2b-44289,25200,530330219061,43200,-122.15443189137056,47.74077868276845,530330219061.0
b2b-5818,33000,530330323133,43200,-122.09222903536138,47.67401505719557,530330323133.0
b2b-60456,36600,530610533012,43200,-122.33329845364509,48.26704965475196,530610533012.0
b2b-42430,27000,530530732003,43200,-122.24070890083723,46.779553754471394,410510043001.0
b2b-30941,34800,530330315021,43200,-121.35038596453016,47.15689119363349,530210204001.0
b2b-28295,28800,530330305011,43200,-122.22964580068496,47.34441405773616,530330305011.0
b2b-46898,28800,530330292061,43200,-122.2249427522138,47.414964507042896,530330292061.0
b2b-13904,30000,530330218021,43200,-122.18474513918032,47.77203185836266,530330218021.0
b2b-49591,43800,530330312043,43200,-122.05847382754864,47.2906302795026,530330312043.0
b2b-36316,22800,530330262001,43200,-122.25275710096406,47.44811819081014,530330262001.0
b2b-38700,36000,530610537001,43200,-121.19835975276254,48.11551522486367,20034.0
b2b-4876,30600,530330019001,43200,-122.32728254889794,47.69935761545881,530330019001.0
b2b-40304,33600,530530732003,43200,-122.24070890083723,46.779553754471394,530150015024.0
b2b-56520,0,530530701001,43200,-121.54325521381088,47.1154042142104,20095.0
b2b-60268,42600,530330263002,43200,-122.29034760404986,47.50675431311565,530330263002.0
b2b-9661,16800,530530701001,43200,-121.54325521381088,47.1154042142104,20009.0
b2b-30086,17400,530330292061,43200,-122.2235835356382,47.41965485155595,530330292061.0
b2b-31823,22800,530530701001,43200,-121.54325521381088,47.1154042142104,20095.0
b2b-50987,28200,530530718071,43200,-122.48907260111817,47.17391246519728,530530718071.0
b2b-47949,24600,530530731082,43200,-122.34679264481338,47.08971777391572,530530731082.0
b2b-18475,33000,530330323133,43200,-122.09238792808952,47.67528331977776,530330323133.0
b2b-38954,34800,530330108001,43200,-122.34459343374864,47.55451811993336,530330108001.0
b2b-14314,23400,530330228033,43200,-122.13088404487657,47.641673684294766,530330228033.0
b2b-1870,20400,530530732003,43200,-122.24070890083723,46.779553754471394,530419717003.0
b2b-19122,34800,530330093003,43200,-122.32473713278328,47.58167042643398,530330093003.0
b2b-23177,19200,530330292061,43200,-122.24714566153456,47.42946269080292,530330292061.0
b2b-11419,20400,530539400022,43200,-122.39688590845752,47.24395008519793,530539400022.0
b2b-15333,36600,530330237001,43200,-122.16601577736562,47.62560948248614,530330237001.0
b2b-51912,27600,530330288021,43200,-122.29341449659536,47.42707687736177,530330288021.0
b2b-5137,38400,530330237003,43200,-122.19044123772372,47.641441308898,530330237003.0
b2b-30530,24000,530530730061,43200,-122.3464165120801,46.92550674265296,530150003001.0
b2b-17844,32400,530330218021,43200,-122.18599605547377,47.77325569272109,530330218021.0
b2b-30752,35400,530610537001,43200,-121.19835975276254,48.11551522486367,20127.0
b2b-21019,35400,530330326021,43200,-121.86892130123113,47.52682016007379,530330326021.0
b2b-2521,27600,530610537001,43200,-121.59665949576642,48.2680487361357,530610537001.0
b2b-4832,30600,530330112001,43200,-122.33227885206496,47.53199660801611,530330112001.0
b2b-53616,33000,530330292061,43200,-122.22513682781825,47.431742240111376,530330292061.0
b2b-37318,15600,530330328003,43200,-121.0994620763074,47.70432736556717,20106.0
b2b-6672,36000,530330226031,43200,-122.16566984139985,47.70382843048149,530330226031.0
b2b-18940,9600,530610533014,43200,-122.36753432018811,48.24860364633015,530730002001.0
b2b-56761,25200,530530732003,43200,-122.24070890083723,46.779553754471394,530110408061.0
b2b-41524,28800,530330117002,43200,-122.2810262594597,47.51145637807155,530330117002.0
b2b-6721,36000,530330323133,43200,-122.09222903536138,47.67401505719557,530330323133.0
b2b-22387,29400,530330112001,43200,-122.33227885206496,47.53199660801611,530330112001.0
b2b-52201,31800,530539400101,43200,-122.30153828242798,47.20844219946797,530539400101.0
b2b-24502,33000,530330112001,43200,-122.33038076011847,47.5260682706754,530330112001.0
b2b-50656,30600,530530728001,43200,-122.6498514398432,47.10126306338846,530670122222.0
b2b-15675,25800,530330323252,43200,-122.11321800641164,47.69255078151385,530330323252.0
b2b-60254,32400,530350918001,43200,-122.62548168575364,47.60797469250697,530350918001.0
b2b-58880,600,530330112001,43200,-122.3214141584895,47.52232063451912,530330112001.0
b2b-26586,52200,530330284024,43200,-122.29828123802866,47.44416305383533,530330284024.0
b2b-12611,27000,530330218021,43200,-122.18411232021498,47.77651939619263,530330218021.0
b2b-43399,33600,530530732004,43200,-122.24497881306635,46.91507326147312,20010.0
b2b-15266,58200,530330327043,43200,-121.79546740160409,47.50600655824061,530330327043.0
b2b-52137,34800,530610537001,43200,-121.19835975276254,48.11551522486367,20041.0
b2b-32644,19200,530530732003,43200,-122.24070890083723,46.779553754471394,410430306003.0
b2b-31648,31200,530530701001,43200,-121.54325521381088,47.1154042142104,20095.0
b2b-16227,36600,530530729061,43200,-122.55058881309056,47.05402215230165,530419714002.0
b2b-17008,22200,530330006001,43200,-122.33979887050845,47.72268262204445,530330006001.0
b2b-1911,33600,530610522041,43200,-121.99953959597016,47.86613749515651,530610522041.0
b2b-9551,33000,530610533021,43200,-122.23890985949284,48.26560079125508,530730102001.0
b2b-8720,21000,530330080013,43200,-122.35759858213602,47.6180331651649,530330080013.0
b2b-59080,26400,530330312042,43200,-122.13654730133342,47.312969391870574,530330312042.0
b2b-33677,31800,530530732004,43200,-122.24497881306635,46.91507326147312,20012.0
b2b-46065,27000,530330292061,43200,-122.22834520138616,47.42187038261192,530330292061.0
b2b-28231,33600,530530732003,43200,-122.24070890083723,46.779553754471394,410430306003.0
b2b-60480,19200,530610533021,43200,-122.23890985949284,48.26560079125508,530730102001.0
b2b-38787,32400,530610537001,43200,-121.19835975276254,48.11551522486367,20034.0
b2b-11372,20400,530530732003,43200,-122.24070890083723,46.779553754471394,410530203025.0
b2b-43446,28200,530330288013,43200,-122.29978682083382,47.41404252517009,530330288013.0
b2b-40690,19800,530330292061,43200,-122.22616838953864,47.40963288014064,530330292061.0
b2b-56564,21000,530610533024,43200,-122.34074561477298,48.27571154986818,530579518002.0
b2b-4574,30000,530530701001,43200,-121.54325521381088,47.1154042142104,20095.0
b2b-21762,7800,530330292061,43200,-122.2235835356382,47.41965485155595,530330292061.0
b2b-50072,39600,530539400101,43200,-122.30426664876722,47.21483030744824,530539400101.0
b2b-49587,38400,530330292061,43200,-122.24545386409277,47.43765773649311,530330292061.0
b2b-41539,29400,530330308011,43200,-122.250737607828,47.29448590131384,530330308011.0
b2b-26805,13800,530530732004,43200,-122.24497881306635,46.91507326147312,20012.0
b2b-22913,30000,530330284024,43200,-122.2974406914284,47.443801328169,530330284024.0
b2b-39209,38400,530530602001,43200,-122.431610878158,47.25655028299779,530530602001.0
b2b-6570,32400,530330112001,43200,-122.33038076011847,47.5260682706754,530330112001.0
b2b-60471,18000,530610533021,43200,-122.23890985949284,48.26560079125508,530730102001.0
b2b-2699,19200,530530732003,43200,-122.24070890083723,46.779553754471394,410510021001.0
b2b-14512,30600,530330219061,43200,-122.16091522355798,47.74717362852532,530330219061.0
b2b-35488,27000,530530626001,43200,-122.48142674423129,47.22315676250872,530530626001.0
b2b-52577,15600,530530732003,43200,-122.24070890083723,46.779553754471394,410470025021.0
b2b-19879,33000,530530730061,43200,-122.3464165120801,46.92550674265296,530419712001.0
b2b-32747,28800,530610537001,43200,-121.19835975276254,48.11551522486367,530630114003.0
b2b-3224,31800,530610413042,43200,-122.26274299746264,47.938864443246594,530610413042.0
b2b-13453,30000,530530732003,43200,-122.24070890083723,46.779553754471394,530110406082.0
b2b-36983,22800,530330288021,43200,-122.29490590213018,47.42703440794348,530330288021.0
b2b-25473,34200,530330292061,43200,-122.22616838953864,47.40963288014064,530330292061.0
b2b-44017,28200,530330297004,43200,-122.22791830029507,47.36457572877498,530330297004.0
b2b-16584,25200,530330292061,43200,-122.23366763535932,47.42223396547347,530330292061.0
b2b-10588,36000,530330292061,43200,-122.22834520138616,47.42187038261192,530330292061.0
b2b-55700,27600,530330305011,43200,-122.2295983208466,47.33291579842153,530330305011.0
b2b-52370,22800,530330305011,43200,-122.22992751854756,47.34359358883764,530330305011.0
b2b-53596,18000,530330292061,43200,-122.25551630468378,47.4223338543787,530330292061.0
b2b-39480,30600,530610537001,43200,-121.19835975276254,48.11551522486367,530630122001.0
b2b-30135,45600,530330305011,43200,-122.22992751854756,47.34359358883764,530330305011.0
b2b-40791,10800,530330315021,43200,-121.35038596453016,47.15689119363349,530770034001.0
b2b-55426,22800,530530726032,43200,-122.77381803555257,47.184454997543526,530670110001.0
b2b-42479,36600,530610535061,43200,-121.90505639582553,48.26054804302581,530579512001.0
b2b-28677,36600,530530732003,43200,-122.24070890083723,46.779553754471394,410510073001.0
b2b-31723,40200,530530701001,43200,-121.54325521381088,47.1154042142104,20095.0
b2b-5036,19800,530330019001,43200,-122.32786272570462,47.699913445913694,530330019001.0
b2b-48821,40800,530530726032,43200,-122.77381803555257,47.184454997543526,530670110001.0
b2b-20381,43800,530610533024,43200,-122.34074561477298,48.27571154986818,530579518001.0
b2b-16613,20400,530330032003,43200,-122.39297174715723,47.66707056881748,530330032003.0
b2b-5449,25800,530330204013,43200,-122.307123156484,47.765730459267765,530330204013.0
b2b-49488,31800,530539400101,43200,-122.30426664876722,47.21483030744824,530539400101.0
b2b-28572,24600,530330264005,43200,-122.32796798630088,47.51839430843621,530330264005.0
b2b-32630,36000,530330112001,43200,-122.3214141584895,47.52232063451912,530330112001.0
b2b-51753,39000,530330284024,43200,-122.29258998292704,47.458908818853615,530330284024.0
b2b-10292,31200,530530732003,43200,-122.24070890083723,46.779553754471394,410510073001.0
b2b-42380,16200,530330315021,43200,-121.35038596453016,47.15689119363349,20015.0
b2b-46023,7200,530330303131,43200,-122.3096528220909,47.312099212706734,530330303131.0
b2b-30301,28200,530330284024,43200,-122.29258998292704,47.458908818853615,530330284024.0
b2b-9932,35400,530610537001,43200,-121.19835975276254,48.11551522486367,20066.0
b2b-2594,28800,530530729061,43200,-122.55058881309056,47.05402215230165,530670117101.0
b2b-26824,31800,530330112001,43200,-122.32090219748493,47.51992620304542,530330112001.0
b2b-30777,40200,530330292061,43200,-122.24472160310586,47.43301366786744,530330292061.0
b2b-13870,30000,530330218021,43200,-122.18474513918032,47.77203185836266,530330218021.0
b2b-24875,36000,530610521083,43200,-122.10810165997442,47.81450505250156,530610521083.0
b2b-2760,34800,530610401003,43200,-122.2076556848904,47.99987735723214,530610401003.0
b2b-26044,34800,530330292061,43200,-122.23621008586612,47.40667844907961,530330292061.0
b2b-8119,27600,530330093002,43200,-122.33402177668508,47.58807217102231,530330093002.0
b2b-14612,32400,530330109001,43200,-122.30411712505558,47.533202152243845,530330109001.0
b2b-55055,51600,530330315021,43200,-121.35038596453016,47.15689119363349,20117.0
b2b-10432,33000,530330112001,43200,-122.33038076011847,47.5260682706754,530330112001.0
b2b-23083,30600,530330288021,43200,-122.29341449659536,47.42707687736177,530330288021.0
b2b-9517,39600,530330112001,43200,-122.33227885206496,47.53199660801611,530330112001.0
b2b-13693,29400,530350901011,43200,-122.60364513128724,47.9301516886425,530299713002.0
b2b-52864,28800,530610537001,43200,-121.19835975276254,48.11551522486367,530630114003.0
b2b-11165,38400,530530732004,43200,-122.24497881306635,46.91507326147312,20014.0
b2b-11327,19200,530530732004,43200,-122.24497881306635,46.91507326147312,20012.0
b2b-60915,16200,530610413042,43200,-122.24520847642002,47.92654436050197,530610413042.0
b2b-35135,30600,530610533021,43200,-122.23890985949284,48.26560079125508,530730102001.0
b2b-32683,35400,530610537001,43200,-121.19835975276254,48.11551522486367,530630136002.0
b2b-15998,27600,530330292061,43200,-122.24760263237744,47.40352004594407,530330292061.0
b2b-36728,27600,530330292061,43200,-122.22662093183628,47.42704538062167,530330292061.0
b2b-15149,27600,530330263001,43200,-122.29318384430456,47.5158349891727,530330263001.0
b2b-17583,13200,530530726032,43200,-122.77381803555257,47.184454997543526,530499502003.0
b2b-53696,37200,530610533012,43200,-122.33329845364509,48.26704965475196,530610533012.0
b2b-17435,28200,530330292061,43200,-122.22118193249148,47.440922583182015,530330292061.0
b2b-50712,34200,530530729061,43200,-122.55058881309056,47.05402215230165,530670126101.0
b2b-7738,23400,530330032003,43200,-122.39343452189117,47.66760576356018,530330032003.0
b2b-7938,30000,530330264005,43200,-122.32796798630088,47.51839430843621,530330264005.0
b2b-8051,22200,530610408002,43200,-122.21468228018514,47.98032402214288,530610408002.0
b2b-28870,40800,530530732003,43200,-122.24070890083723,46.779553754471394,530110404073.0
b2b-53980,26400,530530701001,43200,-121.54325521381088,47.1154042142104,20009.0
b2b-34494,18000,530530732004,43200,-122.24497881306635,46.91507326147312,20012.0
b2b-34148,39000,530530701001,43200,-121.54325521381088,47.1154042142104,20009.0
b2b-13078,36000,530330283003,43200,-122.26356463407316,47.43376049891164,530330283003.0
b2b-48070,28800,530530731082,43200,-122.34580525784284,47.08551996482646,530530731082.0
b2b-8489,38400,530330099004,43200,-122.3563283386614,47.57631452882951,530330099004.0
b2b-44281,29400,530330262001,43200,-122.23882546416876,47.454865012052245,530330262001.0
b2b-35667,27600,530610533021,43200,-122.23890985949284,48.26560079125508,530730102001.0
b2b-19000,32400,530330237001,43200,-122.16948132471173,47.62197096568144,530330237001.0
b2b-1664,34200,530610533011,43200,-122.33216353995827,48.23999241824277,530610533011.0
b2b-12647,16200,530330058023,43200,-122.38159333202388,47.63311441973635,530330058023.0
b2b-2245,47400,530610533025,43200,-122.24600167528853,48.239089623399856,530610533025.0
b2b-21391,44400,530330305012,43200,-122.23092761165952,47.31202546098226,530330305012.0
b2b-23919,30600,530330305011,43200,-122.22992751854756,47.34359358883764,530330305011.0
b2b-9593,26400,530330292061,43200,-122.24241295312764,47.43136438138057,530330292061.0
b2b-26578,41400,530330292061,43200,-122.2361032719516,47.43386858781752,530330292061.0
b2b-32742,31200,530610537001,43200,-121.19835975276254,48.11551522486367,530630122001.0
b2b-47673,18600,530530602001,43200,-122.39097307837928,47.27160501305665,530530602001.0
b2b-9597,44400,530330292061,43200,-122.2214180174674,47.40618539074897,530330292061.0
b2b-22597,34800,530530729061,43200,-122.55058881309056,47.05402215230165,530670126102.0
b2b-16194,36000,530330109001,43200,-122.30462973837528,47.53373489869976,530330109001.0
b2b-54138,33600,530330292061,43200,-122.2459874160508,47.40622966331869,530330292061.0
b2b-32915,34800,530530732004,43200,-122.24497881306635,46.91507326147312,20010.0
b2b-38908,28800,530330295022,43200,-122.17951399535562,47.37083246795769,530330295022.0
b2b-58769,30600,530330292061,43200,-122.25163215875212,47.40778686433661,530330292061.0
b2b-18330,27000,530330224004,43200,-122.19469254078624,47.68165609399622,530330224004.0
b2b-51805,21000,530350918001,43200,-122.62781728669088,47.608233520262566,530350918001.0
b2b-9683,16800,530530701001,43200,-121.54325521381088,47.1154042142104,20009.0
b2b-32817,11400,530530730061,43200,-122.3464165120801,46.92550674265296,410670331021.0
b2b-51816,39000,530350811002,43200,-122.65365560350207,47.5622531720294,530350811002.0
b2b-18513,28800,530610533014,43200,-122.36753432018811,48.24860364633015,530299705003.0
b2b-49438,30000,530539400022,43200,-122.35799177341411,47.24698856781136,530539400022.0
b2b-11532,34800,530530732004,43200,-122.24497881306635,46.91507326147312,20010.0
b2b-31630,31200,530530701001,43200,-121.54325521381088,47.1154042142104,20095.0
b2b-54970,42000,530330292061,43200,-122.22513682781825,47.431742240111376,530330292061.0
b2b-60407,44400,530530701001,43200,-121.54325521381088,47.1154042142104,20009.0
b2b-1371,42600,530610522041,43200,-121.99894998399247,47.86854588962725,530610522041.0
b2b-46282,26400,530610533014,43200,-122.36753432018811,48.24860364633015,530730002002.0
b2b-7558,28200,530530732003,43200,-122.24070890083723,46.779553754471394,410430202001.0
b2b-28007,25200,530330292061,43200,-122.22616838953864,47.40963288014064,530330292061.0
b2b-54852,26400,530530701001,43200,-121.54325521381088,47.1154042142104,20118.0
b2b-9453,34800,530610533021,43200,-122.23890985949284,48.26560079125508,530730102001.0
b2b-11674,42600,530610537001,43200,-121.19835975276254,48.11551522486367,20067.0
b2b-36101,5400,530330262001,43200,-122.22563666009223,47.45020045316139,530330262001.0
b2b-32257,15600,530530732004,43200,-122.24497881306635,46.91507326147312,20010.0
b2b-28920,21000,530530732003,43200,-122.24070890083723,46.779553754471394,410510073001.0
b2b-6664,26400,530330319041,43200,-122.04775121978048,47.46265486502352,530330319041.0
b2b-19466,35400,530330327042,43200,-121.7908025621066,47.48541768536773,530330327042.0
b2b-33892,16200,530530701001,43200,-121.54325521381088,47.1154042142104,20009.0
b2b-1986,18600,530530732003,43200,-122.24070890083723,46.779553754471394,410510043001.0
b2b-43357,26400,530330093002,43200,-122.33239672143424,47.58809148769889,530330093002.0
b2b-45337,17400,530530701001,43200,-121.54325521381088,47.1154042142104,20005.0
b2b-54966,25200,530610533014,43200,-122.36753432018811,48.24860364633015,530579519002.0
b2b-14881,36600,530530732003,43200,-122.24070890083723,46.779553754471394,530110405071.0
b2b-56335,46800,530539400022,43200,-122.3623989794619,47.24303041243632,530539400022.0
b2b-16823,23400,530330228033,43200,-122.1249824309002,47.64467116789906,530330228033.0
b2b-23156,27000,530539400101,43200,-122.30653677963012,47.21171695998523,530539400101.0
b2b-9342,28200,530610537001,43200,-121.19835975276254,48.11551522486367,20034.0
b2b-21035,32400,530610533024,43200,-122.34074561477298,48.27571154986818,530579525003.0
b2b-2041,43800,530610514002,43200,-122.31498794409448,47.808055804392446,530610514002.0
b2b-20991,20400,530330226051,43200,-122.15325990879806,47.69670202679177,530330226051.0
b2b-16179,33000,530530732003,43200,-122.24070890083723,46.779553754471394,410510048001.0
b2b-53574,27600,530610533021,43200,-122.23890985949284,48.26560079125508,530730102001.0
b2b-40772,31200,530610537001,43200,-121.19835975276254,48.11551522486367,530659513003.0
b2b-54097,40800,530330288021,43200,-122.29341449659536,47.42707687736177,530330288021.0
b2b-21506,36600,530330292061,43200,-122.24748953444676,47.42967026655302,530330292061.0
b2b-4607,33600,530330323193,43200,-122.1581093804582,47.75939019084427,530330323193.0
b2b-6942,22800,530610533014,43200,-122.36753432018811,48.24860364633015,530579404003.0
b2b-47944,24600,530530731082,43200,-122.34679264481338,47.08971777391572,530530731082.0
b2b-55647,36000,530330292061,43200,-122.24472160310586,47.43301366786744,530330292061.0
b2b-35571,30000,530330320111,43200,-122.02526422994526,47.368468563369326,530330320111.0
b2b-9004,33600,530530732004,43200,-122.24497881306635,46.91507326147312,20012.0
b2b-55151,37200,530530712071,43200,-122.28611945306136,47.155943185501535,530530712071.0
b2b-19496,25200,530530732003,43200,-122.24070890083723,46.779553754471394,410510102002.0
b2b-24993,33000,530330292061,43200,-122.26172450913342,47.39944206804464,530330292061.0
b2b-25944,28200,530330292061,43200,-122.24472160310586,47.43301366786744,530330292061.0
b2b-36133,33000,530330320031,43200,-122.04234542382136,47.393395413912806,530330320031.0
b2b-34297,35400,530610537001,43200,-121.19835975276254,48.11551522486367,20034.0
b2b-54287,35400,530610535061,43200,-121.90505639582553,48.26054804302581,530579512001.0
b2b-22923,4800,530330284024,43200,-122.32205675998875,47.44153151233887,530330284024.0
b2b-53679,25800,530610533014,43200,-122.36753432018811,48.24860364633015,530579519002.0
b2b-20634,29400,530330047002,43200,-122.36807919165577,47.66499671995573,530330047002.0
b2b-27783,45000,530610413042,43200,-122.24520847642002,47.92654436050197,530610413042.0
b2b-53261,33000,530530616011,43200,-122.43776300444318,47.255231485980175,530530616011.0
b2b-745,31200,530610519252,43200,-122.19996843485688,47.79900808333772,530610519252.0
b2b-59369,33600,530530732003,43200,-122.24070890083723,46.779553754471394,410510027021.0
b2b-8480,37800,530330322102,43200,-121.99652820671751,47.54836323589287,530330322102.0
b2b-55075,30600,530610537001,43200,-121.19835975276254,48.11551522486367,530750008004.0
b2b-42691,42000,530530732004,43200,-122.24497881306635,46.91507326147312,20012.0
b2b-3731,30600,530610535061,43200,-121.90505639582553,48.26054804302581,530579512001.0
b2b-543,27600,530610413042,43200,-122.24353271927004,47.92767281571662,530610413042.0
b2b-49606,41400,530530703073,43200,-122.13983788177138,47.222117429460056,530530703073.0
b2b-26605,38400,530330288013,43200,-122.29978682083382,47.41404252517009,530330288013.0
b2b-10974,22200,530610537001,43200,-121.19835975276254,48.11551522486367,530630114003.0
b2b-58803,32400,530530716022,43200,-122.41089280678568,47.15957323509279,530530716022.0
b2b-20305,29400,530330315022,43200,-121.9471689930558,47.1997851096156,530330315022.0
b2b-2628,24600,530610419012,43200,-122.26441045756675,47.8964769203352,530610419012.0
b2b-16414,23400,530330048003,43200,-122.36232688966577,47.65542920914094,530330048003.0
b2b-12545,29400,530330225003,43200,-122.19172647902496,47.67442435663221,530330225003.0
b2b-35327,24600,530610533014,43200,-122.36753432018811,48.24860364633015,530579519002.0
b2b-8834,25200,530530732004,43200,-122.24497881306635,46.91507326147312,20012.0
b2b-39944,25800,530530732003,43200,-122.24070890083723,46.779553754471394,410510072021.0
b2b-40504,20400,530610413042,43200,-122.24520847642002,47.92654436050197,530610413042.0
b2b-21792,21000,530330237001,43200,-122.1698806056832,47.62581212961685,530330237001.0
b2b-58992,16800,530330093002,43200,-122.33239672143424,47.58809148769889,530330093002.0
b2b-23934,30600,530330305011,43200,-122.22992751854756,47.34359358883764,530330305011.0
b2b-20303,35400,530330315022,43200,-121.9471689930558,47.1997851096156,530330315022.0
b2b-57821,20400,530530718071,43200,-122.4885730312002,47.17231846271745,530530718071.0
b2b-40090,21000,530530732004,43200,-122.24497881306635,46.91507326147312,20012.0
b2b-39119,30600,530330315021,43200,-121.35038596453016,47.15689119363349,20117.0
b2b-27850,31200,530530729061,43200,-122.55058881309056,47.05402215230165,530670126101.0
b2b-56825,33000,530530732003,43200,-122.24070890083723,46.779553754471394,410050209002.0
b2b-46685,40800,530330093003,43200,-122.33231170637092,47.56852810250407,530330093003.0
b2b-51831,12000,530330308013,43200,-122.22650221195384,47.27844420070505,530330308013.0
b2b-40393,21600,530330224006,43200,-122.20942974171308,47.6876961393181,530330224006.0
b2b-28534,32400,530330112001,43200,-122.33227885206496,47.53199660801611,530330112001.0
b2b-1614,34800,530610533011,43200,-122.33216353995827,48.23999241824277,530610533011.0
b2b-29654,29400,530330292061,43200,-122.24472160310586,47.43301366786744,530330292061.0
b2b-40579,37200,530330315021,43200,-121.35038596453016,47.15689119363349,530770017021.0
b2b-45038,39000,530330292061,43200,-122.2303896689671,47.401045766377024,530330292061.0
b2b-23189,42000,530330265002,43200,-122.35100632242614,47.5131498605928,530330265002.0
b2b-848,16800,530610528032,43200,-122.18217546142309,48.124280831245095,530610528032.0
b2b-54838,43800,530530732003,43200,-122.24070890083723,46.779553754471394,410510043001.0
b2b-47521,31200,530530626001,43200,-122.4667251351458,47.233727430676026,530530626001.0
b2b-38211,30600,530530701001,43200,-121.54325521381088,47.1154042142104,20071.0
b2b-43285,43800,530330292061,43200,-122.2523347314473,47.41500597976029,530330292061.0
b2b-28241,33000,530539400101,43200,-122.3321700763644,47.21474768619687,530539400101.0
b2b-42545,25200,530330315021,43200,-121.35038596453016,47.15689119363349,530770014001.0
b2b-34747,39600,530330019001,43200,-122.32498518332416,47.7007064097056,530330019001.0
b2b-31629,41400,530530701001,43200,-121.54325521381088,47.1154042142104,20095.0
b2b-16769,23400,530330228033,43200,-122.1249824309002,47.64467116789906,530330228033.0
b2b-24421,20400,530330093003,43200,-122.34231103586774,47.56814278686263,530330093003.0
b2b-1402,35400,530610519222,43200,-122.21198363876232,47.79995134868887,530610519222.0
b2b-8600,17400,530330323133,43200,-122.09222903536138,47.67401505719557,530330323133.0
b2b-60038,34200,530330292061,43200,-122.22616838953864,47.40963288014064,530330292061.0
b2b-2966,34800,530610535091,43200,-122.15577642818684,48.15652609289869,530610535091.0
b2b-10508,27000,530530701001,43200,-121.54325521381088,47.1154042142104,20009.0
b2b-37315,24000,530610537001,43200,-121.19835975276254,48.11551522486367,20036.0
b2b-27204,25800,530330093003,43200,-122.33231170637092,47.56852810250407,530330093003.0
b2b-56485,33000,530530732003,43200,-122.24070890083723,46.779553754471394,410510045001.0
b2b-47065,25200,530530732003,43200,-122.24070890083723,46.779553754471394,410510007023.0
b2b-58218,34200,530330314001,43200,-121.98531066688616,47.20344389919888,530330314001.0
b2b-54547,31200,530330256011,43200,-122.16334861817246,47.48801869958778,530330256011.0
b2b-29077,34800,530530732003,43200,-122.24070890083723,46.779553754471394,410510073001.0
b2b-13401,43200,530330099004,43200,-122.345386902451,47.57348345757726,530330099004.0
b2b-22768,33000,530330292061,43200,-122.23310684944713,47.416945383189166,530330292061.0
b2b-50786,39000,530330305011,43200,-122.22964580068496,47.34441405773616,530330305011.0
b2b-54758,22800,530330320111,43200,-122.0228827412936,47.36910189719495,530330320111.0
b2b-30664,40200,530530701001,43200,-121.54325521381088,47.1154042142104,20118.0
b2b-19295,13800,530330058014,43200,-122.38982063711448,47.66123445230457,530330058014.0
b2b-8761,48000,530530732004,43200,-122.24497881306635,46.91507326147312,20012.0
b2b-36220,18600,530330236012,43200,-122.1840842404128,47.6171304699469,530330236012.0
b2b-54699,30600,530530720002,43200,-122.53020686900938,47.12115984586613,530530720002.0
b2b-11335,38400,530530732004,43200,-122.24497881306635,46.91507326147312,20013.0
b2b-54742,33600,530530732003,43200,-122.24070890083723,46.779553754471394,410510072021.0
b2b-34248,36600,530530701001,43200,-121.54325521381088,47.1154042142104,20009.0
b2b-26701,40200,530350902022,43200,-122.647813134588,47.785191117045365,530350902022.0
b2b-39909,33600,530610528031,43200,-122.17839672415413,48.15182822610645,530610528031.0
b2b-49643,53400,530330303132,43200,-122.30590062664312,47.29634204750628,530330303132.0
b2b-13514,39000,530330228031,43200,-122.13851595450828,47.64729627116456,530330228031.0
b2b-38869,22800,530530732004,43200,-122.24497881306635,46.91507326147312,20012.0
b2b-41240,34200,530610533014,43200,-122.36753432018811,48.24860364633015,530579521003.0
b2b-30636,39600,530530701001,43200,-121.54325521381088,47.1154042142104,20095.0
b2b-5537,31800,530610413042,43200,-122.25208503289907,47.92635492941787,530610413042.0
b2b-57980,26400,530539400022,43200,-122.36243971935654,47.23976372152219,530539400022.0
b2b-26603,28200,530530720002,43200,-122.53020686900938,47.12115984586613,530530720002.0
b2b-22897,32400,530539400101,43200,-122.30406529956942,47.20611695562632,530539400101.0
b2b-51481,29400,530330292061,43200,-122.2235835356382,47.41965485155595,530330292061.0
b2b-3821,44400,530610537001,43200,-121.19835975276254,48.11551522486367,530630141002.0
b2b-54876,26400,530530701001,43200,-121.54325521381088,47.1154042142104,20009.0
b2b-31254,27000,530610535061,43200,-121.90505639582553,48.26054804302581,530579512001.0
b2b-2460,32400,530610533024,43200,-122.34074561477298,48.27571154986818,530579518001.0
b2b-22948,42000,530330304011,43200,-122.30132477174712,47.29392378873759,530330304011.0
b2b-41027,33600,530330315021,43200,-121.35038596453016,47.15689119363349,530770016022.0
b2b-4772,24000,530610419032,43200,-122.26846670034529,47.91993930152732,530610419032.0
b2b-60696,34200,530330112001,43200,-122.33038076011847,47.5260682706754,530330112001.0
b2b-38987,14400,530330305011,43200,-122.2332722484168,47.30846610589142,530330305011.0
b2b-1247,22800,530610413042,43200,-122.26889143038134,47.94291398934444,530610413042.0
b2b-60105,34200,530330099004,43200,-122.3525522092276,47.56898547069012,530330099004.0
b2b-26752,38400,530330292061,43200,-122.22662093183628,47.42704538062167,530330292061.0
b2b-45531,33000,530330292061,43200,-122.2475340562908,47.42943357672947,530330292061.0
b2b-13906,30000,530330218021,43200,-122.18474513918032,47.77203185836266,530330218021.0
b2b-17491,47400,530330226051,43200,-122.15252112228042,47.69658452418396,530330226051.0
b2b-55148,43200,530530732003,43200,-122.24070890083723,46.779553754471394,530110411051.0
b2b-51977,31800,530530732003,43200,-122.24070890083723,46.779553754471394,410510073001.0
b2b-19449,25800,530330047002,43200,-122.3698205023,47.66031517334816,530330047002.0
b2b-47536,28800,530530713052,43200,-122.3692046376247,47.15592767832702,530530713052.0
b2b-42494,36600,530610535061,43200,-121.90505639582553,48.26054804302581,530579512001.0
b2b-3897,9000,530330323203,43200,-122.15146077113218,47.74987135631663,530330323203.0
b2b-19852,25200,530530726032,43200,-122.77381803555257,47.184454997543526,530670110001.0
b2b-58998,16200,530530717043,43200,-122.463684236695,47.16438924360956,530530717043.0
b2b-54555,30600,530330284024,43200,-122.29771243052475,47.44348659314748,530330284024.0
b2b-59512,25200,530350905013,43200,-122.64543797187424,47.73618003803176,530350905013.0
b2b-16124,17400,530330109001,43200,-122.30471374153352,47.53323210364925,530330109001.0
b2b-30498,21600,530530730061,43200,-122.3464165120801,46.92550674265296,530150003001.0
b2b-14224,38400,530330226051,43200,-122.16062852383118,47.7111867382145,530330226051.0
b2b-39917,40200,530530732003,43200,-122.24070890083723,46.779553754471394,410050215002.0
b2b-29900,30600,530530732003,43200,-122.24070890083723,46.779553754471394,410510043001.0
b2b-50556,19200,530530729061,43200,-122.55058881309056,47.05402215230165,530670126102.0
b2b-29807,35400,530530732003,43200,-122.24070890083723,46.779553754471394,410510072021.0
b2b-21325,29400,530330277015,43200,-122.4719375324635,47.44384586741931,530330277015.0
b2b-51121,20400,530530732003,43200,-122.24070890083723,46.779553754471394,410470025021.0
b2b-31393,37800,530330315021,43200,-121.35038596453016,47.15689119363349,20033.0
b2b-53394,46800,530530626001,43200,-122.48142674423129,47.22315676250872,530530626001.0
b2b-59449,27600,530350901013,43200,-122.57458089458235,47.80213727848843,530350901013.0
b2b-37022,21600,530610537001,43200,-121.19835975276254,48.11551522486367,530630114003.0
b2b-25905,41400,530330099004,43200,-122.3525522092276,47.56898547069012,530330099004.0
b2b-25577,34200,530330283003,43200,-122.25198503629612,47.42872998511336,530330283003.0
b2b-28719,36600,530530732003,43200,-122.24070890083723,46.779553754471394,410510073001.0
b2b-39477,30600,530610537001,43200,-121.19835975276254,48.11551522486367,530630122001.0
b2b-47658,34800,530530733013,43200,-122.23083304849064,47.22194523187283,530530733013.0
b2b-41398,37200,530530701001,43200,-121.54325521381088,47.1154042142104,20009.0
b2b-16583,25200,530330292061,43200,-122.23366763535932,47.42223396547347,530330292061.0
b2b-20661,31800,530610537001,43200,-121.19835975276254,48.11551522486367,530630123002.0
b2b-60483,7800,530610533021,43200,-122.23890985949284,48.26560079125508,530730102001.0
b2b-18314,30000,530330049002,43200,-122.35360413745484,47.651447581112365,530330049002.0
b2b-42041,31800,530530701001,43200,-121.54325521381088,47.1154042142104,20118.0
b2b-20894,33600,530330277011,43200,-122.46919920881908,47.48589782760224,530330277011.0
b2b-38575,30600,530610537001,43200,-121.19835975276254,48.11551522486367,20091.0
b2b-18853,40200,530330262001,43200,-122.25272276552256,47.45922241566244,530330262001.0
b2b-43456,19200,530330315021,43200,-121.35038596453016,47.15689119363349,530770018002.0
b2b-29322,31800,530530732003,43200,-122.24070890083723,46.779553754471394,410510043001.0
b2b-60446,39000,530610531021,43200,-122.18921914405846,48.15037009988364,530610531021.0
b2b-59860,31200,530350921003,43200,-122.7001833905502,47.5278669878146,530350921003.0
b2b-25365,19800,530330292061,43200,-122.24032850745012,47.4188307692889,530330292061.0
b2b-43999,22800,530330265002,43200,-122.3431011623761,47.51325975581829,530330265002.0
b2b-20915,34800,530330218022,43200,-122.1715547341834,47.75756221947343,530330218022.0
b2b-22467,28200,530330305011,43200,-122.22992751854756,47.34359358883764,530330305011.0
b2b-21101,33000,530330218021,43200,-122.18090523443222,47.770839567695184,530330218021.0
b2b-48998,27600,530530704012,43200,-122.23291806129303,47.14859435600086,530530704012.0
b2b-35821,30000,530530728001,43200,-122.6498514398432,47.10126306338846,530670122222.0
b2b-15078,24000,530330308011,43200,-122.23292383184943,47.30046158815259,530330308011.0
b2b-3248,22200,530350904001,43200,-122.68409132635504,47.71073707510873,530350904001.0
b2b-35448,7200,530330314004,43200,-121.99779172024172,47.20697561366894,530330314004.0
b2b-51365,31800,530530718071,43200,-122.49341371862204,47.173202238566496,530530718071.0
b2b-30783,40200,530330292061,43200,-122.24472160310586,47.43301366786744,530330292061.0
b2b-26848,25800,530330305011,43200,-122.22992751854756,47.34359358883764,530330305011.0
b2b-3537,23400,530530732003,43200,-122.24070890083723,46.779553754471394,410510073001.0
b2b-8805,27000,530530732004,43200,-122.24497881306635,46.91507326147312,20012.0
b2b-13946,42600,530330109001,43200,-122.3166606966175,47.53377723229583,530330109001.0
b2b-28736,41400,530330324011,43200,-121.98779991779364,47.73411298745755,530330324011.0
b2b-59269,28200,530350921003,43200,-122.69283711954428,47.526056186723046,530350921003.0
b2b-18167,36600,530610533014,43200,-122.36753432018811,48.24860364633015,530579519002.0
b2b-3991,34200,530610518022,43200,-122.27011890252282,47.84173431965467,530610518022.0
b2b-13179,18600,530330058014,43200,-122.37708242127223,47.65163243005478,530330058014.0
b2b-3914,26400,530610533012,43200,-122.34321888727558,48.25725074093006,530610533012.0
b2b-9570,36600,530610535091,43200,-122.14895994611668,48.15443864774837,530610535091.0
b2b-34751,30000,530330219054,43200,-122.17601104993004,47.734492466552766,530330219054.0
b2b-24357,35400,530330292061,43200,-122.24607585604808,47.4029295646408,530330292061.0
b2b-35854,48000,530530616011,43200,-122.43776300444318,47.255231485980175,530530616011.0
b2b-15123,34800,530330217005,43200,-122.24162164476208,47.757158940785736,530330217005.0
b2b-6085,39000,530610535091,43200,-122.14786381644784,48.17089409242527,530610535091.0
b2b-26962,24600,530530732004,43200,-122.24497881306635,46.91507326147312,20012.0
b2b-26067,27000,530330293052,43200,-122.19724469213678,47.41724973671112,530330293052.0
b2b-49955,0,530530718071,43200,-122.48907260111817,47.17391246519728,530530718071.0
b2b-60526,30000,530330263002,43200,-122.28554096203116,47.505380453279805,530330263002.0
b2b-42106,24000,530530703082,43200,-122.17919184133795,47.17894338638659,530530703082.0
b2b-57301,39000,530330288021,43200,-122.29328981639463,47.42979278644616,530330288021.0
b2b-51345,40200,530539400022,43200,-122.35799177341411,47.24698856781136,530539400022.0
b2b-34904,32400,530610535061,43200,-121.90505639582553,48.26054804302581,530579512001.0
b2b-56769,32400,530610537001,43200,-121.19835975276254,48.11551522486367,20041.0
b2b-15317,36600,530330237001,43200,-122.16601577736562,47.62560948248614,530330237001.0
b2b-350,37200,530610408002,43200,-122.20740921411743,47.97867025191261,530610408002.0
b2b-22051,31200,530530732003,43200,-122.24070890083723,46.779553754471394,410510072021.0
b2b-59694,25800,530530732003,43200,-122.24070890083723,46.779553754471394,410510043001.0
b2b-11568,43800,530330305011,43200,-122.2297357840513,47.34601224814244,530330305011.0
b2b-35263,26400,530610533014,43200,-122.36753432018811,48.24860364633015,530730001003.0
b2b-41805,23400,530330315021,43200,-121.35038596453016,47.15689119363349,530770016022.0
b2b-12634,34200,530330093003,43200,-122.33281364030076,47.56911123709892,530330093003.0
b2b-31665,45000,530530701001,43200,-121.54325521381088,47.1154042142104,20095.0
b2b-29515,36000,530530732004,43200,-122.24497881306635,46.91507326147312,20013.0
b2b-59636,25800,530350921003,43200,-122.69484002351489,47.52681049400641,530350921003.0
b2b-40035,40200,530530732004,43200,-122.24497881306635,46.91507326147312,20012.0
b2b-5719,56400,530610512001,43200,-122.30218271093447,47.80699323740542,530610512001.0
b2b-47235,30000,530530729061,43200,-122.55058881309056,47.05402215230165,530419708004.0
b2b-33891,34800,530530701001,43200,-121.54325521381088,47.1154042142104,20009.0
b2b-7308,37800,530530732003,43200,-122.24070890083723,46.779553754471394,410470025021.0
b2b-1710,27000,530610510001,43200,-122.31799206661609,47.80585285327534,530610510001.0
b2b-40098,31800,530530732004,43200,-122.24497881306635,46.91507326147312,20012.0
b2b-31103,43800,530530701001,43200,-121.54325521381088,47.1154042142104,20071.0
b2b-18660,42600,530330075004,43200,-122.31399062841052,47.614123660490485,530330075004.0
b2b-47654,34800,530530733013,43200,-122.23083304849064,47.22194523187283,530530733013.0
b2b-14352,33000,530530726032,43200,-122.77381803555257,47.184454997543526,530670105101.0
b2b-53094,35400,530610537001,43200,-121.19835975276254,48.11551522486367,20061.0
b2b-11897,26400,530610537001,43200,-121.19835975276254,48.11551522486367,20086.0
b2b-60055,25800,530330323133,43200,-122.09222903536138,47.67401505719557,530330323133.0
b2b-45595,39000,530330268013,43200,-122.3538770858992,47.50984844335442,530330268013.0
b2b-25942,28200,530330292061,43200,-122.24472160310586,47.43301366786744,530330292061.0
b2b-4522,34200,530330072001,43200,-122.34222290120908,47.62143786859168,530330072001.0
b2b-20156,24600,530530726032,43200,-122.77381803555257,47.184454997543526,530670110001.0
b2b-36586,32400,530530732003,43200,-122.24070890083723,46.779553754471394,410510072021.0
b2b-55975,37200,530330108001,43200,-122.34459343374864,47.55451811993336,530330108001.0
b2b-13854,30000,530330218021,43200,-122.18474513918032,47.77203185836266,530330218021.0
b2b-8211,28200,530610515002,43200,-122.31703503276825,47.82034412550497,530610515002.0
b2b-19300,33000,530330303132,43200,-122.31198354986036,47.29504482098594,530330303132.0
b2b-7220,22200,530530718071,43200,-122.4900747858049,47.17243924661469,530530718071.0
b2b-57609,25200,530330284024,43200,-122.29828123802866,47.44416305383533,530330284024.0
b2b-15047,19800,530330058014,43200,-122.38726887256288,47.66241384677788,530330058014.0
b2b-28760,33000,530330292061,43200,-122.24472160310586,47.43301366786744,530330292061.0
b2b-18859,35400,530330080013,43200,-122.35203811652492,47.614856194270686,530330080013.0
b2b-945,31800,530610524014,43200,-122.10228964826,47.92912512045848,530610524014.0
b2b-57701,25200,530330292061,43200,-122.2459874160508,47.40622966331869,530330292061.0
b2b-28522,35400,530530732003,43200,-122.24070890083723,46.779553754471394,410430306003.0
b2b-10681,25800,530610533014,43200,-122.36753432018811,48.24860364633015,530579521003.0
b2b-23896,37800,530330292061,43200,-122.2446052666474,47.39664040457194,530330292061.0
b2b-28161,37200,530530718071,43200,-122.4885730312002,47.17231846271745,530530718071.0
b2b-53189,28800,530539400022,43200,-122.38766758090154,47.23993171883115,530539400022.0
b2b-60205,28800,530330059001,43200,-122.36618765981758,47.65458277812374,530330059001.0
b2b-35789,37800,530350920001,43200,-122.91991165827092,47.56116684098547,530270012003.0
b2b-37421,39600,530610533014,43200,-122.36753432018811,48.24860364633015,530579521003.0
b2b-13972,38400,530330323133,43200,-122.0953085966017,47.67324070348591,530330323133.0
b2b-59744,22200,530350921003,43200,-122.6925569929007,47.52674993555228,530350921003.0
b2b-9153,39600,530530732004,43200,-122.24497881306635,46.91507326147312,20012.0
b2b-25303,32400,530330292061,43200,-122.24754827236004,47.42974320568393,530330292061.0
b2b-27225,21600,530330308013,43200,-122.22650221195384,47.27844420070505,530330308013.0
b2b-42269,24000,530350811002,43200,-122.6530939681399,47.565540153997645,530350811002.0
b2b-5419,27000,530330324011,43200,-121.9859743123173,47.740524052255765,530330324011.0
b2b-37850,31200,530610533014,43200,-122.36753432018811,48.24860364633015,530579519002.0
b2b-14225,38400,530330226051,43200,-122.16062852383118,47.7111867382145,530330226051.0
b2b-21550,27000,530530726032,43200,-122.77381803555257,47.184454997543526,530670110001.0
b2b-14816,22800,530330303132,43200,-122.32344271165232,47.30086683864125,530330303132.0
b2b-18228,55200,530530728001,43200,-122.6498514398432,47.10126306338846,530670122222.0
b2b-57816,33600,530330305011,43200,-122.2299513347179,47.3425185370797,530330305011.0
b2b-31699,26400,530530701001,43200,-121.54325521381088,47.1154042142104,20095.0
b2b-4259,24000,530610413042,43200,-122.24520847642002,47.92654436050197,530610413042.0
b2b-16456,34200,530330218021,43200,-122.18031809989122,47.77086411111497,530330218021.0
b2b-44665,19800,530330292061,43200,-122.24714566153456,47.42946269080292,530330292061.0
b2b-58146,34200,530530712101,43200,-122.24568972594643,47.18349435691661,530530712101.0
b2b-32402,28800,530330256011,43200,-122.15802592410718,47.48858621322487,530330256011.0
b2b-52662,24000,530530732003,43200,-122.24070890083723,46.779553754471394,410510102001.0
b2b-48160,36000,530530602001,43200,-122.40208527219065,47.26853896650525,530530602001.0
b2b-38216,24600,530530701001,43200,-121.54325521381088,47.1154042142104,20071.0
b2b-4555,30000,530530701001,43200,-121.54325521381088,47.1154042142104,20095.0
b2b-22868,40200,530539400022,43200,-122.40021822743282,47.25332028353289,530539400022.0
b2b-20268,25200,530330109002,43200,-122.32270653821952,47.549993711259965,530330109002.0
b2b-21026,20400,530330234032,43200,-122.12737686796048,47.580390490630826,530330234032.0
b2b-36082,27000,530330284024,43200,-122.29787386756448,47.4440537819004,530330284024.0
b2b-35165,24000,530610512001,43200,-122.30212126736846,47.80335907496872,530610512001.0
b2b-11970,38400,530610537001,43200,-121.19835975276254,48.11551522486367,20086.0
b2b-17051,48000,530330099004,43200,-122.36627315106252,47.57021615848374,530330099004.0
b2b-56182,18000,530539400101,43200,-122.30406529956942,47.20611695562632,530539400101.0
b2b-32965,34800,530530732004,43200,-122.24497881306635,46.91507326147312,20010.0
b2b-52249,15600,530610535091,43200,-122.14786381644784,48.17089409242527,530610535091.0
b2b-24789,21000,530330319031,43200,-122.12224559106944,47.48766486964959,530330319031.0
b2b-5338,14400,530330093002,43200,-122.33239672143424,47.58809148769889,530330093002.0
b2b-28664,26400,530530732003,43200,-122.24070890083723,46.779553754471394,410510072021.0
b2b-56264,33600,530330320111,43200,-122.0228827412936,47.36910189719495,530330320111.0
b2b-17369,21000,530530732003,43200,-122.24070890083723,46.779553754471394,410050244001.0
b2b-24507,29400,530330237001,43200,-122.1698806056832,47.62581212961685,530330237001.0
b2b-58736,52800,530539400101,43200,-122.307002080144,47.215555299859936,530539400101.0
b2b-42749,31800,530530701001,43200,-121.54325521381088,47.1154042142104,20095.0
b2b-38210,30600,530530701001,43200,-121.54325521381088,47.1154042142104,20071.0
b2b-49262,17400,530530725054,43200,-122.58118820730093,47.37032249706058,530530725054.0
b2b-43542,22200,530330264004,43200,-122.32433741250404,47.51634978262113,530330264004.0
b2b-49600,34800,530330284024,43200,-122.29785702640062,47.44428124887584,530330284024.0
b2b-36693,21600,530330093002,43200,-122.33962914107708,47.59056118743874,530330093002.0
b2b-46250,41400,530610419032,43200,-122.26846670034529,47.91993930152732,530610419032.0
b2b-47706,21600,530530732003,43200,-122.24070890083723,46.779553754471394,410510011021.0
b2b-58905,39000,530330099004,43200,-122.34605635726594,47.57283355443071,530330099004.0
b2b-54907,21000,530539400022,43200,-122.35897274041128,47.25278630859665,530539400022.0
b2b-15261,58200,530330327043,43200,-121.79546740160409,47.50600655824061,530330327043.0
b2b-60157,28800,530330108001,43200,-122.34459343374864,47.55451811993336,530330108001.0
b2b-25521,22800,530330292061,43200,-122.22834520138616,47.42187038261192,530330292061.0
b2b-39894,53400,530530701001,43200,-121.54325521381088,47.1154042142104,20118.0
b2b-59478,23400,530350912011,43200,-122.69400596857416,47.647381465491925,530350912011.0
b2b-42209,30000,530330315021,43200,-121.35038596453016,47.15689119363349,530770017021.0
b2b-41595,37800,530330315021,43200,-121.35038596453016,47.15689119363349,530770017021.0
b2b-28045,30600,530530718071,43200,-122.50070941901063,47.17073053792024,530530718071.0
b2b-46938,30000,530610418052,43200,-122.2194528515834,47.91151920103773,530610418052.0
b2b-7624,26400,530530701001,43200,-121.54325521381088,47.1154042142104,20118.0
b2b-29006,35400,530530732003,43200,-122.24070890083723,46.779553754471394,410510072021.0
b2b-49582,32400,530330283003,43200,-122.25425211029246,47.436915930639486,530330283003.0
b2b-58797,39600,530330292061,43200,-122.2235835356382,47.41965485155595,530330292061.0
b2b-47764,22800,530530602001,43200,-122.42486602003756,47.26002688983444,530530602001.0
b2b-12828,48000,530330305011,43200,-122.23365186191168,47.31231621291003,530330305011.0
b2b-43020,28200,530330315021,43200,-121.35038596453016,47.15689119363349,530770016022.0
b2b-16220,25800,530330093003,43200,-122.32398058435588,47.57145252970741,530330093003.0
b2b-11322,23400,530610533014,43200,-122.36753432018811,48.24860364633015,530579519002.0
b2b-44049,19200,530330315021,43200,-121.35038596453016,47.15689119363349,530770003001.0
b2b-32888,34200,530330237001,43200,-122.1698806056832,47.62581212961685,530330237001.0
b2b-12961,42000,530530726032,43200,-122.77381803555257,47.184454997543526,530670105101.0
b2b-34519,18000,530530732004,43200,-122.24497881306635,46.91507326147312,20012.0
b2b-50366,7800,530539400022,43200,-122.40021822743282,47.25332028353289,530539400022.0
b2b-18173,20400,530330093003,43200,-122.32760282444973,47.5859072327718,530330093003.0
b2b-44019,2400,530330117002,43200,-122.2821017059365,47.51224023583871,530330117002.0
b2b-59393,18600,530350929023,43200,-122.62929522198536,47.44444819004698,530350929023.0
b2b-16402,26400,530330012005,43200,-122.3312470787476,47.70482353272101,530330012005.0
b2b-13399,27000,530330292061,43200,-122.23388246150634,47.4201940244546,530330292061.0
b2b-4814,28800,530610413042,43200,-122.25255143142964,47.9246191361956,530610413042.0
b2b-32144,26400,530610537001,43200,-121.19835975276254,48.11551522486367,20041.0
b2b-44721,24600,530330297004,43200,-122.22825320352602,47.36711067267907,530330297004.0
b2b-48758,30000,530530714062,43200,-122.3717047776501,47.06943291488015,530530714062.0
b2b-35736,600,530330292061,43200,-122.22834520138616,47.42187038261192,530330292061.0
b2b-15530,22800,530330292061,43200,-122.2513673294172,47.4059887898326,530330292061.0
b2b-45441,18600,530330320111,43200,-122.0228827412936,47.36910189719495,530330320111.0
b2b-37391,27600,530330328003,43200,-121.0994620763074,47.70432736556717,20043.0
b2b-37102,45600,530530732003,43200,-122.24070890083723,46.779553754471394,410510073001.0
b2b-51895,24000,530330292061,43200,-122.22513682781825,47.431742240111376,530330292061.0
b2b-15492,33000,530530726032,43200,-122.77381803555257,47.184454997543526,530670101001.0
b2b-27836,14400,530530726032,43200,-122.77381803555257,47.184454997543526,530670101001.0
b2b-15374,18600,530330047001,43200,-122.3660861659302,47.66880611169359,530330047001.0
b2b-11484,27000,530610533021,43200,-122.23890985949284,48.26560079125508,530730102001.0
b2b-61015,37200,530330292061,43200,-122.24032850745012,47.4188307692889,530330292061.0
b2b-2851,31200,530610522041,43200,-122.00467004353038,47.86489108060735,530610522041.0
b2b-52825,31200,530530732003,43200,-122.24070890083723,46.779553754471394,410510090003.0
b2b-35096,34200,530330283003,43200,-122.25198503629612,47.42872998511336,530330283003.0
b2b-32887,22200,530610537001,43200,-121.19835975276254,48.11551522486367,530630114003.0
b2b-9713,33000,530530701001,43200,-121.54325521381088,47.1154042142104,20009.0
b2b-36501,26400,530330292061,43200,-122.2459874160508,47.40622966331869,530330292061.0
b2b-23122,8400,530330292061,43200,-122.23621008586612,47.40667844907961,530330292061.0
b2b-23011,47400,530330305011,43200,-122.23838096571566,47.30548509830312,530330305011.0
b2b-56382,29400,530610537001,43200,-121.19835975276254,48.11551522486367,20034.0
b2b-18884,9000,530330305011,43200,-122.22806792521456,47.32322403487712,530330305011.0
b2b-42744,47400,530530732003,43200,-122.24070890083723,46.779553754471394,410510073001.0
b2b-41139,22200,530530701001,43200,-121.54325521381088,47.1154042142104,20118.0
b2b-60320,15600,530610537001,43200,-121.19835975276254,48.11551522486367,530630145002.0
b2b-54631,20400,530539400101,43200,-122.31636548869008,47.21201426449799,530539400101.0
b2b-18867,19800,530330292061,43200,-122.2279610300527,47.434362480807856,530330292061.0
b2b-54193,34200,530330292061,43200,-122.24472160310586,47.43301366786744,530330292061.0
b2b-36836,22200,530530701001,43200,-121.54325521381088,47.1154042142104,20118.0
b2b-59392,28800,530530728001,43200,-122.6498514398432,47.10126306338846,530670107002.0
b2b-27506,35400,530539400101,43200,-122.30933301135236,47.20709860565505,530539400101.0
b2b-30177,24600,530330093003,43200,-122.32188819861676,47.58151351512986,530330093003.0
b2b-29782,15600,530330292061,43200,-122.22513682781825,47.431742240111376,530330292061.0
b2b-41578,28800,530330315021,43200,-121.35038596453016,47.15689119363349,530770014001.0
b2b-46897,19200,530330303092,43200,-122.32906241861268,47.29861314313712,530330303092.0
b2b-52501,38400,530539400101,43200,-122.30602775449944,47.20510401307725,530539400101.0
b2b-28773,34200,530530732003,43200,-122.24070890083723,46.779553754471394,530110426003.0
b2b-7694,29400,530330093003,43200,-122.34231103586774,47.56814278686263,530330093003.0
b2b-5552,27600,530330112001,43200,-122.33227885206496,47.53199660801611,530330112001.0
b2b-59005,28800,530330303092,43200,-122.32906241861268,47.29861314313712,530330303092.0
b2b-25948,25800,530610413042,43200,-122.25208503289907,47.92635492941787,530610413042.0
b2b-44263,31800,530610515002,43200,-122.31703503276825,47.82034412550497,530610515002.0
b2b-58752,35400,530530714062,43200,-122.37162520176189,47.06947770275377,530530714062.0
b2b-1264,28800,530530732003,43200,-122.24070890083723,46.779553754471394,530110409102.0
b2b-45194,55800,530610537001,43200,-121.19835975276254,48.11551522486367,20126.0
b2b-56458,25800,530530732003,43200,-122.24070890083723,46.779553754471394,410510072021.0
b2b-6415,25800,530530732003,43200,-122.24070890083723,46.779553754471394,410050227071.0
b2b-34350,35400,530610537001,43200,-121.19835975276254,48.11551522486367,20034.0
b2b-53919,25800,530330292061,43200,-122.22662093183628,47.42704538062167,530330292061.0
b2b-23757,25200,530330292061,43200,-122.24236772504756,47.413707726873845,530330292061.0
b2b-13121,16200,530330058014,43200,-122.37708242127223,47.65163243005478,530330058014.0
b2b-4915,25200,530330323133,43200,-122.09222903536138,47.67401505719557,530330323133.0
b2b-9410,33600,530610533012,43200,-122.33329845364509,48.26704965475196,530610533012.0
b2b-50479,27000,530530701001,43200,-121.54325521381088,47.1154042142104,20095.0
b2b-8367,34200,530330113001,43200,-122.33851664086092,47.534074134825126,530330113001.0
b2b-8407,39000,530330237001,43200,-122.1698806056832,47.62581212961685,530330237001.0
b2b-19654,35400,530330323132,43200,-122.08187738179728,47.68520841231727,530330323132.0
b2b-4986,36600,530330323133,43200,-122.09222903536138,47.67401505719557,530330323133.0
b2b-21741,29400,530330292061,43200,-122.2424215472262,47.41833842901713,530330292061.0
b2b-46782,22200,530350928011,43200,-122.6333933914643,47.502579376907455,530350928011.0
b2b-9100,28200,530530732004,43200,-122.24497881306635,46.91507326147312,20012.0
b2b-32376,46200,530330315021,43200,-121.35038596453016,47.15689119363349,20063.0
b2b-1114,31200,530530732003,43200,-122.24070890083723,46.779553754471394,410050232011.0
b2b-22663,29400,530530729061,43200,-122.55058881309056,47.05402215230165,530670126102.0
b2b-25171,24600,530330292061,43200,-122.23347195032264,47.42222558680258,530330292061.0
b2b-41067,41400,530530701001,43200,-121.54325521381088,47.1154042142104,20071.0
b2b-56802,30600,530610533014,43200,-122.36753432018811,48.24860364633015,530730011002.0
b2b-46146,35400,530330262001,43200,-122.25182903848628,47.4499494814938,530330262001.0
b2b-44341,27600,530330292061,43200,-122.26150577104556,47.39879885031482,530330292061.0
b2b-55404,18000,530330262001,43200,-122.23208131574492,47.470716932547,530330262001.0
b2b-37365,21000,530530701001,43200,-121.54325521381088,47.1154042142104,20118.0
b2b-32338,29400,530330288021,43200,-122.29341449659536,47.42707687736177,530330288021.0
b2b-37599,28800,530530732004,43200,-122.24497881306635,46.91507326147312,20014.0
b2b-13125,16200,530330058014,43200,-122.37708242127223,47.65163243005478,530330058014.0
b2b-24647,34200,530539400022,43200,-122.39688590845752,47.24395008519793,530539400022.0
b2b-57163,37200,530330305011,43200,-122.23149321430662,47.342445588493526,530330305011.0
b2b-52350,43200,530530701001,43200,-121.54325521381088,47.1154042142104,20095.0
b2b-12546,29400,530330225003,43200,-122.19172647902496,47.67442435663221,530330225003.0
b2b-35591,31200,530610533014,43200,-122.36753432018811,48.24860364633015,530730104012.0
b2b-48645,36000,530530729061,43200,-122.55058881309056,47.05402215230165,530670127203.0
b2b-51341,40200,530539400022,43200,-122.35799177341411,47.24698856781136,530539400022.0
b2b-15773,7800,530530732003,43200,-122.24070890083723,46.779553754471394,410050210002.0
b2b-20883,29400,530330234012,43200,-122.16024409703998,47.58594286935954,530330234012.0
b2b-18639,55800,530330093003,43200,-122.32185250486653,47.5653704262534,530330093003.0
b2b-32423,25800,530530730061,43200,-122.3464165120801,46.92550674265296,410030102003.0
b2b-1525,23400,530530732003,43200,-122.24070890083723,46.779553754471394,410050229011.0
b2b-13346,31800,530330109002,43200,-122.31905182355702,47.549078342413445,530330109002.0
b2b-27967,22200,530539400022,43200,-122.39688590845752,47.24395008519793,530539400022.0
b2b-17010,22200,530330006001,43200,-122.33979887050845,47.72268262204445,530330006001.0
b2b-22542,18000,530610533014,43200,-122.36753432018811,48.24860364633015,530579519002.0
b2b-12090,39000,530610533014,43200,-122.36753432018811,48.24860364633015,530730103011.0
b2b-57165,10800,530539400022,43200,-122.39688590845752,47.24395008519793,530539400022.0
b2b-34259,23400,530530701001,43200,-121.54325521381088,47.1154042142104,20009.0
b2b-53839,46200,530330288021,43200,-122.2949901487245,47.42746662817579,530330288021.0
b2b-15822,28800,530330253021,43200,-122.20943621725256,47.49755478499939,530330253021.0
b2b-46434,36600,530530732003,43200,-122.24070890083723,46.779553754471394,410510073001.0
b2b-34927,37800,530330305011,43200,-122.2295983208466,47.33291579842153,530330305011.0
b2b-53577,51000,530610534001,43200,-122.1788962996328,48.270180743276,530730101005.0
b2b-22657,26400,530530726032,43200,-122.77381803555257,47.184454997543526,530670119002.0
b2b-36915,35400,530330305011,43200,-122.2301885115014,47.341834787649255,530330305011.0
b2b-32779,33600,530530732003,43200,-122.24070890083723,46.779553754471394,410670326081.0
b2b-57392,39600,530530619001,43200,-122.43321543307404,47.23037081097709,530530619001.0
b2b-48709,34200,530530714062,43200,-122.39193694817328,47.07397456485872,530530714062.0
b2b-1034,34200,530610533011,43200,-122.37175814469856,48.24101885283303,530610533011.0
b2b-1534,35400,530610419011,43200,-122.26783267375556,47.90044580396943,530610419011.0
b2b-21177,47400,530330058014,43200,-122.38819803088144,47.66080634421401,530330058014.0
b2b-10415,38400,530330292061,43200,-122.24241295312764,47.43136438138057,530330292061.0
b2b-54398,27000,530330305011,43200,-122.230664536079,47.34078822683098,530330305011.0
b2b-18511,28800,530610533014,43200,-122.36753432018811,48.24860364633015,530299705003.0
b2b-54156,28200,530530732003,43200,-122.24070890083723,46.779553754471394,410470102021.0
b2b-13311,28800,530330226051,43200,-122.1572495821512,47.70874201576565,530330226051.0
b2b-33180,24000,530530732004,43200,-122.24497881306635,46.91507326147312,20012.0
b2b-51408,57000,530330305011,43200,-122.23040584578192,47.33728071859071,530330305011.0
b2b-20573,27600,530330090001,43200,-122.30478342427875,47.599202244298034,530330090001.0
b2b-7375,15000,530530701001,43200,-121.54325521381088,47.1154042142104,20095.0
b2b-31968,33000,530530732003,43200,-122.24070890083723,46.779553754471394,530110410052.0
b2b-28924,24600,530530732003,43200,-122.24070890083723,46.779553754471394,530110403023.0
b2b-7212,27000,530539400101,43200,-122.30933301135236,47.20709860565505,530539400101.0
b2b-10522,34200,530330292061,43200,-122.24472160310586,47.43301366786744,530330292061.0
b2b-35431,45600,530610533021,43200,-122.23890985949284,48.26560079125508,530730102001.0
b2b-3261,24600,530610526072,43200,-122.06169474436746,47.969228861770034,530610526072.0
b2b-31739,29400,530530701001,43200,-121.54325521381088,47.1154042142104,20095.0
b2b-11244,25200,530610528031,43200,-122.17839672415413,48.15182822610645,530610528031.0
b2b-20233,31200,530610533014,43200,-122.36753432018811,48.24860364633015,530579408001.0
b2b-2889,33000,530610535091,43200,-122.14806955460804,48.17086268059573,530610535091.0
b2b-44455,36600,530330309011,43200,-122.24715758108596,47.2887945651065,530330309011.0
b2b-52962,30600,530330292061,43200,-122.22616838953864,47.40963288014064,530330292061.0
b2b-6367,30000,530610531021,43200,-122.18921914405846,48.15037009988364,530610531021.0
b2b-32666,28200,530530729061,43200,-122.55058881309056,47.05402215230165,530670126101.0
b2b-45281,38400,530530732003,43200,-122.24070890083723,46.779553754471394,410510004022.0
b2b-24914,29400,530330292061,43200,-122.23347195032264,47.42222558680258,530330292061.0
b2b-5002,39600,530350909002,43200,-122.51587537591683,47.63223807359521,530350909002.0
b2b-59537,47400,530350811001,43200,-122.65167307586096,47.56864778443208,530350811001.0
b2b-2529,41400,530610537001,43200,-121.59665949576642,48.2680487361357,530610537001.0
b2b-26420,32400,530330305011,43200,-122.23814188906644,47.30749356440818,530330305011.0
b2b-3741,21600,530610533014,43200,-122.36753432018811,48.24860364633015,530579519002.0
b2b-54865,30000,530530701001,43200,-121.54325521381088,47.1154042142104,20009.0
b2b-20970,29400,530330019002,43200,-122.31749850278108,47.69879491831389,530330019002.0
b2b-40283,32400,530330315021,43200,-121.35038596453016,47.15689119363349,530770016022.0
b2b-49675,21000,530530729061,43200,-122.55058881309056,47.05402215230165,530419714002.0
b2b-23202,30600,530330284032,43200,-122.2935807404904,47.4454336178572,530330284032.0
b2b-41389,28200,530530732003,43200,-122.24070890083723,46.779553754471394,410510072021.0
b2b-10860,30000,530530732004,43200,-122.24497881306635,46.91507326147312,20012.0
b2b-1354,18600,530610521042,43200,-122.16988961885596,48.00331281796283,530299720002.0
b2b-56146,38400,530530717043,43200,-122.463684236695,47.16438924360956,530530717043.0
b2b-45452,28200,530539400022,43200,-122.35897274041128,47.25278630859665,530539400022.0
b2b-16342,46200,530330283003,43200,-122.2567338897033,47.43868001733843,530330283003.0
b2b-34281,35400,530610537001,43200,-121.19835975276254,48.11551522486367,20034.0
b2b-25101,41400,530330264005,43200,-122.32796798630088,47.51839430843621,530330264005.0
b2b-48963,32400,530530733013,43200,-122.23839477787044,47.227364992731154,530530733013.0
b2b-58540,38400,530330292061,43200,-122.25322050856488,47.41586647958096,530330292061.0
b2b-27616,24000,530530732003,43200,-122.24070890083723,46.779553754471394,410470025021.0
b2b-42408,31800,530530732004,43200,-122.24497881306635,46.91507326147312,20012.0
b2b-18648,36600,530330075004,43200,-122.31399062841052,47.614123660490485,530330075004.0
b2b-19265,23400,530330058014,43200,-122.38982063711448,47.66123445230457,530330058014.0
b2b-1258,22800,530610413042,43200,-122.26889143038134,47.94291398934444,530610413042.0
b2b-5111,28800,530330093002,43200,-122.33239672143424,47.58809148769889,530330093002.0
b2b-50055,36000,530330303132,43200,-122.30590062664312,47.29634204750628,530330303132.0
b2b-14786,17400,530330323193,43200,-122.14777319815856,47.76559942664659,530330323193.0
b2b-851,16800,530610528032,43200,-122.18217546142309,48.124280831245095,530610528032.0
b2b-58407,13800,530530712071,43200,-122.27350799449025,47.158074448936254,530530712071.0
b2b-59247,43200,530350902011,43200,-122.65239623626218,47.79922902846672,530350902011.0
b2b-40441,31800,530530732003,43200,-122.24070890083723,46.779553754471394,410510072021.0
b2b-26756,34200,530330263002,43200,-122.28554096203116,47.505380453279805,530330263002.0
b2b-45965,22200,530330303042,43200,-122.31809347531784,47.28733597405976,530330303042.0
b2b-58900,27600,530530716022,43200,-122.40284120448608,47.16878587861622,530530716022.0
b2b-35435,24000,530330315021,43200,-121.35038596453016,47.15689119363349,530770034001.0
b2b-53344,53400,530539400022,43200,-122.3623989794619,47.24303041243632,530539400022.0
b2b-12645,34200,530330093003,43200,-122.33281364030076,47.56911123709892,530330093003.0
b2b-57016,30000,530330297003,43200,-122.24190250388,47.37603396963576,530330297003.0
b2b-37814,32400,530330328003,43200,-121.0994620763074,47.70432736556717,530079611003.0
b2b-6398,29400,530530732003,43200,-122.24070890083723,46.779553754471394,530110410052.0
b2b-13845,30000,530330218021,43200,-122.18474513918032,47.77203185836266,530330218021.0
b2b-35670,40800,530350920001,43200,-122.91991165827092,47.56116684098547,530270013002.0
b2b-9172,21000,530530732004,43200,-122.24497881306635,46.91507326147312,20012.0
b2b-31060,34200,530330292061,43200,-122.24754827236004,47.42974320568393,530330292061.0
b2b-45639,38400,530610535052,43200,-122.05686641833832,48.10838425997091,530610535052.0
b2b-51242,18000,530330305011,43200,-122.22992751854756,47.34359358883764,530330305011.0
b2b-51846,22200,530330264005,43200,-122.32796798630088,47.51839430843621,530330264005.0
b2b-21924,30600,530530732003,43200,-122.24070890083723,46.779553754471394,530110410052.0
b2b-5028,28200,530330059001,43200,-122.36618765981758,47.65458277812374,530330059001.0
b2b-27542,38400,530330303132,43200,-122.31058561825375,47.29637046051421,530330303132.0
b2b-19561,35400,530330326021,43200,-121.83843313117708,47.53456429949858,530330326021.0
b2b-9818,30000,530530701001,43200,-121.54325521381088,47.1154042142104,20071.0
b2b-44780,32400,530330309011,43200,-122.24715758108596,47.2887945651065,530330309011.0
b2b-8044,31800,530330264004,43200,-122.32759908638668,47.51658964030787,530330264004.0
b2b-19807,23400,530530729061,43200,-122.55058881309056,47.05402215230165,530419711001.0
b2b-34952,31800,530610413042,43200,-122.25186757267176,47.928061042685954,530610413042.0
b2b-9603,37200,530330320111,43200,-122.02526422994526,47.368468563369326,530330320111.0
b2b-4364,26400,530330093002,43200,-122.33239672143424,47.58809148769889,530330093002.0
b2b-8583,21600,530330219041,43200,-122.15836206250982,47.71408668302469,530330219041.0
b2b-59217,27600,530330264005,43200,-122.32669787804204,47.521410176411074,530330264005.0
b2b-44600,27600,530330292061,43200,-122.25039650088708,47.41086269860831,530330292061.0
b2b-5281,36000,530350918001,43200,-122.62781728669088,47.608233520262566,530350918001.0
b2b-25964,36600,530330093003,43200,-122.33781074015684,47.57150093310607,530330093003.0
b2b-49315,45000,530530602001,43200,-122.38596892123704,47.2712341855688,530530602001.0
b2b-7802,28200,530610533014,43200,-122.36753432018811,48.24860364633015,530579519002.0
b2b-52949,9000,530530626001,43200,-122.48290357322738,47.21925320624676,530530626001.0
b2b-37055,48000,530610535061,43200,-121.90505639582553,48.26054804302581,530579512001.0
b2b-35430,42600,530610533014,43200,-122.36753432018811,48.24860364633015,530730002001.0
b2b-30518,27600,530530732003,43200,-122.24070890083723,46.779553754471394,530150015024.0
b2b-57354,41400,530330304011,43200,-122.28987905705308,47.2986216671645,530330304011.0
b2b-52739,29400,530530626002,43200,-122.4752737014249,47.2220377125313,530530626002.0
b2b-50696,30600,530530728001,43200,-122.6498514398432,47.10126306338846,530670122222.0
b2b-29276,24000,530530732003,43200,-122.24070890083723,46.779553754471394,410670320011.0
b2b-35702,27600,530330305011,43200,-122.2297357840513,47.34601224814244,530330305011.0
b2b-50881,39000,530530713063,43200,-122.40912076645178,47.13922727313516,530530713063.0
b2b-31514,24600,530530701001,43200,-121.54325521381088,47.1154042142104,20095.0
b2b-20365,46200,530530729061,43200,-122.55058881309056,47.05402215230165,530670123201.0
b2b-1573,33000,530619400013,43200,-122.1904456175628,48.05215092469976,530619400013.0
b2b-6042,24600,530330284024,43200,-122.29258998292704,47.458908818853615,530330284024.0
b2b-59442,27600,530350901013,43200,-122.57458089458235,47.80213727848843,530350901013.0
b2b-60762,33000,530530732004,43200,-122.24497881306635,46.91507326147312,20012.0
b2b-37630,21000,530610537001,43200,-121.19835975276254,48.11551522486367,20067.0
b2b-29899,25200,530530732003,43200,-122.24070890083723,46.779553754471394,410510073001.0
b2b-31814,25800,530530701001,43200,-121.54325521381088,47.1154042142104,20095.0
b2b-49957,28200,530330292061,43200,-122.25322050856488,47.41586647958096,530330292061.0
b2b-57675,25200,530330292061,43200,-122.2459874160508,47.40622966331869,530330292061.0
b2b-31006,25200,530610533014,43200,-122.36753432018811,48.24860364633015,530730004003.0
b2b-25092,28200,530330292061,43200,-122.24607585604808,47.4029295646408,530330292061.0
b2b-25140,34800,530330093002,43200,-122.33239672143424,47.58809148769889,530330093002.0
b2b-15203,36000,530530732003,43200,-122.24070890083723,46.779553754471394,530110410052.0
b2b-47985,26400,530530626001,43200,-122.4485368785706,47.233137079015954,530530626001.0
b2b-58397,19800,530350921002,43200,-122.74972125078992,47.500019217472826,530350921002.0
b2b-16146,22200,530330109001,43200,-122.30471374153352,47.53323210364925,530330109001.0
b2b-15489,34200,530330292061,43200,-122.22280963452884,47.40587549013297,530330292061.0
b2b-34284,35400,530610537001,43200,-121.19835975276254,48.11551522486367,20034.0
b2b-55257,19200,530610533014,43200,-122.36753432018811,48.24860364633015,530730002003.0
b2b-49875,20400,530530718071,43200,-122.50070941901063,47.17073053792024,530530718071.0
b2b-34338,35400,530610537001,43200,-121.19835975276254,48.11551522486367,20034.0
b2b-30762,22800,530330315021,43200,-121.35038596453016,47.15689119363349,20112.0
b2b-33056,1200,530530732004,43200,-122.24497881306635,46.91507326147312,20012.0
b2b-32481,37800,530330112001,43200,-122.33038076011847,47.5260682706754,530330112001.0
b2b-39126,36000,530330315021,43200,-121.35038596453016,47.15689119363349,20117.0
b2b-34752,30000,530330219054,43200,-122.17601104993004,47.734492466552766,530330219054.0
b2b-54443,42600,530530729061,43200,-122.55058881309056,47.05402215230165,530670126101.0
b2b-25463,19800,530330093003,43200,-122.34231103586774,47.56814278686263,530330093003.0
b2b-19013,30000,530610533014,43200,-122.36753432018811,48.24860364633015,530579407002.0
b2b-10762,19200,530530732003,43200,-122.24070890083723,46.779553754471394,530150015024.0
b2b-41607,19800,530330315021,43200,-121.35038596453016,47.15689119363349,530770017021.0
b2b-48476,41400,530610533014,43200,-122.36753432018811,48.24860364633015,530579501002.0
b2b-46838,28800,530330292061,43200,-122.24469821499332,47.4277624117426,530330292061.0
b2b-26459,25800,530330292061,43200,-122.2214180174674,47.40618539074897,530330292061.0
b2b-44311,43200,530330264005,43200,-122.32796798630088,47.51839430843621,530330264005.0
b2b-58205,1800,530330303132,43200,-122.32076478862938,47.29821635744365,530330303132.0
b2b-31409,37800,530330315021,43200,-121.35038596453016,47.15689119363349,20033.0
b2b-43647,32400,530539400022,43200,-122.40021822743282,47.25332028353289,530539400022.0
b2b-45493,26400,530330292061,43200,-122.24455182800467,47.42772324444794,530330292061.0
b2b-8081,39000,530610419011,43200,-122.28159722322312,47.88968479649922,530610419011.0
b2b-24222,17400,530330019002,43200,-122.31916215513463,47.69191161527458,530330019002.0
b2b-17772,39000,530330277015,43200,-122.46434117682576,47.43404401828406,530330277015.0
b2b-42867,7200,530539400101,43200,-122.30602775449944,47.20510401307725,530539400101.0
b2b-26924,33600,530330292061,43200,-122.24032850745012,47.4188307692889,530330292061.0
b2b-11203,33000,530530728001,43200,-122.6498514398432,47.10126306338846,530670122222.0
b2b-13029,39600,530330277015,43200,-122.46446926248564,47.43442414619594,530330277015.0
b2b-25023,24000,530330320111,43200,-122.02526422994526,47.368468563369326,530330320111.0
b2b-40095,35400,530530732004,43200,-122.24497881306635,46.91507326147312,20012.0
b2b-12077,42000,530610533021,43200,-122.23890985949284,48.26560079125508,530730102001.0
b2b-13253,40200,530330277015,43200,-122.46446926248564,47.43442414619594,530330277015.0
b2b-27709,42600,530330292061,43200,-122.24472160310586,47.43301366786744,530330292061.0
b2b-12467,27000,530330113001,43200,-122.33781593808465,47.53306360593715,530330113001.0
b2b-59202,15000,530330263002,43200,-122.29034760404986,47.50675431311565,530330263002.0
b2b-56046,18600,530330303093,43200,-122.33204354148197,47.30207581412593,530330303093.0
b2b-31322,37800,530330315021,43200,-121.35038596453016,47.15689119363349,20033.0
b2b-48544,35400,530530718071,43200,-122.50320762241908,47.1738657425425,530530718071.0
b2b-38635,31800,530330328003,43200,-121.0994620763074,47.70432736556717,20128.0
b2b-30002,33000,530330112001,43200,-122.33227885206496,47.53199660801611,530330112001.0
b2b-36373,17400,530530732003,43200,-122.24070890083723,46.779553754471394,410519800001.0
b2b-29302,39000,530530732003,43200,-122.24070890083723,46.779553754471394,530110412031.0
b2b-2339,41400,530530726032,43200,-122.77381803555257,47.184454997543526,530670110001.0
b2b-47930,24600,530530731082,43200,-122.34679264481338,47.08971777391572,530530731082.0
b2b-51499,29400,530330292061,43200,-122.25322050856488,47.41586647958096,530330292061.0
b2b-15114,34800,530330309011,43200,-122.24744602602044,47.28773472546105,530330309011.0
b2b-1671,34200,530610533011,43200,-122.33216353995827,48.23999241824277,530610533011.0
b2b-13588,30600,530530732003,43200,-122.24070890083723,46.779553754471394,410050235003.0
b2b-33822,33000,530530701001,43200,-121.54325521381088,47.1154042142104,20009.0
b2b-37045,27600,530610537001,43200,-121.19835975276254,48.11551522486367,530630136002.0
b2b-34066,33000,530530701001,43200,-121.54325521381088,47.1154042142104,20009.0
b2b-15324,36600,530330237001,43200,-122.16601577736562,47.62560948248614,530330237001.0
b2b-13996,38400,530330323133,43200,-122.0953085966017,47.67324070348591,530330323133.0
b2b-27954,36600,530530626001,43200,-122.48142674423129,47.22315676250872,530530626001.0
b2b-13474,24600,530530732003,43200,-122.24070890083723,46.779553754471394,530110406082.0
b2b-18507,28200,530610533014,43200,-122.36753432018811,48.24860364633015,530299710002.0
b2b-57403,21000,530330292061,43200,-122.22662093183628,47.42704538062167,530330292061.0
b2b-47018,48600,530330292061,43200,-122.24469821499332,47.4277624117426,530330292061.0
b2b-46167,33000,530530711001,43200,-122.37673650716904,47.17368705108471,530530711001.0
b2b-52221,28200,530530626002,43200,-122.4752737014249,47.2220377125313,530530626002.0
b2b-46722,12600,530330305011,43200,-122.22698504813656,47.336428028255526,530330305011.0
b2b-52095,34800,530610537001,43200,-121.19835975276254,48.11551522486367,20041.0
b2b-31170,22800,530530732004,43200,-122.24497881306635,46.91507326147312,20014.0
b2b-14026,28200,530330323133,43200,-122.0953085966017,47.67324070348591,530330323133.0
b2b-31163,35400,530530732004,43200,-122.24497881306635,46.91507326147312,20014.0
b2b-42934,28800,530330283003,43200,-122.25198503629612,47.42872998511336,530330283003.0
b2b-4518,34200,530330072001,43200,-122.34222290120908,47.62143786859168,530330072001.0
b2b-52029,28200,530530732003,43200,-122.24070890083723,46.779553754471394,410510043001.0
b2b-51600,34800,530530626002,43200,-122.4752737014249,47.2220377125313,530530626002.0
b2b-58943,28200,530330297002,43200,-122.22911788731328,47.37641692971621,530330297002.0
b2b-14937,33000,530530732003,43200,-122.24070890083723,46.779553754471394,410670314032.0
b2b-59003,34200,530330262001,43200,-122.23077244350569,47.46704940279001,530330262001.0
b2b-39191,43200,530530602001,43200,-122.3949944462942,47.26155867939016,530530602001.0
b2b-57302,24600,530530725041,43200,-122.61718929351932,47.36151910614027,530530725041.0
b2b-16054,21600,530330109001,43200,-122.30471374153352,47.53323210364925,530330109001.0
b2b-13270,24000,530530729061,43200,-122.55058881309056,47.05402215230165,530419708004.0
b2b-29597,16800,530330305011,43200,-122.22992751854756,47.34359358883764,530330305011.0
b2b-4590,31200,530610528031,43200,-122.17839672415413,48.15182822610645,530610528031.0
b2b-9498,28800,530330292061,43200,-122.23621008586612,47.40667844907961,530330292061.0
b2b-60306,32400,530330263002,43200,-122.28554096203116,47.505380453279805,530330263002.0
b2b-6403,44400,530530732003,43200,-122.24070890083723,46.779553754471394,410510043001.0
b2b-38185,19800,530330315021,43200,-121.35038596453016,47.15689119363349,20094.0
b2b-41149,31800,530530732004,43200,-122.24497881306635,46.91507326147312,20014.0
b2b-5695,33000,530610528031,43200,-122.17839672415413,48.15182822610645,530610528031.0
b2b-36096,29400,530330320031,43200,-122.04234542382136,47.393395413912806,530330320031.0
b2b-18630,31200,530330093003,43200,-122.32271565383468,47.568888622127766,530330093003.0
b2b-25962,25800,530330324011,43200,-121.98779991779364,47.73411298745755,530330324011.0
b2b-13901,30000,530330218021,43200,-122.18474513918032,47.77203185836266,530330218021.0
b2b-42348,27600,530330315021,43200,-121.35038596453016,47.15689119363349,530210201001.0
b2b-29391,40200,530530732003,43200,-122.24070890083723,46.779553754471394,410050203021.0
b2b-17285,22200,530330093003,43200,-122.33702311481734,47.57517098076726,530330093003.0
b2b-53467,46800,530330288013,43200,-122.29978682083382,47.41404252517009,530330288013.0
b2b-47784,32400,530530726023,43200,-122.81869875074756,47.26529584078148,530459606003.0
b2b-31336,37800,530330315021,43200,-121.35038596453016,47.15689119363349,20033.0
b2b-58984,31800,530350921003,43200,-122.6989023432756,47.5272486736494,530350921003.0
b2b-1491,22200,530610408002,43200,-122.21827475669602,47.98209850822149,530610408002.0
b2b-34320,35400,530610537001,43200,-121.19835975276254,48.11551522486367,20034.0
b2b-17379,21000,530530732003,43200,-122.24070890083723,46.779553754471394,410050244001.0
b2b-9492,33600,530530732003,43200,-122.24070890083723,46.779553754471394,410430306003.0
b2b-37169,43800,530539400101,43200,-122.30426664876722,47.21483030744824,530539400101.0
b2b-32736,32400,530530732003,43200,-122.24070890083723,46.779553754471394,410510073001.0
b2b-3334,36600,530530732003,43200,-122.24070890083723,46.779553754471394,410050222062.0
b2b-13333,25200,530330226051,43200,-122.1572495821512,47.70874201576565,530330226051.0
b2b-4481,43200,530330237001,43200,-122.1698806056832,47.62581212961685,530330237001.0
b2b-5619,28200,530330237001,43200,-122.1698806056832,47.62581212961685,530330237001.0
b2b-14510,21000,530330109001,43200,-122.3044352831818,47.53334524994051,530330109001.0
b2b-39316,37800,530330315021,43200,-121.35038596453016,47.15689119363349,530770001002.0
b2b-56478,46200,530530732003,43200,-122.24070890083723,46.779553754471394,410510072021.0
b2b-52200,31800,530539400101,43200,-122.30153828242798,47.20844219946797,530539400101.0
b2b-26935,4800,530530701001,43200,-121.54325521381088,47.1154042142104,20071.0
b2b-49423,30000,530539400022,43200,-122.35799177341411,47.24698856781136,530539400022.0
b2b-56643,21600,530530718071,43200,-122.49341371862204,47.173202238566496,530530718071.0
b2b-46654,25200,530330048003,43200,-122.36345612623911,47.65935150225951,530330048003.0
b2b-15054,19800,530330058014,43200,-122.38726887256288,47.66241384677788,530330058014.0
b2b-33783,28800,530530701001,43200,-121.54325521381088,47.1154042142104,20009.0
b2b-13727,22200,530330250062,43200,-122.06605641662354,47.53208436949626,530330250062.0
b2b-1820,46200,530610533024,43200,-122.34074561477298,48.27571154986818,530579518001.0
b2b-41954,29400,530530701001,43200,-121.54325521381088,47.1154042142104,20009.0
b2b-34439,23400,530610537001,43200,-121.19835975276254,48.11551522486367,20061.0
b2b-40152,36000,530530732004,43200,-122.24497881306635,46.91507326147312,20012.0
b2b-16818,23400,530330228033,43200,-122.1249824309002,47.64467116789906,530330228033.0
b2b-54683,37800,530330262001,43200,-122.23208131574492,47.470716932547,530330262001.0
b2b-55003,25200,530330292061,43200,-122.23621008586612,47.40667844907961,530330292061.0
b2b-28853,33600,530530732003,43200,-122.24070890083723,46.779553754471394,410510072021.0
b2b-54543,33600,530330112001,43200,-122.33038076011847,47.5260682706754,530330112001.0
b2b-37044,27600,530610537001,43200,-121.19835975276254,48.11551522486367,530630136002.0
b2b-6799,19800,530530732003,43200,-122.24070890083723,46.779553754471394,410510072021.0
b2b-58890,51000,530530714062,43200,-122.38170003566306,47.07872835386775,530530714062.0
b2b-20317,49200,530610533014,43200,-122.36753432018811,48.24860364633015,530579508003.0
b2b-33035,36000,530530732004,43200,-122.24497881306635,46.91507326147312,20012.0
b2b-38483,24600,530530732003,43200,-122.24070890083723,46.779553754471394,410430202001.0
b2b-23293,32400,530330112001,43200,-122.3214141584895,47.52232063451912,530330112001.0
b2b-55270,31200,530330315021,43200,-121.35038596453016,47.15689119363349,530719202002.0
b2b-24778,29400,530330071001,43200,-122.3607157802324,47.62277408295152,530330071001.0
b2b-48059,27000,530530628011,43200,-122.47890819994107,47.234282540334014,530530628011.0
b2b-13707,34800,530330237001,43200,-122.1640975603422,47.62296680944996,530330237001.0
b2b-36092,27000,530330292061,43200,-122.24709254272682,47.40461829464841,530330292061.0
b2b-9366,28200,530610537001,43200,-121.19835975276254,48.11551522486367,20034.0
b2b-41279,10800,530610531021,43200,-122.18921914405846,48.15037009988364,530610531021.0
b2b-42677,32400,530530732003,43200,-122.24070890083723,46.779553754471394,410470025021.0
b2b-27373,33600,530530626002,43200,-122.4752737014249,47.2220377125313,530530626002.0
b2b-22698,40200,530530726032,43200,-122.77381803555257,47.184454997543526,530670109104.0
b2b-44693,15000,530610517021,43200,-122.27887253349466,47.82527551551335,530610517021.0
b2b-11759,34800,530610533014,43200,-122.36753432018811,48.24860364633015,530579403003.0
b2b-47588,27600,530530626001,43200,-122.48238892206057,47.22086668279009,530530626001.0
b2b-53505,23400,530330292061,43200,-122.24032850745012,47.4188307692889,530330292061.0
b2b-58535,18600,530330305011,43200,-122.230664536079,47.34078822683098,530330305011.0
b2b-60005,28800,530330112001,43200,-122.33038076011847,47.5260682706754,530330112001.0
b2b-16620,28800,530330047003,43200,-122.37731571761012,47.66898175801107,530330047003.0
b2b-37043,27600,530610537001,43200,-121.19835975276254,48.11551522486367,530630136002.0
b2b-41854,20400,530530732004,43200,-122.24497881306635,46.91507326147312,20012.0
b2b-496,34200,530530726023,43200,-122.81869875074756,47.26529584078148,530459606001.0
b2b-44542,40200,530330316042,43200,-122.03073530770946,47.3569988282789,530330316042.0
b2b-33004,30600,530530732004,43200,-122.24497881306635,46.91507326147312,20012.0
b2b-37941,27600,530610533014,43200,-122.36753432018811,48.24860364633015,530730001003.0
b2b-26109,30600,530330292061,43200,-122.24630253743486,47.38821598815996,530330292061.0
b2b-6053,36600,530530732003,43200,-122.24070890083723,46.779553754471394,410470025021.0
b2b-24192,34200,530330292061,43200,-122.22662093183628,47.42704538062167,530330292061.0
b2b-8532,24000,530350918001,43200,-122.6261298007038,47.61732759994196,530350918001.0
b2b-41025,28200,530330328003,43200,-121.0994620763074,47.70432736556717,530250110002.0
b2b-49468,34800,530330292061,43200,-122.22616838953864,47.40963288014064,530330292061.0
b2b-36008,34200,530330305011,43200,-122.23040584578192,47.33728071859071,530330305011.0
b2b-49103,31200,530530626001,43200,-122.45242145827262,47.23190051024633,530530626001.0
b2b-51130,20400,530530732003,43200,-122.24070890083723,46.779553754471394,410470025021.0
b2b-25198,33000,530330093003,43200,-122.33781074015684,47.57150093310607,530330093003.0
b2b-11436,26400,530539400101,43200,-122.30406529956942,47.20611695562632,530539400101.0
b2b-18258,32400,530330263001,43200,-122.2991892742684,47.51485550720909,530330263001.0
b2b-59317,37800,530350905013,43200,-122.64414128295374,47.73342913201256,530350905013.0
b2b-46287,31200,530610533014,43200,-122.36753432018811,48.24860364633015,530730002001.0
b2b-53350,24000,530330303042,43200,-122.33670981277776,47.27839256829505,530330303042.0
b2b-25408,30000,530330093003,43200,-122.33781074015684,47.57150093310607,530330093003.0
b2b-41563,28800,530610537001,43200,-121.19835975276254,48.11551522486367,530630145003.0
b2b-437,24600,530610420053,43200,-122.32046197827928,47.89724009194997,530610420053.0
b2b-27813,21000,530530718071,43200,-122.48907260111817,47.17391246519728,530530718071.0
b2b-37926,31200,530610533014,43200,-122.36753432018811,48.24860364633015,530730002003.0
b2b-10234,38400,530530701001,43200,-121.54325521381088,47.1154042142104,20071.0
b2b-5813,40200,530330093002,43200,-122.33366306836557,47.58903444724557,530330093002.0
b2b-33840,31800,530530701001,43200,-121.54325521381088,47.1154042142104,20009.0
b2b-28545,45000,530539400101,43200,-122.30153828242798,47.20844219946797,530539400101.0
b2b-3772,25200,530539400101,43200,-122.30653677963012,47.21171695998523,530539400101.0
b2b-40890,23400,530530732004,43200,-122.24497881306635,46.91507326147312,20012.0
b2b-4114,29400,530610533014,43200,-122.36753432018811,48.24860364633015,530579519002.0
b2b-45004,38400,530610419011,43200,-122.27301428916584,47.89521539933159,530610419011.0
b2b-41342,21600,530530729061,43200,-122.55058881309056,47.05402215230165,530670126101.0
b2b-27644,37800,530330265002,43200,-122.3431011623761,47.51325975581829,530330265002.0
b2b-44096,46800,530330019001,43200,-122.32728254889794,47.69935761545881,530330019001.0
b2b-47782,23400,530539400022,43200,-122.36308623966346,47.2443972927766,530539400022.0
b2b-26656,33600,530330262001,43200,-122.25275710096406,47.44811819081014,530330262001.0
b2b-1166,14400,530530732003,43200,-122.24070890083723,46.779553754471394,410510027021.0
b2b-20513,24600,530330265002,43200,-122.35199091885264,47.5154904438901,530330265002.0
b2b-39992,33000,530530732004,43200,-122.24497881306635,46.91507326147312,20012.0
b2b-4465,27600,530330284024,43200,-122.29771243052475,47.44348659314748,530330284024.0
b2b-34756,31800,530330032003,43200,-122.39056076813128,47.66782425896083,530330032003.0
b2b-9574,29400,530530732003,43200,-122.24070890083723,46.779553754471394,410050215002.0
b2b-17283,22200,530330093003,43200,-122.33702311481734,47.57517098076726,530330093003.0
b2b-23815,27000,530530732003,43200,-122.24070890083723,46.779553754471394,530110410052.0
b2b-14286,31800,530330292061,43200,-122.2224957570822,47.40693554525531,530330292061.0
b2b-39682,24000,530330328003,43200,-121.0994620763074,47.70432736556717,530079611003.0
b2b-33995,21000,530530701001,43200,-121.54325521381088,47.1154042142104,20009.0
b2b-15399,44400,530330072001,43200,-122.3389286065881,47.622880602786935,530330072001.0
b2b-8868,25800,530530732004,43200,-122.24497881306635,46.91507326147312,20012.0
b2b-17004,22200,530330006001,43200,-122.33979887050845,47.72268262204445,530330006001.0
b2b-60155,28800,530330108001,43200,-122.34459343374864,47.55451811993336,530330108001.0
b2b-32897,33600,530530729061,43200,-122.55058881309056,47.05402215230165,530670126102.0
b2b-16600,28200,530330237003,43200,-122.18459152848196,47.63113982766757,530330237003.0
b2b-24446,33000,530330292061,43200,-122.22513682781825,47.431742240111376,530330292061.0
b2b-56049,45000,530530733013,43200,-122.24669609524982,47.254031387136166,530530733013.0
b2b-19794,33000,530530732003,43200,-122.24070890083723,46.779553754471394,530110416002.0
b2b-49399,34200,530539400101,43200,-122.33354651336224,47.21912577488827,530539400101.0
b2b-51594,38400,530330292061,43200,-122.23347195032264,47.42222558680258,530330292061.0
b2b-39169,43800,530530730061,43200,-122.3464165120801,46.92550674265296,410670325011.0
b2b-908,31800,530610524014,43200,-122.10228964826,47.92912512045848,530610524014.0
b2b-156,46800,530610418052,43200,-122.22079056957138,47.90818296626557,530610418052.0
b2b-36064,25200,530530732004,43200,-122.24497881306635,46.91507326147312,20012.0
b2b-43747,24600,530530701001,43200,-121.54325521381088,47.1154042142104,20095.0
b2b-32621,22200,530530718071,43200,-122.4900747858049,47.17243924661469,530530718071.0
b2b-59137,25200,530330292061,43200,-122.24714566153456,47.42946269080292,530330292061.0
b2b-3798,35400,530610418052,43200,-122.22267067950187,47.91099618815886,530610418052.0
b2b-58105,34200,530530602001,43200,-122.4168322119629,47.24777437749945,530530602001.0
b2b-50887,34800,530539400101,43200,-122.30185031683546,47.21118419555122,530539400101.0
b2b-27414,10200,530530718071,43200,-122.49341371862204,47.173202238566496,530530718071.0
b2b-34944,37800,530330305011,43200,-122.2295983208466,47.33291579842153,530330305011.0
b2b-5379,40200,530330112001,43200,-122.33227885206496,47.53199660801611,530330112001.0
b2b-4855,31800,530610531021,43200,-122.18921914405846,48.15037009988364,530610531021.0
b2b-32205,27000,530610537001,43200,-121.19835975276254,48.11551522486367,20067.0
b2b-7149,31200,530610533014,43200,-122.36753432018811,48.24860364633015,530730004003.0
b2b-36449,33600,530610533024,43200,-122.34074561477298,48.27571154986818,530579526003.0
b2b-9748,36600,530530732004,43200,-122.24497881306635,46.91507326147312,20012.0
b2b-46928,19200,530539400021,43200,-122.35240087709474,47.245597088590685,530539400021.0
b2b-9265,31800,530530701001,43200,-121.54325521381088,47.1154042142104,20009.0
b2b-16727,34200,530330308011,43200,-122.24237313099782,47.28110532233451,530330308011.0
b2b-55600,19200,530530732004,43200,-122.24497881306635,46.91507326147312,20010.0
b2b-16092,21600,530330109001,43200,-122.30471374153352,47.53323210364925,530330109001.0
b2b-29619,28200,530330292061,43200,-122.24032850745012,47.4188307692889,530330292061.0
b2b-18536,30600,530330323213,43200,-122.1408612012912,47.7339654746746,530330323213.0
b2b-26232,21000,530530718071,43200,-122.4900747858049,47.17243924661469,530530718071.0
b2b-19504,27000,530330292061,43200,-122.2312077630798,47.429603752905386,530330292061.0
b2b-53929,26400,530530701001,43200,-121.54325521381088,47.1154042142104,20009.0
b2b-59501,30600,530610533014,43200,-122.36753432018811,48.24860364633015,530579508003.0
b2b-54484,25800,530330112001,43200,-122.33038076011847,47.5260682706754,530330112001.0
b2b-22604,34800,530530728001,43200,-122.6498514398432,47.10126306338846,530670122222.0
b2b-30053,26400,530330324011,43200,-121.98779991779364,47.73411298745755,530330324011.0
b2b-51207,28800,530330315021,43200,-121.35038596453016,47.15689119363349,530770018002.0
b2b-15795,22800,530330225004,43200,-122.2086062175308,47.67634442273611,530330225004.0
b2b-9560,24000,530530729061,43200,-122.55058881309056,47.05402215230165,530419714002.0
b2b-18631,31800,530330093003,43200,-122.32271565383468,47.568888622127766,530330093003.0
b2b-59822,30000,530350905022,43200,-122.6350447669194,47.73466765220536,530350905022.0
b2b-109,36600,530610519252,43200,-122.1991094801941,47.79791074671194,530610519252.0
b2b-14685,27000,530330323133,43200,-122.08957545359878,47.66909090427961,530330323133.0
b2b-40881,44400,530530732004,43200,-122.24497881306635,46.91507326147312,20012.0
b2b-3724,30600,530610535061,43200,-121.90505639582553,48.26054804302581,530579512001.0
b2b-43805,24600,530610537001,43200,-121.19835975276254,48.11551522486367,20127.0
b2b-49027,28800,530530602001,43200,-122.43267534344407,47.256821151398505,530530602001.0
b2b-45584,38400,530530712073,43200,-122.28891747535232,47.15772011882847,530530712073.0
b2b-50049,31800,530330303042,43200,-122.31620739764028,47.28544857979016,530330303042.0
b2b-7298,24000,530530701001,43200,-121.54325521381088,47.1154042142104,20095.0
b2b-32910,26400,530330108001,43200,-122.34459343374864,47.55451811993336,530330108001.0
b2b-16722,34200,530330308011,43200,-122.24237313099782,47.28110532233451,530330308011.0
b2b-36244,21000,530350811002,43200,-122.65326608861828,47.565120246825,530350811002.0
b2b-39997,33000,530530732004,43200,-122.24497881306635,46.91507326147312,20012.0
b2b-18048,28200,530330219061,43200,-122.15475687947637,47.74098415890489,530330219061.0
b2b-668,22800,530610519252,43200,-122.20031773711192,47.798350529578094,530610519252.0
b2b-30149,34800,530350918001,43200,-122.62781728669088,47.608233520262566,530350918001.0
b2b-43820,26400,530530701001,43200,-121.54325521381088,47.1154042142104,20009.0
b2b-38423,40800,530530732004,43200,-122.24497881306635,46.91507326147312,20012.0
b2b-16746,23400,530330228033,43200,-122.1249824309002,47.64467116789906,530330228033.0
b2b-51259,27600,530330305011,43200,-122.2295983208466,47.33291579842153,530330305011.0
b2b-14156,28200,530330323133,43200,-122.0953085966017,47.67324070348591,530330323133.0
b2b-52321,31800,530330109002,43200,-122.33243441101384,47.551835928334654,530330109002.0
b2b-30546,43200,530530730061,43200,-122.3464165120801,46.92550674265296,530150021002.0
b2b-45112,24600,530350909002,43200,-122.51587537591683,47.63223807359521,530350909002.0
b2b-32758,25800,530610537001,43200,-121.19835975276254,48.11551522486367,530630114003.0
b2b-8695,18000,530330268013,43200,-122.35420216780244,47.5096585571295,530330268013.0
b2b-56602,31800,530530626001,43200,-122.48290357322738,47.21925320624676,530530626001.0
b2b-22739,33600,530330072001,43200,-122.34222290120908,47.62143786859168,530330072001.0
b2b-30709,42000,530530701001,43200,-121.54325521381088,47.1154042142104,20009.0
b2b-16958,11400,530330109001,43200,-122.30408863741864,47.53319565326882,530330109001.0
b2b-1518,20400,530610519252,43200,-122.19915042936202,47.79819883392052,530610519252.0
b2b-53700,42000,530610533021,43200,-122.23890985949284,48.26560079125508,530730102001.0
b2b-2427,24000,530610536024,43200,-121.95524114531108,48.11280906244766,530610536024.0
b2b-10962,25800,530530701001,43200,-121.54325521381088,47.1154042142104,20118.0
b2b-27785,45000,530610413042,43200,-122.24520847642002,47.92654436050197,530610413042.0
b2b-52354,25800,530330292061,43200,-122.24032850745012,47.4188307692889,530330292061.0
b2b-6747,13200,530610528031,43200,-122.17792144316157,48.13713977705275,530610528031.0
b2b-38484,24600,530530732003,43200,-122.24070890083723,46.779553754471394,410430202001.0
b2b-58016,46800,530330292061,43200,-122.2404503079922,47.39484874138734,530330292061.0
b2b-34719,22200,530610519252,43200,-122.20643058684914,47.7976042972533,530610519252.0
b2b-59589,30600,530350921003,43200,-122.69484002351489,47.52681049400641,530350921003.0
b2b-26705,31200,530330262001,43200,-122.24710010473818,47.452915709814256,530330262001.0
b2b-14305,21600,530530726032,43200,-122.77381803555257,47.184454997543526,530670109101.0
b2b-12979,19800,530330292061,43200,-122.23073041080448,47.41733021092897,530330292061.0
b2b-52390,33000,530330292061,43200,-122.2446052666474,47.39664040457194,530330292061.0
b2b-50102,25800,530539400101,43200,-122.31648048532443,47.21474337338707,530539400101.0
b2b-31216,31200,530330072001,43200,-122.34222290120908,47.62143786859168,530330072001.0
b2b-47219,41400,530530713051,43200,-122.39856159946636,47.14627636177037,530530713051.0
b2b-49210,31200,530530712051,43200,-122.34512551066894,47.190960865324286,530530712051.0
b2b-58039,22200,530530703082,43200,-122.1794896509738,47.17887137444483,530530703082.0
b2b-15420,43200,530330225004,43200,-122.20148432419523,47.67109614409596,530330225004.0
b2b-51274,39000,530330284024,43200,-122.29771243052475,47.44348659314748,530330284024.0
b2b-17218,40800,530330109001,43200,-122.30484228283828,47.5331484460749,530330109001.0
b2b-43019,33600,530330309011,43200,-122.24391231933936,47.29362124422784,530330309011.0
b2b-49656,31200,530539400101,43200,-122.30653677963012,47.21171695998523,530539400101.0
b2b-19163,39000,530530732003,43200,-122.24070890083723,46.779553754471394,410510043001.0
b2b-24726,36000,530330262001,43200,-122.23208131574492,47.470716932547,530330262001.0
b2b-22706,20400,530530729061,43200,-122.55058881309056,47.05402215230165,530670123201.0
b2b-56827,4200,530530732003,43200,-122.24070890083723,46.779553754471394,530110404073.0
b2b-47367,28800,530530602001,43200,-122.41021679170154,47.28260081049499,530530602001.0
b2b-40456,28200,530330256011,43200,-122.1583041158844,47.48866470865708,530330256011.0
b2b-46249,19800,530330315021,43200,-121.35038596453016,47.15689119363349,530770016022.0
b2b-27053,24600,530539400101,43200,-122.30653677963012,47.21171695998523,530539400101.0
b2b-24458,48000,530330288021,43200,-122.29490601666896,47.42475699463777,530330288021.0
b2b-51095,22800,530610537001,43200,-121.19835975276254,48.11551522486367,530630122001.0
b2b-59661,29400,530350902011,43200,-122.65117517963796,47.8001197814777,530350902011.0
b2b-10999,19800,530330315021,43200,-121.35038596453016,47.15689119363349,530719202002.0
b2b-17470,33600,530330253021,43200,-122.20931867794012,47.49766532630261,530330253021.0
b2b-37217,30000,530610533024,43200,-122.34074561477298,48.27571154986818,530579518002.0
b2b-451,10800,530610519261,43200,-122.14960538685844,47.78406827458685,530610519261.0
b2b-49913,42000,530539400101,43200,-122.30406529956942,47.20611695562632,530539400101.0
b2b-21298,26400,530330253013,43200,-122.20479589408907,47.498936373141575,530330253013.0
b2b-55461,22800,530330292061,43200,-122.2459874160508,47.40622966331869,530330292061.0
b2b-27016,28200,530530701001,43200,-121.54325521381088,47.1154042142104,20009.0
b2b-796,44400,530530726032,43200,-122.77381803555257,47.184454997543526,530670122122.0
b2b-56886,42000,530610533014,43200,-122.36753432018811,48.24860364633015,530730008034.0
b2b-57603,26400,530330294072,43200,-122.20283862996216,47.389396717084,530330294072.0
b2b-33421,21600,530530732004,43200,-122.24497881306635,46.91507326147312,20012.0
b2b-4843,24600,530330284024,43200,-122.29258998292704,47.458908818853615,530330284024.0
b2b-52930,39000,530610537001,43200,-121.19835975276254,48.11551522486367,530630141002.0
b2b-53066,34200,530530701001,43200,-121.54325521381088,47.1154042142104,20009.0
b2b-42480,36600,530610535061,43200,-121.90505639582553,48.26054804302581,530579512001.0
b2b-46951,18600,530330303132,43200,-122.30590062664312,47.29634204750628,530330303132.0
b2b-22460,28200,530330305011,43200,-122.22992751854756,47.34359358883764,530330305011.0
b2b-5601,30000,530330323193,43200,-122.1581093804582,47.75939019084427,530330323193.0
b2b-21716,32400,530330305011,43200,-122.22992751854756,47.34359358883764,530330305011.0
b2b-36191,27000,530330297004,43200,-122.23386998393669,47.36607020682181,530330297004.0
b2b-45005,48000,530330019002,43200,-122.31916215513463,47.69191161527458,530330019002.0
b2b-14931,50400,530330228033,43200,-122.13572627227693,47.63817599011262,530330228033.0
b2b-48508,22800,530530726021,43200,-122.72521338447328,47.353416754645046,530530726021.0
b2b-26792,27600,530530732003,43200,-122.24070890083723,46.779553754471394,410670320051.0
b2b-11040,30600,530530732003,43200,-122.24070890083723,46.779553754471394,410670321071.0
b2b-34607,28200,530610537001,43200,-121.19835975276254,48.11551522486367,20127.0
b2b-37937,39000,530610533014,43200,-122.36753432018811,48.24860364633015,530730004003.0
b2b-42883,17400,530610533021,43200,-122.23890985949284,48.26560079125508,530730102001.0
b2b-32139,39000,530530701001,43200,-121.54325521381088,47.1154042142104,20005.0
b2b-29137,33000,530610533014,43200,-122.36753432018811,48.24860364633015,530730004003.0
b2b-57737,33000,530330292061,43200,-122.24612536325226,47.40648159472142,530330292061.0
b2b-8400,32400,530330093003,43200,-122.32601381377228,47.571138483401306,530330093003.0
b2b-11817,43800,530530732003,43200,-122.24070890083723,46.779553754471394,410470025021.0
b2b-14107,28200,530330323133,43200,-122.0953085966017,47.67324070348591,530330323133.0
b2b-30390,27000,530530602001,43200,-122.4168322119629,47.24777437749945,530530602001.0
b2b-52162,24000,530530732004,43200,-122.24497881306635,46.91507326147312,20013.0
b2b-43688,28200,530610537001,43200,-121.19835975276254,48.11551522486367,20041.0
b2b-55965,31200,530330292061,43200,-122.24472160310586,47.43301366786744,530330292061.0
b2b-29173,33600,530330059001,43200,-122.36618765981758,47.65458277812374,530330059001.0
b2b-8757,24600,530530732004,43200,-122.24497881306635,46.91507326147312,20012.0
b2b-7896,23400,530330253012,43200,-122.20008697234636,47.51872032273093,530330253012.0
b2b-42920,32400,530330308013,43200,-122.22650221195384,47.27844420070505,530330308013.0
b2b-14202,31200,530330323133,43200,-122.0953085966017,47.67324070348591,530330323133.0
b2b-44867,25200,530610537001,43200,-121.19835975276254,48.11551522486367,20041.0
b2b-12387,32400,530330093003,43200,-122.34339365383669,47.57018742110356,530330093003.0
b2b-7898,21000,530330262001,43200,-122.24270719250782,47.44668395546684,530330262001.0
b2b-34676,24600,530530701001,43200,-121.54325521381088,47.1154042142104,20009.0
b2b-23652,28800,530530726032,43200,-122.77381803555257,47.184454997543526,530670109104.0
b2b-17046,25800,530610537001,43200,-121.19835975276254,48.11551522486367,530630136002.0
b2b-42715,34200,530350902022,43200,-122.6129231648009,47.76724542885732,530350902022.0
b2b-6223,30600,530610535091,43200,-122.15577642818684,48.15652609289869,530610535091.0
b2b-15503,23400,530330093002,43200,-122.32770396922236,47.59550912228994,530330093002.0
b2b-23349,31200,530610519121,43200,-122.1260007206472,47.797109832195694,530610519121.0
b2b-15092,24600,530330058023,43200,-122.38166015478942,47.63308478875902,530330058023.0
b2b-35523,19800,530330292061,43200,-122.24032850745012,47.4188307692889,530330292061.0
b2b-4407,21000,530330324011,43200,-121.98779991779364,47.73411298745755,530330324011.0
b2b-28268,20400,530330093003,43200,-122.34231103586774,47.56814278686263,530330093003.0
b2b-20125,24600,530530726032,43200,-122.77381803555257,47.184454997543526,530670110001.0
b2b-45635,37200,530610519253,43200,-122.20122473963404,47.79127356598186,530610519253.0
b2b-23541,36000,530530718071,43200,-122.49341371862204,47.173202238566496,530530718071.0
b2b-20044,31200,530330109002,43200,-122.32525562740344,47.5496129260593,530330109002.0
b2b-30947,23400,530610533014,43200,-122.36753432018811,48.24860364633015,530730004003.0
b2b-32714,44400,530530732003,43200,-122.24070890083723,46.779553754471394,410510072021.0
b2b-37964,34200,530610534001,43200,-122.1788962996328,48.270180743276,530730101005.0
b2b-19664,34800,530330323132,43200,-122.08187738179728,47.68520841231727,530330323132.0
b2b-31374,37800,530330315021,43200,-121.35038596453016,47.15689119363349,20033.0
b2b-1346,46800,530610519222,43200,-122.21488370095824,47.79814102877223,530610519222.0
b2b-54049,33000,530530732004,43200,-122.24497881306635,46.91507326147312,20014.0
b2b-42274,34200,530530732003,43200,-122.24070890083723,46.779553754471394,410670320011.0
b2b-36766,40800,530530732004,43200,-122.24497881306635,46.91507326147312,20012.0
b2b-25055,33000,530330264005,43200,-122.32796798630088,47.51839430843621,530330264005.0
b2b-49682,36000,530530729061,43200,-122.55058881309056,47.05402215230165,530419714002.0
b2b-55774,19200,530610537001,43200,-121.19835975276254,48.11551522486367,530630141002.0
b2b-10835,31800,530330292061,43200,-122.23310684944713,47.416945383189166,530330292061.0
b2b-10671,19800,530350918001,43200,-122.62548168575364,47.60797469250697,530350918001.0
b2b-1060,34200,530610528032,43200,-122.17831171864796,48.11749859788531,530610528032.0
b2b-26072,48600,530539400022,43200,-122.38766758090154,47.23993171883115,530539400022.0
b2b-53767,36600,530610537001,43200,-121.19835975276254,48.11551522486367,20067.0
b2b-25638,24600,530610521083,43200,-122.10810165997442,47.81450505250156,530610521083.0
b2b-48948,6000,530530714063,43200,-122.35976768879232,47.08713357128475,530530714063.0
b2b-12812,8400,530330305011,43200,-122.23365186191168,47.31231621291003,530330305011.0
b2b-44528,38400,530330093003,43200,-122.32225817992502,47.56055188342624,530330093003.0
b2b-2468,34800,530530730061,43200,-122.3464165120801,46.92550674265296,530419712002.0
b2b-13651,31800,530330109001,43200,-122.32140376986196,47.53822626323339,530330109001.0
b2b-43137,18600,530330288021,43200,-122.29341449659536,47.42707687736177,530330288021.0
b2b-43934,39000,530330328003,43200,-121.0994620763074,47.70432736556717,20028.0
b2b-2575,27600,530610537001,43200,-121.19835975276254,48.11551522486367,530750006002.0
b2b-28825,46200,530530732003,43200,-122.24070890083723,46.779553754471394,410050221082.0
b2b-15247,58200,530330327043,43200,-121.79546740160409,47.50600655824061,530330327043.0
b2b-3134,21600,530539400101,43200,-122.30153828242798,47.20844219946797,530539400101.0
b2b-11393,30600,530330262001,43200,-122.22938315222208,47.47333433730456,530330262001.0
b2b-52560,38400,530530701001,43200,-121.54325521381088,47.1154042142104,20095.0
b2b-58144,35400,530530713063,43200,-122.40912076645178,47.13922727313516,530530713063.0
b2b-46616,32400,530330297003,43200,-122.24257238321542,47.374119042347374,530330297003.0
b2b-20060,31200,530330109002,43200,-122.32525562740344,47.5496129260593,530330109002.0
b2b-42882,17400,530610533021,43200,-122.23890985949284,48.26560079125508,530730102001.0
b2b-60364,37200,530530701001,43200,-121.54325521381088,47.1154042142104,20009.0
b2b-50935,33600,530539400101,43200,-122.307002080144,47.215555299859936,530539400101.0
b2b-35689,31800,530350920001,43200,-122.91991165827092,47.56116684098547,530270013002.0
b2b-24242,22200,530330112001,43200,-122.33038076011847,47.5260682706754,530330112001.0
b2b-52990,42600,530530616011,43200,-122.43776300444318,47.255231485980175,530530616011.0
b2b-8493,27000,530330262001,43200,-122.24717181350287,47.44771333927209,530330262001.0
b2b-56299,25200,530330292061,43200,-122.22513682781825,47.431742240111376,530330292061.0
b2b-14367,27000,530530730061,43200,-122.3464165120801,46.92550674265296,530150003001.0
b2b-15553,19800,530330314002,43200,-121.98299353183778,47.21014017431952,530330314002.0
b2b-26692,38400,530530732003,43200,-122.24070890083723,46.779553754471394,410430306003.0
b2b-30250,34800,530610521083,43200,-122.10810165997442,47.81450505250156,530610521083.0
b2b-11289,27600,530330292061,43200,-122.23347195032264,47.42222558680258,530330292061.0
b2b-45591,28800,530530718071,43200,-122.48989801673194,47.17230069743552,530530718071.0
b2b-49651,32400,530330303042,43200,-122.31858389378668,47.28715237380253,530330303042.0
b2b-55002,25200,530330292061,43200,-122.23621008586612,47.40667844907961,530330292061.0
b2b-39876,25200,530530732003,43200,-122.24070890083723,46.779553754471394,410050221081.0
b2b-4739,31800,530610528031,43200,-122.17792144316157,48.13713977705275,530610528031.0
b2b-16334,26400,530330054002,43200,-122.335835259842,47.64721929810612,530330054002.0
b2b-11366,34200,530330323133,43200,-122.09222903536138,47.67401505719557,530330323133.0
b2b-37131,49200,530530701001,43200,-121.54325521381088,47.1154042142104,20095.0
b2b-34321,35400,530610537001,43200,-121.19835975276254,48.11551522486367,20034.0
b2b-53332,24600,530330303132,43200,-122.31058561825375,47.29637046051421,530330303132.0
b2b-13998,38400,530330323133,43200,-122.0953085966017,47.67324070348591,530330323133.0
b2b-14404,19800,530330308011,43200,-122.237371961556,47.28528361092845,530330308011.0
b2b-9481,37200,530530701001,43200,-121.54325521381088,47.1154042142104,20095.0
b2b-16411,35400,530330075004,43200,-122.3168079915358,47.615691611795626,530330075004.0
b2b-26919,16800,530539400101,43200,-122.33354651336224,47.21912577488827,530539400101.0
b2b-29435,22800,530530732003,43200,-122.24070890083723,46.779553754471394,530110426003.0
b2b-49579,28200,530530717061,43200,-122.47068413052654,47.15524112487477,530530717061.0
b2b-26208,18000,530530718071,43200,-122.4885730312002,47.17231846271745,530530718071.0
b2b-9931,35400,530610537001,43200,-121.19835975276254,48.11551522486367,20066.0
b2b-8713,27600,530330262001,43200,-122.24710010473818,47.452915709814256,530330262001.0
b2b-40947,28200,530530729061,43200,-122.55058881309056,47.05402215230165,530670126101.0
b2b-22254,13200,530330305011,43200,-122.23060230612586,47.33994350922026,530330305011.0
b2b-47361,19800,530530731082,43200,-122.3470406990496,47.09004723634483,530530731082.0
b2b-35275,45600,530610534001,43200,-122.1788962996328,48.270180743276,530730101005.0
b2b-7174,21600,530610533014,43200,-122.36753432018811,48.24860364633015,530579519002.0
b2b-33470,31200,530530732004,43200,-122.24497881306635,46.91507326147312,20012.0
b2b-17403,26400,530530732003,43200,-122.24070890083723,46.779553754471394,410510021001.0
b2b-42685,33000,530530732004,43200,-122.24497881306635,46.91507326147312,20014.0
b2b-35260,23400,530330112001,43200,-122.3214141584895,47.52232063451912,530330112001.0
b2b-1929,40800,530530732003,43200,-122.24070890083723,46.779553754471394,410510045001.0
b2b-40412,25800,530530732003,43200,-122.24070890083723,46.779553754471394,410670307002.0
b2b-24084,39600,530330305011,43200,-122.2295983208466,47.33291579842153,530330305011.0
b2b-47216,41400,530530713051,43200,-122.39856159946636,47.14627636177037,530530713051.0
b2b-30659,36600,530330328003,43200,-121.0994620763074,47.70432736556717,530079611003.0
b2b-52069,47400,530530701001,43200,-121.54325521381088,47.1154042142104,20009.0
b2b-60893,50400,530530701001,43200,-121.54325521381088,47.1154042142104,20071.0
b2b-31538,35400,530530701001,43200,-121.54325521381088,47.1154042142104,20095.0
b2b-22782,26400,530610537001,43200,-121.19835975276254,48.11551522486367,530630136002.0
b2b-6319,17400,530330323133,43200,-122.09222903536138,47.67401505719557,530330323133.0
b2b-2218,29400,530530732003,43200,-122.24070890083723,46.779553754471394,530110430001.0
b2b-15172,24000,530330292061,43200,-122.22344735380952,47.40415866669519,530330292061.0
b2b-51288,36000,530530728001,43200,-122.6498514398432,47.10126306338846,530670122213.0
b2b-16915,34800,530330226052,43200,-122.14424617896135,47.6838583267566,530330226052.0
b2b-410,44400,530610413042,43200,-122.25249971608254,47.926099446042905,530610413042.0
b2b-2674,21600,530530701001,43200,-121.54325521381088,47.1154042142104,20095.0
b2b-16236,26400,530330309011,43200,-122.25563864450432,47.2907067979215,530330309011.0
b2b-1418,28200,530610519222,43200,-122.21198363876232,47.79995134868887,530610519222.0
b2b-56289,28800,530350928011,43200,-122.64337922352684,47.50241980345088,530350928011.0
b2b-25801,33000,530330292061,43200,-122.23621008586612,47.40667844907961,530330292061.0
b2b-54328,43200,530330292061,43200,-122.24469821499332,47.4277624117426,530330292061.0
b2b-23078,30600,530330288021,43200,-122.29341449659536,47.42707687736177,530330288021.0
b2b-14151,28200,530330323133,43200,-122.0953085966017,47.67324070348591,530330323133.0
b2b-52609,36600,530539400101,43200,-122.30406529956942,47.20611695562632,530539400101.0
b2b-9586,45000,530530732003,43200,-122.24070890083723,46.779553754471394,410050215002.0
b2b-54746,33600,530530732003,43200,-122.24070890083723,46.779553754471394,410510072021.0
b2b-38264,25200,530530732003,43200,-122.24070890083723,46.779553754471394,410519800001.0
b2b-1476,22200,530610408002,43200,-122.21827475669602,47.98209850822149,530610408002.0
b2b-56943,18000,530610534001,43200,-122.1788962996328,48.270180743276,530730102002.0
b2b-58076,27000,530330320111,43200,-122.02205091847604,47.36646786139904,530330320111.0
b2b-5746,28800,530330265002,43200,-122.3431011623761,47.51325975581829,530330265002.0
b2b-36966,34200,530330054002,43200,-122.33548602347474,47.64771076493644,530330054002.0
b2b-23855,44400,530539400101,43200,-122.30185031683546,47.21118419555122,530539400101.0
b2b-10004,40200,530610537001,43200,-121.19835975276254,48.11551522486367,20066.0
b2b-35436,28800,530539400101,43200,-122.33354651336224,47.21912577488827,530539400101.0
b2b-26207,30600,530330288021,43200,-122.29490601666896,47.42475699463777,530330288021.0
b2b-60898,24600,530330292061,43200,-122.2235835356382,47.41965485155595,530330292061.0
b2b-18869,25200,530330080013,43200,-122.35203811652492,47.614856194270686,530330080013.0
b2b-38662,24600,530610537001,43200,-121.19835975276254,48.11551522486367,20034.0
b2b-51460,18000,530539400022,43200,-122.3824225801224,47.243966871077,530539400022.0
b2b-45728,34800,530330262001,43200,-122.23077244350569,47.46704940279001,530330262001.0
b2b-15245,58200,530330327043,43200,-121.79546740160409,47.50600655824061,530330327043.0
b2b-35991,30000,530330304011,43200,-122.30132477174712,47.29392378873759,530330304011.0
b2b-53912,31200,530530728001,43200,-122.6498514398432,47.10126306338846,530670122222.0
b2b-54128,48000,530530718071,43200,-122.4900747858049,47.17243924661469,530530718071.0
b2b-59477,23400,530350912011,43200,-122.69400596857416,47.647381465491925,530350912011.0
b2b-46255,10800,530610534001,43200,-122.1788962996328,48.270180743276,530730102002.0
b2b-2116,30000,530610528032,43200,-122.1744702146517,48.11467687267971,530610528032.0
b2b-55721,43200,530330305011,43200,-122.22992751854756,47.34359358883764,530330305011.0
b2b-36514,31800,530530732003,43200,-122.24070890083723,46.779553754471394,530110411051.0
b2b-11536,40800,530530729061,43200,-122.55058881309056,47.05402215230165,530670126102.0
b2b-58261,27600,530330305011,43200,-122.23838096571566,47.30548509830312,530330305011.0
b2b-7048,23400,530610537001,43200,-121.19835975276254,48.11551522486367,530630122001.0
b2b-46356,28200,530530732003,43200,-122.24070890083723,46.779553754471394,410510099073.0
b2b-21992,24600,530530732003,43200,-122.24070890083723,46.779553754471394,530110412031.0
b2b-14035,28200,530330323133,43200,-122.0953085966017,47.67324070348591,530330323133.0
b2b-48779,45600,530530703122,43200,-122.18234912669038,47.17372691841711,530530703122.0
b2b-2406,19800,530610536024,43200,-121.949477619108,48.107633102732464,530610536024.0
b2b-60229,21000,530330019001,43200,-122.32728254889794,47.69935761545881,530330019001.0
b2b-7526,26400,530610537001,43200,-121.19835975276254,48.11551522486367,20061.0
b2b-43536,21000,530350920001,43200,-122.91991165827092,47.56116684098547,530270012003.0
b2b-40786,27600,530330292061,43200,-122.24241295312764,47.43136438138057,530330292061.0
b2b-38900,44400,530330108001,43200,-122.345032806203,47.55419750861091,530330108001.0
b2b-43416,33600,530530732004,43200,-122.24497881306635,46.91507326147312,20010.0
b2b-59528,31200,530350907003,43200,-122.52197255463608,47.67909313602701,530350907003.0
b2b-49590,43800,530330312043,43200,-122.05847382754864,47.2906302795026,530330312043.0
b2b-34200,31200,530530701001,43200,-121.54325521381088,47.1154042142104,20009.0
b2b-35484,27000,530610533014,43200,-122.36753432018811,48.24860364633015,530730001003.0
b2b-1343,27000,530610538024,43200,-121.79696027934938,47.863571536233984,530610538024.0
b2b-3563,46800,530530732004,43200,-122.24497881306635,46.91507326147312,20010.0
b2b-24686,33600,530610413042,43200,-122.25208503289907,47.92635492941787,530610413042.0
b2b-7169,21600,530610533014,43200,-122.36753432018811,48.24860364633015,530579519002.0
b2b-50306,34200,530330292061,43200,-122.24491565673632,47.40514291662269,530330292061.0
b2b-2151,39000,530610408002,43200,-122.20903219606556,47.98248133676781,530610408002.0
b2b-52072,47400,530530701001,43200,-121.54325521381088,47.1154042142104,20009.0
b2b-55690,51000,530610535091,43200,-122.15577642818684,48.15652609289869,530610535091.0
b2b-54908,18000,530330292061,43200,-122.2235835356382,47.41965485155595,530330292061.0
b2b-60920,20400,530610533014,43200,-122.36753432018811,48.24860364633015,530579521003.0
b2b-15934,25800,530330219061,43200,-122.15322157329042,47.73804125220276,530330219061.0
b2b-41077,29400,530530701001,43200,-121.54325521381088,47.1154042142104,20071.0
b2b-36275,27600,530530732003,43200,-122.24070890083723,46.779553754471394,410510072021.0
b2b-13429,43200,530330099004,43200,-122.345386902451,47.57348345757726,530330099004.0
b2b-116,38400,530610418052,43200,-122.22079056957138,47.90818296626557,530610418052.0
b2b-43311,33000,530330006004,43200,-122.3421369622416,47.70868666822435,530330006004.0
b2b-3215,21600,530610531021,43200,-122.18921914405846,48.15037009988364,530610531021.0
b2b-13552,51600,530530732003,43200,-122.24070890083723,46.779553754471394,530110413311.0
b2b-53846,43200,530530626002,43200,-122.4752737014249,47.2220377125313,530530626002.0
b2b-61044,32400,530610533014,43200,-122.36753432018811,48.24860364633015,530730002003.0
b2b-39600,1800,530610537001,43200,-121.19835975276254,48.11551522486367,530630122001.0
b2b-41669,25200,530530732003,43200,-122.24070890083723,46.779553754471394,530110410052.0
b2b-36506,26400,530330292061,43200,-122.2459874160508,47.40622966331869,530330292061.0
b2b-56104,36000,530330304011,43200,-122.30106529799616,47.293919545634665,530330304011.0
b2b-35148,33600,530610528031,43200,-122.17839672415413,48.15182822610645,530610528031.0
b2b-3776,27000,530610537001,43200,-121.19835975276254,48.11551522486367,530630141002.0
b2b-24124,25200,530330099004,43200,-122.3525522092276,47.56898547069012,530330099004.0
b2b-15498,23400,530330093002,43200,-122.32770396922236,47.59550912228994,530330093002.0
b2b-19700,31200,530330082001,43200,-122.3310320702626,47.60730906895118,530330082001.0
b2b-36615,27000,530530732003,43200,-122.24070890083723,46.779553754471394,410510072021.0
b2b-25342,41400,530330323133,43200,-122.08610118963196,47.67258814227379,530330323133.0
b2b-11763,43200,530610528031,43200,-122.17839672415413,48.15182822610645,530610528031.0
b2b-7247,45600,530530732003,43200,-122.24070890083723,46.779553754471394,410510073001.0
b2b-18281,36000,530330292061,43200,-122.2284540661784,47.42071989944402,530330292061.0
b2b-6910,31200,530530701001,43200,-121.54325521381088,47.1154042142104,20009.0
b2b-49099,39000,530539400021,43200,-122.35056377193158,47.25074768632762,530539400021.0
b2b-15090,24600,530330058023,43200,-122.38166015478942,47.63308478875902,530330058023.0
b2b-46787,15600,530530733013,43200,-122.24901105386492,47.2483065621871,530530733013.0
b2b-36399,34200,530610533021,43200,-122.23890985949284,48.26560079125508,530730102001.0
b2b-33598,37200,530530732004,43200,-122.24497881306635,46.91507326147312,20012.0
b2b-11959,44400,530610413042,43200,-122.25250776348716,47.92515439453323,530610413042.0
b2b-44757,29400,530330228033,43200,-122.12443850467294,47.64504117755204,530330228033.0
b2b-29297,39000,530530732003,43200,-122.24070890083723,46.779553754471394,530110412031.0
b2b-43440,28200,530330288013,43200,-122.29978682083382,47.41404252517009,530330288013.0
b2b-34343,35400,530610537001,43200,-121.19835975276254,48.11551522486367,20034.0
b2b-58842,19200,530330282003,43200,-122.28712573692836,47.46742248218988,530330282003.0
b2b-21932,28200,530530732003,43200,-122.24070890083723,46.779553754471394,410510072021.0
b2b-3452,23400,530530732003,43200,-122.24070890083723,46.779553754471394,530110412014.0
b2b-55535,26400,530330305011,43200,-122.22992751854756,47.34359358883764,530330305011.0
b2b-7303,37800,530530732003,43200,-122.24070890083723,46.779553754471394,410470025021.0
b2b-1359,29400,530610535091,43200,-122.14852183431093,48.1702557603626,530610535091.0
b2b-44911,18000,530530732003,43200,-122.24070890083723,46.779553754471394,410510090003.0
b2b-25089,22200,530330324011,43200,-121.98779991779364,47.73411298745755,530330324011.0
b2b-58408,28800,530530716022,43200,-122.40624334717864,47.16686929569716,530530716022.0
b2b-5820,33000,530330323133,43200,-122.09222903536138,47.67401505719557,530330323133.0
b2b-34595,16800,530530732004,43200,-122.24497881306635,46.91507326147312,20012.0
b2b-40271,34200,530330315021,43200,-121.35038596453016,47.15689119363349,530719202002.0
b2b-4666,28200,530330219054,43200,-122.17601104993004,47.734492466552766,530330219054.0
b2b-2101,30000,530610528032,43200,-122.1744702146517,48.11467687267971,530610528032.0
b2b-30976,25200,530330305011,43200,-122.23040584578192,47.33728071859071,530330305011.0
b2b-42344,35400,530330315021,43200,-121.35038596453016,47.15689119363349,530210206013.0
b2b-25052,34800,530610413042,43200,-122.24520847642002,47.92654436050197,530610413042.0
b2b-34980,11400,530610531021,43200,-122.18921914405846,48.15037009988364,530610531021.0
b2b-54284,35400,530610535061,43200,-121.90505639582553,48.26054804302581,530579512001.0
b2b-36437,38400,530330257015,43200,-122.20400523606064,47.46750654899871,530330257015.0
b2b-46285,28800,530610533014,43200,-122.36753432018811,48.24860364633015,530730103011.0
b2b-39347,32400,530330315021,43200,-121.35038596453016,47.15689119363349,530770015022.0
b2b-30219,30000,530530701001,43200,-121.54325521381088,47.1154042142104,20009.0
b2b-13312,28800,530330226051,43200,-122.1572495821512,47.70874201576565,530330226051.0
b2b-28797,34200,530530732003,43200,-122.24070890083723,46.779553754471394,530110412031.0
b2b-28156,36600,530539400101,43200,-122.31648048532443,47.21474337338707,530539400101.0
b2b-43292,40800,530330253022,43200,-122.21599319435936,47.47716902453649,530330253022.0
b2b-12557,22800,530330228033,43200,-122.14030122745382,47.6385904630613,530330228033.0
b2b-19619,57600,530530732003,43200,-122.24070890083723,46.779553754471394,530110430001.0
b2b-11779,22800,530610419011,43200,-122.28159722322312,47.88968479649922,530610419011.0
b2b-34048,19800,530530701001,43200,-121.54325521381088,47.1154042142104,20009.0
b2b-17100,34800,530330305011,43200,-122.22497924774048,47.32984769167292,530330305011.0
b2b-37082,28800,530330292061,43200,-122.24469821499332,47.4277624117426,530330292061.0
b2b-44181,39600,530330300034,43200,-122.31537682732626,47.372448076062376,530330300034.0
b2b-6602,31800,530530732003,43200,-122.24070890083723,46.779553754471394,410510007023.0
b2b-578,31800,530530701001,43200,-121.54325521381088,47.1154042142104,530779400023.0
b2b-55444,22800,530330292061,43200,-122.2459874160508,47.40622966331869,530330292061.0
b2b-6408,45000,530530732003,43200,-122.24070890083723,46.779553754471394,410510024023.0
b2b-48843,35400,530530731101,43200,-122.24159243478418,47.13722606363144,530530731101.0
b2b-10518,33000,530530732004,43200,-122.24497881306635,46.91507326147312,20010.0
b2b-10214,38400,530530701001,43200,-121.54325521381088,47.1154042142104,20071.0
b2b-59256,39600,530610537001,43200,-121.19835975276254,48.11551522486367,530630114003.0
b2b-22028,27600,530530732003,43200,-122.24070890083723,46.779553754471394,530110413274.0
b2b-51575,19200,530530718071,43200,-122.4885730312002,47.17231846271745,530530718071.0
b2b-52255,30000,530610537001,43200,-121.19835975276254,48.11551522486367,530630122001.0
b2b-17787,51000,530330219061,43200,-122.1585949239602,47.74121901941484,530330219061.0
b2b-29645,28800,530330292061,43200,-122.2459874160508,47.40622966331869,530330292061.0
b2b-48379,34800,530530616021,43200,-122.43642112072332,47.23899334502689,530530616021.0
b2b-33129,17400,530530732004,43200,-122.24497881306635,46.91507326147312,20012.0
b2b-371,27000,530610408002,43200,-122.20740921411743,47.97867025191261,530610408002.0
b2b-19428,24600,530330047002,43200,-122.3698205023,47.66031517334816,530330047002.0
b2b-59353,29400,530610537001,43200,-121.19835975276254,48.11551522486367,530630104012.0
b2b-25070,36600,530330323133,43200,-122.09222903536138,47.67401505719557,530330323133.0
b2b-59453,27600,530350901013,43200,-122.57458089458235,47.80213727848843,530350901013.0
b2b-21241,21600,530330047004,43200,-122.38691925992866,47.66692840749207,530330047004.0
b2b-25216,42600,530330292061,43200,-122.24472160310586,47.43301366786744,530330292061.0
b2b-18292,24000,530330093003,43200,-122.34251635817526,47.56548142254519,530330093003.0
b2b-54019,28800,530530701001,43200,-121.54325521381088,47.1154042142104,20070.0
b2b-42823,30000,530530701001,43200,-121.54325521381088,47.1154042142104,20095.0
b2b-54922,25200,530330292061,43200,-122.22834520138616,47.42187038261192,530330292061.0
b2b-56663,40200,530330296015,43200,-122.1786390340595,47.36334532684996,530330296015.0
b2b-35572,30000,530330320111,43200,-122.02526422994526,47.368468563369326,530330320111.0
b2b-57645,44400,530330316042,43200,-122.0214369463328,47.36095983810701,530330316042.0
b2b-59832,21600,530350921003,43200,-122.70145535090845,47.52737227224964,530350921003.0
b2b-2694,30600,530530732003,43200,-122.24070890083723,46.779553754471394,410099709001.0
b2b-56037,27600,530530617001,43200,-122.445635928677,47.23544174902543,530530617001.0
b2b-5044,27000,530330219054,43200,-122.17601104993004,47.734492466552766,530330219054.0
b2b-17149,7800,530330305011,43200,-122.22497924774048,47.32984769167292,530330305011.0
b2b-21189,45000,530330218021,43200,-122.18304714101428,47.77025360620096,530330218021.0
b2b-1591,30600,530619400013,43200,-122.2272910703715,48.03943271957053,530619400013.0
b2b-26140,29400,530610537001,43200,-121.19835975276254,48.11551522486367,530630114003.0
b2b-11416,34200,530330308013,43200,-122.22650221195384,47.27844420070505,530330308013.0
b2b-17215,42000,530330048003,43200,-122.35814213103856,47.65457889789886,530330048003.0
b2b-14074,28200,530330323133,43200,-122.0953085966017,47.67324070348591,530330323133.0
b2b-47493,38400,530530724071,43200,-122.58469873852542,47.31100297288058,530530724071.0
b2b-32121,44400,530530701001,43200,-121.54325521381088,47.1154042142104,20095.0
b2b-26345,24600,530539400101,43200,-122.30406529956942,47.20611695562632,530539400101.0
b2b-37195,27000,530610533014,43200,-122.36753432018811,48.24860364633015,530579519002.0
b2b-39768,36600,530330315021,43200,-121.35038596453016,47.15689119363349,530770028012.0
b2b-42902,17400,530530718071,43200,-122.50070941901063,47.17073053792024,530530718071.0
b2b-34117,26400,530530701001,43200,-121.54325521381088,47.1154042142104,20009.0
b2b-21843,36000,530530732003,43200,-122.24070890083723,46.779553754471394,410510073001.0
b2b-40139,21000,530530732004,43200,-122.24497881306635,46.91507326147312,20012.0
b2b-41423,8400,530530729061,43200,-122.55058881309056,47.05402215230165,530670126101.0
b2b-45434,22200,530330305011,43200,-122.22671574866683,47.33904656717105,530330305011.0
b2b-13400,27000,530330292061,43200,-122.23388246150634,47.4201940244546,530330292061.0
b2b-34737,49800,530610522041,43200,-122.00213086394702,47.86561238089006,530610522041.0
b2b-37823,42600,530330328003,43200,-121.0994620763074,47.70432736556717,530079610001.0
b2b-27477,24000,530539400101,43200,-122.30451091807195,47.20665345501683,530539400101.0
b2b-37934,36000,530610533021,43200,-122.23890985949284,48.26560079125508,530730102001.0
b2b-2097,30000,530610528032,43200,-122.1744702146517,48.11467687267971,530610528032.0
b2b-31148,24600,530530732004,43200,-122.24497881306635,46.91507326147312,20013.0
b2b-24341,25200,530330292061,43200,-122.22834520138616,47.42187038261192,530330292061.0
b2b-24590,9600,530330292061,43200,-122.24241295312764,47.43136438138057,530330292061.0
b2b-50605,29400,530530718071,43200,-122.48928028096508,47.17188176323096,530530718071.0
b2b-4087,31800,530330219061,43200,-122.15868398672684,47.74126755072787,530330219061.0
b2b-59124,33000,530330305011,43200,-122.2272751478699,47.33653314468699,530330305011.0
b2b-27071,34800,530330314004,43200,-121.99779172024172,47.20697561366894,530330314004.0
b2b-23905,31800,530330262001,43200,-122.23208131574492,47.470716932547,530330262001.0
b2b-32922,34800,530530732004,43200,-122.24497881306635,46.91507326147312,20010.0
b2b-3841,44400,530610537001,43200,-121.19835975276254,48.11551522486367,530630141002.0
b2b-8777,22800,530530732004,43200,-122.24497881306635,46.91507326147312,20012.0
b2b-18144,28800,530330292061,43200,-122.24450591999772,47.43196538436349,530330292061.0
b2b-37406,39000,530530732004,43200,-122.24497881306635,46.91507326147312,20010.0
b2b-56171,43800,530539400101,43200,-122.3321700763644,47.21474768619687,530539400101.0
b2b-7826,28200,530610533024,43200,-122.34074561477298,48.27571154986818,530579526003.0
b2b-43998,22800,530330265002,43200,-122.3431011623761,47.51325975581829,530330265002.0
b2b-54486,23400,530539400022,43200,-122.35799177341411,47.24698856781136,530539400022.0
b2b-21406,29400,530330058022,43200,-122.37546351295111,47.63250629551509,530330058022.0
b2b-8922,30000,530530732004,43200,-122.24497881306635,46.91507326147312,20012.0
b2b-20350,22800,530330292061,43200,-122.24736954260648,47.389772462432845,530330292061.0
b2b-9319,24600,530530701001,43200,-121.54325521381088,47.1154042142104,20009.0
b2b-47603,27000,530530626001,43200,-122.48238892206057,47.22086668279009,530530626001.0
b2b-58264,49800,530530602001,43200,-122.3949944462942,47.26155867939016,530530602001.0
b2b-40243,21600,530330315021,43200,-121.35038596453016,47.15689119363349,530770015022.0
b2b-37701,43200,530330328003,43200,-121.0994620763074,47.70432736556717,530079610001.0
b2b-6292,32400,530610419032,43200,-122.26843387762376,47.91726990385733,530610419032.0
b2b-48005,47400,530530732003,43200,-122.24070890083723,46.779553754471394,410050215002.0
b2b-8689,29400,530330032003,43200,-122.39343452189117,47.66760576356018,530330032003.0
b2b-16083,21600,530330109001,43200,-122.30471374153352,47.53323210364925,530330109001.0
b2b-20844,31800,530530732003,43200,-122.24070890083723,46.779553754471394,410050215002.0
b2b-6445,31800,530610535091,43200,-122.14786381644784,48.17089409242527,530610535091.0
b2b-39355,51600,530330315021,43200,-121.35038596453016,47.15689119363349,530770001002.0
b2b-51216,18000,530330305011,43200,-122.22992751854756,47.34359358883764,530330305011.0
b2b-4031,37200,530610537002,43200,-121.74314200097383,48.28063880222151,530610537002.0
b2b-51336,27000,530330292061,43200,-122.22834520138616,47.42187038261192,530330292061.0
b2b-33546,28800,530530732004,43200,-122.24497881306635,46.91507326147312,20012.0
b2b-7183,32400,530330292061,43200,-122.24032850745012,47.4188307692889,530330292061.0
b2b-39517,39000,530610537001,43200,-121.19835975276254,48.11551522486367,530630137001.0
b2b-7769,27000,530610533014,43200,-122.36753432018811,48.24860364633015,530579404003.0
b2b-47402,42600,530530725071,43200,-122.60345620549964,47.33921326535917,530530725071.0
b2b-14703,35400,530330305011,43200,-122.23751303859088,47.30749999733415,530330305011.0
b2b-30243,39600,530330219054,43200,-122.17601104993004,47.734492466552766,530330219054.0
b2b-2482,33000,530610536041,43200,-121.98026287854142,48.08533068538288,530610536041.0
b2b-21276,28800,530330109001,43200,-122.327718231338,47.53992205805835,530330109001.0
b2b-47634,38400,530530730061,43200,-122.3464165120801,46.92550674265296,530419712001.0
b2b-41206,22200,530610537001,43200,-121.19835975276254,48.11551522486367,530630112014.0
b2b-16280,17400,530330042003,43200,-122.2938426634567,47.66371920442994,530330042003.0
b2b-38354,28200,530330292061,43200,-122.24754827236004,47.42974320568393,530330292061.0
b2b-22382,29400,530330112001,43200,-122.33227885206496,47.53199660801611,530330112001.0
b2b-40977,30000,530330315021,43200,-121.35038596453016,47.15689119363349,530770001002.0
b2b-47899,37800,530530724084,43200,-122.57298037502004,47.26707762724318,530530724084.0
b2b-58030,18000,530330284024,43200,-122.32605107640192,47.44369649531482,530330284024.0
b2b-36666,28200,530330315021,43200,-121.35038596453016,47.15689119363349,530719200002.0
b2b-59548,35400,530350907003,43200,-122.51489650744216,47.694045742545406,530350907003.0
b2b-36539,21600,530610537001,43200,-121.19835975276254,48.11551522486367,530630112014.0
b2b-32485,47400,530330305011,43200,-122.22964580068496,47.34441405773616,530330305011.0
b2b-16864,34800,530330226052,43200,-122.14424617896135,47.6838583267566,530330226052.0
b2b-36558,44400,530530732003,43200,-122.24070890083723,46.779553754471394,530110426003.0
b2b-15506,23400,530330093002,43200,-122.32770396922236,47.59550912228994,530330093002.0
b2b-17222,42000,530330093003,43200,-122.32025969530348,47.55415062938149,530330093003.0
b2b-24021,22800,530330292061,43200,-122.2459874160508,47.40622966331869,530330292061.0
b2b-56355,31800,530539400101,43200,-122.29134378128698,47.21053068660679,530539400101.0
b2b-54607,13800,530330262001,43200,-122.23208131574492,47.470716932547,530330262001.0
b2b-39562,31200,530610537001,43200,-121.19835975276254,48.11551522486367,530630114003.0
b2b-53819,27600,530530712071,43200,-122.27350799449025,47.158074448936254,530530712071.0
b2b-52086,37800,530610537001,43200,-121.19835975276254,48.11551522486367,20041.0
b2b-1797,31800,530610538024,43200,-121.795172666384,47.86520868847544,530610538024.0
b2b-728,33000,530610413042,43200,-122.24831293530252,47.93020111287522,530610413042.0
b2b-57160,43800,530539400101,43200,-122.33354651336224,47.21912577488827,530539400101.0
b2b-49117,31200,530530725053,43200,-122.59667169736016,47.34771364813107,530530725053.0
b2b-53118,32400,530530701001,43200,-121.54325521381088,47.1154042142104,20009.0
b2b-5631,34800,530330093002,43200,-122.33239672143424,47.58809148769889,530330093002.0
b2b-52466,43200,530530732004,43200,-122.24497881306635,46.91507326147312,20010.0
b2b-13590,30600,530530732003,43200,-122.24070890083723,46.779553754471394,410050235003.0
b2b-53068,34200,530530701001,43200,-121.54325521381088,47.1154042142104,20009.0
b2b-55491,34800,530530732003,43200,-122.24070890083723,46.779553754471394,410050203021.0
b2b-53579,49200,530610533014,43200,-122.36753432018811,48.24860364633015,530579521003.0
b2b-5899,42000,530610519121,43200,-122.1509224521577,47.77750202278584,530610519121.0
b2b-31414,37800,530330315021,43200,-121.35038596453016,47.15689119363349,20033.0
b2b-1458,22200,530610408002,43200,-122.21827475669602,47.98209850822149,530610408002.0
b2b-53035,22200,530530732004,43200,-122.24497881306635,46.91507326147312,20012.0
b2b-9516,31200,530530732003,43200,-122.24070890083723,46.779553754471394,410510011011.0
b2b-40314,19800,530530732003,43200,-122.24070890083723,46.779553754471394,410510073001.0
b2b-36281,29400,530530732003,43200,-122.24070890083723,46.779553754471394,410510073001.0
b2b-50549,24000,530530718071,43200,-122.4900747858049,47.17243924661469,530530718071.0
b2b-10136,35400,530530732003,43200,-122.24070890083723,46.779553754471394,410510043001.0
b2b-37972,31200,530610533014,43200,-122.36753432018811,48.24860364633015,530730004003.0
b2b-27147,33600,530539400101,43200,-122.30406529956942,47.20611695562632,530539400101.0
b2b-14998,26400,530530732003,43200,-122.24070890083723,46.779553754471394,410670320011.0
b2b-22643,35400,530530726032,43200,-122.77381803555257,47.184454997543526,530670120002.0
b2b-6464,28200,530330112001,43200,-122.33287259204135,47.53143147629124,530330112001.0
b2b-7511,40200,530330315021,43200,-121.35038596453016,47.15689119363349,20048.0
b2b-12564,22800,530330228033,43200,-122.14030122745382,47.6385904630613,530330228033.0
b2b-60289,26400,530530701001,43200,-121.54325521381088,47.1154042142104,20095.0
b2b-42698,28200,530530732004,43200,-122.24497881306635,46.91507326147312,20012.0
b2b-6282,24600,530610535091,43200,-122.14786381644784,48.17089409242527,530610535091.0
b2b-28535,32400,530330112001,43200,-122.33227885206496,47.53199660801611,530330112001.0
b2b-5289,34200,530330264005,43200,-122.32796798630088,47.51839430843621,530330264005.0
b2b-36916,35400,530330305011,43200,-122.2301885115014,47.341834787649255,530330305011.0
b2b-1052,30000,530610413041,43200,-122.28285726649835,47.95286799419175,530610413041.0
b2b-13075,36000,530330283003,43200,-122.26356463407316,47.43376049891164,530330283003.0
b2b-20781,31800,530330323191,43200,-122.1476668430792,47.77185080145393,530330323191.0
b2b-108,36600,530610519252,43200,-122.1991094801941,47.79791074671194,530610519252.0
b2b-14146,28200,530330323133,43200,-122.0953085966017,47.67324070348591,530330323133.0
b2b-50201,42000,530530732003,43200,-122.24070890083723,46.779553754471394,530110410052.0
b2b-42930,39000,530330284024,43200,-122.29258998292704,47.458908818853615,530330284024.0
b2b-28845,42000,530530732003,43200,-122.24070890083723,46.779553754471394,410510073001.0
b2b-15500,23400,530330093002,43200,-122.32770396922236,47.59550912228994,530330093002.0
b2b-37532,32400,530530732004,43200,-122.24497881306635,46.91507326147312,20014.0
b2b-11748,48600,530610535052,43200,-122.03106139850598,48.10830016494173,530610535052.0
b2b-4952,34200,530330263002,43200,-122.29034760404986,47.50675431311565,530330263002.0
b2b-25253,25800,530330305011,43200,-122.22992751854756,47.34359358883764,530330305011.0
b2b-14309,23400,530330228033,43200,-122.13088404487657,47.641673684294766,530330228033.0
b2b-6073,52200,530610535091,43200,-122.15577642818684,48.15652609289869,530610535091.0
b2b-22269,44400,530330292061,43200,-122.26172450913342,47.39944206804464,530330292061.0
b2b-18767,16200,530330328003,43200,-121.0994620763074,47.70432736556717,530079606001.0
b2b-15815,29400,530330305011,43200,-122.23779868805818,47.30533831017567,530330305011.0
b2b-18811,34800,530330288013,43200,-122.30029247237064,47.41027486669926,530330288013.0
b2b-1610,34800,530610533011,43200,-122.33216353995827,48.23999241824277,530610533011.0
b2b-53758,21600,530530732003,43200,-122.24070890083723,46.779553754471394,410430306003.0
b2b-25723,31800,530330323133,43200,-122.08610118963196,47.67258814227379,530330323133.0
b2b-52875,25800,530530701001,43200,-121.54325521381088,47.1154042142104,20009.0
b2b-70,52800,530610537001,43200,-121.19835975276254,48.11551522486367,530630122001.0
b2b-54843,28800,530530732003,43200,-122.24070890083723,46.779553754471394,410670304013.0
b2b-30336,26400,530330314004,43200,-121.99779172024172,47.20697561366894,530330314004.0
b2b-44003,28800,530330292061,43200,-122.24654490161888,47.406459444567375,530330292061.0
b2b-8278,35400,530330237001,43200,-122.1698806056832,47.62581212961685,530330237001.0
b2b-33100,37200,530530732004,43200,-122.24497881306635,46.91507326147312,20012.0
b2b-12991,38400,530330305011,43200,-122.23365186191168,47.31231621291003,530330305011.0
b2b-2902,23400,530610535091,43200,-122.14806955460804,48.17086268059573,530610535091.0
b2b-16759,23400,530330228033,43200,-122.1249824309002,47.64467116789906,530330228033.0
b2b-54436,37200,530530718071,43200,-122.48907260111817,47.17391246519728,530530718071.0
b2b-16834,23400,530330228033,43200,-122.1249824309002,47.64467116789906,530330228033.0
b2b-58020,15000,530530720002,43200,-122.53007279322574,47.12047227014875,530530720002.0
b2b-53523,40200,530610533014,43200,-122.36753432018811,48.24860364633015,530730002003.0
b2b-13937,42600,530330109001,43200,-122.3166606966175,47.53377723229583,530330109001.0
b2b-53684,43800,530610419032,43200,-122.26846670034529,47.91993930152732,530610419032.0
b2b-28834,30000,530530732003,43200,-122.24070890083723,46.779553754471394,530110426003.0
b2b-6566,20400,530610515002,43200,-122.31703503276825,47.82034412550497,530610515002.0
b2b-10736,33000,530539400101,43200,-122.30653677963012,47.21171695998523,530539400101.0
b2b-1964,37800,530610519052,43200,-122.26239617154806,47.82349372673194,530610519052.0
b2b-7799,42600,530610533014,43200,-122.36753432018811,48.24860364633015,530579519002.0
b2b-9493,33600,530530732003,43200,-122.24070890083723,46.779553754471394,410430306003.0
b2b-27987,30000,530330314004,43200,-121.99779172024172,47.20697561366894,530330314004.0
b2b-45674,24600,530330093003,43200,-122.32601381377228,47.571138483401306,530330093003.0
b2b-3621,21000,530530701001,43200,-121.54325521381088,47.1154042142104,20071.0
b2b-18007,31200,530330081003,43200,-122.33940759252091,47.60684900744318,530330081003.0
b2b-35390,15600,530610533021,43200,-122.23890985949284,48.26560079125508,530730102001.0
b2b-37625,36600,530530732004,43200,-122.24497881306635,46.91507326147312,20014.0
b2b-35475,24600,530330303132,43200,-122.31905535570804,47.29651615727096,530330303132.0
b2b-1205,33000,530610529032,43200,-122.18207373114356,48.05922538405052,530610529032.0
b2b-9165,31200,530530732004,43200,-122.24497881306635,46.91507326147312,20012.0
b2b-27667,28200,530330284024,43200,-122.29258998292704,47.458908818853615,530330284024.0
b2b-60995,33600,530530732003,43200,-122.24070890083723,46.779553754471394,410510011011.0
b2b-53715,27000,530530732003,43200,-122.24070890083723,46.779553754471394,530110412031.0
b2b-43608,22200,530530732003,43200,-122.24070890083723,46.779553754471394,410510072021.0
b2b-25304,34200,530330324011,43200,-121.98779991779364,47.73411298745755,530330324011.0
b2b-8880,21000,530530732004,43200,-122.24497881306635,46.91507326147312,20012.0
b2b-27736,25800,530330219054,43200,-122.17601104993004,47.734492466552766,530330219054.0
b2b-9545,48600,530610533021,43200,-122.23890985949284,48.26560079125508,530730102001.0
b2b-49004,42000,530530704012,43200,-122.23291806129303,47.14859435600086,530530704012.0
b2b-58149,19800,530330297004,43200,-122.23489234123154,47.36909257161937,530330297004.0
b2b-36649,30000,530330315021,43200,-121.35038596453016,47.15689119363349,530210201001.0
b2b-29982,28200,530330292061,43200,-122.2214180174674,47.40618539074897,530330292061.0
b2b-25258,25800,530330305011,43200,-122.22992751854756,47.34359358883764,530330305011.0
b2b-23451,45600,530530726032,43200,-122.77381803555257,47.184454997543526,530670119002.0
b2b-51636,34800,530530720002,43200,-122.53020686900938,47.12115984586613,530530720002.0
b2b-37592,12000,530530732004,43200,-122.24497881306635,46.91507326147312,20014.0
b2b-53713,18600,530530718071,43200,-122.4885730312002,47.17231846271745,530530718071.0
b2b-49336,34800,530530714063,43200,-122.3753899091584,47.08048469084879,530530714063.0
b2b-36532,22800,530610537001,43200,-121.19835975276254,48.11551522486367,530630136002.0
b2b-59011,14400,530330292061,43200,-122.24469821499332,47.4277624117426,530330292061.0
b2b-14362,34200,530530730061,43200,-122.3464165120801,46.92550674265296,530150003001.0
b2b-59498,4800,530359401002,43200,-122.55948086192949,47.728189404653776,530359401002.0
b2b-18547,18600,530530726023,43200,-122.81869875074756,47.26529584078148,530459613001.0
b2b-11575,49800,530610533021,43200,-122.23890985949284,48.26560079125508,530730102001.0
b2b-5121,34800,530330112001,43200,-122.3214141584895,47.52232063451912,530330112001.0
b2b-38675,24600,530610537001,43200,-121.19835975276254,48.11551522486367,20034.0
b2b-56133,6600,530330253012,43200,-122.2011114736376,47.51926391009713,530330253012.0
b2b-33132,31800,530530732004,43200,-122.24497881306635,46.91507326147312,20012.0
b2b-40625,34800,530330315021,43200,-121.35038596453016,47.15689119363349,530779400022.0
b2b-23519,36600,530530729061,43200,-122.55058881309056,47.05402215230165,530670123201.0
b2b-25781,31200,530330320111,43200,-122.0228827412936,47.36910189719495,530330320111.0
b2b-50800,31200,530330303092,43200,-122.33023539790712,47.30108945693576,530330303092.0
b2b-26148,14400,530530732003,43200,-122.24070890083723,46.779553754471394,410510007023.0
b2b-16413,25800,530330061001,43200,-122.31761928380271,47.64776365228689,530330061001.0
b2b-26170,23400,530530732003,43200,-122.24070890083723,46.779553754471394,410510073001.0
b2b-18635,46200,530330093003,43200,-122.32271565383468,47.568888622127766,530330093003.0
b2b-39225,29400,530330322083,43200,-122.0430602331918,47.55012213284945,530330322083.0
b2b-8989,34800,530530732004,43200,-122.24497881306635,46.91507326147312,20012.0
b2b-15813,29400,530330305011,43200,-122.23779868805818,47.30533831017567,530330305011.0
b2b-49585,51000,530530712101,43200,-122.23504200103687,47.18580300241646,530530712101.0
b2b-47983,32400,530530626001,43200,-122.4485368785706,47.233137079015954,530530626001.0
b2b-52458,36000,530330292061,43200,-122.22834520138616,47.42187038261192,530330292061.0
b2b-41532,35400,530530732003,43200,-122.24070890083723,46.779553754471394,410510072021.0
b2b-12562,22800,530330228033,43200,-122.14030122745382,47.6385904630613,530330228033.0
b2b-12939,28800,530330080021,43200,-122.34149847986428,47.611571361607695,530330080021.0
b2b-1605,40200,530530732003,43200,-122.24070890083723,46.779553754471394,410050206003.0
b2b-53182,42000,530539400101,43200,-122.33354651336224,47.21912577488827,530539400101.0
b2b-26651,31800,530330284024,43200,-122.29258998292704,47.458908818853615,530330284024.0
b2b-5305,30000,530610521083,43200,-122.10810165997442,47.81450505250156,530610521083.0
b2b-30696,42000,530530701001,43200,-121.54325521381088,47.1154042142104,20009.0
b2b-55762,40200,530539400101,43200,-122.30426664876722,47.21483030744824,530539400101.0
b2b-43201,29400,530530729061,43200,-122.55058881309056,47.05402215230165,530670126102.0
b2b-34611,28200,530610537001,43200,-121.19835975276254,48.11551522486367,20127.0
b2b-44712,33000,530330297004,43200,-122.23489234123154,47.36909257161937,530330297004.0
b2b-21934,28200,530530732003,43200,-122.24070890083723,46.779553754471394,410510072021.0
b2b-35281,28200,530610533021,43200,-122.23890985949284,48.26560079125508,530730102001.0
b2b-20534,27600,530330047004,43200,-122.37900770554695,47.66642793673384,530330047004.0
b2b-30348,22800,530330071001,43200,-122.3607157802324,47.62277408295152,530330071001.0
b2b-6066,25800,530610413042,43200,-122.25208503289907,47.92635492941787,530610413042.0
b2b-27623,24000,530530732003,43200,-122.24070890083723,46.779553754471394,410470025021.0
b2b-28322,32400,530610515002,43200,-122.31703503276825,47.82034412550497,530610515002.0
b2b-19846,39000,530530726032,43200,-122.77381803555257,47.184454997543526,530670110001.0
b2b-51647,42600,530530718071,43200,-122.4900747858049,47.17243924661469,530530718071.0
b2b-13776,37800,530330093003,43200,-122.32546871092563,47.564784058743726,530330093003.0
b2b-23472,1800,530530728001,43200,-122.6498514398432,47.10126306338846,530670122222.0
b2b-14246,23400,530330316034,43200,-121.9745412148966,47.358372114878726,530330316034.0
b2b-41188,38400,530530701001,43200,-121.54325521381088,47.1154042142104,20118.0
b2b-32912,34800,530530732004,43200,-122.24497881306635,46.91507326147312,20010.0
b2b-14172,28200,530330323133,43200,-122.0953085966017,47.67324070348591,530330323133.0
b2b-50582,22200,530530718071,43200,-122.50070941901063,47.17073053792024,530530718071.0
b2b-45761,26400,530330292061,43200,-122.2256308366774,47.409232429736086,530330292061.0
b2b-16012,27600,530330292061,43200,-122.24760263237744,47.40352004594407,530330292061.0
b2b-9060,56400,530530732004,43200,-122.24497881306635,46.91507326147312,20012.0
b2b-30421,27000,530539400101,43200,-122.31636548869008,47.21201426449799,530539400101.0
b2b-34298,35400,530610537001,43200,-121.19835975276254,48.11551522486367,20034.0
b2b-12080,48000,530610533014,43200,-122.36753432018811,48.24860364633015,530730002002.0
b2b-13167,18600,530330058014,43200,-122.37708242127223,47.65163243005478,530330058014.0
b2b-10583,24600,530530626001,43200,-122.48290357322738,47.21925320624676,530530626001.0
b2b-12869,20400,530330080021,43200,-122.34149847986428,47.611571361607695,530330080021.0
b2b-53267,33000,530530616011,43200,-122.43776300444318,47.255231485980175,530530616011.0
b2b-48938,51000,530530729061,43200,-122.55058881309056,47.05402215230165,530419711001.0
b2b-26177,52800,530530732003,43200,-122.24070890083723,46.779553754471394,410510073001.0
b2b-42219,18600,530530732003,43200,-122.24070890083723,46.779553754471394,410530052024.0
b2b-36307,28800,530610537001,43200,-121.19835975276254,48.11551522486367,530630114003.0
b2b-44301,34200,530330093003,43200,-122.33520977550089,47.57459834722115,530330093003.0
b2b-52707,22800,530530732003,43200,-122.24070890083723,46.779553754471394,410670320051.0
b2b-6970,30000,530330303132,43200,-122.31058561825375,47.29637046051421,530330303132.0
b2b-12395,31200,530330305011,43200,-122.23701468075456,47.31076656320132,530330305011.0
b2b-47218,41400,530530713051,43200,-122.39856159946636,47.14627636177037,530530713051.0
b2b-13820,30000,530330218021,43200,-122.18474513918032,47.77203185836266,530330218021.0
b2b-45882,21000,530530731081,43200,-122.34610565052866,47.09770592519924,530530731081.0
b2b-59430,32400,530350909001,43200,-122.52308114123028,47.62572557393933,530350909001.0
b2b-15842,27000,530530732003,43200,-122.24070890083723,46.779553754471394,410510011021.0
b2b-41631,32400,530530732004,43200,-122.24497881306635,46.91507326147312,20014.0
b2b-7801,28200,530610533014,43200,-122.36753432018811,48.24860364633015,530579519002.0
b2b-31304,31200,530610535091,43200,-122.15577642818684,48.15652609289869,530610535091.0
b2b-12579,22800,530330228033,43200,-122.14030122745382,47.6385904630613,530330228033.0
b2b-20221,24000,530530726032,43200,-122.77381803555257,47.184454997543526,530670110001.0
b2b-10403,25200,530610533012,43200,-122.33329845364509,48.26704965475196,530610533012.0
b2b-57617,34200,530330099004,43200,-122.3525522092276,47.56898547069012,530330099004.0
b2b-44754,25800,530330292061,43200,-122.22513682781825,47.431742240111376,530330292061.0
b2b-37149,41400,530530732003,43200,-122.24070890083723,46.779553754471394,410430306003.0
b2b-23637,19800,530530718071,43200,-122.48907260111817,47.17391246519728,530530718071.0
b2b-36597,49200,530330315021,43200,-121.35038596453016,47.15689119363349,530210201001.0
b2b-45155,43800,530530732003,43200,-122.24070890083723,46.779553754471394,410510096051.0
b2b-33634,25200,530530732004,43200,-122.24497881306635,46.91507326147312,20012.0
b2b-22989,45000,530330297003,43200,-122.24013980885346,47.379311892414094,530330297003.0
b2b-58170,30600,530530602001,43200,-122.38313938123711,47.27389774205089,530530602001.0
b2b-23695,18000,530530711001,43200,-122.38041889676458,47.17731020982581,530530711001.0
b2b-25961,25800,530610515002,43200,-122.31703503276825,47.82034412550497,530610515002.0
b2b-39192,43200,530530602001,43200,-122.3949944462942,47.26155867939016,530530602001.0
b2b-59225,22800,530530732003,43200,-122.24070890083723,46.779553754471394,410510088001.0
b2b-33833,27000,530530701001,43200,-121.54325521381088,47.1154042142104,20009.0
b2b-4785,39600,530610535052,43200,-122.05686641833832,48.10838425997091,530610535052.0
b2b-58343,27600,530330288021,43200,-122.29490590213018,47.42703440794348,530330288021.0
b2b-55522,44400,530530732003,43200,-122.24070890083723,46.779553754471394,410670320054.0
b2b-60083,43200,530330109001,43200,-122.31615434494384,47.5337116992969,530330109001.0
b2b-30809,33600,530330305011,43200,-122.2465079640396,47.30616777879464,530330305011.0
b2b-19215,37200,530330112001,43200,-122.33215064349903,47.53154045052393,530330112001.0
b2b-55212,34200,530610537001,43200,-121.19835975276254,48.11551522486367,530630122001.0
b2b-33999,23400,530530701001,43200,-121.54325521381088,47.1154042142104,20009.0
b2b-14218,25800,530330323133,43200,-122.0953085966017,47.67324070348591,530330323133.0
b2b-15027,34200,530330052002,43200,-122.31975117984472,47.654568360364365,530330052002.0
b2b-57860,24600,530330288013,43200,-122.30327865099872,47.422202451478086,530330288013.0
b2b-7602,26400,530530701001,43200,-121.54325521381088,47.1154042142104,20118.0
b2b-25190,54000,530350918001,43200,-122.62781728669088,47.608233520262566,530350918001.0
b2b-25151,32400,530330292061,43200,-122.22834520138616,47.42187038261192,530330292061.0
b2b-17204,37800,530330093003,43200,-122.33505093658282,47.56747762724246,530330093003.0
b2b-38771,24600,530610537001,43200,-121.19835975276254,48.11551522486367,20034.0
b2b-6418,32400,530530701001,43200,-121.54325521381088,47.1154042142104,20118.0
b2b-23311,51000,530330265002,43200,-122.3431011623761,47.51325975581829,530330265002.0
b2b-15263,58200,530330327043,43200,-121.79546740160409,47.50600655824061,530330327043.0
b2b-42877,19200,530530701001,43200,-121.54325521381088,47.1154042142104,20095.0
b2b-31292,17400,530330292061,43200,-122.23621008586612,47.40667844907961,530330292061.0
b2b-24364,45600,530350921002,43200,-122.74972125078992,47.500019217472826,530350921002.0
b2b-26428,25200,530330263002,43200,-122.29034760404986,47.50675431311565,530330263002.0
b2b-26048,33000,530330320111,43200,-122.02526422994526,47.368468563369326,530330320111.0
b2b-14413,28200,530330308011,43200,-122.237371961556,47.28528361092845,530330308011.0
b2b-9903,35400,530610537001,43200,-121.19835975276254,48.11551522486367,20066.0
b2b-45069,34800,530330292061,43200,-122.22647674583511,47.42932902639205,530330292061.0
b2b-56887,32400,530610533014,43200,-122.36753432018811,48.24860364633015,530730103011.0
b2b-27343,33600,530330305011,43200,-122.22964580068496,47.34441405773616,530330305011.0
b2b-26282,23400,530530626001,43200,-122.48142674423129,47.22315676250872,530530626001.0
b2b-17603,27000,530530732003,43200,-122.24070890083723,46.779553754471394,410510043001.0
b2b-12861,31800,530330080021,43200,-122.34149847986428,47.611571361607695,530330080021.0
b2b-33611,27600,530530732004,43200,-122.24497881306635,46.91507326147312,20012.0
b2b-53272,28200,530330265002,43200,-122.3431011623761,47.51325975581829,530330265002.0
b2b-16127,17400,530330109001,43200,-122.30471374153352,47.53323210364925,530330109001.0
b2b-42975,45600,530610535091,43200,-122.15577642818684,48.15652609289869,530610535091.0
b2b-8818,24000,530530732004,43200,-122.24497881306635,46.91507326147312,20012.0
b2b-52416,38400,530330292061,43200,-122.23652142574775,47.40187715022393,530330292061.0
b2b-15971,27600,530330292061,43200,-122.24760263237744,47.40352004594407,530330292061.0
b2b-31084,34800,530530732003,43200,-122.24070890083723,46.779553754471394,410050227071.0
b2b-1550,42600,530530729061,43200,-122.55058881309056,47.05402215230165,530670108005.0
b2b-14905,39600,530330058023,43200,-122.38195311688298,47.643118093551024,530330058023.0
b2b-35091,21600,530610533014,43200,-122.36753432018811,48.24860364633015,530730002001.0
b2b-43796,15600,530610534001,43200,-122.1788962996328,48.270180743276,530730102002.0
b2b-21910,40200,530530732003,43200,-122.24070890083723,46.779553754471394,530110412031.0
b2b-55054,51600,530330315021,43200,-121.35038596453016,47.15689119363349,20117.0
b2b-15967,27600,530330292061,43200,-122.24760263237744,47.40352004594407,530330292061.0
b2b-28606,19800,530610533014,43200,-122.36753432018811,48.24860364633015,530730004003.0
b2b-52134,34800,530610537001,43200,-121.19835975276254,48.11551522486367,20041.0
b2b-52018,31800,530530732003,43200,-122.24070890083723,46.779553754471394,410510102001.0
b2b-34269,24600,530530701001,43200,-121.54325521381088,47.1154042142104,20009.0
b2b-43488,27000,530530729061,43200,-122.55058881309056,47.05402215230165,530699501003.0
b2b-3358,18600,530530732003,43200,-122.24070890083723,46.779553754471394,530110408081.0
b2b-55847,23400,530530730061,43200,-122.3464165120801,46.92550674265296,410710304002.0
b2b-9331,25800,530530701001,43200,-121.54325521381088,47.1154042142104,20009.0
b2b-10597,21600,530330292061,43200,-122.23652142574775,47.40187715022393,530330292061.0
b2b-16852,23400,530330228033,43200,-122.1249824309002,47.64467116789906,530330228033.0
b2b-419,25800,530610420053,43200,-122.32046197827928,47.89724009194997,530610420053.0
b2b-3698,34800,530610537002,43200,-121.80624488385808,48.27614452791176,530610537002.0
b2b-19514,36000,530530730061,43200,-122.3464165120801,46.92550674265296,530419712001.0
b2b-8123,12000,530330265002,43200,-122.35100632242614,47.5131498605928,530330265002.0
b2b-26378,27000,530530626002,43200,-122.4752737014249,47.2220377125313,530530626002.0
b2b-43511,31800,530530715034,43200,-122.46450215703308,47.1497702390399,530530715034.0
b2b-38037,31800,530530732003,43200,-122.24070890083723,46.779553754471394,410510072021.0
b2b-57549,42000,530330312024,43200,-122.02081244450108,47.24341187688248,530330312024.0
b2b-18664,39000,530350920001,43200,-122.91991165827092,47.56116684098547,530459602001.0
b2b-41526,18000,530530732003,43200,-122.24070890083723,46.779553754471394,530110403023.0
b2b-47616,28200,530530717041,43200,-122.47249384256592,47.16387270285167,530530717041.0
b2b-47789,31200,530530717041,43200,-122.4712763295963,47.16245750594568,530530717041.0
b2b-21663,34800,530330305011,43200,-122.22992751854756,47.34359358883764,530330305011.0
b2b-46416,43200,530530732003,43200,-122.24070890083723,46.779553754471394,410510072021.0
b2b-41679,39600,530530701001,43200,-121.54325521381088,47.1154042142104,20095.0
b2b-18548,11400,530530726023,43200,-122.81869875074756,47.26529584078148,530459613001.0
b2b-53552,43800,530610534001,43200,-122.1788962996328,48.270180743276,530730102002.0
b2b-13593,33600,530530730061,43200,-122.3464165120801,46.92550674265296,410099710001.0
b2b-52126,34800,530610537001,43200,-121.19835975276254,48.11551522486367,20041.0
b2b-57437,35400,530330112001,43200,-122.3214141584895,47.52232063451912,530330112001.0
b2b-48928,53400,530530729061,43200,-122.55058881309056,47.05402215230165,530419711001.0
b2b-57072,22200,530330303092,43200,-122.3284596400524,47.29997376214388,530330303092.0
b2b-43512,24000,530539400101,43200,-122.30933301135236,47.20709860565505,530539400101.0
b2b-56854,24000,530530732003,43200,-122.24070890083723,46.779553754471394,410510073001.0
b2b-51023,36000,530530718071,43200,-122.4885730312002,47.17231846271745,530530718071.0
b2b-43824,28800,530530732004,43200,-122.24497881306635,46.91507326147312,20011.0
b2b-43347,33000,530330292061,43200,-122.25831070807736,47.42575177183799,530330292061.0
b2b-51392,29400,530530718071,43200,-122.49341371862204,47.173202238566496,530530718071.0
b2b-37160,23400,530530626001,43200,-122.48142674423129,47.22315676250872,530530626001.0
b2b-26085,30600,530330262001,43200,-122.24717181350287,47.44771333927209,530330262001.0
b2b-6257,27000,530530726032,43200,-122.77381803555257,47.184454997543526,530670110001.0
b2b-33045,28200,530530732004,43200,-122.24497881306635,46.91507326147312,20012.0
b2b-27698,27000,530330324011,43200,-121.98779991779364,47.73411298745755,530330324011.0
b2b-56346,42000,530530717032,43200,-122.46189099747022,47.16977400295697,530530717032.0
b2b-6068,25800,530610413042,43200,-122.25208503289907,47.92635492941787,530610413042.0
b2b-531,27600,530610413042,43200,-122.24353271927004,47.92767281571662,530610413042.0
b2b-44312,28800,530330262001,43200,-122.24852962937314,47.451000977703,530330262001.0
b2b-35963,31200,530530732003,43200,-122.24070890083723,46.779553754471394,410510043001.0
b2b-8905,20400,530530732004,43200,-122.24497881306635,46.91507326147312,20012.0
b2b-42193,30600,530610537001,43200,-121.19835975276254,48.11551522486367,530479703006.0
b2b-42082,32400,530330328003,43200,-121.0994620763074,47.70432736556717,530019503003.0
b2b-21030,19200,530330006003,43200,-122.34417413956302,47.72191855973595,530330006003.0
b2b-58689,23400,530330262001,43200,-122.23882546416876,47.454865012052245,530330262001.0
b2b-49935,16800,530530723112,43200,-122.52830030667648,47.23380455469786,530530723112.0
b2b-40103,31200,530530732004,43200,-122.24497881306635,46.91507326147312,20012.0
b2b-59445,27600,530350901013,43200,-122.57458089458235,47.80213727848843,530350901013.0
b2b-13556,51600,530530732003,43200,-122.24070890083723,46.779553754471394,530110413311.0
b2b-6488,25800,530330292061,43200,-122.23621008586612,47.40667844907961,530330292061.0
b2b-2307,33600,530610536023,43200,-121.91303023291992,48.012603920100375,530610536023.0
b2b-34534,18000,530530732004,43200,-122.24497881306635,46.91507326147312,20012.0
b2b-53312,22800,530350809001,43200,-122.6911555536567,47.55968807806008,530350809001.0
b2b-40064,40800,530530732004,43200,-122.24497881306635,46.91507326147312,20012.0
b2b-6821,18000,530530732003,43200,-122.24070890083723,46.779553754471394,410050227072.0
b2b-49503,27000,530330305011,43200,-122.22964580068496,47.34441405773616,530330305011.0
b2b-21208,49200,530330308011,43200,-122.2483454678138,47.29704373384577,530330308011.0
b2b-19858,25200,530530726032,43200,-122.77381803555257,47.184454997543526,530670110001.0
b2b-17308,35400,530330093003,43200,-122.33702311481734,47.57517098076726,530330093003.0
b2b-47207,46800,530530713051,43200,-122.39856159946636,47.14627636177037,530530713051.0
b2b-1267,35400,530610519222,43200,-122.21500074689342,47.79801848331348,530610519222.0
b2b-16046,33600,530330308011,43200,-122.23381576667464,47.27622969882763,530330308011.0
b2b-23827,39600,530610537001,43200,-121.19835975276254,48.11551522486367,530630141002.0
b2b-15764,37800,530330043011,43200,-122.2946845256512,47.66359116350698,530330043011.0
b2b-52104,34800,530610537001,43200,-121.19835975276254,48.11551522486367,20041.0
b2b-9028,28800,530530732004,43200,-122.24497881306635,46.91507326147312,20012.0
b2b-24346,32400,530330324011,43200,-121.98779991779364,47.73411298745755,530330324011.0
b2b-33266,37800,530530732004,43200,-122.24497881306635,46.91507326147312,20012.0
b2b-59912,24600,530610535061,43200,-121.90505639582553,48.26054804302581,530579512001.0
b2b-46324,43800,530530730061,43200,-122.3464165120801,46.92550674265296,410099703001.0
b2b-12825,48000,530330305011,43200,-122.23365186191168,47.31231621291003,530330305011.0
b2b-5331,27000,530330323193,43200,-122.16278940072232,47.757744725044304,530330323193.0
b2b-25912,30600,530330093003,43200,-122.33231170637092,47.56852810250407,530330093003.0
b2b-10687,33600,530610535061,43200,-121.90505639582553,48.26054804302581,530579512001.0
b2b-60976,30600,530350918001,43200,-122.62781728669088,47.608233520262566,530350918001.0
b2b-32740,37200,530610537001,43200,-121.19835975276254,48.11551522486367,530630132021.0
b2b-9531,27600,530610535091,43200,-122.16662838021496,48.1658508360328,530610535091.0
b2b-58481,34800,530330292061,43200,-122.2235835356382,47.41965485155595,530330292061.0
b2b-7601,26400,530530701001,43200,-121.54325521381088,47.1154042142104,20118.0
b2b-20953,29400,530330227012,43200,-122.20072253252042,47.64729419466567,530330227012.0
b2b-56754,22200,530330328003,43200,-121.0994620763074,47.70432736556717,20128.0
b2b-14860,23400,530330220052,43200,-122.18881683400522,47.709526887567215,530330220052.0
b2b-33806,33000,530530701001,43200,-121.54325521381088,47.1154042142104,20009.0
b2b-51326,43800,530539400022,43200,-122.39688590845752,47.24395008519793,530539400022.0
b2b-36665,28200,530330315021,43200,-121.35038596453016,47.15689119363349,530719200002.0
b2b-30704,31800,530530701001,43200,-121.54325521381088,47.1154042142104,20009.0
b2b-35396,16800,530610533014,43200,-122.36753432018811,48.24860364633015,530730002001.0
b2b-25797,33000,530330292061,43200,-122.23621008586612,47.40667844907961,530330292061.0
b2b-17561,28800,530610533014,43200,-122.36753432018811,48.24860364633015,530299715002.0
b2b-25986,22200,530330099004,43200,-122.3525522092276,47.56898547069012,530330099004.0
b2b-1472,22200,530610408002,43200,-122.21827475669602,47.98209850822149,530610408002.0
b2b-40463,30600,530330305011,43200,-122.23814188906644,47.30749356440818,530330305011.0
b2b-29792,38400,530610537001,43200,-121.19835975276254,48.11551522486367,530630114003.0
b2b-30911,31200,530539400101,43200,-122.31648048532443,47.21474337338707,530539400101.0
b2b-15441,24600,530330054003,43200,-122.3416832753556,47.64913895385968,530330054003.0
b2b-14616,32400,530330109001,43200,-122.30411712505558,47.533202152243845,530330109001.0
b2b-14544,32400,530330219061,43200,-122.16493087222396,47.748931352095305,530330219061.0
b2b-45861,37200,530530733013,43200,-122.24721751587464,47.242918390181735,530530733013.0
b2b-8596,45600,530330323133,43200,-122.09222903536138,47.67401505719557,530330323133.0
b2b-26217,42600,530539400101,43200,-122.31648048532443,47.21474337338707,530539400101.0
b2b-54395,48000,530530728001,43200,-122.6498514398432,47.10126306338846,530670122222.0
b2b-9150,30000,530530732004,43200,-122.24497881306635,46.91507326147312,20012.0
b2b-49559,31200,530530629005,43200,-122.47522452732008,47.19275275407967,530530629005.0
b2b-22224,25200,530530732003,43200,-122.24070890083723,46.779553754471394,530110412031.0
b2b-52461,29400,530530732003,43200,-122.24070890083723,46.779553754471394,530110404073.0
b2b-12055,36000,530610533014,43200,-122.36753432018811,48.24860364633015,530730104012.0
b2b-41928,31200,530530701001,43200,-121.54325521381088,47.1154042142104,20009.0
b2b-19462,37200,530530732003,43200,-122.24070890083723,46.779553754471394,530110423001.0
b2b-32381,33600,530530732003,43200,-122.24070890083723,46.779553754471394,410510065012.0
b2b-54083,40800,530330288021,43200,-122.29341449659536,47.42707687736177,530330288021.0
b2b-40874,46800,530330262001,43200,-122.23165259559526,47.47326740042421,530330262001.0
b2b-27151,28200,530330288012,43200,-122.3182733960549,47.42644904677949,530330288012.0
b2b-21409,30600,530330262001,43200,-122.21671987751743,47.45525758800073,530330262001.0
b2b-27102,25200,530530626001,43200,-122.48290357322738,47.21925320624676,530530626001.0
b2b-23068,14400,530330292061,43200,-122.2361032719516,47.43386858781752,530330292061.0
b2b-14121,28200,530330323133,43200,-122.0953085966017,47.67324070348591,530330323133.0
b2b-58514,41400,530330262001,43200,-122.22938315222208,47.47333433730456,530330262001.0
b2b-37987,31200,530530732003,43200,-122.24070890083723,46.779553754471394,410510072021.0
b2b-36678,38400,530330303132,43200,-122.31319166994304,47.29675351808896,530330303132.0
b2b-25689,32400,530330288021,43200,-122.29341449659536,47.42707687736177,530330288021.0
b2b-24030,34200,530610413042,43200,-122.25255143142964,47.9246191361956,530610413042.0
b2b-4046,19800,530610418052,43200,-122.22147628742222,47.90805368576245,530610418052.0
b2b-1503,27000,530530732003,43200,-122.24070890083723,46.779553754471394,530110426003.0
b2b-20684,33600,530330326021,43200,-121.86727841047424,47.52500018585178,530330326021.0
b2b-53091,45000,530610537001,43200,-121.19835975276254,48.11551522486367,20061.0
b2b-29569,16200,530610535091,43200,-122.15577642818684,48.15652609289869,530610535091.0
b2b-6207,27000,530610512001,43200,-122.30212126736846,47.80335907496872,530610512001.0
b2b-53081,34200,530530701001,43200,-121.54325521381088,47.1154042142104,20009.0
b2b-6554,18600,530530732004,43200,-122.24497881306635,46.91507326147312,20013.0
b2b-7644,26400,530530701001,43200,-121.54325521381088,47.1154042142104,20118.0
b2b-51581,20400,530330292061,43200,-122.26172450913342,47.39944206804464,530330292061.0
b2b-24207,38400,530330288021,43200,-122.29341449659536,47.42707687736177,530330288021.0
b2b-44037,10800,530330305011,43200,-122.23114707985528,47.341645814118735,530330305011.0
b2b-34777,37200,530330265002,43200,-122.3431011623761,47.51325975581829,530330265002.0
b2b-55143,33600,530530732004,43200,-122.24497881306635,46.91507326147312,20012.0
b2b-49729,34800,530530729061,43200,-122.55058881309056,47.05402215230165,530419713002.0
b2b-3335,21600,530530732003,43200,-122.24070890083723,46.779553754471394,530110410052.0
b2b-13520,35400,530330227012,43200,-122.19948119529982,47.6440964164727,530330227012.0
b2b-23493,19200,530530726032,43200,-122.77381803555257,47.184454997543526,530670109104.0
b2b-19414,37200,530330109002,43200,-122.3296818142744,47.545625512041056,530330109002.0
b2b-11637,46800,530330315021,43200,-121.35038596453016,47.15689119363349,530770018002.0
b2b-45353,29400,530350811002,43200,-122.65331514453416,47.56565135755733,530350811002.0
b2b-37597,12000,530530732004,43200,-122.24497881306635,46.91507326147312,20014.0
b2b-7029,34800,530539400101,43200,-122.30426664876722,47.21483030744824,530539400101.0
b2b-40224,37800,530330315021,43200,-121.35038596453016,47.15689119363349,530770017021.0
b2b-19421,29400,530330047002,43200,-122.3698205023,47.66031517334816,530330047002.0
b2b-17103,34800,530330305011,43200,-122.22497924774048,47.32984769167292,530330305011.0
b2b-41217,18000,530610535091,43200,-122.14786381644784,48.17089409242527,530610535091.0
b2b-30409,33600,530330308013,43200,-122.22650221195384,47.27844420070505,530330308013.0
b2b-58217,34200,530330314001,43200,-121.98531066688616,47.20344389919888,530330314001.0
b2b-28948,27000,530530732003,43200,-122.24070890083723,46.779553754471394,410510072021.0
b2b-47343,40800,530530732003,43200,-122.24070890083723,46.779553754471394,530110413311.0
b2b-47976,37200,530530626001,43200,-122.4897940237215,47.20608671596959,530530626001.0
b2b-10000,43800,530610537001,43200,-121.19835975276254,48.11551522486367,20066.0
b2b-47537,28800,530530713052,43200,-122.3692046376247,47.15592767832702,530530713052.0
b2b-1738,16200,530610413042,43200,-122.25329896045642,47.924719276461566,530610413042.0
b2b-3165,47400,530330093002,43200,-122.33239672143424,47.58809148769889,530330093002.0
b2b-16690,24600,530330058014,43200,-122.38971646729752,47.66240764170115,530330058014.0
b2b-38262,33600,530530701001,43200,-121.54325521381088,47.1154042142104,20118.0
b2b-11248,40800,530330328003,43200,-121.0994620763074,47.70432736556717,530079610001.0
b2b-37879,31800,530610533024,43200,-122.34074561477298,48.27571154986818,530579518002.0
b2b-56042,37200,530330093003,43200,-122.33231170637092,47.56852810250407,530330093003.0
b2b-55130,32400,530530701001,43200,-121.54325521381088,47.1154042142104,20005.0
b2b-38975,47400,530330292061,43200,-122.2446052666474,47.39664040457194,530330292061.0
b2b-53979,26400,530530701001,43200,-121.54325521381088,47.1154042142104,20009.0
b2b-10619,51000,530330288021,43200,-122.29341449659536,47.42707687736177,530330288021.0
b2b-46918,25800,530539400022,43200,-122.3824225801224,47.243966871077,530539400022.0
b2b-32438,32400,530530732003,43200,-122.24070890083723,46.779553754471394,410510043001.0
b2b-10797,18000,530330292061,43200,-122.22513682781825,47.431742240111376,530330292061.0
b2b-28283,30000,530610413042,43200,-122.25208503289907,47.92635492941787,530610413042.0
b2b-54325,18000,530330288012,43200,-122.3182733960549,47.42644904677949,530330288012.0
b2b-3178,16800,530610516021,43200,-122.30708945741586,47.83222241210303,530610516021.0
b2b-40820,41400,530530732003,43200,-122.24070890083723,46.779553754471394,410050203021.0
b2b-5414,34200,530610413042,43200,-122.26274299746264,47.938864443246594,530610413042.0
b2b-41913,20400,530530732004,43200,-122.24497881306635,46.91507326147312,20013.0
b2b-40748,39000,530330315021,43200,-121.35038596453016,47.15689119363349,530770017021.0
b2b-22115,7200,530530732003,43200,-122.24070890083723,46.779553754471394,410510102003.0
b2b-18900,19200,530610533014,43200,-122.36753432018811,48.24860364633015,530730105011.0
b2b-47419,24600,530530730061,43200,-122.3464165120801,46.92550674265296,530150003001.0
b2b-35318,35400,530330109001,43200,-122.31615434494384,47.5337116992969,530330109001.0
b2b-45883,33000,530539400101,43200,-122.33354651336224,47.21912577488827,530539400101.0
b2b-3162,43800,530610535091,43200,-122.15577642818684,48.15652609289869,530610535091.0
b2b-22764,28200,530330277013,43200,-122.45831070220576,47.446924865763656,530330277013.0
b2b-17563,28200,530330054002,43200,-122.3364491379187,47.64846472144591,530330054002.0
b2b-2593,25200,530610413042,43200,-122.24631405024644,47.92627202562063,530610413042.0
b2b-9382,31800,530330292061,43200,-122.2459874160508,47.40622966331869,530330292061.0
b2b-42235,34800,530530732004,43200,-122.24497881306635,46.91507326147312,20010.0
b2b-34247,44400,530530701001,43200,-121.54325521381088,47.1154042142104,20009.0
b2b-34939,37800,530330305011,43200,-122.2295983208466,47.33291579842153,530330305011.0
b2b-52177,30600,530530701001,43200,-121.54325521381088,47.1154042142104,20009.0
b2b-37773,24600,530610537001,43200,-121.19835975276254,48.11551522486367,530079601002.0
b2b-51860,25800,530330292061,43200,-122.23347195032264,47.42222558680258,530330292061.0
b2b-2900,23400,530610535091,43200,-122.14806955460804,48.17086268059573,530610535091.0
b2b-55114,30000,530330099004,43200,-122.3525522092276,47.56898547069012,530330099004.0
b2b-59996,28200,530330292061,43200,-122.24472160310586,47.43301366786744,530330292061.0
b2b-15405,28800,530330220013,43200,-122.1887574529812,47.74724673175973,530330220013.0
b2b-29811,19200,530530732003,43200,-122.24070890083723,46.779553754471394,410670320011.0
b2b-8354,32400,530330324011,43200,-121.98779991779364,47.73411298745755,530330324011.0
b2b-9317,24600,530530701001,43200,-121.54325521381088,47.1154042142104,20009.0
b2b-55258,39000,530610533014,43200,-122.36753432018811,48.24860364633015,530730004003.0
b2b-59559,34800,530610533014,43200,-122.36753432018811,48.24860364633015,530579508001.0
b2b-56095,29400,530539400101,43200,-122.30337578644928,47.20607483872679,530539400101.0
b2b-38413,21600,530530701001,43200,-121.54325521381088,47.1154042142104,20071.0
b2b-49163,26400,530530602001,43200,-122.3830648915722,47.27659041685492,530530602001.0
b2b-8815,34800,530530732004,43200,-122.24497881306635,46.91507326147312,20012.0
b2b-8884,36600,530530732004,43200,-122.24497881306635,46.91507326147312,20012.0
b2b-50599,9000,530530726032,43200,-122.77381803555257,47.184454997543526,530670109104.0
b2b-28240,36000,530330286004,43200,-122.33957001505338,47.42447483072101,530330286004.0
b2b-42581,25800,530530732003,43200,-122.24070890083723,46.779553754471394,410050215002.0
b2b-10700,29400,530610535061,43200,-121.90505639582553,48.26054804302581,530579512001.0
b2b-48234,27000,530530726023,43200,-122.81869875074756,47.26529584078148,530459613001.0
b2b-30883,40800,530610535091,43200,-122.15577642818684,48.15652609289869,530610535091.0
b2b-14044,28200,530330323133,43200,-122.0953085966017,47.67324070348591,530330323133.0
b2b-27560,32400,530330093003,43200,-122.34231103586774,47.56814278686263,530330093003.0
b2b-55558,43800,530530732003,43200,-122.24070890083723,46.779553754471394,410050215002.0
b2b-37587,12000,530530732004,43200,-122.24497881306635,46.91507326147312,20014.0
b2b-58973,18600,530530718071,43200,-122.4885730312002,47.17231846271745,530530718071.0
b2b-6394,29400,530530732003,43200,-122.24070890083723,46.779553754471394,530110410052.0
b2b-49806,37200,530530729061,43200,-122.55058881309056,47.05402215230165,530419708004.0
b2b-3637,34200,530610535061,43200,-121.90505639582553,48.26054804302581,530579512001.0
b2b-6682,20400,530610522032,43200,-121.99019110234804,47.871219464653365,530610522032.0
b2b-5725,34200,530610510001,43200,-122.32205839248016,47.80326679548122,530610510001.0
b2b-11928,35400,530330328003,43200,-121.0994620763074,47.70432736556717,530079611003.0
b2b-43182,14400,530610533014,43200,-122.36753432018811,48.24860364633015,530579519002.0
b2b-23330,33000,530539400022,43200,-122.35799177341411,47.24698856781136,530539400022.0
b2b-12570,22800,530330228033,43200,-122.14030122745382,47.6385904630613,530330228033.0
b2b-7125,34800,530530732003,43200,-122.24070890083723,46.779553754471394,410430306003.0
b2b-34568,23400,530530732004,43200,-122.24497881306635,46.91507326147312,20012.0
b2b-19478,42000,530330323133,43200,-122.0908101362012,47.67058012272064,530330323133.0
b2b-39606,43800,530330292061,43200,-122.2235835356382,47.41965485155595,530330292061.0
b2b-14185,28200,530330323133,43200,-122.0953085966017,47.67324070348591,530330323133.0
b2b-42138,29400,530610533021,43200,-122.23890985949284,48.26560079125508,530730102001.0
b2b-8602,32400,530330284024,43200,-122.32205675998875,47.44153151233887,530330284024.0
b2b-34147,39000,530530701001,43200,-121.54325521381088,47.1154042142104,20009.0
b2b-8429,40200,530610510001,43200,-122.32437248713876,47.80351596997739,530610510001.0
b2b-36730,27600,530330292061,43200,-122.22662093183628,47.42704538062167,530330292061.0
b2b-59611,25800,530350921003,43200,-122.69484002351489,47.52681049400641,530350921003.0
b2b-57696,25200,530330292061,43200,-122.2459874160508,47.40622966331869,530330292061.0
b2b-21315,39600,530530732003,43200,-122.24070890083723,46.779553754471394,410510011021.0
b2b-17419,32400,530530732003,43200,-122.24070890083723,46.779553754471394,410510106001.0
b2b-24979,24600,530330323133,43200,-122.09222903536138,47.67401505719557,530330323133.0
b2b-32864,29400,530330284024,43200,-122.29771243052475,47.44348659314748,530330284024.0
b2b-346,37200,530610408002,43200,-122.20740921411743,47.97867025191261,530610408002.0
b2b-20523,19800,530330265002,43200,-122.35199091885264,47.5154904438901,530330265002.0
b2b-34646,24600,530530701001,43200,-121.54325521381088,47.1154042142104,20009.0
b2b-42028,31800,530330288013,43200,-122.29978682083382,47.41404252517009,530330288013.0
b2b-29635,48000,530330292061,43200,-122.25322050856488,47.41586647958096,530330292061.0
b2b-50074,36000,530330303132,43200,-122.3232177378394,47.29912744548524,530330303132.0
b2b-17502,26400,530330234012,43200,-122.1604369016221,47.58373267300816,530330234012.0
b2b-5320,3600,530330323133,43200,-122.08610118963196,47.67258814227379,530330323133.0
b2b-45630,39600,530610521042,43200,-122.19902401218135,48.021796113721926,530610521042.0
b2b-27178,27000,530530714062,43200,-122.38170003566306,47.07872835386775,530530714062.0
b2b-9821,23400,530539400101,43200,-122.30653677963012,47.21171695998523,530539400101.0
b2b-41191,38400,530530701001,43200,-121.54325521381088,47.1154042142104,20118.0
b2b-36166,21000,530350811002,43200,-122.65331514453416,47.56565135755733,530350811002.0
b2b-56718,19800,530350920001,43200,-122.91991165827092,47.56116684098547,530270013002.0
b2b-42441,26400,530530732003,43200,-122.24070890083723,46.779553754471394,410519800001.0
b2b-56208,31200,530330275004,43200,-122.3471073873594,47.48133144762543,530330275004.0
b2b-15640,25800,530330218022,43200,-122.17143607182796,47.75719669355266,530330218022.0
b2b-34332,35400,530610537001,43200,-121.19835975276254,48.11551522486367,20034.0
b2b-49402,34200,530539400101,43200,-122.33354651336224,47.21912577488827,530539400101.0
b2b-33312,17400,530530732004,43200,-122.24497881306635,46.91507326147312,20012.0
b2b-39590,25200,530610537001,43200,-121.19835975276254,48.11551522486367,530630122001.0
b2b-40336,30000,530530732003,43200,-122.24070890083723,46.779553754471394,410510072021.0
b2b-887,31800,530610524014,43200,-122.10228964826,47.92912512045848,530610524014.0
b2b-52089,37800,530610537001,43200,-121.19835975276254,48.11551522486367,20041.0
b2b-35762,6000,530539400022,43200,-122.39688590845752,47.24395008519793,530539400022.0
b2b-30927,16200,530330292061,43200,-122.24472160310586,47.43301366786744,530330292061.0
b2b-12450,32400,530330305011,43200,-122.23349961496564,47.313172721694,530330305011.0
b2b-11869,25200,530530732003,43200,-122.24070890083723,46.779553754471394,410510073001.0
b2b-35978,18600,530530732003,43200,-122.24070890083723,46.779553754471394,410530203025.0
b2b-8872,12000,530530732004,43200,-122.24497881306635,46.91507326147312,20012.0
b2b-8629,36600,530330093003,43200,-122.34231103586774,47.56814278686263,530330093003.0
b2b-14949,35400,530330043011,43200,-122.29592679763766,47.66563987847693,530330043011.0
b2b-39497,30600,530610537001,43200,-121.19835975276254,48.11551522486367,530630122001.0
b2b-58112,16200,530330320111,43200,-122.0228827412936,47.36910189719495,530330320111.0
b2b-41062,37200,530530701001,43200,-121.54325521381088,47.1154042142104,20071.0
b2b-49305,52800,530530602001,43200,-122.38596892123704,47.2712341855688,530530602001.0
b2b-4258,25800,530610413042,43200,-122.27707691241686,47.941867642502736,530610413042.0
b2b-21076,14400,530330109001,43200,-122.32962989257996,47.5419012244096,530330109001.0
b2b-60618,25800,530330059001,43200,-122.36618765981758,47.65458277812374,530330059001.0
b2b-52402,42000,530539400101,43200,-122.30153828242798,47.20844219946797,530539400101.0
b2b-18503,48600,530610533014,43200,-122.36753432018811,48.24860364633015,530299710002.0
b2b-5911,25800,530330059001,43200,-122.36618765981758,47.65458277812374,530330059001.0
b2b-18574,33000,530330203005,43200,-122.3415676679371,47.77407647433336,530330203005.0
b2b-56848,44400,530530732003,43200,-122.24070890083723,46.779553754471394,530110407062.0
b2b-56542,21000,530610535091,43200,-122.14827548253324,48.1710002550636,530610535091.0
b2b-60862,16200,530530732003,43200,-122.24070890083723,46.779553754471394,410510099073.0
b2b-22338,34800,530330323133,43200,-122.09222903536138,47.67401505719557,530330323133.0
b2b-51164,52800,530530718071,43200,-122.49341371862204,47.173202238566496,530530718071.0
b2b-36129,31800,530330292061,43200,-122.22922685912928,47.402472322882765,530330292061.0
b2b-29447,35400,530530732003,43200,-122.24070890083723,46.779553754471394,530110412031.0
b2b-27155,31200,530330305011,43200,-122.23814188906644,47.30749356440818,530330305011.0
b2b-29590,35400,530330292061,43200,-122.22513682781825,47.431742240111376,530330292061.0
b2b-3922,18600,530610418052,43200,-122.22147628742222,47.90805368576245,530610418052.0
b2b-6279,30000,530530726032,43200,-122.77381803555257,47.184454997543526,530670109104.0
b2b-25189,54000,530350918001,43200,-122.62781728669088,47.608233520262566,530350918001.0
b2b-60795,32400,530530732003,43200,-122.24070890083723,46.779553754471394,410510073001.0
b2b-25539,25800,530330292061,43200,-122.24241295312764,47.43136438138057,530330292061.0
b2b-43002,40200,530610533024,43200,-122.34074561477298,48.27571154986818,530579518002.0
b2b-15836,27000,530330292061,43200,-122.24637862612636,47.4063826608033,530330292061.0
b2b-8809,28800,530530732004,43200,-122.24497881306635,46.91507326147312,20012.0
b2b-31897,27000,530530720002,43200,-122.53020686900938,47.12115984586613,530530720002.0
b2b-11587,10800,530530732003,43200,-122.24070890083723,46.779553754471394,410510102001.0
b2b-21756,26400,530330294072,43200,-122.20651779234792,47.391374123096696,530330294072.0
b2b-2603,22200,530610535051,43200,-121.98422051163968,48.09416708359426,530610535051.0
b2b-18377,42600,530610533014,43200,-122.36753432018811,48.24860364633015,530579519002.0
b2b-27734,25800,530330219054,43200,-122.17601104993004,47.734492466552766,530330219054.0
b2b-54821,33600,530530701001,43200,-121.54325521381088,47.1154042142104,20095.0
b2b-54857,30000,530530701001,43200,-121.54325521381088,47.1154042142104,20009.0
b2b-17347,3000,530530726032,43200,-122.77381803555257,47.184454997543526,530670105101.0
b2b-59844,19200,530530729061,43200,-122.55058881309056,47.05402215230165,530670116101.0
b2b-58135,33600,530530728001,43200,-122.6498514398432,47.10126306338846,530670122222.0
b2b-11256,28200,530330292061,43200,-122.2235835356382,47.41965485155595,530330292061.0
b2b-58734,15000,530330292061,43200,-122.2399524047634,47.42065299126694,530330292061.0
b2b-5041,21600,530330093003,43200,-122.34231103586774,47.56814278686263,530330093003.0
b2b-47546,32400,530530733011,43200,-122.23554621438072,47.217502839849175,530530733011.0
b2b-57688,25200,530330292061,43200,-122.2459874160508,47.40622966331869,530330292061.0
b2b-36924,18000,530330296011,43200,-122.19127213396736,47.36902733128782,530330296011.0
b2b-46177,36000,530350920001,43200,-122.91991165827092,47.56116684098547,530270014001.0
b2b-44276,26400,530330292061,43200,-122.23310684944713,47.416945383189166,530330292061.0
b2b-57115,10800,530330081002,43200,-122.33371732926577,47.60749163440645,530330081002.0
b2b-13457,42600,530530732003,43200,-122.24070890083723,46.779553754471394,530110406082.0
b2b-53884,34800,530530732003,43200,-122.24070890083723,46.779553754471394,410470025021.0
b2b-15660,25800,530330218021,43200,-122.18811337073996,47.77205273719466,530330218021.0
b2b-31205,33000,530330284024,43200,-122.29258998292704,47.458908818853615,530330284024.0
b2b-12973,41400,530330292061,43200,-122.23073041080448,47.41733021092897,530330292061.0
b2b-13243,27600,530330093003,43200,-122.32895771333916,47.583438377166495,530330093003.0
b2b-11386,24000,530530718071,43200,-122.4900747858049,47.17243924661469,530530718071.0
b2b-50421,28800,530330262001,43200,-122.24717181350287,47.44771333927209,530330262001.0
b2b-1187,30000,530530732003,43200,-122.24070890083723,46.779553754471394,410050204012.0
b2b-41850,30000,530530732004,43200,-122.24497881306635,46.91507326147312,20012.0
b2b-26672,22800,530330320111,43200,-122.0228827412936,47.36910189719495,530330320111.0
b2b-53666,35400,530330292061,43200,-122.24469821499332,47.4277624117426,530330292061.0
b2b-39650,44400,530610537001,43200,-121.19835975276254,48.11551522486367,530079601002.0
b2b-13416,43200,530330099004,43200,-122.345386902451,47.57348345757726,530330099004.0
b2b-58809,11400,530330292061,43200,-122.24565317892274,47.42473813864648,530330292061.0
b2b-53656,39000,530330112001,43200,-122.33227885206496,47.53199660801611,530330112001.0
b2b-37629,21000,530610537001,43200,-121.19835975276254,48.11551522486367,20067.0
b2b-21310,31200,530330109001,43200,-122.30428139532415,47.53320088994943,530330109001.0
b2b-60704,30000,530530732003,43200,-122.24070890083723,46.779553754471394,530110411051.0
b2b-10278,24600,530530701001,43200,-121.54325521381088,47.1154042142104,20071.0
b2b-40815,34800,530330315021,43200,-121.35038596453016,47.15689119363349,530210201001.0
b2b-17608,30600,530330109002,43200,-122.33343055358904,47.555665117875655,530330109002.0
b2b-20965,34200,530330217001,43200,-122.24702748961076,47.76232260650635,530330217001.0
b2b-54350,21600,530330262001,43200,-122.25275710096406,47.44811819081014,530330262001.0
b2b-32135,39000,530530701001,43200,-121.54325521381088,47.1154042142104,20005.0
b2b-42625,34200,530530732003,43200,-122.24070890083723,46.779553754471394,410510072021.0
b2b-12558,21600,530330228033,43200,-122.14030122745382,47.6385904630613,530330228033.0
b2b-53391,46800,530530626001,43200,-122.48142674423129,47.22315676250872,530530626001.0
b2b-19924,46200,530330315013,43200,-121.9264938935332,47.28358920077654,530330315013.0
b2b-16604,28200,530330237003,43200,-122.18459152848196,47.63113982766757,530330237003.0
b2b-39401,47400,530530729061,43200,-122.55058881309056,47.05402215230165,530670126101.0
b2b-19319,27600,530330001005,43200,-122.29321841215464,47.7245704154308,530330001005.0
b2b-12304,24600,530330218021,43200,-122.18812467944096,47.77220457484167,530330218021.0
b2b-41678,31200,530530701001,43200,-121.54325521381088,47.1154042142104,20095.0
b2b-57753,31200,530330268013,43200,-122.3538770858992,47.50984844335442,530330268013.0
b2b-20053,31200,530330109002,43200,-122.32525562740344,47.5496129260593,530330109002.0
b2b-3516,30000,530530732003,43200,-122.24070890083723,46.779553754471394,410510072021.0
b2b-56188,31200,530330308011,43200,-122.250737607828,47.29448590131384,530330308011.0
b2b-15699,34200,530330226051,43200,-122.1570035391215,47.70910659149974,530330226051.0
b2b-24925,32400,530330323193,43200,-122.1581093804582,47.75939019084427,530330323193.0
b2b-42057,36600,530530730061,43200,-122.3464165120801,46.92550674265296,410670331021.0
b2b-33239,16200,530530732004,43200,-122.24497881306635,46.91507326147312,20012.0
b2b-39253,27000,530530714062,43200,-122.38170003566306,47.07872835386775,530530714062.0
b2b-31981,32400,530350920003,43200,-122.90314964263052,47.61631464160515,530090016002.0
b2b-42605,35400,530530701001,43200,-121.54325521381088,47.1154042142104,20095.0
b2b-16201,48600,530330073001,43200,-122.32884236167912,47.62426054572888,530330073001.0
b2b-56728,25200,530610537001,43200,-121.19835975276254,48.11551522486367,530630114003.0
b2b-38196,33000,530530701001,43200,-121.54325521381088,47.1154042142104,20071.0
b2b-50695,30600,530530728001,43200,-122.6498514398432,47.10126306338846,530670122222.0
b2b-31301,31200,530610535091,43200,-122.15577642818684,48.15652609289869,530610535091.0
b2b-49345,24000,530530732003,43200,-122.24070890083723,46.779553754471394,530110408081.0
b2b-6194,27000,530530729061,43200,-122.55058881309056,47.05402215230165,530419708004.0
b2b-41458,31800,530330315021,43200,-121.35038596453016,47.15689119363349,530770014001.0
b2b-39243,45600,530330296011,43200,-122.19127213396736,47.36902733128782,530330296011.0
b2b-45417,54000,530530730061,43200,-122.3464165120801,46.92550674265296,410670334001.0
b2b-22267,44400,530330292061,43200,-122.26172450913342,47.39944206804464,530330292061.0
b2b-55648,25200,530610537001,43200,-121.19835975276254,48.11551522486367,530630114003.0
b2b-54285,35400,530610535061,43200,-121.90505639582553,48.26054804302581,530579512001.0
b2b-25768,45600,530330292061,43200,-122.24607585604808,47.4029295646408,530330292061.0
b2b-20377,43800,530610533024,43200,-122.34074561477298,48.27571154986818,530579518001.0
b2b-19410,600,530330049002,43200,-122.35287608581216,47.65089174790009,530330049002.0
b2b-56023,22800,530539400072,43200,-122.39831309704812,47.237730954828216,530539400072.0
b2b-34183,36000,530530701001,43200,-121.54325521381088,47.1154042142104,20009.0
b2b-57580,41400,530330292061,43200,-122.22647674583511,47.42932902639205,530330292061.0
b2b-6633,11400,530330262001,43200,-122.25275710096406,47.44811819081014,530330262001.0
b2b-57832,27000,530539400101,43200,-122.33366939188818,47.21892616665564,530539400101.0
b2b-3079,37800,530610418052,43200,-122.21756646057352,47.90953929441322,530610418052.0
b2b-29585,33600,530330112001,43200,-122.3214141584895,47.52232063451912,530330112001.0
b2b-1658,34800,530610533011,43200,-122.33216353995827,48.23999241824277,530610533011.0
b2b-24227,19200,530539400101,43200,-122.30153828242798,47.20844219946797,530539400101.0
b2b-18613,24600,530330058014,43200,-122.3795727129436,47.65646256888155,530330058014.0
b2b-2135,26400,530530729061,43200,-122.55058881309056,47.05402215230165,530670127203.0
b2b-36254,24000,530330292061,43200,-122.22616838953864,47.40963288014064,530330292061.0
b2b-30938,23400,530330315021,43200,-121.35038596453016,47.15689119363349,530210204001.0
b2b-58979,31800,530330292061,43200,-122.24624236904263,47.39136352849148,530330292061.0
b2b-40385,32400,530610533014,43200,-122.36753432018811,48.24860364633015,530579519002.0
b2b-41832,29400,530530732004,43200,-122.24497881306635,46.91507326147312,20012.0
b2b-50068,50400,530530629005,43200,-122.47522452732008,47.19275275407967,530530629005.0
b2b-20342,22800,530330292061,43200,-122.24736954260648,47.389772462432845,530330292061.0
b2b-54257,30000,530530732004,43200,-122.24497881306635,46.91507326147312,20014.0
b2b-3346,1200,530530732003,43200,-122.24070890083723,46.779553754471394,530110411051.0
b2b-19202,13800,530330112001,43200,-122.33215064349903,47.53154045052393,530330112001.0
b2b-53553,18000,530610533014,43200,-122.36753432018811,48.24860364633015,530730104012.0
b2b-34447,18000,530530732004,43200,-122.24497881306635,46.91507326147312,20012.0
b2b-37880,31800,530610533024,43200,-122.34074561477298,48.27571154986818,530579518002.0
b2b-15449,22800,530330020002,43200,-122.31660568433053,47.69775197387541,530330020002.0
b2b-47624,40200,530530732003,43200,-122.24070890083723,46.779553754471394,410470004003.0
b2b-51286,11400,530539400022,43200,-122.39688590845752,47.24395008519793,530539400022.0
b2b-55601,19200,530530732004,43200,-122.24497881306635,46.91507326147312,20010.0
b2b-1231,30600,530610522041,43200,-122.00848325093138,47.86688214334936,530610522041.0
b2b-27424,24600,530530626001,43200,-122.48142674423129,47.22315676250872,530530626001.0
b2b-58933,34200,530330283003,43200,-122.25333492678028,47.42818977007624,530330283003.0
b2b-34945,37800,530330305011,43200,-122.2295983208466,47.33291579842153,530330305011.0
b2b-26358,48000,530330305011,43200,-122.2297357840513,47.34601224814244,530330305011.0
b2b-30621,28800,530330292061,43200,-122.2235835356382,47.41965485155595,530330292061.0
b2b-12247,43800,530330075004,43200,-122.32026860445028,47.61360050194031,530330075004.0
b2b-45781,0,530330292061,43200,-122.22583140224842,47.41794065713723,530330292061.0
b2b-33182,19800,530530732004,43200,-122.24497881306635,46.91507326147312,20012.0
b2b-29268,42000,530530732003,43200,-122.24070890083723,46.779553754471394,530110411051.0
b2b-1905,24000,530610535071,43200,-122.13676386463656,48.17987047867817,530610535071.0
b2b-56662,29400,530610533024,43200,-122.34074561477298,48.27571154986818,530579518002.0
b2b-49264,27000,530350901011,43200,-122.60364513128724,47.9301516886425,530299713002.0
b2b-25453,24000,530330292061,43200,-122.24469821499332,47.4277624117426,530330292061.0
b2b-34467,18000,530530732004,43200,-122.24497881306635,46.91507326147312,20012.0
b2b-46796,33600,530330288021,43200,-122.2949901487245,47.42746662817579,530330288021.0
b2b-3343,8400,530530732003,43200,-122.24070890083723,46.779553754471394,530110413171.0
b2b-29307,31800,530530732003,43200,-122.24070890083723,46.779553754471394,530110426003.0
b2b-25790,30000,530330093003,43200,-122.33231170637092,47.56852810250407,530330093003.0
b2b-28704,41400,530610537001,43200,-121.19835975276254,48.11551522486367,20067.0
b2b-23188,31800,530330292061,43200,-122.24654490161888,47.406459444567375,530330292061.0
b2b-47012,19200,530330303042,43200,-122.32947243049716,47.274734233780016,530330303042.0
b2b-7186,32400,530330292061,43200,-122.24032850745012,47.4188307692889,530330292061.0
b2b-44176,39600,530330300034,43200,-122.31537682732626,47.372448076062376,530330300034.0
b2b-30863,43800,530530718071,43200,-122.4900747858049,47.17243924661469,530530718071.0
b2b-9449,33600,530610533014,43200,-122.36753432018811,48.24860364633015,530730104012.0
b2b-41443,36600,530330315021,43200,-121.35038596453016,47.15689119363349,530770015022.0
b2b-19181,25800,530530729061,43200,-122.55058881309056,47.05402215230165,530670123201.0
b2b-45196,31800,530610537001,43200,-121.19835975276254,48.11551522486367,20126.0
b2b-46166,36000,530539400101,43200,-122.307002080144,47.215555299859936,530539400101.0
b2b-44530,37800,530330237001,43200,-122.1698806056832,47.62581212961685,530330237001.0
b2b-45556,34800,530330257015,43200,-122.20400523606064,47.46750654899871,530330257015.0
b2b-38364,44400,530330262001,43200,-122.22938315222208,47.47333433730456,530330262001.0
b2b-52470,28200,530330292061,43200,-122.23621008586612,47.40667844907961,530330292061.0
b2b-11142,39000,530610534001,43200,-122.1788962996328,48.270180743276,530730101005.0
b2b-26570,24600,530330288013,43200,-122.29978682083382,47.41404252517009,530330288013.0
b2b-30556,36600,530530730061,43200,-122.3464165120801,46.92550674265296,530150003001.0
b2b-46213,34800,530610533021,43200,-122.23890985949284,48.26560079125508,530730102001.0
b2b-48044,40200,530530729061,43200,-122.55058881309056,47.05402215230165,530670126105.0
b2b-1903,37200,530610535071,43200,-122.13676386463656,48.17987047867817,530610535071.0
b2b-37302,38400,530610535061,43200,-121.90505639582553,48.26054804302581,530579512001.0
b2b-51840,31800,530330288013,43200,-122.29978682083382,47.41404252517009,530330288013.0
b2b-11624,33600,530530732004,43200,-122.24497881306635,46.91507326147312,20010.0
b2b-8975,24600,530530732004,43200,-122.24497881306635,46.91507326147312,20012.0
b2b-50396,37200,530530712073,43200,-122.2924013271698,47.16927703439188,530530712073.0
b2b-46469,30600,530530732003,43200,-122.24070890083723,46.779553754471394,530110426003.0
b2b-24696,37800,530610413042,43200,-122.27707691241686,47.941867642502736,530610413042.0
b2b-11857,29400,530330315021,43200,-121.35038596453016,47.15689119363349,530719202002.0
b2b-24819,33600,530330292061,43200,-122.24032850745012,47.4188307692889,530330292061.0
b2b-73,12000,530610528032,43200,-122.17852833880164,48.11758183627731,530610528032.0
b2b-50027,15600,530330312043,43200,-122.05847382754864,47.2906302795026,530330312043.0
b2b-45147,32400,530330297003,43200,-122.23133630395344,47.37997100753557,530330297003.0
b2b-9680,16800,530530701001,43200,-121.54325521381088,47.1154042142104,20009.0
b2b-9958,35400,530610537001,43200,-121.19835975276254,48.11551522486367,20066.0
b2b-56366,42000,530530720002,43200,-122.53007279322574,47.12047227014875,530530720002.0
b2b-8551,30000,530330112001,43200,-122.3214141584895,47.52232063451912,530330112001.0
b2b-30915,21000,530539400022,43200,-122.35897274041128,47.25278630859665,530539400022.0
b2b-59925,22200,530610537001,43200,-121.19835975276254,48.11551522486367,20067.0
b2b-43515,25800,530539400022,43200,-122.35897274041128,47.25278630859665,530539400022.0
b2b-12132,21600,530530732003,43200,-122.24070890083723,46.779553754471394,410050244003.0
b2b-16285,17400,530330042003,43200,-122.2938426634567,47.66371920442994,530330042003.0
b2b-36631,37800,530330315021,43200,-121.35038596453016,47.15689119363349,530719200002.0
b2b-55880,20400,530530732003,43200,-122.24070890083723,46.779553754471394,530150015025.0
b2b-17035,31200,530330228033,43200,-122.13852085257696,47.634457705732565,530330228033.0
b2b-7657,33600,530530701001,43200,-121.54325521381088,47.1154042142104,20118.0
b2b-12595,27000,530330218021,43200,-122.18411232021498,47.77651939619263,530330218021.0
b2b-27349,35400,530530616011,43200,-122.43776300444318,47.255231485980175,530530616011.0
b2b-12130,20400,530530730061,43200,-122.3464165120801,46.92550674265296,410670336001.0
b2b-11236,27600,530530732003,43200,-122.24070890083723,46.779553754471394,530110403023.0
b2b-54009,27000,530530701001,43200,-121.54325521381088,47.1154042142104,20009.0
b2b-37329,17400,530530701001,43200,-121.54325521381088,47.1154042142104,20071.0
b2b-14573,25800,530330219031,43200,-122.17402523165316,47.71019443535455,530330219031.0
b2b-4793,30600,530610413042,43200,-122.27707691241686,47.941867642502736,530610413042.0
b2b-21357,30600,530330309011,43200,-122.24553958198432,47.29254790717204,530330309011.0
b2b-54011,33600,530530701001,43200,-121.54325521381088,47.1154042142104,20009.0
b2b-51877,25800,530530602001,43200,-122.4168322119629,47.24777437749945,530530602001.0
b2b-51804,30000,530330284024,43200,-122.29828123802866,47.44416305383533,530330284024.0
b2b-57798,49200,530530723082,43200,-122.55099423305263,47.20349088846834,530530723082.0
b2b-57217,33600,530330296013,43200,-122.16670085209188,47.35671657477904,530330296013.0
b2b-9205,19200,530530732004,43200,-122.24497881306635,46.91507326147312,20012.0
b2b-27990,22800,530330112001,43200,-122.33038076011847,47.5260682706754,530330112001.0
b2b-3890,28200,530530718071,43200,-122.4885730312002,47.17231846271745,530530718071.0
b2b-24893,19800,530330292061,43200,-122.25551630468378,47.4223338543787,530330292061.0
b2b-48240,18600,530530724071,43200,-122.57546156025298,47.30812281755821,530530724071.0
b2b-38061,37800,530610514001,43200,-122.30236016073302,47.81100960790103,530610514001.0
b2b-26818,30000,530330323193,43200,-122.1581093804582,47.75939019084427,530330323193.0
b2b-23178,45600,530530602001,43200,-122.42828107549064,47.24662191526524,530530602001.0
b2b-33176,23400,530530732004,43200,-122.24497881306635,46.91507326147312,20012.0
b2b-35798,11400,530539400101,43200,-122.30185031683546,47.21118419555122,530539400101.0
b2b-56931,37200,530610533014,43200,-122.36753432018811,48.24860364633015,530730103011.0
b2b-25175,22200,530330292061,43200,-122.22513682781825,47.431742240111376,530330292061.0
b2b-6779,25800,530530732003,43200,-122.24070890083723,46.779553754471394,530110410052.0
b2b-43826,25800,530530732004,43200,-122.24497881306635,46.91507326147312,20011.0
b2b-36651,31200,530330315021,43200,-121.35038596453016,47.15689119363349,530210201001.0
b2b-31024,12000,530530701001,43200,-121.54325521381088,47.1154042142104,20118.0
b2b-54418,28800,530610533014,43200,-122.36753432018811,48.24860364633015,530579521003.0
b2b-31145,39000,530530701001,43200,-121.54325521381088,47.1154042142104,20118.0
b2b-19677,28200,530330047002,43200,-122.37067948127628,47.66615963609463,530330047002.0
b2b-46473,39000,530530732003,43200,-122.24070890083723,46.779553754471394,410510072021.0
b2b-46853,29400,530330308011,43200,-122.250737607828,47.29448590131384,530330308011.0
b2b-53026,22200,530530732004,43200,-122.24497881306635,46.91507326147312,20012.0
b2b-9056,28200,530530732004,43200,-122.24497881306635,46.91507326147312,20012.0
b2b-16924,34800,530330226052,43200,-122.14424617896135,47.6838583267566,530330226052.0
b2b-37568,23400,530530701001,43200,-121.54325521381088,47.1154042142104,20118.0
b2b-18132,28200,530330093003,43200,-122.3378421082055,47.570140989429845,530330093003.0
b2b-13674,22200,530330323191,43200,-122.1481741672292,47.77070952624315,530330323191.0
b2b-29115,40200,530530732003,43200,-122.24070890083723,46.779553754471394,530110411051.0
b2b-26623,43200,530330305011,43200,-122.22992751854756,47.34359358883764,530330305011.0
b2b-45193,44400,530610537001,43200,-121.19835975276254,48.11551522486367,20126.0
b2b-22681,26400,530530728001,43200,-122.6498514398432,47.10126306338846,530670122222.0
b2b-11830,600,530530718071,43200,-122.50070941901063,47.17073053792024,530530718071.0
b2b-949,21000,530610413042,43200,-122.25236777316758,47.92523174929302,530610413042.0
b2b-27697,24600,530330263002,43200,-122.28554096203116,47.505380453279805,530330263002.0
b2b-18266,30000,530530732003,43200,-122.24070890083723,46.779553754471394,530110413273.0
b2b-28585,20400,530610535091,43200,-122.15577642818684,48.15652609289869,530610535091.0
b2b-56563,31200,530610534003,43200,-122.12503605145582,48.26017545347021,530730101004.0
b2b-7721,33000,530530701001,43200,-121.54325521381088,47.1154042142104,20009.0
b2b-50649,30600,530530728001,43200,-122.6498514398432,47.10126306338846,530670122222.0
b2b-51204,28800,530330315021,43200,-121.35038596453016,47.15689119363349,530770018002.0
b2b-60486,34200,530330112001,43200,-122.33227885206496,47.53199660801611,530330112001.0
b2b-37731,34800,530610537001,43200,-121.19835975276254,48.11551522486367,530079601002.0
b2b-43380,36600,530530732003,43200,-122.24070890083723,46.779553754471394,410670307002.0
b2b-49372,39600,530530626001,43200,-122.4812929537082,47.22249137342297,530530626001.0
b2b-27804,34200,530530720002,43200,-122.53020686900938,47.12115984586613,530530720002.0
b2b-13020,21000,530330292061,43200,-122.24668397066084,47.395819984184,530330292061.0
b2b-28621,27000,530539400022,43200,-122.35897274041128,47.25278630859665,530539400022.0
b2b-18826,28800,530330109001,43200,-122.32774412983514,47.54038271480846,530330109001.0
b2b-6316,25800,530610535091,43200,-122.15577642818684,48.15652609289869,530610535091.0
b2b-28980,33600,530530732003,43200,-122.24070890083723,46.779553754471394,530110410052.0
b2b-44462,31200,530330303132,43200,-122.3107901026219,47.29578908785922,530330303132.0
b2b-58421,46800,530330299012,43200,-122.2840446711224,47.31629217637615,530330299012.0
b2b-21747,24000,530330265002,43200,-122.35296543102923,47.51686270070809,530330265002.0
b2b-50455,39600,530610535061,43200,-121.90505639582553,48.26054804302581,530579512001.0
b2b-29786,18600,530610537001,43200,-121.19835975276254,48.11551522486367,530630114003.0
b2b-36549,45000,530610537001,43200,-121.19835975276254,48.11551522486367,530630120002.0
b2b-14240,38400,530330226051,43200,-122.16062852383118,47.7111867382145,530330226051.0
b2b-55549,31200,530530701001,43200,-121.54325521381088,47.1154042142104,20009.0
b2b-53115,32400,530530701001,43200,-121.54325521381088,47.1154042142104,20009.0
b2b-28020,19800,530330305011,43200,-122.23010419705356,47.34293076045014,530330305011.0
b2b-55610,35400,530530732004,43200,-122.24497881306635,46.91507326147312,20014.0
b2b-55523,44400,530530732003,43200,-122.24070890083723,46.779553754471394,410670320054.0
b2b-24773,33000,530330093002,43200,-122.33962914107708,47.59056118743874,530330093002.0
b2c-1235,31200,934,43200,-122.29626584938234,47.72379676846765,934.0
b2c-832,27600,1345,43200,-122.35335149620524,47.53857545212804,1345.0
b2c-1494,33600,1367,43200,-122.34273076230576,47.52708723359917,1367.0
b2c-3527,44400,1197,43200,-122.33788928871232,47.62250515310533,1197.0
b2c-1581,24780,1106,43200,-122.33882770237548,47.66025766529029,1106.0
b2c-3529,24600,1197,43200,-122.33788928871232,47.62250515310533,1197.0
b2c-2014,23820,2206,43200,-122.03147703560144,47.372560971476,2206.0
b2c-3698,27600,1442,43200,-122.35899006381418,47.75565883965355,1442.0
b2c-105,48600,934,43200,-122.29626584938234,47.72379676846765,934.0
b2c-3957,28800,2894,43200,-122.405291180124,47.20514942438013,2894.0
b2c-1584,25560,1106,43200,-122.33882770237548,47.66025766529029,1106.0
b2c-1578,30600,1367,43200,-122.34273076230576,47.52708723359917,1367.0
b2c-2893,31800,1821,43200,-122.45672345399149,47.42894838795812,1821.0
b2c-402,31800,3854,43200,-122.37541782700848,48.29306628125695,3854.0
b2c-3844,27000,1806,43200,-122.29367386282372,47.47290043128482,1806.0
b2c-3540,27000,1045,43200,-122.4065885629087,47.675484358589536,1045.0
b2c-2775,25020,2080,43200,-122.23150311195394,47.288425808829714,2080.0
b2c-2675,30600,2931,43200,-122.1400384986234,47.23493001492415,2931.0
b2c-3375,31200,3291,43200,-122.3719514849644,47.20988245688846,3291.0
b2c-928,28200,1530,43200,-122.21703951596976,47.72425757632159,1530.0
b2c-3849,24600,2162,43200,-122.12760777662486,47.47362196435211,2162.0
b2c-1945,30600,1874,43200,-122.29481814558096,47.41617661430901,1874.0
b2c-923,25200,3662,43200,-122.24783308088702,47.7848843249879,3662.0
b2c-2654,32400,2325,43200,-121.69830928949088,47.75927149236661,2325.0
b2c-2179,25740,1379,43200,-122.37409711078668,47.52341125089673,1379.0
b2c-1569,48000,1106,43200,-122.33799684646075,47.66060631619519,1106.0
b2c-3825,27600,1106,43200,-122.33882770237548,47.66025766529029,1106.0
b2c-1302,27600,2263,43200,-122.1003366740054,47.65887757656854,2263.0
b2c-2054,26400,1300,43200,-122.34810852030328,47.585844937223165,1300.0
b2c-170,25980,3625,43200,-122.28719909646264,47.825347145919054,3625.0
b2c-2848,27600,3281,43200,-122.34116759746664,47.24483711832976,3281.0
b2c-2384,25740,2080,43200,-122.23150311195394,47.288425808829714,2080.0
b2c-3506,32400,2125,43200,-121.91279621715393,47.38048395689011,2125.0
b2c-1739,39600,1803,43200,-122.26922566138788,47.48664294965268,1803.0
b2c-1664,25260,1871,43200,-122.284900298658,47.428778346077216,1871.0
b2c-1769,27600,1491,43200,-122.16288280078892,47.726726399500414,1491.0
b2c-3290,31800,2889,43200,-122.42850817946936,47.202911623571005,2889.0
b2c-2468,25500,2049,43200,-122.30763231236196,47.312657488085854,2049.0
b2c-3607,49200,1442,43200,-122.35772680891986,47.75369976720795,1442.0
b2c-1804,34800,1806,43200,-122.29367386282372,47.47290043128482,1806.0
b2c-1275,26400,1595,43200,-122.13873911347692,47.616966285475705,1595.0
b2c-2699,30600,3062,43200,-122.45433551853432,47.15280630320601,3062.0
b2c-3796,34800,2271,43200,-122.07937317223283,47.64062396882332,2271.0
b2c-1488,46200,1779,43200,-122.3148139756956,47.51814276088846,1779.0
b2c-1452,27000,1300,43200,-122.36191130568818,47.570501782896365,1300.0
b2c-1537,27000,1455,43200,-122.31518171767078,47.73852805506231,1455.0
b2c-1657,25380,1871,43200,-122.284900298658,47.428778346077216,1871.0
b2c-379,25680,931,43200,-122.29107385481844,47.7321114429534,931.0
b2c-452,22800,1197,43200,-122.33788928871232,47.62250515310533,1197.0
b2c-3019,29400,1752,43200,-122.20885754831816,47.45651506043937,1752.0
b2c-2774,22800,2080,43200,-122.23150311195394,47.288425808829714,2080.0
b2c-3025,24660,1812,43200,-122.3453283104507,47.48425349774679,1812.0
b2c-1159,25980,1491,43200,-122.16381608354894,47.725935452595934,1491.0
b2c-1695,26400,1388,43200,-122.28814389164565,47.52741299134812,1388.0
b2c-1823,44400,1580,43200,-122.13487505048352,47.64118937658631,1580.0
b2c-2213,28200,1803,43200,-122.26922566138788,47.48664294965268,1803.0
b2c-819,48000,931,43200,-122.29107385481844,47.7321114429534,931.0
b2c-2529,31800,3252,43200,-122.25071579841904,47.24205533614754,3252.0
b2c-708,24000,1776,43200,-122.31031107461058,47.50263961446283,1776.0
b2c-3076,43800,1810,43200,-122.33069566938264,47.47324014581692,1810.0
b2c-3407,29400,1367,43200,-122.34273076230576,47.52708723359917,1367.0
b2c-441,43800,1626,43200,-122.15579964384534,47.589420220867325,1626.0
b2c-1735,40800,1468,43200,-122.2638986159755,47.7648930365311,1468.0
b2c-2120,25800,1580,43200,-122.13487505048352,47.64118937658631,1580.0
b2c-3126,49200,2080,43200,-122.23150311195394,47.288425808829714,2080.0
b2c-948,26340,931,43200,-122.29107385481844,47.7321114429534,931.0
b2c-3715,23220,1194,43200,-122.3460430105234,47.61693398470889,1194.0
b2c-3031,30600,3250,43200,-122.209632290509,47.20277425397229,3250.0
b2c-225,27600,1442,43200,-122.35772680891986,47.75369976720795,1442.0
b2c-3846,25200,2264,43200,-122.0849059867751,47.6629084869519,2264.0
b2c-2534,27600,3291,43200,-122.3719514849644,47.20988245688846,3291.0
b2c-3942,25800,2174,43200,-122.1271486909642,47.460328090883934,2174.0
b2c-3533,24600,1106,43200,-122.33882770237548,47.66025766529029,1106.0
b2c-2882,30000,3184,43200,-122.68153175741764,47.0905537822001,3184.0
b2c-1512,29400,3433,43200,-122.20836851986124,47.975552484072175,3433.0
b2c-3203,30600,1283,43200,-122.4059408058661,47.57851044598464,1283.0
b2c-3197,31200,3252,43200,-122.25071579841904,47.24205533614754,3252.0
b2c-1616,46800,3606,43200,-122.3284392312963,47.802762665152365,3606.0
b2c-1685,26400,1388,43200,-122.28814389164565,47.52741299134812,1388.0
b2c-1294,28800,1194,43200,-122.3460430105234,47.61693398470889,1194.0
b2c-2763,29400,1266,43200,-122.32182817535254,47.59028498369845,1266.0
b2c-2231,23820,2206,43200,-122.03147703560144,47.372560971476,2206.0
b2c-1918,25680,1975,43200,-122.25854696827383,47.377260522247845,1975.0
b2c-3949,44400,1939,43200,-122.17370012044536,47.39655375471148,1939.0
b2c-2633,49200,2080,43200,-122.23150311195394,47.288425808829714,2080.0
b2c-3256,43800,1943,43200,-122.1906230730769,47.39555359763438,1943.0
b2c-2233,25440,2206,43200,-122.03147703560144,47.372560971476,2206.0
b2c-3630,25440,1182,43200,-122.36862856470502,47.62951240845689,1182.0
b2c-3149,49200,2889,43200,-122.42481967714276,47.20303257894216,2889.0
b2c-3815,48000,1388,43200,-122.28814389164565,47.52741299134812,1388.0
b2c-1499,33600,1367,43200,-122.34273076230576,47.52708723359917,1367.0
b2c-3395,30600,1941,43200,-122.20625275309612,47.389543499464914,1941.0
b2c-2176,25200,2355,43200,-122.62778679562348,47.59207588056182,2355.0
b2c-2223,26400,1595,43200,-122.13873911347692,47.616966285475705,1595.0
b2c-357,28800,1491,43200,-122.16381608354894,47.725935452595934,1491.0
b2c-1983,25800,2264,43200,-122.0849059867751,47.6629084869519,2264.0
b2c-1109,28200,1106,43200,-122.3470781830526,47.66284012043353,1106.0
b2c-3468,48000,1746,43200,-122.18555967749802,47.46394240008312,1746.0
b2c-2478,34200,3281,43200,-122.34116759746664,47.24483711832976,3281.0
b2c-1011,29400,1852,43200,-122.28559557416123,47.44469293999623,1852.0
b2c-2812,26400,3164,43200,-122.62052619855956,47.35616465229868,3164.0
b2c-2435,27000,1871,43200,-122.284900298658,47.428778346077216,1871.0
b2c-1956,45000,1595,43200,-122.13873911347692,47.616966285475705,1595.0
b2c-1750,29400,1821,43200,-122.45672345399149,47.42894838795812,1821.0
b2c-3526,39600,1144,43200,-122.373734179045,47.63858926205001,1144.0
b2c-3561,44400,1106,43200,-122.33799684646075,47.66060631619519,1106.0
b2c-1762,27600,1491,43200,-122.16288280078892,47.726726399500414,1491.0
b2c-1136,26400,1606,43200,-122.1572999078656,47.57994132835024,1606.0
b2c-3579,23580,1106,43200,-122.33882770237548,47.66025766529029,1106.0
b2c-977,36000,1174,43200,-122.34024945883137,47.637920907318886,1174.0
b2c-2658,34800,3711,43200,-122.20677257450056,48.0215288459708,3711.0
b2c-1274,25680,1595,43200,-122.13873911347692,47.616966285475705,1595.0
b2c-3435,31800,2161,43200,-122.09506192454988,47.39070685926421,2161.0
b2c-513,24180,1595,43200,-122.13873911347692,47.616966285475705,1595.0
b2c-3736,24000,1746,43200,-122.18555967749802,47.46394240008312,1746.0
b2c-3279,27000,2080,43200,-122.23150311195394,47.288425808829714,2080.0
b2c-3476,28800,2123,43200,-121.9962034907505,47.2021255853472,2123.0
b2c-2253,25380,1729,43200,-122.16036035229054,47.48290337770919,1729.0
b2c-1034,25200,1491,43200,-122.15881921041424,47.71413475367848,1491.0
b2c-2685,30600,3007,43200,-122.34939445449778,47.12011822746182,3007.0
b2c-3071,30600,3003,43200,-122.35474618160406,47.15312020312847,3003.0
b2c-469,40200,2263,43200,-122.1003366740054,47.65887757656854,2263.0
b2c-2508,45000,2125,43200,-121.91279621715393,47.38048395689011,2125.0
b2c-2046,26820,1491,43200,-122.15977275597004,47.71255117455541,1491.0
b2c-475,31800,1300,43200,-122.36191130568818,47.570501782896365,1300.0
b2c-427,27000,3793,43200,-122.1103776321822,48.129479106104895,3793.0
b2c-394,28200,1266,43200,-122.32182817535254,47.59028498369845,1266.0
b2c-838,25380,1580,43200,-122.13487505048352,47.64118937658631,1580.0
b2c-3900,25800,3606,43200,-122.3284392312963,47.802762665152365,3606.0
b2c-2051,32400,1847,43200,-122.26575376929286,47.44279051124539,1847.0
b2c-2578,24600,2125,43200,-121.91279621715393,47.38048395689011,2125.0
b2c-1406,32400,2255,43200,-122.12589224593826,47.677401341366966,2255.0
b2c-3007,25200,2086,43200,-122.25464976339912,47.28409182239924,2086.0
b2c-3004,31200,2142,43200,-122.05311487130628,47.32139264832609,2142.0
b2c-2562,26400,2125,43200,-121.91279621715393,47.38048395689011,2125.0
b2c-2735,30600,3105,43200,-122.55075435034313,47.14995374759264,3105.0
b2c-880,43200,1345,43200,-122.35335149620524,47.53857545212804,1345.0
b2c-2638,49200,2080,43200,-122.23150311195394,47.288425808829714,2080.0
b2c-909,30000,1182,43200,-122.36862856470502,47.62951240845689,1182.0
b2c-1809,44400,1580,43200,-122.13487505048352,47.64118937658631,1580.0
b2c-1153,26400,1595,43200,-122.14030745396732,47.61559306291281,1595.0
b2c-1130,25680,1773,43200,-122.2976634526694,47.52320227432269,1773.0
b2c-3425,24840,1821,43200,-122.45672345399149,47.42894838795812,1821.0
b2c-3551,25800,1219,43200,-122.2854011331359,47.61552346714808,1219.0
b2c-3943,43800,2315,43200,-122.04305289307165,47.68455214737312,2315.0
b2c-239,32400,3760,43200,-122.04859175385891,47.90188327769642,3760.0
b2c-1264,46800,1487,43200,-122.17684005112652,47.71974160216226,1487.0
b2c-2726,53400,3073,43200,-122.51563159180998,47.14260551390282,3073.0
b2c-2244,31800,1904,43200,-122.21364239509256,47.40683913249221,1904.0
b2c-3941,23700,2050,43200,-122.30386467852956,47.30372239038565,2050.0
b2c-2784,28200,3291,43200,-122.3719514849644,47.20988245688846,3291.0
b2c-1211,25200,2264,43200,-122.0849059867751,47.6629084869519,2264.0
b2c-1743,26280,1943,43200,-122.1906230730769,47.39555359763438,1943.0
b2c-3705,26400,3618,43200,-122.3134635019043,47.83436958435193,3618.0
b2c-1626,26160,2254,43200,-122.12492842851924,47.6712606919798,2254.0
b2c-710,31800,1812,43200,-122.3453283104507,47.48425349774679,1812.0
b2c-424,27000,3793,43200,-122.1103776321822,48.129479106104895,3793.0
b2c-2926,27600,1871,43200,-122.284900298658,47.428778346077216,1871.0
b2c-1374,27600,1106,43200,-122.33882770237548,47.66025766529029,1106.0
b2c-2587,28800,2125,43200,-121.93848822532432,47.38966752072865,2125.0
b2c-2395,25380,2080,43200,-122.23150311195394,47.288425808829714,2080.0
b2c-983,26400,1442,43200,-122.35899006381418,47.75565883965355,1442.0
b2c-1196,28800,1300,43200,-122.34810852030328,47.585844937223165,1300.0
b2c-2291,31200,1904,43200,-122.21364239509256,47.40683913249221,1904.0
b2c-1682,25680,1192,43200,-122.34402293032412,47.62176215639969,1192.0
b2c-3814,23400,1499,43200,-122.14720279168544,47.73346513703267,1499.0
b2c-842,26520,1580,43200,-122.13487505048352,47.64118937658631,1580.0
b2c-3600,43800,3164,43200,-122.62052619855956,47.35616465229868,3164.0
b2c-2747,28800,3184,43200,-122.68153175741764,47.0905537822001,3184.0
b2c-1523,25860,1812,43200,-122.3453283104507,47.48425349774679,1812.0
b2c-3726,30000,1752,43200,-122.20885754831816,47.45651506043937,1752.0
b2c-243,25200,1526,43200,-122.23784688243995,47.723259165129946,1526.0
b2c-3758,30000,1812,43200,-122.3453283104507,47.48425349774679,1812.0
b2c-518,25200,1530,43200,-122.21703951596976,47.72425757632159,1530.0
b2c-2782,28200,3291,43200,-122.3719514849644,47.20988245688846,3291.0
b2c-775,18720,1746,43200,-122.18555967749802,47.46394240008312,1746.0
b2c-2910,23340,2142,43200,-122.05311487130628,47.32139264832609,2142.0
b2c-1314,25800,1226,43200,-122.34829694383605,47.6155546939511,1226.0
b2c-3717,27000,1549,43200,-122.16467497914066,47.70491393723791,1549.0
b2c-3143,27000,1388,43200,-122.28814389164565,47.52741299134812,1388.0
b2c-2752,27000,3184,43200,-122.68153175741764,47.0905537822001,3184.0
b2c-2539,27600,3291,43200,-122.3719514849644,47.20988245688846,3291.0
b2c-1679,46800,3164,43200,-122.62052619855956,47.35616465229868,3164.0
b2c-2932,27600,1871,43200,-122.284900298658,47.428778346077216,1871.0
b2c-2570,25560,2125,43200,-121.91279621715393,47.38048395689011,2125.0
b2c-2962,25200,3291,43200,-122.3719514849644,47.20988245688846,3291.0
b2c-2706,27600,2980,43200,-122.27499465946023,47.155702856820426,2980.0
b2c-288,27600,1106,43200,-122.33882770237548,47.66025766529029,1106.0
b2c-1965,45000,1595,43200,-122.13873911347692,47.616966285475705,1595.0
b2c-1573,27600,1182,43200,-122.3665060344986,47.6288229847731,1182.0
b2c-2083,43200,1871,43200,-122.284900298658,47.428778346077216,1871.0
b2c-3585,31200,3606,43200,-122.3284392312963,47.802762665152365,3606.0
b2c-2813,30600,1266,43200,-122.32050117187798,47.593970667115705,1266.0
b2c-1021,26880,934,43200,-122.29626584938234,47.72379676846765,934.0
b2c-601,46200,3606,43200,-122.3284392312963,47.802762665152365,3606.0
b2c-1103,47400,1871,43200,-122.284900298658,47.428778346077216,1871.0
b2c-2153,42600,2213,43200,-122.02793232375384,47.52852392794747,2213.0
b2c-2611,30600,2931,43200,-122.1400384986234,47.23493001492415,2931.0
b2c-1585,24360,1106,43200,-122.33882770237548,47.66025766529029,1106.0
b2c-2443,24600,3164,43200,-122.62052619855956,47.35616465229868,3164.0
b2c-442,27600,1075,43200,-122.28070155942858,47.669102636224224,1075.0
b2c-1353,42600,1194,43200,-122.3460430105234,47.61693398470889,1194.0
b2c-365,31800,1266,43200,-122.32050117187798,47.593970667115705,1266.0
b2c-3564,28200,1821,43200,-122.45672345399149,47.42894838795812,1821.0
b2c-794,24000,2213,43200,-122.02793232375384,47.52852392794747,2213.0
b2c-867,25920,1106,43200,-122.33882770237548,47.66025766529029,1106.0
b2c-1950,27600,1943,43200,-122.1906230730769,47.39555359763438,1943.0
b2c-3268,27000,2080,43200,-122.23150311195394,47.288425808829714,2080.0
b2c-68,25140,1530,43200,-122.21703951596976,47.72425757632159,1530.0
b2c-3460,33000,3184,43200,-122.68153175741764,47.0905537822001,3184.0
b2c-3034,28200,1939,43200,-122.1748981311042,47.39852927959943,1939.0
b2c-2228,25320,2206,43200,-122.03147703560144,47.372560971476,2206.0
b2c-2257,29400,1791,43200,-122.35328799156588,47.50829873290952,1791.0
b2c-492,24240,2264,43200,-122.0849059867751,47.6629084869519,2264.0
b2c-3208,51000,2105,43200,-122.12938377077728,47.28973418947849,2105.0
b2c-1513,29400,3433,43200,-122.20836851986124,47.975552484072175,3433.0
b2c-3771,49200,1283,43200,-122.4059408058661,47.57851044598464,1283.0
b2c-3574,24120,931,43200,-122.29107385481844,47.7321114429534,931.0
b2c-2786,33600,1975,43200,-122.25854696827383,47.377260522247845,1975.0
b2c-628,35400,1779,43200,-122.3148139756956,47.51814276088846,1779.0
b2c-3402,24600,1810,43200,-122.33069566938264,47.47324014581692,1810.0
b2c-655,26400,1803,43200,-122.26922566138788,47.48664294965268,1803.0
b2c-411,25500,1491,43200,-122.16288280078892,47.726726399500414,1491.0
b2c-2410,28200,2050,43200,-122.31114702840894,47.29468105374397,2050.0
b2c-753,22200,2331,43200,-121.86894911824196,47.51894058547997,2331.0
b2c-372,29400,2264,43200,-122.0849059867751,47.6629084869519,2264.0
b2c-2497,30600,2178,43200,-122.13063680443048,47.4399087853468,2178.0
b2c-533,24360,1595,43200,-122.14030745396732,47.61559306291281,1595.0
b2c-2980,28200,1182,43200,-122.3665060344986,47.6288229847731,1182.0
b2c-1814,44400,1580,43200,-122.13487505048352,47.64118937658631,1580.0
b2c-1463,25320,1174,43200,-122.34024945883137,47.637920907318886,1174.0
b2c-2945,28800,2142,43200,-122.05311487130628,47.32139264832609,2142.0
b2c-1820,44400,1580,43200,-122.13487505048352,47.64118937658631,1580.0
b2c-1037,26340,1801,43200,-122.3036992321708,47.495478064141246,1801.0
b2c-2442,39000,2125,43200,-121.93848822532432,47.38966752072865,2125.0
b2c-3044,25200,1812,43200,-122.3453283104507,47.48425349774679,1812.0
b2c-2655,29400,3803,43200,-122.12046224666229,48.07079591781124,3803.0
b2c-529,23280,1595,43200,-122.14030745396732,47.61559306291281,1595.0
b2c-1337,31800,3625,43200,-122.28719909646264,47.825347145919054,3625.0
b2c-766,26400,1852,43200,-122.28559557416123,47.44469293999623,1852.0
b2c-2134,27000,3164,43200,-122.62052619855956,47.35616465229868,3164.0
b2c-2062,55200,1626,43200,-122.1566031234174,47.58835925683691,1626.0
b2c-62,29400,1549,43200,-122.16467497914066,47.70491393723791,1549.0
b2c-3587,24600,3178,43200,-122.77874040791056,47.33838420170779,3178.0
b2c-1267,29400,3625,43200,-122.28719909646264,47.825347145919054,3625.0
b2c-130,29400,1530,43200,-122.21862319214802,47.72291964108047,1530.0
b2c-3325,26100,2086,43200,-122.25464976339912,47.28409182239924,2086.0
b2c-1525,24900,1812,43200,-122.3453283104507,47.48425349774679,1812.0
b2c-1903,30600,2145,43200,-122.14764511510568,47.37705648373822,2145.0
b2c-626,52800,1283,43200,-122.4059408058661,47.57851044598464,1283.0
b2c-1982,26700,2264,43200,-122.0849059867751,47.6629084869519,2264.0
b2c-954,52800,1075,43200,-122.28070155942858,47.669102636224224,1075.0
b2c-2250,25920,1729,43200,-122.16036035229054,47.48290337770919,1729.0
b2c-2548,25800,3250,43200,-122.209632290509,47.20277425397229,3250.0
b2c-2004,24960,2206,43200,-122.03147703560144,47.372560971476,2206.0
b2c-745,25800,3907,43200,-121.77602704795554,47.91018517707872,3907.0
b2c-3254,25500,2980,43200,-122.27499465946023,47.155702856820426,2980.0
b2c-927,28200,1530,43200,-122.21703951596976,47.72425757632159,1530.0
b2c-623,34800,1595,43200,-122.14030745396732,47.61559306291281,1595.0
b2c-3340,25200,1847,43200,-122.26575376929286,47.44279051124539,1847.0
b2c-814,48000,931,43200,-122.29107385481844,47.7321114429534,931.0
b2c-1734,40800,1468,43200,-122.2638986159755,47.7648930365311,1468.0
b2c-3482,31800,1773,43200,-122.2976634526694,47.52320227432269,1773.0
b2c-850,25380,1580,43200,-122.13487505048352,47.64118937658631,1580.0
b2c-3866,22380,2147,43200,-122.15509700767844,47.36156380442327,2147.0
b2c-6,34800,1491,43200,-122.16288280078892,47.726726399500414,1491.0
b2c-3662,25800,1874,43200,-122.29481814558096,47.41617661430901,1874.0
b2c-282,33000,1580,43200,-122.13487505048352,47.64118937658631,1580.0
b2c-1284,25980,1746,43200,-122.18555967749802,47.46394240008312,1746.0
b2c-3165,25200,2868,43200,-122.48600498104749,47.220470449625495,2868.0
b2c-3324,34200,1812,43200,-122.3453283104507,47.48425349774679,1812.0
b2c-1812,44400,1580,43200,-122.13487505048352,47.64118937658631,1580.0
b2c-3100,25800,3105,43200,-122.55075435034313,47.14995374759264,3105.0
b2c-1448,31200,2264,43200,-122.0849059867751,47.6629084869519,2264.0
b2c-2126,33000,2161,43200,-122.09506192454988,47.39070685926421,2161.0
b2c-453,27600,1626,43200,-122.15579964384534,47.589420220867325,1626.0
b2c-673,27600,1813,43200,-122.33795520913476,47.48272737956439,1813.0
b2c-3342,28800,1803,43200,-122.26922566138788,47.48664294965268,1803.0
b2c-3299,27600,2206,43200,-122.03147703560144,47.372560971476,2206.0
b2c-1619,25020,3629,43200,-122.26406840857685,47.846270261740536,3629.0
b2c-546,31800,3883,43200,-122.1859223615958,48.16565731534102,3883.0
b2c-148,23220,1045,43200,-122.4065885629087,47.675484358589536,1045.0
b2c-2249,26040,1729,43200,-122.16036035229054,47.48290337770919,1729.0
b2c-520,24840,1144,43200,-122.373734179045,47.63858926205001,1144.0
b2c-1489,46200,1779,43200,-122.3148139756956,47.51814276088846,1779.0
b2c-2878,30000,3184,43200,-122.68153175741764,47.0905537822001,3184.0
b2c-1120,31200,1778,43200,-122.320963066316,47.50929180201658,1778.0
b2c-1200,48600,1348,43200,-122.31711980000344,47.53860850735797,1348.0
b2c-1954,45000,1595,43200,-122.13873911347692,47.616966285475705,1595.0
b2c-3510,25200,1606,43200,-122.1572999078656,47.57994132835024,1606.0
b2c-391,24600,1580,43200,-122.14025183848774,47.6351257715181,1580.0
b2c-1465,34800,2232,43200,-121.99757296182096,47.550172991833385,2232.0
b2c-1304,26400,1626,43200,-122.1566031234174,47.58835925683691,1626.0
b2c-34,31800,3606,43200,-122.3284392312963,47.802762665152365,3606.0
b2c-691,42000,1752,43200,-122.20885754831816,47.45651506043937,1752.0
b2c-1570,48000,1106,43200,-122.33799684646075,47.66060631619519,1106.0
b2c-177,26040,3625,43200,-122.28719909646264,47.825347145919054,3625.0
b2c-577,50400,931,43200,-122.29107385481844,47.7321114429534,931.0
b2c-66,24000,1530,43200,-122.21703951596976,47.72425757632159,1530.0
b2c-1129,24780,1773,43200,-122.2976634526694,47.52320227432269,1773.0
b2c-3398,25500,3105,43200,-122.55075435034313,47.14995374759264,3105.0
b2c-1281,39600,1778,43200,-122.320963066316,47.50929180201658,1778.0
b2c-3446,26400,2206,43200,-122.03147703560144,47.372560971476,2206.0
b2c-2449,29400,2125,43200,-121.91279621715393,47.38048395689011,2125.0
b2c-2362,34800,2206,43200,-122.03147703560144,47.372560971476,2206.0
b2c-3346,30600,1871,43200,-122.284900298658,47.428778346077216,1871.0
b2c-669,28200,1729,43200,-122.16036035229054,47.48290337770919,1729.0
b2c-938,25620,1630,43200,-122.19164990289244,47.603011072046144,1630.0
b2c-1329,24780,1487,43200,-122.17684005112652,47.71974160216226,1487.0
b2c-3491,30000,2162,43200,-122.12760777662486,47.47362196435211,2162.0
b2c-2011,23460,2206,43200,-122.03147703560144,47.372560971476,2206.0
b2c-2758,21600,3793,43200,-122.1103776321822,48.129479106104895,3793.0
b2c-91,33600,1491,43200,-122.16288280078892,47.726726399500414,1491.0
b2c-637,43200,1367,43200,-122.34273076230576,47.52708723359917,1367.0
b2c-1067,26460,1106,43200,-122.33882770237548,47.66025766529029,1106.0
b2c-1143,26400,1595,43200,-122.14030745396732,47.61559306291281,1595.0
b2c-3602,29400,1442,43200,-122.35772680891986,47.75369976720795,1442.0
b2c-1202,48600,1348,43200,-122.31711980000344,47.53860850735797,1348.0
b2c-3269,27000,2080,43200,-122.23150311195394,47.288425808829714,2080.0
b2c-3389,25560,3003,43200,-122.35474618160406,47.15312020312847,3003.0
b2c-94,25800,3538,43200,-122.2931299967151,47.867601785286446,3538.0
b2c-462,31800,3606,43200,-122.3284392312963,47.802762665152365,3606.0
b2c-799,26040,1106,43200,-122.33799684646075,47.66060631619519,1106.0
b2c-1115,28200,1626,43200,-122.15579964384534,47.589420220867325,1626.0
b2c-3456,33000,3184,43200,-122.68153175741764,47.0905537822001,3184.0
b2c-3260,33600,2975,43200,-122.3561543183176,47.17464381992031,2975.0
b2c-3704,25200,1455,43200,-122.31518171767078,47.73852805506231,1455.0
b2c-57,49800,3711,43200,-122.20677257450056,48.0215288459708,3711.0
b2c-3592,25800,1283,43200,-122.4059408058661,47.57851044598464,1283.0
b2c-896,25200,1491,43200,-122.16288280078892,47.726726399500414,1491.0
b2c-3173,25800,2931,43200,-122.1400384986234,47.23493001492415,2931.0
b2c-3786,25800,1630,43200,-122.19164990289244,47.603011072046144,1630.0
b2c-3644,30000,2396,43200,-122.62647139354884,47.79854511776482,2396.0
b2c-284,33000,1580,43200,-122.13487505048352,47.64118937658631,1580.0
b2c-2742,24600,3110,43200,-122.63378250506864,47.1578209467612,3110.0
b2c-3094,25800,3105,43200,-122.55075435034313,47.14995374759264,3105.0
b2c-1595,42600,1580,43200,-122.13487505048352,47.64118937658631,1580.0
b2c-1522,26100,1812,43200,-122.3453283104507,47.48425349774679,1812.0
b2c-509,23700,1606,43200,-122.1572999078656,47.57994132835024,1606.0
b2c-1390,27600,1106,43200,-122.33882770237548,47.66025766529029,1106.0
b2c-3880,23400,2050,43200,-122.30386467852956,47.30372239038565,2050.0
b2c-3713,27000,1487,43200,-122.17684005112652,47.71974160216226,1487.0
b2c-3466,48000,1746,43200,-122.18555967749802,47.46394240008312,1746.0
b2c-167,31200,1491,43200,-122.16381608354894,47.725935452595934,1491.0
b2c-195,33600,1106,43200,-122.33882770237548,47.66025766529029,1106.0
b2c-2767,41400,3281,43200,-122.34116759746664,47.24483711832976,3281.0
b2c-3647,30600,1266,43200,-122.32050117187798,47.593970667115705,1266.0
b2c-346,25200,1455,43200,-122.31518171767078,47.73852805506231,1455.0
b2c-1157,25800,1491,43200,-122.16381608354894,47.725935452595934,1491.0
b2c-3816,48000,1388,43200,-122.28814389164565,47.52741299134812,1388.0
b2c-2285,29400,1729,43200,-122.16036035229054,47.48290337770919,1729.0
b2c-3463,28800,1778,43200,-122.320963066316,47.50929180201658,1778.0
b2c-1843,30600,1812,43200,-122.3453283104507,47.48425349774679,1812.0
b2c-400,31800,3854,43200,-122.37541782700848,48.29306628125695,3854.0
b2c-40,28200,1526,43200,-122.23784688243995,47.723259165129946,1526.0
b2c-2399,30600,1941,43200,-122.20625275309612,47.389543499464914,1941.0
b2c-138,26760,3433,43200,-122.20764879482704,47.97188915020293,3433.0
b2c-3544,25200,1626,43200,-122.15579964384534,47.589420220867325,1626.0
b2c-906,31200,1752,43200,-122.20885754831816,47.45651506043937,1752.0
b2c-3220,43200,2123,43200,-121.9962034907505,47.2021255853472,2123.0
b2c-2580,25800,3291,43200,-122.3719514849644,47.20988245688846,3291.0
b2c-408,42600,1106,43200,-122.33882770237548,47.66025766529029,1106.0
b2c-1000,25320,1266,43200,-122.32050117187798,47.593970667115705,1266.0
b2c-3429,25980,3062,43200,-122.45433551853432,47.15280630320601,3062.0
b2c-1840,30600,1812,43200,-122.3453283104507,47.48425349774679,1812.0
b2c-3495,26400,2125,43200,-121.91279621715393,47.38048395689011,2125.0
b2c-3354,30600,1871,43200,-122.284900298658,47.428778346077216,1871.0
b2c-2960,25200,3291,43200,-122.3719514849644,47.20988245688846,3291.0
b2c-1861,24540,1182,43200,-122.36862856470502,47.62951240845689,1182.0
b2c-678,27000,2232,43200,-121.99757296182096,47.550172991833385,2232.0
b2c-4,34800,1491,43200,-122.16288280078892,47.726726399500414,1491.0
b2c-2327,52800,2315,43200,-122.04305289307165,47.68455214737312,2315.0
b2c-1543,28200,1526,43200,-122.23784688243995,47.723259165129946,1526.0
b2c-1797,27600,1812,43200,-122.3453283104507,47.48425349774679,1812.0
b2c-113,30600,3854,43200,-122.37541782700848,48.29306628125695,3854.0
b2c-430,30000,1630,43200,-122.19164990289244,47.603011072046144,1630.0
b2c-2116,25800,1580,43200,-122.13487505048352,47.64118937658631,1580.0
b2c-681,31200,2362,43200,-122.6188973314226,47.56860059379828,2362.0
b2c-83,33600,1491,43200,-122.16288280078892,47.726726399500414,1491.0
b2c-1123,25800,1174,43200,-122.33920333902849,47.63721509869755,1174.0
b2c-446,24360,3793,43200,-122.1103776321822,48.129479106104895,3793.0
b2c-1635,27600,3606,43200,-122.3284392312963,47.802762665152365,3606.0
b2c-1741,26160,1943,43200,-122.1906230730769,47.39555359763438,1943.0
b2c-1844,30600,1812,43200,-122.3453283104507,47.48425349774679,1812.0
b2c-3782,46800,2263,43200,-122.1003366740054,47.65887757656854,2263.0
b2c-3120,49800,2953,43200,-122.1960139638704,47.23285309545821,2953.0
b2c-2063,55200,1626,43200,-122.1566031234174,47.58835925683691,1626.0
b2c-1028,26820,934,43200,-122.29626584938234,47.72379676846765,934.0
b2c-2458,23100,2142,43200,-122.05311487130628,47.32139264832609,2142.0
b2c-3293,31800,1969,43200,-122.23835422288047,47.35659803546415,1969.0
b2c-237,27600,3618,43200,-122.3134635019043,47.83436958435193,3618.0
b2c-152,35400,1487,43200,-122.17684005112652,47.71974160216226,1487.0
b2c-2234,23640,2206,43200,-122.03147703560144,47.372560971476,2206.0
b2c-1486,26400,3606,43200,-122.3284392312963,47.802762665152365,3606.0
b2c-2439,27000,1871,43200,-122.284900298658,47.428778346077216,1871.0
b2c-1187,25140,931,43200,-122.29107385481844,47.7321114429534,931.0
