Unnamed: 0,carrierId,tourId,vehicleId,vehicleTypeId,warehouseZone,warehouseX,warehouseY,mesoZone,vehicleTypeIdOrig,vehicleIdOrig
1,6419952-1-mdv,b2b-1,ft-5cf26,ft-mdv-Dsl,530610533012,-122.32617546189218,48.26118234371266,530610533012.0,mdv_D_Diesel,b2b--c61-1
28,7371482-1-mdv,b2b-28,ft-8e3d6,ft-mdv-Dsl,530610420051,-122.28740046089591,47.88737756293772,530610420051.0,mdv_D_Diesel,b2b--c61-120
34,7371482-1-mdv,b2b-34,ft-5b70d,ft-mdv-Dsl,530610420051,-122.28740046089591,47.88737756293772,530610420051.0,mdv_D_Diesel,b2b--c61-132
46,6382301-1-mdv,b2b-46,ft-2226c,ft-mdv-Gas,530530729061,-122.5544249277511,47.049137874735855,530419710003.0,mdv_G_Gasoline,b2b--c61-192
67,6407918-1-mdv,b2b-67,ft-dbcf2,ft-mdv-Gas,530610510001,-122.33003470389266,47.79657905214585,530610510001.0,mdv_G_Gasoline,b2b--c61-262
70,6428585-2-hdt,b2b-70,ft-ee05d,ft-hdt-Dsl,530610537001,-121.31300181346782,48.04698207479564,530630122001.0,hdt_D_Diesel,b2b--c61-277
72,6414943-1-hdt,b2b-72,ft-eac43,ft-hdt-Dsl,530610528032,-122.17852833880164,48.11758183627731,530610528032.0,hdt_D_Diesel,b2b--c61-282
73,6414943-2-hdt,b2b-73,ft-0b0a9,ft-hdt-Dsl,530610528032,-122.17852833880164,48.11758183627731,530610528032.0,hdt_D_Diesel,b2b--c61-283
108,7370194-1-mdv,b2b-108,ft-4cfda,ft-mdv-Dsl,530610519252,-122.20212253509658,47.79611791900395,530610519252.0,mdv_D_Diesel,b2b--c61-661
109,7370194-1-mdv,b2b-109,ft-c142f,ft-mdv-Dsl,530610519252,-122.20212253509658,47.79611791900395,530610519252.0,mdv_D_Diesel,b2b--c61-662
116,6414084-1-hdt,b2b-116,ft-4d5c5,ft-hdt-Dsl,530610418052,-122.22335390032104,47.908115967050165,530610418052.0,hdt_D_Diesel,b2b--c61-672
118,6414084-1-hdt,b2b-118,ft-b36ae,ft-hdv-Dsl,530610418052,-122.22335390032104,47.908115967050165,530610418052.0,hdv_D_Diesel,b2b--c61-674
142,6414084-2-hdv,b2b-142,ft-65560,ft-hdv-Dsl,530610418052,-122.22335390032104,47.908115967050165,530610418052.0,hdv_D_Diesel,b2b--c61-801
156,6414084-5-mdv,b2b-156,ft-4892a,ft-mdv-Dsl,530610418052,-122.22335390032104,47.908115967050165,530610418052.0,mdv_D_Diesel,b2b--c61-986
177,6381432-1-hdt,b2b-177,ft-ebf2c,ft-hdt-Dsl,530530729061,-122.5544249277511,47.049137874735855,530419708004.0,hdt_D_Diesel,b2b--c61-1263
181,6418742-4-ld3,b2b-181,ft-27934,ft-ld3-Gas,530610413042,-122.2450639119834,47.92334715174426,530610413042.0,ld3_G_Gasoline,b2b--c61-1286
183,6418742-4-ld3,b2b-183,ft-0bc4d,ft-ld3-Gas,530610413042,-122.2450639119834,47.92334715174426,530610413042.0,ld3_G_Gasoline,b2b--c61-1288
205,6418742-1-hdt,b2b-205,ft-bb825,ft-hdt-Dsl,530610413042,-122.2450639119834,47.92334715174426,530610413042.0,hdt_D_Diesel,b2b--c61-1406
209,6418742-1-hdt,b2b-209,ft-5f91d,ft-hdt-Dsl,530610413042,-122.2450639119834,47.92334715174426,530610413042.0,hdt_D_Diesel,b2b--c61-1410
234,6418742-2-hdv,b2b-234,ft-5030,ft-hdv-Dsl,530610413042,-122.2450639119834,47.92334715174426,530610413042.0,hdv_D_Diesel,b2b--c61-1529
235,6418742-2-hdv,b2b-235,ft-eab82,ft-hdv-Dsl,530610413042,-122.2450639119834,47.92334715174426,530610413042.0,hdv_D_Diesel,b2b--c61-1530
250,6418742-2-ld3,b2b-250,ft-79c27,ft-ld3-Dsl,530610413042,-122.2450639119834,47.92334715174426,530610413042.0,ld3_D_Diesel,b2b--c61-1853
265,6433892-1-hdt,b2b-265,ft-7417,ft-hdt-Dsl,530530726032,-122.77382693312865,47.188210163000925,530670105101.0,hdt_D_Diesel,b2b--c61-1933
278,6418742-5-mdv,b2b-278,ft-666a0,ft-mdv-Dsl,530610413042,-122.2450639119834,47.92334715174426,530610413042.0,mdv_D_Diesel,b2b--c61-1990
280,6418742-5-mdv,b2b-280,ft-48685,ft-mdv-Dsl,530610413042,-122.2450639119834,47.92334715174426,530610413042.0,mdv_D_Diesel,b2b--c61-1992
298,7370692-1-hdt,b2b-298,ft-63270,ft-hdt-Dsl,530610408002,-122.20740921411743,47.97867025191261,530610408002.0,hdt_D_Diesel,b2b--c61-2255
303,7370692-1-hdt,b2b-303,ft-23bdb,ft-hdv-Dsl,530610408002,-122.20740921411743,47.97867025191261,530610408002.0,hdv_D_Diesel,b2b--c61-2261
310,7370692-2-hdv,b2b-310,ft-70f61,ft-hdv-Dsl,530610408002,-122.20740921411743,47.97867025191261,530610408002.0,hdv_D_Diesel,b2b--c61-2387
317,7370692-2-hdv,b2b-317,ft-05a86,ft-hdv-Dsl,530610408002,-122.20740921411743,47.97867025191261,530610408002.0,hdv_D_Diesel,b2b--c61-2275
323,7370692-2-hdv,b2b-323,ft-d74e2,ft-hdv-Dsl,530610408002,-122.20740921411743,47.97867025191261,530610408002.0,hdv_D_Diesel,b2b--c61-2281
332,7370692-2-hdv,b2b-332,ft-546be,ft-hdv-Dsl,530610408002,-122.20740921411743,47.97867025191261,530610408002.0,hdv_D_Diesel,b2b--c61-2383
333,7370692-2-hdv,b2b-333,ft-88090,ft-hdv-Dsl,530610408002,-122.20740921411743,47.97867025191261,530610408002.0,hdv_D_Diesel,b2b--c61-2384
337,7370692-2-ld1,b2b-337,ft-8abda,ft-ld1-Gas,530610408002,-122.20740921411743,47.97867025191261,530610408002.0,ld1_G_Gasoline,b2b--c61-2543
338,7370692-2-ld3,b2b-338,ft-db790,ft-ld3-Dsl,530610408002,-122.20740921411743,47.97867025191261,530610408002.0,ld3_D_Diesel,b2b--c61-2665
340,7370692-2-ld3,b2b-340,ft-c2633,ft-ld3-Dsl,530610408002,-122.20740921411743,47.97867025191261,530610408002.0,ld3_D_Diesel,b2b--c61-2677
346,7370692-5-mdv,b2b-346,ft-20a5b,ft-mdv-Dsl,530610408002,-122.20740921411743,47.97867025191261,530610408002.0,mdv_D_Diesel,b2b--c61-2687
350,7370692-5-mdv,b2b-350,ft-3d2fe,ft-mdv-Dsl,530610408002,-122.20740921411743,47.97867025191261,530610408002.0,mdv_D_Diesel,b2b--c61-2693
370,7370692-3-ld1,b2b-370,ft-49992,ft-ld1-Gas,530610408002,-122.20740921411743,47.97867025191261,530610408002.0,ld1_G_Gasoline,b2b--c61-2914
371,7370692-3-ld3,b2b-371,ft-20ed5,ft-ld3-Dsl,530610408002,-122.20740921411743,47.97867025191261,530610408002.0,ld3_D_Diesel,b2b--c61-2919
374,6418742-3-mdv,b2b-374,ft-f26aa,ft-mdv-Dsl,530610413042,-122.2450639119834,47.92334715174426,530610413042.0,mdv_D_Diesel,b2b--c61-2939
399,6413572-1-hdt,b2b-399,ft-03b4d,ft-hdt-Dsl,530610413042,-122.2535813951001,47.92363599703762,530610413042.0,hdt_D_Diesel,b2b--c61-3054
400,6413572-1-hdt,b2b-400,ft-d255c,ft-hdt-Dsl,530610413042,-122.2535813951001,47.92363599703762,530610413042.0,hdt_D_Diesel,b2b--c61-3055
410,6413572-2-hdv,b2b-410,ft-59dd2,ft-hdv-Dsl,530610413042,-122.2535813951001,47.92363599703762,530610413042.0,hdv_D_Diesel,b2b--c61-3102
415,6402564-1-mdv,b2b-415,ft-27a7e,ft-mdv-Dsl,530610533024,-122.33639511497468,48.27588885819264,530579518002.0,mdv_D_Diesel,b2b--c61-3107
419,6407441-2-ld3,b2b-419,ft-07c0f,ft-ld3-Gas,530610420053,-122.31963939219717,47.89836411323076,530610420053.0,ld3_G_Gasoline,b2b--c61-3120
431,6407441-3-mdv,b2b-431,ft-fc024,ft-mdv-Dsl,530610420053,-122.31963939219717,47.89836411323076,530610420053.0,mdv_D_Diesel,b2b--c61-3178
437,6407441-1-ld1,b2b-437,ft-1672f,ft-ld1-Gas,530610420053,-122.31963939219717,47.89836411323076,530610420053.0,ld1_G_Gasoline,b2b--c61-3225
446,5046630-1-hdt,b2b-446,ft-ae8df,ft-hdt-Dsl,530530732003,-122.23706641279225,46.78408365659002,410670310062.0,hdt_D_Diesel,b2b--c61-3270
451,6405745-1-mdv,b2b-451,ft-ed338,ft-mdv-Dsl,530610519261,-122.14857433125184,47.78400962634667,530610519261.0,mdv_D_Diesel,b2b--c61-3283
469,6419135-1-mdv,b2b-469,ft-9a901,ft-mdv-Dsl,530610524014,-122.10226308744468,47.92855376131855,530610524014.0,mdv_D_Diesel,b2b--c61-3346
496,6383574-1-mdv,b2b-496,ft-00aaa,ft-mdv-Dsl,530530726023,-122.81375781184049,47.26489576985024,530459606001.0,mdv_D_Diesel,b2b--c61-3462
526,7370913-1-mdv,b2b-526,ft-d0a70,ft-mdv-Dsl,530610413042,-122.2437126928515,47.927543294624336,530610413042.0,mdv_D_Diesel,b2b--c61-3668
531,7370913-1-mdv,b2b-531,ft-0695c,ft-mdv-Dsl,530610413042,-122.2437126928515,47.927543294624336,530610413042.0,mdv_D_Diesel,b2b--c61-3673
542,7370913-1-mdv,b2b-542,ft-de219,ft-mdv-Dsl,530610413042,-122.2437126928515,47.927543294624336,530610413042.0,mdv_D_Diesel,b2b--c61-3685
543,7370913-1-mdv,b2b-543,ft-7da53,ft-mdv-Dsl,530610413042,-122.2437126928515,47.927543294624336,530610413042.0,mdv_D_Diesel,b2b--c61-3686
544,7370913-1-mdv,b2b-544,ft-6e6a6,ft-mdv-Dsl,530610413042,-122.2437126928515,47.927543294624336,530610413042.0,mdv_D_Diesel,b2b--c61-3687
566,7367750-1-mdv,b2b-566,ft-723c9,ft-mdv-Dsl,530530729061,-122.5544249277511,47.049137874735855,530419714002.0,mdv_D_Diesel,b2b--c61-3829
578,7456615-1-mdv,b2b-578,ft-426fa,ft-mdv-Gas,530530701001,-121.5437370927352,47.12072649438632,530779400023.0,mdv_G_Gasoline,b2b--c61-3865
579,7456440-1-mdv,b2b-579,ft-8bc36,ft-mdv-Dsl,530610537001,-121.31300181346782,48.04698207479564,530630116001.0,mdv_D_Diesel,b2b--c61-3866
581,6313883-1-hdt,b2b-581,ft-d720e,ft-hdt-Dsl,530350901011,-122.60731041865166,47.92387571831771,530299713002.0,hdt_D_Diesel,b2b--c61-3873
589,6420282-1-hdt,b2b-589,ft-1947c,ft-hdt-Dsl,530610519121,-122.11921310813587,47.805143777485924,530610519121.0,hdt_D_Diesel,b2b--c61-3900
604,6420282-2-hdt,b2b-604,ft-cd19a,ft-hdt-Dsl,530610519121,-122.11921310813587,47.805143777485924,530610519121.0,hdt_D_Diesel,b2b--c61-3916
631,6418291-1-mdv,b2b-631,ft-1a664,ft-mdv-Dsl,530610419011,-122.2763276023368,47.907347692590974,530610419011.0,mdv_D_Diesel,b2b--c61-3991
638,7371476-1-mdv,b2b-638,ft-093c1,ft-mdv-Dsl,530610413042,-122.27980567598077,47.93877830004982,530610413042.0,mdv_D_Diesel,b2b--c61-4025
661,6412043-1-mdv,b2b-661,ft-b93ad,ft-mdv-Dsl,530610408002,-122.2148462170804,47.98078363030425,530610408002.0,mdv_D_Diesel,b2b--c61-4134
668,6407008-1-mdv,b2b-668,ft-a7ec3,ft-mdv-Dsl,530610519252,-122.20335554098985,47.79679577717888,530610519252.0,mdv_D_Diesel,b2b--c61-4171
678,5042361-3-mdv,b2b-678,ft-99857,ft-mdv-Dsl,530530732003,-122.23706641279225,46.78408365659002,410670330003.0,mdv_D_Diesel,b2b--c61-4218
712,6410751-1-hdt,b2b-712,ft-6da8b,ft-hdt-Dsl,530610419011,-122.27858433449603,47.899046791825725,530610419011.0,hdt_D_Diesel,b2b--c61-4317
715,6410751-1-hdt,b2b-715,ft-4b959,ft-hdt-Dsl,530610419011,-122.27858433449603,47.899046791825725,530610419011.0,hdt_D_Diesel,b2b--c61-4331
728,6412291-1-mdv,b2b-728,ft-9b7f0,ft-mdv-Dsl,530610413042,-122.24802902540723,47.930462344419844,530610413042.0,mdv_D_Diesel,b2b--c61-4385
745,7456299-2-hdv,b2b-745,ft-f5194,ft-hdv-Dsl,530610519252,-122.20371470463961,47.7969630290018,530610519252.0,hdv_D_Diesel,b2b--c61-4430
751,7371282-2-hdv,b2b-751,ft-6748a,ft-hdv-Dsl,530610528032,-122.17691432898094,48.1342506173404,530610528032.0,hdv_D_Diesel,b2b--c61-4459
753,7371282-2-ld1,b2b-753,ft-13d10,ft-ld1-Gas,530610528032,-122.17691432898094,48.1342506173404,530610528032.0,ld1_G_Gasoline,b2b--c61-4475
758,7371282-1-ld1,b2b-758,ft-19e7b,ft-ld1-Gas,530610528032,-122.17691432898094,48.1342506173404,530610528032.0,ld1_G_Gasoline,b2b--c61-4499
759,7371282-1-ld1,b2b-759,ft-54e53,ft-ld1-Gas,530610528032,-122.17691432898094,48.1342506173404,530610528032.0,ld1_G_Gasoline,b2b--c61-4500
796,6435004-1-mdv,b2b-796,ft-bdb6f,ft-mdv-Dsl,530530726032,-122.77382693312865,47.188210163000925,530670122122.0,mdv_D_Diesel,b2b--c61-4574
801,6413025-1-mdv,b2b-801,ft-b93b5,ft-mdv-Gas,530610413042,-122.24399754268248,47.92736881726144,530610413042.0,mdv_G_Gasoline,b2b--c61-4584
830,6413024-1-mdv,b2b-830,ft-dbc15,ft-mdv-Dsl,530610413042,-122.26050674283199,47.940648569026095,530610413042.0,mdv_D_Diesel,b2b--c61-4715
835,6413024-1-mdv,b2b-835,ft-083d2,ft-mdv-Dsl,530610413042,-122.26050674283199,47.940648569026095,530610413042.0,mdv_D_Diesel,b2b--c61-4757
848,6415405-1-mdv,b2b-848,ft-459b7,ft-mdv-Dsl,530610528032,-122.18351783055236,48.12429181428818,530610528032.0,mdv_D_Diesel,b2b--c61-4786
851,6415405-1-mdv,b2b-851,ft-c6b8c,ft-mdv-Dsl,530610528032,-122.18351783055236,48.12429181428818,530610528032.0,mdv_D_Diesel,b2b--c61-4789
868,7371150-1-mdv,b2b-868,ft-164b0,ft-mdv-Dsl,530610528032,-122.17135826892655,48.11870455629089,530610528032.0,mdv_D_Diesel,b2b--c61-4895
873,6419611-1-mdv,b2b-873,ft-d9d6b,ft-mdv-Dsl,530610524014,-122.10228964826,47.92912512045848,530610524014.0,mdv_D_Diesel,b2b--c61-4899
884,6419611-1-mdv,b2b-884,ft-beac6,ft-mdv-Dsl,530610524014,-122.10228964826,47.92912512045848,530610524014.0,mdv_D_Diesel,b2b--c61-4910
887,6419611-1-mdv,b2b-887,ft-0c1d2,ft-mdv-Dsl,530610524014,-122.10228964826,47.92912512045848,530610524014.0,mdv_D_Diesel,b2b--c61-4913
906,6419611-1-mdv,b2b-906,ft-9b68c,ft-mdv-Dsl,530610524014,-122.10228964826,47.92912512045848,530610524014.0,mdv_D_Diesel,b2b--c61-4932
908,6419611-1-mdv,b2b-908,ft-eeb9f,ft-mdv-Dsl,530610524014,-122.10228964826,47.92912512045848,530610524014.0,mdv_D_Diesel,b2b--c61-4934
929,6419611-1-mdv,b2b-929,ft-6dd3c,ft-mdv-Dsl,530610524014,-122.10228964826,47.92912512045848,530610524014.0,mdv_D_Diesel,b2b--c61-5220
945,6419611-1-mdv,b2b-945,ft-f211c,ft-mdv-Dsl,530610524014,-122.10228964826,47.92912512045848,530610524014.0,mdv_D_Diesel,b2b--c61-5236
948,6411743-1-mdv,b2b-948,ft-789f0,ft-mdv-Dsl,530610415001,-122.19548622670989,47.963900195218585,530610415001.0,mdv_D_Diesel,b2b--c61-5241
949,7370916-1-mdv,b2b-949,ft-2c8c8,ft-mdv-Gas,530610413042,-122.2530044995198,47.923772996649035,530610413042.0,mdv_G_Gasoline,b2b--c61-5255
960,6408181-1-mdv,b2b-960,ft-f4d62,ft-mdv-Gas,530610519222,-122.21659355995945,47.79647099152538,530610519222.0,mdv_G_Gasoline,b2b--c61-5276
962,6407750-1-mdv,b2b-962,ft-5c303,ft-mdv-Dsl,530610420051,-122.2843071078695,47.88042525003015,530610420051.0,mdv_D_Diesel,b2b--c61-5288
972,6298425-1-mdv,b2b-972,ft-2abb6,ft-mdv-Dsl,530530732003,-122.23706641279225,46.78408365659002,530110406082.0,mdv_D_Diesel,b2b--c61-5311
995,5041021-1-mdv,b2b-995,ft-7e189,ft-mdv-Gas,530530732003,-122.23706641279225,46.78408365659002,410670320011.0,mdv_G_Gasoline,b2b--c61-5374
1001,4954481-1-mdv,b2b-1001,ft-22441,ft-mdv-Gas,530530732003,-122.23706641279225,46.78408365659002,410030104002.0,mdv_G_Gasoline,b2b--c61-5401
1034,6419651-1-mdv,b2b-1034,ft-b3eb6,ft-mdv-Gas,530610533011,-122.37175814469856,48.24101885283303,530610533011.0,mdv_G_Gasoline,b2b--c61-5493
1052,6413194-1-mdv,b2b-1052,ft-5c654,ft-mdv-Dsl,530610413041,-122.28264404087847,47.952049290975516,530610413041.0,mdv_D_Diesel,b2b--c61-5609
1060,7371098-1-ld3,b2b-1060,ft-7f80c,ft-ld3-Dsl,530610528032,-122.17831171864796,48.11749859788531,530610528032.0,ld3_D_Diesel,b2b--c61-5629
1092,7370822-5-mdv,b2b-1092,ft-682ac,ft-mdv-Dsl,530610413042,-122.2435744790798,47.92715585033081,530610413042.0,mdv_D_Diesel,b2b--c61-5745
1094,7370822-2-ld3,b2b-1094,ft-b0140,ft-ld3-Dsl,530610413042,-122.2435744790798,47.92715585033081,530610413042.0,ld3_D_Diesel,b2b--c61-5765
1108,7455588-1-hdt,b2b-1108,ft-2fe41,ft-hdt-Dsl,530350901011,-122.60731041865166,47.92387571831771,530319505002.0,hdt_D_Diesel,b2b--c61-5806
1114,4963782-1-mdv,b2b-1114,ft-debb2,ft-mdv-Dsl,530530732003,-122.23706641279225,46.78408365659002,410050232011.0,mdv_D_Diesel,b2b--c61-5829
1124,7461577-1-mdv,b2b-1124,ft-edd95,ft-mdv-Gas,530610519261,-122.14703728830244,47.78552664862416,530610519261.0,mdv_G_Gasoline,b2b--c61-5850
1134,7456285-1-mdv,b2b-1134,ft-efbf8,ft-mdv-Dsl,530610533014,-122.37093627404924,48.2483017317002,530579519002.0,mdv_D_Diesel,b2b--c61-5904
1166,5019957-1-hdt,b2b-1166,ft-58e77,ft-hdt-Dsl,530530732003,-122.23706641279225,46.78408365659002,410510027021.0,hdt_D_Diesel,b2b--c61-5999
1176,7193717-1-hdt,b2b-1176,ft-04aa3,ft-hdt-Dsl,530530732003,-122.23706641279225,46.78408365659002,410510076001.0,hdt_D_Diesel,b2b--c61-6028
1184,7186678-3-mdv,b2b-1184,ft-e27b4,ft-mdv-Dsl,530530732003,-122.23706641279225,46.78408365659002,410050204012.0,mdv_D_Diesel,b2b--c61-6052
1187,7186678-3-mdv,b2b-1187,ft-af1be,ft-mdv-Dsl,530530732003,-122.23706641279225,46.78408365659002,410050204012.0,mdv_D_Diesel,b2b--c61-6084
1200,6420454-1-mdv,b2b-1200,ft-1fbb5,ft-mdv-Dsl,530610519121,-122.11158566870067,47.8021071105721,530610519121.0,mdv_D_Diesel,b2b--c61-6116
1205,6416305-1-mdv,b2b-1205,ft-8b5cb,ft-mdv-Dsl,530610529032,-122.18207373114356,48.05922538405052,530610529032.0,mdv_D_Diesel,b2b--c61-6122
1216,6413212-1-mdv,b2b-1216,ft-d66c2,ft-mdv-Dsl,530610413042,-122.26053003794688,47.940532731661506,530610413042.0,mdv_D_Diesel,b2b--c61-6147
1218,6413212-1-mdv,b2b-1218,ft-cb401,ft-mdv-Dsl,530610413042,-122.26053003794688,47.940532731661506,530610413042.0,mdv_D_Diesel,b2b--c61-6149
1231,6418137-1-mdv,b2b-1231,ft-fd6db,ft-mdv-Dsl,530610522041,-122.00926933071764,47.86671266379285,530610522041.0,mdv_D_Diesel,b2b--c61-6215
1247,6412288-1-mdv,b2b-1247,ft-e4583,ft-mdv-Dsl,530610413042,-122.26443770831386,47.93868700630548,530610413042.0,mdv_D_Diesel,b2b--c61-6370
1250,6412288-1-mdv,b2b-1250,ft-37573,ft-mdv-Dsl,530610413042,-122.26443770831386,47.93868700630548,530610413042.0,mdv_D_Diesel,b2b--c61-6373
1258,6412288-1-mdv,b2b-1258,ft-15fff,ft-mdv-Dsl,530610413042,-122.26443770831386,47.93868700630548,530610413042.0,mdv_D_Diesel,b2b--c61-6423
1264,7359274-1-mdv,b2b-1264,ft-1dbad,ft-mdv-Gas,530530732003,-122.23706641279225,46.78408365659002,530110409102.0,mdv_G_Gasoline,b2b--c61-6438
1267,7370325-1-mdv,b2b-1267,ft-d4a94,ft-mdv-Gas,530610519222,-122.21262586920015,47.79757283326849,530610519222.0,mdv_G_Gasoline,b2b--c61-6450
1295,7370221-1-mdv,b2b-1295,ft-a7902,ft-mdv-Dsl,530610519261,-122.15356411700203,47.781944384246785,530610519261.0,mdv_D_Diesel,b2b--c61-6543
1343,6417766-1-hdt,b2b-1343,ft-39c57,ft-hdt-Dsl,530610538024,-121.7979171810727,47.86493242261868,530610538024.0,hdt_D_Diesel,b2b--c61-6747
1346,7370067-1-mdv,b2b-1346,ft-81118,ft-mdv-Dsl,530610519222,-122.21280548199324,47.79771411624927,530610519222.0,mdv_D_Diesel,b2b--c61-6748
1354,6313642-1-mdv,b2b-1354,ft-310fd,ft-mdv-Dsl,530610521042,-122.1719769874398,48.00763113514073,530299720002.0,mdv_D_Diesel,b2b--c61-6770
1359,6414973-1-mdv,b2b-1359,ft-ccd52,ft-mdv-Gas,530610535091,-122.14852183431093,48.1702557603626,530610535091.0,mdv_G_Gasoline,b2b--c61-6794
1371,7456379-1-mdv,b2b-1371,ft-f97df,ft-mdv-Dsl,530610522041,-121.99870756254165,47.868816173136885,530610522041.0,mdv_D_Diesel,b2b--c61-6818
1372,6409090-1-mdv,b2b-1372,ft-79314,ft-mdv-Dsl,530610514002,-122.32072518358449,47.80648877451488,530610514002.0,mdv_D_Diesel,b2b--c61-6826
1383,6415671-1-mdv,b2b-1383,ft-5e2b1,ft-mdv-Dsl,530610536021,-121.96844291811112,48.07955155130446,530610536021.0,mdv_D_Diesel,b2b--c61-6863
1402,6407108-5-mdv,b2b-1402,ft-972fa,ft-mdv-Dsl,530610519222,-122.21159149793947,47.79979315346672,530610519222.0,mdv_D_Diesel,b2b--c61-6975
1412,6407108-1-ld3,b2b-1412,ft-39714,ft-ld3-Gas,530610519222,-122.21159149793947,47.79979315346672,530610519222.0,ld3_G_Gasoline,b2b--c61-7043
1418,6407108-1-ld3,b2b-1418,ft-65dd9,ft-ld3-Gas,530610519222,-122.21159149793947,47.79979315346672,530610519222.0,ld3_G_Gasoline,b2b--c61-7042
1423,6415340-1-mdv,b2b-1423,ft-4806a,ft-mdv-Dsl,530610535082,-122.13644759871573,48.18684504698403,530610535082.0,mdv_D_Diesel,b2b--c61-7105
1433,6407896-1-mdv,b2b-1433,ft-bfa37,ft-mdv-Dsl,530610514001,-122.29519439952564,47.820942844237905,530610514001.0,mdv_D_Diesel,b2b--c61-7132
1447,6410333-1-mdv,b2b-1447,ft-17856,ft-mdv-Dsl,530610519052,-122.2747553831411,47.822901014644515,530610519052.0,mdv_D_Diesel,b2b--c61-7189
1453,6411395-1-mdv,b2b-1453,ft-6f8b7,ft-mdv-Dsl,530610408002,-122.21653218946119,47.980557947791375,530610408002.0,mdv_D_Diesel,b2b--c61-7192
1458,6411395-1-mdv,b2b-1458,ft-b3548,ft-mdv-Dsl,530610408002,-122.21653218946119,47.980557947791375,530610408002.0,mdv_D_Diesel,b2b--c61-7197
1472,6411395-1-mdv,b2b-1472,ft-191d2,ft-mdv-Dsl,530610408002,-122.21653218946119,47.980557947791375,530610408002.0,mdv_D_Diesel,b2b--c61-7213
1476,6411395-1-mdv,b2b-1476,ft-bd6f7,ft-mdv-Dsl,530610408002,-122.21653218946119,47.980557947791375,530610408002.0,mdv_D_Diesel,b2b--c61-7386
1486,6411395-1-mdv,b2b-1486,ft-e6562,ft-mdv-Dsl,530610408002,-122.21653218946119,47.980557947791375,530610408002.0,mdv_D_Diesel,b2b--c61-7396
1491,6411395-1-mdv,b2b-1491,ft-91279,ft-mdv-Dsl,530610408002,-122.21653218946119,47.980557947791375,530610408002.0,mdv_D_Diesel,b2b--c61-7401
1503,6299939-1-mdv,b2b-1503,ft-f351d,ft-mdv-Gas,530530732003,-122.23706641279225,46.78408365659002,530110426003.0,mdv_G_Gasoline,b2b--c61-7428
1518,6406802-1-hdt,b2b-1518,ft-39531,ft-hdt-Dsl,530610519252,-122.20280621119525,47.79620472353999,530610519252.0,hdt_D_Diesel,b2b--c61-7588
1525,7442137-1-mdv,b2b-1525,ft-5316b,ft-mdv-Dsl,530530732003,-122.23706641279225,46.78408365659002,410050229011.0,mdv_D_Diesel,b2b--c61-7599
1530,7456352-1-hdt,b2b-1530,ft-3063a,ft-hdt-Dsl,530610419011,-122.26852004000054,47.90069326967236,530610419011.0,hdt_D_Diesel,b2b--c61-7609
1534,7456352-2-hdt,b2b-1534,ft-8d528,ft-hdt-Dsl,530610419011,-122.26852004000054,47.90069326967236,530610419011.0,hdt_D_Diesel,b2b--c61-7619
1535,7456352-2-hdt,b2b-1535,ft-a2b71,ft-hdt-Dsl,530610419011,-122.26852004000054,47.90069326967236,530610419011.0,hdt_D_Diesel,b2b--c61-7620
1536,7456352-2-hdt,b2b-1536,ft-54a09,ft-hdv-Dsl,530610419011,-122.26852004000054,47.90069326967236,530610419011.0,hdv_D_Diesel,b2b--c61-7621
1550,7373496-1-mdv,b2b-1550,ft-d3517,ft-mdv-Dsl,530530729061,-122.5544249277511,47.049137874735855,530670108005.0,mdv_D_Diesel,b2b--c61-7657
1560,6416110-1-mdv,b2b-1560,ft-ec387,ft-mdv-Dsl,530610526053,-122.06342798085213,48.018406191544535,530610526053.0,mdv_D_Diesel,b2b--c61-7700
1562,6405869-1-mdv,b2b-1562,ft-457eb,ft-mdv-Gas,530610519281,-122.25143388215399,47.847946079450374,530610519281.0,mdv_G_Gasoline,b2b--c61-7730
1564,6405869-1-mdv,b2b-1564,ft-1d0c5,ft-mdv-Gas,530610519281,-122.25143388215399,47.847946079450374,530610519281.0,mdv_G_Gasoline,b2b--c61-7732
1569,7461582-1-mdv,b2b-1569,ft-fc448,ft-mdv-Gas,530610413042,-122.26466964097827,47.9387278356414,530610413042.0,mdv_G_Gasoline,b2b--c61-7739
1572,6417411-1-hdt,b2b-1572,ft-5f293,ft-hdt-Dsl,530619400013,-122.18926817414699,48.05233871684136,530619400013.0,hdt_D_Diesel,b2b--c61-7775
1573,6417411-1-hdt,b2b-1573,ft-b5a31,ft-hdv-Dsl,530619400013,-122.18926817414699,48.05233871684136,530619400013.0,hdv_D_Diesel,b2b--c61-7752
1577,6417411-1-ld3,b2b-1577,ft-94961,ft-ld3-Gas,530619400013,-122.18926817414699,48.05233871684136,530619400013.0,ld3_G_Gasoline,b2b--c61-7810
1582,6417411-1-mdv,b2b-1582,ft-b7ac0,ft-mdv-Dsl,530619400013,-122.18926817414699,48.05233871684136,530619400013.0,mdv_D_Diesel,b2b--c61-7819
1585,6417411-2-hdv,b2b-1585,ft-41386,ft-hdv-Dsl,530619400013,-122.18926817414699,48.05233871684136,530619400013.0,hdv_D_Diesel,b2b--c61-7850
1591,6417412-1-hdt,b2b-1591,ft-1c24f,ft-hdt-Dsl,530619400013,-122.22852671734967,48.040764442218915,530619400013.0,hdt_D_Diesel,b2b--c61-7892
1605,4962079-1-mdv,b2b-1605,ft-3e33d,ft-mdv-Gas,530530732003,-122.23706641279225,46.78408365659002,410050206003.0,mdv_G_Gasoline,b2b--c61-7937
1610,8240753-1-hdt,b2b-1610,ft-a59b3,ft-hdt-Dsl,530610533011,-122.32997723342703,48.24000622875307,530610533011.0,hdt_D_Diesel,b2b--c61-7944
1614,8240753-1-hdt,b2b-1614,ft-3eee4,ft-hdt-Dsl,530610533011,-122.32997723342703,48.24000622875307,530610533011.0,hdt_D_Diesel,b2b--c61-7948
1652,8240753-1-hdt,b2b-1652,ft-6eb0e,ft-hdt-Dsl,530610533011,-122.32997723342703,48.24000622875307,530610533011.0,hdt_D_Diesel,b2b--c61-8026
1655,8240753-1-hdt,b2b-1655,ft-629a5,ft-hdt-Dsl,530610533011,-122.32997723342703,48.24000622875307,530610533011.0,hdt_D_Diesel,b2b--c61-8029
1658,8240753-1-hdt,b2b-1658,ft-cb762,ft-hdt-Dsl,530610533011,-122.32997723342703,48.24000622875307,530610533011.0,hdt_D_Diesel,b2b--c61-8032
1664,8240753-2-hdt,b2b-1664,ft-4f281,ft-hdv-Dsl,530610533011,-122.32997723342703,48.24000622875307,530610533011.0,hdv_D_Diesel,b2b--c61-8036
1671,8240753-2-hdt,b2b-1671,ft-1e8b9,ft-hdt-Dsl,530610533011,-122.32997723342703,48.24000622875307,530610533011.0,hdt_D_Diesel,b2b--c61-8043
1673,8240753-2-hdt,b2b-1673,ft-51398,ft-hdv-Dsl,530610533011,-122.32997723342703,48.24000622875307,530610533011.0,hdv_D_Diesel,b2b--c61-8045
1689,6418637-1-hdt,b2b-1689,ft-78bba,ft-hdv-Dsl,530610413042,-122.24382976238698,47.92735150667002,530610413042.0,hdv_D_Diesel,b2b--c61-8100
1710,6410423-4-mdv,b2b-1710,ft-da5e8,ft-mdv-Dsl,530610510001,-122.31716080127299,47.80540261192333,530610510001.0,mdv_D_Diesel,b2b--c61-8158
1715,6419358-1-mdv,b2b-1715,ft-bd348,ft-mdv-Gas,530610521042,-122.2538204315959,48.044636475629886,530610521042.0,mdv_G_Gasoline,b2b--c61-8167
1716,6419358-1-ld3,b2b-1716,ft-ed042,ft-ld3-Gas,530610521042,-122.2538204315959,48.044636475629886,530610521042.0,ld3_G_Gasoline,b2b--c61-8176
1724,6413800-1-hdt,b2b-1724,ft-2c432,ft-hdt-Dsl,530610417042,-122.22035534444593,47.857636823106205,530610417042.0,hdt_D_Diesel,b2b--c61-8208
1738,7371400-5-mdv,b2b-1738,ft-a0f61,ft-mdv-Dsl,530610413042,-122.2536579618544,47.92387858500553,530610413042.0,mdv_D_Diesel,b2b--c61-8277
1772,6406136-1-hdt,b2b-1772,ft-30083,ft-hdt-Dsl,530610504021,-122.33572500569446,47.80052267651231,530610504021.0,hdt_D_Diesel,b2b--c61-8450
1797,6420160-2-hdt,b2b-1797,ft-8395e,ft-hdt-Dsl,530610538024,-121.79539476415168,47.865800841499706,530610538024.0,hdt_D_Diesel,b2b--c61-8611
1815,6402527-1-hdt,b2b-1815,ft-ab84f,ft-hdt-Dsl,530610533014,-122.37093627404924,48.2483017317002,530579519002.0,hdt_D_Diesel,b2b--c61-8669
1820,6402528-2-hdv,b2b-1820,ft-646c2,ft-hdv-Dsl,530610533024,-122.33639511497468,48.27588885819264,530579518001.0,hdv_D_Diesel,b2b--c61-8686
1825,6415395-1-hdt,b2b-1825,ft-ae8cb,ft-hdt-Dsl,530610528032,-122.17687652971779,48.11516206738686,530610528032.0,hdt_D_Diesel,b2b--c61-8705
1832,6418691-1-hdv,b2b-1832,ft-f23fd,ft-hdv-Dsl,530610420053,-122.31982394499023,47.898375192777024,530610420053.0,hdv_D_Diesel,b2b--c61-8729
1834,7500715-1-hdt,b2b-1834,ft-8f3c5,ft-hdt-Dsl,530610533014,-122.37093627404924,48.2483017317002,530299705003.0,hdt_D_Diesel,b2b--c61-8731
1870,7488954-1-hdt,b2b-1870,ft-731c9,ft-hdt-Dsl,530530732003,-122.23706641279225,46.78408365659002,530419717003.0,hdt_D_Diesel,b2b--c61-8869
1883,8249493-1-hdt,b2b-1883,ft-8e991,ft-hdt-Dsl,530610532013,-122.33660082838128,48.2094065944253,530610532013.0,hdt_D_Diesel,b2b--c61-8895
1903,6415024-2-hdv,b2b-1903,ft-e4346,ft-hdv-Dsl,530610535071,-122.13678019327364,48.18086938438905,530610535071.0,hdv_D_Diesel,b2b--c61-9008
1905,6415024-2-ld3,b2b-1905,ft-3ec3b,ft-ld3-Gas,530610535071,-122.13678019327364,48.18086938438905,530610535071.0,ld3_G_Gasoline,b2b--c61-9024
1911,6419042-2-mdv,b2b-1911,ft-75ca3,ft-mdv-Dsl,530610522041,-121.99953959597016,47.86613749515651,530610522041.0,mdv_D_Diesel,b2b--c61-9048
1929,5017898-2-hdv,b2b-1929,ft-fde51,ft-hdv-Dsl,530530732003,-122.23706641279225,46.78408365659002,410510045001.0,hdv_D_Diesel,b2b--c61-9112
1947,6418773-1-hdt,b2b-1947,ft-a2801,ft-hdt-Dsl,530610522041,-122.00552190890092,47.86552960988121,530610522041.0,hdt_D_Diesel,b2b--c61-9334
1954,7370342-2-mdv,b2b-1954,ft-fe5d9,ft-mdv-Dsl,530610510001,-122.32970484092891,47.79643686899862,530610510001.0,mdv_D_Diesel,b2b--c61-9368
1956,7370342-4-ld3,b2b-1956,ft-230ff,ft-ld3-Gas,530610510001,-122.32970484092891,47.79643686899862,530610510001.0,ld3_G_Gasoline,b2b--c61-9375
1960,7370342-5-ld3,b2b-1960,ft-4892c,ft-ld3-Gas,530610510001,-122.32970484092891,47.79643686899862,530610510001.0,ld3_G_Gasoline,b2b--c61-9389
1964,6410455-1-ld3,b2b-1964,ft-8191a,ft-ld3-Gas,530610519052,-122.26589761460147,47.82333719524684,530610519052.0,ld3_G_Gasoline,b2b--c61-9420
1986,5027626-1-hdt,b2b-1986,ft-bf66f,ft-hdv-Dsl,530530732003,-122.23706641279225,46.78408365659002,410510043001.0,hdv_D_Diesel,b2b--c61-9554
2002,7370675-1-hdt,b2b-2002,ft-6dd27,ft-hdt-Dsl,530610521042,-122.1796905377176,48.02230664623545,530610521042.0,hdt_D_Diesel,b2b--c61-9629
2008,4954873-1-hdt,b2b-2008,ft-c79fd,ft-hdv-Dsl,530530732003,-122.23706641279225,46.78408365659002,410030106001.0,hdv_D_Diesel,b2b--c61-9671
2025,7456553-1-hdt,b2b-2025,ft-bb7dd,ft-hdt-Dsl,530610533014,-122.37093627404924,48.2483017317002,530730002001.0,hdt_D_Diesel,b2b--c61-10066
2032,6408862-2-hdv,b2b-2032,ft-ced82,ft-hdv-Dsl,530610514002,-122.31517379621586,47.809326182553846,530610514002.0,hdv_D_Diesel,b2b--c61-10261
2041,6408862-1-hdv,b2b-2041,ft-bcfc0,ft-hdv-Dsl,530610514002,-122.31517379621586,47.809326182553846,530610514002.0,hdv_D_Diesel,b2b--c61-10299
2043,6406771-1-hdt,b2b-2043,ft-82d46,ft-hdv-Dsl,530610519252,-122.19595903581606,47.79147776100862,530610519252.0,hdv_D_Diesel,b2b--c61-10324
2051,6406771-2-ld3,b2b-2051,ft-149da,ft-ld3-Gas,530610519252,-122.19595903581606,47.79147776100862,530610519252.0,ld3_G_Gasoline,b2b--c61-10368
2059,6299643-1-hdt,b2b-2059,ft-27a4c,ft-hdt-Dsl,530530732003,-122.23706641279225,46.78408365659002,530110410051.0,hdt_D_Diesel,b2b--c61-10401
2097,7371085-1-hdt,b2b-2097,ft-a6434,ft-hdt-Dsl,530610528032,-122.1768799176216,48.11521199703545,530610528032.0,hdt_D_Diesel,b2b--c61-10543
2098,7371085-1-hdt,b2b-2098,ft-62de8,ft-hdv-Dsl,530610528032,-122.1768799176216,48.11521199703545,530610528032.0,hdv_D_Diesel,b2b--c61-10544
2101,7371085-1-hdt,b2b-2101,ft-1d9f1,ft-hdt-Dsl,530610528032,-122.1768799176216,48.11521199703545,530610528032.0,hdt_D_Diesel,b2b--c61-10547
2116,7371085-1-hdt,b2b-2116,ft-832fc,ft-hdt-Dsl,530610528032,-122.1768799176216,48.11521199703545,530610528032.0,hdt_D_Diesel,b2b--c61-10562
2129,6416911-2-hdt,b2b-2129,ft-b5c36,ft-hdt-Dsl,530610521042,-122.17948706795997,48.02218030917801,530610521042.0,hdt_D_Diesel,b2b--c61-10565
2135,6437233-1-hdt,b2b-2135,ft-b7e10,ft-hdt-Dsl,530530729061,-122.5544249277511,47.049137874735855,530670127203.0,hdt_D_Diesel,b2b--c61-10626
2137,6437233-1-hdt,b2b-2137,ft-f6f5f,ft-hdt-Dsl,530530729061,-122.5544249277511,47.049137874735855,530670127203.0,hdt_D_Diesel,b2b--c61-10718
2151,7370655-3-hdt,b2b-2151,ft-45b30,ft-hdt-Dsl,530610408002,-122.20864272578235,47.981975048977255,530610408002.0,hdt_D_Diesel,b2b--c61-10830
2189,7371335-2-hdt,b2b-2189,ft-6c4e3,ft-hdt-Dsl,530610413032,-122.23167882131084,47.93644366208682,530610413032.0,hdt_D_Diesel,b2b--c61-10892
2198,7371335-2-hdt,b2b-2198,ft-ef2d9,ft-hdt-Dsl,530610413032,-122.23167882131084,47.93644366208682,530610413032.0,hdt_D_Diesel,b2b--c61-10902
2205,7367847-1-hdt,b2b-2205,ft-b18c0,ft-hdt-Dsl,530530726023,-122.81375781184049,47.26489576985024,530459609004.0,hdt_D_Diesel,b2b--c61-10958
2210,8438806-1-hdt,b2b-2210,ft-8f04f,ft-hdt-Dsl,530530732003,-122.23706641279225,46.78408365659002,530110430001.0,hdt_D_Diesel,b2b--c61-11020
2218,8438806-1-hdt,b2b-2218,ft-a31c4,ft-hdt-Dsl,530530732003,-122.23706641279225,46.78408365659002,530110430001.0,hdt_D_Diesel,b2b--c61-11028
2232,8438806-2-hdv,b2b-2232,ft-e8160,ft-hdv-Dsl,530530732003,-122.23706641279225,46.78408365659002,530110430001.0,hdv_D_Diesel,b2b--c61-11224
2245,7371552-2-hdt,b2b-2245,ft-6ea0b,ft-hdt-Dsl,530610533025,-122.24587004442508,48.23867829365584,530610533025.0,hdt_D_Diesel,b2b--c61-11236
2246,7371552-2-hdt,b2b-2246,ft-1f019,ft-hdt-Dsl,530610533025,-122.24587004442508,48.23867829365584,530610533025.0,hdt_D_Diesel,b2b--c61-11237
2247,7371552-2-hdt,b2b-2247,ft-227ab,ft-hdv-Dsl,530610533025,-122.24587004442508,48.23867829365584,530610533025.0,hdv_D_Diesel,b2b--c61-11238
2263,6414885-1-hdt,b2b-2263,ft-e3451,ft-hdt-Dsl,530610533025,-122.2712395082924,48.21103505921182,530610533025.0,hdt_D_Diesel,b2b--c61-11326
2264,6414885-2-hdt,b2b-2264,ft-a74d2,ft-hdv-Dsl,530610533025,-122.2712395082924,48.21103505921182,530610533025.0,hdv_D_Diesel,b2b--c61-11327
2272,6414884-2-hdt,b2b-2272,ft-8c9d3,ft-hdt-Dsl,530610533025,-122.25668757911068,48.21639452100822,530610533025.0,hdt_D_Diesel,b2b--c61-11346
2274,6416029-1-hdt,b2b-2274,ft-e478b,ft-hdv-Dsl,530610533025,-122.21979289754186,48.2126937875391,530610533025.0,hdv_D_Diesel,b2b--c61-11350
2296,8240668-2-hdt,b2b-2296,ft-acf3a,ft-hdt-Dsl,530610535061,-121.94377713176313,48.24343596166507,530610535061.0,hdt_D_Diesel,b2b--c61-11418
2304,6407066-2-hdt,b2b-2304,ft-12a87,ft-hdt-Dsl,530610536023,-121.91344902669101,48.013509144578656,530610536023.0,hdt_D_Diesel,b2b--c61-11466
2307,6407066-2-hdt,b2b-2307,ft-bbf89,ft-hdt-Dsl,530610536023,-121.91344902669101,48.013509144578656,530610536023.0,hdt_D_Diesel,b2b--c61-11469
2313,7371552-3-hdt,b2b-2313,ft-57589,ft-hdt-Dsl,530610533025,-122.24587004442508,48.23867829365584,530610533025.0,hdt_D_Diesel,b2b--c61-11523
2329,6436192-2-hdt,b2b-2329,ft-7d5be,ft-hdt-Dsl,530530726032,-122.77382693312865,47.188210163000925,530670110001.0,hdt_D_Diesel,b2b--c61-11579
2336,6436192-1-hdt,b2b-2336,ft-98ecf,ft-hdt-Dsl,530530726032,-122.77382693312865,47.188210163000925,530670110001.0,hdt_D_Diesel,b2b--c61-11688
2339,6436192-1-hdt,b2b-2339,ft-e6881,ft-hdt-Dsl,530530726032,-122.77382693312865,47.188210163000925,530670110001.0,hdt_D_Diesel,b2b--c61-11691
2343,6436192-1-hdt,b2b-2343,ft-98a5f,ft-hdt-Dsl,530530726032,-122.77382693312865,47.188210163000925,530670110001.0,hdt_D_Diesel,b2b--c61-11782
2362,8395891-2-hdt,b2b-2362,ft-1da2e,ft-hdt-Dsl,530530726032,-122.77382693312865,47.188210163000925,530670110001.0,hdt_D_Diesel,b2b--c61-11822
2370,8395891-2-hdt,b2b-2370,ft-d73ca,ft-hdt-Dsl,530530726032,-122.77382693312865,47.188210163000925,530670110001.0,hdt_D_Diesel,b2b--c61-11830
2396,6382697-1-hdt,b2b-2396,ft-ad6b8,ft-hdt-Dsl,530530729061,-122.5544249277511,47.049137874735855,530419711001.0,hdt_D_Diesel,b2b--c61-12426
2401,7371358-2-hdt,b2b-2401,ft-d2671,ft-hdv-Dsl,530610536024,-121.95097741301124,48.10822314061381,530610536024.0,hdv_D_Diesel,b2b--c61-12444
2406,7371358-1-hdt,b2b-2406,ft-00e88,ft-hdt-Dsl,530610536024,-121.95097741301124,48.10822314061381,530610536024.0,hdt_D_Diesel,b2b--c61-12456
2412,6382872-2-hdt,b2b-2412,ft-c8f83,ft-hdt-Dsl,530530729061,-122.5544249277511,47.049137874735855,530419715003.0,hdt_D_Diesel,b2b--c61-12467
2425,6415669-2-hdt,b2b-2425,ft-3c5ae,ft-hdt-Dsl,530610536024,-121.95519763700993,48.11675932287177,530610536024.0,hdt_D_Diesel,b2b--c61-12523
2427,6415669-2-hdt,b2b-2427,ft-37d72,ft-hdt-Dsl,530610536024,-121.95519763700993,48.11675932287177,530610536024.0,hdt_D_Diesel,b2b--c61-12525
2430,7369807-1-hdt,b2b-2430,ft-c2a46,ft-hdv-Dsl,530610533014,-122.37093627404924,48.2483017317002,530579519002.0,hdv_D_Diesel,b2b--c61-12540
2460,7369800-1-hdt,b2b-2460,ft-fca63,ft-hdt-Dsl,530610533024,-122.33639511497468,48.27588885819264,530579518001.0,hdt_D_Diesel,b2b--c61-12758
2468,7367797-1-hdt,b2b-2468,ft-d7814,ft-hdt-Dsl,530530730061,-122.34183800719136,46.92931107282429,530419712002.0,hdt_D_Diesel,b2b--c61-12814
2479,7371163-1-hdt,b2b-2479,ft-434be,ft-hdt-Dsl,530610536041,-121.97943360260854,48.08582229647508,530610536041.0,hdt_D_Diesel,b2b--c61-12946
2482,7371163-1-hdt,b2b-2482,ft-845fe,ft-hdt-Dsl,530610536041,-121.97943360260854,48.08582229647508,530610536041.0,hdt_D_Diesel,b2b--c61-12952
2492,7371163-6-hdt,b2b-2492,ft-f28f5,ft-hdt-Dsl,530610536041,-121.97943360260854,48.08582229647508,530610536041.0,hdt_D_Diesel,b2b--c61-12982
2506,7371154-1-hdt,b2b-2506,ft-a0b69,ft-hdt-Dsl,530610537001,-121.59980244135913,48.26861015868283,530610537001.0,hdt_D_Diesel,b2b--c61-13040
2520,7371154-6-hdt,b2b-2520,ft-14787,ft-hdt-Dsl,530610537001,-121.59980244135913,48.26861015868283,530610537001.0,hdt_D_Diesel,b2b--c61-13047
2521,7371154-6-hdt,b2b-2521,ft-0fcf4,ft-hdt-Dsl,530610537001,-121.59980244135913,48.26861015868283,530610537001.0,hdt_D_Diesel,b2b--c61-13048
2529,7371154-7-hdt,b2b-2529,ft-27dac,ft-hdt-Dsl,530610537001,-121.59980244135913,48.26861015868283,530610537001.0,hdt_D_Diesel,b2b--c61-13086
2535,7371163-5-hdt,b2b-2535,ft-92dc5,ft-hdt-Dsl,530610536041,-121.97943360260854,48.08582229647508,530610536041.0,hdt_D_Diesel,b2b--c61-13122
2540,7371154-5-hdt,b2b-2540,ft-11cdc,ft-hdt-Dsl,530610537001,-121.59980244135913,48.26861015868283,530610537001.0,hdt_D_Diesel,b2b--c61-13169
2553,6382745-1-hdt,b2b-2553,ft-9c14f,ft-hdt-Dsl,530530730061,-122.34183800719136,46.92931107282429,530419712002.0,hdt_D_Diesel,b2b--c61-13219
2561,6408623-1-hdt,b2b-2561,ft-3427d,ft-hdt-Dsl,530610510001,-122.31709908361958,47.80552061898629,530610510001.0,hdt_D_Diesel,b2b--c61-13235
2575,7474487-1-hdt,b2b-2575,ft-e099f,ft-hdt-Dsl,530610537001,-121.31300181346782,48.04698207479564,530750006002.0,hdt_D_Diesel,b2b--c61-13293
2593,7370768-1-mdv,b2b-2593,ft-dac65,ft-mdv-Dsl,530610413042,-122.2442571764638,47.927742592855914,530610413042.0,mdv_D_Diesel,b2b--c61-13348
2594,6433587-1-mdv,b2b-2594,ft-e0ca8,ft-mdv-Dsl,530530729061,-122.5544249277511,47.049137874735855,530670117101.0,mdv_D_Diesel,b2b--c61-13352
2603,6415653-1-ld1,b2b-2603,ft-b5317,ft-ld1-Dsl,530610535051,-121.98068086552985,48.09193683717079,530610535051.0,ld1_D_Diesel,b2b--c61-13394
2608,6381532-1-mdv,b2b-2608,ft-176ce,ft-mdv-Dsl,530530729061,-122.5544249277511,47.049137874735855,530419703002.0,mdv_D_Diesel,b2b--c61-13412
2614,7456383-1-mdv,b2b-2614,ft-a5540,ft-mdv-Dsl,530610420053,-122.32000344707343,47.898290269190014,530610420053.0,mdv_D_Diesel,b2b--c61-13446
2628,6411046-1-mdv,b2b-2628,ft-3c510,ft-mdv-Dsl,530610419012,-122.26441045756675,47.8964769203352,530610419012.0,mdv_D_Diesel,b2b--c61-13511
2632,7370226-1-mdv,b2b-2632,ft-337c1,ft-mdv-Dsl,530610519252,-122.20747376683816,47.80613764487035,530610519252.0,mdv_D_Diesel,b2b--c61-13517
2653,6413442-1-mdv,b2b-2653,ft-d9a4b,ft-mdv-Dsl,530610413042,-122.25806609485024,47.94187722322727,530610413042.0,mdv_D_Diesel,b2b--c61-13632
2664,6419037-1-mdv,b2b-2664,ft-4a7b0,ft-mdv-Dsl,530610521042,-122.17950307633052,48.02224996060587,530610521042.0,mdv_D_Diesel,b2b--c61-13633
2667,6419037-1-mdv,b2b-2667,ft-f060d,ft-mdv-Dsl,530610521042,-122.17950307633052,48.02224996060587,530610521042.0,mdv_D_Diesel,b2b--c61-13636
2674,4968889-1-mdv,b2b-2674,ft-a3ba1,ft-mdv-Dsl,530530701001,-121.5437370927352,47.12072649438632,20095.0,mdv_D_Diesel,b2b--c61-13703
2694,7187507-1-mdv,b2b-2694,ft-8b259,ft-mdv-Gas,530530732003,-122.23706641279225,46.78408365659002,410099709001.0,mdv_G_Gasoline,b2b--c61-13756
2699,5020954-1-mdv,b2b-2699,ft-8c0f2,ft-mdv-Gas,530530732003,-122.23706641279225,46.78408365659002,410510021001.0,mdv_G_Gasoline,b2b--c61-13777
2736,6416351-1-mdv,b2b-2736,ft-1b51e,ft-mdv-Dsl,530610521042,-122.18385772359981,48.03363801228885,530610521042.0,mdv_D_Diesel,b2b--c61-13905
2753,6409760-1-mdv,b2b-2753,ft-231a9,ft-mdv-Gas,530610519281,-122.25675044838584,47.847543164459054,530610519281.0,mdv_G_Gasoline,b2b--c61-13953
2760,7370639-1-mdv,b2b-2760,ft-e9c47,ft-mdv-Dsl,530610401003,-122.20813756649108,47.99975495838594,530610401003.0,mdv_D_Diesel,b2b--c61-13984
2796,7456308-1-hdt,b2b-2796,ft-7328b,ft-hdv-Dsl,530610519222,-122.22067908047016,47.80288259654805,530610519222.0,hdv_D_Diesel,b2b--c61-14081
2797,7456308-1-hdt,b2b-2797,ft-4936e,ft-hdt-Dsl,530610519222,-122.22067908047016,47.80288259654805,530610519222.0,hdt_D_Diesel,b2b--c61-14082
2814,6416333-1-mdv,b2b-2814,ft-0459c,ft-mdv-Dsl,530610521042,-122.17865681263208,47.99850932478484,530610521042.0,mdv_D_Diesel,b2b--c61-14151
2820,6408295-1-mdv,b2b-2820,ft-99bbb,ft-mdv-Dsl,530610519222,-122.21140360845732,47.799548153529585,530610519222.0,mdv_D_Diesel,b2b--c61-14157
2851,6419333-1-hdt,b2b-2851,ft-6d4ca,ft-hdt-Dsl,530610522041,-122.00535854140436,47.86572054334583,530610522041.0,hdt_D_Diesel,b2b--c61-14213
2853,6419333-1-hdt,b2b-2853,ft-8508d,ft-hdt-Dsl,530610522041,-122.00535854140436,47.86572054334583,530610522041.0,hdt_D_Diesel,b2b--c61-14272
2862,6419333-4-mdv,b2b-2862,ft-ccb88,ft-mdv-Dsl,530610522041,-122.00535854140436,47.86572054334583,530610522041.0,mdv_D_Diesel,b2b--c61-14290
2882,7371095-1-ld1,b2b-2882,ft-bcfa9,ft-ld1-Gas,530610535091,-122.14806955460804,48.17086268059573,530610535091.0,ld1_G_Gasoline,b2b--c61-14418
2889,7371095-2-hdv,b2b-2889,ft-4f5f5,ft-hdv-Dsl,530610535091,-122.14806955460804,48.17086268059573,530610535091.0,hdv_D_Diesel,b2b--c61-14459
2893,7371095-2-ld3,b2b-2893,ft-26009,ft-ld3-Gas,530610535091,-122.14806955460804,48.17086268059573,530610535091.0,ld3_G_Gasoline,b2b--c61-14517
2900,7371095-5-mdv,b2b-2900,ft-4f379,ft-mdv-Dsl,530610535091,-122.14806955460804,48.17086268059573,530610535091.0,mdv_D_Diesel,b2b--c61-14602
2902,7371095-5-mdv,b2b-2902,ft-86baa,ft-mdv-Dsl,530610535091,-122.14806955460804,48.17086268059573,530610535091.0,mdv_D_Diesel,b2b--c61-14600
2909,6420377-1-mdv,b2b-2909,ft-3efbe,ft-mdv-Gas,530610521082,-122.12524459379807,47.82671845782202,530610521082.0,mdv_G_Gasoline,b2b--c61-14637
2917,6417560-1-mdv,b2b-2917,ft-f7c15,ft-mdv-Dsl,530610522082,-122.00153796650059,47.849650019965146,530610522082.0,mdv_D_Diesel,b2b--c61-14659
2935,7358672-1-mdv,b2b-2935,ft-98499,ft-mdv-Gas,530530732003,-122.23706641279225,46.78408365659002,530110411051.0,mdv_G_Gasoline,b2b--c61-14704
2948,8395620-1-hdt,b2b-2948,ft-b319e,ft-hdt-Dsl,530610535091,-122.15089997478691,48.15649523919702,530610535091.0,hdt_D_Diesel,b2b--c61-14709
2956,8395620-1-hdt,b2b-2956,ft-65c63,ft-hdt-Dsl,530610535091,-122.15089997478691,48.15649523919702,530610535091.0,hdt_D_Diesel,b2b--c61-14717
2966,8395620-1-hdt,b2b-2966,ft-aa79f,ft-hdv-Dsl,530610535091,-122.15089997478691,48.15649523919702,530610535091.0,hdv_D_Diesel,b2b--c61-14954
2983,8395620-1-hdt,b2b-2983,ft-147c9,ft-hdt-Dsl,530610535091,-122.15089997478691,48.15649523919702,530610535091.0,hdt_D_Diesel,b2b--c61-14924
2989,6415381-6-hdt,b2b-2989,ft-d1293,ft-hdv-Dsl,530610537002,-121.72143130314798,48.28413580616391,530610537002.0,hdv_D_Diesel,b2b--c61-14974
3032,6408837-3-hdt,b2b-3032,ft-411be,ft-hdv-Dsl,530610515001,-122.3122361009677,47.82823196333998,530610515001.0,hdv_D_Diesel,b2b--c61-15040
3040,7371147-6-hdt,b2b-3040,ft-65f6c,ft-hdv-Dsl,530610535091,-122.14839077795033,48.17104852749387,530610535091.0,hdv_D_Diesel,b2b--c61-15098
3045,6420473-3-hdt,b2b-3045,ft-4a393,ft-hdt-Dsl,530610519121,-122.11151213306398,47.80232904971069,530610519121.0,hdt_D_Diesel,b2b--c61-15105
3050,6417843-2-hdt,b2b-3050,ft-243c5,ft-hdt-Dsl,530610538022,-121.81568795147703,47.86220422918021,530610538022.0,hdt_D_Diesel,b2b--c61-15110
3079,6413705-5-hdt,b2b-3079,ft-a34aa,ft-hdt-Dsl,530610418052,-122.21875416642244,47.911150624656166,530610418052.0,hdt_D_Diesel,b2b--c61-15142
3106,6416852-4-hdt,b2b-3106,ft-de9de,ft-hdt-Dsl,530610529032,-122.18024210996315,48.05998665071016,530610529032.0,hdt_D_Diesel,b2b--c61-15183
3107,6416852-4-hdt,b2b-3107,ft-d1593,ft-hdt-Dsl,530610529032,-122.18024210996315,48.05998665071016,530610529032.0,hdt_D_Diesel,b2b--c61-15185
3108,6415127-2-hdt,b2b-3108,ft-1d8d1,ft-hdt-Dsl,530610535091,-122.14166401876739,48.16641848507241,530610535091.0,hdt_D_Diesel,b2b--c61-15187
3116,6410607-3-hdt,b2b-3116,ft-dd2fa,ft-hdt-Dsl,530610418113,-122.2393422364185,47.87880929060386,530610418113.0,hdt_D_Diesel,b2b--c61-15196
3122,7370748-1-hdt,b2b-3122,ft-62d0f,ft-hdt-Dsl,530610413042,-122.25333421863927,47.92376449718981,530610413042.0,hdt_D_Diesel,b2b--c61-15235
3127,6415756-4-hdt,b2b-3127,ft-b22fa,ft-hdt-Dsl,530610535052,-122.02878887800085,48.10921929354915,530610535052.0,hdt_D_Diesel,b2b--c61-15236
3131,7367763-1-hdt,b2b-3131,ft-3a1f6,ft-hdv-Dsl,530530729061,-122.5544249277511,47.049137874735855,530419708002.0,hdv_D_Diesel,b2b--c61-15242
3134,8395286-1-hdt,b2b-3134,ft-8bbd5,ft-hdv-Dsl,530539400101,-122.30103292350968,47.20925891016092,530539400101.0,hdv_D_Diesel,b2b--c61-15252
3161,8395620-2-hdt,b2b-3161,ft-95aef,ft-hdt-Dsl,530610535091,-122.15089997478691,48.15649523919702,530610535091.0,hdt_D_Diesel,b2b--c61-15297
3162,8395620-2-hdt,b2b-3162,ft-c4ee7,ft-hdt-Dsl,530610535091,-122.15089997478691,48.15649523919702,530610535091.0,hdt_D_Diesel,b2b--c61-15299
3165,7365038-1-hdt,b2b-3165,ft-3d518,ft-hdt-Dsl,530330093002,-122.33357597282178,47.58797849383613,530330093002.0,hdt_D_Diesel,b2b--c61-15306
3178,6409525-4-hdt,b2b-3178,ft-8ba66,ft-hdt-Dsl,530610516021,-122.30599316266803,47.831685272487206,530610516021.0,hdt_D_Diesel,b2b--c61-15327
3180,6415128-2-hdt,b2b-3180,ft-b946d,ft-hdt-Dsl,530610535052,-122.03622975747756,48.11789431408953,530610535052.0,hdt_D_Diesel,b2b--c61-15330
3206,6376583-5-hdt,b2b-3206,ft-8c905,ft-hdt-Dsl,530350901013,-122.57486450141752,47.80206716562218,530350901013.0,hdt_D_Diesel,b2b--c61-15364
3215,7371557-21-hdt,b2b-3215,ft-eddaa,ft-hdv-Dsl,530610531021,-122.18921914405846,48.15037009988364,530610531021.0,hdv_D_Diesel,b2b--c61-15377
3224,7370749-11-hdt,b2b-3224,ft-ca3ec,ft-hdt-Dsl,530610413042,-122.26281537034927,47.939353533114726,530610413042.0,hdt_D_Diesel,b2b--c61-15417
3234,6354502-1-hdt,b2b-3234,ft-6c822,ft-hdv-Dsl,530330048003,-122.3627302430383,47.65670531200268,530330048003.0,hdv_D_Diesel,b2b--c61-15429
3248,6378675-1-hdt,b2b-3248,ft-ab7f5,ft-hdt-Dsl,530350904001,-122.68285707168815,47.70690384575886,530350904001.0,hdt_D_Diesel,b2b--c61-15445
3255,6413705-3-hdt,b2b-3255,ft-33a18,ft-hdt-Dsl,530610418052,-122.21875416642244,47.911150624656166,530610418052.0,hdt_D_Diesel,b2b--c61-15455
3261,6416066-2-hdt,b2b-3261,ft-89485,ft-hdv-Dsl,530610526072,-122.06371409753811,47.96990233757454,530610526072.0,hdv_D_Diesel,b2b--c61-15461
3268,6412875-1-hdt,b2b-3268,ft-8dbb7,ft-hdt-Dsl,530610413042,-122.28009380133885,47.93867498617373,530610413042.0,hdt_D_Diesel,b2b--c61-15470
3273,6420712-4-hdt,b2b-3273,ft-ff8bf,ft-hdt-Dsl,530610519121,-122.12041681864353,47.80481638862876,530610519121.0,hdt_D_Diesel,b2b--c61-15472
3292,7370748-6-hdt,b2b-3292,ft-c7d9b,ft-hdt-Dsl,530610413042,-122.25333421863927,47.92376449718981,530610413042.0,hdt_D_Diesel,b2b--c61-15521
3311,8395285-1-hdt,b2b-3311,ft-77ce8,ft-hdt-Dsl,530539400101,-122.30568983007865,47.212144412126825,530539400101.0,hdt_D_Diesel,b2b--c61-15551
3317,7193875-6-hdt,b2b-3317,ft-620da,ft-hdt-Dsl,530530732003,-122.23706641279225,46.78408365659002,410510073001.0,hdt_D_Diesel,b2b--c61-15558
3323,7194105-21-hdt,b2b-3323,ft-56362,ft-hdt-Dsl,530530732003,-122.23706641279225,46.78408365659002,410510073001.0,hdt_D_Diesel,b2b--c61-15572
3325,6302429-4-hdt,b2b-3325,ft-135fe,ft-hdt-Dsl,530530732003,-122.23706641279225,46.78408365659002,530110410052.0,hdt_D_Diesel,b2b--c61-15574
3334,4963485-1-hdt,b2b-3334,ft-b8494,ft-hdv-Dsl,530530732003,-122.23706641279225,46.78408365659002,410050222062.0,hdv_D_Diesel,b2b--c61-15584
3335,6302407-2-hdt,b2b-3335,ft-e39db,ft-hdt-Dsl,530530732003,-122.23706641279225,46.78408365659002,530110410052.0,hdt_D_Diesel,b2b--c61-15585
3343,6303476-1-hdt,b2b-3343,ft-33ad3,ft-hdt-Dsl,530530732003,-122.23706641279225,46.78408365659002,530110413171.0,hdt_D_Diesel,b2b--c61-15594
3346,6302761-2-hdt,b2b-3346,ft-d67cc,ft-hdt-Dsl,530530732003,-122.23706641279225,46.78408365659002,530110411051.0,hdt_D_Diesel,b2b--c61-15598
3358,6301349-3-hdt,b2b-3358,ft-e76d6,ft-hdt-Dsl,530530732003,-122.23706641279225,46.78408365659002,530110408081.0,hdt_D_Diesel,b2b--c61-15611
3362,5046978-1-hdt,b2b-3362,ft-4e936,ft-hdt-Dsl,530530732003,-122.23706641279225,46.78408365659002,410670320053.0,hdt_D_Diesel,b2b--c61-15615
3378,4957359-4-hdt,b2b-3378,ft-b3c7c,ft-hdt-Dsl,530530732003,-122.23706641279225,46.78408365659002,410050221081.0,hdt_D_Diesel,b2b--c61-15634
3400,6300390-2-hdt,b2b-3400,ft-5a0bf,ft-hdt-Dsl,530530732003,-122.23706641279225,46.78408365659002,530110412031.0,hdt_D_Diesel,b2b--c61-15657
3407,7193685-27-hdv,b2b-3407,ft-4a3e1,ft-hdv-Dsl,530530732003,-122.23706641279225,46.78408365659002,410510073001.0,hdv_D_Diesel,b2b--c61-15665
3423,4964581-1-hdt,b2b-3423,ft-cf0e4,ft-hdt-Dsl,530530732003,-122.23706641279225,46.78408365659002,410050215002.0,hdt_D_Diesel,b2b--c61-15680
3433,7358657-6-hdt,b2b-3433,ft-465ae,ft-hdt-Dsl,530530732003,-122.23706641279225,46.78408365659002,530110412031.0,hdt_D_Diesel,b2b--c61-15690
3447,6306113-3-hdt,b2b-3447,ft-41409,ft-hdt-Dsl,530530732003,-122.23706641279225,46.78408365659002,530110407092.0,hdt_D_Diesel,b2b--c61-15710
3452,6302049-3-hdt,b2b-3452,ft-ab518,ft-hdv-Dsl,530530732003,-122.23706641279225,46.78408365659002,530110412014.0,hdv_D_Diesel,b2b--c61-15715
3475,6300390-4-hdt,b2b-3475,ft-59e21,ft-hdt-Dsl,530530732003,-122.23706641279225,46.78408365659002,530110412031.0,hdt_D_Diesel,b2b--c61-15739
3516,7192160-22-hdt,b2b-3516,ft-745c3,ft-hdt-Dsl,530530732003,-122.23706641279225,46.78408365659002,410510072021.0,hdt_D_Diesel,b2b--c61-15799
3524,7194106-27-hdt,b2b-3524,ft-1ecfe,ft-hdt-Dsl,530530732003,-122.23706641279225,46.78408365659002,410510073001.0,hdt_D_Diesel,b2b--c61-15807
3537,5018307-4-hdt,b2b-3537,ft-0fbe3,ft-hdv-Dsl,530530732003,-122.23706641279225,46.78408365659002,410510073001.0,hdv_D_Diesel,b2b--c61-15820
3547,7358798-1-hdt,b2b-3547,ft-d8a58,ft-hdt-Dsl,530530732003,-122.23706641279225,46.78408365659002,530110412031.0,hdt_D_Diesel,b2b--c61-15830
3549,6301530-3-hdt,b2b-3549,ft-23558,ft-hdt-Dsl,530530732003,-122.23706641279225,46.78408365659002,530110407111.0,hdt_D_Diesel,b2b--c61-15832
3563,8304599-5-hdt,b2b-3563,ft-3cc69,ft-hdt-Dsl,530530732004,-122.26381973027048,46.91888857212184,20010.0,hdt_D_Diesel,b2b--c61-15850
3587,7371483-1-hdt,b2b-3587,ft-2aa05,ft-hdv-Dsl,530610413042,-122.24409010231953,47.92728331356473,530610413042.0,hdv_D_Diesel,b2b--c61-15924
3588,7371483-1-hdt,b2b-3588,ft-8c0a5,ft-hdt-Dsl,530610413042,-122.24409010231953,47.92728331356473,530610413042.0,hdt_D_Diesel,b2b--c61-15925
3614,7370808-6-hdt,b2b-3614,ft-e8da3,ft-hdt-Dsl,530610413042,-122.27788640878946,47.93850672643978,530610413042.0,hdt_D_Diesel,b2b--c61-16013
3621,3654450-5-hdt,b2b-3621,ft-6ff34,ft-hdt-Dsl,530530701001,-121.5437370927352,47.12072649438632,20071.0,hdt_D_Diesel,b2b--c61-16050
3637,8395473-1-hdt,b2b-3637,ft-dc06b,ft-hdt-Dsl,530610535061,-121.89999203508337,48.27272291141637,530579512001.0,hdt_D_Diesel,b2b--c61-16105
3668,6415757-3-hdt,b2b-3668,ft-61c95,ft-hdv-Dsl,530610536032,-122.03157609754531,48.025134121889536,530610536032.0,hdv_D_Diesel,b2b--c61-16142
3670,6418935-2-hdt,b2b-3670,ft-3ac13,ft-hdt-Dsl,530610523021,-122.0466173930646,47.93501377717695,530610523021.0,hdt_D_Diesel,b2b--c61-16145
3674,6415329-4-hdt,b2b-3674,ft-9cc7a,ft-hdt-Dsl,530610537002,-121.73916845282079,48.284870680391855,530610537002.0,hdt_D_Diesel,b2b--c61-16147
3675,7371147-1-hdt,b2b-3675,ft-d4198,ft-hdv-Dsl,530610535091,-122.14839077795033,48.17104852749387,530610535091.0,hdv_D_Diesel,b2b--c61-16159
3682,6415758-3-hdt,b2b-3682,ft-beb84,ft-hdt-Dsl,530610535051,-121.98145883481824,48.101748216504205,530610535051.0,hdt_D_Diesel,b2b--c61-16160
3687,6417434-2-hdt,b2b-3687,ft-b8746,ft-hdt-Dsl,530610528031,-122.18310884078244,48.14506529676206,530610528031.0,hdt_D_Diesel,b2b--c61-16167
3696,6415329-5-hdt,b2b-3696,ft-1f34b,ft-hdt-Dsl,530610537002,-121.73916845282079,48.284870680391855,530610537002.0,hdt_D_Diesel,b2b--c61-16177
3698,6415130-4-hdt,b2b-3698,ft-c0fec,ft-hdt-Dsl,530610537002,-121.80638692595572,48.277100712221824,530610537002.0,hdt_D_Diesel,b2b--c61-16179
3700,6415385-4-hdt,b2b-3700,ft-57fc5,ft-hdt-Dsl,530610535071,-122.13644207334707,48.18102326640572,530610535071.0,hdt_D_Diesel,b2b--c61-16181
3709,6404434-1-hdt,b2b-3709,ft-ba9ca,ft-hdv-Dsl,530610535061,-121.89999203508337,48.27272291141637,530579512001.0,hdv_D_Diesel,b2b--c61-16190
3724,8395473-3-hdt,b2b-3724,ft-b416f,ft-hdt-Dsl,530610535061,-121.89999203508337,48.27272291141637,530579512001.0,hdt_D_Diesel,b2b--c61-16204
3731,8395473-3-hdt,b2b-3731,ft-be999,ft-hdt-Dsl,530610535061,-121.89999203508337,48.27272291141637,530579512001.0,hdt_D_Diesel,b2b--c61-16220
3741,7369842-16-hdt,b2b-3741,ft-c3cac,ft-hdt-Dsl,530610533014,-122.37093627404924,48.2483017317002,530579519002.0,hdt_D_Diesel,b2b--c61-16227
3744,8394327-1-hdt,b2b-3744,ft-7b908,ft-hdt-Dsl,530330292061,-122.24406567327773,47.40621658580291,530330292061.0,hdt_D_Diesel,b2b--c61-16230
3752,8394327-1-hdt,b2b-3752,ft-0e32a,ft-hdt-Dsl,530330292061,-122.24406567327773,47.40621658580291,530330292061.0,hdt_D_Diesel,b2b--c61-16239
3759,8394801-1-hdt,b2b-3759,ft-9bb7e,ft-hdv-Dsl,530330112001,-122.33227885206496,47.53199660801611,530330112001.0,hdv_D_Diesel,b2b--c61-16275
3764,8394801-1-hdt,b2b-3764,ft-cd4e5,ft-hdt-Dsl,530330112001,-122.33227885206496,47.53199660801611,530330112001.0,hdt_D_Diesel,b2b--c61-16280
3772,8395285-2-hdt,b2b-3772,ft-c8697,ft-hdt-Dsl,530539400101,-122.30568983007865,47.212144412126825,530539400101.0,hdt_D_Diesel,b2b--c61-16288
3776,8417436-3-hdt,b2b-3776,ft-5ce84,ft-hdt-Dsl,530610537001,-121.31300181346782,48.04698207479564,530630141002.0,hdt_D_Diesel,b2b--c61-16293
3788,8417436-3-hdt,b2b-3788,ft-64247,ft-hdt-Dsl,530610537001,-121.31300181346782,48.04698207479564,530630141002.0,hdt_D_Diesel,b2b--c61-16325
3798,6414288-4-hdt,b2b-3798,ft-829d8,ft-hdt-Dsl,530610418052,-122.22343438665621,47.910939406858844,530610418052.0,hdt_D_Diesel,b2b--c61-16332
3803,7369982-6-hdt,b2b-3803,ft-4806c,ft-hdt-Dsl,530610533024,-122.33639511497468,48.27588885819264,530579526003.0,hdt_D_Diesel,b2b--c61-16341
3810,6356268-7-hdt,b2b-3810,ft-17aea,ft-hdt-Dsl,530330093002,-122.33392081095913,47.59457250364255,530330093002.0,hdt_D_Diesel,b2b--c61-16362
3811,6356268-7-hdt,b2b-3811,ft-d522e,ft-hdt-Dsl,530330093002,-122.33392081095913,47.59457250364255,530330093002.0,hdt_D_Diesel,b2b--c61-16361
3817,8417436-1-hdt,b2b-3817,ft-223bf,ft-hdt-Dsl,530610537001,-121.31300181346782,48.04698207479564,530630141002.0,hdt_D_Diesel,b2b--c61-16374
3821,8417436-1-hdt,b2b-3821,ft-90267,ft-hdt-Dsl,530610537001,-121.31300181346782,48.04698207479564,530630141002.0,hdt_D_Diesel,b2b--c61-16378
3841,8417436-1-hdt,b2b-3841,ft-1ab56,ft-hdv-Dsl,530610537001,-121.31300181346782,48.04698207479564,530630141002.0,hdv_D_Diesel,b2b--c61-16398
3852,7369899-31-hdt,b2b-3852,ft-4c720,ft-hdt-Dsl,530610533014,-122.37093627404924,48.2483017317002,530579521003.0,hdt_D_Diesel,b2b--c61-16413
3855,7371136-6-hdt,b2b-3855,ft-7d332,ft-hdt-Dsl,530610528031,-122.17827172209718,48.15232268583682,530610528031.0,hdt_D_Diesel,b2b--c61-16425
3888,7373504-11-hdt,b2b-3888,ft-19da7,ft-hdt-Dsl,530530729061,-122.5544249277511,47.049137874735855,530670126101.0,hdt_D_Diesel,b2b--c61-16492
3890,7369579-11-hdt,b2b-3890,ft-e0b2b,ft-hdt-Dsl,530530718071,-122.49197255683097,47.17282095273845,530530718071.0,hdt_D_Diesel,b2b--c61-16495
3893,7370688-1-hdt,b2b-3893,ft-c2d13,ft-hdt-Dsl,530610408002,-122.20579513956058,47.97949328412409,530610408002.0,hdt_D_Diesel,b2b--c61-16526
3897,6344544-3-hdt,b2b-3897,ft-96de7,ft-hdt-Dsl,530330323203,-122.15250151245627,47.74979151850606,530330323203.0,hdt_D_Diesel,b2b--c61-16528
3907,8394084-1-hdt,b2b-3907,ft-10a42,ft-hdt-Dsl,530330305011,-122.22967345668138,47.33385574360352,530330305011.0,hdt_D_Diesel,b2b--c61-16552
3909,8394084-1-hdt,b2b-3909,ft-3d110,ft-hdv-Dsl,530330305011,-122.22967345668138,47.33385574360352,530330305011.0,hdv_D_Diesel,b2b--c61-16555
3914,6419636-1-hdt,b2b-3914,ft-7f056,ft-hdt-Dsl,530610533012,-122.3414739144738,48.25721847676793,530610533012.0,hdt_D_Diesel,b2b--c61-16562
3922,6414287-4-hdt,b2b-3922,ft-4e221,ft-hdv-Dsl,530610418052,-122.22325690259295,47.907835863683616,530610418052.0,hdv_D_Diesel,b2b--c61-16572
3929,7361458-16-hdt,b2b-3929,ft-e25b3,ft-hdv-Dsl,530330324011,-121.98736709427631,47.73413108992005,530330324011.0,hdv_D_Diesel,b2b--c61-16592
3933,6419962-1-hdt,b2b-3933,ft-4438c,ft-hdt-Dsl,530610533012,-122.34117896026554,48.26041792563083,530610533012.0,hdt_D_Diesel,b2b--c61-16594
3934,6415585-4-hdt,b2b-3934,ft-1069b,ft-hdv-Dsl,530610535051,-121.99992386124191,48.100188969326524,530610535051.0,hdv_D_Diesel,b2b--c61-16595
3947,7371582-1-hdt,b2b-3947,ft-5f6f2,ft-hdt-Dsl,530610521083,-122.11003280178969,47.81441426756796,530610521083.0,hdt_D_Diesel,b2b--c61-16619
3955,6415346-2-hdt,b2b-3955,ft-980c7,ft-hdt-Dsl,530610535091,-122.14050417376467,48.16242143227816,530610535091.0,hdt_D_Diesel,b2b--c61-16626
3959,6420476-5-hdt,b2b-3959,ft-4d109,ft-hdt-Dsl,530610519121,-122.1274940893143,47.79240994484269,530610519121.0,hdt_D_Diesel,b2b--c61-16634
3991,6410117-1-hdt,b2b-3991,ft-4ad76,ft-hdt-Dsl,530610518022,-122.27067860201741,47.84172902614048,530610518022.0,hdt_D_Diesel,b2b--c61-16714
3993,7370808-11-hdt,b2b-3993,ft-874ea,ft-hdt-Dsl,530610413042,-122.27788640878946,47.93850672643978,530610413042.0,hdt_D_Diesel,b2b--c61-16778
4001,7370808-11-hdt,b2b-4001,ft-a4536,ft-hdt-Dsl,530610413042,-122.27788640878946,47.93850672643978,530610413042.0,hdt_D_Diesel,b2b--c61-16767
4008,6344598-3-hdt,b2b-4008,ft-d39e5,ft-hdt-Dsl,530330219061,-122.1573170209891,47.73965645770942,530330219061.0,hdt_D_Diesel,b2b--c61-16782
4019,6420473-1-hdt,b2b-4019,ft-49f62,ft-hdt-Dsl,530610519121,-122.11151213306398,47.80232904971069,530610519121.0,hdt_D_Diesel,b2b--c61-16794
4024,6415130-3-hdt,b2b-4024,ft-a0d60,ft-hdt-Dsl,530610537002,-121.80638692595572,48.277100712221824,530610537002.0,hdt_D_Diesel,b2b--c61-16800
4026,6415381-4-hdt,b2b-4026,ft-d4187,ft-hdt-Dsl,530610537002,-121.72143130314798,48.28413580616391,530610537002.0,hdt_D_Diesel,b2b--c61-16802
4031,6415329-6-hdt,b2b-4031,ft-df99c,ft-hdt-Dsl,530610537002,-121.73916845282079,48.284870680391855,530610537002.0,hdt_D_Diesel,b2b--c61-16807
4033,6413916-2-hdt,b2b-4033,ft-4d09b,ft-hdt-Dsl,530610418052,-122.21938119535685,47.91103202335688,530610418052.0,hdt_D_Diesel,b2b--c61-16810
4042,6344599-1-hdt,b2b-4042,ft-19ab4,ft-hdt-Dsl,530330219041,-122.15291975828991,47.73291536560507,530330219041.0,hdt_D_Diesel,b2b--c61-16817
4046,6414287-2-hdt,b2b-4046,ft-298a8,ft-hdt-Dsl,530610418052,-122.22325690259295,47.907835863683616,530610418052.0,hdt_D_Diesel,b2b--c61-16823
4087,6344545-2-hdt,b2b-4087,ft-43979,ft-hdt-Dsl,530330219061,-122.1582740891711,47.74138412745663,530330219061.0,hdt_D_Diesel,b2b--c61-16873
4114,8395465-1-hdt,b2b-4114,ft-24bcd,ft-hdv-Dsl,530610533014,-122.37093627404924,48.2483017317002,530579519002.0,hdv_D_Diesel,b2b--c61-16929
4153,8395620-18-ld1,b2b-4153,ft-428d7,ft-ld1-Dsl,530610535091,-122.15089997478691,48.15649523919702,530610535091.0,ld1_D_Diesel,b2b--c61-17040
4187,7370550-13-ld1,b2b-4187,ft-f3530,ft-ld1-Gas,530610512001,-122.30179293000789,47.80277435011375,530610512001.0,ld1_G_Gasoline,b2b--c61-17130
4192,7363441-10-mdv,b2b-4192,ft-3c8ca,ft-mdv-Gas,530330323193,-122.15671601884792,47.75905143275152,530330323193.0,mdv_G_Gasoline,b2b--c61-17146
4206,7371483-3-ld1,b2b-4206,ft-d393a,ft-ld1-Gas,530610413042,-122.24409010231953,47.92728331356473,530610413042.0,ld1_G_Gasoline,b2b--c61-17197
4208,7371483-3-ld1,b2b-4208,ft-f0636,ft-ld1-Gas,530610413042,-122.24409010231953,47.92728331356473,530610413042.0,ld1_G_Gasoline,b2b--c61-17191
4223,7361344-7-hdv,b2b-4223,ft-1c5b6,ft-hdv-Dsl,530330219054,-122.17529352830351,47.734591039495925,530330219054.0,hdv_D_Diesel,b2b--c61-17224
4233,7370748-9-ld3,b2b-4233,ft-05ecd,ft-ld3-Dsl,530610413042,-122.25333421863927,47.92376449718981,530610413042.0,ld3_D_Diesel,b2b--c61-17252
4252,7370808-8-ld1,b2b-4252,ft-ceaf2,ft-ld1-Gas,530610413042,-122.27788640878946,47.93850672643978,530610413042.0,ld1_G_Gasoline,b2b--c61-17289
4257,7370808-8-ld1,b2b-4257,ft-41f11,ft-ld1-Gas,530610413042,-122.27788640878946,47.93850672643978,530610413042.0,ld1_G_Gasoline,b2b--c61-17307
4258,7370808-8-ld1,b2b-4258,ft-95fcc,ft-ld1-Gas,530610413042,-122.27788640878946,47.93850672643978,530610413042.0,ld1_G_Gasoline,b2b--c61-17300
4259,7371483-9-ld3,b2b-4259,ft-c8cf5,ft-ld3-Gas,530610413042,-122.24409010231953,47.92728331356473,530610413042.0,ld3_G_Gasoline,b2b--c61-17308
4315,7365022-4-ld3,b2b-4315,ft-0ff82,ft-ld3-Gas,530330109001,-122.31486323772381,47.53426362053083,530330109001.0,ld3_G_Gasoline,b2b--c61-17520
4331,7371557-13-ld1,b2b-4331,ft-1f1bf,ft-ld1-Gas,530610531021,-122.18921914405846,48.15037009988364,530610531021.0,ld1_G_Gasoline,b2b--c61-17548
4337,7371483-8-ld1,b2b-4337,ft-7b8d4,ft-ld1-Gas,530610413042,-122.24409010231953,47.92728331356473,530610413042.0,ld1_G_Gasoline,b2b--c61-17566
4338,7371483-8-ld1,b2b-4338,ft-02a74,ft-ld1-Gas,530610413042,-122.24409010231953,47.92728331356473,530610413042.0,ld1_G_Gasoline,b2b--c61-17567
4339,7371483-8-ld1,b2b-4339,ft-9b4a7,ft-ld1-Gas,530610413042,-122.24409010231953,47.92728331356473,530610413042.0,ld1_G_Gasoline,b2b--c61-17568
4343,7362972-33-ld1,b2b-4343,ft-d67c8,ft-ld1-Gas,530330323133,-122.0937881884041,47.674054261571776,530330323133.0,ld1_G_Gasoline,b2b--c61-17590
4354,7362690-3-ld1,b2b-4354,ft-f5c7c,ft-ld1-Dsl,530330323133,-122.08944378826811,47.672608175771856,530330323133.0,ld1_D_Diesel,b2b--c61-17610
4364,7365038-18-ld1,b2b-4364,ft-39349,ft-ld1-Gas,530330093002,-122.33357597282178,47.58797849383613,530330093002.0,ld1_G_Gasoline,b2b--c61-17637
4375,7370943-8-ld1,b2b-4375,ft-bf0cb,ft-ld1-Gas,530610419032,-122.26992885979202,47.92022100789097,530610419032.0,ld1_G_Gasoline,b2b--c61-17670
4383,7366789-5-ld1,b2b-4383,ft-b8911,ft-ld1-Gas,530330208002,-122.35304688942156,47.7571056583529,530330208002.0,ld1_G_Gasoline,b2b--c61-17695
4403,7366501-23-ld1,b2b-4403,ft-dda42,ft-ld1-Gas,530330265002,-122.3430757196565,47.51192083812315,530330265002.0,ld1_G_Gasoline,b2b--c61-17733
4407,7361458-18-ld1,b2b-4407,ft-204d9,ft-ld1-Gas,530330324011,-121.98736709427631,47.73413108992005,530330324011.0,ld1_G_Gasoline,b2b--c61-17745
4447,7371582-18-ld1,b2b-4447,ft-fca2e,ft-ld1-Gas,530610521083,-122.11003280178969,47.81441426756796,530610521083.0,ld1_G_Gasoline,b2b--c61-17866
4450,7371582-18-ld1,b2b-4450,ft-34783,ft-ld1-Gas,530610521083,-122.11003280178969,47.81441426756796,530610521083.0,ld1_G_Gasoline,b2b--c61-17875
4465,7367025-20-ld1,b2b-4465,ft-7ceac,ft-ld1-Dsl,530330284024,-122.29846340456025,47.44344405905367,530330284024.0,ld1_D_Diesel,b2b--c61-17926
4469,7367025-8-ld1,b2b-4469,ft-50fd4,ft-ld1-Gas,530330284024,-122.29846340456025,47.44344405905367,530330284024.0,ld1_G_Gasoline,b2b--c61-17938
4481,7361108-11-ld1,b2b-4481,ft-68951,ft-ld1-Gas,530330237001,-122.16721631684192,47.62586460308248,530330237001.0,ld1_G_Gasoline,b2b--c61-17970
4482,7365022-8-ld1,b2b-4482,ft-f48b2,ft-ld1-Gas,530330109001,-122.31486323772381,47.53426362053083,530330109001.0,ld1_G_Gasoline,b2b--c61-17979
4484,7363359-8-ld1,b2b-4484,ft-dc960,ft-ld1-Gas,530330319031,-122.12224559106944,47.48766486964959,530330319031.0,ld1_G_Gasoline,b2b--c61-17987
4490,8395045-8-ld1,b2b-4490,ft-3fee1,ft-ld1-Gas,530330284024,-122.32840253514618,47.44437048521317,530330284024.0,ld1_G_Gasoline,b2b--c61-18007
4510,7370688-13-ld1,b2b-4510,ft-43275,ft-ld1-Dsl,530610408002,-122.20579513956058,47.97949328412409,530610408002.0,ld1_D_Diesel,b2b--c61-18078
4513,7362690-29-ld3,b2b-4513,ft-72aa2,ft-ld3-Gas,530330323133,-122.08944378826811,47.672608175771856,530330323133.0,ld3_G_Gasoline,b2b--c61-18102
4518,7363676-5-mdv,b2b-4518,ft-054f6,ft-mdv-Gas,530330072001,-122.34222290120908,47.62143786859168,530330072001.0,mdv_G_Gasoline,b2b--c61-18104
4522,7363676-5-mdv,b2b-4522,ft-4d295,ft-mdv-Gas,530330072001,-122.34222290120908,47.62143786859168,530330072001.0,mdv_G_Gasoline,b2b--c61-18108
4528,6359552-1-hdt,b2b-4528,ft-d8f7c,ft-hdt-Dsl,530330019001,-122.33340215244309,47.70116885126651,530330019001.0,hdt_D_Diesel,b2b--c61-18128
4541,6301530-5-hdt,b2b-4541,ft-a591b,ft-hdt-Dsl,530530732003,-122.23706641279225,46.78408365659002,530110407111.0,hdt_D_Diesel,b2b--c61-18163
4555,8370469-1-hdt,b2b-4555,ft-0527c,ft-hdt-Dsl,530530701001,-121.5437370927352,47.12072649438632,20095.0,hdt_D_Diesel,b2b--c61-18184
4564,8370469-1-hdt,b2b-4564,ft-c7f7d,ft-hdt-Dsl,530530701001,-121.5437370927352,47.12072649438632,20095.0,hdt_D_Diesel,b2b--c61-18193
4574,8370469-1-hdt,b2b-4574,ft-5489,ft-hdt-Dsl,530530701001,-121.5437370927352,47.12072649438632,20095.0,hdt_D_Diesel,b2b--c61-18236
4575,8370469-1-hdt,b2b-4575,ft-5b0b9,ft-hdt-Dsl,530530701001,-121.5437370927352,47.12072649438632,20095.0,hdt_D_Diesel,b2b--c61-18237
4577,8370469-1-hdt,b2b-4577,ft-5f3a8,ft-hdt-Dsl,530530701001,-121.5437370927352,47.12072649438632,20095.0,hdt_D_Diesel,b2b--c61-18245
4578,8370469-1-hdt,b2b-4578,ft-98e2f,ft-hdt-Dsl,530530701001,-121.5437370927352,47.12072649438632,20095.0,hdt_D_Diesel,b2b--c61-18247
4590,7371136-16-hdt,b2b-4590,ft-e9d90,ft-hdt-Dsl,530610528031,-122.17827172209718,48.15232268583682,530610528031.0,hdt_D_Diesel,b2b--c61-18282
4607,7363441-24-ld3,b2b-4607,ft-b2e93,ft-ld3-Gas,530330323193,-122.15671601884792,47.75905143275152,530330323193.0,ld3_G_Gasoline,b2b--c61-18307
4610,7371556-17-hdv,b2b-4610,ft-ab021,ft-hdv-Dsl,530610533012,-122.33344015201193,48.26864231894757,530610533012.0,hdv_D_Diesel,b2b--c61-18321
4611,7371556-17-hdv,b2b-4611,ft-a5ab8,ft-hdv-Dsl,530610533012,-122.33344015201193,48.26864231894757,530610533012.0,hdv_D_Diesel,b2b--c61-18320
4657,7362972-14-ld3,b2b-4657,ft-21798,ft-ld3-Gas,530330323133,-122.0937881884041,47.674054261571776,530330323133.0,ld3_G_Gasoline,b2b--c61-18519
4666,7361344-29-ld3,b2b-4666,ft-cbfc3,ft-ld3-Dsl,530330219054,-122.17529352830351,47.734591039495925,530330219054.0,ld3_D_Diesel,b2b--c61-18558
4715,7363441-8-ld1,b2b-4715,ft-68346,ft-ld1-Dsl,530330323193,-122.15671601884792,47.75905143275152,530330323193.0,ld1_D_Diesel,b2b--c61-18683
4726,7370808-13-ld1,b2b-4726,ft-a0460,ft-ld1-Gas,530610413042,-122.27788640878946,47.93850672643978,530610413042.0,ld1_G_Gasoline,b2b--c61-18716
4728,6342379-1-hdt,b2b-4728,ft-c6999,ft-hdt-Dsl,530330319082,-122.14942214651789,47.445006856157406,530330319082.0,hdt_D_Diesel,b2b--c61-18718
4739,6417113-6-hdt,b2b-4739,ft-10010,ft-hdt-Dsl,530610528031,-122.17792144316157,48.13713977705275,530610528031.0,hdt_D_Diesel,b2b--c61-18745
4743,7367226-14-ld3,b2b-4743,ft-682,ft-ld3-Dsl,530350918001,-122.62536960840076,47.60681325280618,530350918001.0,ld3_D_Diesel,b2b--c61-18749
4769,6334157-2-hdt,b2b-4769,ft-35ffd,ft-hdt-Dsl,530330226031,-122.16566984139985,47.70382843048149,530330226031.0,hdt_D_Diesel,b2b--c61-18811
4772,7370943-9-ld3,b2b-4772,ft-360d4,ft-ld3-Dsl,530610419032,-122.26992885979202,47.92022100789097,530610419032.0,ld3_D_Diesel,b2b--c61-18814
4785,6416067-4-hdt,b2b-4785,ft-abb18,ft-hdt-Dsl,530610535052,-122.03515814653908,48.11673516648364,530610535052.0,hdt_D_Diesel,b2b--c61-18855
4793,7370808-14-ld3,b2b-4793,ft-584a9,ft-ld3-Dsl,530610413042,-122.27788640878946,47.93850672643978,530610413042.0,ld3_D_Diesel,b2b--c61-18881
4810,6323922-5-hdt,b2b-4810,ft-51daa,ft-hdt-Dsl,530330248002,-122.156298497659,47.57916612188843,530330248002.0,hdt_D_Diesel,b2b--c61-18926
4814,7370748-13-ld1,b2b-4814,ft-417b5,ft-ld1-Gas,530610413042,-122.25333421863927,47.92376449718981,530610413042.0,ld1_G_Gasoline,b2b--c61-18932
4820,6356268-4-hdt,b2b-4820,ft-21e13,ft-hdt-Dsl,530330093002,-122.33392081095913,47.59457250364255,530330093002.0,hdt_D_Diesel,b2b--c61-18952
4832,8394801-9-ld3,b2b-4832,ft-6fd8b,ft-ld3-Gas,530330112001,-122.33227885206496,47.53199660801611,530330112001.0,ld3_G_Gasoline,b2b--c61-18994
4843,7366620-38-ld1,b2b-4843,ft-16c4f,ft-ld1-Gas,530330284024,-122.29217467971979,47.45881065074249,530330284024.0,ld1_G_Gasoline,b2b--c61-19013
4855,7371557-3-ld1,b2b-4855,ft-c61b2,ft-ld1-Gas,530610531021,-122.18921914405846,48.15037009988364,530610531021.0,ld1_G_Gasoline,b2b--c61-19048
4858,6415585-1-hdt,b2b-4858,ft-fa28d,ft-hdt-Dsl,530610535051,-121.99992386124191,48.100188969326524,530610535051.0,hdt_D_Diesel,b2b--c61-19051
4875,7365404-1-hdt,b2b-4875,ft-90bda,ft-hdv-Dsl,530330019001,-122.32846894265069,47.6994347405433,530330019001.0,hdv_D_Diesel,b2b--c61-19107
4876,7365404-1-hdt,b2b-4876,ft-13eec,ft-hdv-Dsl,530330019001,-122.32846894265069,47.6994347405433,530330019001.0,hdv_D_Diesel,b2b--c61-19106
4880,7370808-3-ld1,b2b-4880,ft-2680b,ft-ld1-Gas,530610413042,-122.27788640878946,47.93850672643978,530610413042.0,ld1_G_Gasoline,b2b--c61-19111
4883,7370808-3-ld1,b2b-4883,ft-fe750,ft-ld1-Gas,530610413042,-122.27788640878946,47.93850672643978,530610413042.0,ld1_G_Gasoline,b2b--c61-19125
4915,7362972-4-ld3,b2b-4915,ft-ab64f,ft-ld3-Dsl,530330323133,-122.0937881884041,47.674054261571776,530330323133.0,ld3_D_Diesel,b2b--c61-19194
4919,7366364-9-ld3,b2b-4919,ft-c59bd,ft-ld3-Gas,530330093003,-122.33231170637092,47.56852810250407,530330093003.0,ld3_G_Gasoline,b2b--c61-19201
4921,7370943-4-ld3,b2b-4921,ft-5810c,ft-ld3-Gas,530610419032,-122.26992885979202,47.92022100789097,530610419032.0,ld3_G_Gasoline,b2b--c61-19204
4943,6407889-8-hdt,b2b-4943,ft-f9f96,ft-hdt-Dsl,530610509003,-122.34420351781723,47.78211528548422,530610509003.0,hdt_D_Diesel,b2b--c61-19248
4944,7365547-1-hdt,b2b-4944,ft-8f9ac,ft-hdt-Dsl,530330263001,-122.29955048390575,47.51625383357612,530330263001.0,hdt_D_Diesel,b2b--c61-19250
4952,7365531-8-ld1,b2b-4952,ft-1d2d5,ft-ld1-Gas,530330263002,-122.29034760404986,47.50675431311565,530330263002.0,ld1_G_Gasoline,b2b--c61-19265
4986,7362972-19-ld3,b2b-4986,ft-193f3,ft-ld3-Gas,530330323133,-122.0937881884041,47.674054261571776,530330323133.0,ld3_G_Gasoline,b2b--c61-19359
5002,6375006-1-hdt,b2b-5002,ft-c8d80,ft-hdt-Dsl,530350909002,-122.51587537591683,47.63223807359521,530350909002.0,hdt_D_Diesel,b2b--c61-19391
5017,7363441-14-ld3,b2b-5017,ft-cd9b0,ft-ld3-Gas,530330323193,-122.15671601884792,47.75905143275152,530330323193.0,ld3_G_Gasoline,b2b--c61-19436
5028,7365629-38-ld1,b2b-5028,ft-ab961,ft-ld1-Gas,530330059001,-122.3673128160379,47.65327281857979,530330059001.0,ld1_G_Gasoline,b2b--c61-19463
5032,6344541-5-hdt,b2b-5032,ft-96b64,ft-hdt-Dsl,530330323193,-122.16325839191684,47.75815153516255,530330323193.0,hdt_D_Diesel,b2b--c61-19467
5036,7366211-2-ld1,b2b-5036,ft-8ff42,ft-ld1-Dsl,530330019001,-122.32849467241971,47.70008424195876,530330019001.0,ld1_D_Diesel,b2b--c61-19468
5037,7366211-2-ld1,b2b-5037,ft-41ad0,ft-ld1-Dsl,530330019001,-122.32849467241971,47.70008424195876,530330019001.0,ld1_D_Diesel,b2b--c61-19469
5040,7366429-24-ld3,b2b-5040,ft-f17c6,ft-ld3-Dsl,530330093003,-122.34204282855166,47.569492954037656,530330093003.0,ld3_D_Diesel,b2b--c61-19485
5041,7366429-24-ld3,b2b-5041,ft-5520d,ft-ld3-Dsl,530330093003,-122.34204282855166,47.569492954037656,530330093003.0,ld3_D_Diesel,b2b--c61-19484
5044,7361344-8-ld1,b2b-5044,ft-07bd3,ft-ld1-Gas,530330219054,-122.17529352830351,47.734591039495925,530330219054.0,ld1_G_Gasoline,b2b--c61-19487
5064,7370550-4-ld3,b2b-5064,ft-69713,ft-ld3-Dsl,530610512001,-122.30179293000789,47.80277435011375,530610512001.0,ld3_D_Diesel,b2b--c61-19545
5066,7370749-3-ld1,b2b-5066,ft-bc884,ft-ld1-Dsl,530610413042,-122.26281537034927,47.939353533114726,530610413042.0,ld1_D_Diesel,b2b--c61-19560
5093,7370808-4-ld3,b2b-5093,ft-9b96c,ft-ld3-Dsl,530610413042,-122.27788640878946,47.93850672643978,530610413042.0,ld3_D_Diesel,b2b--c61-19617
5095,6370064-6-hdt,b2b-5095,ft-2c29a,ft-hdt-Dsl,530330204013,-122.30803964338772,47.764129860788856,530330204013.0,hdt_D_Diesel,b2b--c61-19624
5105,7364692-14-ld1,b2b-5105,ft-2613e,ft-ld1-Gas,530330108001,-122.34913921788487,47.55384014888749,530330108001.0,ld1_G_Gasoline,b2b--c61-19648
5111,7365038-4-ld3,b2b-5111,ft-494fb,ft-ld3-Gas,530330093002,-122.33357597282178,47.58797849383613,530330093002.0,ld3_G_Gasoline,b2b--c61-19673
5121,7364918-29-ld3,b2b-5121,ft-49a67,ft-ld3-Gas,530330112001,-122.32094222317475,47.52248634453613,530330112001.0,ld3_G_Gasoline,b2b--c61-19692
5129,6344542-1-hdt,b2b-5129,ft-ed497,ft-hdt-Dsl,530330323193,-122.16018488380571,47.756580095602764,530330323193.0,hdt_D_Diesel,b2b--c61-19714
5134,6320635-1-hdt,b2b-5134,ft-03cbd,ft-hdt-Dsl,530330238011,-122.19512341649516,47.60985419833947,530330238011.0,hdt_D_Diesel,b2b--c61-19719
5137,6322265-4-hdt,b2b-5137,ft-5379c,ft-hdv-Dsl,530330237003,-122.19385161475142,47.6406338472217,530330237003.0,hdv_D_Diesel,b2b--c61-19726
5176,6417111-7-hdt,b2b-5176,ft-75664,ft-hdv-Dsl,530610528031,-122.1781053836785,48.146384303448265,530610528031.0,hdv_D_Diesel,b2b--c61-19811
5183,7371582-16-hdt,b2b-5183,ft-665ee,ft-hdt-Dsl,530610521083,-122.11003280178969,47.81441426756796,530610521083.0,hdt_D_Diesel,b2b--c61-19839
5195,8395057-6-ld3,b2b-5195,ft-87e45,ft-ld3-Gas,530330262001,-122.24852730189083,47.4477634184965,530330262001.0,ld3_G_Gasoline,b2b--c61-19871
5200,6373149-4-hdt,b2b-5200,ft-be464,ft-hdt-Dsl,530330284024,-122.32408575205093,47.44024475176385,530330284024.0,hdt_D_Diesel,b2b--c61-19876
5225,7365629-33-ld1,b2b-5225,ft-4d6f2,ft-ld1-Gas,530330059001,-122.3673128160379,47.65327281857979,530330059001.0,ld1_G_Gasoline,b2b--c61-19931
5259,6370064-2-hdt,b2b-5259,ft-b82b3,ft-hdt-Dsl,530330204013,-122.30803964338772,47.764129860788856,530330204013.0,hdt_D_Diesel,b2b--c61-19993
5281,7367225-4-ld3,b2b-5281,ft-d2dfd,ft-ld3-Dsl,530350918001,-122.62900047276442,47.60822482213245,530350918001.0,ld3_D_Diesel,b2b--c61-20045
5289,7366753-18-ld1,b2b-5289,ft-13852,ft-ld1-Gas,530330264005,-122.32943382695088,47.51835358889425,530330264005.0,ld1_G_Gasoline,b2b--c61-20065
5300,7367225-8-ld1,b2b-5300,ft-dc3de,ft-ld1-Gas,530350918001,-122.62900047276442,47.60822482213245,530350918001.0,ld1_G_Gasoline,b2b--c61-20084
5305,7371582-19-ld3,b2b-5305,ft-43222,ft-ld3-Dsl,530610521083,-122.11003280178969,47.81441426756796,530610521083.0,ld3_D_Diesel,b2b--c61-20101
5317,7362690-28-ld1,b2b-5317,ft-baf88,ft-ld1-Gas,530330323133,-122.08944378826811,47.672608175771856,530330323133.0,ld1_G_Gasoline,b2b--c61-20120
5320,7362690-28-ld1,b2b-5320,ft-68344,ft-ld1-Gas,530330323133,-122.08944378826811,47.672608175771856,530330323133.0,ld1_G_Gasoline,b2b--c61-20130
5328,6329571-4-hdt,b2b-5328,ft-13797,ft-hdv-Dsl,530330322083,-122.0382076426311,47.545351631417866,530330322083.0,hdv_D_Diesel,b2b--c61-20147
5331,6344541-4-hdt,b2b-5331,ft-f13e5,ft-hdt-Dsl,530330323193,-122.16325839191684,47.75815153516255,530330323193.0,hdt_D_Diesel,b2b--c61-20155
5332,6344541-4-hdt,b2b-5332,ft-e41e6,ft-hdv-Dsl,530330323193,-122.16325839191684,47.75815153516255,530330323193.0,hdv_D_Diesel,b2b--c61-20154
5334,6378676-2-hdt,b2b-5334,ft-52dcb,ft-hdt-Dsl,530350902022,-122.61327044951022,47.76737260217713,530350902022.0,hdt_D_Diesel,b2b--c61-20156
5338,7365038-16-hdt,b2b-5338,ft-c8fb7,ft-hdt-Dsl,530330093002,-122.33357597282178,47.58797849383613,530330093002.0,hdt_D_Diesel,b2b--c61-20160
5369,7371136-19-ld3,b2b-5369,ft-e97c1,ft-ld3-Dsl,530610528031,-122.17827172209718,48.15232268583682,530610528031.0,ld3_D_Diesel,b2b--c61-20260
5370,7371136-19-ld3,b2b-5370,ft-b8394,ft-ld3-Dsl,530610528031,-122.17827172209718,48.15232268583682,530610528031.0,ld3_D_Diesel,b2b--c61-20261
5378,8394801-8-ld1,b2b-5378,ft-adec9,ft-ld1-Gas,530330112001,-122.33227885206496,47.53199660801611,530330112001.0,ld1_G_Gasoline,b2b--c61-20273
5379,8394801-8-ld1,b2b-5379,ft-fc989,ft-ld1-Gas,530330112001,-122.33227885206496,47.53199660801611,530330112001.0,ld1_G_Gasoline,b2b--c61-20274
5394,8395583-4-ld3,b2b-5394,ft-083c2,ft-ld3-Dsl,530610419032,-122.2715522983293,47.917393596540805,530610419032.0,ld3_D_Diesel,b2b--c61-20312
5400,8394820-8-ld1,b2b-5400,ft-b842f,ft-ld1-Gas,530330093002,-122.33759397247012,47.59022371894319,530330093002.0,ld1_G_Gasoline,b2b--c61-20355
5407,8394820-8-ld1,b2b-5407,ft-55b60,ft-ld1-Gas,530330093002,-122.33759397247012,47.59022371894319,530330093002.0,ld1_G_Gasoline,b2b--c61-20354
5414,7370749-4-ld3,b2b-5414,ft-20980,ft-ld3-Gas,530610413042,-122.26281537034927,47.939353533114726,530610413042.0,ld3_G_Gasoline,b2b--c61-20381
5415,7370749-4-ld3,b2b-5415,ft-6264c,ft-ld3-Gas,530610413042,-122.26281537034927,47.939353533114726,530610413042.0,ld3_G_Gasoline,b2b--c61-20369
5419,6326465-1-hdt,b2b-5419,ft-11ecf,ft-hdv-Dsl,530330324011,-121.9859743123173,47.740524052255765,530330324011.0,hdv_D_Diesel,b2b--c61-20382
5422,7370497-13-ld1,b2b-5422,ft-e7101,ft-ld1-Gas,530610515002,-122.31614691646146,47.81998088841677,530610515002.0,ld1_G_Gasoline,b2b--c61-20398
5449,6370064-5-hdt,b2b-5449,ft-a608d,ft-hdt-Dsl,530330204013,-122.30803964338772,47.764129860788856,530330204013.0,hdt_D_Diesel,b2b--c61-20452
5450,6323496-2-hdt,b2b-5450,ft-14351,ft-hdv-Dsl,530330248002,-122.14891434560766,47.579021311994936,530330248002.0,hdv_D_Diesel,b2b--c61-20453
5466,7365531-9-ld3,b2b-5466,ft-3431,ft-ld3-Gas,530330263002,-122.29034760404986,47.50675431311565,530330263002.0,ld3_G_Gasoline,b2b--c61-20489
5485,7366364-13-ld1,b2b-5485,ft-802fa,ft-ld1-Gas,530330093003,-122.33231170637092,47.56852810250407,530330093003.0,ld1_G_Gasoline,b2b--c61-20528
5486,7366364-13-ld1,b2b-5486,ft-a5af9,ft-ld1-Gas,530330093003,-122.33231170637092,47.56852810250407,530330093003.0,ld1_G_Gasoline,b2b--c61-20536
5499,7365531-4-ld3,b2b-5499,ft-9415a,ft-ld3-Dsl,530330263002,-122.29034760404986,47.50675431311565,530330263002.0,ld3_D_Diesel,b2b--c61-20560
5536,7370780-9-ld3,b2b-5536,ft-befc9,ft-ld3-Gas,530610413042,-122.25350021807033,47.92367939099297,530610413042.0,ld3_G_Gasoline,b2b--c61-20651
5537,7370780-9-ld3,b2b-5537,ft-c79cb,ft-ld3-Gas,530610413042,-122.25350021807033,47.92367939099297,530610413042.0,ld3_G_Gasoline,b2b--c61-20652
5542,7371557-23-ld1,b2b-5542,ft-f2595,ft-ld1-Gas,530610531021,-122.18921914405846,48.15037009988364,530610531021.0,ld1_G_Gasoline,b2b--c61-20665
5552,8394801-5-ld3,b2b-5552,ft-af23c,ft-ld3-Gas,530330112001,-122.33227885206496,47.53199660801611,530330112001.0,ld3_G_Gasoline,b2b--c61-20693
5569,7371136-9-ld3,b2b-5569,ft-7d90f,ft-ld3-Dsl,530610528031,-122.17827172209718,48.15232268583682,530610528031.0,ld3_D_Diesel,b2b--c61-20732
5572,6415756-7-hdt,b2b-5572,ft-3c50a,ft-hdt-Dsl,530610535052,-122.02878887800085,48.10921929354915,530610535052.0,hdt_D_Diesel,b2b--c61-20736
5573,6415756-7-hdt,b2b-5573,ft-4dac4,ft-hdt-Dsl,530610535052,-122.02878887800085,48.10921929354915,530610535052.0,hdt_D_Diesel,b2b--c61-20735
5587,7367226-3-ld1,b2b-5587,ft-9f6e5,ft-ld1-Gas,530350918001,-122.62536960840076,47.60681325280618,530350918001.0,ld1_G_Gasoline,b2b--c61-20768
5601,7363441-1-hdt,b2b-5601,ft-9330d,ft-hdt-Dsl,530330323193,-122.15671601884792,47.75905143275152,530330323193.0,hdt_D_Diesel,b2b--c61-20798
5619,7361108-25-hdt,b2b-5619,ft-7ccd5,ft-hdt-Dsl,530330237001,-122.16721631684192,47.62586460308248,530330237001.0,hdt_D_Diesel,b2b--c61-20834
5626,7370943-1-hdt,b2b-5626,ft-f16d1,ft-hdt-Dsl,530610419032,-122.26992885979202,47.92022100789097,530610419032.0,hdt_D_Diesel,b2b--c61-20859
5631,7365038-19-ld3,b2b-5631,ft-6f299,ft-ld3-Dsl,530330093002,-122.33357597282178,47.58797849383613,530330093002.0,ld3_D_Diesel,b2b--c61-20864
5655,7370688-14-ld3,b2b-5655,ft-20ecc,ft-ld3-Dsl,530610408002,-122.20579513956058,47.97949328412409,530610408002.0,ld3_D_Diesel,b2b--c61-20926
5659,7365547-4-ld3,b2b-5659,ft-f217f,ft-ld3-Gas,530330263001,-122.29955048390575,47.51625383357612,530330263001.0,ld3_G_Gasoline,b2b--c61-20932
5695,7371136-8-ld1,b2b-5695,ft-c978b,ft-ld1-Dsl,530610528031,-122.17827172209718,48.15232268583682,530610528031.0,ld1_D_Diesel,b2b--c61-21007
5703,7361108-26-ld1,b2b-5703,ft-7a0de,ft-ld1-Dsl,530330237001,-122.16721631684192,47.62586460308248,530330237001.0,ld1_D_Diesel,b2b--c61-21032
5710,7366501-14-ld3,b2b-5710,ft-34eb8,ft-ld3-Dsl,530330265002,-122.3430757196565,47.51192083812315,530330265002.0,ld3_D_Diesel,b2b--c61-21040
5719,6410457-4-hdt,b2b-5719,ft-de12f,ft-hdt-Dsl,530610512001,-122.30201866273792,47.80673399897807,530610512001.0,hdt_D_Diesel,b2b--c61-21060
5721,7370497-1-hdt,b2b-5721,ft-276f4,ft-hdt-Dsl,530610515002,-122.31614691646146,47.81998088841677,530610515002.0,hdt_D_Diesel,b2b--c61-21070
5725,6407888-3-hdt,b2b-5725,ft-4b033,ft-hdt-Dsl,530610510001,-122.32205839248016,47.80326679548122,530610510001.0,hdt_D_Diesel,b2b--c61-21072
5746,7366501-4-ld3,b2b-5746,ft-10c5f,ft-ld3-Gas,530330265002,-122.3430757196565,47.51192083812315,530330265002.0,ld3_G_Gasoline,b2b--c61-21114
5763,7366620-19-ld3,b2b-5763,ft-415dd,ft-ld3-Gas,530330284024,-122.29217467971979,47.45881065074249,530330284024.0,ld3_G_Gasoline,b2b--c61-21147
5781,7366753-3-ld1,b2b-5781,ft-cea4c,ft-ld1-Gas,530330264005,-122.32943382695088,47.51835358889425,530330264005.0,ld1_G_Gasoline,b2b--c61-21176
5807,6361250-3-hdt,b2b-5807,ft-415f4,ft-hdt-Dsl,530330117002,-122.28084463671817,47.5115215595724,530330117002.0,hdt_D_Diesel,b2b--c61-21228
5811,6356267-2-hdt,b2b-5811,ft-a5d19,ft-hdt-Dsl,530330093002,-122.33366306836557,47.58903444724557,530330093002.0,hdt_D_Diesel,b2b--c61-21233
5813,6356267-2-hdt,b2b-5813,ft-70f68,ft-hdt-Dsl,530330093002,-122.33366306836557,47.58903444724557,530330093002.0,hdt_D_Diesel,b2b--c61-21231
5818,7362972-24-ld3,b2b-5818,ft-ac73a,ft-ld3-Gas,530330323133,-122.0937881884041,47.674054261571776,530330323133.0,ld3_G_Gasoline,b2b--c61-21237
5820,7362972-24-ld3,b2b-5820,ft-bcc92,ft-ld3-Gas,530330323133,-122.0937881884041,47.674054261571776,530330323133.0,ld3_G_Gasoline,b2b--c61-21244
5839,6375006-4-hdt,b2b-5839,ft-ebca9,ft-hdv-Dsl,530350909002,-122.51587537591683,47.63223807359521,530350909002.0,hdv_D_Diesel,b2b--c61-21293
5862,6378674-4-hdt,b2b-5862,ft-8a07b,ft-hdv-Dsl,530350902012,-122.65542029867002,47.80166586286466,530350902012.0,hdv_D_Diesel,b2b--c61-21331
5876,7363441-18-ld1,b2b-5876,ft-1ffe4,ft-ld1-Gas,530330323193,-122.15671601884792,47.75905143275152,530330323193.0,ld1_G_Gasoline,b2b--c61-21355
5879,7371483-4-ld3,b2b-5879,ft-89b98,ft-ld3-Dsl,530610413042,-122.24409010231953,47.92728331356473,530610413042.0,ld3_D_Diesel,b2b--c61-21371
5897,6365055-1-hdt,b2b-5897,ft-3f657,ft-hdv-Dsl,530330006003,-122.34286953040014,47.71956920969017,530330006003.0,hdv_D_Diesel,b2b--c61-21393
5899,6420344-3-hdt,b2b-5899,ft-ed26b,ft-hdt-Dsl,530610519121,-122.1509224521577,47.77750202278584,530610519121.0,hdt_D_Diesel,b2b--c61-21400
5907,7370497-4-ld3,b2b-5907,ft-502f5,ft-ld3-Dsl,530610515002,-122.31614691646146,47.81998088841677,530610515002.0,ld3_D_Diesel,b2b--c61-21411
5911,7365629-23-ld1,b2b-5911,ft-b8bb2,ft-ld1-Gas,530330059001,-122.3673128160379,47.65327281857979,530330059001.0,ld1_G_Gasoline,b2b--c61-21422
5918,7370749-14-ld3,b2b-5918,ft-505ac,ft-ld3-Dsl,530610413042,-122.26281537034927,47.939353533114726,530610413042.0,ld3_D_Diesel,b2b--c61-21437
5937,7365404-2-ld1,b2b-5937,ft-66455,ft-ld1-Gas,530330019001,-122.32846894265069,47.6994347405433,530330019001.0,ld1_G_Gasoline,b2b--c61-21473
5943,6420475-1-hdt,b2b-5943,ft-b61a4,ft-hdt-Dsl,530610519121,-122.14296234002755,47.78920011851667,530610519121.0,hdt_D_Diesel,b2b--c61-21488
5948,7370780-4-ld3,b2b-5948,ft-2a914,ft-ld3-Gas,530610413042,-122.25350021807033,47.92367939099297,530610413042.0,ld3_G_Gasoline,b2b--c61-21506
5960,7363266-14-ld3,b2b-5960,ft-20b98,ft-ld3-Gas,530330262001,-122.24951352808789,47.45251126303244,530330262001.0,ld3_G_Gasoline,b2b--c61-21521
6018,7365629-3-ld1,b2b-6018,ft-1e05a,ft-ld1-Dsl,530330059001,-122.3673128160379,47.65327281857979,530330059001.0,ld1_D_Diesel,b2b--c61-21672
6042,7366620-23-ld1,b2b-6042,ft-b9ede,ft-ld1-Gas,530330284024,-122.29217467971979,47.45881065074249,530330284024.0,ld1_G_Gasoline,b2b--c61-21778
6046,8415294-12-ld3,b2b-6046,ft-8303b,ft-ld3-Dsl,530530732003,-122.23706641279225,46.78408365659002,410470025021.0,ld3_D_Diesel,b2b--c61-21794
6053,8415294-12-ld3,b2b-6053,ft-bf20f,ft-ld3-Dsl,530530732003,-122.23706641279225,46.78408365659002,410470025021.0,ld3_D_Diesel,b2b--c61-21832
6066,7370780-8-ld1,b2b-6066,ft-2d02f,ft-ld1-Gas,530610413042,-122.25350021807033,47.92367939099297,530610413042.0,ld1_G_Gasoline,b2b--c61-21859
6068,7370780-8-ld1,b2b-6068,ft-137db,ft-ld1-Gas,530610413042,-122.25350021807033,47.92367939099297,530610413042.0,ld1_G_Gasoline,b2b--c61-21869
6073,8395620-6-ld1,b2b-6073,ft-9313a,ft-ld1-Gas,530610535091,-122.15089997478691,48.15649523919702,530610535091.0,ld1_G_Gasoline,b2b--c61-21874
6075,8395620-6-ld1,b2b-6075,ft-550c1,ft-ld1-Gas,530610535091,-122.15089997478691,48.15649523919702,530610535091.0,ld1_G_Gasoline,b2b--c61-21876
6085,7371147-3-ld1,b2b-6085,ft-eae9a,ft-ld1-Gas,530610535091,-122.14839077795033,48.17104852749387,530610535091.0,ld1_G_Gasoline,b2b--c61-21923
6095,7370688-3-ld1,b2b-6095,ft-158f3,ft-ld1-Dsl,530610408002,-122.20579513956058,47.97949328412409,530610408002.0,ld1_D_Diesel,b2b--c61-21935
6111,8395620-15-ld3,b2b-6111,ft-9f00c,ft-ld3-Gas,530610535091,-122.15089997478691,48.15649523919702,530610535091.0,ld3_G_Gasoline,b2b--c61-21990
6115,7370808-7-hdv,b2b-6115,ft-6704d,ft-hdv-Dsl,530610413042,-122.27788640878946,47.93850672643978,530610413042.0,hdv_D_Diesel,b2b--c61-21994
6119,7371556-13-ld1,b2b-6119,ft-fa5af,ft-ld1-Gas,530610533012,-122.33344015201193,48.26864231894757,530610533012.0,ld1_G_Gasoline,b2b--c61-21996
6125,7371582-5-mdv,b2b-6125,ft-c587c,ft-mdv-Dsl,530610521083,-122.11003280178969,47.81441426756796,530610521083.0,mdv_D_Diesel,b2b--c61-22010
6166,7366389-24-ld3,b2b-6166,ft-5a0ab,ft-ld3-Gas,530330099004,-122.35117715320465,47.57121825509962,530330099004.0,ld3_G_Gasoline,b2b--c61-22111
6172,8395620-14-ld1,b2b-6172,ft-1c429,ft-ld1-Dsl,530610535091,-122.15089997478691,48.15649523919702,530610535091.0,ld1_D_Diesel,b2b--c61-22143
6176,7370550-14-ld3,b2b-6176,ft-cee67,ft-ld3-Dsl,530610512001,-122.30179293000789,47.80277435011375,530610512001.0,ld3_D_Diesel,b2b--c61-22154
6182,7363676-4-ld3,b2b-6182,ft-80015,ft-ld3-Gas,530330072001,-122.34222290120908,47.62143786859168,530330072001.0,ld3_G_Gasoline,b2b--c61-22167
6184,7371557-9-ld3,b2b-6184,ft-b80c3,ft-ld3-Gas,530610531021,-122.18921914405846,48.15037009988364,530610531021.0,ld3_G_Gasoline,b2b--c61-22181
6194,7367755-14-ld3,b2b-6194,ft-ac335,ft-ld3-Gas,530530729061,-122.5544249277511,47.049137874735855,530419708004.0,ld3_G_Gasoline,b2b--c61-22207
6207,7370550-5-mdv,b2b-6207,ft-b64eb,ft-mdv-Gas,530610512001,-122.30179293000789,47.80277435011375,530610512001.0,mdv_G_Gasoline,b2b--c61-22232
6213,7370550-5-mdv,b2b-6213,ft-fa15f,ft-mdv-Gas,530610512001,-122.30179293000789,47.80277435011375,530610512001.0,mdv_G_Gasoline,b2b--c61-22239
6223,8395620-7-ld3,b2b-6223,ft-7fc55,ft-ld3-Gas,530610535091,-122.15089997478691,48.15649523919702,530610535091.0,ld3_G_Gasoline,b2b--c61-22302
6226,8395620-7-ld3,b2b-6226,ft-e43f8,ft-ld3-Gas,530610535091,-122.15089997478691,48.15649523919702,530610535091.0,ld3_G_Gasoline,b2b--c61-22298
6238,7362972-9-ld3,b2b-6238,ft-8ebac,ft-ld3-Dsl,530330323133,-122.0937881884041,47.674054261571776,530330323133.0,ld3_D_Diesel,b2b--c61-22339
6241,7370780-2-hdv,b2b-6241,ft-515a3,ft-hdv-Dsl,530610413042,-122.25350021807033,47.92367939099297,530610413042.0,hdv_D_Diesel,b2b--c61-22347
6257,8395889-10-mdv,b2b-6257,ft-aab8e,ft-mdv-Gas,530530726032,-122.77382693312865,47.188210163000925,530670110001.0,mdv_G_Gasoline,b2b--c61-22398
6260,8395889-9-ld3,b2b-6260,ft-d2d2d,ft-ld3-Dsl,530530726032,-122.77382693312865,47.188210163000925,530670110001.0,ld3_D_Diesel,b2b--c61-22405
6265,8395889-9-ld3,b2b-6265,ft-90cc8,ft-ld3-Dsl,530530726032,-122.77382693312865,47.188210163000925,530670110001.0,ld3_D_Diesel,b2b--c61-22410
6279,6432668-4-hdt,b2b-6279,ft-9c2fe,ft-hdv-Dsl,530530726032,-122.77382693312865,47.188210163000925,530670109104.0,hdv_D_Diesel,b2b--c61-22446
6282,7371147-4-ld3,b2b-6282,ft-8281d,ft-ld3-Gas,530610535091,-122.14839077795033,48.17104852749387,530610535091.0,ld3_G_Gasoline,b2b--c61-22449
6292,8395583-5-mdv,b2b-6292,ft-4cc78,ft-mdv-Dsl,530610419032,-122.2715522983293,47.917393596540805,530610419032.0,mdv_D_Diesel,b2b--c61-22482
6316,8395620-19-ld3,b2b-6316,ft-d3dd3,ft-ld3-Gas,530610535091,-122.15089997478691,48.15649523919702,530610535091.0,ld3_G_Gasoline,b2b--c61-22545
6319,7362972-35-mdv,b2b-6319,ft-74037,ft-mdv-Gas,530330323133,-122.0937881884041,47.674054261571776,530330323133.0,mdv_G_Gasoline,b2b--c61-22546
6325,8370792-15-ld3,b2b-6325,ft-ddb1f,ft-ld3-Dsl,530530732003,-122.23706641279225,46.78408365659002,410430306003.0,ld3_D_Diesel,b2b--c61-22558
6337,8370792-15-ld3,b2b-6337,ft-f2cff,ft-ld3-Dsl,530530732003,-122.23706641279225,46.78408365659002,410430306003.0,ld3_D_Diesel,b2b--c61-22590
6367,7371557-22-hdv,b2b-6367,ft-da0f6,ft-hdv-Dsl,530610531021,-122.18921914405846,48.15037009988364,530610531021.0,hdv_D_Diesel,b2b--c61-22644
6394,8393907-8-ld1,b2b-6394,ft-0a000,ft-ld1-Dsl,530530732003,-122.23706641279225,46.78408365659002,530110410052.0,ld1_D_Diesel,b2b--c61-22692
6397,8393907-8-ld1,b2b-6397,ft-3841d,ft-ld1-Dsl,530530732003,-122.23706641279225,46.78408365659002,530110410052.0,ld1_D_Diesel,b2b--c61-22695
6398,8393907-8-ld1,b2b-6398,ft-b8866,ft-ld1-Dsl,530530732003,-122.23706641279225,46.78408365659002,530110410052.0,ld1_D_Diesel,b2b--c61-22696
6403,8371046-2-hdv,b2b-6403,ft-e23b9,ft-hdv-Dsl,530530732003,-122.23706641279225,46.78408365659002,410510043001.0,hdv_D_Diesel,b2b--c61-22714
6408,7194264-3-ld1,b2b-6408,ft-c8ac1,ft-ld1-Dsl,530530732003,-122.23706641279225,46.78408365659002,410510024023.0,ld1_D_Diesel,b2b--c61-22723
6415,7187037-3-ld3,b2b-6415,ft-c051b,ft-ld3-Gas,530530732003,-122.23706641279225,46.78408365659002,410050227071.0,ld3_G_Gasoline,b2b--c61-22735
6418,8390025-3-ld1,b2b-6418,ft-44212,ft-ld1-Gas,530530701001,-121.5437370927352,47.12072649438632,20118.0,ld1_G_Gasoline,b2b--c61-22739
6434,8394354-14-ld3,b2b-6434,ft-8d848,ft-ld3-Dsl,530330292061,-122.24394563101907,47.41876745684446,530330292061.0,ld3_D_Diesel,b2b--c61-22773
6445,7371147-10-mdv,b2b-6445,ft-8fbab,ft-mdv-Gas,530610535091,-122.14839077795033,48.17104852749387,530610535091.0,mdv_G_Gasoline,b2b--c61-22810
6451,7366389-15-mdv,b2b-6451,ft-c3691,ft-mdv-Gas,530330099004,-122.35117715320465,47.57121825509962,530330099004.0,mdv_G_Gasoline,b2b--c61-22823
6455,7364691-25-mdv,b2b-6455,ft-d875f,ft-mdv-Dsl,530330112001,-122.33016952325477,47.52660254101656,530330112001.0,mdv_D_Diesel,b2b--c61-22832
6464,6354230-2-hdt,b2b-6464,ft-f97c6,ft-hdt-Dsl,530330112001,-122.33295409093354,47.53186215911629,530330112001.0,hdt_D_Diesel,b2b--c61-22845
6465,7362690-25-mdv,b2b-6465,ft-b0fa3,ft-mdv-Dsl,530330323133,-122.08944378826811,47.672608175771856,530330323133.0,mdv_D_Diesel,b2b--c61-22848
6472,7360003-24-ld3,b2b-6472,ft-59684,ft-ld3-Gas,530530726032,-122.77382693312865,47.188210163000925,530270007003.0,ld3_G_Gasoline,b2b--c61-22859
6488,8394328-18-ld1,b2b-6488,ft-ef45e,ft-ld1-Gas,530330292061,-122.2384320753271,47.40669474169384,530330292061.0,ld1_G_Gasoline,b2b--c61-22919
6502,7190705-9-ld3,b2b-6502,ft-84098,ft-ld3-Dsl,530530732003,-122.23706641279225,46.78408365659002,410430305003.0,ld3_D_Diesel,b2b--c61-22947
6504,7190776-6-hdt,b2b-6504,ft-6dfe0,ft-hdt-Dsl,530530732003,-122.23706641279225,46.78408365659002,410430202001.0,hdt_D_Diesel,b2b--c61-22950
6510,7190776-6-hdt,b2b-6510,ft-951c8,ft-hdv-Dsl,530530732003,-122.23706641279225,46.78408365659002,410430202001.0,hdv_D_Diesel,b2b--c61-22965
6543,8303338-9-ld1,b2b-6543,ft-b9cd8,ft-ld1-Gas,530530701001,-121.5437370927352,47.12072649438632,20009.0,ld1_G_Gasoline,b2b--c61-23029
6546,8303338-9-ld1,b2b-6546,ft-37cbf,ft-ld1-Gas,530530701001,-121.5437370927352,47.12072649438632,20009.0,ld1_G_Gasoline,b2b--c61-23036
6554,625437-2-hdt,b2b-6554,ft-0594a,ft-hdt-Dsl,530530732004,-122.26381973027048,46.91888857212184,20013.0,hdt_D_Diesel,b2b--c61-23060
6558,8297979-9-ld1,b2b-6558,ft-3f052,ft-ld1-Dsl,530530732004,-122.26381973027048,46.91888857212184,20013.0,ld1_D_Diesel,b2b--c61-23064
6561,8297979-9-ld1,b2b-6561,ft-b1dfe,ft-ld1-Dsl,530530732004,-122.26381973027048,46.91888857212184,20013.0,ld1_D_Diesel,b2b--c61-23073
6566,7370497-5-mdv,b2b-6566,ft-41031,ft-mdv-Gas,530610515002,-122.31614691646146,47.81998088841677,530610515002.0,mdv_G_Gasoline,b2b--c61-23080
6568,6366746-3-hdt,b2b-6568,ft-74015,ft-hdt-Dsl,530330019001,-122.328577615234,47.69928867339705,530330019001.0,hdt_D_Diesel,b2b--c61-23089
6569,7364691-4-ld3,b2b-6569,ft-5baf9,ft-ld3-Gas,530330112001,-122.33016952325477,47.52660254101656,530330112001.0,ld3_G_Gasoline,b2b--c61-23096
6570,7364691-4-ld3,b2b-6570,ft-248f1,ft-ld3-Gas,530330112001,-122.33016952325477,47.52660254101656,530330112001.0,ld3_G_Gasoline,b2b--c61-23097
6582,7370748-7-hdv,b2b-6582,ft-f394c,ft-hdv-Dsl,530610413042,-122.25333421863927,47.92376449718981,530610413042.0,hdv_D_Diesel,b2b--c61-23131
6596,7370748-5-mdv,b2b-6596,ft-8f205,ft-mdv-Gas,530610413042,-122.25333421863927,47.92376449718981,530610413042.0,mdv_G_Gasoline,b2b--c61-23163
6602,7192587-4-mdv,b2b-6602,ft-004ef,ft-mdv-Gas,530530732003,-122.23706641279225,46.78408365659002,410510007023.0,mdv_G_Gasoline,b2b--c61-23164
6603,7372274-31-hdt,b2b-6603,ft-bca06,ft-hdv-Dsl,530610537001,-121.31300181346782,48.04698207479564,530630120002.0,hdv_D_Diesel,b2b--c61-23165
6614,6445914-1-hdt,b2b-6614,ft-40120,ft-hdt-Dsl,530330315021,-121.36938446587672,47.147855247348815,530770001002.0,hdt_D_Diesel,b2b--c61-23184
6628,6362345-3-hdt,b2b-6628,ft-57ab0,ft-hdt-Dsl,530330071001,-122.3606877387274,47.6228216468558,530330071001.0,hdt_D_Diesel,b2b--c61-23207
6629,6362345-3-hdt,b2b-6629,ft-fe1cc,ft-hdt-Dsl,530330071001,-122.3606877387274,47.6228216468558,530330071001.0,hdt_D_Diesel,b2b--c61-23206
6630,6365274-3-hdt,b2b-6630,ft-fff01,ft-hdt-Dsl,530330006004,-122.34233342193181,47.707450691212834,530330006004.0,hdt_D_Diesel,b2b--c61-23209
6633,7363267-11-hdt,b2b-6633,ft-cbaa2,ft-hdt-Dsl,530330262001,-122.25267350475208,47.44866998816283,530330262001.0,hdt_D_Diesel,b2b--c61-23211
6664,6335379-1-hdt,b2b-6664,ft-95cae,ft-hdt-Dsl,530330319041,-122.03763318832029,47.45789596073487,530330319041.0,hdt_D_Diesel,b2b--c61-23254
6672,6334157-1-hdt,b2b-6672,ft-04eb3,ft-hdt-Dsl,530330226031,-122.16566984139985,47.70382843048149,530330226031.0,hdt_D_Diesel,b2b--c61-23262
6680,6351400-3-hdt,b2b-6680,ft-03a15,ft-hdv-Dsl,530330093003,-122.33216491549386,47.56909006653526,530330093003.0,hdv_D_Diesel,b2b--c61-23272
6682,6417842-2-hdt,b2b-6682,ft-d299d,ft-hdt-Dsl,530610522032,-121.99019110234804,47.871219464653365,530610522032.0,hdt_D_Diesel,b2b--c61-23276
6709,8394801-4-ld1,b2b-6709,ft-96e6f,ft-ld1-Gas,530330112001,-122.33227885206496,47.53199660801611,530330112001.0,ld1_G_Gasoline,b2b--c61-23375
6711,8394801-4-ld1,b2b-6711,ft-13a22,ft-ld1-Gas,530330112001,-122.33227885206496,47.53199660801611,530330112001.0,ld1_G_Gasoline,b2b--c61-23377
6721,7362972-20-mdv,b2b-6721,ft-36b42,ft-mdv-Gas,530330323133,-122.0937881884041,47.674054261571776,530330323133.0,mdv_G_Gasoline,b2b--c61-23422
6741,7370748-15-mdv,b2b-6741,ft-eb328,ft-mdv-Dsl,530610413042,-122.25333421863927,47.92376449718981,530610413042.0,mdv_D_Diesel,b2b--c61-23527
6742,7370748-15-mdv,b2b-6742,ft-55c42,ft-mdv-Dsl,530610413042,-122.25333421863927,47.92376449718981,530610413042.0,mdv_D_Diesel,b2b--c61-23528
6747,6417113-3-hdt,b2b-6747,ft-30f47,ft-hdv-Dsl,530610528031,-122.17792144316157,48.13713977705275,530610528031.0,hdv_D_Diesel,b2b--c61-23532
6776,7366789-4-hdt,b2b-6776,ft-9304a,ft-hdv-Dsl,530330208002,-122.35304688942156,47.7571056583529,530330208002.0,hdv_D_Diesel,b2b--c61-23625
6779,7358585-14-ld3,b2b-6779,ft-fc383,ft-ld3-Gas,530530732003,-122.23706641279225,46.78408365659002,530110410052.0,ld3_G_Gasoline,b2b--c61-23628
6787,7191438-14-ld3,b2b-6787,ft-64702,ft-ld3-Gas,530530732003,-122.23706641279225,46.78408365659002,410470025021.0,ld3_G_Gasoline,b2b--c61-23642
6797,7192152-1-hdt,b2b-6797,ft-e8857,ft-hdv-Dsl,530530732003,-122.23706641279225,46.78408365659002,410510072021.0,hdv_D_Diesel,b2b--c61-23669
6799,7192152-1-hdt,b2b-6799,ft-2432,ft-hdt-Dsl,530530732003,-122.23706641279225,46.78408365659002,410510072021.0,hdt_D_Diesel,b2b--c61-23674
6802,7196059-3-ld1,b2b-6802,ft-e5219,ft-ld1-Gas,530530732003,-122.23706641279225,46.78408365659002,410670320011.0,ld1_G_Gasoline,b2b--c61-23678
6808,7358584-29-ld3,b2b-6808,ft-206a7,ft-ld3-Gas,530530732003,-122.23706641279225,46.78408365659002,530110410052.0,ld3_G_Gasoline,b2b--c61-23690
6811,7192153-28-ld1,b2b-6811,ft-51ec1,ft-ld1-Gas,530530732003,-122.23706641279225,46.78408365659002,410510072021.0,ld1_G_Gasoline,b2b--c61-23694
6821,7186990-6-ld1,b2b-6821,ft-51802,ft-ld1-Gas,530530732003,-122.23706641279225,46.78408365659002,410050227072.0,ld1_G_Gasoline,b2b--c61-23709
6862,7361892-3-ld1,b2b-6862,ft-7254d,ft-ld1-Gas,530330305011,-122.2297347561288,47.344822000685745,530330305011.0,ld1_G_Gasoline,b2b--c61-23764
6864,7361892-3-ld1,b2b-6864,ft-102b7,ft-ld1-Gas,530330305011,-122.2297347561288,47.344822000685745,530330305011.0,ld1_G_Gasoline,b2b--c61-23772
6869,7369840-14-ld3,b2b-6869,ft-5b95f,ft-ld3-Gas,530610533024,-122.33639511497468,48.27588885819264,530579518002.0,ld3_G_Gasoline,b2b--c61-23785
6885,7362690-21-hdt,b2b-6885,ft-6e2a9,ft-hdv-Dsl,530330323133,-122.08944378826811,47.672608175771856,530330323133.0,hdv_D_Diesel,b2b--c61-23828
6887,7362690-21-hdt,b2b-6887,ft-ef9b6,ft-hdt-Dsl,530330323133,-122.08944378826811,47.672608175771856,530330323133.0,hdt_D_Diesel,b2b--c61-23826
6894,7366429-17-hdv,b2b-6894,ft-d0a3a,ft-hdv-Dsl,530330093003,-122.34204282855166,47.569492954037656,530330093003.0,hdv_D_Diesel,b2b--c61-23844
6910,6701102-14-mdv,b2b-6910,ft-5e5d3,ft-mdv-Dsl,530530701001,-121.5437370927352,47.12072649438632,20009.0,mdv_D_Diesel,b2b--c61-23870
6912,8395386-8-ld1,b2b-6912,ft-79198,ft-ld1-Gas,530539400101,-122.32082602454804,47.21474910148543,530539400101.0,ld1_G_Gasoline,b2b--c61-23886
6913,8395386-8-ld1,b2b-6913,ft-5b2c0,ft-ld1-Gas,530539400101,-122.32082602454804,47.21474910148543,530539400101.0,ld1_G_Gasoline,b2b--c61-23887
6930,7369899-8-ld1,b2b-6930,ft-35b5f,ft-ld1-Dsl,530610533014,-122.37093627404924,48.2483017317002,530579521003.0,ld1_D_Diesel,b2b--c61-23936
6942,7369738-3-ld1,b2b-6942,ft-e2ed5,ft-ld1-Gas,530610533014,-122.37093627404924,48.2483017317002,530579404003.0,ld1_G_Gasoline,b2b--c61-23951
6945,7369738-3-ld1,b2b-6945,ft-c6bdd,ft-ld1-Gas,530610533014,-122.37093627404924,48.2483017317002,530579404003.0,ld1_G_Gasoline,b2b--c61-23958
6951,7361891-8-ld1,b2b-6951,ft-b44f9,ft-ld1-Gas,530330292061,-122.24476005979747,47.397552375178016,530330292061.0,ld1_G_Gasoline,b2b--c61-23973
6970,7360480-11-ld1,b2b-6970,ft-69b5a,ft-ld1-Gas,530330303132,-122.31316040045309,47.29592604806239,530330303132.0,ld1_G_Gasoline,b2b--c61-24004
6987,7362014-13-ld1,b2b-6987,ft-c9bf9,ft-ld1-Gas,530330292061,-122.228106461071,47.41699927061486,530330292061.0,ld1_G_Gasoline,b2b--c61-24035
6993,7369829-8-ld1,b2b-6993,ft-77779,ft-ld1-Gas,530610533023,-122.32486196328234,48.28871117633043,530579516003.0,ld1_G_Gasoline,b2b--c61-24051
7008,7360253-13-ld1,b2b-7008,ft-349d5,ft-ld1-Gas,530330309011,-122.24441173302871,47.29476765167329,530330309011.0,ld1_G_Gasoline,b2b--c61-24085
7029,7368270-3-ld1,b2b-7029,ft-fbc28,ft-ld1-Gas,530539400101,-122.30718333442022,47.2133342925431,530539400101.0,ld1_G_Gasoline,b2b--c61-24112
7048,7372620-2-hdv,b2b-7048,ft-165ba,ft-hdv-Dsl,530610537001,-121.31300181346782,48.04698207479564,530630122001.0,hdv_D_Diesel,b2b--c61-24134
7073,7369982-18-ld1,b2b-7073,ft-ec917,ft-ld1-Dsl,530610533024,-122.33639511497468,48.27588885819264,530579526003.0,ld1_D_Diesel,b2b--c61-24173
7081,7369982-33-ld1,b2b-7081,ft-87d5a,ft-ld1-Gas,530610533024,-122.33639511497468,48.27588885819264,530579526003.0,ld1_G_Gasoline,b2b--c61-24207
7103,7369840-8-ld1,b2b-7103,ft-45cf2,ft-ld1-Gas,530610533024,-122.33639511497468,48.27588885819264,530579518002.0,ld1_G_Gasoline,b2b--c61-24242
7106,7366540-5-ld1,b2b-7106,ft-8ef67,ft-ld1-Gas,530330284024,-122.29830417779355,47.44418725204615,530330284024.0,ld1_G_Gasoline,b2b--c61-24256
7111,7362668-18-ld1,b2b-7111,ft-c46ac,ft-ld1-Gas,530330284024,-122.29828123802866,47.44416305383533,530330284024.0,ld1_G_Gasoline,b2b--c61-24261
7113,7366752-3-ld1,b2b-7113,ft-e0bde,ft-ld1-Gas,530330262001,-122.23092033957167,47.47070058950334,530330262001.0,ld1_G_Gasoline,b2b--c61-24265
7120,7369899-3-ld1,b2b-7120,ft-644a0,ft-ld1-Gas,530610533014,-122.37093627404924,48.2483017317002,530579521003.0,ld1_G_Gasoline,b2b--c61-24283
7123,8370792-7-ld3,b2b-7123,ft-6ba02,ft-ld3-Dsl,530530732003,-122.23706641279225,46.78408365659002,410430306003.0,ld3_D_Diesel,b2b--c61-24286
7125,8370792-7-ld3,b2b-7125,ft-40a87,ft-ld3-Dsl,530530732003,-122.23706641279225,46.78408365659002,410430306003.0,ld3_D_Diesel,b2b--c61-24288
7134,7369899-33-ld1,b2b-7134,ft-809b1,ft-ld1-Gas,530610533014,-122.37093627404924,48.2483017317002,530579521003.0,ld1_G_Gasoline,b2b--c61-24308
7149,7373894-19-ld3,b2b-7149,ft-07a76,ft-ld3-Gas,530610533014,-122.37093627404924,48.2483017317002,530730004003.0,ld3_G_Gasoline,b2b--c61-24339
7169,8395465-4-ld1,b2b-7169,ft-da537,ft-ld1-Gas,530610533014,-122.37093627404924,48.2483017317002,530579519002.0,ld1_G_Gasoline,b2b--c61-24392
7174,8395465-4-ld1,b2b-7174,ft-f5185,ft-ld1-Gas,530610533014,-122.37093627404924,48.2483017317002,530579519002.0,ld1_G_Gasoline,b2b--c61-24408
7175,8395465-4-ld1,b2b-7175,ft-0cf63,ft-ld1-Gas,530610533014,-122.37093627404924,48.2483017317002,530579519002.0,ld1_G_Gasoline,b2b--c61-24409
7183,8394354-3-ld1,b2b-7183,ft-bc37b,ft-ld1-Dsl,530330292061,-122.24394563101907,47.41876745684446,530330292061.0,ld1_D_Diesel,b2b--c61-24417
7186,8394354-3-ld1,b2b-7186,ft-1df1b,ft-ld1-Dsl,530330292061,-122.24394563101907,47.41876745684446,530330292061.0,ld1_D_Diesel,b2b--c61-24429
7201,7362014-18-ld1,b2b-7201,ft-984f8,ft-ld1-Dsl,530330292061,-122.228106461071,47.41699927061486,530330292061.0,ld1_D_Diesel,b2b--c61-24455
7212,7369221-8-ld1,b2b-7212,ft-ba8a3,ft-ld1-Gas,530539400101,-122.31035393745093,47.20502765367965,530539400101.0,ld1_G_Gasoline,b2b--c61-24471
7217,8395378-9-ld1,b2b-7217,ft-12aea,ft-ld1-Dsl,530539400022,-122.3579130992221,47.246033532588356,530539400022.0,ld1_D_Diesel,b2b--c61-24485
7220,7369581-34-ld3,b2b-7220,ft-37aac,ft-ld3-Gas,530530718071,-122.49233469468531,47.17252881714979,530530718071.0,ld3_G_Gasoline,b2b--c61-24486
7221,7373608-14-ld3,b2b-7221,ft-ed820,ft-ld3-Dsl,530530729061,-122.5544249277511,47.049137874735855,530670126102.0,ld3_D_Diesel,b2b--c61-24487
7224,7371556-12-hdv,b2b-7224,ft-d5f44,ft-hdv-Dsl,530610533012,-122.33344015201193,48.26864231894757,530610533012.0,hdv_D_Diesel,b2b--c61-24488
7247,7194106-36-mdv,b2b-7247,ft-f84d2,ft-mdv-Dsl,530530732003,-122.23706641279225,46.78408365659002,410510073001.0,mdv_D_Diesel,b2b--c61-24530
7294,6400183-3-hdt,b2b-7294,ft-1c065,ft-hdt-Dsl,530530718071,-122.50765904171323,47.17334973192602,530530718071.0,hdt_D_Diesel,b2b--c61-24607
7296,7369579-29-ld3,b2b-7296,ft-0d457,ft-ld3-Gas,530530718071,-122.49197255683097,47.17282095273845,530530718071.0,ld3_G_Gasoline,b2b--c61-24611
7298,7190436-18-ld1,b2b-7298,ft-bd5b2,ft-ld1-Gas,530530701001,-121.5437370927352,47.12072649438632,20095.0,ld1_G_Gasoline,b2b--c61-24613
7303,8415294-18-ld3,b2b-7303,ft-5fb55,ft-ld3-Gas,530530732003,-122.23706641279225,46.78408365659002,410470025021.0,ld3_G_Gasoline,b2b--c61-24618
7304,8415294-18-ld3,b2b-7304,ft-2bc05,ft-ld3-Gas,530530732003,-122.23706641279225,46.78408365659002,410470025021.0,ld3_G_Gasoline,b2b--c61-24619
7308,8415294-18-ld3,b2b-7308,ft-fa88f,ft-ld3-Gas,530530732003,-122.23706641279225,46.78408365659002,410470025021.0,ld3_G_Gasoline,b2b--c61-24623
7336,8371305-18-ld1,b2b-7336,ft-069ee,ft-ld1-Gas,530530701001,-121.5437370927352,47.12072649438632,20095.0,ld1_G_Gasoline,b2b--c61-24680
7350,7194852-22-ld1,b2b-7350,ft-140a1,ft-ld1-Gas,530530701001,-121.5437370927352,47.12072649438632,20095.0,ld1_G_Gasoline,b2b--c61-24696
7367,7194917-18-ld1,b2b-7367,ft-5581f,ft-ld1-Gas,530530701001,-121.5437370927352,47.12072649438632,20095.0,ld1_G_Gasoline,b2b--c61-24714
7370,7194853-6-ld1,b2b-7370,ft-a3e78,ft-ld1-Gas,530530701001,-121.5437370927352,47.12072649438632,20095.0,ld1_G_Gasoline,b2b--c61-24718
7375,7188255-30-ld1,b2b-7375,ft-76c49,ft-ld1-Dsl,530530701001,-121.5437370927352,47.12072649438632,20095.0,ld1_D_Diesel,b2b--c61-24723
7395,8394328-7-ld3,b2b-7395,ft-1f22f,ft-ld3-Dsl,530330292061,-122.2384320753271,47.40669474169384,530330292061.0,ld3_D_Diesel,b2b--c61-24744
7397,8394328-7-ld3,b2b-7397,ft-9bfb9,ft-ld3-Dsl,530330292061,-122.2384320753271,47.40669474169384,530330292061.0,ld3_D_Diesel,b2b--c61-24746
7423,7369899-7-hdv,b2b-7423,ft-9705c,ft-hdv-Dsl,530610533014,-122.37093627404924,48.2483017317002,530579521003.0,hdv_D_Diesel,b2b--c61-24815
7433,7370749-10-mdv,b2b-7433,ft-73727,ft-mdv-Dsl,530610413042,-122.26281537034927,47.939353533114726,530610413042.0,mdv_D_Diesel,b2b--c61-24860
7434,7370749-10-mdv,b2b-7434,ft-f0504,ft-mdv-Dsl,530610413042,-122.26281537034927,47.939353533114726,530610413042.0,mdv_D_Diesel,b2b--c61-24858
7440,8371133-4-ld3,b2b-7440,ft-960c1,ft-ld3-Dsl,530530732003,-122.23706641279225,46.78408365659002,410519800001.0,ld3_D_Diesel,b2b--c61-24870
7443,7193734-26-hdt,b2b-7443,ft-fbd24,ft-hdt-Dsl,530530732003,-122.23706641279225,46.78408365659002,410510073001.0,hdt_D_Diesel,b2b--c61-24874
7465,8371057-22-hdv,b2b-7465,ft-98695,ft-hdv-Dsl,530530732003,-122.23706641279225,46.78408365659002,410510073001.0,hdv_D_Diesel,b2b--c61-24922
7511,8334847-28-ld1,b2b-7511,ft-cfa51,ft-ld1-Dsl,530330315021,-121.36938446587672,47.147855247348815,20048.0,ld1_D_Diesel,b2b--c61-25001
7526,8346138-4-ld1,b2b-7526,ft-de54b,ft-ld1-Gas,530610537001,-121.31300181346782,48.04698207479564,20061.0,ld1_G_Gasoline,b2b--c61-25034
7540,7191515-8-ld1,b2b-7540,ft-196be,ft-ld1-Gas,530530732003,-122.23706641279225,46.78408365659002,410470025021.0,ld1_G_Gasoline,b2b--c61-25063
7558,7190780-28-ld1,b2b-7558,ft-9b793,ft-ld1-Gas,530530732003,-122.23706641279225,46.78408365659002,410430202001.0,ld1_G_Gasoline,b2b--c61-25093
7577,7370748-10-mdv,b2b-7577,ft-c12bf,ft-mdv-Gas,530610413042,-122.25333421863927,47.92376449718981,530610413042.0,mdv_G_Gasoline,b2b--c61-25129
7601,8390180-5-hdt,b2b-7601,ft-98c3b,ft-hdv-Dsl,530530701001,-121.5437370927352,47.12072649438632,20118.0,hdv_D_Diesel,b2b--c61-25182
7602,8390180-5-hdt,b2b-7602,ft-48b95,ft-hdt-Dsl,530530701001,-121.5437370927352,47.12072649438632,20118.0,hdt_D_Diesel,b2b--c61-25183
7624,8390023-1-hdt,b2b-7624,ft-fe8b9,ft-hdt-Dsl,530530701001,-121.5437370927352,47.12072649438632,20118.0,hdt_D_Diesel,b2b--c61-25208
7632,8390023-1-hdt,b2b-7632,ft-3be88,ft-hdt-Dsl,530530701001,-121.5437370927352,47.12072649438632,20118.0,hdt_D_Diesel,b2b--c61-25216
7643,8390023-1-hdt,b2b-7643,ft-d6f2f,ft-hdt-Dsl,530530701001,-121.5437370927352,47.12072649438632,20118.0,hdt_D_Diesel,b2b--c61-25280
7644,8390023-1-hdt,b2b-7644,ft-45ba6,ft-hdt-Dsl,530530701001,-121.5437370927352,47.12072649438632,20118.0,hdt_D_Diesel,b2b--c61-25282
7657,8416956-8-ld1,b2b-7657,ft-b6a16,ft-ld1-Gas,530530701001,-121.5437370927352,47.12072649438632,20118.0,ld1_G_Gasoline,b2b--c61-25296
7675,7014371-13-ld1,b2b-7675,ft-4e6b6,ft-ld1-Gas,530330315021,-121.36938446587672,47.147855247348815,20063.0,ld1_G_Gasoline,b2b--c61-25324
7678,7014285-8-ld1,b2b-7678,ft-6ccb9,ft-ld1-Gas,530330315021,-121.36938446587672,47.147855247348815,20063.0,ld1_G_Gasoline,b2b--c61-25327
7694,7366429-16-hdt,b2b-7694,ft-c029f,ft-hdt-Dsl,530330093003,-122.34204282855166,47.569492954037656,530330093003.0,hdt_D_Diesel,b2b--c61-25349
7702,7358961-42-hdv,b2b-7702,ft-5381c,ft-hdv-Dsl,530530732003,-122.23706641279225,46.78408365659002,530110411051.0,hdv_D_Diesel,b2b--c61-25360
7711,604511-3-hdt,b2b-7711,ft-db0c6,ft-hdt-Dsl,530530701001,-121.5437370927352,47.12072649438632,20009.0,hdt_D_Diesel,b2b--c61-25370
7721,6687695-3-ld1,b2b-7721,ft-e2112,ft-ld1-Gas,530530701001,-121.5437370927352,47.12072649438632,20009.0,ld1_G_Gasoline,b2b--c61-25384
7726,6700394-9-ld3,b2b-7726,ft-38091,ft-ld3-Gas,530530701001,-121.5437370927352,47.12072649438632,20009.0,ld3_G_Gasoline,b2b--c61-25389
7738,6355271-5-hdt,b2b-7738,ft-74e38,ft-hdt-Dsl,530330032003,-122.39365965198525,47.66885076397285,530330032003.0,hdt_D_Diesel,b2b--c61-25409
7754,8396033-9-ld3,b2b-7754,ft-53b0b,ft-ld3-Dsl,530330315021,-121.36938446587672,47.147855247348815,530770018002.0,ld3_D_Diesel,b2b--c61-25441
7759,6710026-11-hdt,b2b-7759,ft-7a848,ft-hdv-Dsl,530530732004,-122.26381973027048,46.91888857212184,20010.0,hdv_D_Diesel,b2b--c61-25451
7763,7326666-11-hdt,b2b-7763,ft-97cba,ft-hdt-Dsl,530530701001,-121.5437370927352,47.12072649438632,20118.0,hdt_D_Diesel,b2b--c61-25457
7765,7369738-8-ld1,b2b-7765,ft-cf95f,ft-ld1-Gas,530610533014,-122.37093627404924,48.2483017317002,530579404003.0,ld1_G_Gasoline,b2b--c61-25469
7767,7369738-8-ld1,b2b-7767,ft-f0591,ft-ld1-Gas,530610533014,-122.37093627404924,48.2483017317002,530579404003.0,ld1_G_Gasoline,b2b--c61-25460
7769,7369738-8-ld1,b2b-7769,ft-707de,ft-ld1-Gas,530610533014,-122.37093627404924,48.2483017317002,530579404003.0,ld1_G_Gasoline,b2b--c61-25462
7788,8395473-19-ld3,b2b-7788,ft-dbb45,ft-ld3-Dsl,530610535061,-121.89999203508337,48.27272291141637,530579512001.0,ld3_D_Diesel,b2b--c61-25500
7799,7369842-23-ld1,b2b-7799,ft-7c5e4,ft-ld1-Gas,530610533014,-122.37093627404924,48.2483017317002,530579519002.0,ld1_G_Gasoline,b2b--c61-25526
7801,7369842-29-ld3,b2b-7801,ft-37659,ft-ld3-Dsl,530610533014,-122.37093627404924,48.2483017317002,530579519002.0,ld3_D_Diesel,b2b--c61-25527
7802,7369842-29-ld3,b2b-7802,ft-1602,ft-ld3-Dsl,530610533014,-122.37093627404924,48.2483017317002,530579519002.0,ld3_D_Diesel,b2b--c61-25529
7804,7369899-19-ld3,b2b-7804,ft-928b6,ft-ld3-Dsl,530610533014,-122.37093627404924,48.2483017317002,530579521003.0,ld3_D_Diesel,b2b--c61-25534
7807,7369829-9-ld3,b2b-7807,ft-08d5a,ft-ld3-Dsl,530610533023,-122.32486196328234,48.28871117633043,530579516003.0,ld3_D_Diesel,b2b--c61-25536
7815,8395473-14-ld1,b2b-7815,ft-7cdca,ft-ld1-Gas,530610535061,-121.89999203508337,48.27272291141637,530579512001.0,ld1_G_Gasoline,b2b--c61-25549
7826,7369982-4-ld3,b2b-7826,ft-52efc,ft-ld3-Gas,530610533024,-122.33639511497468,48.27588885819264,530579526003.0,ld3_G_Gasoline,b2b--c61-25576
7829,7367751-4-ld3,b2b-7829,ft-fc993,ft-ld3-Gas,530530729061,-122.5544249277511,47.049137874735855,530419714002.0,ld3_G_Gasoline,b2b--c61-25580
7858,7371582-20-mdv,b2b-7858,ft-28148,ft-mdv-Gas,530610521083,-122.11003280178969,47.81441426756796,530610521083.0,mdv_G_Gasoline,b2b--c61-25659
7859,7371582-20-mdv,b2b-7859,ft-91441,ft-mdv-Gas,530610521083,-122.11003280178969,47.81441426756796,530610521083.0,mdv_G_Gasoline,b2b--c61-25657
7868,8394820-6-mdv,b2b-7868,ft-96a89,ft-mdv-Gas,530330093002,-122.33759397247012,47.59022371894319,530330093002.0,mdv_G_Gasoline,b2b--c61-25685
7882,6341011-3-hdt,b2b-7882,ft-25537,ft-hdt-Dsl,530330253012,-122.20114740437342,47.518332270703716,530330253012.0,hdt_D_Diesel,b2b--c61-25727
7890,6405154-1-hdt,b2b-7890,ft-42b7b,ft-hdt-Dsl,530610519231,-122.20984830810707,47.833208244806606,530610519231.0,hdt_D_Diesel,b2b--c61-25752
7893,7366540-15-mdv,b2b-7893,ft-97b05,ft-mdv-Dsl,530330284024,-122.29830417779355,47.44418725204615,530330284024.0,mdv_D_Diesel,b2b--c61-25763
7896,6341012-1-hdt,b2b-7896,ft-e1889,ft-hdv-Dsl,530330253012,-122.19988926769462,47.51833586159695,530330253012.0,hdv_D_Diesel,b2b--c61-25774
7898,6341891-1-hdt,b2b-7898,ft-78ab8,ft-hdv-Dsl,530330262001,-122.24405886579636,47.44685845644925,530330262001.0,hdv_D_Diesel,b2b--c61-25778
7938,7366753-5-mdv,b2b-7938,ft-1be72,ft-mdv-Dsl,530330264005,-122.32943382695088,47.51835358889425,530330264005.0,mdv_D_Diesel,b2b--c61-25898
7983,7366620-5-mdv,b2b-7983,ft-51f41,ft-mdv-Gas,530330284024,-122.29217467971979,47.45881065074249,530330284024.0,mdv_G_Gasoline,b2b--c61-26015
7988,7363266-25-mdv,b2b-7988,ft-5becc,ft-mdv-Gas,530330262001,-122.24951352808789,47.45251126303244,530330262001.0,mdv_G_Gasoline,b2b--c61-26027
8022,6321681-1-hdt,b2b-8022,ft-65d14,ft-hdv-Dsl,530330236012,-122.1840842404128,47.6171304699469,530330236012.0,hdv_D_Diesel,b2b--c61-26116
8032,7366753-1-hdt,b2b-8032,ft-24d7c,ft-hdt-Dsl,530330264005,-122.32943382695088,47.51835358889425,530330264005.0,hdt_D_Diesel,b2b--c61-26148
8040,7366389-10-mdv,b2b-8040,ft-0aa2e,ft-mdv-Dsl,530330099004,-122.35117715320465,47.57121825509962,530330099004.0,mdv_D_Diesel,b2b--c61-26168
8044,6371361-1-hdt,b2b-8044,ft-31209,ft-hdt-Dsl,530330264004,-122.32769821070463,47.517071736334415,530330264004.0,hdt_D_Diesel,b2b--c61-26174
8051,6411985-3-hdt,b2b-8051,ft-48d50,ft-hdt-Dsl,530610408002,-122.21468228018514,47.98032402214288,530610408002.0,hdt_D_Diesel,b2b--c61-26189
8081,6410609-3-hdt,b2b-8081,ft-110e4,ft-hdt-Dsl,530610419011,-122.28184467861927,47.88841139696129,530610419011.0,hdt_D_Diesel,b2b--c61-26262
8099,6367485-1-hdt,b2b-8099,ft-6f9e0,ft-hdt-Dsl,530330093003,-122.32786759361856,47.57451158943888,530330093003.0,hdt_D_Diesel,b2b--c61-26310
8104,7364691-20-mdv,b2b-8104,ft-d4f08,ft-mdv-Gas,530330112001,-122.33016952325477,47.52660254101656,530330112001.0,mdv_G_Gasoline,b2b--c61-26326
8112,6354386-1-hdt,b2b-8112,ft-fa2d6,ft-hdt-Dsl,530330112001,-122.3301282098549,47.526598028459944,530330112001.0,hdt_D_Diesel,b2b--c61-26348
8114,6355894-1-hdt,b2b-8114,ft-9d5e7,ft-hdt-Dsl,530330109001,-122.32567368220177,47.54138223925359,530330109001.0,hdt_D_Diesel,b2b--c61-26354
8115,7361108-18-mdv,b2b-8115,ft-9d56a,ft-mdv-Dsl,530330237001,-122.16721631684192,47.62586460308248,530330237001.0,mdv_D_Diesel,b2b--c61-26356
8119,6367737-3-hdt,b2b-8119,ft-b95a9,ft-hdt-Dsl,530330093002,-122.33402177668508,47.58807217102231,530330093002.0,hdt_D_Diesel,b2b--c61-26365
8123,6368901-4-hdt,b2b-8123,ft-b3ee9,ft-hdt-Dsl,530330265002,-122.35116619560581,47.51392333720764,530330265002.0,hdt_D_Diesel,b2b--c61-26372
8128,7367470-1-hdt,b2b-8128,ft-43555,ft-hdt-Dsl,530350902022,-122.65106484770303,47.78524922456723,530350902022.0,hdt_D_Diesel,b2b--c61-26387
8133,6372120-2-hdt,b2b-8133,ft-e9720,ft-hdv-Dsl,530330263001,-122.29961162577031,47.516083253928386,530330263001.0,hdv_D_Diesel,b2b--c61-26399
8135,6416012-2-hdt,b2b-8135,ft-bcd7b,ft-hdt-Dsl,530610535052,-122.01769912997912,48.088943840182694,530610535052.0,hdt_D_Diesel,b2b--c61-26405
8141,6370064-7-hdt,b2b-8141,ft-283bf,ft-hdt-Dsl,530330204013,-122.30803964338772,47.764129860788856,530330204013.0,hdt_D_Diesel,b2b--c61-26421
8157,6360808-1-hdt,b2b-8157,ft-e039a,ft-hdt-Dsl,530330032006,-122.40522784192012,47.67268555567042,530330032006.0,hdt_D_Diesel,b2b--c61-26457
8206,6372580-4-hdt,b2b-8206,ft-2f90c,ft-hdt-Dsl,530330284024,-122.3260086563948,47.44126763015431,530330284024.0,hdt_D_Diesel,b2b--c61-26569
8211,7370497-20-mdv,b2b-8211,ft-e5f33,ft-mdv-Dsl,530610515002,-122.31614691646146,47.81998088841677,530610515002.0,mdv_D_Diesel,b2b--c61-26580
8214,6418463-3-hdt,b2b-8214,ft-52e6c,ft-hdv-Dsl,530610413042,-122.25311525640849,47.92377737978869,530610413042.0,hdv_D_Diesel,b2b--c61-26587
8278,7361108-7-hdt,b2b-8278,ft-0402a,ft-hdt-Dsl,530330237001,-122.16721631684192,47.62586460308248,530330237001.0,hdt_D_Diesel,b2b--c61-26742
8311,7365404-10-hdt,b2b-8311,ft-f56d9,ft-hdt-Dsl,530330019001,-122.32846894265069,47.6994347405433,530330019001.0,hdt_D_Diesel,b2b--c61-26837
8321,6371366-1-hdt,b2b-8321,ft-4af4c,ft-hdt-Dsl,530330262001,-122.24241202234643,47.46472170922474,530330262001.0,hdt_D_Diesel,b2b--c61-26854
8349,7366789-6-mdv,b2b-8349,ft-546,ft-mdv-Gas,530330208002,-122.35304688942156,47.7571056583529,530330208002.0,mdv_G_Gasoline,b2b--c61-26921
8354,7361458-15-mdv,b2b-8354,ft-14e0b,ft-mdv-Gas,530330324011,-121.98736709427631,47.73413108992005,530330324011.0,mdv_G_Gasoline,b2b--c61-26926
8356,6407481-3-hdt,b2b-8356,ft-713e2,ft-hdt-Dsl,530610509003,-122.34079715664308,47.77858204747406,530610509003.0,hdt_D_Diesel,b2b--c61-26932
8365,6344545-3-hdt,b2b-8365,ft-0b436,ft-hdv-Dsl,530330219061,-122.1582740891711,47.74138412745663,530330219061.0,hdv_D_Diesel,b2b--c61-26958
8367,6356427-3-hdt,b2b-8367,ft-2b240,ft-hdt-Dsl,530330113001,-122.33670317991448,47.534523395916054,530330113001.0,hdt_D_Diesel,b2b--c61-26960
8370,6342379-4-hdt,b2b-8370,ft-aafac,ft-hdt-Dsl,530330319082,-122.14942214651789,47.445006856157406,530330319082.0,hdt_D_Diesel,b2b--c61-26965
8400,6367734-2-hdt,b2b-8400,ft-da434,ft-hdt-Dsl,530330093003,-122.32601381377228,47.571138483401306,530330093003.0,hdt_D_Diesel,b2b--c61-27021
8407,7361108-27-mdv,b2b-8407,ft-3f0b0,ft-mdv-Dsl,530330237001,-122.16721631684192,47.62586460308248,530330237001.0,mdv_D_Diesel,b2b--c61-27043
8416,8395057-3-hdt,b2b-8416,ft-6cf03,ft-hdv-Dsl,530330262001,-122.24852730189083,47.4477634184965,530330262001.0,hdv_D_Diesel,b2b--c61-27062
8429,6410220-6-hdt,b2b-8429,ft-13004,ft-hdt-Dsl,530610510001,-122.32447512978842,47.80302080491076,530610510001.0,hdt_D_Diesel,b2b--c61-27089
8438,6354228-3-hdt,b2b-8438,ft-14502,ft-hdt-Dsl,530330112001,-122.32728185664078,47.529481450237164,530330112001.0,hdt_D_Diesel,b2b--c61-27105
8448,7361344-26-hdt,b2b-8448,ft-cc17b,ft-hdt-Dsl,530330219054,-122.17529352830351,47.734591039495925,530330219054.0,hdt_D_Diesel,b2b--c61-27147
8453,6339711-1-hdt,b2b-8453,ft-9bfb0,ft-hdt-Dsl,530330323132,-122.08554502141588,47.67602621834405,530330323132.0,hdt_D_Diesel,b2b--c61-27157
8460,7364918-16-hdt,b2b-8460,ft-988,ft-hdt-Dsl,530330112001,-122.32094222317475,47.52248634453613,530330112001.0,hdt_D_Diesel,b2b--c61-27176
8470,6329571-2-hdt,b2b-8470,ft-b610c,ft-hdv-Dsl,530330322083,-122.0382076426311,47.545351631417866,530330322083.0,hdv_D_Diesel,b2b--c61-27201
8480,6327707-3-hdt,b2b-8480,ft-1b4da,ft-hdv-Dsl,530330322102,-122.00051998133166,47.54759196047208,530330322102.0,hdv_D_Diesel,b2b--c61-27221
8483,6341894-4-hdt,b2b-8483,ft-00bbf,ft-hdt-Dsl,530330262001,-122.21710082113418,47.45559363052543,530330262001.0,hdt_D_Diesel,b2b--c61-27230
8485,6356265-2-hdt,b2b-8485,ft-b4f78,ft-hdt-Dsl,530330093003,-122.32263951829601,47.56383079370794,530330093003.0,hdt_D_Diesel,b2b--c61-27233
8489,6367486-4-hdt,b2b-8489,ft-01acb,ft-hdt-Dsl,530330099004,-122.35492620264223,47.576434846813925,530330099004.0,hdt_D_Diesel,b2b--c61-27242
8493,8395057-15-mdv,b2b-8493,ft-50f7b,ft-mdv-Dsl,530330262001,-122.24852730189083,47.4477634184965,530330262001.0,mdv_D_Diesel,b2b--c61-27254
8505,6370064-1-hdt,b2b-8505,ft-682bc,ft-hdt-Dsl,530330204013,-122.30803964338772,47.764129860788856,530330204013.0,hdt_D_Diesel,b2b--c61-27279
8517,7365022-16-hdt,b2b-8517,ft-eb425,ft-hdt-Dsl,530330109001,-122.31486323772381,47.53426362053083,530330109001.0,hdt_D_Diesel,b2b--c61-27299
8520,6342009-3-hdt,b2b-8520,ft-275ea,ft-hdt-Dsl,530330256011,-122.16261139281168,47.48859107449879,530330256011.0,hdt_D_Diesel,b2b--c61-27305
8532,6378737-1-hdt,b2b-8532,ft-d14a8,ft-hdt-Dsl,530350918001,-122.62865993141635,47.617091047545046,530350918001.0,hdt_D_Diesel,b2b--c61-27331
8540,6354229-2-hdt,b2b-8540,ft-b9dc0,ft-hdt-Dsl,530330099004,-122.34589742884121,47.57128400022624,530330099004.0,hdt_D_Diesel,b2b--c61-27348
8551,7364918-20-mdv,b2b-8551,ft-2ab05,ft-mdv-Gas,530330112001,-122.32094222317475,47.52248634453613,530330112001.0,mdv_G_Gasoline,b2b--c61-27372
8559,6341628-1-hdt,b2b-8559,ft-a895b,ft-hdt-Dsl,530330262001,-122.24817868532816,47.44779306266004,530330262001.0,hdt_D_Diesel,b2b--c61-27394
8583,6334156-4-hdt,b2b-8583,ft-4d63c,ft-hdt-Dsl,530330219041,-122.15881986546636,47.71510582845816,530330219041.0,hdt_D_Diesel,b2b--c61-27445
8596,7362972-21-hdt,b2b-8596,ft-8d84f,ft-hdt-Dsl,530330323133,-122.0937881884041,47.674054261571776,530330323133.0,hdt_D_Diesel,b2b--c61-27469
8598,6372580-2-hdt,b2b-8598,ft-e72ad,ft-hdt-Dsl,530330284024,-122.3260086563948,47.44126763015431,530330284024.0,hdt_D_Diesel,b2b--c61-27470
8600,7362972-26-hdt,b2b-8600,ft-105a6,ft-hdt-Dsl,530330323133,-122.0937881884041,47.674054261571776,530330323133.0,hdt_D_Diesel,b2b--c61-27478
8601,7362972-26-hdt,b2b-8601,ft-b609d,ft-hdt-Dsl,530330323133,-122.0937881884041,47.674054261571776,530330323133.0,hdt_D_Diesel,b2b--c61-27477
8602,6369281-1-hdt,b2b-8602,ft-8f99e,ft-hdt-Dsl,530330284024,-122.32205675998875,47.44153151233887,530330284024.0,hdt_D_Diesel,b2b--c61-27479
8605,6361131-3-hdt,b2b-8605,ft-9b9e9,ft-hdt-Dsl,530330017021,-122.35566819623313,47.70426957906544,530330017021.0,hdt_D_Diesel,b2b--c61-27485
8618,7363267-6-hdt,b2b-8618,ft-c2522,ft-hdt-Dsl,530330262001,-122.25267350475208,47.44866998816283,530330262001.0,hdt_D_Diesel,b2b--c61-27502
8621,6369405-2-hdt,b2b-8621,ft-13eda,ft-hdt-Dsl,530330284024,-122.3274907313327,47.44230139193129,530330284024.0,hdt_D_Diesel,b2b--c61-27507
8629,7366429-25-mdv,b2b-8629,ft-e7274,ft-mdv-Dsl,530330093003,-122.34204282855166,47.569492954037656,530330093003.0,mdv_D_Diesel,b2b--c61-27520
8638,6415759-7-hdt,b2b-8638,ft-7af54,ft-hdt-Dsl,530610536042,-121.96428467899612,48.08400919630509,530610536042.0,hdt_D_Diesel,b2b--c61-27538
8666,6367461-2-hdt,b2b-8666,ft-a339f,ft-hdt-Dsl,530330093003,-122.32138800418198,47.581422467373216,530330093003.0,hdt_D_Diesel,b2b--c61-27582
8689,6355271-3-hdt,b2b-8689,ft-55652,ft-hdt-Dsl,530330032003,-122.39365965198525,47.66885076397285,530330032003.0,hdt_D_Diesel,b2b--c61-27614
8695,6368899-4-hdt,b2b-8695,ft-4bd1c,ft-hdt-Dsl,530330268013,-122.35379453349886,47.50966930765248,530330268013.0,hdt_D_Diesel,b2b--c61-27621
8700,6323920-3-hdt,b2b-8700,ft-734e8,ft-hdv-Dsl,530330250013,-122.17474526691964,47.54066833719145,530330250013.0,hdv_D_Diesel,b2b--c61-27628
8708,6322264-2-hdt,b2b-8708,ft-9a73f,ft-hdt-Dsl,530330238011,-122.18852110347628,47.60933841498791,530330238011.0,hdt_D_Diesel,b2b--c61-27637
8713,7363266-10-mdv,b2b-8713,ft-70950,ft-mdv-Dsl,530330262001,-122.24951352808789,47.45251126303244,530330262001.0,mdv_D_Diesel,b2b--c61-27644
8720,6337626-1-hdt,b2b-8720,ft-e50dc,ft-hdt-Dsl,530330080013,-122.35759858213602,47.6180331651649,530330080013.0,hdt_D_Diesel,b2b--c61-27658
8738,6362445-1-hdt,b2b-8738,ft-8165f,ft-hdt-Dsl,530330071001,-122.37058192595556,47.6281852008401,530330071001.0,hdt_D_Diesel,b2b--c61-27702
8750,939737-4-hdt,b2b-8750,ft-382ea,ft-hdt-Dsl,530530732004,-122.26381973027048,46.91888857212184,20012.0,hdt_D_Diesel,b2b--c61-27714
8751,962364-2-hdt,b2b-8751,ft-155f5,ft-hdv-Dsl,530530732004,-122.26381973027048,46.91888857212184,20012.0,hdv_D_Diesel,b2b--c61-27715
8752,930419-5-hdt,b2b-8752,ft-d2664,ft-hdt-Dsl,530530732004,-122.26381973027048,46.91888857212184,20012.0,hdt_D_Diesel,b2b--c61-27716
8755,1032347-2-hdt,b2b-8755,ft-7cb65,ft-hdt-Dsl,530530732004,-122.26381973027048,46.91888857212184,20012.0,hdt_D_Diesel,b2b--c61-27719
8757,6727112-4-mdv,b2b-8757,ft-4c769,ft-mdv-Dsl,530530732004,-122.26381973027048,46.91888857212184,20012.0,mdv_D_Diesel,b2b--c61-27721
8761,924292-4-hdt,b2b-8761,ft-d601c,ft-hdt-Dsl,530530732004,-122.26381973027048,46.91888857212184,20012.0,hdt_D_Diesel,b2b--c61-27725
8777,321591-1-hdt,b2b-8777,ft-8cc76,ft-hdt-Dsl,530530732004,-122.26381973027048,46.91888857212184,20012.0,hdt_D_Diesel,b2b--c61-27743
8779,1040766-1-hdt,b2b-8779,ft-b6c88,ft-hdv-Dsl,530530732004,-122.26381973027048,46.91888857212184,20012.0,hdv_D_Diesel,b2b--c61-27745
8791,1017669-2-hdt,b2b-8791,ft-93618,ft-hdt-Dsl,530530732004,-122.26381973027048,46.91888857212184,20012.0,hdt_D_Diesel,b2b--c61-27758
8805,300676-1-hdt,b2b-8805,ft-1154f,ft-hdt-Dsl,530530732004,-122.26381973027048,46.91888857212184,20012.0,hdt_D_Diesel,b2b--c61-27773
8809,296918-4-hdt,b2b-8809,ft-2800a,ft-hdt-Dsl,530530732004,-122.26381973027048,46.91888857212184,20012.0,hdt_D_Diesel,b2b--c61-27777
8815,932700-1-hdt,b2b-8815,ft-c88e6,ft-hdt-Dsl,530530732004,-122.26381973027048,46.91888857212184,20012.0,hdt_D_Diesel,b2b--c61-27783
8818,294771-1-hdt,b2b-8818,ft-8cf93,ft-hdv-Dsl,530530732004,-122.26381973027048,46.91888857212184,20012.0,hdv_D_Diesel,b2b--c61-27786
8829,312632-3-hdt,b2b-8829,ft-8aaa6,ft-hdt-Dsl,530530732004,-122.26381973027048,46.91888857212184,20012.0,hdt_D_Diesel,b2b--c61-27799
8834,8307076-5-mdv,b2b-8834,ft-30b3d,ft-mdv-Dsl,530530732004,-122.26381973027048,46.91888857212184,20012.0,mdv_D_Diesel,b2b--c61-27806
8849,937569-3-hdt,b2b-8849,ft-aadbd,ft-hdv-Dsl,530530732004,-122.26381973027048,46.91888857212184,20012.0,hdv_D_Diesel,b2b--c61-27823
8856,949493-1-hdt,b2b-8856,ft-d31c2,ft-hdv-Dsl,530530732004,-122.26381973027048,46.91888857212184,20012.0,hdv_D_Diesel,b2b--c61-27831
8866,323028-1-hdt,b2b-8866,ft-af302,ft-hdv-Dsl,530530732004,-122.26381973027048,46.91888857212184,20012.0,hdv_D_Diesel,b2b--c61-27841
8868,303570-1-hdt,b2b-8868,ft-32e63,ft-hdt-Dsl,530530732004,-122.26381973027048,46.91888857212184,20012.0,hdt_D_Diesel,b2b--c61-27844
8872,310570-7-hdt,b2b-8872,ft-44590,ft-hdv-Dsl,530530732004,-122.26381973027048,46.91888857212184,20012.0,hdv_D_Diesel,b2b--c61-27848
8875,1021105-2-hdt,b2b-8875,ft-ed8dc,ft-hdt-Dsl,530530732004,-122.26381973027048,46.91888857212184,20012.0,hdt_D_Diesel,b2b--c61-27852
8880,934832-4-hdt,b2b-8880,ft-1fbfd,ft-hdt-Dsl,530530732004,-122.26381973027048,46.91888857212184,20012.0,hdt_D_Diesel,b2b--c61-27858
8881,6657310-2-mdv,b2b-8881,ft-0af2b,ft-mdv-Gas,530530732004,-122.26381973027048,46.91888857212184,20012.0,mdv_G_Gasoline,b2b--c61-27859
8884,6733323-6-hdt,b2b-8884,ft-8d320,ft-hdt-Dsl,530530732004,-122.26381973027048,46.91888857212184,20012.0,hdt_D_Diesel,b2b--c61-27863
8895,346254-4-hdt,b2b-8895,ft-61aaa,ft-hdt-Dsl,530530732004,-122.26381973027048,46.91888857212184,20012.0,hdt_D_Diesel,b2b--c61-27875
8901,312635-1-hdt,b2b-8901,ft-74568,ft-hdt-Dsl,530530732004,-122.26381973027048,46.91888857212184,20012.0,hdt_D_Diesel,b2b--c61-27881
8905,929132-3-hdt,b2b-8905,ft-d2765,ft-hdt-Dsl,530530732004,-122.26381973027048,46.91888857212184,20012.0,hdt_D_Diesel,b2b--c61-27885
8920,315825-2-hdt,b2b-8920,ft-b9fd6,ft-hdv-Dsl,530530732004,-122.26381973027048,46.91888857212184,20012.0,hdv_D_Diesel,b2b--c61-27911
8922,1008061-4-hdt,b2b-8922,ft-88e7e,ft-hdt-Dsl,530530732004,-122.26381973027048,46.91888857212184,20012.0,hdt_D_Diesel,b2b--c61-27913
8960,1002417-3-hdt,b2b-8960,ft-fa88d,ft-hdt-Dsl,530530732004,-122.26381973027048,46.91888857212184,20012.0,hdt_D_Diesel,b2b--c61-27955
8975,6734315-20-mdv,b2b-8975,ft-4f714,ft-mdv-Dsl,530530732004,-122.26381973027048,46.91888857212184,20012.0,mdv_D_Diesel,b2b--c61-27974
8989,1000813-1-hdt,b2b-8989,ft-e6bc0,ft-hdt-Dsl,530530732004,-122.26381973027048,46.91888857212184,20012.0,hdt_D_Diesel,b2b--c61-27989
9004,6689534-1-hdt,b2b-9004,ft-fdbf6,ft-hdv-Dsl,530530732004,-122.26381973027048,46.91888857212184,20012.0,hdv_D_Diesel,b2b--c61-28005
9010,988936-5-hdt,b2b-9010,ft-833d2,ft-hdv-Dsl,530530732004,-122.26381973027048,46.91888857212184,20012.0,hdv_D_Diesel,b2b--c61-28011
9028,305931-6-hdt,b2b-9028,ft-eaf20,ft-hdt-Dsl,530530732004,-122.26381973027048,46.91888857212184,20012.0,hdt_D_Diesel,b2b--c61-28032
9048,323661-3-hdt,b2b-9048,ft-d0e66,ft-hdt-Dsl,530530732004,-122.26381973027048,46.91888857212184,20012.0,hdt_D_Diesel,b2b--c61-28053
9056,997172-2-hdt,b2b-9056,ft-4b3c5,ft-hdt-Dsl,530530732004,-122.26381973027048,46.91888857212184,20012.0,hdt_D_Diesel,b2b--c61-28061
9060,353463-1-hdt,b2b-9060,ft-9adf9,ft-hdt-Dsl,530530732004,-122.26381973027048,46.91888857212184,20012.0,hdt_D_Diesel,b2b--c61-28065
9066,8308374-10-mdv,b2b-9066,ft-b9efc,ft-mdv-Gas,530530732004,-122.26381973027048,46.91888857212184,20012.0,mdv_G_Gasoline,b2b--c61-28072
9070,1017669-4-hdt,b2b-9070,ft-a8e55,ft-hdv-Dsl,530530732004,-122.26381973027048,46.91888857212184,20012.0,hdv_D_Diesel,b2b--c61-28076
9081,313310-5-hdt,b2b-9081,ft-60ad5,ft-hdv-Dsl,530530732004,-122.26381973027048,46.91888857212184,20012.0,hdv_D_Diesel,b2b--c61-28087
9085,343596-1-hdt,b2b-9085,ft-f13b7,ft-hdt-Dsl,530530732004,-122.26381973027048,46.91888857212184,20012.0,hdt_D_Diesel,b2b--c61-28091
9100,978449-1-hdt,b2b-9100,ft-cd89b,ft-hdt-Dsl,530530732004,-122.26381973027048,46.91888857212184,20012.0,hdt_D_Diesel,b2b--c61-28106
9137,6734871-10-mdv,b2b-9137,ft-21534,ft-mdv-Gas,530530732004,-122.26381973027048,46.91888857212184,20012.0,mdv_G_Gasoline,b2b--c61-28143
9144,961088-2-hdt,b2b-9144,ft-29b3a,ft-hdt-Dsl,530530732004,-122.26381973027048,46.91888857212184,20012.0,hdt_D_Diesel,b2b--c61-28150
9145,6728239-4-mdv,b2b-9145,ft-c20c9,ft-mdv-Dsl,530530732004,-122.26381973027048,46.91888857212184,20012.0,mdv_D_Diesel,b2b--c61-28151
9150,313307-3-hdt,b2b-9150,ft-0ab4c,ft-hdt-Dsl,530530732004,-122.26381973027048,46.91888857212184,20012.0,hdt_D_Diesel,b2b--c61-28156
9153,937698-1-hdt,b2b-9153,ft-61d85,ft-hdt-Dsl,530530732004,-122.26381973027048,46.91888857212184,20012.0,hdt_D_Diesel,b2b--c61-28159
9165,1028588-6-hdt,b2b-9165,ft-75497,ft-hdv-Dsl,530530732004,-122.26381973027048,46.91888857212184,20012.0,hdv_D_Diesel,b2b--c61-28171
9172,308802-1-hdt,b2b-9172,ft-33fa5,ft-hdt-Dsl,530530732004,-122.26381973027048,46.91888857212184,20012.0,hdt_D_Diesel,b2b--c61-28179
9173,301724-3-hdt,b2b-9173,ft-0f6a7,ft-hdt-Dsl,530530732004,-122.26381973027048,46.91888857212184,20012.0,hdt_D_Diesel,b2b--c61-28180
9191,308802-3-hdt,b2b-9191,ft-7300,ft-hdt-Dsl,530530732004,-122.26381973027048,46.91888857212184,20012.0,hdt_D_Diesel,b2b--c61-28198
9202,8307127-15-mdv,b2b-9202,ft-adf60,ft-mdv-Gas,530530732004,-122.26381973027048,46.91888857212184,20012.0,mdv_G_Gasoline,b2b--c61-28209
9205,993225-3-hdt,b2b-9205,ft-342ff,ft-hdt-Dsl,530530732004,-122.26381973027048,46.91888857212184,20012.0,hdt_D_Diesel,b2b--c61-28212
9212,938687-1-hdt,b2b-9212,ft-15b4d,ft-hdv-Dsl,530530732004,-122.26381973027048,46.91888857212184,20012.0,hdv_D_Diesel,b2b--c61-28219
9239,8299712-1-hdt,b2b-9239,ft-4c241,ft-hdt-Dsl,530530701001,-121.5437370927352,47.12072649438632,20009.0,hdt_D_Diesel,b2b--c61-28246
9252,8299712-1-hdt,b2b-9252,ft-8cf9d,ft-hdt-Dsl,530530701001,-121.5437370927352,47.12072649438632,20009.0,hdt_D_Diesel,b2b--c61-28261
9265,8299712-1-hdt,b2b-9265,ft-0910c,ft-hdt-Dsl,530530701001,-121.5437370927352,47.12072649438632,20009.0,hdt_D_Diesel,b2b--c61-28334
9317,6713095-3-hdt,b2b-9317,ft-2e74e,ft-hdt-Dsl,530530701001,-121.5437370927352,47.12072649438632,20009.0,hdt_D_Diesel,b2b--c61-28446
9319,6713095-3-hdt,b2b-9319,ft-d3fc4,ft-hdt-Dsl,530530701001,-121.5437370927352,47.12072649438632,20009.0,hdt_D_Diesel,b2b--c61-28448
9324,6713095-3-hdt,b2b-9324,ft-be088,ft-hdt-Dsl,530530701001,-121.5437370927352,47.12072649438632,20009.0,hdt_D_Diesel,b2b--c61-28453
9331,8300337-5-mdv,b2b-9331,ft-eb33d,ft-mdv-Dsl,530530701001,-121.5437370927352,47.12072649438632,20009.0,mdv_D_Diesel,b2b--c61-28492
9341,6864913-6-hdt,b2b-9341,ft-ecae0,ft-hdt-Dsl,530610537001,-121.31300181346782,48.04698207479564,20034.0,hdt_D_Diesel,b2b--c61-28512
9342,6864913-6-hdt,b2b-9342,ft-ffa2f,ft-hdt-Dsl,530610537001,-121.31300181346782,48.04698207479564,20034.0,hdt_D_Diesel,b2b--c61-28513
9366,6864913-6-hdt,b2b-9366,ft-2d465,ft-hdt-Dsl,530610537001,-121.31300181346782,48.04698207479564,20034.0,hdt_D_Diesel,b2b--c61-28583
9382,8394327-3-hdt,b2b-9382,ft-d1266,ft-hdt-Dsl,530330292061,-122.24406567327773,47.40621658580291,530330292061.0,hdt_D_Diesel,b2b--c61-28724
9400,7369829-15-mdv,b2b-9400,ft-974ab,ft-mdv-Dsl,530610533023,-122.32486196328234,48.28871117633043,530579516003.0,mdv_D_Diesel,b2b--c61-28754
9410,7371556-20-mdv,b2b-9410,ft-8d769,ft-mdv-Dsl,530610533012,-122.33344015201193,48.26864231894757,530610533012.0,mdv_D_Diesel,b2b--c61-28764
9449,7374158-2-hdv,b2b-9449,ft-20cc5,ft-hdv-Dsl,530610533014,-122.37093627404924,48.2483017317002,530730104012.0,hdv_D_Diesel,b2b--c61-28888
9453,7374250-2-hdv,b2b-9453,ft-75a80,ft-hdv-Dsl,530610533021,-122.23684520936622,48.26553620314338,530730102001.0,hdv_D_Diesel,b2b--c61-28898
9463,7333545-14-hdv,b2b-9463,ft-9d207,ft-hdv-Dsl,530530701001,-121.5437370927352,47.12072649438632,20118.0,hdv_D_Diesel,b2b--c61-28915
9469,8395898-6-ld3,b2b-9469,ft-16a4a,ft-ld3-Gas,530530728001,-122.64899673245617,47.0992006395685,530670122222.0,ld3_G_Gasoline,b2b--c61-28927
9481,4991858-1-hdt,b2b-9481,ft-e85bf,ft-hdt-Dsl,530530701001,-121.5437370927352,47.12072649438632,20095.0,hdt_D_Diesel,b2b--c61-28944
9485,8370792-11-ld3,b2b-9485,ft-a7f4f,ft-ld3-Dsl,530530732003,-122.23706641279225,46.78408365659002,410430306003.0,ld3_D_Diesel,b2b--c61-28980
9492,8370792-11-ld3,b2b-9492,ft-0b0a0,ft-ld3-Dsl,530530732003,-122.23706641279225,46.78408365659002,410430306003.0,ld3_D_Diesel,b2b--c61-28956
9493,8370792-11-ld3,b2b-9493,ft-6a393,ft-ld3-Dsl,530530732003,-122.23706641279225,46.78408365659002,410430306003.0,ld3_D_Diesel,b2b--c61-28957
9498,8394328-19-ld3,b2b-9498,ft-b9a97,ft-ld3-Gas,530330292061,-122.2384320753271,47.40669474169384,530330292061.0,ld3_G_Gasoline,b2b--c61-28985
9504,6447158-53-hdt,b2b-9504,ft-3be0b,ft-hdt-Dsl,530330315021,-121.36938446587672,47.147855247348815,530770017021.0,hdt_D_Diesel,b2b--c61-28994
9515,8371134-2-hdv,b2b-9515,ft-6ab44,ft-hdv-Dsl,530530732003,-122.23706641279225,46.78408365659002,410510072021.0,hdv_D_Diesel,b2b--c61-29015
9516,7192092-33-hdt,b2b-9516,ft-7ebf0,ft-hdt-Dsl,530530732003,-122.23706641279225,46.78408365659002,410510011011.0,hdt_D_Diesel,b2b--c61-29016
9517,8394801-7-hdv,b2b-9517,ft-66850,ft-hdv-Dsl,530330112001,-122.33227885206496,47.53199660801611,530330112001.0,hdv_D_Diesel,b2b--c61-29019
9522,7370943-2-hdv,b2b-9522,ft-6742d,ft-hdv-Dsl,530610419032,-122.26992885979202,47.92022100789097,530610419032.0,hdv_D_Diesel,b2b--c61-29029
9524,7367751-7-hdv,b2b-9524,ft-3498d,ft-hdv-Dsl,530530729061,-122.5544249277511,47.049137874735855,530419714002.0,hdv_D_Diesel,b2b--c61-29032
9528,7359835-17-hdv,b2b-9528,ft-f4f27,ft-hdv-Dsl,530330328003,-121.10644086665883,47.709472706427675,530250110002.0,hdv_D_Diesel,b2b--c61-29038
9531,6415384-1-hdt,b2b-9531,ft-d8144,ft-hdt-Dsl,530610535091,-122.16723032705775,48.166945515336074,530610535091.0,hdt_D_Diesel,b2b--c61-29039
9542,7374249-32-hdv,b2b-9542,ft-e4c86,ft-hdv-Dsl,530610533021,-122.23684520936622,48.26553620314338,530730102001.0,hdv_D_Diesel,b2b--c61-29066
9545,7374250-42-hdv,b2b-9545,ft-c70cd,ft-hdv-Dsl,530610533021,-122.23684520936622,48.26553620314338,530730102001.0,hdv_D_Diesel,b2b--c61-29074
9551,7374249-7-hdv,b2b-9551,ft-2ae33,ft-hdv-Dsl,530610533021,-122.23684520936622,48.26553620314338,530730102001.0,hdv_D_Diesel,b2b--c61-29082
9560,7367751-24-ld3,b2b-9560,ft-85e8c,ft-ld3-Gas,530530729061,-122.5544249277511,47.049137874735855,530419714002.0,ld3_G_Gasoline,b2b--c61-29094
9570,6415382-2-hdt,b2b-9570,ft-81106,ft-hdt-Dsl,530610535091,-122.1508560805128,48.154369375524475,530610535091.0,hdt_D_Diesel,b2b--c61-29107
9574,7186534-29-hdt,b2b-9574,ft-7f06d,ft-hdt-Dsl,530530732003,-122.23706641279225,46.78408365659002,410050215002.0,hdt_D_Diesel,b2b--c61-29112
9586,7186422-48-mdv,b2b-9586,ft-6fbf0,ft-mdv-Dsl,530530732003,-122.23706641279225,46.78408365659002,410050215002.0,mdv_D_Diesel,b2b--c61-29128
9593,7362108-8-ld1,b2b-9593,ft-d6a9a,ft-ld1-Gas,530330292061,-122.2440259259565,47.43149463538121,530330292061.0,ld1_G_Gasoline,b2b--c61-29137
9597,7362110-8-ld1,b2b-9597,ft-76eef,ft-ld1-Gas,530330292061,-122.22102860852105,47.40629326703451,530330292061.0,ld1_G_Gasoline,b2b--c61-29144
9602,7361805-11-ld1,b2b-9602,ft-72243,ft-ld1-Gas,530330292061,-122.2491015192197,47.42979333775661,530330292061.0,ld1_G_Gasoline,b2b--c61-29154
9603,7362512-13-ld1,b2b-9603,ft-61b98,ft-ld1-Dsl,530330320111,-122.02258281211779,47.3687562148935,530330320111.0,ld1_D_Diesel,b2b--c61-29157
9607,7361995-28-ld1,b2b-9607,ft-99520,ft-ld1-Gas,530330292061,-122.23115652584403,47.42161729811453,530330292061.0,ld1_G_Gasoline,b2b--c61-29164
9614,7362512-8-ld1,b2b-9614,ft-e5414,ft-ld1-Gas,530330320111,-122.02258281211779,47.3687562148935,530330320111.0,ld1_G_Gasoline,b2b--c61-29179
9615,7366717-3-ld1,b2b-9615,ft-00c64,ft-ld1-Gas,530330262001,-122.22921061931757,47.47394127510094,530330262001.0,ld1_G_Gasoline,b2b--c61-29180
9629,7361949-8-ld1,b2b-9629,ft-a8575,ft-ld1-Gas,530330305011,-122.23227781412766,47.337008855767586,530330305011.0,ld1_G_Gasoline,b2b--c61-29204
9631,7361805-8-ld1,b2b-9631,ft-8f014,ft-ld1-Dsl,530330292061,-122.2491015192197,47.42979333775661,530330292061.0,ld1_D_Diesel,b2b--c61-29205
9641,7361891-3-ld1,b2b-9641,ft-5816a,ft-ld1-Gas,530330292061,-122.24476005979747,47.397552375178016,530330292061.0,ld1_G_Gasoline,b2b--c61-29217
9643,7361891-3-ld1,b2b-9643,ft-27fd9,ft-ld1-Gas,530330292061,-122.24476005979747,47.397552375178016,530330292061.0,ld1_G_Gasoline,b2b--c61-29224
9659,8409488-1-hdt,b2b-9659,ft-624f3,ft-hdt-Dsl,530530701001,-121.5437370927352,47.12072649438632,20009.0,hdt_D_Diesel,b2b--c61-29243
9660,8409488-1-hdt,b2b-9660,ft-cb9c3,ft-hdv-Dsl,530530701001,-121.5437370927352,47.12072649438632,20009.0,hdv_D_Diesel,b2b--c61-29244
9661,8409488-1-hdt,b2b-9661,ft-2b7bd,ft-hdv-Dsl,530530701001,-121.5437370927352,47.12072649438632,20009.0,hdv_D_Diesel,b2b--c61-29245
9680,8409488-1-hdt,b2b-9680,ft-5c435,ft-hdt-Dsl,530530701001,-121.5437370927352,47.12072649438632,20009.0,hdt_D_Diesel,b2b--c61-29342
9681,8409488-1-hdt,b2b-9681,ft-ccf95,ft-hdt-Dsl,530530701001,-121.5437370927352,47.12072649438632,20009.0,hdt_D_Diesel,b2b--c61-29343
9683,8409488-1-hdt,b2b-9683,ft-e1090,ft-hdt-Dsl,530530701001,-121.5437370927352,47.12072649438632,20009.0,hdt_D_Diesel,b2b--c61-29345
9694,8409488-1-hdt,b2b-9694,ft-f8e42,ft-hdt-Dsl,530530701001,-121.5437370927352,47.12072649438632,20009.0,hdt_D_Diesel,b2b--c61-29357
9713,8299080-7-ld1,b2b-9713,ft-c89d5,ft-ld1-Gas,530530701001,-121.5437370927352,47.12072649438632,20009.0,ld1_G_Gasoline,b2b--c61-29391
9729,6695319-8-ld1,b2b-9729,ft-f92c5,ft-ld1-Gas,530530701001,-121.5437370927352,47.12072649438632,20009.0,ld1_G_Gasoline,b2b--c61-29407
9735,8351010-38-ld1,b2b-9735,ft-3bb2c,ft-ld1-Gas,530530701001,-121.5437370927352,47.12072649438632,20071.0,ld1_G_Gasoline,b2b--c61-29414
9740,6419636-4-hdt,b2b-9740,ft-b5bec,ft-hdt-Dsl,530610533012,-122.3414739144738,48.25721847676793,530610533012.0,hdt_D_Diesel,b2b--c61-29427
9743,6727041-3-hdt,b2b-9743,ft-32498,ft-hdt-Dsl,530530732004,-122.26381973027048,46.91888857212184,20012.0,hdt_D_Diesel,b2b--c61-29432
9748,6655106-4-mdv,b2b-9748,ft-89268,ft-mdv-Gas,530530732004,-122.26381973027048,46.91888857212184,20012.0,mdv_G_Gasoline,b2b--c61-29442
9781,7371649-4-ld3,b2b-9781,ft-ab6d0,ft-ld3-Gas,530610537001,-121.31300181346782,48.04698207479564,530630103051.0,ld3_G_Gasoline,b2b--c61-29564
9785,7192967-18-ld1,b2b-9785,ft-63b54,ft-ld1-Dsl,530530732003,-122.23706641279225,46.78408365659002,410510043001.0,ld1_D_Diesel,b2b--c61-29569
9817,8413537-28-ld1,b2b-9817,ft-4c9fb,ft-ld1-Dsl,530530701001,-121.5437370927352,47.12072649438632,20071.0,ld1_D_Diesel,b2b--c61-29632
9818,8413537-28-ld1,b2b-9818,ft-1b08b,ft-ld1-Dsl,530530701001,-121.5437370927352,47.12072649438632,20071.0,ld1_D_Diesel,b2b--c61-29635
9821,8395285-4-ld1,b2b-9821,ft-576af,ft-ld1-Gas,530539400101,-122.30568983007865,47.212144412126825,530539400101.0,ld1_G_Gasoline,b2b--c61-29639
9903,8349135-5-hdt,b2b-9903,ft-20408,ft-hdt-Dsl,530610537001,-121.31300181346782,48.04698207479564,20066.0,hdt_D_Diesel,b2b--c61-29783
9931,8349135-5-hdt,b2b-9931,ft-453a1,ft-hdt-Dsl,530610537001,-121.31300181346782,48.04698207479564,20066.0,hdt_D_Diesel,b2b--c61-29811
9932,8349135-5-hdt,b2b-9932,ft-68349,ft-hdt-Dsl,530610537001,-121.31300181346782,48.04698207479564,20066.0,hdt_D_Diesel,b2b--c61-29812
9936,8349135-5-hdt,b2b-9936,ft-86894,ft-hdv-Dsl,530610537001,-121.31300181346782,48.04698207479564,20066.0,hdv_D_Diesel,b2b--c61-29816
9954,8349135-5-hdt,b2b-9954,ft-132bd,ft-hdv-Dsl,530610537001,-121.31300181346782,48.04698207479564,20066.0,hdv_D_Diesel,b2b--c61-29953
9958,8349135-5-hdt,b2b-9958,ft-57710,ft-hdt-Dsl,530610537001,-121.31300181346782,48.04698207479564,20066.0,hdt_D_Diesel,b2b--c61-29959
9964,8349135-5-hdt,b2b-9964,ft-ff00e,ft-hdt-Dsl,530610537001,-121.31300181346782,48.04698207479564,20066.0,hdt_D_Diesel,b2b--c61-29967
9968,8349135-5-hdt,b2b-9968,ft-66f98,ft-hdt-Dsl,530610537001,-121.31300181346782,48.04698207479564,20066.0,hdt_D_Diesel,b2b--c61-29971
9973,8349135-5-hdt,b2b-9973,ft-37e6d,ft-hdt-Dsl,530610537001,-121.31300181346782,48.04698207479564,20066.0,hdt_D_Diesel,b2b--c61-29977
9993,8347741-30-ld3,b2b-9993,ft-a8692,ft-ld3-Gas,530610537001,-121.31300181346782,48.04698207479564,20066.0,ld3_G_Gasoline,b2b--c61-30012
10000,8348299-8-ld1,b2b-10000,ft-13523,ft-ld1-Gas,530610537001,-121.31300181346782,48.04698207479564,20066.0,ld1_G_Gasoline,b2b--c61-30020
10004,7018162-18-ld1,b2b-10004,ft-117dd,ft-ld1-Dsl,530610537001,-121.31300181346782,48.04698207479564,20066.0,ld1_D_Diesel,b2b--c61-30025
10028,7019257-8-ld1,b2b-10028,ft-49725,ft-ld1-Gas,530610537001,-121.31300181346782,48.04698207479564,20066.0,ld1_G_Gasoline,b2b--c61-30053
10029,7022871-13-ld1,b2b-10029,ft-0e827,ft-ld1-Dsl,530610537001,-121.31300181346782,48.04698207479564,20066.0,ld1_D_Diesel,b2b--c61-30054
10058,7032717-29-ld3,b2b-10058,ft-5ad50,ft-ld3-Gas,530610537001,-121.31300181346782,48.04698207479564,20067.0,ld3_G_Gasoline,b2b--c61-30096
10061,7374212-6-hdt,b2b-10061,ft-f17fd,ft-hdt-Dsl,530610533014,-122.37093627404924,48.2483017317002,530730002003.0,hdt_D_Diesel,b2b--c61-30100
10093,6293773-27-hdt,b2b-10093,ft-313aa,ft-hdt-Dsl,530330328003,-121.10644086665883,47.709472706427675,530079610001.0,hdt_D_Diesel,b2b--c61-30160
10118,5006581-5-hdt,b2b-10118,ft-f71ea,ft-hdt-Dsl,530530732003,-122.23706641279225,46.78408365659002,410470023043.0,hdt_D_Diesel,b2b--c61-30204
10136,7192967-10-ld1,b2b-10136,ft-32ab7,ft-ld1-Gas,530530732003,-122.23706641279225,46.78408365659002,410510043001.0,ld1_G_Gasoline,b2b--c61-30238
10138,7193685-29-ld3,b2b-10138,ft-20494,ft-ld3-Dsl,530530732003,-122.23706641279225,46.78408365659002,410510073001.0,ld3_D_Diesel,b2b--c61-30240
10163,8349524-23-ld1,b2b-10163,ft-05c6e,ft-ld1-Gas,530610537001,-121.31300181346782,48.04698207479564,20067.0,ld1_G_Gasoline,b2b--c61-30280
10177,7031882-6-hdt,b2b-10177,ft-cbf28,ft-hdv-Dsl,530610537001,-121.31300181346782,48.04698207479564,20067.0,hdv_D_Diesel,b2b--c61-30305
10186,3599998-1-hdt,b2b-10186,ft-4c1a5,ft-hdt-Dsl,530610537001,-121.31300181346782,48.04698207479564,20067.0,hdt_D_Diesel,b2b--c61-30319
10214,8351010-11-hdt,b2b-10214,ft-2ec48,ft-hdv-Dsl,530530701001,-121.5437370927352,47.12072649438632,20071.0,hdv_D_Diesel,b2b--c61-30371
10218,8351010-11-hdt,b2b-10218,ft-51ddd,ft-hdt-Dsl,530530701001,-121.5437370927352,47.12072649438632,20071.0,hdt_D_Diesel,b2b--c61-30375
10227,8351010-11-hdt,b2b-10227,ft-52220,ft-hdt-Dsl,530530701001,-121.5437370927352,47.12072649438632,20071.0,hdt_D_Diesel,b2b--c61-30410
10234,8351010-11-hdt,b2b-10234,ft-a3d52,ft-hdt-Dsl,530530701001,-121.5437370927352,47.12072649438632,20071.0,hdt_D_Diesel,b2b--c61-30419
10248,8351010-8-ld1,b2b-10248,ft-00cd7,ft-ld1-Gas,530530701001,-121.5437370927352,47.12072649438632,20071.0,ld1_G_Gasoline,b2b--c61-30445
10278,8413537-13-ld1,b2b-10278,ft-6786e,ft-ld1-Gas,530530701001,-121.5437370927352,47.12072649438632,20071.0,ld1_G_Gasoline,b2b--c61-30497
10292,8371066-13-ld1,b2b-10292,ft-48cb6,ft-ld1-Dsl,530530732003,-122.23706641279225,46.78408365659002,410510073001.0,ld1_D_Diesel,b2b--c61-30520
10297,7369982-19-ld3,b2b-10297,ft-2710b,ft-ld3-Gas,530610533024,-122.33639511497468,48.27588885819264,530579526003.0,ld3_G_Gasoline,b2b--c61-30530
10301,7362109-8-ld1,b2b-10301,ft-53e02,ft-ld1-Dsl,530330292061,-122.24917211844225,47.42938235578714,530330292061.0,ld1_D_Diesel,b2b--c61-30535
10314,6726170-4-ld3,b2b-10314,ft-5493b,ft-ld3-Gas,530530732004,-122.26381973027048,46.91888857212184,20012.0,ld3_G_Gasoline,b2b--c61-30556
10345,8369913-18-mdv,b2b-10345,ft-0bee7,ft-mdv-Dsl,530330315021,-121.36938446587672,47.147855247348815,20092.0,mdv_D_Diesel,b2b--c61-30597
10352,7178800-23-ld1,b2b-10352,ft-49f87,ft-ld1-Gas,530330315021,-121.36938446587672,47.147855247348815,20094.0,ld1_G_Gasoline,b2b--c61-30604
10366,7361802-8-ld1,b2b-10366,ft-9ed4b,ft-ld1-Gas,530330292061,-122.25322050856488,47.41586647958096,530330292061.0,ld1_G_Gasoline,b2b--c61-30625
10371,7361744-23-ld1,b2b-10371,ft-1d077,ft-ld1-Gas,530330292061,-122.22528263501711,47.432243549317185,530330292061.0,ld1_G_Gasoline,b2b--c61-30634
10403,7371556-7-hdv,b2b-10403,ft-1ba9f,ft-hdv-Dsl,530610533012,-122.33344015201193,48.26864231894757,530610533012.0,hdv_D_Diesel,b2b--c61-30695
10415,7362108-2-ld1,b2b-10415,ft-bc243,ft-ld1-Gas,530330292061,-122.2440259259565,47.43149463538121,530330292061.0,ld1_G_Gasoline,b2b--c61-30730
10432,7364691-9-ld3,b2b-10432,ft-11564,ft-ld3-Dsl,530330112001,-122.33016952325477,47.52660254101656,530330112001.0,ld3_D_Diesel,b2b--c61-30755
10450,7361951-8-ld1,b2b-10450,ft-71eeb,ft-ld1-Dsl,530330292061,-122.22446575655314,47.419646524413956,530330292061.0,ld1_D_Diesel,b2b--c61-30799
10475,7366753-8-ld1,b2b-10475,ft-52f1d,ft-ld1-Gas,530330264005,-122.32943382695088,47.51835358889425,530330264005.0,ld1_G_Gasoline,b2b--c61-30892
10502,7369225-13-ld1,b2b-10502,ft-e1542,ft-ld1-Gas,530539400101,-122.32054845415173,47.212734084504994,530539400101.0,ld1_G_Gasoline,b2b--c61-30940
10508,6742442-3-ld1,b2b-10508,ft-0b295,ft-ld1-Gas,530530701001,-121.5437370927352,47.12072649438632,20009.0,ld1_G_Gasoline,b2b--c61-30946
10513,7366540-14-ld1,b2b-10513,ft-7099e,ft-ld1-Gas,530330284024,-122.29830417779355,47.44418725204615,530330284024.0,ld1_G_Gasoline,b2b--c61-30953
10518,779548-2-hdt,b2b-10518,ft-c67e3,ft-hdt-Dsl,530530732004,-122.26381973027048,46.91888857212184,20010.0,hdt_D_Diesel,b2b--c61-30962
10522,7361790-24-ld3,b2b-10522,ft-a1507,ft-ld3-Gas,530330292061,-122.24399044478618,47.433219893641684,530330292061.0,ld3_G_Gasoline,b2b--c61-30972
10553,8395795-21-ld1,b2b-10553,ft-66dd7,ft-ld1-Gas,530610537001,-121.31300181346782,48.04698207479564,530630114003.0,ld1_G_Gasoline,b2b--c61-31027
10567,7367308-9-ld3,b2b-10567,ft-72ec1,ft-ld3-Dsl,530350811002,-122.65365560350207,47.5622531720294,530350811002.0,ld3_D_Diesel,b2b--c61-31062
10583,7369067-18-ld1,b2b-10583,ft-fe225,ft-ld1-Gas,530530626001,-122.48308000394596,47.21890901912728,530530626001.0,ld1_G_Gasoline,b2b--c61-31089
10588,7361953-13-ld1,b2b-10588,ft-63ee3,ft-ld1-Dsl,530330292061,-122.22834520138616,47.42187038261192,530330292061.0,ld1_D_Diesel,b2b--c61-31097
10597,7361952-13-ld1,b2b-10597,ft-3d92f,ft-ld1-Gas,530330292061,-122.23872031603734,47.401902694751676,530330292061.0,ld1_G_Gasoline,b2b--c61-31107
10607,7361889-3-ld1,b2b-10607,ft-d0f93,ft-ld1-Gas,530330292061,-122.26168663979756,47.400176905935744,530330292061.0,ld1_G_Gasoline,b2b--c61-31120
10608,7361802-23-ld1,b2b-10608,ft-8dff3,ft-ld1-Gas,530330292061,-122.25322050856488,47.41586647958096,530330292061.0,ld1_G_Gasoline,b2b--c61-31123
10617,8394432-13-ld1,b2b-10617,ft-ba2c4,ft-ld1-Gas,530330288021,-122.29448221175943,47.42747273756918,530330288021.0,ld1_G_Gasoline,b2b--c61-31134
10619,8394432-13-ld1,b2b-10619,ft-3f62b,ft-ld1-Gas,530330288021,-122.29448221175943,47.42747273756918,530330288021.0,ld1_G_Gasoline,b2b--c61-31137
10624,8395286-10-ld1,b2b-10624,ft-eccf6,ft-ld1-Gas,530539400101,-122.30103292350968,47.20925891016092,530539400101.0,ld1_G_Gasoline,b2b--c61-31153
10625,8395286-10-ld1,b2b-10625,ft-a51b4,ft-ld1-Gas,530539400101,-122.30103292350968,47.20925891016092,530539400101.0,ld1_G_Gasoline,b2b--c61-31148
10666,7364691-19-ld3,b2b-10666,ft-e784f,ft-ld3-Dsl,530330112001,-122.33016952325477,47.52660254101656,530330112001.0,ld3_D_Diesel,b2b--c61-31227
10671,7367226-2-hdv,b2b-10671,ft-d69ea,ft-hdv-Dsl,530350918001,-122.62546186132576,47.606853288446295,530350918001.0,hdv_D_Diesel,b2b--c61-31232
10680,7369899-49-ld3,b2b-10680,ft-72bed,ft-ld3-Gas,530610533014,-122.37093627404924,48.2483017317002,530579521003.0,ld3_G_Gasoline,b2b--c61-31245
10681,7369899-49-ld3,b2b-10681,ft-2fc03,ft-ld3-Gas,530610533014,-122.37093627404924,48.2483017317002,530579521003.0,ld3_G_Gasoline,b2b--c61-31248
10687,8395473-7-ld3,b2b-10687,ft-038d1,ft-ld3-Gas,530610535061,-121.89999203508337,48.27272291141637,530579512001.0,ld3_G_Gasoline,b2b--c61-31256
10700,8395473-11-ld3,b2b-10700,ft-b0eef,ft-ld3-Dsl,530610535061,-121.89999203508337,48.27272291141637,530579512001.0,ld3_D_Diesel,b2b--c61-31283
10710,7373504-28-ld1,b2b-10710,ft-0c886,ft-ld1-Gas,530530729061,-122.5544249277511,47.049137874735855,530670126101.0,ld1_G_Gasoline,b2b--c61-31303
10730,8394327-14-ld1,b2b-10730,ft-26106,ft-ld1-Gas,530330292061,-122.24406567327773,47.40621658580291,530330292061.0,ld1_G_Gasoline,b2b--c61-31336
10736,8395285-8-ld1,b2b-10736,ft-1286d,ft-ld1-Gas,530539400101,-122.30568983007865,47.212144412126825,530539400101.0,ld1_G_Gasoline,b2b--c61-31341
10740,7360521-13-ld1,b2b-10740,ft-11e75,ft-ld1-Dsl,530330303132,-122.30670863132192,47.29631922682546,530330303132.0,ld1_D_Diesel,b2b--c61-31348
10762,7359558-21-hdt,b2b-10762,ft-b8f1f,ft-hdt-Dsl,530530732003,-122.23706641279225,46.78408365659002,530150015024.0,hdt_D_Diesel,b2b--c61-31383
10767,7187037-14-ld1,b2b-10767,ft-426d6,ft-ld1-Gas,530530732003,-122.23706641279225,46.78408365659002,410050227071.0,ld1_G_Gasoline,b2b--c61-31393
10797,7361744-58-ld1,b2b-10797,ft-02dca,ft-ld1-Gas,530330292061,-122.22528263501711,47.432243549317185,530330292061.0,ld1_G_Gasoline,b2b--c61-31439
10817,6725698-4-ld3,b2b-10817,ft-f34d7,ft-ld3-Dsl,530530732004,-122.26381973027048,46.91888857212184,20012.0,ld3_D_Diesel,b2b--c61-31471
10820,8297456-3-ld1,b2b-10820,ft-b4f27,ft-ld1-Dsl,530530732004,-122.26381973027048,46.91888857212184,20012.0,ld1_D_Diesel,b2b--c61-31474
10835,7362014-4-ld3,b2b-10835,ft-39589,ft-ld3-Gas,530330292061,-122.228106461071,47.41699927061486,530330292061.0,ld3_G_Gasoline,b2b--c61-31503
10839,6417848-4-hdt,b2b-10839,ft-7bac8,ft-hdt-Dsl,530610522032,-121.99019343370256,47.87086664203265,530610522032.0,hdt_D_Diesel,b2b--c61-31509
10840,7361951-3-ld1,b2b-10840,ft-bf348,ft-ld1-Gas,530330292061,-122.22446575655314,47.419646524413956,530330292061.0,ld1_G_Gasoline,b2b--c61-31512
10843,7361744-13-ld1,b2b-10843,ft-bec77,ft-ld1-Gas,530330292061,-122.22528263501711,47.432243549317185,530330292061.0,ld1_G_Gasoline,b2b--c61-31515
10859,8306647-2-hdv,b2b-10859,ft-99588,ft-hdv-Dsl,530530732004,-122.26381973027048,46.91888857212184,20012.0,hdv_D_Diesel,b2b--c61-31540
10860,6725767-8-ld1,b2b-10860,ft-6fe8d,ft-ld1-Dsl,530530732004,-122.26381973027048,46.91888857212184,20012.0,ld1_D_Diesel,b2b--c61-31541
10862,6659087-1-hdt,b2b-10862,ft-4a0fa,ft-hdt-Dsl,530530732004,-122.26381973027048,46.91888857212184,20012.0,hdt_D_Diesel,b2b--c61-31543
10872,6659449-13-ld1,b2b-10872,ft-2710d,ft-ld1-Dsl,530530732004,-122.26381973027048,46.91888857212184,20012.0,ld1_D_Diesel,b2b--c61-31558
10874,6726338-18-ld1,b2b-10874,ft-73330,ft-ld1-Gas,530530732004,-122.26381973027048,46.91888857212184,20012.0,ld1_G_Gasoline,b2b--c61-31560
10879,7362512-38-ld1,b2b-10879,ft-4af1f,ft-ld1-Gas,530330320111,-122.02258281211779,47.3687562148935,530330320111.0,ld1_G_Gasoline,b2b--c61-31566
10905,6744094-13-ld1,b2b-10905,ft-0a21b,ft-ld1-Dsl,530530732004,-122.26381973027048,46.91888857212184,20010.0,ld1_D_Diesel,b2b--c61-31604
10918,6660815-8-ld1,b2b-10918,ft-5eb3c,ft-ld1-Gas,530530732004,-122.26381973027048,46.91888857212184,20010.0,ld1_G_Gasoline,b2b--c61-31621
10919,1053556-1-hdt,b2b-10919,ft-af542,ft-hdt-Dsl,530530732004,-122.26381973027048,46.91888857212184,20010.0,hdt_D_Diesel,b2b--c61-31623
10922,7361730-8-ld1,b2b-10922,ft-469b0,ft-ld1-Dsl,530330292061,-122.24732272604084,47.38816117704638,530330292061.0,ld1_D_Diesel,b2b--c61-31628
10927,7190776-13-ld1,b2b-10927,ft-d29ae,ft-ld1-Gas,530530732003,-122.23706641279225,46.78408365659002,410430202001.0,ld1_G_Gasoline,b2b--c61-31634
10929,5000329-4-hdt,b2b-10929,ft-f2782,ft-hdt-Dsl,530530732003,-122.23706641279225,46.78408365659002,410430304022.0,hdt_D_Diesel,b2b--c61-31637
10938,7361790-3-ld1,b2b-10938,ft-4f4ba,ft-ld1-Gas,530330292061,-122.24399044478618,47.433219893641684,530330292061.0,ld1_G_Gasoline,b2b--c61-31647
10950,7330860-11-hdt,b2b-10950,ft-97c98,ft-hdt-Dsl,530530701001,-121.5437370927352,47.12072649438632,20118.0,hdt_D_Diesel,b2b--c61-31669
10957,7331092-5-hdt,b2b-10957,ft-11018,ft-hdv-Dsl,530530701001,-121.5437370927352,47.12072649438632,20118.0,hdv_D_Diesel,b2b--c61-31684
10962,7329593-17-hdt,b2b-10962,ft-9144e,ft-hdt-Dsl,530530701001,-121.5437370927352,47.12072649438632,20118.0,hdt_D_Diesel,b2b--c61-31699
10974,7372640-14-ld3,b2b-10974,ft-98fae,ft-ld3-Dsl,530610537001,-121.31300181346782,48.04698207479564,530630114003.0,ld3_D_Diesel,b2b--c61-31715
10981,7369899-36-hdt,b2b-10981,ft-1f0a3,ft-hdt-Dsl,530610533014,-122.37093627404924,48.2483017317002,530579521003.0,hdt_D_Diesel,b2b--c61-31723
10983,7369899-36-hdt,b2b-10983,ft-f1a56,ft-hdt-Dsl,530610533014,-122.37093627404924,48.2483017317002,530579521003.0,hdt_D_Diesel,b2b--c61-31730
10995,7373730-16-hdt,b2b-10995,ft-31273,ft-hdt-Dsl,530330315021,-121.36938446587672,47.147855247348815,530719202002.0,hdt_D_Diesel,b2b--c61-31765
10999,7373730-9-ld3,b2b-10999,ft-44aaf,ft-ld3-Gas,530330315021,-121.36938446587672,47.147855247348815,530719202002.0,ld3_G_Gasoline,b2b--c61-31772
11004,7193685-14-ld3,b2b-11004,ft-80e6a,ft-ld3-Gas,530530732003,-122.23706641279225,46.78408365659002,410510073001.0,ld3_G_Gasoline,b2b--c61-31780
11015,7373037-11-ld1,b2b-11015,ft-2bca7,ft-ld1-Gas,530610537001,-121.31300181346782,48.04698207479564,530659513003.0,ld1_G_Gasoline,b2b--c61-31803
11019,6404169-2-hdt,b2b-11019,ft-ce8cc,ft-hdt-Dsl,530610533024,-122.33639511497468,48.27588885819264,530579526003.0,hdt_D_Diesel,b2b--c61-31809
11039,5040688-1-hdt,b2b-11039,ft-2cbdd,ft-hdt-Dsl,530530732003,-122.23706641279225,46.78408365659002,410670320042.0,hdt_D_Diesel,b2b--c61-31844
11040,7195630-30-mdv,b2b-11040,ft-672cf,ft-mdv-Gas,530530732003,-122.23706641279225,46.78408365659002,410670321071.0,mdv_G_Gasoline,b2b--c61-31845
11056,7358854-9-ld3,b2b-11056,ft-5b2be,ft-ld3-Dsl,530530732003,-122.23706641279225,46.78408365659002,530110412031.0,ld3_D_Diesel,b2b--c61-31868
11062,8415294-11-ld1,b2b-11062,ft-cdba8,ft-ld1-Dsl,530530732003,-122.23706641279225,46.78408365659002,410470025021.0,ld1_D_Diesel,b2b--c61-31883
11088,7186422-51-mdv,b2b-11088,ft-66ea7,ft-mdv-Gas,530530732003,-122.23706641279225,46.78408365659002,410050215002.0,mdv_G_Gasoline,b2b--c61-31938
11094,7358798-27-hdv,b2b-11094,ft-c0675,ft-hdv-Dsl,530530732003,-122.23706641279225,46.78408365659002,530110412031.0,hdv_D_Diesel,b2b--c61-31946
11095,7187254-14-ld1,b2b-11095,ft-43dda,ft-ld1-Gas,530530732003,-122.23706641279225,46.78408365659002,410050209002.0,ld1_G_Gasoline,b2b--c61-31947
11112,7192982-11-ld1,b2b-11112,ft-2a916,ft-ld1-Gas,530530732003,-122.23706641279225,46.78408365659002,410510043001.0,ld1_G_Gasoline,b2b--c61-31966
11141,7373762-13-ld1,b2b-11141,ft-9e2cc,ft-ld1-Gas,530610534001,-122.174775998106,48.271850830473014,530730101005.0,ld1_G_Gasoline,b2b--c61-32005
11142,7373762-13-ld1,b2b-11142,ft-36019,ft-ld1-Gas,530610534001,-122.174775998106,48.271850830473014,530730101005.0,ld1_G_Gasoline,b2b--c61-32006
11165,8298331-4-ld1,b2b-11165,ft-9c402,ft-ld1-Gas,530530732004,-122.26381973027048,46.91888857212184,20014.0,ld1_G_Gasoline,b2b--c61-32042
11202,8395898-13-ld1,b2b-11202,ft-570b4,ft-ld1-Dsl,530530728001,-122.64899673245617,47.0992006395685,530670122222.0,ld1_D_Diesel,b2b--c61-32110
11203,8395898-13-ld1,b2b-11203,ft-7f0c1,ft-ld1-Dsl,530530728001,-122.64899673245617,47.0992006395685,530670122222.0,ld1_D_Diesel,b2b--c61-32111
11225,7369579-12-hdv,b2b-11225,ft-fcd96,ft-hdv-Dsl,530530718071,-122.49197255683097,47.17282095273845,530530718071.0,hdv_D_Diesel,b2b--c61-32160
11236,7358519-8-ld1,b2b-11236,ft-898c9,ft-ld1-Gas,530530732003,-122.23706641279225,46.78408365659002,530110403023.0,ld1_G_Gasoline,b2b--c61-32178
11244,7371136-5-mdv,b2b-11244,ft-42d4e,ft-mdv-Dsl,530610528031,-122.17827172209718,48.15232268583682,530610528031.0,mdv_D_Diesel,b2b--c61-32190
11248,6292973-3-hdt,b2b-11248,ft-707af,ft-hdt-Dsl,530330328003,-121.10644086665883,47.709472706427675,530079610001.0,hdt_D_Diesel,b2b--c61-32195
11256,7361951-4-ld3,b2b-11256,ft-1123b,ft-ld3-Dsl,530330292061,-122.22446575655314,47.419646524413956,530330292061.0,ld3_D_Diesel,b2b--c61-32207
11265,7361949-23-ld1,b2b-11265,ft-5264,ft-ld1-Gas,530330305011,-122.23227781412766,47.337008855767586,530330305011.0,ld1_G_Gasoline,b2b--c61-32220
11274,7361889-14-ld3,b2b-11274,ft-39c91,ft-ld3-Dsl,530330292061,-122.26168663979756,47.400176905935744,530330292061.0,ld3_D_Diesel,b2b--c61-32235
11289,7361995-9-ld3,b2b-11289,ft-ccfb2,ft-ld3-Dsl,530330292061,-122.23115652584403,47.42161729811453,530330292061.0,ld3_D_Diesel,b2b--c61-32253
11297,6446545-42-ld1,b2b-11297,ft-c2bc5,ft-ld1-Gas,530330315021,-121.36938446587672,47.147855247348815,530770001002.0,ld1_G_Gasoline,b2b--c61-32266
11312,7362512-9-ld3,b2b-11312,ft-307cf,ft-ld3-Dsl,530330320111,-122.02258281211779,47.3687562148935,530330320111.0,ld3_D_Diesel,b2b--c61-32286
11314,8395984-8-ld1,b2b-11314,ft-01bca,ft-ld1-Gas,530330315021,-121.36938446587672,47.147855247348815,530770016022.0,ld1_G_Gasoline,b2b--c61-32289
11317,8395898-9-ld1,b2b-11317,ft-bc023,ft-ld1-Gas,530530728001,-122.64899673245617,47.0992006395685,530670122222.0,ld1_G_Gasoline,b2b--c61-32294
11321,8395889-4-ld1,b2b-11321,ft-bc344,ft-ld1-Gas,530530726032,-122.77382693312865,47.188210163000925,530670110001.0,ld1_G_Gasoline,b2b--c61-32312
11322,7369842-11-hdt,b2b-11322,ft-5aa0c,ft-hdt-Dsl,530610533014,-122.37093627404924,48.2483017317002,530579519002.0,hdt_D_Diesel,b2b--c61-32321
11327,6736222-3-ld1,b2b-11327,ft-e5ca4,ft-ld1-Gas,530530732004,-122.26381973027048,46.91888857212184,20012.0,ld1_G_Gasoline,b2b--c61-32327
11330,936503-3-hdt,b2b-11330,ft-159ef,ft-hdt-Dsl,530530732004,-122.26381973027048,46.91888857212184,20012.0,hdt_D_Diesel,b2b--c61-32332
11335,8298009-4-ld3,b2b-11335,ft-e8a78,ft-ld3-Gas,530530732004,-122.26381973027048,46.91888857212184,20013.0,ld3_G_Gasoline,b2b--c61-32341
11349,7370943-10-mdv,b2b-11349,ft-51d1f,ft-mdv-Dsl,530610419032,-122.26992885979202,47.92022100789097,530610419032.0,mdv_D_Diesel,b2b--c61-32374
11354,7369175-4-ld3,b2b-11354,ft-48b99,ft-ld3-Dsl,530539400022,-122.38277270721338,47.24313470998042,530539400022.0,ld3_D_Diesel,b2b--c61-32383
11360,7370749-7-hdv,b2b-11360,ft-86df4,ft-hdv-Dsl,530610413042,-122.26281537034927,47.939353533114726,530610413042.0,hdv_D_Diesel,b2b--c61-32391
11366,7362972-22-hdv,b2b-11366,ft-0e9f9,ft-hdv-Dsl,530330323133,-122.0937881884041,47.674054261571776,530330323133.0,hdv_D_Diesel,b2b--c61-32399
11372,7194683-21-hdt,b2b-11372,ft-4bff4,ft-hdt-Dsl,530530732003,-122.23706641279225,46.78408365659002,410530203025.0,hdt_D_Diesel,b2b--c61-32406
11374,7367755-18-ld1,b2b-11374,ft-f87a4,ft-ld1-Gas,530530729061,-122.5544249277511,47.049137874735855,530419708004.0,ld1_G_Gasoline,b2b--c61-32409
11386,7369581-8-ld1,b2b-11386,ft-55e2b,ft-ld1-Gas,530530718071,-122.49233469468531,47.17252881714979,530530718071.0,ld1_G_Gasoline,b2b--c61-32425
11388,7369581-8-ld1,b2b-11388,ft-71573,ft-ld1-Gas,530530718071,-122.49233469468531,47.17252881714979,530530718071.0,ld1_G_Gasoline,b2b--c61-32433
11391,7366753-19-ld3,b2b-11391,ft-f667b,ft-ld3-Dsl,530330264005,-122.32943382695088,47.51835358889425,530330264005.0,ld3_D_Diesel,b2b--c61-32436
11393,7366717-9-ld3,b2b-11393,ft-a12c1,ft-ld3-Dsl,530330262001,-122.22921061931757,47.47394127510094,530330262001.0,ld3_D_Diesel,b2b--c61-32450
11416,7360299-33-ld1,b2b-11416,ft-cbe27,ft-ld1-Dsl,530330308013,-122.22881583323118,47.27823949337624,530330308013.0,ld1_D_Diesel,b2b--c61-32483
11419,7369145-13-ld1,b2b-11419,ft-91ea6,ft-ld1-Dsl,530539400022,-122.3969715048256,47.243236011784234,530539400022.0,ld1_D_Diesel,b2b--c61-32486
11435,7368534-3-ld1,b2b-11435,ft-a5ba0,ft-ld1-Gas,530539400101,-122.33639770242657,47.214816352560376,530539400101.0,ld1_G_Gasoline,b2b--c61-32509
11436,7369222-18-ld1,b2b-11436,ft-982af,ft-ld1-Gas,530539400101,-122.30417659281488,47.20442295434449,530539400101.0,ld1_G_Gasoline,b2b--c61-32510
11484,7374250-36-hdt,b2b-11484,ft-64091,ft-hdt-Dsl,530610533021,-122.23684520936622,48.26553620314338,530730102001.0,hdt_D_Diesel,b2b--c61-32611
11486,7374250-36-hdt,b2b-11486,ft-9be61,ft-hdt-Dsl,530610533021,-122.23684520936622,48.26553620314338,530730102001.0,hdt_D_Diesel,b2b--c61-32613
11496,7374274-3-ld1,b2b-11496,ft-374bb,ft-ld1-Gas,530610534001,-122.174775998106,48.271850830473014,530730102002.0,ld1_G_Gasoline,b2b--c61-32633
11517,8304526-3-ld1,b2b-11517,ft-7b114,ft-ld1-Gas,530530732004,-122.26381973027048,46.91888857212184,20010.0,ld1_G_Gasoline,b2b--c61-32662
11518,8304526-3-ld1,b2b-11518,ft-671b9,ft-ld1-Gas,530530732004,-122.26381973027048,46.91888857212184,20010.0,ld1_G_Gasoline,b2b--c61-32663
11532,6744037-8-ld1,b2b-11532,ft-755d4,ft-ld1-Gas,530530732004,-122.26381973027048,46.91888857212184,20010.0,ld1_G_Gasoline,b2b--c61-32695
11536,6437254-1-hdt,b2b-11536,ft-4d4ba,ft-hdt-Dsl,530530729061,-122.5544249277511,47.049137874735855,530670126102.0,hdt_D_Diesel,b2b--c61-32700
11541,8394327-2-hdt,b2b-11541,ft-d3140,ft-hdv-Dsl,530330292061,-122.24406567327773,47.40621658580291,530330292061.0,hdv_D_Diesel,b2b--c61-32706
11549,384298-2-hdt,b2b-11549,ft-a2962,ft-hdv-Dsl,530530732004,-122.26381973027048,46.91888857212184,20014.0,hdv_D_Diesel,b2b--c61-32725
11566,6309358-2-hdt,b2b-11566,ft-47296,ft-hdt-Dsl,530330315021,-121.36938446587672,47.147855247348815,530210201001.0,hdt_D_Diesel,b2b--c61-32751
11568,7361892-4-ld3,b2b-11568,ft-a10f3,ft-ld3-Gas,530330305011,-122.2297347561288,47.344822000685745,530330305011.0,ld3_G_Gasoline,b2b--c61-32754
11575,6444812-3-hdt,b2b-11575,ft-2270e,ft-hdv-Dsl,530610533021,-122.23684520936622,48.26553620314338,530730102001.0,hdv_D_Diesel,b2b--c61-32766
11579,6709441-3-ld1,b2b-11579,ft-4af65,ft-ld1-Gas,530530732004,-122.26381973027048,46.91888857212184,20010.0,ld1_G_Gasoline,b2b--c61-32771
11587,8370890-6-hdt,b2b-11587,ft-b4d65,ft-hdt-Dsl,530530732003,-122.23706641279225,46.78408365659002,410510102001.0,hdt_D_Diesel,b2b--c61-32790
11592,7195265-3-ld1,b2b-11592,ft-3f6d2,ft-ld1-Gas,530530732003,-122.23706641279225,46.78408365659002,410670316134.0,ld1_G_Gasoline,b2b--c61-32795
11605,7186306-8-ld1,b2b-11605,ft-e8e13,ft-ld1-Gas,530530732003,-122.23706641279225,46.78408365659002,410050230011.0,ld1_G_Gasoline,b2b--c61-32810
11607,7193684-18-ld1,b2b-11607,ft-5db01,ft-ld1-Gas,530530732003,-122.23706641279225,46.78408365659002,410510073001.0,ld1_G_Gasoline,b2b--c61-32812
11610,8370374-8-ld1,b2b-11610,ft-7d593,ft-ld1-Gas,530530732003,-122.23706641279225,46.78408365659002,410050203021.0,ld1_G_Gasoline,b2b--c61-32815
11624,6707321-1-hdt,b2b-11624,ft-c458f,ft-hdt-Dsl,530530732004,-122.26381973027048,46.91888857212184,20010.0,hdt_D_Diesel,b2b--c61-32829
11637,8396033-4-ld1,b2b-11637,ft-62662,ft-ld1-Gas,530330315021,-121.36938446587672,47.147855247348815,530770018002.0,ld1_G_Gasoline,b2b--c61-32849
11664,8304758-10-ld3,b2b-11664,ft-42ccb,ft-ld3-Gas,530530701001,-121.5437370927352,47.12072649438632,20009.0,ld3_G_Gasoline,b2b--c61-32895
11669,8390554-3-hdt,b2b-11669,ft-a8899,ft-hdv-Dsl,530530701001,-121.5437370927352,47.12072649438632,20119.0,hdv_D_Diesel,b2b--c61-32900
11674,7032441-6-hdt,b2b-11674,ft-1f54a,ft-hdv-Dsl,530610537001,-121.31300181346782,48.04698207479564,20067.0,hdv_D_Diesel,b2b--c61-32905
11680,8349524-3-ld1,b2b-11680,ft-b7d54,ft-ld1-Gas,530610537001,-121.31300181346782,48.04698207479564,20067.0,ld1_G_Gasoline,b2b--c61-32921
11684,7190262-9-ld3,b2b-11684,ft-f26e5,ft-ld3-Dsl,530530701001,-121.5437370927352,47.12072649438632,20095.0,ld3_D_Diesel,b2b--c61-32928
11706,6429345-6-hdt,b2b-11706,ft-9c701,ft-hdt-Dsl,530610537001,-121.31300181346782,48.04698207479564,530630114003.0,hdt_D_Diesel,b2b--c61-32955
11731,7369842-31-hdt,b2b-11731,ft-42fde,ft-hdt-Dsl,530610533014,-122.37093627404924,48.2483017317002,530579519002.0,hdt_D_Diesel,b2b--c61-32987
11748,6415756-3-hdt,b2b-11748,ft-66b48,ft-hdt-Dsl,530610535052,-122.02878887800085,48.10921929354915,530610535052.0,hdt_D_Diesel,b2b--c61-33005
11759,6401841-3-hdt,b2b-11759,ft-0ee34,ft-hdt-Dsl,530610533014,-122.37093627404924,48.2483017317002,530579403003.0,hdt_D_Diesel,b2b--c61-33017
11763,7371136-1-hdt,b2b-11763,ft-2839d,ft-hdt-Dsl,530610528031,-122.17827172209718,48.15232268583682,530610528031.0,hdt_D_Diesel,b2b--c61-33029
11779,6410609-1-hdt,b2b-11779,ft-45242,ft-hdt-Dsl,530610419011,-122.28184467861927,47.88841139696129,530610419011.0,hdt_D_Diesel,b2b--c61-33045
11785,6402397-4-hdt,b2b-11785,ft-50b96,ft-hdt-Dsl,530610533014,-122.37093627404924,48.2483017317002,530579519002.0,hdt_D_Diesel,b2b--c61-33052
11800,6416012-3-hdt,b2b-11800,ft-5be58,ft-hdt-Dsl,530610535052,-122.01769912997912,48.088943840182694,530610535052.0,hdt_D_Diesel,b2b--c61-33067
11807,7189746-29-hdt,b2b-11807,ft-65aed,ft-hdt-Dsl,530530701001,-121.5437370927352,47.12072649438632,20095.0,hdt_D_Diesel,b2b--c61-33077
11809,8415294-3-hdt,b2b-11809,ft-15cc6,ft-hdt-Dsl,530530732003,-122.23706641279225,46.78408365659002,410470025021.0,hdt_D_Diesel,b2b--c61-33118
11814,8415294-3-hdt,b2b-11814,ft-69b78,ft-hdt-Dsl,530530732003,-122.23706641279225,46.78408365659002,410470025021.0,hdt_D_Diesel,b2b--c61-33102
11817,8415294-3-hdt,b2b-11817,ft-8f996,ft-hdt-Dsl,530530732003,-122.23706641279225,46.78408365659002,410470025021.0,hdt_D_Diesel,b2b--c61-33108
11830,7369582-2-hdv,b2b-11830,ft-32352,ft-hdv-Dsl,530530718071,-122.50058277918203,47.16670357885891,530530718071.0,hdv_D_Diesel,b2b--c61-33126
11832,7362690-2-hdv,b2b-11832,ft-fe952,ft-hdv-Dsl,530330323133,-122.08944378826811,47.672608175771856,530330323133.0,hdv_D_Diesel,b2b--c61-33128
11839,6412539-2-hdt,b2b-11839,ft-230d5,ft-hdt-Dsl,530610413042,-122.25320342217312,47.92962463976064,530610413042.0,hdt_D_Diesel,b2b--c61-33137
11849,7361458-9-ld3,b2b-11849,ft-cfb00,ft-ld3-Gas,530330324011,-121.98736709427631,47.73413108992005,530330324011.0,ld3_G_Gasoline,b2b--c61-33158
11854,7373730-11-hdt,b2b-11854,ft-54186,ft-hdv-Dsl,530330315021,-121.36938446587672,47.147855247348815,530719202002.0,hdv_D_Diesel,b2b--c61-33167
11857,7373730-11-hdt,b2b-11857,ft-616d1,ft-hdt-Dsl,530330315021,-121.36938446587672,47.147855247348815,530719202002.0,hdt_D_Diesel,b2b--c61-33178
11860,8417436-2-hdt,b2b-11860,ft-1df6d,ft-hdt-Dsl,530610537001,-121.31300181346782,48.04698207479564,530630141002.0,hdt_D_Diesel,b2b--c61-33189
11864,8417436-2-hdt,b2b-11864,ft-c9aa4,ft-hdt-Dsl,530610537001,-121.31300181346782,48.04698207479564,530630141002.0,hdt_D_Diesel,b2b--c61-33193
11869,5025503-4-hdt,b2b-11869,ft-d0822,ft-hdt-Dsl,530530732003,-122.23706641279225,46.78408365659002,410510073001.0,hdt_D_Diesel,b2b--c61-33199
11885,7374785-56-hdt,b2b-11885,ft-bb12a,ft-hdt-Dsl,530330315021,-121.36938446587672,47.147855247348815,530770034001.0,hdt_D_Diesel,b2b--c61-33226
11886,6443418-2-hdt,b2b-11886,ft-edf8e,ft-hdt-Dsl,530610533021,-122.23684520936622,48.26553620314338,530730102001.0,hdt_D_Diesel,b2b--c61-33227
11897,7145913-1-hdt,b2b-11897,ft-e93a7,ft-hdt-Dsl,530610537001,-121.31300181346782,48.04698207479564,20086.0,hdt_D_Diesel,b2b--c61-33239
11904,7373504-31-hdt,b2b-11904,ft-de917,ft-hdt-Dsl,530530729061,-122.5544249277511,47.049137874735855,530670126101.0,hdt_D_Diesel,b2b--c61-33259
11909,6442152-2-hdt,b2b-11909,ft-04d1f,ft-hdv-Dsl,530610533014,-122.37093627404924,48.2483017317002,530730001003.0,hdv_D_Diesel,b2b--c61-33266
11919,7367756-5-mdv,b2b-11919,ft-94e63,ft-mdv-Dsl,530530729061,-122.5544249277511,47.049137874735855,530419715003.0,mdv_D_Diesel,b2b--c61-33278
11928,6293775-5-hdt,b2b-11928,ft-69869,ft-hdv-Dsl,530330328003,-121.10644086665883,47.709472706427675,530079611003.0,hdv_D_Diesel,b2b--c61-33294
11957,6415581-2-hdt,b2b-11957,ft-938ab,ft-hdt-Dsl,530610535052,-122.03658237734481,48.118168205005745,530610535052.0,hdt_D_Diesel,b2b--c61-33331
11959,6418463-4-hdt,b2b-11959,ft-17c4f,ft-hdt-Dsl,530610413042,-122.25311525640849,47.92377737978869,530610413042.0,hdt_D_Diesel,b2b--c61-33333
11960,7363604-13-hdt,b2b-11960,ft-4ce87,ft-hdv-Dsl,530330322083,-122.0430602331918,47.55012213284945,530330322083.0,hdv_D_Diesel,b2b--c61-33350
11970,4662976-8-hdt,b2b-11970,ft-3daab,ft-hdt-Dsl,530610537001,-121.31300181346782,48.04698207479564,20086.0,hdt_D_Diesel,b2b--c61-33368
12050,7374158-21-hdt,b2b-12050,ft-74d28,ft-hdt-Dsl,530610533014,-122.37093627404924,48.2483017317002,530730104012.0,hdt_D_Diesel,b2b--c61-33509
12055,7374158-16-hdt,b2b-12055,ft-fb3dc,ft-hdv-Dsl,530610533014,-122.37093627404924,48.2483017317002,530730104012.0,hdv_D_Diesel,b2b--c61-33536
12062,7374250-6-hdt,b2b-12062,ft-de467,ft-hdt-Dsl,530610533021,-122.23684520936622,48.26553620314338,530730102001.0,hdt_D_Diesel,b2b--c61-33561
12074,7374250-51-hdt,b2b-12074,ft-0b1d5,ft-hdt-Dsl,530610533021,-122.23684520936622,48.26553620314338,530730102001.0,hdt_D_Diesel,b2b--c61-33577
12076,6440367-2-hdt,b2b-12076,ft-8a95e,ft-hdt-Dsl,530610533014,-122.37093627404924,48.2483017317002,530730002001.0,hdt_D_Diesel,b2b--c61-33591
12077,6443328-2-hdt,b2b-12077,ft-af3c2,ft-hdt-Dsl,530610533021,-122.23684520936622,48.26553620314338,530730102001.0,hdt_D_Diesel,b2b--c61-33593
12080,6442121-3-hdt,b2b-12080,ft-22a81,ft-hdt-Dsl,530610533014,-122.37093627404924,48.2483017317002,530730002002.0,hdt_D_Diesel,b2b--c61-33596
12084,6444408-2-hdt,b2b-12084,ft-b340a,ft-hdt-Dsl,530610533014,-122.37093627404924,48.2483017317002,530730103011.0,hdt_D_Diesel,b2b--c61-33603
12090,6444413-4-hdt,b2b-12090,ft-e67ab,ft-hdv-Dsl,530610533014,-122.37093627404924,48.2483017317002,530730103011.0,hdv_D_Diesel,b2b--c61-33614
12093,6385696-1-hdt,b2b-12093,ft-45192,ft-hdt-Dsl,530610537001,-121.31300181346782,48.04698207479564,530519701002.0,hdt_D_Diesel,b2b--c61-33618
12102,6384732-1-hdt,b2b-12102,ft-779b7,ft-hdt-Dsl,530610537001,-121.31300181346782,48.04698207479564,530479703004.0,hdt_D_Diesel,b2b--c61-33630
12124,4966813-1-hdt,b2b-12124,ft-bc15a,ft-hdv-Dsl,530530730061,-122.34183800719136,46.92931107282429,410099708002.0,hdv_D_Diesel,b2b--c61-33662
12130,5041555-1-hdt,b2b-12130,ft-cedab,ft-hdt-Dsl,530530730061,-122.34183800719136,46.92931107282429,410670336001.0,hdt_D_Diesel,b2b--c61-33673
12132,4962747-1-hdt,b2b-12132,ft-ac9f6,ft-hdv-Dsl,530530732003,-122.23706641279225,46.78408365659002,410050244003.0,hdv_D_Diesel,b2b--c61-33676
12149,6301531-4-hdt,b2b-12149,ft-222ff,ft-hdv-Dsl,530530732003,-122.23706641279225,46.78408365659002,530110412031.0,hdv_D_Diesel,b2b--c61-33706
12161,7193626-1-hdt,b2b-12161,ft-1a2f2,ft-hdv-Dsl,530530732003,-122.23706641279225,46.78408365659002,410510072021.0,hdv_D_Diesel,b2b--c61-33725
12173,6325415-1-mdv,b2b-12173,ft-62c46,ft-mdv-Dsl,530330316033,-122.01854634402967,47.31196643083073,530330316033.0,mdv_D_Diesel,b2b--c33-39
12182,6364298-2-mdv,b2b-12182,ft-c6fea,ft-mdv-Dsl,530330075004,-122.31568372053164,47.614253317423554,530330075004.0,mdv_D_Diesel,b2b--c33-62
12220,6349336-1-mdv,b2b-12220,ft-a714b,ft-mdv-Dsl,530330017023,-122.37199350330646,47.696628962549035,530330017023.0,mdv_D_Diesel,b2b--c33-206
12233,6349336-1-mdv,b2b-12233,ft-12436,ft-mdv-Dsl,530330017023,-122.37199350330646,47.696628962549035,530330017023.0,mdv_D_Diesel,b2b--c33-266
12234,6353211-1-mdv,b2b-12234,ft-d614e,ft-mdv-Gas,530330054002,-122.33259219809173,47.64997031590887,530330054002.0,mdv_G_Gasoline,b2b--c33-267
12243,6353211-1-mdv,b2b-12243,ft-617f5,ft-mdv-Gas,530330054002,-122.33259219809173,47.64997031590887,530330054002.0,mdv_G_Gasoline,b2b--c33-294
12247,6364171-1-mdv,b2b-12247,ft-3430a,ft-mdv-Gas,530330075004,-122.32075721260908,47.61373650697518,530330075004.0,mdv_G_Gasoline,b2b--c33-352
12293,6368972-1-mdv,b2b-12293,ft-119ab,ft-mdv-Dsl,530330268011,-122.33450788792184,47.507409414901815,530330268011.0,mdv_D_Diesel,b2b--c33-542
12304,6343750-1-mdv,b2b-12304,ft-9a53b,ft-mdv-Dsl,530330218021,-122.18958704903761,47.772000279702844,530330218021.0,mdv_D_Diesel,b2b--c33-563
12317,7456047-1-mdv,b2b-12317,ft-1915a,ft-mdv-Dsl,530330093002,-122.33329425334617,47.58733057546082,530330093002.0,mdv_D_Diesel,b2b--c33-636
12325,6340782-1-mdv,b2b-12325,ft-2a842,ft-mdv-Dsl,530330253013,-122.20509984156628,47.49715095904495,530330253013.0,mdv_D_Diesel,b2b--c33-677
12346,6358225-1-hdv,b2b-12346,ft-a2bb1,ft-hdv-Dsl,530330078003,-122.28919267252695,47.6140287162345,530330078003.0,hdv_D_Diesel,b2b--c33-802
12380,6335265-1-mdv,b2b-12380,ft-ad7c4,ft-mdv-Dsl,530330319041,-122.03806136795795,47.45783252907755,530330319041.0,mdv_D_Diesel,b2b--c33-907
12387,6352520-1-mdv,b2b-12387,ft-b2b26,ft-mdv-Dsl,530330093003,-122.34297796874132,47.5702648170984,530330093003.0,mdv_D_Diesel,b2b--c33-934
12390,6352520-1-mdv,b2b-12390,ft-3907c,ft-mdv-Dsl,530330093003,-122.34297796874132,47.5702648170984,530330093003.0,mdv_D_Diesel,b2b--c33-953
12395,6317641-1-mdv,b2b-12395,ft-44d57,ft-mdv-Dsl,530330305011,-122.23303352530083,47.30991617026661,530330305011.0,mdv_D_Diesel,b2b--c33-964
12396,6349337-1-mdv,b2b-12396,ft-165f1,ft-mdv-Dsl,530330048003,-122.3557198577866,47.65250064053979,530330048003.0,mdv_D_Diesel,b2b--c33-976
12398,6349337-1-mdv,b2b-12398,ft-86c15,ft-mdv-Dsl,530330048003,-122.3557198577866,47.65250064053979,530330048003.0,mdv_D_Diesel,b2b--c33-966
12410,6337796-1-mdv,b2b-12410,ft-1005,ft-mdv-Dsl,530330323133,-122.09365242286076,47.67375686074058,530330323133.0,mdv_D_Diesel,b2b--c33-1018
12421,6433360-1-mdv,b2b-12421,ft-91499,ft-mdv-Dsl,530530729061,-122.5544249277511,47.049137874735855,530670108005.0,mdv_D_Diesel,b2b--c33-1053
12440,6373293-1-mdv,b2b-12440,ft-5d053,ft-mdv-Gas,530330262001,-122.24862489013044,47.44792230691088,530330262001.0,mdv_G_Gasoline,b2b--c33-1122
12450,6370901-1-mdv,b2b-12450,ft-1cc4e,ft-mdv-Dsl,530330305011,-122.23349961496564,47.313172721694,530330305011.0,mdv_D_Diesel,b2b--c33-1156
12459,6330395-1-mdv,b2b-12459,ft-a3d4d,ft-mdv-Dsl,530330292061,-122.24387427660272,47.43787114435405,530330292061.0,mdv_D_Diesel,b2b--c33-1192
12467,7364680-1-mdv,b2b-12467,ft-743fa,ft-mdv-Dsl,530330113001,-122.33764289847679,47.53216274006447,530330113001.0,mdv_D_Diesel,b2b--c33-1224
12468,7364680-1-mdv,b2b-12468,ft-58fc8,ft-mdv-Dsl,530330113001,-122.33764289847679,47.53216274006447,530330113001.0,mdv_D_Diesel,b2b--c33-1225
12500,7362820-3-mdv,b2b-12500,ft-42a93,ft-mdv-Dsl,530330323133,-122.0834278878703,47.67577485264337,530330323133.0,mdv_D_Diesel,b2b--c33-1371
12505,7362820-2-ld3,b2b-12505,ft-323ca,ft-ld3-Gas,530330323133,-122.0834278878703,47.67577485264337,530330323133.0,ld3_G_Gasoline,b2b--c33-1387
12506,7362820-2-ld3,b2b-12506,ft-268b3,ft-ld3-Gas,530330323133,-122.0834278878703,47.67577485264337,530330323133.0,ld3_G_Gasoline,b2b--c33-1388
12516,7362820-2-ld3,b2b-12516,ft-b2615,ft-ld3-Dsl,530330323133,-122.0834278878703,47.67577485264337,530330323133.0,ld3_D_Diesel,b2b--c33-1384
12529,6345834-1-mdv,b2b-12529,ft-a16fd,ft-mdv-Gas,530330225003,-122.191497374776,47.676139012921304,530330225003.0,mdv_G_Gasoline,b2b--c33-1491
12545,6345834-1-mdv,b2b-12545,ft-4805,ft-mdv-Gas,530330225003,-122.191497374776,47.676139012921304,530330225003.0,mdv_G_Gasoline,b2b--c33-1579
12546,6345834-1-mdv,b2b-12546,ft-ed99e,ft-mdv-Gas,530330225003,-122.191497374776,47.676139012921304,530330225003.0,mdv_G_Gasoline,b2b--c33-1580
12557,7455790-1-ld1,b2b-12557,ft-e6b65,ft-ld1-Dsl,530330228033,-122.13949514087389,47.637230956821064,530330228033.0,ld1_D_Diesel,b2b--c33-1619
12558,7455790-1-mdv,b2b-12558,ft-e3ac2,ft-mdv-Dsl,530330228033,-122.13949514087389,47.637230956821064,530330228033.0,mdv_D_Diesel,b2b--c33-1620
12562,7455790-2-mdv,b2b-12562,ft-099d7,ft-mdv-Dsl,530330228033,-122.13949514087389,47.637230956821064,530330228033.0,mdv_D_Diesel,b2b--c33-1658
12563,7455790-2-mdv,b2b-12563,ft-f845d,ft-mdv-Dsl,530330228033,-122.13949514087389,47.637230956821064,530330228033.0,mdv_D_Diesel,b2b--c33-1659
12564,7455790-2-mdv,b2b-12564,ft-094f9,ft-mdv-Dsl,530330228033,-122.13949514087389,47.637230956821064,530330228033.0,mdv_D_Diesel,b2b--c33-1660
12570,7455790-2-mdv,b2b-12570,ft-e8f5b,ft-mdv-Dsl,530330228033,-122.13949514087389,47.637230956821064,530330228033.0,mdv_D_Diesel,b2b--c33-1666
12574,7455790-2-mdv,b2b-12574,ft-14905,ft-mdv-Dsl,530330228033,-122.13949514087389,47.637230956821064,530330228033.0,mdv_D_Diesel,b2b--c33-1780
12579,7455790-2-mdv,b2b-12579,ft-9685f,ft-mdv-Dsl,530330228033,-122.13949514087389,47.637230956821064,530330228033.0,mdv_D_Diesel,b2b--c33-1786
12581,7455790-2-mdv,b2b-12581,ft-921c7,ft-mdv-Dsl,530330228033,-122.13949514087389,47.637230956821064,530330228033.0,mdv_D_Diesel,b2b--c33-1788
12595,6344807-1-mdv,b2b-12595,ft-a395d,ft-mdv-Gas,530330218021,-122.1840786859752,47.77447438888626,530330218021.0,mdv_G_Gasoline,b2b--c33-1804
12598,6344807-1-mdv,b2b-12598,ft-bc178,ft-mdv-Gas,530330218021,-122.1840786859752,47.77447438888626,530330218021.0,mdv_G_Gasoline,b2b--c33-1807
12606,6344807-1-mdv,b2b-12606,ft-a0929,ft-mdv-Gas,530330218021,-122.1840786859752,47.77447438888626,530330218021.0,mdv_G_Gasoline,b2b--c33-1929
12611,6344807-1-mdv,b2b-12611,ft-2c9e8,ft-mdv-Gas,530330218021,-122.1840786859752,47.77447438888626,530330218021.0,mdv_G_Gasoline,b2b--c33-1934
12627,6433377-1-mdv,b2b-12627,ft-fbe95,ft-mdv-Gas,530530729061,-122.5544249277511,47.049137874735855,530670108005.0,mdv_G_Gasoline,b2b--c33-2000
12630,6433377-1-mdv,b2b-12630,ft-2c6ec,ft-mdv-Gas,530530729061,-122.5544249277511,47.049137874735855,530670108005.0,mdv_G_Gasoline,b2b--c33-2003
12634,6351769-1-mdv,b2b-12634,ft-6585e,ft-mdv-Dsl,530330093003,-122.33242918450145,47.56911069040945,530330093003.0,mdv_D_Diesel,b2b--c33-2009
12639,6351769-1-mdv,b2b-12639,ft-25aff,ft-mdv-Dsl,530330093003,-122.33242918450145,47.56911069040945,530330093003.0,mdv_D_Diesel,b2b--c33-2014
12645,6351769-1-mdv,b2b-12645,ft-fcf52,ft-mdv-Dsl,530330093003,-122.33242918450145,47.56911069040945,530330093003.0,mdv_D_Diesel,b2b--c33-2042
12646,7455993-1-mdv,b2b-12646,ft-9f83a,ft-mdv-Dsl,530330058023,-122.38131534811409,47.63339544356084,530330058023.0,mdv_D_Diesel,b2b--c33-2054
12647,7455993-1-mdv,b2b-12647,ft-b0688,ft-mdv-Dsl,530330058023,-122.38131534811409,47.63339544356084,530330058023.0,mdv_D_Diesel,b2b--c33-2055
12650,7455993-1-mdv,b2b-12650,ft-e10db,ft-mdv-Dsl,530330058023,-122.38131534811409,47.63339544356084,530330058023.0,mdv_D_Diesel,b2b--c33-2058
12682,7362122-1-mdv,b2b-12682,ft-27c90,ft-mdv-Dsl,530330292061,-122.25356346802836,47.412062135522945,530330292061.0,mdv_D_Diesel,b2b--c33-2175
12704,6337833-1-mdv,b2b-12704,ft-ed274,ft-mdv-Dsl,530330226051,-122.15384990125386,47.707535062206716,530330226051.0,mdv_D_Diesel,b2b--c33-2315
12733,7442152-2-mdv,b2b-12733,ft-d4ee1,ft-mdv-Dsl,530530732003,-122.23706641279225,46.78408365659002,410050227071.0,mdv_D_Diesel,b2b--c33-2404
12737,7442152-1-ld1,b2b-12737,ft-aa543,ft-ld1-Gas,530530732003,-122.23706641279225,46.78408365659002,410050227071.0,ld1_G_Gasoline,b2b--c33-2413
12751,6357482-1-mdv,b2b-12751,ft-0bf3c,ft-mdv-Gas,530330080013,-122.35333037904755,47.61435632790598,530330080013.0,mdv_G_Gasoline,b2b--c33-2510
12753,6368443-1-mdv,b2b-12753,ft-d68ed,ft-mdv-Dsl,530330090001,-122.30519386423096,47.59918789469161,530330090001.0,mdv_D_Diesel,b2b--c33-2525
12775,7364061-1-mdv,b2b-12775,ft-7eafc,ft-mdv-Dsl,530330066001,-122.32724058826471,47.63019426814261,530330066001.0,mdv_D_Diesel,b2b--c33-2580
12780,7364061-1-mdv,b2b-12780,ft-ba457,ft-mdv-Dsl,530330066001,-122.32724058826471,47.63019426814261,530330066001.0,mdv_D_Diesel,b2b--c33-2585
12793,6336684-1-hdt,b2b-12793,ft-cb047,ft-hdt-Dsl,530330295021,-122.17350852229566,47.37950694172241,530330295021.0,hdt_D_Diesel,b2b--c33-2665
12803,6336684-1-hdt,b2b-12803,ft-d5bd3,ft-hdt-Dsl,530330295021,-122.17350852229566,47.37950694172241,530330295021.0,hdt_D_Diesel,b2b--c33-2787
12812,7362099-1-hdt,b2b-12812,ft-4beed,ft-hdt-Dsl,530330305011,-122.23365186191168,47.31231621291003,530330305011.0,hdt_D_Diesel,b2b--c33-2799
12815,7362099-1-hdt,b2b-12815,ft-b38f2,ft-hdt-Dsl,530330305011,-122.23365186191168,47.31231621291003,530330305011.0,hdt_D_Diesel,b2b--c33-2802
12822,7362099-1-hdt,b2b-12822,ft-9887c,ft-hdt-Dsl,530330305011,-122.23365186191168,47.31231621291003,530330305011.0,hdt_D_Diesel,b2b--c33-2871
12825,7362099-5-mdv,b2b-12825,ft-deb41,ft-mdv-Dsl,530330305011,-122.23365186191168,47.31231621291003,530330305011.0,mdv_D_Diesel,b2b--c33-2874
12828,7362099-5-mdv,b2b-12828,ft-b17c8,ft-mdv-Dsl,530330305011,-122.23365186191168,47.31231621291003,530330305011.0,mdv_D_Diesel,b2b--c33-2877
12830,7362099-5-mdv,b2b-12830,ft-756e2,ft-mdv-Dsl,530330305011,-122.23365186191168,47.31231621291003,530330305011.0,mdv_D_Diesel,b2b--c33-2916_2
12855,6363137-2-hdv,b2b-12855,ft-a702b,ft-hdv-Dsl,530330080021,-122.34149847986428,47.611571361607695,530330080021.0,hdv_D_Diesel,b2b--c33-3048
12861,6363137-2-hdv,b2b-12861,ft-9db2b,ft-hdv-Dsl,530330080021,-122.34149847986428,47.611571361607695,530330080021.0,hdv_D_Diesel,b2b--c33-3095
12869,6363137-1-hdt,b2b-12869,ft-21382,ft-hdt-Dsl,530330080021,-122.34149847986428,47.611571361607695,530330080021.0,hdt_D_Diesel,b2b--c33-3103
12871,6363137-1-hdt,b2b-12871,ft-5f794,ft-hdv-Dsl,530330080021,-122.34149847986428,47.611571361607695,530330080021.0,hdv_D_Diesel,b2b--c33-3154
12894,6349955-1-hdt,b2b-12894,ft-51d48,ft-hdt-Dsl,530330049002,-122.35272177681968,47.65236915509596,530330049002.0,hdt_D_Diesel,b2b--c33-3180
12915,6349955-1-hdt,b2b-12915,ft-32d27,ft-hdt-Dsl,530330049002,-122.35272177681968,47.65236915509596,530330049002.0,hdt_D_Diesel,b2b--c33-3353
12939,6363137-5-mdv,b2b-12939,ft-1c1b4,ft-mdv-Dsl,530330080021,-122.34149847986428,47.611571361607695,530330080021.0,mdv_D_Diesel,b2b--c33-3564
12950,6433892-5-mdv,b2b-12950,ft-d9379,ft-mdv-Gas,530530726032,-122.77382693312865,47.188210163000925,530670105101.0,mdv_G_Gasoline,b2b--c33-3595
12955,6433892-2-hdv,b2b-12955,ft-f620a,ft-hdv-Dsl,530530726032,-122.77382693312865,47.188210163000925,530670105101.0,hdv_D_Diesel,b2b--c33-3612
12957,6433892-2-hdv,b2b-12957,ft-acd70,ft-hdv-Dsl,530530726032,-122.77382693312865,47.188210163000925,530670105101.0,hdv_D_Diesel,b2b--c33-3614
12961,6433892-1-hdt,b2b-12961,ft-d6834,ft-hdv-Dsl,530530726032,-122.77382693312865,47.188210163000925,530670105101.0,hdv_D_Diesel,b2b--c33-3643
12973,7455716-5-mdv,b2b-12973,ft-83876,ft-mdv-Dsl,530330292061,-122.22770562857104,47.41751230757133,530330292061.0,mdv_D_Diesel,b2b--c33-3698
12979,7455716-1-hdt,b2b-12979,ft-ce395,ft-hdt-Dsl,530330292061,-122.22770562857104,47.41751230757133,530330292061.0,hdt_D_Diesel,b2b--c33-3705
12989,7362099-4-ld3,b2b-12989,ft-1b5e5,ft-ld3-Gas,530330305011,-122.23365186191168,47.31231621291003,530330305011.0,ld3_G_Gasoline,b2b--c33-3771
12991,7362099-4-ld1,b2b-12991,ft-aecce,ft-ld1-Dsl,530330305011,-122.23365186191168,47.31231621291003,530330305011.0,ld1_D_Diesel,b2b--c33-3774
12992,6363137-3-ld1,b2b-12992,ft-b9223,ft-ld1-Gas,530330080021,-122.34149847986428,47.611571361607695,530330080021.0,ld1_G_Gasoline,b2b--c33-3781
12996,6337573-1-hdt,b2b-12996,ft-f51b6,ft-hdv-Dsl,530330292061,-122.24661058194091,47.39761728110753,530330292061.0,hdv_D_Diesel,b2b--c33-3786
13020,6337573-5-mdv,b2b-13020,ft-6c810,ft-mdv-Dsl,530330292061,-122.24661058194091,47.39761728110753,530330292061.0,mdv_D_Diesel,b2b--c33-3983
13029,6343627-1-hdt,b2b-13029,ft-a21d8,ft-hdt-Dsl,530330277015,-122.46061470822991,47.43430959095533,530330277015.0,hdt_D_Diesel,b2b--c33-3991
13051,6343627-2-hdv,b2b-13051,ft-9ed20,ft-hdv-Dsl,530330277015,-122.46061470822991,47.43430959095533,530330277015.0,hdv_D_Diesel,b2b--c33-4099
13053,6343627-2-ld3,b2b-13053,ft-c400a,ft-ld3-Dsl,530330277015,-122.46061470822991,47.43430959095533,530330277015.0,ld3_D_Diesel,b2b--c33-4181
13070,7367014-5-mdv,b2b-13070,ft-d06db,ft-mdv-Dsl,530330283003,-122.26488359775405,47.433802303583114,530330283003.0,mdv_D_Diesel,b2b--c33-4304
13075,7367014-2-hdv,b2b-13075,ft-00d32,ft-hdv-Dsl,530330283003,-122.26488359775405,47.433802303583114,530330283003.0,hdv_D_Diesel,b2b--c33-4309
13078,7367014-2-hdv,b2b-13078,ft-5e61f,ft-hdv-Dsl,530330283003,-122.26488359775405,47.433802303583114,530330283003.0,hdv_D_Diesel,b2b--c33-4312
13107,7365614-2-hdv,b2b-13107,ft-19793,ft-hdv-Dsl,530330058014,-122.37609891779125,47.651711228568395,530330058014.0,hdv_D_Diesel,b2b--c33-4457_2
13112,7365614-2-hdv,b2b-13112,ft-ff4ff,ft-hdv-Dsl,530330058014,-122.37609891779125,47.651711228568395,530330058014.0,hdv_D_Diesel,b2b--c33-4462
13121,7365614-2-hdv,b2b-13121,ft-b7311,ft-hdv-Dsl,530330058014,-122.37609891779125,47.651711228568395,530330058014.0,hdv_D_Diesel,b2b--c33-4561
13125,7365614-2-hdv,b2b-13125,ft-2e17b,ft-hdv-Dsl,530330058014,-122.37609891779125,47.651711228568395,530330058014.0,hdv_D_Diesel,b2b--c33-4565
13148,7365614-5-mdv,b2b-13148,ft-84e3c,ft-mdv-Dsl,530330058014,-122.37609891779125,47.651711228568395,530330058014.0,mdv_D_Diesel,b2b--c33-4764
13167,7365614-1-hdt,b2b-13167,ft-c4b41,ft-hdv-Dsl,530330058014,-122.37609891779125,47.651711228568395,530330058014.0,hdv_D_Diesel,b2b--c33-4960
13172,7365614-1-hdt,b2b-13172,ft-3f81b,ft-hdt-Dsl,530330058014,-122.37609891779125,47.651711228568395,530330058014.0,hdt_D_Diesel,b2b--c33-4965
13178,7365614-1-hdt,b2b-13178,ft-46223,ft-hdt-Dsl,530330058014,-122.37609891779125,47.651711228568395,530330058014.0,hdt_D_Diesel,b2b--c33-4971
13179,7365614-1-hdt,b2b-13179,ft-e9f6c,ft-hdt-Dsl,530330058014,-122.37609891779125,47.651711228568395,530330058014.0,hdt_D_Diesel,b2b--c33-5073
13194,7455716-4-ld1,b2b-13194,ft-2f6b5,ft-ld1-Gas,530330292061,-122.22770562857104,47.41751230757133,530330292061.0,ld1_G_Gasoline,b2b--c33-5096
13239,6355997-1-hdt,b2b-13239,ft-93d9e,ft-hdt-Dsl,530330093003,-122.32895771333916,47.583438377166495,530330093003.0,hdt_D_Diesel,b2b--c33-5357
13243,6355997-1-hdt,b2b-13243,ft-cee55,ft-hdt-Dsl,530330093003,-122.32895771333916,47.583438377166495,530330093003.0,hdt_D_Diesel,b2b--c33-5402
13253,6343627-3-ld3,b2b-13253,ft-8b11f,ft-ld3-Dsl,530330277015,-122.46061470822991,47.43430959095533,530330277015.0,ld3_D_Diesel,b2b--c33-5460
13256,6381432-2-hdv,b2b-13256,ft-3b646,ft-hdv-Dsl,530530729061,-122.5544249277511,47.049137874735855,530419708004.0,hdv_D_Diesel,b2b--c33-5463
13265,6381432-2-hdv,b2b-13265,ft-c167a,ft-hdv-Dsl,530530729061,-122.5544249277511,47.049137874735855,530419708004.0,hdv_D_Diesel,b2b--c33-5500
13270,6381432-1-hdt,b2b-13270,ft-f450f,ft-hdt-Dsl,530530729061,-122.5544249277511,47.049137874735855,530419708004.0,hdt_D_Diesel,b2b--c33-5506
13274,6381432-1-hdt,b2b-13274,ft-192f3,ft-hdt-Dsl,530530729061,-122.5544249277511,47.049137874735855,530419708004.0,hdt_D_Diesel,b2b--c33-5536
13286,7365090-2-mdv,b2b-13286,ft-c1167,ft-mdv-Dsl,530330080013,-122.35293504020312,47.61731619931303,530330080013.0,mdv_D_Diesel,b2b--c33-5635
13290,7365090-2-mdv,b2b-13290,ft-da487,ft-mdv-Dsl,530330080013,-122.35293504020312,47.61731619931303,530330080013.0,mdv_D_Diesel,b2b--c33-5588
13311,6339019-1-hdt,b2b-13311,ft-6e485,ft-hdt-Dsl,530330226051,-122.15424634231445,47.70894697899314,530330226051.0,hdt_D_Diesel,b2b--c33-5720
13312,6339019-1-hdt,b2b-13312,ft-4816,ft-hdv-Dsl,530330226051,-122.15424634231445,47.70894697899314,530330226051.0,hdv_D_Diesel,b2b--c33-5721
13322,6339019-2-hdv,b2b-13322,ft-0f583,ft-hdv-Dsl,530330226051,-122.15424634231445,47.70894697899314,530330226051.0,hdv_D_Diesel,b2b--c33-5763
13326,6339019-2-hdv,b2b-13326,ft-fa917,ft-hdv-Dsl,530330226051,-122.15424634231445,47.70894697899314,530330226051.0,hdv_D_Diesel,b2b--c33-5767
13333,6339019-2-hdv,b2b-13333,ft-03c70,ft-hdv-Dsl,530330226051,-122.15424634231445,47.70894697899314,530330226051.0,hdv_D_Diesel,b2b--c33-5793
13346,6367497-1-hdt,b2b-13346,ft-ad622,ft-hdt-Dsl,530330109002,-122.31905182355702,47.549078342413445,530330109002.0,hdt_D_Diesel,b2b--c33-5887
13372,6331149-1-mdv,b2b-13372,ft-66842,ft-mdv-Dsl,530330283003,-122.25308414037146,47.42869938318613,530330283003.0,mdv_D_Diesel,b2b--c33-5985
13399,6330823-1-mdv,b2b-13399,ft-86a30,ft-mdv-Dsl,530330292061,-122.23107926902047,47.42148307710846,530330292061.0,mdv_D_Diesel,b2b--c33-6095
13400,6330823-1-mdv,b2b-13400,ft-0ebbf,ft-mdv-Dsl,530330292061,-122.23107926902047,47.42148307710846,530330292061.0,mdv_D_Diesel,b2b--c33-6094
13401,6365806-1-hdt,b2b-13401,ft-76d2e,ft-hdt-Dsl,530330099004,-122.34546302868087,47.57134522709247,530330099004.0,hdt_D_Diesel,b2b--c33-6096
13416,6365806-1-hdt,b2b-13416,ft-e89f8,ft-hdt-Dsl,530330099004,-122.34546302868087,47.57134522709247,530330099004.0,hdt_D_Diesel,b2b--c33-6110
13429,6365806-1-hdt,b2b-13429,ft-bdb6b,ft-hdt-Dsl,530330099004,-122.34546302868087,47.57134522709247,530330099004.0,hdt_D_Diesel,b2b--c33-6248
13447,6365806-4-mdv,b2b-13447,ft-7d670,ft-mdv-Dsl,530330099004,-122.34546302868087,47.57134522709247,530330099004.0,mdv_D_Diesel,b2b--c33-6302
13453,7455521-1-ld1,b2b-13453,ft-5bcc2,ft-ld1-Gas,530530732003,-122.23706641279225,46.78408365659002,530110406082.0,ld1_G_Gasoline,b2b--c33-6308
13457,7455521-2-ld3,b2b-13457,ft-1b00c,ft-ld3-Dsl,530530732003,-122.23706641279225,46.78408365659002,530110406082.0,ld3_D_Diesel,b2b--c33-6328
13467,7455521-2-ld1,b2b-13467,ft-5fc27,ft-ld1-Gas,530530732003,-122.23706641279225,46.78408365659002,530110406082.0,ld1_G_Gasoline,b2b--c33-6370
13469,7455521-3-mdv,b2b-13469,ft-94607,ft-mdv-Dsl,530530732003,-122.23706641279225,46.78408365659002,530110406082.0,mdv_D_Diesel,b2b--c33-6411
13474,7455521-3-mdv,b2b-13474,ft-43196,ft-mdv-Dsl,530530732003,-122.23706641279225,46.78408365659002,530110406082.0,mdv_D_Diesel,b2b--c33-6417
13501,6343861-1-mdv,b2b-13501,ft-c8274,ft-mdv-Dsl,530330219061,-122.16262057964929,47.74627566349318,530330219061.0,mdv_D_Diesel,b2b--c33-6532
13509,7363376-1-mdv,b2b-13509,ft-79011,ft-mdv-Dsl,530330326021,-121.87323521310292,47.52706292104752,530330326021.0,mdv_D_Diesel,b2b--c33-6562
13514,6339765-1-mdv,b2b-13514,ft-b11e3,ft-mdv-Dsl,530330228031,-122.14020840160502,47.647372148491975,530330228031.0,mdv_D_Diesel,b2b--c33-6579
13519,7360789-1-mdv,b2b-13519,ft-0ada2,ft-mdv-Dsl,530330227012,-122.19935309280929,47.64448241066979,530330227012.0,mdv_D_Diesel,b2b--c33-6583
13520,7360789-1-mdv,b2b-13520,ft-fe7bd,ft-mdv-Dsl,530330227012,-122.19935309280929,47.64448241066979,530330227012.0,mdv_D_Diesel,b2b--c33-6598
13527,6343992-1-mdv,b2b-13527,ft-57ac9,ft-mdv-Dsl,530330219061,-122.15769461283612,47.74010627188285,530330219061.0,mdv_D_Diesel,b2b--c33-6603
13533,6343992-1-mdv,b2b-13533,ft-5d4f3,ft-mdv-Dsl,530330219061,-122.15769461283612,47.74010627188285,530330219061.0,mdv_D_Diesel,b2b--c33-6643
13535,6433720-1-mdv,b2b-13535,ft-9e43f,ft-mdv-Dsl,530530726032,-122.77382693312865,47.188210163000925,530670106005.0,mdv_D_Diesel,b2b--c33-6646
13552,7455509-1-mdv,b2b-13552,ft-7b9ef,ft-mdv-Dsl,530530732003,-122.23706641279225,46.78408365659002,530110413311.0,mdv_D_Diesel,b2b--c33-6805
13556,7455509-1-mdv,b2b-13556,ft-a202d,ft-mdv-Dsl,530530732003,-122.23706641279225,46.78408365659002,530110413311.0,mdv_D_Diesel,b2b--c33-6809
13585,7186921-1-mdv,b2b-13585,ft-1b153,ft-mdv-Gas,530530732003,-122.23706641279225,46.78408365659002,410050235003.0,mdv_G_Gasoline,b2b--c33-6972
13588,7186921-1-mdv,b2b-13588,ft-90a7f,ft-mdv-Gas,530530732003,-122.23706641279225,46.78408365659002,410050235003.0,mdv_G_Gasoline,b2b--c33-6975
13590,7186921-1-mdv,b2b-13590,ft-c79c5,ft-mdv-Gas,530530732003,-122.23706641279225,46.78408365659002,410050235003.0,mdv_G_Gasoline,b2b--c33-6977
13593,7187501-2-mdv,b2b-13593,ft-c1eaa,ft-mdv-Dsl,530530730061,-122.34183800719136,46.92931107282429,410099710001.0,mdv_D_Diesel,b2b--c33-6990
13598,7187501-2-mdv,b2b-13598,ft-d9e9c,ft-mdv-Dsl,530530730061,-122.34183800719136,46.92931107282429,410099710001.0,mdv_D_Diesel,b2b--c33-7020
13606,6371810-1-mdv,b2b-13606,ft-a226f,ft-mdv-Gas,530330209001,-122.34565842668444,47.73706098446195,530330209001.0,mdv_G_Gasoline,b2b--c33-7033
13607,7455842-5-mdv,b2b-13607,ft-c7774,ft-mdv-Dsl,530330277015,-122.4603315920084,47.434389983109476,530330277015.0,mdv_D_Diesel,b2b--c33-7040
13630,7455825-2-hdv,b2b-13630,ft-79b60,ft-hdv-Dsl,530330262001,-122.22392554314203,47.446913128473355,530330262001.0,hdv_D_Diesel,b2b--c33-7153
13642,7373619-1-mdv,b2b-13642,ft-f3855,ft-mdv-Dsl,530530729061,-122.5544249277511,47.049137874735855,530670123201.0,mdv_D_Diesel,b2b--c33-7209
13651,6367455-5-mdv,b2b-13651,ft-55ba5,ft-mdv-Dsl,530330109001,-122.32089696018465,47.53866902356381,530330109001.0,mdv_D_Diesel,b2b--c33-7227
13674,7455851-1-hdt,b2b-13674,ft-162ac,ft-hdt-Dsl,530330323191,-122.1481741672292,47.77070952624315,530330323191.0,hdt_D_Diesel,b2b--c33-7325
13677,7455851-1-hdv,b2b-13677,ft-e48f1,ft-hdv-Dsl,530330323191,-122.1481741672292,47.77070952624315,530330323191.0,hdv_D_Diesel,b2b--c33-7354
13693,6313794-1-hdt,b2b-13693,ft-a036e,ft-hdt-Dsl,530350901011,-122.60731041865166,47.92387571831771,530299713002.0,hdt_D_Diesel,b2b--c33-7421
13707,6321438-1-mdv,b2b-13707,ft-f2106,ft-mdv-Gas,530330237001,-122.1640975603422,47.62296680944996,530330237001.0,mdv_G_Gasoline,b2b--c33-7469
13723,7363234-1-mdv,b2b-13723,ft-615e0,ft-mdv-Dsl,530330262001,-122.22776865690267,47.4439406466052,530330262001.0,mdv_D_Diesel,b2b--c33-7611
13726,6323608-1-mdv,b2b-13726,ft-e3bea,ft-mdv-Gas,530330250062,-122.06588378038091,47.53297455552326,530330250062.0,mdv_G_Gasoline,b2b--c33-7613
13727,6323608-1-mdv,b2b-13727,ft-30e07,ft-mdv-Gas,530330250062,-122.06588378038091,47.53297455552326,530330250062.0,mdv_G_Gasoline,b2b--c33-7614
13737,7364182-1-mdv,b2b-13737,ft-5ff42,ft-mdv-Dsl,530330046002,-122.33217641462576,47.66991090729224,530330046002.0,mdv_D_Diesel,b2b--c33-7640
13740,7364182-1-mdv,b2b-13740,ft-2bc5a,ft-mdv-Dsl,530330046002,-122.33217641462576,47.66991090729224,530330046002.0,mdv_D_Diesel,b2b--c33-7643
13747,7364182-1-mdv,b2b-13747,ft-2a03f,ft-mdv-Dsl,530330046002,-122.33217641462576,47.66991090729224,530330046002.0,mdv_D_Diesel,b2b--c33-7703
13757,7365492-1-mdv,b2b-13757,ft-37509,ft-mdv-Dsl,530330032004,-122.39821459293763,47.66821442940784,530330032004.0,mdv_D_Diesel,b2b--c33-7739
13763,6344515-1-mdv,b2b-13763,ft-22129,ft-mdv-Dsl,530330323191,-122.15360694827122,47.77340967706865,530330323191.0,mdv_D_Diesel,b2b--c33-7764
13776,6356188-1-mdv,b2b-13776,ft-7a14d,ft-mdv-Gas,530330093003,-122.32552034703139,47.565147511244824,530330093003.0,mdv_G_Gasoline,b2b--c33-7840
13790,6362669-1-mdv,b2b-13790,ft-7f5b2,ft-mdv-Dsl,530330058014,-122.38717841857124,47.65894266231891,530330058014.0,mdv_D_Diesel,b2b--c33-7879
13816,7455690-1-mdv,b2b-13816,ft-dfa72,ft-mdv-Dsl,530330218021,-122.18474513918032,47.77203185836266,530330218021.0,mdv_D_Diesel,b2b--c33-7951
13820,7455690-1-mdv,b2b-13820,ft-9d6f4,ft-mdv-Dsl,530330218021,-122.18474513918032,47.77203185836266,530330218021.0,mdv_D_Diesel,b2b--c33-7955
13845,7455690-1-mdv,b2b-13845,ft-3fa34,ft-mdv-Dsl,530330218021,-122.18474513918032,47.77203185836266,530330218021.0,mdv_D_Diesel,b2b--c33-7981
13850,7455690-1-mdv,b2b-13850,ft-d8060,ft-mdv-Dsl,530330218021,-122.18474513918032,47.77203185836266,530330218021.0,mdv_D_Diesel,b2b--c33-7986
13854,7455690-1-mdv,b2b-13854,ft-fcafa,ft-mdv-Dsl,530330218021,-122.18474513918032,47.77203185836266,530330218021.0,mdv_D_Diesel,b2b--c33-7990
13856,7455690-1-mdv,b2b-13856,ft-3e7ac,ft-mdv-Dsl,530330218021,-122.18474513918032,47.77203185836266,530330218021.0,mdv_D_Diesel,b2b--c33-7992
13870,7455690-1-mdv,b2b-13870,ft-e71e7,ft-mdv-Dsl,530330218021,-122.18474513918032,47.77203185836266,530330218021.0,mdv_D_Diesel,b2b--c33-8374
13882,7455690-1-mdv,b2b-13882,ft-4c0cd,ft-mdv-Dsl,530330218021,-122.18474513918032,47.77203185836266,530330218021.0,mdv_D_Diesel,b2b--c33-8386
13887,7455690-1-mdv,b2b-13887,ft-e99e9,ft-mdv-Dsl,530330218021,-122.18474513918032,47.77203185836266,530330218021.0,mdv_D_Diesel,b2b--c33-8391
13890,7455690-1-mdv,b2b-13890,ft-5546,ft-mdv-Dsl,530330218021,-122.18474513918032,47.77203185836266,530330218021.0,mdv_D_Diesel,b2b--c33-8394
13900,7455690-1-mdv,b2b-13900,ft-e3c5a,ft-mdv-Dsl,530330218021,-122.18474513918032,47.77203185836266,530330218021.0,mdv_D_Diesel,b2b--c33-8404
13901,7455690-1-mdv,b2b-13901,ft-71685,ft-mdv-Dsl,530330218021,-122.18474513918032,47.77203185836266,530330218021.0,mdv_D_Diesel,b2b--c33-8405
13904,7455690-1-mdv,b2b-13904,ft-e8fef,ft-mdv-Dsl,530330218021,-122.18474513918032,47.77203185836266,530330218021.0,mdv_D_Diesel,b2b--c33-8408
13906,7455690-1-mdv,b2b-13906,ft-d5e77,ft-mdv-Dsl,530330218021,-122.18474513918032,47.77203185836266,530330218021.0,mdv_D_Diesel,b2b--c33-8410
13937,6367328-1-mdv,b2b-13937,ft-1dae8,ft-mdv-Dsl,530330109001,-122.31482627466298,47.53432779586896,530330109001.0,mdv_D_Diesel,b2b--c33-8492
13943,6367328-1-mdv,b2b-13943,ft-b7952,ft-mdv-Dsl,530330109001,-122.31482627466298,47.53432779586896,530330109001.0,mdv_D_Diesel,b2b--c33-8498
13946,6367328-1-mdv,b2b-13946,ft-2a178,ft-mdv-Dsl,530330109001,-122.31482627466298,47.53432779586896,530330109001.0,mdv_D_Diesel,b2b--c33-8501
13954,6367328-1-mdv,b2b-13954,ft-61881,ft-mdv-Dsl,530330109001,-122.31482627466298,47.53432779586896,530330109001.0,mdv_D_Diesel,b2b--c33-8694
13972,7455811-4-mdv,b2b-13972,ft-cc2fa,ft-mdv-Gas,530330323133,-122.09372599360647,47.673019188462995,530330323133.0,mdv_G_Gasoline,b2b--c33-8712
13975,7455811-4-mdv,b2b-13975,ft-402be,ft-mdv-Gas,530330323133,-122.09372599360647,47.673019188462995,530330323133.0,mdv_G_Gasoline,b2b--c33-8715
13996,7455811-4-mdv,b2b-13996,ft-a77cd,ft-mdv-Gas,530330323133,-122.09372599360647,47.673019188462995,530330323133.0,mdv_G_Gasoline,b2b--c33-8875
13998,7455811-4-mdv,b2b-13998,ft-9d875,ft-mdv-Gas,530330323133,-122.09372599360647,47.673019188462995,530330323133.0,mdv_G_Gasoline,b2b--c33-8877
14020,7455811-1-hdt,b2b-14020,ft-15685,ft-hdt-Dsl,530330323133,-122.09372599360647,47.673019188462995,530330323133.0,hdt_D_Diesel,b2b--c33-8899
14026,7455811-1-hdt,b2b-14026,ft-d846b,ft-hdt-Dsl,530330323133,-122.09372599360647,47.673019188462995,530330323133.0,hdt_D_Diesel,b2b--c33-8905
14028,7455811-1-hdt,b2b-14028,ft-00ef0,ft-hdt-Dsl,530330323133,-122.09372599360647,47.673019188462995,530330323133.0,hdt_D_Diesel,b2b--c33-8907
14035,7455811-1-hdt,b2b-14035,ft-b012b,ft-hdt-Dsl,530330323133,-122.09372599360647,47.673019188462995,530330323133.0,hdt_D_Diesel,b2b--c33-8914
14044,7455811-1-hdt,b2b-14044,ft-e11ba,ft-hdv-Dsl,530330323133,-122.09372599360647,47.673019188462995,530330323133.0,hdv_D_Diesel,b2b--c33-8924
14047,7455811-1-hdt,b2b-14047,ft-fcb2c,ft-hdt-Dsl,530330323133,-122.09372599360647,47.673019188462995,530330323133.0,hdt_D_Diesel,b2b--c33-8927
14051,7455811-1-hdt,b2b-14051,ft-407fc,ft-hdt-Dsl,530330323133,-122.09372599360647,47.673019188462995,530330323133.0,hdt_D_Diesel,b2b--c33-8931
14068,7455811-1-hdt,b2b-14068,ft-fc7a5,ft-hdt-Dsl,530330323133,-122.09372599360647,47.673019188462995,530330323133.0,hdt_D_Diesel,b2b--c33-8948
14074,7455811-1-hdt,b2b-14074,ft-664a5,ft-hdt-Dsl,530330323133,-122.09372599360647,47.673019188462995,530330323133.0,hdt_D_Diesel,b2b--c33-8954
14107,7455811-1-hdt,b2b-14107,ft-c30fb,ft-hdv-Dsl,530330323133,-122.09372599360647,47.673019188462995,530330323133.0,hdv_D_Diesel,b2b--c33-8987
14111,7455811-1-hdt,b2b-14111,ft-cd006,ft-hdt-Dsl,530330323133,-122.09372599360647,47.673019188462995,530330323133.0,hdt_D_Diesel,b2b--c33-8992
14112,7455811-1-hdt,b2b-14112,ft-2e78b,ft-hdt-Dsl,530330323133,-122.09372599360647,47.673019188462995,530330323133.0,hdt_D_Diesel,b2b--c33-8993
14120,7455811-1-hdt,b2b-14120,ft-942bd,ft-hdv-Dsl,530330323133,-122.09372599360647,47.673019188462995,530330323133.0,hdv_D_Diesel,b2b--c33-9512
14121,7455811-1-hdt,b2b-14121,ft-6d4c3,ft-hdt-Dsl,530330323133,-122.09372599360647,47.673019188462995,530330323133.0,hdt_D_Diesel,b2b--c33-9513
14144,7455811-1-hdt,b2b-14144,ft-e42d8,ft-hdv-Dsl,530330323133,-122.09372599360647,47.673019188462995,530330323133.0,hdv_D_Diesel,b2b--c33-9536
14146,7455811-1-hdt,b2b-14146,ft-35751,ft-hdt-Dsl,530330323133,-122.09372599360647,47.673019188462995,530330323133.0,hdt_D_Diesel,b2b--c33-9538
14151,7455811-1-hdt,b2b-14151,ft-dc3bf,ft-hdv-Dsl,530330323133,-122.09372599360647,47.673019188462995,530330323133.0,hdv_D_Diesel,b2b--c33-9543
14154,7455811-1-hdt,b2b-14154,ft-bc6ae,ft-hdt-Dsl,530330323133,-122.09372599360647,47.673019188462995,530330323133.0,hdt_D_Diesel,b2b--c33-9546
14156,7455811-1-hdt,b2b-14156,ft-c585b,ft-hdt-Dsl,530330323133,-122.09372599360647,47.673019188462995,530330323133.0,hdt_D_Diesel,b2b--c33-9548
14172,7455811-1-hdt,b2b-14172,ft-ffd77,ft-hdt-Dsl,530330323133,-122.09372599360647,47.673019188462995,530330323133.0,hdt_D_Diesel,b2b--c33-9564
14175,7455811-1-hdt,b2b-14175,ft-15760,ft-hdt-Dsl,530330323133,-122.09372599360647,47.673019188462995,530330323133.0,hdt_D_Diesel,b2b--c33-9567
14179,7455811-1-hdt,b2b-14179,ft-639c8,ft-hdt-Dsl,530330323133,-122.09372599360647,47.673019188462995,530330323133.0,hdt_D_Diesel,b2b--c33-9571
14182,7455811-1-hdt,b2b-14182,ft-9135f,ft-hdv-Dsl,530330323133,-122.09372599360647,47.673019188462995,530330323133.0,hdv_D_Diesel,b2b--c33-9574
14184,7455811-1-hdt,b2b-14184,ft-be843,ft-hdv-Dsl,530330323133,-122.09372599360647,47.673019188462995,530330323133.0,hdv_D_Diesel,b2b--c33-9576
14185,7455811-1-hdt,b2b-14185,ft-064e3,ft-hdt-Dsl,530330323133,-122.09372599360647,47.673019188462995,530330323133.0,hdt_D_Diesel,b2b--c33-9577
14187,7455811-1-hdt,b2b-14187,ft-0db63,ft-hdt-Dsl,530330323133,-122.09372599360647,47.673019188462995,530330323133.0,hdt_D_Diesel,b2b--c33-9579
14198,7455811-3-ld3,b2b-14198,ft-534fa,ft-ld3-Dsl,530330323133,-122.09372599360647,47.673019188462995,530330323133.0,ld3_D_Diesel,b2b--c33-9590
14202,7455811-3-ld3,b2b-14202,ft-5eaca,ft-ld3-Dsl,530330323133,-122.09372599360647,47.673019188462995,530330323133.0,ld3_D_Diesel,b2b--c33-9650
14217,7455811-2-ld1,b2b-14217,ft-53bee,ft-ld1-Gas,530330323133,-122.09372599360647,47.673019188462995,530330323133.0,ld1_G_Gasoline,b2b--c33-9696
14218,7455811-2-ld1,b2b-14218,ft-63abb,ft-ld1-Gas,530330323133,-122.09372599360647,47.673019188462995,530330323133.0,ld1_G_Gasoline,b2b--c33-9697
14224,6334727-1-mdv,b2b-14224,ft-7eb6f,ft-mdv-Dsl,530330226051,-122.1605838208993,47.711554323591386,530330226051.0,mdv_D_Diesel,b2b--c33-9701
14225,6334727-1-mdv,b2b-14225,ft-70435,ft-mdv-Dsl,530330226051,-122.1605838208993,47.711554323591386,530330226051.0,mdv_D_Diesel,b2b--c33-9702
14240,6334727-1-mdv,b2b-14240,ft-54d55,ft-mdv-Dsl,530330226051,-122.1605838208993,47.711554323591386,530330226051.0,mdv_D_Diesel,b2b--c33-9780
14246,6325421-1-mdv,b2b-14246,ft-1158,ft-mdv-Dsl,530330316034,-121.97473876715786,47.35795093233604,530330316034.0,mdv_D_Diesel,b2b--c33-9788
14249,6325421-1-mdv,b2b-14249,ft-16bf1,ft-mdv-Dsl,530330316034,-121.97473876715786,47.35795093233604,530330316034.0,mdv_D_Diesel,b2b--c33-9791
14258,6325421-1-mdv,b2b-14258,ft-352f0,ft-mdv-Dsl,530330316034,-121.97473876715786,47.35795093233604,530330316034.0,mdv_D_Diesel,b2b--c33-9915
14274,7362017-2-hdv,b2b-14274,ft-5e9d2,ft-hdv-Dsl,530330292061,-122.23333225347115,47.42730735874301,530330292061.0,hdv_D_Diesel,b2b--c33-9953
14279,7362017-1-hdt,b2b-14279,ft-ee07a,ft-hdt-Dsl,530330292061,-122.23333225347115,47.42730735874301,530330292061.0,hdt_D_Diesel,b2b--c33-9972
14286,7455739-1-hdt,b2b-14286,ft-28175,ft-hdt-Dsl,530330292061,-122.2224957570822,47.40693554525531,530330292061.0,hdt_D_Diesel,b2b--c33-10013
14287,7455739-1-hdt,b2b-14287,ft-7991b,ft-hdt-Dsl,530330292061,-122.2224957570822,47.40693554525531,530330292061.0,hdt_D_Diesel,b2b--c33-10014
14300,7363291-5-hdt,b2b-14300,ft-b78bf,ft-hdv-Dsl,530330262001,-122.255454726152,47.47309209417902,530330262001.0,hdv_D_Diesel,b2b--c33-10081
14305,8395857-1-hdt,b2b-14305,ft-dddaa,ft-hdt-Dsl,530530726032,-122.77382693312865,47.188210163000925,530670109101.0,hdt_D_Diesel,b2b--c33-10105
14308,6338079-1-mdv,b2b-14308,ft-6c778,ft-mdv-Gas,530330228033,-122.13227558594369,47.64188281290833,530330228033.0,mdv_G_Gasoline,b2b--c33-10149
14309,6338079-1-mdv,b2b-14309,ft-9790a,ft-mdv-Gas,530330228033,-122.13227558594369,47.64188281290833,530330228033.0,mdv_G_Gasoline,b2b--c33-10112
14314,6338079-1-mdv,b2b-14314,ft-1f422,ft-mdv-Gas,530330228033,-122.13227558594369,47.64188281290833,530330228033.0,mdv_G_Gasoline,b2b--c33-10145
14337,6319907-3-mdv,b2b-14337,ft-82446,ft-mdv-Gas,530330227012,-122.20641259985655,47.65999927413483,530330227012.0,mdv_G_Gasoline,b2b--c33-10258
14339,6319907-3-mdv,b2b-14339,ft-f00f2,ft-mdv-Gas,530330227012,-122.20641259985655,47.65999927413483,530330227012.0,mdv_G_Gasoline,b2b--c33-10256
14343,6319907-2-hdt,b2b-14343,ft-4eafb,ft-hdt-Dsl,530330227012,-122.20641259985655,47.65999927413483,530330227012.0,hdt_D_Diesel,b2b--c33-10326
14351,7362099-3-ld3,b2b-14351,ft-64cc7,ft-ld3-Dsl,530330305011,-122.23365186191168,47.31231621291003,530330305011.0,ld3_D_Diesel,b2b--c33-10383
14352,6433892-4-ld3,b2b-14352,ft-dd647,ft-ld3-Gas,530530726032,-122.77382693312865,47.188210163000925,530670105101.0,ld3_G_Gasoline,b2b--c33-10384
14362,6307760-3-mdv,b2b-14362,ft-d0b69,ft-mdv-Dsl,530530730061,-122.34183800719136,46.92931107282429,530150003001.0,mdv_D_Diesel,b2b--c33-10419
14367,6307760-1-ld1,b2b-14367,ft-5c7c7,ft-ld1-Gas,530530730061,-122.34183800719136,46.92931107282429,530150003001.0,ld1_G_Gasoline,b2b--c33-10438
14382,6370414-1-mdv,b2b-14382,ft-f34f8,ft-mdv-Dsl,530330080021,-122.34335846581884,47.61300024767725,530330080021.0,mdv_D_Diesel,b2b--c33-10497
14383,7367687-1-mdv,b2b-14383,ft-69946,ft-mdv-Gas,530530729061,-122.5544249277511,47.049137874735855,530419703002.0,mdv_G_Gasoline,b2b--c33-10499
14388,6374133-1-mdv,b2b-14388,ft-fc2b6,ft-mdv-Dsl,530330058022,-122.37555670953046,47.63179203615096,530330058022.0,mdv_D_Diesel,b2b--c33-10505
14396,7360315-5-ld1,b2b-14396,ft-46287,ft-ld1-Gas,530330308011,-122.23116437358973,47.28557408648476,530330308011.0,ld1_G_Gasoline,b2b--c33-10561
14404,7360315-2-hdv,b2b-14404,ft-dc074,ft-hdv-Dsl,530330308011,-122.23116437358973,47.28557408648476,530330308011.0,hdv_D_Diesel,b2b--c33-10616
14413,7360315-1-hdt,b2b-14413,ft-f448f,ft-hdt-Dsl,530330308011,-122.23116437358973,47.28557408648476,530330308011.0,hdt_D_Diesel,b2b--c33-10688
14434,6308207-1-mdv,b2b-14434,ft-5d7ca,ft-mdv-Dsl,530530732003,-122.23706641279225,46.78408365659002,530150015023.0,mdv_D_Diesel,b2b--c33-10834
14452,7363203-1-mdv,b2b-14452,ft-dbb68,ft-mdv-Dsl,530330253021,-122.20684388000117,47.496976188087196,530330253021.0,mdv_D_Diesel,b2b--c33-10871
14464,7366558-1-mdv,b2b-14464,ft-0e909,ft-mdv-Dsl,530330203005,-122.34149607393132,47.77400610693101,530330203005.0,mdv_D_Diesel,b2b--c33-10915
14482,6367859-1-mdv,b2b-14482,ft-0db72,ft-mdv-Dsl,530330093003,-122.32662855629528,47.579992023698495,530330093003.0,mdv_D_Diesel,b2b--c33-10947
14483,6322481-1-mdv,b2b-14483,ft-d9122,ft-mdv-Dsl,530330237001,-122.1644454480168,47.6261780032376,530330237001.0,mdv_D_Diesel,b2b--c33-11004
14495,6354087-1-mdv,b2b-14495,ft-2b952,ft-mdv-Dsl,530330112002,-122.32668108265514,47.53543526641629,530330112002.0,mdv_D_Diesel,b2b--c33-11048
14499,6330308-1-mdv,b2b-14499,ft-f0d13,ft-mdv-Dsl,530330292061,-122.24934342818858,47.404675519320314,530330292061.0,mdv_D_Diesel,b2b--c33-11055
14510,7366359-1-mdv,b2b-14510,ft-8f91a,ft-mdv-Dsl,530330109001,-122.30771324581313,47.53077751807729,530330109001.0,mdv_D_Diesel,b2b--c33-11073
14512,6334610-1-mdv,b2b-14512,ft-c3f0c,ft-mdv-Dsl,530330219061,-122.16204049312296,47.74587986514153,530330219061.0,mdv_D_Diesel,b2b--c33-11075
14515,6361673-1-mdv,b2b-14515,ft-d7213,ft-mdv-Dsl,530330263001,-122.29931406747642,47.51610641724396,530330263001.0,mdv_D_Diesel,b2b--c33-11086
14544,6344806-1-mdv,b2b-14544,ft-1d303,ft-mdv-Dsl,530330219061,-122.16635289192482,47.74851334920055,530330219061.0,mdv_D_Diesel,b2b--c33-11207
14556,7364895-2-mdv,b2b-14556,ft-3e504,ft-mdv-Dsl,530330263001,-122.30912517054982,47.53187165962882,530330263001.0,mdv_D_Diesel,b2b--c33-11243
14573,6334612-1-mdv,b2b-14573,ft-b159a,ft-mdv-Gas,530330219031,-122.17355154991938,47.709464141908995,530330219031.0,mdv_G_Gasoline,b2b--c33-11338
14574,6334612-1-mdv,b2b-14574,ft-cc52c,ft-mdv-Gas,530330219031,-122.17355154991938,47.709464141908995,530330219031.0,mdv_G_Gasoline,b2b--c33-11344
14579,6330595-1-mdv,b2b-14579,ft-f7594,ft-mdv-Dsl,530330292061,-122.24414750070115,47.42055770563741,530330292061.0,mdv_D_Diesel,b2b--c33-11356
14612,6355923-1-mdv,b2b-14612,ft-2604c,ft-mdv-Dsl,530330109001,-122.30729539864076,47.530571740513395,530330109001.0,mdv_D_Diesel,b2b--c33-11444
14616,6355923-1-mdv,b2b-14616,ft-ead7b,ft-mdv-Dsl,530330109001,-122.30729539864076,47.530571740513395,530330109001.0,mdv_D_Diesel,b2b--c33-11471
14627,6374089-1-mdv,b2b-14627,ft-c761a,ft-mdv-Dsl,530330058022,-122.37581375979833,47.635195101611345,530330058022.0,mdv_D_Diesel,b2b--c33-11517
14635,7364934-1-mdv,b2b-14635,ft-666de,ft-mdv-Dsl,530330263001,-122.30068266282302,47.52289837547262,530330263001.0,mdv_D_Diesel,b2b--c33-11565
14647,6315061-1-mdv,b2b-14647,ft-35d3f,ft-mdv-Dsl,530610533014,-122.37093627404924,48.2483017317002,530299715002.0,mdv_D_Diesel,b2b--c33-11612
14669,6383854-1-mdv,b2b-14669,ft-dbdd4,ft-mdv-Dsl,530530726023,-122.81375781184049,47.26489576985024,530459611003.0,mdv_D_Diesel,b2b--c33-11699
14673,6383854-1-mdv,b2b-14673,ft-378db,ft-mdv-Dsl,530530726023,-122.81375781184049,47.26489576985024,530459611003.0,mdv_D_Diesel,b2b--c33-11717
14685,6340049-1-mdv,b2b-14685,ft-12624,ft-mdv-Dsl,530330323133,-122.08841381255694,47.669362451707,530330323133.0,mdv_D_Diesel,b2b--c33-11763
14703,6316755-1-mdv,b2b-14703,ft-3dd3a,ft-mdv-Dsl,530330305011,-122.23751303859088,47.30749999733415,530330305011.0,mdv_D_Diesel,b2b--c33-11851
14711,6335622-1-mdv,b2b-14711,ft-aa1a5,ft-mdv-Dsl,530330319041,-122.03786396824401,47.457856156061496,530330319041.0,mdv_D_Diesel,b2b--c33-11925
14713,6335622-1-mdv,b2b-14713,ft-5fe52,ft-mdv-Dsl,530330319041,-122.03786396824401,47.457856156061496,530330319041.0,mdv_D_Diesel,b2b--c33-11927
14762,7189741-2-ld3,b2b-14762,ft-c26ea,ft-ld3-Gas,530530701001,-121.5437370927352,47.12072649438632,20095.0,ld3_G_Gasoline,b2b--c33-12201
14779,6343781-1-mdv,b2b-14779,ft-1f34f,ft-mdv-Gas,530330219041,-122.15378150701584,47.71380652961082,530330219041.0,mdv_G_Gasoline,b2b--c33-12277
14786,6343782-1-mdv,b2b-14786,ft-908ba,ft-mdv-Gas,530330323193,-122.14777319815856,47.76559942664659,530330323193.0,mdv_G_Gasoline,b2b--c33-12283
14800,6348023-1-mdv,b2b-14800,ft-bf347,ft-mdv-Dsl,530330081002,-122.334080584772,47.609432441888025,530330081002.0,mdv_D_Diesel,b2b--c33-12386
14816,6319156-1-mdv,b2b-14816,ft-00aaf,ft-mdv-Dsl,530330303132,-122.32344271165232,47.30086683864125,530330303132.0,mdv_D_Diesel,b2b--c33-12420
14818,7361927-1-mdv,b2b-14818,ft-030a0,ft-mdv-Dsl,530330292061,-122.22628089528823,47.4308253129883,530330292061.0,mdv_D_Diesel,b2b--c33-12432
14825,7361927-1-mdv,b2b-14825,ft-6430,ft-mdv-Dsl,530330292061,-122.22628089528823,47.4308253129883,530330292061.0,mdv_D_Diesel,b2b--c33-12539
14836,6366729-1-mdv,b2b-14836,ft-2fda7,ft-mdv-Dsl,530330012004,-122.3234739286434,47.70634362349888,530330012004.0,mdv_D_Diesel,b2b--c33-12562
14860,7362458-1-mdv,b2b-14860,ft-77425,ft-mdv-Dsl,530330220052,-122.18767277868692,47.708386736962645,530330220052.0,mdv_D_Diesel,b2b--c33-12644
14868,7362458-1-mdv,b2b-14868,ft-2d6c4,ft-mdv-Dsl,530330220052,-122.18767277868692,47.708386736962645,530330220052.0,mdv_D_Diesel,b2b--c33-12730
14875,7360256-1-hdv,b2b-14875,ft-9a064,ft-hdv-Dsl,530330308011,-122.2285018155082,47.27765867542416,530330308011.0,hdv_D_Diesel,b2b--c33-12759
14881,6303071-1-mdv,b2b-14881,ft-22db5,ft-mdv-Gas,530530732003,-122.23706641279225,46.78408365659002,530110405071.0,mdv_G_Gasoline,b2b--c33-12783
14884,7373511-1-mdv,b2b-14884,ft-acb23,ft-mdv-Dsl,530530729061,-122.5544249277511,47.049137874735855,530670125302.0,mdv_D_Diesel,b2b--c33-12790
14890,4966720-1-mdv,b2b-14890,ft-bf3a0,ft-mdv-Dsl,530530730061,-122.34183800719136,46.92931107282429,410099711003.0,mdv_D_Diesel,b2b--c33-12805
14905,6374150-2-ld3,b2b-14905,ft-d89f8,ft-ld3-Gas,530330058023,-122.38195311688298,47.643118093551024,530330058023.0,ld3_G_Gasoline,b2b--c33-12846
14909,6321596-1-mdv,b2b-14909,ft-bbf22,ft-mdv-Dsl,530330237001,-122.16071913750454,47.62482490200577,530330237001.0,mdv_D_Diesel,b2b--c33-12877
14931,6345030-1-mdv,b2b-14931,ft-c9784,ft-mdv-Dsl,530330228033,-122.13572627227693,47.63817599011262,530330228033.0,mdv_D_Diesel,b2b--c33-12939
14937,5037138-1-mdv,b2b-14937,ft-54fc7,ft-mdv-Gas,530530732003,-122.23706641279225,46.78408365659002,410670314032.0,mdv_G_Gasoline,b2b--c33-12956
14949,7365402-1-mdv,b2b-14949,ft-a26ea,ft-mdv-Dsl,530330043011,-122.29604695191998,47.66511483391836,530330043011.0,mdv_D_Diesel,b2b--c33-12983
14986,7455693-1-mdv,b2b-14986,ft-973ae,ft-mdv-Dsl,530330218021,-122.1900606412232,47.77230706608215,530330218021.0,mdv_D_Diesel,b2b--c33-13078
14996,5041021-1-mdv,b2b-14996,ft-f1292,ft-mdv-Gas,530530732003,-122.23706641279225,46.78408365659002,410670320011.0,mdv_G_Gasoline,b2b--c33-13103
14998,5041021-1-mdv,b2b-14998,ft-1672a,ft-mdv-Gas,530530732003,-122.23706641279225,46.78408365659002,410670320011.0,mdv_G_Gasoline,b2b--c33-13117
14999,5025772-1-mdv,b2b-14999,ft-f0841,ft-mdv-Dsl,530530732003,-122.23706641279225,46.78408365659002,410510073001.0,mdv_D_Diesel,b2b--c33-13118
15003,7186740-1-mdv,b2b-15003,ft-25dc9,ft-mdv-Dsl,530530732003,-122.23706641279225,46.78408365659002,410050203043.0,mdv_D_Diesel,b2b--c33-13132
15016,6331784-1-mdv,b2b-15016,ft-ff9d2,ft-mdv-Gas,530330305011,-122.23228990448797,47.343147759404054,530330305011.0,mdv_G_Gasoline,b2b--c33-13215
15027,6353713-1-mdv,b2b-15027,ft-290b2,ft-mdv-Dsl,530330052002,-122.31975117984472,47.654568360364365,530330052002.0,mdv_D_Diesel,b2b--c33-13228
15039,6363459-1-mdv,b2b-15039,ft-86baf,ft-mdv-Dsl,530330080013,-122.35570531502596,47.61798390441332,530330080013.0,mdv_D_Diesel,b2b--c33-13273
15040,6339762-1-mdv,b2b-15040,ft-b4b4a,ft-mdv-Dsl,530330228033,-122.13858024373948,47.63659642562593,530330228033.0,mdv_D_Diesel,b2b--c33-13293
15047,7367101-1-mdv,b2b-15047,ft-6c545,ft-mdv-Dsl,530330058014,-122.38973327139328,47.661389089279616,530330058014.0,mdv_D_Diesel,b2b--c33-13364
15054,7367101-1-mdv,b2b-15054,ft-4cd1c,ft-mdv-Dsl,530330058014,-122.38973327139328,47.661389089279616,530330058014.0,mdv_D_Diesel,b2b--c33-13412
15060,8239697-1-hdt,b2b-15060,ft-0f30d,ft-hdt-Dsl,530330109002,-122.31402361010734,47.547076104631685,530330109002.0,hdt_D_Diesel,b2b--c33-13426
15069,6356100-1-hdt,b2b-15069,ft-9671d,ft-hdt-Dsl,530330093003,-122.32483491363864,47.571209095011774,530330093003.0,hdt_D_Diesel,b2b--c33-13438
15072,6317234-2-mdv,b2b-15072,ft-bccbb,ft-mdv-Gas,530330308011,-122.23241447732931,47.30041544770686,530330308011.0,mdv_G_Gasoline,b2b--c33-13484
15078,6317234-2-mdv,b2b-15078,ft-a7d80,ft-mdv-Gas,530330308011,-122.23241447732931,47.30041544770686,530330308011.0,mdv_G_Gasoline,b2b--c33-13481
15086,6362085-1-hdt,b2b-15086,ft-63ddf,ft-hdt-Dsl,530330058023,-122.38157743924758,47.63344913125084,530330058023.0,hdt_D_Diesel,b2b--c33-13657
15090,6362085-1-hdt,b2b-15090,ft-e0a9f,ft-hdv-Dsl,530330058023,-122.38157743924758,47.63344913125084,530330058023.0,hdv_D_Diesel,b2b--c33-13598
15092,6362085-1-hdt,b2b-15092,ft-2996e,ft-hdt-Dsl,530330058023,-122.38157743924758,47.63344913125084,530330058023.0,hdt_D_Diesel,b2b--c33-13600
15096,6362085-1-hdt,b2b-15096,ft-e91f6,ft-hdt-Dsl,530330058023,-122.38157743924758,47.63344913125084,530330058023.0,hdt_D_Diesel,b2b--c33-13651
15098,6362085-1-hdt,b2b-15098,ft-61abb,ft-hdt-Dsl,530330058023,-122.38157743924758,47.63344913125084,530330058023.0,hdt_D_Diesel,b2b--c33-13653
15114,6316437-1-hdt,b2b-15114,ft-70e66,ft-hdv-Dsl,530330309011,-122.24376449512354,47.28732294001503,530330309011.0,hdv_D_Diesel,b2b--c33-13690
15123,6329176-4-mdv,b2b-15123,ft-d798d,ft-mdv-Dsl,530330217005,-122.24162164476208,47.757158940785736,530330217005.0,mdv_D_Diesel,b2b--c33-13741
15128,6329176-4-ld3,b2b-15128,ft-bc032,ft-ld3-Dsl,530330217005,-122.24162164476208,47.757158940785736,530330217005.0,ld3_D_Diesel,b2b--c33-13779
15130,6329176-2-ld1,b2b-15130,ft-cdd09,ft-ld1-Gas,530330217005,-122.24162164476208,47.757158940785736,530330217005.0,ld1_G_Gasoline,b2b--c33-13780
15134,6362085-2-hdv,b2b-15134,ft-5bded,ft-hdv-Dsl,530330058023,-122.38157743924758,47.63344913125084,530330058023.0,hdv_D_Diesel,b2b--c33-13795
15141,6371136-1-hdt,b2b-15141,ft-45ca6,ft-hdt-Dsl,530330263001,-122.29588083512216,47.51521574352074,530330263001.0,hdt_D_Diesel,b2b--c33-13852
15145,6371136-1-hdt,b2b-15145,ft-ecafa,ft-hdt-Dsl,530330263001,-122.29588083512216,47.51521574352074,530330263001.0,hdt_D_Diesel,b2b--c33-13856
15149,6371136-1-hdt,b2b-15149,ft-7f9d0,ft-hdt-Dsl,530330263001,-122.29588083512216,47.51521574352074,530330263001.0,hdt_D_Diesel,b2b--c33-13909
15155,6371136-1-hdt,b2b-15155,ft-148a9,ft-hdv-Dsl,530330263001,-122.29588083512216,47.51521574352074,530330263001.0,hdv_D_Diesel,b2b--c33-13915
15172,6330926-1-hdt,b2b-15172,ft-4dbdc,ft-hdt-Dsl,530330292061,-122.22226190877767,47.40356645295578,530330292061.0,hdt_D_Diesel,b2b--c33-14112
15174,6330926-1-hdt,b2b-15174,ft-a1cc9,ft-hdv-Dsl,530330292061,-122.22226190877767,47.40356645295578,530330292061.0,hdv_D_Diesel,b2b--c33-14114
15176,6330926-1-hdt,b2b-15176,ft-aa97a,ft-hdt-Dsl,530330292061,-122.22226190877767,47.40356645295578,530330292061.0,hdt_D_Diesel,b2b--c33-14116
15179,6330926-2-hdv,b2b-15179,ft-1b4f5,ft-hdv-Dsl,530330292061,-122.22226190877767,47.40356645295578,530330292061.0,hdv_D_Diesel,b2b--c33-14119
15203,6302274-1-hdt,b2b-15203,ft-ca4ef,ft-hdt-Dsl,530530732003,-122.23706641279225,46.78408365659002,530110410052.0,hdt_D_Diesel,b2b--c33-14213
15220,5049528-1-mdv,b2b-15220,ft-6036b,ft-mdv-Dsl,530530732003,-122.23706641279225,46.78408365659002,410710303011.0,mdv_D_Diesel,b2b--c33-14276
15245,6337383-1-mdv,b2b-15245,ft-79bf4,ft-mdv-Gas,530330327043,-121.79673949321666,47.5049403689602,530330327043.0,mdv_G_Gasoline,b2b--c33-14312
15247,6337383-1-mdv,b2b-15247,ft-d277a,ft-mdv-Gas,530330327043,-121.79673949321666,47.5049403689602,530330327043.0,mdv_G_Gasoline,b2b--c33-14314
15256,6337383-1-mdv,b2b-15256,ft-c4cb2,ft-mdv-Gas,530330327043,-121.79673949321666,47.5049403689602,530330327043.0,mdv_G_Gasoline,b2b--c33-14468
15261,6337383-1-mdv,b2b-15261,ft-3dc8d,ft-mdv-Gas,530330327043,-121.79673949321666,47.5049403689602,530330327043.0,mdv_G_Gasoline,b2b--c33-14473
15263,6337383-1-mdv,b2b-15263,ft-e0e42,ft-mdv-Gas,530330327043,-121.79673949321666,47.5049403689602,530330327043.0,mdv_G_Gasoline,b2b--c33-14475
15266,6337383-1-mdv,b2b-15266,ft-21b72,ft-mdv-Gas,530330327043,-121.79673949321666,47.5049403689602,530330327043.0,mdv_G_Gasoline,b2b--c33-14478
15276,7193745-1-mdv,b2b-15276,ft-f638f,ft-mdv-Dsl,530530732003,-122.23706641279225,46.78408365659002,410510067012.0,mdv_D_Diesel,b2b--c33-14501
15292,6339566-1-mdv,b2b-15292,ft-73700,ft-mdv-Dsl,530330228031,-122.13696085701186,47.64945908005394,530330228031.0,mdv_D_Diesel,b2b--c33-14551
15300,7363019-1-mdv,b2b-15300,ft-58c0f,ft-mdv-Dsl,530330323133,-122.09341300503718,47.66575656711248,530330323133.0,mdv_D_Diesel,b2b--c33-14559
15301,7363019-1-mdv,b2b-15301,ft-ac38a,ft-mdv-Dsl,530330323133,-122.09341300503718,47.66575656711248,530330323133.0,mdv_D_Diesel,b2b--c33-14560
15317,7361054-1-mdv,b2b-15317,ft-c5a2b,ft-mdv-Dsl,530330237001,-122.16703022661171,47.625604614610445,530330237001.0,mdv_D_Diesel,b2b--c33-14643
15323,7361054-1-mdv,b2b-15323,ft-42ef3,ft-mdv-Dsl,530330237001,-122.16703022661171,47.625604614610445,530330237001.0,mdv_D_Diesel,b2b--c33-14649
15324,7361054-1-mdv,b2b-15324,ft-4b431,ft-mdv-Dsl,530330237001,-122.16703022661171,47.625604614610445,530330237001.0,mdv_D_Diesel,b2b--c33-14650
15329,7361054-1-mdv,b2b-15329,ft-dfa7b,ft-mdv-Dsl,530330237001,-122.16703022661171,47.625604614610445,530330237001.0,mdv_D_Diesel,b2b--c33-14655
15331,7361054-1-mdv,b2b-15331,ft-f7f77,ft-mdv-Dsl,530330237001,-122.16703022661171,47.625604614610445,530330237001.0,mdv_D_Diesel,b2b--c33-14657
15333,7361054-1-mdv,b2b-15333,ft-249c1,ft-mdv-Dsl,530330237001,-122.16703022661171,47.625604614610445,530330237001.0,mdv_D_Diesel,b2b--c33-14738
15337,7361054-1-mdv,b2b-15337,ft-1d983,ft-mdv-Dsl,530330237001,-122.16703022661171,47.625604614610445,530330237001.0,mdv_D_Diesel,b2b--c33-14742
15374,6355277-1-mdv,b2b-15374,ft-b79ff,ft-mdv-Dsl,530330047001,-122.3660861659302,47.66880611169359,530330047001.0,mdv_D_Diesel,b2b--c33-14829
15391,7361541-1-mdv,b2b-15391,ft-0e7b6,ft-mdv-Dsl,530330322103,-122.01871770310706,47.535258085864314,530330322103.0,mdv_D_Diesel,b2b--c33-14890
15394,6346939-1-mdv,b2b-15394,ft-6c52a,ft-mdv-Dsl,530330072001,-122.33853376850658,47.61618256721919,530330072001.0,mdv_D_Diesel,b2b--c33-14905
15399,6346938-1-mdv,b2b-15399,ft-414af,ft-mdv-Dsl,530330072001,-122.33850401519065,47.622875540845456,530330072001.0,mdv_D_Diesel,b2b--c33-14919
15400,6370798-1-mdv,b2b-15400,ft-8fba9,ft-mdv-Gas,530330279001,-122.34771583235985,47.46677833851514,530330279001.0,mdv_G_Gasoline,b2b--c33-14931
15405,6334843-2-mdv,b2b-15405,ft-19821,ft-mdv-Gas,530330220013,-122.18711395375394,47.74712792397822,530330220013.0,mdv_G_Gasoline,b2b--c33-14938
15420,6332877-1-mdv,b2b-15420,ft-7bc27,ft-mdv-Gas,530330225004,-122.20275601356649,47.67110431288701,530330225004.0,mdv_G_Gasoline,b2b--c33-14981
15441,6353531-1-hdt,b2b-15441,ft-dd1f0,ft-hdt-Dsl,530330054003,-122.3416832753556,47.64913895385968,530330054003.0,hdt_D_Diesel,b2b--c33-15061
15449,7365422-1-mdv,b2b-15449,ft-e74aa,ft-mdv-Dsl,530330020002,-122.31806813983577,47.6978335514918,530330020002.0,mdv_D_Diesel,b2b--c33-15102
15452,7371622-1-mdv,b2b-15452,ft-a07fd,ft-mdv-Dsl,530610537001,-121.31300181346782,48.04698207479564,530630104012.0,mdv_D_Diesel,b2b--c33-15105
15455,7364853-1-mdv,b2b-15455,ft-08b77,ft-mdv-Dsl,530330093002,-122.325710382773,47.593877640019464,530330093002.0,mdv_D_Diesel,b2b--c33-15115
15473,7363488-1-mdv,b2b-15473,ft-62532,ft-mdv-Dsl,530330218021,-122.18061884754364,47.77620177444031,530330218021.0,mdv_D_Diesel,b2b--c33-15172
15489,7455715-1-mdv,b2b-15489,ft-6d017,ft-mdv-Gas,530330292061,-122.22259037261603,47.406447905168505,530330292061.0,mdv_G_Gasoline,b2b--c33-15203
15490,7373437-3-mdv,b2b-15490,ft-80f0f,ft-mdv-Dsl,530530726032,-122.77382693312865,47.188210163000925,530670101001.0,mdv_D_Diesel,b2b--c33-15205
15492,7373437-1-mdv,b2b-15492,ft-73141,ft-mdv-Dsl,530530726032,-122.77382693312865,47.188210163000925,530670101001.0,mdv_D_Diesel,b2b--c33-15207
15498,7365014-1-hdt,b2b-15498,ft-11351,ft-hdt-Dsl,530330093002,-122.32770396922236,47.59550912228994,530330093002.0,hdt_D_Diesel,b2b--c33-15216
15500,7365014-1-hdt,b2b-15500,ft-ae215,ft-hdt-Dsl,530330093002,-122.32770396922236,47.59550912228994,530330093002.0,hdt_D_Diesel,b2b--c33-15218
15503,7365014-1-hdt,b2b-15503,ft-0f95a,ft-hdt-Dsl,530330093002,-122.32770396922236,47.59550912228994,530330093002.0,hdt_D_Diesel,b2b--c33-15265
15506,7365014-1-hdt,b2b-15506,ft-d6fc8,ft-hdt-Dsl,530330093002,-122.32770396922236,47.59550912228994,530330093002.0,hdt_D_Diesel,b2b--c33-15268
15514,6343751-1-mdv,b2b-15514,ft-e4df9,ft-mdv-Dsl,530330219061,-122.15957954340743,47.74303288347615,530330219061.0,mdv_D_Diesel,b2b--c33-15277
15528,7361811-1-mdv,b2b-15528,ft-623dd,ft-mdv-Gas,530330292061,-122.24942370400656,47.40593968469092,530330292061.0,mdv_G_Gasoline,b2b--c33-15337
15530,7361811-1-mdv,b2b-15530,ft-38a84,ft-mdv-Gas,530330292061,-122.24942370400656,47.40593968469092,530330292061.0,mdv_G_Gasoline,b2b--c33-15339
15553,6326725-1-mdv,b2b-15553,ft-ede9a,ft-mdv-Dsl,530330314002,-121.98446955495703,47.21032155665573,530330314002.0,mdv_D_Diesel,b2b--c33-15452
15580,7362795-5-mdv,b2b-15580,ft-4b56a,ft-mdv-Dsl,530330228033,-122.1363096708276,47.64597846834637,530330228033.0,mdv_D_Diesel,b2b--c33-15603
15596,7363422-2-hdv,b2b-15596,ft-6b9b6,ft-hdv-Dsl,530330323191,-122.15131567175816,47.7705777242169,530330323191.0,hdv_D_Diesel,b2b--c33-15672
15631,6338081-1-mdv,b2b-15631,ft-542ff,ft-mdv-Dsl,530330323133,-122.08334866966914,47.67560453535347,530330323133.0,mdv_D_Diesel,b2b--c33-15817
15640,6325575-1-mdv,b2b-15640,ft-d40aa,ft-mdv-Gas,530330218022,-122.17117834613136,47.75772973838155,530330218022.0,mdv_G_Gasoline,b2b--c33-15860
15645,7455781-1-mdv,b2b-15645,ft-6ed72,ft-mdv-Gas,530330323133,-122.09358783419384,47.673187433060676,530330323133.0,mdv_G_Gasoline,b2b--c33-15864
15660,7361358-1-mdv,b2b-15660,ft-5576f,ft-mdv-Gas,530330218021,-122.19010264962074,47.77178923205983,530330218021.0,mdv_G_Gasoline,b2b--c33-15926
15675,7455782-1-mdv,b2b-15675,ft-3d08c,ft-mdv-Dsl,530330323252,-122.11307969626485,47.6929697869289,530330323252.0,mdv_D_Diesel,b2b--c33-15981
15689,7461543-1-mdv,b2b-15689,ft-a8d0e,ft-mdv-Dsl,530330218042,-122.19918833093534,47.76110618269041,530330218042.0,mdv_D_Diesel,b2b--c33-16022
15690,7461543-1-mdv,b2b-15690,ft-6d533,ft-mdv-Dsl,530330218042,-122.19918833093534,47.76110618269041,530330218042.0,mdv_D_Diesel,b2b--c33-16023
15697,6333853-1-mdv,b2b-15697,ft-c8aec,ft-mdv-Dsl,530330226051,-122.1541593355107,47.70919363614307,530330226051.0,mdv_D_Diesel,b2b--c33-16063
15699,6333853-1-mdv,b2b-15699,ft-7290d,ft-mdv-Dsl,530330226051,-122.1541593355107,47.70919363614307,530330226051.0,mdv_D_Diesel,b2b--c33-16065
15700,6333853-1-mdv,b2b-15700,ft-9408c,ft-mdv-Dsl,530330226051,-122.1541593355107,47.70919363614307,530330226051.0,mdv_D_Diesel,b2b--c33-16097
15730,6338471-1-mdv,b2b-15730,ft-ed2e8,ft-mdv-Dsl,530330228033,-122.13891147639328,47.63484891018205,530330228033.0,mdv_D_Diesel,b2b--c33-16268
15764,6359069-1-mdv,b2b-15764,ft-cb081,ft-mdv-Gas,530330043011,-122.29513171017805,47.66346953728954,530330043011.0,mdv_G_Gasoline,b2b--c33-16433
15773,4964662-1-hdt,b2b-15773,ft-5dad7,ft-hdt-Dsl,530530732003,-122.23706641279225,46.78408365659002,410050210002.0,hdt_D_Diesel,b2b--c33-16453
15776,4964662-1-hdt,b2b-15776,ft-afc44,ft-hdt-Dsl,530530732003,-122.23706641279225,46.78408365659002,410050210002.0,hdt_D_Diesel,b2b--c33-16476
15795,7362337-1-mdv,b2b-15795,ft-a355a,ft-mdv-Dsl,530330225004,-122.2086062175308,47.67634442273611,530330225004.0,mdv_D_Diesel,b2b--c33-16535
15805,6332198-1-mdv,b2b-15805,ft-8cba7,ft-mdv-Dsl,530330305011,-122.23670578816484,47.303983455342106,530330305011.0,mdv_D_Diesel,b2b--c33-16547
15813,6332198-1-mdv,b2b-15813,ft-927b1,ft-mdv-Dsl,530330305011,-122.23670578816484,47.303983455342106,530330305011.0,mdv_D_Diesel,b2b--c33-16619
15815,6332198-1-mdv,b2b-15815,ft-5390f,ft-mdv-Dsl,530330305011,-122.23670578816484,47.303983455342106,530330305011.0,mdv_D_Diesel,b2b--c33-16621
15822,6341758-2-hdv,b2b-15822,ft-ef58d,ft-hdv-Dsl,530330253021,-122.2063836287531,47.497387571911,530330253021.0,hdv_D_Diesel,b2b--c33-16649
15826,5019957-2-hdt,b2b-15826,ft-d746b,ft-hdt-Dsl,530530732003,-122.23706641279225,46.78408365659002,410510027021.0,hdt_D_Diesel,b2b--c33-16668
15836,7361956-2-hdv,b2b-15836,ft-d7532,ft-hdv-Dsl,530330292061,-122.24417456522104,47.406536786368044,530330292061.0,hdv_D_Diesel,b2b--c33-16700
15841,5011512-2-hdv,b2b-15841,ft-bad3b,ft-hdv-Dsl,530530732003,-122.23706641279225,46.78408365659002,410510011021.0,hdv_D_Diesel,b2b--c33-16712
15842,5011512-1-hdt,b2b-15842,ft-72a50,ft-hdt-Dsl,530530732003,-122.23706641279225,46.78408365659002,410510011021.0,hdt_D_Diesel,b2b--c33-16719
15868,6365107-1-mdv,b2b-15868,ft-caa18,ft-mdv-Dsl,530330211004,-122.30215375600685,47.74181423863034,530330211004.0,mdv_D_Diesel,b2b--c33-16823
15874,6368402-1-mdv,b2b-15874,ft-f3606,ft-mdv-Dsl,530330093003,-122.33321351798156,47.58148379195424,530330093003.0,mdv_D_Diesel,b2b--c33-16838
15887,7362299-1-mdv,b2b-15887,ft-92b55,ft-mdv-Dsl,530330226051,-122.15134937495593,47.69892261780621,530330226051.0,mdv_D_Diesel,b2b--c33-16882
15901,6435928-1-mdv,b2b-15901,ft-74f2b,ft-mdv-Dsl,530530729061,-122.5544249277511,47.049137874735855,530670108005.0,mdv_D_Diesel,b2b--c33-16934
15902,6382364-1-mdv,b2b-15902,ft-c3de1,ft-mdv-Dsl,530530729061,-122.5544249277511,47.049137874735855,530419714002.0,mdv_D_Diesel,b2b--c33-16935
15911,6341305-1-mdv,b2b-15911,ft-14bff,ft-mdv-Dsl,530330262001,-122.22359913425565,47.44880275475357,530330262001.0,mdv_D_Diesel,b2b--c33-16981
15917,7455840-1-hdt,b2b-15917,ft-f726d,ft-hdt-Dsl,530330326021,-121.87397185713138,47.52847473463318,530330326021.0,hdt_D_Diesel,b2b--c33-16990
15923,7455840-1-hdt,b2b-15923,ft-2054c,ft-hdt-Dsl,530330326021,-121.87397185713138,47.52847473463318,530330326021.0,hdt_D_Diesel,b2b--c33-17049
15928,7455840-3-ld3,b2b-15928,ft-48021,ft-ld3-Dsl,530330326021,-121.87397185713138,47.52847473463318,530330326021.0,ld3_D_Diesel,b2b--c33-17075
15932,6344012-1-mdv,b2b-15932,ft-738ab,ft-mdv-Dsl,530330219061,-122.15554133586964,47.737329085951295,530330219061.0,mdv_D_Diesel,b2b--c33-17082
15934,6344012-1-mdv,b2b-15934,ft-8abbd,ft-mdv-Dsl,530330219061,-122.15554133586964,47.737329085951295,530330219061.0,mdv_D_Diesel,b2b--c33-17086
15947,6330944-1-hdt,b2b-15947,ft-5ac9d,ft-hdv-Dsl,530330292061,-122.24955460800798,47.40339056347397,530330292061.0,hdv_D_Diesel,b2b--c33-17104
15967,6330944-1-hdt,b2b-15967,ft-f8f52,ft-hdt-Dsl,530330292061,-122.24955460800798,47.40339056347397,530330292061.0,hdt_D_Diesel,b2b--c33-17124
15969,6330944-1-hdt,b2b-15969,ft-fe819,ft-hdt-Dsl,530330292061,-122.24955460800798,47.40339056347397,530330292061.0,hdt_D_Diesel,b2b--c33-17126
15971,6330944-1-hdt,b2b-15971,ft-fcf66,ft-hdt-Dsl,530330292061,-122.24955460800798,47.40339056347397,530330292061.0,hdt_D_Diesel,b2b--c33-17128
15973,6330944-1-hdt,b2b-15973,ft-caa05,ft-hdt-Dsl,530330292061,-122.24955460800798,47.40339056347397,530330292061.0,hdt_D_Diesel,b2b--c33-17130
15974,6330944-1-hdt,b2b-15974,ft-5590b,ft-hdt-Dsl,530330292061,-122.24955460800798,47.40339056347397,530330292061.0,hdt_D_Diesel,b2b--c33-17131
15988,6330944-1-hdt,b2b-15988,ft-8b610,ft-hdt-Dsl,530330292061,-122.24955460800798,47.40339056347397,530330292061.0,hdt_D_Diesel,b2b--c33-17416
15998,6330944-1-hdt,b2b-15998,ft-a11c0,ft-hdt-Dsl,530330292061,-122.24955460800798,47.40339056347397,530330292061.0,hdt_D_Diesel,b2b--c33-17426
16011,6330944-1-hdt,b2b-16011,ft-3b317,ft-hdt-Dsl,530330292061,-122.24955460800798,47.40339056347397,530330292061.0,hdt_D_Diesel,b2b--c33-17439
16012,6330944-1-hdt,b2b-16012,ft-047e8,ft-hdv-Dsl,530330292061,-122.24955460800798,47.40339056347397,530330292061.0,hdv_D_Diesel,b2b--c33-17440
16023,6330944-2-hdv,b2b-16023,ft-d744d,ft-hdv-Dsl,530330292061,-122.24955460800798,47.40339056347397,530330292061.0,hdv_D_Diesel,b2b--c33-17452
16046,7360295-1-mdv,b2b-16046,ft-68b31,ft-mdv-Dsl,530330308011,-122.2309539036402,47.274204154743714,530330308011.0,mdv_D_Diesel,b2b--c33-17819
16054,6367802-1-hdt,b2b-16054,ft-6a2be,ft-hdt-Dsl,530330109001,-122.3077538286494,47.53098864460131,530330109001.0,hdt_D_Diesel,b2b--c33-17844
16082,6367802-1-hdt,b2b-16082,ft-1995d,ft-hdt-Dsl,530330109001,-122.3077538286494,47.53098864460131,530330109001.0,hdt_D_Diesel,b2b--c33-17872
16083,6367802-1-hdt,b2b-16083,ft-f4deb,ft-hdt-Dsl,530330109001,-122.3077538286494,47.53098864460131,530330109001.0,hdt_D_Diesel,b2b--c33-17873
16088,6367802-1-hdt,b2b-16088,ft-52aec,ft-hdt-Dsl,530330109001,-122.3077538286494,47.53098864460131,530330109001.0,hdt_D_Diesel,b2b--c33-17878
16092,6367802-1-hdt,b2b-16092,ft-a50f0,ft-hdv-Dsl,530330109001,-122.3077538286494,47.53098864460131,530330109001.0,hdv_D_Diesel,b2b--c33-18132
16123,6367802-2-hdv,b2b-16123,ft-20982,ft-hdv-Dsl,530330109001,-122.3077538286494,47.53098864460131,530330109001.0,hdv_D_Diesel,b2b--c33-18166
16124,6367802-2-hdv,b2b-16124,ft-11899,ft-hdv-Dsl,530330109001,-122.3077538286494,47.53098864460131,530330109001.0,hdv_D_Diesel,b2b--c33-18168
16127,6367802-2-hdv,b2b-16127,ft-6c6e6,ft-hdv-Dsl,530330109001,-122.3077538286494,47.53098864460131,530330109001.0,hdv_D_Diesel,b2b--c33-18172
16138,6367802-2-hdv,b2b-16138,ft-e4ccf,ft-hdv-Dsl,530330109001,-122.3077538286494,47.53098864460131,530330109001.0,hdv_D_Diesel,b2b--c33-18278
16139,6367802-2-hdv,b2b-16139,ft-59243,ft-hdv-Dsl,530330109001,-122.3077538286494,47.53098864460131,530330109001.0,hdv_D_Diesel,b2b--c33-18279
16141,6367802-2-hdv,b2b-16141,ft-15e7e,ft-hdv-Dsl,530330109001,-122.3077538286494,47.53098864460131,530330109001.0,hdv_D_Diesel,b2b--c33-18281
16145,6367802-2-ld1,b2b-16145,ft-db136,ft-ld1-Gas,530330109001,-122.3077538286494,47.53098864460131,530330109001.0,ld1_G_Gasoline,b2b--c33-18297
16146,6367802-2-ld3,b2b-16146,ft-abace,ft-ld3-Gas,530330109001,-122.3077538286494,47.53098864460131,530330109001.0,ld3_G_Gasoline,b2b--c33-18565
16156,7364747-1-mdv,b2b-16156,ft-3a21e,ft-mdv-Gas,530330047002,-122.37069197359591,47.66353224993819,530330047002.0,mdv_G_Gasoline,b2b--c33-18599
16160,5032291-1-mdv,b2b-16160,ft-9e8ae,ft-mdv-Dsl,530530732003,-122.23706641279225,46.78408365659002,410530203025.0,mdv_D_Diesel,b2b--c33-18611
16179,7442505-1-mdv,b2b-16179,ft-0da0e,ft-mdv-Dsl,530530732003,-122.23706641279225,46.78408365659002,410510048001.0,mdv_D_Diesel,b2b--c33-18689
16182,6433585-1-mdv,b2b-16182,ft-a5b8f,ft-mdv-Dsl,530530729061,-122.5544249277511,47.049137874735855,530670117202.0,mdv_D_Diesel,b2b--c33-18697
16194,7364888-1-mdv,b2b-16194,ft-4c5c8,ft-mdv-Gas,530330109001,-122.30779564280311,47.53113406909762,530330109001.0,mdv_G_Gasoline,b2b--c33-18735
16195,6368507-1-mdv,b2b-16195,ft-4dadf,ft-mdv-Gas,530330093002,-122.33416827944596,47.59164321609873,530330093002.0,mdv_G_Gasoline,b2b--c33-18740
16201,6357302-1-mdv,b2b-16201,ft-93ca4,ft-mdv-Dsl,530330073001,-122.32884236167912,47.62426054572888,530330073001.0,mdv_D_Diesel,b2b--c33-18757
16217,7362007-1-mdv,b2b-16217,ft-b0842,ft-mdv-Gas,530330292061,-122.22361587740745,47.412108672277206,530330292061.0,mdv_G_Gasoline,b2b--c33-18790
16220,6355818-1-mdv,b2b-16220,ft-1918f,ft-mdv-Dsl,530330093003,-122.32398058435588,47.57145252970741,530330093003.0,mdv_D_Diesel,b2b--c33-18794
16221,6370963-1-mdv,b2b-16221,ft-0991a,ft-mdv-Dsl,530330263001,-122.30045497511829,47.51592045165612,530330263001.0,mdv_D_Diesel,b2b--c33-18795
16227,6382413-1-mdv,b2b-16227,ft-206d1,ft-mdv-Dsl,530530729061,-122.5544249277511,47.049137874735855,530419714002.0,mdv_D_Diesel,b2b--c33-18806
16236,6316943-1-mdv,b2b-16236,ft-c2780,ft-mdv-Dsl,530330309011,-122.25507926480198,47.29069807640465,530330309011.0,mdv_D_Diesel,b2b--c33-18819
16273,6354033-1-mdv,b2b-16273,ft-ee22b,ft-mdv-Dsl,530330042003,-122.2945974775519,47.66310068612213,530330042003.0,mdv_D_Diesel,b2b--c33-18889
16280,6354033-1-mdv,b2b-16280,ft-bc832,ft-mdv-Dsl,530330042003,-122.2945974775519,47.66310068612213,530330042003.0,mdv_D_Diesel,b2b--c33-18956
16285,6354033-1-mdv,b2b-16285,ft-813ca,ft-mdv-Dsl,530330042003,-122.2945974775519,47.66310068612213,530330042003.0,mdv_D_Diesel,b2b--c33-18962
16290,6339712-1-mdv,b2b-16290,ft-4d0f2,ft-mdv-Dsl,530330323091,-122.13971528712312,47.68224556675047,530330323091.0,mdv_D_Diesel,b2b--c33-18970
16325,7362348-1-mdv,b2b-16325,ft-8c5b4,ft-mdv-Dsl,530330226051,-122.14990471558448,47.69544868952928,530330226051.0,mdv_D_Diesel,b2b--c33-19114
16331,6354032-1-mdv,b2b-16331,ft-21fd3,ft-mdv-Gas,530330054002,-122.33618373528948,47.646785333931874,530330054002.0,mdv_G_Gasoline,b2b--c33-19142
16334,6354032-1-mdv,b2b-16334,ft-168eb,ft-mdv-Gas,530330054002,-122.33618373528948,47.646785333931874,530330054002.0,mdv_G_Gasoline,b2b--c33-19157
16339,6344657-1-mdv,b2b-16339,ft-7516b,ft-mdv-Dsl,530330218022,-122.18275027443387,47.760720973657044,530330218022.0,mdv_D_Diesel,b2b--c33-19165
16342,6330927-1-mdv,b2b-16342,ft-f8c14,ft-mdv-Dsl,530330283003,-122.25660207344188,47.441410969010384,530330283003.0,mdv_D_Diesel,b2b--c33-19171
16362,6359828-1-mdv,b2b-16362,ft-2548f,ft-mdv-Dsl,530330106001,-122.3766018758728,47.54429753977698,530330106001.0,mdv_D_Diesel,b2b--c33-19286
16402,6364947-1-mdv,b2b-16402,ft-c559d,ft-mdv-Dsl,530330012005,-122.33025203222353,47.704938128312314,530330012005.0,mdv_D_Diesel,b2b--c33-19398
16411,6358408-1-mdv,b2b-16411,ft-8cc34,ft-mdv-Dsl,530330075004,-122.3168079915358,47.615691611795626,530330075004.0,mdv_D_Diesel,b2b--c33-19426
16413,6358409-1-mdv,b2b-16413,ft-f0088,ft-mdv-Gas,530330061001,-122.31761928380271,47.64776365228689,530330061001.0,mdv_G_Gasoline,b2b--c33-19433
16414,6349759-1-mdv,b2b-16414,ft-0392f,ft-mdv-Dsl,530330048003,-122.36163299074788,47.65591161225683,530330048003.0,mdv_D_Diesel,b2b--c33-19436
16448,6331316-1-mdv,b2b-16448,ft-b6d67,ft-mdv-Dsl,530330292061,-122.23156772928012,47.4229276615927,530330292061.0,mdv_D_Diesel,b2b--c33-19563
16453,7361948-1-mdv,b2b-16453,ft-67cda,ft-mdv-Dsl,530330283003,-122.24792564435238,47.43531342530143,530330283003.0,mdv_D_Diesel,b2b--c33-19585
16456,7363462-1-mdv,b2b-16456,ft-d14a1,ft-mdv-Dsl,530330218021,-122.18031809989122,47.77086411111497,530330218021.0,mdv_D_Diesel,b2b--c33-19595
16469,6365968-1-mdv,b2b-16469,ft-f1210,ft-mdv-Dsl,530330099004,-122.3697495034238,47.57225892090391,530330099004.0,mdv_D_Diesel,b2b--c33-19629
16503,7366481-1-hdt,b2b-16503,ft-03dfe,ft-hdt-Dsl,530330090001,-122.30511586756738,47.598985220902,530330090001.0,hdt_D_Diesel,b2b--c33-19759
16523,6316345-5-mdv,b2b-16523,ft-0273d,ft-mdv-Dsl,530330308013,-122.2288582900577,47.27783342162906,530330308013.0,mdv_D_Diesel,b2b--c33-19901
16559,6317988-1-hdt,b2b-16559,ft-c06bd,ft-hdt-Dsl,530330300032,-122.31078017051978,47.35561542174692,530330300032.0,hdt_D_Diesel,b2b--c33-20082
16576,6366326-2-ld1,b2b-16576,ft-12088,ft-ld1-Gas,530330014003,-122.36204009365451,47.70170883413057,530330014003.0,ld1_G_Gasoline,b2b--c33-20161
16583,7361998-2-hdv,b2b-16583,ft-206c7,ft-hdv-Dsl,530330292061,-122.23143700758558,47.42154096182831,530330292061.0,hdv_D_Diesel,b2b--c33-20170
16584,7361998-2-hdv,b2b-16584,ft-a63ec,ft-hdv-Dsl,530330292061,-122.23143700758558,47.42154096182831,530330292061.0,hdv_D_Diesel,b2b--c33-20214
16588,7361998-5-mdv,b2b-16588,ft-45a2a,ft-mdv-Dsl,530330292061,-122.23143700758558,47.42154096182831,530330292061.0,mdv_D_Diesel,b2b--c33-20236
16589,7361998-1-hdt,b2b-16589,ft-ae7c8,ft-hdt-Dsl,530330292061,-122.23143700758558,47.42154096182831,530330292061.0,hdt_D_Diesel,b2b--c33-20276
16598,6356034-1-mdv,b2b-16598,ft-6d268,ft-mdv-Dsl,530330263001,-122.30368350760376,47.52725877564427,530330263001.0,mdv_D_Diesel,b2b--c33-20302
16600,7361000-2-mdv,b2b-16600,ft-29850,ft-mdv-Dsl,530330237003,-122.18525710203123,47.63147430297819,530330237003.0,mdv_D_Diesel,b2b--c33-20303
16604,7361000-2-mdv,b2b-16604,ft-fdce7,ft-mdv-Dsl,530330237003,-122.18525710203123,47.63147430297819,530330237003.0,mdv_D_Diesel,b2b--c33-20307
16613,6360542-1-mdv,b2b-16613,ft-e314d,ft-mdv-Dsl,530330032003,-122.39269800059193,47.668554812408296,530330032003.0,mdv_D_Diesel,b2b--c33-20370
16620,6354746-1-hdt,b2b-16620,ft-fd538,ft-hdt-Dsl,530330047003,-122.37722717466283,47.6686733425487,530330047003.0,hdt_D_Diesel,b2b--c33-20393
16626,6362464-1-hdt,b2b-16626,ft-e0fcf,ft-hdt-Dsl,530330071002,-122.35809762610356,47.62271312648639,530330071002.0,hdt_D_Diesel,b2b--c33-20404
16646,7363915-3-mdv,b2b-16646,ft-6600a,ft-mdv-Gas,530330081002,-122.3322496504924,47.60406911770596,530330081002.0,mdv_G_Gasoline,b2b--c33-20496
16648,7363915-3-mdv,b2b-16648,ft-a3f0f,ft-mdv-Gas,530330081002,-122.3322496504924,47.60406911770596,530330081002.0,mdv_G_Gasoline,b2b--c33-20498
16690,6373942-1-mdv,b2b-16690,ft-3b5b1,ft-mdv-Dsl,530330058014,-122.3903816362344,47.6619206853653,530330058014.0,mdv_D_Diesel,b2b--c33-20675
16693,6321424-1-mdv,b2b-16693,ft-f15e7,ft-mdv-Dsl,530330227012,-122.20033467494244,47.645186527719396,530330227012.0,mdv_D_Diesel,b2b--c33-20680
16700,6328908-1-mdv,b2b-16700,ft-69e5a,ft-mdv-Dsl,530330216002,-122.26186881944759,47.75962641869534,530330216002.0,mdv_D_Diesel,b2b--c33-20691
16722,6317194-1-mdv,b2b-16722,ft-6840a,ft-mdv-Dsl,530330308011,-122.24223810506176,47.27899350976872,530330308011.0,mdv_D_Diesel,b2b--c33-20737
16723,6317194-1-mdv,b2b-16723,ft-f88a5,ft-mdv-Dsl,530330308011,-122.24223810506176,47.27899350976872,530330308011.0,mdv_D_Diesel,b2b--c33-20738
16727,6317194-1-mdv,b2b-16727,ft-cd423,ft-mdv-Dsl,530330308011,-122.24223810506176,47.27899350976872,530330308011.0,mdv_D_Diesel,b2b--c33-20849
16733,6317194-1-mdv,b2b-16733,ft-b3dd0,ft-mdv-Dsl,530330308011,-122.24223810506176,47.27899350976872,530330308011.0,mdv_D_Diesel,b2b--c33-20855
16746,7362687-1-mdv,b2b-16746,ft-0ade8,ft-mdv-Dsl,530330228033,-122.1248571418146,47.64630729623996,530330228033.0,mdv_D_Diesel,b2b--c33-20903
16759,7362687-1-mdv,b2b-16759,ft-838d5,ft-mdv-Dsl,530330228033,-122.1248571418146,47.64630729623996,530330228033.0,mdv_D_Diesel,b2b--c33-20916
16769,7362687-1-mdv,b2b-16769,ft-9a1f7,ft-mdv-Dsl,530330228033,-122.1248571418146,47.64630729623996,530330228033.0,mdv_D_Diesel,b2b--c33-20926
16770,7362687-1-mdv,b2b-16770,ft-565d4,ft-mdv-Dsl,530330228033,-122.1248571418146,47.64630729623996,530330228033.0,mdv_D_Diesel,b2b--c33-20927
16776,7362687-1-mdv,b2b-16776,ft-c86f5,ft-mdv-Dsl,530330228033,-122.1248571418146,47.64630729623996,530330228033.0,mdv_D_Diesel,b2b--c33-20933
16778,7362687-1-mdv,b2b-16778,ft-42d1e,ft-mdv-Dsl,530330228033,-122.1248571418146,47.64630729623996,530330228033.0,mdv_D_Diesel,b2b--c33-20935
16780,7362687-1-mdv,b2b-16780,ft-838dd,ft-mdv-Dsl,530330228033,-122.1248571418146,47.64630729623996,530330228033.0,mdv_D_Diesel,b2b--c33-20937
16792,7362687-1-mdv,b2b-16792,ft-f8080,ft-mdv-Dsl,530330228033,-122.1248571418146,47.64630729623996,530330228033.0,mdv_D_Diesel,b2b--c33-20949
16793,7362687-1-mdv,b2b-16793,ft-19e75,ft-mdv-Dsl,530330228033,-122.1248571418146,47.64630729623996,530330228033.0,mdv_D_Diesel,b2b--c33-20950
16804,7362687-1-mdv,b2b-16804,ft-af45f,ft-mdv-Dsl,530330228033,-122.1248571418146,47.64630729623996,530330228033.0,mdv_D_Diesel,b2b--c33-20961
16813,7362687-1-mdv,b2b-16813,ft-8f1d5,ft-mdv-Dsl,530330228033,-122.1248571418146,47.64630729623996,530330228033.0,mdv_D_Diesel,b2b--c33-21336
16816,7362687-1-mdv,b2b-16816,ft-e17ac,ft-mdv-Dsl,530330228033,-122.1248571418146,47.64630729623996,530330228033.0,mdv_D_Diesel,b2b--c33-21339
16818,7362687-1-mdv,b2b-16818,ft-7e09d,ft-mdv-Dsl,530330228033,-122.1248571418146,47.64630729623996,530330228033.0,mdv_D_Diesel,b2b--c33-21341
16821,7362687-1-mdv,b2b-16821,ft-b3e3f,ft-mdv-Dsl,530330228033,-122.1248571418146,47.64630729623996,530330228033.0,mdv_D_Diesel,b2b--c33-21344
16823,7362687-1-mdv,b2b-16823,ft-de613,ft-mdv-Dsl,530330228033,-122.1248571418146,47.64630729623996,530330228033.0,mdv_D_Diesel,b2b--c33-21346
16827,7362687-1-mdv,b2b-16827,ft-25be2,ft-mdv-Dsl,530330228033,-122.1248571418146,47.64630729623996,530330228033.0,mdv_D_Diesel,b2b--c33-21350
16834,7362687-1-mdv,b2b-16834,ft-79915,ft-mdv-Dsl,530330228033,-122.1248571418146,47.64630729623996,530330228033.0,mdv_D_Diesel,b2b--c33-21357
16852,7362687-1-mdv,b2b-16852,ft-06d9c,ft-mdv-Dsl,530330228033,-122.1248571418146,47.64630729623996,530330228033.0,mdv_D_Diesel,b2b--c33-21375
16858,7362687-1-mdv,b2b-16858,ft-d8da9,ft-mdv-Dsl,530330228033,-122.1248571418146,47.64630729623996,530330228033.0,mdv_D_Diesel,b2b--c33-21381
16864,7362201-1-mdv,b2b-16864,ft-f95e5,ft-mdv-Gas,530330226052,-122.14424617896135,47.6838583267566,530330226052.0,mdv_G_Gasoline,b2b--c33-21387
16866,7362201-1-mdv,b2b-16866,ft-6738,ft-mdv-Gas,530330226052,-122.14424617896135,47.6838583267566,530330226052.0,mdv_G_Gasoline,b2b--c33-21389
16895,7362201-1-mdv,b2b-16895,ft-b6823,ft-mdv-Gas,530330226052,-122.14424617896135,47.6838583267566,530330226052.0,mdv_G_Gasoline,b2b--c33-21418
16903,7362201-1-mdv,b2b-16903,ft-2058,ft-mdv-Gas,530330226052,-122.14424617896135,47.6838583267566,530330226052.0,mdv_G_Gasoline,b2b--c33-21638
16915,7362201-1-mdv,b2b-16915,ft-84deb,ft-mdv-Gas,530330226052,-122.14424617896135,47.6838583267566,530330226052.0,mdv_G_Gasoline,b2b--c33-21650
16924,7362201-1-mdv,b2b-16924,ft-22939,ft-mdv-Gas,530330226052,-122.14424617896135,47.6838583267566,530330226052.0,mdv_G_Gasoline,b2b--c33-21659
16937,7366292-1-mdv,b2b-16937,ft-43eba,ft-mdv-Dsl,530330109001,-122.30741019353519,47.53094408141258,530330109001.0,mdv_D_Diesel,b2b--c33-21675
16957,7366292-1-mdv,b2b-16957,ft-868b2,ft-mdv-Dsl,530330109001,-122.30741019353519,47.53094408141258,530330109001.0,mdv_D_Diesel,b2b--c33-21695
16958,7366292-1-mdv,b2b-16958,ft-7ec60,ft-mdv-Dsl,530330109001,-122.30741019353519,47.53094408141258,530330109001.0,mdv_D_Diesel,b2b--c33-21880
16974,7366292-1-mdv,b2b-16974,ft-7a2b5,ft-mdv-Dsl,530330109001,-122.30741019353519,47.53094408141258,530330109001.0,mdv_D_Diesel,b2b--c33-21896
16988,6365473-1-mdv,b2b-16988,ft-a76ca,ft-mdv-Dsl,530330006001,-122.33965639637651,47.72334038543048,530330006001.0,mdv_D_Diesel,b2b--c33-21909
16998,6365473-1-mdv,b2b-16998,ft-0c802,ft-mdv-Dsl,530330006001,-122.33965639637651,47.72334038543048,530330006001.0,mdv_D_Diesel,b2b--c33-21920
17004,6365473-1-mdv,b2b-17004,ft-b0117,ft-mdv-Dsl,530330006001,-122.33965639637651,47.72334038543048,530330006001.0,mdv_D_Diesel,b2b--c33-22032
17007,6365473-1-mdv,b2b-17007,ft-4e7c4,ft-mdv-Dsl,530330006001,-122.33965639637651,47.72334038543048,530330006001.0,mdv_D_Diesel,b2b--c33-22035
17008,6365473-1-mdv,b2b-17008,ft-66b5a,ft-mdv-Dsl,530330006001,-122.33965639637651,47.72334038543048,530330006001.0,mdv_D_Diesel,b2b--c33-22036
17010,6365473-1-mdv,b2b-17010,ft-14bb0,ft-mdv-Dsl,530330006001,-122.33965639637651,47.72334038543048,530330006001.0,mdv_D_Diesel,b2b--c33-22038
17011,6365473-1-mdv,b2b-17011,ft-f04ee,ft-mdv-Dsl,530330006001,-122.33965639637651,47.72334038543048,530330006001.0,mdv_D_Diesel,b2b--c33-22039
17022,6314595-1-mdv,b2b-17022,ft-ae52e,ft-mdv-Gas,530610533014,-122.37093627404924,48.2483017317002,530299704001.0,mdv_G_Gasoline,b2b--c33-22050
17035,7455812-1-mdv,b2b-17035,ft-86d70,ft-mdv-Dsl,530330228033,-122.13886466331883,47.634923977153285,530330228033.0,mdv_D_Diesel,b2b--c33-22125
17046,7456402-1-mdv,b2b-17046,ft-094af,ft-mdv-Dsl,530610537001,-121.31300181346782,48.04698207479564,530630136002.0,mdv_D_Diesel,b2b--c33-22171
17047,7456402-1-mdv,b2b-17047,ft-50c27,ft-mdv-Dsl,530610537001,-121.31300181346782,48.04698207479564,530630136002.0,mdv_D_Diesel,b2b--c33-22172
17051,6367477-1-mdv,b2b-17051,ft-f6e38,ft-mdv-Dsl,530330099004,-122.366206552244,47.57129489083686,530330099004.0,mdv_D_Diesel,b2b--c33-22181
17073,6317414-1-mdv,b2b-17073,ft-54705,ft-mdv-Dsl,530330305011,-122.22670214792548,47.34352126995849,530330305011.0,mdv_D_Diesel,b2b--c33-22279
17089,6316243-1-hdt,b2b-17089,ft-1d002,ft-hdv-Dsl,530330305011,-122.22497924774048,47.32984769167292,530330305011.0,hdv_D_Diesel,b2b--c33-22294
17100,6316243-1-hdt,b2b-17100,ft-74e14,ft-hdt-Dsl,530330305011,-122.22497924774048,47.32984769167292,530330305011.0,hdt_D_Diesel,b2b--c33-22305
17103,6316243-1-hdt,b2b-17103,ft-4f194,ft-hdt-Dsl,530330305011,-122.22497924774048,47.32984769167292,530330305011.0,hdt_D_Diesel,b2b--c33-22308
17123,6316243-1-hdt,b2b-17123,ft-1a2ab,ft-hdt-Dsl,530330305011,-122.22497924774048,47.32984769167292,530330305011.0,hdt_D_Diesel,b2b--c33-22534
17131,6316243-1-hdt,b2b-17131,ft-6bb6f,ft-hdt-Dsl,530330305011,-122.22497924774048,47.32984769167292,530330305011.0,hdt_D_Diesel,b2b--c33-22542
17149,6316243-2-hdv,b2b-17149,ft-92384,ft-hdv-Dsl,530330305011,-122.22497924774048,47.32984769167292,530330305011.0,hdv_D_Diesel,b2b--c33-22559
17161,6316243-2-hdv,b2b-17161,ft-fc711,ft-hdv-Dsl,530330305011,-122.22497924774048,47.32984769167292,530330305011.0,hdv_D_Diesel,b2b--c33-22662
17164,6316243-2-ld3,b2b-17164,ft-c15be,ft-ld3-Gas,530330305011,-122.22497924774048,47.32984769167292,530330305011.0,ld3_G_Gasoline,b2b--c33-22822
17171,6316243-2-ld3,b2b-17171,ft-f3ccd,ft-ld3-Gas,530330305011,-122.22497924774048,47.32984769167292,530330305011.0,ld3_G_Gasoline,b2b--c33-22856
17184,6337700-1-mdv,b2b-17184,ft-34184,ft-mdv-Dsl,530330322103,-122.0148982206042,47.54409673016613,530330322103.0,mdv_D_Diesel,b2b--c33-22914
17193,6337700-1-mdv,b2b-17193,ft-57560,ft-mdv-Dsl,530330322103,-122.0148982206042,47.54409673016613,530330322103.0,mdv_D_Diesel,b2b--c33-22961
17204,7364879-1-mdv,b2b-17204,ft-ed6bc,ft-mdv-Dsl,530330093003,-122.33403075595963,47.567371528012714,530330093003.0,mdv_D_Diesel,b2b--c33-22989
17205,7365609-1-mdv,b2b-17205,ft-7f2a3,ft-mdv-Dsl,530330058022,-122.3761884264242,47.63932647721893,530330058022.0,mdv_D_Diesel,b2b--c33-22991
17215,7455924-1-mdv,b2b-17215,ft-f0027,ft-mdv-Dsl,530330048003,-122.35814216092258,47.65416844788864,530330048003.0,mdv_D_Diesel,b2b--c33-23017
17218,7455934-1-mdv,b2b-17218,ft-9a448,ft-mdv-Dsl,530330109001,-122.30762742247774,47.530941002781546,530330109001.0,mdv_D_Diesel,b2b--c33-23052
17222,7456053-1-mdv,b2b-17222,ft-a27f7,ft-mdv-Dsl,530330093003,-122.32025969530348,47.55415062938149,530330093003.0,mdv_D_Diesel,b2b--c33-23055
17224,7456052-1-mdv,b2b-17224,ft-367f5,ft-mdv-Dsl,530330109002,-122.32247218785824,47.54704195339411,530330109002.0,mdv_D_Diesel,b2b--c33-23075
17240,6442836-1-mdv,b2b-17240,ft-1fa86,ft-mdv-Gas,530610533014,-122.37093627404924,48.2483017317002,530730105011.0,mdv_G_Gasoline,b2b--c33-23131
17243,7442137-1-mdv,b2b-17243,ft-37213,ft-mdv-Dsl,530530732003,-122.23706641279225,46.78408365659002,410050229011.0,mdv_D_Diesel,b2b--c33-23138
17254,6351519-2-hdt,b2b-17254,ft-ce8db,ft-hdt-Dsl,530330093003,-122.32982761688224,47.56997095515498,530330093003.0,hdt_D_Diesel,b2b--c33-23175
17268,6349673-1-hdt,b2b-17268,ft-0a980,ft-hdt-Dsl,530330048003,-122.36271617938318,47.65675488500816,530330048003.0,hdt_D_Diesel,b2b--c33-23211
17272,6354888-1-hdt,b2b-17272,ft-cf057,ft-hdt-Dsl,530330035003,-122.34762659832434,47.668675864642104,530330035003.0,hdt_D_Diesel,b2b--c33-23216
17280,7456120-5-hdt,b2b-17280,ft-854b3,ft-hdt-Dsl,530330058022,-122.37626902891272,47.64047417061185,530330058022.0,hdt_D_Diesel,b2b--c33-23234
17283,6368533-2-hdt,b2b-17283,ft-19781,ft-hdt-Dsl,530330093003,-122.33702311481734,47.57517098076726,530330093003.0,hdt_D_Diesel,b2b--c33-23239
17285,6368533-2-hdt,b2b-17285,ft-4b8ce,ft-hdv-Dsl,530330093003,-122.33702311481734,47.57517098076726,530330093003.0,hdv_D_Diesel,b2b--c33-23243
17308,6368533-1-hdt,b2b-17308,ft-ef17d,ft-hdt-Dsl,530330093003,-122.33702311481734,47.57517098076726,530330093003.0,hdt_D_Diesel,b2b--c33-23297
17335,7362699-1-mdv,b2b-17335,ft-dd2e0,ft-mdv-Dsl,530330323133,-122.09174022605774,47.663854537954094,530330323133.0,mdv_D_Diesel,b2b--c33-23387
17347,6433709-1-hdt,b2b-17347,ft-8f821,ft-hdt-Dsl,530530726032,-122.77382693312865,47.188210163000925,530670105101.0,hdt_D_Diesel,b2b--c33-23413
17359,6433709-5-mdv,b2b-17359,ft-5fc24,ft-mdv-Gas,530530726032,-122.77382693312865,47.188210163000925,530670105101.0,mdv_G_Gasoline,b2b--c33-23471
17360,6433709-3-ld1,b2b-17360,ft-1d96d,ft-ld1-Gas,530530726032,-122.77382693312865,47.188210163000925,530670105101.0,ld1_G_Gasoline,b2b--c33-23473
17364,4993991-1-mdv,b2b-17364,ft-655c3,ft-mdv-Dsl,530530701001,-121.5437370927352,47.12072649438632,20095.0,mdv_D_Diesel,b2b--c33-23480
17369,7442156-1-mdv,b2b-17369,ft-f422d,ft-mdv-Dsl,530530732003,-122.23706641279225,46.78408365659002,410050244001.0,mdv_D_Diesel,b2b--c33-23486
17379,7442156-1-mdv,b2b-17379,ft-9b221,ft-mdv-Dsl,530530732003,-122.23706641279225,46.78408365659002,410050244001.0,mdv_D_Diesel,b2b--c33-23542
17387,6440977-1-hdt,b2b-17387,ft-0ca6b,ft-hdt-Dsl,530610533014,-122.37093627404924,48.2483017317002,530730007002.0,hdt_D_Diesel,b2b--c33-23550
17397,6440977-1-hdt,b2b-17397,ft-b0c28,ft-hdt-Dsl,530610533014,-122.37093627404924,48.2483017317002,530730007002.0,hdt_D_Diesel,b2b--c33-23606
17403,5020729-1-mdv,b2b-17403,ft-981e0,ft-mdv-Dsl,530530732003,-122.23706641279225,46.78408365659002,410510021001.0,mdv_D_Diesel,b2b--c33-23633
17406,5016645-1-mdv,b2b-17406,ft-4b79f,ft-mdv-Dsl,530530732003,-122.23706641279225,46.78408365659002,410510050001.0,mdv_D_Diesel,b2b--c33-23636
17409,5023537-1-mdv,b2b-17409,ft-f888f,ft-mdv-Dsl,530530732003,-122.23706641279225,46.78408365659002,410510072021.0,mdv_D_Diesel,b2b--c33-23651
17419,5012975-2-ld3,b2b-17419,ft-0cdbf,ft-ld3-Gas,530530732003,-122.23706641279225,46.78408365659002,410510106001.0,ld3_G_Gasoline,b2b--c33-23687
17429,6368496-1-mdv,b2b-17429,ft-9955d,ft-mdv-Gas,530330093003,-122.32735527581247,47.58630487616055,530330093003.0,mdv_G_Gasoline,b2b--c33-23740
17430,6368496-1-mdv,b2b-17430,ft-a2c86,ft-mdv-Gas,530330093003,-122.32735527581247,47.58630487616055,530330093003.0,mdv_G_Gasoline,b2b--c33-23741
17431,6368496-1-mdv,b2b-17431,ft-a2fb9,ft-mdv-Gas,530330093003,-122.32735527581247,47.58630487616055,530330093003.0,mdv_G_Gasoline,b2b--c33-23742
17435,6370509-1-mdv,b2b-17435,ft-6ba04,ft-mdv-Dsl,530330292061,-122.22118193249148,47.440922583182015,530330292061.0,mdv_D_Diesel,b2b--c33-23745
17459,6367019-1-mdv,b2b-17459,ft-fd20c,ft-mdv-Dsl,530330004022,-122.34475952220562,47.709303509179186,530330004022.0,mdv_D_Diesel,b2b--c33-23838
17465,7455826-1-mdv,b2b-17465,ft-eaebf,ft-mdv-Dsl,530330253021,-122.20655243176553,47.49734758053347,530330253021.0,mdv_D_Diesel,b2b--c33-23856
17470,7455826-1-mdv,b2b-17470,ft-06d49,ft-mdv-Dsl,530330253021,-122.20655243176553,47.49734758053347,530330253021.0,mdv_D_Diesel,b2b--c33-23882
17478,6322634-1-mdv,b2b-17478,ft-8331a,ft-mdv-Gas,530330237001,-122.16757821696861,47.62915269296911,530330237001.0,mdv_G_Gasoline,b2b--c33-23908
17483,6341411-1-mdv,b2b-17483,ft-13524,ft-mdv-Dsl,530330262001,-122.24471492160693,47.444772853530274,530330262001.0,mdv_D_Diesel,b2b--c33-23913
17490,6333677-1-mdv,b2b-17490,ft-95f47,ft-mdv-Dsl,530330226051,-122.1505826488587,47.69699189500979,530330226051.0,mdv_D_Diesel,b2b--c33-23933
17491,6333677-1-mdv,b2b-17491,ft-fee20,ft-mdv-Dsl,530330226051,-122.1505826488587,47.69699189500979,530330226051.0,mdv_D_Diesel,b2b--c33-23934
17502,6322635-1-mdv,b2b-17502,ft-1ec37,ft-mdv-Dsl,530330234012,-122.16098079579452,47.58042457586799,530330234012.0,mdv_D_Diesel,b2b--c33-23986
17512,6325812-1-mdv,b2b-17512,ft-898ac,ft-mdv-Dsl,530330218033,-122.20297389646066,47.76017425626638,530330218033.0,mdv_D_Diesel,b2b--c33-24045
17542,6355812-1-mdv,b2b-17542,ft-403ba,ft-mdv-Dsl,530330093003,-122.32474899176455,47.58401690284017,530330093003.0,mdv_D_Diesel,b2b--c33-24118
17561,6314928-1-mdv,b2b-17561,ft-39cc0,ft-mdv-Dsl,530610533014,-122.37093627404924,48.2483017317002,530299715002.0,mdv_D_Diesel,b2b--c33-24169
17563,6350868-1-mdv,b2b-17563,ft-51768,ft-mdv-Gas,530330054002,-122.3364491379187,47.64846472144591,530330054002.0,mdv_G_Gasoline,b2b--c33-24175
17576,7456095-1-mdv,b2b-17576,ft-c4102,ft-mdv-Gas,530330262001,-122.21818668315059,47.45151662170419,530330262001.0,mdv_G_Gasoline,b2b--c33-24211
17583,6385242-1-mdv,b2b-17583,ft-50476,ft-mdv-Dsl,530530726032,-122.77382693312865,47.188210163000925,530499502003.0,mdv_D_Diesel,b2b--c33-24239
17590,7456094-1-mdv,b2b-17590,ft-e3ff2,ft-mdv-Dsl,530330262001,-122.22041428407067,47.46761145251532,530330262001.0,mdv_D_Diesel,b2b--c33-24256
17603,5017202-1-hdt,b2b-17603,ft-982f3,ft-hdt-Dsl,530530732003,-122.23706641279225,46.78408365659002,410510043001.0,hdt_D_Diesel,b2b--c33-24291
17608,6367680-1-mdv,b2b-17608,ft-6a3d3,ft-mdv-Dsl,530330109002,-122.33343055358904,47.555665117875655,530330109002.0,mdv_D_Diesel,b2b--c33-24308
17630,5011304-1-mdv,b2b-17630,ft-def04,ft-mdv-Dsl,530530732003,-122.23706641279225,46.78408365659002,410510003024.0,mdv_D_Diesel,b2b--c33-24364
17637,6329149-2-hdt,b2b-17637,ft-39f39,ft-hdt-Dsl,530330217005,-122.24530251481764,47.75785854474003,530330217005.0,hdt_D_Diesel,b2b--c33-24378
17649,8239170-2-hdt,b2b-17649,ft-db8ee,ft-hdt-Dsl,530330257011,-122.19480819331166,47.48276940853348,530330257011.0,hdt_D_Diesel,b2b--c33-24400
17674,6356128-1-hdt,b2b-17674,ft-1a175,ft-hdt-Dsl,530330109002,-122.31914647612577,47.551329366588185,530330109002.0,hdt_D_Diesel,b2b--c33-24456
17685,6367273-1-hdt,b2b-17685,ft-c136b,ft-hdt-Dsl,530330093003,-122.32296382988784,47.564793308082805,530330093003.0,hdt_D_Diesel,b2b--c33-24486
17697,6362402-1-hdt,b2b-17697,ft-16db4,ft-hdv-Dsl,530330058022,-122.3765280312683,47.64059590765098,530330058022.0,hdv_D_Diesel,b2b--c33-24517
17744,6344056-1-hdt,b2b-17744,ft-35090,ft-hdt-Dsl,530330219061,-122.1585949239602,47.74121901941484,530330219061.0,hdt_D_Diesel,b2b--c33-24703
17756,8417363-2-mdv,b2b-17756,ft-43edb,ft-mdv-Dsl,530330219061,-122.15276710330842,47.73322729210413,530330219061.0,mdv_D_Diesel,b2b--c33-24768
17770,6343456-2-ld3,b2b-17770,ft-43387,ft-ld3-Gas,530330277015,-122.46067698241099,47.43389322675025,530330277015.0,ld3_G_Gasoline,b2b--c33-24834
17772,6343456-2-hdv,b2b-17772,ft-06fd4,ft-hdv-Dsl,530330277015,-122.46067698241099,47.43389322675025,530330277015.0,hdv_D_Diesel,b2b--c33-24837
17777,6314054-2-mdv,b2b-17777,ft-fa157,ft-mdv-Dsl,530350901011,-122.60731041865166,47.92387571831771,530299713002.0,mdv_D_Diesel,b2b--c33-24860
17787,6344056-5-mdv,b2b-17787,ft-295dc,ft-mdv-Dsl,530330219061,-122.1585949239602,47.74121901941484,530330219061.0,mdv_D_Diesel,b2b--c33-24889
17789,6402867-1-ld3,b2b-17789,ft-221df,ft-ld3-Gas,530610533014,-122.37093627404924,48.2483017317002,530579508003.0,ld3_G_Gasoline,b2b--c33-24898
17791,6402867-2-ld3,b2b-17791,ft-3ba30,ft-ld3-Gas,530610533014,-122.37093627404924,48.2483017317002,530579508003.0,ld3_G_Gasoline,b2b--c33-24906
17806,6338103-1-mdv,b2b-17806,ft-f18b9,ft-mdv-Gas,530330226051,-122.15905159807288,47.71145928298779,530330226051.0,mdv_G_Gasoline,b2b--c33-24950
17820,6346262-1-mdv,b2b-17820,ft-3634a,ft-mdv-Dsl,530330306003,-122.22551401559637,47.306227138064656,530330306003.0,mdv_D_Diesel,b2b--c33-24994
17826,7365852-1-mdv,b2b-17826,ft-26dba,ft-mdv-Dsl,530330090002,-122.30954889907584,47.59914725489986,530330090002.0,mdv_D_Diesel,b2b--c33-25004
17834,6355735-1-mdv,b2b-17834,ft-86084,ft-mdv-Gas,530330093003,-122.32273588906905,47.56542782247767,530330093003.0,mdv_G_Gasoline,b2b--c33-25030
17838,6344066-2-ld3,b2b-17838,ft-254f6,ft-ld3-Gas,530330218021,-122.18443059684923,47.77316229700401,530330218021.0,ld3_G_Gasoline,b2b--c33-25041
17839,6314222-1-mdv,b2b-17839,ft-94609,ft-mdv-Gas,530350901023,-122.51955369526799,47.83124285072817,530299719001.0,mdv_G_Gasoline,b2b--c33-25048
17844,6344066-1-ld3,b2b-17844,ft-ea5de,ft-ld3-Gas,530330218021,-122.18443059684923,47.77316229700401,530330218021.0,ld3_G_Gasoline,b2b--c33-25061
17858,7363437-1-mdv,b2b-17858,ft-9a765,ft-mdv-Dsl,530330323191,-122.1475121037535,47.768243324311534,530330323191.0,mdv_D_Diesel,b2b--c33-25099
17860,6344062-1-mdv,b2b-17860,ft-69c52,ft-mdv-Dsl,530330323191,-122.14806635316752,47.77550568110149,530330323191.0,mdv_D_Diesel,b2b--c33-25104
17881,6345489-1-hdv,b2b-17881,ft-c712a,ft-hdv-Dsl,530330322101,-121.94167563311254,47.529991671480175,530330322101.0,hdv_D_Diesel,b2b--c33-25209
17901,7360961-2-hdv,b2b-17901,ft-8169c,ft-hdv-Dsl,530330234012,-122.16159770406757,47.58755600598034,530330234012.0,hdv_D_Diesel,b2b--c33-25273
17909,6355202-1-hdt,b2b-17909,ft-d24f1,ft-hdt-Dsl,530330047004,-122.37619892752556,47.6617976360041,530330047004.0,hdt_D_Diesel,b2b--c33-25307
17916,6367465-1-hdt,b2b-17916,ft-8519d,ft-hdt-Dsl,530330109001,-122.32867886078132,47.5412251202966,530330109001.0,hdt_D_Diesel,b2b--c33-25335
17917,6367465-1-hdt,b2b-17917,ft-37ff4,ft-hdt-Dsl,530330109001,-122.32867886078132,47.5412251202966,530330109001.0,hdt_D_Diesel,b2b--c33-25336
17920,6355197-1-mdv,b2b-17920,ft-f879f,ft-mdv-Dsl,530330033004,-122.38668615141025,47.6770281939011,530330033004.0,mdv_D_Diesel,b2b--c33-25345
17958,6338591-1-hdt,b2b-17958,ft-f77e2,ft-hdt-Dsl,530330323091,-122.14053702485745,47.68007426751879,530330323091.0,hdt_D_Diesel,b2b--c33-25471
17999,6343764-2-hdv,b2b-17999,ft-6f52b,ft-hdv-Dsl,530330219061,-122.16015170558713,47.74394658432971,530330219061.0,hdv_D_Diesel,b2b--c33-25600
18007,7363665-1-mdv,b2b-18007,ft-9928a,ft-mdv-Dsl,530330081003,-122.33940759252091,47.60684900744318,530330081003.0,mdv_D_Diesel,b2b--c33-25622
18046,6367464-1-mdv,b2b-18046,ft-6114,ft-mdv-Dsl,530330109002,-122.32654507926932,47.549341976040985,530330109002.0,mdv_D_Diesel,b2b--c33-25803
18048,6343766-1-mdv,b2b-18048,ft-276be,ft-mdv-Dsl,530330219061,-122.15760768410033,47.740129031359736,530330219061.0,mdv_D_Diesel,b2b--c33-25812
18093,7364941-5-hdt,b2b-18093,ft-6f1f3,ft-hdt-Dsl,530330093003,-122.33213062927554,47.5742050718547,530330093003.0,hdt_D_Diesel,b2b--c33-26542
18127,7361360-2-hdv,b2b-18127,ft-96531,ft-hdv-Dsl,530330218021,-122.18460934070463,47.77189434956431,530330218021.0,hdv_D_Diesel,b2b--c33-26709
18132,7364887-1-hdt,b2b-18132,ft-02ac3,ft-hdt-Dsl,530330093003,-122.3370188709193,47.57078047918859,530330093003.0,hdt_D_Diesel,b2b--c33-26721
18144,8394357-2-hdv,b2b-18144,ft-b1ee9,ft-hdv-Dsl,530330292061,-122.24377594186234,47.43178876257556,530330292061.0,hdv_D_Diesel,b2b--c33-26785
18154,8394357-5-hdt,b2b-18154,ft-01fdf,ft-hdt-Dsl,530330292061,-122.24377594186234,47.43178876257556,530330292061.0,hdt_D_Diesel,b2b--c33-26816
18167,6402441-1-hdv,b2b-18167,ft-6539,ft-hdv-Dsl,530610533014,-122.37093627404924,48.2483017317002,530579519002.0,hdv_D_Diesel,b2b--c33-26861
18173,7364940-1-hdt,b2b-18173,ft-66342,ft-hdv-Dsl,530330093003,-122.32760282444973,47.5859072327718,530330093003.0,hdv_D_Diesel,b2b--c33-26873
18185,6333862-1-hdt,b2b-18185,ft-85bdb,ft-hdt-Dsl,530330226051,-122.15990979785776,47.71148325750592,530330226051.0,hdt_D_Diesel,b2b--c33-26906
18192,8247878-1-hdt,b2b-18192,ft-c704f,ft-hdt-Dsl,530610533024,-122.33639511497468,48.27588885819264,530579526003.0,hdt_D_Diesel,b2b--c33-26923
18195,8247878-1-hdt,b2b-18195,ft-e47e0,ft-hdt-Dsl,530610533024,-122.33639511497468,48.27588885819264,530579526003.0,hdt_D_Diesel,b2b--c33-26926
18209,8247888-1-hdt,b2b-18209,ft-16d2e,ft-hdt-Dsl,530610533023,-122.32486196328234,48.28871117633043,530579516003.0,hdt_D_Diesel,b2b--c33-26954
18214,8394896-1-hdt,b2b-18214,ft-5d4ea,ft-hdv-Dsl,530330058014,-122.38129151802674,47.65496335313381,530330058014.0,hdv_D_Diesel,b2b--c33-26962
18228,7373529-2-hdt,b2b-18228,ft-974ee,ft-hdt-Dsl,530530728001,-122.64899673245617,47.0992006395685,530670122222.0,hdt_D_Diesel,b2b--c33-26998
18229,7373529-1-hdt,b2b-18229,ft-62127,ft-hdt-Dsl,530530728001,-122.64899673245617,47.0992006395685,530670122222.0,hdt_D_Diesel,b2b--c33-27007
18239,7360322-1-hdt,b2b-18239,ft-caecc,ft-hdt-Dsl,530330308011,-122.23532607576954,47.29596658973151,530330308011.0,hdt_D_Diesel,b2b--c33-27038
18248,7455992-5-hdt,b2b-18248,ft-4c4c9,ft-hdt-Dsl,530330263001,-122.29941783904074,47.516013646370915,530330263001.0,hdt_D_Diesel,b2b--c33-27073
18256,7455992-1-hdt,b2b-18256,ft-0e455,ft-hdt-Dsl,530330263001,-122.29941783904074,47.516013646370915,530330263001.0,hdt_D_Diesel,b2b--c33-27130
18258,7455992-1-hdt,b2b-18258,ft-972bd,ft-hdt-Dsl,530330263001,-122.29941783904074,47.516013646370915,530330263001.0,hdt_D_Diesel,b2b--c33-27138
18266,7359067-1-hdt,b2b-18266,ft-ffd9b,ft-hdt-Dsl,530530732003,-122.23706641279225,46.78408365659002,530110413273.0,hdt_D_Diesel,b2b--c33-27151
18275,6381680-2-hdt,b2b-18275,ft-9e91a,ft-hdt-Dsl,530530729061,-122.5544249277511,47.049137874735855,530419703002.0,hdt_D_Diesel,b2b--c33-27184
18277,7361080-2-hdv,b2b-18277,ft-82f79,ft-hdv-Dsl,530330237001,-122.16246090450034,47.62434374998753,530330237001.0,hdv_D_Diesel,b2b--c33-27190
18280,7366444-2-hdv,b2b-18280,ft-8f4b6,ft-hdv-Dsl,530330093003,-122.34228410193553,47.56567475266177,530330093003.0,hdv_D_Diesel,b2b--c33-27199
18281,7362101-4-hdt,b2b-18281,ft-399ea,ft-hdt-Dsl,530330292061,-122.22799567913627,47.42077691358804,530330292061.0,hdt_D_Diesel,b2b--c33-27200
18292,7366444-1-hdt,b2b-18292,ft-6f653,ft-hdt-Dsl,530330093003,-122.34228410193553,47.56567475266177,530330093003.0,hdt_D_Diesel,b2b--c33-27228
18307,6371406-1-hdt,b2b-18307,ft-22205,ft-hdt-Dsl,530330262001,-122.22368938571697,47.46686759809796,530330262001.0,hdt_D_Diesel,b2b--c33-27259
18314,6350482-1-hdt,b2b-18314,ft-2610b,ft-hdt-Dsl,530330049002,-122.35343325904965,47.65181572475373,530330049002.0,hdt_D_Diesel,b2b--c33-27281
18320,6331905-1-hdv,b2b-18320,ft-a226d,ft-hdv-Dsl,530330297004,-122.22982867914874,47.362938742711506,530330297004.0,hdv_D_Diesel,b2b--c33-27306
18322,6348077-1-hdt,b2b-18322,ft-c6cc4,ft-hdt-Dsl,530330081003,-122.34331853550418,47.61149036168595,530330081003.0,hdt_D_Diesel,b2b--c33-27317
18325,6323901-1-hdt,b2b-18325,ft-28c0b,ft-hdt-Dsl,530330247012,-122.17967316400453,47.55321779758733,530330247012.0,hdt_D_Diesel,b2b--c33-27324
18326,6323901-1-hdt,b2b-18326,ft-f2bf2,ft-hdt-Dsl,530330247012,-122.17967316400453,47.55321779758733,530330247012.0,hdt_D_Diesel,b2b--c33-27325
18330,6333358-1-hdv,b2b-18330,ft-a16cd,ft-hdv-Dsl,530330224004,-122.19317396806579,47.68172988954087,530330224004.0,hdv_D_Diesel,b2b--c33-27342
18350,6402528-1-hdt,b2b-18350,ft-bfe30,ft-hdt-Dsl,530610533024,-122.33639511497468,48.27588885819264,530579518001.0,hdt_D_Diesel,b2b--c33-27411
18372,6402527-2-hdv,b2b-18372,ft-6c954,ft-hdv-Dsl,530610533014,-122.37093627404924,48.2483017317002,530579519002.0,hdv_D_Diesel,b2b--c33-27468
18377,6402527-2-hdt,b2b-18377,ft-1a00f,ft-hdt-Dsl,530610533014,-122.37093627404924,48.2483017317002,530579519002.0,hdt_D_Diesel,b2b--c33-27473
18380,6402528-2-hdv,b2b-18380,ft-fd146,ft-hdv-Dsl,530610533024,-122.33639511497468,48.27588885819264,530579518001.0,hdv_D_Diesel,b2b--c33-27498
18385,6330958-2-hdv,b2b-18385,ft-d6769,ft-hdv-Dsl,530330292061,-122.26380221431603,47.42339615042599,530330292061.0,hdv_D_Diesel,b2b--c33-27519
18388,6330958-2-hdv,b2b-18388,ft-f6e28,ft-hdv-Dsl,530330292061,-122.26380221431603,47.42339615042599,530330292061.0,hdv_D_Diesel,b2b--c33-27516
18417,7455879-2-hdv,b2b-18417,ft-cb3de,ft-hdv-Dsl,530330080021,-122.34345174503784,47.6121277783124,530330080021.0,hdv_D_Diesel,b2b--c33-27623
18425,7455879-1-hdt,b2b-18425,ft-c2afc,ft-hdt-Dsl,530330080021,-122.34345174503784,47.6121277783124,530330080021.0,hdt_D_Diesel,b2b--c33-27649
18439,6368098-1-hdt,b2b-18439,ft-55571,ft-hdt-Dsl,530330105005,-122.38830386022074,47.56118978395354,530330105005.0,hdt_D_Diesel,b2b--c33-27685
18441,7455589-2-hdv,b2b-18441,ft-1c6b6,ft-hdv-Dsl,530330309011,-122.2554824201298,47.29105454078395,530330309011.0,hdv_D_Diesel,b2b--c33-27688
18475,6338858-1-hdt,b2b-18475,ft-6c504,ft-hdt-Dsl,530330323133,-122.09349165023977,47.67517631629116,530330323133.0,hdt_D_Diesel,b2b--c33-27778
18487,7366812-2-hdv,b2b-18487,ft-ed3a4,ft-hdv-Dsl,530330262001,-122.21561845442051,47.449563045933026,530330262001.0,hdv_D_Diesel,b2b--c33-27818
18494,6311852-1-hdt,b2b-18494,ft-49ea8,ft-hdv-Dsl,530610537001,-121.31300181346782,48.04698207479564,530250101003.0,hdv_D_Diesel,b2b--c33-27843
18503,7500716-1-hdt,b2b-18503,ft-ea91c,ft-hdt-Dsl,530610533014,-122.37093627404924,48.2483017317002,530299710002.0,hdt_D_Diesel,b2b--c33-27853
18507,7500716-2-hdt,b2b-18507,ft-d5ff3,ft-hdt-Dsl,530610533014,-122.37093627404924,48.2483017317002,530299710002.0,hdt_D_Diesel,b2b--c33-27868
18511,7500715-1-hdt,b2b-18511,ft-4da20,ft-hdt-Dsl,530610533014,-122.37093627404924,48.2483017317002,530299705003.0,hdt_D_Diesel,b2b--c33-27896
18513,7500715-1-hdt,b2b-18513,ft-b9c72,ft-hdt-Dsl,530610533014,-122.37093627404924,48.2483017317002,530299705003.0,hdt_D_Diesel,b2b--c33-27898
18517,7500715-1-hdt,b2b-18517,ft-4897f,ft-hdt-Dsl,530610533014,-122.37093627404924,48.2483017317002,530299705003.0,hdt_D_Diesel,b2b--c33-27918
18533,7505323-2-hdt,b2b-18533,ft-350b1,ft-hdt-Dsl,530330238011,-122.19505923410946,47.60993719358811,530330238011.0,hdt_D_Diesel,b2b--c33-27981
18536,7500719-1-hdt,b2b-18536,ft-cfd1c,ft-hdt-Dsl,530330323213,-122.14062875978202,47.73285900096405,530330323213.0,hdt_D_Diesel,b2b--c33-27990
18545,6313932-1-hdt,b2b-18545,ft-dedad,ft-hdt-Dsl,530350901011,-122.60731041865166,47.92387571831771,530299713002.0,hdt_D_Diesel,b2b--c33-28007
18547,6384060-2-hdv,b2b-18547,ft-4d51e,ft-hdv-Dsl,530530726023,-122.81375781184049,47.26489576985024,530459613001.0,hdv_D_Diesel,b2b--c33-28011
18548,6384060-1-hdt,b2b-18548,ft-7c288,ft-hdt-Dsl,530530726023,-122.81375781184049,47.26489576985024,530459613001.0,hdt_D_Diesel,b2b--c33-28013
18555,6367610-2-hdt,b2b-18555,ft-8c787,ft-hdt-Dsl,530330109001,-122.31475980280936,47.5341454926977,530330109001.0,hdt_D_Diesel,b2b--c33-28027
18574,6369599-1-hdt,b2b-18574,ft-d231c,ft-hdt-Dsl,530330203005,-122.3415676679371,47.77407647433336,530330203005.0,hdt_D_Diesel,b2b--c33-28066
18576,6369599-1-hdt,b2b-18576,ft-30bd5,ft-hdt-Dsl,530330203005,-122.3415676679371,47.77407647433336,530330203005.0,hdt_D_Diesel,b2b--c33-28108
18601,6369599-2-ld3,b2b-18601,ft-9a110,ft-ld3-Gas,530330203005,-122.3415676679371,47.77407647433336,530330203005.0,ld3_G_Gasoline,b2b--c33-28389
18604,6369599-2-mdv,b2b-18604,ft-436,ft-mdv-Dsl,530330203005,-122.3415676679371,47.77407647433336,530330203005.0,mdv_D_Diesel,b2b--c33-28394
18606,6362596-1-hdt,b2b-18606,ft-054c0,ft-hdt-Dsl,530330058014,-122.38079099671018,47.65474997058484,530330058014.0,hdt_D_Diesel,b2b--c33-28460
18609,6362596-1-hdt,b2b-18609,ft-2260,ft-hdt-Dsl,530330058014,-122.38079099671018,47.65474997058484,530330058014.0,hdt_D_Diesel,b2b--c33-28484
18613,6362596-2-hdv,b2b-18613,ft-fe441,ft-hdv-Dsl,530330058014,-122.38079099671018,47.65474997058484,530330058014.0,hdv_D_Diesel,b2b--c33-28538
18630,6367725-2-hdv,b2b-18630,ft-e9abf,ft-hdv-Dsl,530330093003,-122.32271565383468,47.568888622127766,530330093003.0,hdv_D_Diesel,b2b--c33-28661
18631,6367725-2-ld3,b2b-18631,ft-096a9,ft-ld3-Gas,530330093003,-122.32271565383468,47.568888622127766,530330093003.0,ld3_G_Gasoline,b2b--c33-28680
18635,6367725-1-hdt,b2b-18635,ft-a2e20,ft-hdt-Dsl,530330093003,-122.32271565383468,47.568888622127766,530330093003.0,hdt_D_Diesel,b2b--c33-28700
18639,6367724-2-hdv,b2b-18639,ft-8115b,ft-hdv-Dsl,530330093003,-122.3226349340587,47.565470833391025,530330093003.0,hdv_D_Diesel,b2b--c33-28713
18642,6367724-2-ld3,b2b-18642,ft-83814,ft-ld3-Gas,530330093003,-122.3226349340587,47.565470833391025,530330093003.0,ld3_G_Gasoline,b2b--c33-28736
18643,6367724-2-ld3,b2b-18643,ft-0353b,ft-ld3-Gas,530330093003,-122.3226349340587,47.565470833391025,530330093003.0,ld3_G_Gasoline,b2b--c33-28737
18648,6364163-1-hdt,b2b-18648,ft-0ee94,ft-hdt-Dsl,530330075004,-122.31399062841052,47.614123660490485,530330075004.0,hdt_D_Diesel,b2b--c33-28762
18656,6364163-2-hdv,b2b-18656,ft-2c934,ft-hdv-Dsl,530330075004,-122.31399062841052,47.614123660490485,530330075004.0,hdv_D_Diesel,b2b--c33-28805
18660,6364163-2-ld3,b2b-18660,ft-269ea,ft-ld3-Gas,530330075004,-122.31399062841052,47.614123660490485,530330075004.0,ld3_G_Gasoline,b2b--c33-28818
18664,6383452-2-hdv,b2b-18664,ft-0a81a,ft-hdv-Dsl,530350920001,-122.92435858189329,47.572507416975284,530459602001.0,hdv_D_Diesel,b2b--c33-28841
18681,6359837-3-mdv,b2b-18681,ft-6192a,ft-mdv-Dsl,530330105001,-122.37947619970414,47.562632461689915,530330105001.0,mdv_D_Diesel,b2b--c33-28893
18709,6349477-4-ld3,b2b-18709,ft-caffb,ft-ld3-Gas,530330054002,-122.33165726487545,47.65008522617067,530330054002.0,ld3_G_Gasoline,b2b--c33-28970
18725,6343784-2-ld3,b2b-18725,ft-fc858,ft-ld3-Gas,530330219061,-122.16669136114037,47.74967616225104,530330219061.0,ld3_G_Gasoline,b2b--c33-29034
18730,6362595-5-mdv,b2b-18730,ft-0e523,ft-mdv-Dsl,530330071001,-122.36312762541658,47.6231487900221,530330071001.0,mdv_D_Diesel,b2b--c33-29057
18761,6362595-3-hdt,b2b-18761,ft-92624,ft-hdt-Dsl,530330071001,-122.36312762541658,47.6231487900221,530330071001.0,hdt_D_Diesel,b2b--c33-29145
18767,6294321-1-hdt,b2b-18767,ft-f91e9,ft-hdv-Dsl,530330328003,-121.10644086665883,47.709472706427675,530079606001.0,hdv_D_Diesel,b2b--c33-29169
18811,6373238-1-hdt,b2b-18811,ft-5fafc,ft-hdv-Dsl,530330288013,-122.29809743018512,47.41012378741666,530330288013.0,hdv_D_Diesel,b2b--c33-29311
18826,7366227-1-hdt,b2b-18826,ft-94f5e,ft-hdt-Dsl,530330109001,-122.32750686520647,47.54037836611563,530330109001.0,hdt_D_Diesel,b2b--c33-29366
18832,7363385-4-hdv,b2b-18832,ft-50392,ft-hdv-Dsl,530330277014,-122.46038909169694,47.45140809956969,530330277014.0,hdv_D_Diesel,b2b--c33-29386
18845,7366807-1-hdt,b2b-18845,ft-ba45a,ft-hdv-Dsl,530330262001,-122.25267790531937,47.45821552835056,530330262001.0,hdv_D_Diesel,b2b--c33-29422
18850,7366807-1-hdt,b2b-18850,ft-e57b9,ft-hdt-Dsl,530330262001,-122.25267790531937,47.45821552835056,530330262001.0,hdt_D_Diesel,b2b--c33-29423
18853,7366807-1-hdt,b2b-18853,ft-8f371,ft-hdt-Dsl,530330262001,-122.25267790531937,47.45821552835056,530330262001.0,hdt_D_Diesel,b2b--c33-29426
18859,7365675-2-hdv,b2b-18859,ft-280d0,ft-hdv-Dsl,530330080013,-122.35203811652492,47.614856194270686,530330080013.0,hdv_D_Diesel,b2b--c33-29458
18867,7361969-2-hdv,b2b-18867,ft-c5dfc,ft-hdv-Dsl,530330292061,-122.22713696275777,47.43390436747896,530330292061.0,hdv_D_Diesel,b2b--c33-29477
18869,7365675-1-hdt,b2b-18869,ft-eaf5e,ft-hdt-Dsl,530330080013,-122.35203811652492,47.614856194270686,530330080013.0,hdt_D_Diesel,b2b--c33-29480
18877,7366807-2-hdt,b2b-18877,ft-03dd2,ft-hdt-Dsl,530330262001,-122.25267790531937,47.45821552835056,530330262001.0,hdt_D_Diesel,b2b--c33-29496
18884,7360222-5-hdt,b2b-18884,ft-820d0,ft-hdt-Dsl,530330305011,-122.22989067479328,47.32165454955397,530330305011.0,hdt_D_Diesel,b2b--c33-29533
18890,6355849-1-hdt,b2b-18890,ft-d0231,ft-hdt-Dsl,530330093003,-122.34093078573663,47.565802288666596,530330093003.0,hdt_D_Diesel,b2b--c33-29546
18900,7461591-2-hdv,b2b-18900,ft-b5d8e,ft-hdv-Dsl,530610533014,-122.37093627404924,48.2483017317002,530730105011.0,hdv_D_Diesel,b2b--c33-29572
18940,7456553-2-hdv,b2b-18940,ft-1f77e,ft-hdv-Dsl,530610533014,-122.37093627404924,48.2483017317002,530730002001.0,hdv_D_Diesel,b2b--c33-29933
18943,7456553-2-hdv,b2b-18943,ft-82ac9,ft-hdv-Dsl,530610533014,-122.37093627404924,48.2483017317002,530730002001.0,hdv_D_Diesel,b2b--c33-29936
18955,7456553-2-hdv,b2b-18955,ft-1ebb6,ft-hdv-Dsl,530610533014,-122.37093627404924,48.2483017317002,530730002001.0,hdv_D_Diesel,b2b--c33-30009
19000,6322553-2-hdv,b2b-19000,ft-6c1e7,ft-hdv-Dsl,530330237001,-122.16919838349138,47.62109228136062,530330237001.0,hdv_D_Diesel,b2b--c33-30265
19013,7456277-2-hdv,b2b-19013,ft-4495e,ft-hdv-Dsl,530610533014,-122.37093627404924,48.2483017317002,530579407002.0,hdv_D_Diesel,b2b--c33-30300
19064,6322552-1-hdt,b2b-19064,ft-9c751,ft-hdv-Dsl,530330237001,-122.15817255013513,47.62632523316782,530330237001.0,hdv_D_Diesel,b2b--c33-30475
19072,6322552-1-hdt,b2b-19072,ft-a91a0,ft-hdt-Dsl,530330237001,-122.15817255013513,47.62632523316782,530330237001.0,hdt_D_Diesel,b2b--c33-30469
19122,6356108-1-ld3,b2b-19122,ft-913ac,ft-ld3-Gas,530330093003,-122.32473713278328,47.58167042643398,530330093003.0,ld3_G_Gasoline,b2b--c33-30673
19131,7360462-2-mdv,b2b-19131,ft-e86c1,ft-mdv-Dsl,530330308011,-122.23080956472748,47.274118111792745,530330308011.0,mdv_D_Diesel,b2b--c33-30706
19145,6313702-3-hdt,b2b-19145,ft-7c1bc,ft-hdt-Dsl,530350901011,-122.60731041865166,47.92387571831771,530299713002.0,hdt_D_Diesel,b2b--c33-30763
19149,6313702-4-ld3,b2b-19149,ft-50186,ft-ld3-Gas,530350901011,-122.60731041865166,47.92387571831771,530299713002.0,ld3_G_Gasoline,b2b--c33-30771
19163,5027626-1-hdt,b2b-19163,ft-12299,ft-hdv-Dsl,530530732003,-122.23706641279225,46.78408365659002,410510043001.0,hdv_D_Diesel,b2b--c33-30834
19167,5027626-1-hdt,b2b-19167,ft-ce0ad,ft-hdt-Dsl,530530732003,-122.23706641279225,46.78408365659002,410510043001.0,hdt_D_Diesel,b2b--c33-30838
19181,6436652-1-hdt,b2b-19181,ft-50f6b,ft-hdt-Dsl,530530729061,-122.5544249277511,47.049137874735855,530670123201.0,hdt_D_Diesel,b2b--c33-30914
19187,7365002-1-hdt,b2b-19187,ft-9d01a,ft-hdv-Dsl,530330112001,-122.33225678266705,47.532085048145994,530330112001.0,hdv_D_Diesel,b2b--c33-30966
19191,7365002-1-hdt,b2b-19191,ft-160c5,ft-hdt-Dsl,530330112001,-122.33225678266705,47.532085048145994,530330112001.0,hdt_D_Diesel,b2b--c33-30970
19192,7365002-1-hdt,b2b-19192,ft-d7df3,ft-hdt-Dsl,530330112001,-122.33225678266705,47.532085048145994,530330112001.0,hdt_D_Diesel,b2b--c33-30971
19202,7365002-1-hdt,b2b-19202,ft-9a0f6,ft-hdt-Dsl,530330112001,-122.33225678266705,47.532085048145994,530330112001.0,hdt_D_Diesel,b2b--c33-30981
19215,7365002-1-hdv,b2b-19215,ft-45d32,ft-hdv-Dsl,530330112001,-122.33225678266705,47.532085048145994,530330112001.0,hdv_D_Diesel,b2b--c33-31072
19233,7365002-2-hdv,b2b-19233,ft-b4f31,ft-hdv-Dsl,530330112001,-122.33225678266705,47.532085048145994,530330112001.0,hdv_D_Diesel,b2b--c33-31116
19235,7365002-2-hdv,b2b-19235,ft-da03f,ft-hdv-Dsl,530330112001,-122.33225678266705,47.532085048145994,530330112001.0,hdv_D_Diesel,b2b--c33-31118
19244,7365002-2-hdv,b2b-19244,ft-b9fdc,ft-hdv-Dsl,530330112001,-122.33225678266705,47.532085048145994,530330112001.0,hdv_D_Diesel,b2b--c33-31127
19265,6374275-1-hdt,b2b-19265,ft-64858,ft-hdt-Dsl,530330058014,-122.38982063711448,47.66123445230457,530330058014.0,hdt_D_Diesel,b2b--c33-31335
19277,6374275-1-hdt,b2b-19277,ft-f0b1c,ft-hdt-Dsl,530330058014,-122.38982063711448,47.66123445230457,530330058014.0,hdt_D_Diesel,b2b--c33-31328
19288,6374275-2-hdt,b2b-19288,ft-77c5e,ft-hdt-Dsl,530330058014,-122.38982063711448,47.66123445230457,530330058014.0,hdt_D_Diesel,b2b--c33-31341
19295,6374275-2-hdt,b2b-19295,ft-acc61,ft-hdt-Dsl,530330058014,-122.38982063711448,47.66123445230457,530330058014.0,hdt_D_Diesel,b2b--c33-31348
19297,6374275-2-hdt,b2b-19297,ft-86e3d,ft-hdv-Dsl,530330058014,-122.38982063711448,47.66123445230457,530330058014.0,hdv_D_Diesel,b2b--c33-31350
19300,7360559-1-mdv,b2b-19300,ft-badb0,ft-mdv-Dsl,530330303132,-122.31338053919565,47.29502794624058,530330303132.0,mdv_D_Diesel,b2b--c33-31377
19302,6324618-1-ld3,b2b-19302,ft-a56f8,ft-ld3-Gas,530330228033,-122.13786162681836,47.63435274996133,530330228033.0,ld3_G_Gasoline,b2b--c33-31386
19319,6370018-2-hdv,b2b-19319,ft-c6c21,ft-hdv-Dsl,530330001005,-122.29321841215464,47.7245704154308,530330001005.0,hdv_D_Diesel,b2b--c33-31453
19324,6371660-1-hdt,b2b-19324,ft-24f63,ft-hdt-Dsl,530330004022,-122.34846144614988,47.722304160876234,530330004022.0,hdt_D_Diesel,b2b--c33-31470
19345,7456277-1-hdt,b2b-19345,ft-6a5da,ft-hdv-Dsl,530610533014,-122.37093627404924,48.2483017317002,530579407002.0,hdv_D_Diesel,b2b--c33-31603
19348,7456278-2-hdv,b2b-19348,ft-2d047,ft-hdv-Dsl,530610533014,-122.37093627404924,48.2483017317002,530579501002.0,hdv_D_Diesel,b2b--c33-31621
19367,7456275-1-hdt,b2b-19367,ft-c0ff4,ft-hdt-Dsl,530610533014,-122.37093627404924,48.2483017317002,530579407002.0,hdt_D_Diesel,b2b--c33-31739
19377,7461592-1-hdt,b2b-19377,ft-79bfd,ft-hdt-Dsl,530610533014,-122.37093627404924,48.2483017317002,530730104012.0,hdt_D_Diesel,b2b--c33-31860
19387,7456552-1-hdt,b2b-19387,ft-ffd22,ft-hdt-Dsl,530610533014,-122.37093627404924,48.2483017317002,530730106001.0,hdt_D_Diesel,b2b--c33-31943
19390,7456552-1-hdt,b2b-19390,ft-ff101,ft-hdt-Dsl,530610533014,-122.37093627404924,48.2483017317002,530730106001.0,hdt_D_Diesel,b2b--c33-31946
19400,7461592-2-hdv,b2b-19400,ft-74221,ft-hdv-Dsl,530610533014,-122.37093627404924,48.2483017317002,530730104012.0,hdv_D_Diesel,b2b--c33-31969
19410,6349334-1-ld3,b2b-19410,ft-b81b3,ft-ld3-Gas,530330049002,-122.35238604277036,47.65186132146314,530330049002.0,ld3_G_Gasoline,b2b--c33-32059
19414,6355836-1-hdt,b2b-19414,ft-5ccfa,ft-hdv-Dsl,530330109002,-122.3296818142744,47.545625512041056,530330109002.0,hdv_D_Diesel,b2b--c33-32079
19420,6349334-2-mdv,b2b-19420,ft-8f10d,ft-mdv-Dsl,530330049002,-122.35238604277036,47.65186132146314,530330049002.0,mdv_D_Diesel,b2b--c33-32105
19421,7364720-1-hdt,b2b-19421,ft-47ca5,ft-hdv-Dsl,530330047002,-122.36984118984668,47.66219184813517,530330047002.0,hdv_D_Diesel,b2b--c33-32118
19428,7364720-2-ld3,b2b-19428,ft-ed865,ft-ld3-Gas,530330047002,-122.36984118984668,47.66219184813517,530330047002.0,ld3_G_Gasoline,b2b--c33-32145
19449,7364720-4-ld3,b2b-19449,ft-2f123,ft-ld3-Gas,530330047002,-122.36984118984668,47.66219184813517,530330047002.0,ld3_G_Gasoline,b2b--c33-32211
19462,6299642-1-mdv,b2b-19462,ft-a398a,ft-mdv-Dsl,530530732003,-122.23706641279225,46.78408365659002,530110423001.0,mdv_D_Diesel,b2b--c33-32250
19464,5026869-1-hdt,b2b-19464,ft-14688,ft-hdv-Dsl,530530732003,-122.23706641279225,46.78408365659002,410510101002.0,hdv_D_Diesel,b2b--c33-32255
19466,6337262-1-hdt,b2b-19466,ft-7bae3,ft-hdv-Dsl,530330327042,-121.7925618988038,47.485025933533976,530330327042.0,hdv_D_Diesel,b2b--c33-32258
19472,6404704-1-ld3,b2b-19472,ft-39280,ft-ld3-Gas,530610534001,-122.174775998106,48.271850830473014,530579515003.0,ld3_G_Gasoline,b2b--c33-32275
19478,7362834-1-hdt,b2b-19478,ft-500dd,ft-hdt-Dsl,530330323133,-122.09079906056839,47.67017392643298,530330323133.0,hdt_D_Diesel,b2b--c33-32295
19496,5027203-1-hdt,b2b-19496,ft-95139,ft-hdt-Dsl,530530732003,-122.23706641279225,46.78408365659002,410510102002.0,hdt_D_Diesel,b2b--c33-32338
19504,6330443-1-hdt,b2b-19504,ft-eb095,ft-hdv-Dsl,530330292061,-122.23105810863098,47.43029096622324,530330292061.0,hdv_D_Diesel,b2b--c33-32363
19514,6382070-2-hdt,b2b-19514,ft-8853d,ft-hdt-Dsl,530530730061,-122.34183800719136,46.92931107282429,530419712001.0,hdt_D_Diesel,b2b--c33-32397
19522,6437233-2-hdt,b2b-19522,ft-fcee7,ft-hdt-Dsl,530530729061,-122.5544249277511,47.049137874735855,530670127203.0,hdt_D_Diesel,b2b--c33-32438
19523,6437233-2-hdt,b2b-19523,ft-16ff4,ft-hdv-Dsl,530530729061,-122.5544249277511,47.049137874735855,530670127203.0,hdv_D_Diesel,b2b--c33-32439
19561,6327616-1-hdt,b2b-19561,ft-c3526,ft-hdt-Dsl,530330326021,-121.83843313117708,47.53456429949858,530330326021.0,hdt_D_Diesel,b2b--c33-32696
19563,6327616-1-hdt,b2b-19563,ft-c81dc,ft-hdt-Dsl,530330326021,-121.83843313117708,47.53456429949858,530330326021.0,hdt_D_Diesel,b2b--c33-32698
19619,8438806-2-hdv,b2b-19619,ft-0ce35,ft-hdv-Dsl,530530732003,-122.23706641279225,46.78408365659002,530110430001.0,hdv_D_Diesel,b2b--c33-32936
19634,8438806-2-hdv,b2b-19634,ft-7652b,ft-hdv-Dsl,530530732003,-122.23706641279225,46.78408365659002,530110430001.0,hdv_D_Diesel,b2b--c33-33014
19644,7362971-1-hdt,b2b-19644,ft-8afb6,ft-hdt-Dsl,530330323132,-122.08026070389467,47.685563981689555,530330323132.0,hdt_D_Diesel,b2b--c33-33042
19654,7362971-1-hdt,b2b-19654,ft-3e5bb,ft-hdv-Dsl,530330323132,-122.08026070389467,47.685563981689555,530330323132.0,hdv_D_Diesel,b2b--c33-33052
19656,7362971-1-hdt,b2b-19656,ft-df71a,ft-hdt-Dsl,530330323132,-122.08026070389467,47.685563981689555,530330323132.0,hdt_D_Diesel,b2b--c33-33054
19664,7362971-5-hdt,b2b-19664,ft-0a2a6,ft-hdt-Dsl,530330323132,-122.08026070389467,47.685563981689555,530330323132.0,hdt_D_Diesel,b2b--c33-33124
19666,6366073-2-hdt,b2b-19666,ft-8d862,ft-hdt-Dsl,530330047002,-122.3709605964541,47.667319206086475,530330047002.0,hdt_D_Diesel,b2b--c33-33146
19669,6366073-2-hdt,b2b-19669,ft-3035d,ft-hdv-Dsl,530330047002,-122.3709605964541,47.667319206086475,530330047002.0,hdv_D_Diesel,b2b--c33-33139
19677,6366073-1-hdt,b2b-19677,ft-52b54,ft-hdv-Dsl,530330047002,-122.3709605964541,47.667319206086475,530330047002.0,hdv_D_Diesel,b2b--c33-33170
19687,6325734-1-hdt,b2b-19687,ft-11070,ft-hdt-Dsl,530330082001,-122.3310320702626,47.60730906895118,530330082001.0,hdt_D_Diesel,b2b--c33-33196
19700,6325734-2-hdt,b2b-19700,ft-c4422,ft-hdt-Dsl,530330082001,-122.3310320702626,47.60730906895118,530330082001.0,hdt_D_Diesel,b2b--c33-33235
19704,6325734-2-hdt,b2b-19704,ft-d564f,ft-hdt-Dsl,530330082001,-122.3310320702626,47.60730906895118,530330082001.0,hdt_D_Diesel,b2b--c33-33239
19722,7369839-1-hdt,b2b-19722,ft-059cc,ft-hdt-Dsl,530610535061,-121.89999203508337,48.27272291141637,530579512001.0,hdt_D_Diesel,b2b--c33-33323
19728,7369839-1-hdt,b2b-19728,ft-60801,ft-hdt-Dsl,530610535061,-121.89999203508337,48.27272291141637,530579512001.0,hdt_D_Diesel,b2b--c33-33329
19731,7369839-1-hdt,b2b-19731,ft-c8dd7,ft-hdv-Dsl,530610535061,-121.89999203508337,48.27272291141637,530579512001.0,hdv_D_Diesel,b2b--c33-33332
19733,7369839-1-hdt,b2b-19733,ft-5d32b,ft-hdt-Dsl,530610535061,-121.89999203508337,48.27272291141637,530579512001.0,hdt_D_Diesel,b2b--c33-33334
19761,7373534-2-hdt,b2b-19761,ft-4d71a,ft-hdt-Dsl,530530729061,-122.5544249277511,47.049137874735855,530670123201.0,hdt_D_Diesel,b2b--c33-33480
19794,8438804-1-hdt,b2b-19794,ft-fb685,ft-hdt-Dsl,530530732003,-122.23706641279225,46.78408365659002,530110416002.0,hdt_D_Diesel,b2b--c33-33636
19795,6337295-5-hdt,b2b-19795,ft-c728c,ft-hdt-Dsl,530330327032,-121.82298780702214,47.525942297847294,530330327032.0,hdt_D_Diesel,b2b--c33-33742
19799,6325358-2-hdt,b2b-19799,ft-c2573,ft-hdv-Dsl,530330316053,-122.00698084149346,47.32293424436969,530330316053.0,hdv_D_Diesel,b2b--c33-33762
19807,6382697-2-hdt,b2b-19807,ft-e3a42,ft-hdt-Dsl,530530729061,-122.5544249277511,47.049137874735855,530419711001.0,hdt_D_Diesel,b2b--c33-33783
19813,6382872-2-hdt,b2b-19813,ft-78298,ft-hdt-Dsl,530530729061,-122.5544249277511,47.049137874735855,530419715003.0,hdt_D_Diesel,b2b--c33-33807
19819,6367457-1-hdt,b2b-19819,ft-ca63d,ft-hdt-Dsl,530330109002,-122.3209632229973,47.54972733254465,530330109002.0,hdt_D_Diesel,b2b--c33-33839
19846,6436192-1-hdt,b2b-19846,ft-bcc07,ft-hdv-Dsl,530530726032,-122.77382693312865,47.188210163000925,530670110001.0,hdv_D_Diesel,b2b--c33-33864
19848,6436192-1-hdt,b2b-19848,ft-316d2,ft-hdt-Dsl,530530726032,-122.77382693312865,47.188210163000925,530670110001.0,hdt_D_Diesel,b2b--c33-33866
19851,6436192-2-hdt,b2b-19851,ft-c33c8,ft-hdt-Dsl,530530726032,-122.77382693312865,47.188210163000925,530670110001.0,hdt_D_Diesel,b2b--c33-33946
19852,6436192-2-hdt,b2b-19852,ft-d11d7,ft-hdv-Dsl,530530726032,-122.77382693312865,47.188210163000925,530670110001.0,hdv_D_Diesel,b2b--c33-33947
19858,6436192-2-hdt,b2b-19858,ft-88edb,ft-hdt-Dsl,530530726032,-122.77382693312865,47.188210163000925,530670110001.0,hdt_D_Diesel,b2b--c33-33953
19867,6436192-2-hdt,b2b-19867,ft-3df90,ft-hdv-Dsl,530530726032,-122.77382693312865,47.188210163000925,530670110001.0,hdv_D_Diesel,b2b--c33-33962
19877,6356029-1-hdt,b2b-19877,ft-8ccb2,ft-hdt-Dsl,530330263001,-122.27862640004632,47.50939978596906,530330263001.0,hdt_D_Diesel,b2b--c33-34078
19879,7367820-1-hdt,b2b-19879,ft-51823,ft-hdv-Dsl,530530730061,-122.34183800719136,46.92931107282429,530419712001.0,hdv_D_Diesel,b2b--c33-34081
19880,7367820-1-hdt,b2b-19880,ft-d0c88,ft-hdt-Dsl,530530730061,-122.34183800719136,46.92931107282429,530419712001.0,hdt_D_Diesel,b2b--c33-34082
19912,6403031-2-hdt,b2b-19912,ft-2d4d9,ft-hdt-Dsl,530610533014,-122.37093627404924,48.2483017317002,530579408001.0,hdt_D_Diesel,b2b--c33-34172
19913,6403031-2-hdt,b2b-19913,ft-d5920,ft-hdt-Dsl,530610533014,-122.37093627404924,48.2483017317002,530579408001.0,hdt_D_Diesel,b2b--c33-34173
19924,6326994-1-hdt,b2b-19924,ft-3be1f,ft-hdt-Dsl,530330315013,-121.9264938935332,47.28358920077654,530330315013.0,hdt_D_Diesel,b2b--c33-34266
19929,6326994-1-hdt,b2b-19929,ft-0b6e4,ft-hdt-Dsl,530330315013,-121.9264938935332,47.28358920077654,530330315013.0,hdt_D_Diesel,b2b--c33-34271
19942,6326994-1-hdt,b2b-19942,ft-bdbf3,ft-hdt-Dsl,530330315013,-121.9264938935332,47.28358920077654,530330315013.0,hdt_D_Diesel,b2b--c33-34285
19949,6326994-1-hdt,b2b-19949,ft-a4792,ft-hdt-Dsl,530330315013,-121.9264938935332,47.28358920077654,530330315013.0,hdt_D_Diesel,b2b--c33-34292
19963,6326994-1-hdt,b2b-19963,ft-61d8e,ft-hdt-Dsl,530330315013,-121.9264938935332,47.28358920077654,530330315013.0,hdt_D_Diesel,b2b--c33-34306
20004,6326994-2-hdt,b2b-20004,ft-336ad,ft-hdt-Dsl,530330315013,-121.9264938935332,47.28358920077654,530330315013.0,hdt_D_Diesel,b2b--c33-34360
20006,6326994-2-hdt,b2b-20006,ft-6715f,ft-hdt-Dsl,530330315013,-121.9264938935332,47.28358920077654,530330315013.0,hdt_D_Diesel,b2b--c33-34362
20044,8239712-1-hdt,b2b-20044,ft-47eb6,ft-hdt-Dsl,530330109002,-122.32623682792797,47.54957517534835,530330109002.0,hdt_D_Diesel,b2b--c33-34506
20053,8239712-1-hdt,b2b-20053,ft-e4c4c,ft-hdt-Dsl,530330109002,-122.32623682792797,47.54957517534835,530330109002.0,hdt_D_Diesel,b2b--c33-34515
20057,8239712-1-hdt,b2b-20057,ft-73f66,ft-hdt-Dsl,530330109002,-122.32623682792797,47.54957517534835,530330109002.0,hdt_D_Diesel,b2b--c33-34555
20060,8239712-1-hdt,b2b-20060,ft-10f61,ft-hdt-Dsl,530330109002,-122.32623682792797,47.54957517534835,530330109002.0,hdt_D_Diesel,b2b--c33-34497
20067,8239712-2-hdt,b2b-20067,ft-308e8,ft-hdt-Dsl,530330109002,-122.32623682792797,47.54957517534835,530330109002.0,hdt_D_Diesel,b2b--c33-34562
20106,8395891-1-hdt,b2b-20106,ft-28226,ft-hdt-Dsl,530530726032,-122.77382693312865,47.188210163000925,530670110001.0,hdt_D_Diesel,b2b--c33-34651
20109,8395891-1-hdt,b2b-20109,ft-417e6,ft-hdt-Dsl,530530726032,-122.77382693312865,47.188210163000925,530670110001.0,hdt_D_Diesel,b2b--c33-34654
20125,8395891-1-hdt,b2b-20125,ft-5a4c2,ft-hdv-Dsl,530530726032,-122.77382693312865,47.188210163000925,530670110001.0,hdv_D_Diesel,b2b--c33-34670
20134,8395891-1-hdt,b2b-20134,ft-56c7d,ft-hdt-Dsl,530530726032,-122.77382693312865,47.188210163000925,530670110001.0,hdt_D_Diesel,b2b--c33-34679
20135,8395891-1-hdt,b2b-20135,ft-06b14,ft-hdt-Dsl,530530726032,-122.77382693312865,47.188210163000925,530670110001.0,hdt_D_Diesel,b2b--c33-34680
20153,8395891-1-hdt,b2b-20153,ft-c779e,ft-hdt-Dsl,530530726032,-122.77382693312865,47.188210163000925,530670110001.0,hdt_D_Diesel,b2b--c33-34698
20156,8395891-1-hdt,b2b-20156,ft-3fe0d,ft-hdv-Dsl,530530726032,-122.77382693312865,47.188210163000925,530670110001.0,hdv_D_Diesel,b2b--c33-34701
20162,8395891-1-hdt,b2b-20162,ft-def83,ft-hdt-Dsl,530530726032,-122.77382693312865,47.188210163000925,530670110001.0,hdt_D_Diesel,b2b--c33-34707
20164,8395891-1-hdt,b2b-20164,ft-5928c,ft-hdt-Dsl,530530726032,-122.77382693312865,47.188210163000925,530670110001.0,hdt_D_Diesel,b2b--c33-34873
20187,8395891-2-hdt,b2b-20187,ft-a24b1,ft-hdt-Dsl,530530726032,-122.77382693312865,47.188210163000925,530670110001.0,hdt_D_Diesel,b2b--c33-34896
20203,8395891-2-hdt,b2b-20203,ft-1ce4c,ft-hdt-Dsl,530530726032,-122.77382693312865,47.188210163000925,530670110001.0,hdt_D_Diesel,b2b--c33-34912
20217,8395891-2-hdt,b2b-20217,ft-2eeca,ft-hdt-Dsl,530530726032,-122.77382693312865,47.188210163000925,530670110001.0,hdt_D_Diesel,b2b--c33-34926
20218,8395891-2-hdt,b2b-20218,ft-da8d6,ft-hdt-Dsl,530530726032,-122.77382693312865,47.188210163000925,530670110001.0,hdt_D_Diesel,b2b--c33-34927
20220,8395891-2-hdt,b2b-20220,ft-4f36f,ft-hdt-Dsl,530530726032,-122.77382693312865,47.188210163000925,530670110001.0,hdt_D_Diesel,b2b--c33-34929
20221,8395891-2-hdt,b2b-20221,ft-95ed2,ft-hdt-Dsl,530530726032,-122.77382693312865,47.188210163000925,530670110001.0,hdt_D_Diesel,b2b--c33-34930
20233,6403031-1-hdt,b2b-20233,ft-fb6df,ft-hdt-Dsl,530610533014,-122.37093627404924,48.2483017317002,530579408001.0,hdt_D_Diesel,b2b--c33-35179
20244,6383620-2-hdt,b2b-20244,ft-2e266,ft-hdv-Dsl,530530726023,-122.81375781184049,47.26489576985024,530459609004.0,hdv_D_Diesel,b2b--c33-35209
20253,6343259-2-hdt,b2b-20253,ft-f0830,ft-hdt-Dsl,530330326021,-121.86754715647596,47.52810804223245,530330326021.0,hdt_D_Diesel,b2b--c33-35259
20254,6343259-2-hdt,b2b-20254,ft-c703b,ft-hdt-Dsl,530330326021,-121.86754715647596,47.52810804223245,530330326021.0,hdt_D_Diesel,b2b--c33-35260
20266,6367457-2-hdt,b2b-20266,ft-efbc5,ft-hdt-Dsl,530330109002,-122.3209632229973,47.54972733254465,530330109002.0,hdt_D_Diesel,b2b--c33-35286
20268,6367457-2-hdt,b2b-20268,ft-8768e,ft-hdt-Dsl,530330109002,-122.3209632229973,47.54972733254465,530330109002.0,hdt_D_Diesel,b2b--c33-35289
20280,7367802-2-hdt,b2b-20280,ft-305cb,ft-hdv-Dsl,530530729061,-122.5544249277511,47.049137874735855,530419711001.0,hdv_D_Diesel,b2b--c33-35333
20297,7361494-1-hdt,b2b-20297,ft-38e7c,ft-hdt-Dsl,530330315022,-121.94986983476875,47.197524888020396,530330315022.0,hdt_D_Diesel,b2b--c33-35362
20303,7361494-1-hdt,b2b-20303,ft-bff46,ft-hdt-Dsl,530330315022,-121.94986983476875,47.197524888020396,530330315022.0,hdt_D_Diesel,b2b--c33-35384
20305,7361494-4-hdt,b2b-20305,ft-a9e6b,ft-hdt-Dsl,530330315022,-121.94986983476875,47.197524888020396,530330315022.0,hdt_D_Diesel,b2b--c33-35393
20317,7370001-2-hdt,b2b-20317,ft-379d7,ft-hdt-Dsl,530610533014,-122.37093627404924,48.2483017317002,530579508003.0,hdt_D_Diesel,b2b--c33-35429
20332,6330162-1-hdt,b2b-20332,ft-74a95,ft-hdv-Dsl,530330292061,-122.2485095345355,47.38939019061223,530330292061.0,hdv_D_Diesel,b2b--c33-35509
20338,6330162-1-hdt,b2b-20338,ft-d5061,ft-hdt-Dsl,530330292061,-122.2485095345355,47.38939019061223,530330292061.0,hdt_D_Diesel,b2b--c33-35471
20339,6330162-1-hdt,b2b-20339,ft-2f58f,ft-hdt-Dsl,530330292061,-122.2485095345355,47.38939019061223,530330292061.0,hdt_D_Diesel,b2b--c33-35472
20342,6330162-1-hdt,b2b-20342,ft-9c942,ft-hdv-Dsl,530330292061,-122.2485095345355,47.38939019061223,530330292061.0,hdv_D_Diesel,b2b--c33-35475
20350,6330162-1-hdt,b2b-20350,ft-e1b93,ft-hdv-Dsl,530330292061,-122.2485095345355,47.38939019061223,530330292061.0,hdv_D_Diesel,b2b--c33-35483
20351,6330162-1-hdt,b2b-20351,ft-ef485,ft-hdt-Dsl,530330292061,-122.2485095345355,47.38939019061223,530330292061.0,hdt_D_Diesel,b2b--c33-35484
20352,6330162-1-hdt,b2b-20352,ft-1d3e9,ft-hdt-Dsl,530330292061,-122.2485095345355,47.38939019061223,530330292061.0,hdt_D_Diesel,b2b--c33-35485
20357,6326213-1-hdt,b2b-20357,ft-3c4c9,ft-hdt-Dsl,530330324011,-121.98659709251918,47.738658354362414,530330324011.0,hdt_D_Diesel,b2b--c33-35517
20365,6436398-2-hdt,b2b-20365,ft-e0527,ft-hdt-Dsl,530530729061,-122.5544249277511,47.049137874735855,530670123201.0,hdt_D_Diesel,b2b--c33-35539
20377,7369800-1-hdt,b2b-20377,ft-45a07,ft-hdt-Dsl,530610533024,-122.33639511497468,48.27588885819264,530579518001.0,hdt_D_Diesel,b2b--c33-35601
20381,7369800-1-hdt,b2b-20381,ft-b1d9c,ft-hdt-Dsl,530610533024,-122.33639511497468,48.27588885819264,530579518001.0,hdt_D_Diesel,b2b--c33-35605
20422,7367797-1-hdt,b2b-20422,ft-494bc,ft-hdt-Dsl,530530730061,-122.34183800719136,46.92931107282429,530419712002.0,hdt_D_Diesel,b2b--c33-35935
20428,6333987-1-hdt,b2b-20428,ft-a7a1d,ft-hdt-Dsl,530330219061,-122.1614527123298,47.74512834971899,530330219061.0,hdt_D_Diesel,b2b--c33-36004
20436,6363714-1-hdt,b2b-20436,ft-fcc0c,ft-hdt-Dsl,530330090001,-122.30522838742804,47.599526871198,530330090001.0,hdt_D_Diesel,b2b--c33-36022
20441,6333987-2-hdt,b2b-20441,ft-7cf84,ft-hdt-Dsl,530330219061,-122.1614527123298,47.74512834971899,530330219061.0,hdt_D_Diesel,b2b--c33-36027
20470,6436307-1-hdt,b2b-20470,ft-6258e,ft-hdt-Dsl,530530726032,-122.77382693312865,47.188210163000925,530670109101.0,hdt_D_Diesel,b2b--c33-36106
20473,7465040-1-hdt,b2b-20473,ft-db2b5,ft-hdt-Dsl,530610537001,-121.31300181346782,48.04698207479564,530659501005.0,hdt_D_Diesel,b2b--c33-36115
20482,7366290-5-hdt,b2b-20482,ft-98431,ft-hdt-Dsl,530330109001,-122.31467391249585,47.534329601475605,530330109001.0,hdt_D_Diesel,b2b--c33-36143
20489,6364105-1-hdt,b2b-20489,ft-b4687,ft-hdt-Dsl,530330075004,-122.318154539597,47.61446475216621,530330075004.0,hdt_D_Diesel,b2b--c33-36157
20506,6369075-1-hdt,b2b-20506,ft-e4e42,ft-hdt-Dsl,530330265002,-122.35199091885264,47.5154904438901,530330265002.0,hdt_D_Diesel,b2b--c33-36224
20513,6369075-1-hdt,b2b-20513,ft-b79b4,ft-hdt-Dsl,530330265002,-122.35199091885264,47.5154904438901,530330265002.0,hdt_D_Diesel,b2b--c33-36307
20523,6369075-2-hdv,b2b-20523,ft-5230a,ft-hdv-Dsl,530330265002,-122.35199091885264,47.5154904438901,530330265002.0,hdv_D_Diesel,b2b--c33-36328
20532,5018152-1-hdt,b2b-20532,ft-0f00d,ft-hdv-Dsl,530530732003,-122.23706641279225,46.78408365659002,410510073001.0,hdv_D_Diesel,b2b--c33-36488
20534,6354663-1-mdv,b2b-20534,ft-7c6f4,ft-mdv-Dsl,530330047004,-122.38017805494776,47.66532152782738,530330047004.0,mdv_D_Diesel,b2b--c33-36514
20535,6354663-1-mdv,b2b-20535,ft-9f3fe,ft-mdv-Dsl,530330047004,-122.38017805494776,47.66532152782738,530330047004.0,mdv_D_Diesel,b2b--c33-36513
20540,6299848-1-mdv,b2b-20540,ft-072db,ft-mdv-Dsl,530530732003,-122.23706641279225,46.78408365659002,530110426003.0,mdv_D_Diesel,b2b--c33-36525
20541,6299848-1-mdv,b2b-20541,ft-ce26b,ft-mdv-Dsl,530530732003,-122.23706641279225,46.78408365659002,530110426003.0,mdv_D_Diesel,b2b--c33-36538
20556,7364172-1-mdv,b2b-20556,ft-09b8d,ft-mdv-Dsl,530330049002,-122.34759814407666,47.65580052336602,530330049002.0,mdv_D_Diesel,b2b--c33-36581
20573,6364077-1-mdv,b2b-20573,ft-dceca,ft-mdv-Gas,530330090001,-122.30478342427875,47.599202244298034,530330090001.0,mdv_G_Gasoline,b2b--c33-36629
20632,7364718-1-hdt,b2b-20632,ft-0b645,ft-hdt-Dsl,530330047002,-122.36636067704941,47.66504119942815,530330047002.0,hdt_D_Diesel,b2b--c33-36785
20634,7364718-1-hdt,b2b-20634,ft-7b28a,ft-hdv-Dsl,530330047002,-122.36636067704941,47.66504119942815,530330047002.0,hdv_D_Diesel,b2b--c33-36775
20636,7364718-1-hdt,b2b-20636,ft-2feab,ft-hdt-Dsl,530330047002,-122.36636067704941,47.66504119942815,530330047002.0,hdt_D_Diesel,b2b--c33-36790
20644,7364718-2-hdt,b2b-20644,ft-21e54,ft-hdt-Dsl,530330047002,-122.36636067704941,47.66504119942815,530330047002.0,hdt_D_Diesel,b2b--c33-36804
20650,7362098-1-mdv,b2b-20650,ft-416a3,ft-mdv-Dsl,530330292061,-122.24431911243629,47.43563296202044,530330292061.0,mdv_D_Diesel,b2b--c33-36831
20661,7456460-1-mdv,b2b-20661,ft-9826f,ft-mdv-Dsl,530610537001,-121.31300181346782,48.04698207479564,530630123002.0,mdv_D_Diesel,b2b--c33-36908
20684,7455839-1-mdv,b2b-20684,ft-2ffb7,ft-mdv-Gas,530330326021,-121.86722712900465,47.52553367868373,530330326021.0,mdv_G_Gasoline,b2b--c33-37010
20690,6381532-1-mdv,b2b-20690,ft-d1dba,ft-mdv-Dsl,530530729061,-122.5544249277511,47.049137874735855,530419703002.0,mdv_D_Diesel,b2b--c33-37015
20705,7456058-1-mdv,b2b-20705,ft-1ba59,ft-mdv-Dsl,530330109001,-122.30761675295324,47.53096490006648,530330109001.0,mdv_D_Diesel,b2b--c33-37112
20708,6436646-1-mdv,b2b-20708,ft-5d291,ft-mdv-Dsl,530530728001,-122.64899673245617,47.0992006395685,530670122213.0,mdv_D_Diesel,b2b--c33-37113
20717,6331592-1-mdv,b2b-20717,ft-c3c5a,ft-mdv-Dsl,530330305011,-122.2363099455329,47.30418405231799,530330305011.0,mdv_D_Diesel,b2b--c33-37130
20728,6443307-1-mdv,b2b-20728,ft-c2888,ft-mdv-Dsl,530610533014,-122.37093627404924,48.2483017317002,530730107011.0,mdv_D_Diesel,b2b--c33-37185
20735,7455803-1-mdv,b2b-20735,ft-4d767,ft-mdv-Gas,530330323133,-122.10180452352901,47.67535521023947,530330323133.0,mdv_G_Gasoline,b2b--c33-37205
20747,6367458-1-mdv,b2b-20747,ft-83292,ft-mdv-Dsl,530330091001,-122.31737148694128,47.59836199170702,530330091001.0,mdv_D_Diesel,b2b--c33-37230
20758,6336840-1-mdv,b2b-20758,ft-a05a9,ft-mdv-Dsl,530330312051,-122.16319450133108,47.32958709248311,530330312051.0,mdv_D_Diesel,b2b--c33-37264
20781,6344228-1-mdv,b2b-20781,ft-e616c,ft-mdv-Dsl,530330323191,-122.1476668430792,47.77185080145393,530330323191.0,mdv_D_Diesel,b2b--c33-37346
20785,6344228-1-mdv,b2b-20785,ft-9cd90,ft-mdv-Dsl,530330323191,-122.1476668430792,47.77185080145393,530330323191.0,mdv_D_Diesel,b2b--c33-37364
20789,6355011-1-mdv,b2b-20789,ft-e8804,ft-mdv-Dsl,530330047002,-122.37628821034222,47.66748334001597,530330047002.0,mdv_D_Diesel,b2b--c33-37368
20820,6337573-4-ld3,b2b-20820,ft-9629,ft-ld3-Gas,530330292061,-122.24661058194091,47.39761728110753,530330292061.0,ld3_G_Gasoline,b2b--c33-37517
20843,7187507-1-mdv,b2b-20843,ft-5c035,ft-mdv-Gas,530530732003,-122.23706641279225,46.78408365659002,410099709001.0,mdv_G_Gasoline,b2b--c33-37588
20844,4965186-1-mdv,b2b-20844,ft-75706,ft-mdv-Dsl,530530732003,-122.23706641279225,46.78408365659002,410050215002.0,mdv_D_Diesel,b2b--c33-37593
20877,6372286-1-mdv,b2b-20877,ft-b6bce,ft-mdv-Gas,530330262001,-122.21620969638673,47.45560060276597,530330262001.0,mdv_G_Gasoline,b2b--c33-37703
20883,6324126-1-mdv,b2b-20883,ft-dea51,ft-mdv-Dsl,530330234012,-122.16004907974823,47.58727772802873,530330234012.0,mdv_D_Diesel,b2b--c33-37719
20894,6343622-1-mdv,b2b-20894,ft-963db,ft-mdv-Dsl,530330277011,-122.46919920881908,47.48589782760224,530330277011.0,mdv_D_Diesel,b2b--c33-37756
20915,7363571-1-mdv,b2b-20915,ft-cdd13,ft-mdv-Dsl,530330218022,-122.1715547341834,47.75756221947343,530330218022.0,mdv_D_Diesel,b2b--c33-37814
20922,6339701-1-mdv,b2b-20922,ft-1ba25,ft-mdv-Gas,530330228031,-122.14326092162004,47.65179645914477,530330228031.0,mdv_G_Gasoline,b2b--c33-37841
20934,6329982-1-mdv,b2b-20934,ft-4e82a,ft-mdv-Gas,530330292061,-122.25443545308532,47.41114604172536,530330292061.0,mdv_G_Gasoline,b2b--c33-37879
20953,6321594-1-mdv,b2b-20953,ft-0573a,ft-mdv-Dsl,530330227012,-122.20215559015895,47.64663848394986,530330227012.0,mdv_D_Diesel,b2b--c33-37915
20956,6336475-1-mdv,b2b-20956,ft-8cd44,ft-mdv-Dsl,530330243004,-122.23404123154222,47.58412270331499,530330243004.0,mdv_D_Diesel,b2b--c33-37930
20965,6329205-1-mdv,b2b-20965,ft-bb11b,ft-mdv-Dsl,530330217001,-122.24729254539567,47.76096501061143,530330217001.0,mdv_D_Diesel,b2b--c33-37952
20970,6359396-1-mdv,b2b-20970,ft-91828,ft-mdv-Dsl,530330019002,-122.31749850278108,47.69879491831389,530330019002.0,mdv_D_Diesel,b2b--c33-37983
20978,6327949-1-mdv,b2b-20978,ft-f0d03,ft-mdv-Dsl,530330234032,-122.1245047697113,47.58536744419461,530330234032.0,mdv_D_Diesel,b2b--c33-37998
20991,6333767-1-mdv,b2b-20991,ft-77ba7,ft-mdv-Dsl,530330226051,-122.15059126638194,47.69725747597019,530330226051.0,mdv_D_Diesel,b2b--c33-38044
21006,6371230-1-mdv,b2b-21006,ft-1178,ft-mdv-Dsl,530330262001,-122.25593174964885,47.4509070157306,530330262001.0,mdv_D_Diesel,b2b--c33-38101
21009,6350404-1-mdv,b2b-21009,ft-ec534,ft-mdv-Dsl,530330054003,-122.3427319997368,47.65079635821946,530330054003.0,mdv_D_Diesel,b2b--c33-38105
21011,6341902-1-mdv,b2b-21011,ft-fac0e,ft-mdv-Dsl,530330262001,-122.22352161943917,47.4717364248437,530330262001.0,mdv_D_Diesel,b2b--c33-38113
21017,6329207-1-mdv,b2b-21017,ft-9f82b,ft-mdv-Dsl,530330221012,-122.25007743924226,47.73789641155673,530330221012.0,mdv_D_Diesel,b2b--c33-38143
21019,7361568-1-mdv,b2b-21019,ft-41d72,ft-mdv-Gas,530330326021,-121.86797578442741,47.526946666946145,530330326021.0,mdv_G_Gasoline,b2b--c33-38145
21026,6324486-1-mdv,b2b-21026,ft-64a32,ft-mdv-Dsl,530330234032,-122.12936999415169,47.579201994399995,530330234032.0,mdv_D_Diesel,b2b--c33-38171
21030,6365108-1-mdv,b2b-21030,ft-f2b01,ft-mdv-Dsl,530330006003,-122.34486369531047,47.72191240709135,530330006003.0,mdv_D_Diesel,b2b--c33-38180
21035,6404255-1-mdv,b2b-21035,ft-1a54f,ft-mdv-Dsl,530610533024,-122.33639511497468,48.27588885819264,530579525003.0,mdv_D_Diesel,b2b--c33-38200
21069,6323586-1-mdv,b2b-21069,ft-979cd,ft-mdv-Gas,530330250062,-122.06614359396492,47.532617595594864,530330250062.0,mdv_G_Gasoline,b2b--c33-38292
21073,6316439-4-hdt,b2b-21073,ft-87782,ft-hdt-Dsl,530330309011,-122.24291248909323,47.28896525983556,530330309011.0,hdt_D_Diesel,b2b--c33-38299
21076,6356127-1-mdv,b2b-21076,ft-0abdd,ft-mdv-Dsl,530330109001,-122.32962989257996,47.5419012244096,530330109001.0,mdv_D_Diesel,b2b--c33-38314
21089,8239603-1-hdt,b2b-21089,ft-41b0a,ft-hdt-Dsl,530330078002,-122.28939130507857,47.608655124480606,530330078002.0,hdt_D_Diesel,b2b--c33-38356
21099,6343780-1-mdv,b2b-21099,ft-d36b6,ft-mdv-Gas,530330218021,-122.17982294455823,47.77084378894439,530330218021.0,mdv_G_Gasoline,b2b--c33-38392
21101,6343780-1-mdv,b2b-21101,ft-6877f,ft-mdv-Gas,530330218021,-122.17982294455823,47.77084378894439,530330218021.0,mdv_G_Gasoline,b2b--c33-38394
21109,6345149-1-hdt,b2b-21109,ft-0f55d,ft-hdv-Dsl,530330054003,-122.34331781414988,47.65298156327694,530330054003.0,hdv_D_Diesel,b2b--c33-38425
21118,5024164-2-ld3,b2b-21118,ft-739f8,ft-ld3-Gas,530530732003,-122.23706641279225,46.78408365659002,410510073001.0,ld3_G_Gasoline,b2b--c33-38456
21122,5015780-1-ld1,b2b-21122,ft-2ab62,ft-ld1-Dsl,530530732003,-122.23706641279225,46.78408365659002,410510007021.0,ld1_D_Diesel,b2b--c33-38469
21146,6338554-1-mdv,b2b-21146,ft-22590,ft-mdv-Gas,530330323091,-122.14591180274114,47.68576608947109,530330323091.0,mdv_G_Gasoline,b2b--c33-38559
21162,6351542-1-mdv,b2b-21162,ft-75a48,ft-mdv-Dsl,530330092002,-122.33327469013628,47.600266558803895,530330092002.0,mdv_D_Diesel,b2b--c33-38623
21173,7365622-1-mdv,b2b-21173,ft-04ae1,ft-mdv-Dsl,530330058014,-122.38885314371566,47.6605740218147,530330058014.0,mdv_D_Diesel,b2b--c33-38675
21177,7365622-1-mdv,b2b-21177,ft-dedb5,ft-mdv-Dsl,530330058014,-122.38885314371566,47.6605740218147,530330058014.0,mdv_D_Diesel,b2b--c33-38685
21189,7363476-1-mdv,b2b-21189,ft-908e1,ft-mdv-Gas,530330218021,-122.18292044643495,47.76886935116407,530330218021.0,mdv_G_Gasoline,b2b--c33-38747
21208,6316364-1-mdv,b2b-21208,ft-4adf1,ft-mdv-Dsl,530330308011,-122.2496165155821,47.29699029337017,530330308011.0,mdv_D_Diesel,b2b--c33-38802
21215,6355644-1-mdv,b2b-21215,ft-e4943,ft-mdv-Dsl,530330093003,-122.32774808683044,47.58625550415828,530330093003.0,mdv_D_Diesel,b2b--c33-38818
21234,4964386-1-ld1,b2b-21234,ft-866ac,ft-ld1-Gas,530530732003,-122.23706641279225,46.78408365659002,410050210002.0,ld1_G_Gasoline,b2b--c33-38892
21241,6354749-1-mdv,b2b-21241,ft-553ed,ft-mdv-Dsl,530330047004,-122.38600517532004,47.66748406413568,530330047004.0,mdv_D_Diesel,b2b--c33-38928
21262,7360223-1-mdv,b2b-21262,ft-ed777,ft-mdv-Dsl,530330299023,-122.25451154586449,47.32265103226913,530330299023.0,mdv_D_Diesel,b2b--c33-38988
21271,6356409-1-hdt,b2b-21271,ft-b136f,ft-hdt-Dsl,530330109001,-122.32767326707169,47.53950195760666,530330109001.0,hdt_D_Diesel,b2b--c33-39011
21276,6356409-1-hdt,b2b-21276,ft-6d218,ft-hdt-Dsl,530330109001,-122.32767326707169,47.53950195760666,530330109001.0,hdt_D_Diesel,b2b--c33-39011_2
21283,8417322-2-hdt,b2b-21283,ft-d3dc5,ft-hdv-Dsl,530530730061,-122.34183800719136,46.92931107282429,530150003001.0,hdv_D_Diesel,b2b--c33-39032
21298,7363230-1-mdv,b2b-21298,ft-fba7d,ft-mdv-Dsl,530330253013,-122.20479589408907,47.498936373141575,530330253013.0,mdv_D_Diesel,b2b--c33-39077
21305,7364154-1-mdv,b2b-21305,ft-50a40,ft-mdv-Gas,530330048003,-122.36336622983387,47.65717078791521,530330048003.0,mdv_G_Gasoline,b2b--c33-39099
21310,6355866-1-mdv,b2b-21310,ft-bbcb4,ft-mdv-Dsl,530330109001,-122.30703449893227,47.53075503382788,530330109001.0,mdv_D_Diesel,b2b--c33-39116
21315,5021208-1-mdv,b2b-21315,ft-cee38,ft-mdv-Dsl,530530732003,-122.23706641279225,46.78408365659002,410510011021.0,mdv_D_Diesel,b2b--c33-39131
21325,6343429-1-mdv,b2b-21325,ft-fdf25,ft-mdv-Dsl,530330277015,-122.47184283414076,47.447187372084066,530330277015.0,mdv_D_Diesel,b2b--c33-39177
21327,6343429-1-mdv,b2b-21327,ft-e9453,ft-mdv-Dsl,530330277015,-122.47184283414076,47.447187372084066,530330277015.0,mdv_D_Diesel,b2b--c33-39179
21352,6349344-1-hdt,b2b-21352,ft-44880,ft-hdt-Dsl,530330054002,-122.334466518168,47.64901780075286,530330054002.0,hdt_D_Diesel,b2b--c33-39255
21354,6308211-3-mdv,b2b-21354,ft-6e311,ft-mdv-Dsl,530530732003,-122.23706641279225,46.78408365659002,530150015023.0,mdv_D_Diesel,b2b--c33-39259
21357,7455600-4-ld3,b2b-21357,ft-d2759,ft-ld3-Gas,530330309011,-122.24642294937739,47.29434954051891,530330309011.0,ld3_G_Gasoline,b2b--c33-39268
21389,6370516-1-mdv,b2b-21389,ft-4da76,ft-mdv-Gas,530330305012,-122.23092761165952,47.31202546098226,530330305012.0,mdv_G_Gasoline,b2b--c33-39404
21391,6370516-1-mdv,b2b-21391,ft-cde49,ft-mdv-Gas,530330305012,-122.23092761165952,47.31202546098226,530330305012.0,mdv_G_Gasoline,b2b--c33-39444
21401,6373930-1-mdv,b2b-21401,ft-b5af3,ft-mdv-Dsl,530330058022,-122.37546351295111,47.63250629551509,530330058022.0,mdv_D_Diesel,b2b--c33-39453
21406,6373930-1-mdv,b2b-21406,ft-96f0f,ft-mdv-Dsl,530330058022,-122.37546351295111,47.63250629551509,530330058022.0,mdv_D_Diesel,b2b--c33-39535
21409,6372707-1-mdv,b2b-21409,ft-e0dfa,ft-mdv-Gas,530330262001,-122.21752961842144,47.455229102927156,530330262001.0,mdv_G_Gasoline,b2b--c33-39549
21422,7455935-1-hdt,b2b-21422,ft-fbcb2,ft-hdt-Dsl,530330109002,-122.32611300077664,47.55526318215823,530330109002.0,hdt_D_Diesel,b2b--c33-39580
21458,7455996-1-mdv,b2b-21458,ft-8213b,ft-mdv-Dsl,530330058014,-122.38716405040381,47.65880479852491,530330058014.0,mdv_D_Diesel,b2b--c33-39692
21459,7455996-1-mdv,b2b-21459,ft-ff06b,ft-mdv-Dsl,530330058014,-122.38716405040381,47.65880479852491,530330058014.0,mdv_D_Diesel,b2b--c33-39693
21473,6354564-1-ld3,b2b-21473,ft-38715,ft-ld3-Gas,530330048003,-122.36159992485727,47.65545257629375,530330048003.0,ld3_G_Gasoline,b2b--c33-39770
21482,6353714-1-mdv,b2b-21482,ft-774eb,ft-mdv-Dsl,530330054002,-122.33106055264277,47.65010461481695,530330054002.0,mdv_D_Diesel,b2b--c33-39802
21506,6331783-1-mdv,b2b-21506,ft-3914e,ft-mdv-Dsl,530330292061,-122.24903494373991,47.4297094520685,530330292061.0,mdv_D_Diesel,b2b--c33-39880
21527,8395620-2-hdt,b2b-21527,ft-ac767,ft-hdt-Dsl,530610535091,-122.15089997478691,48.15649523919702,530610535091.0,hdt_D_Diesel,b2b--c33-39948
21550,8395889-2-hdt,b2b-21550,ft-b7f7a,ft-hdt-Dsl,530530726032,-122.77382693312865,47.188210163000925,530670110001.0,hdt_D_Diesel,b2b--c33-39982
21552,8395889-2-hdt,b2b-21552,ft-43125,ft-hdv-Dsl,530530726032,-122.77382693312865,47.188210163000925,530670110001.0,hdv_D_Diesel,b2b--c33-39987
21558,6385337-4-hdt,b2b-21558,ft-87a7d,ft-hdv-Dsl,530530726023,-122.81375781184049,47.26489576985024,530499503004.0,hdv_D_Diesel,b2b--c33-39997
21561,7369842-6-hdt,b2b-21561,ft-ab729,ft-hdt-Dsl,530610533014,-122.37093627404924,48.2483017317002,530579519002.0,hdt_D_Diesel,b2b--c33-40001
21608,7361952-11-hdt,b2b-21608,ft-e6f84,ft-hdt-Dsl,530330292061,-122.23872031603734,47.401902694751676,530330292061.0,hdt_D_Diesel,b2b--c33-40122
21658,8394083-3-hdt,b2b-21658,ft-24a68,ft-hdt-Dsl,530330305011,-122.22995073612395,47.34476729172456,530330305011.0,hdt_D_Diesel,b2b--c33-40390
21663,8394083-3-hdt,b2b-21663,ft-9060c,ft-hdv-Dsl,530330305011,-122.22995073612395,47.34476729172456,530330305011.0,hdv_D_Diesel,b2b--c33-40395
21664,8394083-3-hdt,b2b-21664,ft-a226c,ft-hdt-Dsl,530330305011,-122.22995073612395,47.34476729172456,530330305011.0,hdt_D_Diesel,b2b--c33-40396
21674,8394354-11-hdt,b2b-21674,ft-68c02,ft-hdt-Dsl,530330292061,-122.24394563101907,47.41876745684446,530330292061.0,hdt_D_Diesel,b2b--c33-40417
21676,8394354-11-hdt,b2b-21676,ft-5a628,ft-hdt-Dsl,530330292061,-122.24394563101907,47.41876745684446,530330292061.0,hdt_D_Diesel,b2b--c33-40482
21689,7361953-6-hdt,b2b-21689,ft-c2682,ft-hdt-Dsl,530330292061,-122.22834520138616,47.42187038261192,530330292061.0,hdt_D_Diesel,b2b--c33-40504
21699,7365629-21-hdt,b2b-21699,ft-fc6db,ft-hdt-Dsl,530330059001,-122.3673128160379,47.65327281857979,530330059001.0,hdt_D_Diesel,b2b--c33-40547
21714,8394083-1-hdt,b2b-21714,ft-0fbe8,ft-hdt-Dsl,530330305011,-122.22995073612395,47.34476729172456,530330305011.0,hdt_D_Diesel,b2b--c33-40610
21716,8394083-1-hdt,b2b-21716,ft-aecc4,ft-hdt-Dsl,530330305011,-122.22995073612395,47.34476729172456,530330305011.0,hdt_D_Diesel,b2b--c33-40552
21741,6331317-2-hdt,b2b-21741,ft-c2289,ft-hdt-Dsl,530330292061,-122.24397259240244,47.418362640462945,530330292061.0,hdt_D_Diesel,b2b--c33-40644
21744,6407889-2-hdt,b2b-21744,ft-44fd9,ft-hdt-Dsl,530610509003,-122.34420351781723,47.78211528548422,530610509003.0,hdt_D_Diesel,b2b--c33-40648
21746,6330175-3-hdt,b2b-21746,ft-2fb0b,ft-hdt-Dsl,530330292061,-122.24451323105885,47.43423203816946,530330292061.0,hdt_D_Diesel,b2b--c33-40650
21747,6368900-1-hdt,b2b-21747,ft-fb8d9,ft-hdt-Dsl,530330265002,-122.35296543102923,47.51686270070809,530330265002.0,hdt_D_Diesel,b2b--c33-40652
21756,6335106-2-hdt,b2b-21756,ft-2db1e,ft-hdt-Dsl,530330294072,-122.20210339382753,47.39124726014656,530330294072.0,hdt_D_Diesel,b2b--c33-40663
21762,7361951-11-hdt,b2b-21762,ft-577e4,ft-hdt-Dsl,530330292061,-122.22446575655314,47.419646524413956,530330292061.0,hdt_D_Diesel,b2b--c33-40673
21769,7363359-4-hdt,b2b-21769,ft-8d31c,ft-hdt-Dsl,530330319031,-122.12224559106944,47.48766486964959,530330319031.0,hdt_D_Diesel,b2b--c33-40684
21792,7361108-4-hdt,b2b-21792,ft-91cd6,ft-hdt-Dsl,530330237001,-122.16721631684192,47.62586460308248,530330237001.0,hdt_D_Diesel,b2b--c33-40725
21799,7193684-6-hdt,b2b-21799,ft-888ce,ft-hdt-Dsl,530530732003,-122.23706641279225,46.78408365659002,410510073001.0,hdt_D_Diesel,b2b--c33-40778
21810,8371133-16-hdt,b2b-21810,ft-7af04,ft-hdv-Dsl,530530732003,-122.23706641279225,46.78408365659002,410519800001.0,hdv_D_Diesel,b2b--c33-40793
21820,6299198-1-hdt,b2b-21820,ft-851c5,ft-hdt-Dsl,530530732003,-122.23706641279225,46.78408365659002,530110426003.0,hdt_D_Diesel,b2b--c33-40805
21826,7192210-23-hdt,b2b-21826,ft-e2a94,ft-hdt-Dsl,530530732003,-122.23706641279225,46.78408365659002,410510072021.0,hdt_D_Diesel,b2b--c33-40811
21830,7193685-31-hdt,b2b-21830,ft-ad814,ft-hdt-Dsl,530530732003,-122.23706641279225,46.78408365659002,410510073001.0,hdt_D_Diesel,b2b--c33-40815
21832,8371134-1-hdt,b2b-21832,ft-a8076,ft-hdt-Dsl,530530732003,-122.23706641279225,46.78408365659002,410510072021.0,hdt_D_Diesel,b2b--c33-40830
21843,7193875-27-hdv,b2b-21843,ft-03f54,ft-hdv-Dsl,530530732003,-122.23706641279225,46.78408365659002,410510073001.0,hdv_D_Diesel,b2b--c33-40836
21857,7358567-6-hdt,b2b-21857,ft-b67b1,ft-hdt-Dsl,530530732003,-122.23706641279225,46.78408365659002,530110410052.0,hdt_D_Diesel,b2b--c33-40853
21862,5036857-1-hdt,b2b-21862,ft-839a3,ft-hdv-Dsl,530530732003,-122.23706641279225,46.78408365659002,410670304013.0,hdv_D_Diesel,b2b--c33-40857
21877,7195265-12-hdv,b2b-21877,ft-ce65c,ft-hdv-Dsl,530530732003,-122.23706641279225,46.78408365659002,410670316134.0,hdv_D_Diesel,b2b--c33-40872
21878,5040686-3-hdt,b2b-21878,ft-fe818,ft-hdt-Dsl,530530732003,-122.23706641279225,46.78408365659002,410670320031.0,hdt_D_Diesel,b2b--c33-40874
21879,7192198-26-hdt,b2b-21879,ft-600af,ft-hdt-Dsl,530530732003,-122.23706641279225,46.78408365659002,410510072021.0,hdt_D_Diesel,b2b--c33-40887
21885,7192198-26-hdt,b2b-21885,ft-1b9f0,ft-hdt-Dsl,530530732003,-122.23706641279225,46.78408365659002,410510072021.0,hdt_D_Diesel,b2b--c33-40886
21910,6302069-6-hdt,b2b-21910,ft-0236a,ft-hdt-Dsl,530530732003,-122.23706641279225,46.78408365659002,530110412031.0,hdt_D_Diesel,b2b--c33-40916
21913,7192984-4-hdt,b2b-21913,ft-2ad3e,ft-hdt-Dsl,530530732003,-122.23706641279225,46.78408365659002,410510043001.0,hdt_D_Diesel,b2b--c33-40918
21924,7358567-11-hdt,b2b-21924,ft-4cdbd,ft-hdt-Dsl,530530732003,-122.23706641279225,46.78408365659002,530110410052.0,hdt_D_Diesel,b2b--c33-40930
21932,7192151-11-hdt,b2b-21932,ft-00eb1,ft-hdt-Dsl,530530732003,-122.23706641279225,46.78408365659002,410510072021.0,hdt_D_Diesel,b2b--c33-40938
21934,7192151-11-hdt,b2b-21934,ft-f83a1,ft-hdv-Dsl,530530732003,-122.23706641279225,46.78408365659002,410510072021.0,hdv_D_Diesel,b2b--c33-40940
21941,6299088-2-hdt,b2b-21941,ft-cea64,ft-hdt-Dsl,530530732003,-122.23706641279225,46.78408365659002,530110424001.0,hdt_D_Diesel,b2b--c33-40953
21942,5027517-1-hdt,b2b-21942,ft-9a486,ft-hdt-Dsl,530530732003,-122.23706641279225,46.78408365659002,410510073001.0,hdt_D_Diesel,b2b--c33-40954
21958,5027433-3-hdt,b2b-21958,ft-7e3be,ft-hdt-Dsl,530530732003,-122.23706641279225,46.78408365659002,410510073001.0,hdt_D_Diesel,b2b--c33-40971
21991,7358657-2-hdv,b2b-21991,ft-c99f1,ft-hdv-Dsl,530530732003,-122.23706641279225,46.78408365659002,530110412031.0,hdv_D_Diesel,b2b--c33-41009
21992,7358657-2-hdv,b2b-21992,ft-dd2a9,ft-hdv-Dsl,530530732003,-122.23706641279225,46.78408365659002,530110412031.0,hdv_D_Diesel,b2b--c33-41011
22006,7358519-7-hdv,b2b-22006,ft-7e1b1,ft-hdv-Dsl,530530732003,-122.23706641279225,46.78408365659002,530110403023.0,hdv_D_Diesel,b2b--c33-41025
22011,8371066-7-hdv,b2b-22011,ft-32c73,ft-hdv-Dsl,530530732003,-122.23706641279225,46.78408365659002,410510073001.0,hdv_D_Diesel,b2b--c33-41031
22028,6305216-2-hdt,b2b-22028,ft-3e7c0,ft-hdt-Dsl,530530732003,-122.23706641279225,46.78408365659002,530110413274.0,hdt_D_Diesel,b2b--c33-41049
22042,5041010-4-hdt,b2b-22042,ft-6a332,ft-hdt-Dsl,530530732003,-122.23706641279225,46.78408365659002,410670320054.0,hdt_D_Diesel,b2b--c33-41066
22051,7192198-1-hdt,b2b-22051,ft-6c35c,ft-hdv-Dsl,530530732003,-122.23706641279225,46.78408365659002,410510072021.0,hdv_D_Diesel,b2b--c33-41077
22065,7193875-11-hdt,b2b-22065,ft-2d2da,ft-hdv-Dsl,530530732003,-122.23706641279225,46.78408365659002,410510073001.0,hdv_D_Diesel,b2b--c33-41091
22071,7193734-6-hdt,b2b-22071,ft-7c2f4,ft-hdt-Dsl,530530732003,-122.23706641279225,46.78408365659002,410510073001.0,hdt_D_Diesel,b2b--c33-41098
22073,6302758-3-hdt,b2b-22073,ft-f4a2f,ft-hdt-Dsl,530530732003,-122.23706641279225,46.78408365659002,530110411051.0,hdt_D_Diesel,b2b--c33-41100
22094,6302112-1-hdt,b2b-22094,ft-971df,ft-hdt-Dsl,530530732003,-122.23706641279225,46.78408365659002,530110412031.0,hdt_D_Diesel,b2b--c33-41126
22104,7186422-13-hdt,b2b-22104,ft-6607e,ft-hdt-Dsl,530530732003,-122.23706641279225,46.78408365659002,410050215002.0,hdt_D_Diesel,b2b--c33-41136
22115,5009713-3-hdt,b2b-22115,ft-7bcaa,ft-hdt-Dsl,530530732003,-122.23706641279225,46.78408365659002,410510102003.0,hdt_D_Diesel,b2b--c33-41148
22122,6306121-3-hdt,b2b-22122,ft-68281,ft-hdt-Dsl,530530732003,-122.23706641279225,46.78408365659002,530110408033.0,hdt_D_Diesel,b2b--c33-41155
22139,6300904-1-hdt,b2b-22139,ft-a8f4b,ft-hdt-Dsl,530530732003,-122.23706641279225,46.78408365659002,530110412031.0,hdt_D_Diesel,b2b--c33-41172
22147,7193585-17-hdv,b2b-22147,ft-15fcd,ft-hdv-Dsl,530530732003,-122.23706641279225,46.78408365659002,410519800001.0,hdv_D_Diesel,b2b--c33-41181
22153,7192144-11-hdt,b2b-22153,ft-b2e16,ft-hdt-Dsl,530530732003,-122.23706641279225,46.78408365659002,410510072021.0,hdt_D_Diesel,b2b--c33-41188
22158,7358798-12-hdv,b2b-22158,ft-e5682,ft-hdv-Dsl,530530732003,-122.23706641279225,46.78408365659002,530110412031.0,hdv_D_Diesel,b2b--c33-41195
22195,7194105-7-hdt,b2b-22195,ft-51a11,ft-hdv-Dsl,530530732003,-122.23706641279225,46.78408365659002,410510073001.0,hdv_D_Diesel,b2b--c33-41234
22210,5012486-1-hdt,b2b-22210,ft-ae382,ft-hdt-Dsl,530530732003,-122.23706641279225,46.78408365659002,410510072021.0,hdt_D_Diesel,b2b--c33-41253
22224,6302068-3-hdt,b2b-22224,ft-01ed8,ft-hdt-Dsl,530530732003,-122.23706641279225,46.78408365659002,530110412031.0,hdt_D_Diesel,b2b--c33-41266
22231,5024088-3-hdt,b2b-22231,ft-dd4e4,ft-hdt-Dsl,530530732003,-122.23706641279225,46.78408365659002,410510073001.0,hdt_D_Diesel,b2b--c33-41273
22232,5018008-1-hdt,b2b-22232,ft-128ca,ft-hdt-Dsl,530530732003,-122.23706641279225,46.78408365659002,410510072021.0,hdt_D_Diesel,b2b--c33-41274
22246,6356265-4-hdt,b2b-22246,ft-5891d,ft-hdt-Dsl,530330093003,-122.32263951829601,47.56383079370794,530330093003.0,hdt_D_Diesel,b2b--c33-41290
22254,6331537-4-hdt,b2b-22254,ft-e2e39,ft-hdt-Dsl,530330305011,-122.23060230612586,47.33994350922026,530330305011.0,hdt_D_Diesel,b2b--c33-41308
22255,6331537-4-hdt,b2b-22255,ft-35521,ft-hdt-Dsl,530330305011,-122.23060230612586,47.33994350922026,530330305011.0,hdt_D_Diesel,b2b--c33-41307
22267,7361889-11-hdt,b2b-22267,ft-04ded,ft-hdt-Dsl,530330292061,-122.26168663979756,47.400176905935744,530330292061.0,hdt_D_Diesel,b2b--c33-41350
22269,7361889-11-hdt,b2b-22269,ft-ecfdc,ft-hdt-Dsl,530330292061,-122.26168663979756,47.400176905935744,530330292061.0,hdt_D_Diesel,b2b--c33-41348
22273,6344543-3-hdt,b2b-22273,ft-6b61b,ft-hdv-Dsl,530330323193,-122.15677729759942,47.75897599132857,530330323193.0,hdv_D_Diesel,b2b--c33-41351
22287,6330225-1-hdt,b2b-22287,ft-45144,ft-hdt-Dsl,530330292061,-122.24450673644944,47.424940854316034,530330292061.0,hdt_D_Diesel,b2b--c33-41378
22294,6316451-2-hdt,b2b-22294,ft-84718,ft-hdt-Dsl,530330305011,-122.23537232256348,47.304440295397896,530330305011.0,hdt_D_Diesel,b2b--c33-41386
22313,6337901-2-hdt,b2b-22313,ft-cafc3,ft-hdt-Dsl,530330323133,-122.09180917928923,47.663679161485696,530330323133.0,hdt_D_Diesel,b2b--c33-41419
22325,6355890-5-hdt,b2b-22325,ft-18d98,ft-hdt-Dsl,530330109002,-122.33402570036907,47.5518501315992,530330109002.0,hdt_D_Diesel,b2b--c33-41439
22338,7362972-1-hdt,b2b-22338,ft-226c0,ft-hdv-Dsl,530330323133,-122.0937881884041,47.674054261571776,530330323133.0,hdv_D_Diesel,b2b--c33-41456
22349,8394801-1-hdt,b2b-22349,ft-38f27,ft-hdt-Dsl,530330112001,-122.33227885206496,47.53199660801611,530330112001.0,hdt_D_Diesel,b2b--c33-41462
22382,8394801-1-hdt,b2b-22382,ft-5d561,ft-hdt-Dsl,530330112001,-122.33227885206496,47.53199660801611,530330112001.0,hdt_D_Diesel,b2b--c33-41575
22387,8394801-1-hdt,b2b-22387,ft-4a901,ft-hdt-Dsl,530330112001,-122.33227885206496,47.53199660801611,530330112001.0,hdt_D_Diesel,b2b--c33-41464
22404,8395620-3-hdt,b2b-22404,ft-37ec3,ft-hdt-Dsl,530610535091,-122.15089997478691,48.15649523919702,530610535091.0,hdt_D_Diesel,b2b--c33-41784
22412,8395620-3-hdt,b2b-22412,ft-7dd76,ft-hdt-Dsl,530610535091,-122.15089997478691,48.15649523919702,530610535091.0,hdt_D_Diesel,b2b--c33-41767
22414,8395620-3-hdt,b2b-22414,ft-701d3,ft-hdt-Dsl,530610535091,-122.15089997478691,48.15649523919702,530610535091.0,hdt_D_Diesel,b2b--c33-41769
22448,8394083-4-hdt,b2b-22448,ft-7ceb9,ft-hdt-Dsl,530330305011,-122.22995073612395,47.34476729172456,530330305011.0,hdt_D_Diesel,b2b--c33-41985
22450,8394083-4-hdt,b2b-22450,ft-d614a,ft-hdt-Dsl,530330305011,-122.22995073612395,47.34476729172456,530330305011.0,hdt_D_Diesel,b2b--c33-41834
22460,8394083-4-hdt,b2b-22460,ft-32068,ft-hdv-Dsl,530330305011,-122.22995073612395,47.34476729172456,530330305011.0,hdv_D_Diesel,b2b--c33-41846
22467,8394083-4-hdt,b2b-22467,ft-bce51,ft-hdv-Dsl,530330305011,-122.22995073612395,47.34476729172456,530330305011.0,hdv_D_Diesel,b2b--c33-41853
22514,8371137-26-hdt,b2b-22514,ft-6e437,ft-hdv-Dsl,530530732003,-122.23706641279225,46.78408365659002,410510072021.0,hdv_D_Diesel,b2b--c33-42052
22515,8371137-26-hdt,b2b-22515,ft-bf1d9,ft-hdt-Dsl,530530732003,-122.23706641279225,46.78408365659002,410510072021.0,hdt_D_Diesel,b2b--c33-42053
22542,8395465-2-hdt,b2b-22542,ft-6c1b6,ft-hdt-Dsl,530610533014,-122.37093627404924,48.2483017317002,530579519002.0,hdt_D_Diesel,b2b--c33-42100
22546,8394084-1-hdt,b2b-22546,ft-bdfd4,ft-hdt-Dsl,530330305011,-122.22967345668138,47.33385574360352,530330305011.0,hdt_D_Diesel,b2b--c33-42105
22587,7359383-11-hdt,b2b-22587,ft-73d36,ft-hdv-Dsl,530530730061,-122.34183800719136,46.92931107282429,530150011007.0,hdv_D_Diesel,b2b--c33-42261
22597,7373608-6-hdt,b2b-22597,ft-5276b,ft-hdt-Dsl,530530729061,-122.5544249277511,47.049137874735855,530670126102.0,hdt_D_Diesel,b2b--c33-42281
22604,8395898-2-hdt,b2b-22604,ft-4bcd0,ft-hdt-Dsl,530530728001,-122.64899673245617,47.0992006395685,530670122222.0,hdt_D_Diesel,b2b--c33-42301
22638,8395889-1-hdt,b2b-22638,ft-7cad9,ft-hdt-Dsl,530530726032,-122.77382693312865,47.188210163000925,530670110001.0,hdt_D_Diesel,b2b--c33-42379
22643,6433835-1-hdt,b2b-22643,ft-e72ef,ft-hdt-Dsl,530530726032,-122.77382693312865,47.188210163000925,530670120002.0,hdt_D_Diesel,b2b--c33-42398
22657,6434453-1-hdt,b2b-22657,ft-39bea,ft-hdt-Dsl,530530726032,-122.77382693312865,47.188210163000925,530670119002.0,hdt_D_Diesel,b2b--c33-42412
22663,6437366-3-hdt,b2b-22663,ft-59095,ft-hdv-Dsl,530530729061,-122.5544249277511,47.049137874735855,530670126102.0,hdv_D_Diesel,b2b--c33-42418
22681,8395898-3-hdt,b2b-22681,ft-f9773,ft-hdv-Dsl,530530728001,-122.64899673245617,47.0992006395685,530670122222.0,hdv_D_Diesel,b2b--c33-42455
22687,6435834-2-hdt,b2b-22687,ft-ec56e,ft-hdt-Dsl,530530729061,-122.5544249277511,47.049137874735855,530670108005.0,hdt_D_Diesel,b2b--c33-42461
22698,6432934-3-hdt,b2b-22698,ft-ebf78,ft-hdt-Dsl,530530726032,-122.77382693312865,47.188210163000925,530670109104.0,hdt_D_Diesel,b2b--c33-42472
22699,6383282-1-hdt,b2b-22699,ft-39667,ft-hdt-Dsl,530350920001,-122.92435858189329,47.572507416975284,530459605002.0,hdt_D_Diesel,b2b--c33-42473
22706,6437504-4-hdt,b2b-22706,ft-63837,ft-hdv-Dsl,530530729061,-122.5544249277511,47.049137874735855,530670123201.0,hdv_D_Diesel,b2b--c33-42481
22735,7367751-1-hdt,b2b-22735,ft-3506e,ft-hdt-Dsl,530530729061,-122.5544249277511,47.049137874735855,530419714002.0,hdt_D_Diesel,b2b--c33-42513
22739,7363676-6-hdt,b2b-22739,ft-65ade,ft-hdt-Dsl,530330072001,-122.34222290120908,47.62143786859168,530330072001.0,hdt_D_Diesel,b2b--c33-42518
22748,7373120-1-hdt,b2b-22748,ft-d51ef,ft-hdt-Dsl,530530729061,-122.5544249277511,47.049137874735855,530670126102.0,hdt_D_Diesel,b2b--c33-42550
22749,7360480-7-hdt,b2b-22749,ft-51911,ft-hdt-Dsl,530330303132,-122.31316040045309,47.29592604806239,530330303132.0,hdt_D_Diesel,b2b--c33-42551
22755,6392294-5-hdt,b2b-22755,ft-42bd5,ft-hdt-Dsl,530530703092,-122.15607339233969,47.19011586064568,530530703092.0,hdt_D_Diesel,b2b--c33-42558
22760,6317879-1-hdt,b2b-22760,ft-65056,ft-hdt-Dsl,530330303132,-122.32580016693132,47.30057039165372,530330303132.0,hdt_D_Diesel,b2b--c33-42568
22764,6343404-1-hdt,b2b-22764,ft-4c2e2,ft-hdt-Dsl,530330277013,-122.45805779282091,47.44748276053826,530330277013.0,hdt_D_Diesel,b2b--c33-42571
22768,7362014-16-hdt,b2b-22768,ft-7cfad,ft-hdt-Dsl,530330292061,-122.228106461071,47.41699927061486,530330292061.0,hdt_D_Diesel,b2b--c33-42586
22782,8395670-7-hdt,b2b-22782,ft-66889,ft-hdv-Dsl,530610537001,-121.31300181346782,48.04698207479564,530630136002.0,hdv_D_Diesel,b2b--c33-42611
22785,8395670-7-hdt,b2b-22785,ft-21df3,ft-hdt-Dsl,530610537001,-121.31300181346782,48.04698207479564,530630136002.0,hdt_D_Diesel,b2b--c33-42614
22792,8395795-6-hdt,b2b-22792,ft-7bc93,ft-hdt-Dsl,530610537001,-121.31300181346782,48.04698207479564,530630114003.0,hdt_D_Diesel,b2b--c33-42635
22819,6386031-1-hdt,b2b-22819,ft-3ad8e,ft-hdt-Dsl,530530702071,-122.02669313605547,47.16745571814538,530530702071.0,hdt_D_Diesel,b2b--c33-42677
22836,7364918-16-hdt,b2b-22836,ft-033bd,ft-hdt-Dsl,530330112001,-122.32094222317475,47.52248634453613,530330112001.0,hdt_D_Diesel,b2b--c33-42709
22858,8394433-16-hdt,b2b-22858,ft-c6394,ft-hdt-Dsl,530330292061,-122.22638267720225,47.42765202506155,530330292061.0,hdt_D_Diesel,b2b--c33-42752
22865,6372582-3-hdt,b2b-22865,ft-bb7bc,ft-hdt-Dsl,530330283003,-122.24807142911239,47.43454069792663,530330283003.0,hdt_D_Diesel,b2b--c33-42765
22866,6318471-4-hdt,b2b-22866,ft-3e035,ft-hdv-Dsl,530330303132,-122.31337933044337,47.295780839616405,530330303132.0,hdv_D_Diesel,b2b--c33-42767
22868,7369171-1-hdt,b2b-22868,ft-eb11d,ft-hdt-Dsl,530539400022,-122.40021822743282,47.25332028353289,530539400022.0,hdt_D_Diesel,b2b--c33-42769
22884,7361482-6-hdt,b2b-22884,ft-9883,ft-hdt-Dsl,530330314004,-121.99798235696454,47.20664299016041,530330314004.0,hdt_D_Diesel,b2b--c33-42789
22897,7369222-16-hdt,b2b-22897,ft-5f529,ft-hdt-Dsl,530539400101,-122.30417659281488,47.20442295434449,530539400101.0,hdt_D_Diesel,b2b--c33-42804
22901,6326550-2-hdt,b2b-22901,ft-66b1f,ft-hdt-Dsl,530330314001,-121.98667155741278,47.20207949433827,530330314001.0,hdt_D_Diesel,b2b--c33-42813
22913,6372585-3-hdt,b2b-22913,ft-65b85,ft-hdt-Dsl,530330284024,-122.29644222133847,47.44387769164899,530330284024.0,hdt_D_Diesel,b2b--c33-42863
22917,6398094-3-hdt,b2b-22917,ft-2e1f5,ft-hdt-Dsl,530530716024,-122.42790063443572,47.158131267507656,530530716024.0,hdt_D_Diesel,b2b--c33-42865_2
22923,6369281-1-hdt,b2b-22923,ft-fe6e0,ft-hdt-Dsl,530330284024,-122.32205675998875,47.44153151233887,530330284024.0,hdt_D_Diesel,b2b--c33-42877
22936,6316538-3-hdt,b2b-22936,ft-a5f3f,ft-hdt-Dsl,530330305011,-122.22257642291834,47.34714139199612,530330305011.0,hdt_D_Diesel,b2b--c33-42890
22948,6337624-5-hdt,b2b-22948,ft-53bbf,ft-hdt-Dsl,530330304011,-122.30448932146045,47.294323421843934,530330304011.0,hdt_D_Diesel,b2b--c33-42931
22953,6316159-2-hdt,b2b-22953,ft-cb79d,ft-hdt-Dsl,530330305011,-122.2291376464955,47.34462621530419,530330305011.0,hdt_D_Diesel,b2b--c33-42938
22980,6391941-7-hdt,b2b-22980,ft-3954,ft-hdv-Dsl,530530703073,-122.1401817156652,47.22089861070483,530530703073.0,hdv_D_Diesel,b2b--c33-42984
22981,6373205-1-hdt,b2b-22981,ft-8c287,ft-hdv-Dsl,530330282003,-122.28798598713878,47.467532421970645,530330282003.0,hdv_D_Diesel,b2b--c33-42987
22989,6346035-2-hdt,b2b-22989,ft-d042f,ft-hdt-Dsl,530330297003,-122.24001260959554,47.37817092718866,530330297003.0,hdt_D_Diesel,b2b--c33-42996
23003,6393813-1-hdt,b2b-23003,ft-62d15,ft-hdt-Dsl,530530626002,-122.47825785938609,47.226982693129656,530530626002.0,hdt_D_Diesel,b2b--c33-43013
23011,6317081-4-hdt,b2b-23011,ft-58e35,ft-hdt-Dsl,530330305011,-122.23640189184303,47.30390692251022,530330305011.0,hdt_D_Diesel,b2b--c33-43023
23020,6331539-2-hdt,b2b-23020,ft-d5070,ft-hdv-Dsl,530330292061,-122.24909499326014,47.39187848927046,530330292061.0,hdv_D_Diesel,b2b--c33-43037
23053,6341894-3-hdt,b2b-23053,ft-d7d7c,ft-hdv-Dsl,530330262001,-122.21710082113418,47.45559363052543,530330262001.0,hdv_D_Diesel,b2b--c33-43087
23054,6392356-4-hdt,b2b-23054,ft-2f285,ft-hdt-Dsl,530530703133,-122.19251119371211,47.19795587016776,530530703133.0,hdt_D_Diesel,b2b--c33-43089
23064,6331028-2-hdt,b2b-23064,ft-da976,ft-hdt-Dsl,530330305011,-122.22479384890929,47.34472120252533,530330305011.0,hdt_D_Diesel,b2b--c33-43100
23066,7361893-1-hdt,b2b-23066,ft-fbf93,ft-hdt-Dsl,530330292061,-122.2361032719516,47.43386858781752,530330292061.0,hdt_D_Diesel,b2b--c33-43119
23068,7361893-1-hdt,b2b-23068,ft-7e5cf,ft-hdt-Dsl,530330292061,-122.2361032719516,47.43386858781752,530330292061.0,hdt_D_Diesel,b2b--c33-43117
23078,8394432-11-hdt,b2b-23078,ft-321ee,ft-hdt-Dsl,530330288021,-122.29448221175943,47.42747273756918,530330288021.0,hdt_D_Diesel,b2b--c33-43128
23083,8394432-11-hdt,b2b-23083,ft-7f853,ft-hdt-Dsl,530330288021,-122.29448221175943,47.42747273756918,530330288021.0,hdt_D_Diesel,b2b--c33-43138
23090,7364691-6-hdt,b2b-23090,ft-a03eb,ft-hdv-Dsl,530330112001,-122.33016952325477,47.52660254101656,530330112001.0,hdv_D_Diesel,b2b--c33-43173
23097,6331320-1-hdt,b2b-23097,ft-37e67,ft-hdv-Dsl,530330297004,-122.22999133228215,47.36540143600074,530330297004.0,hdv_D_Diesel,b2b--c33-43178
23099,6386523-5-hdt,b2b-23099,ft-b6a40,ft-hdt-Dsl,530539400101,-122.30890508651055,47.21471729892524,530539400101.0,hdt_D_Diesel,b2b--c33-43179
23120,8394328-3-hdt,b2b-23120,ft-4a689,ft-hdt-Dsl,530330292061,-122.2384320753271,47.40669474169384,530330292061.0,hdt_D_Diesel,b2b--c33-43216
23122,8394328-3-hdt,b2b-23122,ft-e53e0,ft-hdv-Dsl,530330292061,-122.2384320753271,47.40669474169384,530330292061.0,hdv_D_Diesel,b2b--c33-43234
23135,6390495-1-hdt,b2b-23135,ft-681c7,ft-hdt-Dsl,530530712071,-122.27340766704955,47.15803886207904,530530712071.0,hdt_D_Diesel,b2b--c33-43247
23156,8395285-2-hdt,b2b-23156,ft-391af,ft-hdt-Dsl,530539400101,-122.30568983007865,47.212144412126825,530539400101.0,hdt_D_Diesel,b2b--c33-43341
23158,7364691-21-hdt,b2b-23158,ft-fea5b,ft-hdt-Dsl,530330112001,-122.33016952325477,47.52660254101656,530330112001.0,hdt_D_Diesel,b2b--c33-43363
23172,7362109-7-hdt,b2b-23172,ft-7e042,ft-hdv-Dsl,530330292061,-122.24917211844225,47.42938235578714,530330292061.0,hdv_D_Diesel,b2b--c33-43385_2
23177,7362109-7-hdt,b2b-23177,ft-ea103,ft-hdt-Dsl,530330292061,-122.24917211844225,47.42938235578714,530330292061.0,hdt_D_Diesel,b2b--c33-43384
23178,7369163-6-hdt,b2b-23178,ft-b0bac,ft-hdv-Dsl,530530602001,-122.430397093741,47.24646312750205,530530602001.0,hdv_D_Diesel,b2b--c33-43391
23188,6331543-1-hdt,b2b-23188,ft-0c2ef,ft-hdv-Dsl,530330292061,-122.24396135738252,47.406355917336555,530330292061.0,hdv_D_Diesel,b2b--c33-43413
23189,6368901-3-hdt,b2b-23189,ft-7b6bf,ft-hdt-Dsl,530330265002,-122.35116619560581,47.51392333720764,530330265002.0,hdt_D_Diesel,b2b--c33-43416
23202,6373151-2-hdt,b2b-23202,ft-2a378,ft-hdt-Dsl,530330284032,-122.2935807404904,47.4454336178572,530330284032.0,hdt_D_Diesel,b2b--c33-43429
23206,6346290-2-hdt,b2b-23206,ft-b3260,ft-hdv-Dsl,530330288012,-122.3150102031091,47.43096333480719,530330288012.0,hdv_D_Diesel,b2b--c33-43430
23230,6371361-2-hdt,b2b-23230,ft-3dc28,ft-hdt-Dsl,530330264004,-122.32769821070463,47.517071736334415,530330264004.0,hdt_D_Diesel,b2b--c33-43480
23256,6329747-4-hdt,b2b-23256,ft-9ab1c,ft-hdv-Dsl,530330292061,-122.2265078079255,47.42861854014023,530330292061.0,hdv_D_Diesel,b2b--c33-43661
23271,6356428-2-hdt,b2b-23271,ft-2f2a8,ft-hdt-Dsl,530330112001,-122.32290533621732,47.51944192466781,530330112001.0,hdt_D_Diesel,b2b--c33-43704
23293,7364918-21-hdt,b2b-23293,ft-413f7,ft-hdt-Dsl,530330112001,-122.32094222317475,47.52248634453613,530330112001.0,hdt_D_Diesel,b2b--c33-43734
23296,7369170-21-hdt,b2b-23296,ft-6b468,ft-hdt-Dsl,530539400022,-122.38729573129213,47.2402028107407,530539400022.0,hdt_D_Diesel,b2b--c33-43755
23311,7366501-1-hdt,b2b-23311,ft-161b6,ft-hdt-Dsl,530330265002,-122.3430757196565,47.51192083812315,530330265002.0,hdt_D_Diesel,b2b--c33-43791
23315,6336891-1-hdt,b2b-23315,ft-45fc7,ft-hdt-Dsl,530330316042,-122.0196409350102,47.35637034819822,530330316042.0,hdt_D_Diesel,b2b--c33-43798
23327,7363266-11-hdt,b2b-23327,ft-31028,ft-hdv-Dsl,530330262001,-122.24951352808789,47.45251126303244,530330262001.0,hdv_D_Diesel,b2b--c33-43812
23330,8395378-1-hdt,b2b-23330,ft-46c11,ft-hdt-Dsl,530539400022,-122.3579130992221,47.246033532588356,530539400022.0,hdt_D_Diesel,b2b--c33-43821
23334,8395378-1-hdt,b2b-23334,ft-2dd1d,ft-hdt-Dsl,530539400022,-122.3579130992221,47.246033532588356,530539400022.0,hdt_D_Diesel,b2b--c33-43825
23339,6396385-2-hdt,b2b-23339,ft-c5625,ft-hdt-Dsl,530530602001,-122.37604385500286,47.266489267043454,530530602001.0,hdt_D_Diesel,b2b--c33-43841
23349,6420343-1-hdt,b2b-23349,ft-068c6,ft-hdt-Dsl,530610519121,-122.12315576276431,47.79508642616221,530610519121.0,hdt_D_Diesel,b2b--c33-43854
23353,6330034-1-hdt,b2b-23353,ft-8e295,ft-hdt-Dsl,530330292061,-122.26514147288498,47.400052801404826,530330292061.0,hdt_D_Diesel,b2b--c33-43861
23388,7361344-16-hdt,b2b-23388,ft-81cce,ft-hdt-Dsl,530330219054,-122.17529352830351,47.734591039495925,530330219054.0,hdt_D_Diesel,b2b--c33-43928
23419,6337627-4-hdt,b2b-23419,ft-252fb,ft-hdt-Dsl,530330093003,-122.33206441612816,47.57412840385988,530330093003.0,hdt_D_Diesel,b2b--c33-43991
23427,6362813-2-hdt,b2b-23427,ft-14388,ft-hdv-Dsl,530330081002,-122.33768242729484,47.612724048825854,530330081002.0,hdv_D_Diesel,b2b--c33-44001
23432,6376040-1-hdt,b2b-23432,ft-277d7,ft-hdt-Dsl,530350811002,-122.65649999384159,47.557842296311556,530350811002.0,hdt_D_Diesel,b2b--c33-44009
23442,7360003-21-hdt,b2b-23442,ft-bae81,ft-hdt-Dsl,530530726032,-122.77382693312865,47.188210163000925,530270007003.0,hdt_D_Diesel,b2b--c33-44043
23450,6313083-1-hdt,b2b-23450,ft-2d999,ft-hdt-Dsl,530530726032,-122.77382693312865,47.188210163000925,530270007001.0,hdt_D_Diesel,b2b--c33-44050
23451,6434453-3-hdt,b2b-23451,ft-bc184,ft-hdt-Dsl,530530726032,-122.77382693312865,47.188210163000925,530670119002.0,hdt_D_Diesel,b2b--c33-44051
23470,6437504-2-hdt,b2b-23470,ft-a2d78,ft-hdt-Dsl,530530729061,-122.5544249277511,47.049137874735855,530670123201.0,hdt_D_Diesel,b2b--c33-44070
23471,6381635-1-hdt,b2b-23471,ft-96049,ft-hdt-Dsl,530530729061,-122.5544249277511,47.049137874735855,530419703001.0,hdt_D_Diesel,b2b--c33-44071
23472,6436796-3-hdt,b2b-23472,ft-2155,ft-hdt-Dsl,530530728001,-122.64899673245617,47.0992006395685,530670122222.0,hdt_D_Diesel,b2b--c33-44072
23485,6436168-1-hdt,b2b-23485,ft-567,ft-hdv-Dsl,530530726032,-122.77382693312865,47.188210163000925,530670109104.0,hdv_D_Diesel,b2b--c33-44085
23489,6437437-1-hdt,b2b-23489,ft-3d69c,ft-hdt-Dsl,530530729061,-122.5544249277511,47.049137874735855,530670126101.0,hdt_D_Diesel,b2b--c33-44089
23490,6432934-1-hdt,b2b-23490,ft-f3cf6,ft-hdt-Dsl,530530726032,-122.77382693312865,47.188210163000925,530670109104.0,hdt_D_Diesel,b2b--c33-44091
23493,6436271-1-hdt,b2b-23493,ft-2bf8c,ft-hdt-Dsl,530530726032,-122.77382693312865,47.188210163000925,530670109104.0,hdt_D_Diesel,b2b--c33-44094
23517,6399491-3-hdt,b2b-23517,ft-a0b5b,ft-hdt-Dsl,530530720002,-122.5300746315716,47.12124275242591,530530720002.0,hdt_D_Diesel,b2b--c33-44120
23519,6436434-1-hdt,b2b-23519,ft-b554c,ft-hdt-Dsl,530530729061,-122.5544249277511,47.049137874735855,530670123201.0,hdt_D_Diesel,b2b--c33-44122
23525,6436168-4-hdt,b2b-23525,ft-9b297,ft-hdt-Dsl,530530726032,-122.77382693312865,47.188210163000925,530670109104.0,hdt_D_Diesel,b2b--c33-44128
23541,7369580-11-hdt,b2b-23541,ft-c7076,ft-hdt-Dsl,530530718071,-122.49198150530705,47.17308429967378,530530718071.0,hdt_D_Diesel,b2b--c33-44144
23622,6432667-5-hdt,b2b-23622,ft-45db9,ft-hdv-Dsl,530530729061,-122.5544249277511,47.049137874735855,530670126102.0,hdv_D_Diesel,b2b--c33-44259
23635,6384033-3-hdt,b2b-23635,ft-d4636,ft-hdt-Dsl,530530726023,-122.81375781184049,47.26489576985024,530459610003.0,hdt_D_Diesel,b2b--c33-44274
23637,7369578-1-hdt,b2b-23637,ft-3e167,ft-hdt-Dsl,530530718071,-122.49172169332216,47.17446773435666,530530718071.0,hdt_D_Diesel,b2b--c33-44276
23652,6432668-5-hdt,b2b-23652,ft-6bac9,ft-hdv-Dsl,530530726032,-122.77382693312865,47.188210163000925,530670109104.0,hdv_D_Diesel,b2b--c33-44294
23654,7369579-21-hdt,b2b-23654,ft-be1ea,ft-hdv-Dsl,530530718071,-122.49197255683097,47.17282095273845,530530718071.0,hdv_D_Diesel,b2b--c33-44296
23662,6400238-1-hdt,b2b-23662,ft-6e0e7,ft-hdt-Dsl,530530718071,-122.49871896587004,47.166701904907185,530530718071.0,hdt_D_Diesel,b2b--c33-44308
23695,6397339-4-hdt,b2b-23695,ft-fee09,ft-hdt-Dsl,530530711001,-122.37846688436635,47.17738096401436,530530711001.0,hdt_D_Diesel,b2b--c33-44432
23701,6327288-6-hdt,b2b-23701,ft-32c52,ft-hdt-Dsl,530330303042,-122.33695752023435,47.282718455322836,530330303042.0,hdt_D_Diesel,b2b--c33-44436
23739,6390606-1-hdt,b2b-23739,ft-47f84,ft-hdt-Dsl,530530712071,-122.28611945306136,47.155943185501535,530530712071.0,hdt_D_Diesel,b2b--c33-44495
23740,6386075-6-hdt,b2b-23740,ft-9ba8a,ft-hdv-Dsl,530530703112,-122.11782355270049,47.154873151352426,530530703112.0,hdv_D_Diesel,b2b--c33-44496
23757,7361804-1-hdt,b2b-23757,ft-4c947,ft-hdt-Dsl,530330292061,-122.24389594335622,47.413540186863216,530330292061.0,hdt_D_Diesel,b2b--c33-44520
23781,7361790-1-hdt,b2b-23781,ft-803c8,ft-hdt-Dsl,530330292061,-122.24399044478618,47.433219893641684,530330292061.0,hdt_D_Diesel,b2b--c33-44594
23785,7361890-6-hdt,b2b-23785,ft-ecd32,ft-hdt-Dsl,530330283003,-122.25198503629612,47.42872998511336,530330283003.0,hdt_D_Diesel,b2b--c33-44605
23808,6390278-3-hdt,b2b-23808,ft-9d24b,ft-hdt-Dsl,530530712073,-122.29363726741616,47.16645387261285,530530712073.0,hdt_D_Diesel,b2b--c33-44629
23810,7369840-6-hdt,b2b-23810,ft-c3e26,ft-hdt-Dsl,530610533024,-122.33639511497468,48.27588885819264,530579518002.0,hdt_D_Diesel,b2b--c33-44631
23815,8393907-1-hdt,b2b-23815,ft-1bb28,ft-hdt-Dsl,530530732003,-122.23706641279225,46.78408365659002,530110410052.0,hdt_D_Diesel,b2b--c33-44644
23818,7367751-21-hdt,b2b-23818,ft-3bc3d,ft-hdv-Dsl,530530729061,-122.5544249277511,47.049137874735855,530419714002.0,hdv_D_Diesel,b2b--c33-44651
23827,8417436-3-hdt,b2b-23827,ft-53cef,ft-hdt-Dsl,530610537001,-121.31300181346782,48.04698207479564,530630141002.0,hdt_D_Diesel,b2b--c33-44661
23837,8417436-3-hdt,b2b-23837,ft-4208c,ft-hdt-Dsl,530610537001,-121.31300181346782,48.04698207479564,530630141002.0,hdt_D_Diesel,b2b--c33-44703
23838,8417436-3-hdt,b2b-23838,ft-e2f28,ft-hdt-Dsl,530610537001,-121.31300181346782,48.04698207479564,530630141002.0,hdt_D_Diesel,b2b--c33-44684
23855,7368258-11-hdt,b2b-23855,ft-bc14b,ft-hdv-Dsl,530539400101,-122.30168395873133,47.210649765319154,530539400101.0,hdv_D_Diesel,b2b--c33-44745
23872,8394432-1-hdt,b2b-23872,ft-2636a,ft-hdt-Dsl,530330288021,-122.29448221175943,47.42747273756918,530330288021.0,hdt_D_Diesel,b2b--c33-44818
23896,7361891-36-hdt,b2b-23896,ft-ba52d,ft-hdt-Dsl,530330292061,-122.24476005979747,47.397552375178016,530330292061.0,hdt_D_Diesel,b2b--c33-44866
23901,7365038-1-hdt,b2b-23901,ft-adddb,ft-hdt-Dsl,530330093002,-122.33357597282178,47.58797849383613,530330093002.0,hdt_D_Diesel,b2b--c33-44882
23904,7366752-11-hdt,b2b-23904,ft-c8844,ft-hdt-Dsl,530330262001,-122.23092033957167,47.47070058950334,530330262001.0,hdt_D_Diesel,b2b--c33-44898
23905,7366752-11-hdt,b2b-23905,ft-ea033,ft-hdt-Dsl,530330262001,-122.23092033957167,47.47070058950334,530330262001.0,hdt_D_Diesel,b2b--c33-44897
23910,8394083-2-hdt,b2b-23910,ft-acdae,ft-hdt-Dsl,530330305011,-122.22995073612395,47.34476729172456,530330305011.0,hdt_D_Diesel,b2b--c33-45024
23912,8394083-2-hdt,b2b-23912,ft-8576d,ft-hdt-Dsl,530330305011,-122.22995073612395,47.34476729172456,530330305011.0,hdt_D_Diesel,b2b--c33-45026
23919,8394083-2-hdt,b2b-23919,ft-a0535,ft-hdt-Dsl,530330305011,-122.22995073612395,47.34476729172456,530330305011.0,hdt_D_Diesel,b2b--c33-44989
23922,8394083-2-hdt,b2b-23922,ft-ffb9f,ft-hdt-Dsl,530330305011,-122.22995073612395,47.34476729172456,530330305011.0,hdt_D_Diesel,b2b--c33-44996
23934,8394083-2-hdt,b2b-23934,ft-cf631,ft-hdt-Dsl,530330305011,-122.22995073612395,47.34476729172456,530330305011.0,hdt_D_Diesel,b2b--c33-45008
23935,8394083-2-hdt,b2b-23935,ft-ac092,ft-hdt-Dsl,530330305011,-122.22995073612395,47.34476729172456,530330305011.0,hdt_D_Diesel,b2b--c33-45009
23989,4657718-2-hdt,b2b-23989,ft-dbe22,ft-hdt-Dsl,530610537001,-121.31300181346782,48.04698207479564,20086.0,hdt_D_Diesel,b2b--c33-45166
24009,8394433-3-ld1,b2b-24009,ft-1ed49,ft-ld1-Gas,530330292061,-122.22638267720225,47.42765202506155,530330292061.0,ld1_G_Gasoline,b2b--c33-45204
24021,8394327-11-ld3,b2b-24021,ft-17ac1,ft-ld3-Dsl,530330292061,-122.24406567327773,47.40621658580291,530330292061.0,ld3_D_Diesel,b2b--c33-45252
24022,8394327-11-ld3,b2b-24022,ft-326ca,ft-ld3-Dsl,530330292061,-122.24406567327773,47.40621658580291,530330292061.0,ld3_D_Diesel,b2b--c33-45253
24029,7370748-5-mdv,b2b-24029,ft-e179c,ft-mdv-Gas,530610413042,-122.25333421863927,47.92376449718981,530610413042.0,mdv_G_Gasoline,b2b--c33-45262
24030,7370748-5-mdv,b2b-24030,ft-b4fa4,ft-mdv-Gas,530610413042,-122.25333421863927,47.92376449718981,530610413042.0,mdv_G_Gasoline,b2b--c33-45266
24031,7370748-5-mdv,b2b-24031,ft-6f5e6,ft-mdv-Gas,530610413042,-122.25333421863927,47.92376449718981,530610413042.0,mdv_G_Gasoline,b2b--c33-45264
24043,7366717-13-ld1,b2b-24043,ft-755f5,ft-ld1-Gas,530330262001,-122.22921061931757,47.47394127510094,530330262001.0,ld1_G_Gasoline,b2b--c33-45294
24046,7361806-18-mdv,b2b-24046,ft-a18c6,ft-mdv-Dsl,530330292061,-122.24465895656691,47.42648528440445,530330292061.0,mdv_D_Diesel,b2b--c33-45296
24056,7373120-4-ld3,b2b-24056,ft-c9881,ft-ld3-Gas,530530729061,-122.5544249277511,47.049137874735855,530670126102.0,ld3_G_Gasoline,b2b--c33-45320
24062,7367763-10-mdv,b2b-24062,ft-1b949,ft-mdv-Dsl,530530729061,-122.5544249277511,47.049137874735855,530419708002.0,mdv_D_Diesel,b2b--c33-45331
24072,8395057-10-ld3,b2b-24072,ft-2be07,ft-ld3-Gas,530330262001,-122.24852730189083,47.4477634184965,530330262001.0,ld3_G_Gasoline,b2b--c33-45348
24084,8394084-13-ld1,b2b-24084,ft-da463,ft-ld1-Dsl,530330305011,-122.22967345668138,47.33385574360352,530330305011.0,ld1_D_Diesel,b2b--c33-45387
24085,8394084-13-ld1,b2b-24085,ft-55e43,ft-ld1-Dsl,530330305011,-122.22967345668138,47.33385574360352,530330305011.0,ld1_D_Diesel,b2b--c33-45378
24094,8394801-4-ld1,b2b-24094,ft-a8297,ft-ld1-Gas,530330112001,-122.33227885206496,47.53199660801611,530330112001.0,ld1_G_Gasoline,b2b--c33-45417
24119,7365022-13-ld1,b2b-24119,ft-7f977,ft-ld1-Dsl,530330109001,-122.31486323772381,47.53426362053083,530330109001.0,ld1_D_Diesel,b2b--c33-45465
24124,7366389-13-ld1,b2b-24124,ft-6d6e2,ft-ld1-Gas,530330099004,-122.35117715320465,47.57121825509962,530330099004.0,ld1_G_Gasoline,b2b--c33-45484
24175,7371483-3-ld1,b2b-24175,ft-f01c9,ft-ld1-Gas,530610413042,-122.24409010231953,47.92728331356473,530610413042.0,ld1_G_Gasoline,b2b--c33-45605
24177,7371483-3-ld1,b2b-24177,ft-9793e,ft-ld1-Gas,530610413042,-122.24409010231953,47.92728331356473,530610413042.0,ld1_G_Gasoline,b2b--c33-45620
24179,7371483-3-ld1,b2b-24179,ft-a6c57,ft-ld1-Gas,530610413042,-122.24409010231953,47.92728331356473,530610413042.0,ld1_G_Gasoline,b2b--c33-45622
24183,6327805-3-hdt,b2b-24183,ft-da5ad,ft-hdt-Dsl,530330322083,-122.0413868327111,47.54445151681248,530330322083.0,hdt_D_Diesel,b2b--c33-45629
24187,8394433-13-ld1,b2b-24187,ft-6a51d,ft-ld1-Gas,530330292061,-122.22638267720225,47.42765202506155,530330292061.0,ld1_G_Gasoline,b2b--c33-45633
24192,8394433-13-ld1,b2b-24192,ft-a189c,ft-ld1-Gas,530330292061,-122.22638267720225,47.42765202506155,530330292061.0,ld1_G_Gasoline,b2b--c33-45647
24203,7364691-13-ld1,b2b-24203,ft-c9ccf,ft-ld1-Gas,530330112001,-122.33016952325477,47.52660254101656,530330112001.0,ld1_G_Gasoline,b2b--c33-45691
24207,8394432-9-ld3,b2b-24207,ft-fad0e,ft-ld3-Gas,530330288021,-122.29448221175943,47.42747273756918,530330288021.0,ld3_G_Gasoline,b2b--c33-45694
24219,7362512-17-hdv,b2b-24219,ft-8932f,ft-hdv-Dsl,530330320111,-122.02258281211779,47.3687562148935,530330320111.0,hdv_D_Diesel,b2b--c33-45721
24222,6365521-6-hdt,b2b-24222,ft-0edc9,ft-hdt-Dsl,530330019002,-122.32019110701894,47.69128885256578,530330019002.0,hdt_D_Diesel,b2b--c33-45726
24227,8395286-10-ld1,b2b-24227,ft-accc6,ft-ld1-Gas,530539400101,-122.30103292350968,47.20925891016092,530539400101.0,ld1_G_Gasoline,b2b--c33-45730
24230,8395286-10-ld1,b2b-24230,ft-f588c,ft-ld1-Gas,530539400101,-122.30103292350968,47.20925891016092,530539400101.0,ld1_G_Gasoline,b2b--c33-45751
24238,8394801-5-ld3,b2b-24238,ft-ae7d4,ft-ld3-Gas,530330112001,-122.33227885206496,47.53199660801611,530330112001.0,ld3_G_Gasoline,b2b--c33-45777
24242,7364691-35-mdv,b2b-24242,ft-64b3e,ft-mdv-Gas,530330112001,-122.33016952325477,47.52660254101656,530330112001.0,mdv_G_Gasoline,b2b--c33-45782
24259,7366429-5-mdv,b2b-24259,ft-23a60,ft-mdv-Dsl,530330093003,-122.34204282855166,47.569492954037656,530330093003.0,mdv_D_Diesel,b2b--c33-45820
24274,8394083-10-hdv,b2b-24274,ft-0b8ca,ft-hdv-Dsl,530330305011,-122.22995073612395,47.34476729172456,530330305011.0,hdv_D_Diesel,b2b--c33-45858
24287,7369224-14-ld3,b2b-24287,ft-d46a6,ft-ld3-Dsl,530539400022,-122.35897274041128,47.25278630859665,530539400022.0,ld3_D_Diesel,b2b--c33-45884
24290,7369224-14-ld3,b2b-24290,ft-5610a,ft-ld3-Dsl,530539400022,-122.35897274041128,47.25278630859665,530539400022.0,ld3_D_Diesel,b2b--c33-45894
24294,7361806-14-ld1,b2b-24294,ft-55d7a,ft-ld1-Gas,530330292061,-122.24465895656691,47.42648528440445,530330292061.0,ld1_G_Gasoline,b2b--c33-45907
24323,7361949-3-ld1,b2b-24323,ft-bb0bd,ft-ld1-Gas,530330305011,-122.23227781412766,47.337008855767586,530330305011.0,ld1_G_Gasoline,b2b--c33-45987
24341,7361953-24-ld3,b2b-24341,ft-116ef,ft-ld3-Gas,530330292061,-122.22834520138616,47.42187038261192,530330292061.0,ld3_G_Gasoline,b2b--c33-46033
24346,7361458-18-ld1,b2b-24346,ft-176ee,ft-ld1-Gas,530330324011,-121.98736709427631,47.73413108992005,530330324011.0,ld1_G_Gasoline,b2b--c33-46046
24356,7369219-14-ld3,b2b-24356,ft-acd9c,ft-ld3-Dsl,530539400101,-122.29381001031895,47.21080765754478,530539400101.0,ld3_D_Diesel,b2b--c33-46070
24357,7361954-10-mdv,b2b-24357,ft-da080,ft-mdv-Dsl,530330292061,-122.24570735711907,47.40224996991506,530330292061.0,mdv_D_Diesel,b2b--c33-46086
24364,7367415-4-ld3,b2b-24364,ft-ee0d1,ft-ld3-Gas,530350921002,-122.7498808791254,47.503082656597904,530350921002.0,ld3_G_Gasoline,b2b--c33-46104
24380,7361889-13-ld1,b2b-24380,ft-e48ea,ft-ld1-Gas,530330292061,-122.26168663979756,47.400176905935744,530330292061.0,ld1_G_Gasoline,b2b--c33-46141
24386,7369224-34-ld3,b2b-24386,ft-c90b8,ft-ld3-Dsl,530539400022,-122.35897274041128,47.25278630859665,530539400022.0,ld3_D_Diesel,b2b--c33-46152
24395,7360299-30-mdv,b2b-24395,ft-d14c8,ft-mdv-Dsl,530330308013,-122.22881583323118,47.27823949337624,530330308013.0,mdv_D_Diesel,b2b--c33-46175
24414,7361950-8-ld1,b2b-24414,ft-616cc,ft-ld1-Gas,530330300034,-122.31321089826587,47.372456817011994,530330300034.0,ld1_G_Gasoline,b2b--c33-46238
24419,7366429-8-ld1,b2b-24419,ft-336a3,ft-ld1-Gas,530330093003,-122.34204282855166,47.569492954037656,530330093003.0,ld1_G_Gasoline,b2b--c33-46262
24421,7366429-8-ld1,b2b-24421,ft-ed434,ft-ld1-Gas,530330093003,-122.34204282855166,47.569492954037656,530330093003.0,ld1_G_Gasoline,b2b--c33-46251
24426,7361951-8-ld1,b2b-24426,ft-f7088,ft-ld1-Dsl,530330292061,-122.22446575655314,47.419646524413956,530330292061.0,ld1_D_Diesel,b2b--c33-46274
24446,7361744-38-ld1,b2b-24446,ft-fde05,ft-ld1-Gas,530330292061,-122.22528263501711,47.432243549317185,530330292061.0,ld1_G_Gasoline,b2b--c33-46334
24458,7367023-8-ld1,b2b-24458,ft-1d41b,ft-ld1-Gas,530330288021,-122.2959656365366,47.42471849259647,530330288021.0,ld1_G_Gasoline,b2b--c33-46385
24459,7367023-8-ld1,b2b-24459,ft-0bd9d,ft-ld1-Gas,530330288021,-122.2959656365366,47.42471849259647,530330288021.0,ld1_G_Gasoline,b2b--c33-46386
24482,8395285-4-ld1,b2b-24482,ft-9c3e7,ft-ld1-Gas,530539400101,-122.30568983007865,47.212144412126825,530539400101.0,ld1_G_Gasoline,b2b--c33-46438
24489,7364918-33-ld1,b2b-24489,ft-14bbd,ft-ld1-Gas,530330112001,-122.32094222317475,47.52248634453613,530330112001.0,ld1_G_Gasoline,b2b--c33-46463
24500,7369164-8-ld1,b2b-24500,ft-16f3f,ft-ld1-Gas,530539400022,-122.3623989794619,47.24303041243632,530539400022.0,ld1_G_Gasoline,b2b--c33-46497
24502,7364691-8-ld1,b2b-24502,ft-92659,ft-ld1-Dsl,530330112001,-122.33016952325477,47.52660254101656,530330112001.0,ld1_D_Diesel,b2b--c33-46499
24507,7361108-11-ld1,b2b-24507,ft-cb0bd,ft-ld1-Gas,530330237001,-122.16721631684192,47.62586460308248,530330237001.0,ld1_G_Gasoline,b2b--c33-46535
24510,7364691-23-ld1,b2b-24510,ft-7b248,ft-ld1-Gas,530330112001,-122.33016952325477,47.52660254101656,530330112001.0,ld1_G_Gasoline,b2b--c33-46538
24511,7364691-23-ld1,b2b-24511,ft-05ad6,ft-ld1-Gas,530330112001,-122.33016952325477,47.52660254101656,530330112001.0,ld1_G_Gasoline,b2b--c33-46539
24520,7361805-11-ld1,b2b-24520,ft-ca005,ft-ld1-Gas,530330292061,-122.2491015192197,47.42979333775661,530330292061.0,ld1_G_Gasoline,b2b--c33-46564
24525,7361951-18-ld1,b2b-24525,ft-78901,ft-ld1-Gas,530330292061,-122.22446575655314,47.419646524413956,530330292061.0,ld1_G_Gasoline,b2b--c33-46577
24554,7362511-8-ld1,b2b-24554,ft-92817,ft-ld1-Gas,530330320111,-122.0228827412936,47.36910189719495,530330320111.0,ld1_G_Gasoline,b2b--c33-46666
24555,7365597-14-ld1,b2b-24555,ft-3dbf0,ft-ld1-Gas,530330071001,-122.3607157802324,47.62277408295152,530330071001.0,ld1_G_Gasoline,b2b--c33-46680
24563,7366752-8-ld1,b2b-24563,ft-e3702,ft-ld1-Gas,530330262001,-122.23092033957167,47.47070058950334,530330262001.0,ld1_G_Gasoline,b2b--c33-46692
24569,7366620-33-ld1,b2b-24569,ft-9066d,ft-ld1-Gas,530330284024,-122.29217467971979,47.45881065074249,530330284024.0,ld1_G_Gasoline,b2b--c33-46732
24576,7367025-17-ld1,b2b-24576,ft-aae54,ft-ld1-Gas,530330284024,-122.29846340456025,47.44344405905367,530330284024.0,ld1_G_Gasoline,b2b--c33-46758
24581,7361802-11-ld1,b2b-24581,ft-d9f69,ft-ld1-Gas,530330292061,-122.25322050856488,47.41586647958096,530330292061.0,ld1_G_Gasoline,b2b--c33-46769
24590,7362108-5-ld1,b2b-24590,ft-6560,ft-ld1-Gas,530330292061,-122.2440259259565,47.43149463538121,530330292061.0,ld1_G_Gasoline,b2b--c33-46796
24609,7368549-3-ld1,b2b-24609,ft-855ac,ft-ld1-Gas,530539400101,-122.33647069297749,47.22263015711102,530539400101.0,ld1_G_Gasoline,b2b--c33-46850
24628,7368549-13-ld1,b2b-24628,ft-5c1b5,ft-ld1-Gas,530539400101,-122.33647069297749,47.22263015711102,530539400101.0,ld1_G_Gasoline,b2b--c33-46901
24639,7364918-9-ld3,b2b-24639,ft-5e1a3,ft-ld3-Gas,530330112001,-122.32094222317475,47.52248634453613,530330112001.0,ld3_G_Gasoline,b2b--c33-46941
24644,7368806-9-ld3,b2b-24644,ft-bbcbf,ft-ld3-Dsl,530530626002,-122.47533025407945,47.22237754416001,530530626002.0,ld3_D_Diesel,b2b--c33-46948
24647,7369145-23-ld1,b2b-24647,ft-bf44d,ft-ld1-Gas,530539400022,-122.3969715048256,47.243236011784234,530539400022.0,ld1_G_Gasoline,b2b--c33-46957
24654,7361744-34-ld3,b2b-24654,ft-acdd9,ft-ld3-Gas,530330292061,-122.22528263501711,47.432243549317185,530330292061.0,ld3_G_Gasoline,b2b--c33-46979
24655,7361744-34-ld3,b2b-24655,ft-00f9b,ft-ld3-Gas,530330292061,-122.22528263501711,47.432243549317185,530330292061.0,ld3_G_Gasoline,b2b--c33-46980
24686,7370780-7-hdv,b2b-24686,ft-4df32,ft-hdv-Dsl,530610413042,-122.25350021807033,47.92367939099297,530610413042.0,hdv_D_Diesel,b2b--c33-47062
24696,7370808-9-ld3,b2b-24696,ft-e8616,ft-ld3-Gas,530610413042,-122.27788640878946,47.93850672643978,530610413042.0,ld3_G_Gasoline,b2b--c33-47088
24698,7373608-9-ld3,b2b-24698,ft-33411,ft-ld3-Gas,530530729061,-122.5544249277511,47.049137874735855,530670126102.0,ld3_G_Gasoline,b2b--c33-47090
24712,7361730-8-ld1,b2b-24712,ft-382cb,ft-ld1-Dsl,530330292061,-122.24732272604084,47.38816117704638,530330292061.0,ld1_D_Diesel,b2b--c33-47145
24714,7361730-8-ld1,b2b-24714,ft-d9be0,ft-ld1-Dsl,530330292061,-122.24732272604084,47.38816117704638,530330292061.0,ld1_D_Diesel,b2b--c33-47144
24718,7366620-24-ld3,b2b-24718,ft-def01,ft-ld3-Gas,530330284024,-122.29217467971979,47.45881065074249,530330284024.0,ld3_G_Gasoline,b2b--c33-47156
24722,8394328-10-ld1,b2b-24722,ft-225c0,ft-ld1-Gas,530330292061,-122.2384320753271,47.40669474169384,530330292061.0,ld1_G_Gasoline,b2b--c33-47189
24726,7366752-4-ld3,b2b-24726,ft-abd9e,ft-ld3-Gas,530330262001,-122.23092033957167,47.47070058950334,530330262001.0,ld3_G_Gasoline,b2b--c33-47190
24740,7361889-7-hdv,b2b-24740,ft-aece0,ft-hdv-Dsl,530330292061,-122.26168663979756,47.400176905935744,530330292061.0,hdv_D_Diesel,b2b--c33-47243
24755,7361744-59-ld3,b2b-24755,ft-e738a,ft-ld3-Gas,530330292061,-122.22528263501711,47.432243549317185,530330292061.0,ld3_G_Gasoline,b2b--c33-47283
24760,8394328-11-ld3,b2b-24760,ft-d30cf,ft-ld3-Gas,530330292061,-122.2384320753271,47.40669474169384,530330292061.0,ld3_G_Gasoline,b2b--c33-47306
24765,7362668-3-ld1,b2b-24765,ft-08ea4,ft-ld1-Gas,530330284024,-122.29828123802866,47.44416305383533,530330284024.0,ld1_G_Gasoline,b2b--c33-47319
24773,8394820-9-ld3,b2b-24773,ft-b9444,ft-ld3-Gas,530330093002,-122.33759397247012,47.59022371894319,530330093002.0,ld3_G_Gasoline,b2b--c33-47355
24778,7365597-6-mdv,b2b-24778,ft-4722f,ft-mdv-Dsl,530330071001,-122.3607157802324,47.62277408295152,530330071001.0,mdv_D_Diesel,b2b--c33-47361
24781,7361744-9-ld3,b2b-24781,ft-43ca1,ft-ld3-Gas,530330292061,-122.22528263501711,47.432243549317185,530330292061.0,ld3_G_Gasoline,b2b--c33-47362
24785,7366753-9-ld3,b2b-24785,ft-34670,ft-ld3-Gas,530330264005,-122.32943382695088,47.51835358889425,530330264005.0,ld3_G_Gasoline,b2b--c33-47375
24789,7363359-2-ld1,b2b-24789,ft-9bd71,ft-ld1-Gas,530330319031,-122.12224559106944,47.48766486964959,530330319031.0,ld1_G_Gasoline,b2b--c33-47399
24799,8395045-9-ld3,b2b-24799,ft-30164,ft-ld3-Gas,530330284024,-122.32840253514618,47.44437048521317,530330284024.0,ld3_G_Gasoline,b2b--c33-47409
24806,8395045-9-ld3,b2b-24806,ft-b68ea,ft-ld3-Gas,530330284024,-122.32840253514618,47.44437048521317,530330284024.0,ld3_G_Gasoline,b2b--c33-47417
24811,7361889-4-ld3,b2b-24811,ft-3b316,ft-ld3-Dsl,530330292061,-122.26168663979756,47.400176905935744,530330292061.0,ld3_D_Diesel,b2b--c33-47439
24814,7361889-4-ld3,b2b-24814,ft-65ff1,ft-ld3-Dsl,530330292061,-122.26168663979756,47.400176905935744,530330292061.0,ld3_D_Diesel,b2b--c33-47448
24819,8394354-14-ld3,b2b-24819,ft-52cdd,ft-ld3-Dsl,530330292061,-122.24394563101907,47.41876745684446,530330292061.0,ld3_D_Diesel,b2b--c33-47456
24833,7361892-14-ld3,b2b-24833,ft-7873f,ft-ld3-Dsl,530330305011,-122.2297347561288,47.344822000685745,530330305011.0,ld3_D_Diesel,b2b--c33-47501
24852,7367065-28-ld1,b2b-24852,ft-eeda1,ft-ld1-Gas,530330288013,-122.29978682083382,47.41404252517009,530330288013.0,ld1_G_Gasoline,b2b--c33-47549
24875,7371582-3-ld1,b2b-24875,ft-1581b,ft-ld1-Gas,530610521083,-122.11003280178969,47.81441426756796,530610521083.0,ld1_G_Gasoline,b2b--c33-47647
24891,7364918-13-ld1,b2b-24891,ft-c1fe1,ft-ld1-Dsl,530330112001,-122.32094222317475,47.52248634453613,530330112001.0,ld1_D_Diesel,b2b--c33-47685
24893,7361887-9-ld3,b2b-24893,ft-864db,ft-ld3-Dsl,530330292061,-122.2556934969093,47.42316027007642,530330292061.0,ld3_D_Diesel,b2b--c33-47697
24914,7361995-19-ld3,b2b-24914,ft-9ed09,ft-ld3-Dsl,530330292061,-122.23115652584403,47.42161729811453,530330292061.0,ld3_D_Diesel,b2b--c33-47747
24915,7361995-19-ld3,b2b-24915,ft-c6826,ft-ld3-Dsl,530330292061,-122.23115652584403,47.42161729811453,530330292061.0,ld3_D_Diesel,b2b--c33-47744
24919,7361949-18-ld1,b2b-24919,ft-df5a1,ft-ld1-Gas,530330305011,-122.23227781412766,47.337008855767586,530330305011.0,ld1_G_Gasoline,b2b--c33-47761
24925,7363441-9-ld3,b2b-24925,ft-9e373,ft-ld3-Dsl,530330323193,-122.15671601884792,47.75905143275152,530330323193.0,ld3_D_Diesel,b2b--c33-47781
24928,7363267-14-ld3,b2b-24928,ft-167b9,ft-ld3-Gas,530330262001,-122.25267350475208,47.44866998816283,530330262001.0,ld3_G_Gasoline,b2b--c33-47796
24979,7362972-28-ld1,b2b-24979,ft-3829f,ft-ld1-Gas,530330323133,-122.0937881884041,47.674054261571776,530330323133.0,ld1_G_Gasoline,b2b--c33-47980
24987,7370748-8-ld1,b2b-24987,ft-5613a,ft-ld1-Gas,530610413042,-122.25333421863927,47.92376449718981,530610413042.0,ld1_G_Gasoline,b2b--c33-48019
24993,7361889-19-ld3,b2b-24993,ft-7a02d,ft-ld3-Gas,530330292061,-122.26168663979756,47.400176905935744,530330292061.0,ld3_G_Gasoline,b2b--c33-48045
25013,7361802-23-ld1,b2b-25013,ft-64051,ft-ld1-Gas,530330292061,-122.25322050856488,47.41586647958096,530330292061.0,ld1_G_Gasoline,b2b--c33-48137
25015,7361802-23-ld1,b2b-25015,ft-d3542,ft-ld1-Gas,530330292061,-122.25322050856488,47.41586647958096,530330292061.0,ld1_G_Gasoline,b2b--c33-48135
25023,7362512-39-ld3,b2b-25023,ft-67b39,ft-ld3-Gas,530330320111,-122.02258281211779,47.3687562148935,530330320111.0,ld3_G_Gasoline,b2b--c33-48175
25052,7371483-9-ld3,b2b-25052,ft-35e9a,ft-ld3-Gas,530610413042,-122.24409010231953,47.92728331356473,530610413042.0,ld3_G_Gasoline,b2b--c33-48272
25055,7366753-19-ld3,b2b-25055,ft-30edf,ft-ld3-Dsl,530330264005,-122.32943382695088,47.51835358889425,530330264005.0,ld3_D_Diesel,b2b--c33-48286
25061,7361806-17-ld1,b2b-25061,ft-6083c,ft-ld1-Gas,530330292061,-122.24465895656691,47.42648528440445,530330292061.0,ld1_G_Gasoline,b2b--c33-48314
25065,7361804-5-ld1,b2b-25065,ft-d7b61,ft-ld1-Gas,530330292061,-122.24389594335622,47.413540186863216,530330292061.0,ld1_G_Gasoline,b2b--c33-48325
25068,7361344-9-ld3,b2b-25068,ft-edd79,ft-ld3-Gas,530330219054,-122.17529352830351,47.734591039495925,530330219054.0,ld3_G_Gasoline,b2b--c33-48340
25070,7362972-24-ld3,b2b-25070,ft-ea2ce,ft-ld3-Gas,530330323133,-122.0937881884041,47.674054261571776,530330323133.0,ld3_G_Gasoline,b2b--c33-48352
25082,7361108-14-ld1,b2b-25082,ft-24623,ft-ld1-Gas,530330237001,-122.16721631684192,47.62586460308248,530330237001.0,ld1_G_Gasoline,b2b--c33-48390
25084,7363441-8-ld1,b2b-25084,ft-f2cd4,ft-ld1-Dsl,530330323193,-122.15671601884792,47.75905143275152,530330323193.0,ld1_D_Diesel,b2b--c33-48405
25089,7361458-13-ld1,b2b-25089,ft-6a14d,ft-ld1-Dsl,530330324011,-121.98736709427631,47.73413108992005,530330324011.0,ld1_D_Diesel,b2b--c33-48430
25092,7361954-8-ld1,b2b-25092,ft-73cd9,ft-ld1-Gas,530330292061,-122.24570735711907,47.40224996991506,530330292061.0,ld1_G_Gasoline,b2b--c33-48443
25101,7366753-8-ld1,b2b-25101,ft-f7264,ft-ld1-Gas,530330264005,-122.32943382695088,47.51835358889425,530330264005.0,ld1_G_Gasoline,b2b--c33-48470
25125,7364692-14-ld1,b2b-25125,ft-c48ab,ft-ld1-Gas,530330108001,-122.34913921788487,47.55384014888749,530330108001.0,ld1_G_Gasoline,b2b--c33-48535
25132,7364691-29-ld3,b2b-25132,ft-895e0,ft-ld3-Dsl,530330112001,-122.33016952325477,47.52660254101656,530330112001.0,ld3_D_Diesel,b2b--c33-48584
25135,7364691-29-ld3,b2b-25135,ft-505cf,ft-ld3-Dsl,530330112001,-122.33016952325477,47.52660254101656,530330112001.0,ld3_D_Diesel,b2b--c33-48583
25136,7362972-8-ld1,b2b-25136,ft-1d938,ft-ld1-Gas,530330323133,-122.0937881884041,47.674054261571776,530330323133.0,ld1_G_Gasoline,b2b--c33-48598
25140,7365038-3-ld1,b2b-25140,ft-de818,ft-ld1-Gas,530330093002,-122.33357597282178,47.58797849383613,530330093002.0,ld1_G_Gasoline,b2b--c33-48612
25141,7365038-3-ld1,b2b-25141,ft-f8c10,ft-ld1-Gas,530330093002,-122.33357597282178,47.58797849383613,530330093002.0,ld1_G_Gasoline,b2b--c33-48610
25143,7366389-19-ld3,b2b-25143,ft-458f9,ft-ld3-Gas,530330099004,-122.35117715320465,47.57121825509962,530330099004.0,ld3_G_Gasoline,b2b--c33-48624
25149,7361953-23-ld1,b2b-25149,ft-931db,ft-ld1-Gas,530330292061,-122.22834520138616,47.42187038261192,530330292061.0,ld1_G_Gasoline,b2b--c33-48639
25151,7361953-23-ld1,b2b-25151,ft-92c4c,ft-ld1-Gas,530330292061,-122.22834520138616,47.42187038261192,530330292061.0,ld1_G_Gasoline,b2b--c33-48648
25171,7361995-29-ld3,b2b-25171,ft-0990b,ft-ld3-Gas,530330292061,-122.23115652584403,47.42161729811453,530330292061.0,ld3_G_Gasoline,b2b--c33-48708
25175,7361744-24-ld3,b2b-25175,ft-179e7,ft-ld3-Dsl,530330292061,-122.22528263501711,47.432243549317185,530330292061.0,ld3_D_Diesel,b2b--c33-48719
25178,7365531-3-ld1,b2b-25178,ft-2a0ca,ft-ld1-Gas,530330263002,-122.29034760404986,47.50675431311565,530330263002.0,ld1_G_Gasoline,b2b--c33-48732
25189,7367225-14-ld3,b2b-25189,ft-7558b,ft-ld3-Gas,530350918001,-122.62900047276442,47.60822482213245,530350918001.0,ld3_G_Gasoline,b2b--c33-48784
25190,7367225-14-ld3,b2b-25190,ft-f728a,ft-ld3-Gas,530350918001,-122.62900047276442,47.60822482213245,530350918001.0,ld3_G_Gasoline,b2b--c33-48785
25198,7366547-4-ld3,b2b-25198,ft-d7d14,ft-ld3-Gas,530330093003,-122.33781074015684,47.57150093310607,530330093003.0,ld3_G_Gasoline,b2b--c33-48811
25206,7370497-14-ld3,b2b-25206,ft-0f35b,ft-ld3-Gas,530610515002,-122.31614691646146,47.81998088841677,530610515002.0,ld3_G_Gasoline,b2b--c33-48838
25216,7361790-33-ld1,b2b-25216,ft-0a6db,ft-ld1-Gas,530330292061,-122.24399044478618,47.433219893641684,530330292061.0,ld1_G_Gasoline,b2b--c33-48877
25218,7361805-8-ld1,b2b-25218,ft-c4c37,ft-ld1-Dsl,530330292061,-122.2491015192197,47.42979333775661,530330292061.0,ld1_D_Diesel,b2b--c33-48889
25221,7361344-18-ld1,b2b-25221,ft-0f384,ft-ld1-Gas,530330219054,-122.17529352830351,47.734591039495925,530330219054.0,ld1_G_Gasoline,b2b--c33-48891
25237,7367065-24-ld3,b2b-25237,ft-bab97,ft-ld3-Dsl,530330288013,-122.29978682083382,47.41404252517009,530330288013.0,ld3_D_Diesel,b2b--c33-48967
25246,8394083-11-ld1,b2b-25246,ft-a538a,ft-ld1-Gas,530330305011,-122.22995073612395,47.34476729172456,530330305011.0,ld1_G_Gasoline,b2b--c33-48985
25247,8394083-11-ld1,b2b-25247,ft-76cae,ft-ld1-Gas,530330305011,-122.22995073612395,47.34476729172456,530330305011.0,ld1_G_Gasoline,b2b--c33-48986
25253,8394083-24-ld3,b2b-25253,ft-3131d,ft-ld3-Dsl,530330305011,-122.22995073612395,47.34476729172456,530330305011.0,ld3_D_Diesel,b2b--c33-49002
25258,8394083-24-ld3,b2b-25258,ft-8bf06,ft-ld3-Dsl,530330305011,-122.22995073612395,47.34476729172456,530330305011.0,ld3_D_Diesel,b2b--c33-49018
25269,7361790-3-ld1,b2b-25269,ft-82ced,ft-ld1-Gas,530330292061,-122.24399044478618,47.433219893641684,530330292061.0,ld1_G_Gasoline,b2b--c33-49076
25277,8395045-4-ld3,b2b-25277,ft-0fd33,ft-ld3-Dsl,530330284024,-122.32840253514618,47.44437048521317,530330284024.0,ld3_D_Diesel,b2b--c33-49082
25280,8395045-4-ld3,b2b-25280,ft-52829,ft-ld3-Dsl,530330284024,-122.32840253514618,47.44437048521317,530330284024.0,ld3_D_Diesel,b2b--c33-49096
25303,7361805-2-ld1,b2b-25303,ft-2e64e,ft-ld1-Dsl,530330292061,-122.2491015192197,47.42979333775661,530330292061.0,ld1_D_Diesel,b2b--c33-49176
25304,7361458-3-ld1,b2b-25304,ft-fd0bf,ft-ld1-Gas,530330324011,-121.98736709427631,47.73413108992005,530330324011.0,ld1_G_Gasoline,b2b--c33-49189
25335,7361949-19-ld3,b2b-25335,ft-47102,ft-ld3-Gas,530330305011,-122.23227781412766,47.337008855767586,530330305011.0,ld3_G_Gasoline,b2b--c33-49304
25336,7361949-19-ld3,b2b-25336,ft-5bcfc,ft-ld3-Gas,530330305011,-122.23227781412766,47.337008855767586,530330305011.0,ld3_G_Gasoline,b2b--c33-49305
25340,7362109-14-ld1,b2b-25340,ft-fdd42,ft-ld1-Gas,530330292061,-122.24917211844225,47.42938235578714,530330292061.0,ld1_G_Gasoline,b2b--c33-49316
25342,7362690-18-ld1,b2b-25342,ft-7f412,ft-ld1-Gas,530330323133,-122.08944378826811,47.672608175771856,530330323133.0,ld1_G_Gasoline,b2b--c33-49331
25345,7361887-7-hdv,b2b-25345,ft-e74fa,ft-hdv-Dsl,530330292061,-122.2556934969093,47.42316027007642,530330292061.0,hdv_D_Diesel,b2b--c33-49335
25360,7362972-4-ld3,b2b-25360,ft-8c556,ft-ld3-Dsl,530330323133,-122.0937881884041,47.674054261571776,530330323133.0,ld3_D_Diesel,b2b--c33-49388
25365,8394354-4-ld3,b2b-25365,ft-8c359,ft-ld3-Gas,530330292061,-122.24394563101907,47.41876745684446,530330292061.0,ld3_G_Gasoline,b2b--c33-49392
25368,8394354-4-ld3,b2b-25368,ft-dc066,ft-ld3-Gas,530330292061,-122.24394563101907,47.41876745684446,530330292061.0,ld3_G_Gasoline,b2b--c33-49402
25390,8394083-16-ld3,b2b-25390,ft-fcba9,ft-ld3-Gas,530330305011,-122.22995073612395,47.34476729172456,530330305011.0,ld3_G_Gasoline,b2b--c33-49470
25394,7366753-23-ld1,b2b-25394,ft-cd0d5,ft-ld1-Dsl,530330264005,-122.32943382695088,47.51835358889425,530330264005.0,ld1_D_Diesel,b2b--c33-49492
25408,7366547-19-ld3,b2b-25408,ft-dce25,ft-ld3-Dsl,530330093003,-122.33781074015684,47.57150093310607,530330093003.0,ld3_D_Diesel,b2b--c33-49531
25420,7366753-18-ld1,b2b-25420,ft-90970,ft-ld1-Gas,530330264005,-122.32943382695088,47.51835358889425,530330264005.0,ld1_G_Gasoline,b2b--c33-49600
25436,7361950-9-ld3,b2b-25436,ft-a4e49,ft-ld3-Gas,530330300034,-122.31321089826587,47.372456817011994,530330300034.0,ld3_G_Gasoline,b2b--c33-49637
25452,7365038-19-ld3,b2b-25452,ft-f59e0,ft-ld3-Dsl,530330093002,-122.33357597282178,47.58797849383613,530330093002.0,ld3_D_Diesel,b2b--c33-49702
25453,7361806-20-ld1,b2b-25453,ft-0780f,ft-ld1-Gas,530330292061,-122.24465895656691,47.42648528440445,530330292061.0,ld1_G_Gasoline,b2b--c33-49717
25456,7366738-8-ld1,b2b-25456,ft-39889,ft-ld1-Gas,530330263002,-122.28576089980155,47.50750731073683,530330263002.0,ld1_G_Gasoline,b2b--c33-49719
25463,7366429-3-ld1,b2b-25463,ft-a8c4a,ft-ld1-Gas,530330093003,-122.34204282855166,47.569492954037656,530330093003.0,ld1_G_Gasoline,b2b--c33-49757
25468,7361952-3-ld1,b2b-25468,ft-e0306,ft-ld1-Gas,530330292061,-122.23872031603734,47.401902694751676,530330292061.0,ld1_G_Gasoline,b2b--c33-49771
25473,7361803-23-ld1,b2b-25473,ft-6bcf7,ft-ld1-Gas,530330292061,-122.22600671466729,47.40844696648436,530330292061.0,ld1_G_Gasoline,b2b--c33-49796
25487,8395045-3-ld1,b2b-25487,ft-bf7de,ft-ld1-Gas,530330284024,-122.32840253514618,47.44437048521317,530330284024.0,ld1_G_Gasoline,b2b--c33-49824
25489,8395045-3-ld1,b2b-25489,ft-c1b15,ft-ld1-Gas,530330284024,-122.32840253514618,47.44437048521317,530330284024.0,ld1_G_Gasoline,b2b--c33-49826
25502,7366620-19-ld3,b2b-25502,ft-53279,ft-ld3-Gas,530330284024,-122.29217467971979,47.45881065074249,530330284024.0,ld3_G_Gasoline,b2b--c33-49872
25508,7370748-14-ld3,b2b-25508,ft-95144,ft-ld3-Dsl,530610413042,-122.25333421863927,47.92376449718981,530610413042.0,ld3_D_Diesel,b2b--c33-49887
25521,7361953-39-ld3,b2b-25521,ft-0fb59,ft-ld3-Dsl,530330292061,-122.22834520138616,47.42187038261192,530330292061.0,ld3_D_Diesel,b2b--c33-49937
25525,7364918-23-ld1,b2b-25525,ft-010b7,ft-ld1-Dsl,530330112001,-122.32094222317475,47.52248634453613,530330112001.0,ld1_D_Diesel,b2b--c33-49951
25532,7362512-13-ld1,b2b-25532,ft-abda7,ft-ld1-Dsl,530330320111,-122.02258281211779,47.3687562148935,530330320111.0,ld1_D_Diesel,b2b--c33-49975
25539,7362108-8-ld1,b2b-25539,ft-e2b02,ft-ld1-Gas,530330292061,-122.2440259259565,47.43149463538121,530330292061.0,ld1_G_Gasoline,b2b--c33-50001
25571,7361790-13-ld1,b2b-25571,ft-ff174,ft-ld1-Gas,530330292061,-122.24399044478618,47.433219893641684,530330292061.0,ld1_G_Gasoline,b2b--c33-50103
25577,7361890-14-ld3,b2b-25577,ft-51a85,ft-ld3-Dsl,530330283003,-122.25198503629612,47.42872998511336,530330283003.0,ld3_D_Diesel,b2b--c33-50128
25594,7366752-19-ld3,b2b-25594,ft-b4e53,ft-ld3-Gas,530330262001,-122.23092033957167,47.47070058950334,530330262001.0,ld3_G_Gasoline,b2b--c33-50168
25622,8394354-9-ld3,b2b-25622,ft-0145b,ft-ld3-Gas,530330292061,-122.24394563101907,47.41876745684446,530330292061.0,ld3_G_Gasoline,b2b--c33-50266
25638,7371582-18-ld1,b2b-25638,ft-de63a,ft-ld1-Gas,530610521083,-122.11003280178969,47.81441426756796,530610521083.0,ld1_G_Gasoline,b2b--c33-50331
25659,7370943-4-ld3,b2b-25659,ft-1342b,ft-ld3-Gas,530610419032,-122.26992885979202,47.92022100789097,530610419032.0,ld3_G_Gasoline,b2b--c33-50387
25661,7370943-4-ld3,b2b-25661,ft-52db8,ft-ld3-Gas,530610419032,-122.26992885979202,47.92022100789097,530610419032.0,ld3_G_Gasoline,b2b--c33-50395
25666,7367226-9-ld3,b2b-25666,ft-71038,ft-ld3-Dsl,530350918001,-122.62536960840076,47.60681325280618,530350918001.0,ld3_D_Diesel,b2b--c33-50423
25682,8394432-3-ld1,b2b-25682,ft-ccc2e,ft-ld1-Gas,530330288021,-122.29448221175943,47.42747273756918,530330288021.0,ld1_G_Gasoline,b2b--c33-50464
25685,8394432-3-ld1,b2b-25685,ft-d685d,ft-ld1-Gas,530330288021,-122.29448221175943,47.42747273756918,530330288021.0,ld1_G_Gasoline,b2b--c33-50484
25689,8394432-3-ld1,b2b-25689,ft-711ca,ft-ld1-Gas,530330288021,-122.29448221175943,47.42747273756918,530330288021.0,ld1_G_Gasoline,b2b--c33-50480
25701,7361790-5-mdv,b2b-25701,ft-3413,ft-mdv-Dsl,530330292061,-122.24399044478618,47.433219893641684,530330292061.0,mdv_D_Diesel,b2b--c33-50523
25703,7361790-5-mdv,b2b-25703,ft-5170e,ft-mdv-Dsl,530330292061,-122.24399044478618,47.433219893641684,530330292061.0,mdv_D_Diesel,b2b--c33-50515
25715,7366752-3-ld1,b2b-25715,ft-8fe24,ft-ld1-Gas,530330262001,-122.23092033957167,47.47070058950334,530330262001.0,ld1_G_Gasoline,b2b--c33-50577
25721,7362690-24-ld3,b2b-25721,ft-5341b,ft-ld3-Dsl,530330323133,-122.08944378826811,47.672608175771856,530330323133.0,ld3_D_Diesel,b2b--c33-50602
25723,7362690-24-ld3,b2b-25723,ft-09b6f,ft-ld3-Dsl,530330323133,-122.08944378826811,47.672608175771856,530330323133.0,ld3_D_Diesel,b2b--c33-50600
25741,7361953-4-ld3,b2b-25741,ft-ecc4a,ft-ld3-Gas,530330292061,-122.22834520138616,47.42187038261192,530330292061.0,ld3_G_Gasoline,b2b--c33-50661
25753,8394801-9-ld3,b2b-25753,ft-6e387,ft-ld3-Gas,530330112001,-122.33227885206496,47.53199660801611,530330112001.0,ld3_G_Gasoline,b2b--c33-50700
25767,7361954-9-ld3,b2b-25767,ft-83da5,ft-ld3-Dsl,530330292061,-122.24570735711907,47.40224996991506,530330292061.0,ld3_D_Diesel,b2b--c33-50744
25768,7361954-9-ld3,b2b-25768,ft-8f0f3,ft-ld3-Dsl,530330292061,-122.24570735711907,47.40224996991506,530330292061.0,ld3_D_Diesel,b2b--c33-50732
25780,7361995-9-ld3,b2b-25780,ft-27a56,ft-ld3-Dsl,530330292061,-122.23115652584403,47.42161729811453,530330292061.0,ld3_D_Diesel,b2b--c33-50780
25781,7362511-19-ld3,b2b-25781,ft-f7b2a,ft-ld3-Dsl,530330320111,-122.0228827412936,47.36910189719495,530330320111.0,ld3_D_Diesel,b2b--c33-50795
25790,7366364-3-ld1,b2b-25790,ft-a2b88,ft-ld1-Dsl,530330093003,-122.33231170637092,47.56852810250407,530330093003.0,ld1_D_Diesel,b2b--c33-50822
25796,8394328-6-ld1,b2b-25796,ft-f5b19,ft-ld1-Gas,530330292061,-122.2384320753271,47.40669474169384,530330292061.0,ld1_G_Gasoline,b2b--c33-50836
25797,8394328-6-ld1,b2b-25797,ft-3770e,ft-ld1-Gas,530330292061,-122.2384320753271,47.40669474169384,530330292061.0,ld1_G_Gasoline,b2b--c33-50837
25801,8394328-6-ld1,b2b-25801,ft-5dfd3,ft-ld1-Gas,530330292061,-122.2384320753271,47.40669474169384,530330292061.0,ld1_G_Gasoline,b2b--c33-50856
25808,7367065-4-ld3,b2b-25808,ft-f9b57,ft-ld3-Gas,530330288013,-122.29978682083382,47.41404252517009,530330288013.0,ld3_G_Gasoline,b2b--c33-50887
25823,7362109-5-ld1,b2b-25823,ft-6b552,ft-ld1-Gas,530330292061,-122.24917211844225,47.42938235578714,530330292061.0,ld1_G_Gasoline,b2b--c33-50934
25840,7361744-28-ld1,b2b-25840,ft-8e983,ft-ld1-Dsl,530330292061,-122.22528263501711,47.432243549317185,530330292061.0,ld1_D_Diesel,b2b--c33-50985
25851,8395057-6-ld3,b2b-25851,ft-ea8a7,ft-ld3-Gas,530330262001,-122.24852730189083,47.4477634184965,530330262001.0,ld3_G_Gasoline,b2b--c33-51027
25856,8395057-6-ld3,b2b-25856,ft-83ce0,ft-ld3-Gas,530330262001,-122.24852730189083,47.4477634184965,530330262001.0,ld3_G_Gasoline,b2b--c33-51033
25890,7361802-5-ld1,b2b-25890,ft-e0457,ft-ld1-Dsl,530330292061,-122.25322050856488,47.41586647958096,530330292061.0,ld1_D_Diesel,b2b--c33-51165
25905,7366389-14-ld3,b2b-25905,ft-112db,ft-ld3-Dsl,530330099004,-122.35117715320465,47.57121825509962,530330099004.0,ld3_D_Diesel,b2b--c33-51232
25907,7366752-9-ld3,b2b-25907,ft-e6cc0,ft-ld3-Dsl,530330262001,-122.23092033957167,47.47070058950334,530330262001.0,ld3_D_Diesel,b2b--c33-51245
25912,7366364-14-ld3,b2b-25912,ft-1a741,ft-ld3-Gas,530330093003,-122.33231170637092,47.56852810250407,530330093003.0,ld3_G_Gasoline,b2b--c33-51258
25918,8415294-12-ld3,b2b-25918,ft-715a9,ft-ld3-Dsl,530530732003,-122.23706641279225,46.78408365659002,410470025021.0,ld3_D_Diesel,b2b--c33-51260
25925,8415294-12-ld3,b2b-25925,ft-85179,ft-ld3-Dsl,530530732003,-122.23706641279225,46.78408365659002,410470025021.0,ld3_D_Diesel,b2b--c33-51268
25930,8415294-12-ld3,b2b-25930,ft-8ffe6,ft-ld3-Dsl,530530732003,-122.23706641279225,46.78408365659002,410470025021.0,ld3_D_Diesel,b2b--c33-51295
25938,7366752-18-ld1,b2b-25938,ft-0f3e0,ft-ld1-Gas,530330262001,-122.23092033957167,47.47070058950334,530330262001.0,ld1_G_Gasoline,b2b--c33-51326
25942,7361790-8-ld1,b2b-25942,ft-e3830,ft-ld1-Gas,530330292061,-122.24399044478618,47.433219893641684,530330292061.0,ld1_G_Gasoline,b2b--c33-51327
25944,7361790-8-ld1,b2b-25944,ft-a6ab8,ft-ld1-Gas,530330292061,-122.24399044478618,47.433219893641684,530330292061.0,ld1_G_Gasoline,b2b--c33-51338
25948,7370780-2-hdv,b2b-25948,ft-e548b,ft-hdv-Dsl,530610413042,-122.25350021807033,47.92367939099297,530610413042.0,hdv_D_Diesel,b2b--c33-51343
25961,7370497-8-ld1,b2b-25961,ft-45617,ft-ld1-Gas,530610515002,-122.31614691646146,47.81998088841677,530610515002.0,ld1_G_Gasoline,b2b--c33-51390
25962,7361458-28-ld1,b2b-25962,ft-1bb23,ft-ld1-Dsl,530330324011,-121.98736709427631,47.73413108992005,530330324011.0,ld1_D_Diesel,b2b--c33-51405
25964,7366547-8-ld1,b2b-25964,ft-14473,ft-ld1-Gas,530330093003,-122.33781074015684,47.57150093310607,530330093003.0,ld1_G_Gasoline,b2b--c33-51417
25971,7370808-13-ld1,b2b-25971,ft-52231,ft-ld1-Gas,530610413042,-122.27788640878946,47.93850672643978,530610413042.0,ld1_G_Gasoline,b2b--c33-51433
25983,7361953-33-ld1,b2b-25983,ft-a3b25,ft-ld1-Gas,530330292061,-122.22834520138616,47.42187038261192,530330292061.0,ld1_G_Gasoline,b2b--c33-51475
25986,7366389-23-ld1,b2b-25986,ft-4a93b,ft-ld1-Gas,530330099004,-122.35117715320465,47.57121825509962,530330099004.0,ld1_G_Gasoline,b2b--c33-51488
25997,8395583-3-ld1,b2b-25997,ft-8be32,ft-ld1-Gas,530610419032,-122.2715522983293,47.917393596540805,530610419032.0,ld1_G_Gasoline,b2b--c33-51527
26010,7366389-3-ld1,b2b-26010,ft-a6abf,ft-ld1-Dsl,530330099004,-122.35117715320465,47.57121825509962,530330099004.0,ld1_D_Diesel,b2b--c33-51578
26024,8395889-8-ld1,b2b-26024,ft-dc4d5,ft-ld1-Gas,530530726032,-122.77382693312865,47.188210163000925,530670110001.0,ld1_G_Gasoline,b2b--c33-51623
26026,8395889-8-ld1,b2b-26026,ft-5ffa6,ft-ld1-Gas,530530726032,-122.77382693312865,47.188210163000925,530670110001.0,ld1_G_Gasoline,b2b--c33-51616
26033,8395889-5-ld3,b2b-26033,ft-6b393,ft-ld3-Gas,530530726032,-122.77382693312865,47.188210163000925,530670110001.0,ld3_G_Gasoline,b2b--c33-51646
26034,8395889-5-ld3,b2b-26034,ft-066c2,ft-ld3-Gas,530530726032,-122.77382693312865,47.188210163000925,530670110001.0,ld3_G_Gasoline,b2b--c33-51648
26040,7369581-42-hdv,b2b-26040,ft-eabcf,ft-hdv-Dsl,530530718071,-122.49233469468531,47.17252881714979,530530718071.0,hdv_D_Diesel,b2b--c33-51652
26044,8394328-7-ld3,b2b-26044,ft-0a22f,ft-ld3-Dsl,530330292061,-122.2384320753271,47.40669474169384,530330292061.0,ld3_D_Diesel,b2b--c33-51680
26045,8394328-7-ld3,b2b-26045,ft-ac65f,ft-ld3-Dsl,530330292061,-122.2384320753271,47.40669474169384,530330292061.0,ld3_D_Diesel,b2b--c33-51681
26048,7362512-25-mdv,b2b-26048,ft-a2cd3,ft-mdv-Dsl,530330320111,-122.02258281211779,47.3687562148935,530330320111.0,mdv_D_Diesel,b2b--c33-51687
26067,7363039-13-ld1,b2b-26067,ft-b30f7,ft-ld1-Gas,530330293052,-122.19724469213678,47.41724973671112,530330293052.0,ld1_G_Gasoline,b2b--c33-51747
26072,7369170-8-ld1,b2b-26072,ft-33c88,ft-ld1-Gas,530539400022,-122.38729573129213,47.2402028107407,530539400022.0,ld1_G_Gasoline,b2b--c33-51756
26082,7362512-18-ld1,b2b-26082,ft-1386c,ft-ld1-Dsl,530330320111,-122.02258281211779,47.3687562148935,530330320111.0,ld1_D_Diesel,b2b--c33-51790
26083,7362512-18-ld1,b2b-26083,ft-79f78,ft-ld1-Dsl,530330320111,-122.02258281211779,47.3687562148935,530330320111.0,ld1_D_Diesel,b2b--c33-51800
26085,8395057-5-ld1,b2b-26085,ft-78281,ft-ld1-Gas,530330262001,-122.24852730189083,47.4477634184965,530330262001.0,ld1_G_Gasoline,b2b--c33-51828
26089,8395057-5-ld1,b2b-26089,ft-90c1b,ft-ld1-Gas,530330262001,-122.24852730189083,47.4477634184965,530330262001.0,ld1_G_Gasoline,b2b--c33-51806
26090,8395057-5-ld1,b2b-26090,ft-5020a,ft-ld1-Gas,530330262001,-122.24852730189083,47.4477634184965,530330262001.0,ld1_G_Gasoline,b2b--c33-51826
26096,7365597-8-ld1,b2b-26096,ft-e9254,ft-ld1-Dsl,530330071001,-122.3607157802324,47.62277408295152,530330071001.0,ld1_D_Diesel,b2b--c33-51840
26109,7361730-18-ld1,b2b-26109,ft-475eb,ft-ld1-Dsl,530330292061,-122.24732272604084,47.38816117704638,530330292061.0,ld1_D_Diesel,b2b--c33-51876
26118,7369224-28-ld1,b2b-26118,ft-9bca7,ft-ld1-Gas,530539400022,-122.35897274041128,47.25278630859665,530539400022.0,ld1_G_Gasoline,b2b--c33-51904
26127,8394328-19-ld3,b2b-26127,ft-68547,ft-ld3-Gas,530330292061,-122.2384320753271,47.40669474169384,530330292061.0,ld3_G_Gasoline,b2b--c33-51942
26132,7365629-37-hdv,b2b-26132,ft-f15b3,ft-hdv-Dsl,530330059001,-122.3673128160379,47.65327281857979,530330059001.0,hdv_D_Diesel,b2b--c33-51951
26133,7365629-37-hdv,b2b-26133,ft-4c5a5,ft-hdv-Dsl,530330059001,-122.3673128160379,47.65327281857979,530330059001.0,hdv_D_Diesel,b2b--c33-51950
26140,7372342-8-ld1,b2b-26140,ft-11612,ft-ld1-Gas,530610537001,-121.31300181346782,48.04698207479564,530630114003.0,ld1_G_Gasoline,b2b--c33-51962
26148,7192587-8-mdv,b2b-26148,ft-819c0,ft-mdv-Gas,530530732003,-122.23706641279225,46.78408365659002,410510007023.0,mdv_G_Gasoline,b2b--c33-51973
26168,7193875-29-ld3,b2b-26168,ft-f31bc,ft-ld3-Gas,530530732003,-122.23706641279225,46.78408365659002,410510073001.0,ld3_G_Gasoline,b2b--c33-52008
26170,7193733-4-ld3,b2b-26170,ft-b1c80,ft-ld3-Gas,530530732003,-122.23706641279225,46.78408365659002,410510073001.0,ld3_G_Gasoline,b2b--c33-52012
26177,7193684-19-ld3,b2b-26177,ft-2b8fa,ft-ld3-Gas,530530732003,-122.23706641279225,46.78408365659002,410510073001.0,ld3_G_Gasoline,b2b--c33-52022
26207,7367023-2-ld1,b2b-26207,ft-ed650,ft-ld1-Gas,530330288021,-122.2959656365366,47.42471849259647,530330288021.0,ld1_G_Gasoline,b2b--c33-52103
26208,7369579-28-ld1,b2b-26208,ft-4a123,ft-ld1-Dsl,530530718071,-122.49197255683097,47.17282095273845,530530718071.0,ld1_D_Diesel,b2b--c33-52116
26216,8395386-8-ld1,b2b-26216,ft-1d43f,ft-ld1-Gas,530539400101,-122.32082602454804,47.21474910148543,530539400101.0,ld1_G_Gasoline,b2b--c33-52140
26217,8395386-8-ld1,b2b-26217,ft-1fcee,ft-ld1-Gas,530539400101,-122.32082602454804,47.21474910148543,530539400101.0,ld1_G_Gasoline,b2b--c33-52138
26227,7369577-3-ld1,b2b-26227,ft-621a9,ft-ld1-Dsl,530530718071,-122.4983769444914,47.16673321328802,530530718071.0,ld1_D_Diesel,b2b--c33-52175
26232,7369581-38-ld1,b2b-26232,ft-f61b2,ft-ld1-Gas,530530718071,-122.49233469468531,47.17252881714979,530530718071.0,ld1_G_Gasoline,b2b--c33-52198
26245,7365022-8-ld1,b2b-26245,ft-f0553,ft-ld1-Gas,530330109001,-122.31486323772381,47.53426362053083,530330109001.0,ld1_G_Gasoline,b2b--c33-52222
26260,7360252-4-ld3,b2b-26260,ft-354b5,ft-ld3-Dsl,530330305011,-122.23814188906644,47.30749356440818,530330305011.0,ld3_D_Diesel,b2b--c33-52267
26266,7365022-4-ld3,b2b-26266,ft-7ad29,ft-ld3-Gas,530330109001,-122.31486323772381,47.53426362053083,530330109001.0,ld3_G_Gasoline,b2b--c33-52268
26282,7368993-23-ld1,b2b-26282,ft-986ac,ft-ld1-Dsl,530530626001,-122.48142674423129,47.22315676250872,530530626001.0,ld1_D_Diesel,b2b--c33-52308
26292,8394433-14-ld3,b2b-26292,ft-bba46,ft-ld3-Gas,530330292061,-122.22638267720225,47.42765202506155,530330292061.0,ld3_G_Gasoline,b2b--c33-52345
26296,8394433-14-ld3,b2b-26296,ft-a2425,ft-ld3-Gas,530330292061,-122.22638267720225,47.42765202506155,530330292061.0,ld3_G_Gasoline,b2b--c33-52349
26298,8394433-14-ld3,b2b-26298,ft-0bf4d,ft-ld3-Gas,530330292061,-122.22638267720225,47.42765202506155,530330292061.0,ld3_G_Gasoline,b2b--c33-52361
26327,7369175-4-ld3,b2b-26327,ft-758e9,ft-ld3-Dsl,530539400022,-122.38277270721338,47.24313470998042,530539400022.0,ld3_D_Diesel,b2b--c33-52442
26331,7360299-28-ld1,b2b-26331,ft-3812c,ft-ld1-Gas,530330308013,-122.22881583323118,47.27823949337624,530330308013.0,ld1_G_Gasoline,b2b--c33-52460
26345,7369222-19-ld3,b2b-26345,ft-a8543,ft-ld3-Dsl,530539400101,-122.30417659281488,47.20442295434449,530539400101.0,ld3_D_Diesel,b2b--c33-52508
26351,7361951-24-ld3,b2b-26351,ft-d4c14,ft-ld3-Gas,530330292061,-122.22446575655314,47.419646524413956,530330292061.0,ld3_G_Gasoline,b2b--c33-52520
26358,7361892-19-ld3,b2b-26358,ft-2b6d1,ft-ld3-Gas,530330305011,-122.2297347561288,47.344822000685745,530330305011.0,ld3_G_Gasoline,b2b--c33-52545
26376,7368806-18-ld1,b2b-26376,ft-51bd4,ft-ld1-Gas,530530626002,-122.47533025407945,47.22237754416001,530530626002.0,ld1_G_Gasoline,b2b--c33-52596
26378,7368806-18-ld1,b2b-26378,ft-53949,ft-ld1-Gas,530530626002,-122.47533025407945,47.22237754416001,530530626002.0,ld1_G_Gasoline,b2b--c33-52594
26385,7368553-4-ld3,b2b-26385,ft-22df6,ft-ld3-Gas,530530733013,-122.24510500281356,47.2374884800514,530530733013.0,ld3_G_Gasoline,b2b--c33-52611
26394,7362014-13-ld1,b2b-26394,ft-95a54,ft-ld1-Gas,530330292061,-122.228106461071,47.41699927061486,530330292061.0,ld1_G_Gasoline,b2b--c33-52646
26401,8394327-10-ld1,b2b-26401,ft-81f2b,ft-ld1-Gas,530330292061,-122.24406567327773,47.40621658580291,530330292061.0,ld1_G_Gasoline,b2b--c33-52672
26409,7369225-18-ld1,b2b-26409,ft-17a0d,ft-ld1-Gas,530539400101,-122.32054845415173,47.212734084504994,530539400101.0,ld1_G_Gasoline,b2b--c33-52700
26411,7369225-18-ld1,b2b-26411,ft-951ba,ft-ld1-Gas,530539400101,-122.32054845415173,47.212734084504994,530539400101.0,ld1_G_Gasoline,b2b--c33-52699
26418,7360252-14-ld3,b2b-26418,ft-1fb06,ft-ld3-Gas,530330305011,-122.23814188906644,47.30749356440818,530330305011.0,ld3_G_Gasoline,b2b--c33-52714
26420,7360252-14-ld3,b2b-26420,ft-05d02,ft-ld3-Gas,530330305011,-122.23814188906644,47.30749356440818,530330305011.0,ld3_G_Gasoline,b2b--c33-52716
26428,7365531-18-ld1,b2b-26428,ft-6a085,ft-ld1-Gas,530330263002,-122.29034760404986,47.50675431311565,530330263002.0,ld1_G_Gasoline,b2b--c33-52737
26459,7362110-5-ld1,b2b-26459,ft-88ad9,ft-ld1-Dsl,530330292061,-122.22102860852105,47.40629326703451,530330292061.0,ld1_D_Diesel,b2b--c33-52837
26461,8394084-14-ld3,b2b-26461,ft-cddbd,ft-ld3-Gas,530330305011,-122.22967345668138,47.33385574360352,530330305011.0,ld3_G_Gasoline,b2b--c33-52863
26481,7369225-19-ld3,b2b-26481,ft-79fec,ft-ld3-Gas,530539400101,-122.32054845415173,47.212734084504994,530539400101.0,ld3_G_Gasoline,b2b--c33-52927
26491,7369221-14-ld3,b2b-26491,ft-8f72c,ft-ld3-Gas,530539400101,-122.31035393745093,47.20502765367965,530539400101.0,ld3_G_Gasoline,b2b--c33-52952
26493,7366620-8-ld1,b2b-26493,ft-510b1,ft-ld1-Gas,530330284024,-122.29217467971979,47.45881065074249,530330284024.0,ld1_G_Gasoline,b2b--c33-52954
26531,7368549-8-ld1,b2b-26531,ft-da8a2,ft-ld1-Gas,530539400101,-122.33647069297749,47.22263015711102,530539400101.0,ld1_G_Gasoline,b2b--c33-53059
26539,7368550-9-ld3,b2b-26539,ft-a5d11,ft-ld3-Dsl,530539400101,-122.32063107153414,47.21194006495005,530539400101.0,ld3_D_Diesel,b2b--c33-53075
26570,7367065-9-ld3,b2b-26570,ft-492e5,ft-ld3-Dsl,530330288013,-122.29978682083382,47.41404252517009,530330288013.0,ld3_D_Diesel,b2b--c33-53156
26572,7367065-9-ld3,b2b-26572,ft-699bc,ft-ld3-Dsl,530330288013,-122.29978682083382,47.41404252517009,530330288013.0,ld3_D_Diesel,b2b--c33-53166
26573,7367065-9-ld3,b2b-26573,ft-8e199,ft-ld3-Dsl,530330288013,-122.29978682083382,47.41404252517009,530330288013.0,ld3_D_Diesel,b2b--c33-53167
26578,7361893-4-ld3,b2b-26578,ft-2876a,ft-ld3-Dsl,530330292061,-122.2361032719516,47.43386858781752,530330292061.0,ld3_D_Diesel,b2b--c33-53180
26586,7362668-8-ld1,b2b-26586,ft-7c99c,ft-ld1-Gas,530330284024,-122.29828123802866,47.44416305383533,530330284024.0,ld1_G_Gasoline,b2b--c33-53205
26603,7369529-3-ld1,b2b-26603,ft-fabad,ft-ld1-Gas,530530720002,-122.53020686900938,47.12115984586613,530530720002.0,ld1_G_Gasoline,b2b--c33-53256
26605,7367065-29-ld3,b2b-26605,ft-97370,ft-ld3-Gas,530330288013,-122.29978682083382,47.41404252517009,530330288013.0,ld3_G_Gasoline,b2b--c33-53271
26623,8394083-20-ld3,b2b-26623,ft-aefb9,ft-ld3-Dsl,530330305011,-122.22995073612395,47.34476729172456,530330305011.0,ld3_D_Diesel,b2b--c33-53327
26634,7361891-4-ld3,b2b-26634,ft-913a7,ft-ld3-Gas,530330292061,-122.24476005979747,47.397552375178016,530330292061.0,ld3_G_Gasoline,b2b--c33-53386
26651,7366620-54-ld3,b2b-26651,ft-c45dd,ft-ld3-Gas,530330284024,-122.29217467971979,47.45881065074249,530330284024.0,ld3_G_Gasoline,b2b--c33-53413
26656,7363267-11-hdt,b2b-26656,ft-c7783,ft-hdv-Dsl,530330262001,-122.25267350475208,47.44866998816283,530330262001.0,hdv_D_Diesel,b2b--c33-53430
26666,6316749-2-hdt,b2b-26666,ft-dd1b6,ft-hdt-Dsl,530330305011,-122.23790960881372,47.30776983523697,530330305011.0,hdt_D_Diesel,b2b--c33-53445
26672,7362511-35-mdv,b2b-26672,ft-b91f9,ft-mdv-Dsl,530330320111,-122.0228827412936,47.36910189719495,530330320111.0,mdv_D_Diesel,b2b--c33-53460
26680,8370792-11-ld3,b2b-26680,ft-5a96b,ft-ld3-Dsl,530530732003,-122.23706641279225,46.78408365659002,410430306003.0,ld3_D_Diesel,b2b--c33-53471
26692,8370792-11-ld3,b2b-26692,ft-f4303,ft-ld3-Dsl,530530732003,-122.23706641279225,46.78408365659002,410430306003.0,ld3_D_Diesel,b2b--c33-53505
26701,7367470-3-ld1,b2b-26701,ft-7256e,ft-ld1-Gas,530350902022,-122.65106484770303,47.78524922456723,530350902022.0,ld1_G_Gasoline,b2b--c33-53528
26705,7363266-18-ld1,b2b-26705,ft-317ed,ft-ld1-Gas,530330262001,-122.24951352808789,47.45251126303244,530330262001.0,ld1_G_Gasoline,b2b--c33-53542
26730,8394327-14-ld1,b2b-26730,ft-c6bad,ft-ld1-Gas,530330292061,-122.24406567327773,47.40621658580291,530330292061.0,ld1_G_Gasoline,b2b--c33-53629
26743,8394327-15-ld3,b2b-26743,ft-ce042,ft-ld3-Gas,530330292061,-122.24406567327773,47.40621658580291,530330292061.0,ld3_G_Gasoline,b2b--c33-53688
26752,8394433-12-hdv,b2b-26752,ft-b3e1f,ft-hdv-Dsl,530330292061,-122.22638267720225,47.42765202506155,530330292061.0,hdv_D_Diesel,b2b--c33-53727
26756,7366738-3-ld1,b2b-26756,ft-67b53,ft-ld1-Gas,530330263002,-122.28576089980155,47.50750731073683,530330263002.0,ld1_G_Gasoline,b2b--c33-53739
26770,7188213-4-mdv,b2b-26770,ft-645e6,ft-mdv-Dsl,530530701001,-121.5437370927352,47.12072649438632,20095.0,mdv_D_Diesel,b2b--c33-53796
26774,8416996-13-ld1,b2b-26774,ft-09bde,ft-ld1-Gas,530530701001,-121.5437370927352,47.12072649438632,20118.0,ld1_G_Gasoline,b2b--c33-53802
26775,6062362-1-hdt,b2b-26775,ft-11d5e,ft-hdt-Dsl,530530701001,-121.5437370927352,47.12072649438632,20118.0,hdt_D_Diesel,b2b--c33-53804
26782,8417436-9-ld1,b2b-26782,ft-7a8d3,ft-ld1-Gas,530610537001,-121.31300181346782,48.04698207479564,530630141002.0,ld1_G_Gasoline,b2b--c33-53811
26785,8417436-9-ld1,b2b-26785,ft-fb2b4,ft-ld1-Gas,530610537001,-121.31300181346782,48.04698207479564,530630141002.0,ld1_G_Gasoline,b2b--c33-53830
26788,8417436-9-ld1,b2b-26788,ft-89f05,ft-ld1-Gas,530610537001,-121.31300181346782,48.04698207479564,530630141002.0,ld1_G_Gasoline,b2b--c33-53836
26792,7196409-1-hdt,b2b-26792,ft-0ee8d,ft-hdt-Dsl,530530732003,-122.23706641279225,46.78408365659002,410670320051.0,hdt_D_Diesel,b2b--c33-53840
26799,7196059-4-ld3,b2b-26799,ft-1375b,ft-ld3-Gas,530530732003,-122.23706641279225,46.78408365659002,410670320011.0,ld3_G_Gasoline,b2b--c33-53856
26805,649339-3-hdt,b2b-26805,ft-99d16,ft-hdt-Dsl,530530732004,-122.26381973027048,46.91888857212184,20012.0,hdt_D_Diesel,b2b--c33-53868
26810,8415294-15-ld3,b2b-26810,ft-c9c2d,ft-ld3-Gas,530530732003,-122.23706641279225,46.78408365659002,410470025021.0,ld3_G_Gasoline,b2b--c33-53871
26817,7363441-13-ld1,b2b-26817,ft-48c8a,ft-ld1-Gas,530330323193,-122.15671601884792,47.75905143275152,530330323193.0,ld1_G_Gasoline,b2b--c33-53935
26818,7363441-13-ld1,b2b-26818,ft-80fca,ft-ld1-Gas,530330323193,-122.15671601884792,47.75905143275152,530330323193.0,ld1_G_Gasoline,b2b--c33-53936
26824,7365023-3-ld1,b2b-26824,ft-83c1a,ft-ld1-Gas,530330112001,-122.3191953607674,47.52086923115575,530330112001.0,ld1_G_Gasoline,b2b--c33-53963
26825,7365023-3-ld1,b2b-26825,ft-388de,ft-ld1-Gas,530330112001,-122.3191953607674,47.52086923115575,530330112001.0,ld1_G_Gasoline,b2b--c33-53951
26839,8395057-1-hdt,b2b-26839,ft-ab8f9,ft-hdt-Dsl,530330262001,-122.24852730189083,47.4477634184965,530330262001.0,hdt_D_Diesel,b2b--c33-54135
26842,8395057-1-hdt,b2b-26842,ft-91c7e,ft-hdt-Dsl,530330262001,-122.24852730189083,47.4477634184965,530330262001.0,hdt_D_Diesel,b2b--c33-54139
26848,8394083-7-ld1,b2b-26848,ft-55041,ft-ld1-Gas,530330305011,-122.22995073612395,47.34476729172456,530330305011.0,ld1_G_Gasoline,b2b--c33-54169
26849,8394083-7-ld1,b2b-26849,ft-ed336,ft-ld1-Gas,530330305011,-122.22995073612395,47.34476729172456,530330305011.0,ld1_G_Gasoline,b2b--c33-54144
26850,8394083-7-ld1,b2b-26850,ft-358c3,ft-ld1-Gas,530330305011,-122.22995073612395,47.34476729172456,530330305011.0,ld1_G_Gasoline,b2b--c33-54167
26892,6375163-4-hdt,b2b-26892,ft-a9b5b,ft-hdt-Dsl,530350908002,-122.54692294339222,47.67958433118653,530350908002.0,hdt_D_Diesel,b2b--c33-54271
26900,6336730-2-hdt,b2b-26900,ft-43c96,ft-hdv-Dsl,530330296013,-122.17171955144504,47.36025696396596,530330296013.0,hdv_D_Diesel,b2b--c33-54293
26919,7368259-13-ld1,b2b-26919,ft-a165a,ft-ld1-Dsl,530539400101,-122.33667057948605,47.21894594792787,530539400101.0,ld1_D_Diesel,b2b--c33-54357
26924,8394354-19-ld3,b2b-26924,ft-c63f4,ft-ld3-Gas,530330292061,-122.24394563101907,47.41876745684446,530330292061.0,ld3_G_Gasoline,b2b--c33-54369
26928,8394354-19-ld3,b2b-26928,ft-97e98,ft-ld3-Gas,530330292061,-122.24394563101907,47.41876745684446,530330292061.0,ld3_G_Gasoline,b2b--c33-54378
26929,8394354-19-ld3,b2b-26929,ft-9a975,ft-ld3-Gas,530330292061,-122.24394563101907,47.41876745684446,530330292061.0,ld3_G_Gasoline,b2b--c33-54377
26935,3694570-2-hdt,b2b-26935,ft-52e71,ft-hdt-Dsl,530530701001,-121.5437370927352,47.12072649438632,20071.0,hdt_D_Diesel,b2b--c33-54400
26956,6726794-13-ld1,b2b-26956,ft-6357d,ft-ld1-Gas,530530732004,-122.26381973027048,46.91888857212184,20012.0,ld1_G_Gasoline,b2b--c33-54431
26959,6737912-8-ld1,b2b-26959,ft-0c581,ft-ld1-Gas,530530732004,-122.26381973027048,46.91888857212184,20012.0,ld1_G_Gasoline,b2b--c33-54434
26962,6733323-3-ld1,b2b-26962,ft-78a0a,ft-ld1-Dsl,530530732004,-122.26381973027048,46.91888857212184,20012.0,ld1_D_Diesel,b2b--c33-54437
26971,8396033-1-hdt,b2b-26971,ft-fc7dd,ft-hdv-Dsl,530330315021,-121.36938446587672,47.147855247348815,530770018002.0,hdv_D_Diesel,b2b--c33-54457
27016,758951-1-hdt,b2b-27016,ft-b5fa3,ft-hdt-Dsl,530530701001,-121.5437370927352,47.12072649438632,20009.0,hdt_D_Diesel,b2b--c33-54646
27020,6673117-8-ld1,b2b-27020,ft-b5ec3,ft-ld1-Gas,530530701001,-121.5437370927352,47.12072649438632,20009.0,ld1_G_Gasoline,b2b--c33-54654
27022,8303338-14-ld3,b2b-27022,ft-cdee4,ft-ld3-Dsl,530530701001,-121.5437370927352,47.12072649438632,20009.0,ld3_D_Diesel,b2b--c33-54657
27024,775393-2-hdt,b2b-27024,ft-808ad,ft-hdv-Dsl,530530701001,-121.5437370927352,47.12072649438632,20009.0,hdv_D_Diesel,b2b--c33-54664
27031,7361806-15-mdv,b2b-27031,ft-f5619,ft-mdv-Gas,530330292061,-122.24465895656691,47.42648528440445,530330292061.0,mdv_G_Gasoline,b2b--c33-54677
27053,8395285-9-ld3,b2b-27053,ft-09ff3,ft-ld3-Dsl,530539400101,-122.30568983007865,47.212144412126825,530539400101.0,ld3_D_Diesel,b2b--c33-54727
27056,8395285-9-ld3,b2b-27056,ft-b67f2,ft-ld3-Dsl,530539400101,-122.30568983007865,47.212144412126825,530539400101.0,ld3_D_Diesel,b2b--c33-54740
27068,7361482-34-ld3,b2b-27068,ft-80f27,ft-ld3-Gas,530330314004,-121.99798235696454,47.20664299016041,530330314004.0,ld3_G_Gasoline,b2b--c33-54766
27071,7361482-34-ld3,b2b-27071,ft-1b161,ft-ld3-Gas,530330314004,-121.99798235696454,47.20664299016041,530330314004.0,ld3_G_Gasoline,b2b--c33-54778
27074,7369225-8-ld1,b2b-27074,ft-71d70,ft-ld1-Dsl,530539400101,-122.32054845415173,47.212734084504994,530539400101.0,ld1_D_Diesel,b2b--c33-54779
27084,7369171-19-ld3,b2b-27084,ft-dc19d,ft-ld3-Dsl,530539400022,-122.40021822743282,47.25332028353289,530539400022.0,ld3_D_Diesel,b2b--c33-54803
27102,7369067-18-ld1,b2b-27102,ft-e16a0,ft-ld1-Gas,530530626001,-122.48308000394596,47.21890901912728,530530626001.0,ld1_G_Gasoline,b2b--c33-54855
27108,7368652-9-ld3,b2b-27108,ft-e5a72,ft-ld3-Gas,530530616011,-122.43776300444318,47.255231485980175,530530616011.0,ld3_G_Gasoline,b2b--c33-54877
27109,7368550-13-ld1,b2b-27109,ft-1b0c3,ft-ld1-Gas,530539400101,-122.32063107153414,47.21194006495005,530539400101.0,ld1_G_Gasoline,b2b--c33-54891
27118,7366620-29-ld3,b2b-27118,ft-81657,ft-ld3-Gas,530330284024,-122.29217467971979,47.45881065074249,530330284024.0,ld3_G_Gasoline,b2b--c33-54913
27126,7369145-29-ld3,b2b-27126,ft-e5d49,ft-ld3-Gas,530539400022,-122.3969715048256,47.243236011784234,530539400022.0,ld3_G_Gasoline,b2b--c33-54926
27147,7369222-8-ld1,b2b-27147,ft-19f34,ft-ld1-Gas,530539400101,-122.30417659281488,47.20442295434449,530539400101.0,ld1_G_Gasoline,b2b--c33-54980
27151,7367024-17-ld1,b2b-27151,ft-8c2a1,ft-ld1-Gas,530330288012,-122.31897482130626,47.42654530468536,530330288012.0,ld1_G_Gasoline,b2b--c33-54994
27155,7360252-3-ld1,b2b-27155,ft-40961,ft-ld1-Gas,530330305011,-122.23814188906644,47.30749356440818,530330305011.0,ld1_G_Gasoline,b2b--c33-55007
27162,7369578-33-ld1,b2b-27162,ft-4c50c,ft-ld1-Gas,530530718071,-122.49172169332216,47.17446773435666,530530718071.0,ld1_G_Gasoline,b2b--c33-55031
27178,7369428-9-ld3,b2b-27178,ft-21bfd,ft-ld3-Dsl,530530714062,-122.3791628841875,47.07877783959044,530530714062.0,ld3_D_Diesel,b2b--c33-55079
27185,7361730-9-ld3,b2b-27185,ft-0a2da,ft-ld3-Gas,530330292061,-122.24732272604084,47.38816117704638,530330292061.0,ld3_G_Gasoline,b2b--c33-55093
27204,7366364-8-ld1,b2b-27204,ft-b1488,ft-ld1-Gas,530330093003,-122.33231170637092,47.56852810250407,530330093003.0,ld1_G_Gasoline,b2b--c33-55154
27225,7360299-29-ld3,b2b-27225,ft-55d1a,ft-ld3-Dsl,530330308013,-122.22881583323118,47.27823949337624,530330308013.0,ld3_D_Diesel,b2b--c33-55209
27226,7360299-29-ld3,b2b-27226,ft-8ff77,ft-ld3-Dsl,530330308013,-122.22881583323118,47.27823949337624,530330308013.0,ld3_D_Diesel,b2b--c33-55197
27232,8394083-8-ld3,b2b-27232,ft-9818c,ft-ld3-Dsl,530330305011,-122.22995073612395,47.34476729172456,530330305011.0,ld3_D_Diesel,b2b--c33-55211
27244,7361730-4-ld3,b2b-27244,ft-9ca1a,ft-ld3-Dsl,530330292061,-122.24732272604084,47.38816117704638,530330292061.0,ld3_D_Diesel,b2b--c33-55259
27257,7361802-8-ld1,b2b-27257,ft-5a848,ft-ld1-Gas,530330292061,-122.25322050856488,47.41586647958096,530330292061.0,ld1_G_Gasoline,b2b--c33-55288
27280,8395057-3-hdt,b2b-27280,ft-390b2,ft-hdt-Dsl,530330262001,-122.24852730189083,47.4477634184965,530330262001.0,hdt_D_Diesel,b2b--c33-55428
27335,7360253-3-ld1,b2b-27335,ft-b64de,ft-ld1-Gas,530330309011,-122.24441173302871,47.29476765167329,530330309011.0,ld1_G_Gasoline,b2b--c33-55612
27339,7361888-3-ld1,b2b-27339,ft-c04a0,ft-ld1-Gas,530330305011,-122.22966721107335,47.34473362659061,530330305011.0,ld1_G_Gasoline,b2b--c33-55637
27343,7361888-3-ld1,b2b-27343,ft-eda51,ft-ld1-Gas,530330305011,-122.22966721107335,47.34473362659061,530330305011.0,ld1_G_Gasoline,b2b--c33-55636
27349,7368652-8-ld1,b2b-27349,ft-93c79,ft-ld1-Gas,530530616011,-122.43776300444318,47.255231485980175,530530616011.0,ld1_G_Gasoline,b2b--c33-55661
27363,7361889-18-ld1,b2b-27363,ft-92752,ft-ld1-Gas,530330292061,-122.26168663979756,47.400176905935744,530330292061.0,ld1_G_Gasoline,b2b--c33-55690
27373,7368806-13-ld1,b2b-27373,ft-4946f,ft-ld1-Gas,530530626002,-122.47533025407945,47.22237754416001,530530626002.0,ld1_G_Gasoline,b2b--c33-55715
27375,7368806-13-ld1,b2b-27375,ft-8c93b,ft-ld1-Gas,530530626002,-122.47533025407945,47.22237754416001,530530626002.0,ld1_G_Gasoline,b2b--c33-55724
27383,8394354-13-ld1,b2b-27383,ft-6045d,ft-ld1-Gas,530330292061,-122.24394563101907,47.41876745684446,530330292061.0,ld1_G_Gasoline,b2b--c33-55747
27414,7369580-14-ld3,b2b-27414,ft-8ff79,ft-ld3-Dsl,530530718071,-122.49198150530705,47.17308429967378,530530718071.0,ld3_D_Diesel,b2b--c33-55869
27424,7368993-29-ld3,b2b-27424,ft-4561c,ft-ld3-Dsl,530530626001,-122.48142674423129,47.22315676250872,530530626001.0,ld3_D_Diesel,b2b--c33-55890
27430,7363266-19-ld3,b2b-27430,ft-b77c9,ft-ld3-Dsl,530330262001,-122.24951352808789,47.45251126303244,530330262001.0,ld3_D_Diesel,b2b--c33-55911
27448,7360299-32-hdv,b2b-27448,ft-44439,ft-hdv-Dsl,530330308013,-122.22881583323118,47.27823949337624,530330308013.0,hdv_D_Diesel,b2b--c33-55949
27460,7368551-14-ld3,b2b-27460,ft-ec2d3,ft-ld3-Dsl,530539400101,-122.30631583034886,47.20450761365917,530539400101.0,ld3_D_Diesel,b2b--c33-55984
27461,7368551-14-ld3,b2b-27461,ft-7d05c,ft-ld3-Dsl,530539400101,-122.30631583034886,47.20450761365917,530539400101.0,ld3_D_Diesel,b2b--c33-55979
27477,7369255-5-mdv,b2b-27477,ft-662d9,ft-mdv-Dsl,530539400101,-122.30464004371362,47.20412651076695,530539400101.0,mdv_D_Diesel,b2b--c33-56019
27488,8394083-15-ld1,b2b-27488,ft-9c92d,ft-ld1-Gas,530330305011,-122.22995073612395,47.34476729172456,530330305011.0,ld1_G_Gasoline,b2b--c33-56062
27502,7369221-3-ld1,b2b-27502,ft-d72bf,ft-ld1-Gas,530539400101,-122.31035393745093,47.20502765367965,530539400101.0,ld1_G_Gasoline,b2b--c33-56083
27506,7369221-3-ld1,b2b-27506,ft-b35ff,ft-ld1-Gas,530539400101,-122.31035393745093,47.20502765367965,530539400101.0,ld1_G_Gasoline,b2b--c33-56087
27542,7360480-14-ld1,b2b-27542,ft-0d14b,ft-ld1-Dsl,530330303132,-122.31316040045309,47.29592604806239,530330303132.0,ld1_D_Diesel,b2b--c33-56210
27559,7366429-9-ld3,b2b-27559,ft-268c4,ft-ld3-Gas,530330093003,-122.34204282855166,47.569492954037656,530330093003.0,ld3_G_Gasoline,b2b--c33-56251
27560,7366429-9-ld3,b2b-27560,ft-bcbbd,ft-ld3-Gas,530330093003,-122.34204282855166,47.569492954037656,530330093003.0,ld3_G_Gasoline,b2b--c33-56252
27596,7360299-33-ld1,b2b-27596,ft-4f5f6,ft-ld1-Dsl,530330308013,-122.22881583323118,47.27823949337624,530330308013.0,ld1_D_Diesel,b2b--c33-56370
27601,8395286-7-ld3,b2b-27601,ft-d8985,ft-ld3-Gas,530539400101,-122.30103292350968,47.20925891016092,530539400101.0,ld3_G_Gasoline,b2b--c33-56374
27607,8395286-7-ld3,b2b-27607,ft-d08a1,ft-ld3-Gas,530539400101,-122.30103292350968,47.20925891016092,530539400101.0,ld3_G_Gasoline,b2b--c33-56381
27616,8415294-18-ld3,b2b-27616,ft-04d51,ft-ld3-Gas,530530732003,-122.23706641279225,46.78408365659002,410470025021.0,ld3_G_Gasoline,b2b--c33-56404
27622,8415294-18-ld3,b2b-27622,ft-6f32a,ft-ld3-Gas,530530732003,-122.23706641279225,46.78408365659002,410470025021.0,ld3_G_Gasoline,b2b--c33-56410
27623,8415294-18-ld3,b2b-27623,ft-1ee4e,ft-ld3-Gas,530530732003,-122.23706641279225,46.78408365659002,410470025021.0,ld3_G_Gasoline,b2b--c33-56411
27625,8415294-18-ld3,b2b-27625,ft-d9ce7,ft-ld3-Gas,530530732003,-122.23706641279225,46.78408365659002,410470025021.0,ld3_G_Gasoline,b2b--c33-56413
27644,7366501-13-ld1,b2b-27644,ft-691fe,ft-ld1-Gas,530330265002,-122.3430757196565,47.51192083812315,530330265002.0,ld1_G_Gasoline,b2b--c33-56497
27666,7366620-49-ld3,b2b-27666,ft-a33aa,ft-ld3-Dsl,530330284024,-122.29217467971979,47.45881065074249,530330284024.0,ld3_D_Diesel,b2b--c33-56577
27667,7366620-49-ld3,b2b-27667,ft-b6498,ft-ld3-Dsl,530330284024,-122.29217467971979,47.45881065074249,530330284024.0,ld3_D_Diesel,b2b--c33-56578
27669,7370550-15-mdv,b2b-27669,ft-7c885,ft-mdv-Gas,530610512001,-122.30179293000789,47.80277435011375,530610512001.0,mdv_G_Gasoline,b2b--c33-56579
27697,7366738-9-ld3,b2b-27697,ft-dee09,ft-ld3-Gas,530330263002,-122.28576089980155,47.50750731073683,530330263002.0,ld3_G_Gasoline,b2b--c33-56660
27698,7361458-4-ld3,b2b-27698,ft-0fcea,ft-ld3-Dsl,530330324011,-121.98736709427631,47.73413108992005,530330324011.0,ld3_D_Diesel,b2b--c33-56675
27699,7361458-4-ld3,b2b-27699,ft-702b7,ft-ld3-Dsl,530330324011,-121.98736709427631,47.73413108992005,530330324011.0,ld3_D_Diesel,b2b--c33-56676
27709,7361790-29-ld3,b2b-27709,ft-3ebf9,ft-ld3-Dsl,530330292061,-122.24399044478618,47.433219893641684,530330292061.0,ld3_D_Diesel,b2b--c33-56709
27734,7361344-8-ld1,b2b-27734,ft-2c7ca,ft-ld1-Gas,530330219054,-122.17529352830351,47.734591039495925,530330219054.0,ld1_G_Gasoline,b2b--c33-56812
27736,7361344-8-ld1,b2b-27736,ft-e9acb,ft-ld1-Gas,530330219054,-122.17529352830351,47.734591039495925,530330219054.0,ld1_G_Gasoline,b2b--c33-56811
27745,7365531-9-ld3,b2b-27745,ft-95001,ft-ld3-Gas,530330263002,-122.29034760404986,47.50675431311565,530330263002.0,ld3_G_Gasoline,b2b--c33-56838
27748,7365531-9-ld3,b2b-27748,ft-fc9bb,ft-ld3-Gas,530330263002,-122.29034760404986,47.50675431311565,530330263002.0,ld3_G_Gasoline,b2b--c33-56850
27783,7371483-4-ld3,b2b-27783,ft-0b861,ft-ld3-Dsl,530610413042,-122.24409010231953,47.92728331356473,530610413042.0,ld3_D_Diesel,b2b--c33-56964
27785,7371483-4-ld3,b2b-27785,ft-087da,ft-ld3-Dsl,530610413042,-122.24409010231953,47.92728331356473,530610413042.0,ld3_D_Diesel,b2b--c33-56966
27800,7360003-18-ld1,b2b-27800,ft-7e7b1,ft-ld1-Gas,530530726032,-122.77382693312865,47.188210163000925,530270007003.0,ld1_G_Gasoline,b2b--c33-57005
27801,7360003-18-ld1,b2b-27801,ft-6b09d,ft-ld1-Gas,530530726032,-122.77382693312865,47.188210163000925,530270007003.0,ld1_G_Gasoline,b2b--c33-57004
27804,7369529-8-ld1,b2b-27804,ft-bf18e,ft-ld1-Gas,530530720002,-122.53020686900938,47.12115984586613,530530720002.0,ld1_G_Gasoline,b2b--c33-57018
27813,7369578-23-ld1,b2b-27813,ft-6a344,ft-ld1-Gas,530530718071,-122.49172169332216,47.17446773435666,530530718071.0,ld1_G_Gasoline,b2b--c33-57044
27836,7373440-8-ld1,b2b-27836,ft-da4fd,ft-ld1-Gas,530530726032,-122.77382693312865,47.188210163000925,530670101001.0,ld1_G_Gasoline,b2b--c33-57101
27850,7373504-8-ld1,b2b-27850,ft-db571,ft-ld1-Dsl,530530729061,-122.5544249277511,47.049137874735855,530670126101.0,ld1_D_Diesel,b2b--c33-57142
27858,8395898-9-ld1,b2b-27858,ft-792d0,ft-ld1-Gas,530530728001,-122.64899673245617,47.0992006395685,530670122222.0,ld1_G_Gasoline,b2b--c33-57171
27883,7360003-3-ld1,b2b-27883,ft-66d51,ft-ld1-Gas,530530726032,-122.77382693312865,47.188210163000925,530270007003.0,ld1_G_Gasoline,b2b--c33-57232
27912,7361953-14-ld3,b2b-27912,ft-a7eb3,ft-ld3-Dsl,530330292061,-122.22834520138616,47.42187038261192,530330292061.0,ld3_D_Diesel,b2b--c33-57331
27913,7361953-14-ld3,b2b-27913,ft-16fc3,ft-ld3-Dsl,530330292061,-122.22834520138616,47.42187038261192,530330292061.0,ld3_D_Diesel,b2b--c33-57332
27918,8395378-13-ld1,b2b-27918,ft-1c6aa,ft-ld1-Gas,530539400022,-122.3579130992221,47.246033532588356,530539400022.0,ld1_G_Gasoline,b2b--c33-57338
27925,8395378-13-ld1,b2b-27925,ft-979fa,ft-ld1-Gas,530539400022,-122.3579130992221,47.246033532588356,530539400022.0,ld1_G_Gasoline,b2b--c33-57353
27954,7368993-18-ld1,b2b-27954,ft-98926,ft-ld1-Gas,530530626001,-122.48142674423129,47.22315676250872,530530626001.0,ld1_G_Gasoline,b2b--c33-57443
27967,7369145-14-ld3,b2b-27967,ft-49294,ft-ld3-Gas,530539400022,-122.3969715048256,47.243236011784234,530539400022.0,ld3_G_Gasoline,b2b--c33-57482
27968,7369145-14-ld3,b2b-27968,ft-76a2c,ft-ld3-Gas,530539400022,-122.3969715048256,47.243236011784234,530539400022.0,ld3_G_Gasoline,b2b--c33-57480
27985,7369145-19-ld3,b2b-27985,ft-07c11,ft-ld3-Gas,530539400022,-122.3969715048256,47.243236011784234,530539400022.0,ld3_G_Gasoline,b2b--c33-57533
27987,7361482-33-ld1,b2b-27987,ft-ba1df,ft-ld1-Gas,530330314004,-121.99798235696454,47.20664299016041,530330314004.0,ld1_G_Gasoline,b2b--c33-57546
27990,7364691-4-ld3,b2b-27990,ft-84d28,ft-ld3-Gas,530330112001,-122.33016952325477,47.52660254101656,530330112001.0,ld3_G_Gasoline,b2b--c33-57559
28007,7361803-8-ld1,b2b-28007,ft-7316f,ft-ld1-Gas,530330292061,-122.22600671466729,47.40844696648436,530330292061.0,ld1_G_Gasoline,b2b--c33-57592
28009,7369579-9-ld3,b2b-28009,ft-404d2,ft-ld3-Gas,530530718071,-122.49197255683097,47.17282095273845,530530718071.0,ld3_G_Gasoline,b2b--c33-57598
28010,7369579-9-ld3,b2b-28010,ft-147bf,ft-ld3-Gas,530530718071,-122.49197255683097,47.17282095273845,530530718071.0,ld3_G_Gasoline,b2b--c33-57603
28020,6317084-3-hdt,b2b-28020,ft-bb499,ft-hdt-Dsl,530330305011,-122.23231322682273,47.34293807156112,530330305011.0,hdt_D_Diesel,b2b--c33-57633
28024,7369145-13-ld1,b2b-28024,ft-40528,ft-ld1-Dsl,530539400022,-122.3969715048256,47.243236011784234,530539400022.0,ld1_D_Diesel,b2b--c33-57645
28025,7369580-8-ld1,b2b-28025,ft-2d605,ft-ld1-Gas,530530718071,-122.49198150530705,47.17308429967378,530530718071.0,ld1_G_Gasoline,b2b--c33-57659
28045,7369582-14-ld3,b2b-28045,ft-cfdfa,ft-ld3-Dsl,530530718071,-122.50058277918203,47.16670357885891,530530718071.0,ld3_D_Diesel,b2b--c33-57693
28057,7367415-19-ld3,b2b-28057,ft-aec8b,ft-ld3-Dsl,530350921002,-122.7498808791254,47.503082656597904,530350921002.0,ld3_D_Diesel,b2b--c33-57744
28071,7369580-19-ld3,b2b-28071,ft-4850c,ft-ld3-Dsl,530530718071,-122.49198150530705,47.17308429967378,530530718071.0,ld3_D_Diesel,b2b--c33-57794
28079,7369145-9-ld3,b2b-28079,ft-7bef3,ft-ld3-Gas,530539400022,-122.3969715048256,47.243236011784234,530539400022.0,ld3_G_Gasoline,b2b--c33-57803
28100,7368993-19-ld3,b2b-28100,ft-e3b5d,ft-ld3-Gas,530530626001,-122.48142674423129,47.22315676250872,530530626001.0,ld3_G_Gasoline,b2b--c33-57860
28114,7368259-18-ld1,b2b-28114,ft-0cb16,ft-ld1-Gas,530539400101,-122.33667057948605,47.21894594792787,530539400101.0,ld1_G_Gasoline,b2b--c33-57914
28123,7369067-28-ld1,b2b-28123,ft-b7643,ft-ld1-Gas,530530626001,-122.48308000394596,47.21890901912728,530530626001.0,ld1_G_Gasoline,b2b--c33-57946
28139,7361889-14-ld3,b2b-28139,ft-53e9f,ft-ld3-Dsl,530330292061,-122.26168663979756,47.400176905935744,530330292061.0,ld3_D_Diesel,b2b--c33-57996
28143,7369145-8-ld1,b2b-28143,ft-b2b6c,ft-ld1-Gas,530539400022,-122.3969715048256,47.243236011784234,530539400022.0,ld1_G_Gasoline,b2b--c33-57998
28156,8395386-5-ld3,b2b-28156,ft-1a984,ft-ld3-Dsl,530539400101,-122.32082602454804,47.21474910148543,530539400101.0,ld3_D_Diesel,b2b--c33-58035
28161,7369579-14-ld3,b2b-28161,ft-3b060,ft-ld3-Dsl,530530718071,-122.49197255683097,47.17282095273845,530530718071.0,ld3_D_Diesel,b2b--c33-58046
28176,7369578-24-ld3,b2b-28176,ft-d2d33,ft-ld3-Dsl,530530718071,-122.49172169332216,47.17446773435666,530530718071.0,ld3_D_Diesel,b2b--c33-58064
28216,7368551-3-ld1,b2b-28216,ft-cd477,ft-ld1-Dsl,530539400101,-122.30631583034886,47.20450761365917,530539400101.0,ld1_D_Diesel,b2b--c33-58180
28224,8370792-15-ld3,b2b-28224,ft-0e31f,ft-ld3-Dsl,530530732003,-122.23706641279225,46.78408365659002,410430306003.0,ld3_D_Diesel,b2b--c33-58191
28227,8370792-15-ld3,b2b-28227,ft-fc658,ft-ld3-Dsl,530530732003,-122.23706641279225,46.78408365659002,410430306003.0,ld3_D_Diesel,b2b--c33-58218
28229,8370792-15-ld3,b2b-28229,ft-06dae,ft-ld3-Dsl,530530732003,-122.23706641279225,46.78408365659002,410430306003.0,ld3_D_Diesel,b2b--c33-58220
28231,8370792-15-ld3,b2b-28231,ft-9366e,ft-ld3-Dsl,530530732003,-122.23706641279225,46.78408365659002,410430306003.0,ld3_D_Diesel,b2b--c33-58222
28233,7368258-20-mdv,b2b-28233,ft-21e92,ft-mdv-Gas,530539400101,-122.30168395873133,47.210649765319154,530539400101.0,mdv_G_Gasoline,b2b--c33-58225
28240,6370900-1-hdt,b2b-28240,ft-893ee,ft-hdt-Dsl,530330286004,-122.33555093022511,47.424743735855365,530330286004.0,hdt_D_Diesel,b2b--c33-58238
28241,7368534-3-ld1,b2b-28241,ft-e2075,ft-ld1-Gas,530539400101,-122.33639770242657,47.214816352560376,530539400101.0,ld1_G_Gasoline,b2b--c33-58252
28268,7366429-11-hdt,b2b-28268,ft-f0290,ft-hdt-Dsl,530330093003,-122.34204282855166,47.569492954037656,530330093003.0,hdt_D_Diesel,b2b--c33-58333
28283,7370780-9-ld3,b2b-28283,ft-4765e,ft-ld3-Gas,530610413042,-122.25350021807033,47.92367939099297,530610413042.0,ld3_G_Gasoline,b2b--c33-58378
28295,7361888-14-ld3,b2b-28295,ft-86581,ft-ld3-Dsl,530330305011,-122.22966721107335,47.34473362659061,530330305011.0,ld3_D_Diesel,b2b--c33-58418
28322,7370497-9-ld3,b2b-28322,ft-fd1fd,ft-ld3-Gas,530610515002,-122.31614691646146,47.81998088841677,530610515002.0,ld3_G_Gasoline,b2b--c33-58505
28327,8395583-4-ld3,b2b-28327,ft-4bef1,ft-ld3-Dsl,530610419032,-122.2715522983293,47.917393596540805,530610419032.0,ld3_D_Diesel,b2b--c33-58511
28342,7366789-2-ld1,b2b-28342,ft-e348d,ft-ld1-Gas,530330208002,-122.35304688942156,47.7571056583529,530330208002.0,ld1_G_Gasoline,b2b--c33-58559
28420,6382782-1-hdt,b2b-28420,ft-54819,ft-hdt-Dsl,530530730061,-122.34183800719136,46.92931107282429,530419713003.0,hdt_D_Diesel,b2b--c33-58767
28429,7369175-8-ld1,b2b-28429,ft-fe1ef,ft-ld1-Gas,530539400022,-122.38277270721338,47.24313470998042,530539400022.0,ld1_G_Gasoline,b2b--c33-58789
28443,8395386-4-ld1,b2b-28443,ft-9ee63,ft-ld1-Gas,530539400101,-122.32082602454804,47.21474910148543,530539400101.0,ld1_G_Gasoline,b2b--c33-58860
28449,7360522-3-ld1,b2b-28449,ft-32731,ft-ld1-Gas,530330303132,-122.32259414391753,47.29636307129804,530330303132.0,ld1_G_Gasoline,b2b--c33-58895
28460,7363441-11-hdt,b2b-28460,ft-a8781,ft-hdt-Dsl,530330323193,-122.15671601884792,47.75905143275152,530330323193.0,hdt_D_Diesel,b2b--c33-58992
28486,7369144-28-ld1,b2b-28486,ft-a60c4,ft-ld1-Dsl,530530602001,-122.41528801040086,47.24832819827986,530530602001.0,ld1_D_Diesel,b2b--c33-59075
28487,7369144-28-ld1,b2b-28487,ft-13e70,ft-ld1-Dsl,530530602001,-122.41528801040086,47.24832819827986,530530602001.0,ld1_D_Diesel,b2b--c33-59076
28493,7370550-1-hdt,b2b-28493,ft-84d2c,ft-hdt-Dsl,530610512001,-122.30179293000789,47.80277435011375,530610512001.0,hdt_D_Diesel,b2b--c33-59123
28499,7367226-13-ld1,b2b-28499,ft-a0de2,ft-ld1-Gas,530350918001,-122.62536960840076,47.60681325280618,530350918001.0,ld1_G_Gasoline,b2b--c33-59140
28503,7367226-13-ld1,b2b-28503,ft-64c2b,ft-ld1-Gas,530350918001,-122.62536960840076,47.60681325280618,530350918001.0,ld1_G_Gasoline,b2b--c33-59148
28522,8370792-7-ld3,b2b-28522,ft-696c2,ft-ld3-Dsl,530530732003,-122.23706641279225,46.78408365659002,410430306003.0,ld3_D_Diesel,b2b--c33-59211
28534,8394801-7-hdv,b2b-28534,ft-92f0e,ft-hdv-Dsl,530330112001,-122.33227885206496,47.53199660801611,530330112001.0,hdv_D_Diesel,b2b--c33-59294
28535,8394801-7-hdv,b2b-28535,ft-7740c,ft-hdv-Dsl,530330112001,-122.33227885206496,47.53199660801611,530330112001.0,hdv_D_Diesel,b2b--c33-59280
28545,8395286-6-ld1,b2b-28545,ft-4432a,ft-ld1-Dsl,530539400101,-122.30103292350968,47.20925891016092,530539400101.0,ld1_D_Diesel,b2b--c33-59305
28557,8395620-19-ld3,b2b-28557,ft-49bfb,ft-ld3-Gas,530610535091,-122.15089997478691,48.15649523919702,530610535091.0,ld3_G_Gasoline,b2b--c33-59332
28565,7362512-35-mdv,b2b-28565,ft-75885,ft-mdv-Gas,530330320111,-122.02258281211779,47.3687562148935,530330320111.0,mdv_G_Gasoline,b2b--c33-59360
28567,7362512-35-mdv,b2b-28567,ft-50bd4,ft-mdv-Gas,530330320111,-122.02258281211779,47.3687562148935,530330320111.0,mdv_G_Gasoline,b2b--c33-59362
28572,7366753-6-hdt,b2b-28572,ft-dbe2b,ft-hdt-Dsl,530330264005,-122.32943382695088,47.51835358889425,530330264005.0,hdt_D_Diesel,b2b--c33-59393
28579,8395620-16-mdv,b2b-28579,ft-327e8,ft-mdv-Dsl,530610535091,-122.15089997478691,48.15649523919702,530610535091.0,mdv_D_Diesel,b2b--c33-59398
28585,8395620-16-mdv,b2b-28585,ft-850c3,ft-mdv-Dsl,530610535091,-122.15089997478691,48.15649523919702,530610535091.0,mdv_D_Diesel,b2b--c33-59405
28591,7369829-4-ld3,b2b-28591,ft-6b5c3,ft-ld3-Dsl,530610533023,-122.32486196328234,48.28871117633043,530579516003.0,ld3_D_Diesel,b2b--c33-59434
28592,7369829-4-ld3,b2b-28592,ft-0779b,ft-ld3-Dsl,530610533023,-122.32486196328234,48.28871117633043,530579516003.0,ld3_D_Diesel,b2b--c33-59439
28606,7373894-48-ld1,b2b-28606,ft-63ed9,ft-ld1-Gas,530610533014,-122.37093627404924,48.2483017317002,530730004003.0,ld1_G_Gasoline,b2b--c33-59468
28621,7369224-33-ld1,b2b-28621,ft-91812,ft-ld1-Gas,530539400022,-122.35897274041128,47.25278630859665,530539400022.0,ld1_G_Gasoline,b2b--c33-59549
28622,7369224-33-ld1,b2b-28622,ft-e7c55,ft-ld1-Gas,530539400022,-122.35897274041128,47.25278630859665,530539400022.0,ld1_G_Gasoline,b2b--c33-59550
28639,7196059-2-hdv,b2b-28639,ft-f3ed2,ft-hdv-Dsl,530530732003,-122.23706641279225,46.78408365659002,410670320011.0,hdv_D_Diesel,b2b--c33-59599
28646,7194071-35-mdv,b2b-28646,ft-5256d,ft-mdv-Gas,530530732003,-122.23706641279225,46.78408365659002,410510073001.0,mdv_G_Gasoline,b2b--c33-59611
28648,7358523-34-ld3,b2b-28648,ft-033aa,ft-ld3-Dsl,530530732003,-122.23706641279225,46.78408365659002,530110410052.0,ld3_D_Diesel,b2b--c33-59613
28660,8415294-11-ld1,b2b-28660,ft-881da,ft-ld1-Dsl,530530732003,-122.23706641279225,46.78408365659002,410470025021.0,ld1_D_Diesel,b2b--c33-59638
28661,8415294-11-ld1,b2b-28661,ft-78a4c,ft-ld1-Dsl,530530732003,-122.23706641279225,46.78408365659002,410470025021.0,ld1_D_Diesel,b2b--c33-59639
28664,7193028-21-hdt,b2b-28664,ft-090e4,ft-hdt-Dsl,530530732003,-122.23706641279225,46.78408365659002,410510072021.0,hdt_D_Diesel,b2b--c33-59650
28677,7194071-26-hdt,b2b-28677,ft-6f807,ft-hdt-Dsl,530530732003,-122.23706641279225,46.78408365659002,410510073001.0,hdt_D_Diesel,b2b--c33-59677
28681,8415294-17-ld1,b2b-28681,ft-3b8dd,ft-ld1-Dsl,530530732003,-122.23706641279225,46.78408365659002,410470025021.0,ld1_D_Diesel,b2b--c33-59681
28704,8349506-23-ld1,b2b-28704,ft-b758f,ft-ld1-Dsl,530610537001,-121.31300181346782,48.04698207479564,20067.0,ld1_D_Diesel,b2b--c33-59730
28708,7044539-5-hdt,b2b-28708,ft-99674,ft-hdt-Dsl,530530701001,-121.5437370927352,47.12072649438632,20071.0,hdt_D_Diesel,b2b--c33-59735
28719,7194105-18-mdv,b2b-28719,ft-5aaff,ft-mdv-Dsl,530530732003,-122.23706641279225,46.78408365659002,410510073001.0,mdv_D_Diesel,b2b--c33-59757
28733,6387008-4-hdt,b2b-28733,ft-0c17b,ft-hdt-Dsl,530530724083,-122.56413265175475,47.29065665444328,530530724083.0,hdt_D_Diesel,b2b--c33-59779
28736,7361458-22-hdv,b2b-28736,ft-30a1b,ft-hdv-Dsl,530330324011,-121.98736709427631,47.73413108992005,530330324011.0,hdv_D_Diesel,b2b--c33-59783
28751,7367308-14-ld3,b2b-28751,ft-8acea,ft-ld3-Gas,530350811002,-122.65365560350207,47.5622531720294,530350811002.0,ld3_G_Gasoline,b2b--c33-59818
28760,7361790-9-ld3,b2b-28760,ft-7b130,ft-ld3-Dsl,530330292061,-122.24399044478618,47.433219893641684,530330292061.0,ld3_D_Diesel,b2b--c33-59844
28761,7361790-9-ld3,b2b-28761,ft-95418,ft-ld3-Dsl,530330292061,-122.24399044478618,47.433219893641684,530330292061.0,ld3_D_Diesel,b2b--c33-59841
28770,7358568-6-hdt,b2b-28770,ft-8e45d,ft-hdt-Dsl,530530732003,-122.23706641279225,46.78408365659002,530110426003.0,hdt_D_Diesel,b2b--c33-59861
28771,7358568-6-hdt,b2b-28771,ft-fd2ac,ft-hdt-Dsl,530530732003,-122.23706641279225,46.78408365659002,530110426003.0,hdt_D_Diesel,b2b--c33-59862
28773,7358568-6-hdt,b2b-28773,ft-74353,ft-hdt-Dsl,530530732003,-122.23706641279225,46.78408365659002,530110426003.0,hdt_D_Diesel,b2b--c33-59864
28797,7358798-34-ld3,b2b-28797,ft-41da4,ft-ld3-Dsl,530530732003,-122.23706641279225,46.78408365659002,530110412031.0,ld3_D_Diesel,b2b--c33-59917
28803,8371058-10-mdv,b2b-28803,ft-951c5,ft-mdv-Dsl,530530732003,-122.23706641279225,46.78408365659002,410510072021.0,mdv_D_Diesel,b2b--c33-59927
28807,8371058-10-mdv,b2b-28807,ft-4d028,ft-mdv-Dsl,530530732003,-122.23706641279225,46.78408365659002,410510072021.0,mdv_D_Diesel,b2b--c33-59948
28825,7186408-19-ld3,b2b-28825,ft-a83d1,ft-ld3-Dsl,530530732003,-122.23706641279225,46.78408365659002,410050221082.0,ld3_D_Diesel,b2b--c33-59984
28832,7358519-23-ld1,b2b-28832,ft-b84d2,ft-ld1-Gas,530530732003,-122.23706641279225,46.78408365659002,530110403023.0,ld1_G_Gasoline,b2b--c33-59993
28834,7358704-18-ld1,b2b-28834,ft-80760,ft-ld1-Gas,530530732003,-122.23706641279225,46.78408365659002,530110426003.0,ld1_G_Gasoline,b2b--c33-59996
28845,7193684-18-ld1,b2b-28845,ft-71046,ft-ld1-Gas,530530732003,-122.23706641279225,46.78408365659002,410510073001.0,ld1_G_Gasoline,b2b--c33-60016
28853,7193571-13-ld1,b2b-28853,ft-34c71,ft-ld1-Dsl,530530732003,-122.23706641279225,46.78408365659002,410510072021.0,ld1_D_Diesel,b2b--c33-60031
28870,7358428-8-ld1,b2b-28870,ft-e3383,ft-ld1-Gas,530530732003,-122.23706641279225,46.78408365659002,530110404073.0,ld1_G_Gasoline,b2b--c33-60067
28915,7186535-15-ld3,b2b-28915,ft-7a71c,ft-ld3-Dsl,530530732003,-122.23706641279225,46.78408365659002,410050215002.0,ld3_D_Diesel,b2b--c33-60137
28920,8371066-8-ld1,b2b-28920,ft-d5371,ft-ld1-Gas,530530732003,-122.23706641279225,46.78408365659002,410510073001.0,ld1_G_Gasoline,b2b--c33-60149
28924,7358519-28-ld1,b2b-28924,ft-aa541,ft-ld1-Dsl,530530732003,-122.23706641279225,46.78408365659002,530110403023.0,ld1_D_Diesel,b2b--c33-60153
28929,7358519-28-ld1,b2b-28929,ft-60072,ft-ld1-Dsl,530530732003,-122.23706641279225,46.78408365659002,530110403023.0,ld1_D_Diesel,b2b--c33-60164
28932,7187254-15-ld3,b2b-28932,ft-eb776,ft-ld3-Dsl,530530732003,-122.23706641279225,46.78408365659002,410050209002.0,ld3_D_Diesel,b2b--c33-60169
28945,7186408-8-ld1,b2b-28945,ft-4c50d,ft-ld1-Dsl,530530732003,-122.23706641279225,46.78408365659002,410050221082.0,ld1_D_Diesel,b2b--c33-60190
28948,7192153-14-ld3,b2b-28948,ft-c313a,ft-ld3-Gas,530530732003,-122.23706641279225,46.78408365659002,410510072021.0,ld3_G_Gasoline,b2b--c33-60196
28966,7186472-10-ld1,b2b-28966,ft-9720b,ft-ld1-Gas,530530732003,-122.23706641279225,46.78408365659002,410050221081.0,ld1_G_Gasoline,b2b--c33-60227
28980,7358585-18-ld1,b2b-28980,ft-811c3,ft-ld1-Gas,530530732003,-122.23706641279225,46.78408365659002,530110410052.0,ld1_G_Gasoline,b2b--c33-60258
28985,7358704-24-ld3,b2b-28985,ft-b7ca9,ft-ld3-Dsl,530530732003,-122.23706641279225,46.78408365659002,530110426003.0,ld3_D_Diesel,b2b--c33-60266
29003,7358656-9-ld3,b2b-29003,ft-4f6d7,ft-ld3-Dsl,530530732003,-122.23706641279225,46.78408365659002,530110411051.0,ld3_D_Diesel,b2b--c33-60295
29006,7193544-23-ld1,b2b-29006,ft-606ec,ft-ld1-Gas,530530732003,-122.23706641279225,46.78408365659002,410510072021.0,ld1_G_Gasoline,b2b--c33-60299
29015,7358519-33-ld1,b2b-29015,ft-9b2a4,ft-ld1-Dsl,530530732003,-122.23706641279225,46.78408365659002,530110403023.0,ld1_D_Diesel,b2b--c33-60317
29028,8371066-3-ld1,b2b-29028,ft-ead48,ft-ld1-Dsl,530530732003,-122.23706641279225,46.78408365659002,410510073001.0,ld1_D_Diesel,b2b--c33-60341
29032,8371205-14-ld3,b2b-29032,ft-142e7,ft-ld3-Dsl,530530732003,-122.23706641279225,46.78408365659002,410510102001.0,ld3_D_Diesel,b2b--c33-60346
29042,7358657-3-ld1,b2b-29042,ft-de0c6,ft-ld1-Gas,530530732003,-122.23706641279225,46.78408365659002,530110412031.0,ld1_G_Gasoline,b2b--c33-60364
29043,7358657-3-ld1,b2b-29043,ft-c6668,ft-ld1-Gas,530530732003,-122.23706641279225,46.78408365659002,530110412031.0,ld1_G_Gasoline,b2b--c33-60370
29076,7192152-29-ld3,b2b-29076,ft-492fd,ft-ld3-Gas,530530732003,-122.23706641279225,46.78408365659002,410510072021.0,ld3_G_Gasoline,b2b--c33-60425
29077,7193685-29-ld3,b2b-29077,ft-6c052,ft-ld3-Dsl,530530732003,-122.23706641279225,46.78408365659002,410510073001.0,ld3_D_Diesel,b2b--c33-60427
29088,7358962-9-ld3,b2b-29088,ft-7415b,ft-ld3-Dsl,530530732003,-122.23706641279225,46.78408365659002,530110410052.0,ld3_D_Diesel,b2b--c33-60444
29089,7358962-9-ld3,b2b-29089,ft-b95ce,ft-ld3-Dsl,530530732003,-122.23706641279225,46.78408365659002,530110410052.0,ld3_D_Diesel,b2b--c33-60446
29104,7193585-19-ld3,b2b-29104,ft-d525e,ft-ld3-Gas,530530732003,-122.23706641279225,46.78408365659002,410519800001.0,ld3_G_Gasoline,b2b--c33-60473
29110,7193875-8-ld1,b2b-29110,ft-74e2b,ft-ld1-Gas,530530732003,-122.23706641279225,46.78408365659002,410510073001.0,ld1_G_Gasoline,b2b--c33-60484
29111,7358656-3-ld1,b2b-29111,ft-6571d,ft-ld1-Gas,530530732003,-122.23706641279225,46.78408365659002,530110411051.0,ld1_G_Gasoline,b2b--c33-60485
29115,7358705-14-ld3,b2b-29115,ft-eeceb,ft-ld3-Gas,530530732003,-122.23706641279225,46.78408365659002,530110411051.0,ld3_G_Gasoline,b2b--c33-60490
29117,5039301-1-hdt,b2b-29117,ft-13959,ft-hdt-Dsl,530530732003,-122.23706641279225,46.78408365659002,410670312004.0,hdt_D_Diesel,b2b--c33-60494
29124,7365531-14-ld3,b2b-29124,ft-c62b4,ft-ld3-Gas,530330263002,-122.29034760404986,47.50675431311565,530330263002.0,ld3_G_Gasoline,b2b--c33-60521
29137,7373894-3-ld1,b2b-29137,ft-32c43,ft-ld1-Gas,530610533014,-122.37093627404924,48.2483017317002,530730004003.0,ld1_G_Gasoline,b2b--c33-60540
29146,7373560-3-ld1,b2b-29146,ft-2ff4c,ft-ld1-Gas,530530728001,-122.64899673245617,47.0992006395685,530670122213.0,ld1_G_Gasoline,b2b--c33-60553
29149,7369578-14-ld3,b2b-29149,ft-60673,ft-ld3-Dsl,530530718071,-122.49172169332216,47.17446773435666,530530718071.0,ld3_D_Diesel,b2b--c33-60560
29173,7365629-25-mdv,b2b-29173,ft-09e9f,ft-mdv-Gas,530330059001,-122.3673128160379,47.65327281857979,530330059001.0,mdv_G_Gasoline,b2b--c33-60646
29198,8371137-21-hdt,b2b-29198,ft-f5de9,ft-hdt-Dsl,530530732003,-122.23706641279225,46.78408365659002,410510072021.0,hdt_D_Diesel,b2b--c33-60715
29203,8371137-21-hdt,b2b-29203,ft-1ef16,ft-hdt-Dsl,530530732003,-122.23706641279225,46.78408365659002,410510072021.0,hdt_D_Diesel,b2b--c33-60720
29230,8371137-21-hdt,b2b-29230,ft-46d1c,ft-hdt-Dsl,530530732003,-122.23706641279225,46.78408365659002,410510072021.0,hdt_D_Diesel,b2b--c33-60789
29238,7186422-29-ld1,b2b-29238,ft-5be69,ft-ld1-Gas,530530732003,-122.23706641279225,46.78408365659002,410050215002.0,ld1_G_Gasoline,b2b--c33-60810
29242,7192984-23-ld1,b2b-29242,ft-8d6ff,ft-ld1-Gas,530530732003,-122.23706641279225,46.78408365659002,410510043001.0,ld1_G_Gasoline,b2b--c33-60818
29268,7358961-43-ld1,b2b-29268,ft-5b6a0,ft-ld1-Gas,530530732003,-122.23706641279225,46.78408365659002,530110411051.0,ld1_G_Gasoline,b2b--c33-60869
29276,7196059-28-ld1,b2b-29276,ft-7156f,ft-ld1-Gas,530530732003,-122.23706641279225,46.78408365659002,410670320011.0,ld1_G_Gasoline,b2b--c33-60884
29287,7193733-3-ld1,b2b-29287,ft-5a0d0,ft-ld1-Gas,530530732003,-122.23706641279225,46.78408365659002,410510073001.0,ld1_G_Gasoline,b2b--c33-60901
29297,7358657-13-ld1,b2b-29297,ft-9ae24,ft-ld1-Gas,530530732003,-122.23706641279225,46.78408365659002,530110412031.0,ld1_G_Gasoline,b2b--c33-60921
29302,7358657-13-ld1,b2b-29302,ft-2a470,ft-ld1-Gas,530530732003,-122.23706641279225,46.78408365659002,530110412031.0,ld1_G_Gasoline,b2b--c33-60932
29307,7358704-8-ld1,b2b-29307,ft-c4677,ft-ld1-Gas,530530732003,-122.23706641279225,46.78408365659002,530110426003.0,ld1_G_Gasoline,b2b--c33-60939
29312,7358569-3-ld1,b2b-29312,ft-a86fc,ft-ld1-Gas,530530732003,-122.23706641279225,46.78408365659002,530110410052.0,ld1_G_Gasoline,b2b--c33-60947
29320,7193685-28-ld1,b2b-29320,ft-5503d,ft-ld1-Gas,530530732003,-122.23706641279225,46.78408365659002,410510073001.0,ld1_G_Gasoline,b2b--c33-60959
29322,7192966-2-ld1,b2b-29322,ft-36f79,ft-ld1-Gas,530530732003,-122.23706641279225,46.78408365659002,410510043001.0,ld1_G_Gasoline,b2b--c33-60962
29351,8371066-1-hdt,b2b-29351,ft-a1e94,ft-hdt-Dsl,530530732003,-122.23706641279225,46.78408365659002,410510073001.0,hdt_D_Diesel,b2b--c33-61004
29362,8371066-1-hdt,b2b-29362,ft-4e146,ft-hdv-Dsl,530530732003,-122.23706641279225,46.78408365659002,410510073001.0,hdv_D_Diesel,b2b--c33-61016
29386,7358798-3-ld1,b2b-29386,ft-60947,ft-ld1-Gas,530530732003,-122.23706641279225,46.78408365659002,530110412031.0,ld1_G_Gasoline,b2b--c33-61094
29391,8370386-18-ld1,b2b-29391,ft-64ad5,ft-ld1-Gas,530530732003,-122.23706641279225,46.78408365659002,410050203021.0,ld1_G_Gasoline,b2b--c33-61102
29395,7191866-38-ld1,b2b-29395,ft-fe238,ft-ld1-Gas,530530732003,-122.23706641279225,46.78408365659002,410510099073.0,ld1_G_Gasoline,b2b--c33-61107
29426,7194076-3-ld3,b2b-29426,ft-f5d0f,ft-ld3-Dsl,530530732003,-122.23706641279225,46.78408365659002,410510073001.0,ld3_D_Diesel,b2b--c33-61157_2
29435,7358704-19-ld3,b2b-29435,ft-218ca,ft-ld3-Gas,530530732003,-122.23706641279225,46.78408365659002,530110426003.0,ld3_G_Gasoline,b2b--c33-61171
29436,7193733-24-ld3,b2b-29436,ft-7381b,ft-ld3-Dsl,530530732003,-122.23706641279225,46.78408365659002,410510073001.0,ld3_D_Diesel,b2b--c33-61172
29444,7186534-10-ld1,b2b-29444,ft-fb7c9,ft-ld1-Gas,530530732003,-122.23706641279225,46.78408365659002,410050215002.0,ld1_G_Gasoline,b2b--c33-61184
29447,7358797-13-ld1,b2b-29447,ft-d8305,ft-ld1-Gas,530530732003,-122.23706641279225,46.78408365659002,530110412031.0,ld1_G_Gasoline,b2b--c33-61188
29453,7193585-8-ld1,b2b-29453,ft-b961c,ft-ld1-Gas,530530732003,-122.23706641279225,46.78408365659002,410519800001.0,ld1_G_Gasoline,b2b--c33-61195
29465,7193685-24-ld3,b2b-29465,ft-67730,ft-ld3-Gas,530530732003,-122.23706641279225,46.78408365659002,410510073001.0,ld3_G_Gasoline,b2b--c33-61223
29470,7359006-24-ld3,b2b-29470,ft-56d6f,ft-ld3-Gas,530530732003,-122.23706641279225,46.78408365659002,530110405102.0,ld3_G_Gasoline,b2b--c33-61232
29482,7363266-15-mdv,b2b-29482,ft-5e73f,ft-mdv-Gas,530330262001,-122.24951352808789,47.45251126303244,530330262001.0,mdv_G_Gasoline,b2b--c33-61250
29483,8370386-6-hdt,b2b-29483,ft-489a9,ft-hdt-Dsl,530530732003,-122.23706641279225,46.78408365659002,410050203021.0,hdt_D_Diesel,b2b--c33-61256
29506,8371059-4-ld3,b2b-29506,ft-c6e57,ft-ld3-Dsl,530530732003,-122.23706641279225,46.78408365659002,410510073001.0,ld3_D_Diesel,b2b--c33-61309
29513,7358665-3-ld1,b2b-29513,ft-2ccd7,ft-ld1-Gas,530530732003,-122.23706641279225,46.78408365659002,530110412031.0,ld1_G_Gasoline,b2b--c33-61321
29515,8297979-13-ld1,b2b-29515,ft-98190,ft-ld1-Gas,530530732004,-122.26381973027048,46.91888857212184,20013.0,ld1_G_Gasoline,b2b--c33-61327
29524,6441321-3-hdt,b2b-29524,ft-2f195,ft-hdt-Dsl,530610533014,-122.37093627404924,48.2483017317002,530730002002.0,hdt_D_Diesel,b2b--c33-61341
29532,6300396-5-hdt,b2b-29532,ft-528cd,ft-hdv-Dsl,530530732003,-122.23706641279225,46.78408365659002,530110427002.0,hdv_D_Diesel,b2b--c33-61374
29538,7370497-6-hdt,b2b-29538,ft-ea79a,ft-hdt-Dsl,530610515002,-122.31614691646146,47.81998088841677,530610515002.0,hdt_D_Diesel,b2b--c33-61389
29543,7361108-24-mdv,b2b-29543,ft-ad0b3,ft-mdv-Gas,530330237001,-122.16721631684192,47.62586460308248,530330237001.0,mdv_G_Gasoline,b2b--c33-61397
29549,7369578-12-hdv,b2b-29549,ft-a6f23,ft-hdv-Dsl,530530718071,-122.49172169332216,47.17446773435666,530530718071.0,hdv_D_Diesel,b2b--c33-61408
29554,8394327-2-hdt,b2b-29554,ft-62aab,ft-hdt-Dsl,530330292061,-122.24406567327773,47.40621658580291,530330292061.0,hdt_D_Diesel,b2b--c33-61513
29558,8394327-2-hdt,b2b-29558,ft-2868a,ft-hdt-Dsl,530330292061,-122.24406567327773,47.40621658580291,530330292061.0,hdt_D_Diesel,b2b--c33-61508
29569,8395620-8-mdv,b2b-29569,ft-c85d9,ft-mdv-Dsl,530610535091,-122.15089997478691,48.15649523919702,530610535091.0,mdv_D_Diesel,b2b--c33-61517
29574,8395620-8-mdv,b2b-29574,ft-9cdc3,ft-mdv-Dsl,530610535091,-122.15089997478691,48.15649523919702,530610535091.0,mdv_D_Diesel,b2b--c33-61523
29581,7366738-6-hdt,b2b-29581,ft-e1d43,ft-hdt-Dsl,530330263002,-122.28576089980155,47.50750731073683,530330263002.0,hdt_D_Diesel,b2b--c33-61598
29585,7364918-5-mdv,b2b-29585,ft-80ce3,ft-mdv-Dsl,530330112001,-122.32094222317475,47.52248634453613,530330112001.0,mdv_D_Diesel,b2b--c33-61601
29590,7361744-7-hdv,b2b-29590,ft-88a41,ft-hdv-Dsl,530330292061,-122.22528263501711,47.432243549317185,530330292061.0,hdv_D_Diesel,b2b--c33-61616_2
29591,7361744-7-hdv,b2b-29591,ft-43236,ft-hdv-Dsl,530330292061,-122.22528263501711,47.432243549317185,530330292061.0,hdv_D_Diesel,b2b--c33-61617
29597,8394083-17-mdv,b2b-29597,ft-35c43,ft-mdv-Dsl,530330305011,-122.22995073612395,47.34476729172456,530330305011.0,mdv_D_Diesel,b2b--c33-61629
29619,8394354-5-mdv,b2b-29619,ft-9f2fb,ft-mdv-Dsl,530330292061,-122.24394563101907,47.41876745684446,530330292061.0,mdv_D_Diesel,b2b--c33-61655
29625,8394354-5-mdv,b2b-29625,ft-518ee,ft-mdv-Dsl,530330292061,-122.24394563101907,47.41876745684446,530330292061.0,mdv_D_Diesel,b2b--c33-61662
29629,8394354-5-mdv,b2b-29629,ft-cb764,ft-mdv-Dsl,530330292061,-122.24394563101907,47.41876745684446,530330292061.0,mdv_D_Diesel,b2b--c33-61686
29635,7361802-18-mdv,b2b-29635,ft-06c93,ft-mdv-Gas,530330292061,-122.25322050856488,47.41586647958096,530330292061.0,mdv_G_Gasoline,b2b--c33-61691
29639,6329746-1-hdt,b2b-29639,ft-0caf5,ft-hdt-Dsl,530330292061,-122.23330560664037,47.43422509161401,530330292061.0,hdt_D_Diesel,b2b--c33-61697
29642,8394327-8-mdv,b2b-29642,ft-02d41,ft-mdv-Gas,530330292061,-122.24406567327773,47.40621658580291,530330292061.0,mdv_G_Gasoline,b2b--c33-61702
29645,8394327-8-mdv,b2b-29645,ft-ab515,ft-mdv-Gas,530330292061,-122.24406567327773,47.40621658580291,530330292061.0,mdv_G_Gasoline,b2b--c33-61714
29654,7361790-27-hdv,b2b-29654,ft-749ac,ft-hdv-Dsl,530330292061,-122.24399044478618,47.433219893641684,530330292061.0,hdv_D_Diesel,b2b--c33-61726
29679,7361458-26-hdt,b2b-29679,ft-39207,ft-hdt-Dsl,530330324011,-121.98736709427631,47.73413108992005,530330324011.0,hdt_D_Diesel,b2b--c33-61799
29702,7358585-1-hdt,b2b-29702,ft-de7a9,ft-hdt-Dsl,530530732003,-122.23706641279225,46.78408365659002,530110410052.0,hdt_D_Diesel,b2b--c33-61857
29705,6356268-2-hdt,b2b-29705,ft-c2b13,ft-hdt-Dsl,530330093002,-122.33392081095913,47.59457250364255,530330093002.0,hdt_D_Diesel,b2b--c33-61863
29706,6356268-2-hdt,b2b-29706,ft-236a5,ft-hdt-Dsl,530330093002,-122.33392081095913,47.59457250364255,530330093002.0,hdt_D_Diesel,b2b--c33-61862
29713,7361730-10-mdv,b2b-29713,ft-fb780,ft-mdv-Dsl,530330292061,-122.24732272604084,47.38816117704638,530330292061.0,mdv_D_Diesel,b2b--c33-61877
29762,7361893-5-mdv,b2b-29762,ft-35506,ft-mdv-Gas,530330292061,-122.2361032719516,47.43386858781752,530330292061.0,mdv_G_Gasoline,b2b--c33-61988
29768,7365629-36-hdt,b2b-29768,ft-7e9c2,ft-hdv-Dsl,530330059001,-122.3673128160379,47.65327281857979,530330059001.0,hdv_D_Diesel,b2b--c33-62033
29771,7365629-36-hdt,b2b-29771,ft-bc2b1,ft-hdt-Dsl,530330059001,-122.3673128160379,47.65327281857979,530330059001.0,hdt_D_Diesel,b2b--c33-62030
29779,7361744-22-hdv,b2b-29779,ft-6b6a6,ft-hdv-Dsl,530330292061,-122.22528263501711,47.432243549317185,530330292061.0,hdv_D_Diesel,b2b--c33-62051
29782,7361744-22-hdv,b2b-29782,ft-5f910,ft-hdv-Dsl,530330292061,-122.22528263501711,47.432243549317185,530330292061.0,hdv_D_Diesel,b2b--c33-62057
29783,7366547-10-mdv,b2b-29783,ft-a20cf,ft-mdv-Gas,530330093003,-122.33781074015684,47.57150093310607,530330093003.0,mdv_G_Gasoline,b2b--c33-62060
29784,7366547-10-mdv,b2b-29784,ft-b5134,ft-mdv-Gas,530330093003,-122.33781074015684,47.57150093310607,530330093003.0,mdv_G_Gasoline,b2b--c33-62059
29786,7372718-9-ld3,b2b-29786,ft-bdf7b,ft-ld3-Gas,530610537001,-121.31300181346782,48.04698207479564,530630114003.0,ld3_G_Gasoline,b2b--c33-62066
29787,7372718-9-ld3,b2b-29787,ft-74516,ft-ld3-Gas,530610537001,-121.31300181346782,48.04698207479564,530630114003.0,ld3_G_Gasoline,b2b--c33-62067
29792,8395795-29-ld1,b2b-29792,ft-cfb1e,ft-ld1-Gas,530610537001,-121.31300181346782,48.04698207479564,530630114003.0,ld1_G_Gasoline,b2b--c33-62073
29807,5022999-2-hdt,b2b-29807,ft-7e0e0,ft-hdt-Dsl,530530732003,-122.23706641279225,46.78408365659002,410510072021.0,hdt_D_Diesel,b2b--c33-62111
29811,7196121-15-mdv,b2b-29811,ft-86984,ft-mdv-Gas,530530732003,-122.23706641279225,46.78408365659002,410670320011.0,mdv_G_Gasoline,b2b--c33-62119
29825,7365022-10-mdv,b2b-29825,ft-c8458,ft-mdv-Dsl,530330109001,-122.31486323772381,47.53426362053083,530330109001.0,mdv_D_Diesel,b2b--c33-62153
29829,7366753-1-hdt,b2b-29829,ft-563b2,ft-hdt-Dsl,530330264005,-122.32943382695088,47.51835358889425,530330264005.0,hdt_D_Diesel,b2b--c33-62199
29832,7366753-1-hdt,b2b-29832,ft-8295a,ft-hdt-Dsl,530330264005,-122.32943382695088,47.51835358889425,530330264005.0,hdt_D_Diesel,b2b--c33-62198
29835,7366789-6-mdv,b2b-29835,ft-6da66,ft-mdv-Gas,530330208002,-122.35304688942156,47.7571056583529,530330208002.0,mdv_G_Gasoline,b2b--c33-62207
29842,8395057-7-mdv,b2b-29842,ft-1440b,ft-mdv-Gas,530330262001,-122.24852730189083,47.4477634184965,530330262001.0,mdv_G_Gasoline,b2b--c33-62217
29881,7369982-28-ld1,b2b-29881,ft-f2e40,ft-ld1-Gas,530610533024,-122.33639511497468,48.27588885819264,530579526003.0,ld1_G_Gasoline,b2b--c33-62335
29882,7369982-28-ld1,b2b-29882,ft-eb806,ft-ld1-Gas,530610533024,-122.33639511497468,48.27588885819264,530579526003.0,ld1_G_Gasoline,b2b--c33-62334
29899,7193895-20-mdv,b2b-29899,ft-89724,ft-mdv-Dsl,530530732003,-122.23706641279225,46.78408365659002,410510073001.0,mdv_D_Diesel,b2b--c33-62367
29900,7192983-32-ld1,b2b-29900,ft-8f85d,ft-ld1-Dsl,530530732003,-122.23706641279225,46.78408365659002,410510043001.0,ld1_D_Diesel,b2b--c33-62368
29943,7358798-13-ld1,b2b-29943,ft-ba694,ft-ld1-Gas,530530732003,-122.23706641279225,46.78408365659002,530110412031.0,ld1_G_Gasoline,b2b--c33-62442
29947,7358798-13-ld1,b2b-29947,ft-8e935,ft-ld1-Gas,530530732003,-122.23706641279225,46.78408365659002,530110412031.0,ld1_G_Gasoline,b2b--c33-62450
29955,7190933-3-ld1,b2b-29955,ft-0f51e,ft-ld1-Dsl,530530732003,-122.23706641279225,46.78408365659002,410470102021.0,ld1_D_Diesel,b2b--c33-62461
29978,8395898-13-ld1,b2b-29978,ft-3281a,ft-ld1-Dsl,530530728001,-122.64899673245617,47.0992006395685,530670122222.0,ld1_D_Diesel,b2b--c33-62521
29982,7362110-7-hdt,b2b-29982,ft-82f61,ft-hdt-Dsl,530330292061,-122.22102860852105,47.40629326703451,530330292061.0,hdt_D_Diesel,b2b--c33-62556_2
29985,8394820-7-hdv,b2b-29985,ft-2f7a4,ft-hdv-Dsl,530330093002,-122.33759397247012,47.59022371894319,530330093002.0,hdv_D_Diesel,b2b--c33-62569
29992,8394354-16-hdt,b2b-29992,ft-d3db4,ft-hdt-Dsl,530330292061,-122.24394563101907,47.41876745684446,530330292061.0,hdt_D_Diesel,b2b--c33-62578
29998,8394801-2-hdt,b2b-29998,ft-919aa,ft-hdt-Dsl,530330112001,-122.33227885206496,47.53199660801611,530330112001.0,hdt_D_Diesel,b2b--c33-62587
30002,8394801-2-hdt,b2b-30002,ft-2c97a,ft-hdv-Dsl,530330112001,-122.33227885206496,47.53199660801611,530330112001.0,hdv_D_Diesel,b2b--c33-62663
30006,8394801-2-hdt,b2b-30006,ft-7ec42,ft-hdt-Dsl,530330112001,-122.33227885206496,47.53199660801611,530330112001.0,hdt_D_Diesel,b2b--c33-62653
30013,7370808-3-ld1,b2b-30013,ft-1e159,ft-ld1-Gas,530610413042,-122.27788640878946,47.93850672643978,530610413042.0,ld1_G_Gasoline,b2b--c33-62681
30019,7363441-24-ld3,b2b-30019,ft-dcccf,ft-ld3-Gas,530330323193,-122.15671601884792,47.75905143275152,530330323193.0,ld3_G_Gasoline,b2b--c33-62694
30044,7370688-14-ld3,b2b-30044,ft-a2910,ft-ld3-Dsl,530610408002,-122.20579513956058,47.97949328412409,530610408002.0,ld3_D_Diesel,b2b--c33-62774
30046,7362014-19-ld3,b2b-30046,ft-dba0c,ft-ld3-Gas,530330292061,-122.228106461071,47.41699927061486,530330292061.0,ld3_G_Gasoline,b2b--c33-62785
30052,7361458-19-ld3,b2b-30052,ft-aef06,ft-ld3-Gas,530330324011,-121.98736709427631,47.73413108992005,530330324011.0,ld3_G_Gasoline,b2b--c33-62800
30053,7361458-19-ld3,b2b-30053,ft-9a7f3,ft-ld3-Gas,530330324011,-121.98736709427631,47.73413108992005,530330324011.0,ld3_G_Gasoline,b2b--c33-62797
30086,7361951-6-hdt,b2b-30086,ft-aa48a,ft-hdt-Dsl,530330292061,-122.22446575655314,47.419646524413956,530330292061.0,hdt_D_Diesel,b2b--c33-62900
30093,7365597-9-mdv,b2b-30093,ft-69e65,ft-mdv-Dsl,530330071001,-122.3607157802324,47.62277408295152,530330071001.0,mdv_D_Diesel,b2b--c33-62918
30095,7365597-9-mdv,b2b-30095,ft-183f3,ft-mdv-Dsl,530330071001,-122.3607157802324,47.62277408295152,530330071001.0,mdv_D_Diesel,b2b--c33-62930
30099,7368258-19-ld3,b2b-30099,ft-ffbb9,ft-ld3-Gas,530539400101,-122.30168395873133,47.210649765319154,530539400101.0,ld3_G_Gasoline,b2b--c33-62941
30103,7369145-3-ld1,b2b-30103,ft-93886,ft-ld1-Gas,530539400022,-122.3969715048256,47.243236011784234,530539400022.0,ld1_G_Gasoline,b2b--c33-62944
30107,7369145-3-ld1,b2b-30107,ft-97890,ft-ld1-Gas,530539400022,-122.3969715048256,47.243236011784234,530539400022.0,ld1_G_Gasoline,b2b--c33-62946
30113,7369145-24-ld3,b2b-30113,ft-f3ce5,ft-ld3-Dsl,530539400022,-122.3969715048256,47.243236011784234,530539400022.0,ld3_D_Diesel,b2b--c33-62964
30120,8394083-21-mdv,b2b-30120,ft-595da,ft-mdv-Gas,530330305011,-122.22995073612395,47.34476729172456,530330305011.0,mdv_G_Gasoline,b2b--c33-62971
30135,8394083-21-mdv,b2b-30135,ft-dcfb1,ft-mdv-Gas,530330305011,-122.22995073612395,47.34476729172456,530330305011.0,mdv_G_Gasoline,b2b--c33-63014
30139,8394083-21-mdv,b2b-30139,ft-2aa6b,ft-mdv-Gas,530330305011,-122.22995073612395,47.34476729172456,530330305011.0,mdv_G_Gasoline,b2b--c33-63020
30144,7367225-11-hdt,b2b-30144,ft-b3383,ft-hdt-Dsl,530350918001,-122.62900047276442,47.60822482213245,530350918001.0,hdt_D_Diesel,b2b--c33-63036
30149,7367225-11-hdt,b2b-30149,ft-38127,ft-hdt-Dsl,530350918001,-122.62900047276442,47.60822482213245,530350918001.0,hdt_D_Diesel,b2b--c33-63050
30177,6367461-3-hdt,b2b-30177,ft-4b2a0,ft-hdt-Dsl,530330093003,-122.32138800418198,47.581422467373216,530330093003.0,hdt_D_Diesel,b2b--c33-63126
30219,6676087-29-hdt,b2b-30219,ft-feee9,ft-hdv-Dsl,530530701001,-121.5437370927352,47.12072649438632,20009.0,hdv_D_Diesel,b2b--c33-63245
30234,7371582-11-hdt,b2b-30234,ft-abbc6,ft-hdt-Dsl,530610521083,-122.11003280178969,47.81441426756796,530610521083.0,hdt_D_Diesel,b2b--c33-63259
30236,7371582-11-hdt,b2b-30236,ft-fa011,ft-hdt-Dsl,530610521083,-122.11003280178969,47.81441426756796,530610521083.0,hdt_D_Diesel,b2b--c33-63292
30243,7361344-7-hdv,b2b-30243,ft-f5043,ft-hdv-Dsl,530330219054,-122.17529352830351,47.734591039495925,530330219054.0,hdv_D_Diesel,b2b--c33-63299
30250,7371582-1-hdt,b2b-30250,ft-7aaf0,ft-hdt-Dsl,530610521083,-122.11003280178969,47.81441426756796,530610521083.0,hdt_D_Diesel,b2b--c33-63322
30270,7364692-13-hdt,b2b-30270,ft-209be,ft-hdt-Dsl,530330108001,-122.34913921788487,47.55384014888749,530330108001.0,hdt_D_Diesel,b2b--c33-63404
30288,8394083-22-hdv,b2b-30288,ft-4999f,ft-hdv-Dsl,530330305011,-122.22995073612395,47.34476729172456,530330305011.0,hdv_D_Diesel,b2b--c33-63426
30291,7361482-35-mdv,b2b-30291,ft-90be0,ft-mdv-Dsl,530330314004,-121.99798235696454,47.20664299016041,530330314004.0,mdv_D_Diesel,b2b--c33-63440
30301,7366620-36-hdt,b2b-30301,ft-6c20c,ft-hdv-Dsl,530330284024,-122.29217467971979,47.45881065074249,530330284024.0,hdv_D_Diesel,b2b--c33-63467
30302,7366620-36-hdt,b2b-30302,ft-dd41b,ft-hdt-Dsl,530330284024,-122.29217467971979,47.45881065074249,530330284024.0,hdt_D_Diesel,b2b--c33-63456
30313,7369224-15-mdv,b2b-30313,ft-b3544,ft-mdv-Gas,530539400022,-122.35897274041128,47.25278630859665,530539400022.0,mdv_G_Gasoline,b2b--c33-63486
30331,7361953-30-mdv,b2b-30331,ft-89d05,ft-mdv-Gas,530330292061,-122.22834520138616,47.42187038261192,530330292061.0,mdv_G_Gasoline,b2b--c33-63533
30336,7361482-43-ld1,b2b-30336,ft-aa940,ft-ld1-Gas,530330314004,-121.99798235696454,47.20664299016041,530330314004.0,ld1_G_Gasoline,b2b--c33-63538
30348,7365597-13-hdt,b2b-30348,ft-7d8b6,ft-hdt-Dsl,530330071001,-122.3607157802324,47.62277408295152,530330071001.0,hdt_D_Diesel,b2b--c33-63588
30350,7015965-3-hdt,b2b-30350,ft-a5372,ft-hdt-Dsl,530610537001,-121.31300181346782,48.04698207479564,20064.0,hdt_D_Diesel,b2b--c33-63594
30390,7369144-19-ld3,b2b-30390,ft-5ad15,ft-ld3-Dsl,530530602001,-122.41528801040086,47.24832819827986,530530602001.0,ld3_D_Diesel,b2b--c33-63676
30408,7360299-19-ld3,b2b-30408,ft-c7f1c,ft-ld3-Gas,530330308013,-122.22881583323118,47.27823949337624,530330308013.0,ld3_G_Gasoline,b2b--c33-63726
30409,7360299-19-ld3,b2b-30409,ft-a31f3,ft-ld3-Gas,530330308013,-122.22881583323118,47.27823949337624,530330308013.0,ld3_G_Gasoline,b2b--c33-63723
30410,7369067-14-ld3,b2b-30410,ft-54a5d,ft-ld3-Gas,530530626001,-122.48308000394596,47.21890901912728,530530626001.0,ld3_G_Gasoline,b2b--c33-63727
30419,7368550-12-hdv,b2b-30419,ft-eed50,ft-hdv-Dsl,530539400101,-122.32063107153414,47.21194006495005,530539400101.0,hdv_D_Diesel,b2b--c33-63749
30421,7368550-12-hdv,b2b-30421,ft-68c57,ft-hdv-Dsl,530539400101,-122.32063107153414,47.21194006495005,530539400101.0,hdv_D_Diesel,b2b--c33-63751
30428,7360521-14-ld3,b2b-30428,ft-62f29,ft-ld3-Gas,530330303132,-122.30670863132192,47.29631922682546,530330303132.0,ld3_G_Gasoline,b2b--c33-63770
30431,7369580-13-ld1,b2b-30431,ft-6c442,ft-ld1-Gas,530530718071,-122.49198150530705,47.17308429967378,530530718071.0,ld1_G_Gasoline,b2b--c33-63779
30456,7368258-9-ld3,b2b-30456,ft-f2dd6,ft-ld3-Gas,530539400101,-122.30168395873133,47.210649765319154,530539400101.0,ld3_G_Gasoline,b2b--c33-63853
30458,7368258-9-ld3,b2b-30458,ft-a7954,ft-ld3-Gas,530539400101,-122.30168395873133,47.210649765319154,530539400101.0,ld3_G_Gasoline,b2b--c33-63855
30467,7361482-39-ld3,b2b-30467,ft-6ec92,ft-ld3-Dsl,530330314004,-121.99798235696454,47.20664299016041,530330314004.0,ld3_D_Diesel,b2b--c33-63880
30482,7370749-8-ld1,b2b-30482,ft-9aa19,ft-ld1-Gas,530610413042,-122.26281537034927,47.939353533114726,530610413042.0,ld1_G_Gasoline,b2b--c33-63950
30498,7359416-8-ld1,b2b-30498,ft-bea0b,ft-ld1-Gas,530530730061,-122.34183800719136,46.92931107282429,530150003001.0,ld1_G_Gasoline,b2b--c33-63992
30510,7359384-1-hdt,b2b-30510,ft-4c64d,ft-hdt-Dsl,530530730061,-122.34183800719136,46.92931107282429,530150021002.0,hdt_D_Diesel,b2b--c33-64019
30511,7359384-1-hdt,b2b-30511,ft-d294c,ft-hdt-Dsl,530530730061,-122.34183800719136,46.92931107282429,530150021002.0,hdt_D_Diesel,b2b--c33-64021
30518,7359565-13-ld1,b2b-30518,ft-9a370,ft-ld1-Dsl,530530732003,-122.23706641279225,46.78408365659002,530150015024.0,ld1_D_Diesel,b2b--c33-64032
30530,7359416-2-ld1,b2b-30530,ft-4794,ft-ld1-Gas,530530730061,-122.34183800719136,46.92931107282429,530150003001.0,ld1_G_Gasoline,b2b--c33-64059
30546,7359384-13-ld1,b2b-30546,ft-bd559,ft-ld1-Gas,530530730061,-122.34183800719136,46.92931107282429,530150021002.0,ld1_G_Gasoline,b2b--c33-64078
30555,7359397-2-ld1,b2b-30555,ft-9e2cd,ft-ld1-Dsl,530530730061,-122.34183800719136,46.92931107282429,530150003001.0,ld1_D_Diesel,b2b--c33-64097
30556,7359397-2-ld1,b2b-30556,ft-062a4,ft-ld1-Dsl,530530730061,-122.34183800719136,46.92931107282429,530150003001.0,ld1_D_Diesel,b2b--c33-64102
30575,5013536-3-hdt,b2b-30575,ft-92077,ft-hdt-Dsl,530530732003,-122.23706641279225,46.78408365659002,410510106003.0,hdt_D_Diesel,b2b--c33-64143
30580,8304175-15-ld3,b2b-30580,ft-b999f,ft-ld3-Gas,530530732004,-122.26381973027048,46.91888857212184,20010.0,ld3_G_Gasoline,b2b--c33-64152
30587,6729751-9-ld3,b2b-30587,ft-3a6f3,ft-ld3-Gas,530530732004,-122.26381973027048,46.91888857212184,20012.0,ld3_G_Gasoline,b2b--c33-64167
30606,7364918-22-hdv,b2b-30606,ft-4da46,ft-hdv-Dsl,530330112001,-122.32094222317475,47.52248634453613,530330112001.0,hdv_D_Diesel,b2b--c33-64207
30610,2544836-1-hdt,b2b-30610,ft-7c08c,ft-hdt-Dsl,530610537001,-121.31300181346782,48.04698207479564,20041.0,hdt_D_Diesel,b2b--c33-64215
30620,7361951-25-mdv,b2b-30620,ft-8ff31,ft-mdv-Gas,530330292061,-122.22446575655314,47.419646524413956,530330292061.0,mdv_G_Gasoline,b2b--c33-64251
30621,7361951-25-mdv,b2b-30621,ft-687d1,ft-mdv-Gas,530330292061,-122.22446575655314,47.419646524413956,530330292061.0,mdv_G_Gasoline,b2b--c33-64244
30628,8395984-8-ld1,b2b-30628,ft-9792e,ft-ld1-Gas,530330315021,-121.36938446587672,47.147855247348815,530770016022.0,ld1_G_Gasoline,b2b--c33-64257
30636,7188775-72-mdv,b2b-30636,ft-79372,ft-mdv-Dsl,530530701001,-121.5437370927352,47.12072649438632,20095.0,mdv_D_Diesel,b2b--c33-64276
30638,4974583-1-hdt,b2b-30638,ft-6d935,ft-hdt-Dsl,530530701001,-121.5437370927352,47.12072649438632,20095.0,hdt_D_Diesel,b2b--c33-64282
30659,6293775-25-hdt,b2b-30659,ft-e2d2d,ft-hdt-Dsl,530330328003,-121.10644086665883,47.709472706427675,530079611003.0,hdt_D_Diesel,b2b--c33-64321
30664,8416996-6-ld3,b2b-30664,ft-2c89f,ft-ld3-Dsl,530530701001,-121.5437370927352,47.12072649438632,20118.0,ld3_D_Diesel,b2b--c33-64330
30685,8390180-15-ld1,b2b-30685,ft-c0681,ft-ld1-Gas,530530701001,-121.5437370927352,47.12072649438632,20118.0,ld1_G_Gasoline,b2b--c33-64370
30696,6674937-1-hdt,b2b-30696,ft-89ce3,ft-hdt-Dsl,530530701001,-121.5437370927352,47.12072649438632,20009.0,hdt_D_Diesel,b2b--c33-64390
30704,6713040-8-ld1,b2b-30704,ft-25046,ft-ld1-Gas,530530701001,-121.5437370927352,47.12072649438632,20009.0,ld1_G_Gasoline,b2b--c33-64400
30709,6693511-8-ld1,b2b-30709,ft-7eb0f,ft-ld1-Gas,530530701001,-121.5437370927352,47.12072649438632,20009.0,ld1_G_Gasoline,b2b--c33-64405
30730,7008689-4-ld3,b2b-30730,ft-df08e,ft-ld3-Dsl,530610537001,-121.31300181346782,48.04698207479564,20061.0,ld3_D_Diesel,b2b--c33-64437
30752,8397117-9-ld1,b2b-30752,ft-e831f,ft-ld1-Gas,530610537001,-121.31300181346782,48.04698207479564,20127.0,ld1_G_Gasoline,b2b--c33-64485
30762,8382008-26-ld1,b2b-30762,ft-2b809,ft-ld1-Gas,530330315021,-121.36938446587672,47.147855247348815,20112.0,ld1_G_Gasoline,b2b--c33-64504
30776,8301408-5-mdv,b2b-30776,ft-5ac37,ft-mdv-Gas,530530701001,-121.5437370927352,47.12072649438632,20009.0,mdv_G_Gasoline,b2b--c33-64531
30777,7361790-31-hdt,b2b-30777,ft-588b8,ft-hdt-Dsl,530330292061,-122.24399044478618,47.433219893641684,530330292061.0,hdt_D_Diesel,b2b--c33-64580
30782,7361790-31-hdt,b2b-30782,ft-77546,ft-hdv-Dsl,530330292061,-122.24399044478618,47.433219893641684,530330292061.0,hdv_D_Diesel,b2b--c33-64535
30783,7361790-31-hdt,b2b-30783,ft-8c660,ft-hdt-Dsl,530330292061,-122.24399044478618,47.433219893641684,530330292061.0,hdt_D_Diesel,b2b--c33-64536
30795,8395045-10-mdv,b2b-30795,ft-a6d0d,ft-mdv-Gas,530330284024,-122.32840253514618,47.44437048521317,530330284024.0,mdv_G_Gasoline,b2b--c33-64583
30797,8395045-10-mdv,b2b-30797,ft-7088b,ft-mdv-Gas,530330284024,-122.32840253514618,47.44437048521317,530330284024.0,mdv_G_Gasoline,b2b--c33-64585
30809,6316753-1-hdt,b2b-30809,ft-cb9d2,ft-hdt-Dsl,530330305011,-122.24749677131771,47.306132951992836,530330305011.0,hdt_D_Diesel,b2b--c33-64626
30852,7369582-18-ld1,b2b-30852,ft-d3429,ft-ld1-Gas,530530718071,-122.50058277918203,47.16670357885891,530530718071.0,ld1_G_Gasoline,b2b--c33-64729
30863,7369581-34-ld3,b2b-30863,ft-a961f,ft-ld3-Gas,530530718071,-122.49233469468531,47.17252881714979,530530718071.0,ld3_G_Gasoline,b2b--c33-64745
30883,8395620-18-ld1,b2b-30883,ft-44743,ft-ld1-Dsl,530610535091,-122.15089997478691,48.15649523919702,530610535091.0,ld1_D_Diesel,b2b--c33-64786
30885,7361951-20-mdv,b2b-30885,ft-30df5,ft-mdv-Dsl,530330292061,-122.22446575655314,47.419646524413956,530330292061.0,mdv_D_Diesel,b2b--c33-64790
30887,7363039-12-hdv,b2b-30887,ft-e6127,ft-hdv-Dsl,530330293052,-122.19724469213678,47.41724973671112,530330293052.0,hdv_D_Diesel,b2b--c33-64792
30904,6375366-2-hdt,b2b-30904,ft-4f216,ft-hdt-Dsl,530350802002,-122.62920773853523,47.602859443508386,530350802002.0,hdt_D_Diesel,b2b--c33-64823
30906,7369219-13-ld1,b2b-30906,ft-c3fee,ft-ld1-Gas,530539400101,-122.29381001031895,47.21080765754478,530539400101.0,ld1_G_Gasoline,b2b--c33-64825
30911,8395386-3-hdv,b2b-30911,ft-79384,ft-hdv-Dsl,530539400101,-122.32082602454804,47.21474910148543,530539400101.0,hdv_D_Diesel,b2b--c33-64838
30915,7369224-25-mdv,b2b-30915,ft-6f9b3,ft-mdv-Gas,530539400022,-122.35897274041128,47.25278630859665,530539400022.0,mdv_G_Gasoline,b2b--c33-64848
30927,7361790-32-hdv,b2b-30927,ft-a41fa,ft-hdv-Dsl,530330292061,-122.24399044478618,47.433219893641684,530330292061.0,hdv_D_Diesel,b2b--c33-64882
30938,7359745-11-ld1,b2b-30938,ft-b097e,ft-ld1-Gas,530330315021,-121.36938446587672,47.147855247348815,530210204001.0,ld1_G_Gasoline,b2b--c33-64900
30941,7359648-13-ld1,b2b-30941,ft-6d1ae,ft-ld1-Gas,530330315021,-121.36938446587672,47.147855247348815,530210204001.0,ld1_G_Gasoline,b2b--c33-64905
30947,7373894-14-ld3,b2b-30947,ft-6e05e,ft-ld3-Gas,530610533014,-122.37093627404924,48.2483017317002,530730004003.0,ld3_G_Gasoline,b2b--c33-64916
30948,7373894-14-ld3,b2b-30948,ft-09a7e,ft-ld3-Gas,530610533014,-122.37093627404924,48.2483017317002,530730004003.0,ld3_G_Gasoline,b2b--c33-64917
30962,8394328-2-hdt,b2b-30962,ft-87118,ft-hdt-Dsl,530330292061,-122.2384320753271,47.40669474169384,530330292061.0,hdt_D_Diesel,b2b--c33-65106
30966,8394328-2-hdt,b2b-30966,ft-f75c6,ft-hdt-Dsl,530330292061,-122.2384320753271,47.40669474169384,530330292061.0,hdt_D_Diesel,b2b--c33-65100
30976,7361949-17-hdv,b2b-30976,ft-4b585,ft-hdv-Dsl,530330305011,-122.23227781412766,47.337008855767586,530330305011.0,hdv_D_Diesel,b2b--c33-65129
30987,6329725-3-hdt,b2b-30987,ft-3bbe2,ft-hdv-Dsl,530330292061,-122.24578916265531,47.40226497134474,530330292061.0,hdv_D_Diesel,b2b--c33-65158
30992,7373762-3-ld1,b2b-30992,ft-61676,ft-ld1-Gas,530610534001,-122.174775998106,48.271850830473014,530730101005.0,ld1_G_Gasoline,b2b--c33-65167
31006,7373894-36-hdt,b2b-31006,ft-4c677,ft-hdt-Dsl,530610533014,-122.37093627404924,48.2483017317002,530730004003.0,hdt_D_Diesel,b2b--c33-65193
31024,6072766-2-hdt,b2b-31024,ft-8d400,ft-hdt-Dsl,530530701001,-121.5437370927352,47.12072649438632,20118.0,hdt_D_Diesel,b2b--c33-65225
31046,8395620-14-ld1,b2b-31046,ft-3a626,ft-ld1-Dsl,530610535091,-122.15089997478691,48.15649523919702,530610535091.0,ld1_D_Diesel,b2b--c33-65271
31054,8396033-9-ld3,b2b-31054,ft-7ed04,ft-ld3-Dsl,530330315021,-121.36938446587672,47.147855247348815,530770018002.0,ld3_D_Diesel,b2b--c33-65293
31060,7361805-7-hdt,b2b-31060,ft-8dfe2,ft-hdt-Dsl,530330292061,-122.2491015192197,47.42979333775661,530330292061.0,hdt_D_Diesel,b2b--c33-65297
31078,6330410-2-hdt,b2b-31078,ft-66e5c,ft-hdt-Dsl,530330292061,-122.24939541530337,47.411074024312775,530330292061.0,hdt_D_Diesel,b2b--c33-65346
31084,4962359-3-hdt,b2b-31084,ft-d7650,ft-hdt-Dsl,530530732003,-122.23706641279225,46.78408365659002,410050227071.0,hdt_D_Diesel,b2b--c33-65356
31103,8413537-33-ld1,b2b-31103,ft-b1717,ft-ld1-Gas,530530701001,-121.5437370927352,47.12072649438632,20071.0,ld1_G_Gasoline,b2b--c33-65389
31124,6659449-23-ld1,b2b-31124,ft-50b08,ft-ld1-Dsl,530530732004,-122.26381973027048,46.91888857212184,20012.0,ld1_D_Diesel,b2b--c33-65424
31133,8307023-4-ld3,b2b-31133,ft-1553e,ft-ld3-Dsl,530530732004,-122.26381973027048,46.91888857212184,20012.0,ld3_D_Diesel,b2b--c33-65436
31145,6087815-1-hdt,b2b-31145,ft-fae4a,ft-hdt-Dsl,530530701001,-121.5437370927352,47.12072649438632,20118.0,hdt_D_Diesel,b2b--c33-65454
31147,8301814-5-ld1,b2b-31147,ft-81d66,ft-ld1-Gas,530530732004,-122.26381973027048,46.91888857212184,20013.0,ld1_G_Gasoline,b2b--c33-65456
31148,8301814-5-ld1,b2b-31148,ft-10cd4,ft-ld1-Gas,530530732004,-122.26381973027048,46.91888857212184,20013.0,ld1_G_Gasoline,b2b--c33-65457
31159,8298149-8-ld1,b2b-31159,ft-db93b,ft-ld1-Gas,530530732004,-122.26381973027048,46.91888857212184,20013.0,ld1_G_Gasoline,b2b--c33-65483
31163,6663657-8-ld1,b2b-31163,ft-7bd88,ft-ld1-Gas,530530732004,-122.26381973027048,46.91888857212184,20014.0,ld1_G_Gasoline,b2b--c33-65487
31170,386926-5-hdt,b2b-31170,ft-3cf77,ft-hdt-Dsl,530530732004,-122.26381973027048,46.91888857212184,20014.0,hdt_D_Diesel,b2b--c33-65500
31205,7366620-27-hdv,b2b-31205,ft-9b0aa,ft-hdv-Dsl,530330284024,-122.29217467971979,47.45881065074249,530330284024.0,hdv_D_Diesel,b2b--c33-65576
31216,7363676-10-mdv,b2b-31216,ft-1065b,ft-mdv-Dsl,530330072001,-122.34222290120908,47.62143786859168,530330072001.0,mdv_D_Diesel,b2b--c33-65597
31229,7373504-3-ld1,b2b-31229,ft-eb434,ft-ld1-Gas,530530729061,-122.5544249277511,47.049137874735855,530670126101.0,ld1_G_Gasoline,b2b--c33-65635
31239,7369581-7-hdv,b2b-31239,ft-25141,ft-hdv-Dsl,530530718071,-122.49233469468531,47.17252881714979,530530718071.0,hdv_D_Diesel,b2b--c33-65654
31245,6315086-4-hdt,b2b-31245,ft-9caa1,ft-hdt-Dsl,530610533014,-122.37093627404924,48.2483017317002,530299715001.0,hdt_D_Diesel,b2b--c33-65664
31251,8395473-6-ld1,b2b-31251,ft-3d178,ft-ld1-Dsl,530610535061,-121.89999203508337,48.27272291141637,530579512001.0,ld1_D_Diesel,b2b--c33-65671
31254,8395473-6-ld1,b2b-31254,ft-5800e,ft-ld1-Dsl,530610535061,-121.89999203508337,48.27272291141637,530579512001.0,ld1_D_Diesel,b2b--c33-65693
31262,7373544-3-ld1,b2b-31262,ft-18017,ft-ld1-Gas,530530728001,-122.64899673245617,47.0992006395685,530670122222.0,ld1_G_Gasoline,b2b--c33-65705
31265,7369581-22-hdv,b2b-31265,ft-d1c64,ft-hdv-Dsl,530530718071,-122.49233469468531,47.17252881714979,530530718071.0,hdv_D_Diesel,b2b--c33-65715
31266,7373560-5-mdv,b2b-31266,ft-3b711,ft-mdv-Gas,530530728001,-122.64899673245617,47.0992006395685,530670122213.0,mdv_G_Gasoline,b2b--c33-65717
31278,8395795-26-ld3,b2b-31278,ft-50812,ft-ld3-Gas,530610537001,-121.31300181346782,48.04698207479564,530630114003.0,ld3_G_Gasoline,b2b--c33-65741
31287,8394328-17-hdv,b2b-31287,ft-0156f,ft-hdv-Dsl,530330292061,-122.2384320753271,47.40669474169384,530330292061.0,hdv_D_Diesel,b2b--c33-65764
31292,8394328-17-hdv,b2b-31292,ft-c3bd9,ft-hdv-Dsl,530330292061,-122.2384320753271,47.40669474169384,530330292061.0,hdv_D_Diesel,b2b--c33-65771
31299,8395620-6-ld1,b2b-31299,ft-99b53,ft-ld1-Gas,530610535091,-122.15089997478691,48.15649523919702,530610535091.0,ld1_G_Gasoline,b2b--c33-65785
31301,8395620-6-ld1,b2b-31301,ft-018c9,ft-ld1-Gas,530610535091,-122.15089997478691,48.15649523919702,530610535091.0,ld1_G_Gasoline,b2b--c33-65804
31304,8395620-6-ld1,b2b-31304,ft-46826,ft-ld1-Gas,530610535091,-122.15089997478691,48.15649523919702,530610535091.0,ld1_G_Gasoline,b2b--c33-65798
31305,7361806-6-mdv,b2b-31305,ft-8bbdd,ft-mdv-Dsl,530330292061,-122.24465895656691,47.42648528440445,530330292061.0,mdv_D_Diesel,b2b--c33-65807
31322,8324271-1-hdt,b2b-31322,ft-462f2,ft-hdt-Dsl,530330315021,-121.36938446587672,47.147855247348815,20033.0,hdt_D_Diesel,b2b--c33-65831
31336,8324271-1-hdt,b2b-31336,ft-b7819,ft-hdt-Dsl,530330315021,-121.36938446587672,47.147855247348815,20033.0,hdt_D_Diesel,b2b--c33-65845
31353,8324271-1-hdt,b2b-31353,ft-4aee4,ft-hdt-Dsl,530330315021,-121.36938446587672,47.147855247348815,20033.0,hdt_D_Diesel,b2b--c33-65862
31374,8324271-1-hdt,b2b-31374,ft-ee1f8,ft-hdt-Dsl,530330315021,-121.36938446587672,47.147855247348815,20033.0,hdt_D_Diesel,b2b--c33-65883
31382,8324271-1-hdt,b2b-31382,ft-1fda5,ft-hdt-Dsl,530330315021,-121.36938446587672,47.147855247348815,20033.0,hdt_D_Diesel,b2b--c33-65891
31384,8324271-1-hdt,b2b-31384,ft-dc32b,ft-hdt-Dsl,530330315021,-121.36938446587672,47.147855247348815,20033.0,hdt_D_Diesel,b2b--c33-65893
31389,8324271-1-hdt,b2b-31389,ft-44ff8,ft-hdt-Dsl,530330315021,-121.36938446587672,47.147855247348815,20033.0,hdt_D_Diesel,b2b--c33-65898
31390,8324271-1-hdt,b2b-31390,ft-6cccd,ft-hdv-Dsl,530330315021,-121.36938446587672,47.147855247348815,20033.0,hdv_D_Diesel,b2b--c33-65899
31393,8324271-1-hdt,b2b-31393,ft-daab8,ft-hdt-Dsl,530330315021,-121.36938446587672,47.147855247348815,20033.0,hdt_D_Diesel,b2b--c33-65902
31401,8324271-1-hdt,b2b-31401,ft-39a7f,ft-hdv-Dsl,530330315021,-121.36938446587672,47.147855247348815,20033.0,hdv_D_Diesel,b2b--c33-65910
31409,8324271-1-hdt,b2b-31409,ft-4307c,ft-hdv-Dsl,530330315021,-121.36938446587672,47.147855247348815,20033.0,hdv_D_Diesel,b2b--c33-66039
31414,8324271-1-hdt,b2b-31414,ft-bb53c,ft-hdt-Dsl,530330315021,-121.36938446587672,47.147855247348815,20033.0,hdt_D_Diesel,b2b--c33-66053
31443,7188255-50-ld1,b2b-31443,ft-3a660,ft-ld1-Gas,530530701001,-121.5437370927352,47.12072649438632,20095.0,ld1_G_Gasoline,b2b--c33-66099
31449,7188421-9-ld3,b2b-31449,ft-45282,ft-ld3-Dsl,530530701001,-121.5437370927352,47.12072649438632,20095.0,ld3_D_Diesel,b2b--c33-66108
31468,7189970-17-hdv,b2b-31468,ft-b9900,ft-hdv-Dsl,530530701001,-121.5437370927352,47.12072649438632,20095.0,hdv_D_Diesel,b2b--c33-66138
31490,7187750-23-ld3,b2b-31490,ft-1583d,ft-ld3-Dsl,530530701001,-121.5437370927352,47.12072649438632,20095.0,ld3_D_Diesel,b2b--c33-66169
31499,7189742-14-ld3,b2b-31499,ft-415b5,ft-ld3-Dsl,530530701001,-121.5437370927352,47.12072649438632,20095.0,ld3_D_Diesel,b2b--c33-66182
31514,7190115-4-ld3,b2b-31514,ft-9e6bf,ft-ld3-Gas,530530701001,-121.5437370927352,47.12072649438632,20095.0,ld3_G_Gasoline,b2b--c33-66201
31538,8371305-33-ld1,b2b-31538,ft-47cf5,ft-ld1-Gas,530530701001,-121.5437370927352,47.12072649438632,20095.0,ld1_G_Gasoline,b2b--c33-66237
31543,7194930-46-ld1,b2b-31543,ft-216f4,ft-ld1-Gas,530530701001,-121.5437370927352,47.12072649438632,20095.0,ld1_G_Gasoline,b2b--c33-66242
31549,7194732-10-ld1,b2b-31549,ft-2c269,ft-ld1-Gas,530530701001,-121.5437370927352,47.12072649438632,20095.0,ld1_G_Gasoline,b2b--c33-66249
31553,8370470-34-ld3,b2b-31553,ft-880c3,ft-ld3-Gas,530530701001,-121.5437370927352,47.12072649438632,20095.0,ld3_G_Gasoline,b2b--c33-66255
31557,7188598-24-ld3,b2b-31557,ft-ceabc,ft-ld3-Dsl,530530701001,-121.5437370927352,47.12072649438632,20095.0,ld3_D_Diesel,b2b--c33-66261
31573,7188738-59-ld3,b2b-31573,ft-757d2,ft-ld3-Gas,530530701001,-121.5437370927352,47.12072649438632,20095.0,ld3_G_Gasoline,b2b--c33-66283
31592,8370527-9-ld3,b2b-31592,ft-d607b,ft-ld3-Gas,530530701001,-121.5437370927352,47.12072649438632,20095.0,ld3_G_Gasoline,b2b--c33-66308
31594,7189746-42-ld1,b2b-31594,ft-493f3,ft-ld1-Gas,530530701001,-121.5437370927352,47.12072649438632,20095.0,ld1_G_Gasoline,b2b--c33-66311
31596,7188775-10-ld1,b2b-31596,ft-caea4,ft-ld1-Gas,530530701001,-121.5437370927352,47.12072649438632,20095.0,ld1_G_Gasoline,b2b--c33-66315
31624,7189745-47-ld3,b2b-31624,ft-947f0,ft-ld3-Dsl,530530701001,-121.5437370927352,47.12072649438632,20095.0,ld3_D_Diesel,b2b--c33-66353
31628,7189380-31-ld3,b2b-31628,ft-c1c2e,ft-ld3-Gas,530530701001,-121.5437370927352,47.12072649438632,20095.0,ld3_G_Gasoline,b2b--c33-66359
31629,7188739-18-ld1,b2b-31629,ft-fff07,ft-ld1-Gas,530530701001,-121.5437370927352,47.12072649438632,20095.0,ld1_G_Gasoline,b2b--c33-66360
31630,7189380-11-ld3,b2b-31630,ft-5366d,ft-ld3-Dsl,530530701001,-121.5437370927352,47.12072649438632,20095.0,ld3_D_Diesel,b2b--c33-66361
31632,7188739-34-ld1,b2b-31632,ft-8a571,ft-ld1-Gas,530530701001,-121.5437370927352,47.12072649438632,20095.0,ld1_G_Gasoline,b2b--c33-66366
31642,8370469-13-ld1,b2b-31642,ft-29a82,ft-ld1-Gas,530530701001,-121.5437370927352,47.12072649438632,20095.0,ld1_G_Gasoline,b2b--c33-66384
31648,7189970-4-ld3,b2b-31648,ft-4d3ae,ft-ld3-Dsl,530530701001,-121.5437370927352,47.12072649438632,20095.0,ld3_D_Diesel,b2b--c33-66393
31664,7190075-3-ld3,b2b-31664,ft-720e3,ft-ld3-Gas,530530701001,-121.5437370927352,47.12072649438632,20095.0,ld3_G_Gasoline,b2b--c33-66415
31665,7189380-22-ld1,b2b-31665,ft-25ff6,ft-ld1-Gas,530530701001,-121.5437370927352,47.12072649438632,20095.0,ld1_G_Gasoline,b2b--c33-66416
31670,8370584-14-ld3,b2b-31670,ft-32301,ft-ld3-Gas,530530701001,-121.5437370927352,47.12072649438632,20095.0,ld3_G_Gasoline,b2b--c33-66422
31673,7188738-11-ld3,b2b-31673,ft-50cf8,ft-ld3-Gas,530530701001,-121.5437370927352,47.12072649438632,20095.0,ld3_G_Gasoline,b2b--c33-66426
31674,8371297-24-ld3,b2b-31674,ft-8a69c,ft-ld3-Gas,530530701001,-121.5437370927352,47.12072649438632,20095.0,ld3_G_Gasoline,b2b--c33-66428
31688,7189380-83-ld3,b2b-31688,ft-7339a,ft-ld3-Gas,530530701001,-121.5437370927352,47.12072649438632,20095.0,ld3_G_Gasoline,b2b--c33-66446
31699,7188255-66-ld1,b2b-31699,ft-49107,ft-ld1-Gas,530530701001,-121.5437370927352,47.12072649438632,20095.0,ld1_G_Gasoline,b2b--c33-66459
31723,7190075-10-ld1,b2b-31723,ft-9e836,ft-ld1-Gas,530530701001,-121.5437370927352,47.12072649438632,20095.0,ld1_G_Gasoline,b2b--c33-66490
31726,7188255-42-ld1,b2b-31726,ft-fa47c,ft-ld1-Gas,530530701001,-121.5437370927352,47.12072649438632,20095.0,ld1_G_Gasoline,b2b--c33-66493
31729,7188711-24-ld3,b2b-31729,ft-e7871,ft-ld3-Gas,530530701001,-121.5437370927352,47.12072649438632,20095.0,ld3_G_Gasoline,b2b--c33-66497
31730,7187355-6-ld1,b2b-31730,ft-6a2e4,ft-ld1-Dsl,530530701001,-121.5437370927352,47.12072649438632,20095.0,ld1_D_Diesel,b2b--c33-66498
31734,7188255-62-ld1,b2b-31734,ft-c88b6,ft-ld1-Gas,530530701001,-121.5437370927352,47.12072649438632,20095.0,ld1_G_Gasoline,b2b--c33-66503
31736,7187577-3-ld3,b2b-31736,ft-f71c8,ft-ld3-Gas,530530701001,-121.5437370927352,47.12072649438632,20095.0,ld3_G_Gasoline,b2b--c33-66505
31739,7194930-34-ld1,b2b-31739,ft-77998,ft-ld1-Gas,530530701001,-121.5437370927352,47.12072649438632,20095.0,ld1_G_Gasoline,b2b--c33-66509
31757,7194853-31-ld3,b2b-31757,ft-5af91,ft-ld3-Gas,530530701001,-121.5437370927352,47.12072649438632,20095.0,ld3_G_Gasoline,b2b--c33-66534
31764,8371305-24-ld3,b2b-31764,ft-41323,ft-ld3-Dsl,530530701001,-121.5437370927352,47.12072649438632,20095.0,ld3_D_Diesel,b2b--c33-66542
31787,7189380-3-ld3,b2b-31787,ft-60d2b,ft-ld3-Gas,530530701001,-121.5437370927352,47.12072649438632,20095.0,ld3_G_Gasoline,b2b--c33-66571
31814,7188775-38-ld1,b2b-31814,ft-68ec5,ft-ld1-Gas,530530701001,-121.5437370927352,47.12072649438632,20095.0,ld1_G_Gasoline,b2b--c33-66604
31823,7189380-66-ld1,b2b-31823,ft-1be99,ft-ld1-Gas,530530701001,-121.5437370927352,47.12072649438632,20095.0,ld1_G_Gasoline,b2b--c33-66616
31839,7188421-23-ld1,b2b-31839,ft-91e30,ft-ld1-Gas,530530701001,-121.5437370927352,47.12072649438632,20095.0,ld1_G_Gasoline,b2b--c33-66638
31873,7367024-6-mdv,b2b-31873,ft-9a5e6,ft-mdv-Dsl,530330288012,-122.31897482130626,47.42654530468536,530330288012.0,mdv_D_Diesel,b2b--c33-66701
31891,7370550-7-hdv,b2b-31891,ft-4ff7b,ft-hdv-Dsl,530610512001,-122.30179293000789,47.80277435011375,530610512001.0,hdv_D_Diesel,b2b--c33-66729
31893,7367065-22-hdv,b2b-31893,ft-6bb9f,ft-hdv-Dsl,530330288013,-122.29978682083382,47.41404252517009,530330288013.0,hdv_D_Diesel,b2b--c33-66737
31897,7369529-10-mdv,b2b-31897,ft-1a3b4,ft-mdv-Gas,530530720002,-122.53020686900938,47.12115984586613,530530720002.0,mdv_G_Gasoline,b2b--c33-66743
31903,7369581-24-ld3,b2b-31903,ft-02f8b,ft-ld3-Dsl,530530718071,-122.49233469468531,47.17252881714979,530530718071.0,ld3_D_Diesel,b2b--c33-66760
31910,7360029-33-ld1,b2b-31910,ft-663e1,ft-ld1-Gas,530350920001,-122.92435858189329,47.572507416975284,530270013002.0,ld1_G_Gasoline,b2b--c33-66785
31919,7357853-8-ld1,b2b-31919,ft-ad3ac,ft-ld1-Gas,530330315021,-121.36938446587672,47.147855247348815,530050108135.0,ld1_G_Gasoline,b2b--c33-66803
31932,7361744-52-hdv,b2b-31932,ft-d122c,ft-hdv-Dsl,530330292061,-122.22528263501711,47.432243549317185,530330292061.0,hdv_D_Diesel,b2b--c33-66822
31935,7365038-16-hdt,b2b-31935,ft-b6ca9,ft-hdt-Dsl,530330093002,-122.33357597282178,47.58797849383613,530330093002.0,hdt_D_Diesel,b2b--c33-66872
31937,7365038-16-hdt,b2b-31937,ft-ac514,ft-hdt-Dsl,530330093002,-122.33357597282178,47.58797849383613,530330093002.0,hdt_D_Diesel,b2b--c33-66874
31955,6336914-2-hdt,b2b-31955,ft-2d97e,ft-hdt-Dsl,530330295022,-122.17987968203656,47.372703959904634,530330295022.0,hdt_D_Diesel,b2b--c33-66900
31959,8415294-14-ld1,b2b-31959,ft-d0b94,ft-ld1-Gas,530530732003,-122.23706641279225,46.78408365659002,410470025021.0,ld1_G_Gasoline,b2b--c33-66904
31968,6302409-2-hdt,b2b-31968,ft-bc73e,ft-hdv-Dsl,530530732003,-122.23706641279225,46.78408365659002,530110410052.0,hdv_D_Diesel,b2b--c33-66924
31976,8309294-3-ld1,b2b-31976,ft-3fa07,ft-ld1-Gas,530530732004,-122.26381973027048,46.91888857212184,20010.0,ld1_G_Gasoline,b2b--c33-66941
31981,6295538-3-hdt,b2b-31981,ft-b15a0,ft-hdt-Dsl,530350920003,-122.90405363848717,47.61764864302332,530090016002.0,hdt_D_Diesel,b2b--c33-66949
31987,6309692-1-hdt,b2b-31987,ft-7add4,ft-hdt-Dsl,530330315021,-121.36938446587672,47.147855247348815,530219801001.0,hdt_D_Diesel,b2b--c33-66958
32004,8309449-11-hdt,b2b-32004,ft-d148b,ft-hdt-Dsl,530330315021,-121.36938446587672,47.147855247348815,20015.0,hdt_D_Diesel,b2b--c33-66999
32014,8371066-4-ld3,b2b-32014,ft-096db,ft-ld3-Gas,530530732003,-122.23706641279225,46.78408365659002,410510073001.0,ld3_G_Gasoline,b2b--c33-67020
32023,7359006-9-ld3,b2b-32023,ft-5dcf6,ft-ld3-Gas,530530732003,-122.23706641279225,46.78408365659002,530110405102.0,ld3_G_Gasoline,b2b--c33-67037
32035,7193875-33-ld1,b2b-32035,ft-29ce9,ft-ld1-Dsl,530530732003,-122.23706641279225,46.78408365659002,410510073001.0,ld1_D_Diesel,b2b--c33-67056
32042,8416956-1-hdt,b2b-32042,ft-01ef7,ft-hdt-Dsl,530530701001,-121.5437370927352,47.12072649438632,20118.0,hdt_D_Diesel,b2b--c33-67066
32074,7367226-10-mdv,b2b-32074,ft-4e461,ft-mdv-Dsl,530350918001,-122.62536960840076,47.60681325280618,530350918001.0,mdv_D_Diesel,b2b--c33-67131
32076,7367415-9-ld3,b2b-32076,ft-325c2,ft-ld3-Dsl,530350921002,-122.7498808791254,47.503082656597904,530350921002.0,ld3_D_Diesel,b2b--c33-67133
32113,8394801-10-mdv,b2b-32113,ft-a2d75,ft-mdv-Gas,530330112001,-122.33227885206496,47.53199660801611,530330112001.0,mdv_G_Gasoline,b2b--c33-67204
32121,4991396-2-hdt,b2b-32121,ft-7a15b,ft-hdt-Dsl,530530701001,-121.5437370927352,47.12072649438632,20095.0,hdt_D_Diesel,b2b--c33-67243
32135,8295775-59-ld1,b2b-32135,ft-1829b,ft-ld1-Gas,530530701001,-121.5437370927352,47.12072649438632,20005.0,ld1_G_Gasoline,b2b--c33-67267
32139,8295775-59-ld1,b2b-32139,ft-67845,ft-ld1-Gas,530530701001,-121.5437370927352,47.12072649438632,20005.0,ld1_G_Gasoline,b2b--c33-67280
32144,2532747-1-hdt,b2b-32144,ft-b6c7b,ft-hdv-Dsl,530610537001,-121.31300181346782,48.04698207479564,20041.0,hdv_D_Diesel,b2b--c33-67289
32156,7359648-20-mdv,b2b-32156,ft-1fe11,ft-mdv-Dsl,530330315021,-121.36938446587672,47.147855247348815,530210204001.0,mdv_D_Diesel,b2b--c33-67306
32162,7194104-5-hdt,b2b-32162,ft-ad985,ft-hdt-Dsl,530530732003,-122.23706641279225,46.78408365659002,410510073001.0,hdt_D_Diesel,b2b--c33-67315
32174,6355669-4-hdt,b2b-32174,ft-ba9f1,ft-hdv-Dsl,530330093003,-122.32903445867987,47.57237204386465,530330093003.0,hdv_D_Diesel,b2b--c33-67339
32205,7030778-16-hdt,b2b-32205,ft-52318,ft-hdt-Dsl,530610537001,-121.31300181346782,48.04698207479564,20067.0,hdt_D_Diesel,b2b--c33-67402
32212,7358569-13-ld1,b2b-32212,ft-fb91a,ft-ld1-Gas,530530732003,-122.23706641279225,46.78408365659002,530110410052.0,ld1_G_Gasoline,b2b--c33-67420
32222,7373440-9-ld3,b2b-32222,ft-529d7,ft-ld3-Gas,530530726032,-122.77382693312865,47.188210163000925,530670101001.0,ld3_G_Gasoline,b2b--c33-67445
32229,8308946-1-hdt,b2b-32229,ft-58faf,ft-hdt-Dsl,530530732004,-122.26381973027048,46.91888857212184,20010.0,hdt_D_Diesel,b2b--c33-67451
32241,8308946-1-hdt,b2b-32241,ft-40601,ft-hdt-Dsl,530530732004,-122.26381973027048,46.91888857212184,20010.0,hdt_D_Diesel,b2b--c33-67463
32257,8308946-1-hdt,b2b-32257,ft-1c487,ft-hdv-Dsl,530530732004,-122.26381973027048,46.91888857212184,20010.0,hdv_D_Diesel,b2b--c33-67479
32289,6740814-1-hdt,b2b-32289,ft-1034d,ft-hdt-Dsl,530530732004,-122.26381973027048,46.91888857212184,20010.0,hdt_D_Diesel,b2b--c33-67588
32291,6740814-1-hdt,b2b-32291,ft-98c3e,ft-hdt-Dsl,530530732004,-122.26381973027048,46.91888857212184,20010.0,hdt_D_Diesel,b2b--c33-67590
32307,6707664-39-hdt,b2b-32307,ft-a22fb,ft-hdt-Dsl,530530732004,-122.26381973027048,46.91888857212184,20010.0,hdt_D_Diesel,b2b--c33-67620
32323,8304452-15-ld3,b2b-32323,ft-9eb57,ft-ld3-Gas,530530732004,-122.26381973027048,46.91888857212184,20010.0,ld3_G_Gasoline,b2b--c33-67657
32338,8394432-10-mdv,b2b-32338,ft-697a0,ft-mdv-Dsl,530330288021,-122.29448221175943,47.42747273756918,530330288021.0,mdv_D_Diesel,b2b--c33-67685
32347,7371483-5-mdv,b2b-32347,ft-60eb2,ft-mdv-Gas,530610413042,-122.24409010231953,47.92728331356473,530610413042.0,mdv_G_Gasoline,b2b--c33-67712
32372,3431536-1-hdt,b2b-32372,ft-168c5,ft-hdt-Dsl,530330315021,-121.36938446587672,47.147855247348815,20063.0,hdt_D_Diesel,b2b--c33-67773
32376,3431536-1-hdt,b2b-32376,ft-0f6e7,ft-hdt-Dsl,530330315021,-121.36938446587672,47.147855247348815,20063.0,hdt_D_Diesel,b2b--c33-67777
32381,5025125-2-hdt,b2b-32381,ft-5925e,ft-hdt-Dsl,530530732003,-122.23706641279225,46.78408365659002,410510065012.0,hdt_D_Diesel,b2b--c33-67792
32402,6341149-3-hdt,b2b-32402,ft-ffa1f,ft-hdt-Dsl,530330256011,-122.15802592410718,47.48858621322487,530330256011.0,hdt_D_Diesel,b2b--c33-67832
32409,7194264-6-hdt,b2b-32409,ft-bdd11,ft-hdt-Dsl,530530732003,-122.23706641279225,46.78408365659002,410510024023.0,hdt_D_Diesel,b2b--c33-67840
32423,4954906-3-hdt,b2b-32423,ft-71817,ft-hdt-Dsl,530530730061,-122.34183800719136,46.92931107282429,410030102003.0,hdt_D_Diesel,b2b--c33-67870
32429,7358705-11-hdt,b2b-32429,ft-4f72f,ft-hdt-Dsl,530530732003,-122.23706641279225,46.78408365659002,530110411051.0,hdt_D_Diesel,b2b--c33-67884
32438,7192982-3-mdv,b2b-32438,ft-d1376,ft-mdv-Dsl,530530732003,-122.23706641279225,46.78408365659002,410510043001.0,mdv_D_Diesel,b2b--c33-67902
32472,7366501-10-mdv,b2b-32472,ft-9d865,ft-mdv-Gas,530330265002,-122.3430757196565,47.51192083812315,530330265002.0,mdv_G_Gasoline,b2b--c33-67963
32481,7364691-1-hdt,b2b-32481,ft-28527,ft-hdt-Dsl,530330112001,-122.33016952325477,47.52660254101656,530330112001.0,hdt_D_Diesel,b2b--c33-68004
32485,7361888-12-hdv,b2b-32485,ft-eebfe,ft-hdv-Dsl,530330305011,-122.22966721107335,47.34473362659061,530330305011.0,hdv_D_Diesel,b2b--c33-68010
32494,7363441-20-mdv,b2b-32494,ft-d30ad,ft-mdv-Dsl,530330323193,-122.15671601884792,47.75905143275152,530330323193.0,mdv_D_Diesel,b2b--c33-68039
32507,7365023-10-mdv,b2b-32507,ft-aecaa,ft-mdv-Gas,530330112001,-122.3191953607674,47.52086923115575,530330112001.0,mdv_G_Gasoline,b2b--c33-68097
32520,7366389-16-hdt,b2b-32520,ft-25eb0,ft-hdv-Dsl,530330099004,-122.35117715320465,47.57121825509962,530330099004.0,hdv_D_Diesel,b2b--c33-68166
32524,8395898-5-ld1,b2b-32524,ft-87e2d,ft-ld1-Gas,530530728001,-122.64899673245617,47.0992006395685,530670122222.0,ld1_G_Gasoline,b2b--c33-68173
32572,8395473-7-ld3,b2b-32572,ft-957e7,ft-ld3-Gas,530610535061,-121.89999203508337,48.27272291141637,530579512001.0,ld3_G_Gasoline,b2b--c33-68293
32582,7361888-7-hdv,b2b-32582,ft-34bee,ft-hdv-Dsl,530330305011,-122.22966721107335,47.34473362659061,530330305011.0,hdv_D_Diesel,b2b--c33-68319
32606,8396033-4-ld1,b2b-32606,ft-456fc,ft-ld1-Gas,530330315021,-121.36938446587672,47.147855247348815,530770018002.0,ld1_G_Gasoline,b2b--c33-68375
32608,7369625-8-ld1,b2b-32608,ft-ab106,ft-ld1-Gas,530530718071,-122.49201601524814,47.17286749241953,530530718071.0,ld1_G_Gasoline,b2b--c33-68387
32621,7369581-9-ld3,b2b-32621,ft-42112,ft-ld3-Gas,530530718071,-122.49233469468531,47.17252881714979,530530718071.0,ld3_G_Gasoline,b2b--c33-68423
32630,7364918-15-mdv,b2b-32630,ft-05d20,ft-mdv-Dsl,530330112001,-122.32094222317475,47.52248634453613,530330112001.0,mdv_D_Diesel,b2b--c33-68437
32633,6334156-2-hdt,b2b-32633,ft-4bbf0,ft-hdt-Dsl,530330219041,-122.15881986546636,47.71510582845816,530330219041.0,hdt_D_Diesel,b2b--c33-68448
32644,8370792-18-ld1,b2b-32644,ft-83cd9,ft-ld1-Gas,530530732003,-122.23706641279225,46.78408365659002,410430306003.0,ld1_G_Gasoline,b2b--c33-68469
32666,7373504-25-mdv,b2b-32666,ft-33635,ft-mdv-Dsl,530530729061,-122.5544249277511,47.049137874735855,530670126101.0,mdv_D_Diesel,b2b--c33-68537
32674,7192144-21-hdt,b2b-32674,ft-c7721,ft-hdt-Dsl,530530732003,-122.23706641279225,46.78408365659002,410510072021.0,hdt_D_Diesel,b2b--c33-68552
32683,8395670-27-ld3,b2b-32683,ft-a48ba,ft-ld3-Dsl,530610537001,-121.31300181346782,48.04698207479564,530630136002.0,ld3_D_Diesel,b2b--c33-68575
32686,8395670-27-ld3,b2b-32686,ft-f07b2,ft-ld3-Dsl,530610537001,-121.31300181346782,48.04698207479564,530630136002.0,ld3_D_Diesel,b2b--c33-68578
32702,8370342-13-ld1,b2b-32702,ft-510e9,ft-ld1-Gas,530530732003,-122.23706641279225,46.78408365659002,410050221081.0,ld1_G_Gasoline,b2b--c33-68613
32704,8370342-13-ld1,b2b-32704,ft-23999,ft-ld1-Gas,530530732003,-122.23706641279225,46.78408365659002,410050221081.0,ld1_G_Gasoline,b2b--c33-68618
32714,8371136-13-ld1,b2b-32714,ft-4505c,ft-ld1-Gas,530530732003,-122.23706641279225,46.78408365659002,410510072021.0,ld1_G_Gasoline,b2b--c33-68639
32736,7193733-18-ld1,b2b-32736,ft-ea6c4,ft-ld1-Gas,530530732003,-122.23706641279225,46.78408365659002,410510073001.0,ld1_G_Gasoline,b2b--c33-68674
32740,6421681-1-hdt,b2b-32740,ft-2f83b,ft-hdt-Dsl,530610537001,-121.31300181346782,48.04698207479564,530630132021.0,hdt_D_Diesel,b2b--c33-68677
32742,7372143-13-ld1,b2b-32742,ft-a49d9,ft-ld1-Gas,530610537001,-121.31300181346782,48.04698207479564,530630122001.0,ld1_G_Gasoline,b2b--c33-68680
32747,6429768-2-hdt,b2b-32747,ft-1eb18,ft-hdt-Dsl,530610537001,-121.31300181346782,48.04698207479564,530630114003.0,hdt_D_Diesel,b2b--c33-68689
32758,7372658-13-ld1,b2b-32758,ft-393cc,ft-ld1-Dsl,530610537001,-121.31300181346782,48.04698207479564,530630114003.0,ld1_D_Diesel,b2b--c33-68710
32779,7195990-9-ld3,b2b-32779,ft-6f5ca,ft-ld3-Gas,530530732003,-122.23706641279225,46.78408365659002,410670326081.0,ld3_G_Gasoline,b2b--c33-68749
32793,8304979-13-ld1,b2b-32793,ft-7522e,ft-ld1-Gas,530530701001,-121.5437370927352,47.12072649438632,20009.0,ld1_G_Gasoline,b2b--c33-68763
32814,7195692-36-hdt,b2b-32814,ft-fcced,ft-hdt-Dsl,530530730061,-122.34183800719136,46.92931107282429,410670331021.0,hdt_D_Diesel,b2b--c33-68792
32817,7195692-36-hdt,b2b-32817,ft-75e32,ft-hdt-Dsl,530530730061,-122.34183800719136,46.92931107282429,410670331021.0,hdt_D_Diesel,b2b--c33-68799
32834,7033194-16-hdt,b2b-32834,ft-66141,ft-hdt-Dsl,530610537001,-121.31300181346782,48.04698207479564,20067.0,hdt_D_Diesel,b2b--c33-68822
32837,756762-1-hdt,b2b-32837,ft-517bc,ft-hdt-Dsl,530530701001,-121.5437370927352,47.12072649438632,20009.0,hdt_D_Diesel,b2b--c33-68826
32843,7361482-44-ld3,b2b-32843,ft-acc28,ft-ld3-Dsl,530330314004,-121.99798235696454,47.20664299016041,530330314004.0,ld3_D_Diesel,b2b--c33-68836
32844,7361891-10-mdv,b2b-32844,ft-515fd,ft-mdv-Dsl,530330292061,-122.24476005979747,47.397552375178016,530330292061.0,mdv_D_Diesel,b2b--c33-68854
32851,7367755-19-ld3,b2b-32851,ft-f70a9,ft-ld3-Dsl,530530729061,-122.5544249277511,47.049137874735855,530419708004.0,ld3_D_Diesel,b2b--c33-68866
32852,7367751-3-ld1,b2b-32852,ft-436b6,ft-ld1-Gas,530530729061,-122.5544249277511,47.049137874735855,530419714002.0,ld1_G_Gasoline,b2b--c33-68867
32864,7367025-3-mdv,b2b-32864,ft-ec292,ft-mdv-Dsl,530330284024,-122.29846340456025,47.44344405905367,530330284024.0,mdv_D_Diesel,b2b--c33-68892
32870,7366620-25-mdv,b2b-32870,ft-525e5,ft-mdv-Gas,530330284024,-122.29217467971979,47.45881065074249,530330284024.0,mdv_G_Gasoline,b2b--c33-68908
32871,6337759-3-hdt,b2b-32871,ft-d6718,ft-hdt-Dsl,530330320031,-122.04234542382136,47.393395413912806,530330320031.0,hdt_D_Diesel,b2b--c33-68914
32882,8395795-18-ld3,b2b-32882,ft-c2455,ft-ld3-Dsl,530610537001,-121.31300181346782,48.04698207479564,530630114003.0,ld3_D_Diesel,b2b--c33-68929
32887,8395795-18-ld3,b2b-32887,ft-377c2,ft-ld3-Dsl,530610537001,-121.31300181346782,48.04698207479564,530630114003.0,ld3_D_Diesel,b2b--c33-68940
32888,7361108-12-mdv,b2b-32888,ft-621bc,ft-mdv-Dsl,530330237001,-122.16721631684192,47.62586460308248,530330237001.0,mdv_D_Diesel,b2b--c33-68950
32897,7373608-13-ld1,b2b-32897,ft-93e44,ft-ld1-Dsl,530530729061,-122.5544249277511,47.049137874735855,530670126102.0,ld1_D_Diesel,b2b--c33-68966
32905,7363676-2-hdv,b2b-32905,ft-2cb40,ft-hdv-Dsl,530330072001,-122.34222290120908,47.62143786859168,530330072001.0,hdv_D_Diesel,b2b--c33-68986
32910,7364692-6-mdv,b2b-32910,ft-9f3bf,ft-mdv-Gas,530330108001,-122.34913921788487,47.55384014888749,530330108001.0,mdv_G_Gasoline,b2b--c33-68989
32912,8303506-3-hdt,b2b-32912,ft-cb0d2,ft-hdt-Dsl,530530732004,-122.26381973027048,46.91888857212184,20010.0,hdt_D_Diesel,b2b--c33-69010
32915,8303506-3-hdt,b2b-32915,ft-3d2cc,ft-hdt-Dsl,530530732004,-122.26381973027048,46.91888857212184,20010.0,hdt_D_Diesel,b2b--c33-69014
32922,8303506-3-hdt,b2b-32922,ft-901d3,ft-hdt-Dsl,530530732004,-122.26381973027048,46.91888857212184,20010.0,hdt_D_Diesel,b2b--c33-69021
32952,8303506-3-hdt,b2b-32952,ft-e520b,ft-hdt-Dsl,530530732004,-122.26381973027048,46.91888857212184,20010.0,hdt_D_Diesel,b2b--c33-69135
32958,8303506-3-hdt,b2b-32958,ft-89005,ft-hdt-Dsl,530530732004,-122.26381973027048,46.91888857212184,20010.0,hdt_D_Diesel,b2b--c33-69141
32965,8303506-3-hdt,b2b-32965,ft-41e3a,ft-hdv-Dsl,530530732004,-122.26381973027048,46.91888857212184,20010.0,hdv_D_Diesel,b2b--c33-69149
32991,7370808-1-hdt,b2b-32991,ft-7c63d,ft-hdt-Dsl,530610413042,-122.27788640878946,47.93850672643978,530610413042.0,hdt_D_Diesel,b2b--c33-69234
32993,314961-3-hdt,b2b-32993,ft-3d312,ft-hdt-Dsl,530530732004,-122.26381973027048,46.91888857212184,20012.0,hdt_D_Diesel,b2b--c33-69241
33004,303012-1-hdt,b2b-33004,ft-f76ba,ft-hdt-Dsl,530530732004,-122.26381973027048,46.91888857212184,20012.0,hdt_D_Diesel,b2b--c33-69253
33035,979661-2-hdt,b2b-33035,ft-f7808,ft-hdt-Dsl,530530732004,-122.26381973027048,46.91888857212184,20012.0,hdt_D_Diesel,b2b--c33-69291
33041,937283-1-hdt,b2b-33041,ft-6bc0d,ft-hdv-Dsl,530530732004,-122.26381973027048,46.91888857212184,20012.0,hdv_D_Diesel,b2b--c33-69299
33044,935429-1-hdt,b2b-33044,ft-4ecb0,ft-hdt-Dsl,530530732004,-122.26381973027048,46.91888857212184,20012.0,hdt_D_Diesel,b2b--c33-69302
33045,1030691-3-hdt,b2b-33045,ft-3a17a,ft-hdt-Dsl,530530732004,-122.26381973027048,46.91888857212184,20012.0,hdt_D_Diesel,b2b--c33-69303
33056,936713-3-hdt,b2b-33056,ft-3cbfe,ft-hdt-Dsl,530530732004,-122.26381973027048,46.91888857212184,20012.0,hdt_D_Diesel,b2b--c33-69316
33057,302427-1-hdt,b2b-33057,ft-f83e4,ft-hdv-Dsl,530530732004,-122.26381973027048,46.91888857212184,20012.0,hdv_D_Diesel,b2b--c33-69317
33070,930875-2-hdt,b2b-33070,ft-f7dac,ft-hdv-Dsl,530530732004,-122.26381973027048,46.91888857212184,20012.0,hdv_D_Diesel,b2b--c33-69333
33091,937550-5-hdt,b2b-33091,ft-cd866,ft-hdv-Dsl,530530732004,-122.26381973027048,46.91888857212184,20012.0,hdv_D_Diesel,b2b--c33-69357
33092,801432-2-hdt,b2b-33092,ft-ca546,ft-hdv-Dsl,530530732004,-122.26381973027048,46.91888857212184,20012.0,hdv_D_Diesel,b2b--c33-69358
33100,323787-5-hdt,b2b-33100,ft-4ff24,ft-hdv-Dsl,530530732004,-122.26381973027048,46.91888857212184,20012.0,hdv_D_Diesel,b2b--c33-69368
33108,353068-1-hdt,b2b-33108,ft-ca2f4,ft-hdt-Dsl,530530732004,-122.26381973027048,46.91888857212184,20012.0,hdt_D_Diesel,b2b--c33-69377
33114,1032795-1-hdt,b2b-33114,ft-6cd32,ft-hdt-Dsl,530530732004,-122.26381973027048,46.91888857212184,20012.0,hdt_D_Diesel,b2b--c33-69383
33129,343599-3-hdt,b2b-33129,ft-431cf,ft-hdt-Dsl,530530732004,-122.26381973027048,46.91888857212184,20012.0,hdt_D_Diesel,b2b--c33-69400
33130,323665-2-hdt,b2b-33130,ft-8a236,ft-hdt-Dsl,530530732004,-122.26381973027048,46.91888857212184,20012.0,hdt_D_Diesel,b2b--c33-69401
33132,298629-2-hdt,b2b-33132,ft-d42ff,ft-hdt-Dsl,530530732004,-122.26381973027048,46.91888857212184,20012.0,hdt_D_Diesel,b2b--c33-69403
33146,298671-1-hdt,b2b-33146,ft-3b94f,ft-hdt-Dsl,530530732004,-122.26381973027048,46.91888857212184,20012.0,hdt_D_Diesel,b2b--c33-69418
33164,6655433-5-mdv,b2b-33164,ft-574e7,ft-mdv-Gas,530530732004,-122.26381973027048,46.91888857212184,20012.0,mdv_G_Gasoline,b2b--c33-69439
33169,302639-1-hdt,b2b-33169,ft-04b48,ft-hdt-Dsl,530530732004,-122.26381973027048,46.91888857212184,20012.0,hdt_D_Diesel,b2b--c33-69444
33176,353459-3-hdt,b2b-33176,ft-b3fb2,ft-hdv-Dsl,530530732004,-122.26381973027048,46.91888857212184,20012.0,hdv_D_Diesel,b2b--c33-69450
33180,909823-3-hdt,b2b-33180,ft-99672,ft-hdt-Dsl,530530732004,-122.26381973027048,46.91888857212184,20012.0,hdt_D_Diesel,b2b--c33-69457
33182,6725698-5-mdv,b2b-33182,ft-232f0,ft-mdv-Dsl,530530732004,-122.26381973027048,46.91888857212184,20012.0,mdv_D_Diesel,b2b--c33-69459
33187,6727095-6-hdt,b2b-33187,ft-3933d,ft-hdt-Dsl,530530732004,-122.26381973027048,46.91888857212184,20012.0,hdt_D_Diesel,b2b--c33-69467
33198,988685-7-hdt,b2b-33198,ft-79f7e,ft-hdt-Dsl,530530732004,-122.26381973027048,46.91888857212184,20012.0,hdt_D_Diesel,b2b--c33-69482
33200,301720-1-hdt,b2b-33200,ft-627d0,ft-hdt-Dsl,530530732004,-122.26381973027048,46.91888857212184,20012.0,hdt_D_Diesel,b2b--c33-69485
33204,1029899-1-hdt,b2b-33204,ft-3a274,ft-hdt-Dsl,530530732004,-122.26381973027048,46.91888857212184,20012.0,hdt_D_Diesel,b2b--c33-69492
33233,6728238-2-mdv,b2b-33233,ft-46d4f,ft-mdv-Dsl,530530732004,-122.26381973027048,46.91888857212184,20012.0,mdv_D_Diesel,b2b--c33-69529
33239,6738878-1-hdt,b2b-33239,ft-79787,ft-hdt-Dsl,530530732004,-122.26381973027048,46.91888857212184,20012.0,hdt_D_Diesel,b2b--c33-69535
33245,913130-1-hdt,b2b-33245,ft-70e0d,ft-hdv-Dsl,530530732004,-122.26381973027048,46.91888857212184,20012.0,hdv_D_Diesel,b2b--c33-69543
33262,1035740-6-hdt,b2b-33262,ft-5106e,ft-hdt-Dsl,530530732004,-122.26381973027048,46.91888857212184,20012.0,hdt_D_Diesel,b2b--c33-69564
33263,6726178-1-hdt,b2b-33263,ft-808bd,ft-hdt-Dsl,530530732004,-122.26381973027048,46.91888857212184,20012.0,hdt_D_Diesel,b2b--c33-69565
33266,964057-6-hdt,b2b-33266,ft-7fdd2,ft-hdt-Dsl,530530732004,-122.26381973027048,46.91888857212184,20012.0,hdt_D_Diesel,b2b--c33-69568
33268,335339-1-hdt,b2b-33268,ft-a3173,ft-hdt-Dsl,530530732004,-122.26381973027048,46.91888857212184,20012.0,hdt_D_Diesel,b2b--c33-69570
33284,6658846-10-mdv,b2b-33284,ft-f4424,ft-mdv-Gas,530530732004,-122.26381973027048,46.91888857212184,20012.0,mdv_G_Gasoline,b2b--c33-69589
33297,937695-4-hdt,b2b-33297,ft-74edd,ft-hdt-Dsl,530530732004,-122.26381973027048,46.91888857212184,20012.0,hdt_D_Diesel,b2b--c33-69603
33303,8308628-5-mdv,b2b-33303,ft-21828,ft-mdv-Dsl,530530732004,-122.26381973027048,46.91888857212184,20012.0,mdv_D_Diesel,b2b--c33-69609
33312,937255-3-hdt,b2b-33312,ft-5550c,ft-hdt-Dsl,530530732004,-122.26381973027048,46.91888857212184,20012.0,hdt_D_Diesel,b2b--c33-69618
33336,1041185-5-hdt,b2b-33336,ft-d85dc,ft-hdv-Dsl,530530732004,-122.26381973027048,46.91888857212184,20012.0,hdv_D_Diesel,b2b--c33-69642
33348,6738879-8-mdv,b2b-33348,ft-6995,ft-mdv-Dsl,530530732004,-122.26381973027048,46.91888857212184,20012.0,mdv_D_Diesel,b2b--c33-69659
33379,337231-3-hdt,b2b-33379,ft-90f39,ft-hdt-Dsl,530530732004,-122.26381973027048,46.91888857212184,20012.0,hdt_D_Diesel,b2b--c33-69695
33385,335881-2-hdt,b2b-33385,ft-1191,ft-hdt-Dsl,530530732004,-122.26381973027048,46.91888857212184,20012.0,hdt_D_Diesel,b2b--c33-69702
33398,1000878-4-hdt,b2b-33398,ft-2730b,ft-hdv-Dsl,530530732004,-122.26381973027048,46.91888857212184,20012.0,hdv_D_Diesel,b2b--c33-69726
33409,936104-5-hdt,b2b-33409,ft-a59ea,ft-hdt-Dsl,530530732004,-122.26381973027048,46.91888857212184,20012.0,hdt_D_Diesel,b2b--c33-69738
33411,340623-3-hdt,b2b-33411,ft-bafef,ft-hdv-Dsl,530530732004,-122.26381973027048,46.91888857212184,20012.0,hdv_D_Diesel,b2b--c33-69740
33421,934043-1-hdt,b2b-33421,ft-c374f,ft-hdt-Dsl,530530732004,-122.26381973027048,46.91888857212184,20012.0,hdt_D_Diesel,b2b--c33-69752
33437,922207-2-hdt,b2b-33437,ft-fed25,ft-hdt-Dsl,530530732004,-122.26381973027048,46.91888857212184,20012.0,hdt_D_Diesel,b2b--c33-69770
33470,310570-1-hdt,b2b-33470,ft-62b13,ft-hdv-Dsl,530530732004,-122.26381973027048,46.91888857212184,20012.0,hdv_D_Diesel,b2b--c33-69803
33478,962219-2-hdt,b2b-33478,ft-97cc4,ft-hdt-Dsl,530530732004,-122.26381973027048,46.91888857212184,20012.0,hdt_D_Diesel,b2b--c33-69814
33485,1004743-1-hdt,b2b-33485,ft-aa81a,ft-hdt-Dsl,530530732004,-122.26381973027048,46.91888857212184,20012.0,hdt_D_Diesel,b2b--c33-69823
33487,6657311-2-mdv,b2b-33487,ft-cd8f2,ft-mdv-Gas,530530732004,-122.26381973027048,46.91888857212184,20012.0,mdv_G_Gasoline,b2b--c33-69825
33489,1027746-1-hdt,b2b-33489,ft-5fb8b,ft-hdt-Dsl,530530732004,-122.26381973027048,46.91888857212184,20012.0,hdt_D_Diesel,b2b--c33-69828
33496,999316-2-hdt,b2b-33496,ft-233cf,ft-hdt-Dsl,530530732004,-122.26381973027048,46.91888857212184,20012.0,hdt_D_Diesel,b2b--c33-69835
33498,6710294-5-mdv,b2b-33498,ft-0f023,ft-mdv-Dsl,530530732004,-122.26381973027048,46.91888857212184,20012.0,mdv_D_Diesel,b2b--c33-69837
33499,1036275-10-hdt,b2b-33499,ft-9e963,ft-hdt-Dsl,530530732004,-122.26381973027048,46.91888857212184,20012.0,hdt_D_Diesel,b2b--c33-69838
33509,6739385-1-hdt,b2b-33509,ft-e8e4a,ft-hdt-Dsl,530530732004,-122.26381973027048,46.91888857212184,20012.0,hdt_D_Diesel,b2b--c33-69850
33535,918285-7-hdt,b2b-33535,ft-98ade,ft-hdv-Dsl,530530732004,-122.26381973027048,46.91888857212184,20012.0,hdv_D_Diesel,b2b--c33-69880
33538,342042-3-hdt,b2b-33538,ft-f7246,ft-hdt-Dsl,530530732004,-122.26381973027048,46.91888857212184,20012.0,hdt_D_Diesel,b2b--c33-69884
33540,339026-4-hdt,b2b-33540,ft-b50fe,ft-hdt-Dsl,530530732004,-122.26381973027048,46.91888857212184,20012.0,hdt_D_Diesel,b2b--c33-69886
33546,925256-2-hdt,b2b-33546,ft-c716b,ft-hdt-Dsl,530530732004,-122.26381973027048,46.91888857212184,20012.0,hdt_D_Diesel,b2b--c33-69892
33554,6728238-10-mdv,b2b-33554,ft-7cc19,ft-mdv-Dsl,530530732004,-122.26381973027048,46.91888857212184,20012.0,mdv_D_Diesel,b2b--c33-69902
33557,6727093-6-hdt,b2b-33557,ft-139a3,ft-hdv-Dsl,530530732004,-122.26381973027048,46.91888857212184,20012.0,hdv_D_Diesel,b2b--c33-69906
33580,947607-3-hdt,b2b-33580,ft-8ffdc,ft-hdt-Dsl,530530732004,-122.26381973027048,46.91888857212184,20012.0,hdt_D_Diesel,b2b--c33-69930
33586,346253-1-hdt,b2b-33586,ft-20a7d,ft-hdt-Dsl,530530732004,-122.26381973027048,46.91888857212184,20012.0,hdt_D_Diesel,b2b--c33-69936
33598,310575-4-hdt,b2b-33598,ft-3d0cb,ft-hdv-Dsl,530530732004,-122.26381973027048,46.91888857212184,20012.0,hdv_D_Diesel,b2b--c33-69951
33610,317298-3-hdt,b2b-33610,ft-0a4d0,ft-hdt-Dsl,530530732004,-122.26381973027048,46.91888857212184,20012.0,hdt_D_Diesel,b2b--c33-69964
33611,1003515-3-hdt,b2b-33611,ft-d344b,ft-hdt-Dsl,530530732004,-122.26381973027048,46.91888857212184,20012.0,hdt_D_Diesel,b2b--c33-69965_2
33623,315920-2-hdt,b2b-33623,ft-36f8d,ft-hdt-Dsl,530530732004,-122.26381973027048,46.91888857212184,20012.0,hdt_D_Diesel,b2b--c33-69979
33634,996415-4-hdt,b2b-33634,ft-b9ec4,ft-hdt-Dsl,530530732004,-122.26381973027048,46.91888857212184,20012.0,hdt_D_Diesel,b2b--c33-69991
33677,1003210-1-hdt,b2b-33677,ft-62348,ft-hdt-Dsl,530530732004,-122.26381973027048,46.91888857212184,20012.0,hdt_D_Diesel,b2b--c33-70035
33710,1014305-4-hdt,b2b-33710,ft-b76a0,ft-hdt-Dsl,530530732004,-122.26381973027048,46.91888857212184,20012.0,hdt_D_Diesel,b2b--c33-70069
33712,926986-5-hdt,b2b-33712,ft-a8763,ft-hdt-Dsl,530530732004,-122.26381973027048,46.91888857212184,20012.0,hdt_D_Diesel,b2b--c33-70071
33722,1043328-1-hdt,b2b-33722,ft-45d9f,ft-hdt-Dsl,530530732004,-122.26381973027048,46.91888857212184,20012.0,hdt_D_Diesel,b2b--c33-70081
33741,502311-1-hdt,b2b-33741,ft-9c780,ft-hdt-Dsl,530530701001,-121.5437370927352,47.12072649438632,20009.0,hdt_D_Diesel,b2b--c33-70101
33760,561619-3-hdt,b2b-33760,ft-e435c,ft-hdt-Dsl,530530701001,-121.5437370927352,47.12072649438632,20009.0,hdt_D_Diesel,b2b--c33-70121
33771,6692620-30-mdv,b2b-33771,ft-e344d,ft-mdv-Gas,530530701001,-121.5437370927352,47.12072649438632,20009.0,mdv_G_Gasoline,b2b--c33-70132
33779,601922-2-hdt,b2b-33779,ft-e4c0c,ft-hdt-Dsl,530530701001,-121.5437370927352,47.12072649438632,20009.0,hdt_D_Diesel,b2b--c33-70140
33782,469162-7-hdt,b2b-33782,ft-c05b3,ft-hdt-Dsl,530530701001,-121.5437370927352,47.12072649438632,20009.0,hdt_D_Diesel,b2b--c33-70143
33783,6712237-32-mdv,b2b-33783,ft-1859a,ft-mdv-Gas,530530701001,-121.5437370927352,47.12072649438632,20009.0,mdv_G_Gasoline,b2b--c33-70144
33805,413245-1-hdt,b2b-33805,ft-a643f,ft-hdt-Dsl,530530701001,-121.5437370927352,47.12072649438632,20009.0,hdt_D_Diesel,b2b--c33-70166
33806,510629-2-hdt,b2b-33806,ft-3b871,ft-hdv-Dsl,530530701001,-121.5437370927352,47.12072649438632,20009.0,hdv_D_Diesel,b2b--c33-70167
33815,505347-4-hdt,b2b-33815,ft-e4635,ft-hdt-Dsl,530530701001,-121.5437370927352,47.12072649438632,20009.0,hdt_D_Diesel,b2b--c33-70177
33819,6692620-12-mdv,b2b-33819,ft-003ff,ft-mdv-Dsl,530530701001,-121.5437370927352,47.12072649438632,20009.0,mdv_D_Diesel,b2b--c33-70181
33822,563729-1-hdt,b2b-33822,ft-8bf11,ft-hdt-Dsl,530530701001,-121.5437370927352,47.12072649438632,20009.0,hdt_D_Diesel,b2b--c33-70185
33833,504709-1-hdt,b2b-33833,ft-e2c30,ft-hdv-Dsl,530530701001,-121.5437370927352,47.12072649438632,20009.0,hdv_D_Diesel,b2b--c33-70196
33839,1074659-1-hdt,b2b-33839,ft-3e36c,ft-hdt-Dsl,530530701001,-121.5437370927352,47.12072649438632,20009.0,hdt_D_Diesel,b2b--c33-70202
33840,515480-3-hdt,b2b-33840,ft-c74ef,ft-hdt-Dsl,530530701001,-121.5437370927352,47.12072649438632,20009.0,hdt_D_Diesel,b2b--c33-70203
33844,821729-1-hdt,b2b-33844,ft-b1573,ft-hdt-Dsl,530530701001,-121.5437370927352,47.12072649438632,20009.0,hdt_D_Diesel,b2b--c33-70207
33852,6682518-25-mdv,b2b-33852,ft-2c96c,ft-mdv-Gas,530530701001,-121.5437370927352,47.12072649438632,20009.0,mdv_G_Gasoline,b2b--c33-70215
33853,6683219-26-mdv,b2b-33853,ft-d6baa,ft-mdv-Gas,530530701001,-121.5437370927352,47.12072649438632,20009.0,mdv_G_Gasoline,b2b--c33-70216
33872,826198-1-hdt,b2b-33872,ft-fc4ab,ft-hdt-Dsl,530530701001,-121.5437370927352,47.12072649438632,20009.0,hdt_D_Diesel,b2b--c33-70235
33880,805195-2-hdt,b2b-33880,ft-bfc6c,ft-hdt-Dsl,530530701001,-121.5437370927352,47.12072649438632,20009.0,hdt_D_Diesel,b2b--c33-70246
33883,597226-2-hdt,b2b-33883,ft-b900d,ft-hdt-Dsl,530530701001,-121.5437370927352,47.12072649438632,20009.0,hdt_D_Diesel,b2b--c33-70249
33891,428930-2-hdt,b2b-33891,ft-19848,ft-hdt-Dsl,530530701001,-121.5437370927352,47.12072649438632,20009.0,hdt_D_Diesel,b2b--c33-70258
33892,592688-2-hdt,b2b-33892,ft-7a473,ft-hdt-Dsl,530530701001,-121.5437370927352,47.12072649438632,20009.0,hdt_D_Diesel,b2b--c33-70259
33894,775397-3-hdt,b2b-33894,ft-9cd93,ft-hdt-Dsl,530530701001,-121.5437370927352,47.12072649438632,20009.0,hdt_D_Diesel,b2b--c33-70261
33897,821150-3-hdt,b2b-33897,ft-46fed,ft-hdt-Dsl,530530701001,-121.5437370927352,47.12072649438632,20009.0,hdt_D_Diesel,b2b--c33-70264
33913,462324-2-hdt,b2b-33913,ft-747e7,ft-hdt-Dsl,530530701001,-121.5437370927352,47.12072649438632,20009.0,hdt_D_Diesel,b2b--c33-70280
33924,504354-2-hdt,b2b-33924,ft-d2efa,ft-hdt-Dsl,530530701001,-121.5437370927352,47.12072649438632,20009.0,hdt_D_Diesel,b2b--c33-70292
33936,576248-4-hdt,b2b-33936,ft-88879,ft-hdt-Dsl,530530701001,-121.5437370927352,47.12072649438632,20009.0,hdt_D_Diesel,b2b--c33-70304
33941,6712608-5-mdv,b2b-33941,ft-5ced1,ft-mdv-Dsl,530530701001,-121.5437370927352,47.12072649438632,20009.0,mdv_D_Diesel,b2b--c33-70309
33956,6675513-6-mdv,b2b-33956,ft-a6ed5,ft-mdv-Dsl,530530701001,-121.5437370927352,47.12072649438632,20009.0,mdv_D_Diesel,b2b--c33-70324
33960,617230-4-hdt,b2b-33960,ft-bff7a,ft-hdt-Dsl,530530701001,-121.5437370927352,47.12072649438632,20009.0,hdt_D_Diesel,b2b--c33-70328
33967,8301408-1-hdt,b2b-33967,ft-b66f7,ft-hdv-Dsl,530530701001,-121.5437370927352,47.12072649438632,20009.0,hdv_D_Diesel,b2b--c33-70335
33995,557531-3-hdt,b2b-33995,ft-8bd24,ft-hdv-Dsl,530530701001,-121.5437370927352,47.12072649438632,20009.0,hdv_D_Diesel,b2b--c33-70363
33999,601870-5-hdt,b2b-33999,ft-7c39e,ft-hdt-Dsl,530530701001,-121.5437370927352,47.12072649438632,20009.0,hdt_D_Diesel,b2b--c33-70367
34036,6682489-36-mdv,b2b-34036,ft-94ff7,ft-mdv-Dsl,530530701001,-121.5437370927352,47.12072649438632,20009.0,mdv_D_Diesel,b2b--c33-70404
34048,1077495-2-hdt,b2b-34048,ft-ef3de,ft-hdt-Dsl,530530701001,-121.5437370927352,47.12072649438632,20009.0,hdt_D_Diesel,b2b--c33-70416
34058,826200-2-hdt,b2b-34058,ft-ebc8c,ft-hdv-Dsl,530530701001,-121.5437370927352,47.12072649438632,20009.0,hdv_D_Diesel,b2b--c33-70426
34066,599171-1-hdt,b2b-34066,ft-694de,ft-hdv-Dsl,530530701001,-121.5437370927352,47.12072649438632,20009.0,hdv_D_Diesel,b2b--c33-70434
34071,430681-2-hdt,b2b-34071,ft-b6e1b,ft-hdv-Dsl,530530701001,-121.5437370927352,47.12072649438632,20009.0,hdv_D_Diesel,b2b--c33-70439
34089,469047-2-hdt,b2b-34089,ft-30838,ft-hdt-Dsl,530530701001,-121.5437370927352,47.12072649438632,20009.0,hdt_D_Diesel,b2b--c33-70457
34117,6673530-36-mdv,b2b-34117,ft-988ae,ft-mdv-Dsl,530530701001,-121.5437370927352,47.12072649438632,20009.0,mdv_D_Diesel,b2b--c33-70486
34125,623204-3-hdt,b2b-34125,ft-de36a,ft-hdt-Dsl,530530701001,-121.5437370927352,47.12072649438632,20009.0,hdt_D_Diesel,b2b--c33-70494
34132,469495-4-hdt,b2b-34132,ft-17160,ft-hdt-Dsl,530530701001,-121.5437370927352,47.12072649438632,20009.0,hdt_D_Diesel,b2b--c33-70501
34145,592894-2-hdt,b2b-34145,ft-9d594,ft-hdv-Dsl,530530701001,-121.5437370927352,47.12072649438632,20009.0,hdv_D_Diesel,b2b--c33-70514
34147,8303101-5-hdt,b2b-34147,ft-13cfe,ft-hdt-Dsl,530530701001,-121.5437370927352,47.12072649438632,20009.0,hdt_D_Diesel,b2b--c33-70516
34148,759926-2-hdt,b2b-34148,ft-582a5,ft-hdt-Dsl,530530701001,-121.5437370927352,47.12072649438632,20009.0,hdt_D_Diesel,b2b--c33-70518
34151,433073-4-hdt,b2b-34151,ft-505a0,ft-hdt-Dsl,530530701001,-121.5437370927352,47.12072649438632,20009.0,hdt_D_Diesel,b2b--c33-70521
34183,443639-1-hdt,b2b-34183,ft-7c450,ft-hdv-Dsl,530530701001,-121.5437370927352,47.12072649438632,20009.0,hdv_D_Diesel,b2b--c33-70553
34200,534162-7-hdt,b2b-34200,ft-88352,ft-hdt-Dsl,530530701001,-121.5437370927352,47.12072649438632,20009.0,hdt_D_Diesel,b2b--c33-70570
34203,495144-6-hdt,b2b-34203,ft-a46fd,ft-hdt-Dsl,530530701001,-121.5437370927352,47.12072649438632,20009.0,hdt_D_Diesel,b2b--c33-70573
34247,465746-4-hdt,b2b-34247,ft-e40cc,ft-hdt-Dsl,530530701001,-121.5437370927352,47.12072649438632,20009.0,hdt_D_Diesel,b2b--c33-70617
34248,774419-7-hdt,b2b-34248,ft-7b367,ft-hdt-Dsl,530530701001,-121.5437370927352,47.12072649438632,20009.0,hdt_D_Diesel,b2b--c33-70618
34250,812204-4-hdt,b2b-34250,ft-f8c4e,ft-hdt-Dsl,530530701001,-121.5437370927352,47.12072649438632,20009.0,hdt_D_Diesel,b2b--c33-70620
34259,412540-1-hdt,b2b-34259,ft-53680,ft-hdt-Dsl,530530701001,-121.5437370927352,47.12072649438632,20009.0,hdt_D_Diesel,b2b--c33-70629
34269,6677332-15-mdv,b2b-34269,ft-c68c0,ft-mdv-Gas,530530701001,-121.5437370927352,47.12072649438632,20009.0,mdv_G_Gasoline,b2b--c33-70639
34277,8411354-6-hdt,b2b-34277,ft-8f204,ft-hdt-Dsl,530610537001,-121.31300181346782,48.04698207479564,20034.0,hdt_D_Diesel,b2b--c33-70647
34281,8411354-6-hdt,b2b-34281,ft-1e77d,ft-hdt-Dsl,530610537001,-121.31300181346782,48.04698207479564,20034.0,hdt_D_Diesel,b2b--c33-70651
34284,8411354-6-hdt,b2b-34284,ft-1a217,ft-hdt-Dsl,530610537001,-121.31300181346782,48.04698207479564,20034.0,hdt_D_Diesel,b2b--c33-70654
34291,8411354-6-hdt,b2b-34291,ft-472dc,ft-hdv-Dsl,530610537001,-121.31300181346782,48.04698207479564,20034.0,hdv_D_Diesel,b2b--c33-70662
34295,8411354-6-hdt,b2b-34295,ft-c4748,ft-hdt-Dsl,530610537001,-121.31300181346782,48.04698207479564,20034.0,hdt_D_Diesel,b2b--c33-70666
34297,8411354-6-hdt,b2b-34297,ft-98fff,ft-hdt-Dsl,530610537001,-121.31300181346782,48.04698207479564,20034.0,hdt_D_Diesel,b2b--c33-70668
34298,8411354-6-hdt,b2b-34298,ft-50093,ft-hdt-Dsl,530610537001,-121.31300181346782,48.04698207479564,20034.0,hdt_D_Diesel,b2b--c33-70670
34307,8411354-6-hdt,b2b-34307,ft-1ee72,ft-hdt-Dsl,530610537001,-121.31300181346782,48.04698207479564,20034.0,hdt_D_Diesel,b2b--c33-70679
34319,8411354-6-hdt,b2b-34319,ft-4bd27,ft-hdt-Dsl,530610537001,-121.31300181346782,48.04698207479564,20034.0,hdt_D_Diesel,b2b--c33-70691
34320,8411354-6-hdt,b2b-34320,ft-7d6ee,ft-hdt-Dsl,530610537001,-121.31300181346782,48.04698207479564,20034.0,hdt_D_Diesel,b2b--c33-70692
34321,8411354-6-hdt,b2b-34321,ft-238e3,ft-hdv-Dsl,530610537001,-121.31300181346782,48.04698207479564,20034.0,hdv_D_Diesel,b2b--c33-70693
34330,8411354-6-hdt,b2b-34330,ft-dfc71,ft-hdt-Dsl,530610537001,-121.31300181346782,48.04698207479564,20034.0,hdt_D_Diesel,b2b--c33-70824
34332,8411354-6-hdt,b2b-34332,ft-eddf8,ft-hdt-Dsl,530610537001,-121.31300181346782,48.04698207479564,20034.0,hdt_D_Diesel,b2b--c33-70826
34338,8411354-6-hdt,b2b-34338,ft-f2e91,ft-hdt-Dsl,530610537001,-121.31300181346782,48.04698207479564,20034.0,hdt_D_Diesel,b2b--c33-70832
34343,8411354-6-hdt,b2b-34343,ft-42f74,ft-hdt-Dsl,530610537001,-121.31300181346782,48.04698207479564,20034.0,hdt_D_Diesel,b2b--c33-70837
34346,8411354-6-hdt,b2b-34346,ft-3f97c,ft-hdt-Dsl,530610537001,-121.31300181346782,48.04698207479564,20034.0,hdt_D_Diesel,b2b--c33-70842
34350,8411354-6-hdt,b2b-34350,ft-3fa02,ft-hdt-Dsl,530610537001,-121.31300181346782,48.04698207479564,20034.0,hdt_D_Diesel,b2b--c33-70846
34360,6854651-10-mdv,b2b-34360,ft-ce46a,ft-mdv-Dsl,530610537001,-121.31300181346782,48.04698207479564,20034.0,mdv_D_Diesel,b2b--c33-70856
34397,6870242-8-mdv,b2b-34397,ft-cd864,ft-mdv-Gas,530610537001,-121.31300181346782,48.04698207479564,20034.0,mdv_G_Gasoline,b2b--c33-70896
34414,8326503-33-mdv,b2b-34414,ft-b9348,ft-mdv-Gas,530610537001,-121.31300181346782,48.04698207479564,20034.0,mdv_G_Gasoline,b2b--c33-70915
34439,7007744-1-hdt,b2b-34439,ft-ed850,ft-hdt-Dsl,530610537001,-121.31300181346782,48.04698207479564,20061.0,hdt_D_Diesel,b2b--c33-70980
34441,7002265-10-mdv,b2b-34441,ft-b9354,ft-mdv-Dsl,530610537001,-121.31300181346782,48.04698207479564,20061.0,mdv_D_Diesel,b2b--c33-70983
34447,8297460-3-hdt,b2b-34447,ft-bc012,ft-hdt-Dsl,530530732004,-122.26381973027048,46.91888857212184,20012.0,hdt_D_Diesel,b2b--c33-70991
34467,8297460-3-hdt,b2b-34467,ft-a00d5,ft-hdt-Dsl,530530732004,-122.26381973027048,46.91888857212184,20012.0,hdt_D_Diesel,b2b--c33-71011
34489,8297460-3-hdt,b2b-34489,ft-5daef,ft-hdt-Dsl,530530732004,-122.26381973027048,46.91888857212184,20012.0,hdt_D_Diesel,b2b--c33-71033
34491,8297460-3-hdt,b2b-34491,ft-cf347,ft-hdt-Dsl,530530732004,-122.26381973027048,46.91888857212184,20012.0,hdt_D_Diesel,b2b--c33-71035
34494,8297460-3-hdt,b2b-34494,ft-a4520,ft-hdt-Dsl,530530732004,-122.26381973027048,46.91888857212184,20012.0,hdt_D_Diesel,b2b--c33-71038
34508,8297460-3-hdt,b2b-34508,ft-58928,ft-hdt-Dsl,530530732004,-122.26381973027048,46.91888857212184,20012.0,hdt_D_Diesel,b2b--c33-71052
34516,8297460-3-hdt,b2b-34516,ft-6fa61,ft-hdv-Dsl,530530732004,-122.26381973027048,46.91888857212184,20012.0,hdv_D_Diesel,b2b--c33-71060
34519,8297460-3-hdt,b2b-34519,ft-ca793,ft-hdt-Dsl,530530732004,-122.26381973027048,46.91888857212184,20012.0,hdt_D_Diesel,b2b--c33-71063
34534,8297460-3-hdt,b2b-34534,ft-17342,ft-hdt-Dsl,530530732004,-122.26381973027048,46.91888857212184,20012.0,hdt_D_Diesel,b2b--c33-71224
34538,8297460-3-hdt,b2b-34538,ft-f5904,ft-hdt-Dsl,530530732004,-122.26381973027048,46.91888857212184,20012.0,hdt_D_Diesel,b2b--c33-71234
34560,6738879-10-mdv,b2b-34560,ft-bb576,ft-mdv-Dsl,530530732004,-122.26381973027048,46.91888857212184,20012.0,mdv_D_Diesel,b2b--c33-71260
34564,6656181-5-mdv,b2b-34564,ft-0d606,ft-mdv-Gas,530530732004,-122.26381973027048,46.91888857212184,20012.0,mdv_G_Gasoline,b2b--c33-71265
34568,6655758-10-mdv,b2b-34568,ft-77096,ft-mdv-Dsl,530530732004,-122.26381973027048,46.91888857212184,20012.0,mdv_D_Diesel,b2b--c33-71269
34578,6736229-2-mdv,b2b-34578,ft-770e7,ft-mdv-Dsl,530530732004,-122.26381973027048,46.91888857212184,20012.0,mdv_D_Diesel,b2b--c33-71281
34579,6729830-10-mdv,b2b-34579,ft-436b1,ft-mdv-Dsl,530530732004,-122.26381973027048,46.91888857212184,20012.0,mdv_D_Diesel,b2b--c33-71282
34592,6739015-5-mdv,b2b-34592,ft-659d0,ft-mdv-Gas,530530732004,-122.26381973027048,46.91888857212184,20012.0,mdv_G_Gasoline,b2b--c33-71295
34595,6691772-5-mdv,b2b-34595,ft-d73ac,ft-mdv-Gas,530530732004,-122.26381973027048,46.91888857212184,20012.0,mdv_G_Gasoline,b2b--c33-71298
34600,6660476-10-mdv,b2b-34600,ft-2fd44,ft-mdv-Dsl,530530732004,-122.26381973027048,46.91888857212184,20012.0,mdv_D_Diesel,b2b--c33-71303
34604,7390398-3-hdt,b2b-34604,ft-e0647,ft-hdt-Dsl,530610537001,-121.31300181346782,48.04698207479564,20127.0,hdt_D_Diesel,b2b--c33-71307
34607,7390398-3-hdt,b2b-34607,ft-e7d90,ft-hdt-Dsl,530610537001,-121.31300181346782,48.04698207479564,20127.0,hdt_D_Diesel,b2b--c33-71310
34611,7390398-3-hdt,b2b-34611,ft-ce088,ft-hdv-Dsl,530610537001,-121.31300181346782,48.04698207479564,20127.0,hdv_D_Diesel,b2b--c33-71314
34622,7390398-3-hdt,b2b-34622,ft-4c97f,ft-hdt-Dsl,530610537001,-121.31300181346782,48.04698207479564,20127.0,hdt_D_Diesel,b2b--c33-71325
34625,7390398-3-hdt,b2b-34625,ft-1a692,ft-hdt-Dsl,530610537001,-121.31300181346782,48.04698207479564,20127.0,hdt_D_Diesel,b2b--c33-71328
34632,7390398-3-hdt,b2b-34632,ft-fb651,ft-hdt-Dsl,530610537001,-121.31300181346782,48.04698207479564,20127.0,hdt_D_Diesel,b2b--c33-71392
34646,8304949-3-hdt,b2b-34646,ft-ef96f,ft-hdt-Dsl,530530701001,-121.5437370927352,47.12072649438632,20009.0,hdt_D_Diesel,b2b--c33-71419
34673,8304949-3-hdt,b2b-34673,ft-9c6ab,ft-hdv-Dsl,530530701001,-121.5437370927352,47.12072649438632,20009.0,hdv_D_Diesel,b2b--c33-71447
34676,8304949-3-hdt,b2b-34676,ft-d78a0,ft-hdt-Dsl,530530701001,-121.5437370927352,47.12072649438632,20009.0,hdt_D_Diesel,b2b--c33-71450
34683,8304949-3-hdt,b2b-34683,ft-bc8f0,ft-hdv-Dsl,530530701001,-121.5437370927352,47.12072649438632,20009.0,hdv_D_Diesel,b2b--c33-71457
34686,8304949-3-hdt,b2b-34686,ft-431f0,ft-hdv-Dsl,530530701001,-121.5437370927352,47.12072649438632,20009.0,hdv_D_Diesel,b2b--c33-71534
34690,8304949-3-hdt,b2b-34690,ft-2a79b,ft-hdt-Dsl,530530701001,-121.5437370927352,47.12072649438632,20009.0,hdt_D_Diesel,b2b--c33-71540
34719,6405280-4-hdt,b2b-34719,ft-9b848,ft-hdt-Dsl,530610519252,-122.20684357777984,47.798772680919626,530610519252.0,hdt_D_Diesel,b2b--c33-71612
34723,6344598-5-hdt,b2b-34723,ft-164db,ft-hdt-Dsl,530330219061,-122.1573170209891,47.73965645770942,530330219061.0,hdt_D_Diesel,b2b--c33-71620
34737,6419471-4-hdt,b2b-34737,ft-550a0,ft-hdt-Dsl,530610522041,-122.00204323704746,47.86590194693173,530610522041.0,hdt_D_Diesel,b2b--c33-71642
34747,6359550-2-hdt,b2b-34747,ft-d325f,ft-hdt-Dsl,530330019001,-122.32498518332416,47.7007064097056,530330019001.0,hdt_D_Diesel,b2b--c33-71658
34749,6359550-2-hdt,b2b-34749,ft-82dcf,ft-hdt-Dsl,530330019001,-122.32498518332416,47.7007064097056,530330019001.0,hdt_D_Diesel,b2b--c33-71656
34751,7361344-21-hdt,b2b-34751,ft-641ff,ft-hdt-Dsl,530330219054,-122.17529352830351,47.734591039495925,530330219054.0,hdt_D_Diesel,b2b--c33-71659
34752,7361344-21-hdt,b2b-34752,ft-c8aaa,ft-hdt-Dsl,530330219054,-122.17529352830351,47.734591039495925,530330219054.0,hdt_D_Diesel,b2b--c33-71660
34756,6355272-4-hdt,b2b-34756,ft-42918,ft-hdt-Dsl,530330032003,-122.39046357522943,47.66879994339641,530330032003.0,hdt_D_Diesel,b2b--c33-71668
34761,8394433-1-hdt,b2b-34761,ft-51c24,ft-hdt-Dsl,530330292061,-122.22638267720225,47.42765202506155,530330292061.0,hdt_D_Diesel,b2b--c33-71671
34764,8394433-1-hdt,b2b-34764,ft-c64fe,ft-hdt-Dsl,530330292061,-122.22638267720225,47.42765202506155,530330292061.0,hdt_D_Diesel,b2b--c33-71684
34777,7366501-26-hdt,b2b-34777,ft-30303,ft-hdt-Dsl,530330265002,-122.3430757196565,47.51192083812315,530330265002.0,hdt_D_Diesel,b2b--c33-71723
34779,6367485-1-hdt,b2b-34779,ft-871ba,ft-hdt-Dsl,530330093003,-122.32786759361856,47.57451158943888,530330093003.0,hdt_D_Diesel,b2b--c33-71728
34788,7363441-1-hdt,b2b-34788,ft-47d27,ft-hdt-Dsl,530330323193,-122.15671601884792,47.75905143275152,530330323193.0,hdt_D_Diesel,b2b--c33-71741
34792,6354502-5-hdt,b2b-34792,ft-4ff63,ft-hdt-Dsl,530330048003,-122.3627302430383,47.65670531200268,530330048003.0,hdt_D_Diesel,b2b--c33-71755
34806,6331645-1-hdt,b2b-34806,ft-255ff,ft-hdt-Dsl,530330292061,-122.24929577148154,47.404443265101236,530330292061.0,hdt_D_Diesel,b2b--c33-71805
34870,7373894-27-hdv,b2b-34870,ft-cdd8f,ft-hdv-Dsl,530610533014,-122.37093627404924,48.2483017317002,530730004003.0,hdv_D_Diesel,b2b--c33-72011
34881,7373762-2-hdv,b2b-34881,ft-6b843,ft-hdv-Dsl,530610534001,-122.174775998106,48.271850830473014,530730101005.0,hdv_D_Diesel,b2b--c33-72036
34895,7369842-12-hdv,b2b-34895,ft-01fda,ft-hdv-Dsl,530610533014,-122.37093627404924,48.2483017317002,530579519002.0,hdv_D_Diesel,b2b--c33-72072
34898,7369842-2-hdv,b2b-34898,ft-db6b8,ft-hdv-Dsl,530610533014,-122.37093627404924,48.2483017317002,530579519002.0,hdv_D_Diesel,b2b--c33-72083
34904,8395473-17-hdv,b2b-34904,ft-b7b11,ft-hdv-Dsl,530610535061,-121.89999203508337,48.27272291141637,530579512001.0,hdv_D_Diesel,b2b--c33-72090
34916,7369829-2-hdv,b2b-34916,ft-4c420,ft-hdv-Dsl,530610533023,-122.32486196328234,48.28871117633043,530579516003.0,hdv_D_Diesel,b2b--c33-72120
34917,7369982-32-hdv,b2b-34917,ft-6219d,ft-hdv-Dsl,530610533024,-122.33639511497468,48.27588885819264,530579526003.0,hdv_D_Diesel,b2b--c33-72123
34918,8395465-3-hdv,b2b-34918,ft-d7a70,ft-hdv-Dsl,530610533014,-122.37093627404924,48.2483017317002,530579519002.0,hdv_D_Diesel,b2b--c33-72127
34923,8395473-13-hdv,b2b-34923,ft-77cd7,ft-hdv-Dsl,530610535061,-121.89999203508337,48.27272291141637,530579512001.0,hdv_D_Diesel,b2b--c33-72136
34925,7369899-47-hdv,b2b-34925,ft-b6426,ft-hdv-Dsl,530610533014,-122.37093627404924,48.2483017317002,530579521003.0,hdv_D_Diesel,b2b--c33-72143
34927,8394084-2-hdt,b2b-34927,ft-66d92,ft-hdt-Dsl,530330305011,-122.22967345668138,47.33385574360352,530330305011.0,hdt_D_Diesel,b2b--c33-72298
34939,8394084-2-hdt,b2b-34939,ft-77f62,ft-hdv-Dsl,530330305011,-122.22967345668138,47.33385574360352,530330305011.0,hdv_D_Diesel,b2b--c33-72310
34944,8394084-2-hdt,b2b-34944,ft-c0f32,ft-hdt-Dsl,530330305011,-122.22967345668138,47.33385574360352,530330305011.0,hdt_D_Diesel,b2b--c33-72294
34945,8394084-2-hdt,b2b-34945,ft-6d916,ft-hdt-Dsl,530330305011,-122.22967345668138,47.33385574360352,530330305011.0,hdt_D_Diesel,b2b--c33-72295
34951,7367225-12-hdv,b2b-34951,ft-4201d,ft-hdv-Dsl,530350918001,-122.62900047276442,47.60822482213245,530350918001.0,hdv_D_Diesel,b2b--c33-72322
34952,7370781-2-hdv,b2b-34952,ft-8d500,ft-hdv-Dsl,530610413042,-122.25177996258202,47.92956927820831,530610413042.0,hdv_D_Diesel,b2b--c33-72327
34970,7366389-22-hdv,b2b-34970,ft-0f459,ft-hdv-Dsl,530330099004,-122.35117715320465,47.57121825509962,530330099004.0,hdv_D_Diesel,b2b--c33-72362
34975,7362690-12-hdv,b2b-34975,ft-5ed91,ft-hdv-Dsl,530330323133,-122.08944378826811,47.672608175771856,530330323133.0,hdv_D_Diesel,b2b--c33-72375
34980,7371557-2-hdv,b2b-34980,ft-3f2aa,ft-hdv-Dsl,530610531021,-122.18921914405846,48.15037009988364,530610531021.0,hdv_D_Diesel,b2b--c33-72386
34992,7365038-2-hdv,b2b-34992,ft-1587b,ft-hdv-Dsl,530330093002,-122.33357597282178,47.58797849383613,530330093002.0,hdv_D_Diesel,b2b--c33-72407
34997,7367415-2-hdv,b2b-34997,ft-0e786,ft-hdv-Dsl,530350921002,-122.7498808791254,47.503082656597904,530350921002.0,hdv_D_Diesel,b2b--c33-72419
35009,7361890-17-hdv,b2b-35009,ft-a9de2,ft-hdv-Dsl,530330283003,-122.25198503629612,47.42872998511336,530330283003.0,hdv_D_Diesel,b2b--c33-72438
35013,7374249-6-hdt,b2b-35013,ft-af741,ft-hdt-Dsl,530610533021,-122.23684520936622,48.26553620314338,530730102001.0,hdt_D_Diesel,b2b--c33-72449
35031,8394801-3-hdv,b2b-35031,ft-6e334,ft-hdv-Dsl,530330112001,-122.33227885206496,47.53199660801611,530330112001.0,hdv_D_Diesel,b2b--c33-72493
35042,7365038-12-hdv,b2b-35042,ft-68cbb,ft-hdv-Dsl,530330093002,-122.33357597282178,47.58797849383613,530330093002.0,hdv_D_Diesel,b2b--c33-72515
35060,6444412-4-hdt,b2b-35060,ft-f9dd9,ft-hdt-Dsl,530610533014,-122.37093627404924,48.2483017317002,530730103011.0,hdt_D_Diesel,b2b--c33-72551
35072,6442120-2-hdt,b2b-35072,ft-8a2fe,ft-hdt-Dsl,530610533014,-122.37093627404924,48.2483017317002,530730002002.0,hdt_D_Diesel,b2b--c33-72579
35087,6443703-5-hdt,b2b-35087,ft-98915,ft-hdt-Dsl,530610533014,-122.37093627404924,48.2483017317002,530730002002.0,hdt_D_Diesel,b2b--c33-72613
35088,7374226-13-hdt,b2b-35088,ft-2a67e,ft-hdv-Dsl,530610533014,-122.37093627404924,48.2483017317002,530730002002.0,hdv_D_Diesel,b2b--c33-72619
35091,6441170-3-hdt,b2b-35091,ft-9aed4,ft-hdv-Dsl,530610533014,-122.37093627404924,48.2483017317002,530730002001.0,hdv_D_Diesel,b2b--c33-72622
35096,7361890-2-hdv,b2b-35096,ft-ccd85,ft-hdv-Dsl,530330283003,-122.25198503629612,47.42872998511336,530330283003.0,hdv_D_Diesel,b2b--c33-72630
35099,6443327-3-hdt,b2b-35099,ft-f4d2d,ft-hdt-Dsl,530610533021,-122.23684520936622,48.26553620314338,530730102001.0,hdt_D_Diesel,b2b--c33-72639
35105,7366717-2-hdv,b2b-35105,ft-45874,ft-hdv-Dsl,530330262001,-122.22921061931757,47.47394127510094,530330262001.0,hdv_D_Diesel,b2b--c33-72653
35135,7374249-21-hdt,b2b-35135,ft-1cbdc,ft-hdt-Dsl,530610533021,-122.23684520936622,48.26553620314338,530730102001.0,hdt_D_Diesel,b2b--c33-72717
35137,7374249-21-hdt,b2b-35137,ft-834b1,ft-hdt-Dsl,530610533021,-122.23684520936622,48.26553620314338,530730102001.0,hdt_D_Diesel,b2b--c33-72720
35148,7371136-17-hdv,b2b-35148,ft-5a8f4,ft-hdv-Dsl,530610528031,-122.17827172209718,48.15232268583682,530610528031.0,hdv_D_Diesel,b2b--c33-72736
35152,7366501-7-hdv,b2b-35152,ft-fd067,ft-hdv-Dsl,530330265002,-122.3430757196565,47.51192083812315,530330265002.0,hdv_D_Diesel,b2b--c33-72742
35156,7366620-47-hdv,b2b-35156,ft-846dd,ft-hdv-Dsl,530330284024,-122.29217467971979,47.45881065074249,530330284024.0,hdv_D_Diesel,b2b--c33-72748
35165,7370550-2-hdv,b2b-35165,ft-722b1,ft-hdv-Dsl,530610512001,-122.30179293000789,47.80277435011375,530610512001.0,hdv_D_Diesel,b2b--c33-72772
35182,8395583-2-hdv,b2b-35182,ft-7403b,ft-hdv-Dsl,530610419032,-122.2715522983293,47.917393596540805,530610419032.0,hdv_D_Diesel,b2b--c33-72799
35197,6443330-3-hdt,b2b-35197,ft-45f97,ft-hdv-Dsl,530610534001,-122.174775998106,48.271850830473014,530730102002.0,hdv_D_Diesel,b2b--c33-72831
35211,7374212-26-hdt,b2b-35211,ft-8b53a,ft-hdt-Dsl,530610533014,-122.37093627404924,48.2483017317002,530730002003.0,hdt_D_Diesel,b2b--c33-72866
35219,8394820-3-hdv,b2b-35219,ft-9051d,ft-hdv-Dsl,530330093002,-122.33759397247012,47.59022371894319,530330093002.0,hdv_D_Diesel,b2b--c33-72889
35224,7365531-7-hdv,b2b-35224,ft-21673,ft-hdv-Dsl,530330263002,-122.29034760404986,47.50675431311565,530330263002.0,hdv_D_Diesel,b2b--c33-72900
35260,7364918-2-hdv,b2b-35260,ft-d4a38,ft-hdv-Dsl,530330112001,-122.32094222317475,47.52248634453613,530330112001.0,hdv_D_Diesel,b2b--c33-72964
35262,6442152-3-hdt,b2b-35262,ft-d68a5,ft-hdt-Dsl,530610533014,-122.37093627404924,48.2483017317002,530730001003.0,hdt_D_Diesel,b2b--c33-72969
35263,6442152-3-hdt,b2b-35263,ft-e7379,ft-hdv-Dsl,530610533014,-122.37093627404924,48.2483017317002,530730001003.0,hdv_D_Diesel,b2b--c33-72968
35275,6443275-1-hdt,b2b-35275,ft-bbc12,ft-hdt-Dsl,530610534001,-122.174775998106,48.271850830473014,530730101005.0,hdt_D_Diesel,b2b--c33-72996
35281,6444409-3-hdt,b2b-35281,ft-3d114,ft-hdv-Dsl,530610533021,-122.23684520936622,48.26553620314338,530730102001.0,hdv_D_Diesel,b2b--c33-73010
35283,6442128-1-hdt,b2b-35283,ft-8e967,ft-hdt-Dsl,530610533014,-122.37093627404924,48.2483017317002,530730002001.0,hdt_D_Diesel,b2b--c33-73014
35291,6444407-6-hdt,b2b-35291,ft-0db64,ft-hdv-Dsl,530610534001,-122.174775998106,48.271850830473014,530730102002.0,hdv_D_Diesel,b2b--c33-73029
35318,7365022-17-hdv,b2b-35318,ft-0670b,ft-hdv-Dsl,530330109001,-122.31486323772381,47.53426362053083,530330109001.0,hdv_D_Diesel,b2b--c33-73078
35322,8395465-1-hdt,b2b-35322,ft-4d56b,ft-hdt-Dsl,530610533014,-122.37093627404924,48.2483017317002,530579519002.0,hdt_D_Diesel,b2b--c33-73182
35327,8395465-1-hdt,b2b-35327,ft-6a6c9,ft-hdt-Dsl,530610533014,-122.37093627404924,48.2483017317002,530579519002.0,hdt_D_Diesel,b2b--c33-73187
35333,8395465-1-hdt,b2b-35333,ft-1089a,ft-hdt-Dsl,530610533014,-122.37093627404924,48.2483017317002,530579519002.0,hdt_D_Diesel,b2b--c33-73085
35368,7364918-7-hdv,b2b-35368,ft-86a91,ft-hdv-Dsl,530330112001,-122.32094222317475,47.52248634453613,530330112001.0,hdv_D_Diesel,b2b--c33-73209
35380,7374212-11-hdt,b2b-35380,ft-3610e,ft-hdt-Dsl,530610533014,-122.37093627404924,48.2483017317002,530730002003.0,hdt_D_Diesel,b2b--c33-73216
35390,6443327-6-hdt,b2b-35390,ft-5e0b6,ft-hdt-Dsl,530610533021,-122.23684520936622,48.26553620314338,530730102001.0,hdt_D_Diesel,b2b--c33-73245
35396,6443946-5-hdt,b2b-35396,ft-28ef7,ft-hdt-Dsl,530610533014,-122.37093627404924,48.2483017317002,530730002001.0,hdt_D_Diesel,b2b--c33-73260
35399,6443327-7-hdt,b2b-35399,ft-8deee,ft-hdt-Dsl,530610533021,-122.23684520936622,48.26553620314338,530730102001.0,hdt_D_Diesel,b2b--c33-73266
35429,6442150-5-hdt,b2b-35429,ft-00cd2,ft-hdv-Dsl,530610533014,-122.37093627404924,48.2483017317002,530730002002.0,hdv_D_Diesel,b2b--c33-73311
35430,6441171-4-hdt,b2b-35430,ft-0b9f9,ft-hdv-Dsl,530610533014,-122.37093627404924,48.2483017317002,530730002001.0,hdv_D_Diesel,b2b--c33-73312
35431,6444409-6-hdt,b2b-35431,ft-52776,ft-hdt-Dsl,530610533021,-122.23684520936622,48.26553620314338,530730102001.0,hdt_D_Diesel,b2b--c33-73316
35435,7374785-52-hdv,b2b-35435,ft-739fc,ft-hdv-Dsl,530330315021,-121.36938446587672,47.147855247348815,530770034001.0,hdv_D_Diesel,b2b--c33-73322
35436,7368259-7-hdv,b2b-35436,ft-17c3c,ft-hdv-Dsl,530539400101,-122.33667057948605,47.21894594792787,530539400101.0,hdv_D_Diesel,b2b--c33-73324
35448,7361482-27-hdv,b2b-35448,ft-63ed7,ft-hdv-Dsl,530330314004,-121.99798235696454,47.20664299016041,530330314004.0,hdv_D_Diesel,b2b--c33-73340
35475,7360522-12-hdv,b2b-35475,ft-c52c7,ft-hdv-Dsl,530330303132,-122.32259414391753,47.29636307129804,530330303132.0,hdv_D_Diesel,b2b--c33-73384
35484,7374093-1-hdt,b2b-35484,ft-bbbde,ft-hdt-Dsl,530610533014,-122.37093627404924,48.2483017317002,530730001003.0,hdt_D_Diesel,b2b--c33-73404
35488,7368993-27-hdv,b2b-35488,ft-d9b14,ft-hdv-Dsl,530530626001,-122.48142674423129,47.22315676250872,530530626001.0,hdv_D_Diesel,b2b--c33-73410
35502,7374212-21-hdt,b2b-35502,ft-aeadf,ft-hdt-Dsl,530610533014,-122.37093627404924,48.2483017317002,530730002003.0,hdt_D_Diesel,b2b--c33-73443
35512,6444410-5-hdt,b2b-35512,ft-7ffd1,ft-hdt-Dsl,530610533014,-122.37093627404924,48.2483017317002,530730103011.0,hdt_D_Diesel,b2b--c33-73462
35513,7374212-6-hdt,b2b-35513,ft-0884a,ft-hdt-Dsl,530610533014,-122.37093627404924,48.2483017317002,530730002003.0,hdt_D_Diesel,b2b--c33-73469
35523,8394354-7-hdv,b2b-35523,ft-66462,ft-hdv-Dsl,530330292061,-122.24394563101907,47.41876745684446,530330292061.0,hdv_D_Diesel,b2b--c33-73484
35529,6441169-2-hdt,b2b-35529,ft-f31cf,ft-hdt-Dsl,530610533014,-122.37093627404924,48.2483017317002,530730002002.0,hdt_D_Diesel,b2b--c33-73493
35533,7373504-7-hdv,b2b-35533,ft-af2fd,ft-hdv-Dsl,530530729061,-122.5544249277511,47.049137874735855,530670126101.0,hdv_D_Diesel,b2b--c33-73501
35539,8395984-3-hdv,b2b-35539,ft-4a892,ft-hdv-Dsl,530330315021,-121.36938446587672,47.147855247348815,530770016022.0,hdv_D_Diesel,b2b--c33-73515
35543,7369221-7-hdv,b2b-35543,ft-e6313,ft-hdv-Dsl,530539400101,-122.31035393745093,47.20502765367965,530539400101.0,hdv_D_Diesel,b2b--c33-73520
35571,7362512-7-hdv,b2b-35571,ft-3c5f5,ft-hdv-Dsl,530330320111,-122.02258281211779,47.3687562148935,530330320111.0,hdv_D_Diesel,b2b--c33-73567
35572,7362512-7-hdv,b2b-35572,ft-9c4bc,ft-hdv-Dsl,530330320111,-122.02258281211779,47.3687562148935,530330320111.0,hdv_D_Diesel,b2b--c33-73566
35580,7374250-46-hdt,b2b-35580,ft-a05bf,ft-hdt-Dsl,530610533021,-122.23684520936622,48.26553620314338,530730102001.0,hdt_D_Diesel,b2b--c33-73575
35591,7374158-1-hdt,b2b-35591,ft-c9388,ft-hdt-Dsl,530610533014,-122.37093627404924,48.2483017317002,530730104012.0,hdt_D_Diesel,b2b--c33-73596
35594,7374158-1-hdt,b2b-35594,ft-aeb9b,ft-hdv-Dsl,530610533014,-122.37093627404924,48.2483017317002,530730104012.0,hdv_D_Diesel,b2b--c33-73619
35631,7374403-12-hdv,b2b-35631,ft-562ba,ft-hdv-Dsl,530330315021,-121.36938446587672,47.147855247348815,530770002001.0,hdv_D_Diesel,b2b--c33-73679
35651,7359836-2-hdv,b2b-35651,ft-f0c76,ft-hdv-Dsl,530330328003,-121.10644086665883,47.709472706427675,530250110002.0,hdv_D_Diesel,b2b--c33-73711
35654,7359383-12-hdv,b2b-35654,ft-c954e,ft-hdv-Dsl,530530730061,-122.34183800719136,46.92931107282429,530150011007.0,hdv_D_Diesel,b2b--c33-73718
35660,7361995-27-hdv,b2b-35660,ft-9c946,ft-hdv-Dsl,530330292061,-122.23115652584403,47.42161729811453,530330292061.0,hdv_D_Diesel,b2b--c33-73725
35661,8394083-6-hdv,b2b-35661,ft-aff11,ft-hdv-Dsl,530330305011,-122.22995073612395,47.34476729172456,530330305011.0,hdv_D_Diesel,b2b--c33-73732
35667,7374250-1-hdt,b2b-35667,ft-b554a,ft-hdv-Dsl,530610533021,-122.23684520936622,48.26553620314338,530730102001.0,hdv_D_Diesel,b2b--c33-73743
35670,7360029-7-hdv,b2b-35670,ft-0c27f,ft-hdv-Dsl,530350920001,-122.92435858189329,47.572507416975284,530270013002.0,hdv_D_Diesel,b2b--c33-73750
35672,7369578-17-hdv,b2b-35672,ft-66010,ft-hdv-Dsl,530530718071,-122.49172169332216,47.17446773435666,530530718071.0,hdv_D_Diesel,b2b--c33-73753_2
35689,7360029-27-hdv,b2b-35689,ft-2d4d5,ft-hdv-Dsl,530350920001,-122.92435858189329,47.572507416975284,530270013002.0,hdv_D_Diesel,b2b--c33-73782
35695,6444407-3-hdt,b2b-35695,ft-9363,ft-hdt-Dsl,530610534001,-122.174775998106,48.271850830473014,530730102002.0,hdt_D_Diesel,b2b--c33-73792
35702,7361892-2-hdv,b2b-35702,ft-a53e1,ft-hdv-Dsl,530330305011,-122.2297347561288,47.344822000685745,530330305011.0,hdv_D_Diesel,b2b--c33-73806
35717,7369171-12-hdv,b2b-35717,ft-0cf59,ft-hdv-Dsl,530539400022,-122.40021822743282,47.25332028353289,530539400022.0,hdv_D_Diesel,b2b--c33-73824
35736,7361953-37-hdv,b2b-35736,ft-485a5,ft-hdv-Dsl,530330292061,-122.22834520138616,47.42187038261192,530330292061.0,hdv_D_Diesel,b2b--c33-73867
35755,8395889-7-hdv,b2b-35755,ft-1469f,ft-hdv-Dsl,530530726032,-122.77382693312865,47.188210163000925,530670110001.0,hdv_D_Diesel,b2b--c33-73894
35762,7369145-27-hdv,b2b-35762,ft-088aa,ft-hdv-Dsl,530539400022,-122.3969715048256,47.243236011784234,530539400022.0,hdv_D_Diesel,b2b--c33-73908
35789,7359966-37-hdv,b2b-35789,ft-8e7e8,ft-hdv-Dsl,530350920001,-122.92435858189329,47.572507416975284,530270012003.0,hdv_D_Diesel,b2b--c33-73947
35798,7368258-17-hdv,b2b-35798,ft-27784,ft-hdv-Dsl,530539400101,-122.30168395873133,47.210649765319154,530539400101.0,hdv_D_Diesel,b2b--c33-73958
35799,7368258-17-hdv,b2b-35799,ft-96c36,ft-hdv-Dsl,530539400101,-122.30168395873133,47.210649765319154,530539400101.0,hdv_D_Diesel,b2b--c33-73957
35804,7362511-7-hdv,b2b-35804,ft-e4995,ft-hdv-Dsl,530330320111,-122.0228827412936,47.36910189719495,530330320111.0,hdv_D_Diesel,b2b--c33-73975
35820,8395898-8-hdv,b2b-35820,ft-2f444,ft-hdv-Dsl,530530728001,-122.64899673245617,47.0992006395685,530670122222.0,hdv_D_Diesel,b2b--c33-74000
35821,8395898-8-hdv,b2b-35821,ft-e020a,ft-hdv-Dsl,530530728001,-122.64899673245617,47.0992006395685,530670122222.0,hdv_D_Diesel,b2b--c33-73998
35854,7368652-2-hdv,b2b-35854,ft-ae203,ft-hdv-Dsl,530530616011,-122.43776300444318,47.255231485980175,530530616011.0,hdv_D_Diesel,b2b--c33-74049
35861,7369170-2-hdv,b2b-35861,ft-96169,ft-hdv-Dsl,530539400022,-122.38729573129213,47.2402028107407,530539400022.0,hdv_D_Diesel,b2b--c33-74057
35870,7360522-7-hdv,b2b-35870,ft-878b7,ft-hdv-Dsl,530330303132,-122.32259414391753,47.29636307129804,530330303132.0,hdv_D_Diesel,b2b--c33-74079
35892,7369144-27-hdv,b2b-35892,ft-738ee,ft-hdv-Dsl,530530602001,-122.41528801040086,47.24832819827986,530530602001.0,hdv_D_Diesel,b2b--c33-74154
35906,8394328-4-hdt,b2b-35906,ft-6521e,ft-hdt-Dsl,530330292061,-122.2384320753271,47.40669474169384,530330292061.0,hdt_D_Diesel,b2b--c33-74203
35912,7369224-2-hdv,b2b-35912,ft-2c192,ft-hdv-Dsl,530539400022,-122.35897274041128,47.25278630859665,530539400022.0,hdv_D_Diesel,b2b--c33-74209
35917,7369170-22-hdv,b2b-35917,ft-cf814,ft-hdv-Dsl,530539400022,-122.38729573129213,47.2402028107407,530539400022.0,hdv_D_Diesel,b2b--c33-74222
35933,3654450-5-hdt,b2b-35933,ft-8265b,ft-hdt-Dsl,530530701001,-121.5437370927352,47.12072649438632,20071.0,hdt_D_Diesel,b2b--c33-74248
35963,7192871-9-ld3,b2b-35963,ft-7d867,ft-ld3-Dsl,530530732003,-122.23706641279225,46.78408365659002,410510043001.0,ld3_D_Diesel,b2b--c33-74302
35964,6303670-6-hdt,b2b-35964,ft-224a3,ft-hdv-Dsl,530530732003,-122.23706641279225,46.78408365659002,530110407062.0,hdv_D_Diesel,b2b--c33-74304
35978,7194683-6-hdt,b2b-35978,ft-cc17c,ft-hdt-Dsl,530530732003,-122.23706641279225,46.78408365659002,410530203025.0,hdt_D_Diesel,b2b--c33-74343
35991,6337624-2-hdt,b2b-35991,ft-e45f5,ft-hdt-Dsl,530330304011,-122.30448932146045,47.294323421843934,530330304011.0,hdt_D_Diesel,b2b--c33-74377
36007,7361949-15-mdv,b2b-36007,ft-1aabd,ft-mdv-Dsl,530330305011,-122.23227781412766,47.337008855767586,530330305011.0,mdv_D_Diesel,b2b--c33-74407
36008,7361949-15-mdv,b2b-36008,ft-33801,ft-mdv-Dsl,530330305011,-122.23227781412766,47.337008855767586,530330305011.0,mdv_D_Diesel,b2b--c33-74406
36032,7195265-21-hdt,b2b-36032,ft-9713d,ft-hdt-Dsl,530530732003,-122.23706641279225,46.78408365659002,410670316134.0,hdt_D_Diesel,b2b--c33-74454
36064,8307084-3-hdt,b2b-36064,ft-db6ef,ft-hdv-Dsl,530530732004,-122.26381973027048,46.91888857212184,20012.0,hdv_D_Diesel,b2b--c33-74530
36079,6413988-4-hdt,b2b-36079,ft-b0655,ft-hdt-Dsl,530610416062,-122.1852592984904,47.881886657988304,530610416062.0,hdt_D_Diesel,b2b--c33-74551
36082,6369280-3-hdt,b2b-36082,ft-2cf9f,ft-hdt-Dsl,530330284024,-122.29823673485471,47.443869129502446,530330284024.0,hdt_D_Diesel,b2b--c33-74555
36092,6330178-2-hdt,b2b-36092,ft-5ba05,ft-hdv-Dsl,530330292061,-122.24937705332252,47.404587351633616,530330292061.0,hdv_D_Diesel,b2b--c33-74569
36096,6337759-2-hdt,b2b-36096,ft-6add4,ft-hdt-Dsl,530330320031,-122.04234542382136,47.393395413912806,530330320031.0,hdt_D_Diesel,b2b--c33-74576
36101,6371365-5-hdt,b2b-36101,ft-2689b,ft-hdt-Dsl,530330262001,-122.22562885041096,47.44909185314915,530330262001.0,hdt_D_Diesel,b2b--c33-74577
36104,6346107-2-hdt,b2b-36104,ft-bb764,ft-hdt-Dsl,530330297004,-122.23285493675922,47.370036719347844,530330297004.0,hdt_D_Diesel,b2b--c33-74582
36118,8394327-4-hdt,b2b-36118,ft-0425a,ft-hdv-Dsl,530330292061,-122.24406567327773,47.40621658580291,530330292061.0,hdv_D_Diesel,b2b--c33-74610
36126,6420475-3-hdt,b2b-36126,ft-74348,ft-hdt-Dsl,530610519121,-122.14296234002755,47.78920011851667,530610519121.0,hdt_D_Diesel,b2b--c33-74637
36129,6330217-2-hdt,b2b-36129,ft-0ac77,ft-hdt-Dsl,530330292061,-122.22922685912928,47.402472322882765,530330292061.0,hdt_D_Diesel,b2b--c33-74640
36133,6337759-5-hdt,b2b-36133,ft-fbc07,ft-hdt-Dsl,530330320031,-122.04234542382136,47.393395413912806,530330320031.0,hdt_D_Diesel,b2b--c33-74649
36147,7365023-1-hdt,b2b-36147,ft-7a97b,ft-hdt-Dsl,530330112001,-122.3191953607674,47.52086923115575,530330112001.0,hdt_D_Diesel,b2b--c33-74701
36159,6337627-1-hdt,b2b-36159,ft-9d10c,ft-hdv-Dsl,530330093003,-122.33206441612816,47.57412840385988,530330093003.0,hdv_D_Diesel,b2b--c33-74717
36165,7362690-11-hdt,b2b-36165,ft-ef2f9,ft-hdt-Dsl,530330323133,-122.08944378826811,47.672608175771856,530330323133.0,hdt_D_Diesel,b2b--c33-74727
36166,6376338-5-hdt,b2b-36166,ft-7e41b,ft-hdv-Dsl,530350811002,-122.65331514453416,47.56565135755733,530350811002.0,hdv_D_Diesel,b2b--c33-74729
36175,6346827-3-hdt,b2b-36175,ft-8221e,ft-hdt-Dsl,530330081002,-122.33371732926577,47.60749163440645,530330081002.0,hdt_D_Diesel,b2b--c33-74742
36179,6366746-3-hdt,b2b-36179,ft-57a84,ft-hdt-Dsl,530330019001,-122.328577615234,47.69928867339705,530330019001.0,hdt_D_Diesel,b2b--c33-74749
36191,6346106-3-hdt,b2b-36191,ft-95f52,ft-hdt-Dsl,530330297004,-122.23005386843509,47.366136783925505,530330297004.0,hdt_D_Diesel,b2b--c33-74785
36200,6356429-5-hdt,b2b-36200,ft-5834c,ft-hdt-Dsl,530330093003,-122.33906395318164,47.57276711758643,530330093003.0,hdt_D_Diesel,b2b--c33-74804
36215,6368484-2-hdt,b2b-36215,ft-b824a,ft-hdv-Dsl,530330093002,-122.33395940921692,47.59370982845544,530330093002.0,hdv_D_Diesel,b2b--c33-74843
36220,6321681-2-hdt,b2b-36220,ft-67355,ft-hdt-Dsl,530330236012,-122.1840842404128,47.6171304699469,530330236012.0,hdt_D_Diesel,b2b--c33-74849
36223,7365531-6-hdt,b2b-36223,ft-eae2b,ft-hdt-Dsl,530330263002,-122.29034760404986,47.50675431311565,530330263002.0,hdt_D_Diesel,b2b--c33-74850
36226,6331933-3-hdt,b2b-36226,ft-2d255,ft-hdv-Dsl,530330292061,-122.24429215705027,47.42499387116848,530330292061.0,hdv_D_Diesel,b2b--c33-74859
36244,6376903-5-hdt,b2b-36244,ft-1ef38,ft-hdt-Dsl,530350811002,-122.65326608861828,47.565120246825,530350811002.0,hdt_D_Diesel,b2b--c33-74904
36249,6346033-2-hdt,b2b-36249,ft-df447,ft-hdt-Dsl,530330296013,-122.1654987431983,47.35666800085028,530330296013.0,hdt_D_Diesel,b2b--c33-74908
36254,7361803-10-hdt,b2b-36254,ft-0c3e9,ft-hdt-Dsl,530330292061,-122.22600671466729,47.40844696648436,530330292061.0,hdt_D_Diesel,b2b--c33-74936
36257,6370063-2-hdt,b2b-36257,ft-9606,ft-hdt-Dsl,530330213001,-122.29154152393376,47.73656956028264,530330213001.0,hdt_D_Diesel,b2b--c33-74942
36267,7362511-14-ld3,b2b-36267,ft-a0399,ft-ld3-Dsl,530330320111,-122.0228827412936,47.36910189719495,530330320111.0,ld3_D_Diesel,b2b--c33-74956
36275,8371058-17-hdv,b2b-36275,ft-c9865,ft-hdv-Dsl,530530732003,-122.23706641279225,46.78408365659002,410510072021.0,hdv_D_Diesel,b2b--c33-74976
36278,6341009-3-hdt,b2b-36278,ft-46583,ft-hdt-Dsl,530330256011,-122.1583041158844,47.48866470865708,530330256011.0,hdt_D_Diesel,b2b--c33-74977
36281,7193875-7-hdv,b2b-36281,ft-1406,ft-hdv-Dsl,530530732003,-122.23706641279225,46.78408365659002,410510073001.0,hdv_D_Diesel,b2b--c33-74981
36284,7192198-7-hdv,b2b-36284,ft-4ea09,ft-hdv-Dsl,530530732003,-122.23706641279225,46.78408365659002,410510072021.0,hdv_D_Diesel,b2b--c33-74987
36285,7193685-17-hdv,b2b-36285,ft-b3601,ft-hdv-Dsl,530530732003,-122.23706641279225,46.78408365659002,410510073001.0,hdv_D_Diesel,b2b--c33-74988
36292,8370792-9-hdv,b2b-36292,ft-2d754,ft-hdv-Dsl,530530732003,-122.23706641279225,46.78408365659002,410430306003.0,hdv_D_Diesel,b2b--c33-75009
36293,8370792-9-hdv,b2b-36293,ft-960da,ft-hdv-Dsl,530530732003,-122.23706641279225,46.78408365659002,410430306003.0,hdv_D_Diesel,b2b--c33-75010
36299,7365404-10-hdt,b2b-36299,ft-2a215,ft-hdt-Dsl,530330019001,-122.32846894265069,47.6994347405433,530330019001.0,hdt_D_Diesel,b2b--c33-75015
36307,8395795-8-hdv,b2b-36307,ft-67b6f,ft-hdv-Dsl,530610537001,-121.31300181346782,48.04698207479564,530630114003.0,hdv_D_Diesel,b2b--c33-75043
36316,7363267-5-mdv,b2b-36316,ft-8820b,ft-mdv-Gas,530330262001,-122.25267350475208,47.44866998816283,530330262001.0,mdv_G_Gasoline,b2b--c33-75064
36333,6372120-2-hdt,b2b-36333,ft-478fc,ft-hdv-Dsl,530330263001,-122.29961162577031,47.516083253928386,530330263001.0,hdv_D_Diesel,b2b--c33-75090
36340,7365597-15-mdv,b2b-36340,ft-164c4,ft-mdv-Gas,530330071001,-122.3607157802324,47.62277408295152,530330071001.0,mdv_G_Gasoline,b2b--c33-75127
36355,8395984-9-ld3,b2b-36355,ft-e694a,ft-ld3-Gas,530330315021,-121.36938446587672,47.147855247348815,530770016022.0,ld3_G_Gasoline,b2b--c33-75152
36373,5022997-2-hdt,b2b-36373,ft-bf5a7,ft-hdt-Dsl,530530732003,-122.23706641279225,46.78408365659002,410519800001.0,hdt_D_Diesel,b2b--c33-75183
36393,6373459-1-hdt,b2b-36393,ft-21b3a,ft-hdt-Dsl,530330288012,-122.3151672810834,47.43098441666242,530330288012.0,hdt_D_Diesel,b2b--c33-75225
36399,7374249-4-ld3,b2b-36399,ft-8d9a0,ft-ld3-Gas,530610533021,-122.23684520936622,48.26553620314338,530730102001.0,ld3_G_Gasoline,b2b--c33-75234
36403,7372658-34-ld3,b2b-36403,ft-b1da5,ft-ld3-Gas,530610537001,-121.31300181346782,48.04698207479564,530630114003.0,ld3_G_Gasoline,b2b--c33-75243
36411,4955050-2-hdt,b2b-36411,ft-179b4,ft-hdv-Dsl,530530732003,-122.23706641279225,46.78408365659002,410030108003.0,hdv_D_Diesel,b2b--c33-75254
36416,7186237-23-ld3,b2b-36416,ft-59b4c,ft-ld3-Dsl,530530732003,-122.23706641279225,46.78408365659002,410030104003.0,ld3_D_Diesel,b2b--c33-75259
36429,7032409-1-hdt,b2b-36429,ft-40926,ft-hdt-Dsl,530610537001,-121.31300181346782,48.04698207479564,20067.0,hdt_D_Diesel,b2b--c33-75281
36434,7366717-6-hdt,b2b-36434,ft-7232f,ft-hdt-Dsl,530330262001,-122.22921061931757,47.47394127510094,530330262001.0,hdt_D_Diesel,b2b--c33-75282
36437,6340619-2-hdt,b2b-36437,ft-1674f,ft-hdt-Dsl,530330257015,-122.20615260567195,47.46715800157608,530330257015.0,hdt_D_Diesel,b2b--c33-75304
36438,6290970-4-hdt,b2b-36438,ft-222d4,ft-hdt-Dsl,530330315021,-121.36938446587672,47.147855247348815,530050115033.0,hdt_D_Diesel,b2b--c33-75306
36441,7192981-7-hdt,b2b-36441,ft-ab4bf,ft-hdt-Dsl,530530732003,-122.23706641279225,46.78408365659002,410510043001.0,hdt_D_Diesel,b2b--c33-75310
36449,7369982-31-hdt,b2b-36449,ft-39d5f,ft-hdt-Dsl,530610533024,-122.33639511497468,48.27588885819264,530579526003.0,hdt_D_Diesel,b2b--c33-75334
36461,8415294-1-hdt,b2b-36461,ft-a29c0,ft-hdv-Dsl,530530732003,-122.23706641279225,46.78408365659002,410470025021.0,hdv_D_Diesel,b2b--c33-75378
36471,6309357-5-hdt,b2b-36471,ft-14372,ft-hdt-Dsl,530330315021,-121.36938446587672,47.147855247348815,530210201003.0,hdt_D_Diesel,b2b--c33-75394
36474,7361892-10-mdv,b2b-36474,ft-1b825,ft-mdv-Gas,530330305011,-122.2297347561288,47.344822000685745,530330305011.0,mdv_G_Gasoline,b2b--c33-75397
36497,7361995-25-mdv,b2b-36497,ft-a04e7,ft-mdv-Gas,530330292061,-122.23115652584403,47.42161729811453,530330292061.0,mdv_G_Gasoline,b2b--c33-75458
36501,8394327-3-hdt,b2b-36501,ft-322af,ft-hdt-Dsl,530330292061,-122.24406567327773,47.40621658580291,530330292061.0,hdt_D_Diesel,b2b--c33-75548
36506,8394327-3-hdt,b2b-36506,ft-f350c,ft-hdv-Dsl,530330292061,-122.24406567327773,47.40621658580291,530330292061.0,hdv_D_Diesel,b2b--c33-75469
36514,7358705-1-hdt,b2b-36514,ft-b68d3,ft-hdv-Dsl,530530732003,-122.23706641279225,46.78408365659002,530110411051.0,hdv_D_Diesel,b2b--c33-75550
36520,8371137-20-mdv,b2b-36520,ft-206dc,ft-mdv-Dsl,530530732003,-122.23706641279225,46.78408365659002,410510072021.0,mdv_D_Diesel,b2b--c33-75560
36531,8395670-34-ld1,b2b-36531,ft-bbb34,ft-ld1-Gas,530610537001,-121.31300181346782,48.04698207479564,530630136002.0,ld1_G_Gasoline,b2b--c33-75611
36532,8395670-34-ld1,b2b-36532,ft-67d76,ft-ld1-Gas,530610537001,-121.31300181346782,48.04698207479564,530630136002.0,ld1_G_Gasoline,b2b--c33-75612
36539,7372501-28-ld1,b2b-36539,ft-d3247,ft-ld1-Gas,530610537001,-121.31300181346782,48.04698207479564,530630112014.0,ld1_G_Gasoline,b2b--c33-75629
36549,7372274-31-hdt,b2b-36549,ft-e434d,ft-hdt-Dsl,530610537001,-121.31300181346782,48.04698207479564,530630120002.0,hdt_D_Diesel,b2b--c33-75651
36554,7192160-23-ld1,b2b-36554,ft-27dc9,ft-ld1-Dsl,530530732003,-122.23706641279225,46.78408365659002,410510072021.0,ld1_D_Diesel,b2b--c33-75657
36558,7358568-14-ld3,b2b-36558,ft-ddc10,ft-ld3-Gas,530530732003,-122.23706641279225,46.78408365659002,530110426003.0,ld3_G_Gasoline,b2b--c33-75663
36572,7358703-3-ld1,b2b-36572,ft-6160d,ft-ld1-Gas,530530732003,-122.23706641279225,46.78408365659002,530110412031.0,ld1_G_Gasoline,b2b--c33-75688
36577,7358656-13-ld1,b2b-36577,ft-bda34,ft-ld1-Gas,530530732003,-122.23706641279225,46.78408365659002,530110411051.0,ld1_G_Gasoline,b2b--c33-75697
36586,7193544-13-ld1,b2b-36586,ft-4a180,ft-ld1-Gas,530530732003,-122.23706641279225,46.78408365659002,410510072021.0,ld1_G_Gasoline,b2b--c33-75711
36597,7359703-16-hdt,b2b-36597,ft-ec41c,ft-hdt-Dsl,530330315021,-121.36938446587672,47.147855247348815,530210201001.0,hdt_D_Diesel,b2b--c33-75728
36601,7359703-16-hdt,b2b-36601,ft-0e43a,ft-hdt-Dsl,530330315021,-121.36938446587672,47.147855247348815,530210201001.0,hdt_D_Diesel,b2b--c33-75732
36610,7359745-5-ld1,b2b-36610,ft-76790,ft-ld1-Gas,530330315021,-121.36938446587672,47.147855247348815,530210204001.0,ld1_G_Gasoline,b2b--c33-75760
36611,7359745-5-ld1,b2b-36611,ft-7b1d9,ft-ld1-Gas,530330315021,-121.36938446587672,47.147855247348815,530210204001.0,ld1_G_Gasoline,b2b--c33-75762
36615,8371135-9-ld3,b2b-36615,ft-9f64e,ft-ld3-Gas,530530732003,-122.23706641279225,46.78408365659002,410510072021.0,ld3_G_Gasoline,b2b--c33-75766
36618,8371135-9-ld3,b2b-36618,ft-056c2,ft-ld3-Gas,530530732003,-122.23706641279225,46.78408365659002,410510072021.0,ld3_G_Gasoline,b2b--c33-75769
36619,8371135-9-ld3,b2b-36619,ft-cf488,ft-ld3-Gas,530530732003,-122.23706641279225,46.78408365659002,410510072021.0,ld3_G_Gasoline,b2b--c33-75780
36622,8371135-9-ld3,b2b-36622,ft-632a5,ft-ld3-Gas,530530732003,-122.23706641279225,46.78408365659002,410510072021.0,ld3_G_Gasoline,b2b--c33-75774
36623,7359745-8-ld1,b2b-36623,ft-e5092,ft-ld1-Dsl,530330315021,-121.36938446587672,47.147855247348815,530210204001.0,ld1_D_Diesel,b2b--c33-75784
36629,7357853-18-ld1,b2b-36629,ft-3d5a9,ft-ld1-Gas,530330315021,-121.36938446587672,47.147855247348815,530050108135.0,ld1_G_Gasoline,b2b--c33-75796
36631,7373761-3-ld1,b2b-36631,ft-ca48d,ft-ld1-Dsl,530330315021,-121.36938446587672,47.147855247348815,530719200002.0,ld1_D_Diesel,b2b--c33-75814
36635,7359746-11-ld1,b2b-36635,ft-41357,ft-ld1-Gas,530330315021,-121.36938446587672,47.147855247348815,530210201001.0,ld1_G_Gasoline,b2b--c33-75818
36641,7359745-14-ld1,b2b-36641,ft-ac544,ft-ld1-Gas,530330315021,-121.36938446587672,47.147855247348815,530210204001.0,ld1_G_Gasoline,b2b--c33-75828
36649,7359707-23-ld1,b2b-36649,ft-a64ad,ft-ld1-Gas,530330315021,-121.36938446587672,47.147855247348815,530210201001.0,ld1_G_Gasoline,b2b--c33-75837
36651,7359707-13-ld1,b2b-36651,ft-56763,ft-ld1-Gas,530330315021,-121.36938446587672,47.147855247348815,530210201001.0,ld1_G_Gasoline,b2b--c33-75842
36654,7373761-18-ld1,b2b-36654,ft-8693,ft-ld1-Gas,530330315021,-121.36938446587672,47.147855247348815,530719200002.0,ld1_G_Gasoline,b2b--c33-75854
36656,7373761-18-ld1,b2b-36656,ft-b6788,ft-ld1-Gas,530330315021,-121.36938446587672,47.147855247348815,530719200002.0,ld1_G_Gasoline,b2b--c33-75856
36660,7359648-28-ld1,b2b-36660,ft-83d2a,ft-ld1-Gas,530330315021,-121.36938446587672,47.147855247348815,530210204001.0,ld1_G_Gasoline,b2b--c33-75862
36665,7373761-13-ld1,b2b-36665,ft-aef1f,ft-ld1-Gas,530330315021,-121.36938446587672,47.147855247348815,530719200002.0,ld1_G_Gasoline,b2b--c33-75870
36666,7373761-13-ld1,b2b-36666,ft-3a056,ft-ld1-Gas,530330315021,-121.36938446587672,47.147855247348815,530719200002.0,ld1_G_Gasoline,b2b--c33-75878
36673,7371557-3-ld1,b2b-36673,ft-8e938,ft-ld1-Gas,530610531021,-122.18921914405846,48.15037009988364,530610531021.0,ld1_G_Gasoline,b2b--c33-75885
36675,7371557-3-ld1,b2b-36675,ft-41128,ft-ld1-Gas,530610531021,-122.18921914405846,48.15037009988364,530610531021.0,ld1_G_Gasoline,b2b--c33-75896
36678,6318884-2-hdt,b2b-36678,ft-d8eaf,ft-hdt-Dsl,530330303132,-122.31357594616475,47.29652252639738,530330303132.0,hdt_D_Diesel,b2b--c33-75903
36690,8394820-10-mdv,b2b-36690,ft-cb18c,ft-mdv-Dsl,530330093002,-122.33759397247012,47.59022371894319,530330093002.0,mdv_D_Diesel,b2b--c33-75926
36693,8394820-10-mdv,b2b-36693,ft-75936,ft-mdv-Dsl,530330093002,-122.33759397247012,47.59022371894319,530330093002.0,mdv_D_Diesel,b2b--c33-75938
36697,7368993-8-ld1,b2b-36697,ft-3f2d8,ft-ld1-Gas,530530626001,-122.48142674423129,47.22315676250872,530530626001.0,ld1_G_Gasoline,b2b--c33-75949
36728,8394433-5-mdv,b2b-36728,ft-d1864,ft-mdv-Dsl,530330292061,-122.22638267720225,47.42765202506155,530330292061.0,mdv_D_Diesel,b2b--c33-76010
36730,8394433-5-mdv,b2b-36730,ft-6995a,ft-mdv-Dsl,530330292061,-122.22638267720225,47.42765202506155,530330292061.0,mdv_D_Diesel,b2b--c33-76012
36738,8394433-5-mdv,b2b-36738,ft-89e84,ft-mdv-Dsl,530330292061,-122.22638267720225,47.42765202506155,530330292061.0,mdv_D_Diesel,b2b--c33-76040
36739,8394433-5-mdv,b2b-36739,ft-c5395,ft-mdv-Dsl,530330292061,-122.22638267720225,47.42765202506155,530330292061.0,mdv_D_Diesel,b2b--c33-76041
36752,7369428-28-ld1,b2b-36752,ft-23c23,ft-ld1-Gas,530530714062,-122.3791628841875,47.07877783959044,530530714062.0,ld1_G_Gasoline,b2b--c33-76073
36758,7371556-18-ld1,b2b-36758,ft-f15cd,ft-ld1-Gas,530610533012,-122.33344015201193,48.26864231894757,530610533012.0,ld1_G_Gasoline,b2b--c33-76093
36766,6726337-3-ld1,b2b-36766,ft-870cf,ft-ld1-Gas,530530732004,-122.26381973027048,46.91888857212184,20012.0,ld1_G_Gasoline,b2b--c33-76125
36780,6709422-1-hdt,b2b-36780,ft-6ee38,ft-hdv-Dsl,530530732004,-122.26381973027048,46.91888857212184,20010.0,hdv_D_Diesel,b2b--c33-76151
36784,6702271-28-mdv,b2b-36784,ft-35aaf,ft-mdv-Gas,530530732004,-122.26381973027048,46.91888857212184,20010.0,mdv_G_Gasoline,b2b--c33-76158
36786,6308495-1-hdt,b2b-36786,ft-384f7,ft-hdt-Dsl,530330328003,-121.10644086665883,47.709472706427675,530179505003.0,hdt_D_Diesel,b2b--c33-76160
36813,7187355-13-hdt,b2b-36813,ft-2909,ft-hdt-Dsl,530530701001,-121.5437370927352,47.12072649438632,20095.0,hdt_D_Diesel,b2b--c33-76209
36836,7329588-5-hdt,b2b-36836,ft-61349,ft-hdt-Dsl,530530701001,-121.5437370927352,47.12072649438632,20118.0,hdt_D_Diesel,b2b--c33-76246
36889,6356267-1-hdt,b2b-36889,ft-60a0b,ft-hdv-Dsl,530330093002,-122.33366306836557,47.58903444724557,530330093002.0,hdv_D_Diesel,b2b--c33-76351
36908,6373722-1-hdt,b2b-36908,ft-18ff2,ft-hdv-Dsl,530330288024,-122.29373095087315,47.422517011619234,530330288024.0,hdv_D_Diesel,b2b--c33-76403
36915,6317423-1-hdt,b2b-36915,ft-8e918,ft-hdv-Dsl,530330305011,-122.23242323576515,47.34176620130504,530330305011.0,hdv_D_Diesel,b2b--c33-76435
36916,6317423-1-hdt,b2b-36916,ft-50c17,ft-hdt-Dsl,530330305011,-122.23242323576515,47.34176620130504,530330305011.0,hdt_D_Diesel,b2b--c33-76434
36924,6346108-1-hdt,b2b-36924,ft-91d17,ft-hdt-Dsl,530330296011,-122.19127213396736,47.36902733128782,530330296011.0,hdt_D_Diesel,b2b--c33-76447
36966,6353564-3-hdt,b2b-36966,ft-815aa,ft-hdt-Dsl,530330054002,-122.33625376673275,47.648126023305274,530330054002.0,hdt_D_Diesel,b2b--c33-76537
36968,6330608-4-hdt,b2b-36968,ft-5cc6b,ft-hdv-Dsl,530330292061,-122.22268979917403,47.40643692170669,530330292061.0,hdv_D_Diesel,b2b--c33-76544
36970,6365274-3-hdt,b2b-36970,ft-1249c,ft-hdt-Dsl,530330006004,-122.34233342193181,47.707450691212834,530330006004.0,hdt_D_Diesel,b2b--c33-76547
36983,6373402-2-hdt,b2b-36983,ft-5262a,ft-hdv-Dsl,530330288021,-122.29570090331518,47.426997669457016,530330288021.0,hdv_D_Diesel,b2b--c33-76588
37002,7374250-33-ld1,b2b-37002,ft-60c79,ft-ld1-Gas,530610533021,-122.23684520936622,48.26553620314338,530730102001.0,ld1_G_Gasoline,b2b--c33-76619
37020,8395795-25-ld1,b2b-37020,ft-ce35e,ft-ld1-Gas,530610537001,-121.31300181346782,48.04698207479564,530630114003.0,ld1_G_Gasoline,b2b--c33-76650
37022,8395795-25-ld1,b2b-37022,ft-d5237,ft-ld1-Gas,530610537001,-121.31300181346782,48.04698207479564,530630114003.0,ld1_G_Gasoline,b2b--c33-76652
37037,7366753-2-hdv,b2b-37037,ft-49b47,ft-hdv-Dsl,530330264005,-122.32943382695088,47.51835358889425,530330264005.0,hdv_D_Diesel,b2b--c33-76684
37043,8395670-38-ld1,b2b-37043,ft-a337b,ft-ld1-Gas,530610537001,-121.31300181346782,48.04698207479564,530630136002.0,ld1_G_Gasoline,b2b--c33-76691
37044,8395670-38-ld1,b2b-37044,ft-f1cb9,ft-ld1-Gas,530610537001,-121.31300181346782,48.04698207479564,530630136002.0,ld1_G_Gasoline,b2b--c33-76706
37045,8395670-38-ld1,b2b-37045,ft-5c14d,ft-ld1-Gas,530610537001,-121.31300181346782,48.04698207479564,530630136002.0,ld1_G_Gasoline,b2b--c33-76707
37055,8395473-18-ld1,b2b-37055,ft-eeade,ft-ld1-Dsl,530610535061,-121.89999203508337,48.27272291141637,530579512001.0,ld1_D_Diesel,b2b--c33-76728
37056,8395473-18-ld1,b2b-37056,ft-ae7ec,ft-ld1-Dsl,530610535061,-121.89999203508337,48.27272291141637,530579512001.0,ld1_D_Diesel,b2b--c33-76729
37057,8395473-18-ld1,b2b-37057,ft-85b17,ft-ld1-Dsl,530610535061,-121.89999203508337,48.27272291141637,530579512001.0,ld1_D_Diesel,b2b--c33-76730
37060,8395473-18-ld1,b2b-37060,ft-48b8f,ft-ld1-Dsl,530610535061,-121.89999203508337,48.27272291141637,530579512001.0,ld1_D_Diesel,b2b--c33-76749
37072,8394328-8-mdv,b2b-37072,ft-67249,ft-mdv-Gas,530330292061,-122.2384320753271,47.40669474169384,530330292061.0,mdv_G_Gasoline,b2b--c33-76779
37082,7361806-24-mdv,b2b-37082,ft-5826f,ft-mdv-Gas,530330292061,-122.24465895656691,47.42648528440445,530330292061.0,mdv_G_Gasoline,b2b--c33-76797
37086,8395795-13-ld1,b2b-37086,ft-84768,ft-ld1-Gas,530610537001,-121.31300181346782,48.04698207479564,530630114003.0,ld1_G_Gasoline,b2b--c33-76804
37091,8395795-13-ld1,b2b-37091,ft-411c6,ft-ld1-Gas,530610537001,-121.31300181346782,48.04698207479564,530630114003.0,ld1_G_Gasoline,b2b--c33-76809
37102,8371059-14-ld3,b2b-37102,ft-45b58,ft-ld3-Gas,530530732003,-122.23706641279225,46.78408365659002,410510073001.0,ld3_G_Gasoline,b2b--c33-76832
37116,7369428-8-ld1,b2b-37116,ft-df9f0,ft-ld1-Gas,530530714062,-122.3791628841875,47.07877783959044,530530714062.0,ld1_G_Gasoline,b2b--c33-76869
37121,7369578-19-ld3,b2b-37121,ft-e106e,ft-ld3-Dsl,530530718071,-122.49172169332216,47.17446773435666,530530718071.0,ld3_D_Diesel,b2b--c33-76882
37123,7369578-19-ld3,b2b-37123,ft-0207a,ft-ld3-Dsl,530530718071,-122.49172169332216,47.17446773435666,530530718071.0,ld3_D_Diesel,b2b--c33-76890
37131,8370461-8-ld1,b2b-37131,ft-573f3,ft-ld1-Gas,530530701001,-121.5437370927352,47.12072649438632,20095.0,ld1_G_Gasoline,b2b--c33-76902
37145,8370792-6-ld1,b2b-37145,ft-58a85,ft-ld1-Dsl,530530732003,-122.23706641279225,46.78408365659002,410430306003.0,ld1_D_Diesel,b2b--c33-76927
37149,8370792-6-ld1,b2b-37149,ft-24f7f,ft-ld1-Dsl,530530732003,-122.23706641279225,46.78408365659002,410430306003.0,ld1_D_Diesel,b2b--c33-76946
37151,4978094-3-hdt,b2b-37151,ft-96e43,ft-hdt-Dsl,530530701001,-121.5437370927352,47.12072649438632,20095.0,hdt_D_Diesel,b2b--c33-76948
37159,7368993-9-ld3,b2b-37159,ft-8467e,ft-ld3-Dsl,530530626001,-122.48142674423129,47.22315676250872,530530626001.0,ld3_D_Diesel,b2b--c33-76976
37160,7368993-9-ld3,b2b-37160,ft-750e8,ft-ld3-Dsl,530530626001,-122.48142674423129,47.22315676250872,530530626001.0,ld3_D_Diesel,b2b--c33-76966
37164,7368993-9-ld3,b2b-37164,ft-9b8ea,ft-ld3-Dsl,530530626001,-122.48142674423129,47.22315676250872,530530626001.0,ld3_D_Diesel,b2b--c33-76974
37169,7368270-19-ld3,b2b-37169,ft-19843,ft-ld3-Gas,530539400101,-122.30718333442022,47.2133342925431,530539400101.0,ld3_G_Gasoline,b2b--c33-76978
37174,7369067-9-ld3,b2b-37174,ft-7da24,ft-ld3-Gas,530530626001,-122.48308000394596,47.21890901912728,530530626001.0,ld3_G_Gasoline,b2b--c33-77001
37195,7369842-3-ld1,b2b-37195,ft-facd4,ft-ld1-Gas,530610533014,-122.37093627404924,48.2483017317002,530579519002.0,ld1_G_Gasoline,b2b--c33-77061
37199,7371136-3-ld1,b2b-37199,ft-65932,ft-ld1-Gas,530610528031,-122.17827172209718,48.15232268583682,530610528031.0,ld1_G_Gasoline,b2b--c33-77080
37207,7369842-23-ld1,b2b-37207,ft-e2a6b,ft-ld1-Gas,530610533014,-122.37093627404924,48.2483017317002,530579519002.0,ld1_G_Gasoline,b2b--c33-77090
37214,7366620-41-hdt,b2b-37214,ft-ac91c,ft-hdt-Dsl,530330284024,-122.29217467971979,47.45881065074249,530330284024.0,hdt_D_Diesel,b2b--c33-77112
37217,7369840-9-ld3,b2b-37217,ft-003e9,ft-ld3-Dsl,530610533024,-122.33639511497468,48.27588885819264,530579518002.0,ld3_D_Diesel,b2b--c33-77115
37223,6400238-5-hdt,b2b-37223,ft-72f50,ft-hdt-Dsl,530530718071,-122.49871896587004,47.166701904907185,530530718071.0,hdt_D_Diesel,b2b--c33-77132
37224,6400238-5-hdt,b2b-37224,ft-2e6d9,ft-hdt-Dsl,530530718071,-122.49871896587004,47.166701904907185,530530718071.0,hdt_D_Diesel,b2b--c33-77131
37237,6446545-37-hdt,b2b-37237,ft-2e484,ft-hdv-Dsl,530330315021,-121.36938446587672,47.147855247348815,530770001002.0,hdv_D_Diesel,b2b--c33-77154
37249,7333538-12-mdv,b2b-37249,ft-3189b,ft-mdv-Dsl,530530701001,-121.5437370927352,47.12072649438632,20118.0,mdv_D_Diesel,b2b--c33-77178
37253,7327372-7-hdt,b2b-37253,ft-2d3a2,ft-hdt-Dsl,530530701001,-121.5437370927352,47.12072649438632,20118.0,hdt_D_Diesel,b2b--c33-77182
37290,8396033-8-ld1,b2b-37290,ft-a41c3,ft-ld1-Dsl,530330315021,-121.36938446587672,47.147855247348815,530770018002.0,ld1_D_Diesel,b2b--c33-77265
37294,6368914-3-hdt,b2b-37294,ft-ae0af,ft-hdt-Dsl,530330268013,-122.3543536451064,47.51181267938302,530330268013.0,hdt_D_Diesel,b2b--c33-77274
37302,8395473-10-ld1,b2b-37302,ft-abc7d,ft-ld1-Gas,530610535061,-121.89999203508337,48.27272291141637,530579512001.0,ld1_G_Gasoline,b2b--c33-77284
37303,8395473-10-ld1,b2b-37303,ft-39a73,ft-ld1-Gas,530610535061,-121.89999203508337,48.27272291141637,530579512001.0,ld1_G_Gasoline,b2b--c33-77285
37312,6875401-3-ld1,b2b-37312,ft-7590,ft-ld1-Gas,530610537001,-121.31300181346782,48.04698207479564,20036.0,ld1_G_Gasoline,b2b--c33-77311
37315,6849503-3-ld1,b2b-37315,ft-76078,ft-ld1-Gas,530610537001,-121.31300181346782,48.04698207479564,20036.0,ld1_G_Gasoline,b2b--c33-77317
37318,5495468-1-hdt,b2b-37318,ft-1a6a5,ft-hdt-Dsl,530330328003,-121.10644086665883,47.709472706427675,20106.0,hdt_D_Diesel,b2b--c33-77321
37326,7362972-31-hdt,b2b-37326,ft-52cc3,ft-hdt-Dsl,530330323133,-122.0937881884041,47.674054261571776,530330323133.0,hdt_D_Diesel,b2b--c33-77380
37329,8351010-16-hdt,b2b-37329,ft-1f2be,ft-hdt-Dsl,530530701001,-121.5437370927352,47.12072649438632,20071.0,hdt_D_Diesel,b2b--c33-77387
37332,8351010-16-hdt,b2b-37332,ft-de594,ft-hdt-Dsl,530530701001,-121.5437370927352,47.12072649438632,20071.0,hdt_D_Diesel,b2b--c33-77395
37365,8390181-3-ld1,b2b-37365,ft-b3114,ft-ld1-Gas,530530701001,-121.5437370927352,47.12072649438632,20118.0,ld1_G_Gasoline,b2b--c33-77446
37370,2595970-5-hdt,b2b-37370,ft-0db91,ft-hdv-Dsl,530330328003,-121.10644086665883,47.709472706427675,20043.0,hdv_D_Diesel,b2b--c33-77455
37375,2595970-5-hdt,b2b-37375,ft-51f59,ft-hdt-Dsl,530330328003,-121.10644086665883,47.709472706427675,20043.0,hdt_D_Diesel,b2b--c33-77464
37376,6905095-14-ld1,b2b-37376,ft-cbe3b,ft-ld1-Gas,530330328003,-121.10644086665883,47.709472706427675,20043.0,ld1_G_Gasoline,b2b--c33-77465
37391,6905096-8-ld1,b2b-37391,ft-125af,ft-ld1-Gas,530330328003,-121.10644086665883,47.709472706427675,20043.0,ld1_G_Gasoline,b2b--c33-77480
37392,8333098-3-hdv,b2b-37392,ft-6572b,ft-hdv-Dsl,530330328003,-121.10644086665883,47.709472706427675,20043.0,hdv_D_Diesel,b2b--c33-77481
37405,1082056-2-hdt,b2b-37405,ft-2bc13,ft-hdv-Dsl,530530732004,-122.26381973027048,46.91888857212184,20010.0,hdv_D_Diesel,b2b--c33-77498
37406,1082056-2-hdt,b2b-37406,ft-a4a58,ft-hdt-Dsl,530530732004,-122.26381973027048,46.91888857212184,20010.0,hdt_D_Diesel,b2b--c33-77501
37407,8304599-8-ld3,b2b-37407,ft-31faf,ft-ld3-Dsl,530530732004,-122.26381973027048,46.91888857212184,20010.0,ld3_D_Diesel,b2b--c33-77502
37409,8304452-14-ld1,b2b-37409,ft-fd7bf,ft-ld1-Gas,530530732004,-122.26381973027048,46.91888857212184,20010.0,ld1_G_Gasoline,b2b--c33-77507
37417,7365531-5-mdv,b2b-37417,ft-0bc40,ft-mdv-Gas,530330263002,-122.29034760404986,47.50675431311565,530330263002.0,mdv_G_Gasoline,b2b--c33-77524
37421,7369899-13-ld1,b2b-37421,ft-9c5b6,ft-ld1-Gas,530610533014,-122.37093627404924,48.2483017317002,530579521003.0,ld1_G_Gasoline,b2b--c33-77543
37423,7369899-38-ld1,b2b-37423,ft-219d7,ft-ld1-Gas,530610533014,-122.37093627404924,48.2483017317002,530579521003.0,ld1_G_Gasoline,b2b--c33-77561
37441,6079999-1-hdt,b2b-37441,ft-40348,ft-hdt-Dsl,530530701001,-121.5437370927352,47.12072649438632,20118.0,hdt_D_Diesel,b2b--c33-77592
37449,8347626-8-ld1,b2b-37449,ft-9e3ba,ft-ld1-Gas,530610537001,-121.31300181346782,48.04698207479564,20064.0,ld1_G_Gasoline,b2b--c33-77601_2
37455,8395285-6-mdv,b2b-37455,ft-1db84,ft-mdv-Dsl,530539400101,-122.30568983007865,47.212144412126825,530539400101.0,mdv_D_Diesel,b2b--c33-77620
37459,8394432-2-hdv,b2b-37459,ft-7a90e,ft-hdv-Dsl,530330288021,-122.29448221175943,47.42747273756918,530330288021.0,hdv_D_Diesel,b2b--c33-77624
37482,7373730-3-ld1,b2b-37482,ft-7811f,ft-ld1-Dsl,530330315021,-121.36938446587672,47.147855247348815,530719202002.0,ld1_D_Diesel,b2b--c33-77668
37491,8370792-14-ld1,b2b-37491,ft-b5940,ft-ld1-Gas,530530732003,-122.23706641279225,46.78408365659002,410430306003.0,ld1_G_Gasoline,b2b--c33-77688
37505,6739820-11-hdt,b2b-37505,ft-b2c0b,ft-hdt-Dsl,530530732004,-122.26381973027048,46.91888857212184,20014.0,hdt_D_Diesel,b2b--c33-77714
37518,6739820-11-hdt,b2b-37518,ft-c574e,ft-hdt-Dsl,530530732004,-122.26381973027048,46.91888857212184,20014.0,hdt_D_Diesel,b2b--c33-77729
37527,6739820-11-hdt,b2b-37527,ft-b3ac4,ft-hdt-Dsl,530530732004,-122.26381973027048,46.91888857212184,20014.0,hdt_D_Diesel,b2b--c33-77771
37532,6741066-8-ld1,b2b-37532,ft-7a688,ft-ld1-Gas,530530732004,-122.26381973027048,46.91888857212184,20014.0,ld1_G_Gasoline,b2b--c33-77780
37539,6663314-18-ld1,b2b-37539,ft-011ec,ft-ld1-Gas,530530732004,-122.26381973027048,46.91888857212184,20014.0,ld1_G_Gasoline,b2b--c33-77790
37543,6740410-13-ld1,b2b-37543,ft-b5ca5,ft-ld1-Gas,530530732004,-122.26381973027048,46.91888857212184,20014.0,ld1_G_Gasoline,b2b--c33-77794
37554,7327343-5-hdt,b2b-37554,ft-157a4,ft-hdt-Dsl,530530701001,-121.5437370927352,47.12072649438632,20118.0,hdt_D_Diesel,b2b--c33-77817
37568,8390253-3-hdt,b2b-37568,ft-6399e,ft-hdv-Dsl,530530701001,-121.5437370927352,47.12072649438632,20118.0,hdv_D_Diesel,b2b--c33-77842
37587,6658376-1-hdt,b2b-37587,ft-8cdcb,ft-hdt-Dsl,530530732004,-122.26381973027048,46.91888857212184,20014.0,hdt_D_Diesel,b2b--c33-77865
37592,6658376-1-hdt,b2b-37592,ft-7fecc,ft-hdt-Dsl,530530732004,-122.26381973027048,46.91888857212184,20014.0,hdt_D_Diesel,b2b--c33-77900
37597,6658376-1-hdt,b2b-37597,ft-023ec,ft-hdv-Dsl,530530732004,-122.26381973027048,46.91888857212184,20014.0,hdv_D_Diesel,b2b--c33-77908
37599,8298331-5-ld3,b2b-37599,ft-f81b0,ft-ld3-Gas,530530732004,-122.26381973027048,46.91888857212184,20014.0,ld3_G_Gasoline,b2b--c33-77911
37609,6739845-3-ld1,b2b-37609,ft-b9ec8,ft-ld1-Gas,530530732004,-122.26381973027048,46.91888857212184,20014.0,ld1_G_Gasoline,b2b--c33-77929
37625,6664791-8-ld1,b2b-37625,ft-f8feb,ft-ld1-Gas,530530732004,-122.26381973027048,46.91888857212184,20014.0,ld1_G_Gasoline,b2b--c33-77950
37629,7032194-1-hdt,b2b-37629,ft-b48e8,ft-hdt-Dsl,530610537001,-121.31300181346782,48.04698207479564,20067.0,hdt_D_Diesel,b2b--c33-77954
37630,7032194-1-hdt,b2b-37630,ft-f8484,ft-hdt-Dsl,530610537001,-121.31300181346782,48.04698207479564,20067.0,hdt_D_Diesel,b2b--c33-77955
37642,5039300-2-hdt,b2b-37642,ft-098c0,ft-hdv-Dsl,530530732003,-122.23706641279225,46.78408365659002,410670318122.0,hdv_D_Diesel,b2b--c33-77981
37661,7371483-6-hdt,b2b-37661,ft-2bf60,ft-hdv-Dsl,530610413042,-122.24409010231953,47.92728331356473,530610413042.0,hdv_D_Diesel,b2b--c33-78004
37684,6293775-58-ld1,b2b-37684,ft-9e85f,ft-ld1-Gas,530330328003,-121.10644086665883,47.709472706427675,530079611003.0,ld1_G_Gasoline,b2b--c33-78066
37693,8395670-35-ld3,b2b-37693,ft-7f05e,ft-ld3-Dsl,530610537001,-121.31300181346782,48.04698207479564,530630136002.0,ld3_D_Diesel,b2b--c33-78090
37701,6293773-4-ld1,b2b-37701,ft-95432,ft-ld1-Gas,530330328003,-121.10644086665883,47.709472706427675,530079610001.0,ld1_G_Gasoline,b2b--c33-78112
37724,6293775-56-ld1,b2b-37724,ft-65b23,ft-ld1-Gas,530330328003,-121.10644086665883,47.709472706427675,530079611003.0,ld1_G_Gasoline,b2b--c33-78162
37731,6294507-16-ld1,b2b-37731,ft-f959f,ft-ld1-Dsl,530610537001,-121.31300181346782,48.04698207479564,530079601002.0,ld1_D_Diesel,b2b--c33-78176
37747,6293774-48-ld1,b2b-37747,ft-ff35f,ft-ld1-Dsl,530330328003,-121.10644086665883,47.709472706427675,530079610001.0,ld1_D_Diesel,b2b--c33-78211
37760,6293774-38-ld1,b2b-37760,ft-a5b40,ft-ld1-Gas,530330328003,-121.10644086665883,47.709472706427675,530079610001.0,ld1_G_Gasoline,b2b--c33-78239
37773,6294507-4-ld1,b2b-37773,ft-32071,ft-ld1-Gas,530610537001,-121.31300181346782,48.04698207479564,530079601002.0,ld1_G_Gasoline,b2b--c33-78267
37784,7367608-5-ld1,b2b-37784,ft-510ee,ft-ld1-Gas,530330315021,-121.36938446587672,47.147855247348815,530379756002.0,ld1_G_Gasoline,b2b--c33-78294
37800,6293773-26-ld1,b2b-37800,ft-6d1be,ft-ld1-Gas,530330328003,-121.10644086665883,47.709472706427675,530079610001.0,ld1_G_Gasoline,b2b--c33-78325
37814,6293775-42-ld1,b2b-37814,ft-d090c,ft-ld1-Dsl,530330328003,-121.10644086665883,47.709472706427675,530079611003.0,ld1_D_Diesel,b2b--c33-78362
37823,6293773-12-ld1,b2b-37823,ft-8560c,ft-ld1-Gas,530330328003,-121.10644086665883,47.709472706427675,530079610001.0,ld1_G_Gasoline,b2b--c33-78379
37850,7369842-33-ld1,b2b-37850,ft-84847,ft-ld1-Gas,530610533014,-122.37093627404924,48.2483017317002,530579519002.0,ld1_G_Gasoline,b2b--c33-78430
37879,7369840-13-ld1,b2b-37879,ft-7a35e,ft-ld1-Gas,530610533024,-122.33639511497468,48.27588885819264,530579518002.0,ld1_G_Gasoline,b2b--c33-78487
37880,7369840-13-ld1,b2b-37880,ft-85e30,ft-ld1-Gas,530610533024,-122.33639511497468,48.27588885819264,530579518002.0,ld1_G_Gasoline,b2b--c33-78494
37897,7373894-43-ld1,b2b-37897,ft-e1d16,ft-ld1-Gas,530610533014,-122.37093627404924,48.2483017317002,530730004003.0,ld1_G_Gasoline,b2b--c33-78516
37898,7374226-14-ld1,b2b-37898,ft-7bff8,ft-ld1-Gas,530610533014,-122.37093627404924,48.2483017317002,530730002002.0,ld1_G_Gasoline,b2b--c33-78522
37926,7374212-3-ld1,b2b-37926,ft-8c60f,ft-ld1-Gas,530610533014,-122.37093627404924,48.2483017317002,530730002003.0,ld1_G_Gasoline,b2b--c33-78574
37931,7374250-63-ld1,b2b-37931,ft-79004,ft-ld1-Dsl,530610533021,-122.23684520936622,48.26553620314338,530730102001.0,ld1_D_Diesel,b2b--c33-78594
37934,7374250-63-ld1,b2b-37934,ft-fc1e5,ft-ld1-Dsl,530610533021,-122.23684520936622,48.26553620314338,530730102001.0,ld1_D_Diesel,b2b--c33-78593
37937,7373894-38-ld1,b2b-37937,ft-d985e,ft-ld1-Gas,530610533014,-122.37093627404924,48.2483017317002,530730004003.0,ld1_G_Gasoline,b2b--c33-78598
37941,7374093-3-ld1,b2b-37941,ft-a5b31,ft-ld1-Gas,530610533014,-122.37093627404924,48.2483017317002,530730001003.0,ld1_G_Gasoline,b2b--c33-78610
37946,7374212-23-ld1,b2b-37946,ft-cb74e,ft-ld1-Gas,530610533014,-122.37093627404924,48.2483017317002,530730002003.0,ld1_G_Gasoline,b2b--c33-78619
37947,7374212-23-ld1,b2b-37947,ft-c3b51,ft-ld1-Gas,530610533014,-122.37093627404924,48.2483017317002,530730002003.0,ld1_G_Gasoline,b2b--c33-78615
37963,7373762-13-ld1,b2b-37963,ft-af557,ft-ld1-Gas,530610534001,-122.174775998106,48.271850830473014,530730101005.0,ld1_G_Gasoline,b2b--c33-78657
37964,7373762-13-ld1,b2b-37964,ft-a6011,ft-ld1-Gas,530610534001,-122.174775998106,48.271850830473014,530730101005.0,ld1_G_Gasoline,b2b--c33-78656
37965,7374250-3-ld1,b2b-37965,ft-1bd61,ft-ld1-Gas,530610533021,-122.23684520936622,48.26553620314338,530730102001.0,ld1_G_Gasoline,b2b--c33-78662
37968,7374158-8-ld1,b2b-37968,ft-f370c,ft-ld1-Gas,530610533014,-122.37093627404924,48.2483017317002,530730104012.0,ld1_G_Gasoline,b2b--c33-78665
37972,7373894-46-hdt,b2b-37972,ft-c44ea,ft-hdv-Dsl,530610533014,-122.37093627404924,48.2483017317002,530730004003.0,hdv_D_Diesel,b2b--c33-78670
37985,8371137-24-ld3,b2b-37985,ft-1e9e8,ft-ld3-Gas,530530732003,-122.23706641279225,46.78408365659002,410510072021.0,ld3_G_Gasoline,b2b--c33-78703
37987,8371137-24-ld3,b2b-37987,ft-472e9,ft-ld3-Gas,530530732003,-122.23706641279225,46.78408365659002,410510072021.0,ld3_G_Gasoline,b2b--c33-78705
37995,7374249-18-ld1,b2b-37995,ft-ba7fc,ft-ld1-Gas,530610533021,-122.23684520936622,48.26553620314338,530730102001.0,ld1_G_Gasoline,b2b--c33-78725
38033,6305419-2-hdt,b2b-38033,ft-03a3d,ft-hdv-Dsl,530530732003,-122.23706641279225,46.78408365659002,530110413274.0,hdv_D_Diesel,b2b--c33-78808
38037,8371058-6-hdt,b2b-38037,ft-23666,ft-hdt-Dsl,530530732003,-122.23706641279225,46.78408365659002,410510072021.0,hdt_D_Diesel,b2b--c33-78814
38061,6408577-2-hdt,b2b-38061,ft-6bad0,ft-hdt-Dsl,530610514001,-122.30311554129825,47.81089184362346,530610514001.0,hdt_D_Diesel,b2b--c33-78894
38082,7369899-41-hdt,b2b-38082,ft-47f1d,ft-hdt-Dsl,530610533014,-122.37093627404924,48.2483017317002,530579521003.0,hdt_D_Diesel,b2b--c33-78927
38119,7369899-3-ld1,b2b-38119,ft-98fdb,ft-ld1-Gas,530610533014,-122.37093627404924,48.2483017317002,530579521003.0,ld1_G_Gasoline,b2b--c33-79014
38185,7178872-23-ld1,b2b-38185,ft-5e189,ft-ld1-Gas,530330315021,-121.36938446587672,47.147855247348815,20094.0,ld1_G_Gasoline,b2b--c33-79150
38190,8351030-14-ld3,b2b-38190,ft-5e1a2,ft-ld3-Gas,530530701001,-121.5437370927352,47.12072649438632,20071.0,ld3_G_Gasoline,b2b--c33-79155
38196,8351010-11-hdt,b2b-38196,ft-ab79b,ft-hdt-Dsl,530530701001,-121.5437370927352,47.12072649438632,20071.0,hdt_D_Diesel,b2b--c33-79165
38199,8351010-11-hdt,b2b-38199,ft-1fb51,ft-hdt-Dsl,530530701001,-121.5437370927352,47.12072649438632,20071.0,hdt_D_Diesel,b2b--c33-79184
38203,8351010-11-hdt,b2b-38203,ft-491fc,ft-hdt-Dsl,530530701001,-121.5437370927352,47.12072649438632,20071.0,hdt_D_Diesel,b2b--c33-79189
38210,8351010-23-ld1,b2b-38210,ft-e018b,ft-ld1-Gas,530530701001,-121.5437370927352,47.12072649438632,20071.0,ld1_G_Gasoline,b2b--c33-79202
38211,8351010-23-ld1,b2b-38211,ft-3f8e9,ft-ld1-Gas,530530701001,-121.5437370927352,47.12072649438632,20071.0,ld1_G_Gasoline,b2b--c33-79205
38212,8351009-23-ld1,b2b-38212,ft-96ef2,ft-ld1-Gas,530530701001,-121.5437370927352,47.12072649438632,20071.0,ld1_G_Gasoline,b2b--c33-79206
38214,8351009-23-ld1,b2b-38214,ft-cd61f,ft-ld1-Gas,530530701001,-121.5437370927352,47.12072649438632,20071.0,ld1_G_Gasoline,b2b--c33-79212
38216,8413537-8-ld1,b2b-38216,ft-a3145,ft-ld1-Dsl,530530701001,-121.5437370927352,47.12072649438632,20071.0,ld1_D_Diesel,b2b--c33-79217
38221,8351011-48-ld1,b2b-38221,ft-a0642,ft-ld1-Dsl,530530701001,-121.5437370927352,47.12072649438632,20071.0,ld1_D_Diesel,b2b--c33-79226
38227,8413537-18-ld1,b2b-38227,ft-e051e,ft-ld1-Dsl,530530701001,-121.5437370927352,47.12072649438632,20071.0,ld1_D_Diesel,b2b--c33-79235
38228,8413537-18-ld1,b2b-38228,ft-23b21,ft-ld1-Dsl,530530701001,-121.5437370927352,47.12072649438632,20071.0,ld1_D_Diesel,b2b--c33-79238
38262,6052612-2-hdt,b2b-38262,ft-de239,ft-hdt-Dsl,530530701001,-121.5437370927352,47.12072649438632,20118.0,hdt_D_Diesel,b2b--c33-79299
38264,8371133-14-ld3,b2b-38264,ft-ec12e,ft-ld3-Gas,530530732003,-122.23706641279225,46.78408365659002,410519800001.0,ld3_G_Gasoline,b2b--c33-79301
38275,7362512-20-mdv,b2b-38275,ft-71051,ft-mdv-Dsl,530330320111,-122.02258281211779,47.3687562148935,530330320111.0,mdv_D_Diesel,b2b--c33-79351
38285,7369982-18-ld1,b2b-38285,ft-98029,ft-ld1-Dsl,530610533024,-122.33639511497468,48.27588885819264,530579526003.0,ld1_D_Diesel,b2b--c33-79380
38315,7369581-33-ld1,b2b-38315,ft-e9fd4,ft-ld1-Gas,530530718071,-122.49233469468531,47.17252881714979,530530718071.0,ld1_G_Gasoline,b2b--c33-79477
38324,7361744-55-mdv,b2b-38324,ft-32390,ft-mdv-Gas,530330292061,-122.22528263501711,47.432243549317185,530330292061.0,mdv_G_Gasoline,b2b--c33-79497
38354,7361805-3-mdv,b2b-38354,ft-71c3e,ft-mdv-Dsl,530330292061,-122.2491015192197,47.42979333775661,530330292061.0,mdv_D_Diesel,b2b--c33-79554
38364,7366717-15-mdv,b2b-38364,ft-9e3e0,ft-mdv-Dsl,530330262001,-122.22921061931757,47.47394127510094,530330262001.0,mdv_D_Diesel,b2b--c33-79570
38368,6327450-7-hdt,b2b-38368,ft-bcdd6,ft-hdv-Dsl,530330303042,-122.31691302374539,47.28619183244038,530330303042.0,hdv_D_Diesel,b2b--c33-79576
38407,6355945-1-hdt,b2b-38407,ft-c1c8a,ft-hdt-Dsl,530330093001,-122.32453094327292,47.5936271203996,530330093001.0,hdt_D_Diesel,b2b--c33-79666
38413,3654310-1-hdt,b2b-38413,ft-88ed3,ft-hdv-Dsl,530530701001,-121.5437370927352,47.12072649438632,20071.0,hdv_D_Diesel,b2b--c33-79682
38421,6710294-8-ld1,b2b-38421,ft-458d9,ft-ld1-Gas,530530732004,-122.26381973027048,46.91888857212184,20012.0,ld1_G_Gasoline,b2b--c33-79694
38423,8297567-4-ld1,b2b-38423,ft-e0705,ft-ld1-Dsl,530530732004,-122.26381973027048,46.91888857212184,20012.0,ld1_D_Diesel,b2b--c33-79698
38442,6687745-8-ld1,b2b-38442,ft-936b7,ft-ld1-Gas,530530701001,-121.5437370927352,47.12072649438632,20009.0,ld1_G_Gasoline,b2b--c33-79725
38445,6742656-3-ld1,b2b-38445,ft-57868,ft-ld1-Gas,530530701001,-121.5437370927352,47.12072649438632,20009.0,ld1_G_Gasoline,b2b--c33-79730
38483,8370767-9-ld3,b2b-38483,ft-1682,ft-ld3-Dsl,530530732003,-122.23706641279225,46.78408365659002,410430202001.0,ld3_D_Diesel,b2b--c33-79813
38484,8370767-9-ld3,b2b-38484,ft-acbbd,ft-ld3-Dsl,530530732003,-122.23706641279225,46.78408365659002,410430202001.0,ld3_D_Diesel,b2b--c33-79808
38485,7328859-9-hdt,b2b-38485,ft-12aab,ft-hdt-Dsl,530530701001,-121.5437370927352,47.12072649438632,20118.0,hdt_D_Diesel,b2b--c33-79814
38530,8368057-1-hdt,b2b-38530,ft-1f210,ft-hdv-Dsl,530610537001,-121.31300181346782,48.04698207479564,20091.0,hdv_D_Diesel,b2b--c33-79880
38533,8368057-1-hdt,b2b-38533,ft-3d8b2,ft-hdt-Dsl,530610537001,-121.31300181346782,48.04698207479564,20091.0,hdt_D_Diesel,b2b--c33-79883
38537,8368057-1-hdt,b2b-38537,ft-c2757,ft-hdt-Dsl,530610537001,-121.31300181346782,48.04698207479564,20091.0,hdt_D_Diesel,b2b--c33-79887
38539,8368057-1-hdt,b2b-38539,ft-12180,ft-hdt-Dsl,530610537001,-121.31300181346782,48.04698207479564,20091.0,hdt_D_Diesel,b2b--c33-79889
38565,8367697-9-ld3,b2b-38565,ft-39c39,ft-ld3-Dsl,530610537001,-121.31300181346782,48.04698207479564,20091.0,ld3_D_Diesel,b2b--c33-79991
38573,7162904-10-mdv,b2b-38573,ft-efe81,ft-mdv-Dsl,530610537001,-121.31300181346782,48.04698207479564,20091.0,mdv_D_Diesel,b2b--c33-80003
38575,7162904-10-mdv,b2b-38575,ft-e3561,ft-mdv-Dsl,530610537001,-121.31300181346782,48.04698207479564,20091.0,mdv_D_Diesel,b2b--c33-80009
38592,7162597-3-ld1,b2b-38592,ft-8494e,ft-ld1-Gas,530610537001,-121.31300181346782,48.04698207479564,20091.0,ld1_G_Gasoline,b2b--c33-80028
38594,8368138-3-ld1,b2b-38594,ft-069e9,ft-ld1-Dsl,530610537001,-121.31300181346782,48.04698207479564,20091.0,ld1_D_Diesel,b2b--c33-80030
38595,8368068-13-ld1,b2b-38595,ft-7cab4,ft-ld1-Gas,530610537001,-121.31300181346782,48.04698207479564,20091.0,ld1_G_Gasoline,b2b--c33-80031
38597,7146684-13-ld1,b2b-38597,ft-ac099,ft-ld1-Gas,530610537001,-121.31300181346782,48.04698207479564,20091.0,ld1_G_Gasoline,b2b--c33-80033
38601,7170612-3-ld1,b2b-38601,ft-68c58,ft-ld1-Gas,530610537001,-121.31300181346782,48.04698207479564,20091.0,ld1_G_Gasoline,b2b--c33-80037
38616,6675845-9-ld3,b2b-38616,ft-ee6b5,ft-ld3-Gas,530530701001,-121.5437370927352,47.12072649438632,20009.0,ld3_G_Gasoline,b2b--c33-80065
38623,6604720-1-hdt,b2b-38623,ft-4550b,ft-hdt-Dsl,530330328003,-121.10644086665883,47.709472706427675,20128.0,hdt_D_Diesel,b2b--c33-80077
38627,7395751-13-ld1,b2b-38627,ft-30a36,ft-ld1-Dsl,530330328003,-121.10644086665883,47.709472706427675,20128.0,ld1_D_Diesel,b2b--c33-80084
38635,7395852-3-ld1,b2b-38635,ft-698d5,ft-ld1-Gas,530330328003,-121.10644086665883,47.709472706427675,20128.0,ld1_G_Gasoline,b2b--c33-80096
38662,6860802-6-hdt,b2b-38662,ft-b3b97,ft-hdt-Dsl,530610537001,-121.31300181346782,48.04698207479564,20034.0,hdt_D_Diesel,b2b--c33-80130
38663,6860802-6-hdt,b2b-38663,ft-051b5,ft-hdt-Dsl,530610537001,-121.31300181346782,48.04698207479564,20034.0,hdt_D_Diesel,b2b--c33-80131
38675,6860802-6-hdt,b2b-38675,ft-65e2a,ft-hdt-Dsl,530610537001,-121.31300181346782,48.04698207479564,20034.0,hdt_D_Diesel,b2b--c33-80188
38699,8328182-4-ld1,b2b-38699,ft-8b1b1,ft-ld1-Gas,530610537001,-121.31300181346782,48.04698207479564,20034.0,ld1_G_Gasoline,b2b--c33-80216
38700,8324482-13-ld1,b2b-38700,ft-6c27e,ft-ld1-Gas,530610537001,-121.31300181346782,48.04698207479564,20034.0,ld1_G_Gasoline,b2b--c33-80217
38711,6859342-18-ld1,b2b-38711,ft-61095,ft-ld1-Gas,530610537001,-121.31300181346782,48.04698207479564,20034.0,ld1_G_Gasoline,b2b--c33-80228
38771,6869342-13-ld1,b2b-38771,ft-e21b7,ft-ld1-Gas,530610537001,-121.31300181346782,48.04698207479564,20034.0,ld1_G_Gasoline,b2b--c33-80292
38786,8326126-18-ld1,b2b-38786,ft-ac36f,ft-ld1-Gas,530610537001,-121.31300181346782,48.04698207479564,20034.0,ld1_G_Gasoline,b2b--c33-80309
38787,6863796-13-ld1,b2b-38787,ft-1ee68,ft-ld1-Dsl,530610537001,-121.31300181346782,48.04698207479564,20034.0,ld1_D_Diesel,b2b--c33-80310
38810,6854651-19-ld3,b2b-38810,ft-d05c8,ft-ld3-Dsl,530610537001,-121.31300181346782,48.04698207479564,20034.0,ld3_D_Diesel,b2b--c33-80333
38822,6877873-8-ld1,b2b-38822,ft-a99e9,ft-ld1-Gas,530610537001,-121.31300181346782,48.04698207479564,20034.0,ld1_G_Gasoline,b2b--c33-80345
38827,6872782-14-ld3,b2b-38827,ft-c4139,ft-ld3-Gas,530610537001,-121.31300181346782,48.04698207479564,20034.0,ld3_G_Gasoline,b2b--c33-80350
38834,8327230-10-ld3,b2b-38834,ft-feb57,ft-ld3-Gas,530610537001,-121.31300181346782,48.04698207479564,20034.0,ld3_G_Gasoline,b2b--c33-80357
38854,8348073-13-ld1,b2b-38854,ft-5b335,ft-ld1-Gas,530610537001,-121.31300181346782,48.04698207479564,20064.0,ld1_G_Gasoline,b2b--c33-80379
38869,6727110-5-hdt,b2b-38869,ft-95594,ft-hdt-Dsl,530530732004,-122.26381973027048,46.91888857212184,20012.0,hdt_D_Diesel,b2b--c33-80399
38879,6346031-1-hdt,b2b-38879,ft-13e31,ft-hdv-Dsl,530330297004,-122.23015402146882,47.36463551223848,530330297004.0,hdv_D_Diesel,b2b--c33-80420
38897,6331929-3-hdt,b2b-38897,ft-4afe5,ft-hdt-Dsl,530330292061,-122.2490980963044,47.42967666404755,530330292061.0,hdt_D_Diesel,b2b--c33-80456
38900,6337603-1-hdt,b2b-38900,ft-9aeb3,ft-hdt-Dsl,530330108001,-122.34895283451249,47.55330036631293,530330108001.0,hdt_D_Diesel,b2b--c33-80463
38908,6336728-1-hdt,b2b-38908,ft-eecd2,ft-hdt-Dsl,530330295022,-122.17987410319688,47.37242682524222,530330295022.0,hdt_D_Diesel,b2b--c33-80484
38954,7364692-10-hdt,b2b-38954,ft-31ac9,ft-hdt-Dsl,530330108001,-122.34913921788487,47.55384014888749,530330108001.0,hdt_D_Diesel,b2b--c33-80615
38969,6375894-1-hdt,b2b-38969,ft-a5c35,ft-hdt-Dsl,530350809001,-122.69063859460626,47.55706689831067,530350809001.0,hdt_D_Diesel,b2b--c33-80660
38975,7361891-26-hdt,b2b-38975,ft-35e62,ft-hdt-Dsl,530330292061,-122.24476005979747,47.397552375178016,530330292061.0,hdt_D_Diesel,b2b--c33-80684
38979,7190388-23-ld1,b2b-38979,ft-6c49b,ft-ld1-Dsl,530530701001,-121.5437370927352,47.12072649438632,20095.0,ld1_D_Diesel,b2b--c33-80688
38980,4988100-2-hdt,b2b-38980,ft-ad0a1,ft-hdv-Dsl,530530701001,-121.5437370927352,47.12072649438632,20095.0,hdv_D_Diesel,b2b--c33-80689
38984,7369221-5-mdv,b2b-38984,ft-6d7c1,ft-mdv-Gas,530539400101,-122.31035393745093,47.20502765367965,530539400101.0,mdv_G_Gasoline,b2b--c33-80700
38987,6316163-1-hdt,b2b-38987,ft-172d2,ft-hdt-Dsl,530330305011,-122.2332722484168,47.30846610589142,530330305011.0,hdt_D_Diesel,b2b--c33-80710
39059,7361803-3-mdv,b2b-39059,ft-05f1c,ft-mdv-Gas,530330292061,-122.22600671466729,47.40844696648436,530330292061.0,mdv_G_Gasoline,b2b--c33-80868
39062,8370767-24-ld3,b2b-39062,ft-1c2b3,ft-ld3-Dsl,530530732003,-122.23706641279225,46.78408365659002,410430202001.0,ld3_D_Diesel,b2b--c33-80872
39072,6736682-3-ld1,b2b-39072,ft-5a833,ft-ld1-Gas,530530732004,-122.26381973027048,46.91888857212184,20012.0,ld1_G_Gasoline,b2b--c33-80885
39091,6992197-14-ld3,b2b-39091,ft-6c2a8,ft-ld3-Gas,530610537001,-121.31300181346782,48.04698207479564,20058.0,ld3_G_Gasoline,b2b--c33-80916
39094,8416319-11-ld3,b2b-39094,ft-904a4,ft-ld3-Gas,530330315021,-121.36938446587672,47.147855247348815,20112.0,ld3_G_Gasoline,b2b--c33-80920
39114,8381275-18-ld1,b2b-39114,ft-d812b,ft-ld1-Gas,530330315021,-121.36938446587672,47.147855247348815,20117.0,ld1_G_Gasoline,b2b--c33-80952
39119,8381099-5-ld1,b2b-39119,ft-0bb4c,ft-ld1-Gas,530330315021,-121.36938446587672,47.147855247348815,20117.0,ld1_G_Gasoline,b2b--c33-80957
39126,8381275-13-ld1,b2b-39126,ft-0f592,ft-ld1-Gas,530330315021,-121.36938446587672,47.147855247348815,20117.0,ld1_G_Gasoline,b2b--c33-80964
39130,7363441-21-hdt,b2b-39130,ft-6acec,ft-hdt-Dsl,530330323193,-122.15671601884792,47.75905143275152,530330323193.0,hdt_D_Diesel,b2b--c33-80974
39148,7373561-8-ld1,b2b-39148,ft-4ee89,ft-ld1-Gas,530530728001,-122.64899673245617,47.0992006395685,530670122222.0,ld1_G_Gasoline,b2b--c33-81026
39169,7195838-4-ld3,b2b-39169,ft-09b60,ft-ld3-Dsl,530530730061,-122.34183800719136,46.92931107282429,410670325011.0,ld3_D_Diesel,b2b--c33-81056
39188,8394354-12-hdv,b2b-39188,ft-37408,ft-hdv-Dsl,530330292061,-122.24394563101907,47.41876745684446,530330292061.0,hdv_D_Diesel,b2b--c33-81086
39191,6396908-5-hdt,b2b-39191,ft-d7ee7,ft-hdt-Dsl,530530602001,-122.39534617229506,47.26134110811197,530530602001.0,hdt_D_Diesel,b2b--c33-81093
39192,6396908-5-hdt,b2b-39192,ft-d1ba4,ft-hdt-Dsl,530530602001,-122.39534617229506,47.26134110811197,530530602001.0,hdt_D_Diesel,b2b--c33-81092
39209,6396488-1-hdt,b2b-39209,ft-1e68d,ft-hdt-Dsl,530530602001,-122.43113892295194,47.25413369415941,530530602001.0,hdt_D_Diesel,b2b--c33-81126
39225,7363604-4-hdt,b2b-39225,ft-01f16,ft-hdt-Dsl,530330322083,-122.0430602331918,47.55012213284945,530330322083.0,hdt_D_Diesel,b2b--c33-81190
39243,6346108-2-hdt,b2b-39243,ft-8454a,ft-hdt-Dsl,530330296011,-122.19127213396736,47.36902733128782,530330296011.0,hdt_D_Diesel,b2b--c33-81253
39253,7369428-34-ld3,b2b-39253,ft-ae2f8,ft-ld3-Gas,530530714062,-122.3791628841875,47.07877783959044,530530714062.0,ld3_G_Gasoline,b2b--c33-81277
39255,7369428-34-ld3,b2b-39255,ft-7355a,ft-ld3-Gas,530530714062,-122.3791628841875,47.07877783959044,530530714062.0,ld3_G_Gasoline,b2b--c33-81275
39283,7367751-8-ld1,b2b-39283,ft-ef3f4,ft-ld1-Gas,530530729061,-122.5544249277511,47.049137874735855,530419714002.0,ld1_G_Gasoline,b2b--c33-81336
39291,6446544-28-ld1,b2b-39291,ft-29126,ft-ld1-Gas,530330315021,-121.36938446587672,47.147855247348815,530770011004.0,ld1_G_Gasoline,b2b--c33-81352
39316,6446545-8-ld1,b2b-39316,ft-557c0,ft-ld1-Gas,530330315021,-121.36938446587672,47.147855247348815,530770001002.0,ld1_G_Gasoline,b2b--c33-81392
39345,7360029-23-ld1,b2b-39345,ft-3b2c0,ft-ld1-Gas,530350920001,-122.92435858189329,47.572507416975284,530270013002.0,ld1_G_Gasoline,b2b--c33-81451
39347,6445942-6-ld1,b2b-39347,ft-964dd,ft-ld1-Gas,530330315021,-121.36938446587672,47.147855247348815,530770015022.0,ld1_G_Gasoline,b2b--c33-81460
39355,6446545-50-ld1,b2b-39355,ft-d84ac,ft-ld1-Gas,530330315021,-121.36938446587672,47.147855247348815,530770001002.0,ld1_G_Gasoline,b2b--c33-81473
39387,7190788-13-ld1,b2b-39387,ft-14e4a,ft-ld1-Gas,530530732003,-122.23706641279225,46.78408365659002,410430306003.0,ld1_G_Gasoline,b2b--c33-81592
39394,7195692-5-mdv,b2b-39394,ft-d4559,ft-mdv-Dsl,530530730061,-122.34183800719136,46.92931107282429,410670331021.0,mdv_D_Diesel,b2b--c33-81610
39398,5049604-2-hdt,b2b-39398,ft-9014,ft-hdt-Dsl,530530730061,-122.34183800719136,46.92931107282429,410710306011.0,hdt_D_Diesel,b2b--c33-81618
39401,7373504-34-ld3,b2b-39401,ft-e0727,ft-ld3-Gas,530530729061,-122.5544249277511,47.049137874735855,530670126101.0,ld3_G_Gasoline,b2b--c33-81621
39423,7365629-6-hdt,b2b-39423,ft-4dc69,ft-hdv-Dsl,530330059001,-122.3673128160379,47.65327281857979,530330059001.0,hdv_D_Diesel,b2b--c33-81680
39449,7358281-13-ld1,b2b-39449,ft-391b9,ft-ld1-Gas,530350920003,-122.90405363848717,47.61764864302332,530090013002.0,ld1_G_Gasoline,b2b--c33-81725
39477,7372017-1-hdt,b2b-39477,ft-d1079,ft-hdv-Dsl,530610537001,-121.31300181346782,48.04698207479564,530630122001.0,hdv_D_Diesel,b2b--c33-81778
39480,7372017-1-hdt,b2b-39480,ft-b81ec,ft-hdt-Dsl,530610537001,-121.31300181346782,48.04698207479564,530630122001.0,hdt_D_Diesel,b2b--c33-81781
39496,7372017-1-hdt,b2b-39496,ft-825fd,ft-hdt-Dsl,530610537001,-121.31300181346782,48.04698207479564,530630122001.0,hdt_D_Diesel,b2b--c33-81826
39497,7372017-1-hdt,b2b-39497,ft-75d8e,ft-hdv-Dsl,530610537001,-121.31300181346782,48.04698207479564,530630122001.0,hdv_D_Diesel,b2b--c33-81827
39517,7372963-13-ld1,b2b-39517,ft-56b81,ft-ld1-Gas,530610537001,-121.31300181346782,48.04698207479564,530630137001.0,ld1_G_Gasoline,b2b--c33-81869
39529,7372619-9-ld3,b2b-39529,ft-5d199,ft-ld3-Dsl,530610537001,-121.31300181346782,48.04698207479564,530630122001.0,ld3_D_Diesel,b2b--c33-81890
39537,7372945-3-ld1,b2b-39537,ft-cfd10,ft-ld1-Dsl,530610537001,-121.31300181346782,48.04698207479564,530630141002.0,ld1_D_Diesel,b2b--c33-81901
39552,7372140-18-ld1,b2b-39552,ft-2586f,ft-ld1-Gas,530610537001,-121.31300181346782,48.04698207479564,530630122001.0,ld1_G_Gasoline,b2b--c33-81927
39562,7372640-3-ld1,b2b-39562,ft-1eed3,ft-ld1-Dsl,530610537001,-121.31300181346782,48.04698207479564,530630114003.0,ld1_D_Diesel,b2b--c33-81948
39578,7372658-8-ld1,b2b-39578,ft-96559,ft-ld1-Gas,530610537001,-121.31300181346782,48.04698207479564,530630114003.0,ld1_G_Gasoline,b2b--c33-81979
39582,7372638-23-ld1,b2b-39582,ft-c09d9,ft-ld1-Gas,530610537001,-121.31300181346782,48.04698207479564,530630114003.0,ld1_G_Gasoline,b2b--c33-81987
39590,7372140-9-ld3,b2b-39590,ft-35f5b,ft-ld3-Gas,530610537001,-121.31300181346782,48.04698207479564,530630122001.0,ld3_G_Gasoline,b2b--c33-82000
39600,7372140-23-ld1,b2b-39600,ft-85e49,ft-ld1-Dsl,530610537001,-121.31300181346782,48.04698207479564,530630122001.0,ld1_D_Diesel,b2b--c33-82015
39606,7361951-26-hdt,b2b-39606,ft-c8a11,ft-hdt-Dsl,530330292061,-122.22446575655314,47.419646524413956,530330292061.0,hdt_D_Diesel,b2b--c33-82058
39615,7364692-21-mdv,b2b-39615,ft-739f0,ft-mdv-Dsl,530330108001,-122.34913921788487,47.55384014888749,530330108001.0,mdv_D_Diesel,b2b--c33-82068
39622,7369840-10-mdv,b2b-39622,ft-49fdb,ft-mdv-Dsl,530610533024,-122.33639511497468,48.27588885819264,530579518002.0,mdv_D_Diesel,b2b--c33-82092
39623,8395795-14-ld3,b2b-39623,ft-aea26,ft-ld3-Dsl,530610537001,-121.31300181346782,48.04698207479564,530630114003.0,ld3_D_Diesel,b2b--c33-82093
39628,8395795-14-ld3,b2b-39628,ft-73340,ft-ld3-Dsl,530610537001,-121.31300181346782,48.04698207479564,530630114003.0,ld3_D_Diesel,b2b--c33-82098
39631,8395795-14-ld3,b2b-39631,ft-f770a,ft-ld3-Dsl,530610537001,-121.31300181346782,48.04698207479564,530630114003.0,ld3_D_Diesel,b2b--c33-82111
39632,8395795-14-ld3,b2b-39632,ft-5fc10,ft-ld3-Dsl,530610537001,-121.31300181346782,48.04698207479564,530630114003.0,ld3_D_Diesel,b2b--c33-82112
39647,7374274-18-ld1,b2b-39647,ft-af8d5,ft-ld1-Gas,530610534001,-122.174775998106,48.271850830473014,530730102002.0,ld1_G_Gasoline,b2b--c33-82142
39650,6294507-12-ld1,b2b-39650,ft-c7b53,ft-ld1-Gas,530610537001,-121.31300181346782,48.04698207479564,530079601002.0,ld1_G_Gasoline,b2b--c33-82146
39682,6293775-22-ld1,b2b-39682,ft-ac60b,ft-ld1-Dsl,530330328003,-121.10644086665883,47.709472706427675,530079611003.0,ld1_D_Diesel,b2b--c33-82225
39683,6293775-22-ld1,b2b-39683,ft-7926d,ft-ld1-Dsl,530330328003,-121.10644086665883,47.709472706427675,530079611003.0,ld1_D_Diesel,b2b--c33-82226
39709,6446544-2-ld1,b2b-39709,ft-e647c,ft-ld1-Gas,530330315021,-121.36938446587672,47.147855247348815,530770011004.0,ld1_G_Gasoline,b2b--c33-82274
39711,7374403-3-ld1,b2b-39711,ft-b7dc3,ft-ld1-Gas,530330315021,-121.36938446587672,47.147855247348815,530770002001.0,ld1_G_Gasoline,b2b--c33-82277
39714,7359383-18-ld1,b2b-39714,ft-d7a34,ft-ld1-Dsl,530530730061,-122.34183800719136,46.92931107282429,530150011007.0,ld1_D_Diesel,b2b--c33-82281
39760,6294507-28-ld1,b2b-39760,ft-4fb70,ft-ld1-Gas,530610537001,-121.31300181346782,48.04698207479564,530079601002.0,ld1_G_Gasoline,b2b--c33-82370
39768,6447963-22-ld1,b2b-39768,ft-ff798,ft-ld1-Gas,530330315021,-121.36938446587672,47.147855247348815,530770028012.0,ld1_G_Gasoline,b2b--c33-82384
39790,6447963-52-ld1,b2b-39790,ft-40cd6,ft-ld1-Gas,530330315021,-121.36938446587672,47.147855247348815,530770028012.0,ld1_G_Gasoline,b2b--c33-82430
39791,6447963-52-ld1,b2b-39791,ft-f888b,ft-ld1-Gas,530330315021,-121.36938446587672,47.147855247348815,530770028012.0,ld1_G_Gasoline,b2b--c33-82427
39799,7374785-13-ld1,b2b-39799,ft-34755,ft-ld1-Gas,530330315021,-121.36938446587672,47.147855247348815,530770034001.0,ld1_G_Gasoline,b2b--c33-82443
39814,7374274-13-ld1,b2b-39814,ft-23b01,ft-ld1-Gas,530610534001,-122.174775998106,48.271850830473014,530730102002.0,ld1_G_Gasoline,b2b--c33-82469
39846,7367023-1-hdt,b2b-39846,ft-1cf37,ft-hdv-Dsl,530330288021,-122.2959656365366,47.42471849259647,530330288021.0,hdv_D_Diesel,b2b--c33-82565
39856,8370374-10-mdv,b2b-39856,ft-6b987,ft-mdv-Gas,530530732003,-122.23706641279225,46.78408365659002,410050203021.0,mdv_G_Gasoline,b2b--c33-82581
39873,7192144-13-ld1,b2b-39873,ft-10ad8,ft-ld1-Dsl,530530732003,-122.23706641279225,46.78408365659002,410510072021.0,ld1_D_Diesel,b2b--c33-82617
39876,8370342-18-ld1,b2b-39876,ft-029ad,ft-ld1-Gas,530530732003,-122.23706641279225,46.78408365659002,410050221081.0,ld1_G_Gasoline,b2b--c33-82629
39877,8370342-18-ld1,b2b-39877,ft-187aa,ft-ld1-Gas,530530732003,-122.23706641279225,46.78408365659002,410050221081.0,ld1_G_Gasoline,b2b--c33-82630
39886,7195692-37-hdv,b2b-39886,ft-072c7,ft-hdv-Dsl,530530730061,-122.34183800719136,46.92931107282429,410670331021.0,hdv_D_Diesel,b2b--c33-82641
39894,7326706-5-hdt,b2b-39894,ft-4d35c,ft-hdt-Dsl,530530701001,-121.5437370927352,47.12072649438632,20118.0,hdt_D_Diesel,b2b--c33-82656
39895,8389772-13-ld1,b2b-39895,ft-89567,ft-ld1-Gas,530530701001,-121.5437370927352,47.12072649438632,20118.0,ld1_G_Gasoline,b2b--c33-82657
39899,7367225-15-mdv,b2b-39899,ft-d4612,ft-mdv-Dsl,530350918001,-122.62900047276442,47.60822482213245,530350918001.0,mdv_D_Diesel,b2b--c33-82663
39909,7371136-9-ld3,b2b-39909,ft-7068,ft-ld3-Dsl,530610528031,-122.17827172209718,48.15232268583682,530610528031.0,ld3_D_Diesel,b2b--c33-82700
39917,7186534-30-ld1,b2b-39917,ft-fdc62,ft-ld1-Gas,530530732003,-122.23706641279225,46.78408365659002,410050215002.0,ld1_G_Gasoline,b2b--c33-82718
39919,7358569-4-ld3,b2b-39919,ft-fe13b,ft-ld3-Gas,530530732003,-122.23706641279225,46.78408365659002,530110410052.0,ld3_G_Gasoline,b2b--c33-82721
39922,7358569-4-ld3,b2b-39922,ft-6df60,ft-ld3-Gas,530530732003,-122.23706641279225,46.78408365659002,530110410052.0,ld3_G_Gasoline,b2b--c33-82724
39944,7192151-18-ld1,b2b-39944,ft-20c7d,ft-ld1-Gas,530530732003,-122.23706641279225,46.78408365659002,410510072021.0,ld1_G_Gasoline,b2b--c33-82765
39953,8371205-8-ld1,b2b-39953,ft-6da73,ft-ld1-Gas,530530732003,-122.23706641279225,46.78408365659002,410510102001.0,ld1_G_Gasoline,b2b--c33-82779
39969,7331309-1-hdt,b2b-39969,ft-307be,ft-hdt-Dsl,530530701001,-121.5437370927352,47.12072649438632,20118.0,hdt_D_Diesel,b2b--c33-82806
39992,8297460-1-hdt,b2b-39992,ft-1a530,ft-hdv-Dsl,530530732004,-122.26381973027048,46.91888857212184,20012.0,hdv_D_Diesel,b2b--c33-82849
39994,8297460-1-hdt,b2b-39994,ft-b9754,ft-hdt-Dsl,530530732004,-122.26381973027048,46.91888857212184,20012.0,hdt_D_Diesel,b2b--c33-82851
39997,8297460-1-hdt,b2b-39997,ft-f1d95,ft-hdv-Dsl,530530732004,-122.26381973027048,46.91888857212184,20012.0,hdv_D_Diesel,b2b--c33-82854
40001,8297460-1-hdt,b2b-40001,ft-4d687,ft-hdt-Dsl,530530732004,-122.26381973027048,46.91888857212184,20012.0,hdt_D_Diesel,b2b--c33-82886
40003,8297460-1-hdt,b2b-40003,ft-95b5e,ft-hdv-Dsl,530530732004,-122.26381973027048,46.91888857212184,20012.0,hdv_D_Diesel,b2b--c33-82888
40008,8297460-1-hdt,b2b-40008,ft-752e9,ft-hdt-Dsl,530530732004,-122.26381973027048,46.91888857212184,20012.0,hdt_D_Diesel,b2b--c33-82895
40015,8297199-11-ld3,b2b-40015,ft-a3676,ft-ld3-Dsl,530530732004,-122.26381973027048,46.91888857212184,20012.0,ld3_D_Diesel,b2b--c33-82904
40027,6726264-18-ld1,b2b-40027,ft-6bc89,ft-ld1-Gas,530530732004,-122.26381973027048,46.91888857212184,20012.0,ld1_G_Gasoline,b2b--c33-82926
40030,6726793-3-ld1,b2b-40030,ft-7fc20,ft-ld1-Dsl,530530732004,-122.26381973027048,46.91888857212184,20012.0,ld1_D_Diesel,b2b--c33-82929
40035,6654606-8-ld1,b2b-40035,ft-d1b40,ft-ld1-Gas,530530732004,-122.26381973027048,46.91888857212184,20012.0,ld1_G_Gasoline,b2b--c33-82936
40047,8307127-9-ld1,b2b-40047,ft-49fff,ft-ld1-Gas,530530732004,-122.26381973027048,46.91888857212184,20012.0,ld1_G_Gasoline,b2b--c33-82950
40064,6726337-7-hdv,b2b-40064,ft-8c896,ft-hdv-Dsl,530530732004,-122.26381973027048,46.91888857212184,20012.0,hdv_D_Diesel,b2b--c33-82975
40072,8297345-20-ld1,b2b-40072,ft-9b53b,ft-ld1-Gas,530530732004,-122.26381973027048,46.91888857212184,20012.0,ld1_G_Gasoline,b2b--c33-82987
40076,8297457-4-ld1,b2b-40076,ft-d2b8b,ft-ld1-Dsl,530530732004,-122.26381973027048,46.91888857212184,20012.0,ld1_D_Diesel,b2b--c33-82992
40090,6660578-18-ld1,b2b-40090,ft-25a11,ft-ld1-Gas,530530732004,-122.26381973027048,46.91888857212184,20012.0,ld1_G_Gasoline,b2b--c33-83012
40092,6726386-3-ld1,b2b-40092,ft-62a3b,ft-ld1-Gas,530530732004,-122.26381973027048,46.91888857212184,20012.0,ld1_G_Gasoline,b2b--c33-83016
40095,6654601-8-ld1,b2b-40095,ft-e154f,ft-ld1-Gas,530530732004,-122.26381973027048,46.91888857212184,20012.0,ld1_G_Gasoline,b2b--c33-83019
40098,6653860-3-ld1,b2b-40098,ft-7d9f0,ft-ld1-Gas,530530732004,-122.26381973027048,46.91888857212184,20012.0,ld1_G_Gasoline,b2b--c33-83024
40103,6734966-3-ld1,b2b-40103,ft-2e799,ft-ld1-Gas,530530732004,-122.26381973027048,46.91888857212184,20012.0,ld1_G_Gasoline,b2b--c33-83031
40106,8370927-19-ld3,b2b-40106,ft-e4911,ft-ld3-Gas,530530732003,-122.23706641279225,46.78408365659002,410510072021.0,ld3_G_Gasoline,b2b--c33-83034
40107,8370927-19-ld3,b2b-40107,ft-19d4e,ft-ld3-Gas,530530732003,-122.23706641279225,46.78408365659002,410510072021.0,ld3_G_Gasoline,b2b--c33-83047
40139,939931-3-hdt,b2b-40139,ft-0b727,ft-hdt-Dsl,530530732004,-122.26381973027048,46.91888857212184,20012.0,hdt_D_Diesel,b2b--c33-83181
40152,6733868-23-ld1,b2b-40152,ft-e597c,ft-ld1-Gas,530530732004,-122.26381973027048,46.91888857212184,20012.0,ld1_G_Gasoline,b2b--c33-83202
40168,6316158-2-hdt,b2b-40168,ft-f300e,ft-hdv-Dsl,530330305011,-122.22456977250786,47.32260769168797,530330305011.0,hdv_D_Diesel,b2b--c33-83274
40174,6413914-1-hdt,b2b-40174,ft-a75a1,ft-hdv-Dsl,530610417042,-122.21844401473199,47.85563708279299,530610417042.0,hdv_D_Diesel,b2b--c33-83283
40182,7369428-39-ld3,b2b-40182,ft-64c22,ft-ld3-Gas,530530714062,-122.3791628841875,47.07877783959044,530530714062.0,ld3_G_Gasoline,b2b--c33-83298
40195,6293775-12-ld1,b2b-40195,ft-662b0,ft-ld1-Gas,530330328003,-121.10644086665883,47.709472706427675,530079611003.0,ld1_G_Gasoline,b2b--c33-83328
40210,7374403-18-ld1,b2b-40210,ft-d96b5,ft-ld1-Gas,530330315021,-121.36938446587672,47.147855247348815,530770002001.0,ld1_G_Gasoline,b2b--c33-83353
40224,6447158-46-ld1,b2b-40224,ft-9a895,ft-ld1-Dsl,530330315021,-121.36938446587672,47.147855247348815,530770017021.0,ld1_D_Diesel,b2b--c33-83375
40243,6445942-40-ld1,b2b-40243,ft-0e108,ft-ld1-Gas,530330315021,-121.36938446587672,47.147855247348815,530770015022.0,ld1_G_Gasoline,b2b--c33-83406
40271,7373730-13-ld1,b2b-40271,ft-2e52b,ft-ld1-Gas,530330315021,-121.36938446587672,47.147855247348815,530719202002.0,ld1_G_Gasoline,b2b--c33-83465
40283,7374402-18-ld1,b2b-40283,ft-07fd8,ft-ld1-Gas,530330315021,-121.36938446587672,47.147855247348815,530770016022.0,ld1_G_Gasoline,b2b--c33-83489
40289,7363604-9-mdv,b2b-40289,ft-8ab2f,ft-mdv-Gas,530330322083,-122.0430602331918,47.55012213284945,530330322083.0,mdv_G_Gasoline,b2b--c33-83500
40292,6293775-52-ld1,b2b-40292,ft-f9051,ft-ld1-Gas,530330328003,-121.10644086665883,47.709472706427675,530079611003.0,ld1_G_Gasoline,b2b--c33-83504
40304,7359558-4-ld3,b2b-40304,ft-daf73,ft-ld3-Dsl,530530732003,-122.23706641279225,46.78408365659002,530150015024.0,ld3_D_Diesel,b2b--c33-83522
40310,829108-2-hdt,b2b-40310,ft-5423,ft-hdt-Dsl,530530701001,-121.5437370927352,47.12072649438632,20009.0,hdt_D_Diesel,b2b--c33-83531
40314,7193733-21-hdt,b2b-40314,ft-98e76,ft-hdt-Dsl,530530732003,-122.23706641279225,46.78408365659002,410510073001.0,hdt_D_Diesel,b2b--c33-83538
40315,7193733-21-hdt,b2b-40315,ft-dd464,ft-hdt-Dsl,530530732003,-122.23706641279225,46.78408365659002,410510073001.0,hdt_D_Diesel,b2b--c33-83539
40317,7358567-9-ld3,b2b-40317,ft-d47fb,ft-ld3-Dsl,530530732003,-122.23706641279225,46.78408365659002,530110410052.0,ld3_D_Diesel,b2b--c33-83543_2
40320,7374250-24-ld3,b2b-40320,ft-4d4a5,ft-ld3-Gas,530610533021,-122.23684520936622,48.26553620314338,530730102001.0,ld3_G_Gasoline,b2b--c33-83547
40336,8370927-1-hdt,b2b-40336,ft-9a37c,ft-hdv-Dsl,530530732003,-122.23706641279225,46.78408365659002,410510072021.0,hdv_D_Diesel,b2b--c33-83576
40346,8370927-1-hdt,b2b-40346,ft-64765,ft-hdt-Dsl,530530732003,-122.23706641279225,46.78408365659002,410510072021.0,hdt_D_Diesel,b2b--c33-83610
40359,7359383-16-hdt,b2b-40359,ft-a6689,ft-hdt-Dsl,530530730061,-122.34183800719136,46.92931107282429,530150011007.0,hdt_D_Diesel,b2b--c33-83633
40377,8370792-2-hdt,b2b-40377,ft-55974,ft-hdt-Dsl,530530732003,-122.23706641279225,46.78408365659002,410430306003.0,hdt_D_Diesel,b2b--c33-83681
40381,6300398-4-hdt,b2b-40381,ft-abdee,ft-hdt-Dsl,530530732003,-122.23706641279225,46.78408365659002,530110411051.0,hdt_D_Diesel,b2b--c33-83687
40385,8395465-5-ld3,b2b-40385,ft-82180,ft-ld3-Gas,530610533014,-122.37093627404924,48.2483017317002,530579519002.0,ld3_G_Gasoline,b2b--c33-83692
40393,6332535-2-hdt,b2b-40393,ft-22c41,ft-hdt-Dsl,530330224006,-122.20942974171308,47.6876961393181,530330224006.0,hdt_D_Diesel,b2b--c33-83709
40408,7192587-27-hdt,b2b-40408,ft-23b49,ft-hdv-Dsl,530530732003,-122.23706641279225,46.78408365659002,410510007023.0,hdv_D_Diesel,b2b--c33-83736
40412,7196410-9-ld3,b2b-40412,ft-1d102,ft-ld3-Gas,530530732003,-122.23706641279225,46.78408365659002,410670307002.0,ld3_G_Gasoline,b2b--c33-83748
40418,7367308-15-mdv,b2b-40418,ft-6e7cb,ft-mdv-Dsl,530350811002,-122.65365560350207,47.5622531720294,530350811002.0,mdv_D_Diesel,b2b--c33-83758
40441,8370927-14-ld3,b2b-40441,ft-13724,ft-ld3-Dsl,530530732003,-122.23706641279225,46.78408365659002,410510072021.0,ld3_D_Diesel,b2b--c33-83804
40456,6341009-5-hdt,b2b-40456,ft-c4db2,ft-hdv-Dsl,530330256011,-122.1583041158844,47.48866470865708,530330256011.0,hdv_D_Diesel,b2b--c33-83825
40458,7361952-20-mdv,b2b-40458,ft-a0b45,ft-mdv-Dsl,530330292061,-122.23872031603734,47.401902694751676,530330292061.0,mdv_D_Diesel,b2b--c33-83827
40459,7361952-20-mdv,b2b-40459,ft-d0805,ft-mdv-Dsl,530330292061,-122.23872031603734,47.401902694751676,530330292061.0,mdv_D_Diesel,b2b--c33-83826
40463,7360252-2-hdv,b2b-40463,ft-60532,ft-hdv-Dsl,530330305011,-122.23814188906644,47.30749356440818,530330305011.0,hdv_D_Diesel,b2b--c33-83830
40468,8395898-1-hdt,b2b-40468,ft-eb0e6,ft-hdt-Dsl,530530728001,-122.64899673245617,47.0992006395685,530670122222.0,hdt_D_Diesel,b2b--c33-83858
40472,8395898-1-hdt,b2b-40472,ft-0390b,ft-hdt-Dsl,530530728001,-122.64899673245617,47.0992006395685,530670122222.0,hdt_D_Diesel,b2b--c33-83862
40484,7361891-2-hdv,b2b-40484,ft-3248b,ft-hdv-Dsl,530330292061,-122.24476005979747,47.397552375178016,530330292061.0,hdv_D_Diesel,b2b--c33-83873
40487,7366364-2-hdv,b2b-40487,ft-adee9,ft-hdv-Dsl,530330093003,-122.33231170637092,47.56852810250407,530330093003.0,hdv_D_Diesel,b2b--c33-83878
40490,7363441-22-hdv,b2b-40490,ft-6a89e,ft-hdv-Dsl,530330323193,-122.15671601884792,47.75905143275152,530330323193.0,hdv_D_Diesel,b2b--c33-83885
40504,7371483-2-hdv,b2b-40504,ft-f3063,ft-hdv-Dsl,530610413042,-122.24409010231953,47.92728331356473,530610413042.0,hdv_D_Diesel,b2b--c33-83916
40512,6726337-11-hdt,b2b-40512,ft-7d8bd,ft-hdt-Dsl,530530732004,-122.26381973027048,46.91888857212184,20012.0,hdt_D_Diesel,b2b--c33-83931
40514,6726337-11-hdt,b2b-40514,ft-a9d17,ft-hdt-Dsl,530530732004,-122.26381973027048,46.91888857212184,20012.0,hdt_D_Diesel,b2b--c33-83933
40521,7359564-21-hdt,b2b-40521,ft-ae264,ft-hdt-Dsl,530530732003,-122.23706641279225,46.78408365659002,530150015024.0,hdt_D_Diesel,b2b--c33-83945
40522,7359564-21-hdt,b2b-40522,ft-81b24,ft-hdt-Dsl,530530732003,-122.23706641279225,46.78408365659002,530150015024.0,hdt_D_Diesel,b2b--c33-83947
40550,7361805-1-hdt,b2b-40550,ft-b20cb,ft-hdv-Dsl,530330292061,-122.2491015192197,47.42979333775661,530330292061.0,hdv_D_Diesel,b2b--c33-84008
40558,6745234-25-mdv,b2b-40558,ft-ecb8f,ft-mdv-Dsl,530330315021,-121.36938446587672,47.147855247348815,20015.0,mdv_D_Diesel,b2b--c33-84040
40564,6420713-3-hdt,b2b-40564,ft-78047,ft-hdt-Dsl,530610519121,-122.11175515255144,47.80235684967604,530610519121.0,hdt_D_Diesel,b2b--c33-84051
40577,6447158-16-ld1,b2b-40577,ft-be947,ft-ld1-Gas,530330315021,-121.36938446587672,47.147855247348815,530770017021.0,ld1_G_Gasoline,b2b--c33-84084
40579,6447158-16-ld1,b2b-40579,ft-0061c,ft-ld1-Gas,530330315021,-121.36938446587672,47.147855247348815,530770017021.0,ld1_G_Gasoline,b2b--c33-84086
40591,7372640-4-ld3,b2b-40591,ft-c9062,ft-ld3-Gas,530610537001,-121.31300181346782,48.04698207479564,530630114003.0,ld3_G_Gasoline,b2b--c33-84116
40625,7374857-23-ld1,b2b-40625,ft-d509f,ft-ld1-Dsl,530330315021,-121.36938446587672,47.147855247348815,530779400022.0,ld1_D_Diesel,b2b--c33-84170
40641,8371058-4-ld3,b2b-40641,ft-b6aa2,ft-ld3-Gas,530530732003,-122.23706641279225,46.78408365659002,410510072021.0,ld3_G_Gasoline,b2b--c33-84195
40656,7362668-15-mdv,b2b-40656,ft-38c84,ft-mdv-Dsl,530330284024,-122.29828123802866,47.44416305383533,530330284024.0,mdv_D_Diesel,b2b--c33-84223
40661,8394327-1-hdt,b2b-40661,ft-4969a,ft-hdt-Dsl,530330292061,-122.24406567327773,47.40621658580291,530330292061.0,hdt_D_Diesel,b2b--c33-84228
40675,6316174-2-hdt,b2b-40675,ft-c87e6,ft-hdv-Dsl,530330309011,-122.24369955590527,47.28774145679813,530330309011.0,hdv_D_Diesel,b2b--c33-84292
40690,7361803-12-mdv,b2b-40690,ft-af33a,ft-mdv-Dsl,530330292061,-122.22600671466729,47.40844696648436,530330292061.0,mdv_D_Diesel,b2b--c33-84313
40700,6365521-1-hdt,b2b-40700,ft-bf44b,ft-hdt-Dsl,530330019002,-122.32019110701894,47.69128885256578,530330019002.0,hdt_D_Diesel,b2b--c33-84334
40705,7366429-10-mdv,b2b-40705,ft-1c0a3,ft-mdv-Dsl,530330093003,-122.34204282855166,47.569492954037656,530330093003.0,mdv_D_Diesel,b2b--c33-84346
40707,7366429-10-mdv,b2b-40707,ft-3465a,ft-mdv-Dsl,530330093003,-122.34204282855166,47.569492954037656,530330093003.0,mdv_D_Diesel,b2b--c33-84344
40708,6375530-1-hdt,b2b-40708,ft-3b961,ft-hdt-Dsl,530350802002,-122.62930784032818,47.60297490268984,530350802002.0,hdt_D_Diesel,b2b--c33-84350
40711,7358258-8-ld1,b2b-40711,ft-0ca71,ft-ld1-Gas,530350920001,-122.92435858189329,47.572507416975284,530090003001.0,ld1_G_Gasoline,b2b--c33-84357
40719,7362972-35-mdv,b2b-40719,ft-da375,ft-mdv-Gas,530330323133,-122.0937881884041,47.674054261571776,530330323133.0,mdv_G_Gasoline,b2b--c33-84372
40727,8393907-9-ld3,b2b-40727,ft-f1caa,ft-ld3-Dsl,530530732003,-122.23706641279225,46.78408365659002,530110410052.0,ld3_D_Diesel,b2b--c33-84393
40745,6424488-4-hdt,b2b-40745,ft-a5f33,ft-hdt-Dsl,530610537001,-121.31300181346782,48.04698207479564,530630145002.0,hdt_D_Diesel,b2b--c33-84429
40748,7374441-3-ld1,b2b-40748,ft-5c23e,ft-ld1-Gas,530330315021,-121.36938446587672,47.147855247348815,530770017021.0,ld1_G_Gasoline,b2b--c33-84433
40761,7372656-18-ld1,b2b-40761,ft-e8ce4,ft-ld1-Gas,530610537001,-121.31300181346782,48.04698207479564,530630114003.0,ld1_G_Gasoline,b2b--c33-84460
40763,7373068-14-ld1,b2b-40763,ft-f9b8f,ft-ld1-Gas,530610537001,-121.31300181346782,48.04698207479564,530659513003.0,ld1_G_Gasoline,b2b--c33-84462
40768,7372140-19-ld3,b2b-40768,ft-34e9c,ft-ld3-Gas,530610537001,-121.31300181346782,48.04698207479564,530630122001.0,ld3_G_Gasoline,b2b--c33-84469
40772,7373068-77-ld1,b2b-40772,ft-12ef7,ft-ld1-Gas,530610537001,-121.31300181346782,48.04698207479564,530659513003.0,ld1_G_Gasoline,b2b--c33-84473
40776,936107-3-hdt,b2b-40776,ft-be70f,ft-hdt-Dsl,530530732004,-122.26381973027048,46.91888857212184,20012.0,hdt_D_Diesel,b2b--c33-84482
40786,7362108-3-mdv,b2b-40786,ft-52e6d,ft-mdv-Dsl,530330292061,-122.2440259259565,47.43149463538121,530330292061.0,mdv_D_Diesel,b2b--c33-84495
40791,7374785-53-ld1,b2b-40791,ft-e7238,ft-ld1-Gas,530330315021,-121.36938446587672,47.147855247348815,530770034001.0,ld1_G_Gasoline,b2b--c33-84502
40815,7359706-13-ld1,b2b-40815,ft-f5f7e,ft-ld1-Gas,530330315021,-121.36938446587672,47.147855247348815,530210201001.0,ld1_G_Gasoline,b2b--c33-84542
40820,8370374-8-ld1,b2b-40820,ft-cc8e9,ft-ld1-Gas,530530732003,-122.23706641279225,46.78408365659002,410050203021.0,ld1_G_Gasoline,b2b--c33-84565
40856,7359910-8-ld1,b2b-40856,ft-cd5cb,ft-ld1-Gas,530330328003,-121.10644086665883,47.709472706427675,530250114021.0,ld1_G_Gasoline,b2b--c33-84611
40874,6373147-1-hdt,b2b-40874,ft-2204c,ft-hdt-Dsl,530330262001,-122.2314285968469,47.47360449018403,530330262001.0,hdt_D_Diesel,b2b--c33-84643
40881,6658927-1-hdt,b2b-40881,ft-fd76b,ft-hdt-Dsl,530530732004,-122.26381973027048,46.91888857212184,20012.0,hdt_D_Diesel,b2b--c33-84656
40887,6727377-3-ld1,b2b-40887,ft-e3482,ft-ld1-Gas,530530732004,-122.26381973027048,46.91888857212184,20012.0,ld1_G_Gasoline,b2b--c33-84663
40890,6738184-3-ld1,b2b-40890,ft-0f6a9,ft-ld1-Dsl,530530732004,-122.26381973027048,46.91888857212184,20012.0,ld1_D_Diesel,b2b--c33-84666
40902,8309299-23-ld1,b2b-40902,ft-151a7,ft-ld1-Gas,530530732004,-122.26381973027048,46.91888857212184,20010.0,ld1_G_Gasoline,b2b--c33-84685
40917,8308634-5-ld3,b2b-40917,ft-bb660,ft-ld3-Gas,530530732004,-122.26381973027048,46.91888857212184,20012.0,ld3_G_Gasoline,b2b--c33-84701
40926,6744037-8-ld1,b2b-40926,ft-eeb68,ft-ld1-Gas,530530732004,-122.26381973027048,46.91888857212184,20010.0,ld1_G_Gasoline,b2b--c33-84711
40930,6660815-8-ld1,b2b-40930,ft-49bc5,ft-ld1-Gas,530530732004,-122.26381973027048,46.91888857212184,20010.0,ld1_G_Gasoline,b2b--c33-84716
40933,5025504-2-hdt,b2b-40933,ft-c6a95,ft-hdt-Dsl,530530732003,-122.23706641279225,46.78408365659002,410510073001.0,hdt_D_Diesel,b2b--c33-84720
40943,8395473-20-mdv,b2b-40943,ft-4d46e,ft-mdv-Dsl,530610535061,-121.89999203508337,48.27272291141637,530579512001.0,mdv_D_Diesel,b2b--c33-84733
40947,7373504-40-mdv,b2b-40947,ft-5a522,ft-mdv-Dsl,530530729061,-122.5544249277511,47.049137874735855,530670126101.0,mdv_D_Diesel,b2b--c33-84740
40950,7194104-20-mdv,b2b-40950,ft-5bfe2,ft-mdv-Dsl,530530732003,-122.23706641279225,46.78408365659002,410510073001.0,mdv_D_Diesel,b2b--c33-84743
40976,6371068-2-hdt,b2b-40976,ft-68b74,ft-hdt-Dsl,530330262001,-122.23293431870171,47.451765290823964,530330262001.0,hdt_D_Diesel,b2b--c33-84786
40977,6446545-2-ld1,b2b-40977,ft-1c7b7,ft-ld1-Gas,530330315021,-121.36938446587672,47.147855247348815,530770001002.0,ld1_G_Gasoline,b2b--c33-84788
40989,7358854-8-ld1,b2b-40989,ft-46d81,ft-ld1-Dsl,530530732003,-122.23706641279225,46.78408365659002,530110412031.0,ld1_D_Diesel,b2b--c33-84803
40995,7366540-9-mdv,b2b-40995,ft-53a1a,ft-mdv-Dsl,530330284024,-122.29830417779355,47.44418725204615,530330284024.0,mdv_D_Diesel,b2b--c33-84810
41001,6447157-26-ld1,b2b-41001,ft-ffbba,ft-ld1-Gas,530330315021,-121.36938446587672,47.147855247348815,530770014001.0,ld1_G_Gasoline,b2b--c33-84820
41011,7358585-13-ld1,b2b-41011,ft-8552c,ft-ld1-Gas,530530732003,-122.23706641279225,46.78408365659002,530110410052.0,ld1_G_Gasoline,b2b--c33-84837
41025,7359836-8-ld1,b2b-41025,ft-75613,ft-ld1-Gas,530330328003,-121.10644086665883,47.709472706427675,530250110002.0,ld1_G_Gasoline,b2b--c33-84857
41027,6445943-30-ld1,b2b-41027,ft-5924,ft-ld1-Gas,530330315021,-121.36938446587672,47.147855247348815,530770016022.0,ld1_G_Gasoline,b2b--c33-84862
41038,7369899-44-ld3,b2b-41038,ft-eee35,ft-ld3-Dsl,530610533014,-122.37093627404924,48.2483017317002,530579521003.0,ld3_D_Diesel,b2b--c33-84881
41062,8351010-34-ld3,b2b-41062,ft-965f6,ft-ld3-Gas,530530701001,-121.5437370927352,47.12072649438632,20071.0,ld3_G_Gasoline,b2b--c33-84937
41067,7043637-3-hdt,b2b-41067,ft-11087,ft-hdt-Dsl,530530701001,-121.5437370927352,47.12072649438632,20071.0,hdt_D_Diesel,b2b--c33-84943
41073,8298437-3-ld1,b2b-41073,ft-0b048,ft-ld1-Gas,530530732004,-122.26381973027048,46.91888857212184,20014.0,ld1_G_Gasoline,b2b--c33-84954
41077,8351011-27-hdv,b2b-41077,ft-7fd72,ft-hdv-Dsl,530530701001,-121.5437370927352,47.12072649438632,20071.0,hdv_D_Diesel,b2b--c33-84962
41080,7358854-1-hdt,b2b-41080,ft-e85d9,ft-hdt-Dsl,530530732003,-122.23706641279225,46.78408365659002,530110412031.0,hdt_D_Diesel,b2b--c33-84965
41093,6398437-1-hdt,b2b-41093,ft-55618,ft-hdt-Dsl,530530611006,-122.49365980850824,47.25546545466861,530530611006.0,hdt_D_Diesel,b2b--c33-84991
41124,7326643-5-hdt,b2b-41124,ft-f6393,ft-hdt-Dsl,530530701001,-121.5437370927352,47.12072649438632,20118.0,hdt_D_Diesel,b2b--c33-85050
41133,7326666-13-hdt,b2b-41133,ft-8abab,ft-hdt-Dsl,530530701001,-121.5437370927352,47.12072649438632,20118.0,hdt_D_Diesel,b2b--c33-85070
41139,7326666-13-hdt,b2b-41139,ft-37bfe,ft-hdt-Dsl,530530701001,-121.5437370927352,47.12072649438632,20118.0,hdt_D_Diesel,b2b--c33-85093
41140,7326666-13-hdt,b2b-41140,ft-248fe,ft-hdt-Dsl,530530701001,-121.5437370927352,47.12072649438632,20118.0,hdt_D_Diesel,b2b--c33-85094
41149,6663644-43-hdt,b2b-41149,ft-bf148,ft-hdt-Dsl,530530732004,-122.26381973027048,46.91888857212184,20014.0,hdt_D_Diesel,b2b--c33-85104
41186,6687697-12-hdv,b2b-41186,ft-96aea,ft-hdv-Dsl,530530701001,-121.5437370927352,47.12072649438632,20009.0,hdv_D_Diesel,b2b--c33-85182
41188,7329656-7-hdt,b2b-41188,ft-bd3b3,ft-hdt-Dsl,530530701001,-121.5437370927352,47.12072649438632,20118.0,hdt_D_Diesel,b2b--c33-85185
41191,7329656-7-hdt,b2b-41191,ft-37fea,ft-hdv-Dsl,530530701001,-121.5437370927352,47.12072649438632,20118.0,hdv_D_Diesel,b2b--c33-85194
41199,7363604-1-hdt,b2b-41199,ft-aa32d,ft-hdv-Dsl,530330322083,-122.0430602331918,47.55012213284945,530330322083.0,hdv_D_Diesel,b2b--c33-85210
41203,7372501-1-hdt,b2b-41203,ft-b349d,ft-hdt-Dsl,530610537001,-121.31300181346782,48.04698207479564,530630112014.0,hdt_D_Diesel,b2b--c33-85215_2
41206,7372501-1-hdt,b2b-41206,ft-7b581,ft-hdt-Dsl,530610537001,-121.31300181346782,48.04698207479564,530630112014.0,hdt_D_Diesel,b2b--c33-85218
41217,7371147-4-ld3,b2b-41217,ft-291a7,ft-ld3-Gas,530610535091,-122.14839077795033,48.17104852749387,530610535091.0,ld3_G_Gasoline,b2b--c33-85247
41240,7369899-39-ld3,b2b-41240,ft-818df,ft-ld3-Gas,530610533014,-122.37093627404924,48.2483017317002,530579521003.0,ld3_G_Gasoline,b2b--c33-85295
41279,7371557-21-hdt,b2b-41279,ft-8b9af,ft-hdt-Dsl,530610531021,-122.18921914405846,48.15037009988364,530610531021.0,hdt_D_Diesel,b2b--c33-85368
41284,7371557-21-hdt,b2b-41284,ft-e76d4,ft-hdt-Dsl,530610531021,-122.18921914405846,48.15037009988364,530610531021.0,hdt_D_Diesel,b2b--c33-85374
41286,7371557-21-hdt,b2b-41286,ft-772b5,ft-hdt-Dsl,530610531021,-122.18921914405846,48.15037009988364,530610531021.0,hdt_D_Diesel,b2b--c33-85376
41290,7371557-21-hdt,b2b-41290,ft-23e48,ft-hdv-Dsl,530610531021,-122.18921914405846,48.15037009988364,530610531021.0,hdv_D_Diesel,b2b--c33-85380
41301,7373762-19-ld3,b2b-41301,ft-f6fa7,ft-ld3-Gas,530610534001,-122.174775998106,48.271850830473014,530730101005.0,ld3_G_Gasoline,b2b--c33-85419
41303,7373894-44-ld3,b2b-41303,ft-7649a,ft-ld3-Dsl,530610533014,-122.37093627404924,48.2483017317002,530730004003.0,ld3_D_Diesel,b2b--c33-85425
41304,7373894-44-ld3,b2b-41304,ft-aa4b5,ft-ld3-Dsl,530610533014,-122.37093627404924,48.2483017317002,530730004003.0,ld3_D_Diesel,b2b--c33-85426
41305,7369842-4-ld3,b2b-41305,ft-d4fe8,ft-ld3-Gas,530610533014,-122.37093627404924,48.2483017317002,530579519002.0,ld3_G_Gasoline,b2b--c33-85427
41315,7374297-9-ld3,b2b-41315,ft-2125,ft-ld3-Gas,530610533014,-122.37093627404924,48.2483017317002,530730103021.0,ld3_G_Gasoline,b2b--c33-85448
41320,7374274-9-ld3,b2b-41320,ft-319ce,ft-ld3-Gas,530610534001,-122.174775998106,48.271850830473014,530730102002.0,ld3_G_Gasoline,b2b--c33-85457
41342,7373504-15-mdv,b2b-41342,ft-b2b7c,ft-mdv-Gas,530530729061,-122.5544249277511,47.049137874735855,530670126101.0,mdv_G_Gasoline,b2b--c33-85495
41389,7192144-24-ld3,b2b-41389,ft-7ca61,ft-ld3-Gas,530530732003,-122.23706641279225,46.78408365659002,410510072021.0,ld3_G_Gasoline,b2b--c33-85602
41394,6687697-1-hdt,b2b-41394,ft-44e45,ft-hdt-Dsl,530530701001,-121.5437370927352,47.12072649438632,20009.0,hdt_D_Diesel,b2b--c33-85607
41398,6687697-1-hdt,b2b-41398,ft-cc031,ft-hdv-Dsl,530530701001,-121.5437370927352,47.12072649438632,20009.0,hdv_D_Diesel,b2b--c33-85621
41403,8304949-6-ld3,b2b-41403,ft-f1b23,ft-ld3-Dsl,530530701001,-121.5437370927352,47.12072649438632,20009.0,ld3_D_Diesel,b2b--c33-85628
41423,7373504-14-ld3,b2b-41423,ft-d2bb5,ft-ld3-Gas,530530729061,-122.5544249277511,47.049137874735855,530670126101.0,ld3_G_Gasoline,b2b--c33-85656
41431,6342464-1-hdt,b2b-41431,ft-6a8ae,ft-hdt-Dsl,530330256011,-122.16223917297498,47.488555084237035,530330256011.0,hdt_D_Diesel,b2b--c33-85668
41432,6342464-1-hdt,b2b-41432,ft-c25c2,ft-hdt-Dsl,530330256011,-122.16223917297498,47.488555084237035,530330256011.0,hdt_D_Diesel,b2b--c33-85667
41437,6445943-70-ld1,b2b-41437,ft-37d2d,ft-ld1-Gas,530330315021,-121.36938446587672,47.147855247348815,530770016022.0,ld1_G_Gasoline,b2b--c33-85715
41440,6447157-36-ld1,b2b-41440,ft-dc097,ft-ld1-Gas,530330315021,-121.36938446587672,47.147855247348815,530770014001.0,ld1_G_Gasoline,b2b--c33-85717
41443,6445942-46-ld1,b2b-41443,ft-2815b,ft-ld1-Dsl,530330315021,-121.36938446587672,47.147855247348815,530770015022.0,ld1_D_Diesel,b2b--c33-85724
41454,6446545-32-ld1,b2b-41454,ft-1a081,ft-ld1-Gas,530330315021,-121.36938446587672,47.147855247348815,530770001002.0,ld1_G_Gasoline,b2b--c33-85744
41455,6445944-30-ld1,b2b-41455,ft-34edf,ft-ld1-Gas,530330315021,-121.36938446587672,47.147855247348815,530770016022.0,ld1_G_Gasoline,b2b--c33-85747
41458,6447157-46-ld1,b2b-41458,ft-e4064,ft-ld1-Dsl,530330315021,-121.36938446587672,47.147855247348815,530770014001.0,ld1_D_Diesel,b2b--c33-85749
41463,7361482-37-hdv,b2b-41463,ft-bb98f,ft-hdv-Dsl,530330314004,-121.99798235696454,47.20664299016041,530330314004.0,hdv_D_Diesel,b2b--c33-85756
41483,8394084-11-mdv,b2b-41483,ft-8c02e,ft-mdv-Dsl,530330305011,-122.22967345668138,47.33385574360352,530330305011.0,mdv_D_Diesel,b2b--c33-85794
41493,6682489-19-hdt,b2b-41493,ft-d562e,ft-hdt-Dsl,530530701001,-121.5437370927352,47.12072649438632,20009.0,hdt_D_Diesel,b2b--c33-85807
41498,6682489-19-hdt,b2b-41498,ft-2db49,ft-hdt-Dsl,530530701001,-121.5437370927352,47.12072649438632,20009.0,hdt_D_Diesel,b2b--c33-85824
41518,7363676-11-hdt,b2b-41518,ft-313c9,ft-hdt-Dsl,530330072001,-122.34222290120908,47.62143786859168,530330072001.0,hdt_D_Diesel,b2b--c33-85899
41522,7363676-11-hdt,b2b-41522,ft-c7d7a,ft-hdt-Dsl,530330072001,-122.34222290120908,47.62143786859168,530330072001.0,hdt_D_Diesel,b2b--c33-85922
41524,6355893-5-hdt,b2b-41524,ft-2bf9b,ft-hdt-Dsl,530330117002,-122.2810262594597,47.51145637807155,530330117002.0,hdt_D_Diesel,b2b--c33-85936
41526,7358519-8-ld1,b2b-41526,ft-4fdeb,ft-ld1-Gas,530530732003,-122.23706641279225,46.78408365659002,530110403023.0,ld1_G_Gasoline,b2b--c33-85938
41532,8371137-18-ld1,b2b-41532,ft-3cea6,ft-ld1-Gas,530530732003,-122.23706641279225,46.78408365659002,410510072021.0,ld1_G_Gasoline,b2b--c33-85961
41534,8371137-18-ld1,b2b-41534,ft-cdbbf,ft-ld1-Gas,530530732003,-122.23706641279225,46.78408365659002,410510072021.0,ld1_G_Gasoline,b2b--c33-85951
41539,7360251-2-hdv,b2b-41539,ft-a7bb7,ft-hdv-Dsl,530330308011,-122.25027559284608,47.294574176820156,530330308011.0,hdv_D_Diesel,b2b--c33-85962
41554,7358656-19-ld3,b2b-41554,ft-40b15,ft-ld3-Dsl,530530732003,-122.23706641279225,46.78408365659002,530110411051.0,ld3_D_Diesel,b2b--c33-85991
41563,7372141-1-hdt,b2b-41563,ft-cc502,ft-hdt-Dsl,530610537001,-121.31300181346782,48.04698207479564,530630145003.0,hdt_D_Diesel,b2b--c33-86006
41574,7372140-8-ld1,b2b-41574,ft-821ff,ft-ld1-Gas,530610537001,-121.31300181346782,48.04698207479564,530630122001.0,ld1_G_Gasoline,b2b--c33-86029
41575,7372274-18-ld1,b2b-41575,ft-7327e,ft-ld1-Gas,530610537001,-121.31300181346782,48.04698207479564,530630120002.0,ld1_G_Gasoline,b2b--c33-86031
41577,6447157-2-ld1,b2b-41577,ft-4864f,ft-ld1-Gas,530330315021,-121.36938446587672,47.147855247348815,530770014001.0,ld1_G_Gasoline,b2b--c33-86033
41578,6447157-2-ld1,b2b-41578,ft-20b8c,ft-ld1-Gas,530330315021,-121.36938446587672,47.147855247348815,530770014001.0,ld1_G_Gasoline,b2b--c33-86037
41595,6447158-36-ld1,b2b-41595,ft-e89ba,ft-ld1-Gas,530330315021,-121.36938446587672,47.147855247348815,530770017021.0,ld1_G_Gasoline,b2b--c33-86061
41602,7371557-14-ld3,b2b-41602,ft-37054,ft-ld3-Gas,530610531021,-122.18921914405846,48.15037009988364,530610531021.0,ld3_G_Gasoline,b2b--c33-86073
41606,6447158-56-ld1,b2b-41606,ft-6115b,ft-ld1-Gas,530330315021,-121.36938446587672,47.147855247348815,530770017021.0,ld1_G_Gasoline,b2b--c33-86081
41607,6447158-56-ld1,b2b-41607,ft-4a245,ft-ld1-Gas,530330315021,-121.36938446587672,47.147855247348815,530770017021.0,ld1_G_Gasoline,b2b--c33-86077
41625,6663389-2-mdv,b2b-41625,ft-5200d,ft-mdv-Dsl,530530732004,-122.26381973027048,46.91888857212184,20014.0,mdv_D_Diesel,b2b--c33-86109
41631,6690826-3-ld1,b2b-41631,ft-d60eb,ft-ld1-Gas,530530732004,-122.26381973027048,46.91888857212184,20014.0,ld1_G_Gasoline,b2b--c33-86118
41640,6737706-9-ld3,b2b-41640,ft-18526,ft-ld3-Gas,530530732004,-122.26381973027048,46.91888857212184,20014.0,ld3_G_Gasoline,b2b--c33-86131
41644,967639-2-hdt,b2b-41644,ft-ce716,ft-hdt-Dsl,530530732004,-122.26381973027048,46.91888857212184,20014.0,hdt_D_Diesel,b2b--c33-86139
41669,7358962-8-ld1,b2b-41669,ft-b66ef,ft-ld1-Gas,530530732003,-122.23706641279225,46.78408365659002,530110410052.0,ld1_G_Gasoline,b2b--c33-86180
41671,7369982-7-hdv,b2b-41671,ft-85933,ft-hdv-Dsl,530610533024,-122.33639511497468,48.27588885819264,530579526003.0,hdv_D_Diesel,b2b--c33-86182
41678,7194733-13-hdt,b2b-41678,ft-292ec,ft-hdt-Dsl,530530701001,-121.5437370927352,47.12072649438632,20095.0,hdt_D_Diesel,b2b--c33-86197
41679,7188779-8-ld1,b2b-41679,ft-f85bb,ft-ld1-Gas,530530701001,-121.5437370927352,47.12072649438632,20095.0,ld1_G_Gasoline,b2b--c33-86198
41694,8351009-18-ld1,b2b-41694,ft-2fe89,ft-ld1-Gas,530530701001,-121.5437370927352,47.12072649438632,20071.0,ld1_G_Gasoline,b2b--c33-86225
41713,7373560-19-ld3,b2b-41713,ft-84134,ft-ld3-Gas,530530728001,-122.64899673245617,47.0992006395685,530670122213.0,ld3_G_Gasoline,b2b--c33-86255
41736,6082108-1-hdt,b2b-41736,ft-2cc97,ft-hdt-Dsl,530530701001,-121.5437370927352,47.12072649438632,20118.0,hdt_D_Diesel,b2b--c33-86313
41740,7358064-13-ld1,b2b-41740,ft-5d32d,ft-ld1-Gas,530330315021,-121.36938446587672,47.147855247348815,530050102011.0,ld1_G_Gasoline,b2b--c33-86320
41742,7358064-13-ld1,b2b-41742,ft-8a3a6,ft-ld1-Gas,530330315021,-121.36938446587672,47.147855247348815,530050102011.0,ld1_G_Gasoline,b2b--c33-86322
41757,7271865-22-hdv,b2b-41757,ft-39e60,ft-hdv-Dsl,530330315021,-121.36938446587672,47.147855247348815,20112.0,hdv_D_Diesel,b2b--c33-86351
41758,6365055-2-hdt,b2b-41758,ft-f6a2e,ft-hdv-Dsl,530330006003,-122.34286953040014,47.71956920969017,530330006003.0,hdv_D_Diesel,b2b--c33-86358
41763,6424432-5-hdt,b2b-41763,ft-83681,ft-hdt-Dsl,530610537001,-121.31300181346782,48.04698207479564,530630145003.0,hdt_D_Diesel,b2b--c33-86367
41765,6445943-24-ld1,b2b-41765,ft-ef1c9,ft-ld1-Gas,530330315021,-121.36938446587672,47.147855247348815,530770016022.0,ld1_G_Gasoline,b2b--c33-86370
41778,7367763-9-ld3,b2b-41778,ft-97f0b,ft-ld3-Dsl,530530729061,-122.5544249277511,47.049137874735855,530419708002.0,ld3_D_Diesel,b2b--c33-86388
41796,7357599-23-ld1,b2b-41796,ft-b4d58,ft-ld1-Gas,530330328003,-121.10644086665883,47.709472706427675,530019504002.0,ld1_G_Gasoline,b2b--c33-86418
41798,7186306-32-ld1,b2b-41798,ft-4d0ce,ft-ld1-Gas,530530732003,-122.23706641279225,46.78408365659002,410050230011.0,ld1_G_Gasoline,b2b--c33-86421
41805,6445943-34-ld1,b2b-41805,ft-60231,ft-ld1-Gas,530330315021,-121.36938446587672,47.147855247348815,530770016022.0,ld1_G_Gasoline,b2b--c33-86431
41810,7361889-15-mdv,b2b-41810,ft-5bcb7,ft-mdv-Dsl,530330292061,-122.26168663979756,47.400176905935744,530330292061.0,mdv_D_Diesel,b2b--c33-86441
41832,6726338-14-ld3,b2b-41832,ft-d365d,ft-ld3-Gas,530530732004,-122.26381973027048,46.91888857212184,20012.0,ld3_G_Gasoline,b2b--c33-86480
41850,6726338-13-ld1,b2b-41850,ft-b6a10,ft-ld1-Gas,530530732004,-122.26381973027048,46.91888857212184,20012.0,ld1_G_Gasoline,b2b--c33-86507
41854,8306647-1-hdt,b2b-41854,ft-9f340,ft-hdt-Dsl,530530732004,-122.26381973027048,46.91888857212184,20012.0,hdt_D_Diesel,b2b--c33-86511
41856,8306647-1-hdt,b2b-41856,ft-58651,ft-hdt-Dsl,530530732004,-122.26381973027048,46.91888857212184,20012.0,hdt_D_Diesel,b2b--c33-86513
41857,8306647-1-hdt,b2b-41857,ft-b18ca,ft-hdt-Dsl,530530732004,-122.26381973027048,46.91888857212184,20012.0,hdt_D_Diesel,b2b--c33-86514
41887,6662566-3-hdt,b2b-41887,ft-f2dc3,ft-hdt-Dsl,530530732004,-122.26381973027048,46.91888857212184,20013.0,hdt_D_Diesel,b2b--c33-86559
41898,8301814-14-ld3,b2b-41898,ft-09b3a,ft-ld3-Dsl,530530732004,-122.26381973027048,46.91888857212184,20013.0,ld3_D_Diesel,b2b--c33-86594
41905,8297979-5-ld1,b2b-41905,ft-93dc2,ft-ld1-Gas,530530732004,-122.26381973027048,46.91888857212184,20013.0,ld1_G_Gasoline,b2b--c33-86605
41913,8298150-8-ld1,b2b-41913,ft-5340d,ft-ld1-Gas,530530732004,-122.26381973027048,46.91888857212184,20013.0,ld1_G_Gasoline,b2b--c33-86621
41928,6743180-3-hdt,b2b-41928,ft-5e5a5,ft-hdt-Dsl,530530701001,-121.5437370927352,47.12072649438632,20009.0,hdt_D_Diesel,b2b--c33-86654
41954,6677164-3-ld1,b2b-41954,ft-99f0d,ft-ld1-Gas,530530701001,-121.5437370927352,47.12072649438632,20009.0,ld1_G_Gasoline,b2b--c33-86689
41963,6369280-4-hdt,b2b-41963,ft-7062c,ft-hdt-Dsl,530330284024,-122.29823673485471,47.443869129502446,530330284024.0,hdt_D_Diesel,b2b--c33-86704
42028,7367065-25-mdv,b2b-42028,ft-08b8d,ft-mdv-Dsl,530330288013,-122.29978682083382,47.41404252517009,530330288013.0,mdv_D_Diesel,b2b--c33-86813
42041,6042299-3-hdt,b2b-42041,ft-11c71,ft-hdt-Dsl,530530701001,-121.5437370927352,47.12072649438632,20118.0,hdt_D_Diesel,b2b--c33-86846
42049,7192966-27-ld3,b2b-42049,ft-24849,ft-ld3-Dsl,530530732003,-122.23706641279225,46.78408365659002,410510043001.0,ld3_D_Diesel,b2b--c33-86862
42052,7195692-6-hdt,b2b-42052,ft-e06da,ft-hdt-Dsl,530530730061,-122.34183800719136,46.92931107282429,410670331021.0,hdt_D_Diesel,b2b--c33-86865
42056,7195692-6-hdt,b2b-42056,ft-d40bc,ft-hdt-Dsl,530530730061,-122.34183800719136,46.92931107282429,410670331021.0,hdt_D_Diesel,b2b--c33-86875
42057,7195692-6-hdt,b2b-42057,ft-2fee7,ft-hdt-Dsl,530530730061,-122.34183800719136,46.92931107282429,410670331021.0,hdt_D_Diesel,b2b--c33-86876
42067,8371059-9-ld3,b2b-42067,ft-d3c17,ft-ld3-Dsl,530530732003,-122.23706641279225,46.78408365659002,410510073001.0,ld3_D_Diesel,b2b--c33-86898
42070,7357596-3-ld1,b2b-42070,ft-3c59d,ft-ld1-Gas,530330328003,-121.10644086665883,47.709472706427675,530019505001.0,ld1_G_Gasoline,b2b--c33-86901
42076,6068770-1-hdt,b2b-42076,ft-9df0a,ft-hdt-Dsl,530530701001,-121.5437370927352,47.12072649438632,20118.0,hdt_D_Diesel,b2b--c33-86911
42082,7357607-5-ld1,b2b-42082,ft-9ee58,ft-ld1-Gas,530330328003,-121.10644086665883,47.709472706427675,530019503003.0,ld1_G_Gasoline,b2b--c33-86920
42088,7359006-13-ld1,b2b-42088,ft-430a6,ft-ld1-Gas,530530732003,-122.23706641279225,46.78408365659002,530110405102.0,ld1_G_Gasoline,b2b--c33-86933
42098,7357607-14-ld1,b2b-42098,ft-df962,ft-ld1-Dsl,530330328003,-121.10644086665883,47.709472706427675,530019503003.0,ld1_D_Diesel,b2b--c33-86954
42106,6391942-3-hdt,b2b-42106,ft-12ce8,ft-hdt-Dsl,530530703082,-122.17919184133795,47.17894338638659,530530703082.0,hdt_D_Diesel,b2b--c33-86976
42112,6336733-5-hdt,b2b-42112,ft-06fa9,ft-hdt-Dsl,530330296013,-122.16533110359269,47.35674918726672,530330296013.0,hdt_D_Diesel,b2b--c33-86989
42130,7374250-25-mdv,b2b-42130,ft-60dfa,ft-mdv-Gas,530610533021,-122.23684520936622,48.26553620314338,530730102001.0,mdv_G_Gasoline,b2b--c33-87029
42134,7374250-25-mdv,b2b-42134,ft-297ae,ft-mdv-Gas,530610533021,-122.23684520936622,48.26553620314338,530730102001.0,mdv_G_Gasoline,b2b--c33-87037
42137,7374297-14-ld3,b2b-42137,ft-82006,ft-ld3-Gas,530610533014,-122.37093627404924,48.2483017317002,530730103021.0,ld3_G_Gasoline,b2b--c33-87041
42138,7374250-64-ld3,b2b-42138,ft-89be0,ft-ld3-Gas,530610533021,-122.23684520936622,48.26553620314338,530730102001.0,ld3_G_Gasoline,b2b--c33-87042
42144,7359812-8-ld1,b2b-42144,ft-af3bf,ft-ld1-Gas,530330328003,-121.10644086665883,47.709472706427675,530250107002.0,ld1_G_Gasoline,b2b--c33-87052
42154,7374297-19-ld3,b2b-42154,ft-fb056,ft-ld3-Dsl,530610533014,-122.37093627404924,48.2483017317002,530730103021.0,ld3_D_Diesel,b2b--c33-87066
42182,7373894-4-ld3,b2b-42182,ft-44fcb,ft-ld3-Gas,530610533014,-122.37093627404924,48.2483017317002,530730004003.0,ld3_G_Gasoline,b2b--c33-87125
42184,7374212-9-ld3,b2b-42184,ft-d9d49,ft-ld3-Gas,530610533014,-122.37093627404924,48.2483017317002,530730002003.0,ld3_G_Gasoline,b2b--c33-87132
42191,7374249-24-ld3,b2b-42191,ft-5f00e,ft-ld3-Dsl,530610533021,-122.23684520936622,48.26553620314338,530730102001.0,ld3_D_Diesel,b2b--c33-87148
42193,7367926-23-ld1,b2b-42193,ft-5beb2,ft-ld1-Gas,530610537001,-121.31300181346782,48.04698207479564,530479703006.0,ld1_G_Gasoline,b2b--c33-87149
42203,7374158-9-ld3,b2b-42203,ft-097e0,ft-ld3-Dsl,530610533014,-122.37093627404924,48.2483017317002,530730104012.0,ld3_D_Diesel,b2b--c33-87171
42204,7359812-5-ld1,b2b-42204,ft-1b7c9,ft-ld1-Gas,530330328003,-121.10644086665883,47.709472706427675,530250107002.0,ld1_G_Gasoline,b2b--c33-87172
42209,6447158-54-ld1,b2b-42209,ft-4643c,ft-ld1-Gas,530330315021,-121.36938446587672,47.147855247348815,530770017021.0,ld1_G_Gasoline,b2b--c33-87182
42219,5031742-2-hdt,b2b-42219,ft-9caff,ft-hdt-Dsl,530530732003,-122.23706641279225,46.78408365659002,410530052024.0,hdt_D_Diesel,b2b--c33-87202
42235,797143-2-hdt,b2b-42235,ft-5fb26,ft-hdt-Dsl,530530732004,-122.26381973027048,46.91888857212184,20010.0,hdt_D_Diesel,b2b--c33-87228
42245,7361891-6-hdt,b2b-42245,ft-75716,ft-hdt-Dsl,530330292061,-122.24476005979747,47.397552375178016,530330292061.0,hdt_D_Diesel,b2b--c33-87244
42263,6415517-3-hdt,b2b-42263,ft-8735,ft-hdt-Dsl,530610538034,-121.68012859557396,47.8462301071558,530610538034.0,hdt_D_Diesel,b2b--c33-87273
42269,7367265-10-hdt,b2b-42269,ft-cf877,ft-hdt-Dsl,530350811002,-122.6530939681399,47.565540153997645,530350811002.0,hdt_D_Diesel,b2b--c33-87285
42274,7196121-14-ld3,b2b-42274,ft-61cfd,ft-ld3-Dsl,530530732003,-122.23706641279225,46.78408365659002,410670320011.0,ld3_D_Diesel,b2b--c33-87293
42276,6334157-2-hdt,b2b-42276,ft-f9fc6,ft-hdt-Dsl,530330226031,-122.16566984139985,47.70382843048149,530330226031.0,hdt_D_Diesel,b2b--c33-87300
42282,8371133-4-ld3,b2b-42282,ft-5df23,ft-ld3-Dsl,530530732003,-122.23706641279225,46.78408365659002,410519800001.0,ld3_D_Diesel,b2b--c33-87313
42294,7195630-19-ld3,b2b-42294,ft-d9698,ft-ld3-Gas,530530732003,-122.23706641279225,46.78408365659002,410670321071.0,ld3_G_Gasoline,b2b--c33-87358
42315,7361108-7-hdt,b2b-42315,ft-f865f,ft-hdt-Dsl,530330237001,-122.16721631684192,47.62586460308248,530330237001.0,hdt_D_Diesel,b2b--c33-87424
42321,7361108-7-hdt,b2b-42321,ft-fa8f1,ft-hdt-Dsl,530330237001,-122.16721631684192,47.62586460308248,530330237001.0,hdt_D_Diesel,b2b--c33-87412
42322,7358585-4-ld3,b2b-42322,ft-c04a8,ft-ld3-Gas,530530732003,-122.23706641279225,46.78408365659002,530110410052.0,ld3_G_Gasoline,b2b--c33-87425
42323,7192986-26-mdv,b2b-42323,ft-1ad93,ft-mdv-Gas,530530732003,-122.23706641279225,46.78408365659002,410510043001.0,mdv_G_Gasoline,b2b--c33-87427
42331,8370374-4-ld3,b2b-42331,ft-5efd3,ft-ld3-Dsl,530530732003,-122.23706641279225,46.78408365659002,410050203021.0,ld3_D_Diesel,b2b--c33-87436
42344,7359657-1-hdt,b2b-42344,ft-8b346,ft-hdt-Dsl,530330315021,-121.36938446587672,47.147855247348815,530210206013.0,hdt_D_Diesel,b2b--c33-87467
42348,7359707-12-hdv,b2b-42348,ft-3151,ft-hdv-Dsl,530330315021,-121.36938446587672,47.147855247348815,530210201001.0,hdv_D_Diesel,b2b--c33-87473
42380,6754832-38-ld1,b2b-42380,ft-79dd5,ft-ld1-Gas,530330315021,-121.36938446587672,47.147855247348815,20015.0,ld1_G_Gasoline,b2b--c33-87510
42390,7374857-13-ld1,b2b-42390,ft-d9967,ft-ld1-Dsl,530330315021,-121.36938446587672,47.147855247348815,530779400022.0,ld1_D_Diesel,b2b--c33-87526
42408,317370-4-hdt,b2b-42408,ft-c6873,ft-hdt-Dsl,530530732004,-122.26381973027048,46.91888857212184,20012.0,hdt_D_Diesel,b2b--c33-87553
42413,8371137-6-hdt,b2b-42413,ft-8af1f,ft-hdv-Dsl,530530732003,-122.23706641279225,46.78408365659002,410510072021.0,hdv_D_Diesel,b2b--c33-87558
42424,8370342-8-ld1,b2b-42424,ft-515eb,ft-ld1-Gas,530530732003,-122.23706641279225,46.78408365659002,410050221081.0,ld1_G_Gasoline,b2b--c33-87586
42428,7192987-18-mdv,b2b-42428,ft-dbd10,ft-mdv-Dsl,530530732003,-122.23706641279225,46.78408365659002,410510045001.0,mdv_D_Diesel,b2b--c33-87597
42430,7192967-18-ld1,b2b-42430,ft-cd525,ft-ld1-Dsl,530530732003,-122.23706641279225,46.78408365659002,410510043001.0,ld1_D_Diesel,b2b--c33-87599
42437,7190933-23-ld1,b2b-42437,ft-c73c7,ft-ld1-Gas,530530732003,-122.23706641279225,46.78408365659002,410470102021.0,ld1_G_Gasoline,b2b--c33-87608
42441,8371133-13-ld1,b2b-42441,ft-85f5a,ft-ld1-Gas,530530732003,-122.23706641279225,46.78408365659002,410519800001.0,ld1_G_Gasoline,b2b--c33-87613
42479,8395473-2-hdt,b2b-42479,ft-70056,ft-hdv-Dsl,530610535061,-121.89999203508337,48.27272291141637,530579512001.0,hdv_D_Diesel,b2b--c33-87654
42480,8395473-2-hdt,b2b-42480,ft-f61a5,ft-hdt-Dsl,530610535061,-121.89999203508337,48.27272291141637,530579512001.0,hdt_D_Diesel,b2b--c33-87655
42494,8395473-2-hdt,b2b-42494,ft-24b33,ft-hdt-Dsl,530610535061,-121.89999203508337,48.27272291141637,530579512001.0,hdt_D_Diesel,b2b--c33-87737
42527,7373894-29-ld3,b2b-42527,ft-8295,ft-ld3-Gas,530610533014,-122.37093627404924,48.2483017317002,530730004003.0,ld3_G_Gasoline,b2b--c33-87794
42535,6445944-8-ld1,b2b-42535,ft-f32a3,ft-ld1-Gas,530330315021,-121.36938446587672,47.147855247348815,530770016022.0,ld1_G_Gasoline,b2b--c33-87809
42538,7374249-34-ld3,b2b-42538,ft-99d25,ft-ld3-Dsl,530610533021,-122.23684520936622,48.26553620314338,530730102001.0,ld3_D_Diesel,b2b--c33-87813
42541,7369899-49-ld3,b2b-42541,ft-e7eae,ft-ld3-Gas,530610533014,-122.37093627404924,48.2483017317002,530579521003.0,ld3_G_Gasoline,b2b--c33-87818
42545,6447157-16-ld1,b2b-42545,ft-78b6d,ft-ld1-Gas,530330315021,-121.36938446587672,47.147855247348815,530770014001.0,ld1_G_Gasoline,b2b--c33-87825
42547,7374274-19-ld3,b2b-42547,ft-1ea0b,ft-ld3-Gas,530610534001,-122.174775998106,48.271850830473014,530730102002.0,ld3_G_Gasoline,b2b--c33-87829
42581,7186422-40-hdt,b2b-42581,ft-3938,ft-hdt-Dsl,530530732003,-122.23706641279225,46.78408365659002,410050215002.0,hdt_D_Diesel,b2b--c33-87891
42594,7194853-20-mdv,b2b-42594,ft-ee668,ft-mdv-Gas,530530701001,-121.5437370927352,47.12072649438632,20095.0,mdv_G_Gasoline,b2b--c33-87913
42602,7186097-31-hdt,b2b-42602,ft-b29cd,ft-hdt-Dsl,530530701001,-121.5437370927352,47.12072649438632,20095.0,hdt_D_Diesel,b2b--c33-87922
42605,7186097-31-hdt,b2b-42605,ft-00dee,ft-hdt-Dsl,530530701001,-121.5437370927352,47.12072649438632,20095.0,hdt_D_Diesel,b2b--c33-87935
42609,7187750-10-ld1,b2b-42609,ft-f0cbc,ft-ld1-Gas,530530701001,-121.5437370927352,47.12072649438632,20095.0,ld1_G_Gasoline,b2b--c33-87940
42625,7192152-14-ld3,b2b-42625,ft-109cc,ft-ld3-Dsl,530530732003,-122.23706641279225,46.78408365659002,410510072021.0,ld3_D_Diesel,b2b--c33-87962
42633,7187254-6-ld1,b2b-42633,ft-c8ad3,ft-ld1-Gas,530530732003,-122.23706641279225,46.78408365659002,410050209002.0,ld1_G_Gasoline,b2b--c33-87979
42643,7194684-8-ld1,b2b-42643,ft-7ab94,ft-ld1-Gas,530530732003,-122.23706641279225,46.78408365659002,410530203043.0,ld1_G_Gasoline,b2b--c33-87999
42663,5040473-4-hdt,b2b-42663,ft-b2d32,ft-hdt-Dsl,530530732003,-122.23706641279225,46.78408365659002,410670320031.0,hdt_D_Diesel,b2b--c33-88033
42666,7186534-11-ld3,b2b-42666,ft-17bc5,ft-ld3-Gas,530530732003,-122.23706641279225,46.78408365659002,410050215002.0,ld3_G_Gasoline,b2b--c33-88036
42673,6316752-4-hdt,b2b-42673,ft-8f189,ft-hdt-Dsl,530330305011,-122.23215684026177,47.34677692669329,530330305011.0,hdt_D_Diesel,b2b--c33-88048
42677,7191498-33-ld1,b2b-42677,ft-d75cf,ft-ld1-Gas,530530732003,-122.23706641279225,46.78408365659002,410470025021.0,ld1_G_Gasoline,b2b--c33-88053
42685,6663633-3-ld1,b2b-42685,ft-c0dc9,ft-ld1-Dsl,530530732004,-122.26381973027048,46.91888857212184,20014.0,ld1_D_Diesel,b2b--c33-88065
42690,8304175-10-ld1,b2b-42690,ft-c812d,ft-ld1-Gas,530530732004,-122.26381973027048,46.91888857212184,20010.0,ld1_G_Gasoline,b2b--c33-88070
42691,352826-1-hdt,b2b-42691,ft-3257d,ft-hdt-Dsl,530530732004,-122.26381973027048,46.91888857212184,20012.0,hdt_D_Diesel,b2b--c33-88071
42698,6734315-8-ld1,b2b-42698,ft-c707c,ft-ld1-Gas,530530732004,-122.26381973027048,46.91888857212184,20012.0,ld1_G_Gasoline,b2b--c33-88082
42708,6734873-19-ld3,b2b-42708,ft-eab43,ft-ld3-Gas,530530732004,-122.26381973027048,46.91888857212184,20012.0,ld3_G_Gasoline,b2b--c33-88098
42715,6378179-5-hdt,b2b-42715,ft-a19fe,ft-hdt-Dsl,530350902022,-122.6129231648009,47.76724542885732,530350902022.0,hdt_D_Diesel,b2b--c33-88107
42726,6410687-1-hdt,b2b-42726,ft-02da3,ft-hdt-Dsl,530610419011,-122.27610382462113,47.90752921965011,530610419011.0,hdt_D_Diesel,b2b--c33-88126
42744,7194077-7-ld3,b2b-42744,ft-f55af,ft-ld3-Dsl,530530732003,-122.23706641279225,46.78408365659002,410510073001.0,ld3_D_Diesel,b2b--c33-88160
42749,7187355-19-ld3,b2b-42749,ft-60dfb,ft-ld3-Dsl,530530701001,-121.5437370927352,47.12072649438632,20095.0,ld3_D_Diesel,b2b--c33-88168
42753,7190115-8-ld1,b2b-42753,ft-2265d,ft-ld1-Gas,530530701001,-121.5437370927352,47.12072649438632,20095.0,ld1_G_Gasoline,b2b--c33-88175
42764,7194732-22-ld1,b2b-42764,ft-5324f,ft-ld1-Gas,530530701001,-121.5437370927352,47.12072649438632,20095.0,ld1_G_Gasoline,b2b--c33-88196
42785,6708022-5-hdt,b2b-42785,ft-82606,ft-hdt-Dsl,530530732004,-122.26381973027048,46.91888857212184,20010.0,hdt_D_Diesel,b2b--c33-88226
42787,6708022-5-hdt,b2b-42787,ft-f3c72,ft-hdv-Dsl,530530732004,-122.26381973027048,46.91888857212184,20010.0,hdv_D_Diesel,b2b--c33-88229
42796,7372619-7-hdv,b2b-42796,ft-56869,ft-hdv-Dsl,530610537001,-121.31300181346782,48.04698207479564,530630122001.0,hdv_D_Diesel,b2b--c33-88247
42800,8371057-19-ld3,b2b-42800,ft-7c2d2,ft-ld3-Gas,530530732003,-122.23706641279225,46.78408365659002,410510073001.0,ld3_G_Gasoline,b2b--c33-88252
42806,5037593-3-hdt,b2b-42806,ft-5595a,ft-hdt-Dsl,530530732003,-122.23706641279225,46.78408365659002,410670304013.0,hdt_D_Diesel,b2b--c33-88260
42820,7189859-29-hdt,b2b-42820,ft-0e9ba,ft-hdt-Dsl,530530701001,-121.5437370927352,47.12072649438632,20095.0,hdt_D_Diesel,b2b--c33-88290
42823,7188270-3-ld3,b2b-42823,ft-3ce51,ft-ld3-Dsl,530530701001,-121.5437370927352,47.12072649438632,20095.0,ld3_D_Diesel,b2b--c33-88294
42847,8395378-2-hdt,b2b-42847,ft-9c58a,ft-hdt-Dsl,530539400022,-122.3579130992221,47.246033532588356,530539400022.0,hdt_D_Diesel,b2b--c33-88348
42852,8395378-2-hdt,b2b-42852,ft-b90d2,ft-hdt-Dsl,530539400022,-122.3579130992221,47.246033532588356,530539400022.0,hdt_D_Diesel,b2b--c33-88329
42855,8395378-2-hdt,b2b-42855,ft-9c77d,ft-hdv-Dsl,530539400022,-122.3579130992221,47.246033532588356,530539400022.0,hdv_D_Diesel,b2b--c33-88343
42861,7366752-16-hdt,b2b-42861,ft-965f7,ft-hdt-Dsl,530330262001,-122.23092033957167,47.47070058950334,530330262001.0,hdt_D_Diesel,b2b--c33-88357
42867,7368551-6-hdt,b2b-42867,ft-8c60a,ft-hdv-Dsl,530539400101,-122.30631583034886,47.20450761365917,530539400101.0,hdv_D_Diesel,b2b--c33-88373
42877,7189745-45-hdt,b2b-42877,ft-a82b4,ft-hdt-Dsl,530530701001,-121.5437370927352,47.12072649438632,20095.0,hdt_D_Diesel,b2b--c33-88397
42882,7374250-31-hdt,b2b-42882,ft-738a0,ft-hdt-Dsl,530610533021,-122.23684520936622,48.26553620314338,530730102001.0,hdt_D_Diesel,b2b--c33-88399
42883,7374250-31-hdt,b2b-42883,ft-2c5f4,ft-hdt-Dsl,530610533021,-122.23684520936622,48.26553620314338,530730102001.0,hdt_D_Diesel,b2b--c33-88401
42888,7194917-21-hdt,b2b-42888,ft-1e3d0,ft-hdt-Dsl,530530701001,-121.5437370927352,47.12072649438632,20095.0,hdt_D_Diesel,b2b--c33-88412
42902,7369582-2-hdv,b2b-42902,ft-588c0,ft-hdv-Dsl,530530718071,-122.50058277918203,47.16670357885891,530530718071.0,hdv_D_Diesel,b2b--c33-88442
42905,8394432-16-hdt,b2b-42905,ft-27db9,ft-hdt-Dsl,530330288021,-122.29448221175943,47.42747273756918,530330288021.0,hdt_D_Diesel,b2b--c33-88456
42909,8394432-16-hdt,b2b-42909,ft-a4ee1,ft-hdt-Dsl,530330288021,-122.29448221175943,47.42747273756918,530330288021.0,hdt_D_Diesel,b2b--c33-88453
42913,7362108-7-hdt,b2b-42913,ft-3288b,ft-hdt-Dsl,530330292061,-122.2440259259565,47.43149463538121,530330292061.0,hdt_D_Diesel,b2b--c33-88469
42920,7360299-15-mdv,b2b-42920,ft-c5544,ft-mdv-Gas,530330308013,-122.22881583323118,47.27823949337624,530330308013.0,mdv_G_Gasoline,b2b--c33-88480
42930,7366620-59-ld3,b2b-42930,ft-091dd,ft-ld3-Dsl,530330284024,-122.29217467971979,47.45881065074249,530330284024.0,ld3_D_Diesel,b2b--c33-88503
42934,7361890-4-ld3,b2b-42934,ft-7847a,ft-ld3-Gas,530330283003,-122.25198503629612,47.42872998511336,530330283003.0,ld3_G_Gasoline,b2b--c33-88513
42938,8394432-24-ld3,b2b-42938,ft-9a8ed,ft-ld3-Dsl,530330288021,-122.29448221175943,47.42747273756918,530330288021.0,ld3_D_Diesel,b2b--c33-88522
42952,6329725-4-hdt,b2b-42952,ft-bc31f,ft-hdt-Dsl,530330292061,-122.24578916265531,47.40226497134474,530330292061.0,hdt_D_Diesel,b2b--c33-88547
42953,7363039-4-ld3,b2b-42953,ft-9b6ad,ft-ld3-Gas,530330293052,-122.19724469213678,47.41724973671112,530330293052.0,ld3_G_Gasoline,b2b--c33-88555
42975,8395620-11-ld3,b2b-42975,ft-66b6a,ft-ld3-Dsl,530610535091,-122.15089997478691,48.15649523919702,530610535091.0,ld3_D_Diesel,b2b--c33-88600
42981,7369428-14-ld3,b2b-42981,ft-10e4c,ft-ld3-Gas,530530714062,-122.3791628841875,47.07877783959044,530530714062.0,ld3_G_Gasoline,b2b--c33-88612
42982,7367065-14-ld3,b2b-42982,ft-920d0,ft-ld3-Dsl,530330288013,-122.29978682083382,47.41404252517009,530330288013.0,ld3_D_Diesel,b2b--c33-88615
43002,7369840-15-mdv,b2b-43002,ft-2518a,ft-mdv-Dsl,530610533024,-122.33639511497468,48.27588885819264,530579518002.0,mdv_D_Diesel,b2b--c33-88645
43014,6405218-3-hdt,b2b-43014,ft-8602,ft-hdt-Dsl,530610519252,-122.19941596500954,47.793752867560684,530610519252.0,hdt_D_Diesel,b2b--c33-88665
43019,7360253-9-ld3,b2b-43019,ft-46c6d,ft-ld3-Dsl,530330309011,-122.24441173302871,47.29476765167329,530330309011.0,ld3_D_Diesel,b2b--c33-88680
43020,8395984-5-ld3,b2b-43020,ft-b0bc1,ft-ld3-Dsl,530330315021,-121.36938446587672,47.147855247348815,530770016022.0,ld3_D_Diesel,b2b--c33-88683
43022,7369842-20-mdv,b2b-43022,ft-c88e7,ft-mdv-Gas,530610533014,-122.37093627404924,48.2483017317002,530579519002.0,mdv_G_Gasoline,b2b--c33-88685
43033,7370550-10-mdv,b2b-43033,ft-ecf47,ft-mdv-Gas,530610512001,-122.30179293000789,47.80277435011375,530610512001.0,mdv_G_Gasoline,b2b--c33-88701
43055,7369219-9-ld3,b2b-43055,ft-2e3a7,ft-ld3-Dsl,530539400101,-122.29381001031895,47.21080765754478,530539400101.0,ld3_D_Diesel,b2b--c33-88745
43056,7369219-9-ld3,b2b-43056,ft-14986,ft-ld3-Dsl,530539400101,-122.29381001031895,47.21080765754478,530539400101.0,ld3_D_Diesel,b2b--c33-88744
43057,7369625-4-ld3,b2b-43057,ft-24778,ft-ld3-Dsl,530530718071,-122.49201601524814,47.17286749241953,530530718071.0,ld3_D_Diesel,b2b--c33-88748
43087,8395670-6-hdt,b2b-43087,ft-c4839,ft-hdt-Dsl,530610537001,-121.31300181346782,48.04698207479564,530630136002.0,hdt_D_Diesel,b2b--c33-88808
43103,7370780-1-hdt,b2b-43103,ft-bb9e7,ft-hdv-Dsl,530610413042,-122.25350021807033,47.92367939099297,530610413042.0,hdv_D_Diesel,b2b--c33-88839
43113,7191498-46-hdt,b2b-43113,ft-b0f8b,ft-hdt-Dsl,530530732003,-122.23706641279225,46.78408365659002,410470025021.0,hdt_D_Diesel,b2b--c33-88855
43125,6388394-6-hdt,b2b-43125,ft-fadf1,ft-hdt-Dsl,530539400022,-122.368289546709,47.242889341578646,530539400022.0,hdt_D_Diesel,b2b--c33-88877
43137,8394432-17-hdv,b2b-43137,ft-45b42,ft-hdv-Dsl,530330288021,-122.29448221175943,47.42747273756918,530330288021.0,hdv_D_Diesel,b2b--c33-88897
43182,6402397-1-hdt,b2b-43182,ft-66d78,ft-hdt-Dsl,530610533014,-122.37093627404924,48.2483017317002,530579519002.0,hdt_D_Diesel,b2b--c33-88987
43188,7366753-21-hdt,b2b-43188,ft-b9e87,ft-hdt-Dsl,530330264005,-122.32943382695088,47.51835358889425,530330264005.0,hdt_D_Diesel,b2b--c33-89012
43201,7373608-2-hdv,b2b-43201,ft-3271e,ft-hdv-Dsl,530530729061,-122.5544249277511,47.049137874735855,530670126102.0,hdv_D_Diesel,b2b--c33-89029
43203,6442998-1-hdt,b2b-43203,ft-18cda,ft-hdt-Dsl,530610533014,-122.37093627404924,48.2483017317002,530730104042.0,hdt_D_Diesel,b2b--c33-89030
43205,7191279-6-hdt,b2b-43205,ft-48fcb,ft-hdt-Dsl,530530732003,-122.23706641279225,46.78408365659002,410470010001.0,hdt_D_Diesel,b2b--c33-89035
43207,8370581-11-hdt,b2b-43207,ft-a0bc6,ft-hdt-Dsl,530530701001,-121.5437370927352,47.12072649438632,20095.0,hdt_D_Diesel,b2b--c33-89041
43215,8308984-1-hdt,b2b-43215,ft-85409,ft-hdt-Dsl,530530732004,-122.26381973027048,46.91888857212184,20014.0,hdt_D_Diesel,b2b--c33-89064
43229,7364691-31-hdt,b2b-43229,ft-3572d,ft-hdt-Dsl,530330112001,-122.33016952325477,47.52660254101656,530330112001.0,hdt_D_Diesel,b2b--c33-89096
43237,7364692-16-hdt,b2b-43237,ft-f254a,ft-hdt-Dsl,530330108001,-122.34913921788487,47.55384014888749,530330108001.0,hdt_D_Diesel,b2b--c33-89123
43251,7366501-27-hdv,b2b-43251,ft-e3c83,ft-hdv-Dsl,530330265002,-122.3430757196565,47.51192083812315,530330265002.0,hdv_D_Diesel,b2b--c33-89178
43256,6348661-5-hdt,b2b-43256,ft-387e4,ft-hdt-Dsl,530330066001,-122.32685159412088,47.633879031826666,530330066001.0,hdt_D_Diesel,b2b--c33-89187
43258,8366649-13-ld1,b2b-43258,ft-17f97,ft-ld1-Gas,530610537001,-121.31300181346782,48.04698207479564,20089.0,ld1_G_Gasoline,b2b--c33-89189
43261,6361131-4-hdt,b2b-43261,ft-85ef4,ft-hdv-Dsl,530330017021,-122.35566819623313,47.70426957906544,530330017021.0,hdv_D_Diesel,b2b--c33-89199
43265,7196410-20-mdv,b2b-43265,ft-8948d,ft-mdv-Dsl,530530732003,-122.23706641279225,46.78408365659002,410670307002.0,mdv_D_Diesel,b2b--c33-89204
43285,6329726-5-hdt,b2b-43285,ft-7c50b,ft-hdt-Dsl,530330292061,-122.25258722653335,47.4159809172717,530330292061.0,hdt_D_Diesel,b2b--c33-89255
43292,6341893-4-hdt,b2b-43292,ft-faa15,ft-hdt-Dsl,530330253022,-122.21599319435936,47.47716902453649,530330253022.0,hdt_D_Diesel,b2b--c33-89272
43294,6367483-1-hdt,b2b-43294,ft-898ea,ft-hdt-Dsl,530330093003,-122.33925681158621,47.55940262604023,530330093003.0,hdt_D_Diesel,b2b--c33-89273
43308,6331935-1-hdt,b2b-43308,ft-b6182,ft-hdv-Dsl,530330292061,-122.24385902567023,47.406129482425996,530330292061.0,hdv_D_Diesel,b2b--c33-89294
43311,6365274-4-hdt,b2b-43311,ft-6b9b7,ft-hdt-Dsl,530330006004,-122.34233342193181,47.707450691212834,530330006004.0,hdt_D_Diesel,b2b--c33-89296
43347,6331323-3-hdt,b2b-43347,ft-35fc3,ft-hdv-Dsl,530330292061,-122.25903482330236,47.42640082469202,530330292061.0,hdv_D_Diesel,b2b--c33-89344
43356,6327283-3-hdt,b2b-43356,ft-42a05,ft-hdv-Dsl,530330303042,-122.31913983969204,47.28738463108645,530330303042.0,hdv_D_Diesel,b2b--c33-89359
43357,7365038-11-hdt,b2b-43357,ft-bfe48,ft-hdt-Dsl,530330093002,-122.33357597282178,47.58797849383613,530330093002.0,hdt_D_Diesel,b2b--c33-89370
43380,7196410-6-hdt,b2b-43380,ft-34739,ft-hdt-Dsl,530530732003,-122.23706641279225,46.78408365659002,410670307002.0,hdt_D_Diesel,b2b--c33-89410
43385,8415294-2-hdt,b2b-43385,ft-5bb7a,ft-hdt-Dsl,530530732003,-122.23706641279225,46.78408365659002,410470025021.0,hdt_D_Diesel,b2b--c33-89427
43399,8304452-3-hdt,b2b-43399,ft-c5e4f,ft-hdt-Dsl,530530732004,-122.26381973027048,46.91888857212184,20010.0,hdt_D_Diesel,b2b--c33-89444
43407,8304452-3-hdt,b2b-43407,ft-6a509,ft-hdt-Dsl,530530732004,-122.26381973027048,46.91888857212184,20010.0,hdt_D_Diesel,b2b--c33-89473
43411,8304452-3-hdt,b2b-43411,ft-c2db1,ft-hdt-Dsl,530530732004,-122.26381973027048,46.91888857212184,20010.0,hdt_D_Diesel,b2b--c33-89477
43416,8304452-3-hdt,b2b-43416,ft-36b19,ft-hdt-Dsl,530530732004,-122.26381973027048,46.91888857212184,20010.0,hdt_D_Diesel,b2b--c33-89483
43423,6447174-5-hdt,b2b-43423,ft-157fe,ft-hdt-Dsl,530330315021,-121.36938446587672,47.147855247348815,530770011004.0,hdt_D_Diesel,b2b--c33-89493
43438,6395643-2-hdt,b2b-43438,ft-feed8,ft-hdt-Dsl,530530626001,-122.48418310059516,47.2185702631397,530530626001.0,hdt_D_Diesel,b2b--c33-89522
43440,7367065-6-hdt,b2b-43440,ft-2649d,ft-hdt-Dsl,530330288013,-122.29978682083382,47.41404252517009,530330288013.0,hdt_D_Diesel,b2b--c33-89535
43446,7367065-6-hdt,b2b-43446,ft-c2d57,ft-hdv-Dsl,530330288013,-122.29978682083382,47.41404252517009,530330288013.0,hdv_D_Diesel,b2b--c33-89532
43456,7374801-1-hdt,b2b-43456,ft-5233,ft-hdt-Dsl,530330315021,-121.36938446587672,47.147855247348815,530770018002.0,hdt_D_Diesel,b2b--c33-89550
43482,6382765-5-hdt,b2b-43482,ft-71e70,ft-hdt-Dsl,530530730061,-122.34183800719136,46.92931107282429,530419712002.0,hdt_D_Diesel,b2b--c33-89594
43488,6437863-3-hdt,b2b-43488,ft-8de22,ft-hdt-Dsl,530530729061,-122.5544249277511,47.049137874735855,530699501003.0,hdt_D_Diesel,b2b--c33-89601
43493,7368652-6-hdt,b2b-43493,ft-09e73,ft-hdt-Dsl,530530616011,-122.43776300444318,47.255231485980175,530530616011.0,hdt_D_Diesel,b2b--c33-89652
43511,7368496-9-ld3,b2b-43511,ft-4fd08,ft-ld3-Gas,530530715034,-122.46405125504263,47.151729854789835,530530715034.0,ld3_G_Gasoline,b2b--c33-89685
43512,7369221-19-ld3,b2b-43512,ft-59f20,ft-ld3-Gas,530539400101,-122.31035393745093,47.20502765367965,530539400101.0,ld3_G_Gasoline,b2b--c33-89689
43515,7369224-19-ld3,b2b-43515,ft-0d53b,ft-ld3-Gas,530539400022,-122.35897274041128,47.25278630859665,530539400022.0,ld3_G_Gasoline,b2b--c33-89698
43521,6317884-1-hdt,b2b-43521,ft-af74e,ft-hdt-Dsl,530330303132,-122.31339086810122,47.290846068123486,530330303132.0,hdt_D_Diesel,b2b--c33-89712
43525,6377568-1-hdt,b2b-43525,ft-e2ef3,ft-hdt-Dsl,530350928011,-122.64337922352684,47.50241980345088,530350928011.0,hdt_D_Diesel,b2b--c33-89720
43533,6372585-4-hdt,b2b-43533,ft-c0c16,ft-hdt-Dsl,530330284024,-122.29644222133847,47.44387769164899,530330284024.0,hdt_D_Diesel,b2b--c33-89732
43536,7359966-44-ld3,b2b-43536,ft-44fce,ft-ld3-Dsl,530350920001,-122.92435858189329,47.572507416975284,530270012003.0,ld3_D_Diesel,b2b--c33-89738
43542,6371066-1-hdt,b2b-43542,ft-a1549,ft-hdt-Dsl,530330264004,-122.32436927220814,47.517302989076924,530330264004.0,hdt_D_Diesel,b2b--c33-89745
43579,6299002-2-hdt,b2b-43579,ft-9a9a4,ft-hdt-Dsl,530530732003,-122.23706641279225,46.78408365659002,530110410052.0,hdt_D_Diesel,b2b--c33-89812
43589,4964725-4-hdt,b2b-43589,ft-c56e2,ft-hdt-Dsl,530530732003,-122.23706641279225,46.78408365659002,410050215001.0,hdt_D_Diesel,b2b--c33-89830
43597,4954401-3-hdt,b2b-43597,ft-b4f6f,ft-hdt-Dsl,530530732003,-122.23706641279225,46.78408365659002,410030001001.0,hdt_D_Diesel,b2b--c33-89841
43608,8371137-11-hdt,b2b-43608,ft-862bd,ft-hdv-Dsl,530530732003,-122.23706641279225,46.78408365659002,410510072021.0,hdv_D_Diesel,b2b--c33-89869
43613,7358519-21-hdt,b2b-43613,ft-6dbf0,ft-hdt-Dsl,530530732003,-122.23706641279225,46.78408365659002,530110403023.0,hdt_D_Diesel,b2b--c33-89876
43615,6410220-1-hdt,b2b-43615,ft-69823,ft-hdt-Dsl,530610510001,-122.32447512978842,47.80302080491076,530610510001.0,hdt_D_Diesel,b2b--c33-89879
43647,7369171-11-hdt,b2b-43647,ft-795d8,ft-hdv-Dsl,530539400022,-122.40021822743282,47.25332028353289,530539400022.0,hdv_D_Diesel,b2b--c33-89949
43655,8395670-3-hdt,b2b-43655,ft-d1e75,ft-hdt-Dsl,530610537001,-121.31300181346782,48.04698207479564,530630136002.0,hdt_D_Diesel,b2b--c33-89954
43688,2486985-1-hdt,b2b-43688,ft-6d511,ft-hdt-Dsl,530610537001,-121.31300181346782,48.04698207479564,20041.0,hdt_D_Diesel,b2b--c33-90007
43707,3340811-2-hdt,b2b-43707,ft-16f03,ft-hdv-Dsl,530610537001,-121.31300181346782,48.04698207479564,20062.0,hdv_D_Diesel,b2b--c33-90029
43710,4051820-2-hdt,b2b-43710,ft-10af4,ft-hdt-Dsl,530610537001,-121.31300181346782,48.04698207479564,20081.0,hdt_D_Diesel,b2b--c33-90032
43711,4692363-3-hdt,b2b-43711,ft-9dbd8,ft-hdt-Dsl,530610537001,-121.31300181346782,48.04698207479564,20088.0,hdt_D_Diesel,b2b--c33-90035
43728,5017457-4-hdt,b2b-43728,ft-f77de,ft-hdt-Dsl,530530732003,-122.23706641279225,46.78408365659002,410510043001.0,hdt_D_Diesel,b2b--c33-90070
43733,6304410-4-hdt,b2b-43733,ft-538e4,ft-hdt-Dsl,530530732003,-122.23706641279225,46.78408365659002,530110413251.0,hdt_D_Diesel,b2b--c33-90082
43747,5032696-1-hdt,b2b-43747,ft-e6bab,ft-hdt-Dsl,530530701001,-121.5437370927352,47.12072649438632,20095.0,hdt_D_Diesel,b2b--c33-90104
43764,6371337-5-hdt,b2b-43764,ft-82e00,ft-hdt-Dsl,530330262001,-122.22332835045421,47.458197581214506,530330262001.0,hdt_D_Diesel,b2b--c33-90135
43767,6330608-1-hdt,b2b-43767,ft-11261,ft-hdt-Dsl,530330292061,-122.22268979917403,47.40643692170669,530330292061.0,hdt_D_Diesel,b2b--c33-90139
43770,6334156-3-hdt,b2b-43770,ft-677d0,ft-hdv-Dsl,530330219041,-122.15881986546636,47.71510582845816,530330219041.0,hdv_D_Diesel,b2b--c33-90144
43783,4967254-4-hdt,b2b-43783,ft-aeeec,ft-hdt-Dsl,530530730061,-122.34183800719136,46.92931107282429,410099711001.0,hdt_D_Diesel,b2b--c33-90166
43796,7374274-6-hdt,b2b-43796,ft-ad967,ft-hdt-Dsl,530610534001,-122.174775998106,48.271850830473014,530730102002.0,hdt_D_Diesel,b2b--c33-90192
43805,6487128-5-hdt,b2b-43805,ft-55aeb,ft-hdt-Dsl,530610537001,-121.31300181346782,48.04698207479564,20127.0,hdt_D_Diesel,b2b--c33-90205
43812,1075762-1-hdt,b2b-43812,ft-8fcbe,ft-hdt-Dsl,530530701001,-121.5437370927352,47.12072649438632,20009.0,hdt_D_Diesel,b2b--c33-90212
43820,602893-1-hdt,b2b-43820,ft-657fb,ft-hdt-Dsl,530530701001,-121.5437370927352,47.12072649438632,20009.0,hdt_D_Diesel,b2b--c33-90220
43824,879898-1-hdt,b2b-43824,ft-b31c8,ft-hdt-Dsl,530530732004,-122.26381973027048,46.91888857212184,20011.0,hdt_D_Diesel,b2b--c33-90227
43826,898630-2-hdt,b2b-43826,ft-e432c,ft-hdt-Dsl,530530732004,-122.26381973027048,46.91888857212184,20011.0,hdt_D_Diesel,b2b--c33-90229
43829,296698-2-hdt,b2b-43829,ft-4278f,ft-hdt-Dsl,530530732004,-122.26381973027048,46.91888857212184,20012.0,hdt_D_Diesel,b2b--c33-90232
43847,1908265-7-hdt,b2b-43847,ft-b1bec,ft-hdt-Dsl,530330328003,-121.10644086665883,47.709472706427675,20028.0,hdt_D_Diesel,b2b--c33-90253
43865,7193684-16-hdt,b2b-43865,ft-a6d27,ft-hdt-Dsl,530530732003,-122.23706641279225,46.78408365659002,410510073001.0,hdt_D_Diesel,b2b--c33-90271
43876,7192587-11-hdt,b2b-43876,ft-ad4a1,ft-hdt-Dsl,530530732003,-122.23706641279225,46.78408365659002,410510007023.0,hdt_D_Diesel,b2b--c33-90290
43918,6297817-4-hdt,b2b-43918,ft-e1c51,ft-hdt-Dsl,530530732003,-122.23706641279225,46.78408365659002,530110407091.0,hdt_D_Diesel,b2b--c33-90355
43934,1966799-5-hdt,b2b-43934,ft-a736c,ft-hdt-Dsl,530330328003,-121.10644086665883,47.709472706427675,20028.0,hdt_D_Diesel,b2b--c33-90374
43969,7194071-6-hdt,b2b-43969,ft-29377,ft-hdv-Dsl,530530732003,-122.23706641279225,46.78408365659002,410510073001.0,hdv_D_Diesel,b2b--c33-90431
43981,4977573-3-hdt,b2b-43981,ft-deaf4,ft-hdt-Dsl,530530701001,-121.5437370927352,47.12072649438632,20095.0,hdt_D_Diesel,b2b--c33-90456
43995,7366547-16-hdt,b2b-43995,ft-c5e60,ft-hdt-Dsl,530330093003,-122.33781074015684,47.57150093310607,530330093003.0,hdt_D_Diesel,b2b--c33-90499
43998,7366501-6-hdt,b2b-43998,ft-3aba5,ft-hdt-Dsl,530330265002,-122.3430757196565,47.51192083812315,530330265002.0,hdt_D_Diesel,b2b--c33-90515
43999,7366501-6-hdt,b2b-43999,ft-11dc7,ft-hdt-Dsl,530330265002,-122.3430757196565,47.51192083812315,530330265002.0,hdt_D_Diesel,b2b--c33-90514
44003,6331543-3-hdt,b2b-44003,ft-03fd7,ft-hdt-Dsl,530330292061,-122.24396135738252,47.406355917336555,530330292061.0,hdt_D_Diesel,b2b--c33-90521
44017,6346031-5-hdt,b2b-44017,ft-e05f1,ft-hdt-Dsl,530330297004,-122.23015402146882,47.36463551223848,530330297004.0,hdt_D_Diesel,b2b--c33-90547
44019,6361250-3-hdt,b2b-44019,ft-c142b,ft-hdt-Dsl,530330117002,-122.28084463671817,47.5115215595724,530330117002.0,hdt_D_Diesel,b2b--c33-90551
44021,6420625-2-hdt,b2b-44021,ft-c52d2,ft-hdt-Dsl,530610519121,-122.1239005844679,47.79463507398527,530610519121.0,hdt_D_Diesel,b2b--c33-90554
44022,6420625-2-hdt,b2b-44022,ft-3997d,ft-hdt-Dsl,530610519121,-122.1239005844679,47.79463507398527,530610519121.0,hdt_D_Diesel,b2b--c33-90553
44023,6415394-5-hdt,b2b-44023,ft-588f6,ft-hdt-Dsl,530610528031,-122.16453902558122,48.15226018977806,530610528031.0,hdt_D_Diesel,b2b--c33-90556
44029,6330010-2-hdt,b2b-44029,ft-677c9,ft-hdt-Dsl,530330292061,-122.24411542829525,47.420589532345765,530330292061.0,hdt_D_Diesel,b2b--c33-90565
44037,6317761-3-hdt,b2b-44037,ft-f28f4,ft-hdt-Dsl,530330305011,-122.23199052619302,47.341662718205804,530330305011.0,hdt_D_Diesel,b2b--c33-90580
44047,6385569-3-hdt,b2b-44047,ft-af196,ft-hdv-Dsl,530530726032,-122.77382693312865,47.188210163000925,530499504003.0,hdv_D_Diesel,b2b--c33-90598
44049,6446960-4-hdt,b2b-44049,ft-a908f,ft-hdt-Dsl,530330315021,-121.36938446587672,47.147855247348815,530770003001.0,hdt_D_Diesel,b2b--c33-90600
44096,7365404-4-hdt,b2b-44096,ft-bf17c,ft-hdv-Dsl,530330019001,-122.32846894265069,47.6994347405433,530330019001.0,hdv_D_Diesel,b2b--c33-90682
44120,6411607-5-hdt,b2b-44120,ft-bded3,ft-hdv-Dsl,530610408002,-122.20907430995496,47.97947540301425,530610408002.0,hdv_D_Diesel,b2b--c33-90719
44121,6350425-2-hdt,b2b-44121,ft-77ace,ft-hdt-Dsl,530330054002,-122.34515898736282,47.64865517084725,530330054002.0,hdt_D_Diesel,b2b--c33-90720
44133,7360480-1-hdt,b2b-44133,ft-7c463,ft-hdv-Dsl,530330303132,-122.31316040045309,47.29592604806239,530330303132.0,hdv_D_Diesel,b2b--c33-90734
44138,7369224-1-hdt,b2b-44138,ft-5c209,ft-hdt-Dsl,530539400022,-122.35897274041128,47.25278630859665,530539400022.0,hdt_D_Diesel,b2b--c33-90746
44176,7361950-1-hdt,b2b-44176,ft-1608,ft-hdt-Dsl,530330300034,-122.31321089826587,47.372456817011994,530330300034.0,hdt_D_Diesel,b2b--c33-90881
44177,7361950-1-hdt,b2b-44177,ft-efbe9,ft-hdt-Dsl,530330300034,-122.31321089826587,47.372456817011994,530330300034.0,hdt_D_Diesel,b2b--c33-90880
44178,7361950-1-hdt,b2b-44178,ft-b5b4c,ft-hdt-Dsl,530330300034,-122.31321089826587,47.372456817011994,530330300034.0,hdt_D_Diesel,b2b--c33-90872
44181,7361950-1-hdt,b2b-44181,ft-c1022,ft-hdt-Dsl,530330300034,-122.31321089826587,47.372456817011994,530330300034.0,hdt_D_Diesel,b2b--c33-90878
44182,7361950-1-hdt,b2b-44182,ft-28ed4,ft-hdt-Dsl,530330300034,-122.31321089826587,47.372456817011994,530330300034.0,hdt_D_Diesel,b2b--c33-90879
44190,6316171-3-hdt,b2b-44190,ft-a2b67,ft-hdt-Dsl,530330305011,-122.2264444883649,47.33843583672981,530330305011.0,hdt_D_Diesel,b2b--c33-90896
44224,6331532-2-hdt,b2b-44224,ft-6ac91,ft-hdt-Dsl,530330292061,-122.2461556746749,47.42675654389755,530330292061.0,hdt_D_Diesel,b2b--c33-90949
44251,6331928-5-hdt,b2b-44251,ft-54965,ft-hdt-Dsl,530330292061,-122.26117343046504,47.41673509759187,530330292061.0,hdt_D_Diesel,b2b--c33-91001
44252,6346290-3-hdt,b2b-44252,ft-0823f,ft-hdt-Dsl,530330288012,-122.3150102031091,47.43096333480719,530330288012.0,hdt_D_Diesel,b2b--c33-91004
44263,7370497-1-hdt,b2b-44263,ft-d8c00,ft-hdt-Dsl,530610515002,-122.31614691646146,47.81998088841677,530610515002.0,hdt_D_Diesel,b2b--c33-91028
44265,7370497-1-hdt,b2b-44265,ft-c42ae,ft-hdt-Dsl,530610515002,-122.31614691646146,47.81998088841677,530610515002.0,hdt_D_Diesel,b2b--c33-91030
44276,7362014-1-hdt,b2b-44276,ft-c1147,ft-hdv-Dsl,530330292061,-122.228106461071,47.41699927061486,530330292061.0,hdv_D_Diesel,b2b--c33-91068
44281,6371358-1-hdt,b2b-44281,ft-b3bb7,ft-hdt-Dsl,530330262001,-122.23907903303883,47.45674541375367,530330262001.0,hdt_D_Diesel,b2b--c33-91073
44285,7360251-6-hdt,b2b-44285,ft-db677,ft-hdt-Dsl,530330308011,-122.25027559284608,47.294574176820156,530330308011.0,hdt_D_Diesel,b2b--c33-91086
44289,6344598-3-hdt,b2b-44289,ft-ef926,ft-hdt-Dsl,530330219061,-122.1573170209891,47.73965645770942,530330219061.0,hdt_D_Diesel,b2b--c33-91091
44301,6356426-1-hdt,b2b-44301,ft-f7454,ft-hdt-Dsl,530330093003,-122.33520977550089,47.57459834722115,530330093003.0,hdt_D_Diesel,b2b--c33-91149
44311,7366753-16-hdt,b2b-44311,ft-7d2fc,ft-hdt-Dsl,530330264005,-122.32943382695088,47.51835358889425,530330264005.0,hdt_D_Diesel,b2b--c33-91172
44312,6372101-4-hdt,b2b-44312,ft-28222,ft-hdt-Dsl,530330262001,-122.24909474649581,47.450888766581926,530330262001.0,hdt_D_Diesel,b2b--c33-91174
44340,6393686-4-hdt,b2b-44340,ft-9b1c0,ft-hdt-Dsl,530530633003,-122.42016654197502,47.19881050446876,530530633003.0,hdt_D_Diesel,b2b--c33-91261
44341,6330223-1-hdt,b2b-44341,ft-33b01,ft-hdt-Dsl,530330292061,-122.26291743691418,47.39892350709161,530330292061.0,hdt_D_Diesel,b2b--c33-91263
44357,6336892-1-hdt,b2b-44357,ft-93c58,ft-hdt-Dsl,530330296013,-122.1655303338688,47.35801499611463,530330296013.0,hdt_D_Diesel,b2b--c33-91318
44369,6368899-2-hdt,b2b-44369,ft-4940a,ft-hdt-Dsl,530330268013,-122.35379453349886,47.50966930765248,530330268013.0,hdt_D_Diesel,b2b--c33-91346
44386,6420473-2-hdt,b2b-44386,ft-deb94,ft-hdt-Dsl,530610519121,-122.11151213306398,47.80232904971069,530610519121.0,hdt_D_Diesel,b2b--c33-91382
44390,6341892-5-hdt,b2b-44390,ft-ecedd,ft-hdv-Dsl,530330262001,-122.24867163932201,47.44826693130279,530330262001.0,hdv_D_Diesel,b2b--c33-91394
44401,6389133-2-hdt,b2b-44401,ft-5f75e,ft-hdt-Dsl,530539400101,-122.33628057777473,47.22304433968711,530539400101.0,hdt_D_Diesel,b2b--c33-91418
44414,6316744-1-hdt,b2b-44414,ft-07f02,ft-hdv-Dsl,530330305011,-122.24392519429297,47.30831317717941,530330305011.0,hdv_D_Diesel,b2b--c33-91455
44421,6336733-4-hdt,b2b-44421,ft-3cadc,ft-hdv-Dsl,530330296013,-122.16533110359269,47.35674918726672,530330296013.0,hdv_D_Diesel,b2b--c33-91487
44425,6346104-2-hdt,b2b-44425,ft-e08b9,ft-hdv-Dsl,530330297002,-122.23040838919462,47.37494187737347,530330297002.0,hdv_D_Diesel,b2b--c33-91505
44436,6376337-4-hdt,b2b-44436,ft-8f80f,ft-hdt-Dsl,530350811002,-122.65520087481246,47.56361079660206,530350811002.0,hdt_D_Diesel,b2b--c33-91531
44455,6316174-9-hdt,b2b-44455,ft-5eb06,ft-hdt-Dsl,530330309011,-122.24369955590527,47.28774145679813,530330309011.0,hdt_D_Diesel,b2b--c33-91597
44462,6318471-6-hdt,b2b-44462,ft-4889d,ft-hdt-Dsl,530330303132,-122.31337933044337,47.295780839616405,530330303132.0,hdt_D_Diesel,b2b--c33-91605
44476,6325015-1-hdt,b2b-44476,ft-7a0e6,ft-hdt-Dsl,530330232011,-122.14252456769239,47.61289985757788,530330232011.0,hdt_D_Diesel,b2b--c33-91633
44482,7366389-21-hdt,b2b-44482,ft-42809,ft-hdt-Dsl,530330099004,-122.35117715320465,47.57121825509962,530330099004.0,hdt_D_Diesel,b2b--c33-91647
44487,7370748-1-hdt,b2b-44487,ft-d7fd7,ft-hdv-Dsl,530610413042,-122.25333421863927,47.92376449718981,530610413042.0,hdv_D_Diesel,b2b--c33-91671_2
44526,6336733-2-hdt,b2b-44526,ft-7f2e9,ft-hdt-Dsl,530330296013,-122.16533110359269,47.35674918726672,530330296013.0,hdt_D_Diesel,b2b--c33-91800
44528,6367738-1-hdt,b2b-44528,ft-0f1bd,ft-hdv-Dsl,530330093003,-122.32225817992502,47.56055188342624,530330093003.0,hdv_D_Diesel,b2b--c33-91802
44530,7361108-16-hdt,b2b-44530,ft-9dd74,ft-hdt-Dsl,530330237001,-122.16721631684192,47.62586460308248,530330237001.0,hdt_D_Diesel,b2b--c33-91807
44542,6336732-5-hdt,b2b-44542,ft-fbd99,ft-hdv-Dsl,530330316042,-122.03188420758126,47.3583664017435,530330316042.0,hdv_D_Diesel,b2b--c33-91818
44550,6407481-6-hdt,b2b-44550,ft-165de,ft-hdt-Dsl,530610509003,-122.34079715664308,47.77858204747406,530610509003.0,hdt_D_Diesel,b2b--c33-91826
44562,7362511-21-hdt,b2b-44562,ft-77240,ft-hdt-Dsl,530330320111,-122.0228827412936,47.36910189719495,530330320111.0,hdt_D_Diesel,b2b--c33-91843
44566,6332343-1-hdt,b2b-44566,ft-251f1,ft-hdt-Dsl,530330226031,-122.17383419945243,47.70529269142355,530330226031.0,hdt_D_Diesel,b2b--c33-91851
44599,6330178-1-hdt,b2b-44599,ft-90f09,ft-hdt-Dsl,530330292061,-122.24937705332252,47.404587351633616,530330292061.0,hdt_D_Diesel,b2b--c33-91912
44600,6329715-4-hdt,b2b-44600,ft-7c42f,ft-hdt-Dsl,530330292061,-122.24949733680435,47.41102051910454,530330292061.0,hdt_D_Diesel,b2b--c33-91916
44616,7369578-11-hdt,b2b-44616,ft-64a9e,ft-hdt-Dsl,530530718071,-122.49172169332216,47.17446773435666,530530718071.0,hdt_D_Diesel,b2b--c33-91951
44632,6415760-2-hdt,b2b-44632,ft-59cb2,ft-hdt-Dsl,530610525041,-122.09395662538827,47.97821568078381,530610525041.0,hdt_D_Diesel,b2b--c33-91994
44659,6323496-2-hdt,b2b-44659,ft-0f9e2,ft-hdt-Dsl,530330248002,-122.14891434560766,47.579021311994936,530330248002.0,hdt_D_Diesel,b2b--c33-92039
44665,7362109-13-hdt,b2b-44665,ft-10dad,ft-hdt-Dsl,530330292061,-122.24917211844225,47.42938235578714,530330292061.0,hdt_D_Diesel,b2b--c33-92043
44670,6354502-3-hdt,b2b-44670,ft-cfd28,ft-hdt-Dsl,530330048003,-122.3627302430383,47.65670531200268,530330048003.0,hdt_D_Diesel,b2b--c33-92051
44689,6368912-2-hdt,b2b-44689,ft-7c18e,ft-hdt-Dsl,530330268013,-122.3538770858992,47.50984844335442,530330268013.0,hdt_D_Diesel,b2b--c33-92070
44693,6409346-4-hdt,b2b-44693,ft-19a18,ft-hdt-Dsl,530610517021,-122.2777626454527,47.8251043927028,530610517021.0,hdt_D_Diesel,b2b--c33-92074
44705,6331532-1-hdt,b2b-44705,ft-57169,ft-hdt-Dsl,530330292061,-122.2461556746749,47.42675654389755,530330292061.0,hdt_D_Diesel,b2b--c33-92086
44707,6318471-1-hdt,b2b-44707,ft-c34fd,ft-hdt-Dsl,530330303132,-122.31337933044337,47.295780839616405,530330303132.0,hdt_D_Diesel,b2b--c33-92088
44710,6405154-2-hdt,b2b-44710,ft-d701d,ft-hdv-Dsl,530610519231,-122.20984830810707,47.833208244806606,530610519231.0,hdv_D_Diesel,b2b--c33-92091
44712,6346107-1-hdt,b2b-44712,ft-cd2f2,ft-hdt-Dsl,530330297004,-122.23285493675922,47.370036719347844,530330297004.0,hdt_D_Diesel,b2b--c33-92093
44719,6320635-1-hdt,b2b-44719,ft-7a84e,ft-hdv-Dsl,530330238011,-122.19512341649516,47.60985419833947,530330238011.0,hdv_D_Diesel,b2b--c33-92100
44721,6346037-2-hdt,b2b-44721,ft-96570,ft-hdt-Dsl,530330297004,-122.2301917937608,47.367034726682455,530330297004.0,hdt_D_Diesel,b2b--c33-92102
44754,7361744-11-hdt,b2b-44754,ft-fbd0c,ft-hdt-Dsl,530330292061,-122.22528263501711,47.432243549317185,530330292061.0,hdt_D_Diesel,b2b--c33-92156
44757,6325014-3-hdt,b2b-44757,ft-f4b8d,ft-hdt-Dsl,530330228033,-122.12440836584382,47.646069497689034,530330228033.0,hdt_D_Diesel,b2b--c33-92162
44780,6316174-4-hdt,b2b-44780,ft-434b6,ft-hdv-Dsl,530330309011,-122.24369955590527,47.28774145679813,530330309011.0,hdv_D_Diesel,b2b--c33-92185
44797,7361802-7-hdt,b2b-44797,ft-48607,ft-hdv-Dsl,530330292061,-122.25322050856488,47.41586647958096,530330292061.0,hdv_D_Diesel,b2b--c33-92217
44806,7362668-11-hdt,b2b-44806,ft-e27f1,ft-hdv-Dsl,530330284024,-122.29828123802866,47.44416305383533,530330284024.0,hdv_D_Diesel,b2b--c33-92276
44814,6397338-1-hdt,b2b-44814,ft-d6c66,ft-hdv-Dsl,530530711001,-122.39513491672186,47.180952506591034,530530711001.0,hdv_D_Diesel,b2b--c33-92290
44822,6328282-2-hdt,b2b-44822,ft-ba68a,ft-hdt-Dsl,530330322083,-122.0409492205412,47.549602658148636,530330322083.0,hdt_D_Diesel,b2b--c33-92321
44838,6863594-5-hdt,b2b-44838,ft-7f33d,ft-hdv-Dsl,530610537001,-121.31300181346782,48.04698207479564,20034.0,hdv_D_Diesel,b2b--c33-92394
44845,2182799-3-hdt,b2b-44845,ft-c88c8,ft-hdt-Dsl,530610537001,-121.31300181346782,48.04698207479564,20034.0,hdt_D_Diesel,b2b--c33-92405
44853,6854687-9-hdt,b2b-44853,ft-fe884,ft-hdt-Dsl,530610537001,-121.31300181346782,48.04698207479564,20034.0,hdt_D_Diesel,b2b--c33-92413
44864,2513409-1-hdt,b2b-44864,ft-6ac20,ft-hdv-Dsl,530610537001,-121.31300181346782,48.04698207479564,20041.0,hdv_D_Diesel,b2b--c33-92426
44867,2500109-3-hdt,b2b-44867,ft-b6a02,ft-hdt-Dsl,530610537001,-121.31300181346782,48.04698207479564,20041.0,hdt_D_Diesel,b2b--c33-92430
44870,2672117-3-hdt,b2b-44870,ft-4066b,ft-hdt-Dsl,530610537001,-121.31300181346782,48.04698207479564,20046.0,hdt_D_Diesel,b2b--c33-92433
44874,3316745-3-hdt,b2b-44874,ft-c0558,ft-hdt-Dsl,530610537001,-121.31300181346782,48.04698207479564,20061.0,hdt_D_Diesel,b2b--c33-92438
44881,3625003-4-hdt,b2b-44881,ft-c60ff,ft-hdt-Dsl,530610537001,-121.31300181346782,48.04698207479564,20068.0,hdt_D_Diesel,b2b--c33-92446
44883,3633792-1-hdt,b2b-44883,ft-eedfa,ft-hdt-Dsl,530610537001,-121.31300181346782,48.04698207479564,20069.0,hdt_D_Diesel,b2b--c33-92448
44911,5029439-1-hdt,b2b-44911,ft-6c7c0,ft-hdt-Dsl,530530732003,-122.23706641279225,46.78408365659002,410510090003.0,hdt_D_Diesel,b2b--c33-92478
44922,4959665-2-hdt,b2b-44922,ft-bcbbb,ft-hdt-Dsl,530530732003,-122.23706641279225,46.78408365659002,410050239011.0,hdt_D_Diesel,b2b--c33-92489
44926,4961160-1-hdt,b2b-44926,ft-38e07,ft-hdt-Dsl,530530732003,-122.23706641279225,46.78408365659002,410050234041.0,hdt_D_Diesel,b2b--c33-92493
44938,5040473-5-hdt,b2b-44938,ft-dd5e5,ft-hdt-Dsl,530530732003,-122.23706641279225,46.78408365659002,410670320031.0,hdt_D_Diesel,b2b--c33-92505
44966,7192151-1-hdt,b2b-44966,ft-0b27d,ft-hdt-Dsl,530530732003,-122.23706641279225,46.78408365659002,410510072021.0,hdt_D_Diesel,b2b--c33-92553
44986,4976069-4-hdt,b2b-44986,ft-b1de4,ft-hdt-Dsl,530530701001,-121.5437370927352,47.12072649438632,20095.0,hdt_D_Diesel,b2b--c33-92587_2
45004,6410686-3-hdt,b2b-45004,ft-52b43,ft-hdt-Dsl,530610419011,-122.27355530179081,47.895261527648614,530610419011.0,hdt_D_Diesel,b2b--c33-92609
45005,6365521-5-hdt,b2b-45005,ft-7573e,ft-hdt-Dsl,530330019002,-122.32019110701894,47.69128885256578,530330019002.0,hdt_D_Diesel,b2b--c33-92610
45012,6336731-5-hdt,b2b-45012,ft-5b990,ft-hdv-Dsl,530330296013,-122.1654854444795,47.3576589018954,530330296013.0,hdv_D_Diesel,b2b--c33-92617
45038,6331647-1-hdt,b2b-45038,ft-3274c,ft-hdt-Dsl,530330292061,-122.2303896689671,47.401045766377024,530330292061.0,hdt_D_Diesel,b2b--c33-92648
45040,7367265-19-hdt,b2b-45040,ft-f742c,ft-hdv-Dsl,530350811002,-122.6530939681399,47.565540153997645,530350811002.0,hdv_D_Diesel,b2b--c33-92651
45062,6359550-1-hdt,b2b-45062,ft-d56fe,ft-hdt-Dsl,530330019001,-122.32498518332416,47.7007064097056,530330019001.0,hdt_D_Diesel,b2b--c33-92674
45069,6329747-3-hdt,b2b-45069,ft-5fd2c,ft-hdt-Dsl,530330292061,-122.2265078079255,47.42861854014023,530330292061.0,hdt_D_Diesel,b2b--c33-92681
45076,6410864-1-hdt,b2b-45076,ft-5b395,ft-hdt-Dsl,530610419011,-122.27685985369101,47.914216289784925,530610419011.0,hdt_D_Diesel,b2b--c33-92688
45082,7360299-6-hdt,b2b-45082,ft-e57e5,ft-hdt-Dsl,530330308013,-122.22881583323118,47.27823949337624,530330308013.0,hdt_D_Diesel,b2b--c33-92698
45098,7358371-1-hdt,b2b-45098,ft-4ed96,ft-hdt-Dsl,530350920003,-122.90405363848717,47.61764864302332,530090017001.0,hdt_D_Diesel,b2b--c33-92743
45112,6375006-2-hdt,b2b-45112,ft-71cbe,ft-hdt-Dsl,530350909002,-122.51587537591683,47.63223807359521,530350909002.0,hdt_D_Diesel,b2b--c33-92768
45133,6367757-3-hdt,b2b-45133,ft-67114,ft-hdt-Dsl,530330109001,-122.30815492990862,47.53099807074065,530330109001.0,hdt_D_Diesel,b2b--c33-92819
45147,6346102-1-hdt,b2b-45147,ft-f3dfd,ft-hdv-Dsl,530330297003,-122.23133630395344,47.37997100753557,530330297003.0,hdv_D_Diesel,b2b--c33-92840
45155,5026778-3-hdt,b2b-45155,ft-e3ae1,ft-hdt-Dsl,530530732003,-122.23706641279225,46.78408365659002,410510096051.0,hdt_D_Diesel,b2b--c33-92854
45176,6438053-6-hdt,b2b-45176,ft-770aa,ft-hdv-Dsl,530330315021,-121.36938446587672,47.147855247348815,530719200002.0,hdv_D_Diesel,b2b--c33-92894
45181,7359966-36-hdt,b2b-45181,ft-16605,ft-hdt-Dsl,530350920001,-122.92435858189329,47.572507416975284,530270012003.0,hdt_D_Diesel,b2b--c33-92901
45187,7359812-19-hdt,b2b-45187,ft-b17b3,ft-hdt-Dsl,530330328003,-121.10644086665883,47.709472706427675,530250107002.0,hdt_D_Diesel,b2b--c33-92911
45193,6585691-2-hdt,b2b-45193,ft-b1944,ft-hdv-Dsl,530610537001,-121.31300181346782,48.04698207479564,20126.0,hdv_D_Diesel,b2b--c33-92920
45194,6543649-1-hdt,b2b-45194,ft-be11b,ft-hdv-Dsl,530610537001,-121.31300181346782,48.04698207479564,20126.0,hdv_D_Diesel,b2b--c33-92921
45195,6586777-3-hdt,b2b-45195,ft-e2291,ft-hdt-Dsl,530610537001,-121.31300181346782,48.04698207479564,20126.0,hdt_D_Diesel,b2b--c33-92922
45196,6505732-2-hdt,b2b-45196,ft-d4e4d,ft-hdt-Dsl,530610537001,-121.31300181346782,48.04698207479564,20126.0,hdt_D_Diesel,b2b--c33-92923
45199,6558413-2-hdt,b2b-45199,ft-8cd5b,ft-hdt-Dsl,530610537001,-121.31300181346782,48.04698207479564,20127.0,hdt_D_Diesel,b2b--c33-92926
45201,6571345-2-hdt,b2b-45201,ft-0e8cc,ft-hdt-Dsl,530610537001,-121.31300181346782,48.04698207479564,20127.0,hdt_D_Diesel,b2b--c33-92928
45202,6614377-3-hdt,b2b-45202,ft-a7bba,ft-hdt-Dsl,530330328003,-121.10644086665883,47.709472706427675,20128.0,hdt_D_Diesel,b2b--c33-92930
45206,6599706-1-hdt,b2b-45206,ft-1e18f,ft-hdt-Dsl,530330328003,-121.10644086665883,47.709472706427675,20128.0,hdt_D_Diesel,b2b--c33-92938
45217,6613038-2-hdt,b2b-45217,ft-90293,ft-hdv-Dsl,530330328003,-121.10644086665883,47.709472706427675,20128.0,hdv_D_Diesel,b2b--c33-92959
45239,960918-1-hdt,b2b-45239,ft-a97fc,ft-hdt-Dsl,530530732004,-122.26381973027048,46.91888857212184,20012.0,hdt_D_Diesel,b2b--c33-92987
45244,941525-1-hdt,b2b-45244,ft-db0bc,ft-hdv-Dsl,530530732004,-122.26381973027048,46.91888857212184,20014.0,hdv_D_Diesel,b2b--c33-92992
45262,3694705-3-hdt,b2b-45262,ft-59d9d,ft-hdt-Dsl,530530701001,-121.5437370927352,47.12072649438632,20071.0,hdt_D_Diesel,b2b--c33-93012
45281,5015752-2-hdt,b2b-45281,ft-6f3ee,ft-hdt-Dsl,530530732003,-122.23706641279225,46.78408365659002,410510004022.0,hdt_D_Diesel,b2b--c33-93038
45327,6354229-4-hdt,b2b-45327,ft-3e86d,ft-hdt-Dsl,530330099004,-122.34589742884121,47.57128400022624,530330099004.0,hdt_D_Diesel,b2b--c33-93109
45329,6429100-1-hdt,b2b-45329,ft-b8dce,ft-hdv-Dsl,530610537001,-121.31300181346782,48.04698207479564,530630122001.0,hdv_D_Diesel,b2b--c33-93113
45334,6446248-2-hdt,b2b-45334,ft-1df06,ft-hdt-Dsl,530330315021,-121.36938446587672,47.147855247348815,530770001002.0,hdt_D_Diesel,b2b--c33-93122
45337,6640791-1-hdt,b2b-45337,ft-0a2df,ft-hdt-Dsl,530530701001,-121.5437370927352,47.12072649438632,20005.0,hdt_D_Diesel,b2b--c33-93125
45338,4090682-3-hdt,b2b-45338,ft-1b7db,ft-hdt-Dsl,530610537001,-121.31300181346782,48.04698207479564,20079.0,hdt_D_Diesel,b2b--c33-93126
45353,6376338-6-hdt,b2b-45353,ft-ab70e,ft-hdt-Dsl,530350811002,-122.65331514453416,47.56565135755733,530350811002.0,hdt_D_Diesel,b2b--c33-93156
45374,7361891-16-hdt,b2b-45374,ft-a5e62,ft-hdv-Dsl,530330292061,-122.24476005979747,47.397552375178016,530330292061.0,hdv_D_Diesel,b2b--c33-93182
45401,312626-6-hdt,b2b-45401,ft-6c912,ft-hdt-Dsl,530530732004,-122.26381973027048,46.91888857212184,20012.0,hdt_D_Diesel,b2b--c33-93245
45417,5041273-3-hdt,b2b-45417,ft-6bba5,ft-hdt-Dsl,530530730061,-122.34183800719136,46.92931107282429,410670334001.0,hdt_D_Diesel,b2b--c33-93274
45420,4967382-3-hdt,b2b-45420,ft-32270,ft-hdt-Dsl,530530730061,-122.34183800719136,46.92931107282429,410099702005.0,hdt_D_Diesel,b2b--c33-93277
45434,6316161-2-hdt,b2b-45434,ft-4feb4,ft-hdt-Dsl,530330305011,-122.22671574866683,47.33904656717105,530330305011.0,hdt_D_Diesel,b2b--c33-93297
45441,7362511-11-hdt,b2b-45441,ft-7d835,ft-hdt-Dsl,530330320111,-122.0228827412936,47.36910189719495,530330320111.0,hdt_D_Diesel,b2b--c33-93309
45446,7361803-19-hdt,b2b-45446,ft-3476c,ft-hdt-Dsl,530330292061,-122.22600671466729,47.40844696648436,530330292061.0,hdt_D_Diesel,b2b--c33-93319
45452,7369224-21-hdt,b2b-45452,ft-ecf87,ft-hdv-Dsl,530539400022,-122.35897274041128,47.25278630859665,530539400022.0,hdv_D_Diesel,b2b--c33-93343
45453,7369224-21-hdt,b2b-45453,ft-e66aa,ft-hdt-Dsl,530539400022,-122.35897274041128,47.25278630859665,530539400022.0,hdt_D_Diesel,b2b--c33-93336
45459,6329725-2-hdt,b2b-45459,ft-54f46,ft-hdt-Dsl,530330292061,-122.24578916265531,47.40226497134474,530330292061.0,hdt_D_Diesel,b2b--c33-93359
45466,6399289-3-hdt,b2b-45466,ft-10956,ft-hdv-Dsl,530530720002,-122.53011056282544,47.12117414458373,530530720002.0,hdv_D_Diesel,b2b--c33-93375
45493,6330218-2-hdt,b2b-45493,ft-43a6e,ft-hdt-Dsl,530330292061,-122.24455229245186,47.42667846988578,530330292061.0,hdt_D_Diesel,b2b--c33-93426
45496,6346290-4-hdt,b2b-45496,ft-d1fed,ft-hdt-Dsl,530330288012,-122.3150102031091,47.43096333480719,530330288012.0,hdt_D_Diesel,b2b--c33-93429
45522,7361888-16-hdt,b2b-45522,ft-79b33,ft-hdt-Dsl,530330305011,-122.22966721107335,47.34473362659061,530330305011.0,hdt_D_Diesel,b2b--c33-93460
45528,6317085-5-hdt,b2b-45528,ft-2a9b4,ft-hdt-Dsl,530330305011,-122.24178472524747,47.307886322996026,530330305011.0,hdt_D_Diesel,b2b--c33-93468
45531,6331929-5-hdt,b2b-45531,ft-436c0,ft-hdt-Dsl,530330292061,-122.2490980963044,47.42967666404755,530330292061.0,hdt_D_Diesel,b2b--c33-93471
45532,6317877-1-hdt,b2b-45532,ft-16634,ft-hdv-Dsl,530330299012,-122.28362744876341,47.31543902135551,530330299012.0,hdv_D_Diesel,b2b--c33-93472
45556,6340619-1-hdt,b2b-45556,ft-a7326,ft-hdt-Dsl,530330257015,-122.20615260567195,47.46715800157608,530330257015.0,hdt_D_Diesel,b2b--c33-93496
45560,6398999-1-hdt,b2b-45560,ft-13cdb,ft-hdt-Dsl,530530723082,-122.55968284109366,47.2127271818277,530530723082.0,hdt_D_Diesel,b2b--c33-93500
45569,6396384-3-hdt,b2b-45569,ft-18139,ft-hdv-Dsl,530539400022,-122.37015367395627,47.23912427992009,530539400022.0,hdv_D_Diesel,b2b--c33-93510
45584,6390279-3-hdt,b2b-45584,ft-16df3,ft-hdt-Dsl,530530712073,-122.2887832903451,47.158466742257275,530530712073.0,hdt_D_Diesel,b2b--c33-93528
45591,6399559-1-hdt,b2b-45591,ft-d3037,ft-hdt-Dsl,530530718071,-122.49228400273519,47.17264901674107,530530718071.0,hdt_D_Diesel,b2b--c33-93535
45595,6368912-4-hdt,b2b-45595,ft-e7292,ft-hdv-Dsl,530330268013,-122.3538770858992,47.50984844335442,530330268013.0,hdv_D_Diesel,b2b--c33-93549
45608,6355271-2-hdt,b2b-45608,ft-1921f,ft-hdt-Dsl,530330032003,-122.39365965198525,47.66885076397285,530330032003.0,hdt_D_Diesel,b2b--c33-93562
45617,7371582-16-hdt,b2b-45617,ft-976bd,ft-hdt-Dsl,530610521083,-122.11003280178969,47.81441426756796,530610521083.0,hdt_D_Diesel,b2b--c33-93573
45626,6337603-4-hdt,b2b-45626,ft-a7fbb,ft-hdt-Dsl,530330108001,-122.34895283451249,47.55330036631293,530330108001.0,hdt_D_Diesel,b2b--c33-93581
45630,6416382-1-hdt,b2b-45630,ft-44e5a,ft-hdt-Dsl,530610521042,-122.2024131254998,48.01767023277587,530610521042.0,hdt_D_Diesel,b2b--c33-93585
45634,6326464-1-hdt,b2b-45634,ft-26cef,ft-hdt-Dsl,530330324011,-121.98359871141538,47.75821942706346,530330324011.0,hdt_D_Diesel,b2b--c33-93589
45635,6405281-2-hdt,b2b-45635,ft-0995e,ft-hdt-Dsl,530610519253,-122.20122473963404,47.79127356598186,530610519253.0,hdt_D_Diesel,b2b--c33-93590
45639,6416067-1-hdt,b2b-45639,ft-94fff,ft-hdt-Dsl,530610535052,-122.03515814653908,48.11673516648364,530610535052.0,hdt_D_Diesel,b2b--c33-93594
45654,6324116-4-hdt,b2b-45654,ft-06afd,ft-hdv-Dsl,530330237001,-122.16030311983181,47.624433178786276,530330237001.0,hdv_D_Diesel,b2b--c33-93609
45674,6367734-3-hdt,b2b-45674,ft-627ba,ft-hdt-Dsl,530330093003,-122.32601381377228,47.571138483401306,530330093003.0,hdt_D_Diesel,b2b--c33-93629
45687,6341011-1-hdt,b2b-45687,ft-cf195,ft-hdt-Dsl,530330253012,-122.20114740437342,47.518332270703716,530330253012.0,hdt_D_Diesel,b2b--c33-93644
45718,7370808-11-hdt,b2b-45718,ft-9722b,ft-hdt-Dsl,530610413042,-122.27788640878946,47.93850672643978,530610413042.0,hdt_D_Diesel,b2b--c33-93701
45728,6371064-3-hdt,b2b-45728,ft-3c5ad,ft-hdv-Dsl,530330262001,-122.23077244350569,47.46704940279001,530330262001.0,hdv_D_Diesel,b2b--c33-93730
45732,6336731-3-hdt,b2b-45732,ft-8ac1c,ft-hdv-Dsl,530330296013,-122.1654854444795,47.3576589018954,530330296013.0,hdv_D_Diesel,b2b--c33-93740
45746,6368899-8-hdt,b2b-45746,ft-2fa8c,ft-hdt-Dsl,530330268013,-122.35379453349886,47.50966930765248,530330268013.0,hdt_D_Diesel,b2b--c33-93768
45750,6331541-1-hdt,b2b-45750,ft-b553c,ft-hdt-Dsl,530330292061,-122.23782023122354,47.39520843808779,530330292061.0,hdt_D_Diesel,b2b--c33-93771
45761,6330220-3-hdt,b2b-45761,ft-67e34,ft-hdt-Dsl,530330292061,-122.2254177131015,47.40855402563167,530330292061.0,hdt_D_Diesel,b2b--c33-93787
45762,6407889-1-hdt,b2b-45762,ft-0e1fc,ft-hdv-Dsl,530610509003,-122.34420351781723,47.78211528548422,530610509003.0,hdv_D_Diesel,b2b--c33-93789
45765,7361108-25-hdt,b2b-45765,ft-8e83b,ft-hdt-Dsl,530330237001,-122.16721631684192,47.62586460308248,530330237001.0,hdt_D_Diesel,b2b--c33-93809
45767,7361108-25-hdt,b2b-45767,ft-8497d,ft-hdt-Dsl,530330237001,-122.16721631684192,47.62586460308248,530330237001.0,hdt_D_Diesel,b2b--c33-93792
45777,7361951-1-hdt,b2b-45777,ft-d7289,ft-hdt-Dsl,530330292061,-122.22446575655314,47.419646524413956,530330292061.0,hdt_D_Diesel,b2b--c33-93812
45781,6330610-2-hdt,b2b-45781,ft-ce03c,ft-hdv-Dsl,530330292061,-122.22412822949711,47.41780819208158,530330292061.0,hdv_D_Diesel,b2b--c33-93821
45785,6404481-1-hdt,b2b-45785,ft-fe922,ft-hdv-Dsl,530610533023,-122.32486196328234,48.28871117633043,530579516003.0,hdv_D_Diesel,b2b--c33-93826
45799,6382780-2-hdt,b2b-45799,ft-eb91c,ft-hdt-Dsl,530530730061,-122.34183800719136,46.92931107282429,530419712002.0,hdt_D_Diesel,b2b--c33-93840
45859,6377818-4-hdt,b2b-45859,ft-3e00f,ft-hdt-Dsl,530350928011,-122.63035031293144,47.49402316074253,530350928011.0,hdt_D_Diesel,b2b--c33-93907
45861,6391424-1-hdt,b2b-45861,ft-bf2ab,ft-hdt-Dsl,530530733013,-122.24854888263829,47.242971592193676,530530733013.0,hdt_D_Diesel,b2b--c33-93910
45871,6330914-5-hdt,b2b-45871,ft-f504d,ft-hdt-Dsl,530330292061,-122.24568951889198,47.40138122017846,530330292061.0,hdt_D_Diesel,b2b--c33-93926
45882,6390812-3-hdt,b2b-45882,ft-06f44,ft-hdt-Dsl,530530731081,-122.34630481280122,47.09657697859867,530530731081.0,hdt_D_Diesel,b2b--c33-93950
45883,7368259-16-hdt,b2b-45883,ft-024ea,ft-hdt-Dsl,530539400101,-122.33667057948605,47.21894594792787,530539400101.0,hdt_D_Diesel,b2b--c33-93951
45890,6346827-1-hdt,b2b-45890,ft-1c3fd,ft-hdt-Dsl,530330081002,-122.33371732926577,47.60749163440645,530330081002.0,hdt_D_Diesel,b2b--c33-93968
45920,7361995-26-hdt,b2b-45920,ft-56e46,ft-hdt-Dsl,530330292061,-122.23115652584403,47.42161729811453,530330292061.0,hdt_D_Diesel,b2b--c33-94063
45950,7367024-1-hdt,b2b-45950,ft-31120,ft-hdt-Dsl,530330288012,-122.31897482130626,47.42654530468536,530330288012.0,hdt_D_Diesel,b2b--c33-94111
45960,6330225-2-hdt,b2b-45960,ft-0a21a,ft-hdt-Dsl,530330292061,-122.24450673644944,47.424940854316034,530330292061.0,hdt_D_Diesel,b2b--c33-94138
45965,6327456-3-hdt,b2b-45965,ft-a1b0c,ft-hdt-Dsl,530330303042,-122.31912372684778,47.28758462923366,530330303042.0,hdt_D_Diesel,b2b--c33-94143
45967,6336728-4-hdt,b2b-45967,ft-19110,ft-hdt-Dsl,530330295022,-122.17987410319688,47.37242682524222,530330295022.0,hdt_D_Diesel,b2b--c33-94146
45971,6326786-2-hdt,b2b-45971,ft-8e2fd,ft-hdt-Dsl,530330312024,-122.0207508177702,47.242621471015866,530330312024.0,hdt_D_Diesel,b2b--c33-94158
45989,6340795-1-hdt,b2b-45989,ft-7ec5c,ft-hdt-Dsl,530330256011,-122.16260249788766,47.48839247051888,530330256011.0,hdt_D_Diesel,b2b--c33-94195
46003,6368901-2-hdt,b2b-46003,ft-c746d,ft-hdt-Dsl,530330265002,-122.35116619560581,47.51392333720764,530330265002.0,hdt_D_Diesel,b2b--c33-94232
46008,6329716-1-hdt,b2b-46008,ft-9a6b3,ft-hdt-Dsl,530330292061,-122.22099119527402,47.43206103208218,530330292061.0,hdt_D_Diesel,b2b--c33-94249
46023,6317891-2-hdt,b2b-46023,ft-b9857,ft-hdt-Dsl,530330303131,-122.3096528220909,47.312099212706734,530330303131.0,hdt_D_Diesel,b2b--c33-94272
46033,6392298-2-hdt,b2b-46033,ft-97901,ft-hdv-Dsl,530530704012,-122.23502095082436,47.15064425896946,530530704012.0,hdv_D_Diesel,b2b--c33-94298
46038,6330010-7-hdt,b2b-46038,ft-0e82b,ft-hdv-Dsl,530330292061,-122.24411542829525,47.420589532345765,530330292061.0,hdv_D_Diesel,b2b--c33-94312
46041,7368550-1-hdt,b2b-46041,ft-03f2b,ft-hdt-Dsl,530539400101,-122.32063107153414,47.21194006495005,530539400101.0,hdt_D_Diesel,b2b--c33-94338
46065,7361953-41-hdt,b2b-46065,ft-12128,ft-hdt-Dsl,530330292061,-122.22834520138616,47.42187038261192,530330292061.0,hdt_D_Diesel,b2b--c33-94414
46074,6335170-5-hdt,b2b-46074,ft-a1e4c,ft-hdv-Dsl,530330316042,-122.021500366201,47.36136181964468,530330316042.0,hdv_D_Diesel,b2b--c33-94435
46083,6378737-1-hdt,b2b-46083,ft-bf9fe,ft-hdt-Dsl,530350918001,-122.62865993141635,47.617091047545046,530350918001.0,hdt_D_Diesel,b2b--c33-94454
46139,7369579-26-hdt,b2b-46139,ft-8c8fd,ft-hdt-Dsl,530530718071,-122.49197255683097,47.17282095273845,530530718071.0,hdt_D_Diesel,b2b--c33-94540
46142,6329726-1-hdt,b2b-46142,ft-431ee,ft-hdt-Dsl,530330292061,-122.25258722653335,47.4159809172717,530330292061.0,hdt_D_Diesel,b2b--c33-94548
46143,6329726-1-hdt,b2b-46143,ft-e3a48,ft-hdt-Dsl,530330292061,-122.25258722653335,47.4159809172717,530330292061.0,hdt_D_Diesel,b2b--c33-94547
46146,6371364-2-hdt,b2b-46146,ft-e32d6,ft-hdt-Dsl,530330262001,-122.25044123428599,47.44962352055037,530330262001.0,hdt_D_Diesel,b2b--c33-94551
46151,6341009-1-hdt,b2b-46151,ft-14f14,ft-hdt-Dsl,530330256011,-122.1583041158844,47.48866470865708,530330256011.0,hdt_D_Diesel,b2b--c33-94558
46166,6386523-3-hdt,b2b-46166,ft-ad13b,ft-hdt-Dsl,530539400101,-122.30890508651055,47.21471729892524,530539400101.0,hdt_D_Diesel,b2b--c33-94599
46167,6398262-5-hdt,b2b-46167,ft-b1a4d,ft-hdt-Dsl,530530711001,-122.37823558327501,47.1734992008508,530530711001.0,hdt_D_Diesel,b2b--c33-94603
46177,6312811-1-hdt,b2b-46177,ft-4f609,ft-hdt-Dsl,530350920001,-122.92435858189329,47.572507416975284,530270014001.0,hdt_D_Diesel,b2b--c33-94618
46180,6403233-8-hdt,b2b-46180,ft-0c171,ft-hdt-Dsl,530610533014,-122.37093627404924,48.2483017317002,530579519001.0,hdt_D_Diesel,b2b--c33-94621
46181,6443944-1-hdt,b2b-46181,ft-47be8,ft-hdt-Dsl,530610533014,-122.37093627404924,48.2483017317002,530730002001.0,hdt_D_Diesel,b2b--c33-94622
46209,7374250-61-hdt,b2b-46209,ft-17ca2,ft-hdv-Dsl,530610533021,-122.23684520936622,48.26553620314338,530730102001.0,hdv_D_Diesel,b2b--c33-94677
46213,7374250-61-hdt,b2b-46213,ft-d6e70,ft-hdt-Dsl,530610533021,-122.23684520936622,48.26553620314338,530730102001.0,hdt_D_Diesel,b2b--c33-94681
46228,7374297-16-hdt,b2b-46228,ft-39e8e,ft-hdv-Dsl,530610533014,-122.37093627404924,48.2483017317002,530730103021.0,hdv_D_Diesel,b2b--c33-94717
46232,7374158-16-hdt,b2b-46232,ft-f57df,ft-hdt-Dsl,530610533014,-122.37093627404924,48.2483017317002,530730104012.0,hdt_D_Diesel,b2b--c33-94723
46245,8395984-1-hdt,b2b-46245,ft-cb48d,ft-hdt-Dsl,530330315021,-121.36938446587672,47.147855247348815,530770016022.0,hdt_D_Diesel,b2b--c33-94771
46249,8395984-1-hdt,b2b-46249,ft-d2828,ft-hdt-Dsl,530330315021,-121.36938446587672,47.147855247348815,530770016022.0,hdt_D_Diesel,b2b--c33-94775
46250,7370943-1-hdt,b2b-46250,ft-b931a,ft-hdv-Dsl,530610419032,-122.26992885979202,47.92022100789097,530610419032.0,hdv_D_Diesel,b2b--c33-94786
46255,6443331-2-hdt,b2b-46255,ft-d218f,ft-hdv-Dsl,530610534001,-122.174775998106,48.271850830473014,530730102002.0,hdv_D_Diesel,b2b--c33-94791
46257,7371556-6-hdt,b2b-46257,ft-5ca3f,ft-hdt-Dsl,530610533012,-122.33344015201193,48.26864231894757,530610533012.0,hdt_D_Diesel,b2b--c33-94797
46265,6442999-4-hdt,b2b-46265,ft-85dde,ft-hdt-Dsl,530610533014,-122.37093627404924,48.2483017317002,530730104011.0,hdt_D_Diesel,b2b--c33-94807
46274,6442999-1-hdt,b2b-46274,ft-17583,ft-hdt-Dsl,530610533014,-122.37093627404924,48.2483017317002,530730104011.0,hdt_D_Diesel,b2b--c33-94823
46282,6442125-1-hdt,b2b-46282,ft-97cd6,ft-hdt-Dsl,530610533014,-122.37093627404924,48.2483017317002,530730002002.0,hdt_D_Diesel,b2b--c33-94836
46285,6444412-2-hdt,b2b-46285,ft-7597b,ft-hdt-Dsl,530610533014,-122.37093627404924,48.2483017317002,530730103011.0,hdt_D_Diesel,b2b--c33-94840
46287,6443979-2-hdt,b2b-46287,ft-fba1d,ft-hdt-Dsl,530610533014,-122.37093627404924,48.2483017317002,530730002001.0,hdt_D_Diesel,b2b--c33-94845
46295,6444812-2-hdt,b2b-46295,ft-575c2,ft-hdv-Dsl,530610533021,-122.23684520936622,48.26553620314338,530730102001.0,hdv_D_Diesel,b2b--c33-94869
46312,6432322-4-hdt,b2b-46312,ft-63f60,ft-hdv-Dsl,530610537001,-121.31300181346782,48.04698207479564,530659501002.0,hdv_D_Diesel,b2b--c33-94895
46324,4966691-1-hdt,b2b-46324,ft-c6dde,ft-hdt-Dsl,530530730061,-122.34183800719136,46.92931107282429,410099703001.0,hdt_D_Diesel,b2b--c33-94917
46329,4966555-1-hdt,b2b-46329,ft-3c6b8,ft-hdt-Dsl,530530730061,-122.34183800719136,46.92931107282429,410099703001.0,hdt_D_Diesel,b2b--c33-94924
46346,6305282-5-hdt,b2b-46346,ft-6c56f,ft-hdt-Dsl,530530732003,-122.23706641279225,46.78408365659002,530110413274.0,hdt_D_Diesel,b2b--c33-94950
46356,5010139-3-hdt,b2b-46356,ft-bbb74,ft-hdt-Dsl,530530732003,-122.23706641279225,46.78408365659002,410510099073.0,hdt_D_Diesel,b2b--c33-94963
46382,6302409-1-hdt,b2b-46382,ft-73fbb,ft-hdt-Dsl,530530732003,-122.23706641279225,46.78408365659002,530110410052.0,hdt_D_Diesel,b2b--c33-95008
46400,6299088-3-hdt,b2b-46400,ft-33cb8,ft-hdt-Dsl,530530732003,-122.23706641279225,46.78408365659002,530110424001.0,hdt_D_Diesel,b2b--c33-95037
46410,8371059-16-hdt,b2b-46410,ft-38f41,ft-hdv-Dsl,530530732003,-122.23706641279225,46.78408365659002,410510073001.0,hdv_D_Diesel,b2b--c33-95060
46416,7192160-16-hdt,b2b-46416,ft-cf1e2,ft-hdt-Dsl,530530732003,-122.23706641279225,46.78408365659002,410510072021.0,hdt_D_Diesel,b2b--c33-95070
46418,7192159-1-hdt,b2b-46418,ft-73fe8,ft-hdt-Dsl,530530732003,-122.23706641279225,46.78408365659002,410510072021.0,hdt_D_Diesel,b2b--c33-95073
46422,6308189-5-hdt,b2b-46422,ft-774fd,ft-hdv-Dsl,530530732003,-122.23706641279225,46.78408365659002,530150015025.0,hdv_D_Diesel,b2b--c33-95082
46426,8371058-31-hdt,b2b-46426,ft-2f766,ft-hdt-Dsl,530530732003,-122.23706641279225,46.78408365659002,410510072021.0,hdt_D_Diesel,b2b--c33-95087
46429,4965069-1-hdt,b2b-46429,ft-8dd1b,ft-hdt-Dsl,530530732003,-122.23706641279225,46.78408365659002,410050215002.0,hdt_D_Diesel,b2b--c33-95093
46434,7194076-5-hdt,b2b-46434,ft-913c0,ft-hdt-Dsl,530530732003,-122.23706641279225,46.78408365659002,410510073001.0,hdt_D_Diesel,b2b--c33-95098
46464,7193544-21-hdt,b2b-46464,ft-084a1,ft-hdt-Dsl,530530732003,-122.23706641279225,46.78408365659002,410510072021.0,hdt_D_Diesel,b2b--c33-95144
46469,6299820-1-hdt,b2b-46469,ft-531c9,ft-hdt-Dsl,530530732003,-122.23706641279225,46.78408365659002,530110426003.0,hdt_D_Diesel,b2b--c33-95150
46473,5018504-1-hdt,b2b-46473,ft-41d00,ft-hdt-Dsl,530530732003,-122.23706641279225,46.78408365659002,410510072021.0,hdt_D_Diesel,b2b--c33-95154
46477,6330609-1-hdt,b2b-46477,ft-a9ddc,ft-hdt-Dsl,530330292031,-122.23136798900876,47.396103185499236,530330292031.0,hdt_D_Diesel,b2b--c33-95163
46484,6392378-1-hdt,b2b-46484,ft-dd8bc,ft-hdt-Dsl,530530703151,-122.18250345416891,47.24950919944867,530530703151.0,hdt_D_Diesel,b2b--c33-95182
46512,6329726-3-hdt,b2b-46512,ft-2d789,ft-hdt-Dsl,530330292061,-122.25258722653335,47.4159809172717,530330292061.0,hdt_D_Diesel,b2b--c33-95254
46527,7361953-31-hdt,b2b-46527,ft-6013,ft-hdt-Dsl,530330292061,-122.22834520138616,47.42187038261192,530330292061.0,hdt_D_Diesel,b2b--c33-95300
46541,6317883-2-hdt,b2b-46541,ft-afa15,ft-hdt-Dsl,530330304011,-122.28084617709388,47.31415239349868,530330304011.0,hdt_D_Diesel,b2b--c33-95352
46561,6356428-5-hdt,b2b-46561,ft-34983,ft-hdt-Dsl,530330112001,-122.32290533621732,47.51944192466781,530330112001.0,hdt_D_Diesel,b2b--c33-95408
46588,6378673-4-hdt,b2b-46588,ft-b0839,ft-hdt-Dsl,530350905012,-122.64664789317187,47.73570630399691,530350905012.0,hdt_D_Diesel,b2b--c33-95484
46589,6346827-4-hdt,b2b-46589,ft-d78b6,ft-hdt-Dsl,530330081002,-122.33371732926577,47.60749163440645,530330081002.0,hdt_D_Diesel,b2b--c33-95489
46607,6393426-1-hdt,b2b-46607,ft-e913d,ft-hdt-Dsl,530530607003,-122.46925448778096,47.25947335525378,530530607003.0,hdt_D_Diesel,b2b--c33-95541
46616,6346036-5-hdt,b2b-46616,ft-a08a1,ft-hdv-Dsl,530330297003,-122.24408084376195,47.37432726044724,530330297003.0,hdv_D_Diesel,b2b--c33-95565
46619,6346032-5-hdt,b2b-46619,ft-e4f8b,ft-hdt-Dsl,530330297002,-122.2307944305014,47.3763632484104,530330297002.0,hdt_D_Diesel,b2b--c33-95580
46623,6317228-4-hdt,b2b-46623,ft-fc241,ft-hdt-Dsl,530330305011,-122.23205317927072,47.33684009784192,530330305011.0,hdt_D_Diesel,b2b--c33-95587
46632,6327452-4-hdt,b2b-46632,ft-a03fc,ft-hdt-Dsl,530330303112,-122.36115730225592,47.30172014844603,530330303112.0,hdt_D_Diesel,b2b--c33-95620
46633,6378179-2-hdt,b2b-46633,ft-75e40,ft-hdt-Dsl,530350902022,-122.6129231648009,47.76724542885732,530350902022.0,hdt_D_Diesel,b2b--c33-95622
46641,6331537-1-hdt,b2b-46641,ft-73f74,ft-hdt-Dsl,530330305011,-122.23060230612586,47.33994350922026,530330305011.0,hdt_D_Diesel,b2b--c33-95638
46648,6376903-6-hdt,b2b-46648,ft-8b1de,ft-hdt-Dsl,530350811002,-122.65326608861828,47.565120246825,530350811002.0,hdt_D_Diesel,b2b--c33-95656
46654,6355122-4-hdt,b2b-46654,ft-c9852,ft-hdt-Dsl,530330048003,-122.36453128754522,47.659015105837945,530330048003.0,hdt_D_Diesel,b2b--c33-95682
46685,7366364-1-hdt,b2b-46685,ft-019fd,ft-hdt-Dsl,530330093003,-122.33231170637092,47.56852810250407,530330093003.0,hdt_D_Diesel,b2b--c33-95771
46706,6354386-4-hdt,b2b-46706,ft-b6f99,ft-hdt-Dsl,530330112001,-122.3301282098549,47.526598028459944,530330112001.0,hdt_D_Diesel,b2b--c33-95821
46708,6396380-1-hdt,b2b-46708,ft-39feb,ft-hdt-Dsl,530530602001,-122.36948226236073,47.25422929632003,530530602001.0,hdt_D_Diesel,b2b--c33-95824
46709,7369145-6-hdt,b2b-46709,ft-1af58,ft-hdt-Dsl,530539400022,-122.3969715048256,47.243236011784234,530539400022.0,hdt_D_Diesel,b2b--c33-95828
46713,6410608-6-hdt,b2b-46713,ft-10458,ft-hdt-Dsl,530610419012,-122.26140096071101,47.88625725214673,530610419012.0,hdt_D_Diesel,b2b--c33-95836
46722,6316741-7-hdt,b2b-46722,ft-868b6,ft-hdv-Dsl,530330305011,-122.2264733355575,47.33640573715271,530330305011.0,hdv_D_Diesel,b2b--c33-95852
46732,6373722-3-hdt,b2b-46732,ft-96769,ft-hdt-Dsl,530330288024,-122.29373095087315,47.422517011619234,530330288024.0,hdt_D_Diesel,b2b--c33-95870
46735,6341011-9-hdt,b2b-46735,ft-4a97a,ft-hdt-Dsl,530330253012,-122.20114740437342,47.518332270703716,530330253012.0,hdt_D_Diesel,b2b--c33-95875
46745,6337624-3-hdt,b2b-46745,ft-ec594,ft-hdt-Dsl,530330304011,-122.30448932146045,47.294323421843934,530330304011.0,hdt_D_Diesel,b2b--c33-95892
46775,6317885-2-hdt,b2b-46775,ft-209b9,ft-hdt-Dsl,530330299012,-122.28384664780911,47.31565327311119,530330299012.0,hdt_D_Diesel,b2b--c33-95960
46782,6377809-3-hdt,b2b-46782,ft-030f9,ft-hdt-Dsl,530350928011,-122.6314950802305,47.503047534472664,530350928011.0,hdt_D_Diesel,b2b--c33-95982
46783,6372883-3-hdt,b2b-46783,ft-0c7d3,ft-hdt-Dsl,530330284024,-122.29818834929692,47.44399277546498,530330284024.0,hdt_D_Diesel,b2b--c33-95985
46785,6317879-3-hdt,b2b-46785,ft-e6eb1,ft-hdt-Dsl,530330303132,-122.32580016693132,47.30057039165372,530330303132.0,hdt_D_Diesel,b2b--c33-95988
46787,6391517-5-hdt,b2b-46787,ft-b9ce7,ft-hdt-Dsl,530530733013,-122.24887778198229,47.25014657289141,530530733013.0,hdt_D_Diesel,b2b--c33-95991
46796,6373404-3-hdt,b2b-46796,ft-dd5a8,ft-hdt-Dsl,530330288021,-122.2949901487245,47.42746662817579,530330288021.0,hdt_D_Diesel,b2b--c33-96007
46804,7369144-6-hdt,b2b-46804,ft-1c871,ft-hdt-Dsl,530530602001,-122.41528801040086,47.24832819827986,530530602001.0,hdt_D_Diesel,b2b--c33-96016
46838,7361806-13-hdt,b2b-46838,ft-b576b,ft-hdt-Dsl,530330292061,-122.24465895656691,47.42648528440445,530330292061.0,hdt_D_Diesel,b2b--c33-96088
46842,6386637-3-hdt,b2b-46842,ft-d8b1f,ft-hdv-Dsl,530530725041,-122.6167509329481,47.36156337698664,530530725041.0,hdv_D_Diesel,b2b--c33-96091
46853,7360251-1-hdt,b2b-46853,ft-67fe3,ft-hdt-Dsl,530330308011,-122.25027559284608,47.294574176820156,530330308011.0,hdt_D_Diesel,b2b--c33-96103
46880,6317890-3-hdt,b2b-46880,ft-49cf6,ft-hdt-Dsl,530330304012,-122.25902277550426,47.29104245112462,530330304012.0,hdt_D_Diesel,b2b--c33-96170
46885,6383384-2-hdt,b2b-46885,ft-02bf7,ft-hdt-Dsl,530350920002,-122.74831248097227,47.56046340746915,530459604001.0,hdt_D_Diesel,b2b--c33-96178
46890,6368899-3-hdt,b2b-46890,ft-7c2d9,ft-hdt-Dsl,530330268013,-122.35379453349886,47.50966930765248,530330268013.0,hdt_D_Diesel,b2b--c33-96187
46892,6408578-1-hdt,b2b-46892,ft-b9a56,ft-hdt-Dsl,530610514005,-122.30050424218678,47.81776759394246,530610514005.0,hdt_D_Diesel,b2b--c33-96188
46896,6327454-6-hdt,b2b-46896,ft-fd518,ft-hdt-Dsl,530330303092,-122.32906241861268,47.29861314313712,530330303092.0,hdt_D_Diesel,b2b--c33-96198
46897,6327454-6-hdt,b2b-46897,ft-3704b,ft-hdt-Dsl,530330303092,-122.32906241861268,47.29861314313712,530330303092.0,hdt_D_Diesel,b2b--c33-96199
46898,6331321-1-hdt,b2b-46898,ft-1fe81,ft-hdt-Dsl,530330292061,-122.22483449006525,47.41550999576372,530330292061.0,hdt_D_Diesel,b2b--c33-96200
46917,6375163-1-hdt,b2b-46917,ft-2baf0,ft-hdv-Dsl,530350908002,-122.54692294339222,47.67958433118653,530350908002.0,hdv_D_Diesel,b2b--c33-96244
46918,7369175-11-hdt,b2b-46918,ft-2a415,ft-hdt-Dsl,530539400022,-122.38277270721338,47.24313470998042,530539400022.0,hdt_D_Diesel,b2b--c33-96245
46928,6396749-2-hdt,b2b-46928,ft-9c923,ft-hdt-Dsl,530539400021,-122.3528608883131,47.24659482575504,530539400021.0,hdt_D_Diesel,b2b--c33-96263
46931,6317225-1-hdt,b2b-46931,ft-dba5d,ft-hdt-Dsl,530330305011,-122.2358921608562,47.3040368462477,530330305011.0,hdt_D_Diesel,b2b--c33-96266
46934,6341011-8-hdt,b2b-46934,ft-3b1a1,ft-hdv-Dsl,530330253012,-122.20114740437342,47.518332270703716,530330253012.0,hdv_D_Diesel,b2b--c33-96271
46938,6414289-4-hdt,b2b-46938,ft-99cbc,ft-hdt-Dsl,530610418052,-122.21891210041996,47.91124804041773,530610418052.0,hdt_D_Diesel,b2b--c33-96278
46951,7360521-16-hdt,b2b-46951,ft-9d583,ft-hdt-Dsl,530330303132,-122.30670863132192,47.29631922682546,530330303132.0,hdt_D_Diesel,b2b--c33-96293
46957,7360521-16-hdt,b2b-46957,ft-ba594,ft-hdt-Dsl,530330303132,-122.30670863132192,47.29631922682546,530330303132.0,hdt_D_Diesel,b2b--c33-96299
46963,7360521-16-hdt,b2b-46963,ft-193a5,ft-hdv-Dsl,530330303132,-122.30670863132192,47.29631922682546,530330303132.0,hdv_D_Diesel,b2b--c33-96328
46979,6316160-2-hdt,b2b-46979,ft-1b8b6,ft-hdt-Dsl,530330305011,-122.24889711467016,47.33412887037523,530330305011.0,hdt_D_Diesel,b2b--c33-96357
47012,6327457-1-hdt,b2b-47012,ft-9e973,ft-hdv-Dsl,530330303042,-122.32825641875053,47.27427170975844,530330303042.0,hdv_D_Diesel,b2b--c33-96424
47018,7361806-1-hdt,b2b-47018,ft-d3e3b,ft-hdv-Dsl,530330292061,-122.24465895656691,47.42648528440445,530330292061.0,hdv_D_Diesel,b2b--c33-96445
47065,7192587-13-hdt,b2b-47065,ft-16f47,ft-hdt-Dsl,530530732003,-122.23706641279225,46.78408365659002,410510007023.0,hdt_D_Diesel,b2b--c33-96526
47124,6400311-1-mdv,b2b-47124,ft-ab078,ft-mdv-Gas,530530718071,-122.48392302371819,47.17334517011943,530530718071.0,mdv_G_Gasoline,b2b--c53-32
47139,7368987-1-mdv,b2b-47139,ft-6763b,ft-mdv-Dsl,530530626001,-122.4526171546245,47.23114543179861,530530626001.0,mdv_D_Diesel,b2b--c53-76
47160,6386001-1-mdv,b2b-47160,ft-7a072,ft-mdv-Dsl,530530702071,-122.05346765272617,47.15950600976755,530530702071.0,mdv_D_Diesel,b2b--c53-130
47184,6398114-1-hdt,b2b-47184,ft-d12e6,ft-hdt-Dsl,530530713051,-122.39965239804651,47.14747125491113,530530713051.0,hdt_D_Diesel,b2b--c53-197
47188,6398114-1-hdt,b2b-47188,ft-cbabf,ft-hdt-Dsl,530530713051,-122.39965239804651,47.14747125491113,530530713051.0,hdt_D_Diesel,b2b--c53-201
47206,6398114-2-hdv,b2b-47206,ft-8087a,ft-hdv-Dsl,530530713051,-122.39965239804651,47.14747125491113,530530713051.0,hdv_D_Diesel,b2b--c53-332
47207,6398114-2-hdv,b2b-47207,ft-9a703,ft-hdv-Dsl,530530713051,-122.39965239804651,47.14747125491113,530530713051.0,hdv_D_Diesel,b2b--c53-333
47216,6398114-5-mdv,b2b-47216,ft-3df2e,ft-mdv-Gas,530530713051,-122.39965239804651,47.14747125491113,530530713051.0,mdv_G_Gasoline,b2b--c53-481
47218,6398114-5-mdv,b2b-47218,ft-b366f,ft-mdv-Gas,530530713051,-122.39965239804651,47.14747125491113,530530713051.0,mdv_G_Gasoline,b2b--c53-483
47219,6398114-5-mdv,b2b-47219,ft-17558,ft-mdv-Gas,530530713051,-122.39965239804651,47.14747125491113,530530713051.0,mdv_G_Gasoline,b2b--c53-484
47228,6433892-2-hdv,b2b-47228,ft-21046,ft-hdv-Dsl,530530726032,-122.77382693312865,47.188210163000925,530670105101.0,hdv_D_Diesel,b2b--c53-528
47233,6381432-2-hdv,b2b-47233,ft-8ea23,ft-hdv-Dsl,530530729061,-122.5544249277511,47.049137874735855,530419708004.0,hdv_D_Diesel,b2b--c53-540
47235,6381432-1-hdt,b2b-47235,ft-3a25d,ft-hdt-Dsl,530530729061,-122.5544249277511,47.049137874735855,530419708004.0,hdt_D_Diesel,b2b--c53-548
47246,6386764-5-mdv,b2b-47246,ft-57510,ft-mdv-Dsl,530530725053,-122.62352257686378,47.37785476114102,530530725053.0,mdv_D_Diesel,b2b--c53-616
47249,6386764-5-mdv,b2b-47249,ft-a4d82,ft-mdv-Dsl,530530725053,-122.62352257686378,47.37785476114102,530530725053.0,mdv_D_Diesel,b2b--c53-619
47251,6386764-5-ld1,b2b-47251,ft-8258d,ft-ld1-Dsl,530530725053,-122.62352257686378,47.37785476114102,530530725053.0,ld1_D_Diesel,b2b--c53-689
47255,6386764-2-hdv,b2b-47255,ft-5550e,ft-hdv-Dsl,530530725053,-122.62352257686378,47.37785476114102,530530725053.0,hdv_D_Diesel,b2b--c53-763
47260,6386764-2-hdv,b2b-47260,ft-483ec,ft-hdv-Dsl,530530725053,-122.62352257686378,47.37785476114102,530530725053.0,hdv_D_Diesel,b2b--c53-816
47296,6386556-1-hdt,b2b-47296,ft-4cb7a,ft-hdv-Dsl,530530725071,-122.59693971136667,47.34280007336207,530530725071.0,hdv_D_Diesel,b2b--c53-1102
47321,7455521-3-mdv,b2b-47321,ft-adcb0,ft-mdv-Dsl,530530732003,-122.23706641279225,46.78408365659002,530110406082.0,mdv_D_Diesel,b2b--c53-1191
47343,7455509-1-mdv,b2b-47343,ft-0b901,ft-mdv-Dsl,530530732003,-122.23706641279225,46.78408365659002,530110413311.0,mdv_D_Diesel,b2b--c53-1276
47361,8417427-1-mdv,b2b-47361,ft-d504d,ft-mdv-Dsl,530530731082,-122.34726930695813,47.096252384087684,530530731082.0,mdv_D_Diesel,b2b--c53-1323
47367,8417425-1-mdv,b2b-47367,ft-8334d,ft-mdv-Dsl,530530602001,-122.40839696681282,47.27981746928306,530530602001.0,mdv_D_Diesel,b2b--c53-1342
47370,6399846-1-hdt,b2b-47370,ft-520ae,ft-hdt-Dsl,530530717041,-122.4718137894229,47.16109468117467,530530717041.0,hdt_D_Diesel,b2b--c53-1348
47376,7369595-1-hdt,b2b-47376,ft-2845b,ft-hdt-Dsl,530530718071,-122.49210851233067,47.172318203591864,530530718071.0,hdt_D_Diesel,b2b--c53-1366
47381,7369182-1-mdv,b2b-47381,ft-88ea6,ft-mdv-Dsl,530530602001,-122.39902978742688,47.2435130363375,530530602001.0,mdv_D_Diesel,b2b--c53-1384
47382,7369182-1-mdv,b2b-47382,ft-d631b,ft-mdv-Dsl,530530602001,-122.39902978742688,47.2435130363375,530530602001.0,mdv_D_Diesel,b2b--c53-1389
47393,5042361-3-mdv,b2b-47393,ft-9ed14,ft-mdv-Dsl,530530732003,-122.23706641279225,46.78408365659002,410670330003.0,mdv_D_Diesel,b2b--c53-1429
47402,6386810-1-mdv,b2b-47402,ft-8aa3d,ft-mdv-Gas,530530725071,-122.60345620549964,47.33921326535917,530530725071.0,mdv_G_Gasoline,b2b--c53-1444
47419,6307760-1-ld1,b2b-47419,ft-10ce5,ft-ld1-Gas,530530730061,-122.34183800719136,46.92931107282429,530150003001.0,ld1_G_Gasoline,b2b--c53-1532
47451,6399506-1-mdv,b2b-47451,ft-10673,ft-mdv-Dsl,530530718071,-122.49621091271507,47.176385902110056,530530718071.0,mdv_D_Diesel,b2b--c53-1616
47463,6399068-1-mdv,b2b-47463,ft-e83ee,ft-mdv-Dsl,530530723103,-122.55182321676793,47.22093802167425,530530723103.0,mdv_D_Diesel,b2b--c53-1663
47475,6394708-1-mdv,b2b-47475,ft-8931b,ft-mdv-Gas,530530605002,-122.4718691464421,47.267385334637275,530530605002.0,mdv_G_Gasoline,b2b--c53-1715
47479,6383854-1-mdv,b2b-47479,ft-d3459,ft-mdv-Dsl,530530726023,-122.81375781184049,47.26489576985024,530459611003.0,mdv_D_Diesel,b2b--c53-1734
47489,6387856-1-mdv,b2b-47489,ft-49603,ft-mdv-Gas,530530724071,-122.58227353958455,47.3120179425705,530530724071.0,mdv_G_Gasoline,b2b--c53-1766
47490,6387856-1-mdv,b2b-47490,ft-43100,ft-mdv-Gas,530530724071,-122.58227353958455,47.3120179425705,530530724071.0,mdv_G_Gasoline,b2b--c53-1767
47491,6387856-1-mdv,b2b-47491,ft-3acae,ft-mdv-Gas,530530724071,-122.58227353958455,47.3120179425705,530530724071.0,mdv_G_Gasoline,b2b--c53-1768
47493,6387856-1-mdv,b2b-47493,ft-c08db,ft-mdv-Gas,530530724071,-122.58227353958455,47.3120179425705,530530724071.0,mdv_G_Gasoline,b2b--c53-1802
47494,6387856-1-mdv,b2b-47494,ft-2f1c7,ft-mdv-Gas,530530724071,-122.58227353958455,47.3120179425705,530530724071.0,mdv_G_Gasoline,b2b--c53-1803
47497,6395614-1-mdv,b2b-47497,ft-ba040,ft-mdv-Dsl,530530626001,-122.46751705490131,47.233762539784095,530530626001.0,mdv_D_Diesel,b2b--c53-1808
47505,6389268-1-mdv,b2b-47505,ft-7c0de,ft-mdv-Dsl,530539400101,-122.32065273904804,47.21624756674401,530539400101.0,mdv_D_Diesel,b2b--c53-1877
47521,6393858-1-mdv,b2b-47521,ft-e1f1c,ft-mdv-Dsl,530530626001,-122.4667251351458,47.233727430676026,530530626001.0,mdv_D_Diesel,b2b--c53-1892
47529,6393858-1-mdv,b2b-47529,ft-b9e22,ft-mdv-Dsl,530530626001,-122.4667251351458,47.233727430676026,530530626001.0,mdv_D_Diesel,b2b--c53-1886
47536,6389956-1-mdv,b2b-47536,ft-8115e,ft-mdv-Gas,530530713052,-122.3695128381557,47.154549942889766,530530713052.0,mdv_G_Gasoline,b2b--c53-1995
47537,6389956-1-mdv,b2b-47537,ft-39706,ft-mdv-Gas,530530713052,-122.3695128381557,47.154549942889766,530530713052.0,mdv_G_Gasoline,b2b--c53-1996
47546,6391499-1-mdv,b2b-47546,ft-e0c35,ft-mdv-Dsl,530530733011,-122.23848756289729,47.21641635524771,530530733011.0,mdv_D_Diesel,b2b--c53-2004
47569,7358637-1-mdv,b2b-47569,ft-5fcd3,ft-mdv-Dsl,530530732003,-122.23706641279225,46.78408365659002,530110412031.0,mdv_D_Diesel,b2b--c53-2113
47572,6435799-1-mdv,b2b-47572,ft-7086,ft-mdv-Gas,530530726032,-122.77382693312865,47.188210163000925,530670105101.0,mdv_G_Gasoline,b2b--c53-2118
47588,7369010-2-hdv,b2b-47588,ft-6d3c9,ft-hdv-Dsl,530530626001,-122.48073217243048,47.2208091890497,530530626001.0,hdv_D_Diesel,b2b--c53-2187
47590,7369010-2-mdv,b2b-47590,ft-6847f,ft-mdv-Dsl,530530626001,-122.48073217243048,47.2208091890497,530530626001.0,mdv_D_Diesel,b2b--c53-2191
47603,7369010-3-hdv,b2b-47603,ft-003c8,ft-hdv-Dsl,530530626001,-122.48073217243048,47.2208091890497,530530626001.0,hdv_D_Diesel,b2b--c53-2258
47616,6400550-1-mdv,b2b-47616,ft-6999f,ft-mdv-Gas,530530717041,-122.47454793870195,47.16331592952086,530530717041.0,mdv_G_Gasoline,b2b--c53-2313
47624,5005358-1-hdt,b2b-47624,ft-3f01d,ft-hdt-Dsl,530530732003,-122.23706641279225,46.78408365659002,410470004003.0,hdt_D_Diesel,b2b--c53-2338
47625,6382309-1-mdv,b2b-47625,ft-09ddd,ft-mdv-Dsl,530530729061,-122.5544249277511,47.049137874735855,530419708004.0,mdv_D_Diesel,b2b--c53-2339
47634,6382746-1-mdv,b2b-47634,ft-6da9d,ft-mdv-Dsl,530530730061,-122.34183800719136,46.92931107282429,530419712001.0,mdv_D_Diesel,b2b--c53-2365
47654,7368590-1-hdt,b2b-47654,ft-89947,ft-hdt-Dsl,530530733013,-122.22580558822403,47.22169958365976,530530733013.0,hdt_D_Diesel,b2b--c53-2424
47658,7368590-1-hdt,b2b-47658,ft-e0bbc,ft-hdt-Dsl,530530733013,-122.22580558822403,47.22169958365976,530530733013.0,hdt_D_Diesel,b2b--c53-2434
47661,7368590-2-hdt,b2b-47661,ft-d4e6d,ft-hdt-Dsl,530530733013,-122.22580558822403,47.22169958365976,530530733013.0,hdt_D_Diesel,b2b--c53-2436
47664,7368590-2-hdt,b2b-47664,ft-0158e,ft-hdt-Dsl,530530733013,-122.22580558822403,47.22169958365976,530530733013.0,hdt_D_Diesel,b2b--c53-2439
47673,7456236-2-hdt,b2b-47673,ft-8e448,ft-hdt-Dsl,530530602001,-122.39021365075807,47.27312749251396,530530602001.0,hdt_D_Diesel,b2b--c53-2491
47688,6315796-1-hdt,b2b-47688,ft-49dc0,ft-hdt-Dsl,530350901011,-122.60731041865166,47.92387571831771,530319505002.0,hdt_D_Diesel,b2b--c53-2556
47706,5011512-1-hdt,b2b-47706,ft-da201,ft-hdt-Dsl,530530732003,-122.23706641279225,46.78408365659002,410510011021.0,hdt_D_Diesel,b2b--c53-2602
47711,5045061-1-mdv,b2b-47711,ft-446dc,ft-mdv-Dsl,530530732003,-122.23706641279225,46.78408365659002,410670319121.0,mdv_D_Diesel,b2b--c53-2618
47764,7368725-4-ld3,b2b-47764,ft-94052,ft-ld3-Gas,530530602001,-122.42768138937069,47.259344231039854,530530602001.0,ld3_G_Gasoline,b2b--c53-2886
47774,6397542-1-mdv,b2b-47774,ft-69139,ft-mdv-Dsl,530530717041,-122.47287497076718,47.1693020863381,530530717041.0,mdv_D_Diesel,b2b--c53-2920
47782,6397155-1-mdv,b2b-47782,ft-73cbc,ft-mdv-Dsl,530539400022,-122.36303899779242,47.24322407291685,530539400022.0,mdv_D_Diesel,b2b--c53-2942
47783,7369000-1-mdv,b2b-47783,ft-1cb10,ft-mdv-Dsl,530530628013,-122.50512362593801,47.23025470215037,530530628013.0,mdv_D_Diesel,b2b--c53-2945
47784,6383613-1-mdv,b2b-47784,ft-b10d6,ft-mdv-Dsl,530530726023,-122.81375781184049,47.26489576985024,530459606003.0,mdv_D_Diesel,b2b--c53-2946
47789,7456272-1-mdv,b2b-47789,ft-ba2b9,ft-mdv-Dsl,530530717041,-122.47185290526038,47.16152014366431,530530717041.0,mdv_D_Diesel,b2b--c53-2966
47804,6395592-1-ld1,b2b-47804,ft-96232,ft-ld1-Gas,530530626001,-122.4853137211647,47.21020471517797,530530626001.0,ld1_G_Gasoline,b2b--c53-3003
47813,6386088-2-hdv,b2b-47813,ft-327f6,ft-hdv-Dsl,530530702071,-122.03615812745818,47.16133507380357,530530702071.0,hdv_D_Diesel,b2b--c53-3056
47835,6390135-1-mdv,b2b-47835,ft-47e80,ft-mdv-Dsl,530530713061,-122.35763350937374,47.13187821663476,530530713061.0,mdv_D_Diesel,b2b--c53-3142
47851,6392845-1-hdt,b2b-47851,ft-953ee,ft-hdt-Dsl,530530626001,-122.45010511497567,47.233665245567025,530530626001.0,hdt_D_Diesel,b2b--c53-3209
47855,6392845-2-hdv,b2b-47855,ft-e4c2b,ft-hdv-Dsl,530530626001,-122.45010511497567,47.233665245567025,530530626001.0,hdv_D_Diesel,b2b--c53-3219
47857,6392845-2-hdv,b2b-47857,ft-21753,ft-hdv-Dsl,530530626001,-122.45010511497567,47.233665245567025,530530626001.0,hdv_D_Diesel,b2b--c53-3223
47873,7368147-4-mdv,b2b-47873,ft-b7a0e,ft-mdv-Dsl,530539400022,-122.38554920815996,47.25250618855103,530539400022.0,mdv_D_Diesel,b2b--c53-3318
47878,6386088-4-ld1,b2b-47878,ft-66cf4,ft-ld1-Gas,530530702071,-122.03615812745818,47.16133507380357,530530702071.0,ld1_G_Gasoline,b2b--c53-3335
47880,6386088-5-mdv,b2b-47880,ft-d42c5,ft-mdv-Gas,530530702071,-122.03615812745818,47.16133507380357,530530702071.0,mdv_G_Gasoline,b2b--c53-3337
47891,6387662-1-mdv,b2b-47891,ft-9231e,ft-mdv-Dsl,530530724084,-122.56360578489442,47.270663079354875,530530724084.0,mdv_D_Diesel,b2b--c53-3356
47893,6387662-1-mdv,b2b-47893,ft-f3289,ft-mdv-Dsl,530530724084,-122.56360578489442,47.270663079354875,530530724084.0,mdv_D_Diesel,b2b--c53-3359
47899,6387662-1-mdv,b2b-47899,ft-6522a,ft-mdv-Dsl,530530724084,-122.56360578489442,47.270663079354875,530530724084.0,mdv_D_Diesel,b2b--c53-3440
47930,6390711-1-mdv,b2b-47930,ft-9cdca,ft-mdv-Dsl,530530731082,-122.3465609213166,47.09658076942315,530530731082.0,mdv_D_Diesel,b2b--c53-3508
47944,6390711-1-mdv,b2b-47944,ft-630cf,ft-mdv-Dsl,530530731082,-122.3465609213166,47.09658076942315,530530731082.0,mdv_D_Diesel,b2b--c53-3643
47948,6390711-1-mdv,b2b-47948,ft-0a12b,ft-mdv-Dsl,530530731082,-122.3465609213166,47.09658076942315,530530731082.0,mdv_D_Diesel,b2b--c53-3647
47949,6390711-1-mdv,b2b-47949,ft-7d70f,ft-mdv-Dsl,530530731082,-122.3465609213166,47.09658076942315,530530731082.0,mdv_D_Diesel,b2b--c53-3648
47976,7369104-2-hdt,b2b-47976,ft-8231e,ft-hdt-Dsl,530530626001,-122.4897940237215,47.20608671596959,530530626001.0,hdt_D_Diesel,b2b--c53-3730
47980,7369104-1-ld3,b2b-47980,ft-a3d5d,ft-ld3-Dsl,530530626001,-122.4897940237215,47.20608671596959,530530626001.0,ld3_D_Diesel,b2b--c53-3768
47983,6395991-1-mdv,b2b-47983,ft-17420,ft-mdv-Dsl,530530626001,-122.44855864992638,47.233806129693946,530530626001.0,mdv_D_Diesel,b2b--c53-3779
47985,6395991-1-ld1,b2b-47985,ft-a0ff0,ft-ld1-Gas,530530626001,-122.44855864992638,47.233806129693946,530530626001.0,ld1_G_Gasoline,b2b--c53-3792
47995,5012975-2-ld3,b2b-47995,ft-ce0b5,ft-ld3-Gas,530530732003,-122.23706641279225,46.78408365659002,410510106001.0,ld3_G_Gasoline,b2b--c53-3839
48005,4964760-1-mdv,b2b-48005,ft-3597b,ft-mdv-Gas,530530732003,-122.23706641279225,46.78408365659002,410050215002.0,mdv_G_Gasoline,b2b--c53-3863
48009,6429294-2-ld3,b2b-48009,ft-32cae,ft-ld3-Dsl,530610537001,-121.31300181346782,48.04698207479564,530630117011.0,ld3_D_Diesel,b2b--c53-3871
48036,6390428-1-hdt,b2b-48036,ft-5a33a,ft-hdt-Dsl,530530731101,-122.23701491683117,47.13388176789848,530530731101.0,hdt_D_Diesel,b2b--c53-3925
48044,6437172-1-hdt,b2b-48044,ft-cc725,ft-hdt-Dsl,530530729061,-122.5544249277511,47.049137874735855,530670126105.0,hdt_D_Diesel,b2b--c53-3945
48051,8240092-2-hdt,b2b-48051,ft-7d9ea,ft-hdt-Dsl,530530712051,-122.3507511186892,47.20118481715594,530530712051.0,hdt_D_Diesel,b2b--c53-3966
48059,7369504-1-hdt,b2b-48059,ft-2b4ec,ft-hdt-Dsl,530530628011,-122.47909538497471,47.234672397320466,530530628011.0,hdt_D_Diesel,b2b--c53-3989
48070,7369439-1-hdt,b2b-48070,ft-65620,ft-hdt-Dsl,530530731082,-122.3361362313245,47.08180012843062,530530731082.0,hdt_D_Diesel,b2b--c53-4010
48087,6396589-2-mdv,b2b-48087,ft-17175,ft-mdv-Dsl,530530602001,-122.42659261835125,47.25528182464097,530530602001.0,mdv_D_Diesel,b2b--c53-4072
48097,6392623-1-ld3,b2b-48097,ft-f0d3a,ft-ld3-Dsl,530530602001,-122.36722332856195,47.26618834706099,530530602001.0,ld3_D_Diesel,b2b--c53-4110
48102,6391596-1-mdv,b2b-48102,ft-2223b,ft-mdv-Dsl,530530733014,-122.24022798586991,47.212183986642565,530530733014.0,mdv_D_Diesel,b2b--c53-4132
48158,6394149-1-hdt,b2b-48158,ft-8698f,ft-hdt-Dsl,530530626001,-122.48474267963188,47.2149655492382,530530626001.0,hdt_D_Diesel,b2b--c53-4908
48160,7456249-1-hdt,b2b-48160,ft-1d63c,ft-hdt-Dsl,530530602001,-122.40410979332025,47.26694464448837,530530602001.0,hdt_D_Diesel,b2b--c53-4914
48185,6391275-1-hdt,b2b-48185,ft-e544b,ft-hdt-Dsl,530530714063,-122.36302987463502,47.088747096732774,530530714063.0,hdt_D_Diesel,b2b--c53-4970
48203,7368256-5-hdt,b2b-48203,ft-1db87,ft-hdt-Dsl,530539400101,-122.28466109164788,47.20630089552888,530539400101.0,hdt_D_Diesel,b2b--c53-5030
48217,6389173-1-hdt,b2b-48217,ft-22d10,ft-hdt-Dsl,530530734063,-122.27404045132349,47.19042220724716,530530734063.0,hdt_D_Diesel,b2b--c53-5065
48226,7369232-1-hdt,b2b-48226,ft-fb077,ft-hdv-Dsl,530530602001,-122.42758430540313,47.254600831548856,530530602001.0,hdv_D_Diesel,b2b--c53-5167
48234,6384060-2-hdv,b2b-48234,ft-d0ec0,ft-hdv-Dsl,530530726023,-122.81375781184049,47.26489576985024,530459613001.0,hdv_D_Diesel,b2b--c53-5202
48236,6387873-1-hdt,b2b-48236,ft-50d06,ft-hdv-Dsl,530530724071,-122.57514265463718,47.30828399903869,530530724071.0,hdv_D_Diesel,b2b--c53-5208
48240,6387873-2-hdt,b2b-48240,ft-d8d09,ft-hdt-Dsl,530530724071,-122.57514265463718,47.30828399903869,530530724071.0,hdt_D_Diesel,b2b--c53-5214
48246,7369105-1-hdt,b2b-48246,ft-b2cdf,ft-hdt-Dsl,530530626001,-122.44924261394485,47.23368586955169,530530626001.0,hdt_D_Diesel,b2b--c53-5232
48264,8249491-3-hdt,b2b-48264,ft-fc741,ft-hdt-Dsl,530530626001,-122.47530538865941,47.22900457529396,530530626001.0,hdt_D_Diesel,b2b--c53-5259
48275,6387469-2-hdt,b2b-48275,ft-146ab,ft-hdt-Dsl,530530724071,-122.58532421547051,47.309046131745106,530530724071.0,hdt_D_Diesel,b2b--c53-5294
48303,6298781-1-hdt,b2b-48303,ft-f43da,ft-hdt-Dsl,530530732003,-122.23706641279225,46.78408365659002,530110403023.0,hdt_D_Diesel,b2b--c53-5394
48304,8246019-1-hdt,b2b-48304,ft-d50af,ft-hdt-Dsl,530610533021,-122.23684520936622,48.26553620314338,530579527001.0,hdt_D_Diesel,b2b--c53-5396
48324,7456240-1-hdt,b2b-48324,ft-8389d,ft-hdt-Dsl,530530602001,-122.40842263602522,47.24063695024314,530530602001.0,hdt_D_Diesel,b2b--c53-5492
48338,7456240-1-hdv,b2b-48338,ft-3b319,ft-hdv-Dsl,530530602001,-122.40842263602522,47.24063695024314,530530602001.0,hdv_D_Diesel,b2b--c53-5555
48339,7456240-1-hdv,b2b-48339,ft-f24cf,ft-hdv-Dsl,530530602001,-122.40842263602522,47.24063695024314,530530602001.0,hdv_D_Diesel,b2b--c53-5556
48378,7456241-1-hdt,b2b-48378,ft-1c0d9,ft-hdt-Dsl,530530616021,-122.43642112072332,47.23899334502689,530530616021.0,hdt_D_Diesel,b2b--c53-5662
48379,7456241-1-hdt,b2b-48379,ft-4ab76,ft-hdv-Dsl,530530616021,-122.43642112072332,47.23899334502689,530530616021.0,hdv_D_Diesel,b2b--c53-5663
48382,7456241-1-hdt,b2b-48382,ft-b4614,ft-hdv-Dsl,530530616021,-122.43642112072332,47.23899334502689,530530616021.0,hdv_D_Diesel,b2b--c53-5666
48385,7456241-1-hdt,b2b-48385,ft-be2aa,ft-hdt-Dsl,530530616021,-122.43642112072332,47.23899334502689,530530616021.0,hdt_D_Diesel,b2b--c53-5661
48395,6396465-1-hdt,b2b-48395,ft-2e5f5,ft-hdt-Dsl,530539400022,-122.35957072359294,47.24867786566773,530539400022.0,hdt_D_Diesel,b2b--c53-5711
48404,7369190-1-mdv,b2b-48404,ft-fc50a,ft-mdv-Dsl,530530602001,-122.39765465814058,47.26273536564675,530530602001.0,mdv_D_Diesel,b2b--c53-5746
48434,6389131-5-hdt,b2b-48434,ft-896f1,ft-hdt-Dsl,530539400101,-122.29783812779382,47.21147893269261,530539400101.0,hdt_D_Diesel,b2b--c53-5881
48476,7456276-1-hdt,b2b-48476,ft-630c0,ft-hdt-Dsl,530610533014,-122.37093627404924,48.2483017317002,530579501002.0,hdt_D_Diesel,b2b--c53-6094
48492,7461591-1-hdt,b2b-48492,ft-4e163,ft-hdt-Dsl,530610533014,-122.37093627404924,48.2483017317002,530730105011.0,hdt_D_Diesel,b2b--c53-6664
48506,7368022-2-hdv,b2b-48506,ft-75b13,ft-hdv-Dsl,530530726021,-122.72716625038356,47.35446665589769,530530726021.0,hdv_D_Diesel,b2b--c53-6992
48508,7368022-2-ld3,b2b-48508,ft-30fd8,ft-ld3-Dsl,530530726021,-122.72716625038356,47.35446665589769,530530726021.0,ld3_D_Diesel,b2b--c53-6999
48512,7368022-1-hdt,b2b-48512,ft-8abd0,ft-hdt-Dsl,530530726021,-122.72716625038356,47.35446665589769,530530726021.0,hdt_D_Diesel,b2b--c53-7013
48518,6396403-2-hdv,b2b-48518,ft-5d755,ft-hdv-Dsl,530530616021,-122.43724535649152,47.24014760933053,530530616021.0,hdv_D_Diesel,b2b--c53-7041
48544,6399729-1-hdt,b2b-48544,ft-c36af,ft-hdv-Dsl,530530718071,-122.50323947952106,47.176565462765566,530530718071.0,hdv_D_Diesel,b2b--c53-7116
48553,7190676-1-hdt,b2b-48553,ft-6385c,ft-hdt-Dsl,530530732003,-122.23706641279225,46.78408365659002,410430207002.0,hdt_D_Diesel,b2b--c53-7150
48558,7368658-1-hdt,b2b-48558,ft-7a1c5,ft-hdt-Dsl,530530616011,-122.44238850834678,47.260664000797945,530530616011.0,hdt_D_Diesel,b2b--c53-7163
48588,7368558-1-hdt,b2b-48588,ft-0f6e9,ft-hdt-Dsl,530530733014,-122.23699768887244,47.207720279191705,530530733014.0,hdt_D_Diesel,b2b--c53-7230
48614,7368558-2-hdt,b2b-48614,ft-ea5cd,ft-hdv-Dsl,530530733014,-122.23699768887244,47.207720279191705,530530733014.0,hdv_D_Diesel,b2b--c53-7281
48645,6437233-1-hdt,b2b-48645,ft-a7103,ft-hdt-Dsl,530530729061,-122.5544249277511,47.049137874735855,530670127203.0,hdt_D_Diesel,b2b--c53-7427
48652,6437233-1-hdt,b2b-48652,ft-16405,ft-hdt-Dsl,530530729061,-122.5544249277511,47.049137874735855,530670127203.0,hdt_D_Diesel,b2b--c53-7434
48656,6437233-1-hdt,b2b-48656,ft-573cf,ft-hdt-Dsl,530530729061,-122.5544249277511,47.049137874735855,530670127203.0,hdt_D_Diesel,b2b--c53-7438
48661,6437233-1-hdt,b2b-48661,ft-be6cf,ft-hdt-Dsl,530530729061,-122.5544249277511,47.049137874735855,530670127203.0,hdt_D_Diesel,b2b--c53-7443
48670,6437233-1-hdt,b2b-48670,ft-2eec0,ft-hdt-Dsl,530530729061,-122.5544249277511,47.049137874735855,530670127203.0,hdt_D_Diesel,b2b--c53-7452
48681,6437233-2-hdt,b2b-48681,ft-db597,ft-hdt-Dsl,530530729061,-122.5544249277511,47.049137874735855,530670127203.0,hdt_D_Diesel,b2b--c53-7528
48706,7369912-1-hdt,b2b-48706,ft-35a76,ft-hdt-Dsl,530610533014,-122.37093627404924,48.2483017317002,530579519002.0,hdt_D_Diesel,b2b--c53-7656
48709,6390851-1-hdt,b2b-48709,ft-deb4c,ft-hdt-Dsl,530530714062,-122.39054779044199,47.075896164568384,530530714062.0,hdt_D_Diesel,b2b--c53-7664
48712,6390851-1-hdt,b2b-48712,ft-d2f51,ft-hdt-Dsl,530530714062,-122.39054779044199,47.075896164568384,530530714062.0,hdt_D_Diesel,b2b--c53-7667
48717,6390851-1-hdt,b2b-48717,ft-52e3e,ft-hdt-Dsl,530530714062,-122.39054779044199,47.075896164568384,530530714062.0,hdt_D_Diesel,b2b--c53-7672
48726,6314488-1-hdt,b2b-48726,ft-96d56,ft-hdt-Dsl,530610532011,-122.35413794636014,48.1737525732242,530299717001.0,hdt_D_Diesel,b2b--c53-7744
48732,8438806-2-hdv,b2b-48732,ft-c0b34,ft-hdv-Dsl,530530732003,-122.23706641279225,46.78408365659002,530110430001.0,hdv_D_Diesel,b2b--c53-7761
48740,8438806-2-hdv,b2b-48740,ft-5c612,ft-hdv-Dsl,530530732003,-122.23706641279225,46.78408365659002,530110430001.0,hdv_D_Diesel,b2b--c53-7769
48747,8438806-1-hdt,b2b-48747,ft-b5dd0,ft-hdt-Dsl,530530732003,-122.23706641279225,46.78408365659002,530110430001.0,hdt_D_Diesel,b2b--c53-7865
48758,7368475-1-hdt,b2b-48758,ft-b8476,ft-hdv-Dsl,530530714062,-122.37205583952922,47.06766866875087,530530714062.0,hdv_D_Diesel,b2b--c53-7965
48772,7368475-2-hdt,b2b-48772,ft-e1eea,ft-hdv-Dsl,530530714062,-122.37205583952922,47.06766866875087,530530714062.0,hdv_D_Diesel,b2b--c53-8005
48779,6391822-2-hdt,b2b-48779,ft-867ed,ft-hdt-Dsl,530530703122,-122.18338740082845,47.17452702232981,530530703122.0,hdt_D_Diesel,b2b--c53-8025_2
48787,6391822-5-hdt,b2b-48787,ft-d7cd8,ft-hdt-Dsl,530530703122,-122.18338740082845,47.17452702232981,530530703122.0,hdt_D_Diesel,b2b--c53-8061
48808,6390851-2-hdt,b2b-48808,ft-e55c5,ft-hdt-Dsl,530530714062,-122.39054779044199,47.075896164568384,530530714062.0,hdt_D_Diesel,b2b--c53-8230
48821,6436192-2-hdt,b2b-48821,ft-4efcd,ft-hdt-Dsl,530530726032,-122.77382693312865,47.188210163000925,530670110001.0,hdt_D_Diesel,b2b--c53-8288
48840,6390450-3-hdt,b2b-48840,ft-d5105,ft-hdt-Dsl,530530731101,-122.23680132219816,47.13416711442933,530530731101.0,hdt_D_Diesel,b2b--c53-8511
48843,7368154-1-hdt,b2b-48843,ft-2e3e1,ft-hdt-Dsl,530530731101,-122.23677534031128,47.13725444206627,530530731101.0,hdt_D_Diesel,b2b--c53-8523
48845,6397822-1-hdt,b2b-48845,ft-68244,ft-hdt-Dsl,530530715051,-122.42091235375965,47.14675845110611,530530715051.0,hdt_D_Diesel,b2b--c53-8527
48871,8395891-1-hdt,b2b-48871,ft-ff601,ft-hdt-Dsl,530530726032,-122.77382693312865,47.188210163000925,530670110001.0,hdt_D_Diesel,b2b--c53-8553
48889,8395891-2-hdt,b2b-48889,ft-b2729,ft-hdt-Dsl,530530726032,-122.77382693312865,47.188210163000925,530670110001.0,hdt_D_Diesel,b2b--c53-8776
48890,8395891-2-hdt,b2b-48890,ft-e031c,ft-hdt-Dsl,530530726032,-122.77382693312865,47.188210163000925,530670110001.0,hdt_D_Diesel,b2b--c53-8777
48927,6382697-2-hdt,b2b-48927,ft-c83c6,ft-hdv-Dsl,530530729061,-122.5544249277511,47.049137874735855,530419711001.0,hdv_D_Diesel,b2b--c53-9154
48928,6382697-2-hdt,b2b-48928,ft-3e3ce,ft-hdt-Dsl,530530729061,-122.5544249277511,47.049137874735855,530419711001.0,hdt_D_Diesel,b2b--c53-9155
48932,6404147-1-hdt,b2b-48932,ft-834f8,ft-hdt-Dsl,530610535061,-121.89999203508337,48.27272291141637,530579512001.0,hdt_D_Diesel,b2b--c53-9201
48938,7367802-2-hdt,b2b-48938,ft-1b01b,ft-hdt-Dsl,530530729061,-122.5544249277511,47.049137874735855,530419711001.0,hdt_D_Diesel,b2b--c53-9226
48948,7368523-1-hdt,b2b-48948,ft-0264c,ft-hdv-Dsl,530530714063,-122.35772424321702,47.087031655168666,530530714063.0,hdv_D_Diesel,b2b--c53-9259
48962,7368548-1-hdt,b2b-48962,ft-f11c9,ft-hdv-Dsl,530530733013,-122.24036154842504,47.22750549599617,530530733013.0,hdv_D_Diesel,b2b--c53-9302
48963,7368548-1-hdt,b2b-48963,ft-6ddad,ft-hdt-Dsl,530530733013,-122.24036154842504,47.22750549599617,530530733013.0,hdt_D_Diesel,b2b--c53-9303
48990,7368026-2-hdt,b2b-48990,ft-6b195,ft-hdt-Dsl,530530704012,-122.23516841106802,47.148843349428866,530530704012.0,hdt_D_Diesel,b2b--c53-9360
48998,7368026-2-hdt,b2b-48998,ft-4b1ab,ft-hdv-Dsl,530530704012,-122.23516841106802,47.148843349428866,530530704012.0,hdv_D_Diesel,b2b--c53-9362
49004,7368026-1-hdt,b2b-49004,ft-e8570,ft-hdt-Dsl,530530704012,-122.23516841106802,47.148843349428866,530530704012.0,hdt_D_Diesel,b2b--c53-9394
49007,7368026-1-hdt,b2b-49007,ft-041e9,ft-hdv-Dsl,530530704012,-122.23516841106802,47.148843349428866,530530704012.0,hdv_D_Diesel,b2b--c53-9425
49019,6396981-2-hdt,b2b-49019,ft-6a755,ft-hdt-Dsl,530539400022,-122.373086169923,47.24524517323795,530539400022.0,hdt_D_Diesel,b2b--c53-9478
49027,7369138-1-hdt,b2b-49027,ft-ac7b5,ft-hdt-Dsl,530530602001,-122.43230585534967,47.25406478559592,530530602001.0,hdt_D_Diesel,b2b--c53-9494
49038,7368028-2-hdt,b2b-49038,ft-7b4fa,ft-hdt-Dsl,530530725053,-122.6197484708006,47.388777852838274,530530725053.0,hdt_D_Diesel,b2b--c53-9522
49050,7373186-1-mdv,b2b-49050,ft-0e255,ft-mdv-Gas,530530726032,-122.77382693312865,47.188210163000925,530670109101.0,mdv_G_Gasoline,b2b--c53-9555
49057,7369111-1-mdv,b2b-49057,ft-4c2ec,ft-mdv-Dsl,530530626001,-122.48493676917622,47.21188103075623,530530626001.0,mdv_D_Diesel,b2b--c53-9572
49063,7189741-1-ld1,b2b-49063,ft-d0aa7,ft-ld1-Gas,530530701001,-121.5437370927352,47.12072649438632,20095.0,ld1_G_Gasoline,b2b--c53-9588
49070,6386034-1-mdv,b2b-49070,ft-681a4,ft-mdv-Dsl,530530703073,-122.14217218346437,47.22246272195975,530530703073.0,mdv_D_Diesel,b2b--c53-9614
49099,6396555-1-mdv,b2b-49099,ft-a7eb5,ft-mdv-Gas,530539400021,-122.34965938423935,47.24714374571838,530539400021.0,mdv_G_Gasoline,b2b--c53-9737
49103,7369051-1-mdv,b2b-49103,ft-1cbfd,ft-mdv-Dsl,530530626001,-122.45262648484795,47.2311315187199,530530626001.0,mdv_D_Diesel,b2b--c53-9741
49105,7369051-1-mdv,b2b-49105,ft-b47fe,ft-mdv-Dsl,530530626001,-122.45262648484795,47.2311315187199,530530626001.0,mdv_D_Diesel,b2b--c53-9745
49110,5011856-1-mdv,b2b-49110,ft-cf836,ft-mdv-Dsl,530530732003,-122.23706641279225,46.78408365659002,410510003024.0,mdv_D_Diesel,b2b--c53-9767
49117,6386638-1-mdv,b2b-49117,ft-1e002,ft-mdv-Gas,530530725053,-122.60019862543122,47.34498562225228,530530725053.0,mdv_G_Gasoline,b2b--c53-9788
49119,6386638-1-mdv,b2b-49119,ft-5ac9c,ft-mdv-Gas,530530725053,-122.60019862543122,47.34498562225228,530530725053.0,mdv_G_Gasoline,b2b--c53-9795
49122,6395492-1-mdv,b2b-49122,ft-b7637,ft-mdv-Dsl,530530626001,-122.4880649646477,47.205987360602464,530530626001.0,mdv_D_Diesel,b2b--c53-9796
49123,6395492-1-mdv,b2b-49123,ft-e6f39,ft-mdv-Dsl,530530626001,-122.4880649646477,47.205987360602464,530530626001.0,mdv_D_Diesel,b2b--c53-9797
49147,6399287-1-mdv,b2b-49147,ft-e3344,ft-mdv-Dsl,530530721085,-122.5650254958922,47.15610890175118,530530721085.0,mdv_D_Diesel,b2b--c53-9919
49163,6396855-1-mdv,b2b-49163,ft-ff6a3,ft-mdv-Dsl,530530602001,-122.3830648915722,47.27659041685492,530530602001.0,mdv_D_Diesel,b2b--c53-9969
49169,6389755-1-mdv,b2b-49169,ft-5663f,ft-mdv-Dsl,530530713052,-122.38660976464442,47.15836149965789,530530713052.0,mdv_D_Diesel,b2b--c53-9988
49210,7368236-5-hdt,b2b-49210,ft-d400d,ft-hdt-Dsl,530530712051,-122.34484794780123,47.1917675016513,530530712051.0,hdt_D_Diesel,b2b--c53-10118
49211,7369193-2-hdv,b2b-49211,ft-4be7f,ft-hdv-Dsl,530530616021,-122.43295660160148,47.23570247122457,530530616021.0,hdv_D_Diesel,b2b--c53-10126
49219,6396529-1-hdt,b2b-49219,ft-af5d7,ft-hdt-Dsl,530530602001,-122.43074234951162,47.240583936001705,530530602001.0,hdt_D_Diesel,b2b--c53-10147
49235,6390874-1-mdv,b2b-49235,ft-a1d70,ft-mdv-Gas,530530731201,-122.29312571327216,47.12088064104675,530530731201.0,mdv_G_Gasoline,b2b--c53-10194
49247,7369168-1-hdt,b2b-49247,ft-3aa39,ft-hdt-Dsl,530530602001,-122.42179888487817,47.25098062158337,530530602001.0,hdt_D_Diesel,b2b--c53-10237
49262,6386802-1-ld1,b2b-49262,ft-41e16,ft-ld1-Gas,530530725054,-122.57576277065753,47.36991672875591,530530725054.0,ld1_G_Gasoline,b2b--c53-10287
49264,6314064-1-mdv,b2b-49264,ft-71c67,ft-mdv-Dsl,530350901011,-122.60731041865166,47.92387571831771,530299713002.0,mdv_D_Diesel,b2b--c53-10289
49269,7368459-1-mdv,b2b-49269,ft-4321f,ft-mdv-Dsl,530530714063,-122.35759158491099,47.08755274477821,530530714063.0,mdv_D_Diesel,b2b--c53-10304
49276,4960169-3-mdv,b2b-49276,ft-f1bd9,ft-mdv-Dsl,530530732003,-122.23706641279225,46.78408365659002,410050226031.0,mdv_D_Diesel,b2b--c53-10314
49300,4964662-1-hdt,b2b-49300,ft-39068,ft-hdt-Dsl,530530732003,-122.23706641279225,46.78408365659002,410050210002.0,hdt_D_Diesel,b2b--c53-10420
49303,7369228-2-hdv,b2b-49303,ft-5905d,ft-hdv-Dsl,530530602001,-122.38567853121897,47.27169261972019,530530602001.0,hdv_D_Diesel,b2b--c53-10437
49305,7369228-2-ld3,b2b-49305,ft-b442e,ft-ld3-Gas,530530602001,-122.38567853121897,47.27169261972019,530530602001.0,ld3_G_Gasoline,b2b--c53-10453
49315,7369228-1-hdt,b2b-49315,ft-26aa3,ft-hdt-Dsl,530530602001,-122.38567853121897,47.27169261972019,530530602001.0,hdt_D_Diesel,b2b--c53-10483
49333,7369228-4-ld3,b2b-49333,ft-63b9e,ft-ld3-Gas,530530602001,-122.38567853121897,47.27169261972019,530530602001.0,ld3_G_Gasoline,b2b--c53-10578
49336,6391209-4-ld3,b2b-49336,ft-2a067,ft-ld3-Gas,530530714063,-122.37548873972457,47.082066054455524,530530714063.0,ld3_G_Gasoline,b2b--c53-10588
49342,7367798-1-mdv,b2b-49342,ft-3647e,ft-mdv-Dsl,530530729061,-122.5544249277511,47.049137874735855,530419708004.0,mdv_D_Diesel,b2b--c53-10596
49345,6306271-1-mdv,b2b-49345,ft-84ce4,ft-mdv-Gas,530530732003,-122.23706641279225,46.78408365659002,530110408081.0,mdv_G_Gasoline,b2b--c53-10602
49372,6395302-1-mdv,b2b-49372,ft-b9d0e,ft-mdv-Dsl,530530626001,-122.4812929537082,47.22249137342297,530530626001.0,mdv_D_Diesel,b2b--c53-10701
49377,6395302-1-mdv,b2b-49377,ft-4f02c,ft-mdv-Dsl,530530626001,-122.4812929537082,47.22249137342297,530530626001.0,mdv_D_Diesel,b2b--c53-10700
49388,6397487-2-hdt,b2b-49388,ft-47598,ft-hdt-Dsl,530530717061,-122.46999537360092,47.160535847895396,530530717061.0,hdt_D_Diesel,b2b--c53-10717
49399,7368259-16-hdt,b2b-49399,ft-072d1,ft-hdt-Dsl,530539400101,-122.33667057948605,47.21894594792787,530539400101.0,hdt_D_Diesel,b2b--c53-10734
49402,7368259-16-hdt,b2b-49402,ft-c7653,ft-hdt-Dsl,530539400101,-122.33667057948605,47.21894594792787,530539400101.0,hdt_D_Diesel,b2b--c53-10744
49421,8395378-2-hdt,b2b-49421,ft-19b90,ft-hdv-Dsl,530539400022,-122.3579130992221,47.246033532588356,530539400022.0,hdv_D_Diesel,b2b--c53-10853
49423,8395378-2-hdt,b2b-49423,ft-ece03,ft-hdt-Dsl,530539400022,-122.3579130992221,47.246033532588356,530539400022.0,hdt_D_Diesel,b2b--c53-10772
49438,8395378-2-hdt,b2b-49438,ft-22f67,ft-hdt-Dsl,530539400022,-122.3579130992221,47.246033532588356,530539400022.0,hdt_D_Diesel,b2b--c53-10773
49468,7361803-1-hdt,b2b-49468,ft-4bb9e,ft-hdv-Dsl,530330292061,-122.22600671466729,47.40844696648436,530330292061.0,hdv_D_Diesel,b2b--c53-10935
49481,6396379-2-hdt,b2b-49481,ft-bc063,ft-hdt-Dsl,530530602001,-122.36607629666769,47.26524661163038,530530602001.0,hdt_D_Diesel,b2b--c53-10951
49488,7368270-1-hdt,b2b-49488,ft-951a4,ft-hdt-Dsl,530539400101,-122.30718333442022,47.2133342925431,530539400101.0,hdt_D_Diesel,b2b--c53-10958
49491,7368270-1-hdt,b2b-49491,ft-9bb92,ft-hdt-Dsl,530539400101,-122.30718333442022,47.2133342925431,530539400101.0,hdt_D_Diesel,b2b--c53-10961
49503,7361888-16-hdt,b2b-49503,ft-6335,ft-hdt-Dsl,530330305011,-122.22966721107335,47.34473362659061,530330305011.0,hdt_D_Diesel,b2b--c53-11026
49510,6389132-2-hdt,b2b-49510,ft-a25a8,ft-hdt-Dsl,530539400101,-122.29521128515883,47.20367871853509,530539400101.0,hdt_D_Diesel,b2b--c53-11036
49537,6346267-1-hdt,b2b-49537,ft-c417a,ft-hdt-Dsl,530330297004,-122.22962171680726,47.364513096025405,530330297004.0,hdt_D_Diesel,b2b--c53-11107
49548,6390280-3-hdt,b2b-49548,ft-cf89f,ft-hdt-Dsl,530530712071,-122.28650979920107,47.15639325533826,530530712071.0,hdt_D_Diesel,b2b--c53-11122
49559,6395644-2-hdt,b2b-49559,ft-a9483,ft-hdt-Dsl,530530629005,-122.4726631804451,47.19281126527741,530530629005.0,hdt_D_Diesel,b2b--c53-11135
49564,6316752-2-hdt,b2b-49564,ft-5e1db,ft-hdt-Dsl,530330305011,-122.23215684026177,47.34677692669329,530330305011.0,hdt_D_Diesel,b2b--c53-11146
49572,8395378-1-hdt,b2b-49572,ft-36a19,ft-hdt-Dsl,530539400022,-122.3579130992221,47.246033532588356,530539400022.0,hdt_D_Diesel,b2b--c53-11174
49575,8395378-1-hdt,b2b-49575,ft-0bf0f,ft-hdt-Dsl,530539400022,-122.3579130992221,47.246033532588356,530539400022.0,hdt_D_Diesel,b2b--c53-11178
49579,6400185-3-hdt,b2b-49579,ft-0510b,ft-hdt-Dsl,530530717061,-122.47076385847866,47.156103049075845,530530717061.0,hdt_D_Diesel,b2b--c53-11183
49582,6331932-1-hdt,b2b-49582,ft-77386,ft-hdv-Dsl,530330283003,-122.25445797823437,47.4413614614378,530330283003.0,hdv_D_Diesel,b2b--c53-11189
49585,6390331-1-hdt,b2b-49585,ft-251b6,ft-hdt-Dsl,530530712101,-122.23497530091807,47.18454890370306,530530712101.0,hdt_D_Diesel,b2b--c53-11196
49587,6330611-1-hdt,b2b-49587,ft-0b694,ft-hdt-Dsl,530330292061,-122.24673840647594,47.437908198363864,530330292061.0,hdt_D_Diesel,b2b--c53-11199
49590,6336915-6-hdt,b2b-49590,ft-fc860,ft-hdt-Dsl,530330312043,-122.05294576067706,47.29036961386602,530330312043.0,hdt_D_Diesel,b2b--c53-11209
49591,6336915-6-hdt,b2b-49591,ft-28112,ft-hdv-Dsl,530330312043,-122.05294576067706,47.29036961386602,530330312043.0,hdv_D_Diesel,b2b--c53-11208
49600,7366540-13-hdt,b2b-49600,ft-82949,ft-hdt-Dsl,530330284024,-122.29830417779355,47.44418725204615,530330284024.0,hdt_D_Diesel,b2b--c53-11218
49602,6329721-3-hdt,b2b-49602,ft-d0598,ft-hdv-Dsl,530330295043,-122.18655125301427,47.37324644211976,530330295043.0,hdv_D_Diesel,b2b--c53-11222
49606,6391941-8-hdt,b2b-49606,ft-53552,ft-hdt-Dsl,530530703073,-122.1401817156652,47.22089861070483,530530703073.0,hdt_D_Diesel,b2b--c53-11228
49608,6437777-2-hdt,b2b-49608,ft-40773,ft-hdt-Dsl,530530730012,-122.55351242501284,46.95234830393439,530670124121.0,hdt_D_Diesel,b2b--c53-11230
49617,6391516-1-hdt,b2b-49617,ft-ea9ec,ft-hdv-Dsl,530530733013,-122.25424640978183,47.21166996430511,530530733013.0,hdv_D_Diesel,b2b--c53-11249
49643,7360521-6-hdt,b2b-49643,ft-a6d4c,ft-hdv-Dsl,530330303132,-122.30670863132192,47.29631922682546,530330303132.0,hdv_D_Diesel,b2b--c53-11307
49651,6318472-4-hdt,b2b-49651,ft-9d447,ft-hdt-Dsl,530330303042,-122.31915866349887,47.28738124149275,530330303042.0,hdt_D_Diesel,b2b--c53-11323
49656,8395285-1-hdt,b2b-49656,ft-21d66,ft-hdt-Dsl,530539400101,-122.30568983007865,47.212144412126825,530539400101.0,hdt_D_Diesel,b2b--c53-11376
49675,6382046-3-hdt,b2b-49675,ft-67dce,ft-hdt-Dsl,530530729061,-122.5544249277511,47.049137874735855,530419714002.0,hdt_D_Diesel,b2b--c53-11389
49682,6382044-3-hdt,b2b-49682,ft-04f8f,ft-hdt-Dsl,530530729061,-122.5544249277511,47.049137874735855,530419714002.0,hdt_D_Diesel,b2b--c53-11400
49692,6382227-1-hdt,b2b-49692,ft-a8ea3,ft-hdt-Dsl,530530730061,-122.34183800719136,46.92931107282429,530419713003.0,hdt_D_Diesel,b2b--c53-11410
49715,6437778-2-hdt,b2b-49715,ft-eb9b7,ft-hdt-Dsl,530530729061,-122.5544249277511,47.049137874735855,530670125301.0,hdt_D_Diesel,b2b--c53-11438
49719,6382111-2-hdt,b2b-49719,ft-5bdb0,ft-hdt-Dsl,530530729061,-122.5544249277511,47.049137874735855,530419714002.0,hdt_D_Diesel,b2b--c53-11442
49729,6382834-5-hdt,b2b-49729,ft-6cedf,ft-hdv-Dsl,530530729061,-122.5544249277511,47.049137874735855,530419713002.0,hdv_D_Diesel,b2b--c53-11454
49732,8395889-2-hdt,b2b-49732,ft-3a558,ft-hdt-Dsl,530530726032,-122.77382693312865,47.188210163000925,530670110001.0,hdt_D_Diesel,b2b--c53-11457
49767,6436795-1-hdt,b2b-49767,ft-16893,ft-hdt-Dsl,530530728001,-122.64899673245617,47.0992006395685,530670122222.0,hdt_D_Diesel,b2b--c53-11508
49796,7373560-16-hdt,b2b-49796,ft-beafd,ft-hdv-Dsl,530530728001,-122.64899673245617,47.0992006395685,530670122213.0,hdv_D_Diesel,b2b--c53-11545
49800,6436454-1-hdt,b2b-49800,ft-5daf3,ft-hdt-Dsl,530530729061,-122.5544249277511,47.049137874735855,530670126101.0,hdt_D_Diesel,b2b--c53-11551
49806,7367755-11-hdt,b2b-49806,ft-9ebea,ft-hdv-Dsl,530530729061,-122.5544249277511,47.049137874735855,530419708004.0,hdv_D_Diesel,b2b--c53-11559
49807,6382041-4-hdt,b2b-49807,ft-0b623,ft-hdt-Dsl,530530729061,-122.5544249277511,47.049137874735855,530419708002.0,hdt_D_Diesel,b2b--c53-11560
49809,6436794-1-hdt,b2b-49809,ft-ccb50,ft-hdt-Dsl,530530728001,-122.64899673245617,47.0992006395685,530670112001.0,hdt_D_Diesel,b2b--c53-11562
49855,7369221-11-hdt,b2b-49855,ft-a07d1,ft-hdt-Dsl,530539400101,-122.31035393745093,47.20502765367965,530539400101.0,hdt_D_Diesel,b2b--c53-11658
49875,7369582-12-hdv,b2b-49875,ft-c8fb9,ft-hdv-Dsl,530530718071,-122.50058277918203,47.16670357885891,530530718071.0,hdv_D_Diesel,b2b--c53-11684
49897,6316746-5-hdt,b2b-49897,ft-c158e,ft-hdv-Dsl,530330305011,-122.23055344265039,47.33997713276894,530330305011.0,hdv_D_Diesel,b2b--c53-11712
49913,7369222-2-hdv,b2b-49913,ft-b0597,ft-hdv-Dsl,530539400101,-122.30417659281488,47.20442295434449,530539400101.0,hdv_D_Diesel,b2b--c53-11738
49919,6398094-2-hdt,b2b-49919,ft-a7c45,ft-hdt-Dsl,530530716024,-122.42790063443572,47.158131267507656,530530716024.0,hdt_D_Diesel,b2b--c53-11744
49935,6399090-1-hdt,b2b-49935,ft-bd8a4,ft-hdt-Dsl,530530723112,-122.52607605624476,47.233969967276366,530530723112.0,hdt_D_Diesel,b2b--c53-11770
49950,7373560-11-hdt,b2b-49950,ft-829e3,ft-hdt-Dsl,530530728001,-122.64899673245617,47.0992006395685,530670122213.0,hdt_D_Diesel,b2b--c53-11815
49952,6391074-4-hdt,b2b-49952,ft-57f28,ft-hdt-Dsl,530530715034,-122.465801885273,47.15194435864094,530530715034.0,hdt_D_Diesel,b2b--c53-11825
49955,7369578-17-hdv,b2b-49955,ft-8898e,ft-hdv-Dsl,530530718071,-122.49172169332216,47.17446773435666,530530718071.0,hdv_D_Diesel,b2b--c53-11828
49957,7361802-19-hdt,b2b-49957,ft-88052,ft-hdt-Dsl,530330292061,-122.25322050856488,47.41586647958096,530330292061.0,hdt_D_Diesel,b2b--c53-11856
49959,6317884-2-hdt,b2b-49959,ft-302a6,ft-hdt-Dsl,530330303132,-122.31339086810122,47.290846068123486,530330303132.0,hdt_D_Diesel,b2b--c53-11857
49973,7373561-11-hdt,b2b-49973,ft-20447,ft-hdt-Dsl,530530728001,-122.64899673245617,47.0992006395685,530670122222.0,hdt_D_Diesel,b2b--c53-11881
50027,6336915-5-hdt,b2b-50027,ft-6978e,ft-hdt-Dsl,530330312043,-122.05294576067706,47.29036961386602,530330312043.0,hdt_D_Diesel,b2b--c53-11957
50046,7369625-6-hdt,b2b-50046,ft-3f950,ft-hdt-Dsl,530530718071,-122.49201601524814,47.17286749241953,530530718071.0,hdt_D_Diesel,b2b--c53-11980
50049,6327542-4-hdt,b2b-50049,ft-40d02,ft-hdt-Dsl,530330303042,-122.31620203177073,47.28622073729264,530330303042.0,hdt_D_Diesel,b2b--c53-11981
50055,7360521-2-hdv,b2b-50055,ft-24d65,ft-hdv-Dsl,530330303132,-122.30670863132192,47.29631922682546,530330303132.0,hdv_D_Diesel,b2b--c53-11990
50056,7368993-12-hdv,b2b-50056,ft-e19e3,ft-hdv-Dsl,530530626001,-122.48142674423129,47.22315676250872,530530626001.0,hdv_D_Diesel,b2b--c53-11992
50068,6395644-1-hdt,b2b-50068,ft-47f29,ft-hdt-Dsl,530530629005,-122.4726631804451,47.19281126527741,530530629005.0,hdt_D_Diesel,b2b--c53-12003
50072,7368270-11-hdt,b2b-50072,ft-1d559,ft-hdt-Dsl,530539400101,-122.30718333442022,47.2133342925431,530539400101.0,hdt_D_Diesel,b2b--c53-12010
50074,6318469-3-hdt,b2b-50074,ft-1afc4,ft-hdv-Dsl,530330303132,-122.32283699185653,47.29917007319874,530330303132.0,hdv_D_Diesel,b2b--c53-12016
50085,7368425-6-hdt,b2b-50085,ft-940ac,ft-hdt-Dsl,530530712073,-122.29087415342278,47.162130639652865,530530712073.0,hdt_D_Diesel,b2b--c53-12027
50102,8395386-2-hdt,b2b-50102,ft-50cc3,ft-hdt-Dsl,530539400101,-122.32082602454804,47.21474910148543,530539400101.0,hdt_D_Diesel,b2b--c53-12135
50117,7371557-1-hdt,b2b-50117,ft-6d488,ft-hdt-Dsl,530610531021,-122.18921914405846,48.15037009988364,530610531021.0,hdt_D_Diesel,b2b--c53-12163
50119,5027432-2-hdt,b2b-50119,ft-57a3e,ft-hdt-Dsl,530530732003,-122.23706641279225,46.78408365659002,410510073001.0,hdt_D_Diesel,b2b--c53-12165
50135,6301794-3-hdt,b2b-50135,ft-9ba88,ft-hdv-Dsl,530530732003,-122.23706641279225,46.78408365659002,530110426003.0,hdv_D_Diesel,b2b--c53-12182
50158,5012486-1-hdt,b2b-50158,ft-2e292,ft-hdv-Dsl,530530732003,-122.23706641279225,46.78408365659002,410510072021.0,hdv_D_Diesel,b2b--c53-12205
50163,7192152-1-hdt,b2b-50163,ft-68f72,ft-hdt-Dsl,530530732003,-122.23706641279225,46.78408365659002,410510072021.0,hdt_D_Diesel,b2b--c53-12216
50167,6301350-4-hdt,b2b-50167,ft-a8068,ft-hdt-Dsl,530530732003,-122.23706641279225,46.78408365659002,530110412031.0,hdt_D_Diesel,b2b--c53-12220
50201,7358523-31-hdt,b2b-50201,ft-f13b6,ft-hdv-Dsl,530530732003,-122.23706641279225,46.78408365659002,530110410052.0,hdv_D_Diesel,b2b--c53-12256
50206,6302052-1-hdt,b2b-50206,ft-876b2,ft-hdt-Dsl,530530732003,-122.23706641279225,46.78408365659002,530110412031.0,hdt_D_Diesel,b2b--c53-12261
50221,5040686-3-hdt,b2b-50221,ft-5cf78,ft-hdv-Dsl,530530732003,-122.23706641279225,46.78408365659002,410670320031.0,hdv_D_Diesel,b2b--c53-12276
50243,5010138-1-hdt,b2b-50243,ft-e11e2,ft-hdt-Dsl,530530732003,-122.23706641279225,46.78408365659002,410510099033.0,hdt_D_Diesel,b2b--c53-12299
50246,6305215-1-hdt,b2b-50246,ft-8226b,ft-hdt-Dsl,530530732003,-122.23706641279225,46.78408365659002,530110413274.0,hdt_D_Diesel,b2b--c53-12302
50251,4961153-2-hdt,b2b-50251,ft-49e26,ft-hdt-Dsl,530530732003,-122.23706641279225,46.78408365659002,410050235003.0,hdt_D_Diesel,b2b--c53-12308
50262,6300400-3-hdt,b2b-50262,ft-0ae6f,ft-hdv-Dsl,530530732003,-122.23706641279225,46.78408365659002,530110431003.0,hdv_D_Diesel,b2b--c53-12319
50263,5012495-4-hdt,b2b-50263,ft-c56be,ft-hdv-Dsl,530530732003,-122.23706641279225,46.78408365659002,410510072021.0,hdv_D_Diesel,b2b--c53-12320
50283,8395378-3-hdt,b2b-50283,ft-6d281,ft-hdt-Dsl,530539400022,-122.3579130992221,47.246033532588356,530539400022.0,hdt_D_Diesel,b2b--c53-12474
50294,8395285-2-hdt,b2b-50294,ft-c8254,ft-hdt-Dsl,530539400101,-122.30568983007865,47.212144412126825,530539400101.0,hdt_D_Diesel,b2b--c53-12577
50306,6331545-1-hdt,b2b-50306,ft-87f54,ft-hdt-Dsl,530330292061,-122.24388545387022,47.405195797078825,530330292061.0,hdt_D_Diesel,b2b--c53-12594
50348,6399987-2-hdt,b2b-50348,ft-c350a,ft-hdt-Dsl,530530718071,-122.48445177120992,47.17650080820918,530530718071.0,hdt_D_Diesel,b2b--c53-12786
50366,7369171-16-hdt,b2b-50366,ft-2e723,ft-hdt-Dsl,530539400022,-122.40021822743282,47.25332028353289,530539400022.0,hdt_D_Diesel,b2b--c53-12811
50396,6390557-4-hdt,b2b-50396,ft-4e5b1,ft-hdt-Dsl,530530712073,-122.29245776724808,47.169847223034594,530530712073.0,hdt_D_Diesel,b2b--c53-12896
50421,8395057-1-hdt,b2b-50421,ft-204fc,ft-hdt-Dsl,530330262001,-122.24852730189083,47.4477634184965,530330262001.0,hdt_D_Diesel,b2b--c53-12916
50434,8395057-1-hdt,b2b-50434,ft-7fe87,ft-hdt-Dsl,530330262001,-122.24852730189083,47.4477634184965,530330262001.0,hdt_D_Diesel,b2b--c53-12930
50451,8395057-1-hdt,b2b-50451,ft-eb356,ft-hdt-Dsl,530330262001,-122.24852730189083,47.4477634184965,530330262001.0,hdt_D_Diesel,b2b--c53-13005
50455,8395473-3-hdt,b2b-50455,ft-b082f,ft-hdt-Dsl,530610535061,-121.89999203508337,48.27272291141637,530579512001.0,hdt_D_Diesel,b2b--c53-13026
50471,7367755-12-hdv,b2b-50471,ft-56e6a,ft-hdv-Dsl,530530729061,-122.5544249277511,47.049137874735855,530419708004.0,hdv_D_Diesel,b2b--c53-13047
50479,8370581-26-hdt,b2b-50479,ft-391a6,ft-hdt-Dsl,530530701001,-121.5437370927352,47.12072649438632,20095.0,hdt_D_Diesel,b2b--c53-13066
50498,8395620-2-hdt,b2b-50498,ft-bacee,ft-hdv-Dsl,530610535091,-122.15089997478691,48.15649523919702,530610535091.0,hdv_D_Diesel,b2b--c53-13140
50549,7369581-21-hdt,b2b-50549,ft-00f14,ft-hdt-Dsl,530530718071,-122.49233469468531,47.17252881714979,530530718071.0,hdt_D_Diesel,b2b--c53-13340
50556,6436463-4-hdt,b2b-50556,ft-013f1,ft-hdt-Dsl,530530729061,-122.5544249277511,47.049137874735855,530670126102.0,hdt_D_Diesel,b2b--c53-13349
50558,6398656-2-hdt,b2b-50558,ft-adb7e,ft-hdt-Dsl,530530723082,-122.55108455300396,47.19897782021825,530530723082.0,hdt_D_Diesel,b2b--c53-13353
50573,6436579-4-hdt,b2b-50573,ft-0a6a3,ft-hdt-Dsl,530530728001,-122.64899673245617,47.0992006395685,530670123302.0,hdt_D_Diesel,b2b--c53-13393
50582,7369582-11-hdt,b2b-50582,ft-cc3ea,ft-hdt-Dsl,530530718071,-122.50058277918203,47.16670357885891,530530718071.0,hdt_D_Diesel,b2b--c53-13434
50584,7369581-31-hdt,b2b-50584,ft-325ff,ft-hdt-Dsl,530530718071,-122.49233469468531,47.17252881714979,530530718071.0,hdt_D_Diesel,b2b--c53-13435
50598,7373441-1-hdt,b2b-50598,ft-6deca,ft-hdt-Dsl,530530726032,-122.77382693312865,47.188210163000925,530670109104.0,hdt_D_Diesel,b2b--c53-13467
50599,6436271-2-hdt,b2b-50599,ft-2a908,ft-hdt-Dsl,530530726032,-122.77382693312865,47.188210163000925,530670109104.0,hdt_D_Diesel,b2b--c53-13468
50605,6400180-1-hdt,b2b-50605,ft-1ea1b,ft-hdt-Dsl,530530718071,-122.49251790130702,47.17251746816191,530530718071.0,hdt_D_Diesel,b2b--c53-13474
50626,8395898-2-hdt,b2b-50626,ft-5d077,ft-hdt-Dsl,530530728001,-122.64899673245617,47.0992006395685,530670122222.0,hdt_D_Diesel,b2b--c53-13495
50627,8395898-2-hdt,b2b-50627,ft-847df,ft-hdt-Dsl,530530728001,-122.64899673245617,47.0992006395685,530670122222.0,hdt_D_Diesel,b2b--c53-13496
50636,8395898-2-hdt,b2b-50636,ft-f021b,ft-hdt-Dsl,530530728001,-122.64899673245617,47.0992006395685,530670122222.0,hdt_D_Diesel,b2b--c53-13506
50639,8395898-2-hdt,b2b-50639,ft-72e83,ft-hdt-Dsl,530530728001,-122.64899673245617,47.0992006395685,530670122222.0,hdt_D_Diesel,b2b--c53-13509
50645,8395898-2-hdt,b2b-50645,ft-8f2d4,ft-hdt-Dsl,530530728001,-122.64899673245617,47.0992006395685,530670122222.0,hdt_D_Diesel,b2b--c53-13515
50649,8395898-2-hdt,b2b-50649,ft-c23b7,ft-hdt-Dsl,530530728001,-122.64899673245617,47.0992006395685,530670122222.0,hdt_D_Diesel,b2b--c53-13519
50654,8395898-2-hdt,b2b-50654,ft-49ca0,ft-hdv-Dsl,530530728001,-122.64899673245617,47.0992006395685,530670122222.0,hdv_D_Diesel,b2b--c53-13524
50656,8395898-2-hdt,b2b-50656,ft-da5ec,ft-hdt-Dsl,530530728001,-122.64899673245617,47.0992006395685,530670122222.0,hdt_D_Diesel,b2b--c53-13526
50657,8395898-2-hdt,b2b-50657,ft-024b3,ft-hdt-Dsl,530530728001,-122.64899673245617,47.0992006395685,530670122222.0,hdt_D_Diesel,b2b--c53-13527
50669,8395898-2-hdt,b2b-50669,ft-7482e,ft-hdt-Dsl,530530728001,-122.64899673245617,47.0992006395685,530670122222.0,hdt_D_Diesel,b2b--c53-13644
50680,8395898-2-hdt,b2b-50680,ft-4ad0e,ft-hdt-Dsl,530530728001,-122.64899673245617,47.0992006395685,530670122222.0,hdt_D_Diesel,b2b--c53-13655
50683,8395898-2-hdt,b2b-50683,ft-dd9df,ft-hdt-Dsl,530530728001,-122.64899673245617,47.0992006395685,530670122222.0,hdt_D_Diesel,b2b--c53-13659
50689,8395898-2-hdt,b2b-50689,ft-4a7cd,ft-hdv-Dsl,530530728001,-122.64899673245617,47.0992006395685,530670122222.0,hdv_D_Diesel,b2b--c53-13667
50695,8395898-2-hdt,b2b-50695,ft-6620f,ft-hdt-Dsl,530530728001,-122.64899673245617,47.0992006395685,530670122222.0,hdt_D_Diesel,b2b--c53-13673
50696,8395898-2-hdt,b2b-50696,ft-d550a,ft-hdt-Dsl,530530728001,-122.64899673245617,47.0992006395685,530670122222.0,hdt_D_Diesel,b2b--c53-13674
50706,6382113-4-hdt,b2b-50706,ft-f5e62,ft-hdv-Dsl,530530729061,-122.5544249277511,47.049137874735855,530419708002.0,hdv_D_Diesel,b2b--c53-13698
50708,7369581-41-hdt,b2b-50708,ft-0145f,ft-hdv-Dsl,530530718071,-122.49233469468531,47.17252881714979,530530718071.0,hdv_D_Diesel,b2b--c53-13729
50712,7373504-11-hdt,b2b-50712,ft-31eb3,ft-hdt-Dsl,530530729061,-122.5544249277511,47.049137874735855,530670126101.0,hdt_D_Diesel,b2b--c53-13730
50716,7373544-1-hdt,b2b-50716,ft-28c22,ft-hdv-Dsl,530530728001,-122.64899673245617,47.0992006395685,530670122222.0,hdv_D_Diesel,b2b--c53-13737
50733,6399986-2-hdt,b2b-50733,ft-d3959,ft-hdt-Dsl,530530718071,-122.48851394633839,47.17646610197556,530530718071.0,hdt_D_Diesel,b2b--c53-13763
50741,6400238-1-hdt,b2b-50741,ft-13916,ft-hdt-Dsl,530530718071,-122.49871896587004,47.166701904907185,530530718071.0,hdt_D_Diesel,b2b--c53-13774
50745,6437313-2-hdt,b2b-50745,ft-e8842,ft-hdt-Dsl,530530729061,-122.5544249277511,47.049137874735855,530670126102.0,hdt_D_Diesel,b2b--c53-13779
50786,7361888-11-hdt,b2b-50786,ft-32477,ft-hdt-Dsl,530330305011,-122.22966721107335,47.34473362659061,530330305011.0,hdt_D_Diesel,b2b--c53-13855
50792,7369171-6-hdt,b2b-50792,ft-4d35e,ft-hdt-Dsl,530539400022,-122.40021822743282,47.25332028353289,530539400022.0,hdt_D_Diesel,b2b--c53-13861
50799,6382226-3-hdt,b2b-50799,ft-00ef6,ft-hdv-Dsl,530530729061,-122.5544249277511,47.049137874735855,530419710003.0,hdv_D_Diesel,b2b--c53-13893
50800,6327451-1-hdt,b2b-50800,ft-5e4bc,ft-hdt-Dsl,530330303092,-122.33023539790712,47.30108945693576,530330303092.0,hdt_D_Diesel,b2b--c53-13895
50861,7368553-6-hdt,b2b-50861,ft-0ff53,ft-hdv-Dsl,530530733013,-122.24510500281356,47.2374884800514,530530733013.0,hdv_D_Diesel,b2b--c53-14068
50881,6390984-7-hdt,b2b-50881,ft-33297,ft-hdv-Dsl,530530713063,-122.40916726329391,47.140387715172395,530530713063.0,hdv_D_Diesel,b2b--c53-14099
50887,7368258-6-hdt,b2b-50887,ft-58355,ft-hdt-Dsl,530539400101,-122.30168395873133,47.210649765319154,530539400101.0,hdt_D_Diesel,b2b--c53-14142
50893,6390279-1-hdt,b2b-50893,ft-6bfef,ft-hdt-Dsl,530530712073,-122.2887832903451,47.158466742257275,530530712073.0,hdt_D_Diesel,b2b--c53-14148
50895,6330010-4-hdt,b2b-50895,ft-91d35,ft-hdv-Dsl,530330292061,-122.24411542829525,47.420589532345765,530330292061.0,hdv_D_Diesel,b2b--c53-14150
50907,7368258-1-hdt,b2b-50907,ft-dba45,ft-hdt-Dsl,530539400101,-122.30168395873133,47.210649765319154,530539400101.0,hdt_D_Diesel,b2b--c53-14177
50910,6331542-3-hdt,b2b-50910,ft-81797,ft-hdt-Dsl,530330292061,-122.25474201704533,47.4233490231686,530330292061.0,hdt_D_Diesel,b2b--c53-14183
50920,6392376-2-hdt,b2b-50920,ft-61cdd,ft-hdt-Dsl,530530703132,-122.22479545462906,47.22951524507877,530530703132.0,hdt_D_Diesel,b2b--c53-14201
50931,6331649-5-hdt,b2b-50931,ft-65bac,ft-hdt-Dsl,530330292061,-122.23360021695883,47.42620478511891,530330292061.0,hdt_D_Diesel,b2b--c53-14225
50934,6386523-6-hdt,b2b-50934,ft-6830c,ft-hdt-Dsl,530539400101,-122.30890508651055,47.21471729892524,530539400101.0,hdt_D_Diesel,b2b--c53-14230
50935,6386523-6-hdt,b2b-50935,ft-0ea2a,ft-hdt-Dsl,530539400101,-122.30890508651055,47.21471729892524,530539400101.0,hdt_D_Diesel,b2b--c53-14229
50939,7368258-16-hdt,b2b-50939,ft-58cc3,ft-hdt-Dsl,530539400101,-122.30168395873133,47.210649765319154,530539400101.0,hdt_D_Diesel,b2b--c53-14267
50950,7369581-26-hdt,b2b-50950,ft-33303,ft-hdt-Dsl,530530718071,-122.49233469468531,47.17252881714979,530530718071.0,hdt_D_Diesel,b2b--c53-14281
50965,7369170-16-hdt,b2b-50965,ft-74577,ft-hdt-Dsl,530539400022,-122.38729573129213,47.2402028107407,530539400022.0,hdt_D_Diesel,b2b--c53-14381
50980,7373068-37-hdt,b2b-50980,ft-db478,ft-hdt-Dsl,530610537001,-121.31300181346782,48.04698207479564,530659513003.0,hdt_D_Diesel,b2b--c53-14418
50981,7369225-6-hdt,b2b-50981,ft-e41c6,ft-hdv-Dsl,530539400101,-122.32054845415173,47.212734084504994,530539400101.0,hdv_D_Diesel,b2b--c53-14428
50985,7369578-21-hdt,b2b-50985,ft-3b991,ft-hdt-Dsl,530530718071,-122.49172169332216,47.17446773435666,530530718071.0,hdt_D_Diesel,b2b--c53-14448
50987,7369578-21-hdt,b2b-50987,ft-47367,ft-hdt-Dsl,530530718071,-122.49172169332216,47.17446773435666,530530718071.0,hdt_D_Diesel,b2b--c53-14446
51006,7369145-22-hdv,b2b-51006,ft-b73fa,ft-hdv-Dsl,530539400022,-122.3969715048256,47.243236011784234,530539400022.0,hdv_D_Diesel,b2b--c53-14482
51016,7367415-19-ld3,b2b-51016,ft-e1ffb,ft-ld3-Dsl,530350921002,-122.7498808791254,47.503082656597904,530350921002.0,ld3_D_Diesel,b2b--c53-14494
51018,7369529-4-ld3,b2b-51018,ft-86a41,ft-ld3-Dsl,530530720002,-122.53020686900938,47.12115984586613,530530720002.0,ld3_D_Diesel,b2b--c53-14496
51023,7369579-28-ld1,b2b-51023,ft-75b64,ft-ld1-Dsl,530530718071,-122.49197255683097,47.17282095273845,530530718071.0,ld1_D_Diesel,b2b--c53-14508
51064,7368259-15-mdv,b2b-51064,ft-f75d7,ft-mdv-Gas,530539400101,-122.33667057948605,47.21894594792787,530539400101.0,mdv_G_Gasoline,b2b--c53-14590
51084,8394083-19-ld1,b2b-51084,ft-41475,ft-ld1-Gas,530330305011,-122.22995073612395,47.34476729172456,530330305011.0,ld1_G_Gasoline,b2b--c53-14625
51095,7372017-9-ld3,b2b-51095,ft-e7731,ft-ld3-Dsl,530610537001,-121.31300181346782,48.04698207479564,530630122001.0,ld3_D_Diesel,b2b--c53-14651
51099,7192587-26-mdv,b2b-51099,ft-31b12,ft-mdv-Dsl,530530732003,-122.23706641279225,46.78408365659002,410510007023.0,mdv_D_Diesel,b2b--c53-14656
51103,7194917-61-hdt,b2b-51103,ft-91e8d,ft-hdt-Dsl,530530701001,-121.5437370927352,47.12072649438632,20095.0,hdt_D_Diesel,b2b--c53-14662
51111,7369529-3-ld1,b2b-51111,ft-8b8b4,ft-ld1-Gas,530530720002,-122.53020686900938,47.12115984586613,530530720002.0,ld1_G_Gasoline,b2b--c53-14678
51121,8415294-12-ld3,b2b-51121,ft-7f56a,ft-ld3-Dsl,530530732003,-122.23706641279225,46.78408365659002,410470025021.0,ld3_D_Diesel,b2b--c53-14689
51130,8415294-12-ld3,b2b-51130,ft-f5f0b,ft-ld3-Dsl,530530732003,-122.23706641279225,46.78408365659002,410470025021.0,ld3_D_Diesel,b2b--c53-14708
51133,7361806-8-ld1,b2b-51133,ft-c0bcb,ft-ld1-Dsl,530330292061,-122.24465895656691,47.42648528440445,530330292061.0,ld1_D_Diesel,b2b--c53-14725
51142,7361888-3-ld1,b2b-51142,ft-53172,ft-ld1-Gas,530330305011,-122.22966721107335,47.34473362659061,530330305011.0,ld1_G_Gasoline,b2b--c53-14741
51156,7362110-5-ld1,b2b-51156,ft-16474,ft-ld1-Dsl,530330292061,-122.22102860852105,47.40629326703451,530330292061.0,ld1_D_Diesel,b2b--c53-14776
51164,7369580-8-ld1,b2b-51164,ft-5ae4b,ft-ld1-Gas,530530718071,-122.49198150530705,47.17308429967378,530530718071.0,ld1_G_Gasoline,b2b--c53-14793
51175,7369224-33-ld1,b2b-51175,ft-6e6bc,ft-ld1-Gas,530539400022,-122.35897274041128,47.25278630859665,530539400022.0,ld1_G_Gasoline,b2b--c53-14811
51195,6738303-13-ld1,b2b-51195,ft-9da81,ft-ld1-Gas,530530732004,-122.26381973027048,46.91888857212184,20012.0,ld1_G_Gasoline,b2b--c53-14842
51204,8396033-1-hdt,b2b-51204,ft-31bcb,ft-hdt-Dsl,530330315021,-121.36938446587672,47.147855247348815,530770018002.0,hdt_D_Diesel,b2b--c53-14854
51207,8396033-1-hdt,b2b-51207,ft-3630a,ft-hdt-Dsl,530330315021,-121.36938446587672,47.147855247348815,530770018002.0,hdt_D_Diesel,b2b--c53-14869
51216,8394083-1-hdt,b2b-51216,ft-4dcf4,ft-hdt-Dsl,530330305011,-122.22995073612395,47.34476729172456,530330305011.0,hdt_D_Diesel,b2b--c53-14898
51221,8394083-1-hdt,b2b-51221,ft-8e21f,ft-hdt-Dsl,530330305011,-122.22995073612395,47.34476729172456,530330305011.0,hdt_D_Diesel,b2b--c53-14903
51226,8394083-1-hdt,b2b-51226,ft-cd6ae,ft-hdt-Dsl,530330305011,-122.22995073612395,47.34476729172456,530330305011.0,hdt_D_Diesel,b2b--c53-14908
51234,8394083-1-hdt,b2b-51234,ft-a453a,ft-hdv-Dsl,530330305011,-122.22995073612395,47.34476729172456,530330305011.0,hdv_D_Diesel,b2b--c53-14964
51239,8394083-1-hdt,b2b-51239,ft-212b5,ft-hdt-Dsl,530330305011,-122.22995073612395,47.34476729172456,530330305011.0,hdt_D_Diesel,b2b--c53-14969
51242,8394083-1-hdt,b2b-51242,ft-284a8,ft-hdt-Dsl,530330305011,-122.22995073612395,47.34476729172456,530330305011.0,hdt_D_Diesel,b2b--c53-14973
51246,8394083-1-hdt,b2b-51246,ft-2cae5,ft-hdt-Dsl,530330305011,-122.22995073612395,47.34476729172456,530330305011.0,hdt_D_Diesel,b2b--c53-14943
51247,7193544-21-hdt,b2b-51247,ft-b9819,ft-hdt-Dsl,530530732003,-122.23706641279225,46.78408365659002,410510072021.0,hdt_D_Diesel,b2b--c53-14976
51259,8394084-10-ld3,b2b-51259,ft-468ec,ft-ld3-Dsl,530330305011,-122.22967345668138,47.33385574360352,530330305011.0,ld3_D_Diesel,b2b--c53-15000
51262,8394084-10-ld3,b2b-51262,ft-aab96,ft-ld3-Dsl,530330305011,-122.22967345668138,47.33385574360352,530330305011.0,ld3_D_Diesel,b2b--c53-15003
51274,7367025-15-mdv,b2b-51274,ft-54bf0,ft-mdv-Dsl,530330284024,-122.29846340456025,47.44344405905367,530330284024.0,mdv_D_Diesel,b2b--c53-15040
51280,7368550-13-ld1,b2b-51280,ft-cd5ad,ft-ld1-Gas,530539400101,-122.32063107153414,47.21194006495005,530539400101.0,ld1_G_Gasoline,b2b--c53-15053
51281,7368550-13-ld1,b2b-51281,ft-710c3,ft-ld1-Gas,530539400101,-122.32063107153414,47.21194006495005,530539400101.0,ld1_G_Gasoline,b2b--c53-15049
51286,7369145-3-ld1,b2b-51286,ft-700de,ft-ld1-Gas,530539400022,-122.3969715048256,47.243236011784234,530539400022.0,ld1_G_Gasoline,b2b--c53-15063
51288,7373560-18-ld1,b2b-51288,ft-6b8b6,ft-ld1-Dsl,530530728001,-122.64899673245617,47.0992006395685,530670122213.0,ld1_D_Diesel,b2b--c53-15064
51320,7361889-3-ld1,b2b-51320,ft-2e6b7,ft-ld1-Gas,530330292061,-122.26168663979756,47.400176905935744,530330292061.0,ld1_G_Gasoline,b2b--c53-15151
51321,7369164-8-ld1,b2b-51321,ft-a8857,ft-ld1-Gas,530539400022,-122.3623989794619,47.24303041243632,530539400022.0,ld1_G_Gasoline,b2b--c53-15157
51326,7369145-28-ld1,b2b-51326,ft-c5511,ft-ld1-Gas,530539400022,-122.3969715048256,47.243236011784234,530539400022.0,ld1_G_Gasoline,b2b--c53-15168
51336,7361953-3-ld1,b2b-51336,ft-332fc,ft-ld1-Gas,530330292061,-122.22834520138616,47.42187038261192,530330292061.0,ld1_G_Gasoline,b2b--c53-15190
51341,8395378-5-ld1,b2b-51341,ft-9bab3,ft-ld1-Gas,530539400022,-122.3579130992221,47.246033532588356,530539400022.0,ld1_G_Gasoline,b2b--c53-15193
51345,8395378-5-ld1,b2b-51345,ft-6be1f,ft-ld1-Gas,530539400022,-122.3579130992221,47.246033532588356,530539400022.0,ld1_G_Gasoline,b2b--c53-15211
51346,8395378-5-ld1,b2b-51346,ft-bd4d9,ft-ld1-Gas,530539400022,-122.3579130992221,47.246033532588356,530539400022.0,ld1_G_Gasoline,b2b--c53-15212
51348,7360522-8-ld1,b2b-51348,ft-11896,ft-ld1-Gas,530330303132,-122.32259414391753,47.29636307129804,530330303132.0,ld1_G_Gasoline,b2b--c53-15216
51354,7369222-12-hdv,b2b-51354,ft-22b60,ft-hdv-Dsl,530539400101,-122.30417659281488,47.20442295434449,530539400101.0,hdv_D_Diesel,b2b--c53-15231
51357,7369225-19-ld3,b2b-51357,ft-5362b,ft-ld3-Gas,530539400101,-122.32054845415173,47.212734084504994,530539400101.0,ld3_G_Gasoline,b2b--c53-15232
51363,8395386-6-mdv,b2b-51363,ft-83329,ft-mdv-Dsl,530539400101,-122.32082602454804,47.21474910148543,530539400101.0,mdv_D_Diesel,b2b--c53-15250
51365,7369580-23-ld1,b2b-51365,ft-0daaf,ft-ld1-Gas,530530718071,-122.49198150530705,47.17308429967378,530530718071.0,ld1_G_Gasoline,b2b--c53-15252
51369,7361790-29-ld3,b2b-51369,ft-cb1cc,ft-ld3-Dsl,530330292061,-122.24399044478618,47.433219893641684,530330292061.0,ld3_D_Diesel,b2b--c53-15256
51387,7361790-33-ld1,b2b-51387,ft-9c576,ft-ld1-Gas,530330292061,-122.24399044478618,47.433219893641684,530330292061.0,ld1_G_Gasoline,b2b--c53-15283
51392,7369580-4-ld3,b2b-51392,ft-fa4fc,ft-ld3-Gas,530530718071,-122.49198150530705,47.17308429967378,530530718071.0,ld3_G_Gasoline,b2b--c53-15294
51406,7361887-14-ld3,b2b-51406,ft-8e5ae,ft-ld3-Gas,530330292061,-122.2556934969093,47.42316027007642,530330292061.0,ld3_G_Gasoline,b2b--c53-15328
51408,7361949-18-ld1,b2b-51408,ft-562bc,ft-ld1-Gas,530330305011,-122.23227781412766,47.337008855767586,530330305011.0,ld1_G_Gasoline,b2b--c53-15332
51426,7361892-4-ld3,b2b-51426,ft-8ed19,ft-ld3-Gas,530330305011,-122.2297347561288,47.344822000685745,530330305011.0,ld3_G_Gasoline,b2b--c53-15372
51458,7365531-13-ld1,b2b-51458,ft-8634d,ft-ld1-Gas,530330263002,-122.29034760404986,47.50675431311565,530330263002.0,ld1_G_Gasoline,b2b--c53-15431
51460,7369175-9-ld3,b2b-51460,ft-deba0,ft-ld3-Gas,530539400022,-122.38277270721338,47.24313470998042,530539400022.0,ld3_G_Gasoline,b2b--c53-15435
51470,7369579-14-ld3,b2b-51470,ft-c0691,ft-ld3-Dsl,530530718071,-122.49197255683097,47.17282095273845,530530718071.0,ld3_D_Diesel,b2b--c53-15452
51481,7361951-4-ld3,b2b-51481,ft-bfb95,ft-ld3-Dsl,530330292061,-122.22446575655314,47.419646524413956,530330292061.0,ld3_D_Diesel,b2b--c53-15470
51499,7361802-5-ld1,b2b-51499,ft-28a3a,ft-ld1-Dsl,530330292061,-122.25322050856488,47.41586647958096,530330292061.0,ld1_D_Diesel,b2b--c53-15506
51501,8395898-13-ld1,b2b-51501,ft-8fde5,ft-ld1-Dsl,530530728001,-122.64899673245617,47.0992006395685,530670122222.0,ld1_D_Diesel,b2b--c53-15512
51535,7360521-3-ld1,b2b-51535,ft-0daba,ft-ld1-Dsl,530330303132,-122.30670863132192,47.29631922682546,530330303132.0,ld1_D_Diesel,b2b--c53-15581
51543,8394327-11-ld3,b2b-51543,ft-be07e,ft-ld3-Dsl,530330292061,-122.24406567327773,47.40621658580291,530330292061.0,ld3_D_Diesel,b2b--c53-15593
51575,7369579-18-ld1,b2b-51575,ft-0e9fd,ft-ld1-Gas,530530718071,-122.49197255683097,47.17282095273845,530530718071.0,ld1_G_Gasoline,b2b--c53-15648
51577,7369580-9-ld3,b2b-51577,ft-875bd,ft-ld3-Gas,530530718071,-122.49198150530705,47.17308429967378,530530718071.0,ld3_G_Gasoline,b2b--c53-15654
51579,7361950-4-ld3,b2b-51579,ft-dd975,ft-ld3-Dsl,530330300034,-122.31321089826587,47.372456817011994,530330300034.0,ld3_D_Diesel,b2b--c53-15655
51581,7361889-8-ld1,b2b-51581,ft-e3a4a,ft-ld1-Gas,530330292061,-122.26168663979756,47.400176905935744,530330292061.0,ld1_G_Gasoline,b2b--c53-15659
51594,7361995-13-ld1,b2b-51594,ft-d8e1e,ft-ld1-Gas,530330292061,-122.23115652584403,47.42161729811453,530330292061.0,ld1_G_Gasoline,b2b--c53-15689
51600,7368806-29-ld3,b2b-51600,ft-73ef3,ft-ld3-Gas,530530626002,-122.47533025407945,47.22237754416001,530530626002.0,ld3_G_Gasoline,b2b--c53-15697
51602,7369221-13-ld1,b2b-51602,ft-4ee7d,ft-ld1-Gas,530539400101,-122.31035393745093,47.20502765367965,530539400101.0,ld1_G_Gasoline,b2b--c53-15700_2
51618,7368993-9-ld3,b2b-51618,ft-41de2,ft-ld3-Dsl,530530626001,-122.48142674423129,47.22315676250872,530530626001.0,ld3_D_Diesel,b2b--c53-15732
51624,7361744-38-ld1,b2b-51624,ft-72372,ft-ld1-Gas,530330292061,-122.22528263501711,47.432243549317185,530330292061.0,ld1_G_Gasoline,b2b--c53-15745
51636,7369529-29-ld3,b2b-51636,ft-deb9e,ft-ld3-Gas,530530720002,-122.53020686900938,47.12115984586613,530530720002.0,ld3_G_Gasoline,b2b--c53-15761
51645,7369581-9-ld3,b2b-51645,ft-86761,ft-ld3-Gas,530530718071,-122.49233469468531,47.17252881714979,530530718071.0,ld3_G_Gasoline,b2b--c53-15775
51647,7369581-9-ld3,b2b-51647,ft-6971b,ft-ld3-Gas,530530718071,-122.49233469468531,47.17252881714979,530530718071.0,ld3_G_Gasoline,b2b--c53-15785
51664,7369529-23-ld1,b2b-51664,ft-65d19,ft-ld1-Gas,530530720002,-122.53020686900938,47.12115984586613,530530720002.0,ld1_G_Gasoline,b2b--c53-15816
51686,7368425-4-ld3,b2b-51686,ft-112f8,ft-ld3-Gas,530530712073,-122.29087415342278,47.162130639652865,530530712073.0,ld3_G_Gasoline,b2b--c53-15857
51737,7366429-14-ld3,b2b-51737,ft-122e5,ft-ld3-Gas,530330093003,-122.34204282855166,47.569492954037656,530330093003.0,ld3_G_Gasoline,b2b--c53-15946
51741,7366753-4-ld3,b2b-51741,ft-88bf7,ft-ld3-Gas,530330264005,-122.32943382695088,47.51835358889425,530330264005.0,ld3_G_Gasoline,b2b--c53-15952
51753,7366620-29-ld3,b2b-51753,ft-e4043,ft-ld3-Gas,530330284024,-122.29217467971979,47.45881065074249,530330284024.0,ld3_G_Gasoline,b2b--c53-15974
51754,7366620-29-ld3,b2b-51754,ft-8fe6e,ft-ld3-Gas,530330284024,-122.29217467971979,47.45881065074249,530330284024.0,ld3_G_Gasoline,b2b--c53-15970
51780,7360251-3-ld1,b2b-51780,ft-56498,ft-ld1-Dsl,530330308011,-122.25027559284608,47.294574176820156,530330308011.0,ld1_D_Diesel,b2b--c53-16022
51781,7360251-3-ld1,b2b-51781,ft-95235,ft-ld1-Dsl,530330308011,-122.25027559284608,47.294574176820156,530330308011.0,ld1_D_Diesel,b2b--c53-16021
51797,7368270-19-ld3,b2b-51797,ft-7c3b8,ft-ld3-Gas,530539400101,-122.30718333442022,47.2133342925431,530539400101.0,ld3_G_Gasoline,b2b--c53-16055
51804,7362668-14-ld3,b2b-51804,ft-7c721,ft-ld3-Gas,530330284024,-122.29828123802866,47.44416305383533,530330284024.0,ld3_G_Gasoline,b2b--c53-16064
51805,7367225-13-ld1,b2b-51805,ft-0799e,ft-ld1-Dsl,530350918001,-122.62900047276442,47.60822482213245,530350918001.0,ld1_D_Diesel,b2b--c53-16065
51809,7366501-4-ld3,b2b-51809,ft-9b3ee,ft-ld3-Gas,530330265002,-122.3430757196565,47.51192083812315,530330265002.0,ld3_G_Gasoline,b2b--c53-16071
51816,7367308-9-ld3,b2b-51816,ft-e0c90,ft-ld3-Dsl,530350811002,-122.65365560350207,47.5622531720294,530350811002.0,ld3_D_Diesel,b2b--c53-16080
51822,7361890-9-ld3,b2b-51822,ft-34488,ft-ld3-Gas,530330283003,-122.25198503629612,47.42872998511336,530330283003.0,ld3_G_Gasoline,b2b--c53-16091
51831,7360299-33-ld1,b2b-51831,ft-92135,ft-ld1-Dsl,530330308013,-122.22881583323118,47.27823949337624,530330308013.0,ld1_D_Diesel,b2b--c53-16103
51840,7367065-8-ld1,b2b-51840,ft-6ba39,ft-ld1-Gas,530330288013,-122.29978682083382,47.41404252517009,530330288013.0,ld1_G_Gasoline,b2b--c53-16121
51846,7366753-8-ld1,b2b-51846,ft-a2099,ft-ld1-Gas,530330264005,-122.32943382695088,47.51835358889425,530330264005.0,ld1_G_Gasoline,b2b--c53-16133
51860,7361995-23-ld1,b2b-51860,ft-f4dfb,ft-ld1-Gas,530330292061,-122.23115652584403,47.42161729811453,530330292061.0,ld1_G_Gasoline,b2b--c53-16154
51877,7369144-18-ld1,b2b-51877,ft-ec946,ft-ld1-Gas,530530602001,-122.41528801040086,47.24832819827986,530530602001.0,ld1_G_Gasoline,b2b--c53-16184
51892,8395057-6-ld3,b2b-51892,ft-5a910,ft-ld3-Gas,530330262001,-122.24852730189083,47.4477634184965,530330262001.0,ld3_G_Gasoline,b2b--c53-16214
51895,7361744-44-ld3,b2b-51895,ft-00db0,ft-ld3-Gas,530330292061,-122.22528263501711,47.432243549317185,530330292061.0,ld3_G_Gasoline,b2b--c53-16225
51901,7366364-3-ld1,b2b-51901,ft-edd10,ft-ld1-Dsl,530330093003,-122.33231170637092,47.56852810250407,530330093003.0,ld1_D_Diesel,b2b--c53-16233
51910,7368652-4-ld3,b2b-51910,ft-e5cf4,ft-ld3-Dsl,530530616011,-122.43776300444318,47.255231485980175,530530616011.0,ld3_D_Diesel,b2b--c53-16253
51912,8394432-13-ld1,b2b-51912,ft-b5b73,ft-ld1-Gas,530330288021,-122.29448221175943,47.42747273756918,530330288021.0,ld1_G_Gasoline,b2b--c53-16257
51935,8395285-10-mdv,b2b-51935,ft-0a599,ft-mdv-Dsl,530539400101,-122.30568983007865,47.212144412126825,530539400101.0,mdv_D_Diesel,b2b--c53-16293
51943,7186990-6-ld1,b2b-51943,ft-c69f0,ft-ld1-Gas,530530732003,-122.23706641279225,46.78408365659002,410050227072.0,ld1_G_Gasoline,b2b--c53-16304
51945,7192587-20-mdv,b2b-51945,ft-eaeb9,ft-mdv-Gas,530530732003,-122.23706641279225,46.78408365659002,410510007023.0,mdv_G_Gasoline,b2b--c53-16307
51959,7366717-14-ld3,b2b-51959,ft-ebced,ft-ld3-Gas,530330262001,-122.22921061931757,47.47394127510094,530330262001.0,ld3_G_Gasoline,b2b--c53-16327
51977,8371066-14-ld3,b2b-51977,ft-fe82e,ft-ld3-Gas,530530732003,-122.23706641279225,46.78408365659002,410510073001.0,ld3_G_Gasoline,b2b--c53-16366
52000,7373608-8-ld1,b2b-52000,ft-408a1,ft-ld1-Gas,530530729061,-122.5544249277511,47.049137874735855,530670126102.0,ld1_G_Gasoline,b2b--c53-16407
52018,8371205-11-hdt,b2b-52018,ft-2d7e0,ft-hdt-Dsl,530530732003,-122.23706641279225,46.78408365659002,410510102001.0,hdt_D_Diesel,b2b--c53-16463
52029,7192981-44-ld1,b2b-52029,ft-f8f9a,ft-ld1-Gas,530530732003,-122.23706641279225,46.78408365659002,410510043001.0,ld1_G_Gasoline,b2b--c53-16490
52043,7186237-11-ld3,b2b-52043,ft-849cd,ft-ld3-Gas,530530732003,-122.23706641279225,46.78408365659002,410030104003.0,ld3_G_Gasoline,b2b--c53-16519
52050,6677332-14-ld3,b2b-52050,ft-5daec,ft-ld3-Dsl,530530701001,-121.5437370927352,47.12072649438632,20009.0,ld3_D_Diesel,b2b--c53-16536
52069,6713100-11-hdt,b2b-52069,ft-99286,ft-hdt-Dsl,530530701001,-121.5437370927352,47.12072649438632,20009.0,hdt_D_Diesel,b2b--c53-16584
52072,6713100-11-hdt,b2b-52072,ft-53bb7,ft-hdt-Dsl,530530701001,-121.5437370927352,47.12072649438632,20009.0,hdt_D_Diesel,b2b--c53-16588
52074,6713100-11-hdt,b2b-52074,ft-0b55c,ft-hdt-Dsl,530530701001,-121.5437370927352,47.12072649438632,20009.0,hdt_D_Diesel,b2b--c53-16590
52082,8299946-8-ld1,b2b-52082,ft-fd8bf,ft-ld1-Gas,530530701001,-121.5437370927352,47.12072649438632,20009.0,ld1_G_Gasoline,b2b--c53-16605
52086,8331403-6-ld3,b2b-52086,ft-4d42a,ft-ld3-Gas,530610537001,-121.31300181346782,48.04698207479564,20041.0,ld3_G_Gasoline,b2b--c53-16609
52089,8331403-6-ld3,b2b-52089,ft-4a7b7,ft-ld3-Gas,530610537001,-121.31300181346782,48.04698207479564,20041.0,ld3_G_Gasoline,b2b--c53-16612
52095,6904161-1-hdt,b2b-52095,ft-15e7a,ft-hdt-Dsl,530610537001,-121.31300181346782,48.04698207479564,20041.0,hdt_D_Diesel,b2b--c53-16627
52104,6904161-1-hdt,b2b-52104,ft-6d8b2,ft-hdv-Dsl,530610537001,-121.31300181346782,48.04698207479564,20041.0,hdv_D_Diesel,b2b--c53-16636
52105,6904161-1-hdt,b2b-52105,ft-d71fa,ft-hdv-Dsl,530610537001,-121.31300181346782,48.04698207479564,20041.0,hdv_D_Diesel,b2b--c53-16637
52126,6904161-1-hdt,b2b-52126,ft-8e4d4,ft-hdt-Dsl,530610537001,-121.31300181346782,48.04698207479564,20041.0,hdt_D_Diesel,b2b--c53-16707
52134,6904161-1-hdt,b2b-52134,ft-486bb,ft-hdt-Dsl,530610537001,-121.31300181346782,48.04698207479564,20041.0,hdt_D_Diesel,b2b--c53-16716
52137,6904161-1-hdt,b2b-52137,ft-3d083,ft-hdv-Dsl,530610537001,-121.31300181346782,48.04698207479564,20041.0,hdv_D_Diesel,b2b--c53-16719
52162,370138-2-hdt,b2b-52162,ft-2aee5,ft-hdt-Dsl,530530732004,-122.26381973027048,46.91888857212184,20013.0,hdt_D_Diesel,b2b--c53-16767
52177,8304674-10-ld3,b2b-52177,ft-18d50,ft-ld3-Dsl,530530701001,-121.5437370927352,47.12072649438632,20009.0,ld3_D_Diesel,b2b--c53-16796
52191,7186534-18-ld1,b2b-52191,ft-71318,ft-ld1-Gas,530530732003,-122.23706641279225,46.78408365659002,410050215002.0,ld1_G_Gasoline,b2b--c53-16822
52200,8395286-1-hdt,b2b-52200,ft-90faa,ft-hdt-Dsl,530539400101,-122.30103292350968,47.20925891016092,530539400101.0,hdt_D_Diesel,b2b--c53-16921
52201,8395286-1-hdt,b2b-52201,ft-7364b,ft-hdt-Dsl,530539400101,-122.30103292350968,47.20925891016092,530539400101.0,hdt_D_Diesel,b2b--c53-16922
52204,8395286-1-hdt,b2b-52204,ft-d2237,ft-hdt-Dsl,530539400101,-122.30103292350968,47.20925891016092,530539400101.0,hdt_D_Diesel,b2b--c53-16841
52221,7368806-12-hdv,b2b-52221,ft-448fc,ft-hdv-Dsl,530530626002,-122.47533025407945,47.22237754416001,530530626002.0,hdv_D_Diesel,b2b--c53-16939
52241,7369224-6-hdt,b2b-52241,ft-1589c,ft-hdt-Dsl,530539400022,-122.35897274041128,47.25278630859665,530539400022.0,hdt_D_Diesel,b2b--c53-16967
52249,7371147-1-hdt,b2b-52249,ft-dfbde,ft-hdt-Dsl,530610535091,-122.14839077795033,48.17104852749387,530610535091.0,hdt_D_Diesel,b2b--c53-17000
52255,7372143-6-hdt,b2b-52255,ft-856b6,ft-hdt-Dsl,530610537001,-121.31300181346782,48.04698207479564,530630122001.0,hdt_D_Diesel,b2b--c53-17013
52262,7363266-9-ld3,b2b-52262,ft-b1012,ft-ld3-Gas,530330262001,-122.24951352808789,47.45251126303244,530330262001.0,ld3_G_Gasoline,b2b--c53-17024
52295,7192966-3-ld3,b2b-52295,ft-27e3b,ft-ld3-Gas,530530732003,-122.23706641279225,46.78408365659002,410510043001.0,ld3_G_Gasoline,b2b--c53-17143
52297,7358586-3-ld1,b2b-52297,ft-f245e,ft-ld1-Dsl,530530732003,-122.23706641279225,46.78408365659002,530110410052.0,ld1_D_Diesel,b2b--c53-17145
52310,4967334-4-hdt,b2b-52310,ft-a3091,ft-hdt-Dsl,530530730061,-122.34183800719136,46.92931107282429,410099711001.0,hdt_D_Diesel,b2b--c53-17179
52314,7373730-1-hdt,b2b-52314,ft-27a33,ft-hdv-Dsl,530330315021,-121.36938446587672,47.147855247348815,530719202002.0,hdv_D_Diesel,b2b--c53-17184
52321,6355890-5-hdt,b2b-52321,ft-3dbce,ft-hdt-Dsl,530330109002,-122.33402570036907,47.5518501315992,530330109002.0,hdt_D_Diesel,b2b--c53-17200_2
52322,7359557-38-ld1,b2b-52322,ft-043dd,ft-ld1-Gas,530530732003,-122.23706641279225,46.78408365659002,530150015025.0,ld1_G_Gasoline,b2b--c53-17201
52336,343599-2-hdt,b2b-52336,ft-44ef1,ft-hdt-Dsl,530530732004,-122.26381973027048,46.91888857212184,20012.0,hdt_D_Diesel,b2b--c53-17228
52341,7369428-10-mdv,b2b-52341,ft-7f3ec,ft-mdv-Gas,530530714062,-122.3791628841875,47.07877783959044,530530714062.0,mdv_G_Gasoline,b2b--c53-17241
52350,4995193-3-hdt,b2b-52350,ft-e0857,ft-hdt-Dsl,530530701001,-121.5437370927352,47.12072649438632,20095.0,hdt_D_Diesel,b2b--c53-17253
52352,8394354-4-ld3,b2b-52352,ft-86ef6,ft-ld3-Gas,530330292061,-122.24394563101907,47.41876745684446,530330292061.0,ld3_G_Gasoline,b2b--c53-17255
52354,8394354-4-ld3,b2b-52354,ft-d6d9f,ft-ld3-Gas,530330292061,-122.24394563101907,47.41876745684446,530330292061.0,ld3_G_Gasoline,b2b--c53-17257
52364,7361730-2-hdv,b2b-52364,ft-8b5e9,ft-hdv-Dsl,530330292061,-122.24732272604084,47.38816117704638,530330292061.0,hdv_D_Diesel,b2b--c53-17279
52369,8394083-23-ld1,b2b-52369,ft-1ce6e,ft-ld1-Dsl,530330305011,-122.22995073612395,47.34476729172456,530330305011.0,ld1_D_Diesel,b2b--c53-17287
52370,8394083-23-ld1,b2b-52370,ft-7c873,ft-ld1-Dsl,530330305011,-122.22995073612395,47.34476729172456,530330305011.0,ld1_D_Diesel,b2b--c53-17288
52382,8394801-4-ld1,b2b-52382,ft-725ff,ft-ld1-Gas,530330112001,-122.33227885206496,47.53199660801611,530330112001.0,ld1_G_Gasoline,b2b--c53-17311
52390,7361891-8-ld1,b2b-52390,ft-2f264,ft-ld1-Gas,530330292061,-122.24476005979747,47.397552375178016,530330292061.0,ld1_G_Gasoline,b2b--c53-17320
52402,8395286-18-ld1,b2b-52402,ft-7467f,ft-ld1-Gas,530539400101,-122.30103292350968,47.20925891016092,530539400101.0,ld1_G_Gasoline,b2b--c53-17336
52416,7361952-18-ld1,b2b-52416,ft-45e93,ft-ld1-Gas,530330292061,-122.23872031603734,47.401902694751676,530330292061.0,ld1_G_Gasoline,b2b--c53-17364
52447,7369738-6-hdt,b2b-52447,ft-9033d,ft-hdt-Dsl,530610533014,-122.37093627404924,48.2483017317002,530579404003.0,hdt_D_Diesel,b2b--c53-17426
52450,7369221-9-ld3,b2b-52450,ft-76e1b,ft-ld3-Dsl,530539400101,-122.31035393745093,47.20502765367965,530539400101.0,ld3_D_Diesel,b2b--c53-17429
52451,6393483-1-hdt,b2b-52451,ft-6c8a9,ft-hdt-Dsl,530530633001,-122.40801081414656,47.20415601473905,530530633001.0,hdt_D_Diesel,b2b--c53-17433
52453,7367025-23-ld1,b2b-52453,ft-a3e33,ft-ld1-Dsl,530330284024,-122.29846340456025,47.44344405905367,530330284024.0,ld1_D_Diesel,b2b--c53-17436
52455,6395878-1-hdt,b2b-52455,ft-cd6f4,ft-hdt-Dsl,530530626001,-122.48518573719907,47.21003801587644,530530626001.0,hdt_D_Diesel,b2b--c53-17440
52456,7361953-14-ld3,b2b-52456,ft-13260,ft-ld3-Dsl,530330292061,-122.22834520138616,47.42187038261192,530330292061.0,ld3_D_Diesel,b2b--c53-17445
52458,7361953-14-ld3,b2b-52458,ft-5768a,ft-ld3-Dsl,530330292061,-122.22834520138616,47.42187038261192,530330292061.0,ld3_D_Diesel,b2b--c53-17444
52461,7358428-9-ld3,b2b-52461,ft-061da,ft-ld3-Gas,530530732003,-122.23706641279225,46.78408365659002,530110404073.0,ld3_G_Gasoline,b2b--c53-17449
52466,1053391-4-hdt,b2b-52466,ft-042e2,ft-hdt-Dsl,530530732004,-122.26381973027048,46.91888857212184,20010.0,hdt_D_Diesel,b2b--c53-17456
52470,8394328-11-ld3,b2b-52470,ft-6856a,ft-ld3-Gas,530330292061,-122.2384320753271,47.40669474169384,530330292061.0,ld3_G_Gasoline,b2b--c53-17469
52493,8395386-4-ld1,b2b-52493,ft-6288a,ft-ld1-Gas,530539400101,-122.32082602454804,47.21474910148543,530539400101.0,ld1_G_Gasoline,b2b--c53-17504
52498,7369067-28-ld1,b2b-52498,ft-4240f,ft-ld1-Gas,530530626001,-122.48308000394596,47.21890901912728,530530626001.0,ld1_G_Gasoline,b2b--c53-17511
52501,7368551-7-hdv,b2b-52501,ft-d6705,ft-hdv-Dsl,530539400101,-122.30631583034886,47.20450761365917,530539400101.0,hdv_D_Diesel,b2b--c53-17522
52560,7188598-36-hdt,b2b-52560,ft-b4c7c,ft-hdt-Dsl,530530701001,-121.5437370927352,47.12072649438632,20095.0,hdt_D_Diesel,b2b--c53-17647
52577,8415294-14-ld1,b2b-52577,ft-e5df5,ft-ld1-Gas,530530732003,-122.23706641279225,46.78408365659002,410470025021.0,ld1_G_Gasoline,b2b--c53-17693
52580,7194852-11-ld3,b2b-52580,ft-893f7,ft-ld3-Dsl,530530701001,-121.5437370927352,47.12072649438632,20095.0,ld3_D_Diesel,b2b--c53-17696
52590,7361953-23-ld1,b2b-52590,ft-d37f8,ft-ld1-Gas,530330292061,-122.22834520138616,47.42187038261192,530330292061.0,ld1_G_Gasoline,b2b--c53-17716
52594,8395620-19-ld3,b2b-52594,ft-e121c,ft-ld3-Gas,530610535091,-122.15089997478691,48.15649523919702,530610535091.0,ld3_G_Gasoline,b2b--c53-17725
52609,7369222-13-ld1,b2b-52609,ft-4fba0,ft-ld1-Gas,530539400101,-122.30417659281488,47.20442295434449,530539400101.0,ld1_G_Gasoline,b2b--c53-17767
52612,7361950-8-ld1,b2b-52612,ft-a731b,ft-ld1-Gas,530330300034,-122.31321089826587,47.372456817011994,530330300034.0,ld1_G_Gasoline,b2b--c53-17774
52616,7369222-3-ld1,b2b-52616,ft-b3e17,ft-ld1-Gas,530539400101,-122.30417659281488,47.20442295434449,530539400101.0,ld1_G_Gasoline,b2b--c53-17783
52619,7369625-8-ld1,b2b-52619,ft-0c833,ft-ld1-Gas,530530718071,-122.49201601524814,47.17286749241953,530530718071.0,ld1_G_Gasoline,b2b--c53-17788
52660,6381058-4-hdt,b2b-52660,ft-895c0,ft-hdt-Dsl,530530732004,-122.26381973027048,46.91888857212184,530399503007.0,hdt_D_Diesel,b2b--c53-17890
52662,8371205-7-hdv,b2b-52662,ft-9c3cb,ft-hdv-Dsl,530530732003,-122.23706641279225,46.78408365659002,410510102001.0,hdv_D_Diesel,b2b--c53-17893
52664,7358657-14-ld3,b2b-52664,ft-b90bf,ft-ld3-Dsl,530530732003,-122.23706641279225,46.78408365659002,530110412031.0,ld3_D_Diesel,b2b--c53-17896
52665,7195265-9-ld3,b2b-52665,ft-1043c,ft-ld3-Dsl,530530732003,-122.23706641279225,46.78408365659002,410670316134.0,ld3_D_Diesel,b2b--c53-17898
52668,6299820-6-hdt,b2b-52668,ft-37abc,ft-hdt-Dsl,530530732003,-122.23706641279225,46.78408365659002,530110426003.0,hdt_D_Diesel,b2b--c53-17904_2
52706,8371059-13-ld1,b2b-52706,ft-e5b4f,ft-ld1-Gas,530530732003,-122.23706641279225,46.78408365659002,410510073001.0,ld1_G_Gasoline,b2b--c53-17967
52707,7196409-9-ld3,b2b-52707,ft-84107,ft-ld3-Gas,530530732003,-122.23706641279225,46.78408365659002,410670320051.0,ld3_G_Gasoline,b2b--c53-17969
52733,7369428-40-mdv,b2b-52733,ft-5e265,ft-mdv-Dsl,530530714062,-122.3791628841875,47.07877783959044,530530714062.0,mdv_D_Diesel,b2b--c53-18013
52739,7368806-30-mdv,b2b-52739,ft-da32e,ft-mdv-Dsl,530530626002,-122.47533025407945,47.22237754416001,530530626002.0,mdv_D_Diesel,b2b--c53-18020
52759,8394433-5-mdv,b2b-52759,ft-c0cc5,ft-mdv-Dsl,530330292061,-122.22638267720225,47.42765202506155,530330292061.0,mdv_D_Diesel,b2b--c53-18043
52768,7369578-20-mdv,b2b-52768,ft-253c6,ft-mdv-Gas,530530718071,-122.49172169332216,47.17446773435666,530530718071.0,mdv_G_Gasoline,b2b--c53-18055
52776,7369529-20-mdv,b2b-52776,ft-ed1a9,ft-mdv-Dsl,530530720002,-122.53020686900938,47.12115984586613,530530720002.0,mdv_D_Diesel,b2b--c53-18063
52795,5047121-2-hdt,b2b-52795,ft-6c85e,ft-hdt-Dsl,530530732003,-122.23706641279225,46.78408365659002,410670320054.0,hdt_D_Diesel,b2b--c53-18089
52815,4954906-3-hdt,b2b-52815,ft-f72c4,ft-hdt-Dsl,530530730061,-122.34183800719136,46.92931107282429,410030102003.0,hdt_D_Diesel,b2b--c53-18135
52816,7192198-19-ld3,b2b-52816,ft-feb31,ft-ld3-Gas,530530732003,-122.23706641279225,46.78408365659002,410510072021.0,ld3_G_Gasoline,b2b--c53-18137
52825,5029443-4-hdt,b2b-52825,ft-56222,ft-hdt-Dsl,530530732003,-122.23706641279225,46.78408365659002,410510090003.0,hdt_D_Diesel,b2b--c53-18153
52853,8347241-9-ld1,b2b-52853,ft-54008,ft-ld1-Gas,530330315021,-121.36938446587672,47.147855247348815,20063.0,ld1_G_Gasoline,b2b--c53-18203
52859,7372963-10-mdv,b2b-52859,ft-92696,ft-mdv-Gas,530610537001,-121.31300181346782,48.04698207479564,530630137001.0,mdv_G_Gasoline,b2b--c53-18219
52862,7372638-14-ld3,b2b-52862,ft-72834,ft-ld3-Gas,530610537001,-121.31300181346782,48.04698207479564,530630114003.0,ld3_G_Gasoline,b2b--c53-18222
52864,6429345-2-hdt,b2b-52864,ft-66415,ft-hdt-Dsl,530610537001,-121.31300181346782,48.04698207479564,530630114003.0,hdt_D_Diesel,b2b--c53-18224
52869,7358569-2-hdv,b2b-52869,ft-b8b09,ft-hdv-Dsl,530530732003,-122.23706641279225,46.78408365659002,530110410052.0,hdv_D_Diesel,b2b--c53-18231
52875,8303352-5-ld1,b2b-52875,ft-14a87,ft-ld1-Dsl,530530701001,-121.5437370927352,47.12072649438632,20009.0,ld1_D_Diesel,b2b--c53-18238
52879,7369224-9-ld3,b2b-52879,ft-baa8d,ft-ld3-Dsl,530539400022,-122.35897274041128,47.25278630859665,530539400022.0,ld3_D_Diesel,b2b--c53-18251
52888,7326635-1-hdt,b2b-52888,ft-83f0c,ft-hdt-Dsl,530530701001,-121.5437370927352,47.12072649438632,20118.0,hdt_D_Diesel,b2b--c53-18274
52890,7367763-3-ld1,b2b-52890,ft-7b103,ft-ld1-Gas,530530729061,-122.5544249277511,47.049137874735855,530419708002.0,ld1_G_Gasoline,b2b--c53-18276
52909,7369428-20-mdv,b2b-52909,ft-3f8c7,ft-mdv-Dsl,530530714062,-122.3791628841875,47.07877783959044,530530714062.0,mdv_D_Diesel,b2b--c53-18467
52910,7368993-15-mdv,b2b-52910,ft-93ad0,ft-mdv-Dsl,530530626001,-122.48142674423129,47.22315676250872,530530626001.0,mdv_D_Diesel,b2b--c53-18469
52919,8417436-3-hdt,b2b-52919,ft-9d915,ft-hdv-Dsl,530610537001,-121.31300181346782,48.04698207479564,530630141002.0,hdv_D_Diesel,b2b--c53-18688
52921,8417436-3-hdt,b2b-52921,ft-f8509,ft-hdv-Dsl,530610537001,-121.31300181346782,48.04698207479564,530630141002.0,hdv_D_Diesel,b2b--c53-18690
52930,8417436-3-hdt,b2b-52930,ft-a38a7,ft-hdt-Dsl,530610537001,-121.31300181346782,48.04698207479564,530630141002.0,hdt_D_Diesel,b2b--c53-18699
52937,8417436-3-hdt,b2b-52937,ft-4d8f0,ft-hdv-Dsl,530610537001,-121.31300181346782,48.04698207479564,530630141002.0,hdv_D_Diesel,b2b--c53-18706
52940,8417436-3-hdt,b2b-52940,ft-0c0e6,ft-hdt-Dsl,530610537001,-121.31300181346782,48.04698207479564,530630141002.0,hdt_D_Diesel,b2b--c53-18709
52949,7369067-30-mdv,b2b-52949,ft-32486,ft-mdv-Gas,530530626001,-122.48308000394596,47.21890901912728,530530626001.0,mdv_G_Gasoline,b2b--c53-18722
52962,7361803-24-mdv,b2b-52962,ft-63f99,ft-mdv-Gas,530330292061,-122.22600671466729,47.40844696648436,530330292061.0,mdv_G_Gasoline,b2b--c53-18733
52979,7362109-3-mdv,b2b-52979,ft-62e1b,ft-mdv-Gas,530330292061,-122.24917211844225,47.42938235578714,530330292061.0,mdv_G_Gasoline,b2b--c53-18754
52990,7368652-10-mdv,b2b-52990,ft-e8dfd,ft-mdv-Gas,530530616011,-122.43776300444318,47.255231485980175,530530616011.0,mdv_G_Gasoline,b2b--c53-18769
52994,7367025-12-mdv,b2b-52994,ft-46667,ft-mdv-Dsl,530330284024,-122.29846340456025,47.44344405905367,530330284024.0,mdv_D_Diesel,b2b--c53-18771
53021,8297457-1-hdt,b2b-53021,ft-c8181,ft-hdt-Dsl,530530732004,-122.26381973027048,46.91888857212184,20012.0,hdt_D_Diesel,b2b--c53-18798
53023,8297457-1-hdt,b2b-53023,ft-df50c,ft-hdv-Dsl,530530732004,-122.26381973027048,46.91888857212184,20012.0,hdv_D_Diesel,b2b--c53-18800
53026,8297457-1-hdt,b2b-53026,ft-31ffb,ft-hdt-Dsl,530530732004,-122.26381973027048,46.91888857212184,20012.0,hdt_D_Diesel,b2b--c53-18803_2
53035,8297457-1-hdt,b2b-53035,ft-26ba9,ft-hdt-Dsl,530530732004,-122.26381973027048,46.91888857212184,20012.0,hdt_D_Diesel,b2b--c53-18812
53054,8308374-6-mdv,b2b-53054,ft-f67bd,ft-mdv-Gas,530530732004,-122.26381973027048,46.91888857212184,20012.0,mdv_G_Gasoline,b2b--c53-18926
53056,8308374-6-mdv,b2b-53056,ft-c8507,ft-mdv-Gas,530530732004,-122.26381973027048,46.91888857212184,20012.0,mdv_G_Gasoline,b2b--c53-18928
53062,8308374-6-mdv,b2b-53062,ft-f615f,ft-mdv-Gas,530530732004,-122.26381973027048,46.91888857212184,20012.0,mdv_G_Gasoline,b2b--c53-18934
53066,6703116-1-hdt,b2b-53066,ft-fc3b9,ft-hdv-Dsl,530530701001,-121.5437370927352,47.12072649438632,20009.0,hdv_D_Diesel,b2b--c53-18955
53068,6703116-1-hdt,b2b-53068,ft-2af16,ft-hdt-Dsl,530530701001,-121.5437370927352,47.12072649438632,20009.0,hdt_D_Diesel,b2b--c53-18957
53079,6703116-1-hdt,b2b-53079,ft-aa5af,ft-hdt-Dsl,530530701001,-121.5437370927352,47.12072649438632,20009.0,hdt_D_Diesel,b2b--c53-18999
53081,6703116-1-hdt,b2b-53081,ft-cf112,ft-hdt-Dsl,530530701001,-121.5437370927352,47.12072649438632,20009.0,hdt_D_Diesel,b2b--c53-19001
53091,7008268-1-hdt,b2b-53091,ft-272d9,ft-hdt-Dsl,530610537001,-121.31300181346782,48.04698207479564,20061.0,hdt_D_Diesel,b2b--c53-19022
53094,7007941-15-mdv,b2b-53094,ft-c0788,ft-mdv-Gas,530610537001,-121.31300181346782,48.04698207479564,20061.0,mdv_G_Gasoline,b2b--c53-19038
53096,6656200-10-mdv,b2b-53096,ft-72641,ft-mdv-Gas,530530732004,-122.26381973027048,46.91888857212184,20012.0,mdv_G_Gasoline,b2b--c53-19040
53101,6483572-1-hdt,b2b-53101,ft-83bfd,ft-hdt-Dsl,530610537001,-121.31300181346782,48.04698207479564,20127.0,hdt_D_Diesel,b2b--c53-19050
53104,6483572-1-hdt,b2b-53104,ft-e99e7,ft-hdt-Dsl,530610537001,-121.31300181346782,48.04698207479564,20127.0,hdt_D_Diesel,b2b--c53-19053
53115,8300097-2-hdt,b2b-53115,ft-ad562,ft-hdt-Dsl,530530701001,-121.5437370927352,47.12072649438632,20009.0,hdt_D_Diesel,b2b--c53-19078
53118,8300097-2-hdt,b2b-53118,ft-f78ae,ft-hdt-Dsl,530530701001,-121.5437370927352,47.12072649438632,20009.0,hdt_D_Diesel,b2b--c53-19081
53128,8300097-2-hdt,b2b-53128,ft-50597,ft-hdt-Dsl,530530701001,-121.5437370927352,47.12072649438632,20009.0,hdt_D_Diesel,b2b--c53-19092
53129,8300097-2-hdt,b2b-53129,ft-98315,ft-hdt-Dsl,530530701001,-121.5437370927352,47.12072649438632,20009.0,hdt_D_Diesel,b2b--c53-19093
53154,8394083-9-mdv,b2b-53154,ft-2a546,ft-mdv-Gas,530330305011,-122.22995073612395,47.34476729172456,530330305011.0,mdv_G_Gasoline,b2b--c53-19198
53164,8395285-3-hdv,b2b-53164,ft-311e2,ft-hdv-Dsl,530539400101,-122.30568983007865,47.212144412126825,530539400101.0,hdv_D_Diesel,b2b--c53-19266
53182,7368259-12-hdv,b2b-53182,ft-b032c,ft-hdv-Dsl,530539400101,-122.33667057948605,47.21894594792787,530539400101.0,hdv_D_Diesel,b2b--c53-19287
53189,7369170-12-hdv,b2b-53189,ft-92d86,ft-hdv-Dsl,530539400022,-122.38729573129213,47.2402028107407,530539400022.0,hdv_D_Diesel,b2b--c53-19301
53218,7366429-22-hdv,b2b-53218,ft-6f08a,ft-hdv-Dsl,530330093003,-122.34204282855166,47.569492954037656,530330093003.0,hdv_D_Diesel,b2b--c53-19350
53224,7369164-7-hdv,b2b-53224,ft-808e2,ft-hdv-Dsl,530539400022,-122.3623989794619,47.24303041243632,530539400022.0,hdv_D_Diesel,b2b--c53-19359
53235,7368270-12-hdv,b2b-53235,ft-b02c3,ft-hdv-Dsl,530539400101,-122.30718333442022,47.2133342925431,530539400101.0,hdv_D_Diesel,b2b--c53-19378
53260,7368652-1-hdt,b2b-53260,ft-fe5d4,ft-hdt-Dsl,530530616011,-122.43776300444318,47.255231485980175,530530616011.0,hdt_D_Diesel,b2b--c53-19482
53261,7368652-1-hdt,b2b-53261,ft-3bc87,ft-hdt-Dsl,530530616011,-122.43776300444318,47.255231485980175,530530616011.0,hdt_D_Diesel,b2b--c53-19435
53267,7368652-1-hdt,b2b-53267,ft-d35c3,ft-hdv-Dsl,530530616011,-122.43776300444318,47.255231485980175,530530616011.0,hdv_D_Diesel,b2b--c53-19479
53272,7366501-1-hdt,b2b-53272,ft-41c7d,ft-hdt-Dsl,530330265002,-122.3430757196565,47.51192083812315,530330265002.0,hdt_D_Diesel,b2b--c53-19490
53286,7368652-6-hdt,b2b-53286,ft-a7c93,ft-hdt-Dsl,530530616011,-122.43776300444318,47.255231485980175,530530616011.0,hdt_D_Diesel,b2b--c53-19522
53287,6390497-1-hdt,b2b-53287,ft-6cc54,ft-hdt-Dsl,530530731221,-122.29007163695184,47.111755458032654,530530731221.0,hdt_D_Diesel,b2b--c53-19525
53289,7366429-12-hdv,b2b-53289,ft-0526d,ft-hdv-Dsl,530330093003,-122.34204282855166,47.569492954037656,530330093003.0,hdv_D_Diesel,b2b--c53-19527
53293,7369170-7-hdv,b2b-53293,ft-055d2,ft-hdv-Dsl,530539400022,-122.38729573129213,47.2402028107407,530539400022.0,hdv_D_Diesel,b2b--c53-19532
53294,7369170-7-hdv,b2b-53294,ft-fe00d,ft-hdv-Dsl,530539400022,-122.38729573129213,47.2402028107407,530539400022.0,hdv_D_Diesel,b2b--c53-19531
53302,7361891-17-hdv,b2b-53302,ft-a3dfa,ft-hdv-Dsl,530330292061,-122.24476005979747,47.397552375178016,530330292061.0,hdv_D_Diesel,b2b--c53-19541
53305,6390279-2-hdt,b2b-53305,ft-fa953,ft-hdt-Dsl,530530712073,-122.2887832903451,47.158466742257275,530530712073.0,hdt_D_Diesel,b2b--c53-19548
53310,6331540-3-hdt,b2b-53310,ft-9413d,ft-hdt-Dsl,530330305011,-122.23265250765371,47.348144064960024,530330305011.0,hdt_D_Diesel,b2b--c53-19556
53312,6375894-2-hdt,b2b-53312,ft-40438,ft-hdt-Dsl,530350809001,-122.69063859460626,47.55706689831067,530350809001.0,hdt_D_Diesel,b2b--c53-19557
53332,7360480-7-hdt,b2b-53332,ft-ec79c,ft-hdt-Dsl,530330303132,-122.31316040045309,47.29592604806239,530330303132.0,hdt_D_Diesel,b2b--c53-19595
53333,7361744-41-hdt,b2b-53333,ft-16bed,ft-hdt-Dsl,530330292061,-122.22528263501711,47.432243549317185,530330292061.0,hdt_D_Diesel,b2b--c53-19613
53344,7369164-2-hdv,b2b-53344,ft-c7c28,ft-hdv-Dsl,530539400022,-122.3623989794619,47.24303041243632,530539400022.0,hdv_D_Diesel,b2b--c53-19632
53345,6331532-2-hdt,b2b-53345,ft-1eedb,ft-hdt-Dsl,530330292061,-122.2461556746749,47.42675654389755,530330292061.0,hdt_D_Diesel,b2b--c53-19633
53347,6317885-4-hdt,b2b-53347,ft-ab9b4,ft-hdt-Dsl,530330299012,-122.28384664780911,47.31565327311119,530330299012.0,hdt_D_Diesel,b2b--c53-19634
53348,8395898-4-hdv,b2b-53348,ft-ecf05,ft-hdv-Dsl,530530728001,-122.64899673245617,47.0992006395685,530670122222.0,hdv_D_Diesel,b2b--c53-19636
53350,6327288-4-hdt,b2b-53350,ft-bf2d2,ft-hdt-Dsl,530330303042,-122.33695752023435,47.282718455322836,530330303042.0,hdt_D_Diesel,b2b--c53-19639
53380,7367415-17-hdv,b2b-53380,ft-4f61b,ft-hdv-Dsl,530350921002,-122.7498808791254,47.503082656597904,530350921002.0,hdv_D_Diesel,b2b--c53-19754
53391,7368993-6-hdt,b2b-53391,ft-fb304,ft-hdt-Dsl,530530626001,-122.48142674423129,47.22315676250872,530530626001.0,hdt_D_Diesel,b2b--c53-19773
53394,7368993-6-hdt,b2b-53394,ft-020dd,ft-hdt-Dsl,530530626001,-122.48142674423129,47.22315676250872,530530626001.0,hdt_D_Diesel,b2b--c53-19770
53414,6388394-1-hdt,b2b-53414,ft-a30fd,ft-hdt-Dsl,530539400022,-122.368289546709,47.242889341578646,530539400022.0,hdt_D_Diesel,b2b--c53-19823
53430,6388062-2-hdt,b2b-53430,ft-7e2f1,ft-hdt-Dsl,530530730054,-122.37220529176304,46.98030396108374,530530730054.0,hdt_D_Diesel,b2b--c53-19842
53432,7369578-12-hdv,b2b-53432,ft-ceb9b,ft-hdv-Dsl,530530718071,-122.49172169332216,47.17446773435666,530530718071.0,hdv_D_Diesel,b2b--c53-19845
53441,6336734-1-hdt,b2b-53441,ft-1783a,ft-hdt-Dsl,530330296013,-122.1668539344267,47.35824647638439,530330296013.0,hdt_D_Diesel,b2b--c53-19859
53459,6355945-2-hdt,b2b-53459,ft-14dba,ft-hdv-Dsl,530330093001,-122.32453094327292,47.5936271203996,530330093001.0,hdv_D_Diesel,b2b--c53-19878
53465,7368549-7-hdv,b2b-53465,ft-c2c01,ft-hdv-Dsl,530539400101,-122.33647069297749,47.22263015711102,530539400101.0,hdv_D_Diesel,b2b--c53-19887
53467,7367065-7-hdv,b2b-53467,ft-0dd4a,ft-hdv-Dsl,530330288013,-122.29978682083382,47.41404252517009,530330288013.0,hdv_D_Diesel,b2b--c53-19889
53503,8394354-16-hdt,b2b-53503,ft-c9b62,ft-hdt-Dsl,530330292061,-122.24394563101907,47.41876745684446,530330292061.0,hdt_D_Diesel,b2b--c53-19995
53505,8394354-16-hdt,b2b-53505,ft-fc258,ft-hdv-Dsl,530330292061,-122.24394563101907,47.41876745684446,530330292061.0,hdv_D_Diesel,b2b--c53-19997
53511,7374212-7-hdv,b2b-53511,ft-993a4,ft-hdv-Dsl,530610533014,-122.37093627404924,48.2483017317002,530730002003.0,hdv_D_Diesel,b2b--c53-20003
53523,7374212-17-hdv,b2b-53523,ft-f3a2c,ft-hdv-Dsl,530610533014,-122.37093627404924,48.2483017317002,530730002003.0,hdv_D_Diesel,b2b--c53-20031
53552,7374274-17-hdv,b2b-53552,ft-068bf,ft-hdv-Dsl,530610534001,-122.174775998106,48.271850830473014,530730102002.0,hdv_D_Diesel,b2b--c53-20088
53553,7374158-12-hdv,b2b-53553,ft-5ceb8,ft-hdv-Dsl,530610533014,-122.37093627404924,48.2483017317002,530730104012.0,hdv_D_Diesel,b2b--c53-20091
53560,8395620-17-hdv,b2b-53560,ft-1ac93,ft-hdv-Dsl,530610535091,-122.15089997478691,48.15649523919702,530610535091.0,hdv_D_Diesel,b2b--c53-20107
53568,8395620-1-hdt,b2b-53568,ft-ca9ec,ft-hdt-Dsl,530610535091,-122.15089997478691,48.15649523919702,530610535091.0,hdt_D_Diesel,b2b--c53-20134
53574,7374250-2-hdv,b2b-53574,ft-5e2ba,ft-hdv-Dsl,530610533021,-122.23684520936622,48.26553620314338,530730102001.0,hdv_D_Diesel,b2b--c53-20147
53577,7373762-2-hdv,b2b-53577,ft-b14fc,ft-hdv-Dsl,530610534001,-122.174775998106,48.271850830473014,530730101005.0,hdv_D_Diesel,b2b--c53-20151
53579,7369899-47-hdv,b2b-53579,ft-1f221,ft-hdv-Dsl,530610533014,-122.37093627404924,48.2483017317002,530579521003.0,hdv_D_Diesel,b2b--c53-20155
53596,7361887-11-hdt,b2b-53596,ft-533ce,ft-hdt-Dsl,530330292061,-122.2556934969093,47.42316027007642,530330292061.0,hdt_D_Diesel,b2b--c53-20195
53612,8415294-18-ld3,b2b-53612,ft-65380,ft-ld3-Gas,530530732003,-122.23706641279225,46.78408365659002,410470025021.0,ld3_G_Gasoline,b2b--c53-20266
53614,7361952-20-mdv,b2b-53614,ft-d9270,ft-mdv-Dsl,530330292061,-122.23872031603734,47.401902694751676,530330292061.0,mdv_D_Diesel,b2b--c53-20271
53616,7361744-16-hdt,b2b-53616,ft-c3ee3,ft-hdt-Dsl,530330292061,-122.22528263501711,47.432243549317185,530330292061.0,hdt_D_Diesel,b2b--c53-20282
53656,8394801-7-hdv,b2b-53656,ft-b57c5,ft-hdv-Dsl,530330112001,-122.33227885206496,47.53199660801611,530330112001.0,hdv_D_Diesel,b2b--c53-20352
53666,7361806-4-hdt,b2b-53666,ft-a62fb,ft-hdt-Dsl,530330292061,-122.24465895656691,47.42648528440445,530330292061.0,hdt_D_Diesel,b2b--c53-20372
53668,8395670-17-hdv,b2b-53668,ft-2e1c6,ft-hdv-Dsl,530610537001,-121.31300181346782,48.04698207479564,530630136002.0,hdv_D_Diesel,b2b--c53-20377
53671,7193733-12-hdv,b2b-53671,ft-3f3e9,ft-hdv-Dsl,530530732003,-122.23706641279225,46.78408365659002,410510073001.0,hdv_D_Diesel,b2b--c53-20381
53679,6402359-7-hdt,b2b-53679,ft-4da7a,ft-hdt-Dsl,530610533014,-122.37093627404924,48.2483017317002,530579519002.0,hdt_D_Diesel,b2b--c53-20406
53684,7370943-1-hdt,b2b-53684,ft-2d7c8,ft-hdt-Dsl,530610419032,-122.26992885979202,47.92022100789097,530610419032.0,hdt_D_Diesel,b2b--c53-20422
53696,7371556-2-hdv,b2b-53696,ft-04c16,ft-hdv-Dsl,530610533012,-122.33344015201193,48.26864231894757,530610533012.0,hdv_D_Diesel,b2b--c53-20437
53700,7374249-31-hdt,b2b-53700,ft-c4e86,ft-hdt-Dsl,530610533021,-122.23684520936622,48.26553620314338,530730102001.0,hdt_D_Diesel,b2b--c53-20446
53713,7369579-9-ld3,b2b-53713,ft-c0e99,ft-ld3-Gas,530530718071,-122.49197255683097,47.17282095273845,530530718071.0,ld3_G_Gasoline,b2b--c53-20467
53715,6302050-1-hdt,b2b-53715,ft-28078,ft-hdt-Dsl,530530732003,-122.23706641279225,46.78408365659002,530110412031.0,hdt_D_Diesel,b2b--c53-20469
53720,6427312-2-hdt,b2b-53720,ft-c746a,ft-hdt-Dsl,530610537001,-121.31300181346782,48.04698207479564,530630004003.0,hdt_D_Diesel,b2b--c53-20474
53726,8395057-3-hdt,b2b-53726,ft-a30ad,ft-hdv-Dsl,530330262001,-122.24852730189083,47.4477634184965,530330262001.0,hdv_D_Diesel,b2b--c53-20478
53730,8395057-3-hdt,b2b-53730,ft-3a125,ft-hdt-Dsl,530330262001,-122.24852730189083,47.4477634184965,530330262001.0,hdt_D_Diesel,b2b--c53-20482
53758,7190788-24-ld3,b2b-53758,ft-493c2,ft-ld3-Dsl,530530732003,-122.23706641279225,46.78408365659002,410430306003.0,ld3_D_Diesel,b2b--c53-20545
53766,5039666-1-hdt,b2b-53766,ft-469e1,ft-hdt-Dsl,530530732003,-122.23706641279225,46.78408365659002,410670304013.0,hdt_D_Diesel,b2b--c53-20554
53767,7032726-21-hdt,b2b-53767,ft-0720b,ft-hdv-Dsl,530610537001,-121.31300181346782,48.04698207479564,20067.0,hdv_D_Diesel,b2b--c53-20556
53769,5017941-2-hdt,b2b-53769,ft-041df,ft-hdt-Dsl,530530732003,-122.23706641279225,46.78408365659002,410510043001.0,hdt_D_Diesel,b2b--c53-20558
53770,6297491-1-hdt,b2b-53770,ft-3cabc,ft-hdt-Dsl,530530732003,-122.23706641279225,46.78408365659002,530110402031.0,hdt_D_Diesel,b2b--c53-20559
53790,6330223-1-hdt,b2b-53790,ft-b68cd,ft-hdt-Dsl,530330292061,-122.26291743691418,47.39892350709161,530330292061.0,hdt_D_Diesel,b2b--c53-20601
53796,6371364-6-hdt,b2b-53796,ft-d302f,ft-hdt-Dsl,530330262001,-122.25044123428599,47.44962352055037,530330262001.0,hdt_D_Diesel,b2b--c53-20611
53817,6388062-6-hdt,b2b-53817,ft-b644f,ft-hdt-Dsl,530530730054,-122.37220529176304,46.98030396108374,530530730054.0,hdt_D_Diesel,b2b--c53-20654
53819,6390605-2-hdt,b2b-53819,ft-8831f,ft-hdt-Dsl,530530712071,-122.27350799449025,47.158074448936254,530530712071.0,hdt_D_Diesel,b2b--c53-20656
53839,6373404-5-hdt,b2b-53839,ft-4ba33,ft-hdt-Dsl,530330288021,-122.2949901487245,47.42746662817579,530330288021.0,hdt_D_Diesel,b2b--c53-20685
53846,7368806-6-hdt,b2b-53846,ft-26a13,ft-hdt-Dsl,530530626002,-122.47533025407945,47.22237754416001,530530626002.0,hdt_D_Diesel,b2b--c53-20725
53847,7368806-6-hdt,b2b-53847,ft-e601a,ft-hdt-Dsl,530530626002,-122.47533025407945,47.22237754416001,530530626002.0,hdt_D_Diesel,b2b--c53-20726
53853,6309355-3-hdt,b2b-53853,ft-7c955,ft-hdt-Dsl,530330315021,-121.36938446587672,47.147855247348815,530210201001.0,hdt_D_Diesel,b2b--c53-20733
53861,7372638-3-ld1,b2b-53861,ft-9f245,ft-ld1-Gas,530610537001,-121.31300181346782,48.04698207479564,530630114003.0,ld1_G_Gasoline,b2b--c53-20747
53871,7369580-13-ld1,b2b-53871,ft-aa1e7,ft-ld1-Gas,530530718071,-122.49198150530705,47.17308429967378,530530718071.0,ld1_G_Gasoline,b2b--c53-20768
53884,8415294-15-ld3,b2b-53884,ft-a9161,ft-ld3-Gas,530530732003,-122.23706641279225,46.78408365659002,410470025021.0,ld3_G_Gasoline,b2b--c53-20784
53892,7369170-28-ld1,b2b-53892,ft-81fcc,ft-ld1-Dsl,530539400022,-122.38729573129213,47.2402028107407,530539400022.0,ld1_D_Diesel,b2b--c53-20825
53896,8394433-18-ld1,b2b-53896,ft-8cc8c,ft-ld1-Gas,530330292061,-122.22638267720225,47.42765202506155,530330292061.0,ld1_G_Gasoline,b2b--c53-20829
53909,7360299-28-ld1,b2b-53909,ft-c58e0,ft-ld1-Gas,530330308013,-122.22881583323118,47.27823949337624,530330308013.0,ld1_G_Gasoline,b2b--c53-20854
53912,8395898-5-ld1,b2b-53912,ft-7ea69,ft-ld1-Gas,530530728001,-122.64899673245617,47.0992006395685,530670122222.0,ld1_G_Gasoline,b2b--c53-20856
53913,7368553-8-ld1,b2b-53913,ft-8b379,ft-ld1-Gas,530530733013,-122.24510500281356,47.2374884800514,530530733013.0,ld1_G_Gasoline,b2b--c53-20862
53915,7362511-33-ld1,b2b-53915,ft-1ea92,ft-ld1-Gas,530330320111,-122.0228827412936,47.36910189719495,530330320111.0,ld1_G_Gasoline,b2b--c53-20864
53917,7361890-8-ld1,b2b-53917,ft-5a940,ft-ld1-Dsl,530330283003,-122.25198503629612,47.42872998511336,530330283003.0,ld1_D_Diesel,b2b--c53-20866
53919,8394433-13-ld1,b2b-53919,ft-bb8f8,ft-ld1-Gas,530330292061,-122.22638267720225,47.42765202506155,530330292061.0,ld1_G_Gasoline,b2b--c53-20870
53929,8304980-1-hdt,b2b-53929,ft-7a462,ft-hdt-Dsl,530530701001,-121.5437370927352,47.12072649438632,20009.0,hdt_D_Diesel,b2b--c53-20888
53966,8304980-1-hdt,b2b-53966,ft-eb3f1,ft-hdt-Dsl,530530701001,-121.5437370927352,47.12072649438632,20009.0,hdt_D_Diesel,b2b--c53-20991
53979,8304980-1-hdt,b2b-53979,ft-ea676,ft-hdv-Dsl,530530701001,-121.5437370927352,47.12072649438632,20009.0,hdv_D_Diesel,b2b--c53-21007
53980,8304980-1-hdt,b2b-53980,ft-75e88,ft-hdt-Dsl,530530701001,-121.5437370927352,47.12072649438632,20009.0,hdt_D_Diesel,b2b--c53-21009
53989,6677162-2-hdv,b2b-53989,ft-d94df,ft-hdv-Dsl,530530701001,-121.5437370927352,47.12072649438632,20009.0,hdv_D_Diesel,b2b--c53-21018
53996,6679072-3-ld1,b2b-53996,ft-9315e,ft-ld1-Gas,530530701001,-121.5437370927352,47.12072649438632,20009.0,ld1_G_Gasoline,b2b--c53-21029
54004,6712837-8-ld1,b2b-54004,ft-a45c5,ft-ld1-Gas,530530701001,-121.5437370927352,47.12072649438632,20009.0,ld1_G_Gasoline,b2b--c53-21038
54009,6711467-13-ld1,b2b-54009,ft-f8cdc,ft-ld1-Dsl,530530701001,-121.5437370927352,47.12072649438632,20009.0,ld1_D_Diesel,b2b--c53-21043
54011,6676955-13-ld1,b2b-54011,ft-3adac,ft-ld1-Gas,530530701001,-121.5437370927352,47.12072649438632,20009.0,ld1_G_Gasoline,b2b--c53-21045
54015,8300138-13-ld1,b2b-54015,ft-66642,ft-ld1-Gas,530530701001,-121.5437370927352,47.12072649438632,20009.0,ld1_G_Gasoline,b2b--c53-21049
54019,7040728-6-hdt,b2b-54019,ft-bd5df,ft-hdt-Dsl,530530701001,-121.5437370927352,47.12072649438632,20070.0,hdt_D_Diesel,b2b--c53-21057
54030,7369175-13-ld1,b2b-54030,ft-c3fcc,ft-ld1-Gas,530539400022,-122.38277270721338,47.24313470998042,530539400022.0,ld1_G_Gasoline,b2b--c53-21078
54043,6741052-29-hdt,b2b-54043,ft-e729d,ft-hdt-Dsl,530530732004,-122.26381973027048,46.91888857212184,20014.0,hdt_D_Diesel,b2b--c53-21131
54049,6741052-29-hdt,b2b-54049,ft-31169,ft-hdt-Dsl,530530732004,-122.26381973027048,46.91888857212184,20014.0,hdt_D_Diesel,b2b--c53-21146
54053,6737628-2-hdv,b2b-54053,ft-e1bf9,ft-hdv-Dsl,530530732004,-122.26381973027048,46.91888857212184,20014.0,hdv_D_Diesel,b2b--c53-21151
54083,8394432-6-hdt,b2b-54083,ft-2ed6a,ft-hdt-Dsl,530330288021,-122.29448221175943,47.42747273756918,530330288021.0,hdt_D_Diesel,b2b--c53-21181
54093,8394432-6-hdt,b2b-54093,ft-0538d,ft-hdv-Dsl,530330288021,-122.29448221175943,47.42747273756918,530330288021.0,hdv_D_Diesel,b2b--c53-21244
54097,8394432-6-hdt,b2b-54097,ft-11d9a,ft-hdt-Dsl,530330288021,-122.29448221175943,47.42747273756918,530330288021.0,hdt_D_Diesel,b2b--c53-21248
54126,7369581-20-mdv,b2b-54126,ft-5eaf2,ft-mdv-Gas,530530718071,-122.49233469468531,47.17252881714979,530530718071.0,mdv_G_Gasoline,b2b--c53-21300
54128,7369581-20-mdv,b2b-54128,ft-29dd2,ft-mdv-Gas,530530718071,-122.49233469468531,47.17252881714979,530530718071.0,mdv_G_Gasoline,b2b--c53-21302
54138,8394327-10-ld1,b2b-54138,ft-267cc,ft-ld1-Gas,530330292061,-122.24406567327773,47.40621658580291,530330292061.0,ld1_G_Gasoline,b2b--c53-21339
54139,8394327-10-ld1,b2b-54139,ft-2f30f,ft-ld1-Gas,530330292061,-122.24406567327773,47.40621658580291,530330292061.0,ld1_G_Gasoline,b2b--c53-21334
54140,8394327-10-ld1,b2b-54140,ft-c4f54,ft-ld1-Gas,530330292061,-122.24406567327773,47.40621658580291,530330292061.0,ld1_G_Gasoline,b2b--c53-21338
54156,7190933-1-hdt,b2b-54156,ft-1c278,ft-hdt-Dsl,530530732003,-122.23706641279225,46.78408365659002,410470102021.0,hdt_D_Diesel,b2b--c53-21365
54159,7196121-14-ld3,b2b-54159,ft-edd3c,ft-ld3-Dsl,530530732003,-122.23706641279225,46.78408365659002,410670320011.0,ld3_D_Diesel,b2b--c53-21369
54193,7361790-14-ld3,b2b-54193,ft-824c8,ft-ld3-Gas,530330292061,-122.24399044478618,47.433219893641684,530330292061.0,ld3_G_Gasoline,b2b--c53-21452
54196,8394328-19-ld3,b2b-54196,ft-89355,ft-ld3-Gas,530330292061,-122.2384320753271,47.40669474169384,530330292061.0,ld3_G_Gasoline,b2b--c53-21456
54197,8394328-19-ld3,b2b-54197,ft-8168b,ft-ld3-Gas,530330292061,-122.2384320753271,47.40669474169384,530330292061.0,ld3_G_Gasoline,b2b--c53-21457
54219,8298302-1-hdt,b2b-54219,ft-3911b,ft-hdv-Dsl,530530732004,-122.26381973027048,46.91888857212184,20014.0,hdv_D_Diesel,b2b--c53-21485
54228,8298302-1-hdt,b2b-54228,ft-ca2cb,ft-hdt-Dsl,530530732004,-122.26381973027048,46.91888857212184,20014.0,hdt_D_Diesel,b2b--c53-21537
54230,8298302-1-hdt,b2b-54230,ft-4a7be,ft-hdt-Dsl,530530732004,-122.26381973027048,46.91888857212184,20014.0,hdt_D_Diesel,b2b--c53-21539
54243,6741549-4-ld3,b2b-54243,ft-fc053,ft-ld3-Dsl,530530732004,-122.26381973027048,46.91888857212184,20014.0,ld3_D_Diesel,b2b--c53-21563
54250,6664773-2-hdv,b2b-54250,ft-b3c30,ft-hdv-Dsl,530530732004,-122.26381973027048,46.91888857212184,20014.0,hdv_D_Diesel,b2b--c53-21570
54256,6727931-8-ld1,b2b-54256,ft-48166,ft-ld1-Dsl,530530732004,-122.26381973027048,46.91888857212184,20014.0,ld1_D_Diesel,b2b--c53-21577
54257,8301926-3-ld1,b2b-54257,ft-219e6,ft-ld1-Gas,530530732004,-122.26381973027048,46.91888857212184,20014.0,ld1_G_Gasoline,b2b--c53-21578
54263,7368553-7-hdv,b2b-54263,ft-41779,ft-hdv-Dsl,530530733013,-122.24510500281356,47.2374884800514,530530733013.0,hdv_D_Diesel,b2b--c53-21584
54282,8395473-14-ld1,b2b-54282,ft-f2d99,ft-ld1-Gas,530610535061,-121.89999203508337,48.27272291141637,530579512001.0,ld1_G_Gasoline,b2b--c53-21634
54284,8395473-14-ld1,b2b-54284,ft-ca5e7,ft-ld1-Gas,530610535061,-121.89999203508337,48.27272291141637,530579512001.0,ld1_G_Gasoline,b2b--c53-21636
54285,8395473-14-ld1,b2b-54285,ft-b3a13,ft-ld1-Gas,530610535061,-121.89999203508337,48.27272291141637,530579512001.0,ld1_G_Gasoline,b2b--c53-21637
54287,8395473-14-ld1,b2b-54287,ft-83c40,ft-ld1-Gas,530610535061,-121.89999203508337,48.27272291141637,530579512001.0,ld1_G_Gasoline,b2b--c53-21647
54288,8395473-14-ld1,b2b-54288,ft-94e89,ft-ld1-Gas,530610535061,-121.89999203508337,48.27272291141637,530579512001.0,ld1_G_Gasoline,b2b--c53-21648
54305,8370927-8-ld1,b2b-54305,ft-bb320,ft-ld1-Gas,530530732003,-122.23706641279225,46.78408365659002,410510072021.0,ld1_G_Gasoline,b2b--c53-21676
54309,8370927-8-ld1,b2b-54309,ft-f3709,ft-ld1-Gas,530530732003,-122.23706641279225,46.78408365659002,410510072021.0,ld1_G_Gasoline,b2b--c53-21684
54325,7367024-16-hdt,b2b-54325,ft-63607,ft-hdv-Dsl,530330288012,-122.31897482130626,47.42654530468536,530330288012.0,hdv_D_Diesel,b2b--c53-21738
54328,7361806-17-ld1,b2b-54328,ft-85797,ft-ld1-Gas,530330292061,-122.24465895656691,47.42648528440445,530330292061.0,ld1_G_Gasoline,b2b--c53-21744
54334,7361806-23-ld1,b2b-54334,ft-afb76,ft-ld1-Gas,530330292061,-122.24465895656691,47.42648528440445,530330292061.0,ld1_G_Gasoline,b2b--c53-21753
54347,7361804-14-ld1,b2b-54347,ft-7f77e,ft-ld1-Gas,530330292061,-122.24389594335622,47.413540186863216,530330292061.0,ld1_G_Gasoline,b2b--c53-21777
54350,7363267-2-hdv,b2b-54350,ft-1a9b3,ft-hdv-Dsl,530330262001,-122.25267350475208,47.44866998816283,530330262001.0,hdv_D_Diesel,b2b--c53-21782
54377,8395465-4-ld1,b2b-54377,ft-84e80,ft-ld1-Gas,530610533014,-122.37093627404924,48.2483017317002,530579519002.0,ld1_G_Gasoline,b2b--c53-21826
54386,7361953-24-ld3,b2b-54386,ft-808f2,ft-ld3-Gas,530330292061,-122.22834520138616,47.42187038261192,530330292061.0,ld3_G_Gasoline,b2b--c53-21841
54387,7361953-24-ld3,b2b-54387,ft-36e1e,ft-ld3-Gas,530330292061,-122.22834520138616,47.42187038261192,530330292061.0,ld3_G_Gasoline,b2b--c53-21842
54395,8395898-14-ld3,b2b-54395,ft-7dd32,ft-ld3-Dsl,530530728001,-122.64899673245617,47.0992006395685,530670122222.0,ld3_D_Diesel,b2b--c53-21861
54398,6316746-2-hdt,b2b-54398,ft-0b046,ft-hdt-Dsl,530330305011,-122.23055344265039,47.33997713276894,530330305011.0,hdt_D_Diesel,b2b--c53-21865
54402,7366753-3-ld1,b2b-54402,ft-97bbf,ft-ld1-Gas,530330264005,-122.32943382695088,47.51835358889425,530330264005.0,ld1_G_Gasoline,b2b--c53-21872
54408,7364691-8-ld1,b2b-54408,ft-28493,ft-ld1-Dsl,530330112001,-122.33016952325477,47.52660254101656,530330112001.0,ld1_D_Diesel,b2b--c53-21877
54418,7369899-3-ld1,b2b-54418,ft-5fb68,ft-ld1-Gas,530610533014,-122.37093627404924,48.2483017317002,530579521003.0,ld1_G_Gasoline,b2b--c53-21893
54431,7373561-8-ld1,b2b-54431,ft-6904b,ft-ld1-Gas,530530728001,-122.64899673245617,47.0992006395685,530670122222.0,ld1_G_Gasoline,b2b--c53-21915
54436,7369578-29-ld3,b2b-54436,ft-a8c24,ft-ld3-Gas,530530718071,-122.49172169332216,47.17446773435666,530530718071.0,ld3_G_Gasoline,b2b--c53-21928
54443,7373504-30-mdv,b2b-54443,ft-85765,ft-mdv-Dsl,530530729061,-122.5544249277511,47.049137874735855,530670126101.0,mdv_D_Diesel,b2b--c53-21937
54452,6675513-17-hdt,b2b-54452,ft-f9c6b,ft-hdt-Dsl,530530701001,-121.5437370927352,47.12072649438632,20009.0,hdt_D_Diesel,b2b--c53-21956
54460,6713609-1-hdt,b2b-54460,ft-45d9c,ft-hdt-Dsl,530530701001,-121.5437370927352,47.12072649438632,20009.0,hdt_D_Diesel,b2b--c53-21973
54464,6749924-12-hdv,b2b-54464,ft-5820f,ft-hdv-Dsl,530330315021,-121.36938446587672,47.147855247348815,20015.0,hdv_D_Diesel,b2b--c53-21985
54465,1084534-4-hdt,b2b-54465,ft-470a1,ft-hdv-Dsl,530330315021,-121.36938446587672,47.147855247348815,20015.0,hdv_D_Diesel,b2b--c53-21986
54470,7195630-28-ld1,b2b-54470,ft-e76e8,ft-ld1-Gas,530530732003,-122.23706641279225,46.78408365659002,410670321071.0,ld1_G_Gasoline,b2b--c53-21994
54473,937569-4-hdt,b2b-54473,ft-b4f5c,ft-hdt-Dsl,530530732004,-122.26381973027048,46.91888857212184,20012.0,hdt_D_Diesel,b2b--c53-21998
54484,7364691-24-ld3,b2b-54484,ft-84fd7,ft-ld3-Gas,530330112001,-122.33016952325477,47.52660254101656,530330112001.0,ld3_G_Gasoline,b2b--c53-22014
54486,8395378-12-hdv,b2b-54486,ft-6946a,ft-hdv-Dsl,530539400022,-122.3579130992221,47.246033532588356,530539400022.0,hdv_D_Diesel,b2b--c53-22020
54497,7368806-26-hdt,b2b-54497,ft-0e10a,ft-hdt-Dsl,530530626002,-122.47533025407945,47.22237754416001,530530626002.0,hdt_D_Diesel,b2b--c53-22048
54515,7369145-14-ld3,b2b-54515,ft-dbab5,ft-ld3-Gas,530539400022,-122.3969715048256,47.243236011784234,530539400022.0,ld3_G_Gasoline,b2b--c53-22104
54528,7360253-3-ld1,b2b-54528,ft-a7d01,ft-ld1-Gas,530330309011,-122.24441173302871,47.29476765167329,530330309011.0,ld1_G_Gasoline,b2b--c53-22125
54530,7360253-3-ld1,b2b-54530,ft-08de2,ft-ld1-Gas,530330309011,-122.24441173302871,47.29476765167329,530330309011.0,ld1_G_Gasoline,b2b--c53-22127
54543,7364691-34-ld3,b2b-54543,ft-020c0,ft-ld3-Dsl,530330112001,-122.33016952325477,47.52660254101656,530330112001.0,ld3_D_Diesel,b2b--c53-22163
54547,6342010-2-hdt,b2b-54547,ft-ed119,ft-hdt-Dsl,530330256011,-122.16309623498805,47.48849626430619,530330256011.0,hdt_D_Diesel,b2b--c53-22166
54549,740815-5-hdt,b2b-54549,ft-a4028,ft-hdt-Dsl,530530732004,-122.26381973027048,46.91888857212184,20010.0,hdt_D_Diesel,b2b--c53-22170
54554,7367025-1-hdt,b2b-54554,ft-6b90d,ft-hdv-Dsl,530330284024,-122.29846340456025,47.44344405905367,530330284024.0,hdv_D_Diesel,b2b--c53-22183
54555,7367025-1-hdt,b2b-54555,ft-e5ec6,ft-hdt-Dsl,530330284024,-122.29846340456025,47.44344405905367,530330284024.0,hdt_D_Diesel,b2b--c53-22182
54588,7369224-31-hdt,b2b-54588,ft-b8d70,ft-hdt-Dsl,530539400022,-122.35897274041128,47.25278630859665,530539400022.0,hdt_D_Diesel,b2b--c53-22254
54596,7362511-9-ld3,b2b-54596,ft-78df7,ft-ld3-Gas,530330320111,-122.0228827412936,47.36910189719495,530330320111.0,ld3_G_Gasoline,b2b--c53-22279
54607,7366752-13-ld1,b2b-54607,ft-ae813,ft-ld1-Dsl,530330262001,-122.23092033957167,47.47070058950334,530330262001.0,ld1_D_Diesel,b2b--c53-22303
54616,7366717-13-ld1,b2b-54616,ft-1ed15,ft-ld1-Gas,530330262001,-122.22921061931757,47.47394127510094,530330262001.0,ld1_G_Gasoline,b2b--c53-22319
54617,7362511-28-ld1,b2b-54617,ft-1abab,ft-ld1-Gas,530330320111,-122.0228827412936,47.36910189719495,530330320111.0,ld1_G_Gasoline,b2b--c53-22321
54620,7361953-39-ld3,b2b-54620,ft-0ad3b,ft-ld3-Dsl,530330292061,-122.22834520138616,47.42187038261192,530330292061.0,ld3_D_Diesel,b2b--c53-22324
54626,7369529-18-ld1,b2b-54626,ft-6767c,ft-ld1-Gas,530530720002,-122.53020686900938,47.12115984586613,530530720002.0,ld1_G_Gasoline,b2b--c53-22331
54631,7368550-9-ld3,b2b-54631,ft-4847f,ft-ld3-Dsl,530539400101,-122.32063107153414,47.21194006495005,530539400101.0,ld3_D_Diesel,b2b--c53-22336
54674,7366753-18-ld1,b2b-54674,ft-4e16f,ft-ld1-Gas,530330264005,-122.32943382695088,47.51835358889425,530330264005.0,ld1_G_Gasoline,b2b--c53-22409
54676,7365023-8-ld1,b2b-54676,ft-a9fac,ft-ld1-Gas,530330112001,-122.3191953607674,47.52086923115575,530330112001.0,ld1_G_Gasoline,b2b--c53-22410
54683,7366752-19-ld3,b2b-54683,ft-0d9b1,ft-ld3-Gas,530330262001,-122.23092033957167,47.47070058950334,530330262001.0,ld3_G_Gasoline,b2b--c53-22422
54699,7369529-9-ld3,b2b-54699,ft-990fe,ft-ld3-Dsl,530530720002,-122.53020686900938,47.12115984586613,530530720002.0,ld3_D_Diesel,b2b--c53-22444
54729,4963984-1-hdt,b2b-54729,ft-80ff4,ft-hdt-Dsl,530530732003,-122.23706641279225,46.78408365659002,410050215002.0,hdt_D_Diesel,b2b--c53-22501
54742,8371136-18-ld1,b2b-54742,ft-28135,ft-ld1-Gas,530530732003,-122.23706641279225,46.78408365659002,410510072021.0,ld1_G_Gasoline,b2b--c53-22525
54746,8371136-18-ld1,b2b-54746,ft-889a4,ft-ld1-Gas,530530732003,-122.23706641279225,46.78408365659002,410510072021.0,ld1_G_Gasoline,b2b--c53-22533
54758,7362511-32-hdv,b2b-54758,ft-64b9a,ft-hdv-Dsl,530330320111,-122.0228827412936,47.36910189719495,530330320111.0,hdv_D_Diesel,b2b--c53-22546
54762,7360521-4-ld3,b2b-54762,ft-7588e,ft-ld3-Gas,530330303132,-122.30670863132192,47.29631922682546,530330303132.0,ld3_G_Gasoline,b2b--c53-22552
54813,7363266-19-ld3,b2b-54813,ft-4322a,ft-ld3-Dsl,530330262001,-122.24951352808789,47.45251126303244,530330262001.0,ld3_D_Diesel,b2b--c53-22736
54821,8370581-6-hdt,b2b-54821,ft-a49b5,ft-hdt-Dsl,530530701001,-121.5437370927352,47.12072649438632,20095.0,hdt_D_Diesel,b2b--c53-22745
54829,8371309-4-ld3,b2b-54829,ft-4ce62,ft-ld3-Gas,530530701001,-121.5437370927352,47.12072649438632,20095.0,ld3_G_Gasoline,b2b--c53-22762
54838,7192871-23-ld1,b2b-54838,ft-6ad9f,ft-ld1-Gas,530530732003,-122.23706641279225,46.78408365659002,410510043001.0,ld1_G_Gasoline,b2b--c53-22779
54843,5037402-1-hdt,b2b-54843,ft-1a693,ft-hdv-Dsl,530530732003,-122.23706641279225,46.78408365659002,410670304013.0,hdv_D_Diesel,b2b--c53-22785
54852,8416996-5-ld1,b2b-54852,ft-93c24,ft-ld1-Gas,530530701001,-121.5437370927352,47.12072649438632,20118.0,ld1_G_Gasoline,b2b--c53-22800
54857,6742490-6-hdt,b2b-54857,ft-15661,ft-hdt-Dsl,530530701001,-121.5437370927352,47.12072649438632,20009.0,hdt_D_Diesel,b2b--c53-22807
54865,6742490-6-hdt,b2b-54865,ft-222cd,ft-hdv-Dsl,530530701001,-121.5437370927352,47.12072649438632,20009.0,hdv_D_Diesel,b2b--c53-22816
54870,6742490-6-hdt,b2b-54870,ft-d11f2,ft-hdt-Dsl,530530701001,-121.5437370927352,47.12072649438632,20009.0,hdt_D_Diesel,b2b--c53-22840
54876,8409694-3-ld1,b2b-54876,ft-b319c,ft-ld1-Gas,530530701001,-121.5437370927352,47.12072649438632,20009.0,ld1_G_Gasoline,b2b--c53-22847
54885,6706361-17-hdv,b2b-54885,ft-a6e30,ft-hdv-Dsl,530530701001,-121.5437370927352,47.12072649438632,20009.0,hdv_D_Diesel,b2b--c53-22864
54890,7368551-20-mdv,b2b-54890,ft-5cbcc,ft-mdv-Dsl,530539400101,-122.30631583034886,47.20450761365917,530539400101.0,mdv_D_Diesel,b2b--c53-22886
54895,7368551-20-mdv,b2b-54895,ft-77072,ft-mdv-Dsl,530539400101,-122.30631583034886,47.20450761365917,530539400101.0,mdv_D_Diesel,b2b--c53-22884
54896,7368551-20-mdv,b2b-54896,ft-195a2,ft-mdv-Dsl,530539400101,-122.30631583034886,47.20450761365917,530539400101.0,mdv_D_Diesel,b2b--c53-22885
54907,7369224-34-ld3,b2b-54907,ft-8cb69,ft-ld3-Dsl,530539400022,-122.35897274041128,47.25278630859665,530539400022.0,ld3_D_Diesel,b2b--c53-22902
54908,7361951-9-ld3,b2b-54908,ft-64a26,ft-ld3-Dsl,530330292061,-122.22446575655314,47.419646524413956,530330292061.0,ld3_D_Diesel,b2b--c53-22904
54922,7361953-40-mdv,b2b-54922,ft-43fb3,ft-mdv-Gas,530330292061,-122.22834520138616,47.42187038261192,530330292061.0,mdv_G_Gasoline,b2b--c53-22926
54966,8395465-5-ld3,b2b-54966,ft-4a47e,ft-ld3-Gas,530610533014,-122.37093627404924,48.2483017317002,530579519002.0,ld3_G_Gasoline,b2b--c53-23000
54970,7361744-10-mdv,b2b-54970,ft-bfe43,ft-mdv-Dsl,530330292061,-122.22528263501711,47.432243549317185,530330292061.0,mdv_D_Diesel,b2b--c53-23005
55002,8394328-2-hdt,b2b-55002,ft-7cd3e,ft-hdt-Dsl,530330292061,-122.2384320753271,47.40669474169384,530330292061.0,hdt_D_Diesel,b2b--c53-23065
55003,8394328-2-hdt,b2b-55003,ft-692c8,ft-hdt-Dsl,530330292061,-122.2384320753271,47.40669474169384,530330292061.0,hdt_D_Diesel,b2b--c53-23066
55021,8394328-2-hdt,b2b-55021,ft-2dbc4,ft-hdt-Dsl,530330292061,-122.2384320753271,47.40669474169384,530330292061.0,hdt_D_Diesel,b2b--c53-23084
55031,8394328-2-hdt,b2b-55031,ft-24e3a,ft-hdt-Dsl,530330292061,-122.2384320753271,47.40669474169384,530330292061.0,hdt_D_Diesel,b2b--c53-23169
55032,8394328-2-hdt,b2b-55032,ft-eb4a6,ft-hdv-Dsl,530330292061,-122.2384320753271,47.40669474169384,530330292061.0,hdv_D_Diesel,b2b--c53-23170
55054,7324995-1-hdt,b2b-55054,ft-e7e98,ft-hdv-Dsl,530330315021,-121.36938446587672,47.147855247348815,20117.0,hdv_D_Diesel,b2b--c53-23194
55055,7324995-1-hdt,b2b-55055,ft-ece47,ft-hdv-Dsl,530330315021,-121.36938446587672,47.147855247348815,20117.0,hdv_D_Diesel,b2b--c53-23195
55057,7324995-1-hdt,b2b-55057,ft-453bd,ft-hdt-Dsl,530330315021,-121.36938446587672,47.147855247348815,20117.0,hdt_D_Diesel,b2b--c53-23206
55062,8386646-23-ld1,b2b-55062,ft-d14cd,ft-ld1-Dsl,530330315021,-121.36938446587672,47.147855247348815,20117.0,ld1_D_Diesel,b2b--c53-23213
55075,7374313-25-mdv,b2b-55075,ft-f532f,ft-mdv-Dsl,530610537001,-121.31300181346782,48.04698207479564,530750008004.0,mdv_D_Diesel,b2b--c53-23234
55114,7366389-23-ld1,b2b-55114,ft-fc990,ft-ld1-Gas,530330099004,-122.35117715320465,47.57121825509962,530330099004.0,ld1_G_Gasoline,b2b--c53-23325
55130,8295825-17-ld1,b2b-55130,ft-bc836,ft-ld1-Gas,530530701001,-121.5437370927352,47.12072649438632,20005.0,ld1_G_Gasoline,b2b--c53-23350
55138,988685-3-hdt,b2b-55138,ft-a80e2,ft-hdt-Dsl,530530732004,-122.26381973027048,46.91888857212184,20012.0,hdt_D_Diesel,b2b--c53-23362
55141,8297175-9-ld3,b2b-55141,ft-c0582,ft-ld3-Dsl,530530732004,-122.26381973027048,46.91888857212184,20012.0,ld3_D_Diesel,b2b--c53-23366
55143,312506-1-hdt,b2b-55143,ft-3bd64,ft-hdt-Dsl,530530732004,-122.26381973027048,46.91888857212184,20012.0,hdt_D_Diesel,b2b--c53-23370
55148,7358961-48-ld1,b2b-55148,ft-9e3f3,ft-ld1-Gas,530530732003,-122.23706641279225,46.78408365659002,530110411051.0,ld1_G_Gasoline,b2b--c53-23376
55151,6390606-3-hdt,b2b-55151,ft-a95fd,ft-hdv-Dsl,530530712071,-122.28611945306136,47.155943185501535,530530712071.0,hdv_D_Diesel,b2b--c53-23384
55171,8347851-11-hdt,b2b-55171,ft-3ef83,ft-hdv-Dsl,530610537001,-121.31300181346782,48.04698207479564,20064.0,hdv_D_Diesel,b2b--c53-23417
55173,7362512-16-hdt,b2b-55173,ft-e0cfc,ft-hdt-Dsl,530330320111,-122.02258281211779,47.3687562148935,530330320111.0,hdt_D_Diesel,b2b--c53-23425
55203,7244463-18-ld1,b2b-55203,ft-6bf42,ft-ld1-Gas,530610537001,-121.31300181346782,48.04698207479564,20104.0,ld1_G_Gasoline,b2b--c53-23477
55207,727610-2-hdt,b2b-55207,ft-fd4eb,ft-hdt-Dsl,530530701001,-121.5437370927352,47.12072649438632,20009.0,hdt_D_Diesel,b2b--c53-23486
55212,6429115-2-hdt,b2b-55212,ft-334bc,ft-hdt-Dsl,530610537001,-121.31300181346782,48.04698207479564,530630122001.0,hdt_D_Diesel,b2b--c53-23492
55217,8395045-6-hdt,b2b-55217,ft-6bc1d,ft-hdt-Dsl,530330284024,-122.32840253514618,47.44437048521317,530330284024.0,hdt_D_Diesel,b2b--c53-23497
55241,8395045-4-ld3,b2b-55241,ft-59322,ft-ld3-Dsl,530330284024,-122.32840253514618,47.44437048521317,530330284024.0,ld3_D_Diesel,b2b--c53-23562
55246,6426007-4-hdt,b2b-55246,ft-8aa2d,ft-hdt-Dsl,530610537001,-121.31300181346782,48.04698207479564,530630020003.0,hdt_D_Diesel,b2b--c53-23578
55257,7374212-34-ld3,b2b-55257,ft-56cfd,ft-ld3-Gas,530610533014,-122.37093627404924,48.2483017317002,530730002003.0,ld3_G_Gasoline,b2b--c53-23600
55258,7373894-41-hdt,b2b-55258,ft-aab22,ft-hdt-Dsl,530610533014,-122.37093627404924,48.2483017317002,530730004003.0,hdt_D_Diesel,b2b--c53-23601
55270,7373730-11-hdt,b2b-55270,ft-d88d0,ft-hdt-Dsl,530330315021,-121.36938446587672,47.147855247348815,530719202002.0,hdt_D_Diesel,b2b--c53-23624
55272,7373730-11-hdt,b2b-55272,ft-e8edc,ft-hdt-Dsl,530330315021,-121.36938446587672,47.147855247348815,530719202002.0,hdt_D_Diesel,b2b--c53-23626
55281,7372656-18-ld1,b2b-55281,ft-d9595,ft-ld1-Gas,530610537001,-121.31300181346782,48.04698207479564,530630114003.0,ld1_G_Gasoline,b2b--c53-23643
55314,7194077-5-hdt,b2b-55314,ft-e19b1,ft-hdt-Dsl,530530732003,-122.23706641279225,46.78408365659002,410510073001.0,hdt_D_Diesel,b2b--c53-23700
55316,7194077-5-hdt,b2b-55316,ft-df026,ft-hdt-Dsl,530530732003,-122.23706641279225,46.78408365659002,410510073001.0,hdt_D_Diesel,b2b--c53-23702
55319,6677328-5-hdt,b2b-55319,ft-0fa2f,ft-hdt-Dsl,530530701001,-121.5437370927352,47.12072649438632,20009.0,hdt_D_Diesel,b2b--c53-23706
55321,6677328-5-hdt,b2b-55321,ft-576aa,ft-hdt-Dsl,530530701001,-121.5437370927352,47.12072649438632,20009.0,hdt_D_Diesel,b2b--c53-23708
55328,6677328-5-hdt,b2b-55328,ft-5f0e2,ft-hdv-Dsl,530530701001,-121.5437370927352,47.12072649438632,20009.0,hdv_D_Diesel,b2b--c53-23730
55376,5051537-1-hdt,b2b-55376,ft-7b54d,ft-hdt-Dsl,530530730061,-122.34183800719136,46.92931107282429,410710305023.0,hdt_D_Diesel,b2b--c53-23824
55387,8370792-19-ld3,b2b-55387,ft-76ea5,ft-ld3-Dsl,530530732003,-122.23706641279225,46.78408365659002,410430306003.0,ld3_D_Diesel,b2b--c53-23836
55394,7369144-20-mdv,b2b-55394,ft-232a7,ft-mdv-Gas,530530602001,-122.41528801040086,47.24832819827986,530530602001.0,mdv_G_Gasoline,b2b--c53-23865
55404,7366752-9-ld3,b2b-55404,ft-877eb,ft-ld3-Dsl,530330262001,-122.23092033957167,47.47070058950334,530330262001.0,ld3_D_Diesel,b2b--c53-23880
55405,7361891-20-mdv,b2b-55405,ft-97209,ft-mdv-Gas,530330292061,-122.24476005979747,47.397552375178016,530330292061.0,mdv_G_Gasoline,b2b--c53-23881
55410,7367265-15-mdv,b2b-55410,ft-3a01d,ft-mdv-Gas,530350811002,-122.6530939681399,47.565540153997645,530350811002.0,mdv_G_Gasoline,b2b--c53-23889
55421,7361893-4-ld3,b2b-55421,ft-30cb3,ft-ld3-Dsl,530330292061,-122.2361032719516,47.43386858781752,530330292061.0,ld3_D_Diesel,b2b--c53-23902
55426,8395889-8-ld1,b2b-55426,ft-61a62,ft-ld1-Gas,530530726032,-122.77382693312865,47.188210163000925,530670110001.0,ld1_G_Gasoline,b2b--c53-23910
55428,8394327-2-hdt,b2b-55428,ft-00bd5,ft-hdt-Dsl,530330292061,-122.24406567327773,47.40621658580291,530330292061.0,hdt_D_Diesel,b2b--c53-23913
55443,8394327-2-hdt,b2b-55443,ft-2af3a,ft-hdv-Dsl,530330292061,-122.24406567327773,47.40621658580291,530330292061.0,hdv_D_Diesel,b2b--c53-23928
55444,8394327-2-hdt,b2b-55444,ft-7399a,ft-hdt-Dsl,530330292061,-122.24406567327773,47.40621658580291,530330292061.0,hdt_D_Diesel,b2b--c53-23929
55446,8394327-2-hdt,b2b-55446,ft-775d7,ft-hdv-Dsl,530330292061,-122.24406567327773,47.40621658580291,530330292061.0,hdv_D_Diesel,b2b--c53-23931
55461,8394327-2-hdt,b2b-55461,ft-3c473,ft-hdt-Dsl,530330292061,-122.24406567327773,47.40621658580291,530330292061.0,hdt_D_Diesel,b2b--c53-24001
55468,8394327-2-hdt,b2b-55468,ft-ada4d,ft-hdv-Dsl,530330292061,-122.24406567327773,47.40621658580291,530330292061.0,hdv_D_Diesel,b2b--c53-24009
55472,6726707-8-ld1,b2b-55472,ft-edf97,ft-ld1-Gas,530530732004,-122.26381973027048,46.91888857212184,20012.0,ld1_G_Gasoline,b2b--c53-24013
55479,8297457-5-ld3,b2b-55479,ft-a27e1,ft-ld3-Dsl,530530732004,-122.26381973027048,46.91888857212184,20012.0,ld3_D_Diesel,b2b--c53-24028
55481,337196-4-hdt,b2b-55481,ft-6dd9b,ft-hdv-Dsl,530530732004,-122.26381973027048,46.91888857212184,20012.0,hdv_D_Diesel,b2b--c53-24030
55490,7374158-20-mdv,b2b-55490,ft-ce3da,ft-mdv-Gas,530610533014,-122.37093627404924,48.2483017317002,530730104012.0,mdv_G_Gasoline,b2b--c53-24041
55491,8370386-4-ld3,b2b-55491,ft-599bd,ft-ld3-Gas,530530732003,-122.23706641279225,46.78408365659002,410050203021.0,ld3_G_Gasoline,b2b--c53-24042
55495,6441171-4-hdt,b2b-55495,ft-d39fc,ft-hdt-Dsl,530610533014,-122.37093627404924,48.2483017317002,530730002001.0,hdt_D_Diesel,b2b--c53-24047
55506,8395898-1-hdt,b2b-55506,ft-21599,ft-hdt-Dsl,530530728001,-122.64899673245617,47.0992006395685,530670122222.0,hdt_D_Diesel,b2b--c53-24057
55515,8395898-1-hdt,b2b-55515,ft-11ffa,ft-hdt-Dsl,530530728001,-122.64899673245617,47.0992006395685,530670122222.0,hdt_D_Diesel,b2b--c53-24174
55522,5041010-2-hdt,b2b-55522,ft-aaa83,ft-hdt-Dsl,530530732003,-122.23706641279225,46.78408365659002,410670320054.0,hdt_D_Diesel,b2b--c53-24186
55523,5041010-2-hdt,b2b-55523,ft-8cbb2,ft-hdt-Dsl,530530732003,-122.23706641279225,46.78408365659002,410670320054.0,hdt_D_Diesel,b2b--c53-24190
55535,8394083-11-ld1,b2b-55535,ft-97a8f,ft-ld1-Gas,530330305011,-122.22995073612395,47.34476729172456,530330305011.0,ld1_G_Gasoline,b2b--c53-24211
55549,8302115-5-ld1,b2b-55549,ft-ca1ee,ft-ld1-Gas,530530701001,-121.5437370927352,47.12072649438632,20009.0,ld1_G_Gasoline,b2b--c53-24229
55554,300306-7-hdt,b2b-55554,ft-43871,ft-hdt-Dsl,530530732004,-122.26381973027048,46.91888857212184,20012.0,hdt_D_Diesel,b2b--c53-24234
55558,7186535-13-hdt,b2b-55558,ft-4526b,ft-hdt-Dsl,530530732003,-122.23706641279225,46.78408365659002,410050215002.0,hdt_D_Diesel,b2b--c53-24239
55560,7186535-13-hdt,b2b-55560,ft-0950a,ft-hdt-Dsl,530530732003,-122.23706641279225,46.78408365659002,410050215002.0,hdt_D_Diesel,b2b--c53-24241
55563,7186535-13-hdt,b2b-55563,ft-d4055,ft-hdt-Dsl,530530732003,-122.23706641279225,46.78408365659002,410050215002.0,hdt_D_Diesel,b2b--c53-24244
55588,7192967-2-ld1,b2b-55588,ft-e7ff7,ft-ld1-Dsl,530530732003,-122.23706641279225,46.78408365659002,410510043001.0,ld1_D_Diesel,b2b--c53-24287
55600,6744094-13-ld1,b2b-55600,ft-15f46,ft-ld1-Dsl,530530732004,-122.26381973027048,46.91888857212184,20010.0,ld1_D_Diesel,b2b--c53-24306
55601,6744094-13-ld1,b2b-55601,ft-d724b,ft-ld1-Dsl,530530732004,-122.26381973027048,46.91888857212184,20010.0,ld1_D_Diesel,b2b--c53-24307
55609,8308905-13-ld1,b2b-55609,ft-fb4c9,ft-ld1-Gas,530530732004,-122.26381973027048,46.91888857212184,20014.0,ld1_G_Gasoline,b2b--c53-24323
55610,8308905-13-ld1,b2b-55610,ft-b7438,ft-ld1-Gas,530530732004,-122.26381973027048,46.91888857212184,20014.0,ld1_G_Gasoline,b2b--c53-24324
55630,7358656-19-ld3,b2b-55630,ft-55c31,ft-ld3-Dsl,530530732003,-122.23706641279225,46.78408365659002,530110411051.0,ld3_D_Diesel,b2b--c53-24356
55638,908281-3-hdt,b2b-55638,ft-7efd3,ft-hdt-Dsl,530530732004,-122.26381973027048,46.91888857212184,20012.0,hdt_D_Diesel,b2b--c53-24365
55647,7361790-9-ld3,b2b-55647,ft-7cd58,ft-ld3-Dsl,530330292061,-122.24399044478618,47.433219893641684,530330292061.0,ld3_D_Diesel,b2b--c53-24378
55648,7372658-8-ld1,b2b-55648,ft-d1c43,ft-ld1-Gas,530610537001,-121.31300181346782,48.04698207479564,530630114003.0,ld1_G_Gasoline,b2b--c53-24379
55658,7358568-6-hdt,b2b-55658,ft-cfd46,ft-hdt-Dsl,530530732003,-122.23706641279225,46.78408365659002,530110426003.0,hdt_D_Diesel,b2b--c53-24393
55682,6382763-4-hdt,b2b-55682,ft-438e8,ft-hdt-Dsl,530530732003,-122.23706641279225,46.78408365659002,530419717004.0,hdt_D_Diesel,b2b--c53-24467
55690,8395620-3-hdt,b2b-55690,ft-dcbfd,ft-hdt-Dsl,530610535091,-122.15089997478691,48.15649523919702,530610535091.0,hdt_D_Diesel,b2b--c53-24492
55700,8394084-3-hdt,b2b-55700,ft-da526,ft-hdt-Dsl,530330305011,-122.22967345668138,47.33385574360352,530330305011.0,hdt_D_Diesel,b2b--c53-24518
55709,7369219-11-hdt,b2b-55709,ft-8acef,ft-hdt-Dsl,530539400101,-122.29381001031895,47.21080765754478,530539400101.0,hdt_D_Diesel,b2b--c53-24538
55713,8394083-3-hdt,b2b-55713,ft-19122,ft-hdt-Dsl,530330305011,-122.22995073612395,47.34476729172456,530330305011.0,hdt_D_Diesel,b2b--c53-24605
55716,8394083-3-hdt,b2b-55716,ft-d4646,ft-hdt-Dsl,530330305011,-122.22995073612395,47.34476729172456,530330305011.0,hdt_D_Diesel,b2b--c53-24608
55721,8394083-3-hdt,b2b-55721,ft-871c9,ft-hdt-Dsl,530330305011,-122.22995073612395,47.34476729172456,530330305011.0,hdt_D_Diesel,b2b--c53-24543
55734,6437558-3-hdt,b2b-55734,ft-ada1a,ft-hdv-Dsl,530530730012,-122.55351242501284,46.95234830393439,530670125201.0,hdv_D_Diesel,b2b--c53-24612
55762,7368270-17-hdv,b2b-55762,ft-b968f,ft-hdv-Dsl,530539400101,-122.30718333442022,47.2133342925431,530539400101.0,hdv_D_Diesel,b2b--c53-24672
55766,7371556-6-hdt,b2b-55766,ft-6951d,ft-hdt-Dsl,530610533012,-122.33344015201193,48.26864231894757,530610533012.0,hdt_D_Diesel,b2b--c53-24679
55770,8417436-2-hdt,b2b-55770,ft-a67ba,ft-hdv-Dsl,530610537001,-121.31300181346782,48.04698207479564,530630141002.0,hdv_D_Diesel,b2b--c53-24683
55774,8417436-2-hdt,b2b-55774,ft-9b778,ft-hdv-Dsl,530610537001,-121.31300181346782,48.04698207479564,530630141002.0,hdv_D_Diesel,b2b--c53-24704
55780,8324353-1-hdt,b2b-55780,ft-23ff1,ft-hdt-Dsl,530330315021,-121.36938446587672,47.147855247348815,20033.0,hdt_D_Diesel,b2b--c53-24712
55787,8324353-1-hdt,b2b-55787,ft-b4cdc,ft-hdt-Dsl,530330315021,-121.36938446587672,47.147855247348815,20033.0,hdt_D_Diesel,b2b--c53-24750
55788,8324353-1-hdt,b2b-55788,ft-45419,ft-hdt-Dsl,530330315021,-121.36938446587672,47.147855247348815,20033.0,hdt_D_Diesel,b2b--c53-24751
55800,8324353-1-hdt,b2b-55800,ft-c6482,ft-hdt-Dsl,530330315021,-121.36938446587672,47.147855247348815,20033.0,hdt_D_Diesel,b2b--c53-24766
55823,5040578-2-hdt,b2b-55823,ft-e3183,ft-hdt-Dsl,530530732003,-122.23706641279225,46.78408365659002,410670320031.0,hdt_D_Diesel,b2b--c53-24791
55835,5001597-1-hdt,b2b-55835,ft-6dcb1,ft-hdt-Dsl,530530732003,-122.23706641279225,46.78408365659002,410470102021.0,hdt_D_Diesel,b2b--c53-24803
55847,5050665-1-hdt,b2b-55847,ft-58bb9,ft-hdt-Dsl,530530730061,-122.34183800719136,46.92931107282429,410710304002.0,hdt_D_Diesel,b2b--c53-24815
55849,5040473-4-hdt,b2b-55849,ft-72fed,ft-hdt-Dsl,530530732003,-122.23706641279225,46.78408365659002,410670320031.0,hdt_D_Diesel,b2b--c53-24817
55859,5044145-1-hdt,b2b-55859,ft-c36f2,ft-hdt-Dsl,530530730061,-122.34183800719136,46.92931107282429,410670329012.0,hdt_D_Diesel,b2b--c53-24827
55860,5006167-3-hdt,b2b-55860,ft-1172c,ft-hdt-Dsl,530530732003,-122.23706641279225,46.78408365659002,410470017012.0,hdt_D_Diesel,b2b--c53-24828
55871,6309993-2-hdt,b2b-55871,ft-10683,ft-hdt-Dsl,530330315021,-121.36938446587672,47.147855247348815,530210206013.0,hdt_D_Diesel,b2b--c53-24843
55877,3650819-1-hdt,b2b-55877,ft-2b502,ft-hdt-Dsl,530610537001,-121.31300181346782,48.04698207479564,20069.0,hdt_D_Diesel,b2b--c53-24852
55880,7359557-1-hdt,b2b-55880,ft-61dad,ft-hdt-Dsl,530530732003,-122.23706641279225,46.78408365659002,530150015025.0,hdt_D_Diesel,b2b--c53-24858
55889,6386548-2-hdt,b2b-55889,ft-a8346,ft-hdv-Dsl,530530728001,-122.62386246568568,47.11225186476595,530530728001.0,hdv_D_Diesel,b2b--c53-24873
55913,6402120-2-hdt,b2b-55913,ft-af55e,ft-hdt-Dsl,530610533014,-122.37093627404924,48.2483017317002,530579404001.0,hdt_D_Diesel,b2b--c53-24924
55927,8370581-11-hdt,b2b-55927,ft-782dc,ft-hdt-Dsl,530530701001,-121.5437370927352,47.12072649438632,20095.0,hdt_D_Diesel,b2b--c53-24942
55947,7359707-21-hdt,b2b-55947,ft-8733d,ft-hdt-Dsl,530330315021,-121.36938446587672,47.147855247348815,530210201001.0,hdt_D_Diesel,b2b--c53-24986
55955,6436579-3-hdt,b2b-55955,ft-decc0,ft-hdt-Dsl,530530728001,-122.64899673245617,47.0992006395685,530670123302.0,hdt_D_Diesel,b2b--c53-24998
55965,7361790-31-hdt,b2b-55965,ft-4f26b,ft-hdv-Dsl,530330292061,-122.24399044478618,47.433219893641684,530330292061.0,hdv_D_Diesel,b2b--c53-25009
55975,7364692-4-hdt,b2b-55975,ft-f7231,ft-hdt-Dsl,530330108001,-122.34913921788487,47.55384014888749,530330108001.0,hdt_D_Diesel,b2b--c53-25036
55983,6373151-3-hdt,b2b-55983,ft-f8b71,ft-hdt-Dsl,530330284032,-122.2935807404904,47.4454336178572,530330284032.0,hdt_D_Diesel,b2b--c53-25046
55989,6371365-5-hdt,b2b-55989,ft-9dbc4,ft-hdt-Dsl,530330262001,-122.22562885041096,47.44909185314915,530330262001.0,hdt_D_Diesel,b2b--c53-25062
56000,6317888-1-hdt,b2b-56000,ft-906f0,ft-hdt-Dsl,530330303042,-122.31346369981961,47.28439602820411,530330303042.0,hdt_D_Diesel,b2b--c53-25083
56023,6393688-1-hdt,b2b-56023,ft-4d71c,ft-hdt-Dsl,530539400072,-122.39734126074657,47.23775370543039,530539400072.0,hdt_D_Diesel,b2b--c53-25155
56026,7367024-7-hdt,b2b-56026,ft-eaaee,ft-hdt-Dsl,530330288012,-122.31897482130626,47.42654530468536,530330288012.0,hdt_D_Diesel,b2b--c53-25161
56028,6388394-5-hdt,b2b-56028,ft-a1fed,ft-hdv-Dsl,530539400022,-122.368289546709,47.242889341578646,530539400022.0,hdv_D_Diesel,b2b--c53-25167
56033,6318473-3-hdt,b2b-56033,ft-efbe3,ft-hdt-Dsl,530330303042,-122.3139833519946,47.28291769279974,530330303042.0,hdt_D_Diesel,b2b--c53-25175
56037,6395935-1-hdt,b2b-56037,ft-6af4e,ft-hdt-Dsl,530530617001,-122.44643049716171,47.235100993054964,530530617001.0,hdt_D_Diesel,b2b--c53-25182
56042,7366364-6-hdt,b2b-56042,ft-c5f1f,ft-hdt-Dsl,530330093003,-122.33231170637092,47.56852810250407,530330093003.0,hdt_D_Diesel,b2b--c53-25195
56046,6327455-2-hdt,b2b-56046,ft-c2ce1,ft-hdt-Dsl,530330303093,-122.33134118303246,47.30250035990744,530330303093.0,hdt_D_Diesel,b2b--c53-25203
56049,6391564-2-hdt,b2b-56049,ft-df512,ft-hdt-Dsl,530530733013,-122.24504459711085,47.25407527812846,530530733013.0,hdt_D_Diesel,b2b--c53-25207
56061,6390811-2-hdt,b2b-56061,ft-6b0c4,ft-hdt-Dsl,530530714062,-122.37884420886927,47.082670764241854,530530714062.0,hdt_D_Diesel,b2b--c53-25222
56089,6316659-2-hdt,b2b-56089,ft-5b1fe,ft-hdt-Dsl,530330304011,-122.29960641286515,47.291904026416326,530330304011.0,hdt_D_Diesel,b2b--c53-25269
56095,6391514-2-hdt,b2b-56095,ft-ac1c2,ft-hdv-Dsl,530539400101,-122.30353789687884,47.20405742665748,530539400101.0,hdv_D_Diesel,b2b--c53-25279
56104,6316659-1-hdt,b2b-56104,ft-03fdb,ft-hdt-Dsl,530330304011,-122.29960641286515,47.291904026416326,530330304011.0,hdt_D_Diesel,b2b--c53-25297
56108,6388354-1-hdt,b2b-56108,ft-a922b,ft-hdt-Dsl,530539400022,-122.35907334031394,47.24299663080023,530539400022.0,hdt_D_Diesel,b2b--c53-25299
56120,6331533-1-hdt,b2b-56120,ft-5e19e,ft-hdt-Dsl,530330292061,-122.24578535224147,47.40082580307097,530330292061.0,hdt_D_Diesel,b2b--c53-25315
56133,6341011-6-hdt,b2b-56133,ft-aebfb,ft-hdt-Dsl,530330253012,-122.20114740437342,47.518332270703716,530330253012.0,hdt_D_Diesel,b2b--c53-25334
56135,6388946-2-hdt,b2b-56135,ft-97f0f,ft-hdt-Dsl,530539400101,-122.2936259049738,47.211911509995986,530539400101.0,hdt_D_Diesel,b2b--c53-25337
56146,6397532-3-hdt,b2b-56146,ft-89ef7,ft-hdv-Dsl,530530717043,-122.46385209160825,47.16494385364681,530530717043.0,hdv_D_Diesel,b2b--c53-25355
56154,6369310-2-hdt,b2b-56154,ft-7658e,ft-hdt-Dsl,530330288013,-122.30323774316902,47.42272695970463,530330288013.0,hdt_D_Diesel,b2b--c53-25368
56171,7368534-1-hdt,b2b-56171,ft-37dcf,ft-hdv-Dsl,530539400101,-122.33639770242657,47.214816352560376,530539400101.0,hdv_D_Diesel,b2b--c53-25410
56182,7369222-6-hdt,b2b-56182,ft-36e01,ft-hdt-Dsl,530539400101,-122.30417659281488,47.20442295434449,530539400101.0,hdt_D_Diesel,b2b--c53-25430
56188,7360251-1-hdt,b2b-56188,ft-0b3e1,ft-hdv-Dsl,530330308011,-122.25027559284608,47.294574176820156,530330308011.0,hdv_D_Diesel,b2b--c53-25467
56208,6370419-1-hdt,b2b-56208,ft-b9804,ft-hdt-Dsl,530330275004,-122.3471073873594,47.48133144762543,530330275004.0,hdt_D_Diesel,b2b--c53-25525
56219,7369225-16-hdt,b2b-56219,ft-4cf8b,ft-hdt-Dsl,530539400101,-122.32054845415173,47.212734084504994,530539400101.0,hdt_D_Diesel,b2b--c53-25712
56224,6326783-1-hdt,b2b-56224,ft-cd3bd,ft-hdt-Dsl,530330315022,-121.9636048043766,47.20043385848566,530330315022.0,hdt_D_Diesel,b2b--c53-25719
56240,7368549-6-hdt,b2b-56240,ft-be2a4,ft-hdt-Dsl,530539400101,-122.33647069297749,47.22263015711102,530539400101.0,hdt_D_Diesel,b2b--c53-25802
56241,7368549-6-hdt,b2b-56241,ft-dee9a,ft-hdt-Dsl,530539400101,-122.33647069297749,47.22263015711102,530539400101.0,hdt_D_Diesel,b2b--c53-25823
56257,7367024-10-hdt,b2b-56257,ft-7a8cf,ft-hdt-Dsl,530330288012,-122.31897482130626,47.42654530468536,530330288012.0,hdt_D_Diesel,b2b--c53-25882
56264,7362511-26-hdt,b2b-56264,ft-62325,ft-hdt-Dsl,530330320111,-122.0228827412936,47.36910189719495,530330320111.0,hdt_D_Diesel,b2b--c53-25907
56266,7361953-1-hdt,b2b-56266,ft-f8a92,ft-hdt-Dsl,530330292061,-122.22834520138616,47.42187038261192,530330292061.0,hdt_D_Diesel,b2b--c53-25914
56274,8394083-4-hdt,b2b-56274,ft-bb827,ft-hdt-Dsl,530330305011,-122.22995073612395,47.34476729172456,530330305011.0,hdt_D_Diesel,b2b--c53-25945
56277,6329725-3-hdt,b2b-56277,ft-5bef6,ft-hdt-Dsl,530330292061,-122.24578916265531,47.40226497134474,530330292061.0,hdt_D_Diesel,b2b--c53-25946
56289,6377568-1-hdt,b2b-56289,ft-d701a,ft-hdt-Dsl,530350928011,-122.64337922352684,47.50241980345088,530350928011.0,hdt_D_Diesel,b2b--c53-25971
56299,7361744-51-hdt,b2b-56299,ft-411b9,ft-hdt-Dsl,530330292061,-122.22528263501711,47.432243549317185,530330292061.0,hdt_D_Diesel,b2b--c53-26010
56317,7368270-16-hdt,b2b-56317,ft-0da7c,ft-hdt-Dsl,530539400101,-122.30718333442022,47.2133342925431,530539400101.0,hdt_D_Diesel,b2b--c53-26064
56326,7362668-16-hdt,b2b-56326,ft-ae1c9,ft-hdv-Dsl,530330284024,-122.29828123802866,47.44416305383533,530330284024.0,hdv_D_Diesel,b2b--c53-26090
56335,7369164-1-hdt,b2b-56335,ft-66264,ft-hdt-Dsl,530539400022,-122.3623989794619,47.24303041243632,530539400022.0,hdt_D_Diesel,b2b--c53-26108
56346,6397410-2-hdt,b2b-56346,ft-57ac8,ft-hdt-Dsl,530530717032,-122.46198727395182,47.17041315248729,530530717032.0,hdt_D_Diesel,b2b--c53-26150
56355,7369219-1-hdt,b2b-56355,ft-3417a,ft-hdt-Dsl,530539400101,-122.29381001031895,47.21080765754478,530539400101.0,hdt_D_Diesel,b2b--c53-26203
56357,7369219-1-hdt,b2b-56357,ft-61819,ft-hdv-Dsl,530539400101,-122.29381001031895,47.21080765754478,530539400101.0,hdv_D_Diesel,b2b--c53-26200
56366,6399491-6-hdt,b2b-56366,ft-5a758,ft-hdv-Dsl,530530720002,-122.5300746315716,47.12124275242591,530530720002.0,hdv_D_Diesel,b2b--c53-26229
56377,6870782-9-hdt,b2b-56377,ft-f7e65,ft-hdt-Dsl,530610537001,-121.31300181346782,48.04698207479564,20034.0,hdt_D_Diesel,b2b--c53-26246
56382,2138552-4-hdt,b2b-56382,ft-b105a,ft-hdt-Dsl,530610537001,-121.31300181346782,48.04698207479564,20034.0,hdt_D_Diesel,b2b--c53-26257
56383,2205166-1-hdt,b2b-56383,ft-5e835,ft-hdv-Dsl,530610537001,-121.31300181346782,48.04698207479564,20034.0,hdv_D_Diesel,b2b--c53-26258
56427,8346596-4-hdt,b2b-56427,ft-b2db3,ft-hdv-Dsl,530610537001,-121.31300181346782,48.04698207479564,20061.0,hdv_D_Diesel,b2b--c53-26308
56458,8371058-11-hdt,b2b-56458,ft-93882,ft-hdv-Dsl,530530732003,-122.23706641279225,46.78408365659002,410510072021.0,hdv_D_Diesel,b2b--c53-26353
56462,8370885-11-hdt,b2b-56462,ft-68ed5,ft-hdv-Dsl,530530732003,-122.23706641279225,46.78408365659002,410510102001.0,hdv_D_Diesel,b2b--c53-26361_2
56478,8371137-16-hdt,b2b-56478,ft-c8dca,ft-hdt-Dsl,530530732003,-122.23706641279225,46.78408365659002,410510072021.0,hdt_D_Diesel,b2b--c53-26402
56485,7192988-1-hdt,b2b-56485,ft-64700,ft-hdt-Dsl,530530732003,-122.23706641279225,46.78408365659002,410510045001.0,hdt_D_Diesel,b2b--c53-26424
56505,7192982-28-hdt,b2b-56505,ft-d1455,ft-hdt-Dsl,530530732003,-122.23706641279225,46.78408365659002,410510043001.0,hdt_D_Diesel,b2b--c53-26455
56520,4980108-1-hdt,b2b-56520,ft-dd962,ft-hdt-Dsl,530530701001,-121.5437370927352,47.12072649438632,20095.0,hdt_D_Diesel,b2b--c53-26489
56542,6415133-1-hdt,b2b-56542,ft-b857b,ft-hdt-Dsl,530610535091,-122.14827548253324,48.1710002550636,530610535091.0,hdt_D_Diesel,b2b--c53-26511
56550,7369899-31-hdt,b2b-56550,ft-9aa6d,ft-hdt-Dsl,530610533014,-122.37093627404924,48.2483017317002,530579521003.0,hdt_D_Diesel,b2b--c53-26519
56553,6444627-2-hdt,b2b-56553,ft-a1c0c,ft-hdv-Dsl,530610534003,-122.1247949345833,48.26061186107353,530730101004.0,hdv_D_Diesel,b2b--c53-26522
56563,6443317-3-hdt,b2b-56563,ft-69a1b,ft-hdv-Dsl,530610534003,-122.1247949345833,48.26061186107353,530730101004.0,hdv_D_Diesel,b2b--c53-26532
56564,6402664-2-hdt,b2b-56564,ft-8f715,ft-hdt-Dsl,530610533024,-122.33639511497468,48.27588885819264,530579518002.0,hdt_D_Diesel,b2b--c53-26533
56569,6442121-3-hdt,b2b-56569,ft-54928,ft-hdt-Dsl,530610533014,-122.37093627404924,48.2483017317002,530730002002.0,hdt_D_Diesel,b2b--c53-26538
56579,6403445-4-hdt,b2b-56579,ft-efb5c,ft-hdt-Dsl,530610533024,-122.33639511497468,48.27588885819264,530579526003.0,hdt_D_Diesel,b2b--c53-26548
56587,6415346-2-hdt,b2b-56587,ft-23f95,ft-hdt-Dsl,530610535091,-122.14050417376467,48.16242143227816,530610535091.0,hdt_D_Diesel,b2b--c53-26556
56592,7373894-11-hdt,b2b-56592,ft-bdc9c,ft-hdt-Dsl,530610533014,-122.37093627404924,48.2483017317002,530730004003.0,hdt_D_Diesel,b2b--c53-26561
56602,7369067-16-hdt,b2b-56602,ft-74772,ft-hdt-Dsl,530530626001,-122.48308000394596,47.21890901912728,530530626001.0,hdt_D_Diesel,b2b--c53-26593
56612,7369171-26-hdt,b2b-56612,ft-99d08,ft-hdt-Dsl,530539400022,-122.40021822743282,47.25332028353289,530539400022.0,hdt_D_Diesel,b2b--c53-26628
56643,7369580-11-hdt,b2b-56643,ft-d3ea2,ft-hdt-Dsl,530530718071,-122.49198150530705,47.17308429967378,530530718071.0,hdt_D_Diesel,b2b--c53-26755
56657,6395475-2-hdt,b2b-56657,ft-46fe2,ft-hdt-Dsl,530530626002,-122.46415596986006,47.21078374279038,530530626002.0,hdt_D_Diesel,b2b--c53-26813
56662,7369840-6-hdt,b2b-56662,ft-d5abc,ft-hdt-Dsl,530610533024,-122.33639511497468,48.27588885819264,530579518002.0,hdt_D_Diesel,b2b--c53-26822
56663,6345929-1-hdt,b2b-56663,ft-5b157,ft-hdv-Dsl,530330296015,-122.17817273716213,47.36399912508344,530330296015.0,hdv_D_Diesel,b2b--c53-26827
56691,7359648-6-hdt,b2b-56691,ft-e6553,ft-hdt-Dsl,530330315021,-121.36938446587672,47.147855247348815,530210204001.0,hdt_D_Diesel,b2b--c53-26884
56699,6445943-43-hdt,b2b-56699,ft-356f1,ft-hdt-Dsl,530330315021,-121.36938446587672,47.147855247348815,530770016022.0,hdt_D_Diesel,b2b--c53-26900
56713,7372658-31-hdt,b2b-56713,ft-6047b,ft-hdv-Dsl,530610537001,-121.31300181346782,48.04698207479564,530630114003.0,hdv_D_Diesel,b2b--c53-26928
56714,6441495-4-hdt,b2b-56714,ft-46517,ft-hdt-Dsl,530610533014,-122.37093627404924,48.2483017317002,530730001003.0,hdt_D_Diesel,b2b--c53-26929
56718,7360029-31-hdt,b2b-56718,ft-68522,ft-hdt-Dsl,530350920001,-122.92435858189329,47.572507416975284,530270013002.0,hdt_D_Diesel,b2b--c53-26935
56722,7372501-26-hdt,b2b-56722,ft-d4242,ft-hdt-Dsl,530610537001,-121.31300181346782,48.04698207479564,530630112014.0,hdt_D_Diesel,b2b--c53-26942
56728,8395795-3-hdt,b2b-56728,ft-daa3a,ft-hdt-Dsl,530610537001,-121.31300181346782,48.04698207479564,530630114003.0,hdt_D_Diesel,b2b--c53-26951
56754,7395155-1-hdt,b2b-56754,ft-e4005,ft-hdt-Dsl,530330328003,-121.10644086665883,47.709472706427675,20128.0,hdt_D_Diesel,b2b--c53-26996
56755,7395155-1-hdt,b2b-56755,ft-d5c3d,ft-hdt-Dsl,530330328003,-121.10644086665883,47.709472706427675,20128.0,hdt_D_Diesel,b2b--c53-26997
56761,6301526-1-hdt,b2b-56761,ft-b80c9,ft-hdt-Dsl,530530732003,-122.23706641279225,46.78408365659002,530110408061.0,hdt_D_Diesel,b2b--c53-27007
56767,4086411-3-hdt,b2b-56767,ft-8cbbd,ft-hdv-Dsl,530610537001,-121.31300181346782,48.04698207479564,20079.0,hdv_D_Diesel,b2b--c53-27014
56769,2538128-1-hdt,b2b-56769,ft-54311,ft-hdv-Dsl,530610537001,-121.31300181346782,48.04698207479564,20041.0,hdv_D_Diesel,b2b--c53-27016
56771,6968886-5-hdt,b2b-56771,ft-0e134,ft-hdt-Dsl,530610537001,-121.31300181346782,48.04698207479564,20056.0,hdt_D_Diesel,b2b--c53-27019
56794,6375895-1-hdt,b2b-56794,ft-994f3,ft-hdt-Dsl,530350811002,-122.65273317324704,47.56554782642275,530350811002.0,hdt_D_Diesel,b2b--c53-27060
56802,6442656-1-hdt,b2b-56802,ft-4f7cc,ft-hdv-Dsl,530610533014,-122.37093627404924,48.2483017317002,530730011002.0,hdv_D_Diesel,b2b--c53-27072
56803,6293774-21-hdt,b2b-56803,ft-e5600,ft-hdt-Dsl,530330328003,-121.10644086665883,47.709472706427675,530079610001.0,hdt_D_Diesel,b2b--c53-27073
56825,4963983-1-hdt,b2b-56825,ft-1fa7c,ft-hdv-Dsl,530530732003,-122.23706641279225,46.78408365659002,410050209002.0,hdv_D_Diesel,b2b--c53-27097
56827,6297494-2-hdt,b2b-56827,ft-4f853,ft-hdt-Dsl,530530732003,-122.23706641279225,46.78408365659002,530110404073.0,hdt_D_Diesel,b2b--c53-27099
56837,7192983-4-hdt,b2b-56837,ft-83538,ft-hdt-Dsl,530530732003,-122.23706641279225,46.78408365659002,410510043001.0,hdt_D_Diesel,b2b--c53-27109
56846,7193544-16-hdt,b2b-56846,ft-10223,ft-hdt-Dsl,530530732003,-122.23706641279225,46.78408365659002,410510072021.0,hdt_D_Diesel,b2b--c53-27118
56848,6303670-2-hdt,b2b-56848,ft-fa4f7,ft-hdv-Dsl,530530732003,-122.23706641279225,46.78408365659002,530110407062.0,hdv_D_Diesel,b2b--c53-27120
56853,6303673-3-hdt,b2b-56853,ft-fc3a7,ft-hdt-Dsl,530530732003,-122.23706641279225,46.78408365659002,530110413171.0,hdt_D_Diesel,b2b--c53-27125
56854,5008365-2-hdt,b2b-56854,ft-fac07,ft-hdt-Dsl,530530732003,-122.23706641279225,46.78408365659002,410510073001.0,hdt_D_Diesel,b2b--c53-27126
56871,5018419-3-hdt,b2b-56871,ft-74b79,ft-hdt-Dsl,530530732003,-122.23706641279225,46.78408365659002,410510073001.0,hdt_D_Diesel,b2b--c53-27143
56886,6442268-1-hdt,b2b-56886,ft-79f72,ft-hdt-Dsl,530610533014,-122.37093627404924,48.2483017317002,530730008034.0,hdt_D_Diesel,b2b--c53-27165
56887,6444620-2-hdt,b2b-56887,ft-42645,ft-hdv-Dsl,530610533014,-122.37093627404924,48.2483017317002,530730103011.0,hdv_D_Diesel,b2b--c53-27166
56891,6444407-3-hdt,b2b-56891,ft-e0fb8,ft-hdv-Dsl,530610534001,-122.174775998106,48.271850830473014,530730102002.0,hdv_D_Diesel,b2b--c53-27173
56909,6443331-4-hdt,b2b-56909,ft-dd0d8,ft-hdt-Dsl,530610534001,-122.174775998106,48.271850830473014,530730102002.0,hdt_D_Diesel,b2b--c53-27202
56922,8395583-1-hdt,b2b-56922,ft-965ec,ft-hdv-Dsl,530610419032,-122.2715522983293,47.917393596540805,530610419032.0,hdv_D_Diesel,b2b--c53-27217
56931,6444413-2-hdt,b2b-56931,ft-7faba,ft-hdt-Dsl,530610533014,-122.37093627404924,48.2483017317002,530730103011.0,hdt_D_Diesel,b2b--c53-27227
56943,6443301-2-hdt,b2b-56943,ft-5768b,ft-hdt-Dsl,530610534001,-122.174775998106,48.271850830473014,530730102002.0,hdt_D_Diesel,b2b--c53-27250
56958,8371059-16-hdt,b2b-56958,ft-7ab09,ft-hdt-Dsl,530530732003,-122.23706641279225,46.78408365659002,410510073001.0,hdt_D_Diesel,b2b--c53-27274
56989,6303052-1-hdt,b2b-56989,ft-75dd1,ft-hdt-Dsl,530530732003,-122.23706641279225,46.78408365659002,530110405071.0,hdt_D_Diesel,b2b--c53-27323
57016,6346030-2-hdt,b2b-57016,ft-e1a75,ft-hdt-Dsl,530330297003,-122.24361982183333,47.37617028695111,530330297003.0,hdt_D_Diesel,b2b--c53-27433
57023,6388394-3-hdt,b2b-57023,ft-dbc57,ft-hdv-Dsl,530539400022,-122.368289546709,47.242889341578646,530539400022.0,hdv_D_Diesel,b2b--c53-27458
57030,6398437-4-hdt,b2b-57030,ft-b81be,ft-hdt-Dsl,530530611006,-122.49365980850824,47.25546545466861,530530611006.0,hdt_D_Diesel,b2b--c53-27477
57067,6393688-2-hdt,b2b-57067,ft-36499,ft-hdt-Dsl,530539400072,-122.39734126074657,47.23775370543039,530539400072.0,hdt_D_Diesel,b2b--c53-27643
57072,6327284-4-hdt,b2b-57072,ft-a3f9e,ft-hdv-Dsl,530330303092,-122.3284596400524,47.29997376214388,530330303092.0,hdv_D_Diesel,b2b--c53-27652
57076,6390985-5-hdt,b2b-57076,ft-62d5b,ft-hdt-Dsl,530530714062,-122.38340721115324,47.053196518363436,530530714062.0,hdt_D_Diesel,b2b--c53-27669
57099,6316751-1-hdt,b2b-57099,ft-dd00d,ft-hdt-Dsl,530330305011,-122.22929728833834,47.33383244512876,530330305011.0,hdt_D_Diesel,b2b--c53-27749
57115,6346827-5-hdt,b2b-57115,ft-de6d5,ft-hdt-Dsl,530330081002,-122.33371732926577,47.60749163440645,530330081002.0,hdt_D_Diesel,b2b--c53-27793
57136,7367308-11-hdt,b2b-57136,ft-036c5,ft-hdt-Dsl,530350811002,-122.65365560350207,47.5622531720294,530350811002.0,hdt_D_Diesel,b2b--c53-27856
57147,7361949-11-hdt,b2b-57147,ft-289b4,ft-hdv-Dsl,530330305011,-122.23227781412766,47.337008855767586,530330305011.0,hdv_D_Diesel,b2b--c53-27900
57160,7368259-11-hdt,b2b-57160,ft-2ea6c,ft-hdv-Dsl,530539400101,-122.33667057948605,47.21894594792787,530539400101.0,hdv_D_Diesel,b2b--c53-27937
57161,7368259-11-hdt,b2b-57161,ft-afeaa,ft-hdt-Dsl,530539400101,-122.33667057948605,47.21894594792787,530539400101.0,hdt_D_Diesel,b2b--c53-27936
57163,6316450-4-hdt,b2b-57163,ft-97f1e,ft-hdv-Dsl,530330305011,-122.23249844320151,47.34248085931291,530330305011.0,hdv_D_Diesel,b2b--c53-27942
57165,7369145-21-hdt,b2b-57165,ft-7dbac,ft-hdt-Dsl,530539400022,-122.3969715048256,47.243236011784234,530539400022.0,hdt_D_Diesel,b2b--c53-27961
57176,6327250-1-hdt,b2b-57176,ft-92c5e,ft-hdt-Dsl,530330303112,-122.36092291508734,47.30141870903998,530330303112.0,hdt_D_Diesel,b2b--c53-27988
57188,6317226-1-hdt,b2b-57188,ft-92fa9,ft-hdt-Dsl,530330305043,-122.219087942651,47.325969335800025,530330305043.0,hdt_D_Diesel,b2b--c53-28036
57198,6396489-1-hdt,b2b-57198,ft-3bc54,ft-hdt-Dsl,530539400022,-122.38286914131994,47.24695683306188,530539400022.0,hdt_D_Diesel,b2b--c53-28073
57217,6336733-3-hdt,b2b-57217,ft-47584,ft-hdt-Dsl,530330296013,-122.16533110359269,47.35674918726672,530330296013.0,hdt_D_Diesel,b2b--c53-28121
57234,7367065-26-hdt,b2b-57234,ft-5575c,ft-hdt-Dsl,530330288013,-122.29978682083382,47.41404252517009,530330288013.0,hdt_D_Diesel,b2b--c53-28178
57237,6316170-4-hdt,b2b-57237,ft-d2376,ft-hdt-Dsl,530330305011,-122.22632717778113,47.33659148065602,530330305011.0,hdt_D_Diesel,b2b--c53-28191
57251,6330176-3-hdt,b2b-57251,ft-be814,ft-hdv-Dsl,530330292061,-122.23308145975876,47.4383049846818,530330292061.0,hdv_D_Diesel,b2b--c53-28240
57256,7362109-10-hdt,b2b-57256,ft-d5afd,ft-hdt-Dsl,530330292061,-122.24917211844225,47.42938235578714,530330292061.0,hdt_D_Diesel,b2b--c53-28266
57278,6397533-2-hdt,b2b-57278,ft-79735,ft-hdt-Dsl,530530717061,-122.47809746085504,47.16087314219261,530530717061.0,hdt_D_Diesel,b2b--c53-28329
57281,6395877-4-hdt,b2b-57281,ft-686a0,ft-hdt-Dsl,530530626002,-122.4747570373646,47.22243383349101,530530626002.0,hdt_D_Diesel,b2b--c53-28340
57295,7361890-6-hdt,b2b-57295,ft-2e735,ft-hdt-Dsl,530330283003,-122.25198503629612,47.42872998511336,530330283003.0,hdt_D_Diesel,b2b--c53-28374
57301,6372884-1-hdt,b2b-57301,ft-22141,ft-hdt-Dsl,530330288021,-122.29567624020798,47.42988166259583,530330288021.0,hdt_D_Diesel,b2b--c53-28387
57302,6386637-6-hdt,b2b-57302,ft-d88fe,ft-hdt-Dsl,530530725041,-122.6167509329481,47.36156337698664,530530725041.0,hdt_D_Diesel,b2b--c53-28389
57312,7362512-31-hdt,b2b-57312,ft-30420,ft-hdt-Dsl,530330320111,-122.02258281211779,47.3687562148935,530330320111.0,hdt_D_Diesel,b2b--c53-28418
57325,6396376-1-hdt,b2b-57325,ft-73368,ft-hdt-Dsl,530539400022,-122.36648796381247,47.24303568552256,530539400022.0,hdt_D_Diesel,b2b--c53-28461
57332,7361953-31-hdt,b2b-57332,ft-0673f,ft-hdt-Dsl,530330292061,-122.22834520138616,47.42187038261192,530330292061.0,hdt_D_Diesel,b2b--c53-28491
57354,6318576-2-hdt,b2b-57354,ft-bf966,ft-hdt-Dsl,530330304011,-122.29267877239548,47.29912913362889,530330304011.0,hdt_D_Diesel,b2b--c53-28566
57391,6393691-3-hdt,b2b-57391,ft-dd25b,ft-hdv-Dsl,530530619001,-122.43430593423763,47.23022155580954,530530619001.0,hdv_D_Diesel,b2b--c53-28664
57392,6393691-3-hdt,b2b-57392,ft-d377d,ft-hdt-Dsl,530530619001,-122.43430593423763,47.23022155580954,530530619001.0,hdt_D_Diesel,b2b--c53-28663
57393,6331928-6-hdt,b2b-57393,ft-4e79a,ft-hdt-Dsl,530330292061,-122.26117343046504,47.41673509759187,530330292061.0,hdt_D_Diesel,b2b--c53-28668
57394,6371366-4-hdt,b2b-57394,ft-df8a7,ft-hdv-Dsl,530330262001,-122.24241202234643,47.46472170922474,530330262001.0,hdv_D_Diesel,b2b--c53-28669
57403,8394433-11-hdt,b2b-57403,ft-21387,ft-hdt-Dsl,530330292061,-122.22638267720225,47.42765202506155,530330292061.0,hdt_D_Diesel,b2b--c53-28795
57405,8394433-11-hdt,b2b-57405,ft-6fa7f,ft-hdt-Dsl,530330292061,-122.22638267720225,47.42765202506155,530330292061.0,hdt_D_Diesel,b2b--c53-28689
57409,8394433-11-hdt,b2b-57409,ft-82638,ft-hdt-Dsl,530330292061,-122.22638267720225,47.42765202506155,530330292061.0,hdt_D_Diesel,b2b--c53-28693
57420,8394433-11-hdt,b2b-57420,ft-4409f,ft-hdt-Dsl,530330292061,-122.22638267720225,47.42765202506155,530330292061.0,hdt_D_Diesel,b2b--c53-28704
57422,8394433-11-hdt,b2b-57422,ft-a4134,ft-hdt-Dsl,530330292061,-122.22638267720225,47.42765202506155,530330292061.0,hdt_D_Diesel,b2b--c53-28784
57431,8394433-11-hdt,b2b-57431,ft-d9e94,ft-hdv-Dsl,530330292061,-122.22638267720225,47.42765202506155,530330292061.0,hdv_D_Diesel,b2b--c53-28767
57433,6337626-2-hdt,b2b-57433,ft-42750,ft-hdt-Dsl,530330080013,-122.35759858213602,47.6180331651649,530330080013.0,hdt_D_Diesel,b2b--c53-28798
57434,6341012-2-hdt,b2b-57434,ft-5e06c,ft-hdt-Dsl,530330253012,-122.19988926769462,47.51833586159695,530330253012.0,hdt_D_Diesel,b2b--c53-28800
57437,7364918-31-hdt,b2b-57437,ft-3addd,ft-hdt-Dsl,530330112001,-122.32094222317475,47.52248634453613,530330112001.0,hdt_D_Diesel,b2b--c53-28821
57438,6316158-2-hdt,b2b-57438,ft-e1460,ft-hdt-Dsl,530330305011,-122.22456977250786,47.32260769168797,530330305011.0,hdt_D_Diesel,b2b--c53-28827
57444,6342921-3-hdt,b2b-57444,ft-0f9de,ft-hdt-Dsl,530330256011,-122.15932207156165,47.488521588417605,530330256011.0,hdt_D_Diesel,b2b--c53-28845
57450,6388356-1-hdt,b2b-57450,ft-25324,ft-hdt-Dsl,530539400022,-122.35846319968535,47.25221140084406,530539400022.0,hdt_D_Diesel,b2b--c53-28868
57453,6326809-4-hdt,b2b-57453,ft-8029e,ft-hdv-Dsl,530330315022,-121.96358291875362,47.20015425797402,530330315022.0,hdv_D_Diesel,b2b--c53-28878
57499,6391969-4-hdt,b2b-57499,ft-c3a60,ft-hdv-Dsl,530530703112,-122.14476544928465,47.1511841971617,530530703112.0,hdv_D_Diesel,b2b--c53-29105
57502,6386288-5-hdt,b2b-57502,ft-920be,ft-hdt-Dsl,530530731191,-122.28592446200655,47.00497410529267,530530731191.0,hdt_D_Diesel,b2b--c53-29138
57524,6341892-1-hdt,b2b-57524,ft-58a19,ft-hdt-Dsl,530330262001,-122.24867163932201,47.44826693130279,530330262001.0,hdt_D_Diesel,b2b--c53-29210
57538,7369175-1-hdt,b2b-57538,ft-5534e,ft-hdt-Dsl,530539400022,-122.38277270721338,47.24313470998042,530539400022.0,hdt_D_Diesel,b2b--c53-29247
57547,6340619-3-hdt,b2b-57547,ft-1d131,ft-hdt-Dsl,530330257015,-122.20615260567195,47.46715800157608,530330257015.0,hdt_D_Diesel,b2b--c53-29270
57548,6393691-2-hdt,b2b-57548,ft-a6796,ft-hdt-Dsl,530530619001,-122.43430593423763,47.23022155580954,530530619001.0,hdt_D_Diesel,b2b--c53-29277
57549,6326786-1-hdt,b2b-57549,ft-87148,ft-hdv-Dsl,530330312024,-122.0207508177702,47.242621471015866,530330312024.0,hdv_D_Diesel,b2b--c53-29279
57558,6397920-1-hdt,b2b-57558,ft-e4cf7,ft-hdt-Dsl,530530634006,-122.44038303903255,47.1811402196613,530530634006.0,hdt_D_Diesel,b2b--c53-29314
57572,6385939-1-hdt,b2b-57572,ft-a1c9a,ft-hdv-Dsl,530530702071,-122.04087877135278,47.15837332275158,530530702071.0,hdv_D_Diesel,b2b--c53-29357
57575,6316159-3-hdt,b2b-57575,ft-06ea1,ft-hdt-Dsl,530330305011,-122.2291376464955,47.34462621530419,530330305011.0,hdt_D_Diesel,b2b--c53-29372
57578,6317877-2-hdt,b2b-57578,ft-9ca18,ft-hdt-Dsl,530330299012,-122.28362744876341,47.31543902135551,530330299012.0,hdt_D_Diesel,b2b--c53-29384
57580,6329747-4-hdt,b2b-57580,ft-7d292,ft-hdt-Dsl,530330292061,-122.2265078079255,47.42861854014023,530330292061.0,hdt_D_Diesel,b2b--c53-29390
57581,6391941-2-hdt,b2b-57581,ft-2223d,ft-hdv-Dsl,530530703073,-122.1401817156652,47.22089861070483,530530703073.0,hdv_D_Diesel,b2b--c53-29394
57585,6373148-2-hdt,b2b-57585,ft-e2579,ft-hdt-Dsl,530330288021,-122.2956043872809,47.426900245813236,530330288021.0,hdt_D_Diesel,b2b--c53-29415
57603,6335102-4-hdt,b2b-57603,ft-a5a2e,ft-hdt-Dsl,530330294072,-122.20184727795484,47.38943306764236,530330294072.0,hdt_D_Diesel,b2b--c53-29467
57609,7362668-6-hdt,b2b-57609,ft-6ebb8,ft-hdt-Dsl,530330284024,-122.29828123802866,47.44416305383533,530330284024.0,hdt_D_Diesel,b2b--c53-29488_2
57617,7366389-1-hdt,b2b-57617,ft-c53e3,ft-hdt-Dsl,530330099004,-122.35117715320465,47.57121825509962,530330099004.0,hdt_D_Diesel,b2b--c53-29519
57643,6340443-2-hdt,b2b-57643,ft-4e313,ft-hdt-Dsl,530330258061,-122.21135342843249,47.444668595165425,530330258061.0,hdt_D_Diesel,b2b--c53-29602
57645,6335170-5-hdt,b2b-57645,ft-6d253,ft-hdv-Dsl,530330316042,-122.021500366201,47.36136181964468,530330316042.0,hdv_D_Diesel,b2b--c53-29606
57663,8394327-3-hdt,b2b-57663,ft-0f97a,ft-hdv-Dsl,530330292061,-122.24406567327773,47.40621658580291,530330292061.0,hdv_D_Diesel,b2b--c53-29655
57668,8394327-3-hdt,b2b-57668,ft-2e351,ft-hdt-Dsl,530330292061,-122.24406567327773,47.40621658580291,530330292061.0,hdt_D_Diesel,b2b--c53-29661
57669,8394327-3-hdt,b2b-57669,ft-730bf,ft-hdt-Dsl,530330292061,-122.24406567327773,47.40621658580291,530330292061.0,hdt_D_Diesel,b2b--c53-29662
57675,8394327-3-hdt,b2b-57675,ft-98b69,ft-hdt-Dsl,530330292061,-122.24406567327773,47.40621658580291,530330292061.0,hdt_D_Diesel,b2b--c53-29669
57688,8394327-3-hdt,b2b-57688,ft-2c909,ft-hdv-Dsl,530330292061,-122.24406567327773,47.40621658580291,530330292061.0,hdv_D_Diesel,b2b--c53-29774
57691,8394327-3-hdt,b2b-57691,ft-8f2cb,ft-hdv-Dsl,530330292061,-122.24406567327773,47.40621658580291,530330292061.0,hdv_D_Diesel,b2b--c53-29777
57696,8394327-3-hdt,b2b-57696,ft-63b52,ft-hdt-Dsl,530330292061,-122.24406567327773,47.40621658580291,530330292061.0,hdt_D_Diesel,b2b--c53-29782
57701,8394327-3-hdt,b2b-57701,ft-23c0f,ft-hdt-Dsl,530330292061,-122.24406567327773,47.40621658580291,530330292061.0,hdt_D_Diesel,b2b--c53-29788
57737,6330216-1-hdt,b2b-57737,ft-8cde9,ft-hdv-Dsl,530330292061,-122.24415613087208,47.40649645153001,530330292061.0,hdv_D_Diesel,b2b--c53-29880
57741,7369144-6-hdt,b2b-57741,ft-6d35e,ft-hdt-Dsl,530530602001,-122.41528801040086,47.24832819827986,530530602001.0,hdt_D_Diesel,b2b--c53-29915
57753,6368912-3-hdt,b2b-57753,ft-d79cd,ft-hdt-Dsl,530330268013,-122.3538770858992,47.50984844335442,530330268013.0,hdt_D_Diesel,b2b--c53-29958
57798,6400179-3-hdt,b2b-57798,ft-72d14,ft-hdt-Dsl,530530723082,-122.5509135819621,47.199169979971984,530530723082.0,hdt_D_Diesel,b2b--c53-30144
57801,6371064-4-hdt,b2b-57801,ft-818fe,ft-hdt-Dsl,530330262001,-122.23077244350569,47.46704940279001,530330262001.0,hdt_D_Diesel,b2b--c53-30155
57816,6316743-2-hdt,b2b-57816,ft-94e04,ft-hdt-Dsl,530330305011,-122.23222984834082,47.34244514450612,530330305011.0,hdt_D_Diesel,b2b--c53-30213
57821,7369579-16-hdt,b2b-57821,ft-a1575,ft-hdt-Dsl,530530718071,-122.49197255683097,47.17282095273845,530530718071.0,hdt_D_Diesel,b2b--c53-30236
57823,6355891-4-hdt,b2b-57823,ft-9c0a3,ft-hdv-Dsl,530330264002,-122.30603941012836,47.50046492761012,530330264002.0,hdv_D_Diesel,b2b--c53-30245
57827,7368553-1-hdt,b2b-57827,ft-bfff7,ft-hdt-Dsl,530530733013,-122.24510500281356,47.2374884800514,530530733013.0,hdt_D_Diesel,b2b--c53-30253
57832,6396907-3-hdt,b2b-57832,ft-30db7,ft-hdv-Dsl,530539400101,-122.33656215894877,47.21866961735231,530539400101.0,hdv_D_Diesel,b2b--c53-30267
57833,6396907-3-hdt,b2b-57833,ft-39b5a,ft-hdt-Dsl,530539400101,-122.33656215894877,47.21866961735231,530539400101.0,hdt_D_Diesel,b2b--c53-30266
57840,6331028-2-hdt,b2b-57840,ft-8bae7,ft-hdt-Dsl,530330305011,-122.22479384890929,47.34472120252533,530330305011.0,hdt_D_Diesel,b2b--c53-30292
57852,7367415-1-hdt,b2b-57852,ft-760e9,ft-hdt-Dsl,530350921002,-122.7498808791254,47.503082656597904,530350921002.0,hdt_D_Diesel,b2b--c53-30368
57860,6369310-4-hdt,b2b-57860,ft-49d8c,ft-hdt-Dsl,530330288013,-122.30323774316902,47.42272695970463,530330288013.0,hdt_D_Diesel,b2b--c53-30418
57869,7367025-4-hdt,b2b-57869,ft-8c966,ft-hdt-Dsl,530330284024,-122.29846340456025,47.44344405905367,530330284024.0,hdt_D_Diesel,b2b--c53-30483
57870,7361730-16-hdt,b2b-57870,ft-1ed6f,ft-hdt-Dsl,530330292061,-122.24732272604084,47.38816117704638,530330292061.0,hdt_D_Diesel,b2b--c53-30488
57902,6342465-2-hdt,b2b-57902,ft-7d703,ft-hdt-Dsl,530330256011,-122.1567597119714,47.48866237861006,530330256011.0,hdt_D_Diesel,b2b--c53-30575
57918,6386288-6-hdt,b2b-57918,ft-96085,ft-hdt-Dsl,530530731191,-122.28592446200655,47.00497410529267,530530731191.0,hdt_D_Diesel,b2b--c53-30629
57943,6398041-1-hdt,b2b-57943,ft-bd932,ft-hdv-Dsl,530530713051,-122.39236980590663,47.16199895679347,530530713051.0,hdv_D_Diesel,b2b--c53-30823
57944,6342338-2-hdt,b2b-57944,ft-baf61,ft-hdt-Dsl,530330319082,-122.14805239360987,47.44517917392911,530330319082.0,hdt_D_Diesel,b2b--c53-30824
57968,7368993-21-hdt,b2b-57968,ft-7122b,ft-hdt-Dsl,530530626001,-122.48142674423129,47.22315676250872,530530626001.0,hdt_D_Diesel,b2b--c53-30924
57980,6396758-2-hdt,b2b-57980,ft-40c96,ft-hdt-Dsl,530539400022,-122.36236692522418,47.238979185640694,530539400022.0,hdt_D_Diesel,b2b--c53-30980
57981,7367265-4-hdt,b2b-57981,ft-ed583,ft-hdt-Dsl,530350811002,-122.6530939681399,47.565540153997645,530350811002.0,hdt_D_Diesel,b2b--c53-31002
57995,6399123-2-hdt,b2b-57995,ft-98250,ft-hdt-Dsl,530530723121,-122.53547702593391,47.21334722496692,530530723121.0,hdt_D_Diesel,b2b--c53-31031
58009,6377818-4-hdt,b2b-58009,ft-cc567,ft-hdt-Dsl,530350928011,-122.63035031293144,47.49402316074253,530350928011.0,hdt_D_Diesel,b2b--c53-31098
58010,6399559-1-hdt,b2b-58010,ft-f60c8,ft-hdt-Dsl,530530718071,-122.49228400273519,47.17264901674107,530530718071.0,hdt_D_Diesel,b2b--c53-31104
58016,6331541-1-hdt,b2b-58016,ft-c39b8,ft-hdt-Dsl,530330292061,-122.23782023122354,47.39520843808779,530330292061.0,hdt_D_Diesel,b2b--c53-31129
58020,6399491-7-hdt,b2b-58020,ft-01cbc,ft-hdt-Dsl,530530720002,-122.5300746315716,47.12124275242591,530530720002.0,hdt_D_Diesel,b2b--c53-31143
58025,6327398-4-hdt,b2b-58025,ft-f32a6,ft-hdt-Dsl,530330303093,-122.33079526550104,47.30165468833246,530330303093.0,hdt_D_Diesel,b2b--c53-31154
58030,8395045-1-hdt,b2b-58030,ft-e4981,ft-hdt-Dsl,530330284024,-122.32840253514618,47.44437048521317,530330284024.0,hdt_D_Diesel,b2b--c53-31253
58039,6392295-2-hdt,b2b-58039,ft-db2a8,ft-hdt-Dsl,530530703082,-122.17955808584972,47.178742568458915,530530703082.0,hdt_D_Diesel,b2b--c53-31282
58051,6331928-1-hdt,b2b-58051,ft-5967,ft-hdt-Dsl,530330292061,-122.26117343046504,47.41673509759187,530330292061.0,hdt_D_Diesel,b2b--c53-31347
58071,7361744-46-hdt,b2b-58071,ft-e6456,ft-hdt-Dsl,530330292061,-122.22528263501711,47.432243549317185,530330292061.0,hdt_D_Diesel,b2b--c53-31408
58075,6331320-3-hdt,b2b-58075,ft-639fb,ft-hdt-Dsl,530330297004,-122.22999133228215,47.36540143600074,530330297004.0,hdt_D_Diesel,b2b--c53-31449
58076,6335378-1-hdt,b2b-58076,ft-0febd,ft-hdt-Dsl,530330320111,-122.02205091847604,47.36646786139904,530330320111.0,hdt_D_Diesel,b2b--c53-31452
58090,6326809-1-hdt,b2b-58090,ft-911ce,ft-hdt-Dsl,530330315022,-121.96358291875362,47.20015425797402,530330315022.0,hdt_D_Diesel,b2b--c53-31506
58105,7369144-16-hdt,b2b-58105,ft-af373,ft-hdt-Dsl,530530602001,-122.41528801040086,47.24832819827986,530530602001.0,hdt_D_Diesel,b2b--c53-31554
58112,7362511-6-hdt,b2b-58112,ft-571e6,ft-hdt-Dsl,530330320111,-122.0228827412936,47.36910189719495,530330320111.0,hdt_D_Diesel,b2b--c53-31589
58135,8395898-3-hdt,b2b-58135,ft-3c778,ft-hdt-Dsl,530530728001,-122.64899673245617,47.0992006395685,530670122222.0,hdt_D_Diesel,b2b--c53-31685
58144,6390984-5-hdt,b2b-58144,ft-e7ebc,ft-hdt-Dsl,530530713063,-122.40916726329391,47.140387715172395,530530713063.0,hdt_D_Diesel,b2b--c53-31721
58146,6390496-5-hdt,b2b-58146,ft-835bd,ft-hdt-Dsl,530530712101,-122.24722880660191,47.18468500069575,530530712101.0,hdt_D_Diesel,b2b--c53-31724
58149,6346107-2-hdt,b2b-58149,ft-bec3e,ft-hdt-Dsl,530330297004,-122.23285493675922,47.370036719347844,530330297004.0,hdt_D_Diesel,b2b--c53-31734
58157,6326787-3-hdt,b2b-58157,ft-b2c16,ft-hdv-Dsl,530330314001,-121.98690766780572,47.20213690972846,530330314001.0,hdv_D_Diesel,b2b--c53-31767
58158,6345893-5-hdt,b2b-58158,ft-2261d,ft-hdt-Dsl,530330297003,-122.23047256397622,47.37776243756681,530330297003.0,hdt_D_Diesel,b2b--c53-31772
58161,6399559-2-hdt,b2b-58161,ft-e23a5,ft-hdt-Dsl,530530718071,-122.49228400273519,47.17264901674107,530530718071.0,hdt_D_Diesel,b2b--c53-31795
58167,6390985-1-hdt,b2b-58167,ft-d8a66,ft-hdt-Dsl,530530714062,-122.38340721115324,47.053196518363436,530530714062.0,hdt_D_Diesel,b2b--c53-31810
58168,6387222-3-hdt,b2b-58168,ft-b9441,ft-hdt-Dsl,530530724084,-122.585489624136,47.26689216133724,530530724084.0,hdt_D_Diesel,b2b--c53-31811
58170,6396374-5-hdt,b2b-58170,ft-7e89c,ft-hdv-Dsl,530530602001,-122.37979111028908,47.27516239003488,530530602001.0,hdv_D_Diesel,b2b--c53-31815
58175,6346827-4-hdt,b2b-58175,ft-5fcb2,ft-hdv-Dsl,530330081002,-122.33371732926577,47.60749163440645,530330081002.0,hdv_D_Diesel,b2b--c53-31871
58196,6327454-5-hdt,b2b-58196,ft-5d1ab,ft-hdt-Dsl,530330303092,-122.32906241861268,47.29861314313712,530330303092.0,hdt_D_Diesel,b2b--c53-31942
58202,6398262-6-hdt,b2b-58202,ft-21d72,ft-hdt-Dsl,530530711001,-122.37823558327501,47.1734992008508,530530711001.0,hdt_D_Diesel,b2b--c53-31956
58205,6318521-1-hdt,b2b-58205,ft-9ebb4,ft-hdv-Dsl,530330303132,-122.32251228377217,47.29805208012884,530330303132.0,hdv_D_Diesel,b2b--c53-31969
58217,6326550-3-hdt,b2b-58217,ft-ca7e4,ft-hdt-Dsl,530330314001,-121.98667155741278,47.20207949433827,530330314001.0,hdt_D_Diesel,b2b--c53-32009
58218,6326550-3-hdt,b2b-58218,ft-512fb,ft-hdt-Dsl,530330314001,-121.98667155741278,47.20207949433827,530330314001.0,hdt_D_Diesel,b2b--c53-32008
58221,6376936-9-hdt,b2b-58221,ft-c657b,ft-hdt-Dsl,530350811002,-122.65334686594612,47.56534306576526,530350811002.0,hdt_D_Diesel,b2b--c53-32012
58227,6396374-1-hdt,b2b-58227,ft-14f66,ft-hdv-Dsl,530530602001,-122.37979111028908,47.27516239003488,530530602001.0,hdv_D_Diesel,b2b--c53-32028
58229,7361803-10-hdt,b2b-58229,ft-cdd43,ft-hdt-Dsl,530330292061,-122.22600671466729,47.40844696648436,530330292061.0,hdt_D_Diesel,b2b--c53-32036
58239,6330222-3-hdt,b2b-58239,ft-46c0c,ft-hdt-Dsl,530330292061,-122.22119904789929,47.405477083827925,530330292061.0,hdt_D_Diesel,b2b--c53-32062
58251,6331536-5-hdt,b2b-58251,ft-9d8b1,ft-hdt-Dsl,530330292061,-122.24954177102487,47.40851001491378,530330292061.0,hdt_D_Diesel,b2b--c53-32098
58253,6389132-4-hdt,b2b-58253,ft-a4645,ft-hdt-Dsl,530539400101,-122.29521128515883,47.20367871853509,530539400101.0,hdt_D_Diesel,b2b--c53-32100
58261,6317081-2-hdt,b2b-58261,ft-3d349,ft-hdv-Dsl,530330305011,-122.23640189184303,47.30390692251022,530330305011.0,hdv_D_Diesel,b2b--c53-32127
58264,6396908-5-hdt,b2b-58264,ft-ed5ac,ft-hdv-Dsl,530530602001,-122.39534617229506,47.26134110811197,530530602001.0,hdv_D_Diesel,b2b--c53-32136
58272,6376955-1-hdt,b2b-58272,ft-e13dc,ft-hdt-Dsl,530350923002,-122.62719561010337,47.53195401463591,530350923002.0,hdt_D_Diesel,b2b--c53-32150
58280,6330174-2-hdt,b2b-58280,ft-3aadd,ft-hdt-Dsl,530330292061,-122.24434249972613,47.418489014034755,530330292061.0,hdt_D_Diesel,b2b--c53-32172
58319,8394354-6-hdt,b2b-58319,ft-b74e7,ft-hdv-Dsl,530330292061,-122.24394563101907,47.41876745684446,530330292061.0,hdv_D_Diesel,b2b--c53-32248
58343,6373402-3-hdt,b2b-58343,ft-da10e,ft-hdt-Dsl,530330288021,-122.29570090331518,47.426997669457016,530330288021.0,hdt_D_Diesel,b2b--c53-32405
58347,6317883-1-hdt,b2b-58347,ft-d85df,ft-hdt-Dsl,530330304011,-122.28084617709388,47.31415239349868,530330304011.0,hdt_D_Diesel,b2b--c53-32416
58349,6355893-6-hdt,b2b-58349,ft-dc11a,ft-hdv-Dsl,530330117002,-122.2810262594597,47.51145637807155,530330117002.0,hdv_D_Diesel,b2b--c53-32417
58353,6316171-1-hdt,b2b-58353,ft-b0007,ft-hdt-Dsl,530330305011,-122.2264444883649,47.33843583672981,530330305011.0,hdt_D_Diesel,b2b--c53-32425
58367,7364692-1-hdt,b2b-58367,ft-ede4f,ft-hdt-Dsl,530330108001,-122.34913921788487,47.55384014888749,530330108001.0,hdt_D_Diesel,b2b--c53-32491
58371,6331320-4-hdt,b2b-58371,ft-c0f8e,ft-hdt-Dsl,530330297004,-122.22999133228215,47.36540143600074,530330297004.0,hdt_D_Diesel,b2b--c53-32502
58395,6395643-3-hdt,b2b-58395,ft-8222d,ft-hdt-Dsl,530530626001,-122.48418310059516,47.2185702631397,530530626001.0,hdt_D_Diesel,b2b--c53-32574
58397,7367415-16-hdt,b2b-58397,ft-21a9c,ft-hdt-Dsl,530350921002,-122.7498808791254,47.503082656597904,530350921002.0,hdt_D_Diesel,b2b--c53-32579
58401,6388352-1-hdt,b2b-58401,ft-946cb,ft-hdt-Dsl,530539400022,-122.38690150135407,47.23985800878333,530539400022.0,hdt_D_Diesel,b2b--c53-32584
58407,6390605-1-hdt,b2b-58407,ft-16315,ft-hdt-Dsl,530530712071,-122.27350799449025,47.158074448936254,530530712071.0,hdt_D_Diesel,b2b--c53-32603
58408,6398198-1-hdt,b2b-58408,ft-fc004,ft-hdt-Dsl,530530716022,-122.40624334717864,47.16686929569716,530530716022.0,hdt_D_Diesel,b2b--c53-32610
58421,6317885-7-hdt,b2b-58421,ft-4be1c,ft-hdt-Dsl,530330299012,-122.28384664780911,47.31565327311119,530330299012.0,hdt_D_Diesel,b2b--c53-32686
58468,7361951-11-hdt,b2b-58468,ft-1b9d4,ft-hdt-Dsl,530330292061,-122.22446575655314,47.419646524413956,530330292061.0,hdt_D_Diesel,b2b--c53-32896
58473,6371362-3-hdt,b2b-58473,ft-78b5b,ft-hdt-Dsl,530330262001,-122.22602927618257,47.449182533742196,530330262001.0,hdt_D_Diesel,b2b--c53-32938
58475,6398040-3-hdt,b2b-58475,ft-556fd,ft-hdt-Dsl,530530714062,-122.3677010591638,47.070381522826025,530530714062.0,hdt_D_Diesel,b2b--c53-32944
58481,7361951-21-hdt,b2b-58481,ft-11e8b,ft-hdv-Dsl,530330292061,-122.22446575655314,47.419646524413956,530330292061.0,hdv_D_Diesel,b2b--c53-32979
58490,6391075-2-hdt,b2b-58490,ft-e806e,ft-hdt-Dsl,530530715034,-122.4661330946881,47.1518970221627,530530715034.0,hdt_D_Diesel,b2b--c53-33009
58492,6370900-1-hdt,b2b-58492,ft-592da,ft-hdt-Dsl,530330286004,-122.33555093022511,47.424743735855365,530330286004.0,hdt_D_Diesel,b2b--c53-33010
58498,6336731-3-hdt,b2b-58498,ft-2eae5,ft-hdt-Dsl,530330296013,-122.1654854444795,47.3576589018954,530330296013.0,hdt_D_Diesel,b2b--c53-33028
58503,6391940-5-hdt,b2b-58503,ft-db488,ft-hdt-Dsl,530530704012,-122.23018052550162,47.16796899699952,530530704012.0,hdt_D_Diesel,b2b--c53-33045
58510,6396613-4-hdt,b2b-58510,ft-b4f6b,ft-hdt-Dsl,530530602001,-122.42762376346684,47.24081189266385,530530602001.0,hdt_D_Diesel,b2b--c53-33072
58514,7366717-11-hdt,b2b-58514,ft-d3ffe,ft-hdt-Dsl,530330262001,-122.22921061931757,47.47394127510094,530330262001.0,hdt_D_Diesel,b2b--c53-33084
58535,6316746-6-hdt,b2b-58535,ft-6df35,ft-hdv-Dsl,530330305011,-122.23055344265039,47.33997713276894,530330305011.0,hdv_D_Diesel,b2b--c53-33235
58536,6316746-6-hdt,b2b-58536,ft-6e3c7,ft-hdt-Dsl,530330305011,-122.23055344265039,47.33997713276894,530330305011.0,hdt_D_Diesel,b2b--c53-33234
58540,7361802-22-hdt,b2b-58540,ft-1e964,ft-hdt-Dsl,530330292061,-122.25322050856488,47.41586647958096,530330292061.0,hdt_D_Diesel,b2b--c53-33267
58552,6391515-3-hdt,b2b-58552,ft-eaaec,ft-hdt-Dsl,530530733013,-122.2408066652456,47.21582546937341,530530733013.0,hdt_D_Diesel,b2b--c53-33298
58568,6400181-3-hdt,b2b-58568,ft-e927b,ft-hdt-Dsl,530530718071,-122.48801638730157,47.17648964688329,530530718071.0,hdt_D_Diesel,b2b--c53-33449
58593,7367065-16-hdt,b2b-58593,ft-6440f,ft-hdt-Dsl,530330288013,-122.29978682083382,47.41404252517009,530330288013.0,hdt_D_Diesel,b2b--c53-33530
58600,7367065-16-hdt,b2b-58600,ft-8a801,ft-hdt-Dsl,530330288013,-122.29978682083382,47.41404252517009,530330288013.0,hdt_D_Diesel,b2b--c53-33549
58611,6355889-2-hdt,b2b-58611,ft-1ab8c,ft-hdt-Dsl,530330093003,-122.31980747310476,47.58177758195886,530330093003.0,hdt_D_Diesel,b2b--c53-33566
58622,6316743-1-hdt,b2b-58622,ft-f49fc,ft-hdt-Dsl,530330305011,-122.23222984834082,47.34244514450612,530330305011.0,hdt_D_Diesel,b2b--c53-33585
58627,7362511-21-hdt,b2b-58627,ft-1fba4,ft-hdv-Dsl,530330320111,-122.0228827412936,47.36910189719495,530330320111.0,hdv_D_Diesel,b2b--c53-33634
58628,7362511-21-hdt,b2b-58628,ft-8e4d1,ft-hdt-Dsl,530330320111,-122.0228827412936,47.36910189719495,530330320111.0,hdt_D_Diesel,b2b--c53-33603
58634,7362511-21-hdt,b2b-58634,ft-e27f3,ft-hdv-Dsl,530330320111,-122.0228827412936,47.36910189719495,530330320111.0,hdv_D_Diesel,b2b--c53-33609
58645,7366738-1-hdt,b2b-58645,ft-92d10,ft-hdt-Dsl,530330263002,-122.28576089980155,47.50750731073683,530330263002.0,hdt_D_Diesel,b2b--c53-33669
58647,6346827-3-hdt,b2b-58647,ft-13126,ft-hdt-Dsl,530330081002,-122.33371732926577,47.60749163440645,530330081002.0,hdt_D_Diesel,b2b--c53-33681
58668,7361953-21-hdt,b2b-58668,ft-56d2e,ft-hdt-Dsl,530330292061,-122.22834520138616,47.42187038261192,530330292061.0,hdt_D_Diesel,b2b--c53-33747
58673,7366620-16-hdt,b2b-58673,ft-75358,ft-hdv-Dsl,530330284024,-122.29217467971979,47.45881065074249,530330284024.0,hdv_D_Diesel,b2b--c53-33748
58686,6390986-2-hdt,b2b-58686,ft-92f06,ft-hdt-Dsl,530530714062,-122.39522057012412,47.05321997227819,530530714062.0,hdt_D_Diesel,b2b--c53-33774
58689,6371358-2-hdt,b2b-58689,ft-387,ft-hdt-Dsl,530330262001,-122.23907903303883,47.45674541375367,530330262001.0,hdt_D_Diesel,b2b--c53-33782
58692,6341149-4-hdt,b2b-58692,ft-9eade,ft-hdt-Dsl,530330256011,-122.15802592410718,47.48858621322487,530330256011.0,hdt_D_Diesel,b2b--c53-33788
58699,6373401-1-hdt,b2b-58699,ft-d7ed0,ft-hdt-Dsl,530330288021,-122.2960514727805,47.424412566034924,530330288021.0,hdt_D_Diesel,b2b--c53-33796
58702,6391573-1-hdt,b2b-58702,ft-4ee1c,ft-hdt-Dsl,530539400101,-122.28525261002922,47.20660685635281,530539400101.0,hdt_D_Diesel,b2b--c53-33803
58709,6367757-1-hdt,b2b-58709,ft-5eb1b,ft-hdt-Dsl,530330109001,-122.30815492990862,47.53099807074065,530330109001.0,hdt_D_Diesel,b2b--c53-33817
58716,7361803-16-hdt,b2b-58716,ft-a51ce,ft-hdt-Dsl,530330292061,-122.22600671466729,47.40844696648436,530330292061.0,hdt_D_Diesel,b2b--c53-33837
58734,6330010-3-hdt,b2b-58734,ft-7ab37,ft-hdt-Dsl,530330292061,-122.24411542829525,47.420589532345765,530330292061.0,hdt_D_Diesel,b2b--c53-33877
58736,6386523-5-hdt,b2b-58736,ft-dfe1f,ft-hdv-Dsl,530539400101,-122.30890508651055,47.21471729892524,530539400101.0,hdv_D_Diesel,b2b--c53-33878
58744,6373148-3-hdt,b2b-58744,ft-1eeb8,ft-hdt-Dsl,530330288021,-122.2956043872809,47.426900245813236,530330288021.0,hdt_D_Diesel,b2b--c53-33897
58745,7367483-1-hdt,b2b-58745,ft-c2aeb,ft-hdt-Dsl,530350928011,-122.6312436575177,47.50294280857175,530350928011.0,hdt_D_Diesel,b2b--c53-33898
58752,6398037-4-hdt,b2b-58752,ft-76b2b,ft-hdt-Dsl,530530714062,-122.37171978666241,47.067661953327665,530530714062.0,hdt_D_Diesel,b2b--c53-33911
58763,6331649-6-hdt,b2b-58763,ft-ffcf5,ft-hdt-Dsl,530330292061,-122.23360021695883,47.42620478511891,530330292061.0,hdt_D_Diesel,b2b--c53-33930
58768,6390810-1-hdt,b2b-58768,ft-e2399,ft-hdt-Dsl,530530714062,-122.39560450255394,47.053484675525034,530530714062.0,hdt_D_Diesel,b2b--c53-33938
58769,6330173-3-hdt,b2b-58769,ft-aadde,ft-hdt-Dsl,530330292061,-122.24914095592605,47.408717203799284,530330292061.0,hdt_D_Diesel,b2b--c53-33940
58797,7361951-26-hdt,b2b-58797,ft-c16eb,ft-hdt-Dsl,530330292061,-122.22446575655314,47.419646524413956,530330292061.0,hdt_D_Diesel,b2b--c53-33986
58803,6398035-6-hdt,b2b-58803,ft-a5b49,ft-hdt-Dsl,530530716022,-122.4079343032395,47.159074067264086,530530716022.0,hdt_D_Diesel,b2b--c53-33997
58808,6330225-1-hdt,b2b-58808,ft-aaf6d,ft-hdv-Dsl,530330292061,-122.24450673644944,47.424940854316034,530330292061.0,hdv_D_Diesel,b2b--c53-34003
58809,6330225-1-hdt,b2b-58809,ft-4272d,ft-hdt-Dsl,530330292061,-122.24450673644944,47.424940854316034,530330292061.0,hdt_D_Diesel,b2b--c53-34009
58825,6390606-1-hdt,b2b-58825,ft-5fefb,ft-hdt-Dsl,530530712071,-122.28611945306136,47.155943185501535,530530712071.0,hdt_D_Diesel,b2b--c53-34038
58837,6386074-4-hdt,b2b-58837,ft-a7054,ft-hdt-Dsl,530530703073,-122.07976678226784,47.19447367041926,530530703073.0,hdt_D_Diesel,b2b--c53-34056
58842,6373205-2-hdt,b2b-58842,ft-d5989,ft-hdt-Dsl,530330282003,-122.28798598713878,47.467532421970645,530330282003.0,hdt_D_Diesel,b2b--c53-34062
58864,6329720-2-hdt,b2b-58864,ft-ab15a,ft-hdt-Dsl,530330292061,-122.2547298981814,47.41033709945347,530330292061.0,hdt_D_Diesel,b2b--c53-34120
58879,7364918-26-hdt,b2b-58879,ft-c622c,ft-hdt-Dsl,530330112001,-122.32094222317475,47.52248634453613,530330112001.0,hdt_D_Diesel,b2b--c53-34154
58880,7364918-26-hdt,b2b-58880,ft-a542a,ft-hdt-Dsl,530330112001,-122.32094222317475,47.52248634453613,530330112001.0,hdt_D_Diesel,b2b--c53-34156
58883,6399289-2-hdt,b2b-58883,ft-c9c44,ft-hdt-Dsl,530530720002,-122.53011056282544,47.12117414458373,530530720002.0,hdt_D_Diesel,b2b--c53-34163
58890,7369428-1-hdt,b2b-58890,ft-c5e62,ft-hdt-Dsl,530530714062,-122.3791628841875,47.07877783959044,530530714062.0,hdt_D_Diesel,b2b--c53-34173
58892,7369428-1-hdt,b2b-58892,ft-534c9,ft-hdt-Dsl,530530714062,-122.3791628841875,47.07877783959044,530530714062.0,hdt_D_Diesel,b2b--c53-34187
58900,6398028-5-hdt,b2b-58900,ft-93ada,ft-hdt-Dsl,530530716022,-122.40269792070875,47.16727149278534,530530716022.0,hdt_D_Diesel,b2b--c53-34200
58902,6395011-1-hdt,b2b-58902,ft-1ad0a,ft-hdt-Dsl,530530634002,-122.42648860833953,47.17007233278972,530530634002.0,hdt_D_Diesel,b2b--c53-34207
58905,6354229-2-hdt,b2b-58905,ft-2b48f,ft-hdt-Dsl,530330099004,-122.34589742884121,47.57128400022624,530330099004.0,hdt_D_Diesel,b2b--c53-34211
58906,6354229-2-hdt,b2b-58906,ft-0bee4,ft-hdt-Dsl,530330099004,-122.34589742884121,47.57128400022624,530330099004.0,hdt_D_Diesel,b2b--c53-34210
58909,6330178-2-hdt,b2b-58909,ft-a0a9c,ft-hdt-Dsl,530330292061,-122.24937705332252,47.404587351633616,530330292061.0,hdt_D_Diesel,b2b--c53-34216
58914,6356427-3-hdt,b2b-58914,ft-63c61,ft-hdt-Dsl,530330113001,-122.33670317991448,47.534523395916054,530330113001.0,hdt_D_Diesel,b2b--c53-34228
58925,6388947-1-hdt,b2b-58925,ft-19c05,ft-hdt-Dsl,530539400101,-122.3138301052926,47.205783931484724,530539400101.0,hdt_D_Diesel,b2b--c53-34251
58928,6368911-3-hdt,b2b-58928,ft-bf226,ft-hdt-Dsl,530330265002,-122.3528098310164,47.51315260440431,530330265002.0,hdt_D_Diesel,b2b--c53-34257
58933,6331646-1-hdt,b2b-58933,ft-dcf4c,ft-hdt-Dsl,530330283003,-122.25361957990417,47.428605215896845,530330283003.0,hdt_D_Diesel,b2b--c53-34264
58939,7364691-16-hdt,b2b-58939,ft-5209e,ft-hdt-Dsl,530330112001,-122.33016952325477,47.52660254101656,530330112001.0,hdt_D_Diesel,b2b--c53-34279
58943,6346032-3-hdt,b2b-58943,ft-48413,ft-hdv-Dsl,530330297002,-122.2307944305014,47.3763632484104,530330297002.0,hdv_D_Diesel,b2b--c53-34284
58961,7362110-10-hdt,b2b-58961,ft-42cd2,ft-hdv-Dsl,530330292061,-122.22102860852105,47.40629326703451,530330292061.0,hdv_D_Diesel,b2b--c53-34333
58973,7369579-26-hdt,b2b-58973,ft-0ccee,ft-hdv-Dsl,530530718071,-122.49197255683097,47.17282095273845,530530718071.0,hdv_D_Diesel,b2b--c53-34358
58979,6329717-4-hdt,b2b-58979,ft-f3bf0,ft-hdt-Dsl,530330292061,-122.24943518660702,47.391174415985134,530330292061.0,hdt_D_Diesel,b2b--c53-34368
58984,6377820-1-hdt,b2b-58984,ft-66a91,ft-hdt-Dsl,530350921003,-122.69973279115449,47.52711718613415,530350921003.0,hdt_D_Diesel,b2b--c53-34378
58992,7365038-6-hdt,b2b-58992,ft-c029d,ft-hdt-Dsl,530330093002,-122.33357597282178,47.58797849383613,530330093002.0,hdt_D_Diesel,b2b--c53-34389
58998,6397532-2-hdt,b2b-58998,ft-0e42b,ft-hdt-Dsl,530530717043,-122.46385209160825,47.16494385364681,530530717043.0,hdt_D_Diesel,b2b--c53-34401
59003,6371064-1-hdt,b2b-59003,ft-232b4,ft-hdt-Dsl,530330262001,-122.23077244350569,47.46704940279001,530330262001.0,hdt_D_Diesel,b2b--c53-34410
59005,6327454-1-hdt,b2b-59005,ft-d289d,ft-hdt-Dsl,530330303092,-122.32906241861268,47.29861314313712,530330303092.0,hdt_D_Diesel,b2b--c53-34412
59011,7361806-22-hdt,b2b-59011,ft-7ae79,ft-hdt-Dsl,530330292061,-122.24465895656691,47.42648528440445,530330292061.0,hdt_D_Diesel,b2b--c53-34425
59012,6337623-1-hdt,b2b-59012,ft-eeb4e,ft-hdt-Dsl,530330305011,-122.24764647659786,47.30660869594259,530330305011.0,hdt_D_Diesel,b2b--c53-34431
59026,6327456-3-hdt,b2b-59026,ft-c3892,ft-hdt-Dsl,530330303042,-122.31912372684778,47.28758462923366,530330303042.0,hdt_D_Diesel,b2b--c53-34448
59038,6383281-5-hdt,b2b-59038,ft-e9e89,ft-hdv-Dsl,530530726012,-122.78895673008428,47.38899934855542,530459604006.0,hdv_D_Diesel,b2b--c53-34464
59047,7369067-6-hdt,b2b-59047,ft-0cfb2,ft-hdv-Dsl,530530626001,-122.48308000394596,47.21890901912728,530530626001.0,hdv_D_Diesel,b2b--c53-34479
59051,7369067-6-hdt,b2b-59051,ft-645cd,ft-hdt-Dsl,530530626001,-122.48308000394596,47.21890901912728,530530626001.0,hdt_D_Diesel,b2b--c53-34483
59061,6336733-7-hdt,b2b-59061,ft-4a336,ft-hdv-Dsl,530330296013,-122.16533110359269,47.35674918726672,530330296013.0,hdv_D_Diesel,b2b--c53-34516
59080,6336649-2-hdt,b2b-59080,ft-33449,ft-hdt-Dsl,530330312042,-122.13680000105359,47.3136915147558,530330312042.0,hdt_D_Diesel,b2b--c53-34545
59110,6367459-2-hdt,b2b-59110,ft-8a4b3,ft-hdt-Dsl,530330099004,-122.36671729081564,47.57124284227588,530330099004.0,hdt_D_Diesel,b2b--c53-34616
59124,6316170-3-hdt,b2b-59124,ft-94c80,ft-hdv-Dsl,530330305011,-122.22632717778113,47.33659148065602,530330305011.0,hdv_D_Diesel,b2b--c53-34670
59125,6371063-2-hdt,b2b-59125,ft-846a1,ft-hdt-Dsl,530330272001,-122.27472472016784,47.48472427786054,530330272001.0,hdt_D_Diesel,b2b--c53-34671
59136,6326787-2-hdt,b2b-59136,ft-f8412,ft-hdt-Dsl,530330314001,-121.98690766780572,47.20213690972846,530330314001.0,hdt_D_Diesel,b2b--c53-34710
59137,7362109-1-hdt,b2b-59137,ft-3e283,ft-hdt-Dsl,530330292061,-122.24917211844225,47.42938235578714,530330292061.0,hdt_D_Diesel,b2b--c53-34715
59154,6336727-2-hdt,b2b-59154,ft-df48d,ft-hdv-Dsl,530330296013,-122.1652470475296,47.35843291188085,530330296013.0,hdv_D_Diesel,b2b--c53-34813
59155,6336729-9-hdt,b2b-59155,ft-cc167,ft-hdt-Dsl,530330320054,-122.0875193308323,47.3638873935701,530330320054.0,hdt_D_Diesel,b2b--c53-34814
59199,6388064-1-hdt,b2b-59199,ft-23d5c,ft-hdt-Dsl,530530731132,-122.2886159226081,47.08776220598338,530530731132.0,hdt_D_Diesel,b2b--c53-34999
59200,6330176-2-hdt,b2b-59200,ft-1f709,ft-hdt-Dsl,530330292061,-122.23308145975876,47.4383049846818,530330292061.0,hdt_D_Diesel,b2b--c53-35002
59202,7365531-16-hdt,b2b-59202,ft-23b3e,ft-hdt-Dsl,530330263002,-122.29034760404986,47.50675431311565,530330263002.0,hdt_D_Diesel,b2b--c53-35005
59214,6396751-1-hdt,b2b-59214,ft-9f7b8,ft-hdt-Dsl,530530602001,-122.42659775456825,47.25727303004108,530530602001.0,hdt_D_Diesel,b2b--c53-35022
59217,6371161-3-hdt,b2b-59217,ft-cc727,ft-hdt-Dsl,530330264005,-122.32945899287189,47.521012653906475,530330264005.0,hdt_D_Diesel,b2b--c53-35025
59225,5015750-4-hdt,b2b-59225,ft-2f0ae,ft-hdt-Dsl,530530732003,-122.23706641279225,46.78408365659002,410510088001.0,hdt_D_Diesel,b2b--c53-35035
59226,6297771-1-hdt,b2b-59226,ft-9575c,ft-hdt-Dsl,530530732003,-122.23706641279225,46.78408365659002,530110404073.0,hdt_D_Diesel,b2b--c53-35036
59240,6327453-3-hdt,b2b-59240,ft-ca604,ft-hdt-Dsl,530330303112,-122.36111130792908,47.30185414574697,530330303112.0,hdt_D_Diesel,b2b--c53-35055
59247,6378083-1-mdv,b2b-59247,ft-1bd5f,ft-mdv-Gas,530350902011,-122.65246476843046,47.80196316861252,530350902011.0,mdv_G_Gasoline,b2b--c35-9
59253,6378083-1-mdv,b2b-59253,ft-69843,ft-mdv-Gas,530350902011,-122.65246476843046,47.80196316861252,530350902011.0,mdv_G_Gasoline,b2b--c35-54
59256,6426945-1-mdv,b2b-59256,ft-de01c,ft-mdv-Dsl,530610537001,-121.31300181346782,48.04698207479564,530630114003.0,mdv_D_Diesel,b2b--c35-56
59269,6376007-1-hdt,b2b-59269,ft-0851b,ft-hdt-Dsl,530350921003,-122.69279793351402,47.525046726731404,530350921003.0,hdt_D_Diesel,b2b--c35-74
59277,6376007-1-hdt,b2b-59277,ft-2bbe2,ft-hdt-Dsl,530350921003,-122.69279793351402,47.525046726731404,530350921003.0,hdt_D_Diesel,b2b--c35-145
59309,6378045-2-mdv,b2b-59309,ft-d65f0,ft-mdv-Dsl,530350905013,-122.64414128295374,47.73342913201256,530350905013.0,mdv_D_Diesel,b2b--c35-287
59317,6378045-2-mdv,b2b-59317,ft-bd6bc,ft-mdv-Dsl,530350905013,-122.64414128295374,47.73342913201256,530350905013.0,mdv_D_Diesel,b2b--c35-286
59318,6378045-1-ld1,b2b-59318,ft-fcda2,ft-ld1-Gas,530350905013,-122.64414128295374,47.73342913201256,530350905013.0,ld1_G_Gasoline,b2b--c35-298
59338,6435004-1-mdv,b2b-59338,ft-b7d3e,ft-mdv-Dsl,530530726032,-122.77382693312865,47.188210163000925,530670122122.0,mdv_D_Diesel,b2b--c35-411
59353,7371622-1-mdv,b2b-59353,ft-52692,ft-mdv-Dsl,530610537001,-121.31300181346782,48.04698207479564,530630104012.0,mdv_D_Diesel,b2b--c35-456
59369,5019957-1-hdt,b2b-59369,ft-7f671,ft-hdt-Dsl,530530732003,-122.23706641279225,46.78408365659002,410510027021.0,hdt_D_Diesel,b2b--c35-487
59372,7371688-2-hdv,b2b-59372,ft-cdf07,ft-hdv-Dsl,530610537001,-121.31300181346782,48.04698207479564,530630132021.0,hdv_D_Diesel,b2b--c35-497
59392,6433106-1-mdv,b2b-59392,ft-009bb,ft-mdv-Dsl,530530728001,-122.64899673245617,47.0992006395685,530670107002.0,mdv_D_Diesel,b2b--c35-543
59393,7367424-1-mdv,b2b-59393,ft-4f3c6,ft-mdv-Dsl,530350929023,-122.6311725697205,47.44441843261777,530350929023.0,mdv_D_Diesel,b2b--c35-547
59407,6378482-5-ld3,b2b-59407,ft-4d502,ft-ld3-Dsl,530350905012,-122.6408665428825,47.738000613059775,530350905012.0,ld3_D_Diesel,b2b--c35-622
59421,6378482-1-hdt,b2b-59421,ft-2bf51,ft-hdt-Dsl,530350905012,-122.6408665428825,47.738000613059775,530350905012.0,hdt_D_Diesel,b2b--c35-690
59430,6374549-1-mdv,b2b-59430,ft-8375d,ft-mdv-Dsl,530350909001,-122.5228856272987,47.62494990992421,530350909001.0,mdv_D_Diesel,b2b--c35-723
59442,7456139-1-mdv,b2b-59442,ft-9f532,ft-mdv-Dsl,530350901013,-122.57458089458235,47.80213727848843,530350901013.0,mdv_D_Diesel,b2b--c35-761
59445,7456139-1-mdv,b2b-59445,ft-b0059,ft-mdv-Dsl,530350901013,-122.57458089458235,47.80213727848843,530350901013.0,mdv_D_Diesel,b2b--c35-766
59449,7456139-1-mdv,b2b-59449,ft-58080,ft-mdv-Dsl,530350901013,-122.57458089458235,47.80213727848843,530350901013.0,mdv_D_Diesel,b2b--c35-770
59453,7456139-1-mdv,b2b-59453,ft-83367,ft-mdv-Dsl,530350901013,-122.57458089458235,47.80213727848843,530350901013.0,mdv_D_Diesel,b2b--c35-874
59456,7456139-1-mdv,b2b-59456,ft-fefc7,ft-mdv-Dsl,530350901013,-122.57458089458235,47.80213727848843,530350901013.0,mdv_D_Diesel,b2b--c35-877
59457,7456139-1-mdv,b2b-59457,ft-26a63,ft-mdv-Dsl,530350901013,-122.57458089458235,47.80213727848843,530350901013.0,mdv_D_Diesel,b2b--c35-878
59471,7367563-1-mdv,b2b-59471,ft-21ced,ft-mdv-Dsl,530350912011,-122.69477163149234,47.64757384780463,530350912011.0,mdv_D_Diesel,b2b--c35-890
59472,7367563-1-mdv,b2b-59472,ft-3b866,ft-mdv-Dsl,530350912011,-122.69477163149234,47.64757384780463,530350912011.0,mdv_D_Diesel,b2b--c35-891
59475,7367563-1-mdv,b2b-59475,ft-e5082,ft-mdv-Dsl,530350912011,-122.69477163149234,47.64757384780463,530350912011.0,mdv_D_Diesel,b2b--c35-942
59476,7367563-1-mdv,b2b-59476,ft-59efe,ft-mdv-Dsl,530350912011,-122.69477163149234,47.64757384780463,530350912011.0,mdv_D_Diesel,b2b--c35-943
59477,7367563-1-mdv,b2b-59477,ft-6006a,ft-mdv-Dsl,530350912011,-122.69477163149234,47.64757384780463,530350912011.0,mdv_D_Diesel,b2b--c35-944
59478,7367563-1-mdv,b2b-59478,ft-5ca52,ft-mdv-Dsl,530350912011,-122.69477163149234,47.64757384780463,530350912011.0,mdv_D_Diesel,b2b--c35-945
59482,6378144-1-mdv,b2b-59482,ft-23cc7,ft-mdv-Dsl,530350902022,-122.65107431405848,47.78571213496136,530350902022.0,mdv_D_Diesel,b2b--c35-972
59498,6378292-1-hdt,b2b-59498,ft-65c54,ft-hdt-Dsl,530359401002,-122.56014734143886,47.72854902515944,530359401002.0,hdt_D_Diesel,b2b--c35-1007
59501,6402867-3-mdv,b2b-59501,ft-8e8fb,ft-mdv-Dsl,530610533014,-122.37093627404924,48.2483017317002,530579508003.0,mdv_D_Diesel,b2b--c35-1014
59512,6378103-1-ld3,b2b-59512,ft-6a64c,ft-ld3-Dsl,530350905013,-122.64428017353764,47.73616209295284,530350905013.0,ld3_D_Diesel,b2b--c35-1055
59526,6376800-2-ld3,b2b-59526,ft-62863,ft-ld3-Gas,530350901023,-122.5389137944311,47.809523411131785,530350901023.0,ld3_G_Gasoline,b2b--c35-1088
59528,6374689-1-mdv,b2b-59528,ft-ec205,ft-mdv-Dsl,530350907003,-122.52197255463608,47.67909313602701,530350907003.0,mdv_D_Diesel,b2b--c35-1093
59537,7367255-2-hdt,b2b-59537,ft-1957f,ft-hdt-Dsl,530350811001,-122.65351009559149,47.56857364163049,530350811001.0,hdt_D_Diesel,b2b--c35-1111
59538,7367255-3-mdv,b2b-59538,ft-dfd47,ft-mdv-Dsl,530350811001,-122.65351009559149,47.56857364163049,530350811001.0,mdv_D_Diesel,b2b--c35-1122
59546,6315063-2-hdt,b2b-59546,ft-63f80,ft-hdt-Dsl,530610533014,-122.37093627404924,48.2483017317002,530299715001.0,hdt_D_Diesel,b2b--c35-1156
59548,7367131-1-hdt,b2b-59548,ft-32817,ft-hdt-Dsl,530350907003,-122.51055093594269,47.694185885354315,530350907003.0,hdt_D_Diesel,b2b--c35-1159
59559,8247882-1-hdt,b2b-59559,ft-ab035,ft-hdv-Dsl,530610533014,-122.37093627404924,48.2483017317002,530579508001.0,hdv_D_Diesel,b2b--c35-1196
59572,8239941-2-hdv,b2b-59572,ft-67853,ft-hdv-Dsl,530350921003,-122.69620460059079,47.52527620328965,530350921003.0,hdv_D_Diesel,b2b--c35-1260
59577,8239941-2-hdv,b2b-59577,ft-29ab8,ft-hdv-Dsl,530350921003,-122.69620460059079,47.52527620328965,530350921003.0,hdv_D_Diesel,b2b--c35-1242
59589,8239941-2-hdt,b2b-59589,ft-d5949,ft-hdv-Dsl,530350921003,-122.69620460059079,47.52527620328965,530350921003.0,hdv_D_Diesel,b2b--c35-1268
59593,6378170-1-hdt,b2b-59593,ft-c88a8,ft-hdt-Dsl,530350902011,-122.64940761493635,47.80143361036952,530350902011.0,hdt_D_Diesel,b2b--c35-1300
59600,6378170-1-hdt,b2b-59600,ft-a6b6a,ft-hdt-Dsl,530350902011,-122.64940761493635,47.80143361036952,530350902011.0,hdt_D_Diesel,b2b--c35-1307
59607,8239941-1-hdt,b2b-59607,ft-588a1,ft-hdv-Dsl,530350921003,-122.69620460059079,47.52527620328965,530350921003.0,hdv_D_Diesel,b2b--c35-1333
59611,8239941-1-hdt,b2b-59611,ft-71cc0,ft-hdt-Dsl,530350921003,-122.69620460059079,47.52527620328965,530350921003.0,hdt_D_Diesel,b2b--c35-1337
59636,8239941-1-hdt,b2b-59636,ft-66d71,ft-hdv-Dsl,530350921003,-122.69620460059079,47.52527620328965,530350921003.0,hdv_D_Diesel,b2b--c35-1362
59661,6378170-2-hdv,b2b-59661,ft-0a7f6,ft-hdv-Dsl,530350902011,-122.64940761493635,47.80143361036952,530350902011.0,hdv_D_Diesel,b2b--c35-1468
59684,7456276-1-hdt,b2b-59684,ft-f621b,ft-hdt-Dsl,530610533014,-122.37093627404924,48.2483017317002,530579501002.0,hdt_D_Diesel,b2b--c35-1644
59694,5027626-1-hdt,b2b-59694,ft-c8f95,ft-hdt-Dsl,530530732003,-122.23706641279225,46.78408365659002,410510043001.0,hdt_D_Diesel,b2b--c35-1910
59723,7369912-1-hdt,b2b-59723,ft-d88db,ft-hdt-Dsl,530610533014,-122.37093627404924,48.2483017317002,530579519002.0,hdt_D_Diesel,b2b--c35-2578
59732,6376773-2-hdt,b2b-59732,ft-c63fc,ft-hdt-Dsl,530350901023,-122.54579480689308,47.91085783330212,530350901023.0,hdt_D_Diesel,b2b--c35-2587
59744,6377863-1-hdt,b2b-59744,ft-01a8b,ft-hdt-Dsl,530350921003,-122.69248154880655,47.52501662646353,530350921003.0,hdt_D_Diesel,b2b--c35-2845
59770,7367802-3-hdt,b2b-59770,ft-a86b6,ft-hdt-Dsl,530530729061,-122.5544249277511,47.049137874735855,530419711001.0,hdt_D_Diesel,b2b--c35-3477
59809,6374838-1-mdv,b2b-59809,ft-58632,ft-mdv-Dsl,530350909003,-122.52130704935733,47.63978794008654,530350909003.0,mdv_D_Diesel,b2b--c35-3639
59822,6378345-1-mdv,b2b-59822,ft-7e811,ft-mdv-Dsl,530350905022,-122.63582505274668,47.73352530392922,530350905022.0,mdv_D_Diesel,b2b--c35-3666
59823,6378472-1-mdv,b2b-59823,ft-f9d5d,ft-mdv-Gas,530350902011,-122.65698574242784,47.80098784617314,530350902011.0,mdv_G_Gasoline,b2b--c35-3696
59832,6377342-1-mdv,b2b-59832,ft-d7a7d,ft-mdv-Gas,530350921003,-122.70108504060165,47.527280640145996,530350921003.0,mdv_G_Gasoline,b2b--c35-3710
59839,6374671-1-mdv,b2b-59839,ft-51349,ft-mdv-Dsl,530350909003,-122.52091915159812,47.632349892667776,530350909003.0,mdv_D_Diesel,b2b--c35-3723
59843,6402927-1-mdv,b2b-59843,ft-16197,ft-mdv-Gas,530610533023,-122.32486196328234,48.28871117633043,530579516003.0,mdv_G_Gasoline,b2b--c35-3743
59844,6435002-1-mdv,b2b-59844,ft-f5325,ft-mdv-Gas,530530729061,-122.5544249277511,47.049137874735855,530670116101.0,mdv_G_Gasoline,b2b--c35-3744
59860,6377553-1-mdv,b2b-59860,ft-77e54,ft-mdv-Dsl,530350921003,-122.7001833905502,47.5278669878146,530350921003.0,mdv_D_Diesel,b2b--c35-3797
59880,7374335-1-mdv,b2b-59880,ft-e25c1,ft-mdv-Gas,530610537001,-121.31300181346782,48.04698207479564,530750006002.0,mdv_G_Gasoline,b2b--c35-3843
59897,7373504-36-hdt,b2b-59897,ft-c3e25,ft-hdt-Dsl,530530729061,-122.5544249277511,47.049137874735855,530670126101.0,hdt_D_Diesel,b2b--c35-3880
59906,8395889-2-hdt,b2b-59906,ft-85d50,ft-hdt-Dsl,530530726032,-122.77382693312865,47.188210163000925,530670110001.0,hdt_D_Diesel,b2b--c35-3898
59912,8395473-3-hdt,b2b-59912,ft-6c11f,ft-hdt-Dsl,530610535061,-121.89999203508337,48.27272291141637,530579512001.0,hdt_D_Diesel,b2b--c35-3918
59917,7373504-6-hdt,b2b-59917,ft-ad284,ft-hdt-Dsl,530530729061,-122.5544249277511,47.049137874735855,530670126101.0,hdt_D_Diesel,b2b--c35-3924
59918,7373504-6-hdt,b2b-59918,ft-a150e,ft-hdt-Dsl,530530729061,-122.5544249277511,47.049137874735855,530670126101.0,hdt_D_Diesel,b2b--c35-3928
59922,6408578-3-hdt,b2b-59922,ft-fc0ba,ft-hdt-Dsl,530610514005,-122.30050424218678,47.81776759394246,530610514005.0,hdt_D_Diesel,b2b--c35-3934
59925,8413411-5-hdt,b2b-59925,ft-f26cc,ft-hdt-Dsl,530610537001,-121.31300181346782,48.04698207479564,20067.0,hdt_D_Diesel,b2b--c35-3940_2
59928,8413411-5-hdt,b2b-59928,ft-0a0df,ft-hdt-Dsl,530610537001,-121.31300181346782,48.04698207479564,20067.0,hdt_D_Diesel,b2b--c35-3953
59935,7373561-4-ld3,b2b-59935,ft-ac43b,ft-ld3-Gas,530530728001,-122.64899673245617,47.0992006395685,530670122222.0,ld3_G_Gasoline,b2b--c35-3964
59952,7361344-14-ld3,b2b-59952,ft-8950a,ft-ld3-Gas,530330219054,-122.17529352830351,47.734591039495925,530330219054.0,ld3_G_Gasoline,b2b--c35-3993
59969,7365038-3-ld1,b2b-59969,ft-3051b,ft-ld1-Gas,530330093002,-122.33357597282178,47.58797849383613,530330093002.0,ld1_G_Gasoline,b2b--c35-4028
59988,7366364-8-ld1,b2b-59988,ft-205ca,ft-ld1-Gas,530330093003,-122.33231170637092,47.56852810250407,530330093003.0,ld1_G_Gasoline,b2b--c35-4067
59996,7361790-33-ld1,b2b-59996,ft-51658,ft-ld1-Gas,530330292061,-122.24399044478618,47.433219893641684,530330292061.0,ld1_G_Gasoline,b2b--c35-4079
60003,7368993-28-ld1,b2b-60003,ft-aea42,ft-ld1-Gas,530530626001,-122.48142674423129,47.22315676250872,530530626001.0,ld1_G_Gasoline,b2b--c35-4088
60005,7364691-23-ld1,b2b-60005,ft-15c8c,ft-ld1-Gas,530330112001,-122.33016952325477,47.52660254101656,530330112001.0,ld1_G_Gasoline,b2b--c35-4094
60038,7361803-14-ld1,b2b-60038,ft-1ba6e,ft-ld1-Gas,530330292061,-122.22600671466729,47.40844696648436,530330292061.0,ld1_G_Gasoline,b2b--c35-4138
60055,7362972-19-ld3,b2b-60055,ft-e8a26,ft-ld3-Gas,530330323133,-122.0937881884041,47.674054261571776,530330323133.0,ld3_G_Gasoline,b2b--c35-4163
60057,8394328-18-ld1,b2b-60057,ft-c92d4,ft-ld1-Gas,530330292061,-122.2384320753271,47.40669474169384,530330292061.0,ld1_G_Gasoline,b2b--c35-4167
60083,7365022-15-mdv,b2b-60083,ft-fcabe,ft-mdv-Gas,530330109001,-122.31486323772381,47.53426362053083,530330109001.0,mdv_G_Gasoline,b2b--c35-4239
60087,8394327-7-ld3,b2b-60087,ft-99277,ft-ld3-Gas,530330292061,-122.24406567327773,47.40621658580291,530330292061.0,ld3_G_Gasoline,b2b--c35-4242
60093,7367265-20-ld1,b2b-60093,ft-5ba4f,ft-ld1-Gas,530350811002,-122.6530939681399,47.565540153997645,530350811002.0,ld1_G_Gasoline,b2b--c35-4265
60105,7366389-18-ld1,b2b-60105,ft-4bcd9,ft-ld1-Gas,530330099004,-122.35117715320465,47.57121825509962,530330099004.0,ld1_G_Gasoline,b2b--c35-4284
60125,7366429-3-ld1,b2b-60125,ft-3d83b,ft-ld1-Gas,530330093003,-122.34204282855166,47.569492954037656,530330093003.0,ld1_G_Gasoline,b2b--c35-4332
60126,7364691-28-ld1,b2b-60126,ft-786b9,ft-ld1-Gas,530330112001,-122.33016952325477,47.52660254101656,530330112001.0,ld1_G_Gasoline,b2b--c35-4336
60127,7364691-28-ld1,b2b-60127,ft-2c800,ft-ld1-Gas,530330112001,-122.33016952325477,47.52660254101656,530330112001.0,ld1_G_Gasoline,b2b--c35-4335
60141,7367265-8-ld1,b2b-60141,ft-dfcc6,ft-ld1-Gas,530350811002,-122.6530939681399,47.565540153997645,530350811002.0,ld1_G_Gasoline,b2b--c35-4366
60155,7364692-11-ld1,b2b-60155,ft-46ac0,ft-ld1-Gas,530330108001,-122.34913921788487,47.55384014888749,530330108001.0,ld1_G_Gasoline,b2b--c35-4385
60157,7364692-11-ld1,b2b-60157,ft-b6a48,ft-ld1-Gas,530330108001,-122.34913921788487,47.55384014888749,530330108001.0,ld1_G_Gasoline,b2b--c35-4392
60175,7361344-8-ld1,b2b-60175,ft-b9c9d,ft-ld1-Gas,530330219054,-122.17529352830351,47.734591039495925,530330219054.0,ld1_G_Gasoline,b2b--c35-4488
60179,7366547-13-ld1,b2b-60179,ft-d2827,ft-ld1-Dsl,530330093003,-122.33781074015684,47.57150093310607,530330093003.0,ld1_D_Diesel,b2b--c35-4497
60194,7364918-3-ld1,b2b-60194,ft-0f2f5,ft-ld1-Gas,530330112001,-122.32094222317475,47.52248634453613,530330112001.0,ld1_G_Gasoline,b2b--c35-4525
60205,7365629-28-ld1,b2b-60205,ft-3ff34,ft-ld1-Gas,530330059001,-122.3673128160379,47.65327281857979,530330059001.0,ld1_G_Gasoline,b2b--c35-4539
60225,7365597-8-ld1,b2b-60225,ft-5cc7e,ft-ld1-Dsl,530330071001,-122.3607157802324,47.62277408295152,530330071001.0,ld1_D_Diesel,b2b--c35-4564
60229,7365404-2-ld1,b2b-60229,ft-0f2f9,ft-ld1-Gas,530330019001,-122.32846894265069,47.6994347405433,530330019001.0,ld1_G_Gasoline,b2b--c35-4572
60254,7367226-4-ld3,b2b-60254,ft-b4e61,ft-ld3-Gas,530350918001,-122.62536960840076,47.60681325280618,530350918001.0,ld3_G_Gasoline,b2b--c35-4611
60261,7366620-44-ld3,b2b-60261,ft-dd622,ft-ld3-Dsl,530330284024,-122.29217467971979,47.45881065074249,530330284024.0,ld3_D_Diesel,b2b--c35-4621
60268,7365531-14-ld3,b2b-60268,ft-0515f,ft-ld3-Gas,530330263002,-122.29034760404986,47.50675431311565,530330263002.0,ld3_G_Gasoline,b2b--c35-4634
60289,7187355-17-hdt,b2b-60289,ft-77c38,ft-hdv-Dsl,530530701001,-121.5437370927352,47.12072649438632,20095.0,hdv_D_Diesel,b2b--c35-4671
60304,8371134-10-mdv,b2b-60304,ft-35325,ft-mdv-Gas,530530732003,-122.23706641279225,46.78408365659002,410510072021.0,mdv_G_Gasoline,b2b--c35-4694
60306,7366738-4-ld3,b2b-60306,ft-46a75,ft-ld3-Dsl,530330263002,-122.28576089980155,47.50750731073683,530330263002.0,ld3_D_Diesel,b2b--c35-4698
60310,7186237-19-ld3,b2b-60310,ft-22245,ft-ld3-Gas,530530732003,-122.23706641279225,46.78408365659002,410030104003.0,ld3_G_Gasoline,b2b--c35-4704
60311,7190780-28-ld1,b2b-60311,ft-ce341,ft-ld1-Gas,530530732003,-122.23706641279225,46.78408365659002,410430202001.0,ld1_G_Gasoline,b2b--c35-4705
60319,7367751-24-ld3,b2b-60319,ft-dbc47,ft-ld3-Gas,530530729061,-122.5544249277511,47.049137874735855,530419714002.0,ld3_G_Gasoline,b2b--c35-4720
60320,6430159-3-hdt,b2b-60320,ft-be105,ft-hdt-Dsl,530610537001,-121.31300181346782,48.04698207479564,530630145002.0,hdt_D_Diesel,b2b--c35-4721
60332,6712309-8-ld1,b2b-60332,ft-4e5f7,ft-ld1-Gas,530530701001,-121.5437370927352,47.12072649438632,20009.0,ld1_G_Gasoline,b2b--c35-4738
60335,6713706-4-ld3,b2b-60335,ft-2be70,ft-ld3-Dsl,530530701001,-121.5437370927352,47.12072649438632,20009.0,ld3_D_Diesel,b2b--c35-4741
60336,6711731-13-ld1,b2b-60336,ft-7adab,ft-ld1-Dsl,530530701001,-121.5437370927352,47.12072649438632,20009.0,ld1_D_Diesel,b2b--c35-4742
60348,7365547-4-ld3,b2b-60348,ft-5d7a7,ft-ld3-Gas,530330263001,-122.29955048390575,47.51625383357612,530330263001.0,ld3_G_Gasoline,b2b--c35-4761
60364,6703529-1-hdt,b2b-60364,ft-0dfa6,ft-hdv-Dsl,530530701001,-121.5437370927352,47.12072649438632,20009.0,hdv_D_Diesel,b2b--c35-4802
60372,6854341-31-hdt,b2b-60372,ft-c0c33,ft-hdt-Dsl,530610537001,-121.31300181346782,48.04698207479564,20034.0,hdt_D_Diesel,b2b--c35-4812
60391,7007773-1-hdt,b2b-60391,ft-678fe,ft-hdt-Dsl,530610537001,-121.31300181346782,48.04698207479564,20061.0,hdt_D_Diesel,b2b--c35-4863
60407,6680233-15-hdt,b2b-60407,ft-db46a,ft-hdt-Dsl,530530701001,-121.5437370927352,47.12072649438632,20009.0,hdt_D_Diesel,b2b--c35-4901
60413,7374212-12-hdv,b2b-60413,ft-757ae,ft-hdv-Dsl,530610533014,-122.37093627404924,48.2483017317002,530730002003.0,hdv_D_Diesel,b2b--c35-4917
60418,7374093-2-hdv,b2b-60418,ft-5e3c4,ft-hdv-Dsl,530610533014,-122.37093627404924,48.2483017317002,530730001003.0,hdv_D_Diesel,b2b--c35-4929
60446,7371557-1-hdt,b2b-60446,ft-54486,ft-hdv-Dsl,530610531021,-122.18921914405846,48.15037009988364,530610531021.0,hdv_D_Diesel,b2b--c35-4987
60456,7371556-16-hdt,b2b-60456,ft-e1142,ft-hdt-Dsl,530610533012,-122.33344015201193,48.26864231894757,530610533012.0,hdt_D_Diesel,b2b--c35-5015
60463,7373762-2-hdv,b2b-60463,ft-b3bbc,ft-hdv-Dsl,530610534001,-122.174775998106,48.271850830473014,530730101005.0,hdv_D_Diesel,b2b--c35-5043
60471,7374250-7-hdv,b2b-60471,ft-a0de4,ft-hdv-Dsl,530610533021,-122.23684520936622,48.26553620314338,530730102001.0,hdv_D_Diesel,b2b--c35-5062
60480,7374250-42-hdv,b2b-60480,ft-757b0,ft-hdv-Dsl,530610533021,-122.23684520936622,48.26553620314338,530730102001.0,hdv_D_Diesel,b2b--c35-5088
60483,7374250-47-hdv,b2b-60483,ft-8f1a8,ft-hdv-Dsl,530610533021,-122.23684520936622,48.26553620314338,530730102001.0,hdv_D_Diesel,b2b--c35-5094
60486,8394801-5-ld3,b2b-60486,ft-67ed2,ft-ld3-Gas,530330112001,-122.33227885206496,47.53199660801611,530330112001.0,ld3_G_Gasoline,b2b--c35-5104
60520,7370749-13-ld1,b2b-60520,ft-a843c,ft-ld1-Dsl,530610413042,-122.26281537034927,47.939353533114726,530610413042.0,ld1_D_Diesel,b2b--c35-5165
60526,7366738-8-ld1,b2b-60526,ft-31fe2,ft-ld1-Gas,530330263002,-122.28576089980155,47.50750731073683,530330263002.0,ld1_G_Gasoline,b2b--c35-5173
60552,7364692-2-ld1,b2b-60552,ft-6b67d,ft-ld1-Gas,530330108001,-122.34913921788487,47.55384014888749,530330108001.0,ld1_G_Gasoline,b2b--c35-5218
60561,7371649-4-ld3,b2b-60561,ft-334ff,ft-ld3-Gas,530610537001,-121.31300181346782,48.04698207479564,530630103051.0,ld3_G_Gasoline,b2b--c35-5235
60567,8394433-18-ld1,b2b-60567,ft-0f3e4,ft-ld1-Gas,530330292061,-122.22638267720225,47.42765202506155,530330292061.0,ld1_G_Gasoline,b2b--c35-5241
60568,8394433-18-ld1,b2b-60568,ft-f9b99,ft-ld1-Gas,530330292061,-122.22638267720225,47.42765202506155,530330292061.0,ld1_G_Gasoline,b2b--c35-5254
60572,8395583-4-ld3,b2b-60572,ft-d5d37,ft-ld3-Dsl,530610419032,-122.2715522983293,47.917393596540805,530610419032.0,ld3_D_Diesel,b2b--c35-5257
60592,7043728-1-hdt,b2b-60592,ft-cd3d7,ft-hdv-Dsl,530530701001,-121.5437370927352,47.12072649438632,20071.0,hdv_D_Diesel,b2b--c35-5294
60593,7373762-3-ld1,b2b-60593,ft-320f1,ft-ld1-Gas,530610534001,-122.174775998106,48.271850830473014,530730101005.0,ld1_G_Gasoline,b2b--c35-5296
60596,6703161-2-hdv,b2b-60596,ft-637f1,ft-hdv-Dsl,530530701001,-121.5437370927352,47.12072649438632,20009.0,hdv_D_Diesel,b2b--c35-5300
60604,7371483-8-ld1,b2b-60604,ft-4d22a,ft-ld1-Gas,530610413042,-122.24409010231953,47.92728331356473,530610413042.0,ld1_G_Gasoline,b2b--c35-5314
60618,7365629-39-ld3,b2b-60618,ft-348da,ft-ld3-Dsl,530330059001,-122.3673128160379,47.65327281857979,530330059001.0,ld3_D_Diesel,b2b--c35-5329
60639,7186306-26-ld1,b2b-60639,ft-9eb14,ft-ld1-Gas,530530732003,-122.23706641279225,46.78408365659002,410050230011.0,ld1_G_Gasoline,b2b--c35-5363
60651,6369281-7-hdt,b2b-60651,ft-15f00,ft-hdv-Dsl,530330284024,-122.32205675998875,47.44153151233887,530330284024.0,hdv_D_Diesel,b2b--c35-5381
60665,6036683-2-hdt,b2b-60665,ft-bb041,ft-hdt-Dsl,530530701001,-121.5437370927352,47.12072649438632,20118.0,hdt_D_Diesel,b2b--c35-5404
60676,7373894-4-ld3,b2b-60676,ft-cbf39,ft-ld3-Gas,530610533014,-122.37093627404924,48.2483017317002,530730004003.0,ld3_G_Gasoline,b2b--c35-5417
60696,7364691-4-ld3,b2b-60696,ft-fdac2,ft-ld3-Gas,530330112001,-122.33016952325477,47.52660254101656,530330112001.0,ld3_G_Gasoline,b2b--c35-5453
60702,6308300-2-hdt,b2b-60702,ft-f812a,ft-hdt-Dsl,530330328003,-121.10644086665883,47.709472706427675,530179505003.0,hdt_D_Diesel,b2b--c35-5462
60704,7358961-8-ld1,b2b-60704,ft-d7cc3,ft-ld1-Gas,530530732003,-122.23706641279225,46.78408365659002,530110411051.0,ld1_G_Gasoline,b2b--c35-5467
60719,7366389-4-ld3,b2b-60719,ft-b8059,ft-ld3-Gas,530330099004,-122.35117715320465,47.57121825509962,530330099004.0,ld3_G_Gasoline,b2b--c35-5494
60728,7370497-14-ld3,b2b-60728,ft-2477b,ft-ld3-Gas,530610515002,-122.31614691646146,47.81998088841677,530610515002.0,ld3_G_Gasoline,b2b--c35-5506
60762,6726337-3-ld1,b2b-60762,ft-40e61,ft-ld1-Gas,530530732004,-122.26381973027048,46.91888857212184,20012.0,ld1_G_Gasoline,b2b--c35-5551
60772,6660476-1-hdt,b2b-60772,ft-bee60,ft-hdt-Dsl,530530732004,-122.26381973027048,46.91888857212184,20012.0,hdt_D_Diesel,b2b--c35-5566
60779,7361108-27-mdv,b2b-60779,ft-24ffd,ft-mdv-Dsl,530330237001,-122.16721631684192,47.62586460308248,530330237001.0,mdv_D_Diesel,b2b--c35-5576
60781,8395057-14-ld3,b2b-60781,ft-53617,ft-ld3-Gas,530330262001,-122.24852730189083,47.4477634184965,530330262001.0,ld3_G_Gasoline,b2b--c35-5578
60784,8395057-14-ld3,b2b-60784,ft-ab171,ft-ld3-Gas,530330262001,-122.24852730189083,47.4477634184965,530330262001.0,ld3_G_Gasoline,b2b--c35-5582
60789,8395045-7-hdv,b2b-60789,ft-14db8,ft-hdv-Dsl,530330284024,-122.32840253514618,47.44437048521317,530330284024.0,hdv_D_Diesel,b2b--c35-5598
60795,7193733-23-ld1,b2b-60795,ft-fc8c0,ft-ld1-Dsl,530530732003,-122.23706641279225,46.78408365659002,410510073001.0,ld1_D_Diesel,b2b--c35-5605
60819,7359649-3-ld1,b2b-60819,ft-8ce0f,ft-ld1-Gas,530330315021,-121.36938446587672,47.147855247348815,530210207002.0,ld1_G_Gasoline,b2b--c35-5638
60848,7372017-4-ld3,b2b-60848,ft-327b3,ft-ld3-Dsl,530610537001,-121.31300181346782,48.04698207479564,530630122001.0,ld3_D_Diesel,b2b--c35-5683_2
60862,7191866-8-ld1,b2b-60862,ft-bbae0,ft-ld1-Gas,530530732003,-122.23706641279225,46.78408365659002,410510099073.0,ld1_G_Gasoline,b2b--c35-5703
60893,7043694-6-hdt,b2b-60893,ft-ce249,ft-hdt-Dsl,530530701001,-121.5437370927352,47.12072649438632,20071.0,hdt_D_Diesel,b2b--c35-5753
60897,7362014-19-ld3,b2b-60897,ft-1e415,ft-ld3-Gas,530330292061,-122.228106461071,47.41699927061486,530330292061.0,ld3_G_Gasoline,b2b--c35-5759
60898,7361951-19-ld3,b2b-60898,ft-961a9,ft-ld3-Gas,530330292061,-122.22446575655314,47.419646524413956,530330292061.0,ld3_G_Gasoline,b2b--c35-5760
60903,7373561-8-ld1,b2b-60903,ft-dd0a5,ft-ld1-Gas,530530728001,-122.64899673245617,47.0992006395685,530670122222.0,ld1_G_Gasoline,b2b--c35-5767
60904,7369829-4-ld3,b2b-60904,ft-db47e,ft-ld3-Dsl,530610533023,-122.32486196328234,48.28871117633043,530579516003.0,ld3_D_Diesel,b2b--c35-5768
60914,7367226-14-ld3,b2b-60914,ft-7081d,ft-ld3-Dsl,530350918001,-122.62536960840076,47.60681325280618,530350918001.0,ld3_D_Diesel,b2b--c35-5786
60915,7371483-1-hdt,b2b-60915,ft-a9c32,ft-hdt-Dsl,530610413042,-122.24409010231953,47.92728331356473,530610413042.0,hdt_D_Diesel,b2b--c35-5787
60920,7369899-43-ld1,b2b-60920,ft-f814a,ft-ld1-Dsl,530610533014,-122.37093627404924,48.2483017317002,530579521003.0,ld1_D_Diesel,b2b--c35-5795
60930,7374158-9-ld3,b2b-60930,ft-50127,ft-ld3-Dsl,530610533014,-122.37093627404924,48.2483017317002,530730104012.0,ld3_D_Diesel,b2b--c35-5807_2
60942,8395889-9-ld3,b2b-60942,ft-dc555,ft-ld3-Dsl,530530726032,-122.77382693312865,47.188210163000925,530670110001.0,ld3_D_Diesel,b2b--c35-5824
60970,7365629-32-hdv,b2b-60970,ft-3f3b3,ft-hdv-Dsl,530330059001,-122.3673128160379,47.65327281857979,530330059001.0,hdv_D_Diesel,b2b--c35-5860
60976,7367225-2-hdv,b2b-60976,ft-a9f0c,ft-hdv-Dsl,530350918001,-122.62900047276442,47.60822482213245,530350918001.0,hdv_D_Diesel,b2b--c35-5872
60995,7192092-35-hdt,b2b-60995,ft-b4a3c,ft-hdt-Dsl,530530732003,-122.23706641279225,46.78408365659002,410510011011.0,hdt_D_Diesel,b2b--c35-5898
60997,7357607-7-hdt,b2b-60997,ft-b0683,ft-hdt-Dsl,530330328003,-121.10644086665883,47.709472706427675,530019503003.0,hdt_D_Diesel,b2b--c35-5902
60998,3632365-1-hdt,b2b-60998,ft-20537,ft-hdt-Dsl,530610537001,-121.31300181346782,48.04698207479564,20069.0,hdt_D_Diesel,b2b--c35-5904
61015,8394354-11-hdt,b2b-61015,ft-450af,ft-hdt-Dsl,530330292061,-122.24394563101907,47.41876745684446,530330292061.0,hdt_D_Diesel,b2b--c35-5937
61019,8394354-11-hdt,b2b-61019,ft-e650a,ft-hdv-Dsl,530330292061,-122.24394563101907,47.41876745684446,530330292061.0,hdv_D_Diesel,b2b--c35-5956_2
61031,7145095-1-hdt,b2b-61031,ft-878dc,ft-hdt-Dsl,530610537001,-121.31300181346782,48.04698207479564,20086.0,hdt_D_Diesel,b2b--c35-5975
61038,8395620-11-ld3,b2b-61038,ft-7493d,ft-ld3-Dsl,530610535091,-122.15089997478691,48.15649523919702,530610535091.0,ld3_D_Diesel,b2b--c35-5990
61044,7374212-20-mdv,b2b-61044,ft-df104,ft-mdv-Dsl,530610533014,-122.37093627404924,48.2483017317002,530730002003.0,mdv_D_Diesel,b2b--c35-6000
61071,6354502-3-hdt,b2b-61071,ft-6a520,ft-hdv-Dsl,530330048003,-122.3627302430383,47.65670531200268,530330048003.0,hdv_D_Diesel,b2b--c35-6068
61079,7362668-21-hdt,b2b-61079,ft-e4673,ft-hdt-Dsl,530330284024,-122.29828123802866,47.44416305383533,530330284024.0,hdt_D_Diesel,b2b--c35-6087
61084,6413916-1-hdt,b2b-61084,ft-7b8ab,ft-hdv-Dsl,530610418052,-122.21938119535685,47.91103202335688,530610418052.0,hdv_D_Diesel,b2b--c35-6095
61108,8371046-1-hdt,b2b-61108,ft-4abd8,ft-hdt-Dsl,530530732003,-122.23706641279225,46.78408365659002,410510043001.0,hdt_D_Diesel,b2b--c35-6143
61116,6444658-2-hdt,b2b-61116,ft-9a613,ft-hdv-Dsl,530610534001,-122.174775998106,48.271850830473014,530730102002.0,hdv_D_Diesel,b2b--c35-6157
4,8318382-1,b2c-4,ft-3c9b4,ft-ld3-Gas,1491,-122.32617546189218,48.26118234371266,1491.0,ld3_G_Gasoline,b2c--c61-24
6,8318382-1,b2c-6,ft-3193a,ft-ld1-Dsl,1491,-122.28740046089591,47.88737756293772,1491.0,ld1_D_Diesel,b2c--c61-37
34,8318401-3,b2c-34,ft-019a8,ft-ld1-Gas,3606,-122.28740046089591,47.88737756293772,3606.0,ld1_G_Gasoline,b2c--c61-135
40,2327315-2,b2c-40,ft-bc447,ft-ld3-Gas,1526,-122.5544249277511,47.049137874735855,1526.0,ld3_G_Gasoline,b2c--c61-161
57,2327371-1,b2c-57,ft-0ecf1,ft-ld3-Gas,3711,-122.33003470389266,47.79657905214585,3711.0,ld3_G_Gasoline,b2c--c61-246
62,2331479-2,b2c-62,ft-b870a,ft-ld1-Gas,1549,-121.31300181346782,48.04698207479564,1549.0,ld1_G_Gasoline,b2c--c61-261
66,2327310-2,b2c-66,ft-9ce63,ft-mdv-Gas,1530,-122.17852833880164,48.11758183627731,1530.0,mdv_G_Gasoline,b2c--c61-286
68,2327310-2,b2c-68,ft-48292,ft-mdv-Dsl,1530,-122.17852833880164,48.11758183627731,1530.0,mdv_D_Diesel,b2c--c61-297
83,8318382-4,b2c-83,ft-432fa,ft-ld1-Gas,1491,-122.20212253509658,47.79611791900395,1491.0,ld1_G_Gasoline,b2c--c61-388
91,8318382-4,b2c-91,ft-484f5,ft-ld3-Gas,1491,-122.20212253509658,47.79611791900395,1491.0,ld3_G_Gasoline,b2c--c61-412
94,2327369-1,b2c-94,ft-57793,ft-ld3-Dsl,3538,-122.22335390032104,47.908115967050165,3538.0,ld3_D_Diesel,b2c--c61-426
105,6849564-3,b2c-105,ft-bfdaf,ft-ld3-Gas,934,-122.22335390032104,47.908115967050165,934.0,ld3_G_Gasoline,b2c--c61-465
113,8318400-1,b2c-113,ft-2f553,ft-mdv-Dsl,3854,-122.22335390032104,47.908115967050165,3854.0,mdv_D_Diesel,b2c--c61-485
130,6849098-3,b2c-130,ft-b2735,ft-mdv-Dsl,1530,-122.22335390032104,47.908115967050165,1530.0,mdv_D_Diesel,b2c--c61-552
138,2331501-1,b2c-138,ft-205,ft-ld3-Dsl,3433,-122.5544249277511,47.049137874735855,3433.0,ld3_D_Diesel,b2c--c61-592
148,2327311-1,b2c-148,ft-3c892,ft-mdv-Gas,1045,-122.2450639119834,47.92334715174426,1045.0,mdv_G_Gasoline,b2c--c61-655
152,2327345-1,b2c-152,ft-4dac1,ft-ld3-Gas,1487,-122.2450639119834,47.92334715174426,1487.0,ld3_G_Gasoline,b2c--c61-677
167,6849087-3,b2c-167,ft-64bb5,ft-mdv-Dsl,1491,-122.2450639119834,47.92334715174426,1491.0,mdv_D_Diesel,b2c--c61-761
170,6849104-3,b2c-170,ft-0259d,ft-mdv-Gas,3625,-122.2450639119834,47.92334715174426,3625.0,mdv_G_Gasoline,b2c--c61-764
177,6849104-3,b2c-177,ft-43d93,ft-ld1-Gas,3625,-122.2450639119834,47.92334715174426,3625.0,ld1_G_Gasoline,b2c--c61-782
195,8318389-4,b2c-195,ft-91ddb,ft-ld1-Gas,1106,-122.2450639119834,47.92334715174426,1106.0,ld1_G_Gasoline,b2c--c61-962
225,2331478-2,b2c-225,ft-3af31,ft-ld1-Gas,1442,-122.2450639119834,47.92334715174426,1442.0,ld1_G_Gasoline,b2c--c61-1088
237,6849567-2,b2c-237,ft-979ad,ft-mdv-Dsl,3618,-122.77382693312865,47.188210163000925,3618.0,mdv_D_Diesel,b2c--c61-1155
239,2327368-1,b2c-239,ft-be8a7,ft-ld1-Gas,3760,-122.2450639119834,47.92334715174426,3760.0,ld1_G_Gasoline,b2c--c61-1157
243,2327315-1,b2c-243,ft-53670,ft-ld1-Gas,1526,-122.2450639119834,47.92334715174426,1526.0,ld1_G_Gasoline,b2c--c61-1182
282,8318390-1,b2c-282,ft-86dd4,ft-ld3-Gas,1580,-122.20740921411743,47.97867025191261,1580.0,ld3_G_Gasoline,b2c--c61-1402
284,8318390-1,b2c-284,ft-59b56,ft-mdv-Dsl,1580,-122.20740921411743,47.97867025191261,1580.0,mdv_D_Diesel,b2c--c61-1418
288,8318389-2,b2c-288,ft-6d777,ft-ld1-Gas,1106,-122.20740921411743,47.97867025191261,1106.0,ld1_G_Gasoline,b2c--c61-1422
346,2331471-1,b2c-346,ft-37694,ft-ld3-Dsl,1455,-122.20740921411743,47.97867025191261,1455.0,ld3_D_Diesel,b2c--c61-1899
357,6849087-4,b2c-357,ft-60c7f,ft-ld1-Gas,1491,-122.20740921411743,47.97867025191261,1491.0,ld1_G_Gasoline,b2c--c61-2053
365,2331474-1,b2c-365,ft-be669,ft-ld3-Gas,1266,-122.20740921411743,47.97867025191261,1266.0,ld3_G_Gasoline,b2c--c61-2090
372,8318388-4,b2c-372,ft-c2f42,ft-ld3-Gas,2264,-122.20740921411743,47.97867025191261,2264.0,ld3_G_Gasoline,b2c--c61-2128
379,8318476-2,b2c-379,ft-ddc57,ft-ld1-Dsl,931,-122.20740921411743,47.97867025191261,931.0,ld1_D_Diesel,b2c--c61-2169
391,2327335-2,b2c-391,ft-b0579,ft-mdv-Gas,1580,-122.20740921411743,47.97867025191261,1580.0,mdv_G_Gasoline,b2c--c61-2238
394,2327337-1,b2c-394,ft-2cf4a,ft-ld1-Gas,1266,-122.20740921411743,47.97867025191261,1266.0,ld1_G_Gasoline,b2c--c61-2241
400,8318400-3,b2c-400,ft-cf439,ft-ld1-Gas,3854,-122.20740921411743,47.97867025191261,3854.0,ld1_G_Gasoline,b2c--c61-2267
402,8318400-3,b2c-402,ft-7806c,ft-mdv-Dsl,3854,-122.20740921411743,47.97867025191261,3854.0,mdv_D_Diesel,b2c--c61-2298
408,8318389-3,b2c-408,ft-fd747,ft-mdv-Gas,1106,-122.20740921411743,47.97867025191261,1106.0,mdv_G_Gasoline,b2c--c61-2436
411,8318382-2,b2c-411,ft-d2d5c,ft-ld1-Gas,1491,-122.20740921411743,47.97867025191261,1491.0,ld1_G_Gasoline,b2c--c61-2439
424,6849105-3,b2c-424,ft-4816e,ft-ld1-Gas,3793,-122.2450639119834,47.92334715174426,3793.0,ld1_G_Gasoline,b2c--c61-2475
427,6849105-3,b2c-427,ft-2bfc7,ft-ld1-Gas,3793,-122.2535813951001,47.92363599703762,3793.0,ld1_G_Gasoline,b2c--c61-2489
430,2327320-2,b2c-430,ft-8049,ft-ld1-Gas,1630,-122.2535813951001,47.92363599703762,1630.0,ld1_G_Gasoline,b2c--c61-2492
441,2327305-1,b2c-441,ft-7b948,ft-ld1-Dsl,1626,-122.2535813951001,47.92363599703762,1626.0,ld1_D_Diesel,b2c--c61-2596
442,2331443-1,b2c-442,ft-d1283,ft-ld3-Gas,1075,-122.33639511497468,48.27588885819264,1075.0,ld3_G_Gasoline,b2c--c61-2597
446,6849105-2,b2c-446,ft-82ef1,ft-ld1-Gas,3793,-122.31963939219717,47.89836411323076,3793.0,ld1_G_Gasoline,b2c--c61-2612
452,2327301-1,b2c-452,ft-b3f8d,ft-ld1-Gas,1197,-122.31963939219717,47.89836411323076,1197.0,ld1_G_Gasoline,b2c--c61-2662
453,2327305-2,b2c-453,ft-56dd4,ft-mdv-Gas,1626,-122.31963939219717,47.89836411323076,1626.0,mdv_G_Gasoline,b2c--c61-2663
462,8318401-1,b2c-462,ft-db628,ft-ld1-Gas,3606,-122.23706641279225,46.78408365659002,3606.0,ld1_G_Gasoline,b2c--c61-2727
469,2331446-1,b2c-469,ft-3e43a,ft-ld3-Dsl,2263,-122.14857433125184,47.78400962634667,2263.0,ld3_D_Diesel,b2c--c61-2765
475,2331448-2,b2c-475,ft-b3236,ft-mdv-Dsl,1300,-122.10226308744468,47.92855376131855,1300.0,mdv_D_Diesel,b2c--c61-2785
492,8318388-1,b2c-492,ft-66c69,ft-ld1-Gas,2264,-122.81375781184049,47.26489576985024,2264.0,ld1_G_Gasoline,b2c--c61-2886
509,2327303-3,b2c-509,ft-650a7,ft-ld1-Dsl,1606,-122.2437126928515,47.927543294624336,1606.0,ld1_D_Diesel,b2c--c61-2970
513,8318391-1,b2c-513,ft-7adf8,ft-ld3-Dsl,1595,-122.2437126928515,47.927543294624336,1595.0,ld3_D_Diesel,b2c--c61-3009
518,2327310-1,b2c-518,ft-4f6fc,ft-ld1-Gas,1530,-122.2437126928515,47.927543294624336,1530.0,ld1_G_Gasoline,b2c--c61-3024
520,2327333-2,b2c-520,ft-9c7e4,ft-ld1-Dsl,1144,-122.2437126928515,47.927543294624336,1144.0,ld1_D_Diesel,b2c--c61-3048
529,6849099-3,b2c-529,ft-fd340,ft-ld1-Gas,1595,-122.2437126928515,47.927543294624336,1595.0,ld1_G_Gasoline,b2c--c61-3099
533,6849099-3,b2c-533,ft-8243f,ft-ld1-Gas,1595,-122.5544249277511,47.049137874735855,1595.0,ld1_G_Gasoline,b2c--c61-3128
546,6849107-1,b2c-546,ft-93b25,ft-mdv-Dsl,3883,-121.5437370927352,47.12072649438632,3883.0,mdv_D_Diesel,b2c--c61-3238
577,8318476-1,b2c-577,ft-65fd4,ft-ld3-Gas,931,-121.31300181346782,48.04698207479564,931.0,ld3_G_Gasoline,b2c--c61-3485
601,8318401-4,b2c-601,ft-770c5,ft-ld1-Gas,3606,-122.60731041865166,47.92387571831771,3606.0,ld1_G_Gasoline,b2c--c61-3651
623,6849099-2,b2c-623,ft-75d36,ft-ld1-Dsl,1595,-122.11921310813587,47.805143777485924,1595.0,ld1_D_Diesel,b2c--c61-3900
626,2327334-3,b2c-626,ft-d0b63,ft-ld1-Gas,1283,-122.11921310813587,47.805143777485924,1283.0,ld1_G_Gasoline,b2c--c61-3932
628,2327322-3,b2c-628,ft-0728f,ft-ld1-Gas,1779,-122.2763276023368,47.907347692590974,1779.0,ld1_G_Gasoline,b2c--c61-3944
637,6849089-3,b2c-637,ft-d6049,ft-ld1-Gas,1367,-122.27980567598077,47.93877830004982,1367.0,ld1_G_Gasoline,b2c--c61-4036
655,2327327-2,b2c-655,ft-7744c,ft-ld1-Gas,1803,-122.2148462170804,47.98078363030425,1803.0,ld1_G_Gasoline,b2c--c61-4257
669,8318384-1,b2c-669,ft-ea20d,ft-ld1-Gas,1729,-122.20335554098985,47.79679577717888,1729.0,ld1_G_Gasoline,b2c--c61-4670
673,2327317-3,b2c-673,ft-8611b,ft-ld3-Dsl,1813,-122.23706641279225,46.78408365659002,1813.0,ld3_D_Diesel,b2c--c61-4720
678,6849093-4,b2c-678,ft-71e83,ft-ld1-Gas,2232,-122.27858433449603,47.899046791825725,2232.0,ld1_G_Gasoline,b2c--c61-4767
681,2331482-1,b2c-681,ft-093b8,ft-ld1-Gas,2362,-122.27858433449603,47.899046791825725,2362.0,ld1_G_Gasoline,b2c--c61-4802
691,2327326-1,b2c-691,ft-24f88,ft-ld1-Dsl,1752,-122.24802902540723,47.930462344419844,1752.0,ld1_D_Diesel,b2c--c61-4902
708,2331444-1,b2c-708,ft-34a6e,ft-ld1-Gas,1776,-122.20371470463961,47.7969630290018,1776.0,ld1_G_Gasoline,b2c--c61-5200
710,8385134-1,b2c-710,ft-506a9,ft-ld3-Dsl,1812,-122.17691432898094,48.1342506173404,1812.0,ld3_D_Diesel,b2c--c61-5239
745,6849106-3,b2c-745,ft-88cd0,ft-ld1-Dsl,3907,-122.17691432898094,48.1342506173404,3907.0,ld1_D_Diesel,b2c--c61-5620
753,2327325-3,b2c-753,ft-fc869,ft-ld1-Gas,2331,-122.17691432898094,48.1342506173404,2331.0,ld1_G_Gasoline,b2c--c61-5697
766,6849097-3,b2c-766,ft-b13f6,ft-ld1-Gas,1852,-122.17691432898094,48.1342506173404,1852.0,ld1_G_Gasoline,b2c--c61-5868
775,2331451-1,b2c-775,ft-6128f,ft-ld3-Dsl,1746,-122.77382693312865,47.188210163000925,1746.0,ld3_D_Diesel,b2c--c61-6114
794,2327307-3,b2c-794,ft-6481,ft-mdv-Dsl,2213,-122.24399754268248,47.92736881726144,2213.0,mdv_D_Diesel,b2c--c33-33
799,2327314-2,b2c-799,ft-34449,ft-mdv-Dsl,1106,-122.26050674283199,47.940648569026095,1106.0,mdv_D_Diesel,b2c--c33-69
814,8318476-3,b2c-814,ft-10af7,ft-ld3-Gas,931,-122.26050674283199,47.940648569026095,931.0,ld3_G_Gasoline,b2c--c33-139
819,8318476-3,b2c-819,ft-63287,ft-mdv-Dsl,931,-122.18351783055236,48.12429181428818,931.0,mdv_D_Diesel,b2c--c33-144
832,2327298-2,b2c-832,ft-4d06d,ft-mdv-Dsl,1345,-122.18351783055236,48.12429181428818,1345.0,mdv_D_Diesel,b2c--c33-186
838,8318390-4,b2c-838,ft-bb128,ft-mdv-Gas,1580,-122.17135826892655,48.11870455629089,1580.0,mdv_G_Gasoline,b2c--c33-211
842,8318390-4,b2c-842,ft-fccaa,ft-mdv-Dsl,1580,-122.10228964826,47.92912512045848,1580.0,mdv_D_Diesel,b2c--c33-215
850,8318390-4,b2c-850,ft-105c1,ft-ld1-Gas,1580,-122.10228964826,47.92912512045848,1580.0,ld1_G_Gasoline,b2c--c33-236
867,8318389-2,b2c-867,ft-dba8c,ft-ld1-Gas,1106,-122.10228964826,47.92912512045848,1106.0,ld1_G_Gasoline,b2c--c33-314
880,2327298-3,b2c-880,ft-df6c1,ft-ld1-Gas,1345,-122.10228964826,47.92912512045848,1345.0,ld1_G_Gasoline,b2c--c33-365
896,8318382-3,b2c-896,ft-86dc4,ft-mdv-Gas,1491,-122.10228964826,47.92912512045848,1491.0,mdv_G_Gasoline,b2c--c33-493
906,2327326-3,b2c-906,ft-5e1cd,ft-ld3-Dsl,1752,-122.10228964826,47.92912512045848,1752.0,ld3_D_Diesel,b2c--c33-515
909,8318386-4,b2c-909,ft-633fe,ft-ld1-Gas,1182,-122.10228964826,47.92912512045848,1182.0,ld1_G_Gasoline,b2c--c33-528
923,2327364-1,b2c-923,ft-10241,ft-ld1-Dsl,3662,-122.19548622670989,47.963900195218585,3662.0,ld1_D_Diesel,b2c--c33-557
927,2327310-2,b2c-927,ft-53c80,ft-mdv-Dsl,1530,-122.2530044995198,47.923772996649035,1530.0,mdv_D_Diesel,b2c--c33-572
928,2327310-2,b2c-928,ft-a34b6,ft-ld3-Gas,1530,-122.21659355995945,47.79647099152538,1530.0,ld3_G_Gasoline,b2c--c33-582
938,2327320-3,b2c-938,ft-af7e3,ft-mdv-Gas,1630,-122.2843071078695,47.88042525003015,1630.0,mdv_G_Gasoline,b2c--c33-623
948,8318476-1,b2c-948,ft-c3e69,ft-ld1-Dsl,931,-122.23706641279225,46.78408365659002,931.0,ld1_D_Diesel,b2c--c33-662
954,2331443-1,b2c-954,ft-c8aed,ft-ld1-Gas,1075,-122.23706641279225,46.78408365659002,1075.0,ld1_G_Gasoline,b2c--c33-689
977,6849090-3,b2c-977,ft-3f1cf,ft-ld3-Gas,1174,-122.23706641279225,46.78408365659002,1174.0,ld3_G_Gasoline,b2c--c33-740
983,6849088-3,b2c-983,ft-6269b,ft-ld1-Gas,1442,-122.37175814469856,48.24101885283303,1442.0,ld1_G_Gasoline,b2c--c33-747
1000,2331474-2,b2c-1000,ft-d7549,ft-ld1-Dsl,1266,-122.28264404087847,47.952049290975516,1266.0,ld1_D_Diesel,b2c--c33-800
1011,6849097-3,b2c-1011,ft-f87ff,ft-ld1-Gas,1852,-122.17831171864796,48.11749859788531,1852.0,ld1_G_Gasoline,b2c--c33-824
1021,6849564-3,b2c-1021,ft-a83bc,ft-ld1-Dsl,934,-122.2435744790798,47.92715585033081,934.0,ld1_D_Diesel,b2c--c33-846
1028,6849564-3,b2c-1028,ft-e5354,ft-ld1-Gas,934,-122.2435744790798,47.92715585033081,934.0,ld1_G_Gasoline,b2c--c33-866
1034,2331449-2,b2c-1034,ft-b1afa,ft-mdv-Dsl,1491,-122.60731041865166,47.92387571831771,1491.0,mdv_D_Diesel,b2c--c33-872
1037,2331454-1,b2c-1037,ft-1a8e7,ft-mdv-Dsl,1801,-122.23706641279225,46.78408365659002,1801.0,mdv_D_Diesel,b2c--c33-894
1067,8318389-4,b2c-1067,ft-f45f6,ft-ld1-Gas,1106,-122.14703728830244,47.78552664862416,1106.0,ld1_G_Gasoline,b2c--c33-996
1103,8318387-3,b2c-1103,ft-8985f,ft-ld1-Gas,1871,-122.37093627404924,48.2483017317002,1871.0,ld1_G_Gasoline,b2c--c33-1179
1109,2331457-1,b2c-1109,ft-4e8d1,ft-mdv-Gas,1106,-122.23706641279225,46.78408365659002,1106.0,mdv_G_Gasoline,b2c--c33-1214
1115,2327305-2,b2c-1115,ft-9ed8b,ft-ld3-Dsl,1626,-122.23706641279225,46.78408365659002,1626.0,ld3_D_Diesel,b2c--c33-1242
1120,2331461-1,b2c-1120,ft-f130d,ft-ld3-Dsl,1778,-122.23706641279225,46.78408365659002,1778.0,ld3_D_Diesel,b2c--c33-1266
1123,2327328-3,b2c-1123,ft-88181,ft-ld1-Gas,1174,-122.23706641279225,46.78408365659002,1174.0,ld1_G_Gasoline,b2c--c33-1280
1129,2331467-1,b2c-1129,ft-79491,ft-mdv-Gas,1773,-122.11158566870067,47.8021071105721,1773.0,mdv_G_Gasoline,b2c--c33-1305
1130,2331467-1,b2c-1130,ft-86819,ft-ld1-Gas,1773,-122.18207373114356,48.05922538405052,1773.0,ld1_G_Gasoline,b2c--c33-1314
1136,2327303-2,b2c-1136,ft-99936,ft-ld1-Gas,1606,-122.26053003794688,47.940532731661506,1606.0,ld1_G_Gasoline,b2c--c33-1343
1143,6849099-3,b2c-1143,ft-957df,ft-mdv-Dsl,1595,-122.26053003794688,47.940532731661506,1595.0,mdv_D_Diesel,b2c--c33-1361
1153,6849099-3,b2c-1153,ft-48159,ft-ld3-Dsl,1595,-122.00926933071764,47.86671266379285,1595.0,ld3_D_Diesel,b2c--c33-1384
1157,6849087-3,b2c-1157,ft-95104,ft-mdv-Dsl,1491,-122.26443770831386,47.93868700630548,1491.0,mdv_D_Diesel,b2c--c33-1389
1159,6849087-3,b2c-1159,ft-fcce4,ft-ld1-Gas,1491,-122.26443770831386,47.93868700630548,1491.0,ld1_G_Gasoline,b2c--c33-1391
1187,8318476-4,b2c-1187,ft-2b710,ft-ld1-Dsl,931,-122.26443770831386,47.93868700630548,931.0,ld1_D_Diesel,b2c--c33-1489
1196,2331453-2,b2c-1196,ft-bde86,ft-ld1-Dsl,1300,-122.23706641279225,46.78408365659002,1300.0,ld1_D_Diesel,b2c--c33-1507
1200,2327336-2,b2c-1200,ft-b8338,ft-ld1-Gas,1348,-122.21262586920015,47.79757283326849,1348.0,ld1_G_Gasoline,b2c--c33-1530
1202,2327336-2,b2c-1202,ft-cb154,ft-ld1-Gas,1348,-122.15356411700203,47.781944384246785,1348.0,ld1_G_Gasoline,b2c--c33-1532
1211,8318388-4,b2c-1211,ft-2e322,ft-ld1-Gas,2264,-121.7979171810727,47.86493242261868,2264.0,ld1_G_Gasoline,b2c--c33-1551
1235,6849564-4,b2c-1235,ft-8735a,ft-ld3-Dsl,934,-122.21280548199324,47.79771411624927,934.0,ld3_D_Diesel,b2c--c33-1657
1264,2327345-2,b2c-1264,ft-f3dd2,ft-ld3-Gas,1487,-122.1719769874398,48.00763113514073,1487.0,ld3_G_Gasoline,b2c--c33-1781
1267,6849104-1,b2c-1267,ft-c7c5b,ft-ld1-Dsl,3625,-122.14852183431093,48.1702557603626,3625.0,ld1_D_Diesel,b2c--c33-1794
1274,8318391-2,b2c-1274,ft-b077d,ft-ld1-Gas,1595,-121.99870756254165,47.868816173136885,1595.0,ld1_G_Gasoline,b2c--c33-1820
1275,8318391-2,b2c-1275,ft-6d96e,ft-ld1-Gas,1595,-122.32072518358449,47.80648877451488,1595.0,ld1_G_Gasoline,b2c--c33-1821
1281,2331461-2,b2c-1281,ft-62fed,ft-ld3-Gas,1778,-121.96844291811112,48.07955155130446,1778.0,ld3_G_Gasoline,b2c--c33-1845
1284,2331451-1,b2c-1284,ft-7a760,ft-ld3-Dsl,1746,-122.21159149793947,47.79979315346672,1746.0,ld3_D_Diesel,b2c--c33-1869
1294,6849095-2,b2c-1294,ft-73f7d,ft-ld3-Gas,1194,-122.21159149793947,47.79979315346672,1194.0,ld3_G_Gasoline,b2c--c33-1916
1302,2331446-2,b2c-1302,ft-d9448,ft-ld3-Dsl,2263,-122.21159149793947,47.79979315346672,2263.0,ld3_D_Diesel,b2c--c33-1960
1304,2327346-1,b2c-1304,ft-8520d,ft-mdv-Dsl,1626,-122.13644759871573,48.18684504698403,1626.0,mdv_D_Diesel,b2c--c33-1971
1314,2331475-1,b2c-1314,ft-29b06,ft-ld1-Gas,1226,-122.29519439952564,47.820942844237905,1226.0,ld1_G_Gasoline,b2c--c33-2011
1329,2327345-1,b2c-1329,ft-59772,ft-ld3-Gas,1487,-122.2747553831411,47.822901014644515,1487.0,ld3_G_Gasoline,b2c--c33-2077
1337,6849104-3,b2c-1337,ft-4e03b,ft-ld1-Gas,3625,-122.21653218946119,47.980557947791375,3625.0,ld1_G_Gasoline,b2c--c33-2105
1353,6849095-3,b2c-1353,ft-2969f,ft-ld1-Gas,1194,-122.21653218946119,47.980557947791375,1194.0,ld1_G_Gasoline,b2c--c33-2173
1374,8318389-3,b2c-1374,ft-b3518,ft-mdv-Dsl,1106,-122.21653218946119,47.980557947791375,1106.0,mdv_D_Diesel,b2c--c33-2206
1390,8318389-3,b2c-1390,ft-d0e68,ft-ld1-Gas,1106,-122.21653218946119,47.980557947791375,1106.0,ld1_G_Gasoline,b2c--c33-2326
1406,6849092-3,b2c-1406,ft-28f9c,ft-mdv-Dsl,2255,-122.21653218946119,47.980557947791375,2255.0,mdv_D_Diesel,b2c--c33-2392
1448,8318388-1,b2c-1448,ft-e83a8,ft-ld3-Dsl,2264,-122.21653218946119,47.980557947791375,2264.0,ld3_D_Diesel,b2c--c33-2523
1452,2331448-2,b2c-1452,ft-6e6f8,ft-ld1-Dsl,1300,-122.23706641279225,46.78408365659002,1300.0,ld1_D_Diesel,b2c--c33-2536
1463,6849090-4,b2c-1463,ft-be774,ft-ld3-Gas,1174,-122.20280621119525,47.79620472353999,1174.0,ld3_G_Gasoline,b2c--c33-2589
1465,6849093-3,b2c-1465,ft-84d1b,ft-mdv-Dsl,2232,-122.23706641279225,46.78408365659002,2232.0,mdv_D_Diesel,b2c--c33-2591
1486,8318401-4,b2c-1486,ft-54ca4,ft-ld1-Gas,3606,-122.26852004000054,47.90069326967236,3606.0,ld1_G_Gasoline,b2c--c33-2657
1488,2327322-2,b2c-1488,ft-5a569,ft-ld1-Gas,1779,-122.26852004000054,47.90069326967236,1779.0,ld1_G_Gasoline,b2c--c33-2668
1489,2327322-2,b2c-1489,ft-0874a,ft-ld3-Dsl,1779,-122.26852004000054,47.90069326967236,1779.0,ld3_D_Diesel,b2c--c33-2669
1494,6849089-3,b2c-1494,ft-bc4ae,ft-mdv-Gas,1367,-122.26852004000054,47.90069326967236,1367.0,mdv_G_Gasoline,b2c--c33-2685
1499,6849089-3,b2c-1499,ft-97984,ft-ld3-Gas,1367,-122.5544249277511,47.049137874735855,1367.0,ld3_G_Gasoline,b2c--c33-2690
1512,2327367-1,b2c-1512,ft-049ca,ft-ld1-Dsl,3433,-122.06342798085213,48.018406191544535,3433.0,ld1_D_Diesel,b2c--c33-2714
1513,2327367-1,b2c-1513,ft-3ade8,ft-mdv-Dsl,3433,-122.25143388215399,47.847946079450374,3433.0,mdv_D_Diesel,b2c--c33-2715
1522,8385134-1,b2c-1522,ft-985ec,ft-mdv-Gas,1812,-122.25143388215399,47.847946079450374,1812.0,mdv_G_Gasoline,b2c--c33-2737
1523,8385134-1,b2c-1523,ft-3f252,ft-ld1-Gas,1812,-122.26466964097827,47.9387278356414,1812.0,ld1_G_Gasoline,b2c--c33-2738
1525,8385134-1,b2c-1525,ft-5b289,ft-ld3-Dsl,1812,-122.18926817414699,48.05233871684136,1812.0,ld3_D_Diesel,b2c--c33-2740
1537,2331471-1,b2c-1537,ft-10411,ft-mdv-Gas,1455,-122.18926817414699,48.05233871684136,1455.0,mdv_G_Gasoline,b2c--c33-2782
1543,2327315-2,b2c-1543,ft-ef98b,ft-ld3-Dsl,1526,-122.18926817414699,48.05233871684136,1526.0,ld3_D_Diesel,b2c--c33-2809
1569,2327314-1,b2c-1569,ft-76fd5,ft-ld3-Gas,1106,-122.18926817414699,48.05233871684136,1106.0,ld3_G_Gasoline,b2c--c33-2885
1570,2327314-1,b2c-1570,ft-9893a,ft-ld1-Dsl,1106,-122.18926817414699,48.05233871684136,1106.0,ld1_D_Diesel,b2c--c33-2895
1573,2331459-1,b2c-1573,ft-101c5,ft-ld1-Gas,1182,-122.22852671734967,48.040764442218915,1182.0,ld1_G_Gasoline,b2c--c33-2908
1578,6849089-2,b2c-1578,ft-f03fa,ft-ld3-Dsl,1367,-122.23706641279225,46.78408365659002,1367.0,ld3_D_Diesel,b2c--c33-2922
1581,8318389-1,b2c-1581,ft-2e83b,ft-ld1-Gas,1106,-122.32997723342703,48.24000622875307,1106.0,ld1_G_Gasoline,b2c--c33-2944
1584,8318389-1,b2c-1584,ft-46c2f,ft-ld3-Dsl,1106,-122.32997723342703,48.24000622875307,1106.0,ld3_D_Diesel,b2c--c33-2947
1585,8318389-1,b2c-1585,ft-48158,ft-mdv-Dsl,1106,-122.32997723342703,48.24000622875307,1106.0,mdv_D_Diesel,b2c--c33-2948
1595,8318390-2,b2c-1595,ft-6ba61,ft-ld1-Gas,1580,-122.32997723342703,48.24000622875307,1580.0,ld1_G_Gasoline,b2c--c33-2968
1616,8318401-1,b2c-1616,ft-e5162,ft-ld1-Gas,3606,-122.32997723342703,48.24000622875307,3606.0,ld1_G_Gasoline,b2c--c33-3044
1619,2327365-1,b2c-1619,ft-703b5,ft-ld1-Gas,3629,-122.32997723342703,48.24000622875307,3629.0,ld1_G_Gasoline,b2c--c33-3047
1626,2331473-1,b2c-1626,ft-234bc,ft-ld1-Gas,2254,-122.32997723342703,48.24000622875307,2254.0,ld1_G_Gasoline,b2c--c33-3074
1635,8318401-3,b2c-1635,ft-e7375,ft-ld3-Dsl,3606,-122.32997723342703,48.24000622875307,3606.0,ld3_D_Diesel,b2c--c33-3114
1657,8318387-4,b2c-1657,ft-5887,ft-ld3-Gas,1871,-122.24382976238698,47.92735150667002,1871.0,ld3_G_Gasoline,b2c--c33-3182
1664,8318387-4,b2c-1664,ft-e84c3,ft-ld3-Gas,1871,-122.31716080127299,47.80540261192333,1871.0,ld3_G_Gasoline,b2c--c33-3200
1679,8318396-1,b2c-1679,ft-30631,ft-ld3-Dsl,3164,-122.2538204315959,48.044636475629886,3164.0,ld3_D_Diesel,b2c--c33-3264
1682,2331476-1,b2c-1682,ft-52465,ft-ld3-Dsl,1192,-122.2538204315959,48.044636475629886,1192.0,ld3_D_Diesel,b2c--c33-3278
1685,6849565-3,b2c-1685,ft-e4392,ft-ld1-Gas,1388,-122.22035534444593,47.857636823106205,1388.0,ld1_G_Gasoline,b2c--c33-3282
1695,6849565-3,b2c-1695,ft-ed973,ft-mdv-Gas,1388,-122.2536579618544,47.92387858500553,1388.0,mdv_G_Gasoline,b2c--c33-3305
1734,2327302-2,b2c-1734,ft-f5200,ft-ld1-Dsl,1468,-122.33572500569446,47.80052267651231,1468.0,ld1_D_Diesel,b2c--c33-3432
1735,2327302-2,b2c-1735,ft-a4c6d,ft-mdv-Gas,1468,-121.79539476415168,47.865800841499706,1468.0,mdv_G_Gasoline,b2c--c33-3433
1739,2327327-1,b2c-1739,ft-dfedf,ft-ld1-Gas,1803,-122.37093627404924,48.2483017317002,1803.0,ld1_G_Gasoline,b2c--c33-3446
1741,2327332-2,b2c-1741,ft-a1ef0,ft-mdv-Gas,1943,-122.33639511497468,48.27588885819264,1943.0,mdv_G_Gasoline,b2c--c33-3458
1743,2327332-2,b2c-1743,ft-71aca,ft-mdv-Dsl,1943,-122.17687652971779,48.11516206738686,1943.0,mdv_D_Diesel,b2c--c33-3469
1750,2327348-3,b2c-1750,ft-7a7f6,ft-ld3-Dsl,1821,-122.31982394499023,47.898375192777024,1821.0,ld3_D_Diesel,b2c--c33-3515
1762,8318382-1,b2c-1762,ft-3cfbf,ft-ld1-Gas,1491,-122.37093627404924,48.2483017317002,1491.0,ld1_G_Gasoline,b2c--c33-3566
1769,8318382-1,b2c-1769,ft-d5a66,ft-mdv-Dsl,1491,-122.23706641279225,46.78408365659002,1491.0,mdv_D_Diesel,b2c--c33-3584
1797,8385134-4,b2c-1797,ft-1849,ft-ld1-Gas,1812,-122.33660082838128,48.2094065944253,1812.0,ld1_G_Gasoline,b2c--c33-3702
1804,2327299-2,b2c-1804,ft-a1c36,ft-ld3-Gas,1806,-122.13678019327364,48.18086938438905,1806.0,ld3_G_Gasoline,b2c--c33-3711
1809,8318390-3,b2c-1809,ft-c3f0e,ft-ld1-Gas,1580,-122.13678019327364,48.18086938438905,1580.0,ld1_G_Gasoline,b2c--c33-3727
1812,8318390-3,b2c-1812,ft-00a42,ft-mdv-Dsl,1580,-121.99953959597016,47.86613749515651,1580.0,mdv_D_Diesel,b2c--c33-3832
1814,8318390-3,b2c-1814,ft-b5118,ft-ld1-Gas,1580,-122.23706641279225,46.78408365659002,1580.0,ld1_G_Gasoline,b2c--c33-3834
1820,8318390-3,b2c-1820,ft-5d0ea,ft-ld1-Dsl,1580,-122.00552190890092,47.86552960988121,1580.0,ld1_D_Diesel,b2c--c33-3840
1823,8318390-3,b2c-1823,ft-8967c,ft-mdv-Gas,1580,-122.32970484092891,47.79643686899862,1580.0,mdv_G_Gasoline,b2c--c33-3843
1840,8385134-2,b2c-1840,ft-88928,ft-ld1-Gas,1812,-122.32970484092891,47.79643686899862,1812.0,ld1_G_Gasoline,b2c--c33-3861
1843,8385134-2,b2c-1843,ft-41b79,ft-mdv-Gas,1812,-122.32970484092891,47.79643686899862,1812.0,mdv_G_Gasoline,b2c--c33-3874
1844,8385134-2,b2c-1844,ft-141cd,ft-ld1-Gas,1812,-122.26589761460147,47.82333719524684,1812.0,ld1_G_Gasoline,b2c--c33-3875
1861,8318386-3,b2c-1861,ft-4fe51,ft-ld3-Dsl,1182,-122.23706641279225,46.78408365659002,1182.0,ld3_D_Diesel,b2c--c33-3903
1903,2331470-1,b2c-1903,ft-910cc,ft-ld3-Dsl,2145,-122.1796905377176,48.02230664623545,2145.0,ld3_D_Diesel,b2c--c33-4200
1918,2331477-1,b2c-1918,ft-65c0b,ft-ld1-Gas,1975,-122.23706641279225,46.78408365659002,1975.0,ld1_G_Gasoline,b2c--c33-4265
1945,2327339-2,b2c-1945,ft-136da,ft-ld3-Dsl,1874,-122.37093627404924,48.2483017317002,1874.0,ld3_D_Diesel,b2c--c33-4414
1950,2327332-3,b2c-1950,ft-617d1,ft-ld3-Gas,1943,-122.31517379621586,47.809326182553846,1943.0,ld3_G_Gasoline,b2c--c33-4438
1954,8318391-4,b2c-1954,ft-f6645,ft-ld1-Gas,1595,-122.31517379621586,47.809326182553846,1595.0,ld1_G_Gasoline,b2c--c33-4453
1956,8318391-4,b2c-1956,ft-ac3c9,ft-ld1-Gas,1595,-122.19595903581606,47.79147776100862,1595.0,ld1_G_Gasoline,b2c--c33-4464
1965,8318391-4,b2c-1965,ft-be4e6,ft-ld1-Gas,1595,-122.19595903581606,47.79147776100862,1595.0,ld1_G_Gasoline,b2c--c33-4473
1982,8318388-3,b2c-1982,ft-39271,ft-ld1-Gas,2264,-122.23706641279225,46.78408365659002,2264.0,ld1_G_Gasoline,b2c--c33-4593
1983,8318388-3,b2c-1983,ft-b08bf,ft-ld1-Gas,2264,-122.1768799176216,48.11521199703545,2264.0,ld1_G_Gasoline,b2c--c33-4594
2004,8392715-1,b2c-2004,ft-8abcc,ft-ld1-Gas,2206,-122.1768799176216,48.11521199703545,2206.0,ld1_G_Gasoline,b2c--c33-4667
2011,8392715-1,b2c-2011,ft-318a0,ft-ld1-Gas,2206,-122.1768799176216,48.11521199703545,2206.0,ld1_G_Gasoline,b2c--c33-4674
2014,8392715-1,b2c-2014,ft-808dc,ft-ld3-Dsl,2206,-122.1768799176216,48.11521199703545,2206.0,ld3_D_Diesel,b2c--c33-4826
2046,2327319-2,b2c-2046,ft-cb620,ft-ld1-Gas,1491,-122.17948706795997,48.02218030917801,1491.0,ld1_G_Gasoline,b2c--c33-4936
2051,2327300-1,b2c-2051,ft-54f22,ft-ld3-Gas,1847,-122.5544249277511,47.049137874735855,1847.0,ld3_G_Gasoline,b2c--c33-4963
2054,2331453-1,b2c-2054,ft-c1e50,ft-ld1-Gas,1300,-122.5544249277511,47.049137874735855,1300.0,ld1_G_Gasoline,b2c--c33-4986
2062,2327346-2,b2c-2062,ft-b77a0,ft-ld1-Gas,1626,-122.20864272578235,47.981975048977255,1626.0,ld1_G_Gasoline,b2c--c33-5010
2063,2327346-2,b2c-2063,ft-8fb37,ft-ld3-Dsl,1626,-122.23167882131084,47.93644366208682,1626.0,ld3_D_Diesel,b2c--c33-5011
2083,8318387-1,b2c-2083,ft-64e26,ft-ld1-Gas,1871,-122.23167882131084,47.93644366208682,1871.0,ld1_G_Gasoline,b2c--c33-5092
2116,8318390-1,b2c-2116,ft-fb0cb,ft-ld3-Dsl,1580,-122.81375781184049,47.26489576985024,1580.0,ld3_D_Diesel,b2c--c33-5236
2120,8318390-1,b2c-2120,ft-77a68,ft-ld1-Gas,1580,-122.23706641279225,46.78408365659002,1580.0,ld1_G_Gasoline,b2c--c33-5240
2126,2327318-1,b2c-2126,ft-4e2ad,ft-ld3-Gas,2161,-122.23706641279225,46.78408365659002,2161.0,ld3_G_Gasoline,b2c--c33-5256
2134,8318396-4,b2c-2134,ft-b65f5,ft-ld3-Gas,3164,-122.23706641279225,46.78408365659002,3164.0,ld3_G_Gasoline,b2c--c33-5295
2153,2327307-2,b2c-2153,ft-96ba7,ft-ld1-Gas,2213,-122.24587004442508,48.23867829365584,2213.0,ld1_G_Gasoline,b2c--c33-5333
2176,2327349-1,b2c-2176,ft-64387,ft-ld3-Dsl,2355,-122.24587004442508,48.23867829365584,2355.0,ld3_D_Diesel,b2c--c33-6990
2179,2331468-1,b2c-2179,ft-78420,ft-ld1-Gas,1379,-122.24587004442508,48.23867829365584,1379.0,ld1_G_Gasoline,b2c--c33-7003
2213,2327327-2,b2c-2213,ft-ad8e7,ft-ld1-Gas,1803,-122.2712395082924,48.21103505921182,1803.0,ld1_G_Gasoline,b2c--c33-7164
2223,8318391-1,b2c-2223,ft-ab78f,ft-ld3-Gas,1595,-122.2712395082924,48.21103505921182,1595.0,ld3_G_Gasoline,b2c--c33-7204
2228,8392715-2,b2c-2228,ft-3fdfc,ft-ld3-Gas,2206,-122.25668757911068,48.21639452100822,2206.0,ld3_G_Gasoline,b2c--c33-7209
2231,8392715-2,b2c-2231,ft-4c6ca,ft-ld3-Gas,2206,-122.21979289754186,48.2126937875391,2206.0,ld3_G_Gasoline,b2c--c33-7212
2233,8392715-2,b2c-2233,ft-14134,ft-mdv-Gas,2206,-121.94377713176313,48.24343596166507,2206.0,mdv_G_Gasoline,b2c--c33-7214
2234,8392715-2,b2c-2234,ft-a8680,ft-ld1-Dsl,2206,-121.91344902669101,48.013509144578656,2206.0,ld1_D_Diesel,b2c--c33-7215
2244,2327331-3,b2c-2244,ft-9d6ec,ft-ld3-Gas,1904,-121.91344902669101,48.013509144578656,1904.0,ld3_G_Gasoline,b2c--c33-7329
2249,8318384-2,b2c-2249,ft-adaca,ft-ld1-Gas,1729,-122.24587004442508,48.23867829365584,1729.0,ld1_G_Gasoline,b2c--c33-7343
2250,8318384-2,b2c-2250,ft-533f9,ft-ld3-Dsl,1729,-122.77382693312865,47.188210163000925,1729.0,ld3_D_Diesel,b2c--c33-7344
2253,8318384-2,b2c-2253,ft-51ea1,ft-ld3-Gas,1729,-122.77382693312865,47.188210163000925,1729.0,ld3_G_Gasoline,b2c--c33-7356
2257,2331456-2,b2c-2257,ft-2c15b,ft-ld1-Dsl,1791,-122.77382693312865,47.188210163000925,1791.0,ld1_D_Diesel,b2c--c33-7381
2285,8318384-4,b2c-2285,ft-e3daa,ft-ld1-Gas,1729,-122.77382693312865,47.188210163000925,1729.0,ld1_G_Gasoline,b2c--c33-7464
2291,2327331-1,b2c-2291,ft-cda69,ft-ld1-Dsl,1904,-122.77382693312865,47.188210163000925,1904.0,ld1_D_Diesel,b2c--c33-7481
2327,6849091-3,b2c-2327,ft-c3a00,ft-ld1-Dsl,2315,-122.77382693312865,47.188210163000925,2315.0,ld1_D_Diesel,b2c--c33-7585
2362,8392715-4,b2c-2362,ft-2818,ft-ld1-Gas,2206,-122.5544249277511,47.049137874735855,2206.0,ld1_G_Gasoline,b2c--c33-7943
2384,8318385-3,b2c-2384,ft-d69a1,ft-ld1-Gas,2080,-121.95097741301124,48.10822314061381,2080.0,ld1_G_Gasoline,b2c--c33-8215
2395,8318385-3,b2c-2395,ft-cf33a,ft-ld1-Gas,2080,-121.95097741301124,48.10822314061381,2080.0,ld1_G_Gasoline,b2c--c33-8334
2399,2331462-1,b2c-2399,ft-9207,ft-mdv-Dsl,1941,-122.5544249277511,47.049137874735855,1941.0,mdv_D_Diesel,b2c--c33-8339
2410,2327342-2,b2c-2410,ft-d6976,ft-mdv-Dsl,2050,-121.95519763700993,48.11675932287177,2050.0,mdv_D_Diesel,b2c--c33-8382
2435,8318387-2,b2c-2435,ft-3df67,ft-ld1-Gas,1871,-121.95519763700993,48.11675932287177,1871.0,ld1_G_Gasoline,b2c--c33-8490
2439,8318387-2,b2c-2439,ft-a41b5,ft-ld1-Gas,1871,-122.37093627404924,48.2483017317002,1871.0,ld1_G_Gasoline,b2c--c33-8504
2442,6849094-2,b2c-2442,ft-4c53e,ft-mdv-Dsl,2125,-122.33639511497468,48.27588885819264,2125.0,mdv_D_Diesel,b2c--c33-8518
2443,8318396-3,b2c-2443,ft-37261,ft-ld1-Gas,3164,-122.34183800719136,46.92931107282429,3164.0,ld1_G_Gasoline,b2c--c33-8529
2449,8318383-2,b2c-2449,ft-66a7f,ft-ld3-Gas,2125,-121.97943360260854,48.08582229647508,2125.0,ld3_G_Gasoline,b2c--c33-8600
2458,6849096-3,b2c-2458,ft-2137e,ft-ld1-Gas,2142,-121.97943360260854,48.08582229647508,2142.0,ld1_G_Gasoline,b2c--c33-8621
2468,2327338-2,b2c-2468,ft-04cfe,ft-ld1-Gas,2049,-121.97943360260854,48.08582229647508,2049.0,ld1_G_Gasoline,b2c--c33-8648
2478,8318394-3,b2c-2478,ft-41bc5,ft-mdv-Dsl,3281,-121.59980244135913,48.26861015868283,3281.0,mdv_D_Diesel,b2c--c33-8701
2497,2327330-2,b2c-2497,ft-966e4,ft-mdv-Dsl,2178,-121.59980244135913,48.26861015868283,2178.0,mdv_D_Diesel,b2c--c33-8765
2508,8318383-3,b2c-2508,ft-90dff,ft-ld3-Dsl,2125,-121.59980244135913,48.26861015868283,2125.0,ld3_D_Diesel,b2c--c33-8818
2529,2327354-1,b2c-2529,ft-bff84,ft-ld1-Gas,3252,-121.59980244135913,48.26861015868283,3252.0,ld1_G_Gasoline,b2c--c33-8979
2534,8318397-3,b2c-2534,ft-82a6f,ft-mdv-Gas,3291,-121.97943360260854,48.08582229647508,3291.0,mdv_G_Gasoline,b2c--c33-8995
2539,8318397-3,b2c-2539,ft-4ef7e,ft-mdv-Dsl,3291,-121.59980244135913,48.26861015868283,3291.0,mdv_D_Diesel,b2c--c33-9036
2548,2331491-1,b2c-2548,ft-68873,ft-mdv-Gas,3250,-122.34183800719136,46.92931107282429,3250.0,mdv_G_Gasoline,b2c--c33-9056
2562,8318383-1,b2c-2562,ft-29489,ft-ld3-Gas,2125,-122.31709908361958,47.80552061898629,2125.0,ld3_G_Gasoline,b2c--c33-9114
2570,8318383-4,b2c-2570,ft-5f7ae,ft-ld3-Gas,2125,-121.31300181346782,48.04698207479564,2125.0,ld3_G_Gasoline,b2c--c33-9133
2578,8318383-4,b2c-2578,ft-e3ee8,ft-ld1-Dsl,2125,-122.2442571764638,47.927742592855914,2125.0,ld1_D_Diesel,b2c--c33-9155
2580,8318397-1,b2c-2580,ft-85b78,ft-ld1-Gas,3291,-122.5544249277511,47.049137874735855,3291.0,ld1_G_Gasoline,b2c--c33-9159
2587,6849094-3,b2c-2587,ft-0550a,ft-ld3-Gas,2125,-121.98068086552985,48.09193683717079,2125.0,ld3_G_Gasoline,b2c--c33-9189
2611,6849566-2,b2c-2611,ft-b343f,ft-mdv-Gas,2931,-122.5544249277511,47.049137874735855,2931.0,mdv_G_Gasoline,b2c--c33-9259
2633,8318385-4,b2c-2633,ft-5bc55,ft-ld3-Gas,2080,-122.32000344707343,47.898290269190014,2080.0,ld3_G_Gasoline,b2c--c33-9377
2638,8318385-4,b2c-2638,ft-31ac7,ft-ld1-Gas,2080,-122.26441045756675,47.8964769203352,2080.0,ld1_G_Gasoline,b2c--c33-9392
2654,2327340-1,b2c-2654,ft-5169a,ft-ld1-Dsl,2325,-122.20747376683816,47.80613764487035,2325.0,ld1_D_Diesel,b2c--c33-9421
2655,2331497-1,b2c-2655,ft-20814,ft-ld1-Gas,3803,-122.25806609485024,47.94187722322727,3803.0,ld1_G_Gasoline,b2c--c33-9432
2658,2327371-1,b2c-2658,ft-811db,ft-mdv-Gas,3711,-122.17950307633052,48.02224996060587,3711.0,mdv_G_Gasoline,b2c--c33-9456
2675,6849566-3,b2c-2675,ft-7aea1,ft-mdv-Dsl,2931,-122.17950307633052,48.02224996060587,2931.0,mdv_D_Diesel,b2c--c33-9537
2685,2327358-1,b2c-2685,ft-e13cc,ft-mdv-Dsl,3007,-121.5437370927352,47.12072649438632,3007.0,mdv_D_Diesel,b2c--c33-9578
2699,2331489-1,b2c-2699,ft-b912c,ft-ld3-Dsl,3062,-122.23706641279225,46.78408365659002,3062.0,ld3_D_Diesel,b2c--c33-9651
2706,2327359-1,b2c-2706,ft-abb63,ft-ld1-Gas,2980,-122.23706641279225,46.78408365659002,2980.0,ld1_G_Gasoline,b2c--c33-9691
2726,2327353-1,b2c-2726,ft-566ff,ft-ld1-Gas,3073,-122.18385772359981,48.03363801228885,3073.0,ld1_G_Gasoline,b2c--c33-9808
2735,8318395-2,b2c-2735,ft-d715d,ft-ld1-Gas,3105,-122.25675044838584,47.847543164459054,3105.0,ld1_G_Gasoline,b2c--c33-9841
2742,2327350-1,b2c-2742,ft-4686,ft-ld3-Dsl,3110,-122.20813756649108,47.99975495838594,3110.0,ld3_D_Diesel,b2c--c33-9871
2747,8318398-2,b2c-2747,ft-158c5,ft-ld1-Gas,3184,-122.22067908047016,47.80288259654805,3184.0,ld1_G_Gasoline,b2c--c33-9912
2752,8318398-1,b2c-2752,ft-1845e,ft-ld3-Gas,3184,-122.22067908047016,47.80288259654805,3184.0,ld3_G_Gasoline,b2c--c33-9989
2758,6849105-3,b2c-2758,ft-ad47c,ft-ld1-Dsl,3793,-122.17865681263208,47.99850932478484,3793.0,ld1_D_Diesel,b2c--c33-10077
2763,2327337-1,b2c-2763,ft-b3396,ft-ld3-Gas,1266,-122.21140360845732,47.799548153529585,1266.0,ld3_G_Gasoline,b2c--c53-34
2767,8318394-4,b2c-2767,ft-8e746,ft-mdv-Dsl,3281,-122.00535854140436,47.86572054334583,3281.0,mdv_D_Diesel,b2c--c53-49
2774,8318385-1,b2c-2774,ft-d90dd,ft-ld1-Gas,2080,-122.00535854140436,47.86572054334583,2080.0,ld1_G_Gasoline,b2c--c53-91
2775,8318385-1,b2c-2775,ft-b0805,ft-ld1-Gas,2080,-122.00535854140436,47.86572054334583,2080.0,ld1_G_Gasoline,b2c--c53-92
2782,8318397-4,b2c-2782,ft-465ad,ft-ld1-Gas,3291,-122.14806955460804,48.17086268059573,3291.0,ld1_G_Gasoline,b2c--c53-111
2784,8318397-4,b2c-2784,ft-826df,ft-ld1-Gas,3291,-122.14806955460804,48.17086268059573,3291.0,ld1_G_Gasoline,b2c--c53-124
2786,2331477-1,b2c-2786,ft-f23e2,ft-ld1-Gas,1975,-122.14806955460804,48.17086268059573,1975.0,ld1_G_Gasoline,b2c--c53-126
2812,8318396-3,b2c-2812,ft-3793c,ft-ld3-Gas,3164,-122.14806955460804,48.17086268059573,3164.0,ld3_G_Gasoline,b2c--c53-227
2813,2331474-1,b2c-2813,ft-c192e,ft-mdv-Dsl,1266,-122.14806955460804,48.17086268059573,1266.0,mdv_D_Diesel,b2c--c53-242
2848,8318394-3,b2c-2848,ft-67c24,ft-ld1-Gas,3281,-122.12524459379807,47.82671845782202,3281.0,ld1_G_Gasoline,b2c--c53-377
2878,8318398-3,b2c-2878,ft-7d397,ft-ld3-Dsl,3184,-122.00153796650059,47.849650019965146,3184.0,ld3_D_Diesel,b2c--c53-580
2882,8318398-3,b2c-2882,ft-13ff7,ft-ld3-Dsl,3184,-122.23706641279225,46.78408365659002,3184.0,ld3_D_Diesel,b2c--c53-605
2893,2327348-1,b2c-2893,ft-7599e,ft-ld1-Gas,1821,-122.15089997478691,48.15649523919702,1821.0,ld1_G_Gasoline,b2c--c53-617
2910,6849096-2,b2c-2910,ft-d56a7,ft-ld3-Gas,2142,-122.15089997478691,48.15649523919702,2142.0,ld3_G_Gasoline,b2c--c53-977
2926,8318387-4,b2c-2926,ft-5dc5f,ft-ld3-Dsl,1871,-122.15089997478691,48.15649523919702,1871.0,ld3_D_Diesel,b2c--c53-1060
2932,8318387-4,b2c-2932,ft-8f16a,ft-ld1-Gas,1871,-122.15089997478691,48.15649523919702,1871.0,ld1_G_Gasoline,b2c--c53-1086
2945,6849096-3,b2c-2945,ft-39410,ft-ld1-Gas,2142,-121.72143130314798,48.28413580616391,2142.0,ld1_G_Gasoline,b2c--c53-1146
2960,8318397-3,b2c-2960,ft-59afe,ft-ld1-Gas,3291,-122.3122361009677,47.82823196333998,3291.0,ld1_G_Gasoline,b2c--c53-1202
2962,8318397-3,b2c-2962,ft-43631,ft-ld1-Gas,3291,-122.14839077795033,48.17104852749387,3291.0,ld1_G_Gasoline,b2c--c53-1205
2980,2331459-2,b2c-2980,ft-97981,ft-ld1-Dsl,1182,-122.11151213306398,47.80232904971069,1182.0,ld1_D_Diesel,b2c--c53-1254
3004,6849096-4,b2c-3004,ft-03fad,ft-ld1-Gas,2142,-121.81568795147703,47.86220422918021,2142.0,ld1_G_Gasoline,b2c--c53-3008
3007,2331466-2,b2c-3007,ft-b2a86,ft-mdv-Dsl,2086,-122.21875416642244,47.911150624656166,2086.0,mdv_D_Diesel,b2c--c53-3020
3019,2327326-1,b2c-3019,ft-6de8a,ft-ld1-Gas,1752,-122.18024210996315,48.05998665071016,1752.0,ld1_G_Gasoline,b2c--c53-3098
3025,8385134-2,b2c-3025,ft-3236d,ft-mdv-Dsl,1812,-122.18024210996315,48.05998665071016,1812.0,mdv_D_Diesel,b2c--c53-3126
3031,2331491-1,b2c-3031,ft-f3805,ft-ld1-Gas,3250,-122.14166401876739,48.16641848507241,3250.0,ld1_G_Gasoline,b2c--c53-3144
3034,2327313-3,b2c-3034,ft-ea2e2,ft-ld3-Dsl,1939,-122.2393422364185,47.87880929060386,1939.0,ld3_D_Diesel,b2c--c53-3158
3044,8385134-1,b2c-3044,ft-18990,ft-ld1-Gas,1812,-122.25333421863927,47.92376449718981,1812.0,ld1_G_Gasoline,b2c--c53-3257
3071,8318393-3,b2c-3071,ft-d6c00,ft-mdv-Gas,3003,-122.02878887800085,48.10921929354915,3003.0,mdv_G_Gasoline,b2c--c53-3302
3076,2327297-2,b2c-3076,ft-a7c0a,ft-ld1-Dsl,1810,-122.5544249277511,47.049137874735855,1810.0,ld1_D_Diesel,b2c--c53-3317
3094,8318395-3,b2c-3094,ft-ce134,ft-mdv-Gas,3105,-122.30103292350968,47.20925891016092,3105.0,mdv_G_Gasoline,b2c--c53-3349
3100,8318395-3,b2c-3100,ft-d97bd,ft-ld1-Gas,3105,-122.15089997478691,48.15649523919702,3105.0,ld1_G_Gasoline,b2c--c53-3371
3120,2327351-1,b2c-3120,ft-8345b,ft-mdv-Dsl,2953,-122.15089997478691,48.15649523919702,2953.0,mdv_D_Diesel,b2c--c53-3442
3126,8318385-4,b2c-3126,ft-cb0d0,ft-mdv-Gas,2080,-122.33357597282178,47.58797849383613,2080.0,mdv_G_Gasoline,b2c--c53-3459
3143,6849565-3,b2c-3143,ft-64a98,ft-mdv-Dsl,1388,-122.30599316266803,47.831685272487206,1388.0,mdv_D_Diesel,b2c--c53-3488
3149,2331490-1,b2c-3149,ft-490ad,ft-ld1-Gas,2889,-122.03622975747756,48.11789431408953,2889.0,ld1_G_Gasoline,b2c--c53-3538
3165,2327356-1,b2c-3165,ft-41eee,ft-ld1-Gas,2868,-122.57486450141752,47.80206716562218,2868.0,ld1_G_Gasoline,b2c--c53-3599
3173,6849566-4,b2c-3173,ft-7fff4,ft-mdv-Dsl,2931,-122.18921914405846,48.15037009988364,2931.0,mdv_D_Diesel,b2c--c53-3638
3197,2327354-1,b2c-3197,ft-e14f6,ft-ld1-Gas,3252,-122.26281537034927,47.939353533114726,3252.0,ld1_G_Gasoline,b2c--c53-3764
3203,2327334-2,b2c-3203,ft-a311d,ft-ld3-Gas,1283,-122.3627302430383,47.65670531200268,1283.0,ld3_G_Gasoline,b2c--c53-3816
3208,2331452-1,b2c-3208,ft-48978,ft-ld1-Gas,2105,-122.68285707168815,47.70690384575886,2105.0,ld1_G_Gasoline,b2c--c53-3842
3220,2327344-2,b2c-3220,ft-cef5b,ft-ld1-Gas,2123,-122.21875416642244,47.911150624656166,2123.0,ld1_G_Gasoline,b2c--c53-3907
3254,2327359-1,b2c-3254,ft-49922,ft-ld1-Gas,2980,-122.06371409753811,47.96990233757454,2980.0,ld1_G_Gasoline,b2c--c53-4128
3256,2327332-1,b2c-3256,ft-e5bb0,ft-mdv-Dsl,1943,-122.28009380133885,47.93867498617373,1943.0,mdv_D_Diesel,b2c--c53-4131
3260,2331493-1,b2c-3260,ft-22012,ft-ld1-Gas,2975,-122.12041681864353,47.80481638862876,2975.0,ld1_G_Gasoline,b2c--c53-4166
3268,8318385-3,b2c-3268,ft-2492c,ft-mdv-Gas,2080,-122.25333421863927,47.92376449718981,2080.0,mdv_G_Gasoline,b2c--c53-4186
3269,8318385-3,b2c-3269,ft-db4d8,ft-ld3-Gas,2080,-122.30568983007865,47.212144412126825,2080.0,ld3_G_Gasoline,b2c--c53-4187
3279,8318385-3,b2c-3279,ft-1d8b5,ft-ld1-Gas,2080,-122.23706641279225,46.78408365659002,2080.0,ld1_G_Gasoline,b2c--c53-4304
3290,2331488-1,b2c-3290,ft-d0542,ft-ld1-Gas,2889,-122.23706641279225,46.78408365659002,2889.0,ld1_G_Gasoline,b2c--c53-4347
3293,2331464-1,b2c-3293,ft-bf7a6,ft-ld1-Gas,1969,-122.23706641279225,46.78408365659002,1969.0,ld1_G_Gasoline,b2c--c53-4361
3299,8392715-2,b2c-3299,ft-98f81,ft-ld3-Gas,2206,-122.23706641279225,46.78408365659002,2206.0,ld3_G_Gasoline,b2c--c53-4492
3324,8385134-4,b2c-3324,ft-0a980,ft-ld1-Gas,1812,-122.23706641279225,46.78408365659002,1812.0,ld1_G_Gasoline,b2c--c53-4642
3325,2331466-1,b2c-3325,ft-69560,ft-ld1-Gas,2086,-122.23706641279225,46.78408365659002,2086.0,ld1_G_Gasoline,b2c--c53-4645
3340,2327300-2,b2c-3340,ft-34f1b,ft-ld1-Gas,1847,-122.23706641279225,46.78408365659002,1847.0,ld1_G_Gasoline,b2c--c53-4774
3342,2327327-2,b2c-3342,ft-51de0,ft-mdv-Dsl,1803,-122.23706641279225,46.78408365659002,1803.0,mdv_D_Diesel,b2c--c53-4777
3346,8318387-1,b2c-3346,ft-0677a,ft-ld3-Dsl,1871,-122.23706641279225,46.78408365659002,1871.0,ld3_D_Diesel,b2c--c53-4793
3354,8318387-1,b2c-3354,ft-faf55,ft-ld3-Gas,1871,-122.23706641279225,46.78408365659002,1871.0,ld3_G_Gasoline,b2c--c53-4812
3375,8318397-2,b2c-3375,ft-50f3b,ft-ld1-Gas,3291,-122.23706641279225,46.78408365659002,3291.0,ld1_G_Gasoline,b2c--c53-5205
3389,8318393-1,b2c-3389,ft-f331a,ft-ld1-Dsl,3003,-122.23706641279225,46.78408365659002,3003.0,ld1_D_Diesel,b2c--c53-5265
3395,2331462-2,b2c-3395,ft-cdfb6,ft-ld3-Gas,1941,-122.23706641279225,46.78408365659002,1941.0,ld3_G_Gasoline,b2c--c53-5311
3398,8318395-1,b2c-3398,ft-f21ee,ft-mdv-Dsl,3105,-122.23706641279225,46.78408365659002,3105.0,mdv_D_Diesel,b2c--c53-5334
3402,2327297-3,b2c-3402,ft-0b131,ft-ld1-Gas,1810,-122.23706641279225,46.78408365659002,1810.0,ld1_G_Gasoline,b2c--c53-5369
3407,6849089-3,b2c-3407,ft-6f112,ft-mdv-Dsl,1367,-122.23706641279225,46.78408365659002,1367.0,mdv_D_Diesel,b2c--c53-5408
3425,2327348-2,b2c-3425,ft-a2455,ft-ld1-Gas,1821,-122.23706641279225,46.78408365659002,1821.0,ld1_G_Gasoline,b2c--c53-5630
3429,2331489-1,b2c-3429,ft-58515,ft-ld3-Gas,3062,-122.23706641279225,46.78408365659002,3062.0,ld3_G_Gasoline,b2c--c53-5644
3435,2327318-2,b2c-3435,ft-d8036,ft-ld3-Gas,2161,-122.23706641279225,46.78408365659002,2161.0,ld3_G_Gasoline,b2c--c53-5693
3446,8392715-1,b2c-3446,ft-ed205,ft-ld3-Gas,2206,-122.23706641279225,46.78408365659002,2206.0,ld3_G_Gasoline,b2c--c53-5897
3456,8318398-4,b2c-3456,ft-3b1b7,ft-ld3-Dsl,3184,-122.23706641279225,46.78408365659002,3184.0,ld3_D_Diesel,b2c--c53-5928
3460,8318398-4,b2c-3460,ft-abcdb,ft-ld1-Gas,3184,-122.23706641279225,46.78408365659002,3184.0,ld1_G_Gasoline,b2c--c53-5942
3463,2331461-1,b2c-3463,ft-c4ff1,ft-ld1-Gas,1778,-122.26381973027048,46.91888857212184,1778.0,ld1_G_Gasoline,b2c--c53-5957
3466,2331451-1,b2c-3466,ft-9b91c,ft-ld1-Gas,1746,-122.24409010231953,47.92728331356473,1746.0,ld1_G_Gasoline,b2c--c53-5980
3468,2331451-1,b2c-3468,ft-b39a9,ft-mdv-Gas,1746,-122.24409010231953,47.92728331356473,1746.0,mdv_G_Gasoline,b2c--c53-5982
3476,2327344-1,b2c-3476,ft-6d008,ft-ld3-Dsl,2123,-122.27788640878946,47.93850672643978,2123.0,ld3_D_Diesel,b2c--c53-6014
3482,2331467-1,b2c-3482,ft-5d805,ft-ld1-Gas,1773,-121.5437370927352,47.12072649438632,1773.0,ld1_G_Gasoline,b2c--c53-6072
3491,2331447-2,b2c-3491,ft-c7fb5,ft-ld1-Dsl,2162,-121.89999203508337,48.27272291141637,2162.0,ld1_D_Diesel,b2c--c53-6259
3495,8318383-4,b2c-3495,ft-4942f,ft-ld1-Dsl,2125,-122.03157609754531,48.025134121889536,2125.0,ld1_D_Diesel,b2c--c53-6299
3506,8318383-2,b2c-3506,ft-ece0d,ft-ld3-Gas,2125,-122.0466173930646,47.93501377717695,2125.0,ld3_G_Gasoline,b2c--c53-6385
3510,2327303-2,b2c-3510,ft-30cf9,ft-ld1-Gas,1606,-121.73916845282079,48.284870680391855,1606.0,ld1_G_Gasoline,b2c--c53-6459
3526,2327333-1,b2c-3526,ft-d2dd2,ft-mdv-Dsl,1144,-122.14839077795033,48.17104852749387,1144.0,mdv_D_Diesel,b2c--c53-6797
3527,2327301-2,b2c-3527,ft-dc200,ft-ld1-Gas,1197,-121.98145883481824,48.101748216504205,1197.0,ld1_G_Gasoline,b2c--c53-6812
3529,2327301-3,b2c-3529,ft-ba0df,ft-ld1-Gas,1197,-122.18310884078244,48.14506529676206,1197.0,ld1_G_Gasoline,b2c--c53-6824
3533,8318389-4,b2c-3533,ft-0c281,ft-ld1-Dsl,1106,-121.73916845282079,48.284870680391855,1106.0,ld1_D_Diesel,b2c--c53-6911
3540,2327311-2,b2c-3540,ft-87ac8,ft-ld3-Dsl,1045,-121.80638692595572,48.277100712221824,1045.0,ld3_D_Diesel,b2c--c53-7114
3544,2327305-3,b2c-3544,ft-8b097,ft-mdv-Dsl,1626,-122.13644207334707,48.18102326640572,1626.0,mdv_D_Diesel,b2c--c53-7162
3551,2327295-2,b2c-3551,ft-602b0,ft-mdv-Gas,1219,-121.89999203508337,48.27272291141637,1219.0,mdv_G_Gasoline,b2c--c53-7251
3561,2327314-1,b2c-3561,ft-9a456,ft-ld3-Gas,1106,-121.89999203508337,48.27272291141637,1106.0,ld3_G_Gasoline,b2c--c53-7400
3564,2327348-3,b2c-3564,ft-b36bf,ft-ld1-Dsl,1821,-121.89999203508337,48.27272291141637,1821.0,ld1_D_Diesel,b2c--c35-22
3574,8318476-2,b2c-3574,ft-9eb63,ft-ld1-Gas,931,-122.37093627404924,48.2483017317002,931.0,ld1_G_Gasoline,b2c--c35-125
3579,8318389-2,b2c-3579,ft-12747,ft-ld1-Gas,1106,-122.24406567327773,47.40621658580291,1106.0,ld1_G_Gasoline,b2c--c35-164
3585,8318401-1,b2c-3585,ft-eb622,ft-mdv-Gas,3606,-122.24406567327773,47.40621658580291,3606.0,mdv_G_Gasoline,b2c--c35-231
3587,2331486-1,b2c-3587,ft-14590,ft-ld1-Dsl,3178,-122.33227885206496,47.53199660801611,3178.0,ld1_D_Diesel,b2c--c35-247
3592,2327334-2,b2c-3592,ft-2646,ft-mdv-Dsl,1283,-122.33227885206496,47.53199660801611,1283.0,mdv_D_Diesel,b2c--c35-297
3600,8318396-2,b2c-3600,ft-8559b,ft-ld3-Gas,3164,-122.30568983007865,47.212144412126825,3164.0,ld3_G_Gasoline,b2c--c35-372
3602,2331478-1,b2c-3602,ft-bb536,ft-ld1-Dsl,1442,-121.31300181346782,48.04698207479564,1442.0,ld1_D_Diesel,b2c--c35-388
3607,2331478-2,b2c-3607,ft-2edfd,ft-ld3-Gas,1442,-121.31300181346782,48.04698207479564,1442.0,ld3_G_Gasoline,b2c--c35-426
3630,8318386-2,b2c-3630,ft-234ea,ft-ld3-Gas,1182,-122.22343438665621,47.910939406858844,1182.0,ld3_G_Gasoline,b2c--c35-790
3644,6849100-1,b2c-3644,ft-962d2,ft-mdv-Dsl,2396,-122.33639511497468,48.27588885819264,2396.0,mdv_D_Diesel,b2c--c35-964
3647,2331474-2,b2c-3647,ft-ffb54,ft-ld1-Dsl,1266,-122.33392081095913,47.59457250364255,1266.0,ld1_D_Diesel,b2c--c35-987
3662,2327339-1,b2c-3662,ft-e5843,ft-mdv-Dsl,1874,-122.33392081095913,47.59457250364255,1874.0,mdv_D_Diesel,b2c--c35-1180
3698,6849088-3,b2c-3698,ft-dba88,ft-ld1-Dsl,1442,-121.31300181346782,48.04698207479564,1442.0,ld1_D_Diesel,b2c--c35-1694
3704,2331471-2,b2c-3704,ft-813b3,ft-ld1-Gas,1455,-121.31300181346782,48.04698207479564,1455.0,ld1_G_Gasoline,b2c--c35-1743
3705,6849567-3,b2c-3705,ft-c1359,ft-ld1-Gas,3618,-121.31300181346782,48.04698207479564,3618.0,ld1_G_Gasoline,b2c--c35-1764
3713,2327345-1,b2c-3713,ft-50c7e,ft-ld3-Dsl,1487,-122.37093627404924,48.2483017317002,1487.0,ld3_D_Diesel,b2c--c35-1838
3715,6849095-3,b2c-3715,ft-e524f,ft-mdv-Gas,1194,-122.17827172209718,48.15232268583682,1194.0,mdv_G_Gasoline,b2c--c35-1868
3717,2331479-1,b2c-3717,ft-4ab92,ft-ld1-Dsl,1549,-122.5544249277511,47.049137874735855,1549.0,ld1_D_Diesel,b2c--c35-1898
3726,2327326-2,b2c-3726,ft-421ea,ft-ld3-Gas,1752,-122.49197255683097,47.17282095273845,1752.0,ld3_G_Gasoline,b2c--c35-1989
3736,2331451-1,b2c-3736,ft-a2bef,ft-ld1-Dsl,1746,-122.20579513956058,47.97949328412409,1746.0,ld1_D_Diesel,b2c--c35-2113
3758,8385134-2,b2c-3758,ft-bf391,ft-ld1-Gas,1812,-122.15250151245627,47.74979151850606,1812.0,ld1_G_Gasoline,b2c--c35-2547
3771,2327334-3,b2c-3771,ft-d82dc,ft-ld3-Gas,1283,-122.22967345668138,47.33385574360352,1283.0,ld3_G_Gasoline,b2c--c35-2714
3782,2331446-1,b2c-3782,ft-c5223,ft-ld1-Dsl,2263,-122.22967345668138,47.33385574360352,2263.0,ld1_D_Diesel,b2c--c35-2890
3786,2327320-3,b2c-3786,ft-c7c2f,ft-ld3-Gas,1630,-122.3414739144738,48.25721847676793,1630.0,ld3_G_Gasoline,b2c--c35-2942
3796,2331458-2,b2c-3796,ft-2a74a,ft-mdv-Gas,2271,-122.22325690259295,47.907835863683616,2271.0,mdv_G_Gasoline,b2c--c35-3096
3814,2327323-2,b2c-3814,ft-a9598,ft-ld1-Dsl,1499,-121.98736709427631,47.73413108992005,1499.0,ld1_D_Diesel,b2c--c35-3324
3815,6849565-4,b2c-3815,ft-c89b5,ft-ld3-Dsl,1388,-122.34117896026554,48.26041792563083,1388.0,ld3_D_Diesel,b2c--c35-3336
3816,6849565-4,b2c-3816,ft-02df4,ft-ld1-Gas,1388,-121.99992386124191,48.100188969326524,1388.0,ld1_G_Gasoline,b2c--c35-3337
3825,8318389-4,b2c-3825,ft-b8ae5,ft-mdv-Gas,1106,-122.11003280178969,47.81441426756796,1106.0,mdv_G_Gasoline,b2c--c35-3860
3844,2327299-2,b2c-3844,ft-909e3,ft-ld1-Gas,1806,-122.14050417376467,48.16242143227816,1806.0,ld1_G_Gasoline,b2c--c35-4087
3846,8318388-3,b2c-3846,ft-31820,ft-ld1-Dsl,2264,-122.1274940893143,47.79240994484269,2264.0,ld1_D_Diesel,b2c--c35-4224
3849,2331447-1,b2c-3849,ft-ba338,ft-ld1-Gas,2162,-122.27067860201741,47.84172902614048,2162.0,ld1_G_Gasoline,b2c--c35-4261
3866,2331450-1,b2c-3866,ft-608e3,ft-ld1-Gas,2147,-122.27788640878946,47.93850672643978,2147.0,ld1_G_Gasoline,b2c--c35-4653
3880,2327324-2,b2c-3880,ft-14016,ft-ld3-Gas,2050,-122.27788640878946,47.93850672643978,2050.0,ld3_G_Gasoline,b2c--c35-4814
3900,8318401-4,b2c-3900,ft-c7649,ft-mdv-Dsl,3606,-122.1573170209891,47.73965645770942,3606.0,mdv_D_Diesel,b2c--c35-5136
3941,2327324-1,b2c-3941,ft-7130d,ft-ld3-Dsl,2050,-122.11151213306398,47.80232904971069,2050.0,ld3_D_Diesel,b2c--c35-6056
3942,2327306-2,b2c-3942,ft-8033c,ft-mdv-Gas,2174,-121.80638692595572,48.277100712221824,2174.0,mdv_G_Gasoline,b2c--c35-6071
3943,6849091-1,b2c-3943,ft-e3b48,ft-ld3-Dsl,2315,-121.72143130314798,48.28413580616391,2315.0,ld3_D_Diesel,b2c--c35-6083
3949,2327316-2,b2c-3949,ft-5882f,ft-mdv-Dsl,1939,-121.73916845282079,48.284870680391855,1939.0,mdv_D_Diesel,b2c--c35-6168
3957,2327357-1,b2c-3957,ft-e013f,ft-ld3-Gas,2894,-122.21938119535685,47.91103202335688,2894.0,ld3_G_Gasoline,b2c--c35-6300
