carrierId,tourId,vehicleId,vehicleTypeId,warehouseZone,warehouseX,warehouseY
b2b-all-2355274-1-0md-d,b2b-all-2355274-1-0md-d-0,b2b-all-2355274-1-0md-d-5,freight-md-D-Diesel-Baseline,3630,-122.26602138049964,47.83062485195299
b2b-all-2355275-1-1hdv-d,b2b-all-2355275-1-1hdv-d-1,b2b-all-2355275-1-1hdv-d-26,freight-hdv-D-Diesel-Baseline,3909,-122.19276016170284,48.05682639864859
b2b-all-29410-3-2hdt-d,b2b-all-29410-3-2hdt-d-2,b2b-all-29410-3-2hdt-d-57,freight-hdt-D-Diesel-Baseline,3860,-122.16669982272528,48.26526223933203
b2b-all-29410-3-2hdt-d,b2b-all-29410-3-2hdt-d-3,b2b-all-29410-3-2hdt-d-58,freight-hdt-D-Diesel-Baseline,3860,-122.16669982272528,48.26526223933203
b2b-all-29413-3-3hdt-d,b2b-all-29413-3-3hdt-d-4,b2b-all-29413-3-3hdt-d-73,freight-hdt-D-Diesel-Baseline,3888,-121.92936699291944,48.12187252269389
b2b-all-29413-3-3hdt-d,b2b-all-29413-3-3hdt-d-5,b2b-all-29413-3-3hdt-d-74,freight-hdt-D-Diesel-Baseline,3888,-121.92936699291944,48.12187252269389
b2b-all-29413-3-3hdt-d,b2b-all-29413-3-3hdt-d-6,b2b-all-29413-3-3hdt-d-75,freight-hdt-D-Diesel-Baseline,3888,-121.92936699291944,48.12187252269389
b2b-all-29413-3-3hdt-d,b2b-all-29413-3-3hdt-d-7,b2b-all-29413-3-3hdt-d-76,freight-hdt-D-Diesel-Baseline,3888,-121.92936699291944,48.12187252269389
b2b-all-29413-3-3hdt-d,b2b-all-29413-3-3hdt-d-8,b2b-all-29413-3-3hdt-d-77,freight-hdt-D-Diesel-Baseline,3888,-121.92936699291944,48.12187252269389
b2b-all-29413-3-3hdt-d,b2b-all-29413-3-3hdt-d-9,b2b-all-29413-3-3hdt-d-78,freight-hdt-D-Diesel-Baseline,3888,-121.92936699291944,48.12187252269389
b2b-all-29739-4-4hdv-d,b2b-all-29739-4-4hdv-d-10,b2b-all-29739-4-4hdv-d-92,freight-hdv-D-Diesel-Baseline,3181,-122.77190187190745,47.21656893604093
b2b-all-29739-4-4hdv-d,b2b-all-29739-4-4hdv-d-11,b2b-all-29739-4-4hdv-d-93,freight-hdv-D-Diesel-Baseline,3181,-122.77190187190745,47.21656893604093
b2b-all-31820-4-5hdv-d,b2b-all-31820-4-5hdv-d-12,b2b-all-31820-4-5hdv-d-109,freight-hdv-D-Diesel-Baseline,3859,-122.31916688735215,48.2345356148123
b2b-all-31820-4-5hdv-d,b2b-all-31820-4-5hdv-d-13,b2b-all-31820-4-5hdv-d-110,freight-hdv-D-Diesel-Baseline,3859,-122.31916688735215,48.2345356148123
b2b-all-6659810-2-6hdv-d,b2b-all-6659810-2-6hdv-d-14,b2b-all-6659810-2-6hdv-d-130,freight-hdv-D-Diesel-Baseline,3854,-122.39659904664477,48.251554167789166
b2b-all-6659810-2-6hdv-d,b2b-all-6659810-2-6hdv-d-15,b2b-all-6659810-2-6hdv-d-131,freight-hdv-D-Diesel-Baseline,3854,-122.39659904664477,48.251554167789166
b2b-all-6661624-1-7md-d,b2b-all-6661624-1-7md-d-16,b2b-all-6661624-1-7md-d-142,freight-md-D-Diesel-Baseline,3903,-121.79599431183844,47.8734487433133
b2b-all-6662788-2-8hdt-d,b2b-all-6662788-2-8hdt-d-17,b2b-all-6662788-2-8hdt-d-168,freight-hdt-D-Diesel-Baseline,3873,-121.9994733158405,48.22073751051053
b2b-all-6664793-3-9hdt-d,b2b-all-6664793-3-9hdt-d-18,b2b-all-6664793-3-9hdt-d-186,freight-hdt-D-Diesel-Baseline,5882,-123.14494409844396,44.98169645199568
b2b-all-6664793-3-9hdt-d,b2b-all-6664793-3-9hdt-d-19,b2b-all-6664793-3-9hdt-d-187,freight-hdt-D-Diesel-Baseline,5882,-123.14494409844396,44.98169645199568
b2b-all-6664793-3-9hdt-d,b2b-all-6664793-3-9hdt-d-20,b2b-all-6664793-3-9hdt-d-188,freight-hdt-D-Diesel-Baseline,5882,-123.14494409844396,44.98169645199568
b2b-all-6664793-3-9hdt-d,b2b-all-6664793-3-9hdt-d-21,b2b-all-6664793-3-9hdt-d-189,freight-hdt-D-Diesel-Baseline,5882,-123.14494409844396,44.98169645199568
b2b-all-6664793-3-9hdt-d,b2b-all-6664793-3-9hdt-d-22,b2b-all-6664793-3-9hdt-d-190,freight-hdt-D-Diesel-Baseline,5882,-123.14494409844396,44.98169645199568
b2b-all-6664793-3-9hdt-d,b2b-all-6664793-3-9hdt-d-23,b2b-all-6664793-3-9hdt-d-191,freight-hdt-D-Diesel-Baseline,5882,-123.14494409844396,44.98169645199568
b2b-all-6664793-3-9hdt-d,b2b-all-6664793-3-9hdt-d-24,b2b-all-6664793-3-9hdt-d-192,freight-hdt-D-Diesel-Baseline,5882,-123.14494409844396,44.98169645199568
b2b-all-6664793-3-9hdt-d,b2b-all-6664793-3-9hdt-d-25,b2b-all-6664793-3-9hdt-d-193,freight-hdt-D-Diesel-Baseline,5882,-123.14494409844396,44.98169645199568
b2b-all-6664793-3-9hdt-d,b2b-all-6664793-3-9hdt-d-26,b2b-all-6664793-3-9hdt-d-194,freight-hdt-D-Diesel-Baseline,5882,-123.14494409844396,44.98169645199568
b2b-all-6664793-3-9hdt-d,b2b-all-6664793-3-9hdt-d-27,b2b-all-6664793-3-9hdt-d-195,freight-hdt-D-Diesel-Baseline,5882,-123.14494409844396,44.98169645199568
b2b-all-6664793-3-9hdt-d,b2b-all-6664793-3-9hdt-d-28,b2b-all-6664793-3-9hdt-d-196,freight-hdt-D-Diesel-Baseline,5882,-123.14494409844396,44.98169645199568
b2b-all-6665282-3-10hdt-d,b2b-all-6665282-3-10hdt-d-29,b2b-all-6665282-3-10hdt-d-216,freight-hdt-D-Diesel-Baseline,3181,-122.77190187190745,47.21656893604093
b2b-all-6665282-3-10hdt-d,b2b-all-6665282-3-10hdt-d-30,b2b-all-6665282-3-10hdt-d-217,freight-hdt-D-Diesel-Baseline,3181,-122.77190187190745,47.21656893604093
b2b-all-6674271-3-11hdv-d,b2b-all-6674271-3-11hdv-d-31,b2b-all-6674271-3-11hdv-d-229,freight-hdv-D-Diesel-Baseline,5911,-123.33515380404658,45.06513967621475
b2b-all-6675373-1-12md-d,b2b-all-6675373-1-12md-d-32,b2b-all-6675373-1-12md-d-235,freight-md-D-Diesel-Baseline,3434,-122.18807798532926,47.97071934421891
b2b-all-6675373-1-12md-d,b2b-all-6675373-1-12md-d-33,b2b-all-6675373-1-12md-d-244,freight-md-D-Diesel-Baseline,3434,-122.18807798532926,47.97071934421891
b2b-all-6675373-1-12hdt-d,b2b-all-6675373-1-12hdt-d-34,b2b-all-6675373-1-12hdt-d-285,freight-hdt-D-Diesel-Baseline,3434,-122.18807798532926,47.97071934421891
b2b-all-6675373-1-12hdt-d,b2b-all-6675373-1-12hdt-d-35,b2b-all-6675373-1-12hdt-d-294,freight-hdt-D-Diesel-Baseline,3434,-122.18807798532926,47.97071934421891
b2b-all-6675373-1-12hdv-d,b2b-all-6675373-1-12hdv-d-36,b2b-all-6675373-1-12hdv-d-305,freight-hdv-D-Diesel-Baseline,3434,-122.18807798532926,47.97071934421891
b2b-all-6675373-1-12hdv-d,b2b-all-6675373-1-12hdv-d-37,b2b-all-6675373-1-12hdv-d-314,freight-hdv-D-Diesel-Baseline,3434,-122.18807798532926,47.97071934421891
b2b-all-6675373-1-13hdt-d,b2b-all-6675373-1-13hdt-d-38,b2b-all-6675373-1-13hdt-d-354,freight-hdt-D-Diesel-Baseline,3434,-122.18807798532926,47.97071934421891
b2b-all-6680496-1-14md-d,b2b-all-6680496-1-14md-d-39,b2b-all-6680496-1-14md-d-355,freight-md-D-Diesel-Baseline,3191,-122.48240942711132,47.05796598200305
b2b-all-6680496-1-14md-d,b2b-all-6680496-1-14md-d-40,b2b-all-6680496-1-14md-d-357,freight-md-D-Diesel-Baseline,3191,-122.48240942711132,47.05796598200305
b2b-all-6680496-1-14md-d,b2b-all-6680496-1-14md-d-41,b2b-all-6680496-1-14md-d-364,freight-md-D-Diesel-Baseline,3191,-122.48240942711132,47.05796598200305
b2b-all-6682698-3-15hdt-d,b2b-all-6682698-3-15hdt-d-42,b2b-all-6682698-3-15hdt-d-394,freight-hdt-D-Diesel-Baseline,3739,-122.02459175725166,47.867784282986406
b2b-all-6682698-3-15hdt-d,b2b-all-6682698-3-15hdt-d-43,b2b-all-6682698-3-15hdt-d-395,freight-hdt-D-Diesel-Baseline,3739,-122.02459175725166,47.867784282986406
b2b-all-6682886-2-16md-d,b2b-all-6682886-2-16md-d-44,b2b-all-6682886-2-16md-d-396,freight-md-D-Diesel-Baseline,3611,-122.32269959895616,47.81640375497613
b2b-all-6682886-2-16md-d,b2b-all-6682886-2-16md-d-45,b2b-all-6682886-2-16md-d-397,freight-md-D-Diesel-Baseline,3611,-122.32269959895616,47.81640375497613
b2b-all-6682886-2-16md-d,b2b-all-6682886-2-16md-d-46,b2b-all-6682886-2-16md-d-398,freight-md-D-Diesel-Baseline,3611,-122.32269959895616,47.81640375497613
b2b-all-6682886-2-16md-d,b2b-all-6682886-2-16md-d-47,b2b-all-6682886-2-16md-d-400,freight-md-D-Diesel-Baseline,3611,-122.32269959895616,47.81640375497613
b2b-all-6682886-2-16md-d,b2b-all-6682886-2-16md-d-48,b2b-all-6682886-2-16md-d-409,freight-md-D-Diesel-Baseline,3611,-122.32269959895616,47.81640375497613
b2b-all-6682886-2-16md-d,b2b-all-6682886-2-16md-d-49,b2b-all-6682886-2-16md-d-410,freight-md-D-Diesel-Baseline,3611,-122.32269959895616,47.81640375497613
b2b-all-6682886-2-16hdt-d,b2b-all-6682886-2-16hdt-d-50,b2b-all-6682886-2-16hdt-d-460,freight-hdt-D-Diesel-Baseline,3611,-122.32269959895616,47.81640375497613
b2b-all-6682886-2-16hdt-d,b2b-all-6682886-2-16hdt-d-51,b2b-all-6682886-2-16hdt-d-461,freight-hdt-D-Diesel-Baseline,3611,-122.32269959895616,47.81640375497613
b2b-all-6682886-2-17hdt-d,b2b-all-6682886-2-17hdt-d-52,b2b-all-6682886-2-17hdt-d-492,freight-hdt-D-Diesel-Baseline,3611,-122.32269959895616,47.81640375497613
b2b-all-6682886-2-17hdt-d,b2b-all-6682886-2-17hdt-d-53,b2b-all-6682886-2-17hdt-d-493,freight-hdt-D-Diesel-Baseline,3611,-122.32269959895616,47.81640375497613
b2b-all-6682886-2-17hdt-d,b2b-all-6682886-2-17hdt-d-54,b2b-all-6682886-2-17hdt-d-494,freight-hdt-D-Diesel-Baseline,3611,-122.32269959895616,47.81640375497613
b2b-all-6689815-1-18hdt-d,b2b-all-6689815-1-18hdt-d-55,b2b-all-6689815-1-18hdt-d-510,freight-hdt-D-Diesel-Baseline,3671,-122.20874374762664,47.804998856244616
b2b-all-6689815-2-19hdv-d,b2b-all-6689815-2-19hdv-d-56,b2b-all-6689815-2-19hdv-d-521,freight-hdv-D-Diesel-Baseline,3671,-122.20874374762664,47.804998856244616
b2b-all-6694290-3-20hdt-d,b2b-all-6694290-3-20hdt-d-57,b2b-all-6694290-3-20hdt-d-539,freight-hdt-D-Diesel-Baseline,3498,-122.24795646277516,47.89843709365855
b2b-all-6694290-3-20hdt-d,b2b-all-6694290-3-20hdt-d-58,b2b-all-6694290-3-20hdt-d-540,freight-hdt-D-Diesel-Baseline,3498,-122.24795646277516,47.89843709365855
b2b-all-6694290-3-20hdt-d,b2b-all-6694290-3-20hdt-d-59,b2b-all-6694290-3-20hdt-d-541,freight-hdt-D-Diesel-Baseline,3498,-122.24795646277516,47.89843709365855
b2b-all-6694290-3-20hdt-d,b2b-all-6694290-3-20hdt-d-60,b2b-all-6694290-3-20hdt-d-542,freight-hdt-D-Diesel-Baseline,3498,-122.24795646277516,47.89843709365855
b2b-all-6694293-1-21hdt-d,b2b-all-6694293-1-21hdt-d-61,b2b-all-6694293-1-21hdt-d-562,freight-hdt-D-Diesel-Baseline,3439,-122.207115976015,47.96646304080695
b2b-all-6694294-1-22hdt-d,b2b-all-6694294-1-22hdt-d-62,b2b-all-6694294-1-22hdt-d-578,freight-hdt-D-Diesel-Baseline,3416,-122.21290939034378,48.01038288528676
b2b-all-6695563-1-23md-d,b2b-all-6695563-1-23md-d-63,b2b-all-6695563-1-23md-d-584,freight-md-D-Diesel-Baseline,3431,-122.20331193069408,47.98012917212361
b2b-all-6697753-1-24hdt-d,b2b-all-6697753-1-24hdt-d-64,b2b-all-6697753-1-24hdt-d-608,freight-hdt-D-Diesel-Baseline,3517,-122.26222654276992,47.88416269148449
b2b-all-6697753-1-24hdt-d,b2b-all-6697753-1-24hdt-d-65,b2b-all-6697753-1-24hdt-d-609,freight-hdt-D-Diesel-Baseline,3517,-122.26222654276992,47.88416269148449
b2b-all-6697753-1-24hdt-d,b2b-all-6697753-1-24hdt-d-66,b2b-all-6697753-1-24hdt-d-610,freight-hdt-D-Diesel-Baseline,3517,-122.26222654276992,47.88416269148449
b2b-all-6708340-1-25hdv-d-0,b2b-all-6708340-1-25hdv-d-0-67,b2b-all-6708340-1-25hdv-d-0-616,freight-hdv-D-Diesel-Baseline,5885,-123.12917480974409,44.98433170990787
b2b-all-6708340-1-25hdv-d-0,b2b-all-6708340-1-25hdv-d-0-68,b2b-all-6708340-1-25hdv-d-0-620,freight-hdv-D-Diesel-Baseline,5885,-123.12917480974409,44.98433170990787
b2b-all-6708340-1-25hdv-d-0,b2b-all-6708340-1-25hdv-d-0-69,b2b-all-6708340-1-25hdv-d-0-621,freight-hdv-D-Diesel-Baseline,5885,-123.12917480974409,44.98433170990787
b2b-all-6708340-1-25hdv-d-1,b2b-all-6708340-1-25hdv-d-1-70,b2b-all-6708340-1-25hdv-d-1-632,freight-hdv-D-Diesel-Baseline,5885,-123.12917480974409,44.98433170990787
b2b-all-6708340-1-25hdv-d-1,b2b-all-6708340-1-25hdv-d-1-71,b2b-all-6708340-1-25hdv-d-1-637,freight-hdv-D-Diesel-Baseline,5885,-123.12917480974409,44.98433170990787
b2b-all-6710857-3-26hdv-d,b2b-all-6710857-3-26hdv-d-72,b2b-all-6710857-3-26hdv-d-652,freight-hdv-D-Diesel-Baseline,5885,-123.12917480974409,44.98433170990787
b2b-all-6710857-3-26hdv-d,b2b-all-6710857-3-26hdv-d-73,b2b-all-6710857-3-26hdv-d-653,freight-hdv-D-Diesel-Baseline,5885,-123.12917480974409,44.98433170990787
b2b-all-6712420-1-27hdt-d,b2b-all-6712420-1-27hdt-d-74,b2b-all-6712420-1-27hdt-d-674,freight-hdt-D-Diesel-Baseline,3689,-122.24644515472954,47.84266316724651
b2b-all-6715020-1-28md-d-0,b2b-all-6715020-1-28md-d-0-75,b2b-all-6715020-1-28md-d-0-675,freight-md-D-Diesel-Baseline,3887,-121.84237149958236,48.0399046966454
b2b-all-6715020-1-28md-d-0,b2b-all-6715020-1-28md-d-0-76,b2b-all-6715020-1-28md-d-0-679,freight-md-D-Diesel-Baseline,3887,-121.84237149958236,48.0399046966454
b2b-all-6715020-1-28md-d-0,b2b-all-6715020-1-28md-d-0-77,b2b-all-6715020-1-28md-d-0-680,freight-md-D-Diesel-Baseline,3887,-121.84237149958236,48.0399046966454
b2b-all-6715020-1-28md-d-1,b2b-all-6715020-1-28md-d-1-78,b2b-all-6715020-1-28md-d-1-691,freight-md-D-Diesel-Baseline,3887,-121.84237149958236,48.0399046966454
b2b-all-6715020-1-28md-d-1,b2b-all-6715020-1-28md-d-1-79,b2b-all-6715020-1-28md-d-1-695,freight-md-D-Diesel-Baseline,3887,-121.84237149958236,48.0399046966454
b2b-all-6715020-1-28md-d-1,b2b-all-6715020-1-28md-d-1-80,b2b-all-6715020-1-28md-d-1-696,freight-md-D-Diesel-Baseline,3887,-121.84237149958236,48.0399046966454
b2b-all-6715020-1-28md-d-2,b2b-all-6715020-1-28md-d-2-81,b2b-all-6715020-1-28md-d-2-711,freight-md-D-Diesel-Baseline,3887,-121.84237149958236,48.0399046966454
b2b-all-6715020-1-28md-d-2,b2b-all-6715020-1-28md-d-2-82,b2b-all-6715020-1-28md-d-2-712,freight-md-D-Diesel-Baseline,3887,-121.84237149958236,48.0399046966454
b2b-all-6715020-1-29md-d,b2b-all-6715020-1-29md-d-83,b2b-all-6715020-1-29md-d-728,freight-md-D-Diesel-Baseline,3887,-121.84237149958236,48.0399046966454
b2b-all-705051-4-30hdv-d,b2b-all-705051-4-30hdv-d-84,b2b-all-705051-4-30hdv-d-752,freight-hdv-D-Diesel-Baseline,5885,-123.12917480974409,44.98433170990787
b2b-all-705051-4-30hdv-d,b2b-all-705051-4-30hdv-d-85,b2b-all-705051-4-30hdv-d-753,freight-hdv-D-Diesel-Baseline,5885,-123.12917480974409,44.98433170990787
b2b-all-705785-2-31md-d,b2b-all-705785-2-31md-d-86,b2b-all-705785-2-31md-d-768,freight-md-D-Diesel-Baseline,3870,-122.08649048567143,48.12330594038658
b2b-all-705785-2-31md-d,b2b-all-705785-2-31md-d-87,b2b-all-705785-2-31md-d-769,freight-md-D-Diesel-Baseline,3870,-122.08649048567143,48.12330594038658
b2b-all-705785-2-31md-d,b2b-all-705785-2-31md-d-88,b2b-all-705785-2-31md-d-770,freight-md-D-Diesel-Baseline,3870,-122.08649048567143,48.12330594038658
b2b-all-705785-2-31md-d,b2b-all-705785-2-31md-d-89,b2b-all-705785-2-31md-d-771,freight-md-D-Diesel-Baseline,3870,-122.08649048567143,48.12330594038658
b2b-all-705785-2-31md-d,b2b-all-705785-2-31md-d-90,b2b-all-705785-2-31md-d-772,freight-md-D-Diesel-Baseline,3870,-122.08649048567143,48.12330594038658
b2b-all-705785-2-31md-d,b2b-all-705785-2-31md-d-91,b2b-all-705785-2-31md-d-773,freight-md-D-Diesel-Baseline,3870,-122.08649048567143,48.12330594038658
b2b-all-705785-2-31hdv-d,b2b-all-705785-2-31hdv-d-92,b2b-all-705785-2-31hdv-d-805,freight-hdv-D-Diesel-Baseline,3870,-122.08649048567143,48.12330594038658
b2b-all-710169-1-32hdv-d,b2b-all-710169-1-32hdv-d-93,b2b-all-710169-1-32hdv-d-825,freight-hdv-D-Diesel-Baseline,3736,-121.97330682626492,47.89041574872106
b2b-all-710169-2-33hdv-d,b2b-all-710169-2-33hdv-d-94,b2b-all-710169-2-33hdv-d-841,freight-hdv-D-Diesel-Baseline,3736,-121.97330682626492,47.89041574872106
b2b-all-710172-1-34md-d,b2b-all-710172-1-34md-d-95,b2b-all-710172-1-34md-d-852,freight-md-D-Diesel-Baseline,3847,-122.35575010676322,48.23545959180077
b2b-all-710173-2-35md-d,b2b-all-710173-2-35md-d-96,b2b-all-710173-2-35md-d-872,freight-md-D-Diesel-Baseline,3882,-122.15358166712662,48.17430195244178
b2b-all-710173-2-35hdv-d,b2b-all-710173-2-35hdv-d-97,b2b-all-710173-2-35hdv-d-907,freight-hdv-D-Diesel-Baseline,3882,-122.15358166712662,48.17430195244178
b2b-all-713887-3-36hdv-d,b2b-all-713887-3-36hdv-d-98,b2b-all-713887-3-36hdv-d-918,freight-hdv-D-Diesel-Baseline,3419,-122.22394856196526,48.01438655480608
b2b-all-713887-3-36hdv-d,b2b-all-713887-3-36hdv-d-99,b2b-all-713887-3-36hdv-d-923,freight-hdv-D-Diesel-Baseline,3419,-122.22394856196526,48.01438655480608
b2b-all-713889-1-37md-d,b2b-all-713889-1-37md-d-100,b2b-all-713889-1-37md-d-935,freight-md-D-Diesel-Baseline,3459,-122.23725928764722,47.93060892505956
b2b-all-713892-3-38hdv-d,b2b-all-713892-3-38hdv-d-101,b2b-all-713892-3-38hdv-d-957,freight-hdv-D-Diesel-Baseline,3184,-122.66808420396303,47.10635009599398
b2b-all-717912-2-39hdt-d-0,b2b-all-717912-2-39hdt-d-0-102,b2b-all-717912-2-39hdt-d-0-973,freight-hdt-D-Diesel-Baseline,3718,-122.11925116915302,47.82383666257367
b2b-all-717912-2-39hdt-d-0,b2b-all-717912-2-39hdt-d-0-103,b2b-all-717912-2-39hdt-d-0-977,freight-hdt-D-Diesel-Baseline,3718,-122.11925116915302,47.82383666257367
b2b-all-717912-2-39hdt-d-0,b2b-all-717912-2-39hdt-d-0-104,b2b-all-717912-2-39hdt-d-0-978,freight-hdt-D-Diesel-Baseline,3718,-122.11925116915302,47.82383666257367
b2b-all-717912-2-39hdt-d-1,b2b-all-717912-2-39hdt-d-1-105,b2b-all-717912-2-39hdt-d-1-989,freight-hdt-D-Diesel-Baseline,3718,-122.11925116915302,47.82383666257367
b2b-all-717912-2-39hdt-d-1,b2b-all-717912-2-39hdt-d-1-106,b2b-all-717912-2-39hdt-d-1-993,freight-hdt-D-Diesel-Baseline,3718,-122.11925116915302,47.82383666257367
b2b-all-717912-2-39hdt-d-1,b2b-all-717912-2-39hdt-d-1-107,b2b-all-717912-2-39hdt-d-1-994,freight-hdt-D-Diesel-Baseline,3718,-122.11925116915302,47.82383666257367
b2b-all-717912-2-39hdt-d-2,b2b-all-717912-2-39hdt-d-2-108,b2b-all-717912-2-39hdt-d-2-1010,freight-hdt-D-Diesel-Baseline,3718,-122.11925116915302,47.82383666257367
b2b-all-717912-2-40hdt-d,b2b-all-717912-2-40hdt-d-109,b2b-all-717912-2-40hdt-d-1022,freight-hdt-D-Diesel-Baseline,3718,-122.11925116915302,47.82383666257367
b2b-all-717912-2-40hdt-d,b2b-all-717912-2-40hdt-d-110,b2b-all-717912-2-40hdt-d-1023,freight-hdt-D-Diesel-Baseline,3718,-122.11925116915302,47.82383666257367
b2b-all-717912-2-40hdt-d,b2b-all-717912-2-40hdt-d-111,b2b-all-717912-2-40hdt-d-1024,freight-hdt-D-Diesel-Baseline,3718,-122.11925116915302,47.82383666257367
b2b-all-717912-2-40hdt-d,b2b-all-717912-2-40hdt-d-112,b2b-all-717912-2-40hdt-d-1025,freight-hdt-D-Diesel-Baseline,3718,-122.11925116915302,47.82383666257367
b2b-all-717912-2-40hdt-d,b2b-all-717912-2-40hdt-d-113,b2b-all-717912-2-40hdt-d-1026,freight-hdt-D-Diesel-Baseline,3718,-122.11925116915302,47.82383666257367
b2b-all-720287-1-41hdt-d,b2b-all-720287-1-41hdt-d-114,b2b-all-720287-1-41hdt-d-1042,freight-hdt-D-Diesel-Baseline,3612,-122.33437229922409,47.81794253323324
b2b-all-720435-3-42hdv-d,b2b-all-720435-3-42hdv-d-115,b2b-all-720435-3-42hdv-d-1052,freight-hdv-D-Diesel-Baseline,3539,-122.2838847194846,47.865110437603576
b2b-all-720435-3-42hdv-d,b2b-all-720435-3-42hdv-d-116,b2b-all-720435-3-42hdv-d-1053,freight-hdv-D-Diesel-Baseline,3539,-122.2838847194846,47.865110437603576
b2b-all-725637-2-43hdv-d,b2b-all-725637-2-43hdv-d-117,b2b-all-725637-2-43hdv-d-1069,freight-hdv-D-Diesel-Baseline,3179,-122.74810938133588,47.29621087392292
b2b-all-728383-2-44md-d,b2b-all-728383-2-44md-d-118,b2b-all-728383-2-44md-d-1084,freight-md-D-Diesel-Baseline,3191,-122.48240942711132,47.05796598200305
b2b-all-728383-2-44md-d,b2b-all-728383-2-44md-d-119,b2b-all-728383-2-44md-d-1085,freight-md-D-Diesel-Baseline,3191,-122.48240942711132,47.05796598200305
b2b-all-728383-2-44md-d,b2b-all-728383-2-44md-d-120,b2b-all-728383-2-44md-d-1086,freight-md-D-Diesel-Baseline,3191,-122.48240942711132,47.05796598200305
b2b-all-728383-2-44md-d,b2b-all-728383-2-44md-d-121,b2b-all-728383-2-44md-d-1087,freight-md-D-Diesel-Baseline,3191,-122.48240942711132,47.05796598200305
b2b-all-728383-2-44md-d,b2b-all-728383-2-44md-d-122,b2b-all-728383-2-44md-d-1088,freight-md-D-Diesel-Baseline,3191,-122.48240942711132,47.05796598200305
b2b-all-728383-2-44md-d,b2b-all-728383-2-44md-d-123,b2b-all-728383-2-44md-d-1089,freight-md-D-Diesel-Baseline,3191,-122.48240942711132,47.05796598200305
b2b-all-728383-2-44hdt-d,b2b-all-728383-2-44hdt-d-124,b2b-all-728383-2-44hdt-d-1135,freight-hdt-D-Diesel-Baseline,3191,-122.48240942711132,47.05796598200305
b2b-all-728383-2-44hdt-d,b2b-all-728383-2-44hdt-d-125,b2b-all-728383-2-44hdt-d-1136,freight-hdt-D-Diesel-Baseline,3191,-122.48240942711132,47.05796598200305
b2b-all-731840-1-45hdt-d,b2b-all-731840-1-45hdt-d-126,b2b-all-731840-1-45hdt-d-1153,freight-hdt-D-Diesel-Baseline,3520,-122.27001087790808,47.87797428448911
b2b-all-731840-1-45hdt-d,b2b-all-731840-1-45hdt-d-127,b2b-all-731840-1-45hdt-d-1154,freight-hdt-D-Diesel-Baseline,3520,-122.27001087790808,47.87797428448911
b2b-all-731840-1-45hdt-d,b2b-all-731840-1-45hdt-d-128,b2b-all-731840-1-45hdt-d-1155,freight-hdt-D-Diesel-Baseline,3520,-122.27001087790808,47.87797428448911
b2b-all-731841-2-46hdt-d,b2b-all-731841-2-46hdt-d-129,b2b-all-731841-2-46hdt-d-1175,freight-hdt-D-Diesel-Baseline,3711,-122.17949079498214,48.02156193558771
b2b-all-731841-2-46hdt-d,b2b-all-731841-2-46hdt-d-130,b2b-all-731841-2-46hdt-d-1176,freight-hdt-D-Diesel-Baseline,3711,-122.17949079498214,48.02156193558771
b2b-all-7322-1-47md-d,b2b-all-7322-1-47md-d-131,b2b-all-7322-1-47md-d-1182,freight-md-D-Diesel-Baseline,3191,-122.48240942711132,47.05796598200305
b2b-all-7322-1-47md-d,b2b-all-7322-1-47md-d-132,b2b-all-7322-1-47md-d-1183,freight-md-D-Diesel-Baseline,3191,-122.48240942711132,47.05796598200305
b2b-all-7322-1-47md-d,b2b-all-7322-1-47md-d-133,b2b-all-7322-1-47md-d-1184,freight-md-D-Diesel-Baseline,3191,-122.48240942711132,47.05796598200305
b2b-all-7322-1-47md-d,b2b-all-7322-1-47md-d-134,b2b-all-7322-1-47md-d-1185,freight-md-D-Diesel-Baseline,3191,-122.48240942711132,47.05796598200305
b2b-all-7322-1-47md-d,b2b-all-7322-1-47md-d-135,b2b-all-7322-1-47md-d-1186,freight-md-D-Diesel-Baseline,3191,-122.48240942711132,47.05796598200305
b2b-all-7322-1-47md-d,b2b-all-7322-1-47md-d-136,b2b-all-7322-1-47md-d-1187,freight-md-D-Diesel-Baseline,3191,-122.48240942711132,47.05796598200305
b2b-all-7322-1-47md-d,b2b-all-7322-1-47md-d-137,b2b-all-7322-1-47md-d-1188,freight-md-D-Diesel-Baseline,3191,-122.48240942711132,47.05796598200305
b2b-all-7322-1-47md-d,b2b-all-7322-1-47md-d-138,b2b-all-7322-1-47md-d-1189,freight-md-D-Diesel-Baseline,3191,-122.48240942711132,47.05796598200305
b2b-all-7322-1-47md-d,b2b-all-7322-1-47md-d-139,b2b-all-7322-1-47md-d-1190,freight-md-D-Diesel-Baseline,3191,-122.48240942711132,47.05796598200305
b2b-all-7322-1-47md-d,b2b-all-7322-1-47md-d-140,b2b-all-7322-1-47md-d-1191,freight-md-D-Diesel-Baseline,3191,-122.48240942711132,47.05796598200305
b2b-all-7322-1-47md-d,b2b-all-7322-1-47md-d-141,b2b-all-7322-1-47md-d-1192,freight-md-D-Diesel-Baseline,3191,-122.48240942711132,47.05796598200305
b2b-all-7322-1-47md-d,b2b-all-7322-1-47md-d-142,b2b-all-7322-1-47md-d-1193,freight-md-D-Diesel-Baseline,3191,-122.48240942711132,47.05796598200305
b2b-all-7322-1-47md-d,b2b-all-7322-1-47md-d-143,b2b-all-7322-1-47md-d-1194,freight-md-D-Diesel-Baseline,3191,-122.48240942711132,47.05796598200305
b2b-all-7380342-1-48md-d,b2b-all-7380342-1-48md-d-144,b2b-all-7380342-1-48md-d-1205,freight-md-D-Diesel-Baseline,3854,-122.3645144674494,48.26687162473969
b2b-all-7380342-1-48md-d,b2b-all-7380342-1-48md-d-145,b2b-all-7380342-1-48md-d-1864,freight-md-D-Diesel-Baseline,3854,-122.3645144674494,48.26687162473969
b2b-all-7380342-1-48md-d,b2b-all-7380342-1-48md-d-146,b2b-all-7380342-1-48md-d-1865,freight-md-D-Diesel-Baseline,3854,-122.3645144674494,48.26687162473969
b2b-all-7380524-1-49md-d,b2b-all-7380524-1-49md-d-147,b2b-all-7380524-1-49md-d-1887,freight-md-D-Diesel-Baseline,5885,-123.12917480974409,44.98433170990787
b2b-all-7380524-1-49md-d,b2b-all-7380524-1-49md-d-148,b2b-all-7380524-1-49md-d-1888,freight-md-D-Diesel-Baseline,5885,-123.12917480974409,44.98433170990787
b2b-all-7380524-1-49md-d,b2b-all-7380524-1-49md-d-149,b2b-all-7380524-1-49md-d-1889,freight-md-D-Diesel-Baseline,5885,-123.12917480974409,44.98433170990787
b2b-all-7380524-1-49md-d,b2b-all-7380524-1-49md-d-150,b2b-all-7380524-1-49md-d-1890,freight-md-D-Diesel-Baseline,5885,-123.12917480974409,44.98433170990787
b2b-all-7380524-1-49md-d,b2b-all-7380524-1-49md-d-151,b2b-all-7380524-1-49md-d-1891,freight-md-D-Diesel-Baseline,5885,-123.12917480974409,44.98433170990787
b2b-all-7380524-1-49md-d,b2b-all-7380524-1-49md-d-152,b2b-all-7380524-1-49md-d-1892,freight-md-D-Diesel-Baseline,5885,-123.12917480974409,44.98433170990787
b2b-all-7380896-2-50hdt-d,b2b-all-7380896-2-50hdt-d-153,b2b-all-7380896-2-50hdt-d-1918,freight-hdt-D-Diesel-Baseline,3515,-122.24918798434304,47.88119568641799
b2b-all-7381028-2-51hdt-d,b2b-all-7381028-2-51hdt-d-154,b2b-all-7381028-2-51hdt-d-1938,freight-hdt-D-Diesel-Baseline,5885,-123.12917480974409,44.98433170990787
b2b-all-7384235-1-52hdt-d,b2b-all-7384235-1-52hdt-d-155,b2b-all-7384235-1-52hdt-d-1954,freight-hdt-D-Diesel-Baseline,5885,-123.12917480974409,44.98433170990787
b2b-all-7387241-1-53hdt-d,b2b-all-7387241-1-53hdt-d-156,b2b-all-7387241-1-53hdt-d-1970,freight-hdt-D-Diesel-Baseline,3860,-122.16669982272528,48.26526223933203
b2b-all-7392-1-54md-d,b2b-all-7392-1-54md-d-157,b2b-all-7392-1-54md-d-1980,freight-md-D-Diesel-Baseline,3897,-121.88354696804184,47.8160996415638
b2b-all-7392-1-54md-d,b2b-all-7392-1-54md-d-158,b2b-all-7392-1-54md-d-1981,freight-md-D-Diesel-Baseline,3897,-121.88354696804184,47.8160996415638
b2b-all-7392-1-54md-d,b2b-all-7392-1-54md-d-159,b2b-all-7392-1-54md-d-1982,freight-md-D-Diesel-Baseline,3897,-121.88354696804184,47.8160996415638
b2b-all-7392-1-54md-d,b2b-all-7392-1-54md-d-160,b2b-all-7392-1-54md-d-1983,freight-md-D-Diesel-Baseline,3897,-121.88354696804184,47.8160996415638
b2b-all-7392-1-54md-d,b2b-all-7392-1-54md-d-161,b2b-all-7392-1-54md-d-1984,freight-md-D-Diesel-Baseline,3897,-121.88354696804184,47.8160996415638
b2b-all-7392-1-54md-d,b2b-all-7392-1-54md-d-162,b2b-all-7392-1-54md-d-1985,freight-md-D-Diesel-Baseline,3897,-121.88354696804184,47.8160996415638
b2b-all-7392-1-54md-d,b2b-all-7392-1-54md-d-163,b2b-all-7392-1-54md-d-1986,freight-md-D-Diesel-Baseline,3897,-121.88354696804184,47.8160996415638
b2b-all-7403-3-55hdv-d,b2b-all-7403-3-55hdv-d-164,b2b-all-7403-3-55hdv-d-2011,freight-hdv-D-Diesel-Baseline,3181,-122.77190187190745,47.21656893604093
b2b-all-7403-3-55hdv-d,b2b-all-7403-3-55hdv-d-165,b2b-all-7403-3-55hdv-d-2012,freight-hdv-D-Diesel-Baseline,3181,-122.77190187190745,47.21656893604093
b2b-all-7403-3-55hdv-d,b2b-all-7403-3-55hdv-d-166,b2b-all-7403-3-55hdv-d-2013,freight-hdv-D-Diesel-Baseline,3181,-122.77190187190745,47.21656893604093
b2b-all-7432938-1-56md-d,b2b-all-7432938-1-56md-d-167,b2b-all-7432938-1-56md-d-2019,freight-md-D-Diesel-Baseline,3539,-122.28963240113474,47.86853422529266
b2b-all-7432938-1-56md-d,b2b-all-7432938-1-56md-d-168,b2b-all-7432938-1-56md-d-2024,freight-md-D-Diesel-Baseline,3539,-122.28963240113474,47.86853422529266
b2b-all-7463969-1-57md-d,b2b-all-7463969-1-57md-d-169,b2b-all-7463969-1-57md-d-2044,freight-md-D-Diesel-Baseline,3249,-122.05752595660532,46.77459668986081
b2b-all-7463969-1-57md-d,b2b-all-7463969-1-57md-d-170,b2b-all-7463969-1-57md-d-2045,freight-md-D-Diesel-Baseline,3249,-122.05752595660532,46.77459668986081
b2b-all-7463969-1-57md-d,b2b-all-7463969-1-57md-d-171,b2b-all-7463969-1-57md-d-2046,freight-md-D-Diesel-Baseline,3249,-122.05752595660532,46.77459668986081
b2b-all-7463969-1-57md-d,b2b-all-7463969-1-57md-d-172,b2b-all-7463969-1-57md-d-2047,freight-md-D-Diesel-Baseline,3249,-122.05752595660532,46.77459668986081
b2b-all-7463969-1-57md-d,b2b-all-7463969-1-57md-d-173,b2b-all-7463969-1-57md-d-2048,freight-md-D-Diesel-Baseline,3249,-122.05752595660532,46.77459668986081
b2b-all-7463969-1-57md-d,b2b-all-7463969-1-57md-d-174,b2b-all-7463969-1-57md-d-2049,freight-md-D-Diesel-Baseline,3249,-122.05752595660532,46.77459668986081
b2b-all-7464021-1-58md-d,b2b-all-7464021-1-58md-d-175,b2b-all-7464021-1-58md-d-2069,freight-md-D-Diesel-Baseline,3858,-122.33460113130307,48.27659681424254
b2b-all-7464021-1-58md-d,b2b-all-7464021-1-58md-d-176,b2b-all-7464021-1-58md-d-2070,freight-md-D-Diesel-Baseline,3858,-122.33460113130307,48.27659681424254
b2b-all-7464021-1-58md-d,b2b-all-7464021-1-58md-d-177,b2b-all-7464021-1-58md-d-2071,freight-md-D-Diesel-Baseline,3858,-122.33460113130307,48.27659681424254
b2b-all-7464021-1-58md-d,b2b-all-7464021-1-58md-d-178,b2b-all-7464021-1-58md-d-2072,freight-md-D-Diesel-Baseline,3858,-122.33460113130307,48.27659681424254
b2b-all-7464021-1-58md-d,b2b-all-7464021-1-58md-d-179,b2b-all-7464021-1-58md-d-2073,freight-md-D-Diesel-Baseline,3858,-122.33460113130307,48.27659681424254
b2b-all-7464021-1-58md-d,b2b-all-7464021-1-58md-d-180,b2b-all-7464021-1-58md-d-2074,freight-md-D-Diesel-Baseline,3858,-122.33460113130307,48.27659681424254
b2b-all-7475932-2-59md-d,b2b-all-7475932-2-59md-d-181,b2b-all-7475932-2-59md-d-2094,freight-md-D-Diesel-Baseline,3712,-122.14301906743016,48.02901609203505
b2b-all-7475932-2-59md-d,b2b-all-7475932-2-59md-d-182,b2b-all-7475932-2-59md-d-2095,freight-md-D-Diesel-Baseline,3712,-122.14301906743016,48.02901609203505
b2b-all-7475932-2-59md-d,b2b-all-7475932-2-59md-d-183,b2b-all-7475932-2-59md-d-2096,freight-md-D-Diesel-Baseline,3712,-122.14301906743016,48.02901609203505
b2b-all-7475932-2-59md-d,b2b-all-7475932-2-59md-d-184,b2b-all-7475932-2-59md-d-2097,freight-md-D-Diesel-Baseline,3712,-122.14301906743016,48.02901609203505
b2b-all-7475932-2-59md-d,b2b-all-7475932-2-59md-d-185,b2b-all-7475932-2-59md-d-2098,freight-md-D-Diesel-Baseline,3712,-122.14301906743016,48.02901609203505
b2b-all-7475932-2-59md-d,b2b-all-7475932-2-59md-d-186,b2b-all-7475932-2-59md-d-2099,freight-md-D-Diesel-Baseline,3712,-122.14301906743016,48.02901609203505
b2b-all-7475932-2-59hdt-d,b2b-all-7475932-2-59hdt-d-187,b2b-all-7475932-2-59hdt-d-2136,freight-hdt-D-Diesel-Baseline,3712,-122.14301906743016,48.02901609203505
b2b-all-752351-2-60md-d,b2b-all-752351-2-60md-d-188,b2b-all-752351-2-60md-d-2156,freight-md-D-Diesel-Baseline,3739,-122.01934402786983,47.8676690648335
b2b-all-752351-2-60hdt-d,b2b-all-752351-2-60hdt-d-189,b2b-all-752351-2-60hdt-d-2196,freight-hdt-D-Diesel-Baseline,3739,-122.01934402786983,47.8676690648335
b2b-all-752363-2-61hdv-d,b2b-all-752363-2-61hdv-d-190,b2b-all-752363-2-61hdv-d-2207,freight-hdv-D-Diesel-Baseline,3191,-122.48240942711132,47.05796598200305
b2b-all-757255-1-62hdt-d,b2b-all-757255-1-62hdt-d-191,b2b-all-757255-1-62hdt-d-2228,freight-hdt-D-Diesel-Baseline,3911,-122.19132858273096,48.0761698983469
b2b-all-757257-1-63md-d-0,b2b-all-757257-1-63md-d-0-192,b2b-all-757257-1-63md-d-0-2229,freight-md-D-Diesel-Baseline,3689,-122.25525153942311,47.84159648203944
b2b-all-757257-1-63md-d-0,b2b-all-757257-1-63md-d-0-193,b2b-all-757257-1-63md-d-0-2234,freight-md-D-Diesel-Baseline,3689,-122.25525153942311,47.84159648203944
b2b-all-757257-1-63md-d-0,b2b-all-757257-1-63md-d-0-194,b2b-all-757257-1-63md-d-0-2235,freight-md-D-Diesel-Baseline,3689,-122.25525153942311,47.84159648203944
b2b-all-757257-1-63md-d-1,b2b-all-757257-1-63md-d-1-195,b2b-all-757257-1-63md-d-1-2246,freight-md-D-Diesel-Baseline,3689,-122.25525153942311,47.84159648203944
b2b-all-757257-1-63md-d-1,b2b-all-757257-1-63md-d-1-196,b2b-all-757257-1-63md-d-1-2251,freight-md-D-Diesel-Baseline,3689,-122.25525153942311,47.84159648203944
b2b-all-757257-1-63md-d-1,b2b-all-757257-1-63md-d-1-197,b2b-all-757257-1-63md-d-1-2252,freight-md-D-Diesel-Baseline,3689,-122.25525153942311,47.84159648203944
b2b-all-757257-1-63md-d-2,b2b-all-757257-1-63md-d-2-198,b2b-all-757257-1-63md-d-2-2269,freight-md-D-Diesel-Baseline,3689,-122.25525153942311,47.84159648203944
b2b-all-757257-1-64md-d,b2b-all-757257-1-64md-d-199,b2b-all-757257-1-64md-d-2283,freight-md-D-Diesel-Baseline,3689,-122.25525153942311,47.84159648203944
b2b-all-757257-1-64md-d,b2b-all-757257-1-64md-d-200,b2b-all-757257-1-64md-d-2284,freight-md-D-Diesel-Baseline,3689,-122.25525153942311,47.84159648203944
b2b-all-757257-1-64md-d,b2b-all-757257-1-64md-d-201,b2b-all-757257-1-64md-d-2285,freight-md-D-Diesel-Baseline,3689,-122.25525153942311,47.84159648203944
b2b-all-757257-1-64md-d,b2b-all-757257-1-64md-d-202,b2b-all-757257-1-64md-d-2286,freight-md-D-Diesel-Baseline,3689,-122.25525153942311,47.84159648203944
b2b-all-759910-1-65md-d,b2b-all-759910-1-65md-d-203,b2b-all-759910-1-65md-d-2302,freight-md-D-Diesel-Baseline,5879,-123.04362483193276,44.94821565940063
b2b-all-759910-1-65md-d,b2b-all-759910-1-65md-d-204,b2b-all-759910-1-65md-d-2303,freight-md-D-Diesel-Baseline,5879,-123.04362483193276,44.94821565940063
b2b-all-759910-1-65md-d,b2b-all-759910-1-65md-d-205,b2b-all-759910-1-65md-d-2304,freight-md-D-Diesel-Baseline,5879,-123.04362483193276,44.94821565940063
b2b-all-759910-1-65md-d,b2b-all-759910-1-65md-d-206,b2b-all-759910-1-65md-d-2305,freight-md-D-Diesel-Baseline,5879,-123.04362483193276,44.94821565940063
b2b-all-759914-3-66hdt-d,b2b-all-759914-3-66hdt-d-207,b2b-all-759914-3-66hdt-d-2331,freight-hdt-D-Diesel-Baseline,5885,-123.12917480974409,44.98433170990787
b2b-all-760200-3-67hdt-d,b2b-all-760200-3-67hdt-d-208,b2b-all-760200-3-67hdt-d-2342,freight-hdt-D-Diesel-Baseline,3765,-122.10857018156184,47.915329167990514
b2b-all-760200-3-67hdt-d,b2b-all-760200-3-67hdt-d-209,b2b-all-760200-3-67hdt-d-2343,freight-hdt-D-Diesel-Baseline,3765,-122.10857018156184,47.915329167990514
b2b-all-760200-3-67hdt-d,b2b-all-760200-3-67hdt-d-210,b2b-all-760200-3-67hdt-d-2344,freight-hdt-D-Diesel-Baseline,3765,-122.10857018156184,47.915329167990514
b2b-all-760200-3-67hdt-d,b2b-all-760200-3-67hdt-d-211,b2b-all-760200-3-67hdt-d-2345,freight-hdt-D-Diesel-Baseline,3765,-122.10857018156184,47.915329167990514
b2b-all-760200-3-67hdt-d,b2b-all-760200-3-67hdt-d-212,b2b-all-760200-3-67hdt-d-2351,freight-hdt-D-Diesel-Baseline,3765,-122.10857018156184,47.915329167990514
b2b-all-760200-3-67hdt-d,b2b-all-760200-3-67hdt-d-213,b2b-all-760200-3-67hdt-d-2352,freight-hdt-D-Diesel-Baseline,3765,-122.10857018156184,47.915329167990514
b2b-all-760200-3-68hdt-d,b2b-all-760200-3-68hdt-d-214,b2b-all-760200-3-68hdt-d-2363,freight-hdt-D-Diesel-Baseline,3765,-122.10857018156184,47.915329167990514
b2b-all-760201-3-69hdt-d,b2b-all-760201-3-69hdt-d-215,b2b-all-760201-3-69hdt-d-2384,freight-hdt-D-Diesel-Baseline,3867,-122.11676154791732,48.18793467576403
b2b-all-760201-3-69hdt-d,b2b-all-760201-3-69hdt-d-216,b2b-all-760201-3-69hdt-d-2393,freight-hdt-D-Diesel-Baseline,3867,-122.11676154791732,48.18793467576403
b2b-all-760201-3-69hdt-d,b2b-all-760201-3-69hdt-d-217,b2b-all-760201-3-69hdt-d-2394,freight-hdt-D-Diesel-Baseline,3867,-122.11676154791732,48.18793467576403
b2b-all-760201-3-70hdt-d,b2b-all-760201-3-70hdt-d-218,b2b-all-760201-3-70hdt-d-2405,freight-hdt-D-Diesel-Baseline,3867,-122.11676154791732,48.18793467576403
b2b-all-760201-3-70hdt-d,b2b-all-760201-3-70hdt-d-219,b2b-all-760201-3-70hdt-d-2412,freight-hdt-D-Diesel-Baseline,3867,-122.11676154791732,48.18793467576403
b2b-all-760201-3-70hdt-d,b2b-all-760201-3-70hdt-d-220,b2b-all-760201-3-70hdt-d-2413,freight-hdt-D-Diesel-Baseline,3867,-122.11676154791732,48.18793467576403
b2b-all-760201-3-70hdt-d,b2b-all-760201-3-70hdt-d-221,b2b-all-760201-3-70hdt-d-2414,freight-hdt-D-Diesel-Baseline,3867,-122.11676154791732,48.18793467576403
b2b-all-760201-3-70hdt-d,b2b-all-760201-3-70hdt-d-222,b2b-all-760201-3-70hdt-d-2415,freight-hdt-D-Diesel-Baseline,3867,-122.11676154791732,48.18793467576403
b2b-all-760204-3-71hdt-d,b2b-all-760204-3-71hdt-d-223,b2b-all-760204-3-71hdt-d-2426,freight-hdt-D-Diesel-Baseline,3895,-121.26884369455286,48.17174536079158
b2b-all-760204-3-71hdt-d,b2b-all-760204-3-71hdt-d-224,b2b-all-760204-3-71hdt-d-2427,freight-hdt-D-Diesel-Baseline,3895,-121.26884369455286,48.17174536079158
b2b-all-762125-3-72hdv-d,b2b-all-762125-3-72hdv-d-225,b2b-all-762125-3-72hdv-d-2450,freight-hdv-D-Diesel-Baseline,3191,-122.48240942711132,47.05796598200305
b2b-all-762741-3-73hdt-d,b2b-all-762741-3-73hdt-d-226,b2b-all-762741-3-73hdt-d-2474,freight-hdt-D-Diesel-Baseline,3450,-122.225066159956,47.93263367597503
b2b-all-762741-3-73hdt-d,b2b-all-762741-3-73hdt-d-227,b2b-all-762741-3-73hdt-d-2475,freight-hdt-D-Diesel-Baseline,3450,-122.225066159956,47.93263367597503
b2b-all-762741-3-74hdt-d,b2b-all-762741-3-74hdt-d-228,b2b-all-762741-3-74hdt-d-2494,freight-hdt-D-Diesel-Baseline,3450,-122.225066159956,47.93263367597503
b2b-all-762741-3-74hdt-d,b2b-all-762741-3-74hdt-d-229,b2b-all-762741-3-74hdt-d-2495,freight-hdt-D-Diesel-Baseline,3450,-122.225066159956,47.93263367597503
b2b-all-780050-1-75hdv-d,b2b-all-780050-1-75hdv-d-230,b2b-all-780050-1-75hdv-d-2510,freight-hdv-D-Diesel-Baseline,3540,-122.28860266018394,47.87313614696767
b2b-all-780050-1-75hdv-d,b2b-all-780050-1-75hdv-d-231,b2b-all-780050-1-75hdv-d-2511,freight-hdv-D-Diesel-Baseline,3540,-122.28860266018394,47.87313614696767
b2b-all-788101-1-76hdt-d,b2b-all-788101-1-76hdt-d-232,b2b-all-788101-1-76hdt-d-2532,freight-hdt-D-Diesel-Baseline,5885,-123.12917480974409,44.98433170990787
b2b-all-788125-1-77md-d,b2b-all-788125-1-77md-d-233,b2b-all-788125-1-77md-d-2533,freight-md-D-Diesel-Baseline,3491,-122.23542095572502,47.849869440618455
b2b-all-788125-1-77md-d,b2b-all-788125-1-77md-d-234,b2b-all-788125-1-77md-d-2534,freight-md-D-Diesel-Baseline,3491,-122.23542095572502,47.849869440618455
b2b-all-788125-1-77md-d,b2b-all-788125-1-77md-d-235,b2b-all-788125-1-77md-d-2542,freight-md-D-Diesel-Baseline,3491,-122.23542095572502,47.849869440618455
b2b-all-788125-1-77hdt-d,b2b-all-788125-1-77hdt-d-236,b2b-all-788125-1-77hdt-d-2592,freight-hdt-D-Diesel-Baseline,3491,-122.23542095572502,47.849869440618455
b2b-all-788125-1-77hdv-d,b2b-all-788125-1-77hdv-d-237,b2b-all-788125-1-77hdv-d-2603,freight-hdv-D-Diesel-Baseline,3491,-122.23542095572502,47.849869440618455
b2b-all-788125-1-77hdv-d,b2b-all-788125-1-77hdv-d-238,b2b-all-788125-1-77hdv-d-2604,freight-hdv-D-Diesel-Baseline,3491,-122.23542095572502,47.849869440618455
b2b-all-788125-1-77hdv-d,b2b-all-788125-1-77hdv-d-239,b2b-all-788125-1-77hdv-d-2612,freight-hdv-D-Diesel-Baseline,3491,-122.23542095572502,47.849869440618455
b2b-all-788125-1-78md-d,b2b-all-788125-1-78md-d-240,b2b-all-788125-1-78md-d-2631,freight-md-D-Diesel-Baseline,3491,-122.23542095572502,47.849869440618455
b2b-all-788125-1-78md-d,b2b-all-788125-1-78md-d-241,b2b-all-788125-1-78md-d-2632,freight-md-D-Diesel-Baseline,3491,-122.23542095572502,47.849869440618455
b2b-all-789231-1-79hdt-d,b2b-all-789231-1-79hdt-d-242,b2b-all-789231-1-79hdt-d-2672,freight-hdt-D-Diesel-Baseline,3895,-121.26884369455286,48.17174536079158
b2b-all-814165-1-80hdt-d,b2b-all-814165-1-80hdt-d-243,b2b-all-814165-1-80hdt-d-2688,freight-hdt-D-Diesel-Baseline,3519,-122.26526926249046,47.89259588931639
b2b-all-8215192-3-81hdv-d,b2b-all-8215192-3-81hdv-d-244,b2b-all-8215192-3-81hdv-d-2699,freight-hdv-D-Diesel-Baseline,3515,-122.24643105100796,47.87867519144057
b2b-all-8215192-3-81hdv-d,b2b-all-8215192-3-81hdv-d-245,b2b-all-8215192-3-81hdv-d-2700,freight-hdv-D-Diesel-Baseline,3515,-122.24643105100796,47.87867519144057
b2b-all-823229-1-82hdv-d,b2b-all-823229-1-82hdv-d-246,b2b-all-823229-1-82hdv-d-2716,freight-hdv-D-Diesel-Baseline,3191,-122.48240942711132,47.05796598200305
b2b-all-825775-2-83hdv-d,b2b-all-825775-2-83hdv-d-247,b2b-all-825775-2-83hdv-d-2733,freight-hdv-D-Diesel-Baseline,3835,-122.17450482019755,48.067840177319134
b2b-all-825775-2-84hdv-d,b2b-all-825775-2-84hdv-d-248,b2b-all-825775-2-84hdv-d-2749,freight-hdv-D-Diesel-Baseline,3835,-122.17450482019755,48.067840177319134
b2b-all-825775-2-84hdv-d,b2b-all-825775-2-84hdv-d-249,b2b-all-825775-2-84hdv-d-2750,freight-hdv-D-Diesel-Baseline,3835,-122.17450482019755,48.067840177319134
b2b-all-826626-2-85hdv-d,b2b-all-826626-2-85hdv-d-250,b2b-all-826626-2-85hdv-d-2761,freight-hdv-D-Diesel-Baseline,3809,-122.18291700799408,48.14807514351637
b2b-all-826626-2-85hdv-d,b2b-all-826626-2-85hdv-d-251,b2b-all-826626-2-85hdv-d-2766,freight-hdv-D-Diesel-Baseline,3809,-122.18291700799408,48.14807514351637
b2b-all-826626-2-86hdv-d,b2b-all-826626-2-86hdv-d-252,b2b-all-826626-2-86hdv-d-2781,freight-hdv-D-Diesel-Baseline,3809,-122.18291700799408,48.14807514351637
b2b-all-826626-2-86hdv-d,b2b-all-826626-2-86hdv-d-253,b2b-all-826626-2-86hdv-d-2782,freight-hdv-D-Diesel-Baseline,3809,-122.18291700799408,48.14807514351637
b2b-all-8273844-4-87hdv-d,b2b-all-8273844-4-87hdv-d-254,b2b-all-8273844-4-87hdv-d-2802,freight-hdv-D-Diesel-Baseline,3191,-122.48240942711132,47.05796598200305
b2b-all-8273844-4-87hdv-d,b2b-all-8273844-4-87hdv-d-255,b2b-all-8273844-4-87hdv-d-2803,freight-hdv-D-Diesel-Baseline,3191,-122.48240942711132,47.05796598200305
b2b-all-8276514-1-88hdt-d,b2b-all-8276514-1-88hdt-d-256,b2b-all-8276514-1-88hdt-d-2828,freight-hdt-D-Diesel-Baseline,5885,-123.12917480974409,44.98433170990787
b2b-all-829975-1-89hdt-d-0,b2b-all-829975-1-89hdt-d-0-257,b2b-all-829975-1-89hdt-d-0-2839,freight-hdt-D-Diesel-Baseline,5883,-123.05180503036196,44.98106768295292
b2b-all-829975-1-89hdt-d-0,b2b-all-829975-1-89hdt-d-0-258,b2b-all-829975-1-89hdt-d-0-2843,freight-hdt-D-Diesel-Baseline,5883,-123.05180503036196,44.98106768295292
b2b-all-829975-1-89hdt-d-0,b2b-all-829975-1-89hdt-d-0-259,b2b-all-829975-1-89hdt-d-0-2844,freight-hdt-D-Diesel-Baseline,5883,-123.05180503036196,44.98106768295292
b2b-all-829975-1-89hdt-d-1,b2b-all-829975-1-89hdt-d-1-260,b2b-all-829975-1-89hdt-d-1-2860,freight-hdt-D-Diesel-Baseline,5883,-123.05180503036196,44.98106768295292
b2b-all-830980-1-90md-d,b2b-all-830980-1-90md-d-261,b2b-all-830980-1-90md-d-2865,freight-md-D-Diesel-Baseline,3494,-122.2293512785499,47.88130177127222
b2b-all-830980-1-90md-d,b2b-all-830980-1-90md-d-262,b2b-all-830980-1-90md-d-2866,freight-md-D-Diesel-Baseline,3494,-122.2293512785499,47.88130177127222
b2b-all-830982-1-91hdt-d,b2b-all-830982-1-91hdt-d-263,b2b-all-830982-1-91hdt-d-2896,freight-hdt-D-Diesel-Baseline,5885,-123.12917480974409,44.98433170990787
b2b-all-831507-1-92hdt-d,b2b-all-831507-1-92hdt-d-264,b2b-all-831507-1-92hdt-d-2912,freight-hdt-D-Diesel-Baseline,3858,-122.33460113130307,48.27659681424254
b2b-all-831932-2-93hdt-d,b2b-all-831932-2-93hdt-d-265,b2b-all-831932-2-93hdt-d-2929,freight-hdt-D-Diesel-Baseline,2393,-122.64942584286962,47.80224015484186
b2b-all-841300-1-94hdv-d,b2b-all-841300-1-94hdv-d-266,b2b-all-841300-1-94hdv-d-2940,freight-hdv-D-Diesel-Baseline,5885,-123.12917480974409,44.98433170990787
b2b-all-843450-1-95hdt-d,b2b-all-843450-1-95hdt-d-267,b2b-all-843450-1-95hdt-d-2961,freight-hdt-D-Diesel-Baseline,5885,-123.12917480974409,44.98433170990787
b2b-all-845616-2-96hdt-d-0,b2b-all-845616-2-96hdt-d-0-268,b2b-all-845616-2-96hdt-d-0-2972,freight-hdt-D-Diesel-Baseline,3695,-122.17319805612895,47.83453584096468
b2b-all-845616-2-96hdt-d-0,b2b-all-845616-2-96hdt-d-0-269,b2b-all-845616-2-96hdt-d-0-2976,freight-hdt-D-Diesel-Baseline,3695,-122.17319805612895,47.83453584096468
b2b-all-845616-2-96hdt-d-0,b2b-all-845616-2-96hdt-d-0-270,b2b-all-845616-2-96hdt-d-0-2977,freight-hdt-D-Diesel-Baseline,3695,-122.17319805612895,47.83453584096468
b2b-all-845616-2-96hdt-d-1,b2b-all-845616-2-96hdt-d-1-271,b2b-all-845616-2-96hdt-d-1-2988,freight-hdt-D-Diesel-Baseline,3695,-122.17319805612895,47.83453584096468
b2b-all-845616-2-96hdt-d-1,b2b-all-845616-2-96hdt-d-1-272,b2b-all-845616-2-96hdt-d-1-2992,freight-hdt-D-Diesel-Baseline,3695,-122.17319805612895,47.83453584096468
b2b-all-845616-2-96hdt-d-1,b2b-all-845616-2-96hdt-d-1-273,b2b-all-845616-2-96hdt-d-1-2993,freight-hdt-D-Diesel-Baseline,3695,-122.17319805612895,47.83453584096468
b2b-all-845616-2-96hdt-d-2,b2b-all-845616-2-96hdt-d-2-274,b2b-all-845616-2-96hdt-d-2-3004,freight-hdt-D-Diesel-Baseline,3695,-122.17319805612895,47.83453584096468
b2b-all-845616-2-96hdt-d-2,b2b-all-845616-2-96hdt-d-2-275,b2b-all-845616-2-96hdt-d-2-3008,freight-hdt-D-Diesel-Baseline,3695,-122.17319805612895,47.83453584096468
b2b-all-845616-2-96hdt-d-2,b2b-all-845616-2-96hdt-d-2-276,b2b-all-845616-2-96hdt-d-2-3009,freight-hdt-D-Diesel-Baseline,3695,-122.17319805612895,47.83453584096468
b2b-all-845616-2-96hdt-d-3,b2b-all-845616-2-96hdt-d-3-277,b2b-all-845616-2-96hdt-d-3-3020,freight-hdt-D-Diesel-Baseline,3695,-122.17319805612895,47.83453584096468
b2b-all-845616-2-96hdt-d-3,b2b-all-845616-2-96hdt-d-3-278,b2b-all-845616-2-96hdt-d-3-3024,freight-hdt-D-Diesel-Baseline,3695,-122.17319805612895,47.83453584096468
b2b-all-845616-2-96hdt-d-3,b2b-all-845616-2-96hdt-d-3-279,b2b-all-845616-2-96hdt-d-3-3025,freight-hdt-D-Diesel-Baseline,3695,-122.17319805612895,47.83453584096468
b2b-all-845616-2-96hdt-d-4,b2b-all-845616-2-96hdt-d-4-280,b2b-all-845616-2-96hdt-d-4-3036,freight-hdt-D-Diesel-Baseline,3695,-122.17319805612895,47.83453584096468
b2b-all-845616-2-96hdt-d-4,b2b-all-845616-2-96hdt-d-4-281,b2b-all-845616-2-96hdt-d-4-3040,freight-hdt-D-Diesel-Baseline,3695,-122.17319805612895,47.83453584096468
b2b-all-845616-2-96hdt-d-4,b2b-all-845616-2-96hdt-d-4-282,b2b-all-845616-2-96hdt-d-4-3041,freight-hdt-D-Diesel-Baseline,3695,-122.17319805612895,47.83453584096468
b2b-all-845616-2-96hdt-d-5,b2b-all-845616-2-96hdt-d-5-283,b2b-all-845616-2-96hdt-d-5-3052,freight-hdt-D-Diesel-Baseline,3695,-122.17319805612895,47.83453584096468
b2b-all-845616-2-96hdt-d-5,b2b-all-845616-2-96hdt-d-5-284,b2b-all-845616-2-96hdt-d-5-3056,freight-hdt-D-Diesel-Baseline,3695,-122.17319805612895,47.83453584096468
b2b-all-845616-2-96hdt-d-5,b2b-all-845616-2-96hdt-d-5-285,b2b-all-845616-2-96hdt-d-5-3057,freight-hdt-D-Diesel-Baseline,3695,-122.17319805612895,47.83453584096468
b2b-all-845616-2-96hdt-d-6,b2b-all-845616-2-96hdt-d-6-286,b2b-all-845616-2-96hdt-d-6-3068,freight-hdt-D-Diesel-Baseline,3695,-122.17319805612895,47.83453584096468
b2b-all-845616-2-96hdt-d-6,b2b-all-845616-2-96hdt-d-6-287,b2b-all-845616-2-96hdt-d-6-3072,freight-hdt-D-Diesel-Baseline,3695,-122.17319805612895,47.83453584096468
b2b-all-845616-2-96hdt-d-6,b2b-all-845616-2-96hdt-d-6-288,b2b-all-845616-2-96hdt-d-6-3073,freight-hdt-D-Diesel-Baseline,3695,-122.17319805612895,47.83453584096468
b2b-all-845616-2-96hdt-d-7,b2b-all-845616-2-96hdt-d-7-289,b2b-all-845616-2-96hdt-d-7-3084,freight-hdt-D-Diesel-Baseline,3695,-122.17319805612895,47.83453584096468
b2b-all-845616-2-96hdt-d-7,b2b-all-845616-2-96hdt-d-7-290,b2b-all-845616-2-96hdt-d-7-3088,freight-hdt-D-Diesel-Baseline,3695,-122.17319805612895,47.83453584096468
b2b-all-845616-2-96hdt-d-7,b2b-all-845616-2-96hdt-d-7-291,b2b-all-845616-2-96hdt-d-7-3089,freight-hdt-D-Diesel-Baseline,3695,-122.17319805612895,47.83453584096468
b2b-all-845616-2-96hdt-d-8,b2b-all-845616-2-96hdt-d-8-292,b2b-all-845616-2-96hdt-d-8-3100,freight-hdt-D-Diesel-Baseline,3695,-122.17319805612895,47.83453584096468
b2b-all-845616-2-96hdt-d-8,b2b-all-845616-2-96hdt-d-8-293,b2b-all-845616-2-96hdt-d-8-3104,freight-hdt-D-Diesel-Baseline,3695,-122.17319805612895,47.83453584096468
b2b-all-845616-2-96hdt-d-8,b2b-all-845616-2-96hdt-d-8-294,b2b-all-845616-2-96hdt-d-8-3105,freight-hdt-D-Diesel-Baseline,3695,-122.17319805612895,47.83453584096468
b2b-all-845616-2-96hdt-d-9,b2b-all-845616-2-96hdt-d-9-295,b2b-all-845616-2-96hdt-d-9-3116,freight-hdt-D-Diesel-Baseline,3695,-122.17319805612895,47.83453584096468
b2b-all-845616-2-96hdt-d-9,b2b-all-845616-2-96hdt-d-9-296,b2b-all-845616-2-96hdt-d-9-3120,freight-hdt-D-Diesel-Baseline,3695,-122.17319805612895,47.83453584096468
b2b-all-845616-2-96hdt-d-9,b2b-all-845616-2-96hdt-d-9-297,b2b-all-845616-2-96hdt-d-9-3121,freight-hdt-D-Diesel-Baseline,3695,-122.17319805612895,47.83453584096468
b2b-all-845616-2-96hdt-d-10,b2b-all-845616-2-96hdt-d-10-298,b2b-all-845616-2-96hdt-d-10-3132,freight-hdt-D-Diesel-Baseline,3695,-122.17319805612895,47.83453584096468
b2b-all-845616-2-96hdt-d-10,b2b-all-845616-2-96hdt-d-10-299,b2b-all-845616-2-96hdt-d-10-3136,freight-hdt-D-Diesel-Baseline,3695,-122.17319805612895,47.83453584096468
b2b-all-845616-2-96hdt-d-10,b2b-all-845616-2-96hdt-d-10-300,b2b-all-845616-2-96hdt-d-10-3137,freight-hdt-D-Diesel-Baseline,3695,-122.17319805612895,47.83453584096468
b2b-all-845616-2-96hdt-d-11,b2b-all-845616-2-96hdt-d-11-301,b2b-all-845616-2-96hdt-d-11-3152,freight-hdt-D-Diesel-Baseline,3695,-122.17319805612895,47.83453584096468
b2b-all-845616-2-96hdt-d-11,b2b-all-845616-2-96hdt-d-11-302,b2b-all-845616-2-96hdt-d-11-3153,freight-hdt-D-Diesel-Baseline,3695,-122.17319805612895,47.83453584096468
b2b-all-845616-2-97hdt-d,b2b-all-845616-2-97hdt-d-303,b2b-all-845616-2-97hdt-d-3169,freight-hdt-D-Diesel-Baseline,3695,-122.17319805612895,47.83453584096468
b2b-all-849115-1-98hdt-d,b2b-all-849115-1-98hdt-d-304,b2b-all-849115-1-98hdt-d-3185,freight-hdt-D-Diesel-Baseline,5885,-123.12917480974409,44.98433170990787
b2b-all-850799-1-99hdt-d,b2b-all-850799-1-99hdt-d-305,b2b-all-850799-1-99hdt-d-3196,freight-hdt-D-Diesel-Baseline,5885,-123.12917480974409,44.98433170990787
b2b-all-850799-1-99hdt-d,b2b-all-850799-1-99hdt-d-306,b2b-all-850799-1-99hdt-d-3205,freight-hdt-D-Diesel-Baseline,5885,-123.12917480974409,44.98433170990787
b2b-all-851543-1-100hdt-d,b2b-all-851543-1-100hdt-d-307,b2b-all-851543-1-100hdt-d-3221,freight-hdt-D-Diesel-Baseline,3605,-122.2950407758899,47.81380933067327
b2b-all-853298-2-101hdt-d,b2b-all-853298-2-101hdt-d-308,b2b-all-853298-2-101hdt-d-3237,freight-hdt-D-Diesel-Baseline,3455,-122.30673374116284,47.93430091847106
b2b-all-853299-1-102md-d,b2b-all-853299-1-102md-d-309,b2b-all-853299-1-102md-d-3249,freight-md-D-Diesel-Baseline,5885,-123.12917480974409,44.98433170990787
b2b-all-853299-2-103hdt-d,b2b-all-853299-2-103hdt-d-310,b2b-all-853299-2-103hdt-d-3279,freight-hdt-D-Diesel-Baseline,5885,-123.12917480974409,44.98433170990787
b2b-all-853299-3-104hdt-d,b2b-all-853299-3-104hdt-d-311,b2b-all-853299-3-104hdt-d-3300,freight-hdt-D-Diesel-Baseline,5885,-123.12917480974409,44.98433170990787
b2b-all-854121-3-105hdt-d,b2b-all-854121-3-105hdt-d-312,b2b-all-854121-3-105hdt-d-3317,freight-hdt-D-Diesel-Baseline,3857,-122.28484865412584,48.27080348856806
b2b-all-856558-1-106md-d,b2b-all-856558-1-106md-d-313,b2b-all-856558-1-106md-d-3323,freight-md-D-Diesel-Baseline,3846,-122.3197516575477,48.17071235294703
b2b-all-863212-1-107md-d,b2b-all-863212-1-107md-d-314,b2b-all-863212-1-107md-d-3339,freight-md-D-Diesel-Baseline,3854,-122.3645144674494,48.26687162473969
b2b-all-863227-1-108hdv-d,b2b-all-863227-1-108hdv-d-315,b2b-all-863227-1-108hdv-d-3361,freight-hdv-D-Diesel-Baseline,3541,-122.31427797980636,47.87771103693878
b2b-all-863229-1-109md-d,b2b-all-863229-1-109md-d-316,b2b-all-863229-1-109md-d-3372,freight-md-D-Diesel-Baseline,3852,-122.34405376094864,48.26236396461197
b2b-all-863230-1-110hdv-d,b2b-all-863230-1-110hdv-d-317,b2b-all-863230-1-110hdv-d-3393,freight-hdv-D-Diesel-Baseline,3498,-122.2399490155574,47.90295972785402
b2b-all-863235-1-111md-d,b2b-all-863235-1-111md-d-318,b2b-all-863235-1-111md-d-3404,freight-md-D-Diesel-Baseline,3450,-122.22679279690622,47.93488832082471
b2b-all-868508-2-112md-d,b2b-all-868508-2-112md-d-319,b2b-all-868508-2-112md-d-3424,freight-md-D-Diesel-Baseline,3639,-122.26280005785826,47.81698097589644
b2b-all-868508-2-112hdv-d,b2b-all-868508-2-112hdv-d-320,b2b-all-868508-2-112hdv-d-3450,freight-hdv-D-Diesel-Baseline,3639,-122.26280005785826,47.81698097589644
b2b-all-871577-1-113md-d,b2b-all-871577-1-113md-d-321,b2b-all-871577-1-113md-d-3470,freight-md-D-Diesel-Baseline,5897,-123.21550111052947,44.80748760973425
b2b-all-871863-1-114md-d,b2b-all-871863-1-114md-d-322,b2b-all-871863-1-114md-d-3490,freight-md-D-Diesel-Baseline,3810,-122.17305708250151,48.12602047647753
b2b-all-871863-1-114hdv-d,b2b-all-871863-1-114hdv-d-323,b2b-all-871863-1-114hdv-d-3516,freight-hdv-D-Diesel-Baseline,3810,-122.17305708250151,48.12602047647753
b2b-all-871863-1-114hdv-d,b2b-all-871863-1-114hdv-d-324,b2b-all-871863-1-114hdv-d-3525,freight-hdv-D-Diesel-Baseline,3810,-122.17305708250151,48.12602047647753
b2b-all-871863-1-115md-d,b2b-all-871863-1-115md-d-325,b2b-all-871863-1-115md-d-3540,freight-md-D-Diesel-Baseline,3810,-122.17305708250151,48.12602047647753
b2b-all-871864-1-116hdv-d,b2b-all-871864-1-116hdv-d-326,b2b-all-871864-1-116hdv-d-3561,freight-hdv-D-Diesel-Baseline,3902,-121.84104419074488,47.8500716611396
b2b-all-871864-1-116hdv-d,b2b-all-871864-1-116hdv-d-327,b2b-all-871864-1-116hdv-d-3570,freight-hdv-D-Diesel-Baseline,3902,-121.84104419074488,47.8500716611396
b2b-all-871864-1-117hdv-d,b2b-all-871864-1-117hdv-d-328,b2b-all-871864-1-117hdv-d-3590,freight-hdv-D-Diesel-Baseline,3902,-121.84104419074488,47.8500716611396
b2b-all-871865-1-118md-d,b2b-all-871865-1-118md-d-329,b2b-all-871865-1-118md-d-3601,freight-md-D-Diesel-Baseline,3191,-122.48240942711132,47.05796598200305
b2b-all-872456-1-119hdv-d-0,b2b-all-872456-1-119hdv-d-0-330,b2b-all-872456-1-119hdv-d-0-3617,freight-hdv-D-Diesel-Baseline,3434,-122.1925206099335,47.97352339797701
b2b-all-872456-1-119hdv-d-0,b2b-all-872456-1-119hdv-d-0-331,b2b-all-872456-1-119hdv-d-0-3621,freight-hdv-D-Diesel-Baseline,3434,-122.1925206099335,47.97352339797701
b2b-all-872456-1-119hdv-d-0,b2b-all-872456-1-119hdv-d-0-332,b2b-all-872456-1-119hdv-d-0-3622,freight-hdv-D-Diesel-Baseline,3434,-122.1925206099335,47.97352339797701
b2b-all-872456-1-119hdv-d-1,b2b-all-872456-1-119hdv-d-1-333,b2b-all-872456-1-119hdv-d-1-3638,freight-hdv-D-Diesel-Baseline,3434,-122.1925206099335,47.97352339797701
b2b-all-872456-1-120hdv-d,b2b-all-872456-1-120hdv-d-334,b2b-all-872456-1-120hdv-d-3654,freight-hdv-D-Diesel-Baseline,3434,-122.1925206099335,47.97352339797701
b2b-all-872457-1-121hdt-d-0,b2b-all-872457-1-121hdt-d-0-335,b2b-all-872457-1-121hdt-d-0-3670,freight-hdt-D-Diesel-Baseline,3637,-122.26431086261611,47.82582451063222
b2b-all-872457-1-121hdt-d-0,b2b-all-872457-1-121hdt-d-0-336,b2b-all-872457-1-121hdt-d-0-3674,freight-hdt-D-Diesel-Baseline,3637,-122.26431086261611,47.82582451063222
b2b-all-872457-1-121hdt-d-0,b2b-all-872457-1-121hdt-d-0-337,b2b-all-872457-1-121hdt-d-0-3675,freight-hdt-D-Diesel-Baseline,3637,-122.26431086261611,47.82582451063222
b2b-all-872457-1-121hdt-d-1,b2b-all-872457-1-121hdt-d-1-338,b2b-all-872457-1-121hdt-d-1-3686,freight-hdt-D-Diesel-Baseline,3637,-122.26431086261611,47.82582451063222
b2b-all-872457-1-121hdt-d-1,b2b-all-872457-1-121hdt-d-1-339,b2b-all-872457-1-121hdt-d-1-3690,freight-hdt-D-Diesel-Baseline,3637,-122.26431086261611,47.82582451063222
b2b-all-872457-1-121hdt-d-1,b2b-all-872457-1-121hdt-d-1-340,b2b-all-872457-1-121hdt-d-1-3691,freight-hdt-D-Diesel-Baseline,3637,-122.26431086261611,47.82582451063222
b2b-all-872457-1-121hdt-d-2,b2b-all-872457-1-121hdt-d-2-341,b2b-all-872457-1-121hdt-d-2-3702,freight-hdt-D-Diesel-Baseline,3637,-122.26431086261611,47.82582451063222
b2b-all-872457-1-121hdt-d-2,b2b-all-872457-1-121hdt-d-2-342,b2b-all-872457-1-121hdt-d-2-3706,freight-hdt-D-Diesel-Baseline,3637,-122.26431086261611,47.82582451063222
b2b-all-872457-1-121hdt-d-2,b2b-all-872457-1-121hdt-d-2-343,b2b-all-872457-1-121hdt-d-2-3707,freight-hdt-D-Diesel-Baseline,3637,-122.26431086261611,47.82582451063222
b2b-all-872457-1-121hdt-d-3,b2b-all-872457-1-121hdt-d-3-344,b2b-all-872457-1-121hdt-d-3-3718,freight-hdt-D-Diesel-Baseline,3637,-122.26431086261611,47.82582451063222
b2b-all-872457-1-121hdt-d-3,b2b-all-872457-1-121hdt-d-3-345,b2b-all-872457-1-121hdt-d-3-3722,freight-hdt-D-Diesel-Baseline,3637,-122.26431086261611,47.82582451063222
b2b-all-872457-1-121hdt-d-3,b2b-all-872457-1-121hdt-d-3-346,b2b-all-872457-1-121hdt-d-3-3723,freight-hdt-D-Diesel-Baseline,3637,-122.26431086261611,47.82582451063222
b2b-all-872457-1-121hdt-d-4,b2b-all-872457-1-121hdt-d-4-347,b2b-all-872457-1-121hdt-d-4-3734,freight-hdt-D-Diesel-Baseline,3637,-122.26431086261611,47.82582451063222
b2b-all-872457-1-121hdt-d-4,b2b-all-872457-1-121hdt-d-4-348,b2b-all-872457-1-121hdt-d-4-3739,freight-hdt-D-Diesel-Baseline,3637,-122.26431086261611,47.82582451063222
b2b-all-872457-1-122hdt-d,b2b-all-872457-1-122hdt-d-349,b2b-all-872457-1-122hdt-d-3755,freight-hdt-D-Diesel-Baseline,3637,-122.26431086261611,47.82582451063222
b2b-all-878071-1-123hdt-d,b2b-all-878071-1-123hdt-d-350,b2b-all-878071-1-123hdt-d-3771,freight-hdt-D-Diesel-Baseline,3248,-122.31687054437133,46.861437401895486
b2b-all-878111-1-124md-d,b2b-all-878111-1-124md-d-351,b2b-all-878111-1-124md-d-3772,freight-md-D-Diesel-Baseline,3717,-122.10718694261593,47.87151148716739
b2b-all-878111-1-124md-d,b2b-all-878111-1-124md-d-352,b2b-all-878111-1-124md-d-3773,freight-md-D-Diesel-Baseline,3717,-122.10718694261593,47.87151148716739
b2b-all-878111-1-124md-d,b2b-all-878111-1-124md-d-353,b2b-all-878111-1-124md-d-3774,freight-md-D-Diesel-Baseline,3717,-122.10718694261593,47.87151148716739
b2b-all-878111-1-124md-d,b2b-all-878111-1-124md-d-354,b2b-all-878111-1-124md-d-3780,freight-md-D-Diesel-Baseline,3717,-122.10718694261593,47.87151148716739
b2b-all-878111-1-124md-d,b2b-all-878111-1-124md-d-355,b2b-all-878111-1-124md-d-3781,freight-md-D-Diesel-Baseline,3717,-122.10718694261593,47.87151148716739
b2b-all-878111-1-124hdv-d,b2b-all-878111-1-124hdv-d-356,b2b-all-878111-1-124hdv-d-3807,freight-hdv-D-Diesel-Baseline,3717,-122.10718694261593,47.87151148716739
b2b-all-878111-1-124hdv-d,b2b-all-878111-1-124hdv-d-357,b2b-all-878111-1-124hdv-d-3816,freight-hdv-D-Diesel-Baseline,3717,-122.10718694261593,47.87151148716739
b2b-all-878112-1-125hdt-d,b2b-all-878112-1-125hdt-d-358,b2b-all-878112-1-125hdt-d-3837,freight-hdt-D-Diesel-Baseline,3859,-122.29243913463227,48.21779152332815
b2b-all-878118-1-126hdv-d-0,b2b-all-878118-1-126hdv-d-0-359,b2b-all-878118-1-126hdv-d-0-3843,freight-hdv-D-Diesel-Baseline,3695,-122.18555037557776,47.83801654042565
b2b-all-878118-1-126hdv-d-0,b2b-all-878118-1-126hdv-d-0-360,b2b-all-878118-1-126hdv-d-0-3847,freight-hdv-D-Diesel-Baseline,3695,-122.18555037557776,47.83801654042565
b2b-all-878118-1-126hdv-d-0,b2b-all-878118-1-126hdv-d-0-361,b2b-all-878118-1-126hdv-d-0-3848,freight-hdv-D-Diesel-Baseline,3695,-122.18555037557776,47.83801654042565
b2b-all-878118-1-126hdv-d-1,b2b-all-878118-1-126hdv-d-1-362,b2b-all-878118-1-126hdv-d-1-3864,freight-hdv-D-Diesel-Baseline,3695,-122.18555037557776,47.83801654042565
b2b-all-878122-1-127hdt-d,b2b-all-878122-1-127hdt-d-363,b2b-all-878122-1-127hdt-d-3883,freight-hdt-D-Diesel-Baseline,3625,-122.28323058695696,47.82787527170963
b2b-all-878122-1-127hdt-d,b2b-all-878122-1-127hdt-d-364,b2b-all-878122-1-127hdt-d-3884,freight-hdt-D-Diesel-Baseline,3625,-122.28323058695696,47.82787527170963
b2b-all-878122-1-127hdt-d,b2b-all-878122-1-127hdt-d-365,b2b-all-878122-1-127hdt-d-3885,freight-hdt-D-Diesel-Baseline,3625,-122.28323058695696,47.82787527170963
b2b-all-878131-1-128hdv-d,b2b-all-878131-1-128hdv-d-366,b2b-all-878131-1-128hdv-d-3891,freight-hdv-D-Diesel-Baseline,3563,-122.35809180387218,47.81432016548816
b2b-all-878131-1-128hdv-d,b2b-all-878131-1-128hdv-d-367,b2b-all-878131-1-128hdv-d-3896,freight-hdv-D-Diesel-Baseline,3563,-122.35809180387218,47.81432016548816
b2b-all-881510-1-129hdt-d,b2b-all-881510-1-129hdt-d-368,b2b-all-881510-1-129hdt-d-3912,freight-hdt-D-Diesel-Baseline,3882,-122.17575920067809,48.15964055322204
b2b-all-881510-1-129hdt-d,b2b-all-881510-1-129hdt-d-369,b2b-all-881510-1-129hdt-d-3917,freight-hdt-D-Diesel-Baseline,3882,-122.17575920067809,48.15964055322204
b2b-all-881510-1-130hdt-d,b2b-all-881510-1-130hdt-d-370,b2b-all-881510-1-130hdt-d-3932,freight-hdt-D-Diesel-Baseline,3882,-122.17575920067809,48.15964055322204
b2b-all-881510-1-130hdt-d,b2b-all-881510-1-130hdt-d-371,b2b-all-881510-1-130hdt-d-3933,freight-hdt-D-Diesel-Baseline,3882,-122.17575920067809,48.15964055322204
b2b-all-882431-1-131md-d,b2b-all-882431-1-131md-d-372,b2b-all-882431-1-131md-d-3939,freight-md-D-Diesel-Baseline,3517,-122.26287664788198,47.88234972935987
b2b-all-882431-1-132md-d,b2b-all-882431-1-132md-d-373,b2b-all-882431-1-132md-d-3955,freight-md-D-Diesel-Baseline,3517,-122.26287664788198,47.88234972935987
b2b-all-882432-1-133md-d,b2b-all-882432-1-133md-d-374,b2b-all-882432-1-133md-d-3971,freight-md-D-Diesel-Baseline,3513,-122.25565100388222,47.87250074309146
b2b-all-891271-2-134hdt-d-0,b2b-all-891271-2-134hdt-d-0-375,b2b-all-891271-2-134hdt-d-0-3992,freight-hdt-D-Diesel-Baseline,3905,-121.67501475677086,47.862786117654174
b2b-all-891271-2-134hdt-d-0,b2b-all-891271-2-134hdt-d-0-376,b2b-all-891271-2-134hdt-d-0-3993,freight-hdt-D-Diesel-Baseline,3905,-121.67501475677086,47.862786117654174
b2b-all-891271-2-134hdt-d-0,b2b-all-891271-2-134hdt-d-0-377,b2b-all-891271-2-134hdt-d-0-3994,freight-hdt-D-Diesel-Baseline,3905,-121.67501475677086,47.862786117654174
b2b-all-891271-2-134hdt-d-0,b2b-all-891271-2-134hdt-d-0-378,b2b-all-891271-2-134hdt-d-0-3998,freight-hdt-D-Diesel-Baseline,3905,-121.67501475677086,47.862786117654174
b2b-all-891271-2-134hdt-d-0,b2b-all-891271-2-134hdt-d-0-379,b2b-all-891271-2-134hdt-d-0-3999,freight-hdt-D-Diesel-Baseline,3905,-121.67501475677086,47.862786117654174
b2b-all-891271-2-134hdt-d-1,b2b-all-891271-2-134hdt-d-1-380,b2b-all-891271-2-134hdt-d-1-4010,freight-hdt-D-Diesel-Baseline,3905,-121.67501475677086,47.862786117654174
b2b-all-891271-2-134hdt-d-1,b2b-all-891271-2-134hdt-d-1-381,b2b-all-891271-2-134hdt-d-1-4011,freight-hdt-D-Diesel-Baseline,3905,-121.67501475677086,47.862786117654174
b2b-all-891271-2-134hdt-d-1,b2b-all-891271-2-134hdt-d-1-382,b2b-all-891271-2-134hdt-d-1-4012,freight-hdt-D-Diesel-Baseline,3905,-121.67501475677086,47.862786117654174
b2b-all-891271-2-134hdt-d-1,b2b-all-891271-2-134hdt-d-1-383,b2b-all-891271-2-134hdt-d-1-4016,freight-hdt-D-Diesel-Baseline,3905,-121.67501475677086,47.862786117654174
b2b-all-891271-2-134hdt-d-1,b2b-all-891271-2-134hdt-d-1-384,b2b-all-891271-2-134hdt-d-1-4017,freight-hdt-D-Diesel-Baseline,3905,-121.67501475677086,47.862786117654174
b2b-all-891271-2-134hdt-d-2,b2b-all-891271-2-134hdt-d-2-385,b2b-all-891271-2-134hdt-d-2-4028,freight-hdt-D-Diesel-Baseline,3905,-121.67501475677086,47.862786117654174
b2b-all-891271-2-134hdt-d-2,b2b-all-891271-2-134hdt-d-2-386,b2b-all-891271-2-134hdt-d-2-4029,freight-hdt-D-Diesel-Baseline,3905,-121.67501475677086,47.862786117654174
b2b-all-891271-2-134hdt-d-2,b2b-all-891271-2-134hdt-d-2-387,b2b-all-891271-2-134hdt-d-2-4030,freight-hdt-D-Diesel-Baseline,3905,-121.67501475677086,47.862786117654174
b2b-all-891271-2-134hdt-d-2,b2b-all-891271-2-134hdt-d-2-388,b2b-all-891271-2-134hdt-d-2-4034,freight-hdt-D-Diesel-Baseline,3905,-121.67501475677086,47.862786117654174
b2b-all-891271-2-134hdt-d-2,b2b-all-891271-2-134hdt-d-2-389,b2b-all-891271-2-134hdt-d-2-4035,freight-hdt-D-Diesel-Baseline,3905,-121.67501475677086,47.862786117654174
b2b-all-891271-2-134hdt-d-3,b2b-all-891271-2-134hdt-d-3-390,b2b-all-891271-2-134hdt-d-3-4047,freight-hdt-D-Diesel-Baseline,3905,-121.67501475677086,47.862786117654174
b2b-all-891271-2-134hdt-d-3,b2b-all-891271-2-134hdt-d-3-391,b2b-all-891271-2-134hdt-d-3-4048,freight-hdt-D-Diesel-Baseline,3905,-121.67501475677086,47.862786117654174
b2b-all-891271-2-134hdt-d-3,b2b-all-891271-2-134hdt-d-3-392,b2b-all-891271-2-134hdt-d-3-4052,freight-hdt-D-Diesel-Baseline,3905,-121.67501475677086,47.862786117654174
b2b-all-891271-2-134hdt-d-3,b2b-all-891271-2-134hdt-d-3-393,b2b-all-891271-2-134hdt-d-3-4053,freight-hdt-D-Diesel-Baseline,3905,-121.67501475677086,47.862786117654174
b2b-all-891271-2-135hdt-d,b2b-all-891271-2-135hdt-d-394,b2b-all-891271-2-135hdt-d-4067,freight-hdt-D-Diesel-Baseline,3905,-121.67501475677086,47.862786117654174
b2b-all-891271-2-135hdt-d,b2b-all-891271-2-135hdt-d-395,b2b-all-891271-2-135hdt-d-4068,freight-hdt-D-Diesel-Baseline,3905,-121.67501475677086,47.862786117654174
b2b-all-891271-2-135hdt-d,b2b-all-891271-2-135hdt-d-396,b2b-all-891271-2-135hdt-d-4069,freight-hdt-D-Diesel-Baseline,3905,-121.67501475677086,47.862786117654174
b2b-all-891271-2-135hdt-d,b2b-all-891271-2-135hdt-d-397,b2b-all-891271-2-135hdt-d-4070,freight-hdt-D-Diesel-Baseline,3905,-121.67501475677086,47.862786117654174
b2b-all-891271-2-135hdt-d,b2b-all-891271-2-135hdt-d-398,b2b-all-891271-2-135hdt-d-4071,freight-hdt-D-Diesel-Baseline,3905,-121.67501475677086,47.862786117654174
b2b-all-21805771-0hdt-d,b2b-all-21805771-0hdt-d-399,b2b-all-21805771-0hdt-d-4082,freight-hdt-D-Diesel-Baseline,3455,-122.30768468413044,47.9372242090533
b2b-all-21805771-0hdt-d,b2b-all-21805771-0hdt-d-400,b2b-all-21805771-0hdt-d-4083,freight-hdt-D-Diesel-Baseline,3455,-122.30768468413044,47.9372242090533
b2b-all-21805771-0hdt-d,b2b-all-21805771-0hdt-d-401,b2b-all-21805771-0hdt-d-4084,freight-hdt-D-Diesel-Baseline,3455,-122.30768468413044,47.9372242090533
b2b-all-21805771-0hdt-d,b2b-all-21805771-0hdt-d-402,b2b-all-21805771-0hdt-d-4085,freight-hdt-D-Diesel-Baseline,3455,-122.30768468413044,47.9372242090533
b2b-all-21805771-0hdt-d,b2b-all-21805771-0hdt-d-403,b2b-all-21805771-0hdt-d-4088,freight-hdt-D-Diesel-Baseline,3455,-122.30768468413044,47.9372242090533
b2b-all-21805771-0hdt-d,b2b-all-21805771-0hdt-d-404,b2b-all-21805771-0hdt-d-4089,freight-hdt-D-Diesel-Baseline,3455,-122.30768468413044,47.9372242090533
b2b-all-21805771-0hdt-d,b2b-all-21805771-0hdt-d-405,b2b-all-21805771-0hdt-d-4083,freight-hdt-D-Diesel-Baseline,3455,-122.30768468413044,47.9372242090533
b2b-all-21805771-1hdt-d,b2b-all-21805771-1hdt-d-406,b2b-all-21805771-1hdt-d-4107,freight-hdt-D-Diesel-Baseline,3455,-122.30768468413044,47.9372242090533
b2b-all-21806671-2hdt-d,b2b-all-21806671-2hdt-d-407,b2b-all-21806671-2hdt-d-4118,freight-hdt-D-Diesel-Baseline,2166,-122.1191313812878,47.48977100718738
b2b-all-21806671-2hdt-d,b2b-all-21806671-2hdt-d-408,b2b-all-21806671-2hdt-d-4119,freight-hdt-D-Diesel-Baseline,2166,-122.1191313812878,47.48977100718738
b2b-all-21806671-2hdt-d,b2b-all-21806671-2hdt-d-409,b2b-all-21806671-2hdt-d-4120,freight-hdt-D-Diesel-Baseline,2166,-122.1191313812878,47.48977100718738
b2b-all-21806671-2hdt-d,b2b-all-21806671-2hdt-d-410,b2b-all-21806671-2hdt-d-4121,freight-hdt-D-Diesel-Baseline,2166,-122.1191313812878,47.48977100718738
b2b-all-21806671-2hdt-d,b2b-all-21806671-2hdt-d-411,b2b-all-21806671-2hdt-d-4122,freight-hdt-D-Diesel-Baseline,2166,-122.1191313812878,47.48977100718738
b2b-all-21806671-2hdt-d,b2b-all-21806671-2hdt-d-412,b2b-all-21806671-2hdt-d-4123,freight-hdt-D-Diesel-Baseline,2166,-122.1191313812878,47.48977100718738
b2b-all-21806671-2hdt-d,b2b-all-21806671-2hdt-d-413,b2b-all-21806671-2hdt-d-4124,freight-hdt-D-Diesel-Baseline,2166,-122.1191313812878,47.48977100718738
b2b-all-21806671-2hdt-d,b2b-all-21806671-2hdt-d-414,b2b-all-21806671-2hdt-d-4125,freight-hdt-D-Diesel-Baseline,2166,-122.1191313812878,47.48977100718738
b2b-all-21806671-3hdt-d,b2b-all-21806671-3hdt-d-415,b2b-all-21806671-3hdt-d-4141,freight-hdt-D-Diesel-Baseline,2166,-122.1191313812878,47.48977100718738
b2b-all-21806671-3hdt-d,b2b-all-21806671-3hdt-d-416,b2b-all-21806671-3hdt-d-4142,freight-hdt-D-Diesel-Baseline,2166,-122.1191313812878,47.48977100718738
b2b-all-21806671-3hdt-d,b2b-all-21806671-3hdt-d-417,b2b-all-21806671-3hdt-d-4143,freight-hdt-D-Diesel-Baseline,2166,-122.1191313812878,47.48977100718738
b2b-all-21806671-3hdt-d,b2b-all-21806671-3hdt-d-418,b2b-all-21806671-3hdt-d-4140,freight-hdt-D-Diesel-Baseline,2166,-122.1191313812878,47.48977100718738
b2b-all-21807511-4hdt-d-0,b2b-all-21807511-4hdt-d-0-419,b2b-all-21807511-4hdt-d-0-4154,freight-hdt-D-Diesel-Baseline,3268,-122.29477561122702,47.199116444944806
b2b-all-21807511-4hdt-d-0,b2b-all-21807511-4hdt-d-0-420,b2b-all-21807511-4hdt-d-0-4155,freight-hdt-D-Diesel-Baseline,3268,-122.29477561122702,47.199116444944806
b2b-all-21807511-4hdt-d-0,b2b-all-21807511-4hdt-d-0-421,b2b-all-21807511-4hdt-d-0-4156,freight-hdt-D-Diesel-Baseline,3268,-122.29477561122702,47.199116444944806
b2b-all-21807511-4hdt-d-0,b2b-all-21807511-4hdt-d-0-422,b2b-all-21807511-4hdt-d-0-4157,freight-hdt-D-Diesel-Baseline,3268,-122.29477561122702,47.199116444944806
b2b-all-21807511-4hdt-d-0,b2b-all-21807511-4hdt-d-0-423,b2b-all-21807511-4hdt-d-0-4162,freight-hdt-D-Diesel-Baseline,3268,-122.29477561122702,47.199116444944806
b2b-all-21807511-4hdt-d-0,b2b-all-21807511-4hdt-d-0-424,b2b-all-21807511-4hdt-d-0-4163,freight-hdt-D-Diesel-Baseline,3268,-122.29477561122702,47.199116444944806
b2b-all-21807511-4hdt-d-0,b2b-all-21807511-4hdt-d-0-425,b2b-all-21807511-4hdt-d-0-4164,freight-hdt-D-Diesel-Baseline,3268,-122.29477561122702,47.199116444944806
b2b-all-21807511-4hdt-d-0,b2b-all-21807511-4hdt-d-0-426,b2b-all-21807511-4hdt-d-0-4154,freight-hdt-D-Diesel-Baseline,3268,-122.29477561122702,47.199116444944806
b2b-all-21807511-4hdt-d-0,b2b-all-21807511-4hdt-d-0-427,b2b-all-21807511-4hdt-d-0-4156,freight-hdt-D-Diesel-Baseline,3268,-122.29477561122702,47.199116444944806
b2b-all-21807511-4hdt-d-0,b2b-all-21807511-4hdt-d-0-428,b2b-all-21807511-4hdt-d-0-4157,freight-hdt-D-Diesel-Baseline,3268,-122.29477561122702,47.199116444944806
b2b-all-21807511-4hdt-d-1,b2b-all-21807511-4hdt-d-1-429,b2b-all-21807511-4hdt-d-1-4176,freight-hdt-D-Diesel-Baseline,3268,-122.29477561122702,47.199116444944806
b2b-all-21807511-4hdt-d-1,b2b-all-21807511-4hdt-d-1-430,b2b-all-21807511-4hdt-d-1-4177,freight-hdt-D-Diesel-Baseline,3268,-122.29477561122702,47.199116444944806
b2b-all-21807511-4hdt-d-1,b2b-all-21807511-4hdt-d-1-431,b2b-all-21807511-4hdt-d-1-4178,freight-hdt-D-Diesel-Baseline,3268,-122.29477561122702,47.199116444944806
b2b-all-21807511-4hdt-d-1,b2b-all-21807511-4hdt-d-1-432,b2b-all-21807511-4hdt-d-1-4179,freight-hdt-D-Diesel-Baseline,3268,-122.29477561122702,47.199116444944806
b2b-all-21807511-4hdt-d-1,b2b-all-21807511-4hdt-d-1-433,b2b-all-21807511-4hdt-d-1-4180,freight-hdt-D-Diesel-Baseline,3268,-122.29477561122702,47.199116444944806
b2b-all-21807511-4hdt-d-1,b2b-all-21807511-4hdt-d-1-434,b2b-all-21807511-4hdt-d-1-4183,freight-hdt-D-Diesel-Baseline,3268,-122.29477561122702,47.199116444944806
b2b-all-21807511-4hdt-d-1,b2b-all-21807511-4hdt-d-1-435,b2b-all-21807511-4hdt-d-1-4184,freight-hdt-D-Diesel-Baseline,3268,-122.29477561122702,47.199116444944806
b2b-all-21807511-4hdt-d-1,b2b-all-21807511-4hdt-d-1-436,b2b-all-21807511-4hdt-d-1-4185,freight-hdt-D-Diesel-Baseline,3268,-122.29477561122702,47.199116444944806
b2b-all-21807511-4hdt-d-2,b2b-all-21807511-4hdt-d-2-437,b2b-all-21807511-4hdt-d-2-4196,freight-hdt-D-Diesel-Baseline,3268,-122.29477561122702,47.199116444944806
b2b-all-21807511-4hdt-d-2,b2b-all-21807511-4hdt-d-2-438,b2b-all-21807511-4hdt-d-2-4197,freight-hdt-D-Diesel-Baseline,3268,-122.29477561122702,47.199116444944806
b2b-all-21807511-4hdt-d-2,b2b-all-21807511-4hdt-d-2-439,b2b-all-21807511-4hdt-d-2-4198,freight-hdt-D-Diesel-Baseline,3268,-122.29477561122702,47.199116444944806
b2b-all-21807511-4hdt-d-2,b2b-all-21807511-4hdt-d-2-440,b2b-all-21807511-4hdt-d-2-4205,freight-hdt-D-Diesel-Baseline,3268,-122.29477561122702,47.199116444944806
b2b-all-21807511-4hdt-d-2,b2b-all-21807511-4hdt-d-2-441,b2b-all-21807511-4hdt-d-2-4206,freight-hdt-D-Diesel-Baseline,3268,-122.29477561122702,47.199116444944806
b2b-all-21807511-5hdt-d,b2b-all-21807511-5hdt-d-442,b2b-all-21807511-5hdt-d-4224,freight-hdt-D-Diesel-Baseline,3268,-122.29477561122702,47.199116444944806
b2b-all-21807511-5hdt-d,b2b-all-21807511-5hdt-d-443,b2b-all-21807511-5hdt-d-4225,freight-hdt-D-Diesel-Baseline,3268,-122.29477561122702,47.199116444944806
b2b-all-21807511-5hdt-d,b2b-all-21807511-5hdt-d-444,b2b-all-21807511-5hdt-d-4226,freight-hdt-D-Diesel-Baseline,3268,-122.29477561122702,47.199116444944806
b2b-all-21807511-5hdt-d,b2b-all-21807511-5hdt-d-445,b2b-all-21807511-5hdt-d-4227,freight-hdt-D-Diesel-Baseline,3268,-122.29477561122702,47.199116444944806
b2b-all-21809851-6hdt-d-0,b2b-all-21809851-6hdt-d-0-446,b2b-all-21809851-6hdt-d-0-4238,freight-hdt-D-Diesel-Baseline,2128,-121.69744610643237,47.16798796331104
b2b-all-21809851-6hdt-d-0,b2b-all-21809851-6hdt-d-0-447,b2b-all-21809851-6hdt-d-0-4238,freight-hdt-D-Diesel-Baseline,2128,-121.69744610643237,47.16798796331104
b2b-all-21809851-6hdt-d-0,b2b-all-21809851-6hdt-d-0-448,b2b-all-21809851-6hdt-d-0-4239,freight-hdt-D-Diesel-Baseline,2128,-121.69744610643237,47.16798796331104
b2b-all-21809851-6hdt-d-0,b2b-all-21809851-6hdt-d-0-449,b2b-all-21809851-6hdt-d-0-4240,freight-hdt-D-Diesel-Baseline,2128,-121.69744610643237,47.16798796331104
b2b-all-21809851-6hdt-d-0,b2b-all-21809851-6hdt-d-0-450,b2b-all-21809851-6hdt-d-0-4248,freight-hdt-D-Diesel-Baseline,2128,-121.69744610643237,47.16798796331104
b2b-all-21809851-6hdt-d-0,b2b-all-21809851-6hdt-d-0-451,b2b-all-21809851-6hdt-d-0-4249,freight-hdt-D-Diesel-Baseline,2128,-121.69744610643237,47.16798796331104
b2b-all-21809851-6hdt-d-0,b2b-all-21809851-6hdt-d-0-452,b2b-all-21809851-6hdt-d-0-4250,freight-hdt-D-Diesel-Baseline,2128,-121.69744610643237,47.16798796331104
b2b-all-21809851-6hdt-d-1,b2b-all-21809851-6hdt-d-1-453,b2b-all-21809851-6hdt-d-1-4262,freight-hdt-D-Diesel-Baseline,2128,-121.69744610643237,47.16798796331104
b2b-all-21809851-6hdt-d-1,b2b-all-21809851-6hdt-d-1-454,b2b-all-21809851-6hdt-d-1-4263,freight-hdt-D-Diesel-Baseline,2128,-121.69744610643237,47.16798796331104
b2b-all-21809851-6hdt-d-1,b2b-all-21809851-6hdt-d-1-455,b2b-all-21809851-6hdt-d-1-4264,freight-hdt-D-Diesel-Baseline,2128,-121.69744610643237,47.16798796331104
b2b-all-21809851-6hdt-d-1,b2b-all-21809851-6hdt-d-1-456,b2b-all-21809851-6hdt-d-1-4272,freight-hdt-D-Diesel-Baseline,2128,-121.69744610643237,47.16798796331104
b2b-all-21809851-6hdt-d-1,b2b-all-21809851-6hdt-d-1-457,b2b-all-21809851-6hdt-d-1-4273,freight-hdt-D-Diesel-Baseline,2128,-121.69744610643237,47.16798796331104
b2b-all-21809851-6hdt-d-1,b2b-all-21809851-6hdt-d-1-458,b2b-all-21809851-6hdt-d-1-4274,freight-hdt-D-Diesel-Baseline,2128,-121.69744610643237,47.16798796331104
b2b-all-21809851-6hdt-d-1,b2b-all-21809851-6hdt-d-1-459,b2b-all-21809851-6hdt-d-1-4275,freight-hdt-D-Diesel-Baseline,2128,-121.69744610643237,47.16798796331104
b2b-all-21809851-6hdt-d-2,b2b-all-21809851-6hdt-d-2-460,b2b-all-21809851-6hdt-d-2-4286,freight-hdt-D-Diesel-Baseline,2128,-121.69744610643237,47.16798796331104
b2b-all-21809851-6hdt-d-2,b2b-all-21809851-6hdt-d-2-461,b2b-all-21809851-6hdt-d-2-4287,freight-hdt-D-Diesel-Baseline,2128,-121.69744610643237,47.16798796331104
b2b-all-21809851-6hdt-d-2,b2b-all-21809851-6hdt-d-2-462,b2b-all-21809851-6hdt-d-2-4288,freight-hdt-D-Diesel-Baseline,2128,-121.69744610643237,47.16798796331104
b2b-all-21809851-6hdt-d-2,b2b-all-21809851-6hdt-d-2-463,b2b-all-21809851-6hdt-d-2-4296,freight-hdt-D-Diesel-Baseline,2128,-121.69744610643237,47.16798796331104
b2b-all-21809851-6hdt-d-2,b2b-all-21809851-6hdt-d-2-464,b2b-all-21809851-6hdt-d-2-4297,freight-hdt-D-Diesel-Baseline,2128,-121.69744610643237,47.16798796331104
b2b-all-21809851-6hdt-d-2,b2b-all-21809851-6hdt-d-2-465,b2b-all-21809851-6hdt-d-2-4298,freight-hdt-D-Diesel-Baseline,2128,-121.69744610643237,47.16798796331104
b2b-all-21809851-6hdt-d-2,b2b-all-21809851-6hdt-d-2-466,b2b-all-21809851-6hdt-d-2-4299,freight-hdt-D-Diesel-Baseline,2128,-121.69744610643237,47.16798796331104
b2b-all-21809851-6hdt-d-3,b2b-all-21809851-6hdt-d-3-467,b2b-all-21809851-6hdt-d-3-4323,freight-hdt-D-Diesel-Baseline,2128,-121.69744610643237,47.16798796331104
b2b-all-21809851-7hdt-d,b2b-all-21809851-7hdt-d-468,b2b-all-21809851-7hdt-d-4346,freight-hdt-D-Diesel-Baseline,2128,-121.69744610643237,47.16798796331104
b2b-all-21809851-7hdt-d,b2b-all-21809851-7hdt-d-469,b2b-all-21809851-7hdt-d-4347,freight-hdt-D-Diesel-Baseline,2128,-121.69744610643237,47.16798796331104
b2b-all-21809851-7hdt-d,b2b-all-21809851-7hdt-d-470,b2b-all-21809851-7hdt-d-4339,freight-hdt-D-Diesel-Baseline,2128,-121.69744610643237,47.16798796331104
b2b-all-21809851-7hdt-d,b2b-all-21809851-7hdt-d-471,b2b-all-21809851-7hdt-d-4340,freight-hdt-D-Diesel-Baseline,2128,-121.69744610643237,47.16798796331104
b2b-all-21809851-7hdt-d,b2b-all-21809851-7hdt-d-472,b2b-all-21809851-7hdt-d-4341,freight-hdt-D-Diesel-Baseline,2128,-121.69744610643237,47.16798796331104
b2b-all-21809851-7hdt-d,b2b-all-21809851-7hdt-d-473,b2b-all-21809851-7hdt-d-4342,freight-hdt-D-Diesel-Baseline,2128,-121.69744610643237,47.16798796331104
b2b-all-21809851-7hdt-d,b2b-all-21809851-7hdt-d-474,b2b-all-21809851-7hdt-d-4344,freight-hdt-D-Diesel-Baseline,2128,-121.69744610643237,47.16798796331104
b2b-all-21809851-7hdt-d,b2b-all-21809851-7hdt-d-475,b2b-all-21809851-7hdt-d-4345,freight-hdt-D-Diesel-Baseline,2128,-121.69744610643237,47.16798796331104
b2b-all-21809891-8hdt-d,b2b-all-21809891-8hdt-d-476,b2b-all-21809891-8hdt-d-4358,freight-hdt-D-Diesel-Baseline,3895,-121.26884369455286,48.17174536079158
b2b-all-21809891-8hdt-d,b2b-all-21809891-8hdt-d-477,b2b-all-21809891-8hdt-d-4365,freight-hdt-D-Diesel-Baseline,3895,-121.26884369455286,48.17174536079158
b2b-all-21810291-9hdt-d,b2b-all-21810291-9hdt-d-478,b2b-all-21810291-9hdt-d-4383,freight-hdt-D-Diesel-Baseline,3854,-122.3645144674494,48.26687162473969
b2b-all-21810291-9hdt-d,b2b-all-21810291-9hdt-d-479,b2b-all-21810291-9hdt-d-4382,freight-hdt-D-Diesel-Baseline,3854,-122.3645144674494,48.26687162473969
b2b-all-21810291-10hdt-d,b2b-all-21810291-10hdt-d-480,b2b-all-21810291-10hdt-d-4401,freight-hdt-D-Diesel-Baseline,3854,-122.3645144674494,48.26687162473969
b2b-all-21810351-11hdt-d,b2b-all-21810351-11hdt-d-481,b2b-all-21810351-11hdt-d-4412,freight-hdt-D-Diesel-Baseline,3854,-122.3645144674494,48.26687162473969
b2b-all-21810351-11hdt-d,b2b-all-21810351-11hdt-d-482,b2b-all-21810351-11hdt-d-4413,freight-hdt-D-Diesel-Baseline,3854,-122.3645144674494,48.26687162473969
b2b-all-21810351-11hdt-d,b2b-all-21810351-11hdt-d-483,b2b-all-21810351-11hdt-d-4414,freight-hdt-D-Diesel-Baseline,3854,-122.3645144674494,48.26687162473969
b2b-all-21810351-11hdt-d,b2b-all-21810351-11hdt-d-484,b2b-all-21810351-11hdt-d-4417,freight-hdt-D-Diesel-Baseline,3854,-122.3645144674494,48.26687162473969
b2b-all-21810351-11hdt-d,b2b-all-21810351-11hdt-d-485,b2b-all-21810351-11hdt-d-4418,freight-hdt-D-Diesel-Baseline,3854,-122.3645144674494,48.26687162473969
b2b-all-21810351-11hdt-d,b2b-all-21810351-11hdt-d-486,b2b-all-21810351-11hdt-d-4414,freight-hdt-D-Diesel-Baseline,3854,-122.3645144674494,48.26687162473969
b2b-all-21810351-12hdt-d,b2b-all-21810351-12hdt-d-487,b2b-all-21810351-12hdt-d-4433,freight-hdt-D-Diesel-Baseline,3854,-122.3645144674494,48.26687162473969
b2b-all-21810351-12hdt-d,b2b-all-21810351-12hdt-d-488,b2b-all-21810351-12hdt-d-4434,freight-hdt-D-Diesel-Baseline,3854,-122.3645144674494,48.26687162473969
b2b-all-21810351-12hdt-d,b2b-all-21810351-12hdt-d-489,b2b-all-21810351-12hdt-d-4435,freight-hdt-D-Diesel-Baseline,3854,-122.3645144674494,48.26687162473969
b2b-all-21810351-12hdt-d,b2b-all-21810351-12hdt-d-490,b2b-all-21810351-12hdt-d-4436,freight-hdt-D-Diesel-Baseline,3854,-122.3645144674494,48.26687162473969
b2b-all-21810351-12hdt-d,b2b-all-21810351-12hdt-d-491,b2b-all-21810351-12hdt-d-4437,freight-hdt-D-Diesel-Baseline,3854,-122.3645144674494,48.26687162473969
b2b-all-21810351-12hdt-d,b2b-all-21810351-12hdt-d-492,b2b-all-21810351-12hdt-d-4431,freight-hdt-D-Diesel-Baseline,3854,-122.3645144674494,48.26687162473969
b2b-all-21810351-12hdt-d,b2b-all-21810351-12hdt-d-493,b2b-all-21810351-12hdt-d-4432,freight-hdt-D-Diesel-Baseline,3854,-122.3645144674494,48.26687162473969
b2b-all-21810361-13hdt-d,b2b-all-21810361-13hdt-d-494,b2b-all-21810361-13hdt-d-4448,freight-hdt-D-Diesel-Baseline,3854,-122.3645144674494,48.26687162473969
b2b-all-21810361-13hdt-d,b2b-all-21810361-13hdt-d-495,b2b-all-21810361-13hdt-d-4449,freight-hdt-D-Diesel-Baseline,3854,-122.3645144674494,48.26687162473969
b2b-all-21810361-13hdt-d,b2b-all-21810361-13hdt-d-496,b2b-all-21810361-13hdt-d-4450,freight-hdt-D-Diesel-Baseline,3854,-122.3645144674494,48.26687162473969
b2b-all-21810361-13hdt-d,b2b-all-21810361-13hdt-d-497,b2b-all-21810361-13hdt-d-4451,freight-hdt-D-Diesel-Baseline,3854,-122.3645144674494,48.26687162473969
b2b-all-21810361-13hdt-d,b2b-all-21810361-13hdt-d-498,b2b-all-21810361-13hdt-d-4452,freight-hdt-D-Diesel-Baseline,3854,-122.3645144674494,48.26687162473969
b2b-all-21810361-13hdt-d,b2b-all-21810361-13hdt-d-499,b2b-all-21810361-13hdt-d-4453,freight-hdt-D-Diesel-Baseline,3854,-122.3645144674494,48.26687162473969
b2b-all-21810361-13hdt-d,b2b-all-21810361-13hdt-d-500,b2b-all-21810361-13hdt-d-4454,freight-hdt-D-Diesel-Baseline,3854,-122.3645144674494,48.26687162473969
b2b-all-21810361-13hdt-d,b2b-all-21810361-13hdt-d-501,b2b-all-21810361-13hdt-d-4455,freight-hdt-D-Diesel-Baseline,3854,-122.3645144674494,48.26687162473969
b2b-all-21810361-14hdt-d,b2b-all-21810361-14hdt-d-502,b2b-all-21810361-14hdt-d-4472,freight-hdt-D-Diesel-Baseline,3854,-122.3645144674494,48.26687162473969
b2b-all-21810361-14hdt-d,b2b-all-21810361-14hdt-d-503,b2b-all-21810361-14hdt-d-4473,freight-hdt-D-Diesel-Baseline,3854,-122.3645144674494,48.26687162473969
b2b-all-22119021-15md-d-0,b2b-all-22119021-15md-d-0-504,b2b-all-22119021-15md-d-0-4474,freight-md-D-Diesel-Baseline,1791,-122.3550541156021,47.50756124198602
b2b-all-22119021-15md-d-0,b2b-all-22119021-15md-d-0-505,b2b-all-22119021-15md-d-0-4475,freight-md-D-Diesel-Baseline,1791,-122.3550541156021,47.50756124198602
b2b-all-22119021-15md-d-0,b2b-all-22119021-15md-d-0-506,b2b-all-22119021-15md-d-0-4476,freight-md-D-Diesel-Baseline,1791,-122.3550541156021,47.50756124198602
b2b-all-22119021-15md-d-0,b2b-all-22119021-15md-d-0-507,b2b-all-22119021-15md-d-0-4477,freight-md-D-Diesel-Baseline,1791,-122.3550541156021,47.50756124198602
b2b-all-22119021-15md-d-0,b2b-all-22119021-15md-d-0-508,b2b-all-22119021-15md-d-0-4478,freight-md-D-Diesel-Baseline,1791,-122.3550541156021,47.50756124198602
b2b-all-22119021-15md-d-0,b2b-all-22119021-15md-d-0-509,b2b-all-22119021-15md-d-0-4479,freight-md-D-Diesel-Baseline,1791,-122.3550541156021,47.50756124198602
b2b-all-22119021-15md-d-0,b2b-all-22119021-15md-d-0-510,b2b-all-22119021-15md-d-0-4480,freight-md-D-Diesel-Baseline,1791,-122.3550541156021,47.50756124198602
b2b-all-22119021-15md-d-0,b2b-all-22119021-15md-d-0-511,b2b-all-22119021-15md-d-0-4481,freight-md-D-Diesel-Baseline,1791,-122.3550541156021,47.50756124198602
b2b-all-22119021-15md-d-1,b2b-all-22119021-15md-d-1-512,b2b-all-22119021-15md-d-1-4492,freight-md-D-Diesel-Baseline,1791,-122.3550541156021,47.50756124198602
b2b-all-22119021-15md-d-1,b2b-all-22119021-15md-d-1-513,b2b-all-22119021-15md-d-1-4499,freight-md-D-Diesel-Baseline,1791,-122.3550541156021,47.50756124198602
b2b-all-22119021-16md-d,b2b-all-22119021-16md-d-514,b2b-all-22119021-16md-d-4517,freight-md-D-Diesel-Baseline,1791,-122.3550541156021,47.50756124198602
b2b-all-22120591-17hdt-d,b2b-all-22120591-17hdt-d-515,b2b-all-22120591-17hdt-d-4538,freight-hdt-D-Diesel-Baseline,3191,-122.48240942711132,47.05796598200305
b2b-all-22120591-17hdt-d,b2b-all-22120591-17hdt-d-516,b2b-all-22120591-17hdt-d-4539,freight-hdt-D-Diesel-Baseline,3191,-122.48240942711132,47.05796598200305
b2b-all-22120591-17hdt-d,b2b-all-22120591-17hdt-d-517,b2b-all-22120591-17hdt-d-4544,freight-hdt-D-Diesel-Baseline,3191,-122.48240942711132,47.05796598200305
b2b-all-22120591-17hdt-d,b2b-all-22120591-17hdt-d-518,b2b-all-22120591-17hdt-d-4545,freight-hdt-D-Diesel-Baseline,3191,-122.48240942711132,47.05796598200305
b2b-all-22120591-18hdt-d,b2b-all-22120591-18hdt-d-519,b2b-all-22120591-18hdt-d-4562,freight-hdt-D-Diesel-Baseline,3191,-122.48240942711132,47.05796598200305
b2b-all-22120591-18hdt-d,b2b-all-22120591-18hdt-d-520,b2b-all-22120591-18hdt-d-4563,freight-hdt-D-Diesel-Baseline,3191,-122.48240942711132,47.05796598200305
b2b-all-22122971-19hdt-d-0,b2b-all-22122971-19hdt-d-0-521,b2b-all-22122971-19hdt-d-0-4574,freight-hdt-D-Diesel-Baseline,3191,-122.48240942711132,47.05796598200305
b2b-all-22122971-19hdt-d-0,b2b-all-22122971-19hdt-d-0-522,b2b-all-22122971-19hdt-d-0-4575,freight-hdt-D-Diesel-Baseline,3191,-122.48240942711132,47.05796598200305
b2b-all-22122971-19hdt-d-0,b2b-all-22122971-19hdt-d-0-523,b2b-all-22122971-19hdt-d-0-4576,freight-hdt-D-Diesel-Baseline,3191,-122.48240942711132,47.05796598200305
b2b-all-22122971-19hdt-d-0,b2b-all-22122971-19hdt-d-0-524,b2b-all-22122971-19hdt-d-0-4577,freight-hdt-D-Diesel-Baseline,3191,-122.48240942711132,47.05796598200305
b2b-all-22122971-19hdt-d-0,b2b-all-22122971-19hdt-d-0-525,b2b-all-22122971-19hdt-d-0-4578,freight-hdt-D-Diesel-Baseline,3191,-122.48240942711132,47.05796598200305
b2b-all-22122971-19hdt-d-0,b2b-all-22122971-19hdt-d-0-526,b2b-all-22122971-19hdt-d-0-4579,freight-hdt-D-Diesel-Baseline,3191,-122.48240942711132,47.05796598200305
b2b-all-22122971-19hdt-d-0,b2b-all-22122971-19hdt-d-0-527,b2b-all-22122971-19hdt-d-0-4580,freight-hdt-D-Diesel-Baseline,3191,-122.48240942711132,47.05796598200305
b2b-all-22122971-19hdt-d-0,b2b-all-22122971-19hdt-d-0-528,b2b-all-22122971-19hdt-d-0-4581,freight-hdt-D-Diesel-Baseline,3191,-122.48240942711132,47.05796598200305
b2b-all-22122971-19hdt-d-1,b2b-all-22122971-19hdt-d-1-529,b2b-all-22122971-19hdt-d-1-4592,freight-hdt-D-Diesel-Baseline,3191,-122.48240942711132,47.05796598200305
b2b-all-22122971-19hdt-d-1,b2b-all-22122971-19hdt-d-1-530,b2b-all-22122971-19hdt-d-1-4593,freight-hdt-D-Diesel-Baseline,3191,-122.48240942711132,47.05796598200305
b2b-all-22122971-19hdt-d-1,b2b-all-22122971-19hdt-d-1-531,b2b-all-22122971-19hdt-d-1-4599,freight-hdt-D-Diesel-Baseline,3191,-122.48240942711132,47.05796598200305
b2b-all-22123031-20hdt-d-0,b2b-all-22123031-20hdt-d-0-532,b2b-all-22123031-20hdt-d-0-4610,freight-hdt-D-Diesel-Baseline,3184,-122.66808420396303,47.10635009599398
b2b-all-22123031-20hdt-d-0,b2b-all-22123031-20hdt-d-0-533,b2b-all-22123031-20hdt-d-0-4611,freight-hdt-D-Diesel-Baseline,3184,-122.66808420396303,47.10635009599398
b2b-all-22123031-20hdt-d-0,b2b-all-22123031-20hdt-d-0-534,b2b-all-22123031-20hdt-d-0-4612,freight-hdt-D-Diesel-Baseline,3184,-122.66808420396303,47.10635009599398
b2b-all-22123031-20hdt-d-0,b2b-all-22123031-20hdt-d-0-535,b2b-all-22123031-20hdt-d-0-4613,freight-hdt-D-Diesel-Baseline,3184,-122.66808420396303,47.10635009599398
b2b-all-22123031-20hdt-d-0,b2b-all-22123031-20hdt-d-0-536,b2b-all-22123031-20hdt-d-0-4614,freight-hdt-D-Diesel-Baseline,3184,-122.66808420396303,47.10635009599398
b2b-all-22123031-20hdt-d-0,b2b-all-22123031-20hdt-d-0-537,b2b-all-22123031-20hdt-d-0-4615,freight-hdt-D-Diesel-Baseline,3184,-122.66808420396303,47.10635009599398
b2b-all-22123031-20hdt-d-0,b2b-all-22123031-20hdt-d-0-538,b2b-all-22123031-20hdt-d-0-4616,freight-hdt-D-Diesel-Baseline,3184,-122.66808420396303,47.10635009599398
b2b-all-22123031-20hdt-d-0,b2b-all-22123031-20hdt-d-0-539,b2b-all-22123031-20hdt-d-0-4617,freight-hdt-D-Diesel-Baseline,3184,-122.66808420396303,47.10635009599398
b2b-all-22123031-20hdt-d-1,b2b-all-22123031-20hdt-d-1-540,b2b-all-22123031-20hdt-d-1-4628,freight-hdt-D-Diesel-Baseline,3184,-122.66808420396303,47.10635009599398
b2b-all-22123031-20hdt-d-1,b2b-all-22123031-20hdt-d-1-541,b2b-all-22123031-20hdt-d-1-4635,freight-hdt-D-Diesel-Baseline,3184,-122.66808420396303,47.10635009599398
b2b-all-22123031-21hdt-d,b2b-all-22123031-21hdt-d-542,b2b-all-22123031-21hdt-d-4652,freight-hdt-D-Diesel-Baseline,3184,-122.66808420396303,47.10635009599398
b2b-all-22123031-21hdt-d,b2b-all-22123031-21hdt-d-543,b2b-all-22123031-21hdt-d-4653,freight-hdt-D-Diesel-Baseline,3184,-122.66808420396303,47.10635009599398
b2b-all-22123031-21hdt-d,b2b-all-22123031-21hdt-d-544,b2b-all-22123031-21hdt-d-4651,freight-hdt-D-Diesel-Baseline,3184,-122.66808420396303,47.10635009599398
b2b-all-22123061-22hdt-d-0,b2b-all-22123061-22hdt-d-0-545,b2b-all-22123061-22hdt-d-0-4664,freight-hdt-D-Diesel-Baseline,5885,-123.12917480974409,44.98433170990787
b2b-all-22123061-22hdt-d-0,b2b-all-22123061-22hdt-d-0-546,b2b-all-22123061-22hdt-d-0-4665,freight-hdt-D-Diesel-Baseline,5885,-123.12917480974409,44.98433170990787
b2b-all-22123061-22hdt-d-0,b2b-all-22123061-22hdt-d-0-547,b2b-all-22123061-22hdt-d-0-4666,freight-hdt-D-Diesel-Baseline,5885,-123.12917480974409,44.98433170990787
b2b-all-22123061-22hdt-d-0,b2b-all-22123061-22hdt-d-0-548,b2b-all-22123061-22hdt-d-0-4667,freight-hdt-D-Diesel-Baseline,5885,-123.12917480974409,44.98433170990787
b2b-all-22123061-22hdt-d-0,b2b-all-22123061-22hdt-d-0-549,b2b-all-22123061-22hdt-d-0-4668,freight-hdt-D-Diesel-Baseline,5885,-123.12917480974409,44.98433170990787
b2b-all-22123061-22hdt-d-0,b2b-all-22123061-22hdt-d-0-550,b2b-all-22123061-22hdt-d-0-4669,freight-hdt-D-Diesel-Baseline,5885,-123.12917480974409,44.98433170990787
b2b-all-22123061-22hdt-d-0,b2b-all-22123061-22hdt-d-0-551,b2b-all-22123061-22hdt-d-0-4670,freight-hdt-D-Diesel-Baseline,5885,-123.12917480974409,44.98433170990787
b2b-all-22123061-22hdt-d-0,b2b-all-22123061-22hdt-d-0-552,b2b-all-22123061-22hdt-d-0-4671,freight-hdt-D-Diesel-Baseline,5885,-123.12917480974409,44.98433170990787
b2b-all-22123061-22hdt-d-1,b2b-all-22123061-22hdt-d-1-553,b2b-all-22123061-22hdt-d-1-4682,freight-hdt-D-Diesel-Baseline,5885,-123.12917480974409,44.98433170990787
b2b-all-22123061-22hdt-d-1,b2b-all-22123061-22hdt-d-1-554,b2b-all-22123061-22hdt-d-1-4683,freight-hdt-D-Diesel-Baseline,5885,-123.12917480974409,44.98433170990787
b2b-all-22123461-23hdt-d,b2b-all-22123461-23hdt-d-555,b2b-all-22123461-23hdt-d-4707,freight-hdt-D-Diesel-Baseline,5885,-123.12917480974409,44.98433170990787
b2b-all-22123461-23hdt-d,b2b-all-22123461-23hdt-d-556,b2b-all-22123461-23hdt-d-4700,freight-hdt-D-Diesel-Baseline,5885,-123.12917480974409,44.98433170990787
b2b-all-22123461-23hdt-d,b2b-all-22123461-23hdt-d-557,b2b-all-22123461-23hdt-d-4704,freight-hdt-D-Diesel-Baseline,5885,-123.12917480974409,44.98433170990787
b2b-all-22123461-23hdt-d,b2b-all-22123461-23hdt-d-558,b2b-all-22123461-23hdt-d-4705,freight-hdt-D-Diesel-Baseline,5885,-123.12917480974409,44.98433170990787
b2b-all-22123461-23hdt-d,b2b-all-22123461-23hdt-d-559,b2b-all-22123461-23hdt-d-4706,freight-hdt-D-Diesel-Baseline,5885,-123.12917480974409,44.98433170990787
b2b-all-22123461-24hdt-d,b2b-all-22123461-24hdt-d-560,b2b-all-22123461-24hdt-d-4724,freight-hdt-D-Diesel-Baseline,5885,-123.12917480974409,44.98433170990787
b2b-all-22123461-24hdt-d,b2b-all-22123461-24hdt-d-561,b2b-all-22123461-24hdt-d-4725,freight-hdt-D-Diesel-Baseline,5885,-123.12917480974409,44.98433170990787
b2b-all-22123501-25hdt-d-0,b2b-all-22123501-25hdt-d-0-562,b2b-all-22123501-25hdt-d-0-4736,freight-hdt-D-Diesel-Baseline,5885,-123.12917480974409,44.98433170990787
b2b-all-22123501-25hdt-d-0,b2b-all-22123501-25hdt-d-0-563,b2b-all-22123501-25hdt-d-0-4737,freight-hdt-D-Diesel-Baseline,5885,-123.12917480974409,44.98433170990787
b2b-all-22123501-25hdt-d-0,b2b-all-22123501-25hdt-d-0-564,b2b-all-22123501-25hdt-d-0-4738,freight-hdt-D-Diesel-Baseline,5885,-123.12917480974409,44.98433170990787
b2b-all-22123501-25hdt-d-0,b2b-all-22123501-25hdt-d-0-565,b2b-all-22123501-25hdt-d-0-4739,freight-hdt-D-Diesel-Baseline,5885,-123.12917480974409,44.98433170990787
b2b-all-22123501-25hdt-d-0,b2b-all-22123501-25hdt-d-0-566,b2b-all-22123501-25hdt-d-0-4740,freight-hdt-D-Diesel-Baseline,5885,-123.12917480974409,44.98433170990787
b2b-all-22123501-25hdt-d-0,b2b-all-22123501-25hdt-d-0-567,b2b-all-22123501-25hdt-d-0-4741,freight-hdt-D-Diesel-Baseline,5885,-123.12917480974409,44.98433170990787
b2b-all-22123501-25hdt-d-0,b2b-all-22123501-25hdt-d-0-568,b2b-all-22123501-25hdt-d-0-4742,freight-hdt-D-Diesel-Baseline,5885,-123.12917480974409,44.98433170990787
b2b-all-22123501-25hdt-d-0,b2b-all-22123501-25hdt-d-0-569,b2b-all-22123501-25hdt-d-0-4743,freight-hdt-D-Diesel-Baseline,5885,-123.12917480974409,44.98433170990787
b2b-all-22123501-25hdt-d-1,b2b-all-22123501-25hdt-d-1-570,b2b-all-22123501-25hdt-d-1-4754,freight-hdt-D-Diesel-Baseline,5885,-123.12917480974409,44.98433170990787
b2b-all-22123501-25hdt-d-1,b2b-all-22123501-25hdt-d-1-571,b2b-all-22123501-25hdt-d-1-4755,freight-hdt-D-Diesel-Baseline,5885,-123.12917480974409,44.98433170990787
b2b-all-22123511-26hdt-d-0,b2b-all-22123511-26hdt-d-0-572,b2b-all-22123511-26hdt-d-0-4778,freight-hdt-D-Diesel-Baseline,5885,-123.12917480974409,44.98433170990787
b2b-all-22123511-26hdt-d-0,b2b-all-22123511-26hdt-d-0-573,b2b-all-22123511-26hdt-d-0-4779,freight-hdt-D-Diesel-Baseline,5885,-123.12917480974409,44.98433170990787
b2b-all-22123511-26hdt-d-0,b2b-all-22123511-26hdt-d-0-574,b2b-all-22123511-26hdt-d-0-4772,freight-hdt-D-Diesel-Baseline,5885,-123.12917480974409,44.98433170990787
b2b-all-22123511-26hdt-d-0,b2b-all-22123511-26hdt-d-0-575,b2b-all-22123511-26hdt-d-0-4773,freight-hdt-D-Diesel-Baseline,5885,-123.12917480974409,44.98433170990787
b2b-all-22123511-26hdt-d-0,b2b-all-22123511-26hdt-d-0-576,b2b-all-22123511-26hdt-d-0-4776,freight-hdt-D-Diesel-Baseline,5885,-123.12917480974409,44.98433170990787
b2b-all-22123511-26hdt-d-0,b2b-all-22123511-26hdt-d-0-577,b2b-all-22123511-26hdt-d-0-4777,freight-hdt-D-Diesel-Baseline,5885,-123.12917480974409,44.98433170990787
b2b-all-22123511-26hdt-d-1,b2b-all-22123511-26hdt-d-1-578,b2b-all-22123511-26hdt-d-1-4790,freight-hdt-D-Diesel-Baseline,5885,-123.12917480974409,44.98433170990787
b2b-all-22123511-26hdt-d-1,b2b-all-22123511-26hdt-d-1-579,b2b-all-22123511-26hdt-d-1-4797,freight-hdt-D-Diesel-Baseline,5885,-123.12917480974409,44.98433170990787
b2b-all-22123511-27hdt-d,b2b-all-22123511-27hdt-d-580,b2b-all-22123511-27hdt-d-4815,freight-hdt-D-Diesel-Baseline,5885,-123.12917480974409,44.98433170990787
b2b-all-22125121-28hdt-d,b2b-all-22125121-28hdt-d-581,b2b-all-22125121-28hdt-d-4833,freight-hdt-D-Diesel-Baseline,2128,-121.69744610643237,47.16798796331104
b2b-all-22125121-28hdt-d,b2b-all-22125121-28hdt-d-582,b2b-all-22125121-28hdt-d-4826,freight-hdt-D-Diesel-Baseline,2128,-121.69744610643237,47.16798796331104
b2b-all-22125121-28hdt-d,b2b-all-22125121-28hdt-d-583,b2b-all-22125121-28hdt-d-4827,freight-hdt-D-Diesel-Baseline,2128,-121.69744610643237,47.16798796331104
b2b-all-22125121-28hdt-d,b2b-all-22125121-28hdt-d-584,b2b-all-22125121-28hdt-d-4830,freight-hdt-D-Diesel-Baseline,2128,-121.69744610643237,47.16798796331104
b2b-all-22125121-28hdt-d,b2b-all-22125121-28hdt-d-585,b2b-all-22125121-28hdt-d-4831,freight-hdt-D-Diesel-Baseline,2128,-121.69744610643237,47.16798796331104
b2b-all-22125121-28hdt-d,b2b-all-22125121-28hdt-d-586,b2b-all-22125121-28hdt-d-4832,freight-hdt-D-Diesel-Baseline,2128,-121.69744610643237,47.16798796331104
b2b-all-22125121-29hdt-d,b2b-all-22125121-29hdt-d-587,b2b-all-22125121-29hdt-d-4849,freight-hdt-D-Diesel-Baseline,2128,-121.69744610643237,47.16798796331104
b2b-all-22125121-29hdt-d,b2b-all-22125121-29hdt-d-588,b2b-all-22125121-29hdt-d-4850,freight-hdt-D-Diesel-Baseline,2128,-121.69744610643237,47.16798796331104
b2b-all-22125121-29hdt-d,b2b-all-22125121-29hdt-d-589,b2b-all-22125121-29hdt-d-4851,freight-hdt-D-Diesel-Baseline,2128,-121.69744610643237,47.16798796331104
b2b-all-22125161-30md-d-0,b2b-all-22125161-30md-d-0-590,b2b-all-22125161-30md-d-0-4852,freight-md-D-Diesel-Baseline,2128,-121.69744610643237,47.16798796331104
b2b-all-22125161-30md-d-0,b2b-all-22125161-30md-d-0-591,b2b-all-22125161-30md-d-0-4853,freight-md-D-Diesel-Baseline,2128,-121.69744610643237,47.16798796331104
b2b-all-22125161-30md-d-0,b2b-all-22125161-30md-d-0-592,b2b-all-22125161-30md-d-0-4854,freight-md-D-Diesel-Baseline,2128,-121.69744610643237,47.16798796331104
b2b-all-22125161-30md-d-0,b2b-all-22125161-30md-d-0-593,b2b-all-22125161-30md-d-0-4855,freight-md-D-Diesel-Baseline,2128,-121.69744610643237,47.16798796331104
b2b-all-22125161-30md-d-0,b2b-all-22125161-30md-d-0-594,b2b-all-22125161-30md-d-0-4856,freight-md-D-Diesel-Baseline,2128,-121.69744610643237,47.16798796331104
b2b-all-22125161-30md-d-0,b2b-all-22125161-30md-d-0-595,b2b-all-22125161-30md-d-0-4857,freight-md-D-Diesel-Baseline,2128,-121.69744610643237,47.16798796331104
b2b-all-22125161-30md-d-0,b2b-all-22125161-30md-d-0-596,b2b-all-22125161-30md-d-0-4858,freight-md-D-Diesel-Baseline,2128,-121.69744610643237,47.16798796331104
b2b-all-22125161-30md-d-0,b2b-all-22125161-30md-d-0-597,b2b-all-22125161-30md-d-0-4852,freight-md-D-Diesel-Baseline,2128,-121.69744610643237,47.16798796331104
b2b-all-22125161-30md-d-1,b2b-all-22125161-30md-d-1-598,b2b-all-22125161-30md-d-1-4870,freight-md-D-Diesel-Baseline,2128,-121.69744610643237,47.16798796331104
b2b-all-22125161-30md-d-1,b2b-all-22125161-30md-d-1-599,b2b-all-22125161-30md-d-1-4871,freight-md-D-Diesel-Baseline,2128,-121.69744610643237,47.16798796331104
b2b-all-22125201-31hdt-d,b2b-all-22125201-31hdt-d-600,b2b-all-22125201-31hdt-d-4905,freight-hdt-D-Diesel-Baseline,2128,-121.69744610643237,47.16798796331104
b2b-all-22125201-31hdt-d,b2b-all-22125201-31hdt-d-601,b2b-all-22125201-31hdt-d-4904,freight-hdt-D-Diesel-Baseline,2128,-121.69744610643237,47.16798796331104
b2b-all-22125201-32hdt-d,b2b-all-22125201-32hdt-d-602,b2b-all-22125201-32hdt-d-4921,freight-hdt-D-Diesel-Baseline,2128,-121.69744610643237,47.16798796331104
b2b-all-22125201-32hdt-d,b2b-all-22125201-32hdt-d-603,b2b-all-22125201-32hdt-d-4922,freight-hdt-D-Diesel-Baseline,2128,-121.69744610643237,47.16798796331104
b2b-all-22125201-32hdt-d,b2b-all-22125201-32hdt-d-604,b2b-all-22125201-32hdt-d-4923,freight-hdt-D-Diesel-Baseline,2128,-121.69744610643237,47.16798796331104
b2b-all-22125311-33hdt-d,b2b-all-22125311-33hdt-d-605,b2b-all-22125311-33hdt-d-4934,freight-hdt-D-Diesel-Baseline,3895,-121.26884369455286,48.17174536079158
b2b-all-22125311-33hdt-d,b2b-all-22125311-33hdt-d-606,b2b-all-22125311-33hdt-d-4935,freight-hdt-D-Diesel-Baseline,3895,-121.26884369455286,48.17174536079158
b2b-all-22125341-34hdt-d,b2b-all-22125341-34hdt-d-607,b2b-all-22125341-34hdt-d-4952,freight-hdt-D-Diesel-Baseline,3895,-121.26884369455286,48.17174536079158
b2b-all-22125341-34hdt-d,b2b-all-22125341-34hdt-d-608,b2b-all-22125341-34hdt-d-4959,freight-hdt-D-Diesel-Baseline,3895,-121.26884369455286,48.17174536079158
b2b-all-22125341-35hdt-d,b2b-all-22125341-35hdt-d-609,b2b-all-22125341-35hdt-d-4975,freight-hdt-D-Diesel-Baseline,3895,-121.26884369455286,48.17174536079158
b2b-all-22125341-35hdt-d,b2b-all-22125341-35hdt-d-610,b2b-all-22125341-35hdt-d-4976,freight-hdt-D-Diesel-Baseline,3895,-121.26884369455286,48.17174536079158
b2b-all-22125341-35hdt-d,b2b-all-22125341-35hdt-d-611,b2b-all-22125341-35hdt-d-4977,freight-hdt-D-Diesel-Baseline,3895,-121.26884369455286,48.17174536079158
b2b-all-22126211-36hdt-d,b2b-all-22126211-36hdt-d-612,b2b-all-22126211-36hdt-d-4994,freight-hdt-D-Diesel-Baseline,3854,-122.3645144674494,48.26687162473969
b2b-all-22126211-36hdt-d,b2b-all-22126211-36hdt-d-613,b2b-all-22126211-36hdt-d-4995,freight-hdt-D-Diesel-Baseline,3854,-122.3645144674494,48.26687162473969
b2b-all-22126321-37hdt-d,b2b-all-22126321-37hdt-d-614,b2b-all-22126321-37hdt-d-5006,freight-hdt-D-Diesel-Baseline,3854,-122.3645144674494,48.26687162473969
b2b-all-22126321-37hdt-d,b2b-all-22126321-37hdt-d-615,b2b-all-22126321-37hdt-d-5007,freight-hdt-D-Diesel-Baseline,3854,-122.3645144674494,48.26687162473969
b2b-all-22126321-37hdt-d,b2b-all-22126321-37hdt-d-616,b2b-all-22126321-37hdt-d-5008,freight-hdt-D-Diesel-Baseline,3854,-122.3645144674494,48.26687162473969
b2b-all-22126321-37hdt-d,b2b-all-22126321-37hdt-d-617,b2b-all-22126321-37hdt-d-5009,freight-hdt-D-Diesel-Baseline,3854,-122.3645144674494,48.26687162473969
b2b-all-22126321-37hdt-d,b2b-all-22126321-37hdt-d-618,b2b-all-22126321-37hdt-d-5010,freight-hdt-D-Diesel-Baseline,3854,-122.3645144674494,48.26687162473969
b2b-all-22126321-37hdt-d,b2b-all-22126321-37hdt-d-619,b2b-all-22126321-37hdt-d-5011,freight-hdt-D-Diesel-Baseline,3854,-122.3645144674494,48.26687162473969
b2b-all-22126321-37hdt-d,b2b-all-22126321-37hdt-d-620,b2b-all-22126321-37hdt-d-5012,freight-hdt-D-Diesel-Baseline,3854,-122.3645144674494,48.26687162473969
b2b-all-22126321-37hdt-d,b2b-all-22126321-37hdt-d-621,b2b-all-22126321-37hdt-d-5013,freight-hdt-D-Diesel-Baseline,3854,-122.3645144674494,48.26687162473969
b2b-all-22126321-38hdt-d,b2b-all-22126321-38hdt-d-622,b2b-all-22126321-38hdt-d-5030,freight-hdt-D-Diesel-Baseline,3854,-122.3645144674494,48.26687162473969
b2b-all-22126321-38hdt-d,b2b-all-22126321-38hdt-d-623,b2b-all-22126321-38hdt-d-5031,freight-hdt-D-Diesel-Baseline,3854,-122.3645144674494,48.26687162473969
b2b-all-22126391-39hdv-d-0,b2b-all-22126391-39hdv-d-0-624,b2b-all-22126391-39hdv-d-0-5037,freight-hdv-D-Diesel-Baseline,3854,-122.3645144674494,48.26687162473969
b2b-all-22126391-39hdv-d-0,b2b-all-22126391-39hdv-d-0-625,b2b-all-22126391-39hdv-d-0-5038,freight-hdv-D-Diesel-Baseline,3854,-122.3645144674494,48.26687162473969
b2b-all-22126391-39hdv-d-0,b2b-all-22126391-39hdv-d-0-626,b2b-all-22126391-39hdv-d-0-5039,freight-hdv-D-Diesel-Baseline,3854,-122.3645144674494,48.26687162473969
b2b-all-22126391-39hdv-d-0,b2b-all-22126391-39hdv-d-0-627,b2b-all-22126391-39hdv-d-0-5040,freight-hdv-D-Diesel-Baseline,3854,-122.3645144674494,48.26687162473969
b2b-all-22126391-39hdv-d-0,b2b-all-22126391-39hdv-d-0-628,b2b-all-22126391-39hdv-d-0-5041,freight-hdv-D-Diesel-Baseline,3854,-122.3645144674494,48.26687162473969
b2b-all-22126391-39hdv-d-0,b2b-all-22126391-39hdv-d-0-629,b2b-all-22126391-39hdv-d-0-5042,freight-hdv-D-Diesel-Baseline,3854,-122.3645144674494,48.26687162473969
b2b-all-22126391-39hdv-d-0,b2b-all-22126391-39hdv-d-0-630,b2b-all-22126391-39hdv-d-0-5043,freight-hdv-D-Diesel-Baseline,3854,-122.3645144674494,48.26687162473969
b2b-all-22126391-39hdv-d-0,b2b-all-22126391-39hdv-d-0-631,b2b-all-22126391-39hdv-d-0-5044,freight-hdv-D-Diesel-Baseline,3854,-122.3645144674494,48.26687162473969
b2b-all-22126391-39hdv-d-1,b2b-all-22126391-39hdv-d-1-632,b2b-all-22126391-39hdv-d-1-5055,freight-hdv-D-Diesel-Baseline,3854,-122.3645144674494,48.26687162473969
b2b-all-22126391-39hdv-d-1,b2b-all-22126391-39hdv-d-1-633,b2b-all-22126391-39hdv-d-1-5056,freight-hdv-D-Diesel-Baseline,3854,-122.3645144674494,48.26687162473969
b2b-all-22126391-39hdv-d-1,b2b-all-22126391-39hdv-d-1-634,b2b-all-22126391-39hdv-d-1-5062,freight-hdv-D-Diesel-Baseline,3854,-122.3645144674494,48.26687162473969
b2b-all-22126811-40hdt-d,b2b-all-22126811-40hdt-d-635,b2b-all-22126811-40hdt-d-5085,freight-hdt-D-Diesel-Baseline,2128,-121.69744610643237,47.16798796331104
b2b-all-22126811-40hdt-d,b2b-all-22126811-40hdt-d-636,b2b-all-22126811-40hdt-d-5084,freight-hdt-D-Diesel-Baseline,2128,-121.69744610643237,47.16798796331104
b2b-all-22126811-41hdt-d,b2b-all-22126811-41hdt-d-637,b2b-all-22126811-41hdt-d-5101,freight-hdt-D-Diesel-Baseline,2128,-121.69744610643237,47.16798796331104
b2b-all-22126811-41hdt-d,b2b-all-22126811-41hdt-d-638,b2b-all-22126811-41hdt-d-5102,freight-hdt-D-Diesel-Baseline,2128,-121.69744610643237,47.16798796331104
b2b-all-22126811-41hdt-d,b2b-all-22126811-41hdt-d-639,b2b-all-22126811-41hdt-d-5103,freight-hdt-D-Diesel-Baseline,2128,-121.69744610643237,47.16798796331104
b2b-all-22126871-42hdt-d,b2b-all-22126871-42hdt-d-640,b2b-all-22126871-42hdt-d-5114,freight-hdt-D-Diesel-Baseline,2128,-121.69744610643237,47.16798796331104
b2b-all-22126871-42hdt-d,b2b-all-22126871-42hdt-d-641,b2b-all-22126871-42hdt-d-5115,freight-hdt-D-Diesel-Baseline,2128,-121.69744610643237,47.16798796331104
b2b-all-22126871-42hdt-d,b2b-all-22126871-42hdt-d-642,b2b-all-22126871-42hdt-d-5116,freight-hdt-D-Diesel-Baseline,2128,-121.69744610643237,47.16798796331104
b2b-all-22126871-42hdt-d,b2b-all-22126871-42hdt-d-643,b2b-all-22126871-42hdt-d-5117,freight-hdt-D-Diesel-Baseline,2128,-121.69744610643237,47.16798796331104
b2b-all-22126871-42hdt-d,b2b-all-22126871-42hdt-d-644,b2b-all-22126871-42hdt-d-5119,freight-hdt-D-Diesel-Baseline,2128,-121.69744610643237,47.16798796331104
b2b-all-22126871-42hdt-d,b2b-all-22126871-42hdt-d-645,b2b-all-22126871-42hdt-d-5120,freight-hdt-D-Diesel-Baseline,2128,-121.69744610643237,47.16798796331104
b2b-all-22126871-42hdt-d,b2b-all-22126871-42hdt-d-646,b2b-all-22126871-42hdt-d-5121,freight-hdt-D-Diesel-Baseline,2128,-121.69744610643237,47.16798796331104
b2b-all-22194911-43hdt-d-0,b2b-all-22194911-43hdt-d-0-647,b2b-all-22194911-43hdt-d-0-5132,freight-hdt-D-Diesel-Baseline,3191,-122.48240942711132,47.05796598200305
b2b-all-22194911-43hdt-d-0,b2b-all-22194911-43hdt-d-0-648,b2b-all-22194911-43hdt-d-0-5144,freight-hdt-D-Diesel-Baseline,3191,-122.48240942711132,47.05796598200305
b2b-all-22194911-43hdt-d-0,b2b-all-22194911-43hdt-d-0-649,b2b-all-22194911-43hdt-d-0-5146,freight-hdt-D-Diesel-Baseline,3191,-122.48240942711132,47.05796598200305
b2b-all-22194911-43hdt-d-0,b2b-all-22194911-43hdt-d-0-650,b2b-all-22194911-43hdt-d-0-5147,freight-hdt-D-Diesel-Baseline,3191,-122.48240942711132,47.05796598200305
b2b-all-22194911-43hdt-d-0,b2b-all-22194911-43hdt-d-0-651,b2b-all-22194911-43hdt-d-0-5148,freight-hdt-D-Diesel-Baseline,3191,-122.48240942711132,47.05796598200305
b2b-all-22194911-43hdt-d-0,b2b-all-22194911-43hdt-d-0-652,b2b-all-22194911-43hdt-d-0-5132,freight-hdt-D-Diesel-Baseline,3191,-122.48240942711132,47.05796598200305
b2b-all-22194911-43hdt-d-0,b2b-all-22194911-43hdt-d-0-653,b2b-all-22194911-43hdt-d-0-5142,freight-hdt-D-Diesel-Baseline,3191,-122.48240942711132,47.05796598200305
b2b-all-22194911-43hdt-d-0,b2b-all-22194911-43hdt-d-0-654,b2b-all-22194911-43hdt-d-0-5143,freight-hdt-D-Diesel-Baseline,3191,-122.48240942711132,47.05796598200305
b2b-all-22194911-43hdt-d-1,b2b-all-22194911-43hdt-d-1-655,b2b-all-22194911-43hdt-d-1-5159,freight-hdt-D-Diesel-Baseline,3191,-122.48240942711132,47.05796598200305
b2b-all-22194911-43hdt-d-1,b2b-all-22194911-43hdt-d-1-656,b2b-all-22194911-43hdt-d-1-5160,freight-hdt-D-Diesel-Baseline,3191,-122.48240942711132,47.05796598200305
b2b-all-22194911-43hdt-d-1,b2b-all-22194911-43hdt-d-1-657,b2b-all-22194911-43hdt-d-1-5161,freight-hdt-D-Diesel-Baseline,3191,-122.48240942711132,47.05796598200305
b2b-all-22194911-43hdt-d-1,b2b-all-22194911-43hdt-d-1-658,b2b-all-22194911-43hdt-d-1-5162,freight-hdt-D-Diesel-Baseline,3191,-122.48240942711132,47.05796598200305
b2b-all-22194911-43hdt-d-1,b2b-all-22194911-43hdt-d-1-659,b2b-all-22194911-43hdt-d-1-5163,freight-hdt-D-Diesel-Baseline,3191,-122.48240942711132,47.05796598200305
b2b-all-22194911-43hdt-d-1,b2b-all-22194911-43hdt-d-1-660,b2b-all-22194911-43hdt-d-1-5173,freight-hdt-D-Diesel-Baseline,3191,-122.48240942711132,47.05796598200305
b2b-all-22194911-43hdt-d-1,b2b-all-22194911-43hdt-d-1-661,b2b-all-22194911-43hdt-d-1-5174,freight-hdt-D-Diesel-Baseline,3191,-122.48240942711132,47.05796598200305
b2b-all-22194911-43hdt-d-1,b2b-all-22194911-43hdt-d-1-662,b2b-all-22194911-43hdt-d-1-5175,freight-hdt-D-Diesel-Baseline,3191,-122.48240942711132,47.05796598200305
b2b-all-22194911-43hdt-d-2,b2b-all-22194911-43hdt-d-2-663,b2b-all-22194911-43hdt-d-2-5187,freight-hdt-D-Diesel-Baseline,3191,-122.48240942711132,47.05796598200305
b2b-all-22194911-43hdt-d-2,b2b-all-22194911-43hdt-d-2-664,b2b-all-22194911-43hdt-d-2-5188,freight-hdt-D-Diesel-Baseline,3191,-122.48240942711132,47.05796598200305
b2b-all-22194911-43hdt-d-2,b2b-all-22194911-43hdt-d-2-665,b2b-all-22194911-43hdt-d-2-5189,freight-hdt-D-Diesel-Baseline,3191,-122.48240942711132,47.05796598200305
b2b-all-22194911-43hdt-d-2,b2b-all-22194911-43hdt-d-2-666,b2b-all-22194911-43hdt-d-2-5190,freight-hdt-D-Diesel-Baseline,3191,-122.48240942711132,47.05796598200305
b2b-all-22194911-43hdt-d-2,b2b-all-22194911-43hdt-d-2-667,b2b-all-22194911-43hdt-d-2-5200,freight-hdt-D-Diesel-Baseline,3191,-122.48240942711132,47.05796598200305
b2b-all-22194911-43hdt-d-2,b2b-all-22194911-43hdt-d-2-668,b2b-all-22194911-43hdt-d-2-5201,freight-hdt-D-Diesel-Baseline,3191,-122.48240942711132,47.05796598200305
b2b-all-22194911-43hdt-d-2,b2b-all-22194911-43hdt-d-2-669,b2b-all-22194911-43hdt-d-2-5202,freight-hdt-D-Diesel-Baseline,3191,-122.48240942711132,47.05796598200305
b2b-all-22194911-43hdt-d-2,b2b-all-22194911-43hdt-d-2-670,b2b-all-22194911-43hdt-d-2-5195,freight-hdt-D-Diesel-Baseline,3191,-122.48240942711132,47.05796598200305
b2b-all-22194911-43hdt-d-3,b2b-all-22194911-43hdt-d-3-671,b2b-all-22194911-43hdt-d-3-5213,freight-hdt-D-Diesel-Baseline,3191,-122.48240942711132,47.05796598200305
b2b-all-22194911-43hdt-d-3,b2b-all-22194911-43hdt-d-3-672,b2b-all-22194911-43hdt-d-3-5214,freight-hdt-D-Diesel-Baseline,3191,-122.48240942711132,47.05796598200305
b2b-all-22194911-43hdt-d-3,b2b-all-22194911-43hdt-d-3-673,b2b-all-22194911-43hdt-d-3-5228,freight-hdt-D-Diesel-Baseline,3191,-122.48240942711132,47.05796598200305
b2b-all-22194911-43hdt-d-3,b2b-all-22194911-43hdt-d-3-674,b2b-all-22194911-43hdt-d-3-5229,freight-hdt-D-Diesel-Baseline,3191,-122.48240942711132,47.05796598200305
b2b-all-22194911-44hdt-d-0,b2b-all-22194911-44hdt-d-0-675,b2b-all-22194911-44hdt-d-0-5247,freight-hdt-D-Diesel-Baseline,3191,-122.48240942711132,47.05796598200305
b2b-all-22194911-44hdt-d-0,b2b-all-22194911-44hdt-d-0-676,b2b-all-22194911-44hdt-d-0-5248,freight-hdt-D-Diesel-Baseline,3191,-122.48240942711132,47.05796598200305
b2b-all-22194911-44hdt-d-0,b2b-all-22194911-44hdt-d-0-677,b2b-all-22194911-44hdt-d-0-5249,freight-hdt-D-Diesel-Baseline,3191,-122.48240942711132,47.05796598200305
b2b-all-22194911-44hdt-d-0,b2b-all-22194911-44hdt-d-0-678,b2b-all-22194911-44hdt-d-0-5250,freight-hdt-D-Diesel-Baseline,3191,-122.48240942711132,47.05796598200305
b2b-all-22194911-44hdt-d-0,b2b-all-22194911-44hdt-d-0-679,b2b-all-22194911-44hdt-d-0-5251,freight-hdt-D-Diesel-Baseline,3191,-122.48240942711132,47.05796598200305
b2b-all-22194911-44hdt-d-0,b2b-all-22194911-44hdt-d-0-680,b2b-all-22194911-44hdt-d-0-5252,freight-hdt-D-Diesel-Baseline,3191,-122.48240942711132,47.05796598200305
b2b-all-22194911-44hdt-d-0,b2b-all-22194911-44hdt-d-0-681,b2b-all-22194911-44hdt-d-0-5253,freight-hdt-D-Diesel-Baseline,3191,-122.48240942711132,47.05796598200305
b2b-all-22194911-44hdt-d-0,b2b-all-22194911-44hdt-d-0-682,b2b-all-22194911-44hdt-d-0-5254,freight-hdt-D-Diesel-Baseline,3191,-122.48240942711132,47.05796598200305
b2b-all-22194911-44hdt-d-0,b2b-all-22194911-44hdt-d-0-683,b2b-all-22194911-44hdt-d-0-5255,freight-hdt-D-Diesel-Baseline,3191,-122.48240942711132,47.05796598200305
b2b-all-22194911-44hdt-d-0,b2b-all-22194911-44hdt-d-0-684,b2b-all-22194911-44hdt-d-0-5256,freight-hdt-D-Diesel-Baseline,3191,-122.48240942711132,47.05796598200305
b2b-all-22194911-44hdt-d-1,b2b-all-22194911-44hdt-d-1-685,b2b-all-22194911-44hdt-d-1-5276,freight-hdt-D-Diesel-Baseline,3191,-122.48240942711132,47.05796598200305
b2b-all-22194911-44hdt-d-1,b2b-all-22194911-44hdt-d-1-686,b2b-all-22194911-44hdt-d-1-5277,freight-hdt-D-Diesel-Baseline,3191,-122.48240942711132,47.05796598200305
b2b-all-22194911-44hdt-d-1,b2b-all-22194911-44hdt-d-1-687,b2b-all-22194911-44hdt-d-1-5278,freight-hdt-D-Diesel-Baseline,3191,-122.48240942711132,47.05796598200305
b2b-all-22194911-44hdt-d-1,b2b-all-22194911-44hdt-d-1-688,b2b-all-22194911-44hdt-d-1-5279,freight-hdt-D-Diesel-Baseline,3191,-122.48240942711132,47.05796598200305
b2b-all-22194911-44hdt-d-1,b2b-all-22194911-44hdt-d-1-689,b2b-all-22194911-44hdt-d-1-5280,freight-hdt-D-Diesel-Baseline,3191,-122.48240942711132,47.05796598200305
b2b-all-22194911-44hdt-d-1,b2b-all-22194911-44hdt-d-1-690,b2b-all-22194911-44hdt-d-1-5281,freight-hdt-D-Diesel-Baseline,3191,-122.48240942711132,47.05796598200305
b2b-all-22194911-44hdt-d-1,b2b-all-22194911-44hdt-d-1-691,b2b-all-22194911-44hdt-d-1-5282,freight-hdt-D-Diesel-Baseline,3191,-122.48240942711132,47.05796598200305
b2b-all-22194911-44hdt-d-1,b2b-all-22194911-44hdt-d-1-692,b2b-all-22194911-44hdt-d-1-5283,freight-hdt-D-Diesel-Baseline,3191,-122.48240942711132,47.05796598200305
b2b-all-22194981-45hdt-d,b2b-all-22194981-45hdt-d-693,b2b-all-22194981-45hdt-d-5294,freight-hdt-D-Diesel-Baseline,5885,-123.12917480974409,44.98433170990787
b2b-all-22194981-45hdt-d,b2b-all-22194981-45hdt-d-694,b2b-all-22194981-45hdt-d-5295,freight-hdt-D-Diesel-Baseline,5885,-123.12917480974409,44.98433170990787
b2b-all-22194981-45hdt-d,b2b-all-22194981-45hdt-d-695,b2b-all-22194981-45hdt-d-5296,freight-hdt-D-Diesel-Baseline,5885,-123.12917480974409,44.98433170990787
b2b-all-22194981-45hdt-d,b2b-all-22194981-45hdt-d-696,b2b-all-22194981-45hdt-d-5300,freight-hdt-D-Diesel-Baseline,5885,-123.12917480974409,44.98433170990787
b2b-all-22195151-46hdt-d,b2b-all-22195151-46hdt-d-697,b2b-all-22195151-46hdt-d-5312,freight-hdt-D-Diesel-Baseline,2128,-121.69744610643237,47.16798796331104
b2b-all-22195151-46hdt-d,b2b-all-22195151-46hdt-d-698,b2b-all-22195151-46hdt-d-5321,freight-hdt-D-Diesel-Baseline,2128,-121.69744610643237,47.16798796331104
b2b-all-22195151-46hdt-d,b2b-all-22195151-46hdt-d-699,b2b-all-22195151-46hdt-d-5322,freight-hdt-D-Diesel-Baseline,2128,-121.69744610643237,47.16798796331104
b2b-all-22195151-46hdt-d,b2b-all-22195151-46hdt-d-700,b2b-all-22195151-46hdt-d-5312,freight-hdt-D-Diesel-Baseline,2128,-121.69744610643237,47.16798796331104
b2b-all-22195151-46hdt-d,b2b-all-22195151-46hdt-d-701,b2b-all-22195151-46hdt-d-5319,freight-hdt-D-Diesel-Baseline,2128,-121.69744610643237,47.16798796331104
b2b-all-22262371-47hdt-d-0,b2b-all-22262371-47hdt-d-0-702,b2b-all-22262371-47hdt-d-0-5333,freight-hdt-D-Diesel-Baseline,3455,-122.30768468413044,47.9372242090533
b2b-all-22262371-47hdt-d-0,b2b-all-22262371-47hdt-d-0-703,b2b-all-22262371-47hdt-d-0-5334,freight-hdt-D-Diesel-Baseline,3455,-122.30768468413044,47.9372242090533
b2b-all-22262371-47hdt-d-0,b2b-all-22262371-47hdt-d-0-704,b2b-all-22262371-47hdt-d-0-5335,freight-hdt-D-Diesel-Baseline,3455,-122.30768468413044,47.9372242090533
b2b-all-22262371-47hdt-d-0,b2b-all-22262371-47hdt-d-0-705,b2b-all-22262371-47hdt-d-0-5336,freight-hdt-D-Diesel-Baseline,3455,-122.30768468413044,47.9372242090533
b2b-all-22262371-47hdt-d-0,b2b-all-22262371-47hdt-d-0-706,b2b-all-22262371-47hdt-d-0-5337,freight-hdt-D-Diesel-Baseline,3455,-122.30768468413044,47.9372242090533
b2b-all-22262371-47hdt-d-0,b2b-all-22262371-47hdt-d-0-707,b2b-all-22262371-47hdt-d-0-5338,freight-hdt-D-Diesel-Baseline,3455,-122.30768468413044,47.9372242090533
b2b-all-22262371-47hdt-d-0,b2b-all-22262371-47hdt-d-0-708,b2b-all-22262371-47hdt-d-0-5339,freight-hdt-D-Diesel-Baseline,3455,-122.30768468413044,47.9372242090533
b2b-all-22262371-47hdt-d-0,b2b-all-22262371-47hdt-d-0-709,b2b-all-22262371-47hdt-d-0-5340,freight-hdt-D-Diesel-Baseline,3455,-122.30768468413044,47.9372242090533
b2b-all-22262371-47hdt-d-1,b2b-all-22262371-47hdt-d-1-710,b2b-all-22262371-47hdt-d-1-5358,freight-hdt-D-Diesel-Baseline,3455,-122.30768468413044,47.9372242090533
b2b-all-22262371-48hdt-d,b2b-all-22262371-48hdt-d-711,b2b-all-22262371-48hdt-d-5375,freight-hdt-D-Diesel-Baseline,3455,-122.30768468413044,47.9372242090533
b2b-all-22262371-48hdt-d,b2b-all-22262371-48hdt-d-712,b2b-all-22262371-48hdt-d-5376,freight-hdt-D-Diesel-Baseline,3455,-122.30768468413044,47.9372242090533
b2b-all-22263721-49hdt-d,b2b-all-22263721-49hdt-d-713,b2b-all-22263721-49hdt-d-5387,freight-hdt-D-Diesel-Baseline,2128,-121.69744610643237,47.16798796331104
b2b-all-22263721-49hdt-d,b2b-all-22263721-49hdt-d-714,b2b-all-22263721-49hdt-d-5388,freight-hdt-D-Diesel-Baseline,2128,-121.69744610643237,47.16798796331104
b2b-all-22263721-49hdt-d,b2b-all-22263721-49hdt-d-715,b2b-all-22263721-49hdt-d-5393,freight-hdt-D-Diesel-Baseline,2128,-121.69744610643237,47.16798796331104
b2b-all-22263721-49hdt-d,b2b-all-22263721-49hdt-d-716,b2b-all-22263721-49hdt-d-5394,freight-hdt-D-Diesel-Baseline,2128,-121.69744610643237,47.16798796331104
b2b-all-22263722-50hdv-d-0,b2b-all-22263722-50hdv-d-0-717,b2b-all-22263722-50hdv-d-0-5400,freight-hdv-D-Diesel-Baseline,2128,-121.69744610643237,47.16798796331104
b2b-all-22263722-50hdv-d-0,b2b-all-22263722-50hdv-d-0-718,b2b-all-22263722-50hdv-d-0-5401,freight-hdv-D-Diesel-Baseline,2128,-121.69744610643237,47.16798796331104
b2b-all-22263722-50hdv-d-0,b2b-all-22263722-50hdv-d-0-719,b2b-all-22263722-50hdv-d-0-5402,freight-hdv-D-Diesel-Baseline,2128,-121.69744610643237,47.16798796331104
b2b-all-22263722-50hdv-d-0,b2b-all-22263722-50hdv-d-0-720,b2b-all-22263722-50hdv-d-0-5403,freight-hdv-D-Diesel-Baseline,2128,-121.69744610643237,47.16798796331104
b2b-all-22263722-50hdv-d-0,b2b-all-22263722-50hdv-d-0-721,b2b-all-22263722-50hdv-d-0-5409,freight-hdv-D-Diesel-Baseline,2128,-121.69744610643237,47.16798796331104
b2b-all-22263722-50hdv-d-0,b2b-all-22263722-50hdv-d-0-722,b2b-all-22263722-50hdv-d-0-5410,freight-hdv-D-Diesel-Baseline,2128,-121.69744610643237,47.16798796331104
b2b-all-22263722-50hdv-d-0,b2b-all-22263722-50hdv-d-0-723,b2b-all-22263722-50hdv-d-0-5402,freight-hdv-D-Diesel-Baseline,2128,-121.69744610643237,47.16798796331104
b2b-all-22263722-50hdv-d-0,b2b-all-22263722-50hdv-d-0-724,b2b-all-22263722-50hdv-d-0-5403,freight-hdv-D-Diesel-Baseline,2128,-121.69744610643237,47.16798796331104
b2b-all-22263722-50hdv-d-0,b2b-all-22263722-50hdv-d-0-725,b2b-all-22263722-50hdv-d-0-5404,freight-hdv-D-Diesel-Baseline,2128,-121.69744610643237,47.16798796331104
b2b-all-22263722-50hdv-d-1,b2b-all-22263722-50hdv-d-1-726,b2b-all-22263722-50hdv-d-1-5431,freight-hdv-D-Diesel-Baseline,2128,-121.69744610643237,47.16798796331104
b2b-all-22514351-51hdt-d,b2b-all-22514351-51hdt-d-727,b2b-all-22514351-51hdt-d-5447,freight-hdt-D-Diesel-Baseline,1450,-122.34412892049214,47.73413898704023
b2b-all-22514351-51hdt-d,b2b-all-22514351-51hdt-d-728,b2b-all-22514351-51hdt-d-5448,freight-hdt-D-Diesel-Baseline,1450,-122.34412892049214,47.73413898704023
b2b-all-22514351-51hdt-d,b2b-all-22514351-51hdt-d-729,b2b-all-22514351-51hdt-d-5449,freight-hdt-D-Diesel-Baseline,1450,-122.34412892049214,47.73413898704023
b2b-all-22514351-51hdt-d,b2b-all-22514351-51hdt-d-730,b2b-all-22514351-51hdt-d-5452,freight-hdt-D-Diesel-Baseline,1450,-122.34412892049214,47.73413898704023
b2b-all-22514351-51hdt-d,b2b-all-22514351-51hdt-d-731,b2b-all-22514351-51hdt-d-5453,freight-hdt-D-Diesel-Baseline,1450,-122.34412892049214,47.73413898704023
b2b-all-22514351-51hdt-d,b2b-all-22514351-51hdt-d-732,b2b-all-22514351-51hdt-d-5454,freight-hdt-D-Diesel-Baseline,1450,-122.34412892049214,47.73413898704023
b2b-all-22514351-51hdt-d,b2b-all-22514351-51hdt-d-733,b2b-all-22514351-51hdt-d-5447,freight-hdt-D-Diesel-Baseline,1450,-122.34412892049214,47.73413898704023
b2b-all-22514351-51hdt-d,b2b-all-22514351-51hdt-d-734,b2b-all-22514351-51hdt-d-5448,freight-hdt-D-Diesel-Baseline,1450,-122.34412892049214,47.73413898704023
b2b-all-22514351-52hdt-d,b2b-all-22514351-52hdt-d-735,b2b-all-22514351-52hdt-d-5468,freight-hdt-D-Diesel-Baseline,1450,-122.34412892049214,47.73413898704023
b2b-all-22514351-52hdt-d,b2b-all-22514351-52hdt-d-736,b2b-all-22514351-52hdt-d-5469,freight-hdt-D-Diesel-Baseline,1450,-122.34412892049214,47.73413898704023
b2b-all-22514351-52hdt-d,b2b-all-22514351-52hdt-d-737,b2b-all-22514351-52hdt-d-5470,freight-hdt-D-Diesel-Baseline,1450,-122.34412892049214,47.73413898704023
b2b-all-22514351-52hdt-d,b2b-all-22514351-52hdt-d-738,b2b-all-22514351-52hdt-d-5471,freight-hdt-D-Diesel-Baseline,1450,-122.34412892049214,47.73413898704023
b2b-all-22514351-52hdt-d,b2b-all-22514351-52hdt-d-739,b2b-all-22514351-52hdt-d-5472,freight-hdt-D-Diesel-Baseline,1450,-122.34412892049214,47.73413898704023
b2b-all-22514351-52hdt-d,b2b-all-22514351-52hdt-d-740,b2b-all-22514351-52hdt-d-5466,freight-hdt-D-Diesel-Baseline,1450,-122.34412892049214,47.73413898704023
b2b-all-22514351-52hdt-d,b2b-all-22514351-52hdt-d-741,b2b-all-22514351-52hdt-d-5467,freight-hdt-D-Diesel-Baseline,1450,-122.34412892049214,47.73413898704023
b2b-all-22514461-53hdt-d-0,b2b-all-22514461-53hdt-d-0-742,b2b-all-22514461-53hdt-d-0-5483,freight-hdt-D-Diesel-Baseline,1882,-122.29881563123458,47.402263821863066
b2b-all-22514461-53hdt-d-0,b2b-all-22514461-53hdt-d-0-743,b2b-all-22514461-53hdt-d-0-5484,freight-hdt-D-Diesel-Baseline,1882,-122.29881563123458,47.402263821863066
b2b-all-22514461-53hdt-d-0,b2b-all-22514461-53hdt-d-0-744,b2b-all-22514461-53hdt-d-0-5485,freight-hdt-D-Diesel-Baseline,1882,-122.29881563123458,47.402263821863066
b2b-all-22514461-53hdt-d-0,b2b-all-22514461-53hdt-d-0-745,b2b-all-22514461-53hdt-d-0-5486,freight-hdt-D-Diesel-Baseline,1882,-122.29881563123458,47.402263821863066
b2b-all-22514461-53hdt-d-0,b2b-all-22514461-53hdt-d-0-746,b2b-all-22514461-53hdt-d-0-5487,freight-hdt-D-Diesel-Baseline,1882,-122.29881563123458,47.402263821863066
b2b-all-22514461-53hdt-d-0,b2b-all-22514461-53hdt-d-0-747,b2b-all-22514461-53hdt-d-0-5488,freight-hdt-D-Diesel-Baseline,1882,-122.29881563123458,47.402263821863066
b2b-all-22514461-53hdt-d-0,b2b-all-22514461-53hdt-d-0-748,b2b-all-22514461-53hdt-d-0-5489,freight-hdt-D-Diesel-Baseline,1882,-122.29881563123458,47.402263821863066
b2b-all-22514461-53hdt-d-0,b2b-all-22514461-53hdt-d-0-749,b2b-all-22514461-53hdt-d-0-5490,freight-hdt-D-Diesel-Baseline,1882,-122.29881563123458,47.402263821863066
b2b-all-22514461-53hdt-d-1,b2b-all-22514461-53hdt-d-1-750,b2b-all-22514461-53hdt-d-1-5508,freight-hdt-D-Diesel-Baseline,1882,-122.29881563123458,47.402263821863066
b2b-all-22514461-54hdt-d,b2b-all-22514461-54hdt-d-751,b2b-all-22514461-54hdt-d-5524,freight-hdt-D-Diesel-Baseline,1882,-122.29881563123458,47.402263821863066
b2b-all-22514461-54hdt-d,b2b-all-22514461-54hdt-d-752,b2b-all-22514461-54hdt-d-5525,freight-hdt-D-Diesel-Baseline,1882,-122.29881563123458,47.402263821863066
b2b-all-22514461-54hdt-d,b2b-all-22514461-54hdt-d-753,b2b-all-22514461-54hdt-d-5526,freight-hdt-D-Diesel-Baseline,1882,-122.29881563123458,47.402263821863066
b2b-all-22514461-54hdt-d,b2b-all-22514461-54hdt-d-754,b2b-all-22514461-54hdt-d-5523,freight-hdt-D-Diesel-Baseline,1882,-122.29881563123458,47.402263821863066
b2b-all-22516921-55md-d,b2b-all-22516921-55md-d-755,b2b-all-22516921-55md-d-5527,freight-md-D-Diesel-Baseline,5885,-123.12917480974409,44.98433170990787
b2b-all-22516921-55md-d,b2b-all-22516921-55md-d-756,b2b-all-22516921-55md-d-5528,freight-md-D-Diesel-Baseline,5885,-123.12917480974409,44.98433170990787
b2b-all-22516921-55md-d,b2b-all-22516921-55md-d-757,b2b-all-22516921-55md-d-5529,freight-md-D-Diesel-Baseline,5885,-123.12917480974409,44.98433170990787
b2b-all-22516921-55md-d,b2b-all-22516921-55md-d-758,b2b-all-22516921-55md-d-5532,freight-md-D-Diesel-Baseline,5885,-123.12917480974409,44.98433170990787
b2b-all-22516921-55md-d,b2b-all-22516921-55md-d-759,b2b-all-22516921-55md-d-5533,freight-md-D-Diesel-Baseline,5885,-123.12917480974409,44.98433170990787
b2b-all-22516921-55md-d,b2b-all-22516921-55md-d-760,b2b-all-22516921-55md-d-5534,freight-md-D-Diesel-Baseline,5885,-123.12917480974409,44.98433170990787
b2b-all-22516971-56hdt-d-0,b2b-all-22516971-56hdt-d-0-761,b2b-all-22516971-56hdt-d-0-5561,freight-hdt-D-Diesel-Baseline,5885,-123.12917480974409,44.98433170990787
b2b-all-22516971-56hdt-d-0,b2b-all-22516971-56hdt-d-0-762,b2b-all-22516971-56hdt-d-0-5562,freight-hdt-D-Diesel-Baseline,5885,-123.12917480974409,44.98433170990787
b2b-all-22516971-56hdt-d-0,b2b-all-22516971-56hdt-d-0-763,b2b-all-22516971-56hdt-d-0-5560,freight-hdt-D-Diesel-Baseline,5885,-123.12917480974409,44.98433170990787
b2b-all-22516971-56hdt-d-0,b2b-all-22516971-56hdt-d-0-764,b2b-all-22516971-56hdt-d-0-5555,freight-hdt-D-Diesel-Baseline,5885,-123.12917480974409,44.98433170990787
b2b-all-22516971-56hdt-d-0,b2b-all-22516971-56hdt-d-0-765,b2b-all-22516971-56hdt-d-0-5556,freight-hdt-D-Diesel-Baseline,5885,-123.12917480974409,44.98433170990787
b2b-all-22516971-56hdt-d-0,b2b-all-22516971-56hdt-d-0-766,b2b-all-22516971-56hdt-d-0-5557,freight-hdt-D-Diesel-Baseline,5885,-123.12917480974409,44.98433170990787
b2b-all-22516971-56hdt-d-0,b2b-all-22516971-56hdt-d-0-767,b2b-all-22516971-56hdt-d-0-5558,freight-hdt-D-Diesel-Baseline,5885,-123.12917480974409,44.98433170990787
b2b-all-22516971-56hdt-d-0,b2b-all-22516971-56hdt-d-0-768,b2b-all-22516971-56hdt-d-0-5559,freight-hdt-D-Diesel-Baseline,5885,-123.12917480974409,44.98433170990787
b2b-all-22516971-56hdt-d-1,b2b-all-22516971-56hdt-d-1-769,b2b-all-22516971-56hdt-d-1-5573,freight-hdt-D-Diesel-Baseline,5885,-123.12917480974409,44.98433170990787
b2b-all-22518031-57hdt-d,b2b-all-22518031-57hdt-d-770,b2b-all-22518031-57hdt-d-5591,freight-hdt-D-Diesel-Baseline,2128,-121.69744610643237,47.16798796331104
b2b-all-22518031-57hdt-d,b2b-all-22518031-57hdt-d-771,b2b-all-22518031-57hdt-d-5592,freight-hdt-D-Diesel-Baseline,2128,-121.69744610643237,47.16798796331104
b2b-all-22518031-57hdt-d,b2b-all-22518031-57hdt-d-772,b2b-all-22518031-57hdt-d-5598,freight-hdt-D-Diesel-Baseline,2128,-121.69744610643237,47.16798796331104
b2b-all-22518031-58hdt-d,b2b-all-22518031-58hdt-d-773,b2b-all-22518031-58hdt-d-5616,freight-hdt-D-Diesel-Baseline,2128,-121.69744610643237,47.16798796331104
b2b-all-22518601-59hdt-d,b2b-all-22518601-59hdt-d-774,b2b-all-22518601-59hdt-d-5627,freight-hdt-D-Diesel-Baseline,2128,-121.69744610643237,47.16798796331104
b2b-all-22518601-59hdt-d,b2b-all-22518601-59hdt-d-775,b2b-all-22518601-59hdt-d-5628,freight-hdt-D-Diesel-Baseline,2128,-121.69744610643237,47.16798796331104
b2b-all-22518841-60hdt-d,b2b-all-22518841-60hdt-d-776,b2b-all-22518841-60hdt-d-5645,freight-hdt-D-Diesel-Baseline,3895,-121.26884369455286,48.17174536079158
b2b-all-22518841-60hdt-d,b2b-all-22518841-60hdt-d-777,b2b-all-22518841-60hdt-d-5646,freight-hdt-D-Diesel-Baseline,3895,-121.26884369455286,48.17174536079158
b2b-all-22518841-60hdt-d,b2b-all-22518841-60hdt-d-778,b2b-all-22518841-60hdt-d-5647,freight-hdt-D-Diesel-Baseline,3895,-121.26884369455286,48.17174536079158
b2b-all-22518841-60hdt-d,b2b-all-22518841-60hdt-d-779,b2b-all-22518841-60hdt-d-5648,freight-hdt-D-Diesel-Baseline,3895,-121.26884369455286,48.17174536079158
b2b-all-22518841-60hdt-d,b2b-all-22518841-60hdt-d-780,b2b-all-22518841-60hdt-d-5649,freight-hdt-D-Diesel-Baseline,3895,-121.26884369455286,48.17174536079158
b2b-all-22518841-60hdt-d,b2b-all-22518841-60hdt-d-781,b2b-all-22518841-60hdt-d-5650,freight-hdt-D-Diesel-Baseline,3895,-121.26884369455286,48.17174536079158
b2b-all-22518841-60hdt-d,b2b-all-22518841-60hdt-d-782,b2b-all-22518841-60hdt-d-5651,freight-hdt-D-Diesel-Baseline,3895,-121.26884369455286,48.17174536079158
b2b-all-22518841-61hdt-d,b2b-all-22518841-61hdt-d-783,b2b-all-22518841-61hdt-d-5668,freight-hdt-D-Diesel-Baseline,3895,-121.26884369455286,48.17174536079158
b2b-all-22518841-61hdt-d,b2b-all-22518841-61hdt-d-784,b2b-all-22518841-61hdt-d-5669,freight-hdt-D-Diesel-Baseline,3895,-121.26884369455286,48.17174536079158
b2b-all-22518841-61hdt-d,b2b-all-22518841-61hdt-d-785,b2b-all-22518841-61hdt-d-5670,freight-hdt-D-Diesel-Baseline,3895,-121.26884369455286,48.17174536079158
b2b-all-22518861-62hdt-d,b2b-all-22518861-62hdt-d-786,b2b-all-22518861-62hdt-d-5681,freight-hdt-D-Diesel-Baseline,3895,-121.26884369455286,48.17174536079158
b2b-all-22518861-62hdt-d,b2b-all-22518861-62hdt-d-787,b2b-all-22518861-62hdt-d-5682,freight-hdt-D-Diesel-Baseline,3895,-121.26884369455286,48.17174536079158
b2b-all-22518861-62hdt-d,b2b-all-22518861-62hdt-d-788,b2b-all-22518861-62hdt-d-5683,freight-hdt-D-Diesel-Baseline,3895,-121.26884369455286,48.17174536079158
b2b-all-22518861-62hdt-d,b2b-all-22518861-62hdt-d-789,b2b-all-22518861-62hdt-d-5684,freight-hdt-D-Diesel-Baseline,3895,-121.26884369455286,48.17174536079158
b2b-all-22518861-62hdt-d,b2b-all-22518861-62hdt-d-790,b2b-all-22518861-62hdt-d-5685,freight-hdt-D-Diesel-Baseline,3895,-121.26884369455286,48.17174536079158
b2b-all-22518861-62hdt-d,b2b-all-22518861-62hdt-d-791,b2b-all-22518861-62hdt-d-5686,freight-hdt-D-Diesel-Baseline,3895,-121.26884369455286,48.17174536079158
b2b-all-22518861-62hdt-d,b2b-all-22518861-62hdt-d-792,b2b-all-22518861-62hdt-d-5687,freight-hdt-D-Diesel-Baseline,3895,-121.26884369455286,48.17174536079158
b2b-all-22518861-63hdt-d,b2b-all-22518861-63hdt-d-793,b2b-all-22518861-63hdt-d-5705,freight-hdt-D-Diesel-Baseline,3895,-121.26884369455286,48.17174536079158
b2b-all-22518861-63hdt-d,b2b-all-22518861-63hdt-d-794,b2b-all-22518861-63hdt-d-5706,freight-hdt-D-Diesel-Baseline,3895,-121.26884369455286,48.17174536079158
b2b-all-22518861-63hdt-d,b2b-all-22518861-63hdt-d-795,b2b-all-22518861-63hdt-d-5702,freight-hdt-D-Diesel-Baseline,3895,-121.26884369455286,48.17174536079158
b2b-all-22518861-63hdt-d,b2b-all-22518861-63hdt-d-796,b2b-all-22518861-63hdt-d-5703,freight-hdt-D-Diesel-Baseline,3895,-121.26884369455286,48.17174536079158
b2b-all-22518861-63hdt-d,b2b-all-22518861-63hdt-d-797,b2b-all-22518861-63hdt-d-5704,freight-hdt-D-Diesel-Baseline,3895,-121.26884369455286,48.17174536079158
b2b-all-22519361-64hdt-d,b2b-all-22519361-64hdt-d-798,b2b-all-22519361-64hdt-d-5721,freight-hdt-D-Diesel-Baseline,3854,-122.3645144674494,48.26687162473969
b2b-all-22519361-64hdt-d,b2b-all-22519361-64hdt-d-799,b2b-all-22519361-64hdt-d-5723,freight-hdt-D-Diesel-Baseline,3854,-122.3645144674494,48.26687162473969
b2b-all-22519361-64hdt-d,b2b-all-22519361-64hdt-d-800,b2b-all-22519361-64hdt-d-5724,freight-hdt-D-Diesel-Baseline,3854,-122.3645144674494,48.26687162473969
b2b-all-22519401-65hdt-d,b2b-all-22519401-65hdt-d-801,b2b-all-22519401-65hdt-d-5735,freight-hdt-D-Diesel-Baseline,3854,-122.3645144674494,48.26687162473969
b2b-all-22519401-65hdt-d,b2b-all-22519401-65hdt-d-802,b2b-all-22519401-65hdt-d-5736,freight-hdt-D-Diesel-Baseline,3854,-122.3645144674494,48.26687162473969
b2b-all-22519401-65hdt-d,b2b-all-22519401-65hdt-d-803,b2b-all-22519401-65hdt-d-5737,freight-hdt-D-Diesel-Baseline,3854,-122.3645144674494,48.26687162473969
b2b-all-22519401-65hdt-d,b2b-all-22519401-65hdt-d-804,b2b-all-22519401-65hdt-d-5740,freight-hdt-D-Diesel-Baseline,3854,-122.3645144674494,48.26687162473969
b2b-all-22519401-65hdt-d,b2b-all-22519401-65hdt-d-805,b2b-all-22519401-65hdt-d-5741,freight-hdt-D-Diesel-Baseline,3854,-122.3645144674494,48.26687162473969
b2b-all-22519401-66hdt-d,b2b-all-22519401-66hdt-d-806,b2b-all-22519401-66hdt-d-5755,freight-hdt-D-Diesel-Baseline,3854,-122.3645144674494,48.26687162473969
b2b-all-22519401-66hdt-d,b2b-all-22519401-66hdt-d-807,b2b-all-22519401-66hdt-d-5756,freight-hdt-D-Diesel-Baseline,3854,-122.3645144674494,48.26687162473969
b2b-all-22519401-66hdt-d,b2b-all-22519401-66hdt-d-808,b2b-all-22519401-66hdt-d-5757,freight-hdt-D-Diesel-Baseline,3854,-122.3645144674494,48.26687162473969
b2b-all-22519401-66hdt-d,b2b-all-22519401-66hdt-d-809,b2b-all-22519401-66hdt-d-5758,freight-hdt-D-Diesel-Baseline,3854,-122.3645144674494,48.26687162473969
b2b-all-22519401-66hdt-d,b2b-all-22519401-66hdt-d-810,b2b-all-22519401-66hdt-d-5759,freight-hdt-D-Diesel-Baseline,3854,-122.3645144674494,48.26687162473969
b2b-all-22519401-66hdt-d,b2b-all-22519401-66hdt-d-811,b2b-all-22519401-66hdt-d-5760,freight-hdt-D-Diesel-Baseline,3854,-122.3645144674494,48.26687162473969
b2b-all-22519421-67hdt-d-0,b2b-all-22519421-67hdt-d-0-812,b2b-all-22519421-67hdt-d-0-5771,freight-hdt-D-Diesel-Baseline,3854,-122.3645144674494,48.26687162473969
b2b-all-22519421-67hdt-d-0,b2b-all-22519421-67hdt-d-0-813,b2b-all-22519421-67hdt-d-0-5772,freight-hdt-D-Diesel-Baseline,3854,-122.3645144674494,48.26687162473969
b2b-all-22519421-67hdt-d-0,b2b-all-22519421-67hdt-d-0-814,b2b-all-22519421-67hdt-d-0-5773,freight-hdt-D-Diesel-Baseline,3854,-122.3645144674494,48.26687162473969
b2b-all-22519421-67hdt-d-0,b2b-all-22519421-67hdt-d-0-815,b2b-all-22519421-67hdt-d-0-5774,freight-hdt-D-Diesel-Baseline,3854,-122.3645144674494,48.26687162473969
b2b-all-22519421-67hdt-d-0,b2b-all-22519421-67hdt-d-0-816,b2b-all-22519421-67hdt-d-0-5775,freight-hdt-D-Diesel-Baseline,3854,-122.3645144674494,48.26687162473969
b2b-all-22519421-67hdt-d-0,b2b-all-22519421-67hdt-d-0-817,b2b-all-22519421-67hdt-d-0-5776,freight-hdt-D-Diesel-Baseline,3854,-122.3645144674494,48.26687162473969
b2b-all-22519421-67hdt-d-0,b2b-all-22519421-67hdt-d-0-818,b2b-all-22519421-67hdt-d-0-5777,freight-hdt-D-Diesel-Baseline,3854,-122.3645144674494,48.26687162473969
b2b-all-22519421-67hdt-d-0,b2b-all-22519421-67hdt-d-0-819,b2b-all-22519421-67hdt-d-0-5778,freight-hdt-D-Diesel-Baseline,3854,-122.3645144674494,48.26687162473969
b2b-all-22519421-67hdt-d-1,b2b-all-22519421-67hdt-d-1-820,b2b-all-22519421-67hdt-d-1-5789,freight-hdt-D-Diesel-Baseline,3854,-122.3645144674494,48.26687162473969
b2b-all-22519421-68hdt-d,b2b-all-22519421-68hdt-d-821,b2b-all-22519421-68hdt-d-5813,freight-hdt-D-Diesel-Baseline,3854,-122.3645144674494,48.26687162473969
b2b-all-22519421-68hdt-d,b2b-all-22519421-68hdt-d-822,b2b-all-22519421-68hdt-d-5814,freight-hdt-D-Diesel-Baseline,3854,-122.3645144674494,48.26687162473969
b2b-all-22622061-69hdt-d,b2b-all-22622061-69hdt-d-823,b2b-all-22622061-69hdt-d-5825,freight-hdt-D-Diesel-Baseline,5885,-123.12917480974409,44.98433170990787
b2b-all-22622061-69hdt-d,b2b-all-22622061-69hdt-d-824,b2b-all-22622061-69hdt-d-5826,freight-hdt-D-Diesel-Baseline,5885,-123.12917480974409,44.98433170990787
b2b-all-22622061-69hdt-d,b2b-all-22622061-69hdt-d-825,b2b-all-22622061-69hdt-d-5827,freight-hdt-D-Diesel-Baseline,5885,-123.12917480974409,44.98433170990787
b2b-all-22622061-69hdt-d,b2b-all-22622061-69hdt-d-826,b2b-all-22622061-69hdt-d-5830,freight-hdt-D-Diesel-Baseline,5885,-123.12917480974409,44.98433170990787
b2b-all-22622061-69hdt-d,b2b-all-22622061-69hdt-d-827,b2b-all-22622061-69hdt-d-5831,freight-hdt-D-Diesel-Baseline,5885,-123.12917480974409,44.98433170990787
b2b-all-22622111-70hdt-d,b2b-all-22622111-70hdt-d-828,b2b-all-22622111-70hdt-d-5850,freight-hdt-D-Diesel-Baseline,5885,-123.12917480974409,44.98433170990787
b2b-all-22622111-70hdt-d,b2b-all-22622111-70hdt-d-829,b2b-all-22622111-70hdt-d-5843,freight-hdt-D-Diesel-Baseline,5885,-123.12917480974409,44.98433170990787
b2b-all-22622111-70hdt-d,b2b-all-22622111-70hdt-d-830,b2b-all-22622111-70hdt-d-5844,freight-hdt-D-Diesel-Baseline,5885,-123.12917480974409,44.98433170990787
b2b-all-22622111-70hdt-d,b2b-all-22622111-70hdt-d-831,b2b-all-22622111-70hdt-d-5845,freight-hdt-D-Diesel-Baseline,5885,-123.12917480974409,44.98433170990787
b2b-all-22622111-70hdt-d,b2b-all-22622111-70hdt-d-832,b2b-all-22622111-70hdt-d-5846,freight-hdt-D-Diesel-Baseline,5885,-123.12917480974409,44.98433170990787
b2b-all-22622111-70hdt-d,b2b-all-22622111-70hdt-d-833,b2b-all-22622111-70hdt-d-5847,freight-hdt-D-Diesel-Baseline,5885,-123.12917480974409,44.98433170990787
b2b-all-22622111-70hdt-d,b2b-all-22622111-70hdt-d-834,b2b-all-22622111-70hdt-d-5848,freight-hdt-D-Diesel-Baseline,5885,-123.12917480974409,44.98433170990787
b2b-all-22622111-70hdt-d,b2b-all-22622111-70hdt-d-835,b2b-all-22622111-70hdt-d-5849,freight-hdt-D-Diesel-Baseline,5885,-123.12917480974409,44.98433170990787
b2b-all-22622111-71hdt-d,b2b-all-22622111-71hdt-d-836,b2b-all-22622111-71hdt-d-5867,freight-hdt-D-Diesel-Baseline,5885,-123.12917480974409,44.98433170990787
b2b-all-22622111-71hdt-d,b2b-all-22622111-71hdt-d-837,b2b-all-22622111-71hdt-d-5868,freight-hdt-D-Diesel-Baseline,5885,-123.12917480974409,44.98433170990787
b2b-all-22623081-72hdt-d-0,b2b-all-22623081-72hdt-d-0-838,b2b-all-22623081-72hdt-d-0-5879,freight-hdt-D-Diesel-Baseline,3854,-122.3645144674494,48.26687162473969
b2b-all-22623081-72hdt-d-0,b2b-all-22623081-72hdt-d-0-839,b2b-all-22623081-72hdt-d-0-5880,freight-hdt-D-Diesel-Baseline,3854,-122.3645144674494,48.26687162473969
b2b-all-22623081-72hdt-d-0,b2b-all-22623081-72hdt-d-0-840,b2b-all-22623081-72hdt-d-0-5881,freight-hdt-D-Diesel-Baseline,3854,-122.3645144674494,48.26687162473969
b2b-all-22623081-72hdt-d-0,b2b-all-22623081-72hdt-d-0-841,b2b-all-22623081-72hdt-d-0-5882,freight-hdt-D-Diesel-Baseline,3854,-122.3645144674494,48.26687162473969
b2b-all-22623081-72hdt-d-0,b2b-all-22623081-72hdt-d-0-842,b2b-all-22623081-72hdt-d-0-5883,freight-hdt-D-Diesel-Baseline,3854,-122.3645144674494,48.26687162473969
b2b-all-22623081-72hdt-d-0,b2b-all-22623081-72hdt-d-0-843,b2b-all-22623081-72hdt-d-0-5884,freight-hdt-D-Diesel-Baseline,3854,-122.3645144674494,48.26687162473969
b2b-all-22623081-72hdt-d-0,b2b-all-22623081-72hdt-d-0-844,b2b-all-22623081-72hdt-d-0-5885,freight-hdt-D-Diesel-Baseline,3854,-122.3645144674494,48.26687162473969
b2b-all-22623081-72hdt-d-0,b2b-all-22623081-72hdt-d-0-845,b2b-all-22623081-72hdt-d-0-5886,freight-hdt-D-Diesel-Baseline,3854,-122.3645144674494,48.26687162473969
b2b-all-22623081-72hdt-d-1,b2b-all-22623081-72hdt-d-1-846,b2b-all-22623081-72hdt-d-1-5904,freight-hdt-D-Diesel-Baseline,3854,-122.3645144674494,48.26687162473969
b2b-all-22623081-73hdt-d,b2b-all-22623081-73hdt-d-847,b2b-all-22623081-73hdt-d-5921,freight-hdt-D-Diesel-Baseline,3854,-122.3645144674494,48.26687162473969
b2b-all-22623081-73hdt-d,b2b-all-22623081-73hdt-d-848,b2b-all-22623081-73hdt-d-5922,freight-hdt-D-Diesel-Baseline,3854,-122.3645144674494,48.26687162473969
b2b-all-22623302-74hdt-d,b2b-all-22623302-74hdt-d-849,b2b-all-22623302-74hdt-d-5933,freight-hdt-D-Diesel-Baseline,2128,-121.69744610643237,47.16798796331104
b2b-all-22623302-74hdt-d,b2b-all-22623302-74hdt-d-850,b2b-all-22623302-74hdt-d-5939,freight-hdt-D-Diesel-Baseline,2128,-121.69744610643237,47.16798796331104
b2b-all-22623302-74hdt-d,b2b-all-22623302-74hdt-d-851,b2b-all-22623302-74hdt-d-5940,freight-hdt-D-Diesel-Baseline,2128,-121.69744610643237,47.16798796331104
b2b-all-68330692-75hdt-d-0,b2b-all-68330692-75hdt-d-0-852,b2b-all-68330692-75hdt-d-0-5972,freight-hdt-D-Diesel-Baseline,2128,-121.69744610643237,47.16798796331104
b2b-all-68330692-75hdt-d-0,b2b-all-68330692-75hdt-d-0-853,b2b-all-68330692-75hdt-d-0-5974,freight-hdt-D-Diesel-Baseline,2128,-121.69744610643237,47.16798796331104
b2b-all-68330692-75hdt-d-0,b2b-all-68330692-75hdt-d-0-854,b2b-all-68330692-75hdt-d-0-5975,freight-hdt-D-Diesel-Baseline,2128,-121.69744610643237,47.16798796331104
b2b-all-68330692-75hdt-d-0,b2b-all-68330692-75hdt-d-0-855,b2b-all-68330692-75hdt-d-0-5976,freight-hdt-D-Diesel-Baseline,2128,-121.69744610643237,47.16798796331104
b2b-all-68330692-75hdt-d-0,b2b-all-68330692-75hdt-d-0-856,b2b-all-68330692-75hdt-d-0-5972,freight-hdt-D-Diesel-Baseline,2128,-121.69744610643237,47.16798796331104
b2b-all-68330692-75hdt-d-1,b2b-all-68330692-75hdt-d-1-857,b2b-all-68330692-75hdt-d-1-5987,freight-hdt-D-Diesel-Baseline,2128,-121.69744610643237,47.16798796331104
b2b-all-68330692-75hdt-d-1,b2b-all-68330692-75hdt-d-1-858,b2b-all-68330692-75hdt-d-1-5988,freight-hdt-D-Diesel-Baseline,2128,-121.69744610643237,47.16798796331104
b2b-all-68330692-75hdt-d-1,b2b-all-68330692-75hdt-d-1-859,b2b-all-68330692-75hdt-d-1-6010,freight-hdt-D-Diesel-Baseline,2128,-121.69744610643237,47.16798796331104
b2b-all-68330692-75hdt-d-1,b2b-all-68330692-75hdt-d-1-860,b2b-all-68330692-75hdt-d-1-6011,freight-hdt-D-Diesel-Baseline,2128,-121.69744610643237,47.16798796331104
b2b-all-68330692-75hdt-d-1,b2b-all-68330692-75hdt-d-1-861,b2b-all-68330692-75hdt-d-1-6012,freight-hdt-D-Diesel-Baseline,2128,-121.69744610643237,47.16798796331104
b2b-all-68330692-75hdt-d-2,b2b-all-68330692-75hdt-d-2-862,b2b-all-68330692-75hdt-d-2-6023,freight-hdt-D-Diesel-Baseline,2128,-121.69744610643237,47.16798796331104
b2b-all-68330692-75hdt-d-2,b2b-all-68330692-75hdt-d-2-863,b2b-all-68330692-75hdt-d-2-6024,freight-hdt-D-Diesel-Baseline,2128,-121.69744610643237,47.16798796331104
b2b-all-68330692-75hdt-d-2,b2b-all-68330692-75hdt-d-2-864,b2b-all-68330692-75hdt-d-2-6046,freight-hdt-D-Diesel-Baseline,2128,-121.69744610643237,47.16798796331104
b2b-all-68330692-75hdt-d-2,b2b-all-68330692-75hdt-d-2-865,b2b-all-68330692-75hdt-d-2-6047,freight-hdt-D-Diesel-Baseline,2128,-121.69744610643237,47.16798796331104
b2b-all-68330692-75hdt-d-2,b2b-all-68330692-75hdt-d-2-866,b2b-all-68330692-75hdt-d-2-6048,freight-hdt-D-Diesel-Baseline,2128,-121.69744610643237,47.16798796331104
b2b-all-68330692-75hdt-d-3,b2b-all-68330692-75hdt-d-3-867,b2b-all-68330692-75hdt-d-3-6059,freight-hdt-D-Diesel-Baseline,2128,-121.69744610643237,47.16798796331104
b2b-all-68330692-75hdt-d-3,b2b-all-68330692-75hdt-d-3-868,b2b-all-68330692-75hdt-d-3-6060,freight-hdt-D-Diesel-Baseline,2128,-121.69744610643237,47.16798796331104
b2b-all-68330692-75hdt-d-3,b2b-all-68330692-75hdt-d-3-869,b2b-all-68330692-75hdt-d-3-6082,freight-hdt-D-Diesel-Baseline,2128,-121.69744610643237,47.16798796331104
b2b-all-68330692-75hdt-d-3,b2b-all-68330692-75hdt-d-3-870,b2b-all-68330692-75hdt-d-3-6083,freight-hdt-D-Diesel-Baseline,2128,-121.69744610643237,47.16798796331104
b2b-all-68330692-75hdt-d-3,b2b-all-68330692-75hdt-d-3-871,b2b-all-68330692-75hdt-d-3-6084,freight-hdt-D-Diesel-Baseline,2128,-121.69744610643237,47.16798796331104
b2b-all-68330692-75hdt-d-4,b2b-all-68330692-75hdt-d-4-872,b2b-all-68330692-75hdt-d-4-6120,freight-hdt-D-Diesel-Baseline,2128,-121.69744610643237,47.16798796331104
b2b-all-68330692-76hdt-d-0,b2b-all-68330692-76hdt-d-0-873,b2b-all-68330692-76hdt-d-0-6143,freight-hdt-D-Diesel-Baseline,2128,-121.69744610643237,47.16798796331104
b2b-all-68330692-76hdt-d-0,b2b-all-68330692-76hdt-d-0-874,b2b-all-68330692-76hdt-d-0-6144,freight-hdt-D-Diesel-Baseline,2128,-121.69744610643237,47.16798796331104
b2b-all-68330692-76hdt-d-0,b2b-all-68330692-76hdt-d-0-875,b2b-all-68330692-76hdt-d-0-6145,freight-hdt-D-Diesel-Baseline,2128,-121.69744610643237,47.16798796331104
b2b-all-68330692-76hdt-d-0,b2b-all-68330692-76hdt-d-0-876,b2b-all-68330692-76hdt-d-0-6146,freight-hdt-D-Diesel-Baseline,2128,-121.69744610643237,47.16798796331104
b2b-all-68330692-76hdt-d-0,b2b-all-68330692-76hdt-d-0-877,b2b-all-68330692-76hdt-d-0-6147,freight-hdt-D-Diesel-Baseline,2128,-121.69744610643237,47.16798796331104
b2b-all-68330692-76hdt-d-0,b2b-all-68330692-76hdt-d-0-878,b2b-all-68330692-76hdt-d-0-6148,freight-hdt-D-Diesel-Baseline,2128,-121.69744610643237,47.16798796331104
b2b-all-68330692-76hdt-d-0,b2b-all-68330692-76hdt-d-0-879,b2b-all-68330692-76hdt-d-0-6149,freight-hdt-D-Diesel-Baseline,2128,-121.69744610643237,47.16798796331104
b2b-all-68330692-76hdt-d-0,b2b-all-68330692-76hdt-d-0-880,b2b-all-68330692-76hdt-d-0-6150,freight-hdt-D-Diesel-Baseline,2128,-121.69744610643237,47.16798796331104
b2b-all-68330692-76hdt-d-0,b2b-all-68330692-76hdt-d-0-881,b2b-all-68330692-76hdt-d-0-6151,freight-hdt-D-Diesel-Baseline,2128,-121.69744610643237,47.16798796331104
b2b-all-68330692-76hdt-d-0,b2b-all-68330692-76hdt-d-0-882,b2b-all-68330692-76hdt-d-0-6152,freight-hdt-D-Diesel-Baseline,2128,-121.69744610643237,47.16798796331104
b2b-all-68330692-76hdt-d-0,b2b-all-68330692-76hdt-d-0-883,b2b-all-68330692-76hdt-d-0-6153,freight-hdt-D-Diesel-Baseline,2128,-121.69744610643237,47.16798796331104
b2b-all-68330692-76hdt-d-0,b2b-all-68330692-76hdt-d-0-884,b2b-all-68330692-76hdt-d-0-6154,freight-hdt-D-Diesel-Baseline,2128,-121.69744610643237,47.16798796331104
b2b-all-68330692-76hdt-d-0,b2b-all-68330692-76hdt-d-0-885,b2b-all-68330692-76hdt-d-0-6155,freight-hdt-D-Diesel-Baseline,2128,-121.69744610643237,47.16798796331104
b2b-all-68330692-76hdt-d-0,b2b-all-68330692-76hdt-d-0-886,b2b-all-68330692-76hdt-d-0-6156,freight-hdt-D-Diesel-Baseline,2128,-121.69744610643237,47.16798796331104
b2b-all-68330692-76hdt-d-0,b2b-all-68330692-76hdt-d-0-887,b2b-all-68330692-76hdt-d-0-6142,freight-hdt-D-Diesel-Baseline,2128,-121.69744610643237,47.16798796331104
b2b-all-68330692-76hdt-d-0,b2b-all-68330692-76hdt-d-0-888,b2b-all-68330692-76hdt-d-0-6141,freight-hdt-D-Diesel-Baseline,2128,-121.69744610643237,47.16798796331104
b2b-all-68330692-76hdt-d-1,b2b-all-68330692-76hdt-d-1-889,b2b-all-68330692-76hdt-d-1-6183,freight-hdt-D-Diesel-Baseline,2128,-121.69744610643237,47.16798796331104
b2b-all-68330692-76hdt-d-1,b2b-all-68330692-76hdt-d-1-890,b2b-all-68330692-76hdt-d-1-6184,freight-hdt-D-Diesel-Baseline,2128,-121.69744610643237,47.16798796331104
b2b-all-68330692-76hdt-d-1,b2b-all-68330692-76hdt-d-1-891,b2b-all-68330692-76hdt-d-1-6185,freight-hdt-D-Diesel-Baseline,2128,-121.69744610643237,47.16798796331104
b2b-all-68330692-76hdt-d-1,b2b-all-68330692-76hdt-d-1-892,b2b-all-68330692-76hdt-d-1-6186,freight-hdt-D-Diesel-Baseline,2128,-121.69744610643237,47.16798796331104
b2b-all-68330692-76hdt-d-1,b2b-all-68330692-76hdt-d-1-893,b2b-all-68330692-76hdt-d-1-6187,freight-hdt-D-Diesel-Baseline,2128,-121.69744610643237,47.16798796331104
b2b-all-68330692-76hdt-d-1,b2b-all-68330692-76hdt-d-1-894,b2b-all-68330692-76hdt-d-1-6188,freight-hdt-D-Diesel-Baseline,2128,-121.69744610643237,47.16798796331104
b2b-all-68330692-76hdt-d-1,b2b-all-68330692-76hdt-d-1-895,b2b-all-68330692-76hdt-d-1-6189,freight-hdt-D-Diesel-Baseline,2128,-121.69744610643237,47.16798796331104
b2b-all-68330692-76hdt-d-1,b2b-all-68330692-76hdt-d-1-896,b2b-all-68330692-76hdt-d-1-6190,freight-hdt-D-Diesel-Baseline,2128,-121.69744610643237,47.16798796331104
b2b-all-68330692-76hdt-d-1,b2b-all-68330692-76hdt-d-1-897,b2b-all-68330692-76hdt-d-1-6191,freight-hdt-D-Diesel-Baseline,2128,-121.69744610643237,47.16798796331104
b2b-all-68330692-76hdt-d-1,b2b-all-68330692-76hdt-d-1-898,b2b-all-68330692-76hdt-d-1-6192,freight-hdt-D-Diesel-Baseline,2128,-121.69744610643237,47.16798796331104
b2b-all-68330692-76hdt-d-2,b2b-all-68330692-76hdt-d-2-899,b2b-all-68330692-76hdt-d-2-6219,freight-hdt-D-Diesel-Baseline,2128,-121.69744610643237,47.16798796331104
b2b-all-68330692-76hdt-d-2,b2b-all-68330692-76hdt-d-2-900,b2b-all-68330692-76hdt-d-2-6220,freight-hdt-D-Diesel-Baseline,2128,-121.69744610643237,47.16798796331104
b2b-all-68330692-76hdt-d-2,b2b-all-68330692-76hdt-d-2-901,b2b-all-68330692-76hdt-d-2-6221,freight-hdt-D-Diesel-Baseline,2128,-121.69744610643237,47.16798796331104
b2b-all-68330692-76hdt-d-2,b2b-all-68330692-76hdt-d-2-902,b2b-all-68330692-76hdt-d-2-6222,freight-hdt-D-Diesel-Baseline,2128,-121.69744610643237,47.16798796331104
b2b-all-68330692-76hdt-d-2,b2b-all-68330692-76hdt-d-2-903,b2b-all-68330692-76hdt-d-2-6223,freight-hdt-D-Diesel-Baseline,2128,-121.69744610643237,47.16798796331104
b2b-all-68330692-76hdt-d-2,b2b-all-68330692-76hdt-d-2-904,b2b-all-68330692-76hdt-d-2-6224,freight-hdt-D-Diesel-Baseline,2128,-121.69744610643237,47.16798796331104
b2b-all-68330692-76hdt-d-2,b2b-all-68330692-76hdt-d-2-905,b2b-all-68330692-76hdt-d-2-6225,freight-hdt-D-Diesel-Baseline,2128,-121.69744610643237,47.16798796331104
b2b-all-68330692-76hdt-d-2,b2b-all-68330692-76hdt-d-2-906,b2b-all-68330692-76hdt-d-2-6226,freight-hdt-D-Diesel-Baseline,2128,-121.69744610643237,47.16798796331104
b2b-all-68330692-76hdt-d-2,b2b-all-68330692-76hdt-d-2-907,b2b-all-68330692-76hdt-d-2-6227,freight-hdt-D-Diesel-Baseline,2128,-121.69744610643237,47.16798796331104
b2b-all-68330692-76hdt-d-2,b2b-all-68330692-76hdt-d-2-908,b2b-all-68330692-76hdt-d-2-6228,freight-hdt-D-Diesel-Baseline,2128,-121.69744610643237,47.16798796331104
b2b-all-68330692-76hdt-d-3,b2b-all-68330692-76hdt-d-3-909,b2b-all-68330692-76hdt-d-3-6255,freight-hdt-D-Diesel-Baseline,2128,-121.69744610643237,47.16798796331104
b2b-all-68330692-76hdt-d-3,b2b-all-68330692-76hdt-d-3-910,b2b-all-68330692-76hdt-d-3-6256,freight-hdt-D-Diesel-Baseline,2128,-121.69744610643237,47.16798796331104
b2b-all-68330692-76hdt-d-3,b2b-all-68330692-76hdt-d-3-911,b2b-all-68330692-76hdt-d-3-6257,freight-hdt-D-Diesel-Baseline,2128,-121.69744610643237,47.16798796331104
b2b-all-68330692-76hdt-d-3,b2b-all-68330692-76hdt-d-3-912,b2b-all-68330692-76hdt-d-3-6258,freight-hdt-D-Diesel-Baseline,2128,-121.69744610643237,47.16798796331104
b2b-all-68330692-76hdt-d-3,b2b-all-68330692-76hdt-d-3-913,b2b-all-68330692-76hdt-d-3-6259,freight-hdt-D-Diesel-Baseline,2128,-121.69744610643237,47.16798796331104
b2b-all-68330692-76hdt-d-3,b2b-all-68330692-76hdt-d-3-914,b2b-all-68330692-76hdt-d-3-6260,freight-hdt-D-Diesel-Baseline,2128,-121.69744610643237,47.16798796331104
b2b-all-68330692-76hdt-d-3,b2b-all-68330692-76hdt-d-3-915,b2b-all-68330692-76hdt-d-3-6261,freight-hdt-D-Diesel-Baseline,2128,-121.69744610643237,47.16798796331104
b2b-all-68330692-76hdt-d-3,b2b-all-68330692-76hdt-d-3-916,b2b-all-68330692-76hdt-d-3-6262,freight-hdt-D-Diesel-Baseline,2128,-121.69744610643237,47.16798796331104
b2b-all-68330692-76hdt-d-3,b2b-all-68330692-76hdt-d-3-917,b2b-all-68330692-76hdt-d-3-6263,freight-hdt-D-Diesel-Baseline,2128,-121.69744610643237,47.16798796331104
b2b-all-68330692-76hdt-d-3,b2b-all-68330692-76hdt-d-3-918,b2b-all-68330692-76hdt-d-3-6264,freight-hdt-D-Diesel-Baseline,2128,-121.69744610643237,47.16798796331104
b2b-all-68330692-76hdt-d-4,b2b-all-68330692-76hdt-d-4-919,b2b-all-68330692-76hdt-d-4-6299,freight-hdt-D-Diesel-Baseline,2128,-121.69744610643237,47.16798796331104
b2b-all-68330692-76hdt-d-4,b2b-all-68330692-76hdt-d-4-920,b2b-all-68330692-76hdt-d-4-6300,freight-hdt-D-Diesel-Baseline,2128,-121.69744610643237,47.16798796331104
b2b-all-68330882-77hdt-d-0,b2b-all-68330882-77hdt-d-0-921,b2b-all-68330882-77hdt-d-0-6311,freight-hdt-D-Diesel-Baseline,2128,-121.69744610643237,47.16798796331104
b2b-all-68330882-77hdt-d-0,b2b-all-68330882-77hdt-d-0-922,b2b-all-68330882-77hdt-d-0-6312,freight-hdt-D-Diesel-Baseline,2128,-121.69744610643237,47.16798796331104
b2b-all-68330882-77hdt-d-0,b2b-all-68330882-77hdt-d-0-923,b2b-all-68330882-77hdt-d-0-6313,freight-hdt-D-Diesel-Baseline,2128,-121.69744610643237,47.16798796331104
b2b-all-68330882-77hdt-d-0,b2b-all-68330882-77hdt-d-0-924,b2b-all-68330882-77hdt-d-0-6345,freight-hdt-D-Diesel-Baseline,2128,-121.69744610643237,47.16798796331104
b2b-all-68330882-77hdt-d-0,b2b-all-68330882-77hdt-d-0-925,b2b-all-68330882-77hdt-d-0-6346,freight-hdt-D-Diesel-Baseline,2128,-121.69744610643237,47.16798796331104
b2b-all-68330882-77hdt-d-0,b2b-all-68330882-77hdt-d-0-926,b2b-all-68330882-77hdt-d-0-6347,freight-hdt-D-Diesel-Baseline,2128,-121.69744610643237,47.16798796331104
b2b-all-68330882-77hdt-d-0,b2b-all-68330882-77hdt-d-0-927,b2b-all-68330882-77hdt-d-0-6349,freight-hdt-D-Diesel-Baseline,2128,-121.69744610643237,47.16798796331104
b2b-all-68330882-77hdt-d-0,b2b-all-68330882-77hdt-d-0-928,b2b-all-68330882-77hdt-d-0-6350,freight-hdt-D-Diesel-Baseline,2128,-121.69744610643237,47.16798796331104
b2b-all-68330882-77hdt-d-0,b2b-all-68330882-77hdt-d-0-929,b2b-all-68330882-77hdt-d-0-6353,freight-hdt-D-Diesel-Baseline,2128,-121.69744610643237,47.16798796331104
b2b-all-68330882-77hdt-d-0,b2b-all-68330882-77hdt-d-0-930,b2b-all-68330882-77hdt-d-0-6354,freight-hdt-D-Diesel-Baseline,2128,-121.69744610643237,47.16798796331104
b2b-all-68330882-77hdt-d-1,b2b-all-68330882-77hdt-d-1-931,b2b-all-68330882-77hdt-d-1-6365,freight-hdt-D-Diesel-Baseline,2128,-121.69744610643237,47.16798796331104
b2b-all-68330882-77hdt-d-1,b2b-all-68330882-77hdt-d-1-932,b2b-all-68330882-77hdt-d-1-6366,freight-hdt-D-Diesel-Baseline,2128,-121.69744610643237,47.16798796331104
b2b-all-68330882-77hdt-d-1,b2b-all-68330882-77hdt-d-1-933,b2b-all-68330882-77hdt-d-1-6367,freight-hdt-D-Diesel-Baseline,2128,-121.69744610643237,47.16798796331104
b2b-all-68330882-77hdt-d-1,b2b-all-68330882-77hdt-d-1-934,b2b-all-68330882-77hdt-d-1-6368,freight-hdt-D-Diesel-Baseline,2128,-121.69744610643237,47.16798796331104
b2b-all-68330882-77hdt-d-1,b2b-all-68330882-77hdt-d-1-935,b2b-all-68330882-77hdt-d-1-6400,freight-hdt-D-Diesel-Baseline,2128,-121.69744610643237,47.16798796331104
b2b-all-68330882-77hdt-d-1,b2b-all-68330882-77hdt-d-1-936,b2b-all-68330882-77hdt-d-1-6401,freight-hdt-D-Diesel-Baseline,2128,-121.69744610643237,47.16798796331104
b2b-all-68330882-77hdt-d-1,b2b-all-68330882-77hdt-d-1-937,b2b-all-68330882-77hdt-d-1-6403,freight-hdt-D-Diesel-Baseline,2128,-121.69744610643237,47.16798796331104
b2b-all-68330882-77hdt-d-1,b2b-all-68330882-77hdt-d-1-938,b2b-all-68330882-77hdt-d-1-6404,freight-hdt-D-Diesel-Baseline,2128,-121.69744610643237,47.16798796331104
b2b-all-68330882-77hdt-d-1,b2b-all-68330882-77hdt-d-1-939,b2b-all-68330882-77hdt-d-1-6405,freight-hdt-D-Diesel-Baseline,2128,-121.69744610643237,47.16798796331104
b2b-all-68330882-77hdt-d-1,b2b-all-68330882-77hdt-d-1-940,b2b-all-68330882-77hdt-d-1-6407,freight-hdt-D-Diesel-Baseline,2128,-121.69744610643237,47.16798796331104
b2b-all-68330882-77hdt-d-1,b2b-all-68330882-77hdt-d-1-941,b2b-all-68330882-77hdt-d-1-6408,freight-hdt-D-Diesel-Baseline,2128,-121.69744610643237,47.16798796331104
b2b-all-68330882-77hdt-d-2,b2b-all-68330882-77hdt-d-2-942,b2b-all-68330882-77hdt-d-2-6419,freight-hdt-D-Diesel-Baseline,2128,-121.69744610643237,47.16798796331104
b2b-all-68330882-77hdt-d-2,b2b-all-68330882-77hdt-d-2-943,b2b-all-68330882-77hdt-d-2-6461,freight-hdt-D-Diesel-Baseline,2128,-121.69744610643237,47.16798796331104
b2b-all-68330882-77hdt-d-2,b2b-all-68330882-77hdt-d-2-944,b2b-all-68330882-77hdt-d-2-6419,freight-hdt-D-Diesel-Baseline,2128,-121.69744610643237,47.16798796331104
b2b-all-68330882-77hdt-d-2,b2b-all-68330882-77hdt-d-2-945,b2b-all-68330882-77hdt-d-2-6420,freight-hdt-D-Diesel-Baseline,2128,-121.69744610643237,47.16798796331104
b2b-all-68330882-77hdt-d-2,b2b-all-68330882-77hdt-d-2-946,b2b-all-68330882-77hdt-d-2-6421,freight-hdt-D-Diesel-Baseline,2128,-121.69744610643237,47.16798796331104
b2b-all-68330882-77hdt-d-2,b2b-all-68330882-77hdt-d-2-947,b2b-all-68330882-77hdt-d-2-6455,freight-hdt-D-Diesel-Baseline,2128,-121.69744610643237,47.16798796331104
b2b-all-68330882-77hdt-d-2,b2b-all-68330882-77hdt-d-2-948,b2b-all-68330882-77hdt-d-2-6457,freight-hdt-D-Diesel-Baseline,2128,-121.69744610643237,47.16798796331104
b2b-all-68330882-77hdt-d-2,b2b-all-68330882-77hdt-d-2-949,b2b-all-68330882-77hdt-d-2-6458,freight-hdt-D-Diesel-Baseline,2128,-121.69744610643237,47.16798796331104
b2b-all-68330882-77hdt-d-2,b2b-all-68330882-77hdt-d-2-950,b2b-all-68330882-77hdt-d-2-6460,freight-hdt-D-Diesel-Baseline,2128,-121.69744610643237,47.16798796331104
b2b-all-68330882-77hdt-d-3,b2b-all-68330882-77hdt-d-3-951,b2b-all-68330882-77hdt-d-3-6473,freight-hdt-D-Diesel-Baseline,2128,-121.69744610643237,47.16798796331104
b2b-all-68330882-77hdt-d-3,b2b-all-68330882-77hdt-d-3-952,b2b-all-68330882-77hdt-d-3-6474,freight-hdt-D-Diesel-Baseline,2128,-121.69744610643237,47.16798796331104
b2b-all-68330882-77hdt-d-3,b2b-all-68330882-77hdt-d-3-953,b2b-all-68330882-77hdt-d-3-6475,freight-hdt-D-Diesel-Baseline,2128,-121.69744610643237,47.16798796331104
b2b-all-68330882-77hdt-d-3,b2b-all-68330882-77hdt-d-3-954,b2b-all-68330882-77hdt-d-3-6476,freight-hdt-D-Diesel-Baseline,2128,-121.69744610643237,47.16798796331104
b2b-all-68330882-77hdt-d-3,b2b-all-68330882-77hdt-d-3-955,b2b-all-68330882-77hdt-d-3-6477,freight-hdt-D-Diesel-Baseline,2128,-121.69744610643237,47.16798796331104
b2b-all-68330882-77hdt-d-3,b2b-all-68330882-77hdt-d-3-956,b2b-all-68330882-77hdt-d-3-6478,freight-hdt-D-Diesel-Baseline,2128,-121.69744610643237,47.16798796331104
b2b-all-68330882-77hdt-d-3,b2b-all-68330882-77hdt-d-3-957,b2b-all-68330882-77hdt-d-3-6479,freight-hdt-D-Diesel-Baseline,2128,-121.69744610643237,47.16798796331104
b2b-all-68330882-77hdt-d-3,b2b-all-68330882-77hdt-d-3-958,b2b-all-68330882-77hdt-d-3-6514,freight-hdt-D-Diesel-Baseline,2128,-121.69744610643237,47.16798796331104
b2b-all-68330882-77hdt-d-4,b2b-all-68330882-77hdt-d-4-959,b2b-all-68330882-77hdt-d-4-6527,freight-hdt-D-Diesel-Baseline,2128,-121.69744610643237,47.16798796331104
b2b-all-68330882-77hdt-d-4,b2b-all-68330882-77hdt-d-4-960,b2b-all-68330882-77hdt-d-4-6528,freight-hdt-D-Diesel-Baseline,2128,-121.69744610643237,47.16798796331104
b2b-all-68330882-77hdt-d-4,b2b-all-68330882-77hdt-d-4-961,b2b-all-68330882-77hdt-d-4-6569,freight-hdt-D-Diesel-Baseline,2128,-121.69744610643237,47.16798796331104
b2b-all-68330882-77hdt-d-4,b2b-all-68330882-77hdt-d-4-962,b2b-all-68330882-77hdt-d-4-6570,freight-hdt-D-Diesel-Baseline,2128,-121.69744610643237,47.16798796331104
b2b-all-68330882-78hdt-d-0,b2b-all-68330882-78hdt-d-0-963,b2b-all-68330882-78hdt-d-0-6613,freight-hdt-D-Diesel-Baseline,2128,-121.69744610643237,47.16798796331104
b2b-all-68330882-78hdt-d-0,b2b-all-68330882-78hdt-d-0-964,b2b-all-68330882-78hdt-d-0-6614,freight-hdt-D-Diesel-Baseline,2128,-121.69744610643237,47.16798796331104
b2b-all-68330882-78hdt-d-0,b2b-all-68330882-78hdt-d-0-965,b2b-all-68330882-78hdt-d-0-6615,freight-hdt-D-Diesel-Baseline,2128,-121.69744610643237,47.16798796331104
b2b-all-68330882-78hdt-d-0,b2b-all-68330882-78hdt-d-0-966,b2b-all-68330882-78hdt-d-0-6616,freight-hdt-D-Diesel-Baseline,2128,-121.69744610643237,47.16798796331104
b2b-all-68330882-78hdt-d-0,b2b-all-68330882-78hdt-d-0-967,b2b-all-68330882-78hdt-d-0-6617,freight-hdt-D-Diesel-Baseline,2128,-121.69744610643237,47.16798796331104
b2b-all-68330882-78hdt-d-0,b2b-all-68330882-78hdt-d-0-968,b2b-all-68330882-78hdt-d-0-6618,freight-hdt-D-Diesel-Baseline,2128,-121.69744610643237,47.16798796331104
b2b-all-68330882-78hdt-d-0,b2b-all-68330882-78hdt-d-0-969,b2b-all-68330882-78hdt-d-0-6619,freight-hdt-D-Diesel-Baseline,2128,-121.69744610643237,47.16798796331104
b2b-all-68330882-78hdt-d-0,b2b-all-68330882-78hdt-d-0-970,b2b-all-68330882-78hdt-d-0-6620,freight-hdt-D-Diesel-Baseline,2128,-121.69744610643237,47.16798796331104
b2b-all-68330882-78hdt-d-0,b2b-all-68330882-78hdt-d-0-971,b2b-all-68330882-78hdt-d-0-6621,freight-hdt-D-Diesel-Baseline,2128,-121.69744610643237,47.16798796331104
b2b-all-68330882-78hdt-d-0,b2b-all-68330882-78hdt-d-0-972,b2b-all-68330882-78hdt-d-0-6622,freight-hdt-D-Diesel-Baseline,2128,-121.69744610643237,47.16798796331104
b2b-all-68330882-78hdt-d-0,b2b-all-68330882-78hdt-d-0-973,b2b-all-68330882-78hdt-d-0-6623,freight-hdt-D-Diesel-Baseline,2128,-121.69744610643237,47.16798796331104
b2b-all-68330882-78hdt-d-0,b2b-all-68330882-78hdt-d-0-974,b2b-all-68330882-78hdt-d-0-6624,freight-hdt-D-Diesel-Baseline,2128,-121.69744610643237,47.16798796331104
b2b-all-68330882-78hdt-d-1,b2b-all-68330882-78hdt-d-1-975,b2b-all-68330882-78hdt-d-1-6669,freight-hdt-D-Diesel-Baseline,2128,-121.69744610643237,47.16798796331104
b2b-all-68330882-78hdt-d-1,b2b-all-68330882-78hdt-d-1-976,b2b-all-68330882-78hdt-d-1-6670,freight-hdt-D-Diesel-Baseline,2128,-121.69744610643237,47.16798796331104
b2b-all-68330882-78hdt-d-1,b2b-all-68330882-78hdt-d-1-977,b2b-all-68330882-78hdt-d-1-6671,freight-hdt-D-Diesel-Baseline,2128,-121.69744610643237,47.16798796331104
b2b-all-68330882-78hdt-d-1,b2b-all-68330882-78hdt-d-1-978,b2b-all-68330882-78hdt-d-1-6672,freight-hdt-D-Diesel-Baseline,2128,-121.69744610643237,47.16798796331104
b2b-all-68330882-78hdt-d-1,b2b-all-68330882-78hdt-d-1-979,b2b-all-68330882-78hdt-d-1-6673,freight-hdt-D-Diesel-Baseline,2128,-121.69744610643237,47.16798796331104
b2b-all-68330882-78hdt-d-1,b2b-all-68330882-78hdt-d-1-980,b2b-all-68330882-78hdt-d-1-6674,freight-hdt-D-Diesel-Baseline,2128,-121.69744610643237,47.16798796331104
b2b-all-68330882-78hdt-d-1,b2b-all-68330882-78hdt-d-1-981,b2b-all-68330882-78hdt-d-1-6675,freight-hdt-D-Diesel-Baseline,2128,-121.69744610643237,47.16798796331104
b2b-all-68330882-78hdt-d-1,b2b-all-68330882-78hdt-d-1-982,b2b-all-68330882-78hdt-d-1-6676,freight-hdt-D-Diesel-Baseline,2128,-121.69744610643237,47.16798796331104
b2b-all-68330882-78hdt-d-1,b2b-all-68330882-78hdt-d-1-983,b2b-all-68330882-78hdt-d-1-6677,freight-hdt-D-Diesel-Baseline,2128,-121.69744610643237,47.16798796331104
b2b-all-68330882-78hdt-d-1,b2b-all-68330882-78hdt-d-1-984,b2b-all-68330882-78hdt-d-1-6678,freight-hdt-D-Diesel-Baseline,2128,-121.69744610643237,47.16798796331104
b2b-all-68330882-78hdt-d-2,b2b-all-68330882-78hdt-d-2-985,b2b-all-68330882-78hdt-d-2-6723,freight-hdt-D-Diesel-Baseline,2128,-121.69744610643237,47.16798796331104
b2b-all-68330882-78hdt-d-2,b2b-all-68330882-78hdt-d-2-986,b2b-all-68330882-78hdt-d-2-6724,freight-hdt-D-Diesel-Baseline,2128,-121.69744610643237,47.16798796331104
b2b-all-68330882-78hdt-d-2,b2b-all-68330882-78hdt-d-2-987,b2b-all-68330882-78hdt-d-2-6725,freight-hdt-D-Diesel-Baseline,2128,-121.69744610643237,47.16798796331104
b2b-all-68330882-78hdt-d-2,b2b-all-68330882-78hdt-d-2-988,b2b-all-68330882-78hdt-d-2-6726,freight-hdt-D-Diesel-Baseline,2128,-121.69744610643237,47.16798796331104
b2b-all-68330882-78hdt-d-2,b2b-all-68330882-78hdt-d-2-989,b2b-all-68330882-78hdt-d-2-6727,freight-hdt-D-Diesel-Baseline,2128,-121.69744610643237,47.16798796331104
b2b-all-68330882-78hdt-d-2,b2b-all-68330882-78hdt-d-2-990,b2b-all-68330882-78hdt-d-2-6728,freight-hdt-D-Diesel-Baseline,2128,-121.69744610643237,47.16798796331104
b2b-all-68330882-78hdt-d-2,b2b-all-68330882-78hdt-d-2-991,b2b-all-68330882-78hdt-d-2-6729,freight-hdt-D-Diesel-Baseline,2128,-121.69744610643237,47.16798796331104
b2b-all-68330882-78hdt-d-2,b2b-all-68330882-78hdt-d-2-992,b2b-all-68330882-78hdt-d-2-6730,freight-hdt-D-Diesel-Baseline,2128,-121.69744610643237,47.16798796331104
b2b-all-68330882-78hdt-d-2,b2b-all-68330882-78hdt-d-2-993,b2b-all-68330882-78hdt-d-2-6731,freight-hdt-D-Diesel-Baseline,2128,-121.69744610643237,47.16798796331104
b2b-all-68330882-78hdt-d-2,b2b-all-68330882-78hdt-d-2-994,b2b-all-68330882-78hdt-d-2-6732,freight-hdt-D-Diesel-Baseline,2128,-121.69744610643237,47.16798796331104
b2b-all-68330882-78hdt-d-3,b2b-all-68330882-78hdt-d-3-995,b2b-all-68330882-78hdt-d-3-6786,freight-hdt-D-Diesel-Baseline,2128,-121.69744610643237,47.16798796331104
b2b-all-68330883-79hdv-d-0,b2b-all-68330883-79hdv-d-0-996,b2b-all-68330883-79hdv-d-0-6792,freight-hdv-D-Diesel-Baseline,2128,-121.69744610643237,47.16798796331104
b2b-all-68330883-79hdv-d-0,b2b-all-68330883-79hdv-d-0-997,b2b-all-68330883-79hdv-d-0-6793,freight-hdv-D-Diesel-Baseline,2128,-121.69744610643237,47.16798796331104
b2b-all-68330883-79hdv-d-0,b2b-all-68330883-79hdv-d-0-998,b2b-all-68330883-79hdv-d-0-6794,freight-hdv-D-Diesel-Baseline,2128,-121.69744610643237,47.16798796331104
b2b-all-68330883-79hdv-d-0,b2b-all-68330883-79hdv-d-0-999,b2b-all-68330883-79hdv-d-0-6795,freight-hdv-D-Diesel-Baseline,2128,-121.69744610643237,47.16798796331104
b2b-all-68330883-79hdv-d-0,b2b-all-68330883-79hdv-d-0-1000,b2b-all-68330883-79hdv-d-0-6796,freight-hdv-D-Diesel-Baseline,2128,-121.69744610643237,47.16798796331104
b2b-all-68330883-79hdv-d-0,b2b-all-68330883-79hdv-d-0-1001,b2b-all-68330883-79hdv-d-0-6806,freight-hdv-D-Diesel-Baseline,2128,-121.69744610643237,47.16798796331104
b2b-all-68330883-79hdv-d-0,b2b-all-68330883-79hdv-d-0-1002,b2b-all-68330883-79hdv-d-0-6807,freight-hdv-D-Diesel-Baseline,2128,-121.69744610643237,47.16798796331104
b2b-all-68330883-79hdv-d-0,b2b-all-68330883-79hdv-d-0-1003,b2b-all-68330883-79hdv-d-0-6808,freight-hdv-D-Diesel-Baseline,2128,-121.69744610643237,47.16798796331104
b2b-all-68330883-79hdv-d-1,b2b-all-68330883-79hdv-d-1-1004,b2b-all-68330883-79hdv-d-1-6819,freight-hdv-D-Diesel-Baseline,2128,-121.69744610643237,47.16798796331104
b2b-all-68330883-79hdv-d-1,b2b-all-68330883-79hdv-d-1-1005,b2b-all-68330883-79hdv-d-1-6820,freight-hdv-D-Diesel-Baseline,2128,-121.69744610643237,47.16798796331104
b2b-all-68330883-79hdv-d-1,b2b-all-68330883-79hdv-d-1-1006,b2b-all-68330883-79hdv-d-1-6821,freight-hdv-D-Diesel-Baseline,2128,-121.69744610643237,47.16798796331104
b2b-all-68330883-79hdv-d-1,b2b-all-68330883-79hdv-d-1-1007,b2b-all-68330883-79hdv-d-1-6822,freight-hdv-D-Diesel-Baseline,2128,-121.69744610643237,47.16798796331104
b2b-all-68330883-79hdv-d-1,b2b-all-68330883-79hdv-d-1-1008,b2b-all-68330883-79hdv-d-1-6823,freight-hdv-D-Diesel-Baseline,2128,-121.69744610643237,47.16798796331104
b2b-all-68330883-79hdv-d-1,b2b-all-68330883-79hdv-d-1-1009,b2b-all-68330883-79hdv-d-1-6833,freight-hdv-D-Diesel-Baseline,2128,-121.69744610643237,47.16798796331104
b2b-all-68330883-79hdv-d-1,b2b-all-68330883-79hdv-d-1-1010,b2b-all-68330883-79hdv-d-1-6834,freight-hdv-D-Diesel-Baseline,2128,-121.69744610643237,47.16798796331104
b2b-all-68330883-79hdv-d-1,b2b-all-68330883-79hdv-d-1-1011,b2b-all-68330883-79hdv-d-1-6835,freight-hdv-D-Diesel-Baseline,2128,-121.69744610643237,47.16798796331104
b2b-all-68330883-79hdv-d-2,b2b-all-68330883-79hdv-d-2-1012,b2b-all-68330883-79hdv-d-2-6846,freight-hdv-D-Diesel-Baseline,2128,-121.69744610643237,47.16798796331104
b2b-all-68330883-79hdv-d-2,b2b-all-68330883-79hdv-d-2-1013,b2b-all-68330883-79hdv-d-2-6847,freight-hdv-D-Diesel-Baseline,2128,-121.69744610643237,47.16798796331104
b2b-all-68330883-79hdv-d-2,b2b-all-68330883-79hdv-d-2-1014,b2b-all-68330883-79hdv-d-2-6848,freight-hdv-D-Diesel-Baseline,2128,-121.69744610643237,47.16798796331104
b2b-all-68330883-79hdv-d-2,b2b-all-68330883-79hdv-d-2-1015,b2b-all-68330883-79hdv-d-2-6860,freight-hdv-D-Diesel-Baseline,2128,-121.69744610643237,47.16798796331104
b2b-all-68330883-79hdv-d-2,b2b-all-68330883-79hdv-d-2-1016,b2b-all-68330883-79hdv-d-2-6861,freight-hdv-D-Diesel-Baseline,2128,-121.69744610643237,47.16798796331104
b2b-all-68330883-79hdv-d-2,b2b-all-68330883-79hdv-d-2-1017,b2b-all-68330883-79hdv-d-2-6862,freight-hdv-D-Diesel-Baseline,2128,-121.69744610643237,47.16798796331104
b2b-all-68330883-79hdv-d-2,b2b-all-68330883-79hdv-d-2-1018,b2b-all-68330883-79hdv-d-2-6846,freight-hdv-D-Diesel-Baseline,2128,-121.69744610643237,47.16798796331104
b2b-all-68330883-79hdv-d-2,b2b-all-68330883-79hdv-d-2-1019,b2b-all-68330883-79hdv-d-2-6856,freight-hdv-D-Diesel-Baseline,2128,-121.69744610643237,47.16798796331104
b2b-all-68330883-79hdv-d-2,b2b-all-68330883-79hdv-d-2-1020,b2b-all-68330883-79hdv-d-2-6853,freight-hdv-D-Diesel-Baseline,2128,-121.69744610643237,47.16798796331104
b2b-all-68330883-79hdv-d-2,b2b-all-68330883-79hdv-d-2-1021,b2b-all-68330883-79hdv-d-2-6854,freight-hdv-D-Diesel-Baseline,2128,-121.69744610643237,47.16798796331104
b2b-all-68330883-79hdv-d-3,b2b-all-68330883-79hdv-d-3-1022,b2b-all-68330883-79hdv-d-3-6873,freight-hdv-D-Diesel-Baseline,2128,-121.69744610643237,47.16798796331104
b2b-all-68330883-79hdv-d-3,b2b-all-68330883-79hdv-d-3-1023,b2b-all-68330883-79hdv-d-3-6885,freight-hdv-D-Diesel-Baseline,2128,-121.69744610643237,47.16798796331104
b2b-all-68330883-79hdv-d-3,b2b-all-68330883-79hdv-d-3-1024,b2b-all-68330883-79hdv-d-3-6887,freight-hdv-D-Diesel-Baseline,2128,-121.69744610643237,47.16798796331104
b2b-all-68330883-79hdv-d-3,b2b-all-68330883-79hdv-d-3-1025,b2b-all-68330883-79hdv-d-3-6888,freight-hdv-D-Diesel-Baseline,2128,-121.69744610643237,47.16798796331104
b2b-all-68330883-79hdv-d-3,b2b-all-68330883-79hdv-d-3-1026,b2b-all-68330883-79hdv-d-3-6889,freight-hdv-D-Diesel-Baseline,2128,-121.69744610643237,47.16798796331104
b2b-all-68330883-79hdv-d-3,b2b-all-68330883-79hdv-d-3-1027,b2b-all-68330883-79hdv-d-3-6873,freight-hdv-D-Diesel-Baseline,2128,-121.69744610643237,47.16798796331104
b2b-all-68330883-79hdv-d-3,b2b-all-68330883-79hdv-d-3-1028,b2b-all-68330883-79hdv-d-3-6883,freight-hdv-D-Diesel-Baseline,2128,-121.69744610643237,47.16798796331104
b2b-all-68330883-79hdv-d-3,b2b-all-68330883-79hdv-d-3-1029,b2b-all-68330883-79hdv-d-3-6884,freight-hdv-D-Diesel-Baseline,2128,-121.69744610643237,47.16798796331104
b2b-all-68330883-79hdv-d-3,b2b-all-68330883-79hdv-d-3-1030,b2b-all-68330883-79hdv-d-3-6881,freight-hdv-D-Diesel-Baseline,2128,-121.69744610643237,47.16798796331104
b2b-all-68330883-79hdv-d-4,b2b-all-68330883-79hdv-d-4-1031,b2b-all-68330883-79hdv-d-4-6900,freight-hdv-D-Diesel-Baseline,2128,-121.69744610643237,47.16798796331104
b2b-all-68330883-79hdv-d-4,b2b-all-68330883-79hdv-d-4-1032,b2b-all-68330883-79hdv-d-4-6901,freight-hdv-D-Diesel-Baseline,2128,-121.69744610643237,47.16798796331104
b2b-all-68330883-79hdv-d-4,b2b-all-68330883-79hdv-d-4-1033,b2b-all-68330883-79hdv-d-4-6902,freight-hdv-D-Diesel-Baseline,2128,-121.69744610643237,47.16798796331104
b2b-all-68330883-79hdv-d-4,b2b-all-68330883-79hdv-d-4-1034,b2b-all-68330883-79hdv-d-4-6915,freight-hdv-D-Diesel-Baseline,2128,-121.69744610643237,47.16798796331104
b2b-all-68330883-79hdv-d-4,b2b-all-68330883-79hdv-d-4-1035,b2b-all-68330883-79hdv-d-4-6916,freight-hdv-D-Diesel-Baseline,2128,-121.69744610643237,47.16798796331104
b2b-all-68330883-80hdv-d,b2b-all-68330883-80hdv-d-1036,b2b-all-68330883-80hdv-d-6943,freight-hdv-D-Diesel-Baseline,2128,-121.69744610643237,47.16798796331104
b2b-all-2351662-1-0hdt-d,b2b-all-2351662-1-0hdt-d-1037,b2b-all-2351662-1-0hdt-d-5,freight-hdt-D-Diesel-Baseline,1267,-122.33105082649654,47.59892871213873
b2b-all-2351662-1-1hdt-d,b2b-all-2351662-1-1hdt-d-1038,b2b-all-2351662-1-1hdt-d-26,freight-hdt-D-Diesel-Baseline,1267,-122.33105082649654,47.59892871213873
b2b-all-2351676-1-2hdt-d,b2b-all-2351676-1-2hdt-d-1039,b2b-all-2351676-1-2hdt-d-47,freight-hdt-D-Diesel-Baseline,3854,-122.3645144674494,48.26687162473969
b2b-all-2353869-1-3hdv-d-0,b2b-all-2353869-1-3hdv-d-0-1040,b2b-all-2353869-1-3hdv-d-0-68,freight-hdv-D-Diesel-Baseline,1157,-122.32523012820408,47.64561851342015
b2b-all-2353869-1-3hdv-d-0,b2b-all-2353869-1-3hdv-d-0-1041,b2b-all-2353869-1-3hdv-d-0-73,freight-hdv-D-Diesel-Baseline,1157,-122.32523012820408,47.64561851342015
b2b-all-2353869-1-3hdv-d-0,b2b-all-2353869-1-3hdv-d-0-1042,b2b-all-2353869-1-3hdv-d-0-74,freight-hdv-D-Diesel-Baseline,1157,-122.32523012820408,47.64561851342015
b2b-all-2353869-1-3hdv-d-1,b2b-all-2353869-1-3hdv-d-1-1043,b2b-all-2353869-1-3hdv-d-1-90,freight-hdv-D-Diesel-Baseline,1157,-122.32523012820408,47.64561851342015
b2b-all-2353869-1-3hdv-d-1,b2b-all-2353869-1-3hdv-d-1-1044,b2b-all-2353869-1-3hdv-d-1-95,freight-hdv-D-Diesel-Baseline,1157,-122.32523012820408,47.64561851342015
b2b-all-2353869-1-3hdv-d-1,b2b-all-2353869-1-3hdv-d-1-1045,b2b-all-2353869-1-3hdv-d-1-96,freight-hdv-D-Diesel-Baseline,1157,-122.32523012820408,47.64561851342015
b2b-all-2353869-1-3hdv-d-2,b2b-all-2353869-1-3hdv-d-2-1046,b2b-all-2353869-1-3hdv-d-2-112,freight-hdv-D-Diesel-Baseline,1157,-122.32523012820408,47.64561851342015
b2b-all-2353869-1-3hdv-d-2,b2b-all-2353869-1-3hdv-d-2-1047,b2b-all-2353869-1-3hdv-d-2-117,freight-hdv-D-Diesel-Baseline,1157,-122.32523012820408,47.64561851342015
b2b-all-2353869-1-3hdv-d-2,b2b-all-2353869-1-3hdv-d-2-1048,b2b-all-2353869-1-3hdv-d-2-118,freight-hdv-D-Diesel-Baseline,1157,-122.32523012820408,47.64561851342015
b2b-all-2353869-1-3hdv-d-3,b2b-all-2353869-1-3hdv-d-3-1049,b2b-all-2353869-1-3hdv-d-3-134,freight-hdv-D-Diesel-Baseline,1157,-122.32523012820408,47.64561851342015
b2b-all-2353869-1-3hdv-d-3,b2b-all-2353869-1-3hdv-d-3-1050,b2b-all-2353869-1-3hdv-d-3-140,freight-hdv-D-Diesel-Baseline,1157,-122.32523012820408,47.64561851342015
b2b-all-2353869-1-4hdv-d,b2b-all-2353869-1-4hdv-d-1051,b2b-all-2353869-1-4hdv-d-162,freight-hdv-D-Diesel-Baseline,1157,-122.32523012820408,47.64561851342015
b2b-all-2354535-1-5md-d,b2b-all-2354535-1-5md-d-1052,b2b-all-2354535-1-5md-d-188,freight-md-D-Diesel-Baseline,1243,-122.32733237032424,47.61331009230159
b2b-all-2354537-1-6hdt-d,b2b-all-2354537-1-6hdt-d-1053,b2b-all-2354537-1-6hdt-d-194,freight-hdt-D-Diesel-Baseline,1862,-122.35250964153995,47.44561321270001
b2b-all-2354537-1-6hdv-d,b2b-all-2354537-1-6hdv-d-1054,b2b-all-2354537-1-6hdv-d-243,freight-hdv-D-Diesel-Baseline,1862,-122.35250964153995,47.44561321270001
b2b-all-2354540-1-7md-d,b2b-all-2354540-1-7md-d-1055,b2b-all-2354540-1-7md-d-269,freight-md-D-Diesel-Baseline,1692,-122.172347858848,47.55967472744005
b2b-all-2354546-1-8md-d,b2b-all-2354546-1-8md-d-1056,b2b-all-2354546-1-8md-d-289,freight-md-D-Diesel-Baseline,3854,-122.3645144674494,48.26687162473969
b2b-all-2354546-1-8md-d,b2b-all-2354546-1-8md-d-1057,b2b-all-2354546-1-8md-d-290,freight-md-D-Diesel-Baseline,3854,-122.3645144674494,48.26687162473969
b2b-all-2355263-1-9hdv-d,b2b-all-2355263-1-9hdv-d-1058,b2b-all-2355263-1-9hdv-d-306,freight-hdv-D-Diesel-Baseline,1273,-122.31661070520538,47.591192921026845
b2b-all-2355266-1-10hdv-d,b2b-all-2355266-1-10hdv-d-1059,b2b-all-2355266-1-10hdv-d-327,freight-hdv-D-Diesel-Baseline,1214,-122.29647062960012,47.6219243609766
b2b-all-2355277-1-11hdt-d,b2b-all-2355277-1-11hdt-d-1060,b2b-all-2355277-1-11hdt-d-343,freight-hdt-D-Diesel-Baseline,5885,-123.12917480974409,44.98433170990787
b2b-all-29409-3-12hdt-d,b2b-all-29409-3-12hdt-d-1061,b2b-all-29409-3-12hdt-d-365,freight-hdt-D-Diesel-Baseline,3191,-122.48240942711132,47.05796598200305
b2b-all-29409-3-12hdt-d,b2b-all-29409-3-12hdt-d-1062,b2b-all-29409-3-12hdt-d-366,freight-hdt-D-Diesel-Baseline,3191,-122.48240942711132,47.05796598200305
b2b-all-31367-4-13hdv-d,b2b-all-31367-4-13hdv-d-1063,b2b-all-31367-4-13hdv-d-396,freight-hdv-D-Diesel-Baseline,1236,-122.33420666749213,47.61018219413791
b2b-all-31367-4-13hdv-d,b2b-all-31367-4-13hdv-d-1064,b2b-all-31367-4-13hdv-d-397,freight-hdv-D-Diesel-Baseline,1236,-122.33420666749213,47.61018219413791
b2b-all-31367-4-13hdv-d,b2b-all-31367-4-13hdv-d-1065,b2b-all-31367-4-13hdv-d-398,freight-hdv-D-Diesel-Baseline,1236,-122.33420666749213,47.61018219413791
b2b-all-420-2-14hdt-d,b2b-all-420-2-14hdt-d-1066,b2b-all-420-2-14hdt-d-418,freight-hdt-D-Diesel-Baseline,1295,-122.38872812714268,47.56464045533559
b2b-all-420-2-14hdt-d,b2b-all-420-2-14hdt-d-1067,b2b-all-420-2-14hdt-d-419,freight-hdt-D-Diesel-Baseline,1295,-122.38872812714268,47.56464045533559
b2b-all-420-2-14hdv-d,b2b-all-420-2-14hdv-d-1068,b2b-all-420-2-14hdv-d-462,freight-hdv-D-Diesel-Baseline,1295,-122.38872812714268,47.56464045533559
b2b-all-6594494-2-15hdv-d,b2b-all-6594494-2-15hdv-d-1069,b2b-all-6594494-2-15hdv-d-487,freight-hdv-D-Diesel-Baseline,3854,-122.3645144674494,48.26687162473969
b2b-all-6594494-2-15hdv-d,b2b-all-6594494-2-15hdv-d-1070,b2b-all-6594494-2-15hdv-d-488,freight-hdv-D-Diesel-Baseline,3854,-122.3645144674494,48.26687162473969
b2b-all-6594494-3-16hdt-d-0,b2b-all-6594494-3-16hdt-d-0-1071,b2b-all-6594494-3-16hdt-d-0-505,freight-hdt-D-Diesel-Baseline,3854,-122.3645144674494,48.26687162473969
b2b-all-6594494-3-16hdt-d-0,b2b-all-6594494-3-16hdt-d-0-1072,b2b-all-6594494-3-16hdt-d-0-506,freight-hdt-D-Diesel-Baseline,3854,-122.3645144674494,48.26687162473969
b2b-all-6594494-3-16hdt-d-0,b2b-all-6594494-3-16hdt-d-0-1073,b2b-all-6594494-3-16hdt-d-0-507,freight-hdt-D-Diesel-Baseline,3854,-122.3645144674494,48.26687162473969
b2b-all-6594494-3-16hdt-d-0,b2b-all-6594494-3-16hdt-d-0-1074,b2b-all-6594494-3-16hdt-d-0-508,freight-hdt-D-Diesel-Baseline,3854,-122.3645144674494,48.26687162473969
b2b-all-6594494-3-16hdt-d-0,b2b-all-6594494-3-16hdt-d-0-1075,b2b-all-6594494-3-16hdt-d-0-509,freight-hdt-D-Diesel-Baseline,3854,-122.3645144674494,48.26687162473969
b2b-all-6594494-3-16hdt-d-0,b2b-all-6594494-3-16hdt-d-0-1076,b2b-all-6594494-3-16hdt-d-0-510,freight-hdt-D-Diesel-Baseline,3854,-122.3645144674494,48.26687162473969
b2b-all-6594494-3-16hdt-d-0,b2b-all-6594494-3-16hdt-d-0-1077,b2b-all-6594494-3-16hdt-d-0-511,freight-hdt-D-Diesel-Baseline,3854,-122.3645144674494,48.26687162473969
b2b-all-6594494-3-16hdt-d-0,b2b-all-6594494-3-16hdt-d-0-1078,b2b-all-6594494-3-16hdt-d-0-512,freight-hdt-D-Diesel-Baseline,3854,-122.3645144674494,48.26687162473969
b2b-all-6594494-3-16hdt-d-0,b2b-all-6594494-3-16hdt-d-0-1079,b2b-all-6594494-3-16hdt-d-0-513,freight-hdt-D-Diesel-Baseline,3854,-122.3645144674494,48.26687162473969
b2b-all-6594494-3-16hdt-d-0,b2b-all-6594494-3-16hdt-d-0-1080,b2b-all-6594494-3-16hdt-d-0-514,freight-hdt-D-Diesel-Baseline,3854,-122.3645144674494,48.26687162473969
b2b-all-6594494-3-16hdt-d-0,b2b-all-6594494-3-16hdt-d-0-1081,b2b-all-6594494-3-16hdt-d-0-515,freight-hdt-D-Diesel-Baseline,3854,-122.3645144674494,48.26687162473969
b2b-all-6594494-3-16hdt-d-0,b2b-all-6594494-3-16hdt-d-0-1082,b2b-all-6594494-3-16hdt-d-0-516,freight-hdt-D-Diesel-Baseline,3854,-122.3645144674494,48.26687162473969
b2b-all-6594494-3-16hdt-d-0,b2b-all-6594494-3-16hdt-d-0-1083,b2b-all-6594494-3-16hdt-d-0-517,freight-hdt-D-Diesel-Baseline,3854,-122.3645144674494,48.26687162473969
b2b-all-6594494-3-16hdt-d-0,b2b-all-6594494-3-16hdt-d-0-1084,b2b-all-6594494-3-16hdt-d-0-518,freight-hdt-D-Diesel-Baseline,3854,-122.3645144674494,48.26687162473969
b2b-all-6594494-3-16hdt-d-0,b2b-all-6594494-3-16hdt-d-0-1085,b2b-all-6594494-3-16hdt-d-0-519,freight-hdt-D-Diesel-Baseline,3854,-122.3645144674494,48.26687162473969
b2b-all-6594494-3-16hdt-d-0,b2b-all-6594494-3-16hdt-d-0-1086,b2b-all-6594494-3-16hdt-d-0-520,freight-hdt-D-Diesel-Baseline,3854,-122.3645144674494,48.26687162473969
b2b-all-6594494-3-16hdt-d-1,b2b-all-6594494-3-16hdt-d-1-1087,b2b-all-6594494-3-16hdt-d-1-557,freight-hdt-D-Diesel-Baseline,3854,-122.3645144674494,48.26687162473969
b2b-all-6596821-4-17hdv-d,b2b-all-6596821-4-17hdv-d-1088,b2b-all-6596821-4-17hdv-d-585,freight-hdv-D-Diesel-Baseline,1234,-122.33715952785954,47.61224294353128
b2b-all-6596821-4-17hdv-d,b2b-all-6596821-4-17hdv-d-1089,b2b-all-6596821-4-17hdv-d-586,freight-hdv-D-Diesel-Baseline,1234,-122.33715952785954,47.61224294353128
b2b-all-6596821-4-17hdv-d,b2b-all-6596821-4-17hdv-d-1090,b2b-all-6596821-4-17hdv-d-587,freight-hdv-D-Diesel-Baseline,1234,-122.33715952785954,47.61224294353128
b2b-all-6596830-3-18hdt-d,b2b-all-6596830-3-18hdt-d-1091,b2b-all-6596830-3-18hdt-d-603,freight-hdt-D-Diesel-Baseline,3191,-122.48240942711132,47.05796598200305
b2b-all-6596830-3-18hdt-d,b2b-all-6596830-3-18hdt-d-1092,b2b-all-6596830-3-18hdt-d-604,freight-hdt-D-Diesel-Baseline,3191,-122.48240942711132,47.05796598200305
b2b-all-6596830-3-18hdt-d,b2b-all-6596830-3-18hdt-d-1093,b2b-all-6596830-3-18hdt-d-605,freight-hdt-D-Diesel-Baseline,3191,-122.48240942711132,47.05796598200305
b2b-all-6654807-3-19hdt-d,b2b-all-6654807-3-19hdt-d-1094,b2b-all-6654807-3-19hdt-d-626,freight-hdt-D-Diesel-Baseline,1969,-122.22832644581368,47.35984575339472
b2b-all-6654807-3-19hdt-d,b2b-all-6654807-3-19hdt-d-1095,b2b-all-6654807-3-19hdt-d-627,freight-hdt-D-Diesel-Baseline,1969,-122.22832644581368,47.35984575339472
b2b-all-6656517-2-20md-d,b2b-all-6656517-2-20md-d-1096,b2b-all-6656517-2-20md-d-653,freight-md-D-Diesel-Baseline,1534,-122.2341472636926,47.70979841369238
b2b-all-6656517-2-20md-d,b2b-all-6656517-2-20md-d-1097,b2b-all-6656517-2-20md-d-654,freight-md-D-Diesel-Baseline,1534,-122.2341472636926,47.70979841369238
b2b-all-6656517-2-20md-d,b2b-all-6656517-2-20md-d-1098,b2b-all-6656517-2-20md-d-664,freight-md-D-Diesel-Baseline,1534,-122.2341472636926,47.70979841369238
b2b-all-6656517-2-20md-d,b2b-all-6656517-2-20md-d-1099,b2b-all-6656517-2-20md-d-665,freight-md-D-Diesel-Baseline,1534,-122.2341472636926,47.70979841369238
b2b-all-6656517-2-20md-d,b2b-all-6656517-2-20md-d-1100,b2b-all-6656517-2-20md-d-666,freight-md-D-Diesel-Baseline,1534,-122.2341472636926,47.70979841369238
b2b-all-6657352-2-21hdv-d,b2b-all-6657352-2-21hdv-d-1101,b2b-all-6657352-2-21hdv-d-682,freight-hdv-D-Diesel-Baseline,2231,-121.9659260861147,47.54060681600556
b2b-all-6659132-3-22hdt-d,b2b-all-6659132-3-22hdt-d-1102,b2b-all-6659132-3-22hdt-d-693,freight-hdt-D-Diesel-Baseline,947,-122.34490546953845,47.71205653647049
b2b-all-6659132-3-22hdt-d,b2b-all-6659132-3-22hdt-d-1103,b2b-all-6659132-3-22hdt-d-694,freight-hdt-D-Diesel-Baseline,947,-122.34490546953845,47.71205653647049
b2b-all-6659132-3-22hdt-d,b2b-all-6659132-3-22hdt-d-1104,b2b-all-6659132-3-22hdt-d-698,freight-hdt-D-Diesel-Baseline,947,-122.34490546953845,47.71205653647049
b2b-all-6660037-3-23hdt-d,b2b-all-6660037-3-23hdt-d-1105,b2b-all-6660037-3-23hdt-d-723,freight-hdt-D-Diesel-Baseline,1989,-122.31550246797458,47.35326724156451
b2b-all-6660037-3-23hdt-d,b2b-all-6660037-3-23hdt-d-1106,b2b-all-6660037-3-23hdt-d-724,freight-hdt-D-Diesel-Baseline,1989,-122.31550246797458,47.35326724156451
b2b-all-6660037-4-24hdv-d,b2b-all-6660037-4-24hdv-d-1107,b2b-all-6660037-4-24hdv-d-745,freight-hdv-D-Diesel-Baseline,1989,-122.31550246797458,47.35326724156451
b2b-all-6660037-4-24hdv-d,b2b-all-6660037-4-24hdv-d-1108,b2b-all-6660037-4-24hdv-d-750,freight-hdv-D-Diesel-Baseline,1989,-122.31550246797458,47.35326724156451
b2b-all-6660037-4-24hdv-d,b2b-all-6660037-4-24hdv-d-1109,b2b-all-6660037-4-24hdv-d-751,freight-hdv-D-Diesel-Baseline,1989,-122.31550246797458,47.35326724156451
b2b-all-6660037-4-24hdv-d,b2b-all-6660037-4-24hdv-d-1110,b2b-all-6660037-4-24hdv-d-752,freight-hdv-D-Diesel-Baseline,1989,-122.31550246797458,47.35326724156451
b2b-all-6660037-4-24hdv-d,b2b-all-6660037-4-24hdv-d-1111,b2b-all-6660037-4-24hdv-d-753,freight-hdv-D-Diesel-Baseline,1989,-122.31550246797458,47.35326724156451
b2b-all-6660037-4-24hdv-d,b2b-all-6660037-4-24hdv-d-1112,b2b-all-6660037-4-24hdv-d-754,freight-hdv-D-Diesel-Baseline,1989,-122.31550246797458,47.35326724156451
b2b-all-6660038-4-25hdv-d,b2b-all-6660038-4-25hdv-d-1113,b2b-all-6660038-4-25hdv-d-776,freight-hdv-D-Diesel-Baseline,3191,-122.48240942711132,47.05796598200305
b2b-all-6660038-4-25hdv-d,b2b-all-6660038-4-25hdv-d-1114,b2b-all-6660038-4-25hdv-d-777,freight-hdv-D-Diesel-Baseline,3191,-122.48240942711132,47.05796598200305
b2b-all-6661623-3-26hdt-d,b2b-all-6661623-3-26hdt-d-1115,b2b-all-6661623-3-26hdt-d-788,freight-hdt-D-Diesel-Baseline,1174,-122.34186471860332,47.63236161945948
b2b-all-6661623-3-26hdt-d,b2b-all-6661623-3-26hdt-d-1116,b2b-all-6661623-3-26hdt-d-793,freight-hdt-D-Diesel-Baseline,1174,-122.34186471860332,47.63236161945948
b2b-all-6661623-3-26hdt-d,b2b-all-6661623-3-26hdt-d-1117,b2b-all-6661623-3-26hdt-d-794,freight-hdt-D-Diesel-Baseline,1174,-122.34186471860332,47.63236161945948
b2b-all-6661623-3-27hdt-d,b2b-all-6661623-3-27hdt-d-1118,b2b-all-6661623-3-27hdt-d-816,freight-hdt-D-Diesel-Baseline,1174,-122.34186471860332,47.63236161945948
b2b-all-6662744-1-28hdt-d,b2b-all-6662744-1-28hdt-d-1119,b2b-all-6662744-1-28hdt-d-837,freight-hdt-D-Diesel-Baseline,1782,-122.33239476260194,47.50525510636856
b2b-all-6663935-3-29hdv-d-0,b2b-all-6663935-3-29hdv-d-0-1120,b2b-all-6663935-3-29hdv-d-0-858,freight-hdv-D-Diesel-Baseline,1893,-122.29712639326344,47.37798407977943
b2b-all-6663935-3-29hdv-d-0,b2b-all-6663935-3-29hdv-d-0-1121,b2b-all-6663935-3-29hdv-d-0-862,freight-hdv-D-Diesel-Baseline,1893,-122.29712639326344,47.37798407977943
b2b-all-6663935-3-29hdv-d-0,b2b-all-6663935-3-29hdv-d-0-1122,b2b-all-6663935-3-29hdv-d-0-863,freight-hdv-D-Diesel-Baseline,1893,-122.29712639326344,47.37798407977943
b2b-all-6663935-3-29hdv-d-1,b2b-all-6663935-3-29hdv-d-1-1123,b2b-all-6663935-3-29hdv-d-1-879,freight-hdv-D-Diesel-Baseline,1893,-122.29712639326344,47.37798407977943
b2b-all-6663935-3-29hdv-d-1,b2b-all-6663935-3-29hdv-d-1-1124,b2b-all-6663935-3-29hdv-d-1-883,freight-hdv-D-Diesel-Baseline,1893,-122.29712639326344,47.37798407977943
b2b-all-6663935-3-29hdv-d-1,b2b-all-6663935-3-29hdv-d-1-1125,b2b-all-6663935-3-29hdv-d-1-884,freight-hdv-D-Diesel-Baseline,1893,-122.29712639326344,47.37798407977943
b2b-all-6663935-3-29hdv-d-2,b2b-all-6663935-3-29hdv-d-2-1126,b2b-all-6663935-3-29hdv-d-2-904,freight-hdv-D-Diesel-Baseline,1893,-122.29712639326344,47.37798407977943
b2b-all-6663935-3-29hdv-d-2,b2b-all-6663935-3-29hdv-d-2-1127,b2b-all-6663935-3-29hdv-d-2-905,freight-hdv-D-Diesel-Baseline,1893,-122.29712639326344,47.37798407977943
b2b-all-6663935-3-30hdv-d,b2b-all-6663935-3-30hdv-d-1128,b2b-all-6663935-3-30hdv-d-925,freight-hdv-D-Diesel-Baseline,1893,-122.29712639326344,47.37798407977943
b2b-all-6663935-3-30hdv-d,b2b-all-6663935-3-30hdv-d-1129,b2b-all-6663935-3-30hdv-d-926,freight-hdv-D-Diesel-Baseline,1893,-122.29712639326344,47.37798407977943
b2b-all-6664793-1-31md-d,b2b-all-6664793-1-31md-d-1130,b2b-all-6664793-1-31md-d-961,freight-md-D-Diesel-Baseline,5882,-123.14494409844396,44.98169645199568
b2b-all-6664793-1-31md-d,b2b-all-6664793-1-31md-d-1131,b2b-all-6664793-1-31md-d-962,freight-md-D-Diesel-Baseline,5882,-123.14494409844396,44.98169645199568
b2b-all-6664793-1-31md-d,b2b-all-6664793-1-31md-d-1132,b2b-all-6664793-1-31md-d-963,freight-md-D-Diesel-Baseline,5882,-123.14494409844396,44.98169645199568
b2b-all-6664793-1-31md-d,b2b-all-6664793-1-31md-d-1133,b2b-all-6664793-1-31md-d-964,freight-md-D-Diesel-Baseline,5882,-123.14494409844396,44.98169645199568
b2b-all-6664793-1-31md-d,b2b-all-6664793-1-31md-d-1134,b2b-all-6664793-1-31md-d-965,freight-md-D-Diesel-Baseline,5882,-123.14494409844396,44.98169645199568
b2b-all-6664793-1-31md-d,b2b-all-6664793-1-31md-d-1135,b2b-all-6664793-1-31md-d-966,freight-md-D-Diesel-Baseline,5882,-123.14494409844396,44.98169645199568
b2b-all-6664793-1-31md-d,b2b-all-6664793-1-31md-d-1136,b2b-all-6664793-1-31md-d-967,freight-md-D-Diesel-Baseline,5882,-123.14494409844396,44.98169645199568
b2b-all-6664940-3-32md-d,b2b-all-6664940-3-32md-d-1137,b2b-all-6664940-3-32md-d-1004,freight-md-D-Diesel-Baseline,3191,-122.48240942711132,47.05796598200305
b2b-all-6664940-3-32md-d,b2b-all-6664940-3-32md-d-1138,b2b-all-6664940-3-32md-d-1005,freight-md-D-Diesel-Baseline,3191,-122.48240942711132,47.05796598200305
b2b-all-6664940-3-32md-d,b2b-all-6664940-3-32md-d-1139,b2b-all-6664940-3-32md-d-1006,freight-md-D-Diesel-Baseline,3191,-122.48240942711132,47.05796598200305
b2b-all-6664940-3-32md-d,b2b-all-6664940-3-32md-d-1140,b2b-all-6664940-3-32md-d-1007,freight-md-D-Diesel-Baseline,3191,-122.48240942711132,47.05796598200305
b2b-all-6664940-3-32md-d,b2b-all-6664940-3-32md-d-1141,b2b-all-6664940-3-32md-d-1008,freight-md-D-Diesel-Baseline,3191,-122.48240942711132,47.05796598200305
b2b-all-6664940-3-32md-d,b2b-all-6664940-3-32md-d-1142,b2b-all-6664940-3-32md-d-1009,freight-md-D-Diesel-Baseline,3191,-122.48240942711132,47.05796598200305
b2b-all-6664940-3-32hdt-d,b2b-all-6664940-3-32hdt-d-1143,b2b-all-6664940-3-32hdt-d-1024,freight-hdt-D-Diesel-Baseline,3191,-122.48240942711132,47.05796598200305
b2b-all-6664940-3-32hdt-d,b2b-all-6664940-3-32hdt-d-1144,b2b-all-6664940-3-32hdt-d-1025,freight-hdt-D-Diesel-Baseline,3191,-122.48240942711132,47.05796598200305
b2b-all-6664940-3-32hdv-d,b2b-all-6664940-3-32hdv-d-1145,b2b-all-6664940-3-32hdv-d-1068,freight-hdv-D-Diesel-Baseline,3191,-122.48240942711132,47.05796598200305
b2b-all-6665866-2-33hdv-d,b2b-all-6665866-2-33hdv-d-1146,b2b-all-6665866-2-33hdv-d-1113,freight-hdv-D-Diesel-Baseline,3179,-122.74810938133588,47.29621087392292
b2b-all-6665866-2-33hdv-d,b2b-all-6665866-2-33hdv-d-1147,b2b-all-6665866-2-33hdv-d-1114,freight-hdv-D-Diesel-Baseline,3179,-122.74810938133588,47.29621087392292
b2b-all-6671609-1-34md-d,b2b-all-6671609-1-34md-d-1148,b2b-all-6671609-1-34md-d-1140,freight-md-D-Diesel-Baseline,1609,-122.12384059249392,47.57933549947606
b2b-all-6672915-4-35hdv-d,b2b-all-6672915-4-35hdv-d-1149,b2b-all-6672915-4-35hdv-d-1151,freight-hdv-D-Diesel-Baseline,5885,-123.12917480974409,44.98433170990787
b2b-all-6672915-4-35hdv-d,b2b-all-6672915-4-35hdv-d-1150,b2b-all-6672915-4-35hdv-d-1152,freight-hdv-D-Diesel-Baseline,5885,-123.12917480974409,44.98433170990787
b2b-all-6672915-4-35hdv-d,b2b-all-6672915-4-35hdv-d-1151,b2b-all-6672915-4-35hdv-d-1153,freight-hdv-D-Diesel-Baseline,5885,-123.12917480974409,44.98433170990787
b2b-all-6672915-4-35hdv-d,b2b-all-6672915-4-35hdv-d-1152,b2b-all-6672915-4-35hdv-d-1158,freight-hdv-D-Diesel-Baseline,5885,-123.12917480974409,44.98433170990787
b2b-all-6672915-4-35hdv-d,b2b-all-6672915-4-35hdv-d-1153,b2b-all-6672915-4-35hdv-d-1159,freight-hdv-D-Diesel-Baseline,5885,-123.12917480974409,44.98433170990787
b2b-all-6674274-2-36hdt-d,b2b-all-6674274-2-36hdt-d-1154,b2b-all-6674274-2-36hdt-d-1179,freight-hdt-D-Diesel-Baseline,5897,-123.21550111052947,44.80748760973425
b2b-all-6674374-2-37hdt-d,b2b-all-6674374-2-37hdt-d-1155,b2b-all-6674374-2-37hdt-d-1199,freight-hdt-D-Diesel-Baseline,1298,-122.36318393854717,47.566890869804034
b2b-all-6674374-2-37hdt-d,b2b-all-6674374-2-37hdt-d-1156,b2b-all-6674374-2-37hdt-d-1200,freight-hdt-D-Diesel-Baseline,1298,-122.36318393854717,47.566890869804034
b2b-all-6674700-4-38hdv-d,b2b-all-6674700-4-38hdv-d-1157,b2b-all-6674700-4-38hdv-d-1230,freight-hdv-D-Diesel-Baseline,1192,-122.338462848519,47.616674879669326
b2b-all-6674700-4-38hdv-d,b2b-all-6674700-4-38hdv-d-1158,b2b-all-6674700-4-38hdv-d-1231,freight-hdv-D-Diesel-Baseline,1192,-122.338462848519,47.616674879669326
b2b-all-6675264-1-39hdt-d-0,b2b-all-6675264-1-39hdt-d-0-1159,b2b-all-6675264-1-39hdt-d-0-1242,freight-hdt-D-Diesel-Baseline,5885,-123.12917480974409,44.98433170990787
b2b-all-6675264-1-39hdt-d-0,b2b-all-6675264-1-39hdt-d-0-1160,b2b-all-6675264-1-39hdt-d-0-1246,freight-hdt-D-Diesel-Baseline,5885,-123.12917480974409,44.98433170990787
b2b-all-6675264-1-39hdt-d-0,b2b-all-6675264-1-39hdt-d-0-1161,b2b-all-6675264-1-39hdt-d-0-1247,freight-hdt-D-Diesel-Baseline,5885,-123.12917480974409,44.98433170990787
b2b-all-6675264-1-39hdt-d-1,b2b-all-6675264-1-39hdt-d-1-1162,b2b-all-6675264-1-39hdt-d-1-1268,freight-hdt-D-Diesel-Baseline,5885,-123.12917480974409,44.98433170990787
b2b-all-6680494-2-40hdt-d,b2b-all-6680494-2-40hdt-d-1163,b2b-all-6680494-2-40hdt-d-1293,freight-hdt-D-Diesel-Baseline,1208,-122.3183321731414,47.61460072622008
b2b-all-6680494-4-41hdv-d-0,b2b-all-6680494-4-41hdv-d-0-1164,b2b-all-6680494-4-41hdv-d-0-1314,freight-hdv-D-Diesel-Baseline,1208,-122.3183321731414,47.61460072622008
b2b-all-6680494-4-41hdv-d-0,b2b-all-6680494-4-41hdv-d-0-1165,b2b-all-6680494-4-41hdv-d-0-1322,freight-hdv-D-Diesel-Baseline,1208,-122.3183321731414,47.61460072622008
b2b-all-6680494-4-41hdv-d-0,b2b-all-6680494-4-41hdv-d-0-1166,b2b-all-6680494-4-41hdv-d-0-1323,freight-hdv-D-Diesel-Baseline,1208,-122.3183321731414,47.61460072622008
b2b-all-6680494-4-41hdv-d-0,b2b-all-6680494-4-41hdv-d-0-1167,b2b-all-6680494-4-41hdv-d-0-1325,freight-hdv-D-Diesel-Baseline,1208,-122.3183321731414,47.61460072622008
b2b-all-6680494-4-41hdv-d-1,b2b-all-6680494-4-41hdv-d-1-1168,b2b-all-6680494-4-41hdv-d-1-1350,freight-hdv-D-Diesel-Baseline,1208,-122.3183321731414,47.61460072622008
b2b-all-6680494-4-41hdv-d-1,b2b-all-6680494-4-41hdv-d-1-1169,b2b-all-6680494-4-41hdv-d-1-1351,freight-hdv-D-Diesel-Baseline,1208,-122.3183321731414,47.61460072622008
b2b-all-6680494-4-41hdv-d-1,b2b-all-6680494-4-41hdv-d-1-1170,b2b-all-6680494-4-41hdv-d-1-1352,freight-hdv-D-Diesel-Baseline,1208,-122.3183321731414,47.61460072622008
b2b-all-6680494-4-42hdv-d,b2b-all-6680494-4-42hdv-d-1171,b2b-all-6680494-4-42hdv-d-1376,freight-hdv-D-Diesel-Baseline,1208,-122.3183321731414,47.61460072622008
b2b-all-6680494-4-42hdv-d,b2b-all-6680494-4-42hdv-d-1172,b2b-all-6680494-4-42hdv-d-1377,freight-hdv-D-Diesel-Baseline,1208,-122.3183321731414,47.61460072622008
b2b-all-6680494-4-42hdv-d,b2b-all-6680494-4-42hdv-d-1173,b2b-all-6680494-4-42hdv-d-1378,freight-hdv-D-Diesel-Baseline,1208,-122.3183321731414,47.61460072622008
b2b-all-6680494-4-42hdv-d,b2b-all-6680494-4-42hdv-d-1174,b2b-all-6680494-4-42hdv-d-1379,freight-hdv-D-Diesel-Baseline,1208,-122.3183321731414,47.61460072622008
b2b-all-6680954-2-43hdv-d,b2b-all-6680954-2-43hdv-d-1175,b2b-all-6680954-2-43hdv-d-1400,freight-hdv-D-Diesel-Baseline,1972,-122.25509294038024,47.36482763168811
b2b-all-6680954-2-44hdv-d,b2b-all-6680954-2-44hdv-d-1176,b2b-all-6680954-2-44hdv-d-1421,freight-hdv-D-Diesel-Baseline,1972,-122.25509294038024,47.36482763168811
b2b-all-6681566-1-45md-d-0,b2b-all-6681566-1-45md-d-0-1177,b2b-all-6681566-1-45md-d-0-1442,freight-md-D-Diesel-Baseline,1987,-122.2560764549547,47.3103507950796
b2b-all-6681566-1-45md-d-0,b2b-all-6681566-1-45md-d-0-1178,b2b-all-6681566-1-45md-d-0-1443,freight-md-D-Diesel-Baseline,1987,-122.2560764549547,47.3103507950796
b2b-all-6681566-1-45md-d-0,b2b-all-6681566-1-45md-d-0-1179,b2b-all-6681566-1-45md-d-0-1444,freight-md-D-Diesel-Baseline,1987,-122.2560764549547,47.3103507950796
b2b-all-6681566-1-45md-d-0,b2b-all-6681566-1-45md-d-0-1180,b2b-all-6681566-1-45md-d-0-1445,freight-md-D-Diesel-Baseline,1987,-122.2560764549547,47.3103507950796
b2b-all-6681566-1-45md-d-0,b2b-all-6681566-1-45md-d-0-1181,b2b-all-6681566-1-45md-d-0-1452,freight-md-D-Diesel-Baseline,1987,-122.2560764549547,47.3103507950796
b2b-all-6681566-1-45md-d-0,b2b-all-6681566-1-45md-d-0-1182,b2b-all-6681566-1-45md-d-0-1453,freight-md-D-Diesel-Baseline,1987,-122.2560764549547,47.3103507950796
b2b-all-6681566-1-45md-d-0,b2b-all-6681566-1-45md-d-0-1183,b2b-all-6681566-1-45md-d-0-1454,freight-md-D-Diesel-Baseline,1987,-122.2560764549547,47.3103507950796
b2b-all-6681566-1-45md-d-0,b2b-all-6681566-1-45md-d-0-1184,b2b-all-6681566-1-45md-d-0-1455,freight-md-D-Diesel-Baseline,1987,-122.2560764549547,47.3103507950796
b2b-all-6681566-1-45md-d-0,b2b-all-6681566-1-45md-d-0-1185,b2b-all-6681566-1-45md-d-0-1457,freight-md-D-Diesel-Baseline,1987,-122.2560764549547,47.3103507950796
b2b-all-6681566-1-45md-d-0,b2b-all-6681566-1-45md-d-0-1186,b2b-all-6681566-1-45md-d-0-1458,freight-md-D-Diesel-Baseline,1987,-122.2560764549547,47.3103507950796
b2b-all-6681566-1-45md-d-0,b2b-all-6681566-1-45md-d-0-1187,b2b-all-6681566-1-45md-d-0-1459,freight-md-D-Diesel-Baseline,1987,-122.2560764549547,47.3103507950796
b2b-all-6681566-1-45md-d-0,b2b-all-6681566-1-45md-d-0-1188,b2b-all-6681566-1-45md-d-0-1460,freight-md-D-Diesel-Baseline,1987,-122.2560764549547,47.3103507950796
b2b-all-6681566-1-45md-d-0,b2b-all-6681566-1-45md-d-0-1189,b2b-all-6681566-1-45md-d-0-1461,freight-md-D-Diesel-Baseline,1987,-122.2560764549547,47.3103507950796
b2b-all-6681566-1-45md-d-0,b2b-all-6681566-1-45md-d-0-1190,b2b-all-6681566-1-45md-d-0-1468,freight-md-D-Diesel-Baseline,1987,-122.2560764549547,47.3103507950796
b2b-all-6681566-1-45md-d-0,b2b-all-6681566-1-45md-d-0-1191,b2b-all-6681566-1-45md-d-0-1469,freight-md-D-Diesel-Baseline,1987,-122.2560764549547,47.3103507950796
b2b-all-6681566-1-45md-d-0,b2b-all-6681566-1-45md-d-0-1192,b2b-all-6681566-1-45md-d-0-1470,freight-md-D-Diesel-Baseline,1987,-122.2560764549547,47.3103507950796
b2b-all-6681566-1-45md-d-0,b2b-all-6681566-1-45md-d-0-1193,b2b-all-6681566-1-45md-d-0-1471,freight-md-D-Diesel-Baseline,1987,-122.2560764549547,47.3103507950796
b2b-all-6681566-1-45md-d-0,b2b-all-6681566-1-45md-d-0-1194,b2b-all-6681566-1-45md-d-0-1472,freight-md-D-Diesel-Baseline,1987,-122.2560764549547,47.3103507950796
b2b-all-6681566-1-45md-d-0,b2b-all-6681566-1-45md-d-0-1195,b2b-all-6681566-1-45md-d-0-1475,freight-md-D-Diesel-Baseline,1987,-122.2560764549547,47.3103507950796
b2b-all-6681566-1-45md-d-0,b2b-all-6681566-1-45md-d-0-1196,b2b-all-6681566-1-45md-d-0-1481,freight-md-D-Diesel-Baseline,1987,-122.2560764549547,47.3103507950796
b2b-all-6681566-1-45md-d-1,b2b-all-6681566-1-45md-d-1-1197,b2b-all-6681566-1-45md-d-1-1500,freight-md-D-Diesel-Baseline,1987,-122.2560764549547,47.3103507950796
b2b-all-6681566-1-45md-d-1,b2b-all-6681566-1-45md-d-1-1198,b2b-all-6681566-1-45md-d-1-1501,freight-md-D-Diesel-Baseline,1987,-122.2560764549547,47.3103507950796
b2b-all-6681566-1-45md-d-1,b2b-all-6681566-1-45md-d-1-1199,b2b-all-6681566-1-45md-d-1-1502,freight-md-D-Diesel-Baseline,1987,-122.2560764549547,47.3103507950796
b2b-all-6681566-1-45md-d-1,b2b-all-6681566-1-45md-d-1-1200,b2b-all-6681566-1-45md-d-1-1503,freight-md-D-Diesel-Baseline,1987,-122.2560764549547,47.3103507950796
b2b-all-6681566-1-45md-d-1,b2b-all-6681566-1-45md-d-1-1201,b2b-all-6681566-1-45md-d-1-1504,freight-md-D-Diesel-Baseline,1987,-122.2560764549547,47.3103507950796
b2b-all-6681566-1-45md-d-1,b2b-all-6681566-1-45md-d-1-1202,b2b-all-6681566-1-45md-d-1-1505,freight-md-D-Diesel-Baseline,1987,-122.2560764549547,47.3103507950796
b2b-all-6681566-1-45md-d-1,b2b-all-6681566-1-45md-d-1-1203,b2b-all-6681566-1-45md-d-1-1506,freight-md-D-Diesel-Baseline,1987,-122.2560764549547,47.3103507950796
b2b-all-6681566-1-45md-d-1,b2b-all-6681566-1-45md-d-1-1204,b2b-all-6681566-1-45md-d-1-1507,freight-md-D-Diesel-Baseline,1987,-122.2560764549547,47.3103507950796
b2b-all-6681566-1-45md-d-1,b2b-all-6681566-1-45md-d-1-1205,b2b-all-6681566-1-45md-d-1-1508,freight-md-D-Diesel-Baseline,1987,-122.2560764549547,47.3103507950796
b2b-all-6681566-1-45md-d-1,b2b-all-6681566-1-45md-d-1-1206,b2b-all-6681566-1-45md-d-1-1509,freight-md-D-Diesel-Baseline,1987,-122.2560764549547,47.3103507950796
b2b-all-6681566-1-45md-d-1,b2b-all-6681566-1-45md-d-1-1207,b2b-all-6681566-1-45md-d-1-1510,freight-md-D-Diesel-Baseline,1987,-122.2560764549547,47.3103507950796
b2b-all-6681566-1-45md-d-1,b2b-all-6681566-1-45md-d-1-1208,b2b-all-6681566-1-45md-d-1-1511,freight-md-D-Diesel-Baseline,1987,-122.2560764549547,47.3103507950796
b2b-all-6681566-1-45md-d-1,b2b-all-6681566-1-45md-d-1-1209,b2b-all-6681566-1-45md-d-1-1512,freight-md-D-Diesel-Baseline,1987,-122.2560764549547,47.3103507950796
b2b-all-6681566-1-45md-d-1,b2b-all-6681566-1-45md-d-1-1210,b2b-all-6681566-1-45md-d-1-1513,freight-md-D-Diesel-Baseline,1987,-122.2560764549547,47.3103507950796
b2b-all-6681566-1-45md-d-1,b2b-all-6681566-1-45md-d-1-1211,b2b-all-6681566-1-45md-d-1-1514,freight-md-D-Diesel-Baseline,1987,-122.2560764549547,47.3103507950796
b2b-all-6681566-1-45md-d-1,b2b-all-6681566-1-45md-d-1-1212,b2b-all-6681566-1-45md-d-1-1515,freight-md-D-Diesel-Baseline,1987,-122.2560764549547,47.3103507950796
b2b-all-6682693-3-46hdt-d,b2b-all-6682693-3-46hdt-d-1213,b2b-all-6682693-3-46hdt-d-1557,freight-hdt-D-Diesel-Baseline,1969,-122.22981345344527,47.36128561783536
b2b-all-6682693-3-46hdt-d,b2b-all-6682693-3-46hdt-d-1214,b2b-all-6682693-3-46hdt-d-1558,freight-hdt-D-Diesel-Baseline,1969,-122.22981345344527,47.36128561783536
b2b-all-6682693-3-46hdt-d,b2b-all-6682693-3-46hdt-d-1215,b2b-all-6682693-3-46hdt-d-1559,freight-hdt-D-Diesel-Baseline,1969,-122.22981345344527,47.36128561783536
b2b-all-6682693-3-46hdt-d,b2b-all-6682693-3-46hdt-d-1216,b2b-all-6682693-3-46hdt-d-1560,freight-hdt-D-Diesel-Baseline,1969,-122.22981345344527,47.36128561783536
b2b-all-6689001-1-47md-d,b2b-all-6689001-1-47md-d-1217,b2b-all-6689001-1-47md-d-1595,freight-md-D-Diesel-Baseline,1228,-122.35421448059088,47.61577589204552
b2b-all-6696393-2-48hdv-d,b2b-all-6696393-2-48hdv-d-1218,b2b-all-6696393-2-48hdv-d-1615,freight-hdv-D-Diesel-Baseline,3854,-122.3645144674494,48.26687162473969
b2b-all-6697750-1-49md-d,b2b-all-6697750-1-49md-d-1219,b2b-all-6697750-1-49md-d-1641,freight-md-D-Diesel-Baseline,1110,-122.33181255835996,47.65774658363506
b2b-all-6698095-1-50hdt-d,b2b-all-6698095-1-50hdt-d-1220,b2b-all-6698095-1-50hdt-d-1652,freight-hdt-D-Diesel-Baseline,3854,-122.3645144674494,48.26687162473969
b2b-all-6698367-1-51md-d,b2b-all-6698367-1-51md-d-1221,b2b-all-6698367-1-51md-d-1683,freight-md-D-Diesel-Baseline,2184,-122.0231975996848,47.390579601274496
b2b-all-6699555-1-52hdt-d,b2b-all-6699555-1-52hdt-d-1222,b2b-all-6699555-1-52hdt-d-1694,freight-hdt-D-Diesel-Baseline,5885,-123.12917480974409,44.98433170990787
b2b-all-6700035-1-53hdt-d,b2b-all-6700035-1-53hdt-d-1223,b2b-all-6700035-1-53hdt-d-1715,freight-hdt-D-Diesel-Baseline,1144,-122.37811987729104,47.646304076482416
b2b-all-6700554-2-54md-d,b2b-all-6700554-2-54md-d-1224,b2b-all-6700554-2-54md-d-1760,freight-md-D-Diesel-Baseline,1701,-122.07270396690708,47.53577247352216
b2b-all-6700554-2-54hdt-d,b2b-all-6700554-2-54hdt-d-1225,b2b-all-6700554-2-54hdt-d-1775,freight-hdt-D-Diesel-Baseline,1701,-122.07270396690708,47.53577247352216
b2b-all-6700554-2-54hdv-d,b2b-all-6700554-2-54hdv-d-1226,b2b-all-6700554-2-54hdv-d-1820,freight-hdv-D-Diesel-Baseline,1701,-122.07270396690708,47.53577247352216
b2b-all-6700554-3-55hdv-d,b2b-all-6700554-3-55hdv-d-1227,b2b-all-6700554-3-55hdv-d-1842,freight-hdv-D-Diesel-Baseline,1701,-122.07270396690708,47.53577247352216
b2b-all-6700554-3-55hdv-d,b2b-all-6700554-3-55hdv-d-1228,b2b-all-6700554-3-55hdv-d-1846,freight-hdv-D-Diesel-Baseline,1701,-122.07270396690708,47.53577247352216
b2b-all-6700554-3-55hdv-d,b2b-all-6700554-3-55hdv-d-1229,b2b-all-6700554-3-55hdv-d-1847,freight-hdv-D-Diesel-Baseline,1701,-122.07270396690708,47.53577247352216
b2b-all-6702161-1-57hdt-d,b2b-all-6702161-1-57hdt-d-1230,b2b-all-6702161-1-57hdt-d-1906,freight-hdt-D-Diesel-Baseline,2271,-122.06847991479304,47.6243777368102
b2b-all-6702161-1-57hdt-d,b2b-all-6702161-1-57hdt-d-1231,b2b-all-6702161-1-57hdt-d-1907,freight-hdt-D-Diesel-Baseline,2271,-122.06847991479304,47.6243777368102
b2b-all-6702401-1-58md-d,b2b-all-6702401-1-58md-d-1232,b2b-all-6702401-1-58md-d-1938,freight-md-D-Diesel-Baseline,5911,-123.33515380404658,45.06513967621475
b2b-all-6703021-1-59md-d,b2b-all-6703021-1-59md-d-1233,b2b-all-6703021-1-59md-d-1963,freight-md-D-Diesel-Baseline,3205,-122.47266831305922,46.8934296551068
b2b-all-6703130-1-60hdv-d,b2b-all-6703130-1-60hdv-d-1234,b2b-all-6703130-1-60hdv-d-1979,freight-hdv-D-Diesel-Baseline,2022,-122.39324305964676,47.31682610200196
b2b-all-6704241-1-61hdv-d,b2b-all-6704241-1-61hdv-d-1235,b2b-all-6704241-1-61hdv-d-2000,freight-hdv-D-Diesel-Baseline,1333,-122.39445423367796,47.56056075847876
b2b-all-6704243-1-62hdv-d,b2b-all-6704243-1-62hdv-d-1236,b2b-all-6704243-1-62hdv-d-2016,freight-hdv-D-Diesel-Baseline,1197,-122.3355748346534,47.62066845485381
b2b-all-6704330-1-63hdt-d,b2b-all-6704330-1-63hdt-d-1237,b2b-all-6704330-1-63hdt-d-2041,freight-hdt-D-Diesel-Baseline,1497,-122.17836766394691,47.75416602476028
b2b-all-6704330-1-64hdt-d,b2b-all-6704330-1-64hdt-d-1238,b2b-all-6704330-1-64hdt-d-2062,freight-hdt-D-Diesel-Baseline,1497,-122.17836766394691,47.75416602476028
b2b-all-6704473-1-65md-d,b2b-all-6704473-1-65md-d-1239,b2b-all-6704473-1-65md-d-2088,freight-md-D-Diesel-Baseline,1154,-122.35423176771872,47.64867617586924
b2b-all-6704473-1-65md-d,b2b-all-6704473-1-65md-d-1240,b2b-all-6704473-1-65md-d-2092,freight-md-D-Diesel-Baseline,1154,-122.35423176771872,47.64867617586924
b2b-all-6704473-1-65md-d,b2b-all-6704473-1-65md-d-1241,b2b-all-6704473-1-65md-d-2093,freight-md-D-Diesel-Baseline,1154,-122.35423176771872,47.64867617586924
b2b-all-6704473-1-66md-d,b2b-all-6704473-1-66md-d-1242,b2b-all-6704473-1-66md-d-2113,freight-md-D-Diesel-Baseline,1154,-122.35423176771872,47.64867617586924
b2b-all-6704473-1-66md-d,b2b-all-6704473-1-66md-d-1243,b2b-all-6704473-1-66md-d-2114,freight-md-D-Diesel-Baseline,1154,-122.35423176771872,47.64867617586924
b2b-all-6704473-2-67hdt-d-0,b2b-all-6704473-2-67hdt-d-0-1244,b2b-all-6704473-2-67hdt-d-0-2120,freight-hdt-D-Diesel-Baseline,1154,-122.35423176771872,47.64867617586924
b2b-all-6704473-2-67hdt-d-0,b2b-all-6704473-2-67hdt-d-0-1245,b2b-all-6704473-2-67hdt-d-0-2124,freight-hdt-D-Diesel-Baseline,1154,-122.35423176771872,47.64867617586924
b2b-all-6704473-2-67hdt-d-0,b2b-all-6704473-2-67hdt-d-0-1246,b2b-all-6704473-2-67hdt-d-0-2125,freight-hdt-D-Diesel-Baseline,1154,-122.35423176771872,47.64867617586924
b2b-all-6704473-2-67hdt-d-1,b2b-all-6704473-2-67hdt-d-1-1247,b2b-all-6704473-2-67hdt-d-1-2141,freight-hdt-D-Diesel-Baseline,1154,-122.35423176771872,47.64867617586924
b2b-all-6704473-2-67hdt-d-1,b2b-all-6704473-2-67hdt-d-1-1248,b2b-all-6704473-2-67hdt-d-1-2145,freight-hdt-D-Diesel-Baseline,1154,-122.35423176771872,47.64867617586924
b2b-all-6704473-2-67hdt-d-1,b2b-all-6704473-2-67hdt-d-1-1249,b2b-all-6704473-2-67hdt-d-1-2146,freight-hdt-D-Diesel-Baseline,1154,-122.35423176771872,47.64867617586924
b2b-all-6704473-2-67hdt-d-2,b2b-all-6704473-2-67hdt-d-2-1250,b2b-all-6704473-2-67hdt-d-2-2162,freight-hdt-D-Diesel-Baseline,1154,-122.35423176771872,47.64867617586924
b2b-all-6704473-2-67hdt-d-2,b2b-all-6704473-2-67hdt-d-2-1251,b2b-all-6704473-2-67hdt-d-2-2166,freight-hdt-D-Diesel-Baseline,1154,-122.35423176771872,47.64867617586924
b2b-all-6704473-2-67hdt-d-2,b2b-all-6704473-2-67hdt-d-2-1252,b2b-all-6704473-2-67hdt-d-2-2167,freight-hdt-D-Diesel-Baseline,1154,-122.35423176771872,47.64867617586924
b2b-all-6704473-2-67hdt-d-3,b2b-all-6704473-2-67hdt-d-3-1253,b2b-all-6704473-2-67hdt-d-3-2183,freight-hdt-D-Diesel-Baseline,1154,-122.35423176771872,47.64867617586924
b2b-all-6704473-2-67hdt-d-3,b2b-all-6704473-2-67hdt-d-3-1254,b2b-all-6704473-2-67hdt-d-3-2188,freight-hdt-D-Diesel-Baseline,1154,-122.35423176771872,47.64867617586924
b2b-all-6705043-1-69hdv-d,b2b-all-6705043-1-69hdv-d-1255,b2b-all-6705043-1-69hdv-d-2230,freight-hdv-D-Diesel-Baseline,1634,-122.2057036727198,47.61326746111876
b2b-all-6705043-1-69hdv-d,b2b-all-6705043-1-69hdv-d-1256,b2b-all-6705043-1-69hdv-d-2235,freight-hdv-D-Diesel-Baseline,1634,-122.2057036727198,47.61326746111876
b2b-all-6705043-1-70hdv-d,b2b-all-6705043-1-70hdv-d-1257,b2b-all-6705043-1-70hdv-d-2256,freight-hdv-D-Diesel-Baseline,1634,-122.2057036727198,47.61326746111876
b2b-all-6705242-1-71md-d-0,b2b-all-6705242-1-71md-d-0-1258,b2b-all-6705242-1-71md-d-0-2277,freight-md-D-Diesel-Baseline,1411,-122.35353417489624,47.76464746746384
b2b-all-6705242-1-71md-d-0,b2b-all-6705242-1-71md-d-0-1259,b2b-all-6705242-1-71md-d-0-2281,freight-md-D-Diesel-Baseline,1411,-122.35353417489624,47.76464746746384
b2b-all-6705242-1-71md-d-0,b2b-all-6705242-1-71md-d-0-1260,b2b-all-6705242-1-71md-d-0-2282,freight-md-D-Diesel-Baseline,1411,-122.35353417489624,47.76464746746384
b2b-all-6705242-1-71md-d-1,b2b-all-6705242-1-71md-d-1-1261,b2b-all-6705242-1-71md-d-1-2303,freight-md-D-Diesel-Baseline,1411,-122.35353417489624,47.76464746746384
b2b-all-6705242-1-72md-d,b2b-all-6705242-1-72md-d-1262,b2b-all-6705242-1-72md-d-2321,freight-md-D-Diesel-Baseline,1411,-122.35353417489624,47.76464746746384
b2b-all-6705242-1-72md-d,b2b-all-6705242-1-72md-d-1263,b2b-all-6705242-1-72md-d-2322,freight-md-D-Diesel-Baseline,1411,-122.35353417489624,47.76464746746384
b2b-all-6705242-1-72md-d,b2b-all-6705242-1-72md-d-1264,b2b-all-6705242-1-72md-d-2323,freight-md-D-Diesel-Baseline,1411,-122.35353417489624,47.76464746746384
b2b-all-6705242-1-72md-d,b2b-all-6705242-1-72md-d-1265,b2b-all-6705242-1-72md-d-2324,freight-md-D-Diesel-Baseline,1411,-122.35353417489624,47.76464746746384
b2b-all-6705244-1-73hdv-d,b2b-all-6705244-1-73hdv-d-1266,b2b-all-6705244-1-73hdv-d-2340,freight-hdv-D-Diesel-Baseline,5885,-123.12917480974409,44.98433170990787
b2b-all-6706108-1-74hdt-d,b2b-all-6706108-1-74hdt-d-1267,b2b-all-6706108-1-74hdt-d-2351,freight-hdt-D-Diesel-Baseline,1049,-122.38191290440255,47.67323478763325
b2b-all-6706108-1-74hdt-d,b2b-all-6706108-1-74hdt-d-1268,b2b-all-6706108-1-74hdt-d-2356,freight-hdt-D-Diesel-Baseline,1049,-122.38191290440255,47.67323478763325
b2b-all-6707397-1-75hdt-d,b2b-all-6707397-1-75hdt-d-1269,b2b-all-6707397-1-75hdt-d-2381,freight-hdt-D-Diesel-Baseline,5885,-123.12917480974409,44.98433170990787
b2b-all-6709886-1-76md-d,b2b-all-6709886-1-76md-d-1270,b2b-all-6709886-1-76md-d-2412,freight-md-D-Diesel-Baseline,1718,-122.20541611306004,47.48118397959418
b2b-all-6709886-1-77md-d,b2b-all-6709886-1-77md-d-1271,b2b-all-6709886-1-77md-d-2433,freight-md-D-Diesel-Baseline,1718,-122.20541611306004,47.48118397959418
b2b-all-6709948-3-78hdt-d-0,b2b-all-6709948-3-78hdt-d-0-1272,b2b-all-6709948-3-78hdt-d-0-2439,freight-hdt-D-Diesel-Baseline,1456,-122.30578464602932,47.7405640103275
b2b-all-6709948-3-78hdt-d-0,b2b-all-6709948-3-78hdt-d-0-1273,b2b-all-6709948-3-78hdt-d-0-2440,freight-hdt-D-Diesel-Baseline,1456,-122.30578464602932,47.7405640103275
b2b-all-6709948-3-78hdt-d-0,b2b-all-6709948-3-78hdt-d-0-1274,b2b-all-6709948-3-78hdt-d-0-2441,freight-hdt-D-Diesel-Baseline,1456,-122.30578464602932,47.7405640103275
b2b-all-6709948-3-78hdt-d-0,b2b-all-6709948-3-78hdt-d-0-1275,b2b-all-6709948-3-78hdt-d-0-2446,freight-hdt-D-Diesel-Baseline,1456,-122.30578464602932,47.7405640103275
b2b-all-6709948-3-78hdt-d-0,b2b-all-6709948-3-78hdt-d-0-1276,b2b-all-6709948-3-78hdt-d-0-2447,freight-hdt-D-Diesel-Baseline,1456,-122.30578464602932,47.7405640103275
b2b-all-6709948-3-78hdt-d-1,b2b-all-6709948-3-78hdt-d-1-1277,b2b-all-6709948-3-78hdt-d-1-2463,freight-hdt-D-Diesel-Baseline,1456,-122.30578464602932,47.7405640103275
b2b-all-6709948-3-78hdt-d-1,b2b-all-6709948-3-78hdt-d-1-1278,b2b-all-6709948-3-78hdt-d-1-2464,freight-hdt-D-Diesel-Baseline,1456,-122.30578464602932,47.7405640103275
b2b-all-6709948-3-78hdt-d-1,b2b-all-6709948-3-78hdt-d-1-1279,b2b-all-6709948-3-78hdt-d-1-2465,freight-hdt-D-Diesel-Baseline,1456,-122.30578464602932,47.7405640103275
b2b-all-6709948-3-78hdt-d-1,b2b-all-6709948-3-78hdt-d-1-1280,b2b-all-6709948-3-78hdt-d-1-2470,freight-hdt-D-Diesel-Baseline,1456,-122.30578464602932,47.7405640103275
b2b-all-6709948-3-78hdt-d-1,b2b-all-6709948-3-78hdt-d-1-1281,b2b-all-6709948-3-78hdt-d-1-2471,freight-hdt-D-Diesel-Baseline,1456,-122.30578464602932,47.7405640103275
b2b-all-6709948-3-78hdt-d-2,b2b-all-6709948-3-78hdt-d-2-1282,b2b-all-6709948-3-78hdt-d-2-2495,freight-hdt-D-Diesel-Baseline,1456,-122.30578464602932,47.7405640103275
b2b-all-6709948-3-79hdt-d,b2b-all-6709948-3-79hdt-d-1283,b2b-all-6709948-3-79hdt-d-2519,freight-hdt-D-Diesel-Baseline,1456,-122.30578464602932,47.7405640103275
b2b-all-6711743-1-80hdv-d,b2b-all-6711743-1-80hdv-d-1284,b2b-all-6711743-1-80hdv-d-2545,freight-hdv-D-Diesel-Baseline,5897,-123.21550111052947,44.80748760973425
b2b-all-6712409-1-81hdv-d,b2b-all-6712409-1-81hdv-d-1285,b2b-all-6712409-1-81hdv-d-2566,freight-hdv-D-Diesel-Baseline,1639,-122.19472994771544,47.59200005877016
b2b-all-6712415-1-82md-d,b2b-all-6712415-1-82md-d-1286,b2b-all-6712415-1-82md-d-2593,freight-md-D-Diesel-Baseline,3191,-122.48240942711132,47.05796598200305
b2b-all-6713807-1-83hdv-d,b2b-all-6713807-1-83hdv-d-1287,b2b-all-6713807-1-83hdv-d-2609,freight-hdv-D-Diesel-Baseline,5885,-123.12917480974409,44.98433170990787
b2b-all-6715014-1-84hdv-d-0,b2b-all-6715014-1-84hdv-d-0-1288,b2b-all-6715014-1-84hdv-d-0-2625,freight-hdv-D-Diesel-Baseline,2092,-122.22751550639556,47.26284643177934
b2b-all-6715014-1-84hdv-d-0,b2b-all-6715014-1-84hdv-d-0-1289,b2b-all-6715014-1-84hdv-d-0-2629,freight-hdv-D-Diesel-Baseline,2092,-122.22751550639556,47.26284643177934
b2b-all-6715014-1-84hdv-d-0,b2b-all-6715014-1-84hdv-d-0-1290,b2b-all-6715014-1-84hdv-d-0-2630,freight-hdv-D-Diesel-Baseline,2092,-122.22751550639556,47.26284643177934
b2b-all-6715014-1-84hdv-d-1,b2b-all-6715014-1-84hdv-d-1-1291,b2b-all-6715014-1-84hdv-d-1-2646,freight-hdv-D-Diesel-Baseline,2092,-122.22751550639556,47.26284643177934
b2b-all-6715014-1-84hdv-d-1,b2b-all-6715014-1-84hdv-d-1-1292,b2b-all-6715014-1-84hdv-d-1-2650,freight-hdv-D-Diesel-Baseline,2092,-122.22751550639556,47.26284643177934
b2b-all-6715014-1-84hdv-d-1,b2b-all-6715014-1-84hdv-d-1-1293,b2b-all-6715014-1-84hdv-d-1-2651,freight-hdv-D-Diesel-Baseline,2092,-122.22751550639556,47.26284643177934
b2b-all-6715014-1-84hdv-d-2,b2b-all-6715014-1-84hdv-d-2-1294,b2b-all-6715014-1-84hdv-d-2-2667,freight-hdv-D-Diesel-Baseline,2092,-122.22751550639556,47.26284643177934
b2b-all-6715014-1-84hdv-d-2,b2b-all-6715014-1-84hdv-d-2-1295,b2b-all-6715014-1-84hdv-d-2-2671,freight-hdv-D-Diesel-Baseline,2092,-122.22751550639556,47.26284643177934
b2b-all-6715014-1-84hdv-d-2,b2b-all-6715014-1-84hdv-d-2-1296,b2b-all-6715014-1-84hdv-d-2-2672,freight-hdv-D-Diesel-Baseline,2092,-122.22751550639556,47.26284643177934
b2b-all-6715014-1-85hdv-d,b2b-all-6715014-1-85hdv-d-1297,b2b-all-6715014-1-85hdv-d-2713,freight-hdv-D-Diesel-Baseline,2092,-122.22751550639556,47.26284643177934
b2b-all-6715014-1-85hdv-d,b2b-all-6715014-1-85hdv-d-1298,b2b-all-6715014-1-85hdv-d-2714,freight-hdv-D-Diesel-Baseline,2092,-122.22751550639556,47.26284643177934
b2b-all-6715016-1-86md-d-0,b2b-all-6715016-1-86md-d-0-1299,b2b-all-6715016-1-86md-d-0-2735,freight-md-D-Diesel-Baseline,975,-122.32971596132104,47.707206319822646
b2b-all-6715016-1-86md-d-0,b2b-all-6715016-1-86md-d-0-1300,b2b-all-6715016-1-86md-d-0-2739,freight-md-D-Diesel-Baseline,975,-122.32971596132104,47.707206319822646
b2b-all-6715016-1-86md-d-0,b2b-all-6715016-1-86md-d-0-1301,b2b-all-6715016-1-86md-d-0-2740,freight-md-D-Diesel-Baseline,975,-122.32971596132104,47.707206319822646
b2b-all-6715016-1-86md-d-1,b2b-all-6715016-1-86md-d-1-1302,b2b-all-6715016-1-86md-d-1-2761,freight-md-D-Diesel-Baseline,975,-122.32971596132104,47.707206319822646
b2b-all-6853823-2-87hdv-d-0,b2b-all-6853823-2-87hdv-d-0-1303,b2b-all-6853823-2-87hdv-d-0-2772,freight-hdv-D-Diesel-Baseline,1831,-122.35151359688476,47.471536371455336
b2b-all-6853823-2-87hdv-d-0,b2b-all-6853823-2-87hdv-d-0-1304,b2b-all-6853823-2-87hdv-d-0-2776,freight-hdv-D-Diesel-Baseline,1831,-122.35151359688476,47.471536371455336
b2b-all-6853823-2-87hdv-d-0,b2b-all-6853823-2-87hdv-d-0-1305,b2b-all-6853823-2-87hdv-d-0-2777,freight-hdv-D-Diesel-Baseline,1831,-122.35151359688476,47.471536371455336
b2b-all-6853823-2-87hdv-d-1,b2b-all-6853823-2-87hdv-d-1-1306,b2b-all-6853823-2-87hdv-d-1-2798,freight-hdv-D-Diesel-Baseline,1831,-122.35151359688476,47.471536371455336
b2b-all-6853823-2-88hdv-d,b2b-all-6853823-2-88hdv-d-1307,b2b-all-6853823-2-88hdv-d-2818,freight-hdv-D-Diesel-Baseline,1831,-122.35151359688476,47.471536371455336
b2b-all-6853823-2-88hdv-d,b2b-all-6853823-2-88hdv-d-1308,b2b-all-6853823-2-88hdv-d-2819,freight-hdv-D-Diesel-Baseline,1831,-122.35151359688476,47.471536371455336
b2b-all-6853826-4-89hdv-d-0,b2b-all-6853826-4-89hdv-d-0-1309,b2b-all-6853826-4-89hdv-d-0-2835,freight-hdv-D-Diesel-Baseline,1253,-122.2971185470376,47.61253665657303
b2b-all-6853826-4-89hdv-d-0,b2b-all-6853826-4-89hdv-d-0-1310,b2b-all-6853826-4-89hdv-d-0-2836,freight-hdv-D-Diesel-Baseline,1253,-122.2971185470376,47.61253665657303
b2b-all-6853826-4-89hdv-d-0,b2b-all-6853826-4-89hdv-d-0-1311,b2b-all-6853826-4-89hdv-d-0-2840,freight-hdv-D-Diesel-Baseline,1253,-122.2971185470376,47.61253665657303
b2b-all-6853826-4-89hdv-d-0,b2b-all-6853826-4-89hdv-d-0-1312,b2b-all-6853826-4-89hdv-d-0-2841,freight-hdv-D-Diesel-Baseline,1253,-122.2971185470376,47.61253665657303
b2b-all-6853826-4-89hdv-d-1,b2b-all-6853826-4-89hdv-d-1-1313,b2b-all-6853826-4-89hdv-d-1-2857,freight-hdv-D-Diesel-Baseline,1253,-122.2971185470376,47.61253665657303
b2b-all-6853826-4-89hdv-d-1,b2b-all-6853826-4-89hdv-d-1-1314,b2b-all-6853826-4-89hdv-d-1-2858,freight-hdv-D-Diesel-Baseline,1253,-122.2971185470376,47.61253665657303
b2b-all-6853826-4-89hdv-d-1,b2b-all-6853826-4-89hdv-d-1-1315,b2b-all-6853826-4-89hdv-d-1-2862,freight-hdv-D-Diesel-Baseline,1253,-122.2971185470376,47.61253665657303
b2b-all-6853826-4-89hdv-d-1,b2b-all-6853826-4-89hdv-d-1-1316,b2b-all-6853826-4-89hdv-d-1-2863,freight-hdv-D-Diesel-Baseline,1253,-122.2971185470376,47.61253665657303
b2b-all-6853826-4-89hdv-d-2,b2b-all-6853826-4-89hdv-d-2-1317,b2b-all-6853826-4-89hdv-d-2-2879,freight-hdv-D-Diesel-Baseline,1253,-122.2971185470376,47.61253665657303
b2b-all-6853826-4-89hdv-d-2,b2b-all-6853826-4-89hdv-d-2-1318,b2b-all-6853826-4-89hdv-d-2-2884,freight-hdv-D-Diesel-Baseline,1253,-122.2971185470376,47.61253665657303
b2b-all-6853826-4-89hdv-d-2,b2b-all-6853826-4-89hdv-d-2-1319,b2b-all-6853826-4-89hdv-d-2-2885,freight-hdv-D-Diesel-Baseline,1253,-122.2971185470376,47.61253665657303
b2b-all-6853826-4-89hdv-d-3,b2b-all-6853826-4-89hdv-d-3-1320,b2b-all-6853826-4-89hdv-d-3-2901,freight-hdv-D-Diesel-Baseline,1253,-122.2971185470376,47.61253665657303
b2b-all-6853826-4-89hdv-d-3,b2b-all-6853826-4-89hdv-d-3-1321,b2b-all-6853826-4-89hdv-d-3-2902,freight-hdv-D-Diesel-Baseline,1253,-122.2971185470376,47.61253665657303
b2b-all-6853826-4-89hdv-d-3,b2b-all-6853826-4-89hdv-d-3-1322,b2b-all-6853826-4-89hdv-d-3-2906,freight-hdv-D-Diesel-Baseline,1253,-122.2971185470376,47.61253665657303
b2b-all-6853826-4-89hdv-d-3,b2b-all-6853826-4-89hdv-d-3-1323,b2b-all-6853826-4-89hdv-d-3-2907,freight-hdv-D-Diesel-Baseline,1253,-122.2971185470376,47.61253665657303
b2b-all-6853826-4-89hdv-d-4,b2b-all-6853826-4-89hdv-d-4-1324,b2b-all-6853826-4-89hdv-d-4-2923,freight-hdv-D-Diesel-Baseline,1253,-122.2971185470376,47.61253665657303
b2b-all-6853826-4-89hdv-d-4,b2b-all-6853826-4-89hdv-d-4-1325,b2b-all-6853826-4-89hdv-d-4-2924,freight-hdv-D-Diesel-Baseline,1253,-122.2971185470376,47.61253665657303
b2b-all-6853826-4-89hdv-d-4,b2b-all-6853826-4-89hdv-d-4-1326,b2b-all-6853826-4-89hdv-d-4-2928,freight-hdv-D-Diesel-Baseline,1253,-122.2971185470376,47.61253665657303
b2b-all-6853826-4-89hdv-d-4,b2b-all-6853826-4-89hdv-d-4-1327,b2b-all-6853826-4-89hdv-d-4-2929,freight-hdv-D-Diesel-Baseline,1253,-122.2971185470376,47.61253665657303
b2b-all-6853826-4-89hdv-d-5,b2b-all-6853826-4-89hdv-d-5-1328,b2b-all-6853826-4-89hdv-d-5-2945,freight-hdv-D-Diesel-Baseline,1253,-122.2971185470376,47.61253665657303
b2b-all-6853826-4-89hdv-d-5,b2b-all-6853826-4-89hdv-d-5-1329,b2b-all-6853826-4-89hdv-d-5-2950,freight-hdv-D-Diesel-Baseline,1253,-122.2971185470376,47.61253665657303
b2b-all-6853826-4-89hdv-d-5,b2b-all-6853826-4-89hdv-d-5-1330,b2b-all-6853826-4-89hdv-d-5-2951,freight-hdv-D-Diesel-Baseline,1253,-122.2971185470376,47.61253665657303
b2b-all-6853826-4-89hdv-d-6,b2b-all-6853826-4-89hdv-d-6-1331,b2b-all-6853826-4-89hdv-d-6-2967,freight-hdv-D-Diesel-Baseline,1253,-122.2971185470376,47.61253665657303
b2b-all-6853826-4-89hdv-d-6,b2b-all-6853826-4-89hdv-d-6-1332,b2b-all-6853826-4-89hdv-d-6-2972,freight-hdv-D-Diesel-Baseline,1253,-122.2971185470376,47.61253665657303
b2b-all-6853826-4-89hdv-d-6,b2b-all-6853826-4-89hdv-d-6-1333,b2b-all-6853826-4-89hdv-d-6-2973,freight-hdv-D-Diesel-Baseline,1253,-122.2971185470376,47.61253665657303
b2b-all-6853826-4-89hdv-d-7,b2b-all-6853826-4-89hdv-d-7-1334,b2b-all-6853826-4-89hdv-d-7-2994,freight-hdv-D-Diesel-Baseline,1253,-122.2971185470376,47.61253665657303
b2b-all-6853826-4-89hdv-d-7,b2b-all-6853826-4-89hdv-d-7-1335,b2b-all-6853826-4-89hdv-d-7-2995,freight-hdv-D-Diesel-Baseline,1253,-122.2971185470376,47.61253665657303
b2b-all-6854246-1-91md-d,b2b-all-6854246-1-91md-d-1336,b2b-all-6854246-1-91md-d-3042,freight-md-D-Diesel-Baseline,2128,-121.69744610643237,47.16798796331104
b2b-all-690403-4-92hdv-d,b2b-all-690403-4-92hdv-d-1337,b2b-all-690403-4-92hdv-d-3053,freight-hdv-D-Diesel-Baseline,3858,-122.33460113130307,48.27659681424254
b2b-all-690403-4-92hdv-d,b2b-all-690403-4-92hdv-d-1338,b2b-all-690403-4-92hdv-d-3054,freight-hdv-D-Diesel-Baseline,3858,-122.33460113130307,48.27659681424254
b2b-all-690608-1-93md-d,b2b-all-690608-1-93md-d-1339,b2b-all-690608-1-93md-d-3089,freight-md-D-Diesel-Baseline,5885,-123.12917480974409,44.98433170990787
b2b-all-690608-1-93md-d,b2b-all-690608-1-93md-d-1340,b2b-all-690608-1-93md-d-3090,freight-md-D-Diesel-Baseline,5885,-123.12917480974409,44.98433170990787
b2b-all-690608-1-93md-d,b2b-all-690608-1-93md-d-1341,b2b-all-690608-1-93md-d-3091,freight-md-D-Diesel-Baseline,5885,-123.12917480974409,44.98433170990787
b2b-all-690608-1-93md-d,b2b-all-690608-1-93md-d-1342,b2b-all-690608-1-93md-d-3092,freight-md-D-Diesel-Baseline,5885,-123.12917480974409,44.98433170990787
b2b-all-690608-1-93md-d,b2b-all-690608-1-93md-d-1343,b2b-all-690608-1-93md-d-3093,freight-md-D-Diesel-Baseline,5885,-123.12917480974409,44.98433170990787
b2b-all-690608-1-93md-d,b2b-all-690608-1-93md-d-1344,b2b-all-690608-1-93md-d-3094,freight-md-D-Diesel-Baseline,5885,-123.12917480974409,44.98433170990787
b2b-all-691045-1-94md-d,b2b-all-691045-1-94md-d-1345,b2b-all-691045-1-94md-d-3116,freight-md-D-Diesel-Baseline,3854,-122.3645144674494,48.26687162473969
b2b-all-691045-1-94md-d,b2b-all-691045-1-94md-d-1346,b2b-all-691045-1-94md-d-3117,freight-md-D-Diesel-Baseline,3854,-122.3645144674494,48.26687162473969
b2b-all-691045-1-94md-d,b2b-all-691045-1-94md-d-1347,b2b-all-691045-1-94md-d-3128,freight-md-D-Diesel-Baseline,3854,-122.3645144674494,48.26687162473969
b2b-all-691045-1-94md-d,b2b-all-691045-1-94md-d-1348,b2b-all-691045-1-94md-d-3129,freight-md-D-Diesel-Baseline,3854,-122.3645144674494,48.26687162473969
b2b-all-691045-1-94hdt-d,b2b-all-691045-1-94hdt-d-1349,b2b-all-691045-1-94hdt-d-3144,freight-hdt-D-Diesel-Baseline,3854,-122.3645144674494,48.26687162473969
b2b-all-691045-1-94hdt-d,b2b-all-691045-1-94hdt-d-1350,b2b-all-691045-1-94hdt-d-3145,freight-hdt-D-Diesel-Baseline,3854,-122.3645144674494,48.26687162473969
b2b-all-692859-3-95hdt-d,b2b-all-692859-3-95hdt-d-1351,b2b-all-692859-3-95hdt-d-3176,freight-hdt-D-Diesel-Baseline,3857,-122.29590163174925,48.271412627164175
b2b-all-692859-3-95hdt-d,b2b-all-692859-3-95hdt-d-1352,b2b-all-692859-3-95hdt-d-3177,freight-hdt-D-Diesel-Baseline,3857,-122.29590163174925,48.271412627164175
b2b-all-693355-3-96hdt-d,b2b-all-693355-3-96hdt-d-1353,b2b-all-693355-3-96hdt-d-3202,freight-hdt-D-Diesel-Baseline,5885,-123.12917480974409,44.98433170990787
b2b-all-693355-3-96hdt-d,b2b-all-693355-3-96hdt-d-1354,b2b-all-693355-3-96hdt-d-3203,freight-hdt-D-Diesel-Baseline,5885,-123.12917480974409,44.98433170990787
b2b-all-695693-1-97md-d,b2b-all-695693-1-97md-d-1355,b2b-all-695693-1-97md-d-3238,freight-md-D-Diesel-Baseline,1909,-122.22446670101468,47.42701557835812
b2b-all-695693-1-97md-d,b2b-all-695693-1-97md-d-1356,b2b-all-695693-1-97md-d-3239,freight-md-D-Diesel-Baseline,1909,-122.22446670101468,47.42701557835812
b2b-all-695693-1-97md-d,b2b-all-695693-1-97md-d-1357,b2b-all-695693-1-97md-d-3240,freight-md-D-Diesel-Baseline,1909,-122.22446670101468,47.42701557835812
b2b-all-695693-1-97md-d,b2b-all-695693-1-97md-d-1358,b2b-all-695693-1-97md-d-3241,freight-md-D-Diesel-Baseline,1909,-122.22446670101468,47.42701557835812
b2b-all-695693-1-97md-d,b2b-all-695693-1-97md-d-1359,b2b-all-695693-1-97md-d-3242,freight-md-D-Diesel-Baseline,1909,-122.22446670101468,47.42701557835812
b2b-all-705079-4-98hdv-d,b2b-all-705079-4-98hdv-d-1360,b2b-all-705079-4-98hdv-d-3262,freight-hdv-D-Diesel-Baseline,2290,-122.13508640088396,47.72654085226157
b2b-all-705079-4-98hdv-d,b2b-all-705079-4-98hdv-d-1361,b2b-all-705079-4-98hdv-d-3263,freight-hdv-D-Diesel-Baseline,2290,-122.13508640088396,47.72654085226157
b2b-all-706346-3-99hdt-d,b2b-all-706346-3-99hdt-d-1362,b2b-all-706346-3-99hdt-d-3281,freight-hdt-D-Diesel-Baseline,2081,-122.22853866982447,47.28650652723942
b2b-all-706346-3-99hdt-d,b2b-all-706346-3-99hdt-d-1363,b2b-all-706346-3-99hdt-d-3282,freight-hdt-D-Diesel-Baseline,2081,-122.22853866982447,47.28650652723942
b2b-all-706348-4-100hdv-d,b2b-all-706348-4-100hdv-d-1364,b2b-all-706348-4-100hdv-d-3308,freight-hdv-D-Diesel-Baseline,2120,-121.98566537347372,47.20096151895571
b2b-all-706348-4-100hdv-d,b2b-all-706348-4-100hdv-d-1365,b2b-all-706348-4-100hdv-d-3309,freight-hdv-D-Diesel-Baseline,2120,-121.98566537347372,47.20096151895571
b2b-all-706812-3-101hdt-d,b2b-all-706812-3-101hdt-d-1366,b2b-all-706812-3-101hdt-d-3329,freight-hdt-D-Diesel-Baseline,2071,-122.21959889695164,47.32254102670685
b2b-all-706812-3-101hdt-d,b2b-all-706812-3-101hdt-d-1367,b2b-all-706812-3-101hdt-d-3330,freight-hdt-D-Diesel-Baseline,2071,-122.21959889695164,47.32254102670685
b2b-all-706812-3-101hdv-d,b2b-all-706812-3-101hdv-d-1368,b2b-all-706812-3-101hdv-d-3363,freight-hdv-D-Diesel-Baseline,2071,-122.21959889695164,47.32254102670685
b2b-all-710102-1-102md-d,b2b-all-710102-1-102md-d-1369,b2b-all-710102-1-102md-d-3398,freight-md-D-Diesel-Baseline,1591,-122.10024119685988,47.62613091867231
b2b-all-710102-1-102md-d,b2b-all-710102-1-102md-d-1370,b2b-all-710102-1-102md-d-3399,freight-md-D-Diesel-Baseline,1591,-122.10024119685988,47.62613091867231
b2b-all-710102-1-103md-d,b2b-all-710102-1-103md-d-1371,b2b-all-710102-1-103md-d-3420,freight-md-D-Diesel-Baseline,1591,-122.10024119685988,47.62613091867231
b2b-all-710103-1-104md-d,b2b-all-710103-1-104md-d-1372,b2b-all-710103-1-104md-d-3441,freight-md-D-Diesel-Baseline,2080,-122.2388368156778,47.2896761336977
b2b-all-710103-1-104md-d,b2b-all-710103-1-104md-d-1373,b2b-all-710103-1-104md-d-3442,freight-md-D-Diesel-Baseline,2080,-122.2388368156778,47.2896761336977
b2b-all-710110-1-105md-d,b2b-all-710110-1-105md-d-1374,b2b-all-710110-1-105md-d-3463,freight-md-D-Diesel-Baseline,1126,-122.34414254585272,47.65131534591927
b2b-all-710116-1-106md-d,b2b-all-710116-1-106md-d-1375,b2b-all-710116-1-106md-d-3484,freight-md-D-Diesel-Baseline,1181,-122.3698079061654,47.63309610822189
b2b-all-710117-1-107md-d,b2b-all-710117-1-107md-d-1376,b2b-all-710117-1-107md-d-3505,freight-md-D-Diesel-Baseline,978,-122.34420868279727,47.70179256291555
b2b-all-710117-1-107md-d,b2b-all-710117-1-107md-d-1377,b2b-all-710117-1-107md-d-3506,freight-md-D-Diesel-Baseline,978,-122.34420868279727,47.70179256291555
b2b-all-710117-1-107md-d,b2b-all-710117-1-107md-d-1378,b2b-all-710117-1-107md-d-3507,freight-md-D-Diesel-Baseline,978,-122.34420868279727,47.70179256291555
b2b-all-710121-2-108hdv-d,b2b-all-710121-2-108hdv-d-1379,b2b-all-710121-2-108hdv-d-3523,freight-hdv-D-Diesel-Baseline,1856,-122.32862983414545,47.432966109122496
b2b-all-710121-2-108hdv-d,b2b-all-710121-2-108hdv-d-1380,b2b-all-710121-2-108hdv-d-3524,freight-hdv-D-Diesel-Baseline,1856,-122.32862983414545,47.432966109122496
b2b-all-710126-2-109md-d,b2b-all-710126-2-109md-d-1381,b2b-all-710126-2-109md-d-3554,freight-md-D-Diesel-Baseline,1045,-122.40634905168724,47.68118164814427
b2b-all-710138-1-110hdt-d,b2b-all-710138-1-110hdt-d-1382,b2b-all-710138-1-110hdt-d-3565,freight-hdt-D-Diesel-Baseline,1349,-122.3254396289434,47.54372361795253
b2b-all-710163-1-111md-d,b2b-all-710163-1-111md-d-1383,b2b-all-710163-1-111md-d-3596,freight-md-D-Diesel-Baseline,3873,-121.9994733158405,48.22073751051053
b2b-all-710165-1-112hdt-d,b2b-all-710165-1-112hdt-d-1384,b2b-all-710165-1-112hdt-d-3608,freight-hdt-D-Diesel-Baseline,3858,-122.33460113130307,48.27659681424254
b2b-all-710183-1-113hdt-d,b2b-all-710183-1-113hdt-d-1385,b2b-all-710183-1-113hdt-d-3630,freight-hdt-D-Diesel-Baseline,3191,-122.48240942711132,47.05796598200305
b2b-all-712960-2-114hdv-d,b2b-all-712960-2-114hdv-d-1386,b2b-all-712960-2-114hdv-d-3651,freight-hdv-D-Diesel-Baseline,2081,-122.22834321707634,47.2895879510236
b2b-all-712960-2-114hdv-d,b2b-all-712960-2-114hdv-d-1387,b2b-all-712960-2-114hdv-d-3657,freight-hdv-D-Diesel-Baseline,2081,-122.22834321707634,47.2895879510236
b2b-all-712960-2-114hdv-d,b2b-all-712960-2-114hdv-d-1388,b2b-all-712960-2-114hdv-d-3658,freight-hdv-D-Diesel-Baseline,2081,-122.22834321707634,47.2895879510236
b2b-all-712960-2-115hdv-d,b2b-all-712960-2-115hdv-d-1389,b2b-all-712960-2-115hdv-d-3681,freight-hdv-D-Diesel-Baseline,2081,-122.22834321707634,47.2895879510236
b2b-all-712961-2-116hdt-d,b2b-all-712961-2-116hdt-d-1390,b2b-all-712961-2-116hdt-d-3701,freight-hdt-D-Diesel-Baseline,1219,-122.28913473814524,47.61553689390292
b2b-all-712973-2-117hdv-d,b2b-all-712973-2-117hdv-d-1391,b2b-all-712973-2-117hdv-d-3727,freight-hdv-D-Diesel-Baseline,1773,-122.2950378480855,47.52117778774027
b2b-all-712973-2-118hdv-d,b2b-all-712973-2-118hdv-d-1392,b2b-all-712973-2-118hdv-d-3748,freight-hdv-D-Diesel-Baseline,1773,-122.2950378480855,47.52117778774027
b2b-all-712999-2-119hdv-d,b2b-all-712999-2-119hdv-d-1393,b2b-all-712999-2-119hdv-d-3769,freight-hdv-D-Diesel-Baseline,1351,-122.29013376263008,47.54417564848347
b2b-all-713015-2-120hdv-d,b2b-all-713015-2-120hdv-d-1394,b2b-all-713015-2-120hdv-d-3790,freight-hdv-D-Diesel-Baseline,1841,-122.30938910815838,47.46769411515446
b2b-all-713871-1-121md-d,b2b-all-713871-1-121md-d-1395,b2b-all-713871-1-121md-d-3816,freight-md-D-Diesel-Baseline,2267,-121.94372792760478,47.63463546328851
b2b-all-713871-1-121md-d,b2b-all-713871-1-121md-d-1396,b2b-all-713871-1-121md-d-3817,freight-md-D-Diesel-Baseline,2267,-121.94372792760478,47.63463546328851
b2b-all-713874-1-122md-d,b2b-all-713874-1-122md-d-1397,b2b-all-713874-1-122md-d-3839,freight-md-D-Diesel-Baseline,2121,-121.97627192835988,47.20988762730608
b2b-all-713874-1-123md-d,b2b-all-713874-1-123md-d-1398,b2b-all-713874-1-123md-d-3861,freight-md-D-Diesel-Baseline,2121,-121.97627192835988,47.20988762730608
b2b-all-713876-1-124md-d,b2b-all-713876-1-124md-d-1399,b2b-all-713876-1-124md-d-3883,freight-md-D-Diesel-Baseline,1045,-122.40459657492032,47.67815790572862
b2b-all-713876-1-124md-d,b2b-all-713876-1-124md-d-1400,b2b-all-713876-1-124md-d-3884,freight-md-D-Diesel-Baseline,1045,-122.40459657492032,47.67815790572862
b2b-all-713878-3-125hdv-d,b2b-all-713878-3-125hdv-d-1401,b2b-all-713878-3-125hdv-d-3900,freight-hdv-D-Diesel-Baseline,2102,-122.0986426796632,47.22929057051133
b2b-all-713878-3-126hdv-d,b2b-all-713878-3-126hdv-d-1402,b2b-all-713878-3-126hdv-d-3921,freight-hdv-D-Diesel-Baseline,2102,-122.0986426796632,47.22929057051133
b2b-all-713881-1-127hdt-d,b2b-all-713881-1-127hdt-d-1403,b2b-all-713881-1-127hdt-d-3932,freight-hdt-D-Diesel-Baseline,1095,-122.37652940951676,47.67161585972977
b2b-all-713881-1-127hdt-d,b2b-all-713881-1-127hdt-d-1404,b2b-all-713881-1-127hdt-d-3939,freight-hdt-D-Diesel-Baseline,1095,-122.37652940951676,47.67161585972977
b2b-all-713881-2-128hdv-d,b2b-all-713881-2-128hdv-d-1405,b2b-all-713881-2-128hdv-d-3965,freight-hdv-D-Diesel-Baseline,1095,-122.37652940951676,47.67161585972977
b2b-all-713881-2-129hdv-d,b2b-all-713881-2-129hdv-d-1406,b2b-all-713881-2-129hdv-d-3986,freight-hdv-D-Diesel-Baseline,1095,-122.37652940951676,47.67161585972977
b2b-all-713886-3-130hdv-d,b2b-all-713886-3-130hdv-d-1407,b2b-all-713886-3-130hdv-d-4002,freight-hdv-D-Diesel-Baseline,3854,-122.3645144674494,48.26687162473969
b2b-all-713890-3-131hdt-d,b2b-all-713890-3-131hdt-d-1408,b2b-all-713890-3-131hdt-d-4022,freight-hdt-D-Diesel-Baseline,3184,-122.66808420396303,47.10635009599398
b2b-all-713890-3-131hdt-d,b2b-all-713890-3-131hdt-d-1409,b2b-all-713890-3-131hdt-d-4023,freight-hdt-D-Diesel-Baseline,3184,-122.66808420396303,47.10635009599398
b2b-all-713892-2-132hdt-d,b2b-all-713892-2-132hdt-d-1410,b2b-all-713892-2-132hdt-d-4044,freight-hdt-D-Diesel-Baseline,3184,-122.66808420396303,47.10635009599398
b2b-all-714473-2-133hdt-d-0,b2b-all-714473-2-133hdt-d-0-1411,b2b-all-714473-2-133hdt-d-0-4060,freight-hdt-D-Diesel-Baseline,1911,-122.24943469214696,47.38859937383662
b2b-all-714473-2-133hdt-d-0,b2b-all-714473-2-133hdt-d-0-1412,b2b-all-714473-2-133hdt-d-0-4064,freight-hdt-D-Diesel-Baseline,1911,-122.24943469214696,47.38859937383662
b2b-all-714473-2-133hdt-d-0,b2b-all-714473-2-133hdt-d-0-1413,b2b-all-714473-2-133hdt-d-0-4065,freight-hdt-D-Diesel-Baseline,1911,-122.24943469214696,47.38859937383662
b2b-all-714473-2-133hdt-d-1,b2b-all-714473-2-133hdt-d-1-1414,b2b-all-714473-2-133hdt-d-1-4081,freight-hdt-D-Diesel-Baseline,1911,-122.24943469214696,47.38859937383662
b2b-all-714473-2-133hdt-d-1,b2b-all-714473-2-133hdt-d-1-1415,b2b-all-714473-2-133hdt-d-1-4085,freight-hdt-D-Diesel-Baseline,1911,-122.24943469214696,47.38859937383662
b2b-all-714473-2-133hdt-d-1,b2b-all-714473-2-133hdt-d-1-1416,b2b-all-714473-2-133hdt-d-1-4086,freight-hdt-D-Diesel-Baseline,1911,-122.24943469214696,47.38859937383662
b2b-all-714473-2-133hdt-d-2,b2b-all-714473-2-133hdt-d-2-1417,b2b-all-714473-2-133hdt-d-2-4107,freight-hdt-D-Diesel-Baseline,1911,-122.24943469214696,47.38859937383662
b2b-all-714473-2-134hdt-d,b2b-all-714473-2-134hdt-d-1418,b2b-all-714473-2-134hdt-d-4128,freight-hdt-D-Diesel-Baseline,1911,-122.24943469214696,47.38859937383662
b2b-all-714664-1-135md-d,b2b-all-714664-1-135md-d-1419,b2b-all-714664-1-135md-d-4154,freight-md-D-Diesel-Baseline,1481,-122.20733386164734,47.76002453466507
b2b-all-714664-1-135md-d,b2b-all-714664-1-135md-d-1420,b2b-all-714664-1-135md-d-4158,freight-md-D-Diesel-Baseline,1481,-122.20733386164734,47.76002453466507
b2b-all-714664-1-135md-d,b2b-all-714664-1-135md-d-1421,b2b-all-714664-1-135md-d-4159,freight-md-D-Diesel-Baseline,1481,-122.20733386164734,47.76002453466507
b2b-all-716684-1-136md-d,b2b-all-716684-1-136md-d-1422,b2b-all-716684-1-136md-d-4180,freight-md-D-Diesel-Baseline,1050,-122.38282881362495,47.67292231125614
b2b-all-717895-1-137md-d,b2b-all-717895-1-137md-d-1423,b2b-all-717895-1-137md-d-4201,freight-md-D-Diesel-Baseline,1870,-122.3070944631197,47.41658132140413
b2b-all-717898-1-138hdt-d,b2b-all-717898-1-138hdt-d-1424,b2b-all-717898-1-138hdt-d-4212,freight-hdt-D-Diesel-Baseline,953,-122.32440712159531,47.723473159064646
b2b-all-717898-1-139hdt-d,b2b-all-717898-1-139hdt-d-1425,b2b-all-717898-1-139hdt-d-4233,freight-hdt-D-Diesel-Baseline,953,-122.32440712159531,47.723473159064646
b2b-all-717900-1-140hdv-d,b2b-all-717900-1-140hdv-d-1426,b2b-all-717900-1-140hdv-d-4259,freight-hdv-D-Diesel-Baseline,2056,-122.28046439967852,47.29565747376704
b2b-all-717900-1-141hdv-d,b2b-all-717900-1-141hdv-d-1427,b2b-all-717900-1-141hdv-d-4280,freight-hdv-D-Diesel-Baseline,2056,-122.28046439967852,47.29565747376704
b2b-all-720252-1-142hdt-d,b2b-all-720252-1-142hdt-d-1428,b2b-all-720252-1-142hdt-d-4296,freight-hdt-D-Diesel-Baseline,1578,-122.13844160086776,47.64948594294223
b2b-all-720255-1-143hdt-d-0,b2b-all-720255-1-143hdt-d-0-1429,b2b-all-720255-1-143hdt-d-0-4312,freight-hdt-D-Diesel-Baseline,1125,-122.34707309695716,47.64819933750168
b2b-all-720255-1-143hdt-d-0,b2b-all-720255-1-143hdt-d-0-1430,b2b-all-720255-1-143hdt-d-0-4316,freight-hdt-D-Diesel-Baseline,1125,-122.34707309695716,47.64819933750168
b2b-all-720255-1-143hdt-d-0,b2b-all-720255-1-143hdt-d-0-1431,b2b-all-720255-1-143hdt-d-0-4317,freight-hdt-D-Diesel-Baseline,1125,-122.34707309695716,47.64819933750168
b2b-all-720255-1-143hdt-d-1,b2b-all-720255-1-143hdt-d-1-1432,b2b-all-720255-1-143hdt-d-1-4338,freight-hdt-D-Diesel-Baseline,1125,-122.34707309695716,47.64819933750168
b2b-all-720255-1-144hdt-d,b2b-all-720255-1-144hdt-d-1433,b2b-all-720255-1-144hdt-d-4358,freight-hdt-D-Diesel-Baseline,1125,-122.34707309695716,47.64819933750168
b2b-all-720255-1-144hdt-d,b2b-all-720255-1-144hdt-d-1434,b2b-all-720255-1-144hdt-d-4359,freight-hdt-D-Diesel-Baseline,1125,-122.34707309695716,47.64819933750168
b2b-all-723560-1-145md-d,b2b-all-723560-1-145md-d-1435,b2b-all-723560-1-145md-d-4390,freight-md-D-Diesel-Baseline,1206,-122.31344148495816,47.61437757553778
b2b-all-723560-1-146md-d,b2b-all-723560-1-146md-d-1436,b2b-all-723560-1-146md-d-4411,freight-md-D-Diesel-Baseline,1206,-122.31344148495816,47.61437757553778
b2b-all-723570-2-147hdv-d-0,b2b-all-723570-2-147hdv-d-0-1437,b2b-all-723570-2-147hdv-d-0-4422,freight-hdv-D-Diesel-Baseline,1895,-122.27614763927744,47.38436930748168
b2b-all-723570-2-147hdv-d-0,b2b-all-723570-2-147hdv-d-0-1438,b2b-all-723570-2-147hdv-d-0-4423,freight-hdv-D-Diesel-Baseline,1895,-122.27614763927744,47.38436930748168
b2b-all-723570-2-147hdv-d-0,b2b-all-723570-2-147hdv-d-0-1439,b2b-all-723570-2-147hdv-d-0-4427,freight-hdv-D-Diesel-Baseline,1895,-122.27614763927744,47.38436930748168
b2b-all-723570-2-147hdv-d-0,b2b-all-723570-2-147hdv-d-0-1440,b2b-all-723570-2-147hdv-d-0-4428,freight-hdv-D-Diesel-Baseline,1895,-122.27614763927744,47.38436930748168
b2b-all-723570-2-147hdv-d-1,b2b-all-723570-2-147hdv-d-1-1441,b2b-all-723570-2-147hdv-d-1-4449,freight-hdv-D-Diesel-Baseline,1895,-122.27614763927744,47.38436930748168
b2b-all-723570-2-147hdv-d-1,b2b-all-723570-2-147hdv-d-1-1442,b2b-all-723570-2-147hdv-d-1-4450,freight-hdv-D-Diesel-Baseline,1895,-122.27614763927744,47.38436930748168
b2b-all-723571-3-148hdt-d-0,b2b-all-723571-3-148hdt-d-0-1443,b2b-all-723571-3-148hdt-d-0-4461,freight-hdt-D-Diesel-Baseline,1699,-122.16579531203608,47.55224085042401
b2b-all-723571-3-148hdt-d-0,b2b-all-723571-3-148hdt-d-0-1444,b2b-all-723571-3-148hdt-d-0-4465,freight-hdt-D-Diesel-Baseline,1699,-122.16579531203608,47.55224085042401
b2b-all-723571-3-148hdt-d-0,b2b-all-723571-3-148hdt-d-0-1445,b2b-all-723571-3-148hdt-d-0-4466,freight-hdt-D-Diesel-Baseline,1699,-122.16579531203608,47.55224085042401
b2b-all-723571-3-148hdt-d-1,b2b-all-723571-3-148hdt-d-1-1446,b2b-all-723571-3-148hdt-d-1-4482,freight-hdt-D-Diesel-Baseline,1699,-122.16579531203608,47.55224085042401
b2b-all-723571-3-148hdt-d-1,b2b-all-723571-3-148hdt-d-1-1447,b2b-all-723571-3-148hdt-d-1-4486,freight-hdt-D-Diesel-Baseline,1699,-122.16579531203608,47.55224085042401
b2b-all-723571-3-148hdt-d-1,b2b-all-723571-3-148hdt-d-1-1448,b2b-all-723571-3-148hdt-d-1-4487,freight-hdt-D-Diesel-Baseline,1699,-122.16579531203608,47.55224085042401
b2b-all-723571-3-148hdt-d-2,b2b-all-723571-3-148hdt-d-2-1449,b2b-all-723571-3-148hdt-d-2-4508,freight-hdt-D-Diesel-Baseline,1699,-122.16579531203608,47.55224085042401
b2b-all-723571-3-149hdt-d,b2b-all-723571-3-149hdt-d-1450,b2b-all-723571-3-149hdt-d-4529,freight-hdt-D-Diesel-Baseline,1699,-122.16579531203608,47.55224085042401
b2b-all-724792-1-150hdv-d,b2b-all-724792-1-150hdv-d-1451,b2b-all-724792-1-150hdv-d-4550,freight-hdv-D-Diesel-Baseline,1909,-122.23655233286048,47.41872155102123
b2b-all-724792-1-150hdv-d,b2b-all-724792-1-150hdv-d-1452,b2b-all-724792-1-150hdv-d-4555,freight-hdv-D-Diesel-Baseline,1909,-122.23655233286048,47.41872155102123
b2b-all-724792-1-151hdv-d,b2b-all-724792-1-151hdv-d-1453,b2b-all-724792-1-151hdv-d-4576,freight-hdv-D-Diesel-Baseline,1909,-122.23655233286048,47.41872155102123
b2b-all-724795-3-152hdv-d,b2b-all-724795-3-152hdv-d-1454,b2b-all-724795-3-152hdv-d-4596,freight-hdv-D-Diesel-Baseline,1627,-122.17954423053337,47.629171290090646
b2b-all-724795-3-152hdv-d,b2b-all-724795-3-152hdv-d-1455,b2b-all-724795-3-152hdv-d-4597,freight-hdv-D-Diesel-Baseline,1627,-122.17954423053337,47.629171290090646
b2b-all-724795-3-153hdv-d,b2b-all-724795-3-153hdv-d-1456,b2b-all-724795-3-153hdv-d-4616,freight-hdv-D-Diesel-Baseline,1627,-122.17954423053337,47.629171290090646
b2b-all-724795-3-153hdv-d,b2b-all-724795-3-153hdv-d-1457,b2b-all-724795-3-153hdv-d-4617,freight-hdv-D-Diesel-Baseline,1627,-122.17954423053337,47.629171290090646
b2b-all-724795-3-153hdv-d,b2b-all-724795-3-153hdv-d-1458,b2b-all-724795-3-153hdv-d-4618,freight-hdv-D-Diesel-Baseline,1627,-122.17954423053337,47.629171290090646
b2b-all-724799-1-154hdt-d,b2b-all-724799-1-154hdt-d-1459,b2b-all-724799-1-154hdt-d-4634,freight-hdt-D-Diesel-Baseline,2342,-121.8043187394852,47.522676811833946
b2b-all-724799-1-155hdt-d,b2b-all-724799-1-155hdt-d-1460,b2b-all-724799-1-155hdt-d-4654,freight-hdt-D-Diesel-Baseline,2342,-121.8043187394852,47.522676811833946
b2b-all-724799-1-155hdt-d,b2b-all-724799-1-155hdt-d-1461,b2b-all-724799-1-155hdt-d-4655,freight-hdt-D-Diesel-Baseline,2342,-121.8043187394852,47.522676811833946
b2b-all-725137-1-156md-d-0,b2b-all-725137-1-156md-d-0-1462,b2b-all-725137-1-156md-d-0-4686,freight-md-D-Diesel-Baseline,2339,-121.6093562898107,47.40801480547233
b2b-all-725137-1-156md-d-0,b2b-all-725137-1-156md-d-0-1463,b2b-all-725137-1-156md-d-0-4687,freight-md-D-Diesel-Baseline,2339,-121.6093562898107,47.40801480547233
b2b-all-725137-1-156md-d-0,b2b-all-725137-1-156md-d-0-1464,b2b-all-725137-1-156md-d-0-4688,freight-md-D-Diesel-Baseline,2339,-121.6093562898107,47.40801480547233
b2b-all-725137-1-156md-d-0,b2b-all-725137-1-156md-d-0-1465,b2b-all-725137-1-156md-d-0-4694,freight-md-D-Diesel-Baseline,2339,-121.6093562898107,47.40801480547233
b2b-all-725137-1-156md-d-0,b2b-all-725137-1-156md-d-0-1466,b2b-all-725137-1-156md-d-0-4695,freight-md-D-Diesel-Baseline,2339,-121.6093562898107,47.40801480547233
b2b-all-725137-1-156md-d-1,b2b-all-725137-1-156md-d-1-1467,b2b-all-725137-1-156md-d-1-4725,freight-md-D-Diesel-Baseline,2339,-121.6093562898107,47.40801480547233
b2b-all-725137-1-156hdt-d,b2b-all-725137-1-156hdt-d-1468,b2b-all-725137-1-156hdt-d-4731,freight-hdt-D-Diesel-Baseline,2339,-121.6093562898107,47.40801480547233
b2b-all-725137-1-156hdt-d,b2b-all-725137-1-156hdt-d-1469,b2b-all-725137-1-156hdt-d-4740,freight-hdt-D-Diesel-Baseline,2339,-121.6093562898107,47.40801480547233
b2b-all-725137-1-157md-d,b2b-all-725137-1-157md-d-1470,b2b-all-725137-1-157md-d-4785,freight-md-D-Diesel-Baseline,2339,-121.6093562898107,47.40801480547233
b2b-all-725141-1-158md-d,b2b-all-725141-1-158md-d-1471,b2b-all-725141-1-158md-d-4810,freight-md-D-Diesel-Baseline,1828,-122.37325426741776,47.45281026045742
b2b-all-725141-2-159hdv-d,b2b-all-725141-2-159hdv-d-1472,b2b-all-725141-2-159hdv-d-4821,freight-hdv-D-Diesel-Baseline,1828,-122.37325426741776,47.45281026045742
b2b-all-725141-2-159hdv-d,b2b-all-725141-2-159hdv-d-1473,b2b-all-725141-2-159hdv-d-4826,freight-hdv-D-Diesel-Baseline,1828,-122.37325426741776,47.45281026045742
b2b-all-725142-2-161md-d,b2b-all-725142-2-161md-d-1474,b2b-all-725142-2-161md-d-4887,freight-md-D-Diesel-Baseline,1126,-122.34240025199144,47.65138021935991
b2b-all-725142-2-161hdt-d,b2b-all-725142-2-161hdt-d-1475,b2b-all-725142-2-161hdt-d-4893,freight-hdt-D-Diesel-Baseline,1126,-122.34240025199144,47.65138021935991
b2b-all-725142-2-161hdt-d,b2b-all-725142-2-161hdt-d-1476,b2b-all-725142-2-161hdt-d-4902,freight-hdt-D-Diesel-Baseline,1126,-122.34240025199144,47.65138021935991
b2b-all-725142-2-161hdv-d,b2b-all-725142-2-161hdv-d-1477,b2b-all-725142-2-161hdv-d-4947,freight-hdv-D-Diesel-Baseline,1126,-122.34240025199144,47.65138021935991
b2b-all-725142-2-162md-d,b2b-all-725142-2-162md-d-1478,b2b-all-725142-2-162md-d-4992,freight-md-D-Diesel-Baseline,1126,-122.34240025199144,47.65138021935991
b2b-all-725142-2-162hdt-d,b2b-all-725142-2-162hdt-d-1479,b2b-all-725142-2-162hdt-d-5006,freight-hdt-D-Diesel-Baseline,1126,-122.34240025199144,47.65138021935991
b2b-all-725142-2-162hdt-d,b2b-all-725142-2-162hdt-d-1480,b2b-all-725142-2-162hdt-d-5007,freight-hdt-D-Diesel-Baseline,1126,-122.34240025199144,47.65138021935991
b2b-all-725142-2-162hdv-d,b2b-all-725142-2-162hdv-d-1481,b2b-all-725142-2-162hdv-d-5051,freight-hdv-D-Diesel-Baseline,1126,-122.34240025199144,47.65138021935991
b2b-all-725142-2-162hdv-d,b2b-all-725142-2-162hdv-d-1482,b2b-all-725142-2-162hdv-d-5052,freight-hdv-D-Diesel-Baseline,1126,-122.34240025199144,47.65138021935991
b2b-all-725633-1-163md-d-0,b2b-all-725633-1-163md-d-0-1483,b2b-all-725633-1-163md-d-0-5078,freight-md-D-Diesel-Baseline,1484,-122.196288994874,47.763784490171886
b2b-all-725633-1-163md-d-0,b2b-all-725633-1-163md-d-0-1484,b2b-all-725633-1-163md-d-0-5082,freight-md-D-Diesel-Baseline,1484,-122.196288994874,47.763784490171886
b2b-all-725633-1-163md-d-0,b2b-all-725633-1-163md-d-0-1485,b2b-all-725633-1-163md-d-0-5083,freight-md-D-Diesel-Baseline,1484,-122.196288994874,47.763784490171886
b2b-all-725633-1-163md-d-1,b2b-all-725633-1-163md-d-1-1486,b2b-all-725633-1-163md-d-1-5104,freight-md-D-Diesel-Baseline,1484,-122.196288994874,47.763784490171886
b2b-all-725634-1-164md-d-0,b2b-all-725634-1-164md-d-0-1487,b2b-all-725634-1-164md-d-0-5120,freight-md-D-Diesel-Baseline,3191,-122.48240942711132,47.05796598200305
b2b-all-725634-1-164md-d-0,b2b-all-725634-1-164md-d-0-1488,b2b-all-725634-1-164md-d-0-5125,freight-md-D-Diesel-Baseline,3191,-122.48240942711132,47.05796598200305
b2b-all-725634-1-164md-d-0,b2b-all-725634-1-164md-d-0-1489,b2b-all-725634-1-164md-d-0-5126,freight-md-D-Diesel-Baseline,3191,-122.48240942711132,47.05796598200305
b2b-all-725634-1-164md-d-1,b2b-all-725634-1-164md-d-1-1490,b2b-all-725634-1-164md-d-1-5143,freight-md-D-Diesel-Baseline,3191,-122.48240942711132,47.05796598200305
b2b-all-725634-1-164md-d-1,b2b-all-725634-1-164md-d-1-1491,b2b-all-725634-1-164md-d-1-5147,freight-md-D-Diesel-Baseline,3191,-122.48240942711132,47.05796598200305
b2b-all-725634-1-164md-d-1,b2b-all-725634-1-164md-d-1-1492,b2b-all-725634-1-164md-d-1-5148,freight-md-D-Diesel-Baseline,3191,-122.48240942711132,47.05796598200305
b2b-all-725635-1-165hdt-d,b2b-all-725635-1-165hdt-d-1493,b2b-all-725635-1-165hdt-d-5154,freight-hdt-D-Diesel-Baseline,3191,-122.48240942711132,47.05796598200305
b2b-all-725635-1-165hdt-d,b2b-all-725635-1-165hdt-d-1494,b2b-all-725635-1-165hdt-d-5159,freight-hdt-D-Diesel-Baseline,3191,-122.48240942711132,47.05796598200305
b2b-all-725969-2-166hdv-d,b2b-all-725969-2-166hdv-d-1495,b2b-all-725969-2-166hdv-d-5184,freight-hdv-D-Diesel-Baseline,1827,-122.4575527265027,47.35511702829447
b2b-all-725969-2-166hdv-d,b2b-all-725969-2-166hdv-d-1496,b2b-all-725969-2-166hdv-d-5185,freight-hdv-D-Diesel-Baseline,1827,-122.4575527265027,47.35511702829447
b2b-all-725969-2-167hdv-d,b2b-all-725969-2-167hdv-d-1497,b2b-all-725969-2-167hdv-d-5205,freight-hdv-D-Diesel-Baseline,1827,-122.4575527265027,47.35511702829447
b2b-all-725969-2-167hdv-d,b2b-all-725969-2-167hdv-d-1498,b2b-all-725969-2-167hdv-d-5206,freight-hdv-D-Diesel-Baseline,1827,-122.4575527265027,47.35511702829447
b2b-all-726598-1-168md-d,b2b-all-726598-1-168md-d-1499,b2b-all-726598-1-168md-d-5232,freight-md-D-Diesel-Baseline,1236,-122.3330562577279,47.61112868747891
b2b-all-726599-1-169hdv-d,b2b-all-726599-1-169hdv-d-1500,b2b-all-726599-1-169hdv-d-5252,freight-hdv-D-Diesel-Baseline,1126,-122.34693677188588,47.65036361583117
b2b-all-726604-2-170md-d,b2b-all-726604-2-170md-d-1501,b2b-all-726604-2-170md-d-5278,freight-md-D-Diesel-Baseline,1099,-122.36137932800408,47.654046945172354
b2b-all-726604-2-170md-d,b2b-all-726604-2-170md-d-1502,b2b-all-726604-2-170md-d-5279,freight-md-D-Diesel-Baseline,1099,-122.36137932800408,47.654046945172354
b2b-all-726604-2-170md-d,b2b-all-726604-2-170md-d-1503,b2b-all-726604-2-170md-d-5287,freight-md-D-Diesel-Baseline,1099,-122.36137932800408,47.654046945172354
b2b-all-726604-2-170hdv-d,b2b-all-726604-2-170hdv-d-1504,b2b-all-726604-2-170hdv-d-5307,freight-hdv-D-Diesel-Baseline,1099,-122.36137932800408,47.654046945172354
b2b-all-726604-2-171md-d,b2b-all-726604-2-171md-d-1505,b2b-all-726604-2-171md-d-5347,freight-md-D-Diesel-Baseline,1099,-122.36137932800408,47.654046945172354
b2b-all-726604-3-172hdv-d-0,b2b-all-726604-3-172hdv-d-0-1506,b2b-all-726604-3-172hdv-d-0-5358,freight-hdv-D-Diesel-Baseline,1099,-122.36137932800408,47.654046945172354
b2b-all-726604-3-172hdv-d-0,b2b-all-726604-3-172hdv-d-0-1507,b2b-all-726604-3-172hdv-d-0-5362,freight-hdv-D-Diesel-Baseline,1099,-122.36137932800408,47.654046945172354
b2b-all-726604-3-172hdv-d-0,b2b-all-726604-3-172hdv-d-0-1508,b2b-all-726604-3-172hdv-d-0-5363,freight-hdv-D-Diesel-Baseline,1099,-122.36137932800408,47.654046945172354
b2b-all-726604-3-172hdv-d-1,b2b-all-726604-3-172hdv-d-1-1509,b2b-all-726604-3-172hdv-d-1-5379,freight-hdv-D-Diesel-Baseline,1099,-122.36137932800408,47.654046945172354
b2b-all-726604-3-172hdv-d-1,b2b-all-726604-3-172hdv-d-1-1510,b2b-all-726604-3-172hdv-d-1-5383,freight-hdv-D-Diesel-Baseline,1099,-122.36137932800408,47.654046945172354
b2b-all-726604-3-172hdv-d-1,b2b-all-726604-3-172hdv-d-1-1511,b2b-all-726604-3-172hdv-d-1-5384,freight-hdv-D-Diesel-Baseline,1099,-122.36137932800408,47.654046945172354
b2b-all-726604-3-172hdv-d-2,b2b-all-726604-3-172hdv-d-2-1512,b2b-all-726604-3-172hdv-d-2-5400,freight-hdv-D-Diesel-Baseline,1099,-122.36137932800408,47.654046945172354
b2b-all-726604-3-172hdv-d-2,b2b-all-726604-3-172hdv-d-2-1513,b2b-all-726604-3-172hdv-d-2-5404,freight-hdv-D-Diesel-Baseline,1099,-122.36137932800408,47.654046945172354
b2b-all-726604-3-172hdv-d-2,b2b-all-726604-3-172hdv-d-2-1514,b2b-all-726604-3-172hdv-d-2-5405,freight-hdv-D-Diesel-Baseline,1099,-122.36137932800408,47.654046945172354
b2b-all-726604-3-172hdv-d-3,b2b-all-726604-3-172hdv-d-3-1515,b2b-all-726604-3-172hdv-d-3-5426,freight-hdv-D-Diesel-Baseline,1099,-122.36137932800408,47.654046945172354
b2b-all-726604-3-173hdv-d,b2b-all-726604-3-173hdv-d-1516,b2b-all-726604-3-173hdv-d-5446,freight-hdv-D-Diesel-Baseline,1099,-122.36137932800408,47.654046945172354
b2b-all-726604-3-173hdv-d,b2b-all-726604-3-173hdv-d-1517,b2b-all-726604-3-173hdv-d-5447,freight-hdv-D-Diesel-Baseline,1099,-122.36137932800408,47.654046945172354
b2b-all-726605-1-174hdv-d,b2b-all-726605-1-174hdv-d-1518,b2b-all-726605-1-174hdv-d-5472,freight-hdv-D-Diesel-Baseline,1511,-122.19557480093836,47.71002628828037
b2b-all-726605-1-175hdv-d,b2b-all-726605-1-175hdv-d-1519,b2b-all-726605-1-175hdv-d-5497,freight-hdv-D-Diesel-Baseline,1511,-122.19557480093836,47.71002628828037
b2b-all-728740-3-176hdt-d,b2b-all-728740-3-176hdt-d-1520,b2b-all-728740-3-176hdt-d-5522,freight-hdt-D-Diesel-Baseline,5883,-123.05180503036196,44.98106768295292
b2b-all-728740-3-176hdt-d,b2b-all-728740-3-176hdt-d-1521,b2b-all-728740-3-176hdt-d-5523,freight-hdt-D-Diesel-Baseline,5883,-123.05180503036196,44.98106768295292
b2b-all-728740-3-176hdt-d,b2b-all-728740-3-176hdt-d-1522,b2b-all-728740-3-176hdt-d-5524,freight-hdt-D-Diesel-Baseline,5883,-123.05180503036196,44.98106768295292
b2b-all-728740-3-176hdt-d,b2b-all-728740-3-176hdt-d-1523,b2b-all-728740-3-176hdt-d-5525,freight-hdt-D-Diesel-Baseline,5883,-123.05180503036196,44.98106768295292
b2b-all-728740-3-176hdt-d,b2b-all-728740-3-176hdt-d-1524,b2b-all-728740-3-176hdt-d-5526,freight-hdt-D-Diesel-Baseline,5883,-123.05180503036196,44.98106768295292
b2b-all-728740-3-176hdt-d,b2b-all-728740-3-176hdt-d-1525,b2b-all-728740-3-176hdt-d-5527,freight-hdt-D-Diesel-Baseline,5883,-123.05180503036196,44.98106768295292
b2b-all-728740-3-176hdt-d,b2b-all-728740-3-176hdt-d-1526,b2b-all-728740-3-176hdt-d-5528,freight-hdt-D-Diesel-Baseline,5883,-123.05180503036196,44.98106768295292
b2b-all-728740-3-176hdt-d,b2b-all-728740-3-176hdt-d-1527,b2b-all-728740-3-176hdt-d-5529,freight-hdt-D-Diesel-Baseline,5883,-123.05180503036196,44.98106768295292
b2b-all-728933-4-177hdv-d,b2b-all-728933-4-177hdv-d-1528,b2b-all-728933-4-177hdv-d-5559,freight-hdv-D-Diesel-Baseline,1333,-122.38760027662398,47.559792922302336
b2b-all-728933-4-177hdv-d,b2b-all-728933-4-177hdv-d-1529,b2b-all-728933-4-177hdv-d-5560,freight-hdv-D-Diesel-Baseline,1333,-122.38760027662398,47.559792922302336
b2b-all-729026-2-178hdt-d,b2b-all-729026-2-178hdt-d-1530,b2b-all-729026-2-178hdt-d-5577,freight-hdt-D-Diesel-Baseline,3191,-122.48240942711132,47.05796598200305
b2b-all-729026-2-178hdt-d,b2b-all-729026-2-178hdt-d-1531,b2b-all-729026-2-178hdt-d-5578,freight-hdt-D-Diesel-Baseline,3191,-122.48240942711132,47.05796598200305
b2b-all-730135-2-179hdv-d,b2b-all-730135-2-179hdv-d-1532,b2b-all-730135-2-179hdv-d-5608,freight-hdv-D-Diesel-Baseline,1573,-122.15930822473292,47.65631891204374
b2b-all-730135-2-179hdv-d,b2b-all-730135-2-179hdv-d-1533,b2b-all-730135-2-179hdv-d-5609,freight-hdv-D-Diesel-Baseline,1573,-122.15930822473292,47.65631891204374
b2b-all-7307-3-180hdt-d,b2b-all-7307-3-180hdt-d-1534,b2b-all-7307-3-180hdt-d-5627,freight-hdt-D-Diesel-Baseline,3205,-122.47266831305922,46.8934296551068
b2b-all-7307-3-180hdt-d,b2b-all-7307-3-180hdt-d-1535,b2b-all-7307-3-180hdt-d-5628,freight-hdt-D-Diesel-Baseline,3205,-122.47266831305922,46.8934296551068
b2b-all-7307-3-180hdt-d,b2b-all-7307-3-180hdt-d-1536,b2b-all-7307-3-180hdt-d-5629,freight-hdt-D-Diesel-Baseline,3205,-122.47266831305922,46.8934296551068
b2b-all-7307-3-180hdt-d,b2b-all-7307-3-180hdt-d-1537,b2b-all-7307-3-180hdt-d-5630,freight-hdt-D-Diesel-Baseline,3205,-122.47266831305922,46.8934296551068
b2b-all-7307-3-180hdt-d,b2b-all-7307-3-180hdt-d-1538,b2b-all-7307-3-180hdt-d-5631,freight-hdt-D-Diesel-Baseline,3205,-122.47266831305922,46.8934296551068
b2b-all-7313-4-181hdv-d,b2b-all-7313-4-181hdv-d-1539,b2b-all-7313-4-181hdv-d-5662,freight-hdv-D-Diesel-Baseline,3191,-122.48240942711132,47.05796598200305
b2b-all-7313-4-181hdv-d,b2b-all-7313-4-181hdv-d-1540,b2b-all-7313-4-181hdv-d-5663,freight-hdv-D-Diesel-Baseline,3191,-122.48240942711132,47.05796598200305
b2b-all-733639-1-182md-d,b2b-all-733639-1-182md-d-1541,b2b-all-733639-1-182md-d-5693,freight-md-D-Diesel-Baseline,1574,-122.14901977658646,47.632069813890055
b2b-all-733639-1-182md-d,b2b-all-733639-1-182md-d-1542,b2b-all-733639-1-182md-d-5694,freight-md-D-Diesel-Baseline,1574,-122.14901977658646,47.632069813890055
b2b-all-733639-1-182md-d,b2b-all-733639-1-182md-d-1543,b2b-all-733639-1-182md-d-5695,freight-md-D-Diesel-Baseline,1574,-122.14901977658646,47.632069813890055
b2b-all-733639-1-182md-d,b2b-all-733639-1-182md-d-1544,b2b-all-733639-1-182md-d-5696,freight-md-D-Diesel-Baseline,1574,-122.14901977658646,47.632069813890055
b2b-all-733639-1-182md-d,b2b-all-733639-1-182md-d-1545,b2b-all-733639-1-182md-d-5697,freight-md-D-Diesel-Baseline,1574,-122.14901977658646,47.632069813890055
b2b-all-733639-1-182md-d,b2b-all-733639-1-182md-d-1546,b2b-all-733639-1-182md-d-5698,freight-md-D-Diesel-Baseline,1574,-122.14901977658646,47.632069813890055
b2b-all-7337-4-183hdv-d,b2b-all-7337-4-183hdv-d-1547,b2b-all-7337-4-183hdv-d-5717,freight-hdv-D-Diesel-Baseline,2461,-122.844950878093,47.572772912764336
b2b-all-7337-4-183hdv-d,b2b-all-7337-4-183hdv-d-1548,b2b-all-7337-4-183hdv-d-5718,freight-hdv-D-Diesel-Baseline,2461,-122.844950878093,47.572772912764336
b2b-all-7337-4-183hdv-d,b2b-all-7337-4-183hdv-d-1549,b2b-all-7337-4-183hdv-d-5719,freight-hdv-D-Diesel-Baseline,2461,-122.844950878093,47.572772912764336
b2b-all-7337-4-183hdv-d,b2b-all-7337-4-183hdv-d-1550,b2b-all-7337-4-183hdv-d-5720,freight-hdv-D-Diesel-Baseline,2461,-122.844950878093,47.572772912764336
b2b-all-7337-4-183hdv-d,b2b-all-7337-4-183hdv-d-1551,b2b-all-7337-4-183hdv-d-5721,freight-hdv-D-Diesel-Baseline,2461,-122.844950878093,47.572772912764336
b2b-all-7337-4-183hdv-d,b2b-all-7337-4-183hdv-d-1552,b2b-all-7337-4-183hdv-d-5722,freight-hdv-D-Diesel-Baseline,2461,-122.844950878093,47.572772912764336
b2b-all-7337-4-183hdv-d,b2b-all-7337-4-183hdv-d-1553,b2b-all-7337-4-183hdv-d-5723,freight-hdv-D-Diesel-Baseline,2461,-122.844950878093,47.572772912764336
b2b-all-7337-4-183hdv-d,b2b-all-7337-4-183hdv-d-1554,b2b-all-7337-4-183hdv-d-5724,freight-hdv-D-Diesel-Baseline,2461,-122.844950878093,47.572772912764336
b2b-all-7337-4-183hdv-d,b2b-all-7337-4-183hdv-d-1555,b2b-all-7337-4-183hdv-d-5725,freight-hdv-D-Diesel-Baseline,2461,-122.844950878093,47.572772912764336
b2b-all-7337-4-183hdv-d,b2b-all-7337-4-183hdv-d-1556,b2b-all-7337-4-183hdv-d-5726,freight-hdv-D-Diesel-Baseline,2461,-122.844950878093,47.572772912764336
b2b-all-7337-4-183hdv-d,b2b-all-7337-4-183hdv-d-1557,b2b-all-7337-4-183hdv-d-5727,freight-hdv-D-Diesel-Baseline,2461,-122.844950878093,47.572772912764336
b2b-all-736906-1-184md-d,b2b-all-736906-1-184md-d-1558,b2b-all-736906-1-184md-d-5754,freight-md-D-Diesel-Baseline,1368,-122.34280301211442,47.51833738239204
b2b-all-736906-1-184md-d,b2b-all-736906-1-184md-d-1559,b2b-all-736906-1-184md-d-5755,freight-md-D-Diesel-Baseline,1368,-122.34280301211442,47.51833738239204
b2b-all-7376526-2-185hdt-d,b2b-all-7376526-2-185hdt-d-1560,b2b-all-7376526-2-185hdt-d-5766,freight-hdt-D-Diesel-Baseline,1224,-122.31076500144673,47.61570479751896
b2b-all-7376641-3-186hdt-d,b2b-all-7376641-3-186hdt-d-1561,b2b-all-7376641-3-186hdt-d-5782,freight-hdt-D-Diesel-Baseline,3854,-122.3645144674494,48.26687162473969
b2b-all-7376641-3-186hdt-d,b2b-all-7376641-3-186hdt-d-1562,b2b-all-7376641-3-186hdt-d-5783,freight-hdt-D-Diesel-Baseline,3854,-122.3645144674494,48.26687162473969
b2b-all-7376641-3-186hdt-d,b2b-all-7376641-3-186hdt-d-1563,b2b-all-7376641-3-186hdt-d-5795,freight-hdt-D-Diesel-Baseline,3854,-122.3645144674494,48.26687162473969
b2b-all-7377669-4-187hdv-d,b2b-all-7377669-4-187hdv-d-1564,b2b-all-7377669-4-187hdv-d-5822,freight-hdv-D-Diesel-Baseline,2086,-122.2577508517709,47.29302413492409
b2b-all-7377669-4-187hdv-d,b2b-all-7377669-4-187hdv-d-1565,b2b-all-7377669-4-187hdv-d-5823,freight-hdv-D-Diesel-Baseline,2086,-122.2577508517709,47.29302413492409
b2b-all-7377669-4-188hdv-d,b2b-all-7377669-4-188hdv-d-1566,b2b-all-7377669-4-188hdv-d-5845,freight-hdv-D-Diesel-Baseline,2086,-122.2577508517709,47.29302413492409
b2b-all-7377669-4-188hdv-d,b2b-all-7377669-4-188hdv-d-1567,b2b-all-7377669-4-188hdv-d-5846,freight-hdv-D-Diesel-Baseline,2086,-122.2577508517709,47.29302413492409
b2b-all-7377740-2-189hdt-d,b2b-all-7377740-2-189hdt-d-1568,b2b-all-7377740-2-189hdt-d-5862,freight-hdt-D-Diesel-Baseline,1271,-122.3128854113104,47.58173824550748
b2b-all-7379116-1-190md-d,b2b-all-7379116-1-190md-d-1569,b2b-all-7379116-1-190md-d-5888,freight-md-D-Diesel-Baseline,1345,-122.35265232131638,47.5526234000457
b2b-all-7379116-1-190md-d,b2b-all-7379116-1-190md-d-1570,b2b-all-7379116-1-190md-d-5889,freight-md-D-Diesel-Baseline,1345,-122.35265232131638,47.5526234000457
b2b-all-7379116-1-190md-d,b2b-all-7379116-1-190md-d-1571,b2b-all-7379116-1-190md-d-5899,freight-md-D-Diesel-Baseline,1345,-122.35265232131638,47.5526234000457
b2b-all-7379116-1-190md-d,b2b-all-7379116-1-190md-d-1572,b2b-all-7379116-1-190md-d-5900,freight-md-D-Diesel-Baseline,1345,-122.35265232131638,47.5526234000457
b2b-all-7379923-1-191md-d,b2b-all-7379923-1-191md-d-1573,b2b-all-7379923-1-191md-d-5921,freight-md-D-Diesel-Baseline,5885,-123.12917480974409,44.98433170990787
b2b-all-7380895-3-192hdt-d,b2b-all-7380895-3-192hdt-d-1574,b2b-all-7380895-3-192hdt-d-5934,freight-hdt-D-Diesel-Baseline,1782,-122.33297360416576,47.5098011789152
b2b-all-7380895-3-193hdt-d,b2b-all-7380895-3-193hdt-d-1575,b2b-all-7380895-3-193hdt-d-5951,freight-hdt-D-Diesel-Baseline,1782,-122.33297360416576,47.5098011789152
b2b-all-7380895-3-193hdt-d,b2b-all-7380895-3-193hdt-d-1576,b2b-all-7380895-3-193hdt-d-5952,freight-hdt-D-Diesel-Baseline,1782,-122.33297360416576,47.5098011789152
b2b-all-7380895-3-193hdt-d,b2b-all-7380895-3-193hdt-d-1577,b2b-all-7380895-3-193hdt-d-5953,freight-hdt-D-Diesel-Baseline,1782,-122.33297360416576,47.5098011789152
b2b-all-7380895-3-193hdt-d,b2b-all-7380895-3-193hdt-d-1578,b2b-all-7380895-3-193hdt-d-5954,freight-hdt-D-Diesel-Baseline,1782,-122.33297360416576,47.5098011789152
b2b-all-7380895-3-193hdt-d,b2b-all-7380895-3-193hdt-d-1579,b2b-all-7380895-3-193hdt-d-5955,freight-hdt-D-Diesel-Baseline,1782,-122.33297360416576,47.5098011789152
b2b-all-7380895-3-193hdt-d,b2b-all-7380895-3-193hdt-d-1580,b2b-all-7380895-3-193hdt-d-5956,freight-hdt-D-Diesel-Baseline,1782,-122.33297360416576,47.5098011789152
b2b-all-7380895-3-193hdt-d,b2b-all-7380895-3-193hdt-d-1581,b2b-all-7380895-3-193hdt-d-5957,freight-hdt-D-Diesel-Baseline,1782,-122.33297360416576,47.5098011789152
b2b-all-7383238-3-194hdt-d,b2b-all-7383238-3-194hdt-d-1582,b2b-all-7383238-3-194hdt-d-5973,freight-hdt-D-Diesel-Baseline,5882,-123.14494409844396,44.98169645199568
b2b-all-7383238-3-194hdt-d,b2b-all-7383238-3-194hdt-d-1583,b2b-all-7383238-3-194hdt-d-5974,freight-hdt-D-Diesel-Baseline,5882,-123.14494409844396,44.98169645199568
b2b-all-7383238-3-194hdt-d,b2b-all-7383238-3-194hdt-d-1584,b2b-all-7383238-3-194hdt-d-5975,freight-hdt-D-Diesel-Baseline,5882,-123.14494409844396,44.98169645199568
b2b-all-7383238-3-194hdt-d,b2b-all-7383238-3-194hdt-d-1585,b2b-all-7383238-3-194hdt-d-5976,freight-hdt-D-Diesel-Baseline,5882,-123.14494409844396,44.98169645199568
b2b-all-7383238-3-194hdt-d,b2b-all-7383238-3-194hdt-d-1586,b2b-all-7383238-3-194hdt-d-5977,freight-hdt-D-Diesel-Baseline,5882,-123.14494409844396,44.98169645199568
b2b-all-7383238-3-194hdt-d,b2b-all-7383238-3-194hdt-d-1587,b2b-all-7383238-3-194hdt-d-5978,freight-hdt-D-Diesel-Baseline,5882,-123.14494409844396,44.98169645199568
b2b-all-7383238-3-194hdt-d,b2b-all-7383238-3-194hdt-d-1588,b2b-all-7383238-3-194hdt-d-5979,freight-hdt-D-Diesel-Baseline,5882,-123.14494409844396,44.98169645199568
b2b-all-7383238-3-194hdt-d,b2b-all-7383238-3-194hdt-d-1589,b2b-all-7383238-3-194hdt-d-5980,freight-hdt-D-Diesel-Baseline,5882,-123.14494409844396,44.98169645199568
b2b-all-7383238-3-194hdt-d,b2b-all-7383238-3-194hdt-d-1590,b2b-all-7383238-3-194hdt-d-5988,freight-hdt-D-Diesel-Baseline,5882,-123.14494409844396,44.98169645199568
b2b-all-7385821-1-195hdt-d,b2b-all-7385821-1-195hdt-d-1591,b2b-all-7385821-1-195hdt-d-6007,freight-hdt-D-Diesel-Baseline,1617,-122.18412825365422,47.60952863787534
b2b-all-7385821-1-195hdt-d,b2b-all-7385821-1-195hdt-d-1592,b2b-all-7385821-1-195hdt-d-6008,freight-hdt-D-Diesel-Baseline,1617,-122.18412825365422,47.60952863787534
b2b-all-7385821-1-195hdt-d,b2b-all-7385821-1-195hdt-d-1593,b2b-all-7385821-1-195hdt-d-6009,freight-hdt-D-Diesel-Baseline,1617,-122.18412825365422,47.60952863787534
b2b-all-7387075-1-196hdt-d,b2b-all-7387075-1-196hdt-d-1594,b2b-all-7387075-1-196hdt-d-6034,freight-hdt-D-Diesel-Baseline,3895,-121.26884369455286,48.17174536079158
b2b-all-7387895-2-197hdt-d,b2b-all-7387895-2-197hdt-d-1595,b2b-all-7387895-2-197hdt-d-6054,freight-hdt-D-Diesel-Baseline,2068,-122.22856955967195,47.353710200181816
b2b-all-7387895-2-197hdt-d,b2b-all-7387895-2-197hdt-d-1596,b2b-all-7387895-2-197hdt-d-6055,freight-hdt-D-Diesel-Baseline,2068,-122.22856955967195,47.353710200181816
b2b-all-7388268-1-198hdv-d,b2b-all-7388268-1-198hdv-d-1597,b2b-all-7388268-1-198hdv-d-6081,freight-hdv-D-Diesel-Baseline,1113,-122.31921887203691,47.656673766538354
b2b-all-7388639-1-199md-d,b2b-all-7388639-1-199md-d-1598,b2b-all-7388639-1-199md-d-6106,freight-md-D-Diesel-Baseline,2056,-122.27928887189633,47.29596609238333
b2b-all-7388639-1-199md-d,b2b-all-7388639-1-199md-d-1599,b2b-all-7388639-1-199md-d-6107,freight-md-D-Diesel-Baseline,2056,-122.27928887189633,47.29596609238333
b2b-all-7388639-1-200md-d,b2b-all-7388639-1-200md-d-1600,b2b-all-7388639-1-200md-d-6128,freight-md-D-Diesel-Baseline,2056,-122.27928887189633,47.29596609238333
b2b-all-7388640-1-201md-d-0,b2b-all-7388640-1-201md-d-0-1601,b2b-all-7388640-1-201md-d-0-6144,freight-md-D-Diesel-Baseline,2274,-122.04297712883935,47.62974723951723
b2b-all-7388640-1-201md-d-0,b2b-all-7388640-1-201md-d-0-1602,b2b-all-7388640-1-201md-d-0-6145,freight-md-D-Diesel-Baseline,2274,-122.04297712883935,47.62974723951723
b2b-all-7388640-1-201md-d-0,b2b-all-7388640-1-201md-d-0-1603,b2b-all-7388640-1-201md-d-0-6146,freight-md-D-Diesel-Baseline,2274,-122.04297712883935,47.62974723951723
b2b-all-7388640-1-201md-d-0,b2b-all-7388640-1-201md-d-0-1604,b2b-all-7388640-1-201md-d-0-6150,freight-md-D-Diesel-Baseline,2274,-122.04297712883935,47.62974723951723
b2b-all-7388640-1-201md-d-1,b2b-all-7388640-1-201md-d-1-1605,b2b-all-7388640-1-201md-d-1-6167,freight-md-D-Diesel-Baseline,2274,-122.04297712883935,47.62974723951723
b2b-all-7388640-1-201md-d-1,b2b-all-7388640-1-201md-d-1-1606,b2b-all-7388640-1-201md-d-1-6168,freight-md-D-Diesel-Baseline,2274,-122.04297712883935,47.62974723951723
b2b-all-7388640-1-201md-d-1,b2b-all-7388640-1-201md-d-1-1607,b2b-all-7388640-1-201md-d-1-6169,freight-md-D-Diesel-Baseline,2274,-122.04297712883935,47.62974723951723
b2b-all-7388640-1-201md-d-1,b2b-all-7388640-1-201md-d-1-1608,b2b-all-7388640-1-201md-d-1-6173,freight-md-D-Diesel-Baseline,2274,-122.04297712883935,47.62974723951723
b2b-all-7388640-1-201md-d-2,b2b-all-7388640-1-201md-d-2-1609,b2b-all-7388640-1-201md-d-2-6190,freight-md-D-Diesel-Baseline,2274,-122.04297712883935,47.62974723951723
b2b-all-7388640-1-202md-d,b2b-all-7388640-1-202md-d-1610,b2b-all-7388640-1-202md-d-6217,freight-md-D-Diesel-Baseline,2274,-122.04297712883935,47.62974723951723
b2b-all-7388640-1-202md-d,b2b-all-7388640-1-202md-d-1611,b2b-all-7388640-1-202md-d-6218,freight-md-D-Diesel-Baseline,2274,-122.04297712883935,47.62974723951723
b2b-all-7388640-1-202md-d,b2b-all-7388640-1-202md-d-1612,b2b-all-7388640-1-202md-d-6219,freight-md-D-Diesel-Baseline,2274,-122.04297712883935,47.62974723951723
b2b-all-7388640-1-202md-d,b2b-all-7388640-1-202md-d-1613,b2b-all-7388640-1-202md-d-6220,freight-md-D-Diesel-Baseline,2274,-122.04297712883935,47.62974723951723
b2b-all-7389076-1-203hdt-d-0,b2b-all-7389076-1-203hdt-d-0-1614,b2b-all-7389076-1-203hdt-d-0-6226,freight-hdt-D-Diesel-Baseline,1325,-122.30526625680837,47.55050117010898
b2b-all-7389076-1-203hdt-d-0,b2b-all-7389076-1-203hdt-d-0-1615,b2b-all-7389076-1-203hdt-d-0-6230,freight-hdt-D-Diesel-Baseline,1325,-122.30526625680837,47.55050117010898
b2b-all-7389076-1-203hdt-d-0,b2b-all-7389076-1-203hdt-d-0-1616,b2b-all-7389076-1-203hdt-d-0-6231,freight-hdt-D-Diesel-Baseline,1325,-122.30526625680837,47.55050117010898
b2b-all-7389076-1-203hdt-d-1,b2b-all-7389076-1-203hdt-d-1-1617,b2b-all-7389076-1-203hdt-d-1-6252,freight-hdt-D-Diesel-Baseline,1325,-122.30526625680837,47.55050117010898
b2b-all-7389664-1-204md-d,b2b-all-7389664-1-204md-d-1618,b2b-all-7389664-1-204md-d-6283,freight-md-D-Diesel-Baseline,5885,-123.12917480974409,44.98433170990787
b2b-all-7391949-2-205md-d,b2b-all-7391949-2-205md-d-1619,b2b-all-7391949-2-205md-d-6304,freight-md-D-Diesel-Baseline,1221,-122.30568638245384,47.61386813607793
b2b-all-7391949-2-205md-d,b2b-all-7391949-2-205md-d-1620,b2b-all-7391949-2-205md-d-6306,freight-md-D-Diesel-Baseline,1221,-122.30568638245384,47.61386813607793
b2b-all-7391949-2-205md-d,b2b-all-7391949-2-205md-d-1621,b2b-all-7391949-2-205md-d-6312,freight-md-D-Diesel-Baseline,1221,-122.30568638245384,47.61386813607793
b2b-all-7391949-2-205md-d,b2b-all-7391949-2-205md-d-1622,b2b-all-7391949-2-205md-d-6313,freight-md-D-Diesel-Baseline,1221,-122.30568638245384,47.61386813607793
b2b-all-7391949-2-205hdv-d,b2b-all-7391949-2-205hdv-d-1623,b2b-all-7391949-2-205hdv-d-6324,freight-hdv-D-Diesel-Baseline,1221,-122.30568638245384,47.61386813607793
b2b-all-7391949-2-205hdv-d,b2b-all-7391949-2-205hdv-d-1624,b2b-all-7391949-2-205hdv-d-6325,freight-hdv-D-Diesel-Baseline,1221,-122.30568638245384,47.61386813607793
b2b-all-7391949-2-205hdv-d,b2b-all-7391949-2-205hdv-d-1625,b2b-all-7391949-2-205hdv-d-6333,freight-hdv-D-Diesel-Baseline,1221,-122.30568638245384,47.61386813607793
b2b-all-7391949-4-206hdv-d-0,b2b-all-7391949-4-206hdv-d-0-1626,b2b-all-7391949-4-206hdv-d-0-6354,freight-hdv-D-Diesel-Baseline,1221,-122.30568638245384,47.61386813607793
b2b-all-7391949-4-206hdv-d-0,b2b-all-7391949-4-206hdv-d-0-1627,b2b-all-7391949-4-206hdv-d-0-6358,freight-hdv-D-Diesel-Baseline,1221,-122.30568638245384,47.61386813607793
b2b-all-7391949-4-206hdv-d-0,b2b-all-7391949-4-206hdv-d-0-1628,b2b-all-7391949-4-206hdv-d-0-6359,freight-hdv-D-Diesel-Baseline,1221,-122.30568638245384,47.61386813607793
b2b-all-7391949-4-206hdv-d-1,b2b-all-7391949-4-206hdv-d-1-1629,b2b-all-7391949-4-206hdv-d-1-6375,freight-hdv-D-Diesel-Baseline,1221,-122.30568638245384,47.61386813607793
b2b-all-7391949-4-206hdv-d-1,b2b-all-7391949-4-206hdv-d-1-1630,b2b-all-7391949-4-206hdv-d-1-6379,freight-hdv-D-Diesel-Baseline,1221,-122.30568638245384,47.61386813607793
b2b-all-7391949-4-206hdv-d-1,b2b-all-7391949-4-206hdv-d-1-1631,b2b-all-7391949-4-206hdv-d-1-6380,freight-hdv-D-Diesel-Baseline,1221,-122.30568638245384,47.61386813607793
b2b-all-7391949-4-206hdv-d-2,b2b-all-7391949-4-206hdv-d-2-1632,b2b-all-7391949-4-206hdv-d-2-6396,freight-hdv-D-Diesel-Baseline,1221,-122.30568638245384,47.61386813607793
b2b-all-7391949-4-206hdv-d-2,b2b-all-7391949-4-206hdv-d-2-1633,b2b-all-7391949-4-206hdv-d-2-6400,freight-hdv-D-Diesel-Baseline,1221,-122.30568638245384,47.61386813607793
b2b-all-7391949-4-206hdv-d-2,b2b-all-7391949-4-206hdv-d-2-1634,b2b-all-7391949-4-206hdv-d-2-6401,freight-hdv-D-Diesel-Baseline,1221,-122.30568638245384,47.61386813607793
b2b-all-7391949-4-206hdv-d-3,b2b-all-7391949-4-206hdv-d-3-1635,b2b-all-7391949-4-206hdv-d-3-6417,freight-hdv-D-Diesel-Baseline,1221,-122.30568638245384,47.61386813607793
b2b-all-7391949-4-206hdv-d-3,b2b-all-7391949-4-206hdv-d-3-1636,b2b-all-7391949-4-206hdv-d-3-6421,freight-hdv-D-Diesel-Baseline,1221,-122.30568638245384,47.61386813607793
b2b-all-7391949-4-206hdv-d-3,b2b-all-7391949-4-206hdv-d-3-1637,b2b-all-7391949-4-206hdv-d-3-6422,freight-hdv-D-Diesel-Baseline,1221,-122.30568638245384,47.61386813607793
b2b-all-7391949-4-206hdv-d-4,b2b-all-7391949-4-206hdv-d-4-1638,b2b-all-7391949-4-206hdv-d-4-6438,freight-hdv-D-Diesel-Baseline,1221,-122.30568638245384,47.61386813607793
b2b-all-7391949-4-206hdv-d-4,b2b-all-7391949-4-206hdv-d-4-1639,b2b-all-7391949-4-206hdv-d-4-6442,freight-hdv-D-Diesel-Baseline,1221,-122.30568638245384,47.61386813607793
b2b-all-7391949-4-206hdv-d-4,b2b-all-7391949-4-206hdv-d-4-1640,b2b-all-7391949-4-206hdv-d-4-6443,freight-hdv-D-Diesel-Baseline,1221,-122.30568638245384,47.61386813607793
b2b-all-7391949-4-206hdv-d-5,b2b-all-7391949-4-206hdv-d-5-1641,b2b-all-7391949-4-206hdv-d-5-6459,freight-hdv-D-Diesel-Baseline,1221,-122.30568638245384,47.61386813607793
b2b-all-7391949-4-206hdv-d-5,b2b-all-7391949-4-206hdv-d-5-1642,b2b-all-7391949-4-206hdv-d-5-6463,freight-hdv-D-Diesel-Baseline,1221,-122.30568638245384,47.61386813607793
b2b-all-7391949-4-206hdv-d-5,b2b-all-7391949-4-206hdv-d-5-1643,b2b-all-7391949-4-206hdv-d-5-6464,freight-hdv-D-Diesel-Baseline,1221,-122.30568638245384,47.61386813607793
b2b-all-7391949-4-207hdv-d,b2b-all-7391949-4-207hdv-d-1644,b2b-all-7391949-4-207hdv-d-6485,freight-hdv-D-Diesel-Baseline,1221,-122.30568638245384,47.61386813607793
b2b-all-7392876-2-208hdv-d-0,b2b-all-7392876-2-208hdv-d-0-1645,b2b-all-7392876-2-208hdv-d-0-6501,freight-hdv-D-Diesel-Baseline,5885,-123.12917480974409,44.98433170990787
b2b-all-7392876-2-208hdv-d-0,b2b-all-7392876-2-208hdv-d-0-1646,b2b-all-7392876-2-208hdv-d-0-6505,freight-hdv-D-Diesel-Baseline,5885,-123.12917480974409,44.98433170990787
b2b-all-7392876-2-208hdv-d-0,b2b-all-7392876-2-208hdv-d-0-1647,b2b-all-7392876-2-208hdv-d-0-6506,freight-hdv-D-Diesel-Baseline,5885,-123.12917480974409,44.98433170990787
b2b-all-7392876-2-208hdv-d-1,b2b-all-7392876-2-208hdv-d-1-1648,b2b-all-7392876-2-208hdv-d-1-6522,freight-hdv-D-Diesel-Baseline,5885,-123.12917480974409,44.98433170990787
b2b-all-7392876-2-208hdv-d-1,b2b-all-7392876-2-208hdv-d-1-1649,b2b-all-7392876-2-208hdv-d-1-6526,freight-hdv-D-Diesel-Baseline,5885,-123.12917480974409,44.98433170990787
b2b-all-7392876-2-208hdv-d-1,b2b-all-7392876-2-208hdv-d-1-1650,b2b-all-7392876-2-208hdv-d-1-6527,freight-hdv-D-Diesel-Baseline,5885,-123.12917480974409,44.98433170990787
b2b-all-7392876-2-208hdv-d-2,b2b-all-7392876-2-208hdv-d-2-1651,b2b-all-7392876-2-208hdv-d-2-6543,freight-hdv-D-Diesel-Baseline,5885,-123.12917480974409,44.98433170990787
b2b-all-7392876-2-208hdv-d-2,b2b-all-7392876-2-208hdv-d-2-1652,b2b-all-7392876-2-208hdv-d-2-6548,freight-hdv-D-Diesel-Baseline,5885,-123.12917480974409,44.98433170990787
b2b-all-7398-2-209hdt-d,b2b-all-7398-2-209hdt-d-1653,b2b-all-7398-2-209hdt-d-6568,freight-hdt-D-Diesel-Baseline,3181,-122.77190187190745,47.21656893604093
b2b-all-7398-2-209hdt-d,b2b-all-7398-2-209hdt-d-1654,b2b-all-7398-2-209hdt-d-6569,freight-hdt-D-Diesel-Baseline,3181,-122.77190187190745,47.21656893604093
b2b-all-7463974-1-210md-d,b2b-all-7463974-1-210md-d-1655,b2b-all-7463974-1-210md-d-6604,freight-md-D-Diesel-Baseline,3179,-122.74810938133588,47.29621087392292
b2b-all-7463974-1-210md-d,b2b-all-7463974-1-210md-d-1656,b2b-all-7463974-1-210md-d-6605,freight-md-D-Diesel-Baseline,3179,-122.74810938133588,47.29621087392292
b2b-all-7463974-1-210md-d,b2b-all-7463974-1-210md-d-1657,b2b-all-7463974-1-210md-d-6606,freight-md-D-Diesel-Baseline,3179,-122.74810938133588,47.29621087392292
b2b-all-7463974-1-210md-d,b2b-all-7463974-1-210md-d-1658,b2b-all-7463974-1-210md-d-6607,freight-md-D-Diesel-Baseline,3179,-122.74810938133588,47.29621087392292
b2b-all-7463974-1-210md-d,b2b-all-7463974-1-210md-d-1659,b2b-all-7463974-1-210md-d-6608,freight-md-D-Diesel-Baseline,3179,-122.74810938133588,47.29621087392292
b2b-all-7463974-1-210md-d,b2b-all-7463974-1-210md-d-1660,b2b-all-7463974-1-210md-d-6609,freight-md-D-Diesel-Baseline,3179,-122.74810938133588,47.29621087392292
b2b-all-7475924-1-211md-d,b2b-all-7475924-1-211md-d-1661,b2b-all-7475924-1-211md-d-6632,freight-md-D-Diesel-Baseline,986,-122.38677693517285,47.69389849121538
b2b-all-7475924-1-211md-d,b2b-all-7475924-1-211md-d-1662,b2b-all-7475924-1-211md-d-6633,freight-md-D-Diesel-Baseline,986,-122.38677693517285,47.69389849121538
b2b-all-7475924-1-211md-d,b2b-all-7475924-1-211md-d-1663,b2b-all-7475924-1-211md-d-6634,freight-md-D-Diesel-Baseline,986,-122.38677693517285,47.69389849121538
b2b-all-7475924-1-211md-d,b2b-all-7475924-1-211md-d-1664,b2b-all-7475924-1-211md-d-6635,freight-md-D-Diesel-Baseline,986,-122.38677693517285,47.69389849121538
b2b-all-7475924-1-211md-d,b2b-all-7475924-1-211md-d-1665,b2b-all-7475924-1-211md-d-6636,freight-md-D-Diesel-Baseline,986,-122.38677693517285,47.69389849121538
b2b-all-7475924-1-211md-d,b2b-all-7475924-1-211md-d-1666,b2b-all-7475924-1-211md-d-6637,freight-md-D-Diesel-Baseline,986,-122.38677693517285,47.69389849121538
b2b-all-7475926-3-212hdt-d,b2b-all-7475926-3-212hdt-d-1667,b2b-all-7475926-3-212hdt-d-6643,freight-hdt-D-Diesel-Baseline,1232,-122.34812593985978,47.61263794401798
b2b-all-7475926-3-212hdt-d,b2b-all-7475926-3-212hdt-d-1668,b2b-all-7475926-3-212hdt-d-6657,freight-hdt-D-Diesel-Baseline,1232,-122.34812593985978,47.61263794401798
b2b-all-7475926-3-212hdt-d,b2b-all-7475926-3-212hdt-d-1669,b2b-all-7475926-3-212hdt-d-6658,freight-hdt-D-Diesel-Baseline,1232,-122.34812593985978,47.61263794401798
b2b-all-7475926-3-212hdt-d,b2b-all-7475926-3-212hdt-d-1670,b2b-all-7475926-3-212hdt-d-6659,freight-hdt-D-Diesel-Baseline,1232,-122.34812593985978,47.61263794401798
b2b-all-7475926-3-212hdt-d,b2b-all-7475926-3-212hdt-d-1671,b2b-all-7475926-3-212hdt-d-6660,freight-hdt-D-Diesel-Baseline,1232,-122.34812593985978,47.61263794401798
b2b-all-7475926-3-212hdt-d,b2b-all-7475926-3-212hdt-d-1672,b2b-all-7475926-3-212hdt-d-6661,freight-hdt-D-Diesel-Baseline,1232,-122.34812593985978,47.61263794401798
b2b-all-7475926-3-213hdt-d,b2b-all-7475926-3-213hdt-d-1673,b2b-all-7475926-3-213hdt-d-6697,freight-hdt-D-Diesel-Baseline,1232,-122.34812593985978,47.61263794401798
b2b-all-7475926-3-213hdt-d,b2b-all-7475926-3-213hdt-d-1674,b2b-all-7475926-3-213hdt-d-6698,freight-hdt-D-Diesel-Baseline,1232,-122.34812593985978,47.61263794401798
b2b-all-7475926-3-213hdt-d,b2b-all-7475926-3-213hdt-d-1675,b2b-all-7475926-3-213hdt-d-6699,freight-hdt-D-Diesel-Baseline,1232,-122.34812593985978,47.61263794401798
b2b-all-7475926-3-213hdt-d,b2b-all-7475926-3-213hdt-d-1676,b2b-all-7475926-3-213hdt-d-6700,freight-hdt-D-Diesel-Baseline,1232,-122.34812593985978,47.61263794401798
b2b-all-7475926-3-213hdt-d,b2b-all-7475926-3-213hdt-d-1677,b2b-all-7475926-3-213hdt-d-6701,freight-hdt-D-Diesel-Baseline,1232,-122.34812593985978,47.61263794401798
b2b-all-7475926-3-213hdt-d,b2b-all-7475926-3-213hdt-d-1678,b2b-all-7475926-3-213hdt-d-6702,freight-hdt-D-Diesel-Baseline,1232,-122.34812593985978,47.61263794401798
b2b-all-7475926-3-213hdt-d,b2b-all-7475926-3-213hdt-d-1679,b2b-all-7475926-3-213hdt-d-6703,freight-hdt-D-Diesel-Baseline,1232,-122.34812593985978,47.61263794401798
b2b-all-7475926-3-213hdv-d,b2b-all-7475926-3-213hdv-d-1680,b2b-all-7475926-3-213hdv-d-6745,freight-hdv-D-Diesel-Baseline,1232,-122.34812593985978,47.61263794401798
b2b-all-7475934-1-214md-d,b2b-all-7475934-1-214md-d-1681,b2b-all-7475934-1-214md-d-6785,freight-md-D-Diesel-Baseline,3191,-122.48240942711132,47.05796598200305
b2b-all-7475934-1-214md-d,b2b-all-7475934-1-214md-d-1682,b2b-all-7475934-1-214md-d-6786,freight-md-D-Diesel-Baseline,3191,-122.48240942711132,47.05796598200305
b2b-all-7475934-1-214md-d,b2b-all-7475934-1-214md-d-1683,b2b-all-7475934-1-214md-d-6787,freight-md-D-Diesel-Baseline,3191,-122.48240942711132,47.05796598200305
b2b-all-7475934-1-214md-d,b2b-all-7475934-1-214md-d-1684,b2b-all-7475934-1-214md-d-6788,freight-md-D-Diesel-Baseline,3191,-122.48240942711132,47.05796598200305
b2b-all-7475934-1-214md-d,b2b-all-7475934-1-214md-d-1685,b2b-all-7475934-1-214md-d-6789,freight-md-D-Diesel-Baseline,3191,-122.48240942711132,47.05796598200305
b2b-all-7475934-1-214md-d,b2b-all-7475934-1-214md-d-1686,b2b-all-7475934-1-214md-d-6790,freight-md-D-Diesel-Baseline,3191,-122.48240942711132,47.05796598200305
b2b-all-7480555-1-215md-d,b2b-all-7480555-1-215md-d-1687,b2b-all-7480555-1-215md-d-6812,freight-md-D-Diesel-Baseline,1825,-122.4813026286595,47.40076524325528
b2b-all-7480555-1-215md-d,b2b-all-7480555-1-215md-d-1688,b2b-all-7480555-1-215md-d-6813,freight-md-D-Diesel-Baseline,1825,-122.4813026286595,47.40076524325528
b2b-all-7480555-1-215md-d,b2b-all-7480555-1-215md-d-1689,b2b-all-7480555-1-215md-d-6814,freight-md-D-Diesel-Baseline,1825,-122.4813026286595,47.40076524325528
b2b-all-7480555-1-215md-d,b2b-all-7480555-1-215md-d-1690,b2b-all-7480555-1-215md-d-6815,freight-md-D-Diesel-Baseline,1825,-122.4813026286595,47.40076524325528
b2b-all-7480555-1-215md-d,b2b-all-7480555-1-215md-d-1691,b2b-all-7480555-1-215md-d-6816,freight-md-D-Diesel-Baseline,1825,-122.4813026286595,47.40076524325528
b2b-all-7480555-1-215md-d,b2b-all-7480555-1-215md-d-1692,b2b-all-7480555-1-215md-d-6817,freight-md-D-Diesel-Baseline,1825,-122.4813026286595,47.40076524325528
b2b-all-7480562-2-216md-d,b2b-all-7480562-2-216md-d-1693,b2b-all-7480562-2-216md-d-6848,freight-md-D-Diesel-Baseline,3858,-122.33460113130307,48.27659681424254
b2b-all-7480562-2-216md-d,b2b-all-7480562-2-216md-d-1694,b2b-all-7480562-2-216md-d-6849,freight-md-D-Diesel-Baseline,3858,-122.33460113130307,48.27659681424254
b2b-all-7480562-2-216md-d,b2b-all-7480562-2-216md-d-1695,b2b-all-7480562-2-216md-d-6850,freight-md-D-Diesel-Baseline,3858,-122.33460113130307,48.27659681424254
b2b-all-7480562-2-216md-d,b2b-all-7480562-2-216md-d-1696,b2b-all-7480562-2-216md-d-6851,freight-md-D-Diesel-Baseline,3858,-122.33460113130307,48.27659681424254
b2b-all-7480562-2-216md-d,b2b-all-7480562-2-216md-d-1697,b2b-all-7480562-2-216md-d-6852,freight-md-D-Diesel-Baseline,3858,-122.33460113130307,48.27659681424254
b2b-all-7480562-2-216md-d,b2b-all-7480562-2-216md-d-1698,b2b-all-7480562-2-216md-d-6853,freight-md-D-Diesel-Baseline,3858,-122.33460113130307,48.27659681424254
b2b-all-7480562-2-216hdv-d,b2b-all-7480562-2-216hdv-d-1699,b2b-all-7480562-2-216hdv-d-6864,freight-hdv-D-Diesel-Baseline,3858,-122.33460113130307,48.27659681424254
b2b-all-752171-2-217hdt-d,b2b-all-752171-2-217hdt-d-1700,b2b-all-752171-2-217hdt-d-6899,freight-hdt-D-Diesel-Baseline,1989,-122.31963810287168,47.35307556509242
b2b-all-752171-2-217hdt-d,b2b-all-752171-2-217hdt-d-1701,b2b-all-752171-2-217hdt-d-6900,freight-hdt-D-Diesel-Baseline,1989,-122.31963810287168,47.35307556509242
b2b-all-752178-2-218hdv-d-0,b2b-all-752178-2-218hdv-d-0-1702,b2b-all-752178-2-218hdv-d-0-6921,freight-hdv-D-Diesel-Baseline,1831,-122.33570756433664,47.46690999365867
b2b-all-752178-2-218hdv-d-0,b2b-all-752178-2-218hdv-d-0-1703,b2b-all-752178-2-218hdv-d-0-6922,freight-hdv-D-Diesel-Baseline,1831,-122.33570756433664,47.46690999365867
b2b-all-752178-2-218hdv-d-0,b2b-all-752178-2-218hdv-d-0-1704,b2b-all-752178-2-218hdv-d-0-6923,freight-hdv-D-Diesel-Baseline,1831,-122.33570756433664,47.46690999365867
b2b-all-752178-2-218hdv-d-0,b2b-all-752178-2-218hdv-d-0-1705,b2b-all-752178-2-218hdv-d-0-6927,freight-hdv-D-Diesel-Baseline,1831,-122.33570756433664,47.46690999365867
b2b-all-752178-2-218hdv-d-0,b2b-all-752178-2-218hdv-d-0-1706,b2b-all-752178-2-218hdv-d-0-6928,freight-hdv-D-Diesel-Baseline,1831,-122.33570756433664,47.46690999365867
b2b-all-752178-2-218hdv-d-1,b2b-all-752178-2-218hdv-d-1-1707,b2b-all-752178-2-218hdv-d-1-6944,freight-hdv-D-Diesel-Baseline,1831,-122.33570756433664,47.46690999365867
b2b-all-752178-2-218hdv-d-1,b2b-all-752178-2-218hdv-d-1-1708,b2b-all-752178-2-218hdv-d-1-6945,freight-hdv-D-Diesel-Baseline,1831,-122.33570756433664,47.46690999365867
b2b-all-752178-2-218hdv-d-1,b2b-all-752178-2-218hdv-d-1-1709,b2b-all-752178-2-218hdv-d-1-6946,freight-hdv-D-Diesel-Baseline,1831,-122.33570756433664,47.46690999365867
b2b-all-752178-2-218hdv-d-1,b2b-all-752178-2-218hdv-d-1-1710,b2b-all-752178-2-218hdv-d-1-6950,freight-hdv-D-Diesel-Baseline,1831,-122.33570756433664,47.46690999365867
b2b-all-752178-2-218hdv-d-1,b2b-all-752178-2-218hdv-d-1-1711,b2b-all-752178-2-218hdv-d-1-6951,freight-hdv-D-Diesel-Baseline,1831,-122.33570756433664,47.46690999365867
b2b-all-752178-2-218hdv-d-2,b2b-all-752178-2-218hdv-d-2-1712,b2b-all-752178-2-218hdv-d-2-6967,freight-hdv-D-Diesel-Baseline,1831,-122.33570756433664,47.46690999365867
b2b-all-752178-2-218hdv-d-2,b2b-all-752178-2-218hdv-d-2-1713,b2b-all-752178-2-218hdv-d-2-6968,freight-hdv-D-Diesel-Baseline,1831,-122.33570756433664,47.46690999365867
b2b-all-752178-2-218hdv-d-2,b2b-all-752178-2-218hdv-d-2-1714,b2b-all-752178-2-218hdv-d-2-6969,freight-hdv-D-Diesel-Baseline,1831,-122.33570756433664,47.46690999365867
b2b-all-752178-2-218hdv-d-2,b2b-all-752178-2-218hdv-d-2-1715,b2b-all-752178-2-218hdv-d-2-6973,freight-hdv-D-Diesel-Baseline,1831,-122.33570756433664,47.46690999365867
b2b-all-752178-2-218hdv-d-2,b2b-all-752178-2-218hdv-d-2-1716,b2b-all-752178-2-218hdv-d-2-6974,freight-hdv-D-Diesel-Baseline,1831,-122.33570756433664,47.46690999365867
b2b-all-752178-2-218hdv-d-3,b2b-all-752178-2-218hdv-d-3-1717,b2b-all-752178-2-218hdv-d-3-6990,freight-hdv-D-Diesel-Baseline,1831,-122.33570756433664,47.46690999365867
b2b-all-752178-2-218hdv-d-3,b2b-all-752178-2-218hdv-d-3-1718,b2b-all-752178-2-218hdv-d-3-6991,freight-hdv-D-Diesel-Baseline,1831,-122.33570756433664,47.46690999365867
b2b-all-752178-2-218hdv-d-3,b2b-all-752178-2-218hdv-d-3-1719,b2b-all-752178-2-218hdv-d-3-6992,freight-hdv-D-Diesel-Baseline,1831,-122.33570756433664,47.46690999365867
b2b-all-752178-2-218hdv-d-3,b2b-all-752178-2-218hdv-d-3-1720,b2b-all-752178-2-218hdv-d-3-6996,freight-hdv-D-Diesel-Baseline,1831,-122.33570756433664,47.46690999365867
b2b-all-752178-2-219hdv-d,b2b-all-752178-2-219hdv-d-1721,b2b-all-752178-2-219hdv-d-7043,freight-hdv-D-Diesel-Baseline,1831,-122.33570756433664,47.46690999365867
b2b-all-752182-1-220md-d,b2b-all-752182-1-220md-d-1722,b2b-all-752182-1-220md-d-7069,freight-md-D-Diesel-Baseline,1239,-122.3262568860984,47.60830073700851
b2b-all-752198-1-221md-d,b2b-all-752198-1-221md-d-1723,b2b-all-752198-1-221md-d-7089,freight-md-D-Diesel-Baseline,1851,-122.30357030310113,47.43982148514564
b2b-all-752198-1-221md-d,b2b-all-752198-1-221md-d-1724,b2b-all-752198-1-221md-d-7090,freight-md-D-Diesel-Baseline,1851,-122.30357030310113,47.43982148514564
b2b-all-752198-1-222md-d,b2b-all-752198-1-222md-d-1725,b2b-all-752198-1-222md-d-7111,freight-md-D-Diesel-Baseline,1851,-122.30357030310113,47.43982148514564
b2b-all-752211-2-223hdv-d,b2b-all-752211-2-223hdv-d-1726,b2b-all-752211-2-223hdv-d-7127,freight-hdv-D-Diesel-Baseline,1708,-122.15783037473471,47.49373606836695
b2b-all-752228-1-224hdv-d,b2b-all-752228-1-224hdv-d-1727,b2b-all-752228-1-224hdv-d-7148,freight-hdv-D-Diesel-Baseline,1047,-122.3700973847282,47.676439754676274
b2b-all-752280-1-225hdt-d,b2b-all-752280-1-225hdt-d-1728,b2b-all-752280-1-225hdt-d-7159,freight-hdt-D-Diesel-Baseline,1135,-122.39689659271158,47.64604738775803
b2b-all-752280-1-225hdt-d,b2b-all-752280-1-225hdt-d-1729,b2b-all-752280-1-225hdt-d-7164,freight-hdt-D-Diesel-Baseline,1135,-122.39689659271158,47.64604738775803
b2b-all-752280-1-226hdt-d,b2b-all-752280-1-226hdt-d-1730,b2b-all-752280-1-226hdt-d-7185,freight-hdt-D-Diesel-Baseline,1135,-122.39689659271158,47.64604738775803
b2b-all-752293-1-227hdv-d,b2b-all-752293-1-227hdv-d-1731,b2b-all-752293-1-227hdv-d-7211,freight-hdv-D-Diesel-Baseline,1668,-122.1790944404203,47.56180184345858
b2b-all-756339-1-228hdt-d,b2b-all-756339-1-228hdt-d-1732,b2b-all-756339-1-228hdt-d-7227,freight-hdt-D-Diesel-Baseline,5897,-123.21550111052947,44.80748760973425
b2b-all-757212-1-229hdt-d,b2b-all-757212-1-229hdt-d-1733,b2b-all-757212-1-229hdt-d-7248,freight-hdt-D-Diesel-Baseline,1231,-122.34404596920416,47.612559524909386
b2b-all-757230-1-230hdv-d,b2b-all-757230-1-230hdv-d-1734,b2b-all-757230-1-230hdv-d-7274,freight-hdv-D-Diesel-Baseline,2267,-121.96360637397932,47.626205275626695
b2b-all-760195-3-231hdt-d,b2b-all-760195-3-231hdt-d-1735,b2b-all-760195-3-231hdt-d-7285,freight-hdt-D-Diesel-Baseline,1300,-122.36506257146752,47.573850494334266
b2b-all-760195-3-231hdt-d,b2b-all-760195-3-231hdt-d-1736,b2b-all-760195-3-231hdt-d-7286,freight-hdt-D-Diesel-Baseline,1300,-122.36506257146752,47.573850494334266
b2b-all-760195-3-231hdt-d,b2b-all-760195-3-231hdt-d-1737,b2b-all-760195-3-231hdt-d-7287,freight-hdt-D-Diesel-Baseline,1300,-122.36506257146752,47.573850494334266
b2b-all-760195-3-231hdt-d,b2b-all-760195-3-231hdt-d-1738,b2b-all-760195-3-231hdt-d-7288,freight-hdt-D-Diesel-Baseline,1300,-122.36506257146752,47.573850494334266
b2b-all-760195-3-231hdt-d,b2b-all-760195-3-231hdt-d-1739,b2b-all-760195-3-231hdt-d-7289,freight-hdt-D-Diesel-Baseline,1300,-122.36506257146752,47.573850494334266
b2b-all-760195-3-231hdt-d,b2b-all-760195-3-231hdt-d-1740,b2b-all-760195-3-231hdt-d-7290,freight-hdt-D-Diesel-Baseline,1300,-122.36506257146752,47.573850494334266
b2b-all-760195-3-231hdt-d,b2b-all-760195-3-231hdt-d-1741,b2b-all-760195-3-231hdt-d-7291,freight-hdt-D-Diesel-Baseline,1300,-122.36506257146752,47.573850494334266
b2b-all-760195-3-231hdt-d,b2b-all-760195-3-231hdt-d-1742,b2b-all-760195-3-231hdt-d-7294,freight-hdt-D-Diesel-Baseline,1300,-122.36506257146752,47.573850494334266
b2b-all-760195-3-231hdt-d,b2b-all-760195-3-231hdt-d-1743,b2b-all-760195-3-231hdt-d-7295,freight-hdt-D-Diesel-Baseline,1300,-122.36506257146752,47.573850494334266
b2b-all-760195-3-231hdt-d,b2b-all-760195-3-231hdt-d-1744,b2b-all-760195-3-231hdt-d-7298,freight-hdt-D-Diesel-Baseline,1300,-122.36506257146752,47.573850494334266
b2b-all-760195-3-232hdt-d,b2b-all-760195-3-232hdt-d-1745,b2b-all-760195-3-232hdt-d-7327,freight-hdt-D-Diesel-Baseline,1300,-122.36506257146752,47.573850494334266
b2b-all-760202-4-233hdv-d,b2b-all-760202-4-233hdv-d-1746,b2b-all-760202-4-233hdv-d-7353,freight-hdv-D-Diesel-Baseline,2349,-121.15890337079328,47.65183855784806
b2b-all-760202-4-233hdv-d,b2b-all-760202-4-233hdv-d-1747,b2b-all-760202-4-233hdv-d-7354,freight-hdv-D-Diesel-Baseline,2349,-121.15890337079328,47.65183855784806
b2b-all-762122-4-234hdv-d,b2b-all-762122-4-234hdv-d-1748,b2b-all-762122-4-234hdv-d-7370,freight-hdv-D-Diesel-Baseline,1300,-122.34948047574048,47.56846544708284
b2b-all-762122-4-235hdv-d,b2b-all-762122-4-235hdv-d-1749,b2b-all-762122-4-235hdv-d-7396,freight-hdv-D-Diesel-Baseline,1300,-122.34948047574048,47.56846544708284
b2b-all-762125-3-236hdv-d,b2b-all-762125-3-236hdv-d-1750,b2b-all-762125-3-236hdv-d-7418,freight-hdv-D-Diesel-Baseline,3191,-122.48240942711132,47.05796598200305
b2b-all-762382-3-237hdv-d,b2b-all-762382-3-237hdv-d-1751,b2b-all-762382-3-237hdv-d-7439,freight-hdv-D-Diesel-Baseline,3191,-122.48240942711132,47.05796598200305
b2b-all-762382-3-237hdv-d,b2b-all-762382-3-237hdv-d-1752,b2b-all-762382-3-237hdv-d-7440,freight-hdv-D-Diesel-Baseline,3191,-122.48240942711132,47.05796598200305
b2b-all-762897-3-238hdt-d,b2b-all-762897-3-238hdt-d-1753,b2b-all-762897-3-238hdt-d-7456,freight-hdt-D-Diesel-Baseline,1222,-122.306491094802,47.61707268444057
b2b-all-762897-3-238hdt-d,b2b-all-762897-3-238hdt-d-1754,b2b-all-762897-3-238hdt-d-7457,freight-hdt-D-Diesel-Baseline,1222,-122.306491094802,47.61707268444057
b2b-all-762897-3-238hdt-d,b2b-all-762897-3-238hdt-d-1755,b2b-all-762897-3-238hdt-d-7458,freight-hdt-D-Diesel-Baseline,1222,-122.306491094802,47.61707268444057
b2b-all-762897-3-238hdt-d,b2b-all-762897-3-238hdt-d-1756,b2b-all-762897-3-238hdt-d-7459,freight-hdt-D-Diesel-Baseline,1222,-122.306491094802,47.61707268444057
b2b-all-762897-3-238hdt-d,b2b-all-762897-3-238hdt-d-1757,b2b-all-762897-3-238hdt-d-7460,freight-hdt-D-Diesel-Baseline,1222,-122.306491094802,47.61707268444057
b2b-all-763904-2-239hdv-d,b2b-all-763904-2-239hdv-d-1758,b2b-all-763904-2-239hdv-d-7488,freight-hdv-D-Diesel-Baseline,1118,-122.31203206463344,47.66305205497166
b2b-all-763904-2-240hdv-d,b2b-all-763904-2-240hdv-d-1759,b2b-all-763904-2-240hdv-d-7511,freight-hdv-D-Diesel-Baseline,1118,-122.31203206463344,47.66305205497166
b2b-all-763905-3-241hdt-d,b2b-all-763905-3-241hdt-d-1760,b2b-all-763905-3-241hdt-d-7526,freight-hdt-D-Diesel-Baseline,1905,-122.22399404453664,47.392008065432414
b2b-all-763905-3-241hdt-d,b2b-all-763905-3-241hdt-d-1761,b2b-all-763905-3-241hdt-d-7527,freight-hdt-D-Diesel-Baseline,1905,-122.22399404453664,47.392008065432414
b2b-all-763908-2-242hdt-d,b2b-all-763908-2-242hdt-d-1762,b2b-all-763908-2-242hdt-d-7552,freight-hdt-D-Diesel-Baseline,1002,-122.31618632161856,47.69854548932854
b2b-all-764739-1-243md-d,b2b-all-764739-1-243md-d-1763,b2b-all-764739-1-243md-d-7578,freight-md-D-Diesel-Baseline,5885,-123.12917480974409,44.98433170990787
b2b-all-764739-3-244hdt-d,b2b-all-764739-3-244hdt-d-1764,b2b-all-764739-3-244hdt-d-7594,freight-hdt-D-Diesel-Baseline,5885,-123.12917480974409,44.98433170990787
b2b-all-764886-1-245md-d,b2b-all-764886-1-245md-d-1765,b2b-all-764886-1-245md-d-7620,freight-md-D-Diesel-Baseline,1724,-122.18134101269932,47.49154117369403
b2b-all-765650-1-246hdt-d,b2b-all-765650-1-246hdt-d-1766,b2b-all-765650-1-246hdt-d-7636,freight-hdt-D-Diesel-Baseline,2202,-122.0477025812856,47.38589470448234
b2b-all-765651-1-247md-d,b2b-all-765651-1-247md-d-1767,b2b-all-765651-1-247md-d-7662,freight-md-D-Diesel-Baseline,1616,-122.16565008988827,47.620563287434
b2b-all-765651-1-248md-d,b2b-all-765651-1-248md-d-1768,b2b-all-765651-1-248md-d-7684,freight-md-D-Diesel-Baseline,1616,-122.16565008988827,47.620563287434
b2b-all-766941-2-249hdt-d,b2b-all-766941-2-249hdt-d-1769,b2b-all-766941-2-249hdt-d-7700,freight-hdt-D-Diesel-Baseline,5896,-123.29940370469836,44.766457367506206
b2b-all-767433-2-250hdt-d,b2b-all-767433-2-250hdt-d-1770,b2b-all-767433-2-250hdt-d-7725,freight-hdt-D-Diesel-Baseline,1146,-122.37565902517252,47.65881020197306
b2b-all-767433-2-250hdv-d,b2b-all-767433-2-250hdv-d-1771,b2b-all-767433-2-250hdv-d-7765,freight-hdv-D-Diesel-Baseline,1146,-122.37565902517252,47.65881020197306
b2b-all-768035-2-251hdv-d,b2b-all-768035-2-251hdv-d-1772,b2b-all-768035-2-251hdv-d-7786,freight-hdv-D-Diesel-Baseline,5885,-123.12917480974409,44.98433170990787
b2b-all-768213-1-252hdt-d,b2b-all-768213-1-252hdt-d-1773,b2b-all-768213-1-252hdt-d-7806,freight-hdt-D-Diesel-Baseline,1819,-122.45563101209514,47.45965716762929
b2b-all-768213-1-253hdt-d,b2b-all-768213-1-253hdt-d-1774,b2b-all-768213-1-253hdt-d-7831,freight-hdt-D-Diesel-Baseline,1819,-122.45563101209514,47.45965716762929
b2b-all-768222-2-254hdt-d,b2b-all-768222-2-254hdt-d-1775,b2b-all-768222-2-254hdt-d-7856,freight-hdt-D-Diesel-Baseline,5885,-123.12917480974409,44.98433170990787
b2b-all-768227-2-255hdt-d,b2b-all-768227-2-255hdt-d-1776,b2b-all-768227-2-255hdt-d-7877,freight-hdt-D-Diesel-Baseline,3205,-122.47266831305922,46.8934296551068
b2b-all-768741-3-256hdt-d,b2b-all-768741-3-256hdt-d-1777,b2b-all-768741-3-256hdt-d-7898,freight-hdt-D-Diesel-Baseline,2081,-122.2219069584532,47.28549955941487
b2b-all-772884-1-257md-d,b2b-all-772884-1-257md-d-1778,b2b-all-772884-1-257md-d-7929,freight-md-D-Diesel-Baseline,1870,-122.29860358877364,47.417719882287976
b2b-all-773999-1-258hdt-d,b2b-all-773999-1-258hdt-d-1779,b2b-all-773999-1-258hdt-d-7942,freight-hdt-D-Diesel-Baseline,1260,-122.30502910089416,47.5959149218377
b2b-all-779072-2-259hdt-d,b2b-all-779072-2-259hdt-d-1780,b2b-all-779072-2-259hdt-d-7967,freight-hdt-D-Diesel-Baseline,5897,-123.21550111052947,44.80748760973425
b2b-all-779072-2-259hdt-d,b2b-all-779072-2-259hdt-d-1781,b2b-all-779072-2-259hdt-d-7968,freight-hdt-D-Diesel-Baseline,5897,-123.21550111052947,44.80748760973425
b2b-all-782073-3-260hdt-d-0,b2b-all-782073-3-260hdt-d-0-1782,b2b-all-782073-3-260hdt-d-0-7984,freight-hdt-D-Diesel-Baseline,1555,-122.18587889091722,47.67169772638755
b2b-all-782073-3-260hdt-d-0,b2b-all-782073-3-260hdt-d-0-1783,b2b-all-782073-3-260hdt-d-0-7994,freight-hdt-D-Diesel-Baseline,1555,-122.18587889091722,47.67169772638755
b2b-all-782073-3-260hdt-d-0,b2b-all-782073-3-260hdt-d-0-1784,b2b-all-782073-3-260hdt-d-0-7995,freight-hdt-D-Diesel-Baseline,1555,-122.18587889091722,47.67169772638755
b2b-all-782073-3-260hdt-d-0,b2b-all-782073-3-260hdt-d-0-1785,b2b-all-782073-3-260hdt-d-0-7996,freight-hdt-D-Diesel-Baseline,1555,-122.18587889091722,47.67169772638755
b2b-all-782073-3-260hdt-d-0,b2b-all-782073-3-260hdt-d-0-1786,b2b-all-782073-3-260hdt-d-0-7997,freight-hdt-D-Diesel-Baseline,1555,-122.18587889091722,47.67169772638755
b2b-all-782073-3-260hdt-d-0,b2b-all-782073-3-260hdt-d-0-1787,b2b-all-782073-3-260hdt-d-0-7998,freight-hdt-D-Diesel-Baseline,1555,-122.18587889091722,47.67169772638755
b2b-all-782073-3-260hdt-d-0,b2b-all-782073-3-260hdt-d-0-1788,b2b-all-782073-3-260hdt-d-0-7999,freight-hdt-D-Diesel-Baseline,1555,-122.18587889091722,47.67169772638755
b2b-all-782073-3-260hdt-d-0,b2b-all-782073-3-260hdt-d-0-1789,b2b-all-782073-3-260hdt-d-0-8000,freight-hdt-D-Diesel-Baseline,1555,-122.18587889091722,47.67169772638755
b2b-all-782073-3-260hdt-d-0,b2b-all-782073-3-260hdt-d-0-1790,b2b-all-782073-3-260hdt-d-0-8001,freight-hdt-D-Diesel-Baseline,1555,-122.18587889091722,47.67169772638755
b2b-all-782073-3-260hdt-d-0,b2b-all-782073-3-260hdt-d-0-1791,b2b-all-782073-3-260hdt-d-0-8002,freight-hdt-D-Diesel-Baseline,1555,-122.18587889091722,47.67169772638755
b2b-all-782073-3-260hdt-d-0,b2b-all-782073-3-260hdt-d-0-1792,b2b-all-782073-3-260hdt-d-0-8003,freight-hdt-D-Diesel-Baseline,1555,-122.18587889091722,47.67169772638755
b2b-all-782073-3-260hdt-d-0,b2b-all-782073-3-260hdt-d-0-1793,b2b-all-782073-3-260hdt-d-0-8004,freight-hdt-D-Diesel-Baseline,1555,-122.18587889091722,47.67169772638755
b2b-all-782073-3-260hdt-d-0,b2b-all-782073-3-260hdt-d-0-1794,b2b-all-782073-3-260hdt-d-0-8005,freight-hdt-D-Diesel-Baseline,1555,-122.18587889091722,47.67169772638755
b2b-all-782073-3-260hdt-d-0,b2b-all-782073-3-260hdt-d-0-1795,b2b-all-782073-3-260hdt-d-0-8007,freight-hdt-D-Diesel-Baseline,1555,-122.18587889091722,47.67169772638755
b2b-all-782073-3-260hdt-d-1,b2b-all-782073-3-260hdt-d-1-1796,b2b-all-782073-3-260hdt-d-1-8046,freight-hdt-D-Diesel-Baseline,1555,-122.18587889091722,47.67169772638755
b2b-all-782073-3-261hdt-d,b2b-all-782073-3-261hdt-d-1797,b2b-all-782073-3-261hdt-d-8084,freight-hdt-D-Diesel-Baseline,1555,-122.18587889091722,47.67169772638755
b2b-all-782073-3-261hdt-d,b2b-all-782073-3-261hdt-d-1798,b2b-all-782073-3-261hdt-d-8085,freight-hdt-D-Diesel-Baseline,1555,-122.18587889091722,47.67169772638755
b2b-all-784903-1-262md-d,b2b-all-784903-1-262md-d-1799,b2b-all-784903-1-262md-d-8121,freight-md-D-Diesel-Baseline,1520,-122.22639246390588,47.74427981579663
b2b-all-784903-1-262md-d,b2b-all-784903-1-262md-d-1800,b2b-all-784903-1-262md-d-8122,freight-md-D-Diesel-Baseline,1520,-122.22639246390588,47.74427981579663
b2b-all-784903-1-262md-d,b2b-all-784903-1-262md-d-1801,b2b-all-784903-1-262md-d-8123,freight-md-D-Diesel-Baseline,1520,-122.22639246390588,47.74427981579663
b2b-all-784903-1-262md-d,b2b-all-784903-1-262md-d-1802,b2b-all-784903-1-262md-d-8124,freight-md-D-Diesel-Baseline,1520,-122.22639246390588,47.74427981579663
b2b-all-784903-1-262md-d,b2b-all-784903-1-262md-d-1803,b2b-all-784903-1-262md-d-8125,freight-md-D-Diesel-Baseline,1520,-122.22639246390588,47.74427981579663
b2b-all-788753-1-263hdv-d,b2b-all-788753-1-263hdv-d-1804,b2b-all-788753-1-263hdv-d-8141,freight-hdv-D-Diesel-Baseline,1726,-122.17452809478884,47.49177607031588
b2b-all-788753-1-264hdv-d,b2b-all-788753-1-264hdv-d-1805,b2b-all-788753-1-264hdv-d-8162,freight-hdv-D-Diesel-Baseline,1726,-122.17452809478884,47.49177607031588
b2b-all-788754-1-265md-d,b2b-all-788754-1-265md-d-1806,b2b-all-788754-1-265md-d-8188,freight-md-D-Diesel-Baseline,1769,-122.2236351598166,47.46349595387813
b2b-all-791179-1-266md-d,b2b-all-791179-1-266md-d-1807,b2b-all-791179-1-266md-d-8209,freight-md-D-Diesel-Baseline,1197,-122.33718210039687,47.617679209151255
b2b-all-792063-2-267md-d,b2b-all-792063-2-267md-d-1808,b2b-all-792063-2-267md-d-8235,freight-md-D-Diesel-Baseline,1721,-122.21565324795743,47.47251346809886
b2b-all-792063-2-267md-d,b2b-all-792063-2-267md-d-1809,b2b-all-792063-2-267md-d-8236,freight-md-D-Diesel-Baseline,1721,-122.21565324795743,47.47251346809886
b2b-all-792063-2-267md-d,b2b-all-792063-2-267md-d-1810,b2b-all-792063-2-267md-d-8243,freight-md-D-Diesel-Baseline,1721,-122.21565324795743,47.47251346809886
b2b-all-792063-2-267md-d,b2b-all-792063-2-267md-d-1811,b2b-all-792063-2-267md-d-8244,freight-md-D-Diesel-Baseline,1721,-122.21565324795743,47.47251346809886
b2b-all-792063-2-267hdt-d,b2b-all-792063-2-267hdt-d-1812,b2b-all-792063-2-267hdt-d-8250,freight-hdt-D-Diesel-Baseline,1721,-122.21565324795743,47.47251346809886
b2b-all-792063-2-267hdt-d,b2b-all-792063-2-267hdt-d-1813,b2b-all-792063-2-267hdt-d-8251,freight-hdt-D-Diesel-Baseline,1721,-122.21565324795743,47.47251346809886
b2b-all-792063-2-267hdt-d,b2b-all-792063-2-267hdt-d-1814,b2b-all-792063-2-267hdt-d-8259,freight-hdt-D-Diesel-Baseline,1721,-122.21565324795743,47.47251346809886
b2b-all-792063-2-267hdv-d,b2b-all-792063-2-267hdv-d-1815,b2b-all-792063-2-267hdv-d-8304,freight-hdv-D-Diesel-Baseline,1721,-122.21565324795743,47.47251346809886
b2b-all-792063-2-268md-d,b2b-all-792063-2-268md-d-1816,b2b-all-792063-2-268md-d-8348,freight-md-D-Diesel-Baseline,1721,-122.21565324795743,47.47251346809886
b2b-all-792063-2-268md-d,b2b-all-792063-2-268md-d-1817,b2b-all-792063-2-268md-d-8349,freight-md-D-Diesel-Baseline,1721,-122.21565324795743,47.47251346809886
b2b-all-792063-2-268hdt-d,b2b-all-792063-2-268hdt-d-1818,b2b-all-792063-2-268hdt-d-8364,freight-hdt-D-Diesel-Baseline,1721,-122.21565324795743,47.47251346809886
b2b-all-795430-1-269md-d,b2b-all-795430-1-269md-d-1819,b2b-all-795430-1-269md-d-8405,freight-md-D-Diesel-Baseline,1499,-122.15589777173832,47.74314099937968
b2b-all-795434-1-270md-d,b2b-all-795434-1-270md-d-1820,b2b-all-795434-1-270md-d-8426,freight-md-D-Diesel-Baseline,1534,-122.23381824234664,47.71332352411218
b2b-all-795434-1-270md-d,b2b-all-795434-1-270md-d-1821,b2b-all-795434-1-270md-d-8427,freight-md-D-Diesel-Baseline,1534,-122.23381824234664,47.71332352411218
b2b-all-795434-1-271md-d,b2b-all-795434-1-271md-d-1822,b2b-all-795434-1-271md-d-8448,freight-md-D-Diesel-Baseline,1534,-122.23381824234664,47.71332352411218
b2b-all-795434-1-271md-d,b2b-all-795434-1-271md-d-1823,b2b-all-795434-1-271md-d-8449,freight-md-D-Diesel-Baseline,1534,-122.23381824234664,47.71332352411218
b2b-all-797438-2-272hdt-d,b2b-all-797438-2-272hdt-d-1824,b2b-all-797438-2-272hdt-d-8460,freight-hdt-D-Diesel-Baseline,1762,-122.22709794638683,47.492002123841374
b2b-all-797446-1-273hdt-d,b2b-all-797446-1-273hdt-d-1825,b2b-all-797446-1-273hdt-d-8485,freight-hdt-D-Diesel-Baseline,1102,-122.34748898690044,47.64895118419642
b2b-all-8054117-1-274md-d,b2b-all-8054117-1-274md-d-1826,b2b-all-8054117-1-274md-d-8520,freight-md-D-Diesel-Baseline,1119,-122.3152069496718,47.65835749901537
b2b-all-8054117-1-274md-d,b2b-all-8054117-1-274md-d-1827,b2b-all-8054117-1-274md-d-8521,freight-md-D-Diesel-Baseline,1119,-122.3152069496718,47.65835749901537
b2b-all-8054117-1-274md-d,b2b-all-8054117-1-274md-d-1828,b2b-all-8054117-1-274md-d-8522,freight-md-D-Diesel-Baseline,1119,-122.3152069496718,47.65835749901537
b2b-all-8054117-1-274md-d,b2b-all-8054117-1-274md-d-1829,b2b-all-8054117-1-274md-d-8523,freight-md-D-Diesel-Baseline,1119,-122.3152069496718,47.65835749901537
b2b-all-8054117-1-274md-d,b2b-all-8054117-1-274md-d-1830,b2b-all-8054117-1-274md-d-8524,freight-md-D-Diesel-Baseline,1119,-122.3152069496718,47.65835749901537
b2b-all-8054117-1-274md-d,b2b-all-8054117-1-274md-d-1831,b2b-all-8054117-1-274md-d-8525,freight-md-D-Diesel-Baseline,1119,-122.3152069496718,47.65835749901537
b2b-all-8055287-5-275hdv-d,b2b-all-8055287-5-275hdv-d-1832,b2b-all-8055287-5-275hdv-d-8545,freight-hdv-D-Diesel-Baseline,1856,-122.31652068232988,47.43497547658828
b2b-all-8055287-5-275hdv-e,b2b-all-8055287-5-275hdv-e-1833,b2b-all-8055287-5-275hdv-e-8582,freight-hdv-E-BE-Baseline,1856,-122.31652068232988,47.43497547658828
b2b-all-8055291-4-276hdv-d,b2b-all-8055291-4-276hdv-d-1834,b2b-all-8055291-4-276hdv-d-8593,freight-hdv-D-Diesel-Baseline,1325,-122.30898794779824,47.55346726120536
b2b-all-8055291-4-276hdv-d,b2b-all-8055291-4-276hdv-d-1835,b2b-all-8055291-4-276hdv-d-8594,freight-hdv-D-Diesel-Baseline,1325,-122.30898794779824,47.55346726120536
b2b-all-820016-2-277hdv-d,b2b-all-820016-2-277hdv-d-1836,b2b-all-820016-2-277hdv-d-8615,freight-hdv-D-Diesel-Baseline,1829,-122.35837627716528,47.44996135452732
b2b-all-8215278-3-278hdt-d,b2b-all-8215278-3-278hdt-d-1837,b2b-all-8215278-3-278hdt-d-8635,freight-hdt-D-Diesel-Baseline,2912,-121.67229636954796,47.029490754728656
b2b-all-8215278-3-278hdt-d,b2b-all-8215278-3-278hdt-d-1838,b2b-all-8215278-3-278hdt-d-8636,freight-hdt-D-Diesel-Baseline,2912,-121.67229636954796,47.029490754728656
b2b-all-822295-1-279md-d,b2b-all-822295-1-279md-d-1839,b2b-all-822295-1-279md-d-8667,freight-md-D-Diesel-Baseline,5882,-123.14494409844396,44.98169645199568
b2b-all-825745-3-280hdt-d-0,b2b-all-825745-3-280hdt-d-0-1840,b2b-all-825745-3-280hdt-d-0-8673,freight-hdt-D-Diesel-Baseline,1016,-122.30926606742742,47.68976543647842
b2b-all-825745-3-280hdt-d-0,b2b-all-825745-3-280hdt-d-0-1841,b2b-all-825745-3-280hdt-d-0-8683,freight-hdt-D-Diesel-Baseline,1016,-122.30926606742742,47.68976543647842
b2b-all-825745-3-280hdt-d-0,b2b-all-825745-3-280hdt-d-0-1842,b2b-all-825745-3-280hdt-d-0-8684,freight-hdt-D-Diesel-Baseline,1016,-122.30926606742742,47.68976543647842
b2b-all-825745-3-280hdt-d-1,b2b-all-825745-3-280hdt-d-1-1843,b2b-all-825745-3-280hdt-d-1-8700,freight-hdt-D-Diesel-Baseline,1016,-122.30926606742742,47.68976543647842
b2b-all-825745-3-280hdt-d-1,b2b-all-825745-3-280hdt-d-1-1844,b2b-all-825745-3-280hdt-d-1-8710,freight-hdt-D-Diesel-Baseline,1016,-122.30926606742742,47.68976543647842
b2b-all-825745-3-280hdt-d-1,b2b-all-825745-3-280hdt-d-1-1845,b2b-all-825745-3-280hdt-d-1-8711,freight-hdt-D-Diesel-Baseline,1016,-122.30926606742742,47.68976543647842
b2b-all-825745-3-280hdt-d-2,b2b-all-825745-3-280hdt-d-2-1846,b2b-all-825745-3-280hdt-d-2-8738,freight-hdt-D-Diesel-Baseline,1016,-122.30926606742742,47.68976543647842
b2b-all-825745-3-281hdt-d,b2b-all-825745-3-281hdt-d-1847,b2b-all-825745-3-281hdt-d-8765,freight-hdt-D-Diesel-Baseline,1016,-122.30926606742742,47.68976543647842
b2b-all-825755-1-282hdt-d,b2b-all-825755-1-282hdt-d-1848,b2b-all-825755-1-282hdt-d-8786,freight-hdt-D-Diesel-Baseline,1689,-122.16784725110512,47.52211621922499
b2b-all-825755-1-283hdt-d,b2b-all-825755-1-283hdt-d-1849,b2b-all-825755-1-283hdt-d-8807,freight-hdt-D-Diesel-Baseline,1689,-122.16784725110512,47.52211621922499
b2b-all-826791-1-284md-d,b2b-all-826791-1-284md-d-1850,b2b-all-826791-1-284md-d-8838,freight-md-D-Diesel-Baseline,3854,-122.3645144674494,48.26687162473969
b2b-all-8268047-1-285hdt-d,b2b-all-8268047-1-285hdt-d-1851,b2b-all-8268047-1-285hdt-d-8849,freight-hdt-D-Diesel-Baseline,2326,-121.88434925288809,47.6113873875668
b2b-all-8268050-2-286hdt-d,b2b-all-8268050-2-286hdt-d-1852,b2b-all-8268050-2-286hdt-d-8870,freight-hdt-D-Diesel-Baseline,2323,-121.91492495208256,47.68615963268508
b2b-all-8268446-3-287hdt-d-0,b2b-all-8268446-3-287hdt-d-0-1853,b2b-all-8268446-3-287hdt-d-0-8886,freight-hdt-D-Diesel-Baseline,2135,-121.95198684884429,47.33788576090246
b2b-all-8268446-3-287hdt-d-0,b2b-all-8268446-3-287hdt-d-0-1854,b2b-all-8268446-3-287hdt-d-0-8887,freight-hdt-D-Diesel-Baseline,2135,-121.95198684884429,47.33788576090246
b2b-all-8268446-3-287hdt-d-0,b2b-all-8268446-3-287hdt-d-0-1855,b2b-all-8268446-3-287hdt-d-0-8888,freight-hdt-D-Diesel-Baseline,2135,-121.95198684884429,47.33788576090246
b2b-all-8268446-3-287hdt-d-0,b2b-all-8268446-3-287hdt-d-0-1856,b2b-all-8268446-3-287hdt-d-0-8960,freight-hdt-D-Diesel-Baseline,2135,-121.95198684884429,47.33788576090246
b2b-all-8268446-3-287hdt-d-0,b2b-all-8268446-3-287hdt-d-0-1857,b2b-all-8268446-3-287hdt-d-0-8961,freight-hdt-D-Diesel-Baseline,2135,-121.95198684884429,47.33788576090246
b2b-all-8268446-3-287hdt-d-0,b2b-all-8268446-3-287hdt-d-0-1858,b2b-all-8268446-3-287hdt-d-0-8962,freight-hdt-D-Diesel-Baseline,2135,-121.95198684884429,47.33788576090246
b2b-all-8268446-3-287hdt-d-0,b2b-all-8268446-3-287hdt-d-0-1859,b2b-all-8268446-3-287hdt-d-0-8963,freight-hdt-D-Diesel-Baseline,2135,-121.95198684884429,47.33788576090246
b2b-all-8268446-3-287hdt-d-0,b2b-all-8268446-3-287hdt-d-0-1860,b2b-all-8268446-3-287hdt-d-0-8964,freight-hdt-D-Diesel-Baseline,2135,-121.95198684884429,47.33788576090246
b2b-all-8268446-3-287hdt-d-0,b2b-all-8268446-3-287hdt-d-0-1861,b2b-all-8268446-3-287hdt-d-0-8965,freight-hdt-D-Diesel-Baseline,2135,-121.95198684884429,47.33788576090246
b2b-all-8268446-3-287hdt-d-0,b2b-all-8268446-3-287hdt-d-0-1862,b2b-all-8268446-3-287hdt-d-0-8966,freight-hdt-D-Diesel-Baseline,2135,-121.95198684884429,47.33788576090246
b2b-all-8268446-3-287hdt-d-0,b2b-all-8268446-3-287hdt-d-0-1863,b2b-all-8268446-3-287hdt-d-0-8967,freight-hdt-D-Diesel-Baseline,2135,-121.95198684884429,47.33788576090246
b2b-all-8268446-3-287hdt-d-0,b2b-all-8268446-3-287hdt-d-0-1864,b2b-all-8268446-3-287hdt-d-0-8968,freight-hdt-D-Diesel-Baseline,2135,-121.95198684884429,47.33788576090246
b2b-all-8268446-3-287hdt-d-0,b2b-all-8268446-3-287hdt-d-0-1865,b2b-all-8268446-3-287hdt-d-0-8969,freight-hdt-D-Diesel-Baseline,2135,-121.95198684884429,47.33788576090246
b2b-all-8268446-3-287hdt-d-0,b2b-all-8268446-3-287hdt-d-0-1866,b2b-all-8268446-3-287hdt-d-0-8970,freight-hdt-D-Diesel-Baseline,2135,-121.95198684884429,47.33788576090246
b2b-all-8268446-3-287hdt-d-0,b2b-all-8268446-3-287hdt-d-0-1867,b2b-all-8268446-3-287hdt-d-0-8971,freight-hdt-D-Diesel-Baseline,2135,-121.95198684884429,47.33788576090246
b2b-all-8268446-3-287hdt-d-0,b2b-all-8268446-3-287hdt-d-0-1868,b2b-all-8268446-3-287hdt-d-0-8972,freight-hdt-D-Diesel-Baseline,2135,-121.95198684884429,47.33788576090246
b2b-all-8268446-3-287hdt-d-0,b2b-all-8268446-3-287hdt-d-0-1869,b2b-all-8268446-3-287hdt-d-0-8973,freight-hdt-D-Diesel-Baseline,2135,-121.95198684884429,47.33788576090246
b2b-all-8268446-3-287hdt-d-0,b2b-all-8268446-3-287hdt-d-0-1870,b2b-all-8268446-3-287hdt-d-0-8974,freight-hdt-D-Diesel-Baseline,2135,-121.95198684884429,47.33788576090246
b2b-all-8268446-3-287hdt-d-0,b2b-all-8268446-3-287hdt-d-0-1871,b2b-all-8268446-3-287hdt-d-0-8975,freight-hdt-D-Diesel-Baseline,2135,-121.95198684884429,47.33788576090246
b2b-all-8268446-3-287hdt-d-0,b2b-all-8268446-3-287hdt-d-0-1872,b2b-all-8268446-3-287hdt-d-0-8976,freight-hdt-D-Diesel-Baseline,2135,-121.95198684884429,47.33788576090246
b2b-all-8268446-3-287hdt-d-1,b2b-all-8268446-3-287hdt-d-1-1873,b2b-all-8268446-3-287hdt-d-1-8992,freight-hdt-D-Diesel-Baseline,2135,-121.95198684884429,47.33788576090246
b2b-all-8268446-3-287hdt-d-1,b2b-all-8268446-3-287hdt-d-1-1874,b2b-all-8268446-3-287hdt-d-1-8993,freight-hdt-D-Diesel-Baseline,2135,-121.95198684884429,47.33788576090246
b2b-all-8268446-3-287hdt-d-1,b2b-all-8268446-3-287hdt-d-1-1875,b2b-all-8268446-3-287hdt-d-1-8994,freight-hdt-D-Diesel-Baseline,2135,-121.95198684884429,47.33788576090246
b2b-all-8268446-3-287hdt-d-1,b2b-all-8268446-3-287hdt-d-1-1876,b2b-all-8268446-3-287hdt-d-1-8995,freight-hdt-D-Diesel-Baseline,2135,-121.95198684884429,47.33788576090246
b2b-all-8268446-3-287hdt-d-1,b2b-all-8268446-3-287hdt-d-1-1877,b2b-all-8268446-3-287hdt-d-1-8996,freight-hdt-D-Diesel-Baseline,2135,-121.95198684884429,47.33788576090246
b2b-all-8268446-3-287hdt-d-1,b2b-all-8268446-3-287hdt-d-1-1878,b2b-all-8268446-3-287hdt-d-1-8997,freight-hdt-D-Diesel-Baseline,2135,-121.95198684884429,47.33788576090246
b2b-all-8268446-3-287hdt-d-1,b2b-all-8268446-3-287hdt-d-1-1879,b2b-all-8268446-3-287hdt-d-1-8998,freight-hdt-D-Diesel-Baseline,2135,-121.95198684884429,47.33788576090246
b2b-all-8268446-3-287hdt-d-1,b2b-all-8268446-3-287hdt-d-1-1880,b2b-all-8268446-3-287hdt-d-1-8999,freight-hdt-D-Diesel-Baseline,2135,-121.95198684884429,47.33788576090246
b2b-all-8268446-3-287hdt-d-1,b2b-all-8268446-3-287hdt-d-1-1881,b2b-all-8268446-3-287hdt-d-1-9000,freight-hdt-D-Diesel-Baseline,2135,-121.95198684884429,47.33788576090246
b2b-all-8268446-3-287hdt-d-1,b2b-all-8268446-3-287hdt-d-1-1882,b2b-all-8268446-3-287hdt-d-1-9001,freight-hdt-D-Diesel-Baseline,2135,-121.95198684884429,47.33788576090246
b2b-all-8268446-3-287hdt-d-1,b2b-all-8268446-3-287hdt-d-1-1883,b2b-all-8268446-3-287hdt-d-1-9002,freight-hdt-D-Diesel-Baseline,2135,-121.95198684884429,47.33788576090246
b2b-all-8268446-3-287hdt-d-1,b2b-all-8268446-3-287hdt-d-1-1884,b2b-all-8268446-3-287hdt-d-1-9003,freight-hdt-D-Diesel-Baseline,2135,-121.95198684884429,47.33788576090246
b2b-all-8268446-3-287hdt-d-1,b2b-all-8268446-3-287hdt-d-1-1885,b2b-all-8268446-3-287hdt-d-1-9004,freight-hdt-D-Diesel-Baseline,2135,-121.95198684884429,47.33788576090246
b2b-all-8268446-3-287hdt-d-1,b2b-all-8268446-3-287hdt-d-1-1886,b2b-all-8268446-3-287hdt-d-1-9005,freight-hdt-D-Diesel-Baseline,2135,-121.95198684884429,47.33788576090246
b2b-all-8268446-3-287hdt-d-1,b2b-all-8268446-3-287hdt-d-1-1887,b2b-all-8268446-3-287hdt-d-1-9006,freight-hdt-D-Diesel-Baseline,2135,-121.95198684884429,47.33788576090246
b2b-all-8268446-3-287hdt-d-1,b2b-all-8268446-3-287hdt-d-1-1888,b2b-all-8268446-3-287hdt-d-1-9007,freight-hdt-D-Diesel-Baseline,2135,-121.95198684884429,47.33788576090246
b2b-all-8268446-3-287hdt-d-1,b2b-all-8268446-3-287hdt-d-1-1889,b2b-all-8268446-3-287hdt-d-1-9008,freight-hdt-D-Diesel-Baseline,2135,-121.95198684884429,47.33788576090246
b2b-all-8268446-3-287hdt-d-1,b2b-all-8268446-3-287hdt-d-1-1890,b2b-all-8268446-3-287hdt-d-1-9009,freight-hdt-D-Diesel-Baseline,2135,-121.95198684884429,47.33788576090246
b2b-all-8268446-3-287hdt-d-1,b2b-all-8268446-3-287hdt-d-1-1891,b2b-all-8268446-3-287hdt-d-1-9079,freight-hdt-D-Diesel-Baseline,2135,-121.95198684884429,47.33788576090246
b2b-all-8268446-3-287hdt-d-1,b2b-all-8268446-3-287hdt-d-1-1892,b2b-all-8268446-3-287hdt-d-1-9082,freight-hdt-D-Diesel-Baseline,2135,-121.95198684884429,47.33788576090246
b2b-all-8268446-3-287hdt-d-2,b2b-all-8268446-3-287hdt-d-2-1893,b2b-all-8268446-3-287hdt-d-2-9177,freight-hdt-D-Diesel-Baseline,2135,-121.95198684884429,47.33788576090246
b2b-all-8268446-3-287hdt-d-2,b2b-all-8268446-3-287hdt-d-2-1894,b2b-all-8268446-3-287hdt-d-2-9178,freight-hdt-D-Diesel-Baseline,2135,-121.95198684884429,47.33788576090246
b2b-all-8268446-3-287hdt-d-2,b2b-all-8268446-3-287hdt-d-2-1895,b2b-all-8268446-3-287hdt-d-2-9179,freight-hdt-D-Diesel-Baseline,2135,-121.95198684884429,47.33788576090246
b2b-all-8268446-3-287hdt-d-2,b2b-all-8268446-3-287hdt-d-2-1896,b2b-all-8268446-3-287hdt-d-2-9180,freight-hdt-D-Diesel-Baseline,2135,-121.95198684884429,47.33788576090246
b2b-all-8268446-3-287hdt-d-2,b2b-all-8268446-3-287hdt-d-2-1897,b2b-all-8268446-3-287hdt-d-2-9181,freight-hdt-D-Diesel-Baseline,2135,-121.95198684884429,47.33788576090246
b2b-all-8268446-3-287hdt-d-2,b2b-all-8268446-3-287hdt-d-2-1898,b2b-all-8268446-3-287hdt-d-2-9182,freight-hdt-D-Diesel-Baseline,2135,-121.95198684884429,47.33788576090246
b2b-all-8268446-3-287hdt-d-2,b2b-all-8268446-3-287hdt-d-2-1899,b2b-all-8268446-3-287hdt-d-2-9183,freight-hdt-D-Diesel-Baseline,2135,-121.95198684884429,47.33788576090246
b2b-all-8268446-3-287hdt-d-2,b2b-all-8268446-3-287hdt-d-2-1900,b2b-all-8268446-3-287hdt-d-2-9184,freight-hdt-D-Diesel-Baseline,2135,-121.95198684884429,47.33788576090246
b2b-all-8268446-3-287hdt-d-2,b2b-all-8268446-3-287hdt-d-2-1901,b2b-all-8268446-3-287hdt-d-2-9185,freight-hdt-D-Diesel-Baseline,2135,-121.95198684884429,47.33788576090246
b2b-all-8268446-3-287hdt-d-2,b2b-all-8268446-3-287hdt-d-2-1902,b2b-all-8268446-3-287hdt-d-2-9186,freight-hdt-D-Diesel-Baseline,2135,-121.95198684884429,47.33788576090246
b2b-all-8268446-3-287hdt-d-2,b2b-all-8268446-3-287hdt-d-2-1903,b2b-all-8268446-3-287hdt-d-2-9187,freight-hdt-D-Diesel-Baseline,2135,-121.95198684884429,47.33788576090246
b2b-all-8268446-3-287hdt-d-2,b2b-all-8268446-3-287hdt-d-2-1904,b2b-all-8268446-3-287hdt-d-2-9188,freight-hdt-D-Diesel-Baseline,2135,-121.95198684884429,47.33788576090246
b2b-all-8268446-3-287hdt-d-3,b2b-all-8268446-3-287hdt-d-3-1905,b2b-all-8268446-3-287hdt-d-3-9285,freight-hdt-D-Diesel-Baseline,2135,-121.95198684884429,47.33788576090246
b2b-all-8268446-3-287hdt-d-3,b2b-all-8268446-3-287hdt-d-3-1906,b2b-all-8268446-3-287hdt-d-3-9286,freight-hdt-D-Diesel-Baseline,2135,-121.95198684884429,47.33788576090246
b2b-all-8268446-3-287hdt-d-3,b2b-all-8268446-3-287hdt-d-3-1907,b2b-all-8268446-3-287hdt-d-3-9287,freight-hdt-D-Diesel-Baseline,2135,-121.95198684884429,47.33788576090246
b2b-all-8268446-3-287hdt-d-3,b2b-all-8268446-3-287hdt-d-3-1908,b2b-all-8268446-3-287hdt-d-3-9288,freight-hdt-D-Diesel-Baseline,2135,-121.95198684884429,47.33788576090246
b2b-all-8268446-3-287hdt-d-3,b2b-all-8268446-3-287hdt-d-3-1909,b2b-all-8268446-3-287hdt-d-3-9289,freight-hdt-D-Diesel-Baseline,2135,-121.95198684884429,47.33788576090246
b2b-all-8268446-3-287hdt-d-3,b2b-all-8268446-3-287hdt-d-3-1910,b2b-all-8268446-3-287hdt-d-3-9290,freight-hdt-D-Diesel-Baseline,2135,-121.95198684884429,47.33788576090246
b2b-all-8268446-3-287hdt-d-3,b2b-all-8268446-3-287hdt-d-3-1911,b2b-all-8268446-3-287hdt-d-3-9291,freight-hdt-D-Diesel-Baseline,2135,-121.95198684884429,47.33788576090246
b2b-all-8268446-3-287hdt-d-3,b2b-all-8268446-3-287hdt-d-3-1912,b2b-all-8268446-3-287hdt-d-3-9292,freight-hdt-D-Diesel-Baseline,2135,-121.95198684884429,47.33788576090246
b2b-all-8268446-3-287hdt-d-3,b2b-all-8268446-3-287hdt-d-3-1913,b2b-all-8268446-3-287hdt-d-3-9293,freight-hdt-D-Diesel-Baseline,2135,-121.95198684884429,47.33788576090246
b2b-all-8268446-3-287hdt-d-3,b2b-all-8268446-3-287hdt-d-3-1914,b2b-all-8268446-3-287hdt-d-3-9294,freight-hdt-D-Diesel-Baseline,2135,-121.95198684884429,47.33788576090246
b2b-all-8268446-3-287hdt-d-4,b2b-all-8268446-3-287hdt-d-4-1915,b2b-all-8268446-3-287hdt-d-4-9397,freight-hdt-D-Diesel-Baseline,2135,-121.95198684884429,47.33788576090246
b2b-all-8268446-3-287hdt-d-4,b2b-all-8268446-3-287hdt-d-4-1916,b2b-all-8268446-3-287hdt-d-4-9398,freight-hdt-D-Diesel-Baseline,2135,-121.95198684884429,47.33788576090246
b2b-all-8268446-3-287hdt-d-4,b2b-all-8268446-3-287hdt-d-4-1917,b2b-all-8268446-3-287hdt-d-4-9399,freight-hdt-D-Diesel-Baseline,2135,-121.95198684884429,47.33788576090246
b2b-all-8268446-3-287hdt-d-4,b2b-all-8268446-3-287hdt-d-4-1918,b2b-all-8268446-3-287hdt-d-4-9400,freight-hdt-D-Diesel-Baseline,2135,-121.95198684884429,47.33788576090246
b2b-all-8268446-3-288hdt-d,b2b-all-8268446-3-288hdt-d-1919,b2b-all-8268446-3-288hdt-d-9505,freight-hdt-D-Diesel-Baseline,2135,-121.95198684884429,47.33788576090246
b2b-all-8268446-3-288hdt-d,b2b-all-8268446-3-288hdt-d-1920,b2b-all-8268446-3-288hdt-d-9506,freight-hdt-D-Diesel-Baseline,2135,-121.95198684884429,47.33788576090246
b2b-all-8275830-1-289md-d,b2b-all-8275830-1-289md-d-1921,b2b-all-8275830-1-289md-d-9532,freight-md-D-Diesel-Baseline,2120,-121.9821376634102,47.200064634350326
b2b-all-8275830-1-289md-d,b2b-all-8275830-1-289md-d-1922,b2b-all-8275830-1-289md-d-9533,freight-md-D-Diesel-Baseline,2120,-121.9821376634102,47.200064634350326
b2b-all-8275830-1-289md-d,b2b-all-8275830-1-289md-d-1923,b2b-all-8275830-1-289md-d-9534,freight-md-D-Diesel-Baseline,2120,-121.9821376634102,47.200064634350326
b2b-all-8275830-1-289md-d,b2b-all-8275830-1-289md-d-1924,b2b-all-8275830-1-289md-d-9542,freight-md-D-Diesel-Baseline,2120,-121.9821376634102,47.200064634350326
b2b-all-8275830-1-289md-d,b2b-all-8275830-1-289md-d-1925,b2b-all-8275830-1-289md-d-9543,freight-md-D-Diesel-Baseline,2120,-121.9821376634102,47.200064634350326
b2b-all-8275830-1-289md-d,b2b-all-8275830-1-289md-d-1926,b2b-all-8275830-1-289md-d-9544,freight-md-D-Diesel-Baseline,2120,-121.9821376634102,47.200064634350326
b2b-all-830983-1-290hdt-d,b2b-all-830983-1-290hdt-d-1927,b2b-all-830983-1-290hdt-d-9555,freight-hdt-D-Diesel-Baseline,3205,-122.47266831305922,46.8934296551068
b2b-all-830983-2-291hdv-d,b2b-all-830983-2-291hdv-d-1928,b2b-all-830983-2-291hdv-d-9581,freight-hdv-D-Diesel-Baseline,3205,-122.47266831305922,46.8934296551068
b2b-all-836947-1-292md-d,b2b-all-836947-1-292md-d-1929,b2b-all-836947-1-292md-d-9602,freight-md-D-Diesel-Baseline,5897,-123.21550111052947,44.80748760973425
b2b-all-836947-1-292md-d,b2b-all-836947-1-292md-d-1930,b2b-all-836947-1-292md-d-9607,freight-md-D-Diesel-Baseline,5897,-123.21550111052947,44.80748760973425
b2b-all-837682-1-293hdt-d,b2b-all-837682-1-293hdt-d-1931,b2b-all-837682-1-293hdt-d-9622,freight-hdt-D-Diesel-Baseline,2128,-121.69744610643237,47.16798796331104
b2b-all-8382662-4-294hdv-d,b2b-all-8382662-4-294hdv-d-1932,b2b-all-8382662-4-294hdv-d-9652,freight-hdv-D-Diesel-Baseline,5885,-123.12917480974409,44.98433170990787
b2b-all-8382662-4-294hdv-d,b2b-all-8382662-4-294hdv-d-1933,b2b-all-8382662-4-294hdv-d-9653,freight-hdv-D-Diesel-Baseline,5885,-123.12917480974409,44.98433170990787
b2b-all-8382830-2-295hdt-d,b2b-all-8382830-2-295hdt-d-1934,b2b-all-8382830-2-295hdt-d-9669,freight-hdt-D-Diesel-Baseline,5885,-123.12917480974409,44.98433170990787
b2b-all-838336-2-296hdt-d,b2b-all-838336-2-296hdt-d-1935,b2b-all-838336-2-296hdt-d-9694,freight-hdt-D-Diesel-Baseline,1365,-122.3188282670542,47.53097079233489
b2b-all-838336-2-296hdv-d,b2b-all-838336-2-296hdv-d-1936,b2b-all-838336-2-296hdv-d-9725,freight-hdv-D-Diesel-Baseline,1365,-122.3188282670542,47.53097079233489
b2b-all-838336-2-296hdv-d,b2b-all-838336-2-296hdv-d-1937,b2b-all-838336-2-296hdv-d-9734,freight-hdv-D-Diesel-Baseline,1365,-122.3188282670542,47.53097079233489
b2b-all-841381-2-297hdv-d-0,b2b-all-841381-2-297hdv-d-0-1938,b2b-all-841381-2-297hdv-d-0-9750,freight-hdv-D-Diesel-Baseline,1351,-122.2873333132173,47.54280756028548
b2b-all-841381-2-297hdv-d-0,b2b-all-841381-2-297hdv-d-0-1939,b2b-all-841381-2-297hdv-d-0-9754,freight-hdv-D-Diesel-Baseline,1351,-122.2873333132173,47.54280756028548
b2b-all-841381-2-297hdv-d-0,b2b-all-841381-2-297hdv-d-0-1940,b2b-all-841381-2-297hdv-d-0-9755,freight-hdv-D-Diesel-Baseline,1351,-122.2873333132173,47.54280756028548
b2b-all-841381-2-297hdv-d-1,b2b-all-841381-2-297hdv-d-1-1941,b2b-all-841381-2-297hdv-d-1-9771,freight-hdv-D-Diesel-Baseline,1351,-122.2873333132173,47.54280756028548
b2b-all-841381-2-297hdv-d-1,b2b-all-841381-2-297hdv-d-1-1942,b2b-all-841381-2-297hdv-d-1-9775,freight-hdv-D-Diesel-Baseline,1351,-122.2873333132173,47.54280756028548
b2b-all-841381-2-297hdv-d-1,b2b-all-841381-2-297hdv-d-1-1943,b2b-all-841381-2-297hdv-d-1-9776,freight-hdv-D-Diesel-Baseline,1351,-122.2873333132173,47.54280756028548
b2b-all-841381-2-297hdv-d-2,b2b-all-841381-2-297hdv-d-2-1944,b2b-all-841381-2-297hdv-d-2-9792,freight-hdv-D-Diesel-Baseline,1351,-122.2873333132173,47.54280756028548
b2b-all-841381-2-297hdv-d-2,b2b-all-841381-2-297hdv-d-2-1945,b2b-all-841381-2-297hdv-d-2-9796,freight-hdv-D-Diesel-Baseline,1351,-122.2873333132173,47.54280756028548
b2b-all-841381-2-297hdv-d-2,b2b-all-841381-2-297hdv-d-2-1946,b2b-all-841381-2-297hdv-d-2-9797,freight-hdv-D-Diesel-Baseline,1351,-122.2873333132173,47.54280756028548
b2b-all-841381-2-297hdv-d-3,b2b-all-841381-2-297hdv-d-3-1947,b2b-all-841381-2-297hdv-d-3-9818,freight-hdv-D-Diesel-Baseline,1351,-122.2873333132173,47.54280756028548
b2b-all-841381-2-298hdv-d,b2b-all-841381-2-298hdv-d-1948,b2b-all-841381-2-298hdv-d-9839,freight-hdv-D-Diesel-Baseline,1351,-122.2873333132173,47.54280756028548
b2b-all-841384-2-299hdv-d-0,b2b-all-841384-2-299hdv-d-0-1949,b2b-all-841384-2-299hdv-d-0-9855,freight-hdv-D-Diesel-Baseline,2282,-122.14297336046576,47.773089376982526
b2b-all-841384-2-299hdv-d-0,b2b-all-841384-2-299hdv-d-0-1950,b2b-all-841384-2-299hdv-d-0-9859,freight-hdv-D-Diesel-Baseline,2282,-122.14297336046576,47.773089376982526
b2b-all-841384-2-299hdv-d-0,b2b-all-841384-2-299hdv-d-0-1951,b2b-all-841384-2-299hdv-d-0-9860,freight-hdv-D-Diesel-Baseline,2282,-122.14297336046576,47.773089376982526
b2b-all-841384-2-299hdv-d-1,b2b-all-841384-2-299hdv-d-1-1952,b2b-all-841384-2-299hdv-d-1-9876,freight-hdv-D-Diesel-Baseline,2282,-122.14297336046576,47.773089376982526
b2b-all-841384-2-299hdv-d-1,b2b-all-841384-2-299hdv-d-1-1953,b2b-all-841384-2-299hdv-d-1-9880,freight-hdv-D-Diesel-Baseline,2282,-122.14297336046576,47.773089376982526
b2b-all-841384-2-299hdv-d-1,b2b-all-841384-2-299hdv-d-1-1954,b2b-all-841384-2-299hdv-d-1-9881,freight-hdv-D-Diesel-Baseline,2282,-122.14297336046576,47.773089376982526
b2b-all-841384-2-299hdv-d-2,b2b-all-841384-2-299hdv-d-2-1955,b2b-all-841384-2-299hdv-d-2-9897,freight-hdv-D-Diesel-Baseline,2282,-122.14297336046576,47.773089376982526
b2b-all-841384-2-299hdv-d-2,b2b-all-841384-2-299hdv-d-2-1956,b2b-all-841384-2-299hdv-d-2-9901,freight-hdv-D-Diesel-Baseline,2282,-122.14297336046576,47.773089376982526
b2b-all-841384-2-299hdv-d-2,b2b-all-841384-2-299hdv-d-2-1957,b2b-all-841384-2-299hdv-d-2-9902,freight-hdv-D-Diesel-Baseline,2282,-122.14297336046576,47.773089376982526
b2b-all-841384-2-299hdv-d-3,b2b-all-841384-2-299hdv-d-3-1958,b2b-all-841384-2-299hdv-d-3-9918,freight-hdv-D-Diesel-Baseline,2282,-122.14297336046576,47.773089376982526
b2b-all-841384-2-299hdv-d-3,b2b-all-841384-2-299hdv-d-3-1959,b2b-all-841384-2-299hdv-d-3-9922,freight-hdv-D-Diesel-Baseline,2282,-122.14297336046576,47.773089376982526
b2b-all-841384-2-299hdv-d-3,b2b-all-841384-2-299hdv-d-3-1960,b2b-all-841384-2-299hdv-d-3-9923,freight-hdv-D-Diesel-Baseline,2282,-122.14297336046576,47.773089376982526
b2b-all-841384-2-299hdv-d-4,b2b-all-841384-2-299hdv-d-4-1961,b2b-all-841384-2-299hdv-d-4-9943,freight-hdv-D-Diesel-Baseline,2282,-122.14297336046576,47.773089376982526
b2b-all-841384-2-299hdv-d-4,b2b-all-841384-2-299hdv-d-4-1962,b2b-all-841384-2-299hdv-d-4-9944,freight-hdv-D-Diesel-Baseline,2282,-122.14297336046576,47.773089376982526
b2b-all-841384-2-300hdv-d,b2b-all-841384-2-300hdv-d-1963,b2b-all-841384-2-300hdv-d-9964,freight-hdv-D-Diesel-Baseline,2282,-122.14297336046576,47.773089376982526
b2b-all-841384-2-300hdv-d,b2b-all-841384-2-300hdv-d-1964,b2b-all-841384-2-300hdv-d-9965,freight-hdv-D-Diesel-Baseline,2282,-122.14297336046576,47.773089376982526
b2b-all-841385-1-301hdt-d-0,b2b-all-841385-1-301hdt-d-0-1965,b2b-all-841385-1-301hdt-d-0-9976,freight-hdt-D-Diesel-Baseline,1267,-122.32985623812306,47.59765334448281
b2b-all-841385-1-301hdt-d-0,b2b-all-841385-1-301hdt-d-0-1966,b2b-all-841385-1-301hdt-d-0-9980,freight-hdt-D-Diesel-Baseline,1267,-122.32985623812306,47.59765334448281
b2b-all-841385-1-301hdt-d-0,b2b-all-841385-1-301hdt-d-0-1967,b2b-all-841385-1-301hdt-d-0-9981,freight-hdt-D-Diesel-Baseline,1267,-122.32985623812306,47.59765334448281
b2b-all-841385-1-301hdt-d-1,b2b-all-841385-1-301hdt-d-1-1968,b2b-all-841385-1-301hdt-d-1-9997,freight-hdt-D-Diesel-Baseline,1267,-122.32985623812306,47.59765334448281
b2b-all-841385-1-301hdt-d-1,b2b-all-841385-1-301hdt-d-1-1969,b2b-all-841385-1-301hdt-d-1-10001,freight-hdt-D-Diesel-Baseline,1267,-122.32985623812306,47.59765334448281
b2b-all-841385-1-301hdt-d-1,b2b-all-841385-1-301hdt-d-1-1970,b2b-all-841385-1-301hdt-d-1-10002,freight-hdt-D-Diesel-Baseline,1267,-122.32985623812306,47.59765334448281
b2b-all-841385-1-302hdt-d,b2b-all-841385-1-302hdt-d-1971,b2b-all-841385-1-302hdt-d-10023,freight-hdt-D-Diesel-Baseline,1267,-122.32985623812306,47.59765334448281
b2b-all-841549-1-303md-d-0,b2b-all-841549-1-303md-d-0-1972,b2b-all-841549-1-303md-d-0-10049,freight-md-D-Diesel-Baseline,1353,-122.29413179778015,47.53740416390486
b2b-all-841549-1-303md-d-0,b2b-all-841549-1-303md-d-0-1973,b2b-all-841549-1-303md-d-0-10053,freight-md-D-Diesel-Baseline,1353,-122.29413179778015,47.53740416390486
b2b-all-841549-1-303md-d-0,b2b-all-841549-1-303md-d-0-1974,b2b-all-841549-1-303md-d-0-10054,freight-md-D-Diesel-Baseline,1353,-122.29413179778015,47.53740416390486
b2b-all-841549-1-303md-d-1,b2b-all-841549-1-303md-d-1-1975,b2b-all-841549-1-303md-d-1-10075,freight-md-D-Diesel-Baseline,1353,-122.29413179778015,47.53740416390486
b2b-all-841549-1-304md-d,b2b-all-841549-1-304md-d-1976,b2b-all-841549-1-304md-d-10095,freight-md-D-Diesel-Baseline,1353,-122.29413179778015,47.53740416390486
b2b-all-841549-1-304md-d,b2b-all-841549-1-304md-d-1977,b2b-all-841549-1-304md-d-10096,freight-md-D-Diesel-Baseline,1353,-122.29413179778015,47.53740416390486
b2b-all-841979-1-305hdt-d,b2b-all-841979-1-305hdt-d-1978,b2b-all-841979-1-305hdt-d-10108,freight-hdt-D-Diesel-Baseline,1789,-122.34211561850972,47.507970384630575
b2b-all-841979-1-305hdt-d,b2b-all-841979-1-305hdt-d-1979,b2b-all-841979-1-305hdt-d-10109,freight-hdt-D-Diesel-Baseline,1789,-122.34211561850972,47.507970384630575
b2b-all-841979-1-305hdt-d,b2b-all-841979-1-305hdt-d-1980,b2b-all-841979-1-305hdt-d-10110,freight-hdt-D-Diesel-Baseline,1789,-122.34211561850972,47.507970384630575
b2b-all-841979-1-305hdt-d,b2b-all-841979-1-305hdt-d-1981,b2b-all-841979-1-305hdt-d-10111,freight-hdt-D-Diesel-Baseline,1789,-122.34211561850972,47.507970384630575
b2b-all-841979-2-306hdt-d-2,b2b-all-841979-2-306hdt-d-2-1982,b2b-all-841979-2-306hdt-d-2-10173,freight-hdt-D-Diesel-Baseline,1789,-122.34211561850972,47.507970384630575
b2b-all-841979-2-306hdt-d-2,b2b-all-841979-2-306hdt-d-2-1983,b2b-all-841979-2-306hdt-d-2-10174,freight-hdt-D-Diesel-Baseline,1789,-122.34211561850972,47.507970384630575
b2b-all-841984-1-307md-d-0,b2b-all-841984-1-307md-d-0-1984,b2b-all-841984-1-307md-d-0-10200,freight-md-D-Diesel-Baseline,1041,-122.39009266968392,47.671595729145615
b2b-all-841984-1-307md-d-0,b2b-all-841984-1-307md-d-0-1985,b2b-all-841984-1-307md-d-0-10204,freight-md-D-Diesel-Baseline,1041,-122.39009266968392,47.671595729145615
b2b-all-841984-1-307md-d-0,b2b-all-841984-1-307md-d-0-1986,b2b-all-841984-1-307md-d-0-10205,freight-md-D-Diesel-Baseline,1041,-122.39009266968392,47.671595729145615
b2b-all-841984-1-307md-d-1,b2b-all-841984-1-307md-d-1-1987,b2b-all-841984-1-307md-d-1-10226,freight-md-D-Diesel-Baseline,1041,-122.39009266968392,47.671595729145615
b2b-all-841989-1-308hdt-d-0,b2b-all-841989-1-308hdt-d-0-1988,b2b-all-841989-1-308hdt-d-0-10232,freight-hdt-D-Diesel-Baseline,3858,-122.33460113130307,48.27659681424254
b2b-all-841989-1-308hdt-d-0,b2b-all-841989-1-308hdt-d-0-1989,b2b-all-841989-1-308hdt-d-0-10236,freight-hdt-D-Diesel-Baseline,3858,-122.33460113130307,48.27659681424254
b2b-all-841989-1-308hdt-d-0,b2b-all-841989-1-308hdt-d-0-1990,b2b-all-841989-1-308hdt-d-0-10237,freight-hdt-D-Diesel-Baseline,3858,-122.33460113130307,48.27659681424254
b2b-all-841989-1-308hdt-d-1,b2b-all-841989-1-308hdt-d-1-1991,b2b-all-841989-1-308hdt-d-1-10258,freight-hdt-D-Diesel-Baseline,3858,-122.33460113130307,48.27659681424254
b2b-all-842240-1-309hdv-d,b2b-all-842240-1-309hdv-d-1992,b2b-all-842240-1-309hdv-d-10284,freight-hdv-D-Diesel-Baseline,1900,-122.24124127164173,47.382195730121005
b2b-all-842638-1-310hdt-d,b2b-all-842638-1-310hdt-d-1993,b2b-all-842638-1-310hdt-d-10300,freight-hdt-D-Diesel-Baseline,1348,-122.29617079553503,47.5245333384436
b2b-all-843444-2-311hdt-d-0,b2b-all-843444-2-311hdt-d-0-1994,b2b-all-843444-2-311hdt-d-0-10316,freight-hdt-D-Diesel-Baseline,1547,-122.20475515899317,47.67500669874118
b2b-all-843444-2-311hdt-d-0,b2b-all-843444-2-311hdt-d-0-1995,b2b-all-843444-2-311hdt-d-0-10320,freight-hdt-D-Diesel-Baseline,1547,-122.20475515899317,47.67500669874118
b2b-all-843444-2-311hdt-d-0,b2b-all-843444-2-311hdt-d-0-1996,b2b-all-843444-2-311hdt-d-0-10321,freight-hdt-D-Diesel-Baseline,1547,-122.20475515899317,47.67500669874118
b2b-all-843444-2-311hdt-d-1,b2b-all-843444-2-311hdt-d-1-1997,b2b-all-843444-2-311hdt-d-1-10337,freight-hdt-D-Diesel-Baseline,1547,-122.20475515899317,47.67500669874118
b2b-all-843444-2-311hdt-d-1,b2b-all-843444-2-311hdt-d-1-1998,b2b-all-843444-2-311hdt-d-1-10341,freight-hdt-D-Diesel-Baseline,1547,-122.20475515899317,47.67500669874118
b2b-all-843444-2-311hdt-d-1,b2b-all-843444-2-311hdt-d-1-1999,b2b-all-843444-2-311hdt-d-1-10342,freight-hdt-D-Diesel-Baseline,1547,-122.20475515899317,47.67500669874118
b2b-all-843444-2-311hdt-d-2,b2b-all-843444-2-311hdt-d-2-2000,b2b-all-843444-2-311hdt-d-2-10358,freight-hdt-D-Diesel-Baseline,1547,-122.20475515899317,47.67500669874118
b2b-all-843444-2-311hdt-d-2,b2b-all-843444-2-311hdt-d-2-2001,b2b-all-843444-2-311hdt-d-2-10362,freight-hdt-D-Diesel-Baseline,1547,-122.20475515899317,47.67500669874118
b2b-all-843444-2-311hdt-d-2,b2b-all-843444-2-311hdt-d-2-2002,b2b-all-843444-2-311hdt-d-2-10363,freight-hdt-D-Diesel-Baseline,1547,-122.20475515899317,47.67500669874118
b2b-all-843444-2-311hdt-d-3,b2b-all-843444-2-311hdt-d-3-2003,b2b-all-843444-2-311hdt-d-3-10379,freight-hdt-D-Diesel-Baseline,1547,-122.20475515899317,47.67500669874118
b2b-all-843444-2-311hdt-d-3,b2b-all-843444-2-311hdt-d-3-2004,b2b-all-843444-2-311hdt-d-3-10383,freight-hdt-D-Diesel-Baseline,1547,-122.20475515899317,47.67500669874118
b2b-all-843444-2-311hdt-d-3,b2b-all-843444-2-311hdt-d-3-2005,b2b-all-843444-2-311hdt-d-3-10384,freight-hdt-D-Diesel-Baseline,1547,-122.20475515899317,47.67500669874118
b2b-all-843444-2-311hdt-d-4,b2b-all-843444-2-311hdt-d-4-2006,b2b-all-843444-2-311hdt-d-4-10400,freight-hdt-D-Diesel-Baseline,1547,-122.20475515899317,47.67500669874118
b2b-all-843444-2-311hdt-d-4,b2b-all-843444-2-311hdt-d-4-2007,b2b-all-843444-2-311hdt-d-4-10404,freight-hdt-D-Diesel-Baseline,1547,-122.20475515899317,47.67500669874118
b2b-all-843444-2-311hdt-d-4,b2b-all-843444-2-311hdt-d-4-2008,b2b-all-843444-2-311hdt-d-4-10405,freight-hdt-D-Diesel-Baseline,1547,-122.20475515899317,47.67500669874118
b2b-all-843444-2-311hdt-d-5,b2b-all-843444-2-311hdt-d-5-2009,b2b-all-843444-2-311hdt-d-5-10421,freight-hdt-D-Diesel-Baseline,1547,-122.20475515899317,47.67500669874118
b2b-all-843444-2-311hdt-d-5,b2b-all-843444-2-311hdt-d-5-2010,b2b-all-843444-2-311hdt-d-5-10425,freight-hdt-D-Diesel-Baseline,1547,-122.20475515899317,47.67500669874118
b2b-all-843444-2-311hdt-d-5,b2b-all-843444-2-311hdt-d-5-2011,b2b-all-843444-2-311hdt-d-5-10426,freight-hdt-D-Diesel-Baseline,1547,-122.20475515899317,47.67500669874118
b2b-all-843444-2-311hdt-d-6,b2b-all-843444-2-311hdt-d-6-2012,b2b-all-843444-2-311hdt-d-6-10446,freight-hdt-D-Diesel-Baseline,1547,-122.20475515899317,47.67500669874118
b2b-all-843444-2-311hdt-d-6,b2b-all-843444-2-311hdt-d-6-2013,b2b-all-843444-2-311hdt-d-6-10447,freight-hdt-D-Diesel-Baseline,1547,-122.20475515899317,47.67500669874118
b2b-all-843444-2-312hdt-d,b2b-all-843444-2-312hdt-d-2014,b2b-all-843444-2-312hdt-d-10464,freight-hdt-D-Diesel-Baseline,1547,-122.20475515899317,47.67500669874118
b2b-all-843444-2-312hdt-d,b2b-all-843444-2-312hdt-d-2015,b2b-all-843444-2-312hdt-d-10465,freight-hdt-D-Diesel-Baseline,1547,-122.20475515899317,47.67500669874118
b2b-all-843444-2-312hdt-d,b2b-all-843444-2-312hdt-d-2016,b2b-all-843444-2-312hdt-d-10466,freight-hdt-D-Diesel-Baseline,1547,-122.20475515899317,47.67500669874118
b2b-all-843444-2-312hdt-d,b2b-all-843444-2-312hdt-d-2017,b2b-all-843444-2-312hdt-d-10467,freight-hdt-D-Diesel-Baseline,1547,-122.20475515899317,47.67500669874118
b2b-all-843444-2-312hdt-d,b2b-all-843444-2-312hdt-d-2018,b2b-all-843444-2-312hdt-d-10468,freight-hdt-D-Diesel-Baseline,1547,-122.20475515899317,47.67500669874118
b2b-all-843448-1-313hdv-d,b2b-all-843448-1-313hdv-d-2019,b2b-all-843448-1-313hdv-d-10498,freight-hdv-D-Diesel-Baseline,3191,-122.48240942711132,47.05796598200305
b2b-all-844754-1-314md-d,b2b-all-844754-1-314md-d-2020,b2b-all-844754-1-314md-d-10519,freight-md-D-Diesel-Baseline,2092,-122.2172288339044,47.26717726501118
b2b-all-844754-1-314md-d,b2b-all-844754-1-314md-d-2021,b2b-all-844754-1-314md-d-10524,freight-md-D-Diesel-Baseline,2092,-122.2172288339044,47.26717726501118
b2b-all-844754-1-315md-d,b2b-all-844754-1-315md-d-2022,b2b-all-844754-1-315md-d-10545,freight-md-D-Diesel-Baseline,2092,-122.2172288339044,47.26717726501118
b2b-all-845164-1-316hdt-d-0,b2b-all-845164-1-316hdt-d-0-2023,b2b-all-845164-1-316hdt-d-0-10551,freight-hdt-D-Diesel-Baseline,1340,-122.36844474150442,47.55020965829
b2b-all-845164-1-316hdt-d-0,b2b-all-845164-1-316hdt-d-0-2024,b2b-all-845164-1-316hdt-d-0-10555,freight-hdt-D-Diesel-Baseline,1340,-122.36844474150442,47.55020965829
b2b-all-845164-1-316hdt-d-0,b2b-all-845164-1-316hdt-d-0-2025,b2b-all-845164-1-316hdt-d-0-10556,freight-hdt-D-Diesel-Baseline,1340,-122.36844474150442,47.55020965829
b2b-all-845164-1-316hdt-d-1,b2b-all-845164-1-316hdt-d-1-2026,b2b-all-845164-1-316hdt-d-1-10572,freight-hdt-D-Diesel-Baseline,1340,-122.36844474150442,47.55020965829
b2b-all-845164-1-316hdt-d-1,b2b-all-845164-1-316hdt-d-1-2027,b2b-all-845164-1-316hdt-d-1-10576,freight-hdt-D-Diesel-Baseline,1340,-122.36844474150442,47.55020965829
b2b-all-845164-1-316hdt-d-1,b2b-all-845164-1-316hdt-d-1-2028,b2b-all-845164-1-316hdt-d-1-10577,freight-hdt-D-Diesel-Baseline,1340,-122.36844474150442,47.55020965829
b2b-all-845164-1-316hdt-d-2,b2b-all-845164-1-316hdt-d-2-2029,b2b-all-845164-1-316hdt-d-2-10598,freight-hdt-D-Diesel-Baseline,1340,-122.36844474150442,47.55020965829
b2b-all-845164-1-317hdt-d,b2b-all-845164-1-317hdt-d-2030,b2b-all-845164-1-317hdt-d-10618,freight-hdt-D-Diesel-Baseline,1340,-122.36844474150442,47.55020965829
b2b-all-845164-1-317hdt-d,b2b-all-845164-1-317hdt-d-2031,b2b-all-845164-1-317hdt-d-10619,freight-hdt-D-Diesel-Baseline,1340,-122.36844474150442,47.55020965829
b2b-all-845172-1-318hdt-d,b2b-all-845172-1-318hdt-d-2032,b2b-all-845172-1-318hdt-d-10635,freight-hdt-D-Diesel-Baseline,1041,-122.39131811426928,47.67122771693433
b2b-all-845172-1-318hdt-d,b2b-all-845172-1-318hdt-d-2033,b2b-all-845172-1-318hdt-d-10639,freight-hdt-D-Diesel-Baseline,1041,-122.39131811426928,47.67122771693433
b2b-all-845172-1-318hdt-d,b2b-all-845172-1-318hdt-d-2034,b2b-all-845172-1-318hdt-d-10640,freight-hdt-D-Diesel-Baseline,1041,-122.39131811426928,47.67122771693433
b2b-all-845615-1-319hdt-d,b2b-all-845615-1-319hdt-d-2035,b2b-all-845615-1-319hdt-d-10660,freight-hdt-D-Diesel-Baseline,3191,-122.48240942711132,47.05796598200305
b2b-all-845615-1-319hdt-d,b2b-all-845615-1-319hdt-d-2036,b2b-all-845615-1-319hdt-d-10661,freight-hdt-D-Diesel-Baseline,3191,-122.48240942711132,47.05796598200305
b2b-all-846126-1-320hdt-d,b2b-all-846126-1-320hdt-d-2037,b2b-all-846126-1-320hdt-d-10682,freight-hdt-D-Diesel-Baseline,1578,-122.12863329696212,47.65058399619467
b2b-all-847149-1-321hdv-d,b2b-all-847149-1-321hdv-d-2038,b2b-all-847149-1-321hdv-d-10708,freight-hdv-D-Diesel-Baseline,3895,-121.26884369455286,48.17174536079158
b2b-all-847826-1-322md-d-0,b2b-all-847826-1-322md-d-0-2039,b2b-all-847826-1-322md-d-0-10729,freight-md-D-Diesel-Baseline,1389,-122.28426806685988,47.5222159862147
b2b-all-847826-1-322md-d-0,b2b-all-847826-1-322md-d-0-2040,b2b-all-847826-1-322md-d-0-10734,freight-md-D-Diesel-Baseline,1389,-122.28426806685988,47.5222159862147
b2b-all-847826-1-322md-d-0,b2b-all-847826-1-322md-d-0-2041,b2b-all-847826-1-322md-d-0-10735,freight-md-D-Diesel-Baseline,1389,-122.28426806685988,47.5222159862147
b2b-all-847826-1-322md-d-1,b2b-all-847826-1-322md-d-1-2042,b2b-all-847826-1-322md-d-1-10751,freight-md-D-Diesel-Baseline,1389,-122.28426806685988,47.5222159862147
b2b-all-847826-1-322md-d-1,b2b-all-847826-1-322md-d-1-2043,b2b-all-847826-1-322md-d-1-10756,freight-md-D-Diesel-Baseline,1389,-122.28426806685988,47.5222159862147
b2b-all-847826-1-322md-d-1,b2b-all-847826-1-322md-d-1-2044,b2b-all-847826-1-322md-d-1-10757,freight-md-D-Diesel-Baseline,1389,-122.28426806685988,47.5222159862147
b2b-all-847826-1-322md-d-2,b2b-all-847826-1-322md-d-2-2045,b2b-all-847826-1-322md-d-2-10773,freight-md-D-Diesel-Baseline,1389,-122.28426806685988,47.5222159862147
b2b-all-847826-1-322md-d-2,b2b-all-847826-1-322md-d-2-2046,b2b-all-847826-1-322md-d-2-10778,freight-md-D-Diesel-Baseline,1389,-122.28426806685988,47.5222159862147
b2b-all-847826-1-322md-d-2,b2b-all-847826-1-322md-d-2-2047,b2b-all-847826-1-322md-d-2-10779,freight-md-D-Diesel-Baseline,1389,-122.28426806685988,47.5222159862147
b2b-all-847826-1-322md-d-3,b2b-all-847826-1-322md-d-3-2048,b2b-all-847826-1-322md-d-3-10795,freight-md-D-Diesel-Baseline,1389,-122.28426806685988,47.5222159862147
b2b-all-847826-1-322md-d-3,b2b-all-847826-1-322md-d-3-2049,b2b-all-847826-1-322md-d-3-10796,freight-md-D-Diesel-Baseline,1389,-122.28426806685988,47.5222159862147
b2b-all-847826-1-322md-d-3,b2b-all-847826-1-322md-d-3-2050,b2b-all-847826-1-322md-d-3-10801,freight-md-D-Diesel-Baseline,1389,-122.28426806685988,47.5222159862147
b2b-all-849069-1-323hdv-d,b2b-all-849069-1-323hdv-d-2051,b2b-all-849069-1-323hdv-d-10812,freight-hdv-D-Diesel-Baseline,1102,-122.35019640701113,47.650896727149366
b2b-all-849069-1-323hdv-d,b2b-all-849069-1-323hdv-d-2052,b2b-all-849069-1-323hdv-d-10817,freight-hdv-D-Diesel-Baseline,1102,-122.35019640701113,47.650896727149366
b2b-all-849069-1-324hdv-d,b2b-all-849069-1-324hdv-d-2053,b2b-all-849069-1-324hdv-d-10838,freight-hdv-D-Diesel-Baseline,1102,-122.35019640701113,47.650896727149366
b2b-all-849807-1-325md-d,b2b-all-849807-1-325md-d-2054,b2b-all-849807-1-325md-d-10864,freight-md-D-Diesel-Baseline,1145,-122.39042800670325,47.64342416765189
b2b-all-850552-1-326hdt-d,b2b-all-850552-1-326hdt-d-2055,b2b-all-850552-1-326hdt-d-10875,freight-hdt-D-Diesel-Baseline,5897,-123.21550111052947,44.80748760973425
b2b-all-853194-3-327hdv-d,b2b-all-853194-3-327hdv-d-2056,b2b-all-853194-3-327hdv-d-10896,freight-hdv-D-Diesel-Baseline,5879,-123.04362483193276,44.94821565940063
b2b-all-853194-3-327hdv-d,b2b-all-853194-3-327hdv-d-2057,b2b-all-853194-3-327hdv-d-10903,freight-hdv-D-Diesel-Baseline,5879,-123.04362483193276,44.94821565940063
b2b-all-853291-1-328md-d,b2b-all-853291-1-328md-d-2058,b2b-all-853291-1-328md-d-10929,freight-md-D-Diesel-Baseline,1775,-122.31282021977606,47.52800879593526
b2b-all-853295-1-329md-d,b2b-all-853295-1-329md-d-2059,b2b-all-853295-1-329md-d-10945,freight-md-D-Diesel-Baseline,1636,-122.19327962457842,47.61165827772117
b2b-all-853295-1-329md-d,b2b-all-853295-1-329md-d-2060,b2b-all-853295-1-329md-d-10946,freight-md-D-Diesel-Baseline,1636,-122.19327962457842,47.61165827772117
b2b-all-853295-1-329md-d,b2b-all-853295-1-329md-d-2061,b2b-all-853295-1-329md-d-10952,freight-md-D-Diesel-Baseline,1636,-122.19327962457842,47.61165827772117
b2b-all-853296-1-330md-d,b2b-all-853296-1-330md-d-2062,b2b-all-853296-1-330md-d-10973,freight-md-D-Diesel-Baseline,1421,-122.32927362264628,47.77496314391974
b2b-all-853601-1-331md-d,b2b-all-853601-1-331md-d-2063,b2b-all-853601-1-331md-d-10994,freight-md-D-Diesel-Baseline,5885,-123.12917480974409,44.98433170990787
b2b-all-853601-2-332hdt-d,b2b-all-853601-2-332hdt-d-2064,b2b-all-853601-2-332hdt-d-11009,freight-hdt-D-Diesel-Baseline,5885,-123.12917480974409,44.98433170990787
b2b-all-853669-3-333hdv-d-0,b2b-all-853669-3-333hdv-d-0-2065,b2b-all-853669-3-333hdv-d-0-11030,freight-hdv-D-Diesel-Baseline,1631,-122.18844982326036,47.59221363229558
b2b-all-853669-3-333hdv-d-0,b2b-all-853669-3-333hdv-d-0-2066,b2b-all-853669-3-333hdv-d-0-11034,freight-hdv-D-Diesel-Baseline,1631,-122.18844982326036,47.59221363229558
b2b-all-853669-3-333hdv-d-0,b2b-all-853669-3-333hdv-d-0-2067,b2b-all-853669-3-333hdv-d-0-11035,freight-hdv-D-Diesel-Baseline,1631,-122.18844982326036,47.59221363229558
b2b-all-853669-3-333hdv-d-1,b2b-all-853669-3-333hdv-d-1-2068,b2b-all-853669-3-333hdv-d-1-11051,freight-hdv-D-Diesel-Baseline,1631,-122.18844982326036,47.59221363229558
b2b-all-853669-3-333hdv-d-1,b2b-all-853669-3-333hdv-d-1-2069,b2b-all-853669-3-333hdv-d-1-11055,freight-hdv-D-Diesel-Baseline,1631,-122.18844982326036,47.59221363229558
b2b-all-853669-3-333hdv-d-1,b2b-all-853669-3-333hdv-d-1-2070,b2b-all-853669-3-333hdv-d-1-11056,freight-hdv-D-Diesel-Baseline,1631,-122.18844982326036,47.59221363229558
b2b-all-853669-3-333hdv-d-2,b2b-all-853669-3-333hdv-d-2-2071,b2b-all-853669-3-333hdv-d-2-11072,freight-hdv-D-Diesel-Baseline,1631,-122.18844982326036,47.59221363229558
b2b-all-853669-3-333hdv-d-2,b2b-all-853669-3-333hdv-d-2-2072,b2b-all-853669-3-333hdv-d-2-11076,freight-hdv-D-Diesel-Baseline,1631,-122.18844982326036,47.59221363229558
b2b-all-853669-3-333hdv-d-2,b2b-all-853669-3-333hdv-d-2-2073,b2b-all-853669-3-333hdv-d-2-11077,freight-hdv-D-Diesel-Baseline,1631,-122.18844982326036,47.59221363229558
b2b-all-853669-3-333hdv-d-3,b2b-all-853669-3-333hdv-d-3-2074,b2b-all-853669-3-333hdv-d-3-11093,freight-hdv-D-Diesel-Baseline,1631,-122.18844982326036,47.59221363229558
b2b-all-853669-3-333hdv-d-3,b2b-all-853669-3-333hdv-d-3-2075,b2b-all-853669-3-333hdv-d-3-11097,freight-hdv-D-Diesel-Baseline,1631,-122.18844982326036,47.59221363229558
b2b-all-853669-3-333hdv-d-3,b2b-all-853669-3-333hdv-d-3-2076,b2b-all-853669-3-333hdv-d-3-11098,freight-hdv-D-Diesel-Baseline,1631,-122.18844982326036,47.59221363229558
b2b-all-853669-3-333hdv-d-4,b2b-all-853669-3-333hdv-d-4-2077,b2b-all-853669-3-333hdv-d-4-11114,freight-hdv-D-Diesel-Baseline,1631,-122.18844982326036,47.59221363229558
b2b-all-853669-3-333hdv-d-4,b2b-all-853669-3-333hdv-d-4-2078,b2b-all-853669-3-333hdv-d-4-11119,freight-hdv-D-Diesel-Baseline,1631,-122.18844982326036,47.59221363229558
b2b-all-853669-3-334hdv-d,b2b-all-853669-3-334hdv-d-2079,b2b-all-853669-3-334hdv-d-11138,freight-hdv-D-Diesel-Baseline,1631,-122.18844982326036,47.59221363229558
b2b-all-853669-3-334hdv-d,b2b-all-853669-3-334hdv-d-2080,b2b-all-853669-3-334hdv-d-11139,freight-hdv-D-Diesel-Baseline,1631,-122.18844982326036,47.59221363229558
b2b-all-853669-3-334hdv-d,b2b-all-853669-3-334hdv-d-2081,b2b-all-853669-3-334hdv-d-11140,freight-hdv-D-Diesel-Baseline,1631,-122.18844982326036,47.59221363229558
b2b-all-855206-3-335hdv-d,b2b-all-855206-3-335hdv-d-2082,b2b-all-855206-3-335hdv-d-11162,freight-hdv-D-Diesel-Baseline,3854,-122.3645144674494,48.26687162473969
b2b-all-855376-3-336hdv-d-0,b2b-all-855376-3-336hdv-d-0-2083,b2b-all-855376-3-336hdv-d-0-11178,freight-hdv-D-Diesel-Baseline,5885,-123.12917480974409,44.98433170990787
b2b-all-855376-3-336hdv-d-0,b2b-all-855376-3-336hdv-d-0-2084,b2b-all-855376-3-336hdv-d-0-11183,freight-hdv-D-Diesel-Baseline,5885,-123.12917480974409,44.98433170990787
b2b-all-855376-3-336hdv-d-0,b2b-all-855376-3-336hdv-d-0-2085,b2b-all-855376-3-336hdv-d-0-11184,freight-hdv-D-Diesel-Baseline,5885,-123.12917480974409,44.98433170990787
b2b-all-855376-3-336hdv-d-1,b2b-all-855376-3-336hdv-d-1-2086,b2b-all-855376-3-336hdv-d-1-11200,freight-hdv-D-Diesel-Baseline,5885,-123.12917480974409,44.98433170990787
b2b-all-855376-3-336hdv-d-1,b2b-all-855376-3-336hdv-d-1-2087,b2b-all-855376-3-336hdv-d-1-11205,freight-hdv-D-Diesel-Baseline,5885,-123.12917480974409,44.98433170990787
b2b-all-855376-3-336hdv-d-1,b2b-all-855376-3-336hdv-d-1-2088,b2b-all-855376-3-336hdv-d-1-11206,freight-hdv-D-Diesel-Baseline,5885,-123.12917480974409,44.98433170990787
b2b-all-855376-3-336hdv-d-2,b2b-all-855376-3-336hdv-d-2-2089,b2b-all-855376-3-336hdv-d-2-11222,freight-hdv-D-Diesel-Baseline,5885,-123.12917480974409,44.98433170990787
b2b-all-855376-3-336hdv-d-2,b2b-all-855376-3-336hdv-d-2-2090,b2b-all-855376-3-336hdv-d-2-11227,freight-hdv-D-Diesel-Baseline,5885,-123.12917480974409,44.98433170990787
b2b-all-855376-3-336hdv-d-2,b2b-all-855376-3-336hdv-d-2-2091,b2b-all-855376-3-336hdv-d-2-11228,freight-hdv-D-Diesel-Baseline,5885,-123.12917480974409,44.98433170990787
b2b-all-855376-3-336hdv-d-3,b2b-all-855376-3-336hdv-d-3-2092,b2b-all-855376-3-336hdv-d-3-11244,freight-hdv-D-Diesel-Baseline,5885,-123.12917480974409,44.98433170990787
b2b-all-855376-3-336hdv-d-3,b2b-all-855376-3-336hdv-d-3-2093,b2b-all-855376-3-336hdv-d-3-11249,freight-hdv-D-Diesel-Baseline,5885,-123.12917480974409,44.98433170990787
b2b-all-855376-3-336hdv-d-3,b2b-all-855376-3-336hdv-d-3-2094,b2b-all-855376-3-336hdv-d-3-11250,freight-hdv-D-Diesel-Baseline,5885,-123.12917480974409,44.98433170990787
b2b-all-855376-3-336hdv-d-4,b2b-all-855376-3-336hdv-d-4-2095,b2b-all-855376-3-336hdv-d-4-11272,freight-hdv-D-Diesel-Baseline,5885,-123.12917480974409,44.98433170990787
b2b-all-856070-1-337hdt-d,b2b-all-856070-1-337hdt-d-2096,b2b-all-856070-1-337hdt-d-11287,freight-hdt-D-Diesel-Baseline,947,-122.3456482294731,47.72296642468045
b2b-all-856070-1-337hdt-d,b2b-all-856070-1-337hdt-d-2097,b2b-all-856070-1-337hdt-d-11288,freight-hdt-D-Diesel-Baseline,947,-122.3456482294731,47.72296642468045
b2b-all-857509-1-338hdt-d,b2b-all-857509-1-338hdt-d-2098,b2b-all-857509-1-338hdt-d-11311,freight-hdt-D-Diesel-Baseline,2184,-122.0166609950642,47.4072711636402
b2b-all-857509-1-338hdt-d,b2b-all-857509-1-338hdt-d-2099,b2b-all-857509-1-338hdt-d-11312,freight-hdt-D-Diesel-Baseline,2184,-122.0166609950642,47.4072711636402
b2b-all-857509-1-338hdt-d,b2b-all-857509-1-338hdt-d-2100,b2b-all-857509-1-338hdt-d-11313,freight-hdt-D-Diesel-Baseline,2184,-122.0166609950642,47.4072711636402
b2b-all-863154-1-339md-d,b2b-all-863154-1-339md-d-2101,b2b-all-863154-1-339md-d-11343,freight-md-D-Diesel-Baseline,1102,-122.3484907741606,47.65105847794508
b2b-all-863154-1-339md-d,b2b-all-863154-1-339md-d-2102,b2b-all-863154-1-339md-d-11344,freight-md-D-Diesel-Baseline,1102,-122.3484907741606,47.65105847794508
b2b-all-863160-3-340hdv-d,b2b-all-863160-3-340hdv-d-2103,b2b-all-863160-3-340hdv-d-11360,freight-hdv-D-Diesel-Baseline,1385,-122.39175149812506,47.52188782257949
b2b-all-863164-1-341hdt-d,b2b-all-863164-1-341hdt-d-2104,b2b-all-863164-1-341hdt-d-11376,freight-hdt-D-Diesel-Baseline,2087,-122.2613020425765,47.26801275909384
b2b-all-863164-1-342hdt-d,b2b-all-863164-1-342hdt-d-2105,b2b-all-863164-1-342hdt-d-11397,freight-hdt-D-Diesel-Baseline,2087,-122.2613020425765,47.26801275909384
b2b-all-863171-1-343md-d,b2b-all-863171-1-343md-d-2106,b2b-all-863171-1-343md-d-11428,freight-md-D-Diesel-Baseline,1232,-122.3510761286004,47.61372595554945
b2b-all-863173-1-344hdt-d,b2b-all-863173-1-344hdt-d-2107,b2b-all-863173-1-344hdt-d-11434,freight-hdt-D-Diesel-Baseline,1635,-122.2003292388976,47.6170893092861
b2b-all-863173-1-344hdt-d,b2b-all-863173-1-344hdt-d-2108,b2b-all-863173-1-344hdt-d-11440,freight-hdt-D-Diesel-Baseline,1635,-122.2003292388976,47.6170893092861
b2b-all-863174-1-345hdv-d,b2b-all-863174-1-345hdv-d-2109,b2b-all-863174-1-345hdv-d-11466,freight-hdv-D-Diesel-Baseline,1120,-122.31389040692542,47.65785984315846
b2b-all-863178-1-346md-d,b2b-all-863178-1-346md-d-2110,b2b-all-863178-1-346md-d-11493,freight-md-D-Diesel-Baseline,1365,-122.32203630054164,47.53220587554841
b2b-all-863197-1-347md-d,b2b-all-863197-1-347md-d-2111,b2b-all-863197-1-347md-d-11514,freight-md-D-Diesel-Baseline,3191,-122.48240942711132,47.05796598200305
b2b-all-863197-3-348hdt-d,b2b-all-863197-3-348hdt-d-2112,b2b-all-863197-3-348hdt-d-11525,freight-hdt-D-Diesel-Baseline,3191,-122.48240942711132,47.05796598200305
b2b-all-868498-2-349md-d,b2b-all-868498-2-349md-d-2113,b2b-all-868498-2-349md-d-11560,freight-md-D-Diesel-Baseline,1419,-122.345755728656,47.76998951406063
b2b-all-868520-1-350md-d,b2b-all-868520-1-350md-d-2114,b2b-all-868520-1-350md-d-11581,freight-md-D-Diesel-Baseline,3895,-121.26884369455286,48.17174536079158
b2b-all-870501-1-351md-d,b2b-all-870501-1-351md-d-2115,b2b-all-870501-1-351md-d-11597,freight-md-D-Diesel-Baseline,1811,-122.33342978079624,47.49017730779153
b2b-all-870501-1-351md-d,b2b-all-870501-1-351md-d-2116,b2b-all-870501-1-351md-d-11602,freight-md-D-Diesel-Baseline,1811,-122.33342978079624,47.49017730779153
b2b-all-870501-1-352md-d,b2b-all-870501-1-352md-d-2117,b2b-all-870501-1-352md-d-11623,freight-md-D-Diesel-Baseline,1811,-122.33342978079624,47.49017730779153
b2b-all-870501-2-353hdt-d-0,b2b-all-870501-2-353hdt-d-0-2118,b2b-all-870501-2-353hdt-d-0-11629,freight-hdt-D-Diesel-Baseline,1811,-122.33342978079624,47.49017730779153
b2b-all-870501-2-353hdt-d-0,b2b-all-870501-2-353hdt-d-0-2119,b2b-all-870501-2-353hdt-d-0-11633,freight-hdt-D-Diesel-Baseline,1811,-122.33342978079624,47.49017730779153
b2b-all-870501-2-353hdt-d-0,b2b-all-870501-2-353hdt-d-0-2120,b2b-all-870501-2-353hdt-d-0-11634,freight-hdt-D-Diesel-Baseline,1811,-122.33342978079624,47.49017730779153
b2b-all-870501-2-353hdt-d-1,b2b-all-870501-2-353hdt-d-1-2121,b2b-all-870501-2-353hdt-d-1-11650,freight-hdt-D-Diesel-Baseline,1811,-122.33342978079624,47.49017730779153
b2b-all-870501-2-353hdt-d-1,b2b-all-870501-2-353hdt-d-1-2122,b2b-all-870501-2-353hdt-d-1-11654,freight-hdt-D-Diesel-Baseline,1811,-122.33342978079624,47.49017730779153
b2b-all-870501-2-353hdt-d-1,b2b-all-870501-2-353hdt-d-1-2123,b2b-all-870501-2-353hdt-d-1-11655,freight-hdt-D-Diesel-Baseline,1811,-122.33342978079624,47.49017730779153
b2b-all-870501-2-353hdt-d-2,b2b-all-870501-2-353hdt-d-2-2124,b2b-all-870501-2-353hdt-d-2-11671,freight-hdt-D-Diesel-Baseline,1811,-122.33342978079624,47.49017730779153
b2b-all-870501-2-353hdt-d-2,b2b-all-870501-2-353hdt-d-2-2125,b2b-all-870501-2-353hdt-d-2-11675,freight-hdt-D-Diesel-Baseline,1811,-122.33342978079624,47.49017730779153
b2b-all-870501-2-353hdt-d-2,b2b-all-870501-2-353hdt-d-2-2126,b2b-all-870501-2-353hdt-d-2-11676,freight-hdt-D-Diesel-Baseline,1811,-122.33342978079624,47.49017730779153
b2b-all-870501-2-353hdt-d-3,b2b-all-870501-2-353hdt-d-3-2127,b2b-all-870501-2-353hdt-d-3-11692,freight-hdt-D-Diesel-Baseline,1811,-122.33342978079624,47.49017730779153
b2b-all-870501-2-353hdt-d-3,b2b-all-870501-2-353hdt-d-3-2128,b2b-all-870501-2-353hdt-d-3-11696,freight-hdt-D-Diesel-Baseline,1811,-122.33342978079624,47.49017730779153
b2b-all-870501-2-353hdt-d-3,b2b-all-870501-2-353hdt-d-3-2129,b2b-all-870501-2-353hdt-d-3-11697,freight-hdt-D-Diesel-Baseline,1811,-122.33342978079624,47.49017730779153
b2b-all-870501-2-353hdt-d-4,b2b-all-870501-2-353hdt-d-4-2130,b2b-all-870501-2-353hdt-d-4-11713,freight-hdt-D-Diesel-Baseline,1811,-122.33342978079624,47.49017730779153
b2b-all-870501-2-353hdt-d-4,b2b-all-870501-2-353hdt-d-4-2131,b2b-all-870501-2-353hdt-d-4-11717,freight-hdt-D-Diesel-Baseline,1811,-122.33342978079624,47.49017730779153
b2b-all-870501-2-353hdt-d-4,b2b-all-870501-2-353hdt-d-4-2132,b2b-all-870501-2-353hdt-d-4-11718,freight-hdt-D-Diesel-Baseline,1811,-122.33342978079624,47.49017730779153
b2b-all-870501-2-353hdt-d-5,b2b-all-870501-2-353hdt-d-5-2133,b2b-all-870501-2-353hdt-d-5-11734,freight-hdt-D-Diesel-Baseline,1811,-122.33342978079624,47.49017730779153
b2b-all-870501-2-353hdt-d-5,b2b-all-870501-2-353hdt-d-5-2134,b2b-all-870501-2-353hdt-d-5-11738,freight-hdt-D-Diesel-Baseline,1811,-122.33342978079624,47.49017730779153
b2b-all-870501-2-353hdt-d-5,b2b-all-870501-2-353hdt-d-5-2135,b2b-all-870501-2-353hdt-d-5-11739,freight-hdt-D-Diesel-Baseline,1811,-122.33342978079624,47.49017730779153
b2b-all-870501-2-353hdt-d-6,b2b-all-870501-2-353hdt-d-6-2136,b2b-all-870501-2-353hdt-d-6-11755,freight-hdt-D-Diesel-Baseline,1811,-122.33342978079624,47.49017730779153
b2b-all-870501-2-353hdt-d-6,b2b-all-870501-2-353hdt-d-6-2137,b2b-all-870501-2-353hdt-d-6-11760,freight-hdt-D-Diesel-Baseline,1811,-122.33342978079624,47.49017730779153
b2b-all-870501-2-354hdt-d,b2b-all-870501-2-354hdt-d-2138,b2b-all-870501-2-354hdt-d-11781,freight-hdt-D-Diesel-Baseline,1811,-122.33342978079624,47.49017730779153
b2b-all-870505-1-355md-d-0,b2b-all-870505-1-355md-d-0-2139,b2b-all-870505-1-355md-d-0-11807,freight-md-D-Diesel-Baseline,1428,-122.3125251306354,47.76233673814106
b2b-all-870505-1-355md-d-0,b2b-all-870505-1-355md-d-0-2140,b2b-all-870505-1-355md-d-0-11808,freight-md-D-Diesel-Baseline,1428,-122.3125251306354,47.76233673814106
b2b-all-870505-1-355md-d-0,b2b-all-870505-1-355md-d-0-2141,b2b-all-870505-1-355md-d-0-11812,freight-md-D-Diesel-Baseline,1428,-122.3125251306354,47.76233673814106
b2b-all-870505-1-355md-d-0,b2b-all-870505-1-355md-d-0-2142,b2b-all-870505-1-355md-d-0-11813,freight-md-D-Diesel-Baseline,1428,-122.3125251306354,47.76233673814106
b2b-all-870505-1-355md-d-1,b2b-all-870505-1-355md-d-1-2143,b2b-all-870505-1-355md-d-1-11829,freight-md-D-Diesel-Baseline,1428,-122.3125251306354,47.76233673814106
b2b-all-870505-1-355md-d-1,b2b-all-870505-1-355md-d-1-2144,b2b-all-870505-1-355md-d-1-11830,freight-md-D-Diesel-Baseline,1428,-122.3125251306354,47.76233673814106
b2b-all-870505-1-355md-d-1,b2b-all-870505-1-355md-d-1-2145,b2b-all-870505-1-355md-d-1-11834,freight-md-D-Diesel-Baseline,1428,-122.3125251306354,47.76233673814106
b2b-all-870505-1-355md-d-1,b2b-all-870505-1-355md-d-1-2146,b2b-all-870505-1-355md-d-1-11835,freight-md-D-Diesel-Baseline,1428,-122.3125251306354,47.76233673814106
b2b-all-870505-1-355md-d-2,b2b-all-870505-1-355md-d-2-2147,b2b-all-870505-1-355md-d-2-11851,freight-md-D-Diesel-Baseline,1428,-122.3125251306354,47.76233673814106
b2b-all-870505-1-355md-d-2,b2b-all-870505-1-355md-d-2-2148,b2b-all-870505-1-355md-d-2-11852,freight-md-D-Diesel-Baseline,1428,-122.3125251306354,47.76233673814106
b2b-all-870505-1-355md-d-2,b2b-all-870505-1-355md-d-2-2149,b2b-all-870505-1-355md-d-2-11856,freight-md-D-Diesel-Baseline,1428,-122.3125251306354,47.76233673814106
b2b-all-870505-1-355md-d-2,b2b-all-870505-1-355md-d-2-2150,b2b-all-870505-1-355md-d-2-11857,freight-md-D-Diesel-Baseline,1428,-122.3125251306354,47.76233673814106
b2b-all-870505-1-355md-d-3,b2b-all-870505-1-355md-d-3-2151,b2b-all-870505-1-355md-d-3-11873,freight-md-D-Diesel-Baseline,1428,-122.3125251306354,47.76233673814106
b2b-all-870505-1-355md-d-3,b2b-all-870505-1-355md-d-3-2152,b2b-all-870505-1-355md-d-3-11874,freight-md-D-Diesel-Baseline,1428,-122.3125251306354,47.76233673814106
b2b-all-870505-1-355md-d-3,b2b-all-870505-1-355md-d-3-2153,b2b-all-870505-1-355md-d-3-11878,freight-md-D-Diesel-Baseline,1428,-122.3125251306354,47.76233673814106
b2b-all-870505-1-355md-d-3,b2b-all-870505-1-355md-d-3-2154,b2b-all-870505-1-355md-d-3-11879,freight-md-D-Diesel-Baseline,1428,-122.3125251306354,47.76233673814106
b2b-all-870505-1-355md-d-4,b2b-all-870505-1-355md-d-4-2155,b2b-all-870505-1-355md-d-4-11895,freight-md-D-Diesel-Baseline,1428,-122.3125251306354,47.76233673814106
b2b-all-870505-1-355md-d-4,b2b-all-870505-1-355md-d-4-2156,b2b-all-870505-1-355md-d-4-11900,freight-md-D-Diesel-Baseline,1428,-122.3125251306354,47.76233673814106
b2b-all-870505-1-355md-d-4,b2b-all-870505-1-355md-d-4-2157,b2b-all-870505-1-355md-d-4-11901,freight-md-D-Diesel-Baseline,1428,-122.3125251306354,47.76233673814106
b2b-all-870505-1-355md-d-5,b2b-all-870505-1-355md-d-5-2158,b2b-all-870505-1-355md-d-5-11917,freight-md-D-Diesel-Baseline,1428,-122.3125251306354,47.76233673814106
b2b-all-870505-1-355md-d-5,b2b-all-870505-1-355md-d-5-2159,b2b-all-870505-1-355md-d-5-11922,freight-md-D-Diesel-Baseline,1428,-122.3125251306354,47.76233673814106
b2b-all-870505-1-355md-d-5,b2b-all-870505-1-355md-d-5-2160,b2b-all-870505-1-355md-d-5-11923,freight-md-D-Diesel-Baseline,1428,-122.3125251306354,47.76233673814106
b2b-all-870505-1-355md-d-6,b2b-all-870505-1-355md-d-6-2161,b2b-all-870505-1-355md-d-6-11939,freight-md-D-Diesel-Baseline,1428,-122.3125251306354,47.76233673814106
b2b-all-870505-1-355md-d-6,b2b-all-870505-1-355md-d-6-2162,b2b-all-870505-1-355md-d-6-11944,freight-md-D-Diesel-Baseline,1428,-122.3125251306354,47.76233673814106
b2b-all-870505-1-355md-d-6,b2b-all-870505-1-355md-d-6-2163,b2b-all-870505-1-355md-d-6-11945,freight-md-D-Diesel-Baseline,1428,-122.3125251306354,47.76233673814106
b2b-all-870505-1-355md-d-7,b2b-all-870505-1-355md-d-7-2164,b2b-all-870505-1-355md-d-7-11961,freight-md-D-Diesel-Baseline,1428,-122.3125251306354,47.76233673814106
b2b-all-870505-1-355md-d-7,b2b-all-870505-1-355md-d-7-2165,b2b-all-870505-1-355md-d-7-11966,freight-md-D-Diesel-Baseline,1428,-122.3125251306354,47.76233673814106
b2b-all-870505-1-355md-d-7,b2b-all-870505-1-355md-d-7-2166,b2b-all-870505-1-355md-d-7-11967,freight-md-D-Diesel-Baseline,1428,-122.3125251306354,47.76233673814106
b2b-all-870505-1-355md-d-8,b2b-all-870505-1-355md-d-8-2167,b2b-all-870505-1-355md-d-8-11983,freight-md-D-Diesel-Baseline,1428,-122.3125251306354,47.76233673814106
b2b-all-870505-1-355md-d-8,b2b-all-870505-1-355md-d-8-2168,b2b-all-870505-1-355md-d-8-11988,freight-md-D-Diesel-Baseline,1428,-122.3125251306354,47.76233673814106
b2b-all-870505-1-355md-d-8,b2b-all-870505-1-355md-d-8-2169,b2b-all-870505-1-355md-d-8-11989,freight-md-D-Diesel-Baseline,1428,-122.3125251306354,47.76233673814106
b2b-all-870505-1-355md-d-9,b2b-all-870505-1-355md-d-9-2170,b2b-all-870505-1-355md-d-9-12005,freight-md-D-Diesel-Baseline,1428,-122.3125251306354,47.76233673814106
b2b-all-870505-1-355md-d-9,b2b-all-870505-1-355md-d-9-2171,b2b-all-870505-1-355md-d-9-12010,freight-md-D-Diesel-Baseline,1428,-122.3125251306354,47.76233673814106
b2b-all-870505-1-355md-d-9,b2b-all-870505-1-355md-d-9-2172,b2b-all-870505-1-355md-d-9-12011,freight-md-D-Diesel-Baseline,1428,-122.3125251306354,47.76233673814106
b2b-all-870505-1-355md-d-10,b2b-all-870505-1-355md-d-10-2173,b2b-all-870505-1-355md-d-10-12027,freight-md-D-Diesel-Baseline,1428,-122.3125251306354,47.76233673814106
b2b-all-870505-1-355md-d-10,b2b-all-870505-1-355md-d-10-2174,b2b-all-870505-1-355md-d-10-12032,freight-md-D-Diesel-Baseline,1428,-122.3125251306354,47.76233673814106
b2b-all-870505-1-355md-d-10,b2b-all-870505-1-355md-d-10-2175,b2b-all-870505-1-355md-d-10-12033,freight-md-D-Diesel-Baseline,1428,-122.3125251306354,47.76233673814106
b2b-all-870505-1-356md-d,b2b-all-870505-1-356md-d-2176,b2b-all-870505-1-356md-d-12055,freight-md-D-Diesel-Baseline,1428,-122.3125251306354,47.76233673814106
b2b-all-870506-1-357hdt-d,b2b-all-870506-1-357hdt-d-2177,b2b-all-870506-1-357hdt-d-12070,freight-hdt-D-Diesel-Baseline,2345,-121.77421962292192,47.50972139715005
b2b-all-870509-1-358hdt-d,b2b-all-870509-1-358hdt-d-2178,b2b-all-870509-1-358hdt-d-12086,freight-hdt-D-Diesel-Baseline,2149,-122.12409828970858,47.340701530178485
b2b-all-870509-1-358hdt-d,b2b-all-870509-1-358hdt-d-2179,b2b-all-870509-1-358hdt-d-12090,freight-hdt-D-Diesel-Baseline,2149,-122.12409828970858,47.340701530178485
b2b-all-870509-1-358hdt-d,b2b-all-870509-1-358hdt-d-2180,b2b-all-870509-1-358hdt-d-12091,freight-hdt-D-Diesel-Baseline,2149,-122.12409828970858,47.340701530178485
b2b-all-870509-1-359hdt-d,b2b-all-870509-1-359hdt-d-2181,b2b-all-870509-1-359hdt-d-12112,freight-hdt-D-Diesel-Baseline,2149,-122.12409828970858,47.340701530178485
b2b-all-871850-1-360hdt-d-0,b2b-all-871850-1-360hdt-d-0-2182,b2b-all-871850-1-360hdt-d-0-12128,freight-hdt-D-Diesel-Baseline,2386,-122.55991639490988,47.886230772663865
b2b-all-871850-1-360hdt-d-0,b2b-all-871850-1-360hdt-d-0-2183,b2b-all-871850-1-360hdt-d-0-12132,freight-hdt-D-Diesel-Baseline,2386,-122.55991639490988,47.886230772663865
b2b-all-871850-1-360hdt-d-0,b2b-all-871850-1-360hdt-d-0-2184,b2b-all-871850-1-360hdt-d-0-12133,freight-hdt-D-Diesel-Baseline,2386,-122.55991639490988,47.886230772663865
b2b-all-871850-1-360hdt-d-1,b2b-all-871850-1-360hdt-d-1-2185,b2b-all-871850-1-360hdt-d-1-12154,freight-hdt-D-Diesel-Baseline,2386,-122.55991639490988,47.886230772663865
b2b-all-872450-1-362hdt-d,b2b-all-872450-1-362hdt-d-2186,b2b-all-872450-1-362hdt-d-12200,freight-hdt-D-Diesel-Baseline,3179,-122.74810938133588,47.29621087392292
b2b-all-877998-1-363hdv-d,b2b-all-877998-1-363hdv-d-2187,b2b-all-877998-1-363hdv-d-12230,freight-hdv-D-Diesel-Baseline,1632,-122.20546377838797,47.61746655137122
b2b-all-878000-1-364md-d,b2b-all-878000-1-364md-d-2188,b2b-all-878000-1-364md-d-12256,freight-md-D-Diesel-Baseline,2102,-122.07784232619494,47.239462638276365
b2b-all-878017-1-365md-d,b2b-all-878017-1-365md-d-2189,b2b-all-878017-1-365md-d-12286,freight-md-D-Diesel-Baseline,1475,-122.22607732574622,47.754588198554416
b2b-all-878017-1-365hdv-d,b2b-all-878017-1-365hdv-d-2190,b2b-all-878017-1-365hdv-d-12306,freight-hdv-D-Diesel-Baseline,1475,-122.22607732574622,47.754588198554416
b2b-all-878018-1-366hdt-d,b2b-all-878018-1-366hdt-d-2191,b2b-all-878018-1-366hdt-d-12327,freight-hdt-D-Diesel-Baseline,1047,-122.3756575573416,47.67816768820164
b2b-all-878018-1-367hdt-d,b2b-all-878018-1-367hdt-d-2192,b2b-all-878018-1-367hdt-d-12348,freight-hdt-D-Diesel-Baseline,1047,-122.3756575573416,47.67816768820164
b2b-all-878036-1-368md-d,b2b-all-878036-1-368md-d-2193,b2b-all-878036-1-368md-d-12374,freight-md-D-Diesel-Baseline,1627,-122.15541121098204,47.62631124878782
b2b-all-878036-1-368md-d,b2b-all-878036-1-368md-d-2194,b2b-all-878036-1-368md-d-12379,freight-md-D-Diesel-Baseline,1627,-122.15541121098204,47.62631124878782
b2b-all-878038-1-369md-d-0,b2b-all-878038-1-369md-d-0-2195,b2b-all-878038-1-369md-d-0-12405,freight-md-D-Diesel-Baseline,1042,-122.39200679961002,47.66621223767188
b2b-all-878038-1-369md-d-0,b2b-all-878038-1-369md-d-0-2196,b2b-all-878038-1-369md-d-0-12406,freight-md-D-Diesel-Baseline,1042,-122.39200679961002,47.66621223767188
b2b-all-878038-1-369md-d-0,b2b-all-878038-1-369md-d-0-2197,b2b-all-878038-1-369md-d-0-12407,freight-md-D-Diesel-Baseline,1042,-122.39200679961002,47.66621223767188
b2b-all-878038-1-369md-d-0,b2b-all-878038-1-369md-d-0-2198,b2b-all-878038-1-369md-d-0-12413,freight-md-D-Diesel-Baseline,1042,-122.39200679961002,47.66621223767188
b2b-all-878038-1-369md-d-0,b2b-all-878038-1-369md-d-0-2199,b2b-all-878038-1-369md-d-0-12414,freight-md-D-Diesel-Baseline,1042,-122.39200679961002,47.66621223767188
b2b-all-878038-1-369md-d-1,b2b-all-878038-1-369md-d-1-2200,b2b-all-878038-1-369md-d-1-12440,freight-md-D-Diesel-Baseline,1042,-122.39200679961002,47.66621223767188
b2b-all-878038-1-369md-d-1,b2b-all-878038-1-369md-d-1-2201,b2b-all-878038-1-369md-d-1-12449,freight-md-D-Diesel-Baseline,1042,-122.39200679961002,47.66621223767188
b2b-all-878038-1-369hdt-d,b2b-all-878038-1-369hdt-d-2202,b2b-all-878038-1-369hdt-d-12455,freight-hdt-D-Diesel-Baseline,1042,-122.39200679961002,47.66621223767188
b2b-all-878038-1-369hdv-d,b2b-all-878038-1-369hdv-d-2203,b2b-all-878038-1-369hdv-d-12500,freight-hdv-D-Diesel-Baseline,1042,-122.39200679961002,47.66621223767188
b2b-all-878038-1-369hdv-d,b2b-all-878038-1-369hdv-d-2204,b2b-all-878038-1-369hdv-d-12501,freight-hdv-D-Diesel-Baseline,1042,-122.39200679961002,47.66621223767188
b2b-all-878038-1-369hdv-d,b2b-all-878038-1-369hdv-d-2205,b2b-all-878038-1-369hdv-d-12508,freight-hdv-D-Diesel-Baseline,1042,-122.39200679961002,47.66621223767188
b2b-all-878038-1-369hdv-d,b2b-all-878038-1-369hdv-d-2206,b2b-all-878038-1-369hdv-d-12509,freight-hdv-D-Diesel-Baseline,1042,-122.39200679961002,47.66621223767188
b2b-all-878038-1-370md-d,b2b-all-878038-1-370md-d-2207,b2b-all-878038-1-370md-d-12553,freight-md-D-Diesel-Baseline,1042,-122.39200679961002,47.66621223767188
b2b-all-878038-1-370md-d,b2b-all-878038-1-370md-d-2208,b2b-all-878038-1-370md-d-12554,freight-md-D-Diesel-Baseline,1042,-122.39200679961002,47.66621223767188
b2b-all-878038-1-370hdt-d,b2b-all-878038-1-370hdt-d-2209,b2b-all-878038-1-370hdt-d-12569,freight-hdt-D-Diesel-Baseline,1042,-122.39200679961002,47.66621223767188
b2b-all-878043-1-371hdv-d,b2b-all-878043-1-371hdv-d-2210,b2b-all-878043-1-371hdv-d-12605,freight-hdv-D-Diesel-Baseline,1155,-122.31359733338864,47.647465585934654
b2b-all-878043-1-372hdv-d,b2b-all-878043-1-372hdv-d-2211,b2b-all-878043-1-372hdv-d-12626,freight-hdv-D-Diesel-Baseline,1155,-122.31359733338864,47.647465585934654
b2b-all-878135-1-373hdt-d,b2b-all-878135-1-373hdt-d-2212,b2b-all-878135-1-373hdt-d-12642,freight-hdt-D-Diesel-Baseline,3191,-122.48240942711132,47.05796598200305
b2b-all-880168-1-374hdt-d,b2b-all-880168-1-374hdt-d-2213,b2b-all-880168-1-374hdt-d-12667,freight-hdt-D-Diesel-Baseline,1925,-122.18303108151072,47.41650005291473
b2b-all-880170-1-375md-d,b2b-all-880170-1-375md-d-2214,b2b-all-880170-1-375md-d-12703,freight-md-D-Diesel-Baseline,1376,-122.35571422049584,47.522197580777465
b2b-all-880170-1-375md-d,b2b-all-880170-1-375md-d-2215,b2b-all-880170-1-375md-d-12712,freight-md-D-Diesel-Baseline,1376,-122.35571422049584,47.522197580777465
b2b-all-880170-1-375hdt-d,b2b-all-880170-1-375hdt-d-2216,b2b-all-880170-1-375hdt-d-12727,freight-hdt-D-Diesel-Baseline,1376,-122.35571422049584,47.522197580777465
b2b-all-880170-1-375hdv-d,b2b-all-880170-1-375hdv-d-2217,b2b-all-880170-1-375hdv-d-12772,freight-hdv-D-Diesel-Baseline,1376,-122.35571422049584,47.522197580777465
b2b-all-880170-1-376hdt-d,b2b-all-880170-1-376hdt-d-2218,b2b-all-880170-1-376hdt-d-12797,freight-hdt-D-Diesel-Baseline,1376,-122.35571422049584,47.522197580777465
b2b-all-880180-1-377md-d,b2b-all-880180-1-377md-d-2219,b2b-all-880180-1-377md-d-12838,freight-md-D-Diesel-Baseline,2087,-122.25438479329202,47.271301806929735
b2b-all-880180-1-378md-d,b2b-all-880180-1-378md-d-2220,b2b-all-880180-1-378md-d-12859,freight-md-D-Diesel-Baseline,2087,-122.25438479329202,47.271301806929735
b2b-all-880183-1-379hdv-d,b2b-all-880183-1-379hdv-d-2221,b2b-all-880183-1-379hdv-d-12874,freight-hdv-D-Diesel-Baseline,1172,-122.3352059273492,47.63026947995328
b2b-all-880183-1-379hdv-d,b2b-all-880183-1-379hdv-d-2222,b2b-all-880183-1-379hdv-d-12875,freight-hdv-D-Diesel-Baseline,1172,-122.3352059273492,47.63026947995328
b2b-all-880189-1-380md-d,b2b-all-880189-1-380md-d-2223,b2b-all-880189-1-380md-d-12901,freight-md-D-Diesel-Baseline,1243,-122.3264058659685,47.6155261175206
b2b-all-880193-1-381md-d,b2b-all-880193-1-381md-d-2224,b2b-all-880193-1-381md-d-12921,freight-md-D-Diesel-Baseline,3858,-122.33460113130307,48.27659681424254
b2b-all-880193-1-381md-d,b2b-all-880193-1-381md-d-2225,b2b-all-880193-1-381md-d-12922,freight-md-D-Diesel-Baseline,3858,-122.33460113130307,48.27659681424254
b2b-all-881507-1-382md-d,b2b-all-881507-1-382md-d-2226,b2b-all-881507-1-382md-d-12943,freight-md-D-Diesel-Baseline,3860,-122.16669982272528,48.26526223933203
b2b-all-882429-1-383md-d,b2b-all-882429-1-383md-d-2227,b2b-all-882429-1-383md-d-12964,freight-md-D-Diesel-Baseline,1558,-122.15557339176344,47.67759711514198
b2b-all-882429-1-384md-d,b2b-all-882429-1-384md-d-2228,b2b-all-882429-1-384md-d-12985,freight-md-D-Diesel-Baseline,1558,-122.15557339176344,47.67759711514198
b2b-all-887022-1-385md-d,b2b-all-887022-1-385md-d-2229,b2b-all-887022-1-385md-d-13003,freight-md-D-Diesel-Baseline,1089,-122.32306002992624,47.67184021489646
b2b-all-887022-1-385md-d,b2b-all-887022-1-385md-d-2230,b2b-all-887022-1-385md-d-13004,freight-md-D-Diesel-Baseline,1089,-122.32306002992624,47.67184021489646
b2b-all-887022-1-385md-d,b2b-all-887022-1-385md-d-2231,b2b-all-887022-1-385md-d-13005,freight-md-D-Diesel-Baseline,1089,-122.32306002992624,47.67184021489646
b2b-all-887022-1-385md-d,b2b-all-887022-1-385md-d-2232,b2b-all-887022-1-385md-d-13006,freight-md-D-Diesel-Baseline,1089,-122.32306002992624,47.67184021489646
b2b-all-887030-1-386hdv-d,b2b-all-887030-1-386hdv-d-2233,b2b-all-887030-1-386hdv-d-13022,freight-hdv-D-Diesel-Baseline,2184,-122.0076955821476,47.38571749335277
b2b-all-888076-1-387md-d,b2b-all-888076-1-387md-d-2234,b2b-all-888076-1-387md-d-13043,freight-md-D-Diesel-Baseline,1841,-122.309309477105,47.470521463094016
b2b-all-888076-1-387md-d,b2b-all-888076-1-387md-d-2235,b2b-all-888076-1-387md-d-13047,freight-md-D-Diesel-Baseline,1841,-122.309309477105,47.470521463094016
b2b-all-888076-1-387md-d,b2b-all-888076-1-387md-d-2236,b2b-all-888076-1-387md-d-13048,freight-md-D-Diesel-Baseline,1841,-122.309309477105,47.470521463094016
b2b-all-888076-1-388md-d,b2b-all-888076-1-388md-d-2237,b2b-all-888076-1-388md-d-13067,freight-md-D-Diesel-Baseline,1841,-122.309309477105,47.470521463094016
b2b-all-888076-1-388md-d,b2b-all-888076-1-388md-d-2238,b2b-all-888076-1-388md-d-13068,freight-md-D-Diesel-Baseline,1841,-122.309309477105,47.470521463094016
b2b-all-888076-1-388md-d,b2b-all-888076-1-388md-d-2239,b2b-all-888076-1-388md-d-13069,freight-md-D-Diesel-Baseline,1841,-122.309309477105,47.470521463094016
b2b-all-888079-1-389hdt-d,b2b-all-888079-1-389hdt-d-2240,b2b-all-888079-1-389hdt-d-13080,freight-hdt-D-Diesel-Baseline,1194,-122.3477377184048,47.617861997793874
b2b-all-888079-1-390hdt-d,b2b-all-888079-1-390hdt-d-2241,b2b-all-888079-1-390hdt-d-13100,freight-hdt-D-Diesel-Baseline,1194,-122.3477377184048,47.617861997793874
b2b-all-888079-1-390hdt-d,b2b-all-888079-1-390hdt-d-2242,b2b-all-888079-1-390hdt-d-13101,freight-hdt-D-Diesel-Baseline,1194,-122.3477377184048,47.617861997793874
b2b-all-888085-2-391hdv-d,b2b-all-888085-2-391hdv-d-2243,b2b-all-888085-2-391hdv-d-13126,freight-hdv-D-Diesel-Baseline,3179,-122.74810938133588,47.29621087392292
b2b-all-888085-2-391hdv-d,b2b-all-888085-2-391hdv-d-2244,b2b-all-888085-2-391hdv-d-13127,freight-hdv-D-Diesel-Baseline,3179,-122.74810938133588,47.29621087392292
b2b-all-888088-1-392md-d-0,b2b-all-888088-1-392md-d-0-2245,b2b-all-888088-1-392md-d-0-13148,freight-md-D-Diesel-Baseline,3181,-122.77190187190745,47.21656893604093
b2b-all-888088-1-392md-d-0,b2b-all-888088-1-392md-d-0-2246,b2b-all-888088-1-392md-d-0-13149,freight-md-D-Diesel-Baseline,3181,-122.77190187190745,47.21656893604093
b2b-all-888088-1-392md-d-0,b2b-all-888088-1-392md-d-0-2247,b2b-all-888088-1-392md-d-0-13153,freight-md-D-Diesel-Baseline,3181,-122.77190187190745,47.21656893604093
b2b-all-888088-1-392md-d-0,b2b-all-888088-1-392md-d-0-2248,b2b-all-888088-1-392md-d-0-13154,freight-md-D-Diesel-Baseline,3181,-122.77190187190745,47.21656893604093
b2b-all-888088-1-392md-d-1,b2b-all-888088-1-392md-d-1-2249,b2b-all-888088-1-392md-d-1-13176,freight-md-D-Diesel-Baseline,3181,-122.77190187190745,47.21656893604093
b2b-all-888319-1-393hdt-d,b2b-all-888319-1-393hdt-d-2250,b2b-all-888319-1-393hdt-d-13187,freight-hdt-D-Diesel-Baseline,3854,-122.3645144674494,48.26687162473969
b2b-all-891239-1-394hdt-d-0,b2b-all-891239-1-394hdt-d-0-2251,b2b-all-891239-1-394hdt-d-0-13203,freight-hdt-D-Diesel-Baseline,2391,-122.52972146584416,47.87353655239537
b2b-all-891239-1-394hdt-d-0,b2b-all-891239-1-394hdt-d-0-2252,b2b-all-891239-1-394hdt-d-0-13207,freight-hdt-D-Diesel-Baseline,2391,-122.52972146584416,47.87353655239537
b2b-all-891239-1-394hdt-d-0,b2b-all-891239-1-394hdt-d-0-2253,b2b-all-891239-1-394hdt-d-0-13208,freight-hdt-D-Diesel-Baseline,2391,-122.52972146584416,47.87353655239537
b2b-all-891239-1-394hdt-d-1,b2b-all-891239-1-394hdt-d-1-2254,b2b-all-891239-1-394hdt-d-1-13229,freight-hdt-D-Diesel-Baseline,2391,-122.52972146584416,47.87353655239537
b2b-all-891244-1-395md-d,b2b-all-891244-1-395md-d-2255,b2b-all-891244-1-395md-d-13261,freight-md-D-Diesel-Baseline,1298,-122.36208087859112,47.564386333361696
b2b-all-891244-1-396md-d,b2b-all-891244-1-396md-d-2256,b2b-all-891244-1-396md-d-13281,freight-md-D-Diesel-Baseline,1298,-122.36208087859112,47.564386333361696
b2b-all-891244-1-396md-d,b2b-all-891244-1-396md-d-2257,b2b-all-891244-1-396md-d-13282,freight-md-D-Diesel-Baseline,1298,-122.36208087859112,47.564386333361696
b2b-all-891244-1-396md-d,b2b-all-891244-1-396md-d-2258,b2b-all-891244-1-396md-d-13283,freight-md-D-Diesel-Baseline,1298,-122.36208087859112,47.564386333361696
b2b-all-891244-2-397hdt-d,b2b-all-891244-2-397hdt-d-2259,b2b-all-891244-2-397hdt-d-13289,freight-hdt-D-Diesel-Baseline,1298,-122.36208087859112,47.564386333361696
b2b-all-891244-2-397hdt-d,b2b-all-891244-2-397hdt-d-2260,b2b-all-891244-2-397hdt-d-13294,freight-hdt-D-Diesel-Baseline,1298,-122.36208087859112,47.564386333361696
b2b-all-891244-2-398hdt-d,b2b-all-891244-2-398hdt-d-2261,b2b-all-891244-2-398hdt-d-13312,freight-hdt-D-Diesel-Baseline,1298,-122.36208087859112,47.564386333361696
b2b-all-891244-2-398hdt-d,b2b-all-891244-2-398hdt-d-2262,b2b-all-891244-2-398hdt-d-13313,freight-hdt-D-Diesel-Baseline,1298,-122.36208087859112,47.564386333361696
b2b-all-891244-2-398hdt-d,b2b-all-891244-2-398hdt-d-2263,b2b-all-891244-2-398hdt-d-13314,freight-hdt-D-Diesel-Baseline,1298,-122.36208087859112,47.564386333361696
b2b-all-891244-2-398hdt-d,b2b-all-891244-2-398hdt-d-2264,b2b-all-891244-2-398hdt-d-13315,freight-hdt-D-Diesel-Baseline,1298,-122.36208087859112,47.564386333361696
b2b-all-891245-1-399hdv-d,b2b-all-891245-1-399hdv-d-2265,b2b-all-891245-1-399hdv-d-13345,freight-hdv-D-Diesel-Baseline,1195,-122.32922374652722,47.624311711643934
b2b-all-891245-1-400hdv-d,b2b-all-891245-1-400hdv-d-2266,b2b-all-891245-1-400hdv-d-13369,freight-hdv-D-Diesel-Baseline,1195,-122.32922374652722,47.624311711643934
b2b-all-891245-1-400hdv-d,b2b-all-891245-1-400hdv-d-2267,b2b-all-891245-1-400hdv-d-13370,freight-hdv-D-Diesel-Baseline,1195,-122.32922374652722,47.624311711643934
b2b-all-891245-3-401hdv-d,b2b-all-891245-3-401hdv-d-2268,b2b-all-891245-3-401hdv-d-13392,freight-hdv-D-Diesel-Baseline,1195,-122.32922374652722,47.624311711643934
b2b-all-891254-1-402hdv-d,b2b-all-891254-1-402hdv-d-2269,b2b-all-891254-1-402hdv-d-13408,freight-hdv-D-Diesel-Baseline,1549,-122.16718607013152,47.70370932110605
b2b-all-891254-1-402hdv-d,b2b-all-891254-1-402hdv-d-2270,b2b-all-891254-1-402hdv-d-13413,freight-hdv-D-Diesel-Baseline,1549,-122.16718607013152,47.70370932110605
b2b-all-9163-1-403hdv-d,b2b-all-9163-1-403hdv-d-2271,b2b-all-9163-1-403hdv-d-13434,freight-hdv-D-Diesel-Baseline,1233,-122.3408844282872,47.60646814456976
b2b-all-21805771-0hdt-d,b2b-all-21805771-0hdt-d-2272,b2b-all-21805771-0hdt-d-13445,freight-hdt-D-Diesel-Baseline,3455,-122.30768468413044,47.9372242090533
b2b-all-21805771-0hdt-d,b2b-all-21805771-0hdt-d-2273,b2b-all-21805771-0hdt-d-13446,freight-hdt-D-Diesel-Baseline,3455,-122.30768468413044,47.9372242090533
b2b-all-21805771-0hdt-d,b2b-all-21805771-0hdt-d-2274,b2b-all-21805771-0hdt-d-13447,freight-hdt-D-Diesel-Baseline,3455,-122.30768468413044,47.9372242090533
b2b-all-21805771-0hdt-d,b2b-all-21805771-0hdt-d-2275,b2b-all-21805771-0hdt-d-13448,freight-hdt-D-Diesel-Baseline,3455,-122.30768468413044,47.9372242090533
b2b-all-21805771-0hdt-d,b2b-all-21805771-0hdt-d-2276,b2b-all-21805771-0hdt-d-13449,freight-hdt-D-Diesel-Baseline,3455,-122.30768468413044,47.9372242090533
b2b-all-21805771-0hdt-d,b2b-all-21805771-0hdt-d-2277,b2b-all-21805771-0hdt-d-13450,freight-hdt-D-Diesel-Baseline,3455,-122.30768468413044,47.9372242090533
b2b-all-21805771-0hdt-d,b2b-all-21805771-0hdt-d-2278,b2b-all-21805771-0hdt-d-13451,freight-hdt-D-Diesel-Baseline,3455,-122.30768468413044,47.9372242090533
b2b-all-21805771-1hdt-d,b2b-all-21805771-1hdt-d-2279,b2b-all-21805771-1hdt-d-13473,freight-hdt-D-Diesel-Baseline,3455,-122.30768468413044,47.9372242090533
b2b-all-21805771-1hdt-d,b2b-all-21805771-1hdt-d-2280,b2b-all-21805771-1hdt-d-13474,freight-hdt-D-Diesel-Baseline,3455,-122.30768468413044,47.9372242090533
b2b-all-21805771-1hdt-d,b2b-all-21805771-1hdt-d-2281,b2b-all-21805771-1hdt-d-13475,freight-hdt-D-Diesel-Baseline,3455,-122.30768468413044,47.9372242090533
b2b-all-21805771-1hdt-d,b2b-all-21805771-1hdt-d-2282,b2b-all-21805771-1hdt-d-13472,freight-hdt-D-Diesel-Baseline,3455,-122.30768468413044,47.9372242090533
b2b-all-21809851-2hdt-d-0,b2b-all-21809851-2hdt-d-0-2283,b2b-all-21809851-2hdt-d-0-13491,freight-hdt-D-Diesel-Baseline,2128,-121.69744610643237,47.16798796331104
b2b-all-21809851-2hdt-d-0,b2b-all-21809851-2hdt-d-0-2284,b2b-all-21809851-2hdt-d-0-13492,freight-hdt-D-Diesel-Baseline,2128,-121.69744610643237,47.16798796331104
b2b-all-21809851-2hdt-d-0,b2b-all-21809851-2hdt-d-0-2285,b2b-all-21809851-2hdt-d-0-13493,freight-hdt-D-Diesel-Baseline,2128,-121.69744610643237,47.16798796331104
b2b-all-21809851-2hdt-d-0,b2b-all-21809851-2hdt-d-0-2286,b2b-all-21809851-2hdt-d-0-13501,freight-hdt-D-Diesel-Baseline,2128,-121.69744610643237,47.16798796331104
b2b-all-21809851-2hdt-d-0,b2b-all-21809851-2hdt-d-0-2287,b2b-all-21809851-2hdt-d-0-13502,freight-hdt-D-Diesel-Baseline,2128,-121.69744610643237,47.16798796331104
b2b-all-21809851-2hdt-d-0,b2b-all-21809851-2hdt-d-0-2288,b2b-all-21809851-2hdt-d-0-13503,freight-hdt-D-Diesel-Baseline,2128,-121.69744610643237,47.16798796331104
b2b-all-21809851-2hdt-d-0,b2b-all-21809851-2hdt-d-0-2289,b2b-all-21809851-2hdt-d-0-13498,freight-hdt-D-Diesel-Baseline,2128,-121.69744610643237,47.16798796331104
b2b-all-21809851-2hdt-d-1,b2b-all-21809851-2hdt-d-1-2290,b2b-all-21809851-2hdt-d-1-13520,freight-hdt-D-Diesel-Baseline,2128,-121.69744610643237,47.16798796331104
b2b-all-21809851-2hdt-d-1,b2b-all-21809851-2hdt-d-1-2291,b2b-all-21809851-2hdt-d-1-13529,freight-hdt-D-Diesel-Baseline,2128,-121.69744610643237,47.16798796331104
b2b-all-21809851-2hdt-d-1,b2b-all-21809851-2hdt-d-1-2292,b2b-all-21809851-2hdt-d-1-13530,freight-hdt-D-Diesel-Baseline,2128,-121.69744610643237,47.16798796331104
b2b-all-21809851-2hdt-d-1,b2b-all-21809851-2hdt-d-1-2293,b2b-all-21809851-2hdt-d-1-13531,freight-hdt-D-Diesel-Baseline,2128,-121.69744610643237,47.16798796331104
b2b-all-21809851-2hdt-d-1,b2b-all-21809851-2hdt-d-1-2294,b2b-all-21809851-2hdt-d-1-13532,freight-hdt-D-Diesel-Baseline,2128,-121.69744610643237,47.16798796331104
b2b-all-21809851-2hdt-d-1,b2b-all-21809851-2hdt-d-1-2295,b2b-all-21809851-2hdt-d-1-13520,freight-hdt-D-Diesel-Baseline,2128,-121.69744610643237,47.16798796331104
b2b-all-21809851-2hdt-d-1,b2b-all-21809851-2hdt-d-1-2296,b2b-all-21809851-2hdt-d-1-13521,freight-hdt-D-Diesel-Baseline,2128,-121.69744610643237,47.16798796331104
b2b-all-21809851-2hdt-d-1,b2b-all-21809851-2hdt-d-1-2297,b2b-all-21809851-2hdt-d-1-13522,freight-hdt-D-Diesel-Baseline,2128,-121.69744610643237,47.16798796331104
b2b-all-21809851-2hdt-d-1,b2b-all-21809851-2hdt-d-1-2298,b2b-all-21809851-2hdt-d-1-13524,freight-hdt-D-Diesel-Baseline,2128,-121.69744610643237,47.16798796331104
b2b-all-21809851-2hdt-d-1,b2b-all-21809851-2hdt-d-1-2299,b2b-all-21809851-2hdt-d-1-13528,freight-hdt-D-Diesel-Baseline,2128,-121.69744610643237,47.16798796331104
b2b-all-21809851-2hdt-d-2,b2b-all-21809851-2hdt-d-2-2300,b2b-all-21809851-2hdt-d-2-13549,freight-hdt-D-Diesel-Baseline,2128,-121.69744610643237,47.16798796331104
b2b-all-21809851-2hdt-d-2,b2b-all-21809851-2hdt-d-2-2301,b2b-all-21809851-2hdt-d-2-13550,freight-hdt-D-Diesel-Baseline,2128,-121.69744610643237,47.16798796331104
b2b-all-21809851-3hdt-d-0,b2b-all-21809851-3hdt-d-0-2302,b2b-all-21809851-3hdt-d-0-13582,freight-hdt-D-Diesel-Baseline,2128,-121.69744610643237,47.16798796331104
b2b-all-21809851-3hdt-d-0,b2b-all-21809851-3hdt-d-0-2303,b2b-all-21809851-3hdt-d-0-13583,freight-hdt-D-Diesel-Baseline,2128,-121.69744610643237,47.16798796331104
b2b-all-21809851-3hdt-d-0,b2b-all-21809851-3hdt-d-0-2304,b2b-all-21809851-3hdt-d-0-13584,freight-hdt-D-Diesel-Baseline,2128,-121.69744610643237,47.16798796331104
b2b-all-21809851-3hdt-d-0,b2b-all-21809851-3hdt-d-0-2305,b2b-all-21809851-3hdt-d-0-13585,freight-hdt-D-Diesel-Baseline,2128,-121.69744610643237,47.16798796331104
b2b-all-21809851-3hdt-d-0,b2b-all-21809851-3hdt-d-0-2306,b2b-all-21809851-3hdt-d-0-13586,freight-hdt-D-Diesel-Baseline,2128,-121.69744610643237,47.16798796331104
b2b-all-21809851-3hdt-d-0,b2b-all-21809851-3hdt-d-0-2307,b2b-all-21809851-3hdt-d-0-13587,freight-hdt-D-Diesel-Baseline,2128,-121.69744610643237,47.16798796331104
b2b-all-21809851-3hdt-d-0,b2b-all-21809851-3hdt-d-0-2308,b2b-all-21809851-3hdt-d-0-13588,freight-hdt-D-Diesel-Baseline,2128,-121.69744610643237,47.16798796331104
b2b-all-21809851-3hdt-d-0,b2b-all-21809851-3hdt-d-0-2309,b2b-all-21809851-3hdt-d-0-13589,freight-hdt-D-Diesel-Baseline,2128,-121.69744610643237,47.16798796331104
b2b-all-21809851-3hdt-d-0,b2b-all-21809851-3hdt-d-0-2310,b2b-all-21809851-3hdt-d-0-13590,freight-hdt-D-Diesel-Baseline,2128,-121.69744610643237,47.16798796331104
b2b-all-21809851-3hdt-d-0,b2b-all-21809851-3hdt-d-0-2311,b2b-all-21809851-3hdt-d-0-13591,freight-hdt-D-Diesel-Baseline,2128,-121.69744610643237,47.16798796331104
b2b-all-21809851-3hdt-d-1,b2b-all-21809851-3hdt-d-1-2312,b2b-all-21809851-3hdt-d-1-13617,freight-hdt-D-Diesel-Baseline,2128,-121.69744610643237,47.16798796331104
b2b-all-21809851-3hdt-d-1,b2b-all-21809851-3hdt-d-1-2313,b2b-all-21809851-3hdt-d-1-13618,freight-hdt-D-Diesel-Baseline,2128,-121.69744610643237,47.16798796331104
b2b-all-21809851-3hdt-d-1,b2b-all-21809851-3hdt-d-1-2314,b2b-all-21809851-3hdt-d-1-13619,freight-hdt-D-Diesel-Baseline,2128,-121.69744610643237,47.16798796331104
b2b-all-21809851-3hdt-d-1,b2b-all-21809851-3hdt-d-1-2315,b2b-all-21809851-3hdt-d-1-13620,freight-hdt-D-Diesel-Baseline,2128,-121.69744610643237,47.16798796331104
b2b-all-21809891-4hdt-d,b2b-all-21809891-4hdt-d-2316,b2b-all-21809891-4hdt-d-13636,freight-hdt-D-Diesel-Baseline,3895,-121.26884369455286,48.17174536079158
b2b-all-21809891-4hdt-d,b2b-all-21809891-4hdt-d-2317,b2b-all-21809891-4hdt-d-13637,freight-hdt-D-Diesel-Baseline,3895,-121.26884369455286,48.17174536079158
b2b-all-21809891-4hdt-d,b2b-all-21809891-4hdt-d-2318,b2b-all-21809891-4hdt-d-13638,freight-hdt-D-Diesel-Baseline,3895,-121.26884369455286,48.17174536079158
b2b-all-21809891-4hdt-d,b2b-all-21809891-4hdt-d-2319,b2b-all-21809891-4hdt-d-13641,freight-hdt-D-Diesel-Baseline,3895,-121.26884369455286,48.17174536079158
b2b-all-21809891-4hdt-d,b2b-all-21809891-4hdt-d-2320,b2b-all-21809891-4hdt-d-13642,freight-hdt-D-Diesel-Baseline,3895,-121.26884369455286,48.17174536079158
b2b-all-21809891-4hdt-d,b2b-all-21809891-4hdt-d-2321,b2b-all-21809891-4hdt-d-13643,freight-hdt-D-Diesel-Baseline,3895,-121.26884369455286,48.17174536079158
b2b-all-21809891-5hdt-d,b2b-all-21809891-5hdt-d-2322,b2b-all-21809891-5hdt-d-13662,freight-hdt-D-Diesel-Baseline,3895,-121.26884369455286,48.17174536079158
b2b-all-21809891-5hdt-d,b2b-all-21809891-5hdt-d-2323,b2b-all-21809891-5hdt-d-13663,freight-hdt-D-Diesel-Baseline,3895,-121.26884369455286,48.17174536079158
b2b-all-21809891-5hdt-d,b2b-all-21809891-5hdt-d-2324,b2b-all-21809891-5hdt-d-13664,freight-hdt-D-Diesel-Baseline,3895,-121.26884369455286,48.17174536079158
b2b-all-21809891-5hdt-d,b2b-all-21809891-5hdt-d-2325,b2b-all-21809891-5hdt-d-13665,freight-hdt-D-Diesel-Baseline,3895,-121.26884369455286,48.17174536079158
b2b-all-21809891-5hdt-d,b2b-all-21809891-5hdt-d-2326,b2b-all-21809891-5hdt-d-13666,freight-hdt-D-Diesel-Baseline,3895,-121.26884369455286,48.17174536079158
b2b-all-21810291-6hdt-d,b2b-all-21810291-6hdt-d-2327,b2b-all-21810291-6hdt-d-13689,freight-hdt-D-Diesel-Baseline,3854,-122.3645144674494,48.26687162473969
b2b-all-21810291-7hdt-d,b2b-all-21810291-7hdt-d-2328,b2b-all-21810291-7hdt-d-13711,freight-hdt-D-Diesel-Baseline,3854,-122.3645144674494,48.26687162473969
b2b-all-21810291-7hdt-d,b2b-all-21810291-7hdt-d-2329,b2b-all-21810291-7hdt-d-13712,freight-hdt-D-Diesel-Baseline,3854,-122.3645144674494,48.26687162473969
b2b-all-21810351-8hdt-d-0,b2b-all-21810351-8hdt-d-0-2330,b2b-all-21810351-8hdt-d-0-13728,freight-hdt-D-Diesel-Baseline,3854,-122.3645144674494,48.26687162473969
b2b-all-21810351-8hdt-d-0,b2b-all-21810351-8hdt-d-0-2331,b2b-all-21810351-8hdt-d-0-13734,freight-hdt-D-Diesel-Baseline,3854,-122.3645144674494,48.26687162473969
b2b-all-21810351-8hdt-d-0,b2b-all-21810351-8hdt-d-0-2332,b2b-all-21810351-8hdt-d-0-13728,freight-hdt-D-Diesel-Baseline,3854,-122.3645144674494,48.26687162473969
b2b-all-21810351-8hdt-d-0,b2b-all-21810351-8hdt-d-0-2333,b2b-all-21810351-8hdt-d-0-13729,freight-hdt-D-Diesel-Baseline,3854,-122.3645144674494,48.26687162473969
b2b-all-21810351-8hdt-d-0,b2b-all-21810351-8hdt-d-0-2334,b2b-all-21810351-8hdt-d-0-13730,freight-hdt-D-Diesel-Baseline,3854,-122.3645144674494,48.26687162473969
b2b-all-21810351-8hdt-d-0,b2b-all-21810351-8hdt-d-0-2335,b2b-all-21810351-8hdt-d-0-13731,freight-hdt-D-Diesel-Baseline,3854,-122.3645144674494,48.26687162473969
b2b-all-21810351-8hdt-d-0,b2b-all-21810351-8hdt-d-0-2336,b2b-all-21810351-8hdt-d-0-13732,freight-hdt-D-Diesel-Baseline,3854,-122.3645144674494,48.26687162473969
b2b-all-21810351-8hdt-d-0,b2b-all-21810351-8hdt-d-0-2337,b2b-all-21810351-8hdt-d-0-13733,freight-hdt-D-Diesel-Baseline,3854,-122.3645144674494,48.26687162473969
b2b-all-21810351-8hdt-d-1,b2b-all-21810351-8hdt-d-1-2338,b2b-all-21810351-8hdt-d-1-13751,freight-hdt-D-Diesel-Baseline,3854,-122.3645144674494,48.26687162473969
b2b-all-21810351-8hdt-d-1,b2b-all-21810351-8hdt-d-1-2339,b2b-all-21810351-8hdt-d-1-13752,freight-hdt-D-Diesel-Baseline,3854,-122.3645144674494,48.26687162473969
b2b-all-21810351-8hdt-d-1,b2b-all-21810351-8hdt-d-1-2340,b2b-all-21810351-8hdt-d-1-13753,freight-hdt-D-Diesel-Baseline,3854,-122.3645144674494,48.26687162473969
b2b-all-21810361-9hdt-d-0,b2b-all-21810361-9hdt-d-0-2341,b2b-all-21810361-9hdt-d-0-13774,freight-hdt-D-Diesel-Baseline,3854,-122.3645144674494,48.26687162473969
b2b-all-21810361-9hdt-d-0,b2b-all-21810361-9hdt-d-0-2342,b2b-all-21810361-9hdt-d-0-13775,freight-hdt-D-Diesel-Baseline,3854,-122.3645144674494,48.26687162473969
b2b-all-21810361-9hdt-d-0,b2b-all-21810361-9hdt-d-0-2343,b2b-all-21810361-9hdt-d-0-13776,freight-hdt-D-Diesel-Baseline,3854,-122.3645144674494,48.26687162473969
b2b-all-21810361-9hdt-d-0,b2b-all-21810361-9hdt-d-0-2344,b2b-all-21810361-9hdt-d-0-13777,freight-hdt-D-Diesel-Baseline,3854,-122.3645144674494,48.26687162473969
b2b-all-21810361-9hdt-d-0,b2b-all-21810361-9hdt-d-0-2345,b2b-all-21810361-9hdt-d-0-13778,freight-hdt-D-Diesel-Baseline,3854,-122.3645144674494,48.26687162473969
b2b-all-21810361-9hdt-d-0,b2b-all-21810361-9hdt-d-0-2346,b2b-all-21810361-9hdt-d-0-13779,freight-hdt-D-Diesel-Baseline,3854,-122.3645144674494,48.26687162473969
b2b-all-21810361-9hdt-d-0,b2b-all-21810361-9hdt-d-0-2347,b2b-all-21810361-9hdt-d-0-13780,freight-hdt-D-Diesel-Baseline,3854,-122.3645144674494,48.26687162473969
b2b-all-21810361-9hdt-d-0,b2b-all-21810361-9hdt-d-0-2348,b2b-all-21810361-9hdt-d-0-13781,freight-hdt-D-Diesel-Baseline,3854,-122.3645144674494,48.26687162473969
b2b-all-21810361-9hdt-d-1,b2b-all-21810361-9hdt-d-1-2349,b2b-all-21810361-9hdt-d-1-13797,freight-hdt-D-Diesel-Baseline,3854,-122.3645144674494,48.26687162473969
b2b-all-21810361-9hdt-d-1,b2b-all-21810361-9hdt-d-1-2350,b2b-all-21810361-9hdt-d-1-13798,freight-hdt-D-Diesel-Baseline,3854,-122.3645144674494,48.26687162473969
b2b-all-22118421-10hdt-d,b2b-all-22118421-10hdt-d-2351,b2b-all-22118421-10hdt-d-13827,freight-hdt-D-Diesel-Baseline,1964,-122.1842670250109,47.331854708105176
b2b-all-22118421-11hdt-d,b2b-all-22118421-11hdt-d-2352,b2b-all-22118421-11hdt-d-13848,freight-hdt-D-Diesel-Baseline,1964,-122.1842670250109,47.331854708105176
b2b-all-22118421-11hdt-d,b2b-all-22118421-11hdt-d-2353,b2b-all-22118421-11hdt-d-13849,freight-hdt-D-Diesel-Baseline,1964,-122.1842670250109,47.331854708105176
b2b-all-22118421-11hdt-d,b2b-all-22118421-11hdt-d-2354,b2b-all-22118421-11hdt-d-13850,freight-hdt-D-Diesel-Baseline,1964,-122.1842670250109,47.331854708105176
b2b-all-22118511-12hdt-d,b2b-all-22118511-12hdt-d-2355,b2b-all-22118511-12hdt-d-13866,freight-hdt-D-Diesel-Baseline,1095,-122.37418533689964,47.670507719013365
b2b-all-22118511-12hdt-d,b2b-all-22118511-12hdt-d-2356,b2b-all-22118511-12hdt-d-13867,freight-hdt-D-Diesel-Baseline,1095,-122.37418533689964,47.670507719013365
b2b-all-22118511-12hdt-d,b2b-all-22118511-12hdt-d-2357,b2b-all-22118511-12hdt-d-13868,freight-hdt-D-Diesel-Baseline,1095,-122.37418533689964,47.670507719013365
b2b-all-22118511-12hdt-d,b2b-all-22118511-12hdt-d-2358,b2b-all-22118511-12hdt-d-13869,freight-hdt-D-Diesel-Baseline,1095,-122.37418533689964,47.670507719013365
b2b-all-22118511-12hdt-d,b2b-all-22118511-12hdt-d-2359,b2b-all-22118511-12hdt-d-13870,freight-hdt-D-Diesel-Baseline,1095,-122.37418533689964,47.670507719013365
b2b-all-22118511-12hdt-d,b2b-all-22118511-12hdt-d-2360,b2b-all-22118511-12hdt-d-13871,freight-hdt-D-Diesel-Baseline,1095,-122.37418533689964,47.670507719013365
b2b-all-22118511-12hdt-d,b2b-all-22118511-12hdt-d-2361,b2b-all-22118511-12hdt-d-13872,freight-hdt-D-Diesel-Baseline,1095,-122.37418533689964,47.670507719013365
b2b-all-22118511-13hdt-d,b2b-all-22118511-13hdt-d-2362,b2b-all-22118511-13hdt-d-13894,freight-hdt-D-Diesel-Baseline,1095,-122.37418533689964,47.670507719013365
b2b-all-22118511-13hdt-d,b2b-all-22118511-13hdt-d-2363,b2b-all-22118511-13hdt-d-13895,freight-hdt-D-Diesel-Baseline,1095,-122.37418533689964,47.670507719013365
b2b-all-22118511-13hdt-d,b2b-all-22118511-13hdt-d-2364,b2b-all-22118511-13hdt-d-13896,freight-hdt-D-Diesel-Baseline,1095,-122.37418533689964,47.670507719013365
b2b-all-22118511-13hdt-d,b2b-all-22118511-13hdt-d-2365,b2b-all-22118511-13hdt-d-13893,freight-hdt-D-Diesel-Baseline,1095,-122.37418533689964,47.670507719013365
b2b-all-22120591-14hdt-d-0,b2b-all-22120591-14hdt-d-0-2366,b2b-all-22120591-14hdt-d-0-13912,freight-hdt-D-Diesel-Baseline,3191,-122.48240942711132,47.05796598200305
b2b-all-22120591-14hdt-d-0,b2b-all-22120591-14hdt-d-0-2367,b2b-all-22120591-14hdt-d-0-13913,freight-hdt-D-Diesel-Baseline,3191,-122.48240942711132,47.05796598200305
b2b-all-22120591-14hdt-d-0,b2b-all-22120591-14hdt-d-0-2368,b2b-all-22120591-14hdt-d-0-13914,freight-hdt-D-Diesel-Baseline,3191,-122.48240942711132,47.05796598200305
b2b-all-22120591-14hdt-d-0,b2b-all-22120591-14hdt-d-0-2369,b2b-all-22120591-14hdt-d-0-13915,freight-hdt-D-Diesel-Baseline,3191,-122.48240942711132,47.05796598200305
b2b-all-22120591-14hdt-d-0,b2b-all-22120591-14hdt-d-0-2370,b2b-all-22120591-14hdt-d-0-13916,freight-hdt-D-Diesel-Baseline,3191,-122.48240942711132,47.05796598200305
b2b-all-22120591-14hdt-d-0,b2b-all-22120591-14hdt-d-0-2371,b2b-all-22120591-14hdt-d-0-13917,freight-hdt-D-Diesel-Baseline,3191,-122.48240942711132,47.05796598200305
b2b-all-22120591-14hdt-d-0,b2b-all-22120591-14hdt-d-0-2372,b2b-all-22120591-14hdt-d-0-13918,freight-hdt-D-Diesel-Baseline,3191,-122.48240942711132,47.05796598200305
b2b-all-22120591-14hdt-d-0,b2b-all-22120591-14hdt-d-0-2373,b2b-all-22120591-14hdt-d-0-13919,freight-hdt-D-Diesel-Baseline,3191,-122.48240942711132,47.05796598200305
b2b-all-22120591-14hdt-d-1,b2b-all-22120591-14hdt-d-1-2374,b2b-all-22120591-14hdt-d-1-13935,freight-hdt-D-Diesel-Baseline,3191,-122.48240942711132,47.05796598200305
b2b-all-22120591-14hdt-d-1,b2b-all-22120591-14hdt-d-1-2375,b2b-all-22120591-14hdt-d-1-13936,freight-hdt-D-Diesel-Baseline,3191,-122.48240942711132,47.05796598200305
b2b-all-22122971-15hdt-d-0,b2b-all-22122971-15hdt-d-0-2376,b2b-all-22122971-15hdt-d-0-13958,freight-hdt-D-Diesel-Baseline,3191,-122.48240942711132,47.05796598200305
b2b-all-22122971-15hdt-d-0,b2b-all-22122971-15hdt-d-0-2377,b2b-all-22122971-15hdt-d-0-13959,freight-hdt-D-Diesel-Baseline,3191,-122.48240942711132,47.05796598200305
b2b-all-22122971-15hdt-d-0,b2b-all-22122971-15hdt-d-0-2378,b2b-all-22122971-15hdt-d-0-13960,freight-hdt-D-Diesel-Baseline,3191,-122.48240942711132,47.05796598200305
b2b-all-22122971-15hdt-d-0,b2b-all-22122971-15hdt-d-0-2379,b2b-all-22122971-15hdt-d-0-13961,freight-hdt-D-Diesel-Baseline,3191,-122.48240942711132,47.05796598200305
b2b-all-22122971-15hdt-d-0,b2b-all-22122971-15hdt-d-0-2380,b2b-all-22122971-15hdt-d-0-13962,freight-hdt-D-Diesel-Baseline,3191,-122.48240942711132,47.05796598200305
b2b-all-22122971-15hdt-d-0,b2b-all-22122971-15hdt-d-0-2381,b2b-all-22122971-15hdt-d-0-13963,freight-hdt-D-Diesel-Baseline,3191,-122.48240942711132,47.05796598200305
b2b-all-22122971-15hdt-d-0,b2b-all-22122971-15hdt-d-0-2382,b2b-all-22122971-15hdt-d-0-13964,freight-hdt-D-Diesel-Baseline,3191,-122.48240942711132,47.05796598200305
b2b-all-22122971-15hdt-d-0,b2b-all-22122971-15hdt-d-0-2383,b2b-all-22122971-15hdt-d-0-13965,freight-hdt-D-Diesel-Baseline,3191,-122.48240942711132,47.05796598200305
b2b-all-22122971-15hdt-d-1,b2b-all-22122971-15hdt-d-1-2384,b2b-all-22122971-15hdt-d-1-13988,freight-hdt-D-Diesel-Baseline,3191,-122.48240942711132,47.05796598200305
b2b-all-22122971-16hdt-d,b2b-all-22122971-16hdt-d-2385,b2b-all-22122971-16hdt-d-14009,freight-hdt-D-Diesel-Baseline,3191,-122.48240942711132,47.05796598200305
b2b-all-22122971-16hdt-d,b2b-all-22122971-16hdt-d-2386,b2b-all-22122971-16hdt-d-14010,freight-hdt-D-Diesel-Baseline,3191,-122.48240942711132,47.05796598200305
b2b-all-22122971-16hdt-d,b2b-all-22122971-16hdt-d-2387,b2b-all-22122971-16hdt-d-14011,freight-hdt-D-Diesel-Baseline,3191,-122.48240942711132,47.05796598200305
b2b-all-22123031-17hdt-d,b2b-all-22123031-17hdt-d-2388,b2b-all-22123031-17hdt-d-14027,freight-hdt-D-Diesel-Baseline,3184,-122.66808420396303,47.10635009599398
b2b-all-22123031-17hdt-d,b2b-all-22123031-17hdt-d-2389,b2b-all-22123031-17hdt-d-14028,freight-hdt-D-Diesel-Baseline,3184,-122.66808420396303,47.10635009599398
b2b-all-22123031-17hdt-d,b2b-all-22123031-17hdt-d-2390,b2b-all-22123031-17hdt-d-14029,freight-hdt-D-Diesel-Baseline,3184,-122.66808420396303,47.10635009599398
b2b-all-22123031-17hdt-d,b2b-all-22123031-17hdt-d-2391,b2b-all-22123031-17hdt-d-14030,freight-hdt-D-Diesel-Baseline,3184,-122.66808420396303,47.10635009599398
b2b-all-22123031-17hdt-d,b2b-all-22123031-17hdt-d-2392,b2b-all-22123031-17hdt-d-14031,freight-hdt-D-Diesel-Baseline,3184,-122.66808420396303,47.10635009599398
b2b-all-22123031-17hdt-d,b2b-all-22123031-17hdt-d-2393,b2b-all-22123031-17hdt-d-14032,freight-hdt-D-Diesel-Baseline,3184,-122.66808420396303,47.10635009599398
b2b-all-22123031-17hdt-d,b2b-all-22123031-17hdt-d-2394,b2b-all-22123031-17hdt-d-14033,freight-hdt-D-Diesel-Baseline,3184,-122.66808420396303,47.10635009599398
b2b-all-22123031-17hdt-d,b2b-all-22123031-17hdt-d-2395,b2b-all-22123031-17hdt-d-14034,freight-hdt-D-Diesel-Baseline,3184,-122.66808420396303,47.10635009599398
b2b-all-22123031-18hdt-d,b2b-all-22123031-18hdt-d-2396,b2b-all-22123031-18hdt-d-14055,freight-hdt-D-Diesel-Baseline,3184,-122.66808420396303,47.10635009599398
b2b-all-22123031-18hdt-d,b2b-all-22123031-18hdt-d-2397,b2b-all-22123031-18hdt-d-14056,freight-hdt-D-Diesel-Baseline,3184,-122.66808420396303,47.10635009599398
b2b-all-22123031-18hdt-d,b2b-all-22123031-18hdt-d-2398,b2b-all-22123031-18hdt-d-14057,freight-hdt-D-Diesel-Baseline,3184,-122.66808420396303,47.10635009599398
b2b-all-22123031-18hdt-d,b2b-all-22123031-18hdt-d-2399,b2b-all-22123031-18hdt-d-14054,freight-hdt-D-Diesel-Baseline,3184,-122.66808420396303,47.10635009599398
b2b-all-22123061-19hdt-d-0,b2b-all-22123061-19hdt-d-0-2400,b2b-all-22123061-19hdt-d-0-14073,freight-hdt-D-Diesel-Baseline,5885,-123.12917480974409,44.98433170990787
b2b-all-22123061-19hdt-d-0,b2b-all-22123061-19hdt-d-0-2401,b2b-all-22123061-19hdt-d-0-14074,freight-hdt-D-Diesel-Baseline,5885,-123.12917480974409,44.98433170990787
b2b-all-22123061-19hdt-d-0,b2b-all-22123061-19hdt-d-0-2402,b2b-all-22123061-19hdt-d-0-14075,freight-hdt-D-Diesel-Baseline,5885,-123.12917480974409,44.98433170990787
b2b-all-22123061-19hdt-d-0,b2b-all-22123061-19hdt-d-0-2403,b2b-all-22123061-19hdt-d-0-14076,freight-hdt-D-Diesel-Baseline,5885,-123.12917480974409,44.98433170990787
b2b-all-22123061-19hdt-d-0,b2b-all-22123061-19hdt-d-0-2404,b2b-all-22123061-19hdt-d-0-14077,freight-hdt-D-Diesel-Baseline,5885,-123.12917480974409,44.98433170990787
b2b-all-22123061-19hdt-d-0,b2b-all-22123061-19hdt-d-0-2405,b2b-all-22123061-19hdt-d-0-14078,freight-hdt-D-Diesel-Baseline,5885,-123.12917480974409,44.98433170990787
b2b-all-22123061-19hdt-d-0,b2b-all-22123061-19hdt-d-0-2406,b2b-all-22123061-19hdt-d-0-14079,freight-hdt-D-Diesel-Baseline,5885,-123.12917480974409,44.98433170990787
b2b-all-22123061-19hdt-d-0,b2b-all-22123061-19hdt-d-0-2407,b2b-all-22123061-19hdt-d-0-14080,freight-hdt-D-Diesel-Baseline,5885,-123.12917480974409,44.98433170990787
b2b-all-22123061-19hdt-d-1,b2b-all-22123061-19hdt-d-1-2408,b2b-all-22123061-19hdt-d-1-14096,freight-hdt-D-Diesel-Baseline,5885,-123.12917480974409,44.98433170990787
b2b-all-22123061-19hdt-d-1,b2b-all-22123061-19hdt-d-1-2409,b2b-all-22123061-19hdt-d-1-14097,freight-hdt-D-Diesel-Baseline,5885,-123.12917480974409,44.98433170990787
b2b-all-22123461-20hdt-d,b2b-all-22123461-20hdt-d-2410,b2b-all-22123461-20hdt-d-14119,freight-hdt-D-Diesel-Baseline,5885,-123.12917480974409,44.98433170990787
b2b-all-22123461-20hdt-d,b2b-all-22123461-20hdt-d-2411,b2b-all-22123461-20hdt-d-14120,freight-hdt-D-Diesel-Baseline,5885,-123.12917480974409,44.98433170990787
b2b-all-22123461-20hdt-d,b2b-all-22123461-20hdt-d-2412,b2b-all-22123461-20hdt-d-14121,freight-hdt-D-Diesel-Baseline,5885,-123.12917480974409,44.98433170990787
b2b-all-22123461-20hdt-d,b2b-all-22123461-20hdt-d-2413,b2b-all-22123461-20hdt-d-14122,freight-hdt-D-Diesel-Baseline,5885,-123.12917480974409,44.98433170990787
b2b-all-22123461-20hdt-d,b2b-all-22123461-20hdt-d-2414,b2b-all-22123461-20hdt-d-14125,freight-hdt-D-Diesel-Baseline,5885,-123.12917480974409,44.98433170990787
b2b-all-22123461-20hdt-d,b2b-all-22123461-20hdt-d-2415,b2b-all-22123461-20hdt-d-14126,freight-hdt-D-Diesel-Baseline,5885,-123.12917480974409,44.98433170990787
b2b-all-22123461-21hdt-d,b2b-all-22123461-21hdt-d-2416,b2b-all-22123461-21hdt-d-14144,freight-hdt-D-Diesel-Baseline,5885,-123.12917480974409,44.98433170990787
b2b-all-22123461-21hdt-d,b2b-all-22123461-21hdt-d-2417,b2b-all-22123461-21hdt-d-14145,freight-hdt-D-Diesel-Baseline,5885,-123.12917480974409,44.98433170990787
b2b-all-22123461-21hdt-d,b2b-all-22123461-21hdt-d-2418,b2b-all-22123461-21hdt-d-14146,freight-hdt-D-Diesel-Baseline,5885,-123.12917480974409,44.98433170990787
b2b-all-22123461-21hdt-d,b2b-all-22123461-21hdt-d-2419,b2b-all-22123461-21hdt-d-14147,freight-hdt-D-Diesel-Baseline,5885,-123.12917480974409,44.98433170990787
b2b-all-22123461-21hdt-d,b2b-all-22123461-21hdt-d-2420,b2b-all-22123461-21hdt-d-14148,freight-hdt-D-Diesel-Baseline,5885,-123.12917480974409,44.98433170990787
b2b-all-22123461-21hdt-d,b2b-all-22123461-21hdt-d-2421,b2b-all-22123461-21hdt-d-14149,freight-hdt-D-Diesel-Baseline,5885,-123.12917480974409,44.98433170990787
b2b-all-22123501-22hdt-d,b2b-all-22123501-22hdt-d-2422,b2b-all-22123501-22hdt-d-14165,freight-hdt-D-Diesel-Baseline,5885,-123.12917480974409,44.98433170990787
b2b-all-22123501-22hdt-d,b2b-all-22123501-22hdt-d-2423,b2b-all-22123501-22hdt-d-14166,freight-hdt-D-Diesel-Baseline,5885,-123.12917480974409,44.98433170990787
b2b-all-22123501-22hdt-d,b2b-all-22123501-22hdt-d-2424,b2b-all-22123501-22hdt-d-14167,freight-hdt-D-Diesel-Baseline,5885,-123.12917480974409,44.98433170990787
b2b-all-22123501-22hdt-d,b2b-all-22123501-22hdt-d-2425,b2b-all-22123501-22hdt-d-14168,freight-hdt-D-Diesel-Baseline,5885,-123.12917480974409,44.98433170990787
b2b-all-22123501-22hdt-d,b2b-all-22123501-22hdt-d-2426,b2b-all-22123501-22hdt-d-14169,freight-hdt-D-Diesel-Baseline,5885,-123.12917480974409,44.98433170990787
b2b-all-22123501-22hdt-d,b2b-all-22123501-22hdt-d-2427,b2b-all-22123501-22hdt-d-14170,freight-hdt-D-Diesel-Baseline,5885,-123.12917480974409,44.98433170990787
b2b-all-22123501-22hdt-d,b2b-all-22123501-22hdt-d-2428,b2b-all-22123501-22hdt-d-14171,freight-hdt-D-Diesel-Baseline,5885,-123.12917480974409,44.98433170990787
b2b-all-22123501-22hdt-d,b2b-all-22123501-22hdt-d-2429,b2b-all-22123501-22hdt-d-14165,freight-hdt-D-Diesel-Baseline,5885,-123.12917480974409,44.98433170990787
b2b-all-22123501-23hdt-d,b2b-all-22123501-23hdt-d-2430,b2b-all-22123501-23hdt-d-14193,freight-hdt-D-Diesel-Baseline,5885,-123.12917480974409,44.98433170990787
b2b-all-22123501-23hdt-d,b2b-all-22123501-23hdt-d-2431,b2b-all-22123501-23hdt-d-14194,freight-hdt-D-Diesel-Baseline,5885,-123.12917480974409,44.98433170990787
b2b-all-22123501-23hdt-d,b2b-all-22123501-23hdt-d-2432,b2b-all-22123501-23hdt-d-14195,freight-hdt-D-Diesel-Baseline,5885,-123.12917480974409,44.98433170990787
b2b-all-22123511-24hdt-d,b2b-all-22123511-24hdt-d-2433,b2b-all-22123511-24hdt-d-14211,freight-hdt-D-Diesel-Baseline,5885,-123.12917480974409,44.98433170990787
b2b-all-22123511-24hdt-d,b2b-all-22123511-24hdt-d-2434,b2b-all-22123511-24hdt-d-14212,freight-hdt-D-Diesel-Baseline,5885,-123.12917480974409,44.98433170990787
b2b-all-22123511-24hdt-d,b2b-all-22123511-24hdt-d-2435,b2b-all-22123511-24hdt-d-14213,freight-hdt-D-Diesel-Baseline,5885,-123.12917480974409,44.98433170990787
b2b-all-22123511-24hdt-d,b2b-all-22123511-24hdt-d-2436,b2b-all-22123511-24hdt-d-14216,freight-hdt-D-Diesel-Baseline,5885,-123.12917480974409,44.98433170990787
b2b-all-22123511-24hdt-d,b2b-all-22123511-24hdt-d-2437,b2b-all-22123511-24hdt-d-14217,freight-hdt-D-Diesel-Baseline,5885,-123.12917480974409,44.98433170990787
b2b-all-22123511-24hdt-d,b2b-all-22123511-24hdt-d-2438,b2b-all-22123511-24hdt-d-14218,freight-hdt-D-Diesel-Baseline,5885,-123.12917480974409,44.98433170990787
b2b-all-22123511-24hdt-d,b2b-all-22123511-24hdt-d-2439,b2b-all-22123511-24hdt-d-14212,freight-hdt-D-Diesel-Baseline,5885,-123.12917480974409,44.98433170990787
b2b-all-22123511-25hdt-d,b2b-all-22123511-25hdt-d-2440,b2b-all-22123511-25hdt-d-14238,freight-hdt-D-Diesel-Baseline,5885,-123.12917480974409,44.98433170990787
b2b-all-22123511-25hdt-d,b2b-all-22123511-25hdt-d-2441,b2b-all-22123511-25hdt-d-14239,freight-hdt-D-Diesel-Baseline,5885,-123.12917480974409,44.98433170990787
b2b-all-22123511-25hdt-d,b2b-all-22123511-25hdt-d-2442,b2b-all-22123511-25hdt-d-14240,freight-hdt-D-Diesel-Baseline,5885,-123.12917480974409,44.98433170990787
b2b-all-22123511-25hdt-d,b2b-all-22123511-25hdt-d-2443,b2b-all-22123511-25hdt-d-14241,freight-hdt-D-Diesel-Baseline,5885,-123.12917480974409,44.98433170990787
b2b-all-22125121-26hdt-d,b2b-all-22125121-26hdt-d-2444,b2b-all-22125121-26hdt-d-14257,freight-hdt-D-Diesel-Baseline,2128,-121.69744610643237,47.16798796331104
b2b-all-22125121-26hdt-d,b2b-all-22125121-26hdt-d-2445,b2b-all-22125121-26hdt-d-14258,freight-hdt-D-Diesel-Baseline,2128,-121.69744610643237,47.16798796331104
b2b-all-22125121-26hdt-d,b2b-all-22125121-26hdt-d-2446,b2b-all-22125121-26hdt-d-14259,freight-hdt-D-Diesel-Baseline,2128,-121.69744610643237,47.16798796331104
b2b-all-22125121-26hdt-d,b2b-all-22125121-26hdt-d-2447,b2b-all-22125121-26hdt-d-14260,freight-hdt-D-Diesel-Baseline,2128,-121.69744610643237,47.16798796331104
b2b-all-22125121-26hdt-d,b2b-all-22125121-26hdt-d-2448,b2b-all-22125121-26hdt-d-14263,freight-hdt-D-Diesel-Baseline,2128,-121.69744610643237,47.16798796331104
b2b-all-22125121-26hdt-d,b2b-all-22125121-26hdt-d-2449,b2b-all-22125121-26hdt-d-14264,freight-hdt-D-Diesel-Baseline,2128,-121.69744610643237,47.16798796331104
b2b-all-22125121-27hdt-d,b2b-all-22125121-27hdt-d-2450,b2b-all-22125121-27hdt-d-14282,freight-hdt-D-Diesel-Baseline,2128,-121.69744610643237,47.16798796331104
b2b-all-22125121-27hdt-d,b2b-all-22125121-27hdt-d-2451,b2b-all-22125121-27hdt-d-14283,freight-hdt-D-Diesel-Baseline,2128,-121.69744610643237,47.16798796331104
b2b-all-22125121-27hdt-d,b2b-all-22125121-27hdt-d-2452,b2b-all-22125121-27hdt-d-14284,freight-hdt-D-Diesel-Baseline,2128,-121.69744610643237,47.16798796331104
b2b-all-22125121-27hdt-d,b2b-all-22125121-27hdt-d-2453,b2b-all-22125121-27hdt-d-14285,freight-hdt-D-Diesel-Baseline,2128,-121.69744610643237,47.16798796331104
b2b-all-22125121-27hdt-d,b2b-all-22125121-27hdt-d-2454,b2b-all-22125121-27hdt-d-14286,freight-hdt-D-Diesel-Baseline,2128,-121.69744610643237,47.16798796331104
b2b-all-22125121-27hdt-d,b2b-all-22125121-27hdt-d-2455,b2b-all-22125121-27hdt-d-14287,freight-hdt-D-Diesel-Baseline,2128,-121.69744610643237,47.16798796331104
b2b-all-22125161-28md-d-0,b2b-all-22125161-28md-d-0-2456,b2b-all-22125161-28md-d-0-14313,freight-md-D-Diesel-Baseline,2128,-121.69744610643237,47.16798796331104
b2b-all-22125161-28md-d-0,b2b-all-22125161-28md-d-0-2457,b2b-all-22125161-28md-d-0-14314,freight-md-D-Diesel-Baseline,2128,-121.69744610643237,47.16798796331104
b2b-all-22125161-28md-d-0,b2b-all-22125161-28md-d-0-2458,b2b-all-22125161-28md-d-0-14315,freight-md-D-Diesel-Baseline,2128,-121.69744610643237,47.16798796331104
b2b-all-22125161-28md-d-0,b2b-all-22125161-28md-d-0-2459,b2b-all-22125161-28md-d-0-14316,freight-md-D-Diesel-Baseline,2128,-121.69744610643237,47.16798796331104
b2b-all-22125161-28md-d-0,b2b-all-22125161-28md-d-0-2460,b2b-all-22125161-28md-d-0-14317,freight-md-D-Diesel-Baseline,2128,-121.69744610643237,47.16798796331104
b2b-all-22125161-28md-d-0,b2b-all-22125161-28md-d-0-2461,b2b-all-22125161-28md-d-0-14318,freight-md-D-Diesel-Baseline,2128,-121.69744610643237,47.16798796331104
b2b-all-22125161-28md-d-0,b2b-all-22125161-28md-d-0-2462,b2b-all-22125161-28md-d-0-14319,freight-md-D-Diesel-Baseline,2128,-121.69744610643237,47.16798796331104
b2b-all-22125161-28md-d-0,b2b-all-22125161-28md-d-0-2463,b2b-all-22125161-28md-d-0-14320,freight-md-D-Diesel-Baseline,2128,-121.69744610643237,47.16798796331104
b2b-all-22125161-28md-d-1,b2b-all-22125161-28md-d-1-2464,b2b-all-22125161-28md-d-1-14336,freight-md-D-Diesel-Baseline,2128,-121.69744610643237,47.16798796331104
b2b-all-22125161-28md-d-1,b2b-all-22125161-28md-d-1-2465,b2b-all-22125161-28md-d-1-14337,freight-md-D-Diesel-Baseline,2128,-121.69744610643237,47.16798796331104
b2b-all-22125201-29hdt-d,b2b-all-22125201-29hdt-d-2466,b2b-all-22125201-29hdt-d-14350,freight-hdt-D-Diesel-Baseline,2128,-121.69744610643237,47.16798796331104
b2b-all-22125201-29hdt-d,b2b-all-22125201-29hdt-d-2467,b2b-all-22125201-29hdt-d-14351,freight-hdt-D-Diesel-Baseline,2128,-121.69744610643237,47.16798796331104
b2b-all-22125201-29hdt-d,b2b-all-22125201-29hdt-d-2468,b2b-all-22125201-29hdt-d-14352,freight-hdt-D-Diesel-Baseline,2128,-121.69744610643237,47.16798796331104
b2b-all-22125201-29hdt-d,b2b-all-22125201-29hdt-d-2469,b2b-all-22125201-29hdt-d-14353,freight-hdt-D-Diesel-Baseline,2128,-121.69744610643237,47.16798796331104
b2b-all-22125201-29hdt-d,b2b-all-22125201-29hdt-d-2470,b2b-all-22125201-29hdt-d-14355,freight-hdt-D-Diesel-Baseline,2128,-121.69744610643237,47.16798796331104
b2b-all-22125201-29hdt-d,b2b-all-22125201-29hdt-d-2471,b2b-all-22125201-29hdt-d-14350,freight-hdt-D-Diesel-Baseline,2128,-121.69744610643237,47.16798796331104
b2b-all-22125201-29hdt-d,b2b-all-22125201-29hdt-d-2472,b2b-all-22125201-29hdt-d-14351,freight-hdt-D-Diesel-Baseline,2128,-121.69744610643237,47.16798796331104
b2b-all-22125201-30hdt-d,b2b-all-22125201-30hdt-d-2473,b2b-all-22125201-30hdt-d-14375,freight-hdt-D-Diesel-Baseline,2128,-121.69744610643237,47.16798796331104
b2b-all-22125201-30hdt-d,b2b-all-22125201-30hdt-d-2474,b2b-all-22125201-30hdt-d-14376,freight-hdt-D-Diesel-Baseline,2128,-121.69744610643237,47.16798796331104
b2b-all-22125201-30hdt-d,b2b-all-22125201-30hdt-d-2475,b2b-all-22125201-30hdt-d-14377,freight-hdt-D-Diesel-Baseline,2128,-121.69744610643237,47.16798796331104
b2b-all-22125201-30hdt-d,b2b-all-22125201-30hdt-d-2476,b2b-all-22125201-30hdt-d-14378,freight-hdt-D-Diesel-Baseline,2128,-121.69744610643237,47.16798796331104
b2b-all-22125201-30hdt-d,b2b-all-22125201-30hdt-d-2477,b2b-all-22125201-30hdt-d-14379,freight-hdt-D-Diesel-Baseline,2128,-121.69744610643237,47.16798796331104
b2b-all-22125311-31hdt-d,b2b-all-22125311-31hdt-d-2478,b2b-all-22125311-31hdt-d-14395,freight-hdt-D-Diesel-Baseline,3895,-121.26884369455286,48.17174536079158
b2b-all-22125311-31hdt-d,b2b-all-22125311-31hdt-d-2479,b2b-all-22125311-31hdt-d-14396,freight-hdt-D-Diesel-Baseline,3895,-121.26884369455286,48.17174536079158
b2b-all-22125311-31hdt-d,b2b-all-22125311-31hdt-d-2480,b2b-all-22125311-31hdt-d-14397,freight-hdt-D-Diesel-Baseline,3895,-121.26884369455286,48.17174536079158
b2b-all-22125311-31hdt-d,b2b-all-22125311-31hdt-d-2481,b2b-all-22125311-31hdt-d-14400,freight-hdt-D-Diesel-Baseline,3895,-121.26884369455286,48.17174536079158
b2b-all-22125311-31hdt-d,b2b-all-22125311-31hdt-d-2482,b2b-all-22125311-31hdt-d-14401,freight-hdt-D-Diesel-Baseline,3895,-121.26884369455286,48.17174536079158
b2b-all-22125311-32hdt-d,b2b-all-22125311-32hdt-d-2483,b2b-all-22125311-32hdt-d-14420,freight-hdt-D-Diesel-Baseline,3895,-121.26884369455286,48.17174536079158
b2b-all-22125311-32hdt-d,b2b-all-22125311-32hdt-d-2484,b2b-all-22125311-32hdt-d-14421,freight-hdt-D-Diesel-Baseline,3895,-121.26884369455286,48.17174536079158
b2b-all-22125311-32hdt-d,b2b-all-22125311-32hdt-d-2485,b2b-all-22125311-32hdt-d-14422,freight-hdt-D-Diesel-Baseline,3895,-121.26884369455286,48.17174536079158
b2b-all-22125311-32hdt-d,b2b-all-22125311-32hdt-d-2486,b2b-all-22125311-32hdt-d-14423,freight-hdt-D-Diesel-Baseline,3895,-121.26884369455286,48.17174536079158
b2b-all-22125311-32hdt-d,b2b-all-22125311-32hdt-d-2487,b2b-all-22125311-32hdt-d-14424,freight-hdt-D-Diesel-Baseline,3895,-121.26884369455286,48.17174536079158
b2b-all-22125311-32hdt-d,b2b-all-22125311-32hdt-d-2488,b2b-all-22125311-32hdt-d-14425,freight-hdt-D-Diesel-Baseline,3895,-121.26884369455286,48.17174536079158
b2b-all-22125341-33hdt-d,b2b-all-22125341-33hdt-d-2489,b2b-all-22125341-33hdt-d-14441,freight-hdt-D-Diesel-Baseline,3895,-121.26884369455286,48.17174536079158
b2b-all-22125341-33hdt-d,b2b-all-22125341-33hdt-d-2490,b2b-all-22125341-33hdt-d-14442,freight-hdt-D-Diesel-Baseline,3895,-121.26884369455286,48.17174536079158
b2b-all-22125341-33hdt-d,b2b-all-22125341-33hdt-d-2491,b2b-all-22125341-33hdt-d-14443,freight-hdt-D-Diesel-Baseline,3895,-121.26884369455286,48.17174536079158
b2b-all-22125341-33hdt-d,b2b-all-22125341-33hdt-d-2492,b2b-all-22125341-33hdt-d-14444,freight-hdt-D-Diesel-Baseline,3895,-121.26884369455286,48.17174536079158
b2b-all-22125341-33hdt-d,b2b-all-22125341-33hdt-d-2493,b2b-all-22125341-33hdt-d-14445,freight-hdt-D-Diesel-Baseline,3895,-121.26884369455286,48.17174536079158
b2b-all-22125341-33hdt-d,b2b-all-22125341-33hdt-d-2494,b2b-all-22125341-33hdt-d-14446,freight-hdt-D-Diesel-Baseline,3895,-121.26884369455286,48.17174536079158
b2b-all-22125341-33hdt-d,b2b-all-22125341-33hdt-d-2495,b2b-all-22125341-33hdt-d-14447,freight-hdt-D-Diesel-Baseline,3895,-121.26884369455286,48.17174536079158
b2b-all-22125341-34hdt-d,b2b-all-22125341-34hdt-d-2496,b2b-all-22125341-34hdt-d-14469,freight-hdt-D-Diesel-Baseline,3895,-121.26884369455286,48.17174536079158
b2b-all-22125341-34hdt-d,b2b-all-22125341-34hdt-d-2497,b2b-all-22125341-34hdt-d-14470,freight-hdt-D-Diesel-Baseline,3895,-121.26884369455286,48.17174536079158
b2b-all-22125341-34hdt-d,b2b-all-22125341-34hdt-d-2498,b2b-all-22125341-34hdt-d-14471,freight-hdt-D-Diesel-Baseline,3895,-121.26884369455286,48.17174536079158
b2b-all-22126211-35hdt-d-0,b2b-all-22126211-35hdt-d-0-2499,b2b-all-22126211-35hdt-d-0-14492,freight-hdt-D-Diesel-Baseline,3854,-122.3645144674494,48.26687162473969
b2b-all-22126211-35hdt-d-0,b2b-all-22126211-35hdt-d-0-2500,b2b-all-22126211-35hdt-d-0-14493,freight-hdt-D-Diesel-Baseline,3854,-122.3645144674494,48.26687162473969
b2b-all-22126211-35hdt-d-0,b2b-all-22126211-35hdt-d-0-2501,b2b-all-22126211-35hdt-d-0-14494,freight-hdt-D-Diesel-Baseline,3854,-122.3645144674494,48.26687162473969
b2b-all-22126211-35hdt-d-1,b2b-all-22126211-35hdt-d-1-2502,b2b-all-22126211-35hdt-d-1-14517,freight-hdt-D-Diesel-Baseline,3854,-122.3645144674494,48.26687162473969
b2b-all-22126321-36hdt-d-0,b2b-all-22126321-36hdt-d-0-2503,b2b-all-22126321-36hdt-d-0-14533,freight-hdt-D-Diesel-Baseline,3854,-122.3645144674494,48.26687162473969
b2b-all-22126321-36hdt-d-0,b2b-all-22126321-36hdt-d-0-2504,b2b-all-22126321-36hdt-d-0-14534,freight-hdt-D-Diesel-Baseline,3854,-122.3645144674494,48.26687162473969
b2b-all-22126321-36hdt-d-0,b2b-all-22126321-36hdt-d-0-2505,b2b-all-22126321-36hdt-d-0-14535,freight-hdt-D-Diesel-Baseline,3854,-122.3645144674494,48.26687162473969
b2b-all-22126321-36hdt-d-0,b2b-all-22126321-36hdt-d-0-2506,b2b-all-22126321-36hdt-d-0-14536,freight-hdt-D-Diesel-Baseline,3854,-122.3645144674494,48.26687162473969
b2b-all-22126321-36hdt-d-0,b2b-all-22126321-36hdt-d-0-2507,b2b-all-22126321-36hdt-d-0-14537,freight-hdt-D-Diesel-Baseline,3854,-122.3645144674494,48.26687162473969
b2b-all-22126321-36hdt-d-0,b2b-all-22126321-36hdt-d-0-2508,b2b-all-22126321-36hdt-d-0-14538,freight-hdt-D-Diesel-Baseline,3854,-122.3645144674494,48.26687162473969
b2b-all-22126321-36hdt-d-0,b2b-all-22126321-36hdt-d-0-2509,b2b-all-22126321-36hdt-d-0-14539,freight-hdt-D-Diesel-Baseline,3854,-122.3645144674494,48.26687162473969
b2b-all-22126321-36hdt-d-0,b2b-all-22126321-36hdt-d-0-2510,b2b-all-22126321-36hdt-d-0-14540,freight-hdt-D-Diesel-Baseline,3854,-122.3645144674494,48.26687162473969
b2b-all-22126321-36hdt-d-1,b2b-all-22126321-36hdt-d-1-2511,b2b-all-22126321-36hdt-d-1-14556,freight-hdt-D-Diesel-Baseline,3854,-122.3645144674494,48.26687162473969
b2b-all-22126321-36hdt-d-1,b2b-all-22126321-36hdt-d-1-2512,b2b-all-22126321-36hdt-d-1-14563,freight-hdt-D-Diesel-Baseline,3854,-122.3645144674494,48.26687162473969
b2b-all-22126321-37hdt-d,b2b-all-22126321-37hdt-d-2513,b2b-all-22126321-37hdt-d-14586,freight-hdt-D-Diesel-Baseline,3854,-122.3645144674494,48.26687162473969
b2b-all-22126391-38hdv-d-0,b2b-all-22126391-38hdv-d-0-2514,b2b-all-22126391-38hdv-d-0-14607,freight-hdv-D-Diesel-Baseline,3854,-122.3645144674494,48.26687162473969
b2b-all-22126391-38hdv-d-0,b2b-all-22126391-38hdv-d-0-2515,b2b-all-22126391-38hdv-d-0-14613,freight-hdv-D-Diesel-Baseline,3854,-122.3645144674494,48.26687162473969
b2b-all-22126391-38hdv-d-0,b2b-all-22126391-38hdv-d-0-2516,b2b-all-22126391-38hdv-d-0-14607,freight-hdv-D-Diesel-Baseline,3854,-122.3645144674494,48.26687162473969
b2b-all-22126391-38hdv-d-0,b2b-all-22126391-38hdv-d-0-2517,b2b-all-22126391-38hdv-d-0-14608,freight-hdv-D-Diesel-Baseline,3854,-122.3645144674494,48.26687162473969
b2b-all-22126391-38hdv-d-0,b2b-all-22126391-38hdv-d-0-2518,b2b-all-22126391-38hdv-d-0-14609,freight-hdv-D-Diesel-Baseline,3854,-122.3645144674494,48.26687162473969
b2b-all-22126391-38hdv-d-0,b2b-all-22126391-38hdv-d-0-2519,b2b-all-22126391-38hdv-d-0-14610,freight-hdv-D-Diesel-Baseline,3854,-122.3645144674494,48.26687162473969
b2b-all-22126391-38hdv-d-0,b2b-all-22126391-38hdv-d-0-2520,b2b-all-22126391-38hdv-d-0-14611,freight-hdv-D-Diesel-Baseline,3854,-122.3645144674494,48.26687162473969
b2b-all-22126391-38hdv-d-0,b2b-all-22126391-38hdv-d-0-2521,b2b-all-22126391-38hdv-d-0-14612,freight-hdv-D-Diesel-Baseline,3854,-122.3645144674494,48.26687162473969
b2b-all-22126391-38hdv-d-1,b2b-all-22126391-38hdv-d-1-2522,b2b-all-22126391-38hdv-d-1-14630,freight-hdv-D-Diesel-Baseline,3854,-122.3645144674494,48.26687162473969
b2b-all-22126391-38hdv-d-1,b2b-all-22126391-38hdv-d-1-2523,b2b-all-22126391-38hdv-d-1-14631,freight-hdv-D-Diesel-Baseline,3854,-122.3645144674494,48.26687162473969
b2b-all-22126391-38hdv-d-1,b2b-all-22126391-38hdv-d-1-2524,b2b-all-22126391-38hdv-d-1-14637,freight-hdv-D-Diesel-Baseline,3854,-122.3645144674494,48.26687162473969
b2b-all-22126391-39hdv-d,b2b-all-22126391-39hdv-d-2525,b2b-all-22126391-39hdv-d-14660,freight-hdv-D-Diesel-Baseline,3854,-122.3645144674494,48.26687162473969
b2b-all-22126811-40hdt-d,b2b-all-22126811-40hdt-d-2526,b2b-all-22126811-40hdt-d-14671,freight-hdt-D-Diesel-Baseline,2128,-121.69744610643237,47.16798796331104
b2b-all-22126811-40hdt-d,b2b-all-22126811-40hdt-d-2527,b2b-all-22126811-40hdt-d-14672,freight-hdt-D-Diesel-Baseline,2128,-121.69744610643237,47.16798796331104
b2b-all-22126811-40hdt-d,b2b-all-22126811-40hdt-d-2528,b2b-all-22126811-40hdt-d-14673,freight-hdt-D-Diesel-Baseline,2128,-121.69744610643237,47.16798796331104
b2b-all-22126811-40hdt-d,b2b-all-22126811-40hdt-d-2529,b2b-all-22126811-40hdt-d-14676,freight-hdt-D-Diesel-Baseline,2128,-121.69744610643237,47.16798796331104
b2b-all-22126811-40hdt-d,b2b-all-22126811-40hdt-d-2530,b2b-all-22126811-40hdt-d-14677,freight-hdt-D-Diesel-Baseline,2128,-121.69744610643237,47.16798796331104
b2b-all-22126811-40hdt-d,b2b-all-22126811-40hdt-d-2531,b2b-all-22126811-40hdt-d-14678,freight-hdt-D-Diesel-Baseline,2128,-121.69744610643237,47.16798796331104
b2b-all-22126811-41hdt-d,b2b-all-22126811-41hdt-d-2532,b2b-all-22126811-41hdt-d-14697,freight-hdt-D-Diesel-Baseline,2128,-121.69744610643237,47.16798796331104
b2b-all-22126811-41hdt-d,b2b-all-22126811-41hdt-d-2533,b2b-all-22126811-41hdt-d-14698,freight-hdt-D-Diesel-Baseline,2128,-121.69744610643237,47.16798796331104
b2b-all-22126811-41hdt-d,b2b-all-22126811-41hdt-d-2534,b2b-all-22126811-41hdt-d-14699,freight-hdt-D-Diesel-Baseline,2128,-121.69744610643237,47.16798796331104
b2b-all-22126811-41hdt-d,b2b-all-22126811-41hdt-d-2535,b2b-all-22126811-41hdt-d-14700,freight-hdt-D-Diesel-Baseline,2128,-121.69744610643237,47.16798796331104
b2b-all-22126811-41hdt-d,b2b-all-22126811-41hdt-d-2536,b2b-all-22126811-41hdt-d-14701,freight-hdt-D-Diesel-Baseline,2128,-121.69744610643237,47.16798796331104
b2b-all-22126871-42hdt-d-0,b2b-all-22126871-42hdt-d-0-2537,b2b-all-22126871-42hdt-d-0-14717,freight-hdt-D-Diesel-Baseline,2128,-121.69744610643237,47.16798796331104
b2b-all-22126871-42hdt-d-0,b2b-all-22126871-42hdt-d-0-2538,b2b-all-22126871-42hdt-d-0-14718,freight-hdt-D-Diesel-Baseline,2128,-121.69744610643237,47.16798796331104
b2b-all-22126871-42hdt-d-0,b2b-all-22126871-42hdt-d-0-2539,b2b-all-22126871-42hdt-d-0-14719,freight-hdt-D-Diesel-Baseline,2128,-121.69744610643237,47.16798796331104
b2b-all-22126871-42hdt-d-0,b2b-all-22126871-42hdt-d-0-2540,b2b-all-22126871-42hdt-d-0-14720,freight-hdt-D-Diesel-Baseline,2128,-121.69744610643237,47.16798796331104
b2b-all-22126871-42hdt-d-0,b2b-all-22126871-42hdt-d-0-2541,b2b-all-22126871-42hdt-d-0-14721,freight-hdt-D-Diesel-Baseline,2128,-121.69744610643237,47.16798796331104
b2b-all-22126871-42hdt-d-0,b2b-all-22126871-42hdt-d-0-2542,b2b-all-22126871-42hdt-d-0-14722,freight-hdt-D-Diesel-Baseline,2128,-121.69744610643237,47.16798796331104
b2b-all-22126871-42hdt-d-0,b2b-all-22126871-42hdt-d-0-2543,b2b-all-22126871-42hdt-d-0-14723,freight-hdt-D-Diesel-Baseline,2128,-121.69744610643237,47.16798796331104
b2b-all-22126871-42hdt-d-0,b2b-all-22126871-42hdt-d-0-2544,b2b-all-22126871-42hdt-d-0-14724,freight-hdt-D-Diesel-Baseline,2128,-121.69744610643237,47.16798796331104
b2b-all-22126871-42hdt-d-1,b2b-all-22126871-42hdt-d-1-2545,b2b-all-22126871-42hdt-d-1-14740,freight-hdt-D-Diesel-Baseline,2128,-121.69744610643237,47.16798796331104
b2b-all-22126871-42hdt-d-1,b2b-all-22126871-42hdt-d-1-2546,b2b-all-22126871-42hdt-d-1-14747,freight-hdt-D-Diesel-Baseline,2128,-121.69744610643237,47.16798796331104
b2b-all-22126871-43hdt-d,b2b-all-22126871-43hdt-d-2547,b2b-all-22126871-43hdt-d-14770,freight-hdt-D-Diesel-Baseline,2128,-121.69744610643237,47.16798796331104
b2b-all-22194911-44hdt-d-0,b2b-all-22194911-44hdt-d-0-2548,b2b-all-22194911-44hdt-d-0-14802,freight-hdt-D-Diesel-Baseline,3191,-122.48240942711132,47.05796598200305
b2b-all-22194911-44hdt-d-0,b2b-all-22194911-44hdt-d-0-2549,b2b-all-22194911-44hdt-d-0-14786,freight-hdt-D-Diesel-Baseline,3191,-122.48240942711132,47.05796598200305
b2b-all-22194911-44hdt-d-0,b2b-all-22194911-44hdt-d-0-2550,b2b-all-22194911-44hdt-d-0-14787,freight-hdt-D-Diesel-Baseline,3191,-122.48240942711132,47.05796598200305
b2b-all-22194911-44hdt-d-0,b2b-all-22194911-44hdt-d-0-2551,b2b-all-22194911-44hdt-d-0-14788,freight-hdt-D-Diesel-Baseline,3191,-122.48240942711132,47.05796598200305
b2b-all-22194911-44hdt-d-0,b2b-all-22194911-44hdt-d-0-2552,b2b-all-22194911-44hdt-d-0-14789,freight-hdt-D-Diesel-Baseline,3191,-122.48240942711132,47.05796598200305
b2b-all-22194911-44hdt-d-0,b2b-all-22194911-44hdt-d-0-2553,b2b-all-22194911-44hdt-d-0-14790,freight-hdt-D-Diesel-Baseline,3191,-122.48240942711132,47.05796598200305
b2b-all-22194911-44hdt-d-0,b2b-all-22194911-44hdt-d-0-2554,b2b-all-22194911-44hdt-d-0-14800,freight-hdt-D-Diesel-Baseline,3191,-122.48240942711132,47.05796598200305
b2b-all-22194911-44hdt-d-0,b2b-all-22194911-44hdt-d-0-2555,b2b-all-22194911-44hdt-d-0-14801,freight-hdt-D-Diesel-Baseline,3191,-122.48240942711132,47.05796598200305
b2b-all-22194911-44hdt-d-1,b2b-all-22194911-44hdt-d-1-2556,b2b-all-22194911-44hdt-d-1-14818,freight-hdt-D-Diesel-Baseline,3191,-122.48240942711132,47.05796598200305
b2b-all-22194911-44hdt-d-1,b2b-all-22194911-44hdt-d-1-2557,b2b-all-22194911-44hdt-d-1-14819,freight-hdt-D-Diesel-Baseline,3191,-122.48240942711132,47.05796598200305
b2b-all-22194911-44hdt-d-1,b2b-all-22194911-44hdt-d-1-2558,b2b-all-22194911-44hdt-d-1-14820,freight-hdt-D-Diesel-Baseline,3191,-122.48240942711132,47.05796598200305
b2b-all-22194911-44hdt-d-1,b2b-all-22194911-44hdt-d-1-2559,b2b-all-22194911-44hdt-d-1-14821,freight-hdt-D-Diesel-Baseline,3191,-122.48240942711132,47.05796598200305
b2b-all-22194911-44hdt-d-1,b2b-all-22194911-44hdt-d-1-2560,b2b-all-22194911-44hdt-d-1-14822,freight-hdt-D-Diesel-Baseline,3191,-122.48240942711132,47.05796598200305
b2b-all-22194911-44hdt-d-1,b2b-all-22194911-44hdt-d-1-2561,b2b-all-22194911-44hdt-d-1-14832,freight-hdt-D-Diesel-Baseline,3191,-122.48240942711132,47.05796598200305
b2b-all-22194911-44hdt-d-1,b2b-all-22194911-44hdt-d-1-2562,b2b-all-22194911-44hdt-d-1-14833,freight-hdt-D-Diesel-Baseline,3191,-122.48240942711132,47.05796598200305
b2b-all-22194911-44hdt-d-1,b2b-all-22194911-44hdt-d-1-2563,b2b-all-22194911-44hdt-d-1-14834,freight-hdt-D-Diesel-Baseline,3191,-122.48240942711132,47.05796598200305
b2b-all-22194911-44hdt-d-2,b2b-all-22194911-44hdt-d-2-2564,b2b-all-22194911-44hdt-d-2-14850,freight-hdt-D-Diesel-Baseline,3191,-122.48240942711132,47.05796598200305
b2b-all-22194911-44hdt-d-2,b2b-all-22194911-44hdt-d-2-2565,b2b-all-22194911-44hdt-d-2-14851,freight-hdt-D-Diesel-Baseline,3191,-122.48240942711132,47.05796598200305
b2b-all-22194911-44hdt-d-2,b2b-all-22194911-44hdt-d-2-2566,b2b-all-22194911-44hdt-d-2-14852,freight-hdt-D-Diesel-Baseline,3191,-122.48240942711132,47.05796598200305
b2b-all-22194911-44hdt-d-2,b2b-all-22194911-44hdt-d-2-2567,b2b-all-22194911-44hdt-d-2-14853,freight-hdt-D-Diesel-Baseline,3191,-122.48240942711132,47.05796598200305
b2b-all-22194911-44hdt-d-2,b2b-all-22194911-44hdt-d-2-2568,b2b-all-22194911-44hdt-d-2-14854,freight-hdt-D-Diesel-Baseline,3191,-122.48240942711132,47.05796598200305
b2b-all-22194911-44hdt-d-2,b2b-all-22194911-44hdt-d-2-2569,b2b-all-22194911-44hdt-d-2-14864,freight-hdt-D-Diesel-Baseline,3191,-122.48240942711132,47.05796598200305
b2b-all-22194911-44hdt-d-2,b2b-all-22194911-44hdt-d-2-2570,b2b-all-22194911-44hdt-d-2-14865,freight-hdt-D-Diesel-Baseline,3191,-122.48240942711132,47.05796598200305
b2b-all-22194911-44hdt-d-2,b2b-all-22194911-44hdt-d-2-2571,b2b-all-22194911-44hdt-d-2-14866,freight-hdt-D-Diesel-Baseline,3191,-122.48240942711132,47.05796598200305
b2b-all-22194911-44hdt-d-3,b2b-all-22194911-44hdt-d-3-2572,b2b-all-22194911-44hdt-d-3-14882,freight-hdt-D-Diesel-Baseline,3191,-122.48240942711132,47.05796598200305
b2b-all-22194911-44hdt-d-3,b2b-all-22194911-44hdt-d-3-2573,b2b-all-22194911-44hdt-d-3-14883,freight-hdt-D-Diesel-Baseline,3191,-122.48240942711132,47.05796598200305
b2b-all-22194911-44hdt-d-3,b2b-all-22194911-44hdt-d-3-2574,b2b-all-22194911-44hdt-d-3-14884,freight-hdt-D-Diesel-Baseline,3191,-122.48240942711132,47.05796598200305
b2b-all-22194911-44hdt-d-3,b2b-all-22194911-44hdt-d-3-2575,b2b-all-22194911-44hdt-d-3-14885,freight-hdt-D-Diesel-Baseline,3191,-122.48240942711132,47.05796598200305
b2b-all-22194911-44hdt-d-3,b2b-all-22194911-44hdt-d-3-2576,b2b-all-22194911-44hdt-d-3-14886,freight-hdt-D-Diesel-Baseline,3191,-122.48240942711132,47.05796598200305
b2b-all-22194911-44hdt-d-3,b2b-all-22194911-44hdt-d-3-2577,b2b-all-22194911-44hdt-d-3-14896,freight-hdt-D-Diesel-Baseline,3191,-122.48240942711132,47.05796598200305
b2b-all-22194911-44hdt-d-3,b2b-all-22194911-44hdt-d-3-2578,b2b-all-22194911-44hdt-d-3-14897,freight-hdt-D-Diesel-Baseline,3191,-122.48240942711132,47.05796598200305
b2b-all-22194911-44hdt-d-3,b2b-all-22194911-44hdt-d-3-2579,b2b-all-22194911-44hdt-d-3-14898,freight-hdt-D-Diesel-Baseline,3191,-122.48240942711132,47.05796598200305
b2b-all-22194911-44hdt-d-4,b2b-all-22194911-44hdt-d-4-2580,b2b-all-22194911-44hdt-d-4-14930,freight-hdt-D-Diesel-Baseline,3191,-122.48240942711132,47.05796598200305
b2b-all-22194911-45hdt-d,b2b-all-22194911-45hdt-d-2581,b2b-all-22194911-45hdt-d-14957,freight-hdt-D-Diesel-Baseline,3191,-122.48240942711132,47.05796598200305
b2b-all-22194911-45hdt-d,b2b-all-22194911-45hdt-d-2582,b2b-all-22194911-45hdt-d-14958,freight-hdt-D-Diesel-Baseline,3191,-122.48240942711132,47.05796598200305
b2b-all-22194911-45hdt-d,b2b-all-22194911-45hdt-d-2583,b2b-all-22194911-45hdt-d-14959,freight-hdt-D-Diesel-Baseline,3191,-122.48240942711132,47.05796598200305
b2b-all-22194911-45hdt-d,b2b-all-22194911-45hdt-d-2584,b2b-all-22194911-45hdt-d-14960,freight-hdt-D-Diesel-Baseline,3191,-122.48240942711132,47.05796598200305
b2b-all-22194911-45hdt-d,b2b-all-22194911-45hdt-d-2585,b2b-all-22194911-45hdt-d-14961,freight-hdt-D-Diesel-Baseline,3191,-122.48240942711132,47.05796598200305
b2b-all-22194911-45hdt-d,b2b-all-22194911-45hdt-d-2586,b2b-all-22194911-45hdt-d-14962,freight-hdt-D-Diesel-Baseline,3191,-122.48240942711132,47.05796598200305
b2b-all-22194911-45hdt-d,b2b-all-22194911-45hdt-d-2587,b2b-all-22194911-45hdt-d-14953,freight-hdt-D-Diesel-Baseline,3191,-122.48240942711132,47.05796598200305
b2b-all-22194911-45hdt-d,b2b-all-22194911-45hdt-d-2588,b2b-all-22194911-45hdt-d-14954,freight-hdt-D-Diesel-Baseline,3191,-122.48240942711132,47.05796598200305
b2b-all-22194911-45hdt-d,b2b-all-22194911-45hdt-d-2589,b2b-all-22194911-45hdt-d-14955,freight-hdt-D-Diesel-Baseline,3191,-122.48240942711132,47.05796598200305
b2b-all-22194911-45hdt-d,b2b-all-22194911-45hdt-d-2590,b2b-all-22194911-45hdt-d-14956,freight-hdt-D-Diesel-Baseline,3191,-122.48240942711132,47.05796598200305
b2b-all-22194981-46hdt-d,b2b-all-22194981-46hdt-d-2591,b2b-all-22194981-46hdt-d-14978,freight-hdt-D-Diesel-Baseline,5885,-123.12917480974409,44.98433170990787
b2b-all-22194981-46hdt-d,b2b-all-22194981-46hdt-d-2592,b2b-all-22194981-46hdt-d-14979,freight-hdt-D-Diesel-Baseline,5885,-123.12917480974409,44.98433170990787
b2b-all-22194981-46hdt-d,b2b-all-22194981-46hdt-d-2593,b2b-all-22194981-46hdt-d-14980,freight-hdt-D-Diesel-Baseline,5885,-123.12917480974409,44.98433170990787
b2b-all-22194981-46hdt-d,b2b-all-22194981-46hdt-d-2594,b2b-all-22194981-46hdt-d-14981,freight-hdt-D-Diesel-Baseline,5885,-123.12917480974409,44.98433170990787
b2b-all-22194981-46hdt-d,b2b-all-22194981-46hdt-d-2595,b2b-all-22194981-46hdt-d-14984,freight-hdt-D-Diesel-Baseline,5885,-123.12917480974409,44.98433170990787
b2b-all-22194981-47hdt-d,b2b-all-22194981-47hdt-d-2596,b2b-all-22194981-47hdt-d-15002,freight-hdt-D-Diesel-Baseline,5885,-123.12917480974409,44.98433170990787
b2b-all-22194981-47hdt-d,b2b-all-22194981-47hdt-d-2597,b2b-all-22194981-47hdt-d-15003,freight-hdt-D-Diesel-Baseline,5885,-123.12917480974409,44.98433170990787
b2b-all-22194981-47hdt-d,b2b-all-22194981-47hdt-d-2598,b2b-all-22194981-47hdt-d-15004,freight-hdt-D-Diesel-Baseline,5885,-123.12917480974409,44.98433170990787
b2b-all-22194981-47hdt-d,b2b-all-22194981-47hdt-d-2599,b2b-all-22194981-47hdt-d-15005,freight-hdt-D-Diesel-Baseline,5885,-123.12917480974409,44.98433170990787
b2b-all-22194981-47hdt-d,b2b-all-22194981-47hdt-d-2600,b2b-all-22194981-47hdt-d-15006,freight-hdt-D-Diesel-Baseline,5885,-123.12917480974409,44.98433170990787
b2b-all-22194981-47hdt-d,b2b-all-22194981-47hdt-d-2601,b2b-all-22194981-47hdt-d-15007,freight-hdt-D-Diesel-Baseline,5885,-123.12917480974409,44.98433170990787
b2b-all-22194981-47hdt-d,b2b-all-22194981-47hdt-d-2602,b2b-all-22194981-47hdt-d-15008,freight-hdt-D-Diesel-Baseline,5885,-123.12917480974409,44.98433170990787
b2b-all-22195151-48hdt-d-0,b2b-all-22195151-48hdt-d-0-2603,b2b-all-22195151-48hdt-d-0-15024,freight-hdt-D-Diesel-Baseline,2128,-121.69744610643237,47.16798796331104
b2b-all-22195151-48hdt-d-0,b2b-all-22195151-48hdt-d-0-2604,b2b-all-22195151-48hdt-d-0-15025,freight-hdt-D-Diesel-Baseline,2128,-121.69744610643237,47.16798796331104
b2b-all-22195151-48hdt-d-0,b2b-all-22195151-48hdt-d-0-2605,b2b-all-22195151-48hdt-d-0-15026,freight-hdt-D-Diesel-Baseline,2128,-121.69744610643237,47.16798796331104
b2b-all-22195151-48hdt-d-0,b2b-all-22195151-48hdt-d-0-2606,b2b-all-22195151-48hdt-d-0-15027,freight-hdt-D-Diesel-Baseline,2128,-121.69744610643237,47.16798796331104
b2b-all-22195151-48hdt-d-0,b2b-all-22195151-48hdt-d-0-2607,b2b-all-22195151-48hdt-d-0-15028,freight-hdt-D-Diesel-Baseline,2128,-121.69744610643237,47.16798796331104
b2b-all-22195151-48hdt-d-0,b2b-all-22195151-48hdt-d-0-2608,b2b-all-22195151-48hdt-d-0-15029,freight-hdt-D-Diesel-Baseline,2128,-121.69744610643237,47.16798796331104
b2b-all-22195151-48hdt-d-0,b2b-all-22195151-48hdt-d-0-2609,b2b-all-22195151-48hdt-d-0-15030,freight-hdt-D-Diesel-Baseline,2128,-121.69744610643237,47.16798796331104
b2b-all-22195151-48hdt-d-0,b2b-all-22195151-48hdt-d-0-2610,b2b-all-22195151-48hdt-d-0-15032,freight-hdt-D-Diesel-Baseline,2128,-121.69744610643237,47.16798796331104
b2b-all-22195151-48hdt-d-1,b2b-all-22195151-48hdt-d-1-2611,b2b-all-22195151-48hdt-d-1-15051,freight-hdt-D-Diesel-Baseline,2128,-121.69744610643237,47.16798796331104
b2b-all-22195151-48hdt-d-1,b2b-all-22195151-48hdt-d-1-2612,b2b-all-22195151-48hdt-d-1-15052,freight-hdt-D-Diesel-Baseline,2128,-121.69744610643237,47.16798796331104
b2b-all-22195151-48hdt-d-1,b2b-all-22195151-48hdt-d-1-2613,b2b-all-22195151-48hdt-d-1-15053,freight-hdt-D-Diesel-Baseline,2128,-121.69744610643237,47.16798796331104
b2b-all-22195151-48hdt-d-1,b2b-all-22195151-48hdt-d-1-2614,b2b-all-22195151-48hdt-d-1-15054,freight-hdt-D-Diesel-Baseline,2128,-121.69744610643237,47.16798796331104
b2b-all-22195151-48hdt-d-1,b2b-all-22195151-48hdt-d-1-2615,b2b-all-22195151-48hdt-d-1-15055,freight-hdt-D-Diesel-Baseline,2128,-121.69744610643237,47.16798796331104
b2b-all-22195151-48hdt-d-1,b2b-all-22195151-48hdt-d-1-2616,b2b-all-22195151-48hdt-d-1-15059,freight-hdt-D-Diesel-Baseline,2128,-121.69744610643237,47.16798796331104
b2b-all-22195151-48hdt-d-1,b2b-all-22195151-48hdt-d-1-2617,b2b-all-22195151-48hdt-d-1-15060,freight-hdt-D-Diesel-Baseline,2128,-121.69744610643237,47.16798796331104
b2b-all-22195151-49hdt-d,b2b-all-22195151-49hdt-d-2618,b2b-all-22195151-49hdt-d-15080,freight-hdt-D-Diesel-Baseline,2128,-121.69744610643237,47.16798796331104
b2b-all-22195151-49hdt-d,b2b-all-22195151-49hdt-d-2619,b2b-all-22195151-49hdt-d-15081,freight-hdt-D-Diesel-Baseline,2128,-121.69744610643237,47.16798796331104
b2b-all-22195151-49hdt-d,b2b-all-22195151-49hdt-d-2620,b2b-all-22195151-49hdt-d-15082,freight-hdt-D-Diesel-Baseline,2128,-121.69744610643237,47.16798796331104
b2b-all-22195151-49hdt-d,b2b-all-22195151-49hdt-d-2621,b2b-all-22195151-49hdt-d-15083,freight-hdt-D-Diesel-Baseline,2128,-121.69744610643237,47.16798796331104
b2b-all-22195151-49hdt-d,b2b-all-22195151-49hdt-d-2622,b2b-all-22195151-49hdt-d-15084,freight-hdt-D-Diesel-Baseline,2128,-121.69744610643237,47.16798796331104
b2b-all-22195151-49hdt-d,b2b-all-22195151-49hdt-d-2623,b2b-all-22195151-49hdt-d-15085,freight-hdt-D-Diesel-Baseline,2128,-121.69744610643237,47.16798796331104
b2b-all-22195151-49hdt-d,b2b-all-22195151-49hdt-d-2624,b2b-all-22195151-49hdt-d-15086,freight-hdt-D-Diesel-Baseline,2128,-121.69744610643237,47.16798796331104
b2b-all-22262371-50hdt-d,b2b-all-22262371-50hdt-d-2625,b2b-all-22262371-50hdt-d-15102,freight-hdt-D-Diesel-Baseline,3455,-122.30768468413044,47.9372242090533
b2b-all-22262371-50hdt-d,b2b-all-22262371-50hdt-d-2626,b2b-all-22262371-50hdt-d-15103,freight-hdt-D-Diesel-Baseline,3455,-122.30768468413044,47.9372242090533
b2b-all-22262371-50hdt-d,b2b-all-22262371-50hdt-d-2627,b2b-all-22262371-50hdt-d-15104,freight-hdt-D-Diesel-Baseline,3455,-122.30768468413044,47.9372242090533
b2b-all-22262371-50hdt-d,b2b-all-22262371-50hdt-d-2628,b2b-all-22262371-50hdt-d-15105,freight-hdt-D-Diesel-Baseline,3455,-122.30768468413044,47.9372242090533
b2b-all-22262371-50hdt-d,b2b-all-22262371-50hdt-d-2629,b2b-all-22262371-50hdt-d-15106,freight-hdt-D-Diesel-Baseline,3455,-122.30768468413044,47.9372242090533
b2b-all-22262371-50hdt-d,b2b-all-22262371-50hdt-d-2630,b2b-all-22262371-50hdt-d-15107,freight-hdt-D-Diesel-Baseline,3455,-122.30768468413044,47.9372242090533
b2b-all-22262371-50hdt-d,b2b-all-22262371-50hdt-d-2631,b2b-all-22262371-50hdt-d-15108,freight-hdt-D-Diesel-Baseline,3455,-122.30768468413044,47.9372242090533
b2b-all-22262371-50hdt-d,b2b-all-22262371-50hdt-d-2632,b2b-all-22262371-50hdt-d-15109,freight-hdt-D-Diesel-Baseline,3455,-122.30768468413044,47.9372242090533
b2b-all-22262371-51hdt-d,b2b-all-22262371-51hdt-d-2633,b2b-all-22262371-51hdt-d-15130,freight-hdt-D-Diesel-Baseline,3455,-122.30768468413044,47.9372242090533
b2b-all-22262371-51hdt-d,b2b-all-22262371-51hdt-d-2634,b2b-all-22262371-51hdt-d-15131,freight-hdt-D-Diesel-Baseline,3455,-122.30768468413044,47.9372242090533
b2b-all-22262371-51hdt-d,b2b-all-22262371-51hdt-d-2635,b2b-all-22262371-51hdt-d-15132,freight-hdt-D-Diesel-Baseline,3455,-122.30768468413044,47.9372242090533
b2b-all-22262371-51hdt-d,b2b-all-22262371-51hdt-d-2636,b2b-all-22262371-51hdt-d-15129,freight-hdt-D-Diesel-Baseline,3455,-122.30768468413044,47.9372242090533
b2b-all-22263721-52hdt-d,b2b-all-22263721-52hdt-d-2637,b2b-all-22263721-52hdt-d-15148,freight-hdt-D-Diesel-Baseline,2128,-121.69744610643237,47.16798796331104
b2b-all-22263721-52hdt-d,b2b-all-22263721-52hdt-d-2638,b2b-all-22263721-52hdt-d-15149,freight-hdt-D-Diesel-Baseline,2128,-121.69744610643237,47.16798796331104
b2b-all-22263721-52hdt-d,b2b-all-22263721-52hdt-d-2639,b2b-all-22263721-52hdt-d-15150,freight-hdt-D-Diesel-Baseline,2128,-121.69744610643237,47.16798796331104
b2b-all-22263721-52hdt-d,b2b-all-22263721-52hdt-d-2640,b2b-all-22263721-52hdt-d-15153,freight-hdt-D-Diesel-Baseline,2128,-121.69744610643237,47.16798796331104
b2b-all-22263721-52hdt-d,b2b-all-22263721-52hdt-d-2641,b2b-all-22263721-52hdt-d-15154,freight-hdt-D-Diesel-Baseline,2128,-121.69744610643237,47.16798796331104
b2b-all-22263721-52hdt-d,b2b-all-22263721-52hdt-d-2642,b2b-all-22263721-52hdt-d-15155,freight-hdt-D-Diesel-Baseline,2128,-121.69744610643237,47.16798796331104
b2b-all-22263721-53hdt-d,b2b-all-22263721-53hdt-d-2643,b2b-all-22263721-53hdt-d-15174,freight-hdt-D-Diesel-Baseline,2128,-121.69744610643237,47.16798796331104
b2b-all-22263721-53hdt-d,b2b-all-22263721-53hdt-d-2644,b2b-all-22263721-53hdt-d-15175,freight-hdt-D-Diesel-Baseline,2128,-121.69744610643237,47.16798796331104
b2b-all-22263721-53hdt-d,b2b-all-22263721-53hdt-d-2645,b2b-all-22263721-53hdt-d-15176,freight-hdt-D-Diesel-Baseline,2128,-121.69744610643237,47.16798796331104
b2b-all-22263721-53hdt-d,b2b-all-22263721-53hdt-d-2646,b2b-all-22263721-53hdt-d-15177,freight-hdt-D-Diesel-Baseline,2128,-121.69744610643237,47.16798796331104
b2b-all-22263721-53hdt-d,b2b-all-22263721-53hdt-d-2647,b2b-all-22263721-53hdt-d-15178,freight-hdt-D-Diesel-Baseline,2128,-121.69744610643237,47.16798796331104
b2b-all-22263722-54hdv-d-0,b2b-all-22263722-54hdv-d-0-2648,b2b-all-22263722-54hdv-d-0-15199,freight-hdv-D-Diesel-Baseline,2128,-121.69744610643237,47.16798796331104
b2b-all-22263722-54hdv-d-0,b2b-all-22263722-54hdv-d-0-2649,b2b-all-22263722-54hdv-d-0-15200,freight-hdv-D-Diesel-Baseline,2128,-121.69744610643237,47.16798796331104
b2b-all-22263722-54hdv-d-0,b2b-all-22263722-54hdv-d-0-2650,b2b-all-22263722-54hdv-d-0-15201,freight-hdv-D-Diesel-Baseline,2128,-121.69744610643237,47.16798796331104
b2b-all-22263722-54hdv-d-0,b2b-all-22263722-54hdv-d-0-2651,b2b-all-22263722-54hdv-d-0-15203,freight-hdv-D-Diesel-Baseline,2128,-121.69744610643237,47.16798796331104
b2b-all-22263722-54hdv-d-0,b2b-all-22263722-54hdv-d-0-2652,b2b-all-22263722-54hdv-d-0-15204,freight-hdv-D-Diesel-Baseline,2128,-121.69744610643237,47.16798796331104
b2b-all-22263722-54hdv-d-0,b2b-all-22263722-54hdv-d-0-2653,b2b-all-22263722-54hdv-d-0-15207,freight-hdv-D-Diesel-Baseline,2128,-121.69744610643237,47.16798796331104
b2b-all-22263722-54hdv-d-0,b2b-all-22263722-54hdv-d-0-2654,b2b-all-22263722-54hdv-d-0-15208,freight-hdv-D-Diesel-Baseline,2128,-121.69744610643237,47.16798796331104
b2b-all-22263722-54hdv-d-0,b2b-all-22263722-54hdv-d-0-2655,b2b-all-22263722-54hdv-d-0-15209,freight-hdv-D-Diesel-Baseline,2128,-121.69744610643237,47.16798796331104
b2b-all-22263722-54hdv-d-1,b2b-all-22263722-54hdv-d-1-2656,b2b-all-22263722-54hdv-d-1-15225,freight-hdv-D-Diesel-Baseline,2128,-121.69744610643237,47.16798796331104
b2b-all-22263722-54hdv-d-1,b2b-all-22263722-54hdv-d-1-2657,b2b-all-22263722-54hdv-d-1-15226,freight-hdv-D-Diesel-Baseline,2128,-121.69744610643237,47.16798796331104
b2b-all-22263722-54hdv-d-1,b2b-all-22263722-54hdv-d-1-2658,b2b-all-22263722-54hdv-d-1-15227,freight-hdv-D-Diesel-Baseline,2128,-121.69744610643237,47.16798796331104
b2b-all-22263722-54hdv-d-1,b2b-all-22263722-54hdv-d-1-2659,b2b-all-22263722-54hdv-d-1-15228,freight-hdv-D-Diesel-Baseline,2128,-121.69744610643237,47.16798796331104
b2b-all-22263722-54hdv-d-1,b2b-all-22263722-54hdv-d-1-2660,b2b-all-22263722-54hdv-d-1-15233,freight-hdv-D-Diesel-Baseline,2128,-121.69744610643237,47.16798796331104
b2b-all-22263722-54hdv-d-1,b2b-all-22263722-54hdv-d-1-2661,b2b-all-22263722-54hdv-d-1-15234,freight-hdv-D-Diesel-Baseline,2128,-121.69744610643237,47.16798796331104
b2b-all-22263722-54hdv-d-1,b2b-all-22263722-54hdv-d-1-2662,b2b-all-22263722-54hdv-d-1-15235,freight-hdv-D-Diesel-Baseline,2128,-121.69744610643237,47.16798796331104
b2b-all-22263722-55hdv-d,b2b-all-22263722-55hdv-d-2663,b2b-all-22263722-55hdv-d-15258,freight-hdv-D-Diesel-Baseline,2128,-121.69744610643237,47.16798796331104
b2b-all-22263722-55hdv-d,b2b-all-22263722-55hdv-d-2664,b2b-all-22263722-55hdv-d-15259,freight-hdv-D-Diesel-Baseline,2128,-121.69744610643237,47.16798796331104
b2b-all-22263722-55hdv-d,b2b-all-22263722-55hdv-d-2665,b2b-all-22263722-55hdv-d-15260,freight-hdv-D-Diesel-Baseline,2128,-121.69744610643237,47.16798796331104
b2b-all-22263722-55hdv-d,b2b-all-22263722-55hdv-d-2666,b2b-all-22263722-55hdv-d-15261,freight-hdv-D-Diesel-Baseline,2128,-121.69744610643237,47.16798796331104
b2b-all-22263722-55hdv-d,b2b-all-22263722-55hdv-d-2667,b2b-all-22263722-55hdv-d-15256,freight-hdv-D-Diesel-Baseline,2128,-121.69744610643237,47.16798796331104
b2b-all-22263722-55hdv-d,b2b-all-22263722-55hdv-d-2668,b2b-all-22263722-55hdv-d-15257,freight-hdv-D-Diesel-Baseline,2128,-121.69744610643237,47.16798796331104
b2b-all-22514352-56hdv-d-0,b2b-all-22514352-56hdv-d-0-2669,b2b-all-22514352-56hdv-d-0-15277,freight-hdv-D-Diesel-Baseline,1450,-122.34412892049214,47.73413898704023
b2b-all-22514352-56hdv-d-0,b2b-all-22514352-56hdv-d-0-2670,b2b-all-22514352-56hdv-d-0-15278,freight-hdv-D-Diesel-Baseline,1450,-122.34412892049214,47.73413898704023
b2b-all-22514352-56hdv-d-0,b2b-all-22514352-56hdv-d-0-2671,b2b-all-22514352-56hdv-d-0-15279,freight-hdv-D-Diesel-Baseline,1450,-122.34412892049214,47.73413898704023
b2b-all-22514352-56hdv-d-0,b2b-all-22514352-56hdv-d-0-2672,b2b-all-22514352-56hdv-d-0-15280,freight-hdv-D-Diesel-Baseline,1450,-122.34412892049214,47.73413898704023
b2b-all-22514352-56hdv-d-0,b2b-all-22514352-56hdv-d-0-2673,b2b-all-22514352-56hdv-d-0-15281,freight-hdv-D-Diesel-Baseline,1450,-122.34412892049214,47.73413898704023
b2b-all-22514352-56hdv-d-0,b2b-all-22514352-56hdv-d-0-2674,b2b-all-22514352-56hdv-d-0-15282,freight-hdv-D-Diesel-Baseline,1450,-122.34412892049214,47.73413898704023
b2b-all-22514352-56hdv-d-0,b2b-all-22514352-56hdv-d-0-2675,b2b-all-22514352-56hdv-d-0-15283,freight-hdv-D-Diesel-Baseline,1450,-122.34412892049214,47.73413898704023
b2b-all-22514352-56hdv-d-0,b2b-all-22514352-56hdv-d-0-2676,b2b-all-22514352-56hdv-d-0-15284,freight-hdv-D-Diesel-Baseline,1450,-122.34412892049214,47.73413898704023
b2b-all-22514352-56hdv-d-1,b2b-all-22514352-56hdv-d-1-2677,b2b-all-22514352-56hdv-d-1-15300,freight-hdv-D-Diesel-Baseline,1450,-122.34412892049214,47.73413898704023
b2b-all-22514352-57hdv-d,b2b-all-22514352-57hdv-d-2678,b2b-all-22514352-57hdv-d-15329,freight-hdv-D-Diesel-Baseline,1450,-122.34412892049214,47.73413898704023
b2b-all-22514352-57hdv-d,b2b-all-22514352-57hdv-d-2679,b2b-all-22514352-57hdv-d-15330,freight-hdv-D-Diesel-Baseline,1450,-122.34412892049214,47.73413898704023
b2b-all-22515492-58hdv-d-0,b2b-all-22515492-58hdv-d-0-2680,b2b-all-22515492-58hdv-d-0-15352,freight-hdv-D-Diesel-Baseline,3269,-122.30153394063854,47.19926375764609
b2b-all-22515492-58hdv-d-0,b2b-all-22515492-58hdv-d-0-2681,b2b-all-22515492-58hdv-d-0-15353,freight-hdv-D-Diesel-Baseline,3269,-122.30153394063854,47.19926375764609
b2b-all-22515492-58hdv-d-0,b2b-all-22515492-58hdv-d-0-2682,b2b-all-22515492-58hdv-d-0-15346,freight-hdv-D-Diesel-Baseline,3269,-122.30153394063854,47.19926375764609
b2b-all-22515492-58hdv-d-0,b2b-all-22515492-58hdv-d-0-2683,b2b-all-22515492-58hdv-d-0-15347,freight-hdv-D-Diesel-Baseline,3269,-122.30153394063854,47.19926375764609
b2b-all-22515492-58hdv-d-0,b2b-all-22515492-58hdv-d-0-2684,b2b-all-22515492-58hdv-d-0-15348,freight-hdv-D-Diesel-Baseline,3269,-122.30153394063854,47.19926375764609
b2b-all-22515492-58hdv-d-0,b2b-all-22515492-58hdv-d-0-2685,b2b-all-22515492-58hdv-d-0-15349,freight-hdv-D-Diesel-Baseline,3269,-122.30153394063854,47.19926375764609
b2b-all-22515492-58hdv-d-0,b2b-all-22515492-58hdv-d-0-2686,b2b-all-22515492-58hdv-d-0-15350,freight-hdv-D-Diesel-Baseline,3269,-122.30153394063854,47.19926375764609
b2b-all-22515492-58hdv-d-0,b2b-all-22515492-58hdv-d-0-2687,b2b-all-22515492-58hdv-d-0-15351,freight-hdv-D-Diesel-Baseline,3269,-122.30153394063854,47.19926375764609
b2b-all-22515492-58hdv-d-1,b2b-all-22515492-58hdv-d-1-2688,b2b-all-22515492-58hdv-d-1-15369,freight-hdv-D-Diesel-Baseline,3269,-122.30153394063854,47.19926375764609
b2b-all-22515492-58hdv-d-1,b2b-all-22515492-58hdv-d-1-2689,b2b-all-22515492-58hdv-d-1-15376,freight-hdv-D-Diesel-Baseline,3269,-122.30153394063854,47.19926375764609
b2b-all-22515492-59hdv-d,b2b-all-22515492-59hdv-d-2690,b2b-all-22515492-59hdv-d-15399,freight-hdv-D-Diesel-Baseline,3269,-122.30153394063854,47.19926375764609
b2b-all-22516921-60md-d-0,b2b-all-22516921-60md-d-0-2691,b2b-all-22516921-60md-d-0-15420,freight-md-D-Diesel-Baseline,5885,-123.12917480974409,44.98433170990787
b2b-all-22516921-60md-d-0,b2b-all-22516921-60md-d-0-2692,b2b-all-22516921-60md-d-0-15421,freight-md-D-Diesel-Baseline,5885,-123.12917480974409,44.98433170990787
b2b-all-22516921-60md-d-0,b2b-all-22516921-60md-d-0-2693,b2b-all-22516921-60md-d-0-15422,freight-md-D-Diesel-Baseline,5885,-123.12917480974409,44.98433170990787
b2b-all-22516921-60md-d-0,b2b-all-22516921-60md-d-0-2694,b2b-all-22516921-60md-d-0-15423,freight-md-D-Diesel-Baseline,5885,-123.12917480974409,44.98433170990787
b2b-all-22516921-60md-d-0,b2b-all-22516921-60md-d-0-2695,b2b-all-22516921-60md-d-0-15424,freight-md-D-Diesel-Baseline,5885,-123.12917480974409,44.98433170990787
b2b-all-22516921-60md-d-0,b2b-all-22516921-60md-d-0-2696,b2b-all-22516921-60md-d-0-15425,freight-md-D-Diesel-Baseline,5885,-123.12917480974409,44.98433170990787
b2b-all-22516921-60md-d-0,b2b-all-22516921-60md-d-0-2697,b2b-all-22516921-60md-d-0-15426,freight-md-D-Diesel-Baseline,5885,-123.12917480974409,44.98433170990787
b2b-all-22516921-60md-d-0,b2b-all-22516921-60md-d-0-2698,b2b-all-22516921-60md-d-0-15427,freight-md-D-Diesel-Baseline,5885,-123.12917480974409,44.98433170990787
b2b-all-22516921-60md-d-1,b2b-all-22516921-60md-d-1-2699,b2b-all-22516921-60md-d-1-15443,freight-md-D-Diesel-Baseline,5885,-123.12917480974409,44.98433170990787
b2b-all-22516921-61md-d,b2b-all-22516921-61md-d-2700,b2b-all-22516921-61md-d-15473,freight-md-D-Diesel-Baseline,5885,-123.12917480974409,44.98433170990787
b2b-all-22516971-62hdt-d,b2b-all-22516971-62hdt-d-2701,b2b-all-22516971-62hdt-d-15479,freight-hdt-D-Diesel-Baseline,5885,-123.12917480974409,44.98433170990787
b2b-all-22516971-62hdt-d,b2b-all-22516971-62hdt-d-2702,b2b-all-22516971-62hdt-d-15480,freight-hdt-D-Diesel-Baseline,5885,-123.12917480974409,44.98433170990787
b2b-all-22516971-62hdt-d,b2b-all-22516971-62hdt-d-2703,b2b-all-22516971-62hdt-d-15485,freight-hdt-D-Diesel-Baseline,5885,-123.12917480974409,44.98433170990787
b2b-all-22516971-62hdt-d,b2b-all-22516971-62hdt-d-2704,b2b-all-22516971-62hdt-d-15486,freight-hdt-D-Diesel-Baseline,5885,-123.12917480974409,44.98433170990787
b2b-all-22516971-63hdt-d,b2b-all-22516971-63hdt-d-2705,b2b-all-22516971-63hdt-d-15502,freight-hdt-D-Diesel-Baseline,5885,-123.12917480974409,44.98433170990787
b2b-all-22516971-63hdt-d,b2b-all-22516971-63hdt-d-2706,b2b-all-22516971-63hdt-d-15503,freight-hdt-D-Diesel-Baseline,5885,-123.12917480974409,44.98433170990787
b2b-all-22516971-63hdt-d,b2b-all-22516971-63hdt-d-2707,b2b-all-22516971-63hdt-d-15504,freight-hdt-D-Diesel-Baseline,5885,-123.12917480974409,44.98433170990787
b2b-all-22516971-63hdt-d,b2b-all-22516971-63hdt-d-2708,b2b-all-22516971-63hdt-d-15505,freight-hdt-D-Diesel-Baseline,5885,-123.12917480974409,44.98433170990787
b2b-all-22516971-63hdt-d,b2b-all-22516971-63hdt-d-2709,b2b-all-22516971-63hdt-d-15506,freight-hdt-D-Diesel-Baseline,5885,-123.12917480974409,44.98433170990787
b2b-all-22516971-63hdt-d,b2b-all-22516971-63hdt-d-2710,b2b-all-22516971-63hdt-d-15507,freight-hdt-D-Diesel-Baseline,5885,-123.12917480974409,44.98433170990787
b2b-all-22516971-63hdt-d,b2b-all-22516971-63hdt-d-2711,b2b-all-22516971-63hdt-d-15508,freight-hdt-D-Diesel-Baseline,5885,-123.12917480974409,44.98433170990787
b2b-all-22516971-63hdt-d,b2b-all-22516971-63hdt-d-2712,b2b-all-22516971-63hdt-d-15509,freight-hdt-D-Diesel-Baseline,5885,-123.12917480974409,44.98433170990787
b2b-all-22518031-64hdt-d,b2b-all-22518031-64hdt-d-2713,b2b-all-22518031-64hdt-d-15525,freight-hdt-D-Diesel-Baseline,2128,-121.69744610643237,47.16798796331104
b2b-all-22518031-64hdt-d,b2b-all-22518031-64hdt-d-2714,b2b-all-22518031-64hdt-d-15526,freight-hdt-D-Diesel-Baseline,2128,-121.69744610643237,47.16798796331104
b2b-all-22518031-64hdt-d,b2b-all-22518031-64hdt-d-2715,b2b-all-22518031-64hdt-d-15527,freight-hdt-D-Diesel-Baseline,2128,-121.69744610643237,47.16798796331104
b2b-all-22518031-64hdt-d,b2b-all-22518031-64hdt-d-2716,b2b-all-22518031-64hdt-d-15531,freight-hdt-D-Diesel-Baseline,2128,-121.69744610643237,47.16798796331104
b2b-all-22518031-64hdt-d,b2b-all-22518031-64hdt-d-2717,b2b-all-22518031-64hdt-d-15532,freight-hdt-D-Diesel-Baseline,2128,-121.69744610643237,47.16798796331104
b2b-all-22518031-65hdt-d,b2b-all-22518031-65hdt-d-2718,b2b-all-22518031-65hdt-d-15549,freight-hdt-D-Diesel-Baseline,2128,-121.69744610643237,47.16798796331104
b2b-all-22518031-65hdt-d,b2b-all-22518031-65hdt-d-2719,b2b-all-22518031-65hdt-d-15550,freight-hdt-D-Diesel-Baseline,2128,-121.69744610643237,47.16798796331104
b2b-all-22518031-65hdt-d,b2b-all-22518031-65hdt-d-2720,b2b-all-22518031-65hdt-d-15551,freight-hdt-D-Diesel-Baseline,2128,-121.69744610643237,47.16798796331104
b2b-all-22518031-65hdt-d,b2b-all-22518031-65hdt-d-2721,b2b-all-22518031-65hdt-d-15552,freight-hdt-D-Diesel-Baseline,2128,-121.69744610643237,47.16798796331104
b2b-all-22518031-65hdt-d,b2b-all-22518031-65hdt-d-2722,b2b-all-22518031-65hdt-d-15553,freight-hdt-D-Diesel-Baseline,2128,-121.69744610643237,47.16798796331104
b2b-all-22518031-65hdt-d,b2b-all-22518031-65hdt-d-2723,b2b-all-22518031-65hdt-d-15554,freight-hdt-D-Diesel-Baseline,2128,-121.69744610643237,47.16798796331104
b2b-all-22518031-65hdt-d,b2b-all-22518031-65hdt-d-2724,b2b-all-22518031-65hdt-d-15555,freight-hdt-D-Diesel-Baseline,2128,-121.69744610643237,47.16798796331104
b2b-all-22518601-66hdt-d,b2b-all-22518601-66hdt-d-2725,b2b-all-22518601-66hdt-d-15571,freight-hdt-D-Diesel-Baseline,2128,-121.69744610643237,47.16798796331104
b2b-all-22518601-66hdt-d,b2b-all-22518601-66hdt-d-2726,b2b-all-22518601-66hdt-d-15572,freight-hdt-D-Diesel-Baseline,2128,-121.69744610643237,47.16798796331104
b2b-all-22518601-66hdt-d,b2b-all-22518601-66hdt-d-2727,b2b-all-22518601-66hdt-d-15573,freight-hdt-D-Diesel-Baseline,2128,-121.69744610643237,47.16798796331104
b2b-all-22518601-66hdt-d,b2b-all-22518601-66hdt-d-2728,b2b-all-22518601-66hdt-d-15576,freight-hdt-D-Diesel-Baseline,2128,-121.69744610643237,47.16798796331104
b2b-all-22518601-66hdt-d,b2b-all-22518601-66hdt-d-2729,b2b-all-22518601-66hdt-d-15577,freight-hdt-D-Diesel-Baseline,2128,-121.69744610643237,47.16798796331104
b2b-all-22518601-67hdt-d,b2b-all-22518601-67hdt-d-2730,b2b-all-22518601-67hdt-d-15596,freight-hdt-D-Diesel-Baseline,2128,-121.69744610643237,47.16798796331104
b2b-all-22518601-67hdt-d,b2b-all-22518601-67hdt-d-2731,b2b-all-22518601-67hdt-d-15597,freight-hdt-D-Diesel-Baseline,2128,-121.69744610643237,47.16798796331104
b2b-all-22518601-67hdt-d,b2b-all-22518601-67hdt-d-2732,b2b-all-22518601-67hdt-d-15598,freight-hdt-D-Diesel-Baseline,2128,-121.69744610643237,47.16798796331104
b2b-all-22518601-67hdt-d,b2b-all-22518601-67hdt-d-2733,b2b-all-22518601-67hdt-d-15599,freight-hdt-D-Diesel-Baseline,2128,-121.69744610643237,47.16798796331104
b2b-all-22518601-67hdt-d,b2b-all-22518601-67hdt-d-2734,b2b-all-22518601-67hdt-d-15600,freight-hdt-D-Diesel-Baseline,2128,-121.69744610643237,47.16798796331104
b2b-all-22518601-67hdt-d,b2b-all-22518601-67hdt-d-2735,b2b-all-22518601-67hdt-d-15601,freight-hdt-D-Diesel-Baseline,2128,-121.69744610643237,47.16798796331104
b2b-all-22518841-68hdt-d-0,b2b-all-22518841-68hdt-d-0-2736,b2b-all-22518841-68hdt-d-0-15617,freight-hdt-D-Diesel-Baseline,3895,-121.26884369455286,48.17174536079158
b2b-all-22518841-68hdt-d-0,b2b-all-22518841-68hdt-d-0-2737,b2b-all-22518841-68hdt-d-0-15618,freight-hdt-D-Diesel-Baseline,3895,-121.26884369455286,48.17174536079158
b2b-all-22518841-68hdt-d-0,b2b-all-22518841-68hdt-d-0-2738,b2b-all-22518841-68hdt-d-0-15619,freight-hdt-D-Diesel-Baseline,3895,-121.26884369455286,48.17174536079158
b2b-all-22518841-68hdt-d-0,b2b-all-22518841-68hdt-d-0-2739,b2b-all-22518841-68hdt-d-0-15620,freight-hdt-D-Diesel-Baseline,3895,-121.26884369455286,48.17174536079158
b2b-all-22518841-68hdt-d-0,b2b-all-22518841-68hdt-d-0-2740,b2b-all-22518841-68hdt-d-0-15621,freight-hdt-D-Diesel-Baseline,3895,-121.26884369455286,48.17174536079158
b2b-all-22518841-68hdt-d-0,b2b-all-22518841-68hdt-d-0-2741,b2b-all-22518841-68hdt-d-0-15622,freight-hdt-D-Diesel-Baseline,3895,-121.26884369455286,48.17174536079158
b2b-all-22518841-68hdt-d-0,b2b-all-22518841-68hdt-d-0-2742,b2b-all-22518841-68hdt-d-0-15623,freight-hdt-D-Diesel-Baseline,3895,-121.26884369455286,48.17174536079158
b2b-all-22518841-68hdt-d-0,b2b-all-22518841-68hdt-d-0-2743,b2b-all-22518841-68hdt-d-0-15624,freight-hdt-D-Diesel-Baseline,3895,-121.26884369455286,48.17174536079158
b2b-all-22518841-68hdt-d-1,b2b-all-22518841-68hdt-d-1-2744,b2b-all-22518841-68hdt-d-1-15640,freight-hdt-D-Diesel-Baseline,3895,-121.26884369455286,48.17174536079158
b2b-all-22518841-68hdt-d-1,b2b-all-22518841-68hdt-d-1-2745,b2b-all-22518841-68hdt-d-1-15647,freight-hdt-D-Diesel-Baseline,3895,-121.26884369455286,48.17174536079158
b2b-all-22518841-69hdt-d,b2b-all-22518841-69hdt-d-2746,b2b-all-22518841-69hdt-d-15670,freight-hdt-D-Diesel-Baseline,3895,-121.26884369455286,48.17174536079158
b2b-all-22518861-70hdt-d-0,b2b-all-22518861-70hdt-d-0-2747,b2b-all-22518861-70hdt-d-0-15686,freight-hdt-D-Diesel-Baseline,3895,-121.26884369455286,48.17174536079158
b2b-all-22518861-70hdt-d-0,b2b-all-22518861-70hdt-d-0-2748,b2b-all-22518861-70hdt-d-0-15687,freight-hdt-D-Diesel-Baseline,3895,-121.26884369455286,48.17174536079158
b2b-all-22518861-70hdt-d-0,b2b-all-22518861-70hdt-d-0-2749,b2b-all-22518861-70hdt-d-0-15688,freight-hdt-D-Diesel-Baseline,3895,-121.26884369455286,48.17174536079158
b2b-all-22518861-70hdt-d-0,b2b-all-22518861-70hdt-d-0-2750,b2b-all-22518861-70hdt-d-0-15689,freight-hdt-D-Diesel-Baseline,3895,-121.26884369455286,48.17174536079158
b2b-all-22518861-70hdt-d-0,b2b-all-22518861-70hdt-d-0-2751,b2b-all-22518861-70hdt-d-0-15690,freight-hdt-D-Diesel-Baseline,3895,-121.26884369455286,48.17174536079158
b2b-all-22518861-70hdt-d-0,b2b-all-22518861-70hdt-d-0-2752,b2b-all-22518861-70hdt-d-0-15691,freight-hdt-D-Diesel-Baseline,3895,-121.26884369455286,48.17174536079158
b2b-all-22518861-70hdt-d-0,b2b-all-22518861-70hdt-d-0-2753,b2b-all-22518861-70hdt-d-0-15692,freight-hdt-D-Diesel-Baseline,3895,-121.26884369455286,48.17174536079158
b2b-all-22518861-70hdt-d-0,b2b-all-22518861-70hdt-d-0-2754,b2b-all-22518861-70hdt-d-0-15693,freight-hdt-D-Diesel-Baseline,3895,-121.26884369455286,48.17174536079158
b2b-all-22518861-70hdt-d-1,b2b-all-22518861-70hdt-d-1-2755,b2b-all-22518861-70hdt-d-1-15709,freight-hdt-D-Diesel-Baseline,3895,-121.26884369455286,48.17174536079158
b2b-all-22518861-70hdt-d-1,b2b-all-22518861-70hdt-d-1-2756,b2b-all-22518861-70hdt-d-1-15710,freight-hdt-D-Diesel-Baseline,3895,-121.26884369455286,48.17174536079158
b2b-all-22519361-71hdt-d,b2b-all-22519361-71hdt-d-2757,b2b-all-22519361-71hdt-d-15732,freight-hdt-D-Diesel-Baseline,3854,-122.3645144674494,48.26687162473969
b2b-all-22519361-71hdt-d,b2b-all-22519361-71hdt-d-2758,b2b-all-22519361-71hdt-d-15736,freight-hdt-D-Diesel-Baseline,3854,-122.3645144674494,48.26687162473969
b2b-all-22519361-71hdt-d,b2b-all-22519361-71hdt-d-2759,b2b-all-22519361-71hdt-d-15737,freight-hdt-D-Diesel-Baseline,3854,-122.3645144674494,48.26687162473969
b2b-all-22519361-71hdt-d,b2b-all-22519361-71hdt-d-2760,b2b-all-22519361-71hdt-d-15738,freight-hdt-D-Diesel-Baseline,3854,-122.3645144674494,48.26687162473969
b2b-all-22519361-71hdt-d,b2b-all-22519361-71hdt-d-2761,b2b-all-22519361-71hdt-d-15739,freight-hdt-D-Diesel-Baseline,3854,-122.3645144674494,48.26687162473969
b2b-all-22519361-72hdt-d,b2b-all-22519361-72hdt-d-2762,b2b-all-22519361-72hdt-d-15761,freight-hdt-D-Diesel-Baseline,3854,-122.3645144674494,48.26687162473969
b2b-all-22519361-72hdt-d,b2b-all-22519361-72hdt-d-2763,b2b-all-22519361-72hdt-d-15762,freight-hdt-D-Diesel-Baseline,3854,-122.3645144674494,48.26687162473969
b2b-all-22519401-73hdt-d-0,b2b-all-22519401-73hdt-d-0-2764,b2b-all-22519401-73hdt-d-0-15778,freight-hdt-D-Diesel-Baseline,3854,-122.3645144674494,48.26687162473969
b2b-all-22519401-73hdt-d-0,b2b-all-22519401-73hdt-d-0-2765,b2b-all-22519401-73hdt-d-0-15779,freight-hdt-D-Diesel-Baseline,3854,-122.3645144674494,48.26687162473969
b2b-all-22519401-73hdt-d-0,b2b-all-22519401-73hdt-d-0-2766,b2b-all-22519401-73hdt-d-0-15780,freight-hdt-D-Diesel-Baseline,3854,-122.3645144674494,48.26687162473969
b2b-all-22519401-73hdt-d-0,b2b-all-22519401-73hdt-d-0-2767,b2b-all-22519401-73hdt-d-0-15781,freight-hdt-D-Diesel-Baseline,3854,-122.3645144674494,48.26687162473969
b2b-all-22519401-73hdt-d-0,b2b-all-22519401-73hdt-d-0-2768,b2b-all-22519401-73hdt-d-0-15782,freight-hdt-D-Diesel-Baseline,3854,-122.3645144674494,48.26687162473969
b2b-all-22519401-73hdt-d-0,b2b-all-22519401-73hdt-d-0-2769,b2b-all-22519401-73hdt-d-0-15783,freight-hdt-D-Diesel-Baseline,3854,-122.3645144674494,48.26687162473969
b2b-all-22519401-73hdt-d-0,b2b-all-22519401-73hdt-d-0-2770,b2b-all-22519401-73hdt-d-0-15784,freight-hdt-D-Diesel-Baseline,3854,-122.3645144674494,48.26687162473969
b2b-all-22519401-73hdt-d-0,b2b-all-22519401-73hdt-d-0-2771,b2b-all-22519401-73hdt-d-0-15785,freight-hdt-D-Diesel-Baseline,3854,-122.3645144674494,48.26687162473969
b2b-all-22519401-73hdt-d-1,b2b-all-22519401-73hdt-d-1-2772,b2b-all-22519401-73hdt-d-1-15801,freight-hdt-D-Diesel-Baseline,3854,-122.3645144674494,48.26687162473969
b2b-all-22519401-73hdt-d-1,b2b-all-22519401-73hdt-d-1-2773,b2b-all-22519401-73hdt-d-1-15808,freight-hdt-D-Diesel-Baseline,3854,-122.3645144674494,48.26687162473969
b2b-all-22519401-74hdt-d,b2b-all-22519401-74hdt-d-2774,b2b-all-22519401-74hdt-d-15831,freight-hdt-D-Diesel-Baseline,3854,-122.3645144674494,48.26687162473969
b2b-all-22519421-75hdt-d-0,b2b-all-22519421-75hdt-d-0-2775,b2b-all-22519421-75hdt-d-0-15847,freight-hdt-D-Diesel-Baseline,3854,-122.3645144674494,48.26687162473969
b2b-all-22519421-75hdt-d-0,b2b-all-22519421-75hdt-d-0-2776,b2b-all-22519421-75hdt-d-0-15847,freight-hdt-D-Diesel-Baseline,3854,-122.3645144674494,48.26687162473969
b2b-all-22519421-75hdt-d-0,b2b-all-22519421-75hdt-d-0-2777,b2b-all-22519421-75hdt-d-0-15848,freight-hdt-D-Diesel-Baseline,3854,-122.3645144674494,48.26687162473969
b2b-all-22519421-75hdt-d-0,b2b-all-22519421-75hdt-d-0-2778,b2b-all-22519421-75hdt-d-0-15849,freight-hdt-D-Diesel-Baseline,3854,-122.3645144674494,48.26687162473969
b2b-all-22519421-75hdt-d-0,b2b-all-22519421-75hdt-d-0-2779,b2b-all-22519421-75hdt-d-0-15850,freight-hdt-D-Diesel-Baseline,3854,-122.3645144674494,48.26687162473969
b2b-all-22519421-75hdt-d-0,b2b-all-22519421-75hdt-d-0-2780,b2b-all-22519421-75hdt-d-0-15851,freight-hdt-D-Diesel-Baseline,3854,-122.3645144674494,48.26687162473969
b2b-all-22519421-75hdt-d-0,b2b-all-22519421-75hdt-d-0-2781,b2b-all-22519421-75hdt-d-0-15852,freight-hdt-D-Diesel-Baseline,3854,-122.3645144674494,48.26687162473969
b2b-all-22519421-75hdt-d-0,b2b-all-22519421-75hdt-d-0-2782,b2b-all-22519421-75hdt-d-0-15853,freight-hdt-D-Diesel-Baseline,3854,-122.3645144674494,48.26687162473969
b2b-all-22519421-75hdt-d-1,b2b-all-22519421-75hdt-d-1-2783,b2b-all-22519421-75hdt-d-1-15870,freight-hdt-D-Diesel-Baseline,3854,-122.3645144674494,48.26687162473969
b2b-all-22519421-75hdt-d-1,b2b-all-22519421-75hdt-d-1-2784,b2b-all-22519421-75hdt-d-1-15877,freight-hdt-D-Diesel-Baseline,3854,-122.3645144674494,48.26687162473969
b2b-all-22519421-76hdt-d,b2b-all-22519421-76hdt-d-2785,b2b-all-22519421-76hdt-d-15900,freight-hdt-D-Diesel-Baseline,3854,-122.3645144674494,48.26687162473969
b2b-all-22519421-76hdt-d,b2b-all-22519421-76hdt-d-2786,b2b-all-22519421-76hdt-d-15899,freight-hdt-D-Diesel-Baseline,3854,-122.3645144674494,48.26687162473969
b2b-all-22622061-77hdt-d,b2b-all-22622061-77hdt-d-2787,b2b-all-22622061-77hdt-d-15916,freight-hdt-D-Diesel-Baseline,5885,-123.12917480974409,44.98433170990787
b2b-all-22622061-77hdt-d,b2b-all-22622061-77hdt-d-2788,b2b-all-22622061-77hdt-d-15917,freight-hdt-D-Diesel-Baseline,5885,-123.12917480974409,44.98433170990787
b2b-all-22622061-77hdt-d,b2b-all-22622061-77hdt-d-2789,b2b-all-22622061-77hdt-d-15918,freight-hdt-D-Diesel-Baseline,5885,-123.12917480974409,44.98433170990787
b2b-all-22622061-77hdt-d,b2b-all-22622061-77hdt-d-2790,b2b-all-22622061-77hdt-d-15919,freight-hdt-D-Diesel-Baseline,5885,-123.12917480974409,44.98433170990787
b2b-all-22622061-77hdt-d,b2b-all-22622061-77hdt-d-2791,b2b-all-22622061-77hdt-d-15922,freight-hdt-D-Diesel-Baseline,5885,-123.12917480974409,44.98433170990787
b2b-all-22622061-78hdt-d,b2b-all-22622061-78hdt-d-2792,b2b-all-22622061-78hdt-d-15940,freight-hdt-D-Diesel-Baseline,5885,-123.12917480974409,44.98433170990787
b2b-all-22622061-78hdt-d,b2b-all-22622061-78hdt-d-2793,b2b-all-22622061-78hdt-d-15941,freight-hdt-D-Diesel-Baseline,5885,-123.12917480974409,44.98433170990787
b2b-all-22622061-78hdt-d,b2b-all-22622061-78hdt-d-2794,b2b-all-22622061-78hdt-d-15942,freight-hdt-D-Diesel-Baseline,5885,-123.12917480974409,44.98433170990787
b2b-all-22622061-78hdt-d,b2b-all-22622061-78hdt-d-2795,b2b-all-22622061-78hdt-d-15943,freight-hdt-D-Diesel-Baseline,5885,-123.12917480974409,44.98433170990787
b2b-all-22622061-78hdt-d,b2b-all-22622061-78hdt-d-2796,b2b-all-22622061-78hdt-d-15944,freight-hdt-D-Diesel-Baseline,5885,-123.12917480974409,44.98433170990787
b2b-all-22622061-78hdt-d,b2b-all-22622061-78hdt-d-2797,b2b-all-22622061-78hdt-d-15945,freight-hdt-D-Diesel-Baseline,5885,-123.12917480974409,44.98433170990787
b2b-all-22622061-78hdt-d,b2b-all-22622061-78hdt-d-2798,b2b-all-22622061-78hdt-d-15946,freight-hdt-D-Diesel-Baseline,5885,-123.12917480974409,44.98433170990787
b2b-all-22622111-79hdt-d,b2b-all-22622111-79hdt-d-2799,b2b-all-22622111-79hdt-d-15963,freight-hdt-D-Diesel-Baseline,5885,-123.12917480974409,44.98433170990787
b2b-all-22622111-79hdt-d,b2b-all-22622111-79hdt-d-2800,b2b-all-22622111-79hdt-d-15964,freight-hdt-D-Diesel-Baseline,5885,-123.12917480974409,44.98433170990787
b2b-all-22622111-79hdt-d,b2b-all-22622111-79hdt-d-2801,b2b-all-22622111-79hdt-d-15965,freight-hdt-D-Diesel-Baseline,5885,-123.12917480974409,44.98433170990787
b2b-all-22622111-79hdt-d,b2b-all-22622111-79hdt-d-2802,b2b-all-22622111-79hdt-d-15966,freight-hdt-D-Diesel-Baseline,5885,-123.12917480974409,44.98433170990787
b2b-all-22622111-79hdt-d,b2b-all-22622111-79hdt-d-2803,b2b-all-22622111-79hdt-d-15968,freight-hdt-D-Diesel-Baseline,5885,-123.12917480974409,44.98433170990787
b2b-all-22622111-80hdt-d,b2b-all-22622111-80hdt-d-2804,b2b-all-22622111-80hdt-d-15987,freight-hdt-D-Diesel-Baseline,5885,-123.12917480974409,44.98433170990787
b2b-all-22622111-80hdt-d,b2b-all-22622111-80hdt-d-2805,b2b-all-22622111-80hdt-d-15988,freight-hdt-D-Diesel-Baseline,5885,-123.12917480974409,44.98433170990787
b2b-all-22622111-80hdt-d,b2b-all-22622111-80hdt-d-2806,b2b-all-22622111-80hdt-d-15989,freight-hdt-D-Diesel-Baseline,5885,-123.12917480974409,44.98433170990787
b2b-all-22622111-80hdt-d,b2b-all-22622111-80hdt-d-2807,b2b-all-22622111-80hdt-d-15990,freight-hdt-D-Diesel-Baseline,5885,-123.12917480974409,44.98433170990787
b2b-all-22622111-80hdt-d,b2b-all-22622111-80hdt-d-2808,b2b-all-22622111-80hdt-d-15991,freight-hdt-D-Diesel-Baseline,5885,-123.12917480974409,44.98433170990787
b2b-all-22622111-80hdt-d,b2b-all-22622111-80hdt-d-2809,b2b-all-22622111-80hdt-d-15992,freight-hdt-D-Diesel-Baseline,5885,-123.12917480974409,44.98433170990787
b2b-all-22623081-81hdt-d-0,b2b-all-22623081-81hdt-d-0-2810,b2b-all-22623081-81hdt-d-0-16008,freight-hdt-D-Diesel-Baseline,3854,-122.3645144674494,48.26687162473969
b2b-all-22623081-81hdt-d-0,b2b-all-22623081-81hdt-d-0-2811,b2b-all-22623081-81hdt-d-0-16008,freight-hdt-D-Diesel-Baseline,3854,-122.3645144674494,48.26687162473969
b2b-all-22623081-81hdt-d-0,b2b-all-22623081-81hdt-d-0-2812,b2b-all-22623081-81hdt-d-0-16009,freight-hdt-D-Diesel-Baseline,3854,-122.3645144674494,48.26687162473969
b2b-all-22623081-81hdt-d-0,b2b-all-22623081-81hdt-d-0-2813,b2b-all-22623081-81hdt-d-0-16010,freight-hdt-D-Diesel-Baseline,3854,-122.3645144674494,48.26687162473969
b2b-all-22623081-81hdt-d-0,b2b-all-22623081-81hdt-d-0-2814,b2b-all-22623081-81hdt-d-0-16011,freight-hdt-D-Diesel-Baseline,3854,-122.3645144674494,48.26687162473969
b2b-all-22623081-81hdt-d-0,b2b-all-22623081-81hdt-d-0-2815,b2b-all-22623081-81hdt-d-0-16012,freight-hdt-D-Diesel-Baseline,3854,-122.3645144674494,48.26687162473969
b2b-all-22623081-81hdt-d-0,b2b-all-22623081-81hdt-d-0-2816,b2b-all-22623081-81hdt-d-0-16013,freight-hdt-D-Diesel-Baseline,3854,-122.3645144674494,48.26687162473969
b2b-all-22623081-81hdt-d-0,b2b-all-22623081-81hdt-d-0-2817,b2b-all-22623081-81hdt-d-0-16014,freight-hdt-D-Diesel-Baseline,3854,-122.3645144674494,48.26687162473969
b2b-all-22623081-81hdt-d-1,b2b-all-22623081-81hdt-d-1-2818,b2b-all-22623081-81hdt-d-1-16031,freight-hdt-D-Diesel-Baseline,3854,-122.3645144674494,48.26687162473969
b2b-all-22623081-82hdt-d,b2b-all-22623081-82hdt-d-2819,b2b-all-22623081-82hdt-d-16061,freight-hdt-D-Diesel-Baseline,3854,-122.3645144674494,48.26687162473969
b2b-all-22623081-82hdt-d,b2b-all-22623081-82hdt-d-2820,b2b-all-22623081-82hdt-d-16060,freight-hdt-D-Diesel-Baseline,3854,-122.3645144674494,48.26687162473969
b2b-all-22623302-83hdt-d,b2b-all-22623302-83hdt-d-2821,b2b-all-22623302-83hdt-d-16077,freight-hdt-D-Diesel-Baseline,2128,-121.69744610643237,47.16798796331104
b2b-all-22623302-83hdt-d,b2b-all-22623302-83hdt-d-2822,b2b-all-22623302-83hdt-d-16078,freight-hdt-D-Diesel-Baseline,2128,-121.69744610643237,47.16798796331104
b2b-all-22623302-83hdt-d,b2b-all-22623302-83hdt-d-2823,b2b-all-22623302-83hdt-d-16079,freight-hdt-D-Diesel-Baseline,2128,-121.69744610643237,47.16798796331104
b2b-all-22623302-83hdt-d,b2b-all-22623302-83hdt-d-2824,b2b-all-22623302-83hdt-d-16080,freight-hdt-D-Diesel-Baseline,2128,-121.69744610643237,47.16798796331104
b2b-all-22623302-83hdt-d,b2b-all-22623302-83hdt-d-2825,b2b-all-22623302-83hdt-d-16083,freight-hdt-D-Diesel-Baseline,2128,-121.69744610643237,47.16798796331104
b2b-all-22623302-84hdt-d,b2b-all-22623302-84hdt-d-2826,b2b-all-22623302-84hdt-d-16101,freight-hdt-D-Diesel-Baseline,2128,-121.69744610643237,47.16798796331104
b2b-all-22623302-84hdt-d,b2b-all-22623302-84hdt-d-2827,b2b-all-22623302-84hdt-d-16102,freight-hdt-D-Diesel-Baseline,2128,-121.69744610643237,47.16798796331104
b2b-all-22623302-84hdt-d,b2b-all-22623302-84hdt-d-2828,b2b-all-22623302-84hdt-d-16103,freight-hdt-D-Diesel-Baseline,2128,-121.69744610643237,47.16798796331104
b2b-all-22623302-84hdt-d,b2b-all-22623302-84hdt-d-2829,b2b-all-22623302-84hdt-d-16104,freight-hdt-D-Diesel-Baseline,2128,-121.69744610643237,47.16798796331104
b2b-all-22623302-84hdt-d,b2b-all-22623302-84hdt-d-2830,b2b-all-22623302-84hdt-d-16105,freight-hdt-D-Diesel-Baseline,2128,-121.69744610643237,47.16798796331104
b2b-all-22623302-84hdt-d,b2b-all-22623302-84hdt-d-2831,b2b-all-22623302-84hdt-d-16106,freight-hdt-D-Diesel-Baseline,2128,-121.69744610643237,47.16798796331104
b2b-all-22623302-84hdt-d,b2b-all-22623302-84hdt-d-2832,b2b-all-22623302-84hdt-d-16107,freight-hdt-D-Diesel-Baseline,2128,-121.69744610643237,47.16798796331104
b2b-all-68330692-85hdt-d-0,b2b-all-68330692-85hdt-d-0-2833,b2b-all-68330692-85hdt-d-0-16146,freight-hdt-D-Diesel-Baseline,2128,-121.69744610643237,47.16798796331104
b2b-all-68330692-85hdt-d-0,b2b-all-68330692-85hdt-d-0-2834,b2b-all-68330692-85hdt-d-0-16147,freight-hdt-D-Diesel-Baseline,2128,-121.69744610643237,47.16798796331104
b2b-all-68330692-85hdt-d-0,b2b-all-68330692-85hdt-d-0-2835,b2b-all-68330692-85hdt-d-0-16148,freight-hdt-D-Diesel-Baseline,2128,-121.69744610643237,47.16798796331104
b2b-all-68330692-85hdt-d-0,b2b-all-68330692-85hdt-d-0-2836,b2b-all-68330692-85hdt-d-0-16123,freight-hdt-D-Diesel-Baseline,2128,-121.69744610643237,47.16798796331104
b2b-all-68330692-85hdt-d-0,b2b-all-68330692-85hdt-d-0-2837,b2b-all-68330692-85hdt-d-0-16124,freight-hdt-D-Diesel-Baseline,2128,-121.69744610643237,47.16798796331104
b2b-all-68330692-85hdt-d-0,b2b-all-68330692-85hdt-d-0-2838,b2b-all-68330692-85hdt-d-0-16125,freight-hdt-D-Diesel-Baseline,2128,-121.69744610643237,47.16798796331104
b2b-all-68330692-85hdt-d-0,b2b-all-68330692-85hdt-d-0-2839,b2b-all-68330692-85hdt-d-0-16126,freight-hdt-D-Diesel-Baseline,2128,-121.69744610643237,47.16798796331104
b2b-all-68330692-85hdt-d-0,b2b-all-68330692-85hdt-d-0-2840,b2b-all-68330692-85hdt-d-0-16144,freight-hdt-D-Diesel-Baseline,2128,-121.69744610643237,47.16798796331104
b2b-all-68330692-85hdt-d-0,b2b-all-68330692-85hdt-d-0-2841,b2b-all-68330692-85hdt-d-0-16145,freight-hdt-D-Diesel-Baseline,2128,-121.69744610643237,47.16798796331104
b2b-all-68330692-85hdt-d-1,b2b-all-68330692-85hdt-d-1-2842,b2b-all-68330692-85hdt-d-1-16164,freight-hdt-D-Diesel-Baseline,2128,-121.69744610643237,47.16798796331104
b2b-all-68330692-85hdt-d-1,b2b-all-68330692-85hdt-d-1-2843,b2b-all-68330692-85hdt-d-1-16165,freight-hdt-D-Diesel-Baseline,2128,-121.69744610643237,47.16798796331104
b2b-all-68330692-85hdt-d-1,b2b-all-68330692-85hdt-d-1-2844,b2b-all-68330692-85hdt-d-1-16187,freight-hdt-D-Diesel-Baseline,2128,-121.69744610643237,47.16798796331104
b2b-all-68330692-85hdt-d-1,b2b-all-68330692-85hdt-d-1-2845,b2b-all-68330692-85hdt-d-1-16188,freight-hdt-D-Diesel-Baseline,2128,-121.69744610643237,47.16798796331104
b2b-all-68330692-85hdt-d-1,b2b-all-68330692-85hdt-d-1-2846,b2b-all-68330692-85hdt-d-1-16189,freight-hdt-D-Diesel-Baseline,2128,-121.69744610643237,47.16798796331104
b2b-all-68330692-85hdt-d-2,b2b-all-68330692-85hdt-d-2-2847,b2b-all-68330692-85hdt-d-2-16205,freight-hdt-D-Diesel-Baseline,2128,-121.69744610643237,47.16798796331104
b2b-all-68330692-85hdt-d-2,b2b-all-68330692-85hdt-d-2-2848,b2b-all-68330692-85hdt-d-2-16206,freight-hdt-D-Diesel-Baseline,2128,-121.69744610643237,47.16798796331104
b2b-all-68330692-85hdt-d-2,b2b-all-68330692-85hdt-d-2-2849,b2b-all-68330692-85hdt-d-2-16228,freight-hdt-D-Diesel-Baseline,2128,-121.69744610643237,47.16798796331104
b2b-all-68330692-85hdt-d-2,b2b-all-68330692-85hdt-d-2-2850,b2b-all-68330692-85hdt-d-2-16229,freight-hdt-D-Diesel-Baseline,2128,-121.69744610643237,47.16798796331104
b2b-all-68330692-85hdt-d-2,b2b-all-68330692-85hdt-d-2-2851,b2b-all-68330692-85hdt-d-2-16230,freight-hdt-D-Diesel-Baseline,2128,-121.69744610643237,47.16798796331104
b2b-all-68330692-85hdt-d-3,b2b-all-68330692-85hdt-d-3-2852,b2b-all-68330692-85hdt-d-3-16246,freight-hdt-D-Diesel-Baseline,2128,-121.69744610643237,47.16798796331104
b2b-all-68330692-85hdt-d-3,b2b-all-68330692-85hdt-d-3-2853,b2b-all-68330692-85hdt-d-3-16247,freight-hdt-D-Diesel-Baseline,2128,-121.69744610643237,47.16798796331104
b2b-all-68330692-85hdt-d-3,b2b-all-68330692-85hdt-d-3-2854,b2b-all-68330692-85hdt-d-3-16269,freight-hdt-D-Diesel-Baseline,2128,-121.69744610643237,47.16798796331104
b2b-all-68330692-85hdt-d-3,b2b-all-68330692-85hdt-d-3-2855,b2b-all-68330692-85hdt-d-3-16270,freight-hdt-D-Diesel-Baseline,2128,-121.69744610643237,47.16798796331104
b2b-all-68330692-85hdt-d-3,b2b-all-68330692-85hdt-d-3-2856,b2b-all-68330692-85hdt-d-3-16271,freight-hdt-D-Diesel-Baseline,2128,-121.69744610643237,47.16798796331104
b2b-all-68330692-85hdt-d-4,b2b-all-68330692-85hdt-d-4-2857,b2b-all-68330692-85hdt-d-4-16287,freight-hdt-D-Diesel-Baseline,2128,-121.69744610643237,47.16798796331104
b2b-all-68330692-85hdt-d-4,b2b-all-68330692-85hdt-d-4-2858,b2b-all-68330692-85hdt-d-4-16288,freight-hdt-D-Diesel-Baseline,2128,-121.69744610643237,47.16798796331104
b2b-all-68330692-85hdt-d-4,b2b-all-68330692-85hdt-d-4-2859,b2b-all-68330692-85hdt-d-4-16310,freight-hdt-D-Diesel-Baseline,2128,-121.69744610643237,47.16798796331104
b2b-all-68330692-85hdt-d-4,b2b-all-68330692-85hdt-d-4-2860,b2b-all-68330692-85hdt-d-4-16311,freight-hdt-D-Diesel-Baseline,2128,-121.69744610643237,47.16798796331104
b2b-all-68330692-85hdt-d-4,b2b-all-68330692-85hdt-d-4-2861,b2b-all-68330692-85hdt-d-4-16312,freight-hdt-D-Diesel-Baseline,2128,-121.69744610643237,47.16798796331104
b2b-all-68330692-85hdt-d-5,b2b-all-68330692-85hdt-d-5-2862,b2b-all-68330692-85hdt-d-5-16328,freight-hdt-D-Diesel-Baseline,2128,-121.69744610643237,47.16798796331104
b2b-all-68330692-85hdt-d-5,b2b-all-68330692-85hdt-d-5-2863,b2b-all-68330692-85hdt-d-5-16329,freight-hdt-D-Diesel-Baseline,2128,-121.69744610643237,47.16798796331104
b2b-all-68330692-85hdt-d-5,b2b-all-68330692-85hdt-d-5-2864,b2b-all-68330692-85hdt-d-5-16351,freight-hdt-D-Diesel-Baseline,2128,-121.69744610643237,47.16798796331104
b2b-all-68330692-85hdt-d-5,b2b-all-68330692-85hdt-d-5-2865,b2b-all-68330692-85hdt-d-5-16352,freight-hdt-D-Diesel-Baseline,2128,-121.69744610643237,47.16798796331104
b2b-all-68330692-85hdt-d-5,b2b-all-68330692-85hdt-d-5-2866,b2b-all-68330692-85hdt-d-5-16353,freight-hdt-D-Diesel-Baseline,2128,-121.69744610643237,47.16798796331104
b2b-all-68330692-85hdt-d-6,b2b-all-68330692-85hdt-d-6-2867,b2b-all-68330692-85hdt-d-6-16393,freight-hdt-D-Diesel-Baseline,2128,-121.69744610643237,47.16798796331104
b2b-all-68330692-85hdt-d-6,b2b-all-68330692-85hdt-d-6-2868,b2b-all-68330692-85hdt-d-6-16394,freight-hdt-D-Diesel-Baseline,2128,-121.69744610643237,47.16798796331104
b2b-all-68330692-86hdt-d-0,b2b-all-68330692-86hdt-d-0-2869,b2b-all-68330692-86hdt-d-0-16433,freight-hdt-D-Diesel-Baseline,2128,-121.69744610643237,47.16798796331104
b2b-all-68330692-86hdt-d-0,b2b-all-68330692-86hdt-d-0-2870,b2b-all-68330692-86hdt-d-0-16434,freight-hdt-D-Diesel-Baseline,2128,-121.69744610643237,47.16798796331104
b2b-all-68330692-86hdt-d-0,b2b-all-68330692-86hdt-d-0-2871,b2b-all-68330692-86hdt-d-0-16435,freight-hdt-D-Diesel-Baseline,2128,-121.69744610643237,47.16798796331104
b2b-all-68330692-86hdt-d-0,b2b-all-68330692-86hdt-d-0-2872,b2b-all-68330692-86hdt-d-0-16425,freight-hdt-D-Diesel-Baseline,2128,-121.69744610643237,47.16798796331104
b2b-all-68330692-86hdt-d-0,b2b-all-68330692-86hdt-d-0-2873,b2b-all-68330692-86hdt-d-0-16426,freight-hdt-D-Diesel-Baseline,2128,-121.69744610643237,47.16798796331104
b2b-all-68330692-86hdt-d-0,b2b-all-68330692-86hdt-d-0-2874,b2b-all-68330692-86hdt-d-0-16427,freight-hdt-D-Diesel-Baseline,2128,-121.69744610643237,47.16798796331104
b2b-all-68330692-86hdt-d-0,b2b-all-68330692-86hdt-d-0-2875,b2b-all-68330692-86hdt-d-0-16428,freight-hdt-D-Diesel-Baseline,2128,-121.69744610643237,47.16798796331104
b2b-all-68330692-86hdt-d-0,b2b-all-68330692-86hdt-d-0-2876,b2b-all-68330692-86hdt-d-0-16429,freight-hdt-D-Diesel-Baseline,2128,-121.69744610643237,47.16798796331104
b2b-all-68330692-86hdt-d-0,b2b-all-68330692-86hdt-d-0-2877,b2b-all-68330692-86hdt-d-0-16430,freight-hdt-D-Diesel-Baseline,2128,-121.69744610643237,47.16798796331104
b2b-all-68330692-86hdt-d-0,b2b-all-68330692-86hdt-d-0-2878,b2b-all-68330692-86hdt-d-0-16431,freight-hdt-D-Diesel-Baseline,2128,-121.69744610643237,47.16798796331104
b2b-all-68330692-86hdt-d-0,b2b-all-68330692-86hdt-d-0-2879,b2b-all-68330692-86hdt-d-0-16432,freight-hdt-D-Diesel-Baseline,2128,-121.69744610643237,47.16798796331104
b2b-all-68330692-86hdt-d-1,b2b-all-68330692-86hdt-d-1-2880,b2b-all-68330692-86hdt-d-1-16467,freight-hdt-D-Diesel-Baseline,2128,-121.69744610643237,47.16798796331104
b2b-all-68330692-86hdt-d-1,b2b-all-68330692-86hdt-d-1-2881,b2b-all-68330692-86hdt-d-1-16468,freight-hdt-D-Diesel-Baseline,2128,-121.69744610643237,47.16798796331104
b2b-all-68330692-86hdt-d-1,b2b-all-68330692-86hdt-d-1-2882,b2b-all-68330692-86hdt-d-1-16469,freight-hdt-D-Diesel-Baseline,2128,-121.69744610643237,47.16798796331104
b2b-all-68330692-86hdt-d-1,b2b-all-68330692-86hdt-d-1-2883,b2b-all-68330692-86hdt-d-1-16470,freight-hdt-D-Diesel-Baseline,2128,-121.69744610643237,47.16798796331104
b2b-all-68330692-86hdt-d-1,b2b-all-68330692-86hdt-d-1-2884,b2b-all-68330692-86hdt-d-1-16471,freight-hdt-D-Diesel-Baseline,2128,-121.69744610643237,47.16798796331104
b2b-all-68330692-86hdt-d-1,b2b-all-68330692-86hdt-d-1-2885,b2b-all-68330692-86hdt-d-1-16472,freight-hdt-D-Diesel-Baseline,2128,-121.69744610643237,47.16798796331104
b2b-all-68330692-86hdt-d-1,b2b-all-68330692-86hdt-d-1-2886,b2b-all-68330692-86hdt-d-1-16473,freight-hdt-D-Diesel-Baseline,2128,-121.69744610643237,47.16798796331104
b2b-all-68330692-86hdt-d-1,b2b-all-68330692-86hdt-d-1-2887,b2b-all-68330692-86hdt-d-1-16474,freight-hdt-D-Diesel-Baseline,2128,-121.69744610643237,47.16798796331104
b2b-all-68330692-86hdt-d-1,b2b-all-68330692-86hdt-d-1-2888,b2b-all-68330692-86hdt-d-1-16475,freight-hdt-D-Diesel-Baseline,2128,-121.69744610643237,47.16798796331104
b2b-all-68330692-86hdt-d-1,b2b-all-68330692-86hdt-d-1-2889,b2b-all-68330692-86hdt-d-1-16476,freight-hdt-D-Diesel-Baseline,2128,-121.69744610643237,47.16798796331104
b2b-all-68330692-86hdt-d-2,b2b-all-68330692-86hdt-d-2-2890,b2b-all-68330692-86hdt-d-2-16517,freight-hdt-D-Diesel-Baseline,2128,-121.69744610643237,47.16798796331104
b2b-all-68330882-87hdt-d-0,b2b-all-68330882-87hdt-d-0-2891,b2b-all-68330882-87hdt-d-0-16533,freight-hdt-D-Diesel-Baseline,2128,-121.69744610643237,47.16798796331104
b2b-all-68330882-87hdt-d-0,b2b-all-68330882-87hdt-d-0-2892,b2b-all-68330882-87hdt-d-0-16534,freight-hdt-D-Diesel-Baseline,2128,-121.69744610643237,47.16798796331104
b2b-all-68330882-87hdt-d-0,b2b-all-68330882-87hdt-d-0-2893,b2b-all-68330882-87hdt-d-0-16535,freight-hdt-D-Diesel-Baseline,2128,-121.69744610643237,47.16798796331104
b2b-all-68330882-87hdt-d-0,b2b-all-68330882-87hdt-d-0-2894,b2b-all-68330882-87hdt-d-0-16536,freight-hdt-D-Diesel-Baseline,2128,-121.69744610643237,47.16798796331104
b2b-all-68330882-87hdt-d-0,b2b-all-68330882-87hdt-d-0-2895,b2b-all-68330882-87hdt-d-0-16537,freight-hdt-D-Diesel-Baseline,2128,-121.69744610643237,47.16798796331104
b2b-all-68330882-87hdt-d-0,b2b-all-68330882-87hdt-d-0-2896,b2b-all-68330882-87hdt-d-0-16569,freight-hdt-D-Diesel-Baseline,2128,-121.69744610643237,47.16798796331104
b2b-all-68330882-87hdt-d-0,b2b-all-68330882-87hdt-d-0-2897,b2b-all-68330882-87hdt-d-0-16571,freight-hdt-D-Diesel-Baseline,2128,-121.69744610643237,47.16798796331104
b2b-all-68330882-87hdt-d-0,b2b-all-68330882-87hdt-d-0-2898,b2b-all-68330882-87hdt-d-0-16572,freight-hdt-D-Diesel-Baseline,2128,-121.69744610643237,47.16798796331104
b2b-all-68330882-87hdt-d-0,b2b-all-68330882-87hdt-d-0-2899,b2b-all-68330882-87hdt-d-0-16575,freight-hdt-D-Diesel-Baseline,2128,-121.69744610643237,47.16798796331104
b2b-all-68330882-87hdt-d-0,b2b-all-68330882-87hdt-d-0-2900,b2b-all-68330882-87hdt-d-0-16576,freight-hdt-D-Diesel-Baseline,2128,-121.69744610643237,47.16798796331104
b2b-all-68330882-87hdt-d-1,b2b-all-68330882-87hdt-d-1-2901,b2b-all-68330882-87hdt-d-1-16592,freight-hdt-D-Diesel-Baseline,2128,-121.69744610643237,47.16798796331104
b2b-all-68330882-87hdt-d-1,b2b-all-68330882-87hdt-d-1-2902,b2b-all-68330882-87hdt-d-1-16593,freight-hdt-D-Diesel-Baseline,2128,-121.69744610643237,47.16798796331104
b2b-all-68330882-87hdt-d-1,b2b-all-68330882-87hdt-d-1-2903,b2b-all-68330882-87hdt-d-1-16594,freight-hdt-D-Diesel-Baseline,2128,-121.69744610643237,47.16798796331104
b2b-all-68330882-87hdt-d-1,b2b-all-68330882-87hdt-d-1-2904,b2b-all-68330882-87hdt-d-1-16595,freight-hdt-D-Diesel-Baseline,2128,-121.69744610643237,47.16798796331104
b2b-all-68330882-87hdt-d-1,b2b-all-68330882-87hdt-d-1-2905,b2b-all-68330882-87hdt-d-1-16596,freight-hdt-D-Diesel-Baseline,2128,-121.69744610643237,47.16798796331104
b2b-all-68330882-87hdt-d-1,b2b-all-68330882-87hdt-d-1-2906,b2b-all-68330882-87hdt-d-1-16630,freight-hdt-D-Diesel-Baseline,2128,-121.69744610643237,47.16798796331104
b2b-all-68330882-87hdt-d-1,b2b-all-68330882-87hdt-d-1-2907,b2b-all-68330882-87hdt-d-1-16631,freight-hdt-D-Diesel-Baseline,2128,-121.69744610643237,47.16798796331104
b2b-all-68330882-87hdt-d-1,b2b-all-68330882-87hdt-d-1-2908,b2b-all-68330882-87hdt-d-1-16634,freight-hdt-D-Diesel-Baseline,2128,-121.69744610643237,47.16798796331104
b2b-all-68330882-87hdt-d-1,b2b-all-68330882-87hdt-d-1-2909,b2b-all-68330882-87hdt-d-1-16627,freight-hdt-D-Diesel-Baseline,2128,-121.69744610643237,47.16798796331104
b2b-all-68330882-87hdt-d-2,b2b-all-68330882-87hdt-d-2-2910,b2b-all-68330882-87hdt-d-2-16651,freight-hdt-D-Diesel-Baseline,2128,-121.69744610643237,47.16798796331104
b2b-all-68330882-87hdt-d-2,b2b-all-68330882-87hdt-d-2-2911,b2b-all-68330882-87hdt-d-2-16652,freight-hdt-D-Diesel-Baseline,2128,-121.69744610643237,47.16798796331104
b2b-all-68330882-87hdt-d-2,b2b-all-68330882-87hdt-d-2-2912,b2b-all-68330882-87hdt-d-2-16653,freight-hdt-D-Diesel-Baseline,2128,-121.69744610643237,47.16798796331104
b2b-all-68330882-87hdt-d-2,b2b-all-68330882-87hdt-d-2-2913,b2b-all-68330882-87hdt-d-2-16654,freight-hdt-D-Diesel-Baseline,2128,-121.69744610643237,47.16798796331104
b2b-all-68330882-87hdt-d-2,b2b-all-68330882-87hdt-d-2-2914,b2b-all-68330882-87hdt-d-2-16655,freight-hdt-D-Diesel-Baseline,2128,-121.69744610643237,47.16798796331104
b2b-all-68330882-87hdt-d-2,b2b-all-68330882-87hdt-d-2-2915,b2b-all-68330882-87hdt-d-2-16656,freight-hdt-D-Diesel-Baseline,2128,-121.69744610643237,47.16798796331104
b2b-all-68330882-87hdt-d-2,b2b-all-68330882-87hdt-d-2-2916,b2b-all-68330882-87hdt-d-2-16692,freight-hdt-D-Diesel-Baseline,2128,-121.69744610643237,47.16798796331104
b2b-all-68330882-87hdt-d-2,b2b-all-68330882-87hdt-d-2-2917,b2b-all-68330882-87hdt-d-2-16693,freight-hdt-D-Diesel-Baseline,2128,-121.69744610643237,47.16798796331104
b2b-all-68330882-87hdt-d-3,b2b-all-68330882-87hdt-d-3-2918,b2b-all-68330882-87hdt-d-3-16710,freight-hdt-D-Diesel-Baseline,2128,-121.69744610643237,47.16798796331104
b2b-all-68330882-87hdt-d-3,b2b-all-68330882-87hdt-d-3-2919,b2b-all-68330882-87hdt-d-3-16711,freight-hdt-D-Diesel-Baseline,2128,-121.69744610643237,47.16798796331104
b2b-all-68330882-87hdt-d-3,b2b-all-68330882-87hdt-d-3-2920,b2b-all-68330882-87hdt-d-3-16712,freight-hdt-D-Diesel-Baseline,2128,-121.69744610643237,47.16798796331104
b2b-all-68330882-87hdt-d-3,b2b-all-68330882-87hdt-d-3-2921,b2b-all-68330882-87hdt-d-3-16713,freight-hdt-D-Diesel-Baseline,2128,-121.69744610643237,47.16798796331104
b2b-all-68330882-87hdt-d-3,b2b-all-68330882-87hdt-d-3-2922,b2b-all-68330882-87hdt-d-3-16714,freight-hdt-D-Diesel-Baseline,2128,-121.69744610643237,47.16798796331104
b2b-all-68330882-87hdt-d-3,b2b-all-68330882-87hdt-d-3-2923,b2b-all-68330882-87hdt-d-3-16715,freight-hdt-D-Diesel-Baseline,2128,-121.69744610643237,47.16798796331104
b2b-all-68330882-87hdt-d-3,b2b-all-68330882-87hdt-d-3-2924,b2b-all-68330882-87hdt-d-3-16752,freight-hdt-D-Diesel-Baseline,2128,-121.69744610643237,47.16798796331104
b2b-all-68330882-88hdt-d-0,b2b-all-68330882-88hdt-d-0-2925,b2b-all-68330882-88hdt-d-0-16803,freight-hdt-D-Diesel-Baseline,2128,-121.69744610643237,47.16798796331104
b2b-all-68330882-88hdt-d-0,b2b-all-68330882-88hdt-d-0-2926,b2b-all-68330882-88hdt-d-0-16804,freight-hdt-D-Diesel-Baseline,2128,-121.69744610643237,47.16798796331104
b2b-all-68330882-88hdt-d-0,b2b-all-68330882-88hdt-d-0-2927,b2b-all-68330882-88hdt-d-0-16805,freight-hdt-D-Diesel-Baseline,2128,-121.69744610643237,47.16798796331104
b2b-all-68330882-88hdt-d-0,b2b-all-68330882-88hdt-d-0-2928,b2b-all-68330882-88hdt-d-0-16806,freight-hdt-D-Diesel-Baseline,2128,-121.69744610643237,47.16798796331104
b2b-all-68330882-88hdt-d-0,b2b-all-68330882-88hdt-d-0-2929,b2b-all-68330882-88hdt-d-0-16807,freight-hdt-D-Diesel-Baseline,2128,-121.69744610643237,47.16798796331104
b2b-all-68330882-88hdt-d-0,b2b-all-68330882-88hdt-d-0-2930,b2b-all-68330882-88hdt-d-0-16808,freight-hdt-D-Diesel-Baseline,2128,-121.69744610643237,47.16798796331104
b2b-all-68330882-88hdt-d-0,b2b-all-68330882-88hdt-d-0-2931,b2b-all-68330882-88hdt-d-0-16809,freight-hdt-D-Diesel-Baseline,2128,-121.69744610643237,47.16798796331104
b2b-all-68330882-88hdt-d-0,b2b-all-68330882-88hdt-d-0-2932,b2b-all-68330882-88hdt-d-0-16810,freight-hdt-D-Diesel-Baseline,2128,-121.69744610643237,47.16798796331104
b2b-all-68330882-88hdt-d-0,b2b-all-68330882-88hdt-d-0-2933,b2b-all-68330882-88hdt-d-0-16811,freight-hdt-D-Diesel-Baseline,2128,-121.69744610643237,47.16798796331104
b2b-all-68330882-88hdt-d-0,b2b-all-68330882-88hdt-d-0-2934,b2b-all-68330882-88hdt-d-0-16812,freight-hdt-D-Diesel-Baseline,2128,-121.69744610643237,47.16798796331104
b2b-all-68330882-88hdt-d-1,b2b-all-68330882-88hdt-d-1-2935,b2b-all-68330882-88hdt-d-1-16862,freight-hdt-D-Diesel-Baseline,2128,-121.69744610643237,47.16798796331104
b2b-all-68330882-88hdt-d-1,b2b-all-68330882-88hdt-d-1-2936,b2b-all-68330882-88hdt-d-1-16863,freight-hdt-D-Diesel-Baseline,2128,-121.69744610643237,47.16798796331104
b2b-all-68330882-88hdt-d-1,b2b-all-68330882-88hdt-d-1-2937,b2b-all-68330882-88hdt-d-1-16864,freight-hdt-D-Diesel-Baseline,2128,-121.69744610643237,47.16798796331104
b2b-all-68330882-88hdt-d-1,b2b-all-68330882-88hdt-d-1-2938,b2b-all-68330882-88hdt-d-1-16865,freight-hdt-D-Diesel-Baseline,2128,-121.69744610643237,47.16798796331104
b2b-all-68330882-88hdt-d-1,b2b-all-68330882-88hdt-d-1-2939,b2b-all-68330882-88hdt-d-1-16866,freight-hdt-D-Diesel-Baseline,2128,-121.69744610643237,47.16798796331104
b2b-all-68330882-88hdt-d-1,b2b-all-68330882-88hdt-d-1-2940,b2b-all-68330882-88hdt-d-1-16867,freight-hdt-D-Diesel-Baseline,2128,-121.69744610643237,47.16798796331104
b2b-all-68330882-88hdt-d-1,b2b-all-68330882-88hdt-d-1-2941,b2b-all-68330882-88hdt-d-1-16868,freight-hdt-D-Diesel-Baseline,2128,-121.69744610643237,47.16798796331104
b2b-all-68330882-88hdt-d-1,b2b-all-68330882-88hdt-d-1-2942,b2b-all-68330882-88hdt-d-1-16869,freight-hdt-D-Diesel-Baseline,2128,-121.69744610643237,47.16798796331104
b2b-all-68330882-88hdt-d-1,b2b-all-68330882-88hdt-d-1-2943,b2b-all-68330882-88hdt-d-1-16870,freight-hdt-D-Diesel-Baseline,2128,-121.69744610643237,47.16798796331104
b2b-all-68330882-88hdt-d-1,b2b-all-68330882-88hdt-d-1-2944,b2b-all-68330882-88hdt-d-1-16871,freight-hdt-D-Diesel-Baseline,2128,-121.69744610643237,47.16798796331104
b2b-all-68330882-88hdt-d-2,b2b-all-68330882-88hdt-d-2-2945,b2b-all-68330882-88hdt-d-2-16921,freight-hdt-D-Diesel-Baseline,2128,-121.69744610643237,47.16798796331104
b2b-all-68330882-88hdt-d-2,b2b-all-68330882-88hdt-d-2-2946,b2b-all-68330882-88hdt-d-2-16922,freight-hdt-D-Diesel-Baseline,2128,-121.69744610643237,47.16798796331104
b2b-all-68330882-88hdt-d-2,b2b-all-68330882-88hdt-d-2-2947,b2b-all-68330882-88hdt-d-2-16923,freight-hdt-D-Diesel-Baseline,2128,-121.69744610643237,47.16798796331104
b2b-all-68330882-88hdt-d-2,b2b-all-68330882-88hdt-d-2-2948,b2b-all-68330882-88hdt-d-2-16924,freight-hdt-D-Diesel-Baseline,2128,-121.69744610643237,47.16798796331104
b2b-all-68330882-88hdt-d-2,b2b-all-68330882-88hdt-d-2-2949,b2b-all-68330882-88hdt-d-2-16925,freight-hdt-D-Diesel-Baseline,2128,-121.69744610643237,47.16798796331104
b2b-all-68330882-88hdt-d-2,b2b-all-68330882-88hdt-d-2-2950,b2b-all-68330882-88hdt-d-2-16926,freight-hdt-D-Diesel-Baseline,2128,-121.69744610643237,47.16798796331104
b2b-all-68330882-88hdt-d-2,b2b-all-68330882-88hdt-d-2-2951,b2b-all-68330882-88hdt-d-2-16927,freight-hdt-D-Diesel-Baseline,2128,-121.69744610643237,47.16798796331104
b2b-all-68330882-88hdt-d-2,b2b-all-68330882-88hdt-d-2-2952,b2b-all-68330882-88hdt-d-2-16928,freight-hdt-D-Diesel-Baseline,2128,-121.69744610643237,47.16798796331104
b2b-all-68330882-88hdt-d-2,b2b-all-68330882-88hdt-d-2-2953,b2b-all-68330882-88hdt-d-2-16929,freight-hdt-D-Diesel-Baseline,2128,-121.69744610643237,47.16798796331104
b2b-all-68330882-88hdt-d-2,b2b-all-68330882-88hdt-d-2-2954,b2b-all-68330882-88hdt-d-2-16930,freight-hdt-D-Diesel-Baseline,2128,-121.69744610643237,47.16798796331104
b2b-all-68330882-88hdt-d-3,b2b-all-68330882-88hdt-d-3-2955,b2b-all-68330882-88hdt-d-3-16980,freight-hdt-D-Diesel-Baseline,2128,-121.69744610643237,47.16798796331104
b2b-all-68330882-88hdt-d-3,b2b-all-68330882-88hdt-d-3-2956,b2b-all-68330882-88hdt-d-3-16981,freight-hdt-D-Diesel-Baseline,2128,-121.69744610643237,47.16798796331104
b2b-all-68330882-88hdt-d-3,b2b-all-68330882-88hdt-d-3-2957,b2b-all-68330882-88hdt-d-3-16982,freight-hdt-D-Diesel-Baseline,2128,-121.69744610643237,47.16798796331104
b2b-all-68330882-88hdt-d-3,b2b-all-68330882-88hdt-d-3-2958,b2b-all-68330882-88hdt-d-3-16983,freight-hdt-D-Diesel-Baseline,2128,-121.69744610643237,47.16798796331104
b2b-all-68330882-88hdt-d-3,b2b-all-68330882-88hdt-d-3-2959,b2b-all-68330882-88hdt-d-3-16984,freight-hdt-D-Diesel-Baseline,2128,-121.69744610643237,47.16798796331104
b2b-all-68330882-88hdt-d-3,b2b-all-68330882-88hdt-d-3-2960,b2b-all-68330882-88hdt-d-3-16985,freight-hdt-D-Diesel-Baseline,2128,-121.69744610643237,47.16798796331104
b2b-all-68330882-88hdt-d-3,b2b-all-68330882-88hdt-d-3-2961,b2b-all-68330882-88hdt-d-3-16986,freight-hdt-D-Diesel-Baseline,2128,-121.69744610643237,47.16798796331104
b2b-all-68330882-88hdt-d-3,b2b-all-68330882-88hdt-d-3-2962,b2b-all-68330882-88hdt-d-3-16987,freight-hdt-D-Diesel-Baseline,2128,-121.69744610643237,47.16798796331104
b2b-all-68330882-88hdt-d-3,b2b-all-68330882-88hdt-d-3-2963,b2b-all-68330882-88hdt-d-3-16988,freight-hdt-D-Diesel-Baseline,2128,-121.69744610643237,47.16798796331104
b2b-all-68330882-88hdt-d-3,b2b-all-68330882-88hdt-d-3-2964,b2b-all-68330882-88hdt-d-3-16989,freight-hdt-D-Diesel-Baseline,2128,-121.69744610643237,47.16798796331104
b2b-all-68330882-88hdt-d-4,b2b-all-68330882-88hdt-d-4-2965,b2b-all-68330882-88hdt-d-4-17039,freight-hdt-D-Diesel-Baseline,2128,-121.69744610643237,47.16798796331104
b2b-all-68330882-88hdt-d-4,b2b-all-68330882-88hdt-d-4-2966,b2b-all-68330882-88hdt-d-4-17040,freight-hdt-D-Diesel-Baseline,2128,-121.69744610643237,47.16798796331104
b2b-all-68330882-88hdt-d-4,b2b-all-68330882-88hdt-d-4-2967,b2b-all-68330882-88hdt-d-4-17041,freight-hdt-D-Diesel-Baseline,2128,-121.69744610643237,47.16798796331104
b2b-all-68330882-88hdt-d-4,b2b-all-68330882-88hdt-d-4-2968,b2b-all-68330882-88hdt-d-4-17042,freight-hdt-D-Diesel-Baseline,2128,-121.69744610643237,47.16798796331104
b2b-all-68330882-88hdt-d-4,b2b-all-68330882-88hdt-d-4-2969,b2b-all-68330882-88hdt-d-4-17043,freight-hdt-D-Diesel-Baseline,2128,-121.69744610643237,47.16798796331104
b2b-all-68330882-88hdt-d-4,b2b-all-68330882-88hdt-d-4-2970,b2b-all-68330882-88hdt-d-4-17044,freight-hdt-D-Diesel-Baseline,2128,-121.69744610643237,47.16798796331104
b2b-all-68330882-88hdt-d-4,b2b-all-68330882-88hdt-d-4-2971,b2b-all-68330882-88hdt-d-4-17045,freight-hdt-D-Diesel-Baseline,2128,-121.69744610643237,47.16798796331104
b2b-all-68330882-88hdt-d-4,b2b-all-68330882-88hdt-d-4-2972,b2b-all-68330882-88hdt-d-4-17046,freight-hdt-D-Diesel-Baseline,2128,-121.69744610643237,47.16798796331104
b2b-all-68330882-88hdt-d-4,b2b-all-68330882-88hdt-d-4-2973,b2b-all-68330882-88hdt-d-4-17047,freight-hdt-D-Diesel-Baseline,2128,-121.69744610643237,47.16798796331104
b2b-all-68330882-88hdt-d-4,b2b-all-68330882-88hdt-d-4-2974,b2b-all-68330882-88hdt-d-4-17048,freight-hdt-D-Diesel-Baseline,2128,-121.69744610643237,47.16798796331104
b2b-all-68330882-88hdt-d-5,b2b-all-68330882-88hdt-d-5-2975,b2b-all-68330882-88hdt-d-5-17098,freight-hdt-D-Diesel-Baseline,2128,-121.69744610643237,47.16798796331104
b2b-all-68330882-88hdt-d-5,b2b-all-68330882-88hdt-d-5-2976,b2b-all-68330882-88hdt-d-5-17099,freight-hdt-D-Diesel-Baseline,2128,-121.69744610643237,47.16798796331104
b2b-all-68330882-88hdt-d-5,b2b-all-68330882-88hdt-d-5-2977,b2b-all-68330882-88hdt-d-5-17100,freight-hdt-D-Diesel-Baseline,2128,-121.69744610643237,47.16798796331104
b2b-all-68330882-88hdt-d-5,b2b-all-68330882-88hdt-d-5-2978,b2b-all-68330882-88hdt-d-5-17101,freight-hdt-D-Diesel-Baseline,2128,-121.69744610643237,47.16798796331104
b2b-all-68330882-88hdt-d-5,b2b-all-68330882-88hdt-d-5-2979,b2b-all-68330882-88hdt-d-5-17102,freight-hdt-D-Diesel-Baseline,2128,-121.69744610643237,47.16798796331104
b2b-all-68330882-88hdt-d-5,b2b-all-68330882-88hdt-d-5-2980,b2b-all-68330882-88hdt-d-5-17103,freight-hdt-D-Diesel-Baseline,2128,-121.69744610643237,47.16798796331104
b2b-all-68330882-88hdt-d-5,b2b-all-68330882-88hdt-d-5-2981,b2b-all-68330882-88hdt-d-5-17104,freight-hdt-D-Diesel-Baseline,2128,-121.69744610643237,47.16798796331104
b2b-all-68330882-88hdt-d-5,b2b-all-68330882-88hdt-d-5-2982,b2b-all-68330882-88hdt-d-5-17105,freight-hdt-D-Diesel-Baseline,2128,-121.69744610643237,47.16798796331104
b2b-all-68330882-88hdt-d-5,b2b-all-68330882-88hdt-d-5-2983,b2b-all-68330882-88hdt-d-5-17106,freight-hdt-D-Diesel-Baseline,2128,-121.69744610643237,47.16798796331104
b2b-all-68330882-88hdt-d-5,b2b-all-68330882-88hdt-d-5-2984,b2b-all-68330882-88hdt-d-5-17107,freight-hdt-D-Diesel-Baseline,2128,-121.69744610643237,47.16798796331104
b2b-all-68330882-88hdt-d-6,b2b-all-68330882-88hdt-d-6-2985,b2b-all-68330882-88hdt-d-6-17157,freight-hdt-D-Diesel-Baseline,2128,-121.69744610643237,47.16798796331104
b2b-all-68330882-88hdt-d-6,b2b-all-68330882-88hdt-d-6-2986,b2b-all-68330882-88hdt-d-6-17158,freight-hdt-D-Diesel-Baseline,2128,-121.69744610643237,47.16798796331104
b2b-all-68330882-88hdt-d-6,b2b-all-68330882-88hdt-d-6-2987,b2b-all-68330882-88hdt-d-6-17159,freight-hdt-D-Diesel-Baseline,2128,-121.69744610643237,47.16798796331104
b2b-all-68330882-88hdt-d-6,b2b-all-68330882-88hdt-d-6-2988,b2b-all-68330882-88hdt-d-6-17160,freight-hdt-D-Diesel-Baseline,2128,-121.69744610643237,47.16798796331104
b2b-all-68330882-88hdt-d-6,b2b-all-68330882-88hdt-d-6-2989,b2b-all-68330882-88hdt-d-6-17161,freight-hdt-D-Diesel-Baseline,2128,-121.69744610643237,47.16798796331104
b2b-all-68330882-88hdt-d-6,b2b-all-68330882-88hdt-d-6-2990,b2b-all-68330882-88hdt-d-6-17162,freight-hdt-D-Diesel-Baseline,2128,-121.69744610643237,47.16798796331104
b2b-all-68330882-88hdt-d-6,b2b-all-68330882-88hdt-d-6-2991,b2b-all-68330882-88hdt-d-6-17163,freight-hdt-D-Diesel-Baseline,2128,-121.69744610643237,47.16798796331104
b2b-all-68330882-88hdt-d-6,b2b-all-68330882-88hdt-d-6-2992,b2b-all-68330882-88hdt-d-6-17164,freight-hdt-D-Diesel-Baseline,2128,-121.69744610643237,47.16798796331104
b2b-all-68330882-88hdt-d-6,b2b-all-68330882-88hdt-d-6-2993,b2b-all-68330882-88hdt-d-6-17165,freight-hdt-D-Diesel-Baseline,2128,-121.69744610643237,47.16798796331104
b2b-all-68330882-88hdt-d-6,b2b-all-68330882-88hdt-d-6-2994,b2b-all-68330882-88hdt-d-6-17166,freight-hdt-D-Diesel-Baseline,2128,-121.69744610643237,47.16798796331104
b2b-all-68330882-88hdt-d-7,b2b-all-68330882-88hdt-d-7-2995,b2b-all-68330882-88hdt-d-7-17216,freight-hdt-D-Diesel-Baseline,2128,-121.69744610643237,47.16798796331104
b2b-all-68330882-88hdt-d-7,b2b-all-68330882-88hdt-d-7-2996,b2b-all-68330882-88hdt-d-7-17217,freight-hdt-D-Diesel-Baseline,2128,-121.69744610643237,47.16798796331104
b2b-all-68330882-88hdt-d-7,b2b-all-68330882-88hdt-d-7-2997,b2b-all-68330882-88hdt-d-7-17218,freight-hdt-D-Diesel-Baseline,2128,-121.69744610643237,47.16798796331104
b2b-all-68330882-88hdt-d-7,b2b-all-68330882-88hdt-d-7-2998,b2b-all-68330882-88hdt-d-7-17219,freight-hdt-D-Diesel-Baseline,2128,-121.69744610643237,47.16798796331104
b2b-all-68330882-88hdt-d-7,b2b-all-68330882-88hdt-d-7-2999,b2b-all-68330882-88hdt-d-7-17220,freight-hdt-D-Diesel-Baseline,2128,-121.69744610643237,47.16798796331104
b2b-all-68330882-88hdt-d-7,b2b-all-68330882-88hdt-d-7-3000,b2b-all-68330882-88hdt-d-7-17221,freight-hdt-D-Diesel-Baseline,2128,-121.69744610643237,47.16798796331104
b2b-all-68330882-88hdt-d-7,b2b-all-68330882-88hdt-d-7-3001,b2b-all-68330882-88hdt-d-7-17222,freight-hdt-D-Diesel-Baseline,2128,-121.69744610643237,47.16798796331104
b2b-all-68330882-88hdt-d-7,b2b-all-68330882-88hdt-d-7-3002,b2b-all-68330882-88hdt-d-7-17223,freight-hdt-D-Diesel-Baseline,2128,-121.69744610643237,47.16798796331104
b2b-all-68330882-88hdt-d-7,b2b-all-68330882-88hdt-d-7-3003,b2b-all-68330882-88hdt-d-7-17224,freight-hdt-D-Diesel-Baseline,2128,-121.69744610643237,47.16798796331104
b2b-all-68330882-88hdt-d-7,b2b-all-68330882-88hdt-d-7-3004,b2b-all-68330882-88hdt-d-7-17225,freight-hdt-D-Diesel-Baseline,2128,-121.69744610643237,47.16798796331104
b2b-all-68330882-88hdt-d-8,b2b-all-68330882-88hdt-d-8-3005,b2b-all-68330882-88hdt-d-8-17275,freight-hdt-D-Diesel-Baseline,2128,-121.69744610643237,47.16798796331104
b2b-all-68330882-88hdt-d-8,b2b-all-68330882-88hdt-d-8-3006,b2b-all-68330882-88hdt-d-8-17276,freight-hdt-D-Diesel-Baseline,2128,-121.69744610643237,47.16798796331104
b2b-all-68330882-88hdt-d-8,b2b-all-68330882-88hdt-d-8-3007,b2b-all-68330882-88hdt-d-8-17277,freight-hdt-D-Diesel-Baseline,2128,-121.69744610643237,47.16798796331104
b2b-all-68330882-88hdt-d-8,b2b-all-68330882-88hdt-d-8-3008,b2b-all-68330882-88hdt-d-8-17278,freight-hdt-D-Diesel-Baseline,2128,-121.69744610643237,47.16798796331104
b2b-all-68330882-88hdt-d-8,b2b-all-68330882-88hdt-d-8-3009,b2b-all-68330882-88hdt-d-8-17279,freight-hdt-D-Diesel-Baseline,2128,-121.69744610643237,47.16798796331104
b2b-all-68330882-88hdt-d-8,b2b-all-68330882-88hdt-d-8-3010,b2b-all-68330882-88hdt-d-8-17280,freight-hdt-D-Diesel-Baseline,2128,-121.69744610643237,47.16798796331104
b2b-all-68330882-88hdt-d-8,b2b-all-68330882-88hdt-d-8-3011,b2b-all-68330882-88hdt-d-8-17281,freight-hdt-D-Diesel-Baseline,2128,-121.69744610643237,47.16798796331104
b2b-all-68330882-88hdt-d-8,b2b-all-68330882-88hdt-d-8-3012,b2b-all-68330882-88hdt-d-8-17282,freight-hdt-D-Diesel-Baseline,2128,-121.69744610643237,47.16798796331104
b2b-all-68330882-88hdt-d-8,b2b-all-68330882-88hdt-d-8-3013,b2b-all-68330882-88hdt-d-8-17283,freight-hdt-D-Diesel-Baseline,2128,-121.69744610643237,47.16798796331104
b2b-all-68330882-88hdt-d-8,b2b-all-68330882-88hdt-d-8-3014,b2b-all-68330882-88hdt-d-8-17284,freight-hdt-D-Diesel-Baseline,2128,-121.69744610643237,47.16798796331104
b2b-all-68330882-88hdt-d-9,b2b-all-68330882-88hdt-d-9-3015,b2b-all-68330882-88hdt-d-9-17334,freight-hdt-D-Diesel-Baseline,2128,-121.69744610643237,47.16798796331104
b2b-all-68330882-88hdt-d-9,b2b-all-68330882-88hdt-d-9-3016,b2b-all-68330882-88hdt-d-9-17335,freight-hdt-D-Diesel-Baseline,2128,-121.69744610643237,47.16798796331104
b2b-all-68330882-88hdt-d-9,b2b-all-68330882-88hdt-d-9-3017,b2b-all-68330882-88hdt-d-9-17336,freight-hdt-D-Diesel-Baseline,2128,-121.69744610643237,47.16798796331104
b2b-all-68330882-88hdt-d-9,b2b-all-68330882-88hdt-d-9-3018,b2b-all-68330882-88hdt-d-9-17337,freight-hdt-D-Diesel-Baseline,2128,-121.69744610643237,47.16798796331104
b2b-all-68330882-88hdt-d-9,b2b-all-68330882-88hdt-d-9-3019,b2b-all-68330882-88hdt-d-9-17338,freight-hdt-D-Diesel-Baseline,2128,-121.69744610643237,47.16798796331104
b2b-all-68330882-88hdt-d-9,b2b-all-68330882-88hdt-d-9-3020,b2b-all-68330882-88hdt-d-9-17339,freight-hdt-D-Diesel-Baseline,2128,-121.69744610643237,47.16798796331104
b2b-all-68330882-88hdt-d-9,b2b-all-68330882-88hdt-d-9-3021,b2b-all-68330882-88hdt-d-9-17340,freight-hdt-D-Diesel-Baseline,2128,-121.69744610643237,47.16798796331104
b2b-all-68330882-88hdt-d-9,b2b-all-68330882-88hdt-d-9-3022,b2b-all-68330882-88hdt-d-9-17341,freight-hdt-D-Diesel-Baseline,2128,-121.69744610643237,47.16798796331104
b2b-all-68330882-88hdt-d-9,b2b-all-68330882-88hdt-d-9-3023,b2b-all-68330882-88hdt-d-9-17342,freight-hdt-D-Diesel-Baseline,2128,-121.69744610643237,47.16798796331104
b2b-all-68330882-88hdt-d-9,b2b-all-68330882-88hdt-d-9-3024,b2b-all-68330882-88hdt-d-9-17343,freight-hdt-D-Diesel-Baseline,2128,-121.69744610643237,47.16798796331104
b2b-all-68330882-88hdt-d-10,b2b-all-68330882-88hdt-d-10-3025,b2b-all-68330882-88hdt-d-10-17393,freight-hdt-D-Diesel-Baseline,2128,-121.69744610643237,47.16798796331104
b2b-all-68330882-88hdt-d-10,b2b-all-68330882-88hdt-d-10-3026,b2b-all-68330882-88hdt-d-10-17394,freight-hdt-D-Diesel-Baseline,2128,-121.69744610643237,47.16798796331104
b2b-all-68330882-88hdt-d-10,b2b-all-68330882-88hdt-d-10-3027,b2b-all-68330882-88hdt-d-10-17395,freight-hdt-D-Diesel-Baseline,2128,-121.69744610643237,47.16798796331104
b2b-all-68330882-88hdt-d-10,b2b-all-68330882-88hdt-d-10-3028,b2b-all-68330882-88hdt-d-10-17396,freight-hdt-D-Diesel-Baseline,2128,-121.69744610643237,47.16798796331104
b2b-all-68330882-88hdt-d-10,b2b-all-68330882-88hdt-d-10-3029,b2b-all-68330882-88hdt-d-10-17397,freight-hdt-D-Diesel-Baseline,2128,-121.69744610643237,47.16798796331104
b2b-all-68330882-88hdt-d-10,b2b-all-68330882-88hdt-d-10-3030,b2b-all-68330882-88hdt-d-10-17398,freight-hdt-D-Diesel-Baseline,2128,-121.69744610643237,47.16798796331104
b2b-all-68330882-88hdt-d-10,b2b-all-68330882-88hdt-d-10-3031,b2b-all-68330882-88hdt-d-10-17399,freight-hdt-D-Diesel-Baseline,2128,-121.69744610643237,47.16798796331104
b2b-all-68330882-88hdt-d-10,b2b-all-68330882-88hdt-d-10-3032,b2b-all-68330882-88hdt-d-10-17400,freight-hdt-D-Diesel-Baseline,2128,-121.69744610643237,47.16798796331104
b2b-all-68330882-88hdt-d-10,b2b-all-68330882-88hdt-d-10-3033,b2b-all-68330882-88hdt-d-10-17401,freight-hdt-D-Diesel-Baseline,2128,-121.69744610643237,47.16798796331104
b2b-all-68330882-88hdt-d-10,b2b-all-68330882-88hdt-d-10-3034,b2b-all-68330882-88hdt-d-10-17402,freight-hdt-D-Diesel-Baseline,2128,-121.69744610643237,47.16798796331104
b2b-all-68330882-88hdt-d-11,b2b-all-68330882-88hdt-d-11-3035,b2b-all-68330882-88hdt-d-11-17452,freight-hdt-D-Diesel-Baseline,2128,-121.69744610643237,47.16798796331104
b2b-all-68330882-88hdt-d-11,b2b-all-68330882-88hdt-d-11-3036,b2b-all-68330882-88hdt-d-11-17453,freight-hdt-D-Diesel-Baseline,2128,-121.69744610643237,47.16798796331104
b2b-all-68330882-88hdt-d-11,b2b-all-68330882-88hdt-d-11-3037,b2b-all-68330882-88hdt-d-11-17454,freight-hdt-D-Diesel-Baseline,2128,-121.69744610643237,47.16798796331104
b2b-all-68330882-88hdt-d-11,b2b-all-68330882-88hdt-d-11-3038,b2b-all-68330882-88hdt-d-11-17455,freight-hdt-D-Diesel-Baseline,2128,-121.69744610643237,47.16798796331104
b2b-all-68330882-88hdt-d-11,b2b-all-68330882-88hdt-d-11-3039,b2b-all-68330882-88hdt-d-11-17456,freight-hdt-D-Diesel-Baseline,2128,-121.69744610643237,47.16798796331104
b2b-all-68330882-88hdt-d-11,b2b-all-68330882-88hdt-d-11-3040,b2b-all-68330882-88hdt-d-11-17457,freight-hdt-D-Diesel-Baseline,2128,-121.69744610643237,47.16798796331104
b2b-all-68330882-88hdt-d-11,b2b-all-68330882-88hdt-d-11-3041,b2b-all-68330882-88hdt-d-11-17458,freight-hdt-D-Diesel-Baseline,2128,-121.69744610643237,47.16798796331104
b2b-all-68330882-88hdt-d-11,b2b-all-68330882-88hdt-d-11-3042,b2b-all-68330882-88hdt-d-11-17459,freight-hdt-D-Diesel-Baseline,2128,-121.69744610643237,47.16798796331104
b2b-all-68330882-88hdt-d-11,b2b-all-68330882-88hdt-d-11-3043,b2b-all-68330882-88hdt-d-11-17460,freight-hdt-D-Diesel-Baseline,2128,-121.69744610643237,47.16798796331104
b2b-all-68330882-88hdt-d-11,b2b-all-68330882-88hdt-d-11-3044,b2b-all-68330882-88hdt-d-11-17461,freight-hdt-D-Diesel-Baseline,2128,-121.69744610643237,47.16798796331104
b2b-all-68330882-88hdt-d-12,b2b-all-68330882-88hdt-d-12-3045,b2b-all-68330882-88hdt-d-12-17514,freight-hdt-D-Diesel-Baseline,2128,-121.69744610643237,47.16798796331104
b2b-all-68330882-88hdt-d-12,b2b-all-68330882-88hdt-d-12-3046,b2b-all-68330882-88hdt-d-12-17515,freight-hdt-D-Diesel-Baseline,2128,-121.69744610643237,47.16798796331104
b2b-all-68330882-88hdt-d-12,b2b-all-68330882-88hdt-d-12-3047,b2b-all-68330882-88hdt-d-12-17516,freight-hdt-D-Diesel-Baseline,2128,-121.69744610643237,47.16798796331104
b2b-all-68330882-88hdt-d-12,b2b-all-68330882-88hdt-d-12-3048,b2b-all-68330882-88hdt-d-12-17517,freight-hdt-D-Diesel-Baseline,2128,-121.69744610643237,47.16798796331104
b2b-all-68330882-88hdt-d-12,b2b-all-68330882-88hdt-d-12-3049,b2b-all-68330882-88hdt-d-12-17518,freight-hdt-D-Diesel-Baseline,2128,-121.69744610643237,47.16798796331104
b2b-all-68330882-88hdt-d-12,b2b-all-68330882-88hdt-d-12-3050,b2b-all-68330882-88hdt-d-12-17519,freight-hdt-D-Diesel-Baseline,2128,-121.69744610643237,47.16798796331104
b2b-all-68330882-88hdt-d-12,b2b-all-68330882-88hdt-d-12-3051,b2b-all-68330882-88hdt-d-12-17520,freight-hdt-D-Diesel-Baseline,2128,-121.69744610643237,47.16798796331104
b2b-all-68330883-89hdv-d-0,b2b-all-68330883-89hdv-d-0-3052,b2b-all-68330883-89hdv-d-0-17541,freight-hdv-D-Diesel-Baseline,2128,-121.69744610643237,47.16798796331104
b2b-all-68330883-89hdv-d-0,b2b-all-68330883-89hdv-d-0-3053,b2b-all-68330883-89hdv-d-0-17542,freight-hdv-D-Diesel-Baseline,2128,-121.69744610643237,47.16798796331104
b2b-all-68330883-89hdv-d-0,b2b-all-68330883-89hdv-d-0-3054,b2b-all-68330883-89hdv-d-0-17556,freight-hdv-D-Diesel-Baseline,2128,-121.69744610643237,47.16798796331104
b2b-all-68330883-89hdv-d-0,b2b-all-68330883-89hdv-d-0-3055,b2b-all-68330883-89hdv-d-0-17557,freight-hdv-D-Diesel-Baseline,2128,-121.69744610643237,47.16798796331104
b2b-all-68330883-89hdv-d-0,b2b-all-68330883-89hdv-d-0-3056,b2b-all-68330883-89hdv-d-0-17541,freight-hdv-D-Diesel-Baseline,2128,-121.69744610643237,47.16798796331104
b2b-all-68330883-89hdv-d-0,b2b-all-68330883-89hdv-d-0-3057,b2b-all-68330883-89hdv-d-0-17549,freight-hdv-D-Diesel-Baseline,2128,-121.69744610643237,47.16798796331104
b2b-all-68330883-89hdv-d-0,b2b-all-68330883-89hdv-d-0-3058,b2b-all-68330883-89hdv-d-0-17550,freight-hdv-D-Diesel-Baseline,2128,-121.69744610643237,47.16798796331104
b2b-all-68330883-89hdv-d-0,b2b-all-68330883-89hdv-d-0-3059,b2b-all-68330883-89hdv-d-0-17552,freight-hdv-D-Diesel-Baseline,2128,-121.69744610643237,47.16798796331104
b2b-all-68330883-89hdv-d-0,b2b-all-68330883-89hdv-d-0-3060,b2b-all-68330883-89hdv-d-0-17553,freight-hdv-D-Diesel-Baseline,2128,-121.69744610643237,47.16798796331104
b2b-all-68330883-89hdv-d-1,b2b-all-68330883-89hdv-d-1-3061,b2b-all-68330883-89hdv-d-1-17589,freight-hdv-D-Diesel-Baseline,2128,-121.69744610643237,47.16798796331104
b2b-all-68330883-89hdv-d-1,b2b-all-68330883-89hdv-d-1-3062,b2b-all-68330883-89hdv-d-1-17573,freight-hdv-D-Diesel-Baseline,2128,-121.69744610643237,47.16798796331104
b2b-all-68330883-89hdv-d-1,b2b-all-68330883-89hdv-d-1-3063,b2b-all-68330883-89hdv-d-1-17574,freight-hdv-D-Diesel-Baseline,2128,-121.69744610643237,47.16798796331104
b2b-all-68330883-89hdv-d-1,b2b-all-68330883-89hdv-d-1-3064,b2b-all-68330883-89hdv-d-1-17575,freight-hdv-D-Diesel-Baseline,2128,-121.69744610643237,47.16798796331104
b2b-all-68330883-89hdv-d-1,b2b-all-68330883-89hdv-d-1-3065,b2b-all-68330883-89hdv-d-1-17576,freight-hdv-D-Diesel-Baseline,2128,-121.69744610643237,47.16798796331104
b2b-all-68330883-89hdv-d-1,b2b-all-68330883-89hdv-d-1-3066,b2b-all-68330883-89hdv-d-1-17577,freight-hdv-D-Diesel-Baseline,2128,-121.69744610643237,47.16798796331104
b2b-all-68330883-89hdv-d-1,b2b-all-68330883-89hdv-d-1-3067,b2b-all-68330883-89hdv-d-1-17587,freight-hdv-D-Diesel-Baseline,2128,-121.69744610643237,47.16798796331104
b2b-all-68330883-89hdv-d-1,b2b-all-68330883-89hdv-d-1-3068,b2b-all-68330883-89hdv-d-1-17588,freight-hdv-D-Diesel-Baseline,2128,-121.69744610643237,47.16798796331104
b2b-all-68330883-89hdv-d-2,b2b-all-68330883-89hdv-d-2-3069,b2b-all-68330883-89hdv-d-2-17605,freight-hdv-D-Diesel-Baseline,2128,-121.69744610643237,47.16798796331104
b2b-all-68330883-89hdv-d-2,b2b-all-68330883-89hdv-d-2-3070,b2b-all-68330883-89hdv-d-2-17606,freight-hdv-D-Diesel-Baseline,2128,-121.69744610643237,47.16798796331104
b2b-all-68330883-89hdv-d-2,b2b-all-68330883-89hdv-d-2-3071,b2b-all-68330883-89hdv-d-2-17607,freight-hdv-D-Diesel-Baseline,2128,-121.69744610643237,47.16798796331104
b2b-all-68330883-89hdv-d-2,b2b-all-68330883-89hdv-d-2-3072,b2b-all-68330883-89hdv-d-2-17608,freight-hdv-D-Diesel-Baseline,2128,-121.69744610643237,47.16798796331104
b2b-all-68330883-89hdv-d-2,b2b-all-68330883-89hdv-d-2-3073,b2b-all-68330883-89hdv-d-2-17609,freight-hdv-D-Diesel-Baseline,2128,-121.69744610643237,47.16798796331104
b2b-all-68330883-89hdv-d-2,b2b-all-68330883-89hdv-d-2-3074,b2b-all-68330883-89hdv-d-2-17619,freight-hdv-D-Diesel-Baseline,2128,-121.69744610643237,47.16798796331104
b2b-all-68330883-89hdv-d-2,b2b-all-68330883-89hdv-d-2-3075,b2b-all-68330883-89hdv-d-2-17620,freight-hdv-D-Diesel-Baseline,2128,-121.69744610643237,47.16798796331104
b2b-all-68330883-89hdv-d-2,b2b-all-68330883-89hdv-d-2-3076,b2b-all-68330883-89hdv-d-2-17621,freight-hdv-D-Diesel-Baseline,2128,-121.69744610643237,47.16798796331104
b2b-all-68330883-89hdv-d-3,b2b-all-68330883-89hdv-d-3-3077,b2b-all-68330883-89hdv-d-3-17637,freight-hdv-D-Diesel-Baseline,2128,-121.69744610643237,47.16798796331104
b2b-all-68330883-89hdv-d-3,b2b-all-68330883-89hdv-d-3-3078,b2b-all-68330883-89hdv-d-3-17638,freight-hdv-D-Diesel-Baseline,2128,-121.69744610643237,47.16798796331104
b2b-all-68330883-89hdv-d-3,b2b-all-68330883-89hdv-d-3-3079,b2b-all-68330883-89hdv-d-3-17639,freight-hdv-D-Diesel-Baseline,2128,-121.69744610643237,47.16798796331104
b2b-all-68330883-89hdv-d-3,b2b-all-68330883-89hdv-d-3-3080,b2b-all-68330883-89hdv-d-3-17652,freight-hdv-D-Diesel-Baseline,2128,-121.69744610643237,47.16798796331104
b2b-all-68330883-89hdv-d-3,b2b-all-68330883-89hdv-d-3-3081,b2b-all-68330883-89hdv-d-3-17653,freight-hdv-D-Diesel-Baseline,2128,-121.69744610643237,47.16798796331104
b2b-all-68330883-90hdv-d-0,b2b-all-68330883-90hdv-d-0-3082,b2b-all-68330883-90hdv-d-0-17676,freight-hdv-D-Diesel-Baseline,2128,-121.69744610643237,47.16798796331104
b2b-all-68330883-90hdv-d-0,b2b-all-68330883-90hdv-d-0-3083,b2b-all-68330883-90hdv-d-0-17677,freight-hdv-D-Diesel-Baseline,2128,-121.69744610643237,47.16798796331104
b2b-all-68330883-90hdv-d-0,b2b-all-68330883-90hdv-d-0-3084,b2b-all-68330883-90hdv-d-0-17678,freight-hdv-D-Diesel-Baseline,2128,-121.69744610643237,47.16798796331104
b2b-all-68330883-90hdv-d-0,b2b-all-68330883-90hdv-d-0-3085,b2b-all-68330883-90hdv-d-0-17679,freight-hdv-D-Diesel-Baseline,2128,-121.69744610643237,47.16798796331104
b2b-all-68330883-90hdv-d-0,b2b-all-68330883-90hdv-d-0-3086,b2b-all-68330883-90hdv-d-0-17680,freight-hdv-D-Diesel-Baseline,2128,-121.69744610643237,47.16798796331104
b2b-all-68330883-90hdv-d-0,b2b-all-68330883-90hdv-d-0-3087,b2b-all-68330883-90hdv-d-0-17681,freight-hdv-D-Diesel-Baseline,2128,-121.69744610643237,47.16798796331104
b2b-all-68330883-90hdv-d-0,b2b-all-68330883-90hdv-d-0-3088,b2b-all-68330883-90hdv-d-0-17682,freight-hdv-D-Diesel-Baseline,2128,-121.69744610643237,47.16798796331104
b2b-all-68330883-90hdv-d-0,b2b-all-68330883-90hdv-d-0-3089,b2b-all-68330883-90hdv-d-0-17683,freight-hdv-D-Diesel-Baseline,2128,-121.69744610643237,47.16798796331104
b2b-all-68330883-90hdv-d-0,b2b-all-68330883-90hdv-d-0-3090,b2b-all-68330883-90hdv-d-0-17684,freight-hdv-D-Diesel-Baseline,2128,-121.69744610643237,47.16798796331104
b2b-all-68330883-90hdv-d-0,b2b-all-68330883-90hdv-d-0-3091,b2b-all-68330883-90hdv-d-0-17685,freight-hdv-D-Diesel-Baseline,2128,-121.69744610643237,47.16798796331104
b2b-all-68330883-90hdv-d-1,b2b-all-68330883-90hdv-d-1-3092,b2b-all-68330883-90hdv-d-1-17711,freight-hdv-D-Diesel-Baseline,2128,-121.69744610643237,47.16798796331104
b2b-all-68330883-90hdv-d-1,b2b-all-68330883-90hdv-d-1-3093,b2b-all-68330883-90hdv-d-1-17712,freight-hdv-D-Diesel-Baseline,2128,-121.69744610643237,47.16798796331104
b2b-all-68330883-90hdv-d-1,b2b-all-68330883-90hdv-d-1-3094,b2b-all-68330883-90hdv-d-1-17713,freight-hdv-D-Diesel-Baseline,2128,-121.69744610643237,47.16798796331104
b2b-all-68330883-90hdv-d-1,b2b-all-68330883-90hdv-d-1-3095,b2b-all-68330883-90hdv-d-1-17714,freight-hdv-D-Diesel-Baseline,2128,-121.69744610643237,47.16798796331104
b2b-all-68330883-90hdv-d-1,b2b-all-68330883-90hdv-d-1-3096,b2b-all-68330883-90hdv-d-1-17715,freight-hdv-D-Diesel-Baseline,2128,-121.69744610643237,47.16798796331104
b2b-all-68330883-90hdv-d-1,b2b-all-68330883-90hdv-d-1-3097,b2b-all-68330883-90hdv-d-1-17716,freight-hdv-D-Diesel-Baseline,2128,-121.69744610643237,47.16798796331104
b2b-all-68330883-90hdv-d-1,b2b-all-68330883-90hdv-d-1-3098,b2b-all-68330883-90hdv-d-1-17717,freight-hdv-D-Diesel-Baseline,2128,-121.69744610643237,47.16798796331104
b2b-all-68388282-91hdt-d-0,b2b-all-68388282-91hdt-d-0-3099,b2b-all-68388282-91hdt-d-0-17728,freight-hdt-D-Diesel-Baseline,2859,-122.43840560268325,47.21482319644032
b2b-all-68388282-91hdt-d-0,b2b-all-68388282-91hdt-d-0-3100,b2b-all-68388282-91hdt-d-0-17729,freight-hdt-D-Diesel-Baseline,2859,-122.43840560268325,47.21482319644032
b2b-all-68388282-91hdt-d-0,b2b-all-68388282-91hdt-d-0-3101,b2b-all-68388282-91hdt-d-0-17730,freight-hdt-D-Diesel-Baseline,2859,-122.43840560268325,47.21482319644032
b2b-all-68388282-91hdt-d-0,b2b-all-68388282-91hdt-d-0-3102,b2b-all-68388282-91hdt-d-0-17731,freight-hdt-D-Diesel-Baseline,2859,-122.43840560268325,47.21482319644032
b2b-all-68388282-91hdt-d-0,b2b-all-68388282-91hdt-d-0-3103,b2b-all-68388282-91hdt-d-0-17732,freight-hdt-D-Diesel-Baseline,2859,-122.43840560268325,47.21482319644032
b2b-all-68388282-91hdt-d-0,b2b-all-68388282-91hdt-d-0-3104,b2b-all-68388282-91hdt-d-0-17759,freight-hdt-D-Diesel-Baseline,2859,-122.43840560268325,47.21482319644032
b2b-all-68388282-91hdt-d-0,b2b-all-68388282-91hdt-d-0-3105,b2b-all-68388282-91hdt-d-0-17760,freight-hdt-D-Diesel-Baseline,2859,-122.43840560268325,47.21482319644032
b2b-all-68388282-91hdt-d-0,b2b-all-68388282-91hdt-d-0-3106,b2b-all-68388282-91hdt-d-0-17761,freight-hdt-D-Diesel-Baseline,2859,-122.43840560268325,47.21482319644032
b2b-all-68388282-91hdt-d-1,b2b-all-68388282-91hdt-d-1-3107,b2b-all-68388282-91hdt-d-1-17778,freight-hdt-D-Diesel-Baseline,2859,-122.43840560268325,47.21482319644032
b2b-all-68388282-91hdt-d-1,b2b-all-68388282-91hdt-d-1-3108,b2b-all-68388282-91hdt-d-1-17779,freight-hdt-D-Diesel-Baseline,2859,-122.43840560268325,47.21482319644032
b2b-all-68388282-91hdt-d-1,b2b-all-68388282-91hdt-d-1-3109,b2b-all-68388282-91hdt-d-1-17780,freight-hdt-D-Diesel-Baseline,2859,-122.43840560268325,47.21482319644032
b2b-all-68388282-91hdt-d-1,b2b-all-68388282-91hdt-d-1-3110,b2b-all-68388282-91hdt-d-1-17781,freight-hdt-D-Diesel-Baseline,2859,-122.43840560268325,47.21482319644032
b2b-all-68388282-91hdt-d-1,b2b-all-68388282-91hdt-d-1-3111,b2b-all-68388282-91hdt-d-1-17782,freight-hdt-D-Diesel-Baseline,2859,-122.43840560268325,47.21482319644032
b2b-all-68388282-91hdt-d-1,b2b-all-68388282-91hdt-d-1-3112,b2b-all-68388282-91hdt-d-1-17809,freight-hdt-D-Diesel-Baseline,2859,-122.43840560268325,47.21482319644032
b2b-all-68388282-91hdt-d-1,b2b-all-68388282-91hdt-d-1-3113,b2b-all-68388282-91hdt-d-1-17811,freight-hdt-D-Diesel-Baseline,2859,-122.43840560268325,47.21482319644032
b2b-all-68388282-91hdt-d-1,b2b-all-68388282-91hdt-d-1-3114,b2b-all-68388282-91hdt-d-1-17812,freight-hdt-D-Diesel-Baseline,2859,-122.43840560268325,47.21482319644032
b2b-all-68388282-91hdt-d-2,b2b-all-68388282-91hdt-d-2-3115,b2b-all-68388282-91hdt-d-2-17862,freight-hdt-D-Diesel-Baseline,2859,-122.43840560268325,47.21482319644032
b2b-all-68388282-91hdt-d-2,b2b-all-68388282-91hdt-d-2-3116,b2b-all-68388282-91hdt-d-2-17828,freight-hdt-D-Diesel-Baseline,2859,-122.43840560268325,47.21482319644032
b2b-all-68388282-91hdt-d-2,b2b-all-68388282-91hdt-d-2-3117,b2b-all-68388282-91hdt-d-2-17829,freight-hdt-D-Diesel-Baseline,2859,-122.43840560268325,47.21482319644032
b2b-all-68388282-91hdt-d-2,b2b-all-68388282-91hdt-d-2-3118,b2b-all-68388282-91hdt-d-2-17853,freight-hdt-D-Diesel-Baseline,2859,-122.43840560268325,47.21482319644032
b2b-all-68388282-91hdt-d-2,b2b-all-68388282-91hdt-d-2-3119,b2b-all-68388282-91hdt-d-2-17854,freight-hdt-D-Diesel-Baseline,2859,-122.43840560268325,47.21482319644032
b2b-all-68388282-91hdt-d-2,b2b-all-68388282-91hdt-d-2-3120,b2b-all-68388282-91hdt-d-2-17858,freight-hdt-D-Diesel-Baseline,2859,-122.43840560268325,47.21482319644032
b2b-all-68388282-91hdt-d-2,b2b-all-68388282-91hdt-d-2-3121,b2b-all-68388282-91hdt-d-2-17859,freight-hdt-D-Diesel-Baseline,2859,-122.43840560268325,47.21482319644032
b2b-all-68388282-91hdt-d-2,b2b-all-68388282-91hdt-d-2-3122,b2b-all-68388282-91hdt-d-2-17860,freight-hdt-D-Diesel-Baseline,2859,-122.43840560268325,47.21482319644032
b2b-all-68388282-91hdt-d-2,b2b-all-68388282-91hdt-d-2-3123,b2b-all-68388282-91hdt-d-2-17861,freight-hdt-D-Diesel-Baseline,2859,-122.43840560268325,47.21482319644032
b2b-all-68388282-91hdt-d-3,b2b-all-68388282-91hdt-d-3-3124,b2b-all-68388282-91hdt-d-3-17912,freight-hdt-D-Diesel-Baseline,2859,-122.43840560268325,47.21482319644032
b2b-all-68388282-91hdt-d-3,b2b-all-68388282-91hdt-d-3-3125,b2b-all-68388282-91hdt-d-3-17879,freight-hdt-D-Diesel-Baseline,2859,-122.43840560268325,47.21482319644032
b2b-all-68388282-91hdt-d-3,b2b-all-68388282-91hdt-d-3-3126,b2b-all-68388282-91hdt-d-3-17880,freight-hdt-D-Diesel-Baseline,2859,-122.43840560268325,47.21482319644032
b2b-all-68388282-91hdt-d-3,b2b-all-68388282-91hdt-d-3-3127,b2b-all-68388282-91hdt-d-3-17881,freight-hdt-D-Diesel-Baseline,2859,-122.43840560268325,47.21482319644032
b2b-all-68388282-91hdt-d-3,b2b-all-68388282-91hdt-d-3-3128,b2b-all-68388282-91hdt-d-3-17882,freight-hdt-D-Diesel-Baseline,2859,-122.43840560268325,47.21482319644032
b2b-all-68388282-91hdt-d-3,b2b-all-68388282-91hdt-d-3-3129,b2b-all-68388282-91hdt-d-3-17909,freight-hdt-D-Diesel-Baseline,2859,-122.43840560268325,47.21482319644032
b2b-all-68388282-91hdt-d-3,b2b-all-68388282-91hdt-d-3-3130,b2b-all-68388282-91hdt-d-3-17910,freight-hdt-D-Diesel-Baseline,2859,-122.43840560268325,47.21482319644032
b2b-all-68388282-91hdt-d-3,b2b-all-68388282-91hdt-d-3-3131,b2b-all-68388282-91hdt-d-3-17911,freight-hdt-D-Diesel-Baseline,2859,-122.43840560268325,47.21482319644032
b2b-all-68388282-91hdt-d-4,b2b-all-68388282-91hdt-d-4-3132,b2b-all-68388282-91hdt-d-4-17928,freight-hdt-D-Diesel-Baseline,2859,-122.43840560268325,47.21482319644032
b2b-all-68388282-91hdt-d-4,b2b-all-68388282-91hdt-d-4-3133,b2b-all-68388282-91hdt-d-4-17929,freight-hdt-D-Diesel-Baseline,2859,-122.43840560268325,47.21482319644032
b2b-all-68388282-91hdt-d-4,b2b-all-68388282-91hdt-d-4-3134,b2b-all-68388282-91hdt-d-4-17930,freight-hdt-D-Diesel-Baseline,2859,-122.43840560268325,47.21482319644032
b2b-all-68388282-91hdt-d-4,b2b-all-68388282-91hdt-d-4-3135,b2b-all-68388282-91hdt-d-4-17931,freight-hdt-D-Diesel-Baseline,2859,-122.43840560268325,47.21482319644032
b2b-all-68388282-91hdt-d-4,b2b-all-68388282-91hdt-d-4-3136,b2b-all-68388282-91hdt-d-4-17932,freight-hdt-D-Diesel-Baseline,2859,-122.43840560268325,47.21482319644032
b2b-all-68388282-91hdt-d-4,b2b-all-68388282-91hdt-d-4-3137,b2b-all-68388282-91hdt-d-4-17960,freight-hdt-D-Diesel-Baseline,2859,-122.43840560268325,47.21482319644032
b2b-all-68388282-91hdt-d-4,b2b-all-68388282-91hdt-d-4-3138,b2b-all-68388282-91hdt-d-4-17961,freight-hdt-D-Diesel-Baseline,2859,-122.43840560268325,47.21482319644032
b2b-all-68388282-91hdt-d-4,b2b-all-68388282-91hdt-d-4-3139,b2b-all-68388282-91hdt-d-4-17962,freight-hdt-D-Diesel-Baseline,2859,-122.43840560268325,47.21482319644032
b2b-all-68388282-91hdt-d-5,b2b-all-68388282-91hdt-d-5-3140,b2b-all-68388282-91hdt-d-5-17979,freight-hdt-D-Diesel-Baseline,2859,-122.43840560268325,47.21482319644032
b2b-all-68388282-91hdt-d-5,b2b-all-68388282-91hdt-d-5-3141,b2b-all-68388282-91hdt-d-5-17980,freight-hdt-D-Diesel-Baseline,2859,-122.43840560268325,47.21482319644032
b2b-all-68388282-91hdt-d-5,b2b-all-68388282-91hdt-d-5-3142,b2b-all-68388282-91hdt-d-5-17981,freight-hdt-D-Diesel-Baseline,2859,-122.43840560268325,47.21482319644032
b2b-all-68388282-91hdt-d-5,b2b-all-68388282-91hdt-d-5-3143,b2b-all-68388282-91hdt-d-5-17982,freight-hdt-D-Diesel-Baseline,2859,-122.43840560268325,47.21482319644032
b2b-all-68388282-91hdt-d-5,b2b-all-68388282-91hdt-d-5-3144,b2b-all-68388282-91hdt-d-5-18009,freight-hdt-D-Diesel-Baseline,2859,-122.43840560268325,47.21482319644032
b2b-all-68388282-91hdt-d-5,b2b-all-68388282-91hdt-d-5-3145,b2b-all-68388282-91hdt-d-5-18010,freight-hdt-D-Diesel-Baseline,2859,-122.43840560268325,47.21482319644032
b2b-all-68388282-91hdt-d-5,b2b-all-68388282-91hdt-d-5-3146,b2b-all-68388282-91hdt-d-5-18011,freight-hdt-D-Diesel-Baseline,2859,-122.43840560268325,47.21482319644032
b2b-all-68388282-91hdt-d-5,b2b-all-68388282-91hdt-d-5-3147,b2b-all-68388282-91hdt-d-5-18012,freight-hdt-D-Diesel-Baseline,2859,-122.43840560268325,47.21482319644032
b2b-all-68388282-91hdt-d-6,b2b-all-68388282-91hdt-d-6-3148,b2b-all-68388282-91hdt-d-6-18028,freight-hdt-D-Diesel-Baseline,2859,-122.43840560268325,47.21482319644032
b2b-all-68388282-91hdt-d-6,b2b-all-68388282-91hdt-d-6-3149,b2b-all-68388282-91hdt-d-6-18029,freight-hdt-D-Diesel-Baseline,2859,-122.43840560268325,47.21482319644032
b2b-all-68388282-91hdt-d-6,b2b-all-68388282-91hdt-d-6-3150,b2b-all-68388282-91hdt-d-6-18061,freight-hdt-D-Diesel-Baseline,2859,-122.43840560268325,47.21482319644032
b2b-all-68388282-91hdt-d-6,b2b-all-68388282-91hdt-d-6-3151,b2b-all-68388282-91hdt-d-6-18062,freight-hdt-D-Diesel-Baseline,2859,-122.43840560268325,47.21482319644032
b2b-all-68388282-92hdt-d-0,b2b-all-68388282-92hdt-d-0-3152,b2b-all-68388282-92hdt-d-0-18102,freight-hdt-D-Diesel-Baseline,2859,-122.43840560268325,47.21482319644032
b2b-all-68388282-92hdt-d-0,b2b-all-68388282-92hdt-d-0-3153,b2b-all-68388282-92hdt-d-0-18103,freight-hdt-D-Diesel-Baseline,2859,-122.43840560268325,47.21482319644032
b2b-all-68388282-92hdt-d-0,b2b-all-68388282-92hdt-d-0-3154,b2b-all-68388282-92hdt-d-0-18104,freight-hdt-D-Diesel-Baseline,2859,-122.43840560268325,47.21482319644032
b2b-all-68388282-92hdt-d-0,b2b-all-68388282-92hdt-d-0-3155,b2b-all-68388282-92hdt-d-0-18105,freight-hdt-D-Diesel-Baseline,2859,-122.43840560268325,47.21482319644032
b2b-all-68388282-92hdt-d-0,b2b-all-68388282-92hdt-d-0-3156,b2b-all-68388282-92hdt-d-0-18106,freight-hdt-D-Diesel-Baseline,2859,-122.43840560268325,47.21482319644032
b2b-all-68388282-92hdt-d-0,b2b-all-68388282-92hdt-d-0-3157,b2b-all-68388282-92hdt-d-0-18107,freight-hdt-D-Diesel-Baseline,2859,-122.43840560268325,47.21482319644032
b2b-all-68388282-92hdt-d-0,b2b-all-68388282-92hdt-d-0-3158,b2b-all-68388282-92hdt-d-0-18108,freight-hdt-D-Diesel-Baseline,2859,-122.43840560268325,47.21482319644032
b2b-all-68388282-92hdt-d-0,b2b-all-68388282-92hdt-d-0-3159,b2b-all-68388282-92hdt-d-0-18109,freight-hdt-D-Diesel-Baseline,2859,-122.43840560268325,47.21482319644032
b2b-all-68388282-92hdt-d-0,b2b-all-68388282-92hdt-d-0-3160,b2b-all-68388282-92hdt-d-0-18110,freight-hdt-D-Diesel-Baseline,2859,-122.43840560268325,47.21482319644032
b2b-all-68388282-92hdt-d-0,b2b-all-68388282-92hdt-d-0-3161,b2b-all-68388282-92hdt-d-0-18111,freight-hdt-D-Diesel-Baseline,2859,-122.43840560268325,47.21482319644032
b2b-all-68388282-92hdt-d-0,b2b-all-68388282-92hdt-d-0-3162,b2b-all-68388282-92hdt-d-0-18112,freight-hdt-D-Diesel-Baseline,2859,-122.43840560268325,47.21482319644032
b2b-all-68388282-92hdt-d-0,b2b-all-68388282-92hdt-d-0-3163,b2b-all-68388282-92hdt-d-0-18097,freight-hdt-D-Diesel-Baseline,2859,-122.43840560268325,47.21482319644032
b2b-all-68388282-92hdt-d-0,b2b-all-68388282-92hdt-d-0-3164,b2b-all-68388282-92hdt-d-0-18098,freight-hdt-D-Diesel-Baseline,2859,-122.43840560268325,47.21482319644032
b2b-all-68388282-92hdt-d-0,b2b-all-68388282-92hdt-d-0-3165,b2b-all-68388282-92hdt-d-0-18099,freight-hdt-D-Diesel-Baseline,2859,-122.43840560268325,47.21482319644032
b2b-all-68388282-92hdt-d-0,b2b-all-68388282-92hdt-d-0-3166,b2b-all-68388282-92hdt-d-0-18100,freight-hdt-D-Diesel-Baseline,2859,-122.43840560268325,47.21482319644032
b2b-all-68388282-92hdt-d-0,b2b-all-68388282-92hdt-d-0-3167,b2b-all-68388282-92hdt-d-0-18101,freight-hdt-D-Diesel-Baseline,2859,-122.43840560268325,47.21482319644032
b2b-all-68388282-92hdt-d-1,b2b-all-68388282-92hdt-d-1-3168,b2b-all-68388282-92hdt-d-1-18153,freight-hdt-D-Diesel-Baseline,2859,-122.43840560268325,47.21482319644032
b2b-all-68388282-92hdt-d-1,b2b-all-68388282-92hdt-d-1-3169,b2b-all-68388282-92hdt-d-1-18154,freight-hdt-D-Diesel-Baseline,2859,-122.43840560268325,47.21482319644032
b2b-all-68388282-92hdt-d-1,b2b-all-68388282-92hdt-d-1-3170,b2b-all-68388282-92hdt-d-1-18155,freight-hdt-D-Diesel-Baseline,2859,-122.43840560268325,47.21482319644032
b2b-all-68388282-92hdt-d-1,b2b-all-68388282-92hdt-d-1-3171,b2b-all-68388282-92hdt-d-1-18156,freight-hdt-D-Diesel-Baseline,2859,-122.43840560268325,47.21482319644032
b2b-all-68388282-92hdt-d-1,b2b-all-68388282-92hdt-d-1-3172,b2b-all-68388282-92hdt-d-1-18157,freight-hdt-D-Diesel-Baseline,2859,-122.43840560268325,47.21482319644032
b2b-all-68388282-92hdt-d-1,b2b-all-68388282-92hdt-d-1-3173,b2b-all-68388282-92hdt-d-1-18158,freight-hdt-D-Diesel-Baseline,2859,-122.43840560268325,47.21482319644032
b2b-all-68388282-92hdt-d-1,b2b-all-68388282-92hdt-d-1-3174,b2b-all-68388282-92hdt-d-1-18159,freight-hdt-D-Diesel-Baseline,2859,-122.43840560268325,47.21482319644032
b2b-all-68388282-92hdt-d-1,b2b-all-68388282-92hdt-d-1-3175,b2b-all-68388282-92hdt-d-1-18160,freight-hdt-D-Diesel-Baseline,2859,-122.43840560268325,47.21482319644032
b2b-all-68388282-92hdt-d-1,b2b-all-68388282-92hdt-d-1-3176,b2b-all-68388282-92hdt-d-1-18161,freight-hdt-D-Diesel-Baseline,2859,-122.43840560268325,47.21482319644032
b2b-all-68388282-92hdt-d-1,b2b-all-68388282-92hdt-d-1-3177,b2b-all-68388282-92hdt-d-1-18162,freight-hdt-D-Diesel-Baseline,2859,-122.43840560268325,47.21482319644032
b2b-all-68388282-92hdt-d-2,b2b-all-68388282-92hdt-d-2-3178,b2b-all-68388282-92hdt-d-2-18203,freight-hdt-D-Diesel-Baseline,2859,-122.43840560268325,47.21482319644032
b2b-all-68388282-92hdt-d-2,b2b-all-68388282-92hdt-d-2-3179,b2b-all-68388282-92hdt-d-2-18204,freight-hdt-D-Diesel-Baseline,2859,-122.43840560268325,47.21482319644032
b2b-all-68388282-92hdt-d-2,b2b-all-68388282-92hdt-d-2-3180,b2b-all-68388282-92hdt-d-2-18205,freight-hdt-D-Diesel-Baseline,2859,-122.43840560268325,47.21482319644032
b2b-all-68388282-92hdt-d-2,b2b-all-68388282-92hdt-d-2-3181,b2b-all-68388282-92hdt-d-2-18206,freight-hdt-D-Diesel-Baseline,2859,-122.43840560268325,47.21482319644032
b2b-all-68388282-92hdt-d-2,b2b-all-68388282-92hdt-d-2-3182,b2b-all-68388282-92hdt-d-2-18207,freight-hdt-D-Diesel-Baseline,2859,-122.43840560268325,47.21482319644032
b2b-all-68388282-92hdt-d-2,b2b-all-68388282-92hdt-d-2-3183,b2b-all-68388282-92hdt-d-2-18208,freight-hdt-D-Diesel-Baseline,2859,-122.43840560268325,47.21482319644032
b2b-all-68388282-92hdt-d-2,b2b-all-68388282-92hdt-d-2-3184,b2b-all-68388282-92hdt-d-2-18209,freight-hdt-D-Diesel-Baseline,2859,-122.43840560268325,47.21482319644032
b2b-all-68388282-92hdt-d-2,b2b-all-68388282-92hdt-d-2-3185,b2b-all-68388282-92hdt-d-2-18210,freight-hdt-D-Diesel-Baseline,2859,-122.43840560268325,47.21482319644032
b2b-all-68388282-92hdt-d-2,b2b-all-68388282-92hdt-d-2-3186,b2b-all-68388282-92hdt-d-2-18211,freight-hdt-D-Diesel-Baseline,2859,-122.43840560268325,47.21482319644032
b2b-all-68388282-92hdt-d-2,b2b-all-68388282-92hdt-d-2-3187,b2b-all-68388282-92hdt-d-2-18212,freight-hdt-D-Diesel-Baseline,2859,-122.43840560268325,47.21482319644032
b2b-all-68388282-92hdt-d-3,b2b-all-68388282-92hdt-d-3-3188,b2b-all-68388282-92hdt-d-3-18253,freight-hdt-D-Diesel-Baseline,2859,-122.43840560268325,47.21482319644032
b2b-all-68388282-92hdt-d-3,b2b-all-68388282-92hdt-d-3-3189,b2b-all-68388282-92hdt-d-3-18254,freight-hdt-D-Diesel-Baseline,2859,-122.43840560268325,47.21482319644032
b2b-all-68388282-92hdt-d-3,b2b-all-68388282-92hdt-d-3-3190,b2b-all-68388282-92hdt-d-3-18255,freight-hdt-D-Diesel-Baseline,2859,-122.43840560268325,47.21482319644032
b2b-all-68388282-92hdt-d-3,b2b-all-68388282-92hdt-d-3-3191,b2b-all-68388282-92hdt-d-3-18256,freight-hdt-D-Diesel-Baseline,2859,-122.43840560268325,47.21482319644032
b2b-all-68388282-92hdt-d-3,b2b-all-68388282-92hdt-d-3-3192,b2b-all-68388282-92hdt-d-3-18257,freight-hdt-D-Diesel-Baseline,2859,-122.43840560268325,47.21482319644032
b2b-all-68388282-92hdt-d-3,b2b-all-68388282-92hdt-d-3-3193,b2b-all-68388282-92hdt-d-3-18258,freight-hdt-D-Diesel-Baseline,2859,-122.43840560268325,47.21482319644032
b2b-all-68388282-92hdt-d-3,b2b-all-68388282-92hdt-d-3-3194,b2b-all-68388282-92hdt-d-3-18259,freight-hdt-D-Diesel-Baseline,2859,-122.43840560268325,47.21482319644032
b2b-all-68388282-92hdt-d-3,b2b-all-68388282-92hdt-d-3-3195,b2b-all-68388282-92hdt-d-3-18260,freight-hdt-D-Diesel-Baseline,2859,-122.43840560268325,47.21482319644032
b2b-all-68388282-92hdt-d-3,b2b-all-68388282-92hdt-d-3-3196,b2b-all-68388282-92hdt-d-3-18261,freight-hdt-D-Diesel-Baseline,2859,-122.43840560268325,47.21482319644032
b2b-all-68388282-92hdt-d-3,b2b-all-68388282-92hdt-d-3-3197,b2b-all-68388282-92hdt-d-3-18262,freight-hdt-D-Diesel-Baseline,2859,-122.43840560268325,47.21482319644032
b2b-all-68388282-92hdt-d-4,b2b-all-68388282-92hdt-d-4-3198,b2b-all-68388282-92hdt-d-4-18303,freight-hdt-D-Diesel-Baseline,2859,-122.43840560268325,47.21482319644032
b2b-all-68388282-92hdt-d-4,b2b-all-68388282-92hdt-d-4-3199,b2b-all-68388282-92hdt-d-4-18304,freight-hdt-D-Diesel-Baseline,2859,-122.43840560268325,47.21482319644032
b2b-all-68388282-92hdt-d-4,b2b-all-68388282-92hdt-d-4-3200,b2b-all-68388282-92hdt-d-4-18305,freight-hdt-D-Diesel-Baseline,2859,-122.43840560268325,47.21482319644032
b2b-all-68388282-92hdt-d-4,b2b-all-68388282-92hdt-d-4-3201,b2b-all-68388282-92hdt-d-4-18306,freight-hdt-D-Diesel-Baseline,2859,-122.43840560268325,47.21482319644032
b2b-all-68388282-92hdt-d-4,b2b-all-68388282-92hdt-d-4-3202,b2b-all-68388282-92hdt-d-4-18307,freight-hdt-D-Diesel-Baseline,2859,-122.43840560268325,47.21482319644032
b2b-all-68388282-92hdt-d-4,b2b-all-68388282-92hdt-d-4-3203,b2b-all-68388282-92hdt-d-4-18308,freight-hdt-D-Diesel-Baseline,2859,-122.43840560268325,47.21482319644032
b2b-all-68388282-92hdt-d-4,b2b-all-68388282-92hdt-d-4-3204,b2b-all-68388282-92hdt-d-4-18309,freight-hdt-D-Diesel-Baseline,2859,-122.43840560268325,47.21482319644032
b2b-all-68388282-92hdt-d-4,b2b-all-68388282-92hdt-d-4-3205,b2b-all-68388282-92hdt-d-4-18310,freight-hdt-D-Diesel-Baseline,2859,-122.43840560268325,47.21482319644032
b2b-all-68388282-92hdt-d-4,b2b-all-68388282-92hdt-d-4-3206,b2b-all-68388282-92hdt-d-4-18311,freight-hdt-D-Diesel-Baseline,2859,-122.43840560268325,47.21482319644032
b2b-all-68388282-92hdt-d-4,b2b-all-68388282-92hdt-d-4-3207,b2b-all-68388282-92hdt-d-4-18312,freight-hdt-D-Diesel-Baseline,2859,-122.43840560268325,47.21482319644032
b2b-all-68388282-92hdt-d-5,b2b-all-68388282-92hdt-d-5-3208,b2b-all-68388282-92hdt-d-5-18353,freight-hdt-D-Diesel-Baseline,2859,-122.43840560268325,47.21482319644032
b2b-all-68388282-92hdt-d-5,b2b-all-68388282-92hdt-d-5-3209,b2b-all-68388282-92hdt-d-5-18354,freight-hdt-D-Diesel-Baseline,2859,-122.43840560268325,47.21482319644032
b2b-all-68388282-92hdt-d-5,b2b-all-68388282-92hdt-d-5-3210,b2b-all-68388282-92hdt-d-5-18355,freight-hdt-D-Diesel-Baseline,2859,-122.43840560268325,47.21482319644032
b2b-all-68388282-92hdt-d-5,b2b-all-68388282-92hdt-d-5-3211,b2b-all-68388282-92hdt-d-5-18356,freight-hdt-D-Diesel-Baseline,2859,-122.43840560268325,47.21482319644032
b2b-all-68388282-92hdt-d-5,b2b-all-68388282-92hdt-d-5-3212,b2b-all-68388282-92hdt-d-5-18357,freight-hdt-D-Diesel-Baseline,2859,-122.43840560268325,47.21482319644032
b2b-all-68388282-92hdt-d-5,b2b-all-68388282-92hdt-d-5-3213,b2b-all-68388282-92hdt-d-5-18358,freight-hdt-D-Diesel-Baseline,2859,-122.43840560268325,47.21482319644032
b2b-all-68388282-92hdt-d-5,b2b-all-68388282-92hdt-d-5-3214,b2b-all-68388282-92hdt-d-5-18359,freight-hdt-D-Diesel-Baseline,2859,-122.43840560268325,47.21482319644032
b2b-all-68388282-92hdt-d-5,b2b-all-68388282-92hdt-d-5-3215,b2b-all-68388282-92hdt-d-5-18360,freight-hdt-D-Diesel-Baseline,2859,-122.43840560268325,47.21482319644032
b2b-all-68388282-92hdt-d-5,b2b-all-68388282-92hdt-d-5-3216,b2b-all-68388282-92hdt-d-5-18361,freight-hdt-D-Diesel-Baseline,2859,-122.43840560268325,47.21482319644032
b2b-all-68388282-92hdt-d-5,b2b-all-68388282-92hdt-d-5-3217,b2b-all-68388282-92hdt-d-5-18362,freight-hdt-D-Diesel-Baseline,2859,-122.43840560268325,47.21482319644032
b2b-all-2353877-1-0md-d,b2b-all-2353877-1-0md-d-3218,b2b-all-2353877-1-0md-d-9,freight-md-D-Diesel-Baseline,2756,-122.42033686134906,47.24315189464417
b2b-all-2353877-1-0hdt-d,b2b-all-2353877-1-0hdt-d-3219,b2b-all-2353877-1-0hdt-d-44,freight-hdt-D-Diesel-Baseline,2756,-122.42033686134906,47.24315189464417
b2b-all-2354543-1-1md-d,b2b-all-2354543-1-1md-d-3220,b2b-all-2354543-1-1md-d-50,freight-md-D-Diesel-Baseline,3295,-122.38043335501531,47.286672393148784
b2b-all-2354543-1-1md-d,b2b-all-2354543-1-1md-d-3221,b2b-all-2354543-1-1md-d-55,freight-md-D-Diesel-Baseline,3295,-122.38043335501531,47.286672393148784
b2b-all-2354544-1-2md-d,b2b-all-2354544-1-2md-d-3222,b2b-all-2354544-1-2md-d-75,freight-md-D-Diesel-Baseline,2781,-122.48667910059932,47.261114254668
b2b-all-2354545-1-3hdv-d,b2b-all-2354545-1-3hdv-d-3223,b2b-all-2354545-1-3hdv-d-101,freight-hdv-D-Diesel-Baseline,2783,-122.49441781781172,47.271517941819816
b2b-all-2355269-1-4md-d,b2b-all-2355269-1-4md-d-3224,b2b-all-2355269-1-4md-d-102,freight-md-D-Diesel-Baseline,2756,-122.40023964915524,47.26809044973141
b2b-all-2355269-1-4md-d,b2b-all-2355269-1-4md-d-3225,b2b-all-2355269-1-4md-d-103,freight-md-D-Diesel-Baseline,2756,-122.40023964915524,47.26809044973141
b2b-all-2355269-1-4md-d,b2b-all-2355269-1-4md-d-3226,b2b-all-2355269-1-4md-d-108,freight-md-D-Diesel-Baseline,2756,-122.40023964915524,47.26809044973141
b2b-all-2355269-1-5md-d,b2b-all-2355269-1-5md-d-3227,b2b-all-2355269-1-5md-d-125,freight-md-D-Diesel-Baseline,2756,-122.40023964915524,47.26809044973141
b2b-all-2355269-2-6hdt-d-0,b2b-all-2355269-2-6hdt-d-0-3228,b2b-all-2355269-2-6hdt-d-0-141,freight-hdt-D-Diesel-Baseline,2756,-122.40023964915524,47.26809044973141
b2b-all-2355269-2-6hdt-d-0,b2b-all-2355269-2-6hdt-d-0-3229,b2b-all-2355269-2-6hdt-d-0-145,freight-hdt-D-Diesel-Baseline,2756,-122.40023964915524,47.26809044973141
b2b-all-2355269-2-6hdt-d-0,b2b-all-2355269-2-6hdt-d-0-3230,b2b-all-2355269-2-6hdt-d-0-146,freight-hdt-D-Diesel-Baseline,2756,-122.40023964915524,47.26809044973141
b2b-all-2355269-2-6hdt-d-1,b2b-all-2355269-2-6hdt-d-1-3231,b2b-all-2355269-2-6hdt-d-1-162,freight-hdt-D-Diesel-Baseline,2756,-122.40023964915524,47.26809044973141
b2b-all-2355269-2-7hdt-d,b2b-all-2355269-2-7hdt-d-3232,b2b-all-2355269-2-7hdt-d-178,freight-hdt-D-Diesel-Baseline,2756,-122.40023964915524,47.26809044973141
b2b-all-2355270-2-8hdv-d,b2b-all-2355270-2-8hdv-d-3233,b2b-all-2355270-2-8hdv-d-194,freight-hdv-D-Diesel-Baseline,3086,-122.5286494054125,47.16046249775225
b2b-all-2355270-2-8hdv-d,b2b-all-2355270-2-8hdv-d-3234,b2b-all-2355270-2-8hdv-d-199,freight-hdv-D-Diesel-Baseline,3086,-122.5286494054125,47.16046249775225
b2b-all-2355270-2-8hdv-d,b2b-all-2355270-2-8hdv-d-3235,b2b-all-2355270-2-8hdv-d-200,freight-hdv-D-Diesel-Baseline,3086,-122.5286494054125,47.16046249775225
b2b-all-29410-2-9hdt-d,b2b-all-29410-2-9hdt-d-3236,b2b-all-29410-2-9hdt-d-215,freight-hdt-D-Diesel-Baseline,3860,-122.16669982272528,48.26526223933203
b2b-all-29410-2-9hdt-d,b2b-all-29410-2-9hdt-d-3237,b2b-all-29410-2-9hdt-d-216,freight-hdt-D-Diesel-Baseline,3860,-122.16669982272528,48.26526223933203
b2b-all-29737-2-10hdt-d,b2b-all-29737-2-10hdt-d-3238,b2b-all-29737-2-10hdt-d-236,freight-hdt-D-Diesel-Baseline,3179,-122.74810938133588,47.29621087392292
b2b-all-29737-2-10hdt-d,b2b-all-29737-2-10hdt-d-3239,b2b-all-29737-2-10hdt-d-237,freight-hdt-D-Diesel-Baseline,3179,-122.74810938133588,47.29621087392292
b2b-all-29737-4-11hdv-d,b2b-all-29737-4-11hdv-d-3240,b2b-all-29737-4-11hdv-d-362,freight-hdv-D-Diesel-Baseline,3179,-122.74810938133588,47.29621087392292
b2b-all-29737-4-11hdv-d,b2b-all-29737-4-11hdv-d-3241,b2b-all-29737-4-11hdv-d-363,freight-hdv-D-Diesel-Baseline,3179,-122.74810938133588,47.29621087392292
b2b-all-29737-4-11hdv-d,b2b-all-29737-4-11hdv-d-3242,b2b-all-29737-4-11hdv-d-364,freight-hdv-D-Diesel-Baseline,3179,-122.74810938133588,47.29621087392292
b2b-all-29738-4-12hdv-d,b2b-all-29738-4-12hdv-d-3243,b2b-all-29738-4-12hdv-d-384,freight-hdv-D-Diesel-Baseline,3873,-121.9994733158405,48.22073751051053
b2b-all-29738-4-12hdv-d,b2b-all-29738-4-12hdv-d-3244,b2b-all-29738-4-12hdv-d-385,freight-hdv-D-Diesel-Baseline,3873,-121.9994733158405,48.22073751051053
b2b-all-31379-3-13hdt-d,b2b-all-31379-3-13hdt-d-3245,b2b-all-31379-3-13hdt-d-397,freight-hdt-D-Diesel-Baseline,3860,-122.16669982272528,48.26526223933203
b2b-all-31379-3-13hdt-d,b2b-all-31379-3-13hdt-d-3246,b2b-all-31379-3-13hdt-d-398,freight-hdt-D-Diesel-Baseline,3860,-122.16669982272528,48.26526223933203
b2b-all-31379-3-13hdt-d,b2b-all-31379-3-13hdt-d-3247,b2b-all-31379-3-13hdt-d-399,freight-hdt-D-Diesel-Baseline,3860,-122.16669982272528,48.26526223933203
b2b-all-31379-3-13hdt-d,b2b-all-31379-3-13hdt-d-3248,b2b-all-31379-3-13hdt-d-400,freight-hdt-D-Diesel-Baseline,3860,-122.16669982272528,48.26526223933203
b2b-all-31379-3-13hdt-d,b2b-all-31379-3-13hdt-d-3249,b2b-all-31379-3-13hdt-d-401,freight-hdt-D-Diesel-Baseline,3860,-122.16669982272528,48.26526223933203
b2b-all-31379-3-13hdt-d,b2b-all-31379-3-13hdt-d-3250,b2b-all-31379-3-13hdt-d-402,freight-hdt-D-Diesel-Baseline,3860,-122.16669982272528,48.26526223933203
b2b-all-6594360-3-14hdt-d,b2b-all-6594360-3-14hdt-d-3251,b2b-all-6594360-3-14hdt-d-417,freight-hdt-D-Diesel-Baseline,5888,-123.29604975699216,44.94044704235515
b2b-all-6594360-3-14hdt-d,b2b-all-6594360-3-14hdt-d-3252,b2b-all-6594360-3-14hdt-d-418,freight-hdt-D-Diesel-Baseline,5888,-123.29604975699216,44.94044704235515
b2b-all-6594360-3-14hdt-d,b2b-all-6594360-3-14hdt-d-3253,b2b-all-6594360-3-14hdt-d-419,freight-hdt-D-Diesel-Baseline,5888,-123.29604975699216,44.94044704235515
b2b-all-6594360-3-14hdt-d,b2b-all-6594360-3-14hdt-d-3254,b2b-all-6594360-3-14hdt-d-420,freight-hdt-D-Diesel-Baseline,5888,-123.29604975699216,44.94044704235515
b2b-all-6594360-3-14hdt-d,b2b-all-6594360-3-14hdt-d-3255,b2b-all-6594360-3-14hdt-d-421,freight-hdt-D-Diesel-Baseline,5888,-123.29604975699216,44.94044704235515
b2b-all-6594360-3-14hdt-d,b2b-all-6594360-3-14hdt-d-3256,b2b-all-6594360-3-14hdt-d-422,freight-hdt-D-Diesel-Baseline,5888,-123.29604975699216,44.94044704235515
b2b-all-6594360-3-14hdt-d,b2b-all-6594360-3-14hdt-d-3257,b2b-all-6594360-3-14hdt-d-423,freight-hdt-D-Diesel-Baseline,5888,-123.29604975699216,44.94044704235515
b2b-all-6594360-3-14hdt-d,b2b-all-6594360-3-14hdt-d-3258,b2b-all-6594360-3-14hdt-d-424,freight-hdt-D-Diesel-Baseline,5888,-123.29604975699216,44.94044704235515
b2b-all-6594360-3-14hdt-d,b2b-all-6594360-3-14hdt-d-3259,b2b-all-6594360-3-14hdt-d-425,freight-hdt-D-Diesel-Baseline,5888,-123.29604975699216,44.94044704235515
b2b-all-6594500-2-15hdt-d,b2b-all-6594500-2-15hdt-d-3260,b2b-all-6594500-2-15hdt-d-445,freight-hdt-D-Diesel-Baseline,3197,-122.55543086783818,46.97068385449165
b2b-all-6594500-2-15hdt-d,b2b-all-6594500-2-15hdt-d-3261,b2b-all-6594500-2-15hdt-d-446,freight-hdt-D-Diesel-Baseline,3197,-122.55543086783818,46.97068385449165
b2b-all-6594500-4-16hdv-d-0,b2b-all-6594500-4-16hdv-d-0-3262,b2b-all-6594500-4-16hdv-d-0-504,freight-hdv-D-Diesel-Baseline,3197,-122.55543086783818,46.97068385449165
b2b-all-6594500-4-16hdv-d-0,b2b-all-6594500-4-16hdv-d-0-3263,b2b-all-6594500-4-16hdv-d-0-505,freight-hdv-D-Diesel-Baseline,3197,-122.55543086783818,46.97068385449165
b2b-all-6594500-4-16hdv-d-0,b2b-all-6594500-4-16hdv-d-0-3264,b2b-all-6594500-4-16hdv-d-0-506,freight-hdv-D-Diesel-Baseline,3197,-122.55543086783818,46.97068385449165
b2b-all-6594500-4-16hdv-d-0,b2b-all-6594500-4-16hdv-d-0-3265,b2b-all-6594500-4-16hdv-d-0-507,freight-hdv-D-Diesel-Baseline,3197,-122.55543086783818,46.97068385449165
b2b-all-6594500-4-16hdv-d-0,b2b-all-6594500-4-16hdv-d-0-3266,b2b-all-6594500-4-16hdv-d-0-508,freight-hdv-D-Diesel-Baseline,3197,-122.55543086783818,46.97068385449165
b2b-all-6594500-4-16hdv-d-0,b2b-all-6594500-4-16hdv-d-0-3267,b2b-all-6594500-4-16hdv-d-0-509,freight-hdv-D-Diesel-Baseline,3197,-122.55543086783818,46.97068385449165
b2b-all-6594500-4-16hdv-d-0,b2b-all-6594500-4-16hdv-d-0-3268,b2b-all-6594500-4-16hdv-d-0-510,freight-hdv-D-Diesel-Baseline,3197,-122.55543086783818,46.97068385449165
b2b-all-6594500-4-16hdv-d-0,b2b-all-6594500-4-16hdv-d-0-3269,b2b-all-6594500-4-16hdv-d-0-511,freight-hdv-D-Diesel-Baseline,3197,-122.55543086783818,46.97068385449165
b2b-all-6594500-4-16hdv-d-0,b2b-all-6594500-4-16hdv-d-0-3270,b2b-all-6594500-4-16hdv-d-0-512,freight-hdv-D-Diesel-Baseline,3197,-122.55543086783818,46.97068385449165
b2b-all-6594500-4-16hdv-d-0,b2b-all-6594500-4-16hdv-d-0-3271,b2b-all-6594500-4-16hdv-d-0-513,freight-hdv-D-Diesel-Baseline,3197,-122.55543086783818,46.97068385449165
b2b-all-6594500-4-16hdv-d-0,b2b-all-6594500-4-16hdv-d-0-3272,b2b-all-6594500-4-16hdv-d-0-514,freight-hdv-D-Diesel-Baseline,3197,-122.55543086783818,46.97068385449165
b2b-all-6594500-4-16hdv-d-0,b2b-all-6594500-4-16hdv-d-0-3273,b2b-all-6594500-4-16hdv-d-0-515,freight-hdv-D-Diesel-Baseline,3197,-122.55543086783818,46.97068385449165
b2b-all-6594500-4-16hdv-d-0,b2b-all-6594500-4-16hdv-d-0-3274,b2b-all-6594500-4-16hdv-d-0-516,freight-hdv-D-Diesel-Baseline,3197,-122.55543086783818,46.97068385449165
b2b-all-6594500-4-16hdv-d-0,b2b-all-6594500-4-16hdv-d-0-3275,b2b-all-6594500-4-16hdv-d-0-517,freight-hdv-D-Diesel-Baseline,3197,-122.55543086783818,46.97068385449165
b2b-all-6594500-4-16hdv-d-0,b2b-all-6594500-4-16hdv-d-0-3276,b2b-all-6594500-4-16hdv-d-0-518,freight-hdv-D-Diesel-Baseline,3197,-122.55543086783818,46.97068385449165
b2b-all-6594500-4-16hdv-d-0,b2b-all-6594500-4-16hdv-d-0-3277,b2b-all-6594500-4-16hdv-d-0-519,freight-hdv-D-Diesel-Baseline,3197,-122.55543086783818,46.97068385449165
b2b-all-6594500-4-16hdv-d-0,b2b-all-6594500-4-16hdv-d-0-3278,b2b-all-6594500-4-16hdv-d-0-520,freight-hdv-D-Diesel-Baseline,3197,-122.55543086783818,46.97068385449165
b2b-all-6594500-4-16hdv-d-0,b2b-all-6594500-4-16hdv-d-0-3279,b2b-all-6594500-4-16hdv-d-0-521,freight-hdv-D-Diesel-Baseline,3197,-122.55543086783818,46.97068385449165
b2b-all-6594500-4-16hdv-d-0,b2b-all-6594500-4-16hdv-d-0-3280,b2b-all-6594500-4-16hdv-d-0-522,freight-hdv-D-Diesel-Baseline,3197,-122.55543086783818,46.97068385449165
b2b-all-6594500-4-16hdv-d-1,b2b-all-6594500-4-16hdv-d-1-3281,b2b-all-6594500-4-16hdv-d-1-587,freight-hdv-D-Diesel-Baseline,3197,-122.55543086783818,46.97068385449165
b2b-all-6594500-4-16hdv-d-1,b2b-all-6594500-4-16hdv-d-1-3282,b2b-all-6594500-4-16hdv-d-1-588,freight-hdv-D-Diesel-Baseline,3197,-122.55543086783818,46.97068385449165
b2b-all-6594500-4-16hdv-d-1,b2b-all-6594500-4-16hdv-d-1-3283,b2b-all-6594500-4-16hdv-d-1-589,freight-hdv-D-Diesel-Baseline,3197,-122.55543086783818,46.97068385449165
b2b-all-6594500-4-16hdv-d-1,b2b-all-6594500-4-16hdv-d-1-3284,b2b-all-6594500-4-16hdv-d-1-590,freight-hdv-D-Diesel-Baseline,3197,-122.55543086783818,46.97068385449165
b2b-all-6594500-4-16hdv-d-1,b2b-all-6594500-4-16hdv-d-1-3285,b2b-all-6594500-4-16hdv-d-1-591,freight-hdv-D-Diesel-Baseline,3197,-122.55543086783818,46.97068385449165
b2b-all-6594500-4-16hdv-d-1,b2b-all-6594500-4-16hdv-d-1-3286,b2b-all-6594500-4-16hdv-d-1-592,freight-hdv-D-Diesel-Baseline,3197,-122.55543086783818,46.97068385449165
b2b-all-6594500-4-16hdv-d-1,b2b-all-6594500-4-16hdv-d-1-3287,b2b-all-6594500-4-16hdv-d-1-593,freight-hdv-D-Diesel-Baseline,3197,-122.55543086783818,46.97068385449165
b2b-all-6596825-2-17hdv-d,b2b-all-6596825-2-17hdv-d-3288,b2b-all-6596825-2-17hdv-d-613,freight-hdv-D-Diesel-Baseline,3249,-122.14494491362808,46.76065090336761
b2b-all-6596825-2-17hdv-d,b2b-all-6596825-2-17hdv-d-3289,b2b-all-6596825-2-17hdv-d-614,freight-hdv-D-Diesel-Baseline,3249,-122.14494491362808,46.76065090336761
b2b-all-6596825-4-18hdv-d,b2b-all-6596825-4-18hdv-d-3290,b2b-all-6596825-4-18hdv-d-631,freight-hdv-D-Diesel-Baseline,3249,-122.14494491362808,46.76065090336761
b2b-all-6596825-4-18hdv-d,b2b-all-6596825-4-18hdv-d-3291,b2b-all-6596825-4-18hdv-d-632,freight-hdv-D-Diesel-Baseline,3249,-122.14494491362808,46.76065090336761
b2b-all-6596825-4-18hdv-d,b2b-all-6596825-4-18hdv-d-3292,b2b-all-6596825-4-18hdv-d-633,freight-hdv-D-Diesel-Baseline,3249,-122.14494491362808,46.76065090336761
b2b-all-6596825-4-19hdv-d,b2b-all-6596825-4-19hdv-d-3293,b2b-all-6596825-4-19hdv-d-651,freight-hdv-D-Diesel-Baseline,3249,-122.14494491362808,46.76065090336761
b2b-all-6596825-4-19hdv-d,b2b-all-6596825-4-19hdv-d-3294,b2b-all-6596825-4-19hdv-d-652,freight-hdv-D-Diesel-Baseline,3249,-122.14494491362808,46.76065090336761
b2b-all-6655257-3-20hdt-d,b2b-all-6655257-3-20hdt-d-3295,b2b-all-6655257-3-20hdt-d-675,freight-hdt-D-Diesel-Baseline,3168,-122.60656049413936,47.34315269042012
b2b-all-6655257-3-20hdt-d,b2b-all-6655257-3-20hdt-d-3296,b2b-all-6655257-3-20hdt-d-676,freight-hdt-D-Diesel-Baseline,3168,-122.60656049413936,47.34315269042012
b2b-all-6655257-3-21hdt-d,b2b-all-6655257-3-21hdt-d-3297,b2b-all-6655257-3-21hdt-d-692,freight-hdt-D-Diesel-Baseline,3168,-122.60656049413936,47.34315269042012
b2b-all-6655257-3-21hdt-d,b2b-all-6655257-3-21hdt-d-3298,b2b-all-6655257-3-21hdt-d-693,freight-hdt-D-Diesel-Baseline,3168,-122.60656049413936,47.34315269042012
b2b-all-6655257-3-21hdt-d,b2b-all-6655257-3-21hdt-d-3299,b2b-all-6655257-3-21hdt-d-694,freight-hdt-D-Diesel-Baseline,3168,-122.60656049413936,47.34315269042012
b2b-all-6655257-3-21hdt-d,b2b-all-6655257-3-21hdt-d-3300,b2b-all-6655257-3-21hdt-d-695,freight-hdt-D-Diesel-Baseline,3168,-122.60656049413936,47.34315269042012
b2b-all-6655257-3-21hdt-d,b2b-all-6655257-3-21hdt-d-3301,b2b-all-6655257-3-21hdt-d-696,freight-hdt-D-Diesel-Baseline,3168,-122.60656049413936,47.34315269042012
b2b-all-6655257-3-21hdt-d,b2b-all-6655257-3-21hdt-d-3302,b2b-all-6655257-3-21hdt-d-697,freight-hdt-D-Diesel-Baseline,3168,-122.60656049413936,47.34315269042012
b2b-all-6655257-3-21hdt-d,b2b-all-6655257-3-21hdt-d-3303,b2b-all-6655257-3-21hdt-d-698,freight-hdt-D-Diesel-Baseline,3168,-122.60656049413936,47.34315269042012
b2b-all-6655257-3-21hdt-d,b2b-all-6655257-3-21hdt-d-3304,b2b-all-6655257-3-21hdt-d-699,freight-hdt-D-Diesel-Baseline,3168,-122.60656049413936,47.34315269042012
b2b-all-6655257-3-21hdt-d,b2b-all-6655257-3-21hdt-d-3305,b2b-all-6655257-3-21hdt-d-700,freight-hdt-D-Diesel-Baseline,3168,-122.60656049413936,47.34315269042012
b2b-all-6655257-3-21hdt-d,b2b-all-6655257-3-21hdt-d-3306,b2b-all-6655257-3-21hdt-d-701,freight-hdt-D-Diesel-Baseline,3168,-122.60656049413936,47.34315269042012
b2b-all-6655257-3-21hdt-d,b2b-all-6655257-3-21hdt-d-3307,b2b-all-6655257-3-21hdt-d-702,freight-hdt-D-Diesel-Baseline,3168,-122.60656049413936,47.34315269042012
b2b-all-6655257-3-21hdt-d,b2b-all-6655257-3-21hdt-d-3308,b2b-all-6655257-3-21hdt-d-703,freight-hdt-D-Diesel-Baseline,3168,-122.60656049413936,47.34315269042012
b2b-all-6655257-3-21hdt-d,b2b-all-6655257-3-21hdt-d-3309,b2b-all-6655257-3-21hdt-d-704,freight-hdt-D-Diesel-Baseline,3168,-122.60656049413936,47.34315269042012
b2b-all-6655257-3-21hdt-d,b2b-all-6655257-3-21hdt-d-3310,b2b-all-6655257-3-21hdt-d-705,freight-hdt-D-Diesel-Baseline,3168,-122.60656049413936,47.34315269042012
b2b-all-6655258-3-22hdt-d,b2b-all-6655258-3-22hdt-d-3311,b2b-all-6655258-3-22hdt-d-726,freight-hdt-D-Diesel-Baseline,2880,-122.48345412170204,47.19615318937355
b2b-all-6655258-3-22hdt-d,b2b-all-6655258-3-22hdt-d-3312,b2b-all-6655258-3-22hdt-d-727,freight-hdt-D-Diesel-Baseline,2880,-122.48345412170204,47.19615318937355
b2b-all-6655258-3-22hdt-d,b2b-all-6655258-3-22hdt-d-3313,b2b-all-6655258-3-22hdt-d-728,freight-hdt-D-Diesel-Baseline,2880,-122.48345412170204,47.19615318937355
b2b-all-6655258-3-23hdt-d,b2b-all-6655258-3-23hdt-d-3314,b2b-all-6655258-3-23hdt-d-750,freight-hdt-D-Diesel-Baseline,2880,-122.48345412170204,47.19615318937355
b2b-all-6655258-3-23hdt-d,b2b-all-6655258-3-23hdt-d-3315,b2b-all-6655258-3-23hdt-d-751,freight-hdt-D-Diesel-Baseline,2880,-122.48345412170204,47.19615318937355
b2b-all-6661534-1-24md-d,b2b-all-6661534-1-24md-d-3316,b2b-all-6661534-1-24md-d-762,freight-md-D-Diesel-Baseline,5877,-123.07612744061124,44.92935605318926
b2b-all-6662788-2-25hdt-d,b2b-all-6662788-2-25hdt-d-3317,b2b-all-6662788-2-25hdt-d-783,freight-hdt-D-Diesel-Baseline,3873,-121.9994733158405,48.22073751051053
b2b-all-6664643-3-26hdt-d,b2b-all-6664643-3-26hdt-d-3318,b2b-all-6664643-3-26hdt-d-794,freight-hdt-D-Diesel-Baseline,2929,-122.12467946262656,47.19040941864672
b2b-all-6664643-3-26hdt-d,b2b-all-6664643-3-26hdt-d-3319,b2b-all-6664643-3-26hdt-d-803,freight-hdt-D-Diesel-Baseline,2929,-122.12467946262656,47.19040941864672
b2b-all-6664643-3-26hdt-d,b2b-all-6664643-3-26hdt-d-3320,b2b-all-6664643-3-26hdt-d-804,freight-hdt-D-Diesel-Baseline,2929,-122.12467946262656,47.19040941864672
b2b-all-6664643-3-26hdt-d,b2b-all-6664643-3-26hdt-d-3321,b2b-all-6664643-3-26hdt-d-805,freight-hdt-D-Diesel-Baseline,2929,-122.12467946262656,47.19040941864672
b2b-all-6664643-3-26hdt-d,b2b-all-6664643-3-26hdt-d-3322,b2b-all-6664643-3-26hdt-d-806,freight-hdt-D-Diesel-Baseline,2929,-122.12467946262656,47.19040941864672
b2b-all-6664643-3-26hdt-d,b2b-all-6664643-3-26hdt-d-3323,b2b-all-6664643-3-26hdt-d-807,freight-hdt-D-Diesel-Baseline,2929,-122.12467946262656,47.19040941864672
b2b-all-6664643-3-26hdt-d,b2b-all-6664643-3-26hdt-d-3324,b2b-all-6664643-3-26hdt-d-808,freight-hdt-D-Diesel-Baseline,2929,-122.12467946262656,47.19040941864672
b2b-all-6664643-3-26hdt-d,b2b-all-6664643-3-26hdt-d-3325,b2b-all-6664643-3-26hdt-d-809,freight-hdt-D-Diesel-Baseline,2929,-122.12467946262656,47.19040941864672
b2b-all-6664643-3-26hdt-d,b2b-all-6664643-3-26hdt-d-3326,b2b-all-6664643-3-26hdt-d-810,freight-hdt-D-Diesel-Baseline,2929,-122.12467946262656,47.19040941864672
b2b-all-6664643-3-26hdv-d,b2b-all-6664643-3-26hdv-d-3327,b2b-all-6664643-3-26hdv-d-858,freight-hdv-D-Diesel-Baseline,2929,-122.12467946262656,47.19040941864672
b2b-all-6664643-3-26hdv-d,b2b-all-6664643-3-26hdv-d-3328,b2b-all-6664643-3-26hdv-d-859,freight-hdv-D-Diesel-Baseline,2929,-122.12467946262656,47.19040941864672
b2b-all-6664643-3-26hdv-d,b2b-all-6664643-3-26hdv-d-3329,b2b-all-6664643-3-26hdv-d-860,freight-hdv-D-Diesel-Baseline,2929,-122.12467946262656,47.19040941864672
b2b-all-6664643-3-26hdv-d,b2b-all-6664643-3-26hdv-d-3330,b2b-all-6664643-3-26hdv-d-861,freight-hdv-D-Diesel-Baseline,2929,-122.12467946262656,47.19040941864672
b2b-all-6664643-3-26hdv-d,b2b-all-6664643-3-26hdv-d-3331,b2b-all-6664643-3-26hdv-d-862,freight-hdv-D-Diesel-Baseline,2929,-122.12467946262656,47.19040941864672
b2b-all-6664941-3-27hdv-d,b2b-all-6664941-3-27hdv-d-3332,b2b-all-6664941-3-27hdv-d-878,freight-hdv-D-Diesel-Baseline,3253,-122.24429865720396,47.20510553120965
b2b-all-6664941-3-27hdv-d,b2b-all-6664941-3-27hdv-d-3333,b2b-all-6664941-3-27hdv-d-879,freight-hdv-D-Diesel-Baseline,3253,-122.24429865720396,47.20510553120965
b2b-all-6665361-3-28hdt-d,b2b-all-6665361-3-28hdt-d-3334,b2b-all-6665361-3-28hdt-d-895,freight-hdt-D-Diesel-Baseline,3137,-122.54373856283544,47.22114038770265
b2b-all-6665361-3-28hdt-d,b2b-all-6665361-3-28hdt-d-3335,b2b-all-6665361-3-28hdt-d-896,freight-hdt-D-Diesel-Baseline,3137,-122.54373856283544,47.22114038770265
b2b-all-6665361-3-28hdv-d,b2b-all-6665361-3-28hdv-d-3336,b2b-all-6665361-3-28hdv-d-925,freight-hdv-D-Diesel-Baseline,3137,-122.54373856283544,47.22114038770265
b2b-all-6665361-3-29hdt-d,b2b-all-6665361-3-29hdt-d-3337,b2b-all-6665361-3-29hdt-d-951,freight-hdt-D-Diesel-Baseline,3137,-122.54373856283544,47.22114038770265
b2b-all-6665361-3-29hdt-d,b2b-all-6665361-3-29hdt-d-3338,b2b-all-6665361-3-29hdt-d-952,freight-hdt-D-Diesel-Baseline,3137,-122.54373856283544,47.22114038770265
b2b-all-6668726-1-30md-d,b2b-all-6668726-1-30md-d-3339,b2b-all-6668726-1-30md-d-964,freight-md-D-Diesel-Baseline,3304,-122.32512275486827,47.2322152797089
b2b-all-6668726-1-30md-d,b2b-all-6668726-1-30md-d-3340,b2b-all-6668726-1-30md-d-965,freight-md-D-Diesel-Baseline,3304,-122.32512275486827,47.2322152797089
b2b-all-6668726-1-30md-d,b2b-all-6668726-1-30md-d-3341,b2b-all-6668726-1-30md-d-966,freight-md-D-Diesel-Baseline,3304,-122.32512275486827,47.2322152797089
b2b-all-6668726-1-30md-d,b2b-all-6668726-1-30md-d-3342,b2b-all-6668726-1-30md-d-972,freight-md-D-Diesel-Baseline,3304,-122.32512275486827,47.2322152797089
b2b-all-6675613-3-31hdv-d,b2b-all-6675613-3-31hdv-d-3343,b2b-all-6675613-3-31hdv-d-999,freight-hdv-D-Diesel-Baseline,5885,-123.12917480974409,44.98433170990787
b2b-all-6676103-1-32md-d,b2b-all-6676103-1-32md-d-3344,b2b-all-6676103-1-32md-d-1000,freight-md-D-Diesel-Baseline,2872,-122.50220764768126,47.22334593041596
b2b-all-6676103-1-32md-d,b2b-all-6676103-1-32md-d-3345,b2b-all-6676103-1-32md-d-1001,freight-md-D-Diesel-Baseline,2872,-122.50220764768126,47.22334593041596
b2b-all-6676333-1-33md-d,b2b-all-6676333-1-33md-d-3346,b2b-all-6676333-1-33md-d-1016,freight-md-D-Diesel-Baseline,5885,-123.12917480974409,44.98433170990787
b2b-all-6676621-1-34hdt-d,b2b-all-6676621-1-34hdt-d-3347,b2b-all-6676621-1-34hdt-d-1046,freight-hdt-D-Diesel-Baseline,3001,-122.32341758394844,47.14440876734724
b2b-all-6677432-2-35hdv-d,b2b-all-6677432-2-35hdv-d-3348,b2b-all-6677432-2-35hdv-d-1067,freight-hdv-D-Diesel-Baseline,3292,-122.3640728375755,47.21111454949155
b2b-all-6680497-3-36hdt-d-0,b2b-all-6680497-3-36hdt-d-0-3349,b2b-all-6680497-3-36hdt-d-0-1073,freight-hdt-D-Diesel-Baseline,3299,-122.3950023530393,47.23278224479829
b2b-all-6680497-3-36hdt-d-0,b2b-all-6680497-3-36hdt-d-0-3350,b2b-all-6680497-3-36hdt-d-0-1079,freight-hdt-D-Diesel-Baseline,3299,-122.3950023530393,47.23278224479829
b2b-all-6680497-3-36hdt-d-0,b2b-all-6680497-3-36hdt-d-0-3351,b2b-all-6680497-3-36hdt-d-0-1081,freight-hdt-D-Diesel-Baseline,3299,-122.3950023530393,47.23278224479829
b2b-all-6680497-3-36hdt-d-0,b2b-all-6680497-3-36hdt-d-0-3352,b2b-all-6680497-3-36hdt-d-0-1082,freight-hdt-D-Diesel-Baseline,3299,-122.3950023530393,47.23278224479829
b2b-all-6680497-3-36hdt-d-1,b2b-all-6680497-3-36hdt-d-1-3353,b2b-all-6680497-3-36hdt-d-1-1102,freight-hdt-D-Diesel-Baseline,3299,-122.3950023530393,47.23278224479829
b2b-all-6680497-3-37hdt-d,b2b-all-6680497-3-37hdt-d-3354,b2b-all-6680497-3-37hdt-d-1113,freight-hdt-D-Diesel-Baseline,3299,-122.3950023530393,47.23278224479829
b2b-all-6680497-3-37hdt-d,b2b-all-6680497-3-37hdt-d-3355,b2b-all-6680497-3-37hdt-d-1121,freight-hdt-D-Diesel-Baseline,3299,-122.3950023530393,47.23278224479829
b2b-all-6680497-3-37hdt-d,b2b-all-6680497-3-37hdt-d-3356,b2b-all-6680497-3-37hdt-d-1122,freight-hdt-D-Diesel-Baseline,3299,-122.3950023530393,47.23278224479829
b2b-all-6682032-4-38hdv-d,b2b-all-6682032-4-38hdv-d-3357,b2b-all-6682032-4-38hdv-d-1143,freight-hdv-D-Diesel-Baseline,3185,-122.63210922993012,47.100504117055685
b2b-all-6682032-4-38hdv-d,b2b-all-6682032-4-38hdv-d-3358,b2b-all-6682032-4-38hdv-d-1144,freight-hdv-D-Diesel-Baseline,3185,-122.63210922993012,47.100504117055685
b2b-all-6686320-1-39md-d,b2b-all-6686320-1-39md-d-3359,b2b-all-6686320-1-39md-d-1150,freight-md-D-Diesel-Baseline,2897,-122.41702760522514,47.2036381012864
b2b-all-6687216-1-40md-d,b2b-all-6687216-1-40md-d-3360,b2b-all-6687216-1-40md-d-1166,freight-md-D-Diesel-Baseline,3293,-122.36202011927595,47.27817252004349
b2b-all-6687216-1-41md-d,b2b-all-6687216-1-41md-d-3361,b2b-all-6687216-1-41md-d-1182,freight-md-D-Diesel-Baseline,3293,-122.36202011927595,47.27817252004349
b2b-all-6689416-1-42md-d,b2b-all-6689416-1-42md-d-3362,b2b-all-6689416-1-42md-d-1198,freight-md-D-Diesel-Baseline,2813,-122.48497514533508,47.24027295168138
b2b-all-6689720-1-43hdt-d,b2b-all-6689720-1-43hdt-d-3363,b2b-all-6689720-1-43hdt-d-1219,freight-hdt-D-Diesel-Baseline,5885,-123.12917480974409,44.98433170990787
b2b-all-6696393-3-44hdv-d,b2b-all-6696393-3-44hdv-d-3364,b2b-all-6696393-3-44hdv-d-1235,freight-hdv-D-Diesel-Baseline,3854,-122.3645144674494,48.26687162473969
b2b-all-6696393-3-44hdv-d,b2b-all-6696393-3-44hdv-d-3365,b2b-all-6696393-3-44hdv-d-1241,freight-hdv-D-Diesel-Baseline,3854,-122.3645144674494,48.26687162473969
b2b-all-6700501-1-45md-d,b2b-all-6700501-1-45md-d-3366,b2b-all-6700501-1-45md-d-1249,freight-md-D-Diesel-Baseline,5897,-123.21550111052947,44.80748760973425
b2b-all-6703021-2-46hdv-d,b2b-all-6703021-2-46hdv-d-3367,b2b-all-6703021-2-46hdv-d-1275,freight-hdv-D-Diesel-Baseline,3205,-122.47266831305922,46.8934296551068
b2b-all-6708022-1-47md-d,b2b-all-6708022-1-47md-d-3368,b2b-all-6708022-1-47md-d-1281,freight-md-D-Diesel-Baseline,5885,-123.12917480974409,44.98433170990787
b2b-all-6708470-1-48hdt-d,b2b-all-6708470-1-48hdt-d-3369,b2b-all-6708470-1-48hdt-d-1297,freight-hdt-D-Diesel-Baseline,5885,-123.12917480974409,44.98433170990787
b2b-all-6711020-2-49md-d,b2b-all-6711020-2-49md-d-3370,b2b-all-6711020-2-49md-d-1312,freight-md-D-Diesel-Baseline,2919,-122.11188048399544,47.14393752145753
b2b-all-6711020-2-49md-d,b2b-all-6711020-2-49md-d-3371,b2b-all-6711020-2-49md-d-1321,freight-md-D-Diesel-Baseline,2919,-122.11188048399544,47.14393752145753
b2b-all-6711020-2-50md-d,b2b-all-6711020-2-50md-d-3372,b2b-all-6711020-2-50md-d-1345,freight-md-D-Diesel-Baseline,2919,-122.11188048399544,47.14393752145753
b2b-all-6711020-2-50md-d,b2b-all-6711020-2-50md-d-3373,b2b-all-6711020-2-50md-d-1346,freight-md-D-Diesel-Baseline,2919,-122.11188048399544,47.14393752145753
b2b-all-6711020-2-50hdt-d,b2b-all-6711020-2-50hdt-d-3374,b2b-all-6711020-2-50hdt-d-1380,freight-hdt-D-Diesel-Baseline,2919,-122.11188048399544,47.14393752145753
b2b-all-6711020-2-50hdt-d,b2b-all-6711020-2-50hdt-d-3375,b2b-all-6711020-2-50hdt-d-1381,freight-hdt-D-Diesel-Baseline,2919,-122.11188048399544,47.14393752145753
b2b-all-6712416-1-51md-d,b2b-all-6712416-1-51md-d-3376,b2b-all-6712416-1-51md-d-1396,freight-md-D-Diesel-Baseline,2882,-122.47788663746984,47.18728675407351
b2b-all-689364-2-52hdt-d,b2b-all-689364-2-52hdt-d-3377,b2b-all-689364-2-52hdt-d-1418,freight-hdt-D-Diesel-Baseline,3062,-122.4784705309696,47.16248045043833
b2b-all-689364-2-52hdt-d,b2b-all-689364-2-52hdt-d-3378,b2b-all-689364-2-52hdt-d-1419,freight-hdt-D-Diesel-Baseline,3062,-122.4784705309696,47.16248045043833
b2b-all-690551-3-53hdt-d,b2b-all-690551-3-53hdt-d-3379,b2b-all-690551-3-53hdt-d-1523,freight-hdt-D-Diesel-Baseline,5882,-123.14494409844396,44.98169645199568
b2b-all-690551-3-53hdt-d,b2b-all-690551-3-53hdt-d-3380,b2b-all-690551-3-53hdt-d-1524,freight-hdt-D-Diesel-Baseline,5882,-123.14494409844396,44.98169645199568
b2b-all-693414-2-54hdt-d,b2b-all-693414-2-54hdt-d-3381,b2b-all-693414-2-54hdt-d-1541,freight-hdt-D-Diesel-Baseline,3249,-122.05752595660532,46.77459668986081
b2b-all-693414-2-54hdt-d,b2b-all-693414-2-54hdt-d-3382,b2b-all-693414-2-54hdt-d-1542,freight-hdt-D-Diesel-Baseline,3249,-122.05752595660532,46.77459668986081
b2b-all-695972-4-55hdv-d,b2b-all-695972-4-55hdv-d-3383,b2b-all-695972-4-55hdv-d-1558,freight-hdv-D-Diesel-Baseline,5906,-123.42617163728548,45.0671015856892
b2b-all-695972-4-56hdv-d,b2b-all-695972-4-56hdv-d-3384,b2b-all-695972-4-56hdv-d-1576,freight-hdv-D-Diesel-Baseline,5906,-123.42617163728548,45.0671015856892
b2b-all-695972-4-56hdv-d,b2b-all-695972-4-56hdv-d-3385,b2b-all-695972-4-56hdv-d-1577,freight-hdv-D-Diesel-Baseline,5906,-123.42617163728548,45.0671015856892
b2b-all-695972-4-56hdv-d,b2b-all-695972-4-56hdv-d-3386,b2b-all-695972-4-56hdv-d-1583,freight-hdv-D-Diesel-Baseline,5906,-123.42617163728548,45.0671015856892
b2b-all-705760-1-57md-d,b2b-all-705760-1-57md-d-3387,b2b-all-705760-1-57md-d-1593,freight-md-D-Diesel-Baseline,3711,-122.1648759877223,47.96996503574953
b2b-all-705760-1-57md-d,b2b-all-705760-1-57md-d-3388,b2b-all-705760-1-57md-d-1594,freight-md-D-Diesel-Baseline,3711,-122.1648759877223,47.96996503574953
b2b-all-705760-1-57md-d,b2b-all-705760-1-57md-d-3389,b2b-all-705760-1-57md-d-1595,freight-md-D-Diesel-Baseline,3711,-122.1648759877223,47.96996503574953
b2b-all-705760-1-57md-d,b2b-all-705760-1-57md-d-3390,b2b-all-705760-1-57md-d-1596,freight-md-D-Diesel-Baseline,3711,-122.1648759877223,47.96996503574953
b2b-all-705760-1-57md-d,b2b-all-705760-1-57md-d-3391,b2b-all-705760-1-57md-d-1597,freight-md-D-Diesel-Baseline,3711,-122.1648759877223,47.96996503574953
b2b-all-705760-1-57md-d,b2b-all-705760-1-57md-d-3392,b2b-all-705760-1-57md-d-1598,freight-md-D-Diesel-Baseline,3711,-122.1648759877223,47.96996503574953
b2b-all-710154-2-58hdv-d,b2b-all-710154-2-58hdv-d-3393,b2b-all-710154-2-58hdv-d-1625,freight-hdv-D-Diesel-Baseline,3157,-122.567944166063,47.27120726668339
b2b-all-710154-2-59hdv-d,b2b-all-710154-2-59hdv-d-3394,b2b-all-710154-2-59hdv-d-1642,freight-hdv-D-Diesel-Baseline,3157,-122.567944166063,47.27120726668339
b2b-all-713031-1-60hdv-d,b2b-all-713031-1-60hdv-d-3395,b2b-all-713031-1-60hdv-d-1658,freight-hdv-D-Diesel-Baseline,2808,-122.52752740992096,47.243197772426505
b2b-all-713045-1-61md-d,b2b-all-713045-1-61md-d-3396,b2b-all-713045-1-61md-d-1664,freight-md-D-Diesel-Baseline,3191,-122.48240942711132,47.05796598200305
b2b-all-713885-2-62md-d,b2b-all-713885-2-62md-d-3397,b2b-all-713885-2-62md-d-1684,freight-md-D-Diesel-Baseline,3240,-122.31500863983663,47.06254372416392
b2b-all-713885-2-62hdt-d,b2b-all-713885-2-62hdt-d-3398,b2b-all-713885-2-62hdt-d-1719,freight-hdt-D-Diesel-Baseline,3240,-122.31500863983663,47.06254372416392
b2b-all-713885-2-63hdt-d,b2b-all-713885-2-63hdt-d-3399,b2b-all-713885-2-63hdt-d-1744,freight-hdt-D-Diesel-Baseline,3240,-122.31500863983663,47.06254372416392
b2b-all-713885-3-64hdv-d-0,b2b-all-713885-3-64hdv-d-0-3400,b2b-all-713885-3-64hdv-d-0-1764,freight-hdv-D-Diesel-Baseline,3240,-122.31500863983663,47.06254372416392
b2b-all-713885-3-64hdv-d-0,b2b-all-713885-3-64hdv-d-0-3401,b2b-all-713885-3-64hdv-d-0-1765,freight-hdv-D-Diesel-Baseline,3240,-122.31500863983663,47.06254372416392
b2b-all-713885-3-64hdv-d-0,b2b-all-713885-3-64hdv-d-0-3402,b2b-all-713885-3-64hdv-d-0-1766,freight-hdv-D-Diesel-Baseline,3240,-122.31500863983663,47.06254372416392
b2b-all-713885-3-64hdv-d-1,b2b-all-713885-3-64hdv-d-1-3403,b2b-all-713885-3-64hdv-d-1-1783,freight-hdv-D-Diesel-Baseline,3240,-122.31500863983663,47.06254372416392
b2b-all-713885-3-65hdv-d,b2b-all-713885-3-65hdv-d-3404,b2b-all-713885-3-65hdv-d-1800,freight-hdv-D-Diesel-Baseline,3240,-122.31500863983663,47.06254372416392
b2b-all-713893-3-66hdv-d,b2b-all-713893-3-66hdv-d-3405,b2b-all-713893-3-66hdv-d-1817,freight-hdv-D-Diesel-Baseline,3205,-122.47266831305922,46.8934296551068
b2b-all-717907-1-67hdt-d,b2b-all-717907-1-67hdt-d-3406,b2b-all-717907-1-67hdt-d-1828,freight-hdt-D-Diesel-Baseline,3210,-122.25388761775632,47.14095314032117
b2b-all-723894-1-68hdv-d,b2b-all-723894-1-68hdv-d-3407,b2b-all-723894-1-68hdv-d-1853,freight-hdv-D-Diesel-Baseline,5885,-123.12917480974409,44.98433170990787
b2b-all-723962-2-69md-d,b2b-all-723962-2-69md-d-3408,b2b-all-723962-2-69md-d-1862,freight-md-D-Diesel-Baseline,3140,-122.52442553107608,47.225155993256486
b2b-all-723962-2-69md-d,b2b-all-723962-2-69md-d-3409,b2b-all-723962-2-69md-d-1863,freight-md-D-Diesel-Baseline,3140,-122.52442553107608,47.225155993256486
b2b-all-723962-2-69hdt-d,b2b-all-723962-2-69hdt-d-3410,b2b-all-723962-2-69hdt-d-1897,freight-hdt-D-Diesel-Baseline,3140,-122.52442553107608,47.225155993256486
b2b-all-723962-2-69hdt-d,b2b-all-723962-2-69hdt-d-3411,b2b-all-723962-2-69hdt-d-1898,freight-hdt-D-Diesel-Baseline,3140,-122.52442553107608,47.225155993256486
b2b-all-726608-1-70hdt-d-0,b2b-all-726608-1-70hdt-d-0-3412,b2b-all-726608-1-70hdt-d-0-1909,freight-hdt-D-Diesel-Baseline,3185,-122.63056047506362,47.09733372490392
b2b-all-726608-1-70hdt-d-0,b2b-all-726608-1-70hdt-d-0-3413,b2b-all-726608-1-70hdt-d-0-1913,freight-hdt-D-Diesel-Baseline,3185,-122.63056047506362,47.09733372490392
b2b-all-726608-1-70hdt-d-0,b2b-all-726608-1-70hdt-d-0-3414,b2b-all-726608-1-70hdt-d-0-1914,freight-hdt-D-Diesel-Baseline,3185,-122.63056047506362,47.09733372490392
b2b-all-726608-1-70hdt-d-1,b2b-all-726608-1-70hdt-d-1-3415,b2b-all-726608-1-70hdt-d-1-1930,freight-hdt-D-Diesel-Baseline,3185,-122.63056047506362,47.09733372490392
b2b-all-726608-1-71hdt-d,b2b-all-726608-1-71hdt-d-3416,b2b-all-726608-1-71hdt-d-1946,freight-hdt-D-Diesel-Baseline,3185,-122.63056047506362,47.09733372490392
b2b-all-726608-2-72hdv-d-0,b2b-all-726608-2-72hdv-d-0-3417,b2b-all-726608-2-72hdv-d-0-1962,freight-hdv-D-Diesel-Baseline,3185,-122.63056047506362,47.09733372490392
b2b-all-726608-2-72hdv-d-0,b2b-all-726608-2-72hdv-d-0-3418,b2b-all-726608-2-72hdv-d-0-1966,freight-hdv-D-Diesel-Baseline,3185,-122.63056047506362,47.09733372490392
b2b-all-726608-2-72hdv-d-0,b2b-all-726608-2-72hdv-d-0-3419,b2b-all-726608-2-72hdv-d-0-1967,freight-hdv-D-Diesel-Baseline,3185,-122.63056047506362,47.09733372490392
b2b-all-726608-2-72hdv-d-1,b2b-all-726608-2-72hdv-d-1-3420,b2b-all-726608-2-72hdv-d-1-1983,freight-hdv-D-Diesel-Baseline,3185,-122.63056047506362,47.09733372490392
b2b-all-726608-2-73hdv-d,b2b-all-726608-2-73hdv-d-3421,b2b-all-726608-2-73hdv-d-1997,freight-hdv-D-Diesel-Baseline,3185,-122.63056047506362,47.09733372490392
b2b-all-726608-2-73hdv-d,b2b-all-726608-2-73hdv-d-3422,b2b-all-726608-2-73hdv-d-1998,freight-hdv-D-Diesel-Baseline,3185,-122.63056047506362,47.09733372490392
b2b-all-726608-2-73hdv-d,b2b-all-726608-2-73hdv-d-3423,b2b-all-726608-2-73hdv-d-1999,freight-hdv-D-Diesel-Baseline,3185,-122.63056047506362,47.09733372490392
b2b-all-728389-3-74hdv-d,b2b-all-728389-3-74hdv-d-3424,b2b-all-728389-3-74hdv-d-2019,freight-hdv-D-Diesel-Baseline,3052,-122.41919805919096,47.166061418234136
b2b-all-728389-3-74hdv-d,b2b-all-728389-3-74hdv-d-3425,b2b-all-728389-3-74hdv-d-2020,freight-hdv-D-Diesel-Baseline,3052,-122.41919805919096,47.166061418234136
b2b-all-7349-1-75md-d,b2b-all-7349-1-75md-d-3426,b2b-all-7349-1-75md-d-2030,freight-md-D-Diesel-Baseline,3196,-122.487718930007,46.94849525074738
b2b-all-7349-1-75md-d,b2b-all-7349-1-75md-d-3427,b2b-all-7349-1-75md-d-2031,freight-md-D-Diesel-Baseline,3196,-122.487718930007,46.94849525074738
b2b-all-7349-1-75md-d,b2b-all-7349-1-75md-d-3428,b2b-all-7349-1-75md-d-2032,freight-md-D-Diesel-Baseline,3196,-122.487718930007,46.94849525074738
b2b-all-7349-1-75md-d,b2b-all-7349-1-75md-d-3429,b2b-all-7349-1-75md-d-2033,freight-md-D-Diesel-Baseline,3196,-122.487718930007,46.94849525074738
b2b-all-7349-1-75md-d,b2b-all-7349-1-75md-d-3430,b2b-all-7349-1-75md-d-2034,freight-md-D-Diesel-Baseline,3196,-122.487718930007,46.94849525074738
b2b-all-7349-1-75md-d,b2b-all-7349-1-75md-d-3431,b2b-all-7349-1-75md-d-2035,freight-md-D-Diesel-Baseline,3196,-122.487718930007,46.94849525074738
b2b-all-7349-1-75md-d,b2b-all-7349-1-75md-d-3432,b2b-all-7349-1-75md-d-2036,freight-md-D-Diesel-Baseline,3196,-122.487718930007,46.94849525074738
b2b-all-7349-1-75md-d,b2b-all-7349-1-75md-d-3433,b2b-all-7349-1-75md-d-2037,freight-md-D-Diesel-Baseline,3196,-122.487718930007,46.94849525074738
b2b-all-7349-1-75md-d,b2b-all-7349-1-75md-d-3434,b2b-all-7349-1-75md-d-2038,freight-md-D-Diesel-Baseline,3196,-122.487718930007,46.94849525074738
b2b-all-7349-1-75md-d,b2b-all-7349-1-75md-d-3435,b2b-all-7349-1-75md-d-2039,freight-md-D-Diesel-Baseline,3196,-122.487718930007,46.94849525074738
b2b-all-7349-1-75md-d,b2b-all-7349-1-75md-d-3436,b2b-all-7349-1-75md-d-2040,freight-md-D-Diesel-Baseline,3196,-122.487718930007,46.94849525074738
b2b-all-7349-1-75md-d,b2b-all-7349-1-75md-d-3437,b2b-all-7349-1-75md-d-2041,freight-md-D-Diesel-Baseline,3196,-122.487718930007,46.94849525074738
b2b-all-7349-1-75md-d,b2b-all-7349-1-75md-d-3438,b2b-all-7349-1-75md-d-2042,freight-md-D-Diesel-Baseline,3196,-122.487718930007,46.94849525074738
b2b-all-7361-2-76hdt-d,b2b-all-7361-2-76hdt-d-3439,b2b-all-7361-2-76hdt-d-2067,freight-hdt-D-Diesel-Baseline,2920,-122.09062014010316,47.14351592739911
b2b-all-7361-2-76hdt-d,b2b-all-7361-2-76hdt-d-3440,b2b-all-7361-2-76hdt-d-2068,freight-hdt-D-Diesel-Baseline,2920,-122.09062014010316,47.14351592739911
b2b-all-737401-1-77md-d,b2b-all-737401-1-77md-d-3441,b2b-all-737401-1-77md-d-2079,freight-md-D-Diesel-Baseline,3075,-122.48791107717577,47.17189688672618
b2b-all-737401-1-77md-d,b2b-all-737401-1-77md-d-3442,b2b-all-737401-1-77md-d-2080,freight-md-D-Diesel-Baseline,3075,-122.48791107717577,47.17189688672618
b2b-all-7376641-3-78hdt-d,b2b-all-7376641-3-78hdt-d-3443,b2b-all-7376641-3-78hdt-d-2096,freight-hdt-D-Diesel-Baseline,3854,-122.3645144674494,48.26687162473969
b2b-all-7376641-3-78hdt-d,b2b-all-7376641-3-78hdt-d-3444,b2b-all-7376641-3-78hdt-d-2097,freight-hdt-D-Diesel-Baseline,3854,-122.3645144674494,48.26687162473969
b2b-all-7387199-3-79hdt-d-0,b2b-all-7387199-3-79hdt-d-0-3445,b2b-all-7387199-3-79hdt-d-0-2120,freight-hdt-D-Diesel-Baseline,5885,-123.12917480974409,44.98433170990787
b2b-all-7387199-3-79hdt-d-0,b2b-all-7387199-3-79hdt-d-0-3446,b2b-all-7387199-3-79hdt-d-0-2130,freight-hdt-D-Diesel-Baseline,5885,-123.12917480974409,44.98433170990787
b2b-all-7387199-3-79hdt-d-0,b2b-all-7387199-3-79hdt-d-0-3447,b2b-all-7387199-3-79hdt-d-0-2131,freight-hdt-D-Diesel-Baseline,5885,-123.12917480974409,44.98433170990787
b2b-all-7387199-3-79hdt-d-1,b2b-all-7387199-3-79hdt-d-1-3448,b2b-all-7387199-3-79hdt-d-1-2142,freight-hdt-D-Diesel-Baseline,5885,-123.12917480974409,44.98433170990787
b2b-all-7387199-3-79hdt-d-1,b2b-all-7387199-3-79hdt-d-1-3449,b2b-all-7387199-3-79hdt-d-1-2153,freight-hdt-D-Diesel-Baseline,5885,-123.12917480974409,44.98433170990787
b2b-all-7390660-1-80md-d,b2b-all-7390660-1-80md-d-3450,b2b-all-7390660-1-80md-d-2164,freight-md-D-Diesel-Baseline,5885,-123.12917480974409,44.98433170990787
b2b-all-7392190-1-81md-d,b2b-all-7392190-1-81md-d-3451,b2b-all-7392190-1-81md-d-2180,freight-md-D-Diesel-Baseline,2925,-122.02957071923194,47.165995128090685
b2b-all-7392190-1-82md-d,b2b-all-7392190-1-82md-d-3452,b2b-all-7392190-1-82md-d-2194,freight-md-D-Diesel-Baseline,2925,-122.02957071923194,47.165995128090685
b2b-all-7392190-1-82md-d,b2b-all-7392190-1-82md-d-3453,b2b-all-7392190-1-82md-d-2195,freight-md-D-Diesel-Baseline,2925,-122.02957071923194,47.165995128090685
b2b-all-7392190-1-82md-d,b2b-all-7392190-1-82md-d-3454,b2b-all-7392190-1-82md-d-2196,freight-md-D-Diesel-Baseline,2925,-122.02957071923194,47.165995128090685
b2b-all-7467619-2-83hdt-d,b2b-all-7467619-2-83hdt-d-3455,b2b-all-7467619-2-83hdt-d-2221,freight-hdt-D-Diesel-Baseline,5885,-123.12917480974409,44.98433170990787
b2b-all-7467619-2-83hdt-d,b2b-all-7467619-2-83hdt-d-3456,b2b-all-7467619-2-83hdt-d-2222,freight-hdt-D-Diesel-Baseline,5885,-123.12917480974409,44.98433170990787
b2b-all-7480562-2-84hdt-d,b2b-all-7480562-2-84hdt-d-3457,b2b-all-7480562-2-84hdt-d-2242,freight-hdt-D-Diesel-Baseline,3858,-122.33460113130307,48.27659681424254
b2b-all-7480562-2-84hdt-d,b2b-all-7480562-2-84hdt-d-3458,b2b-all-7480562-2-84hdt-d-2243,freight-hdt-D-Diesel-Baseline,3858,-122.33460113130307,48.27659681424254
b2b-all-749277-1-85hdt-d,b2b-all-749277-1-85hdt-d-3459,b2b-all-749277-1-85hdt-d-2259,freight-hdt-D-Diesel-Baseline,5897,-123.21550111052947,44.80748760973425
b2b-all-749318-2-86hdv-d,b2b-all-749318-2-86hdv-d-3460,b2b-all-749318-2-86hdv-d-2280,freight-hdv-D-Diesel-Baseline,5885,-123.12917480974409,44.98433170990787
b2b-all-752315-1-87md-d,b2b-all-752315-1-87md-d-3461,b2b-all-752315-1-87md-d-2285,freight-md-D-Diesel-Baseline,3037,-122.43709152835709,47.14737891640661
b2b-all-752315-1-87md-d,b2b-all-752315-1-87md-d-3462,b2b-all-752315-1-87md-d-2286,freight-md-D-Diesel-Baseline,3037,-122.43709152835709,47.14737891640661
b2b-all-756324-1-88md-d,b2b-all-756324-1-88md-d-3463,b2b-all-756324-1-88md-d-2302,freight-md-D-Diesel-Baseline,5897,-123.21550111052947,44.80748760973425
b2b-all-760196-1-89md-d,b2b-all-760196-1-89md-d-3464,b2b-all-760196-1-89md-d-2323,freight-md-D-Diesel-Baseline,2870,-122.48392618527107,47.23308894442216
b2b-all-760196-1-89md-d,b2b-all-760196-1-89md-d-3465,b2b-all-760196-1-89md-d-2324,freight-md-D-Diesel-Baseline,2870,-122.48392618527107,47.23308894442216
b2b-all-760196-1-89md-d,b2b-all-760196-1-89md-d-3466,b2b-all-760196-1-89md-d-2325,freight-md-D-Diesel-Baseline,2870,-122.48392618527107,47.23308894442216
b2b-all-760196-1-89md-d,b2b-all-760196-1-89md-d-3467,b2b-all-760196-1-89md-d-2326,freight-md-D-Diesel-Baseline,2870,-122.48392618527107,47.23308894442216
b2b-all-761280-1-90md-d,b2b-all-761280-1-90md-d-3468,b2b-all-761280-1-90md-d-2346,freight-md-D-Diesel-Baseline,3205,-122.47266831305922,46.8934296551068
b2b-all-761280-1-90md-d,b2b-all-761280-1-90md-d-3469,b2b-all-761280-1-90md-d-2347,freight-md-D-Diesel-Baseline,3205,-122.47266831305922,46.8934296551068
b2b-all-761280-1-90md-d,b2b-all-761280-1-90md-d-3470,b2b-all-761280-1-90md-d-2348,freight-md-D-Diesel-Baseline,3205,-122.47266831305922,46.8934296551068
b2b-all-761280-1-90md-d,b2b-all-761280-1-90md-d-3471,b2b-all-761280-1-90md-d-2349,freight-md-D-Diesel-Baseline,3205,-122.47266831305922,46.8934296551068
b2b-all-761280-1-90md-d,b2b-all-761280-1-90md-d-3472,b2b-all-761280-1-90md-d-2350,freight-md-D-Diesel-Baseline,3205,-122.47266831305922,46.8934296551068
b2b-all-761280-1-90md-d,b2b-all-761280-1-90md-d-3473,b2b-all-761280-1-90md-d-2351,freight-md-D-Diesel-Baseline,3205,-122.47266831305922,46.8934296551068
b2b-all-761372-1-91md-d,b2b-all-761372-1-91md-d-3474,b2b-all-761372-1-91md-d-2443,freight-md-D-Diesel-Baseline,3191,-122.48240942711132,47.05796598200305
b2b-all-761372-1-91md-d,b2b-all-761372-1-91md-d-3475,b2b-all-761372-1-91md-d-2444,freight-md-D-Diesel-Baseline,3191,-122.48240942711132,47.05796598200305
b2b-all-761372-1-91md-d,b2b-all-761372-1-91md-d-3476,b2b-all-761372-1-91md-d-2445,freight-md-D-Diesel-Baseline,3191,-122.48240942711132,47.05796598200305
b2b-all-761372-1-91md-d,b2b-all-761372-1-91md-d-3477,b2b-all-761372-1-91md-d-2446,freight-md-D-Diesel-Baseline,3191,-122.48240942711132,47.05796598200305
b2b-all-761372-1-91md-d,b2b-all-761372-1-91md-d-3478,b2b-all-761372-1-91md-d-2447,freight-md-D-Diesel-Baseline,3191,-122.48240942711132,47.05796598200305
b2b-all-761372-1-91md-d,b2b-all-761372-1-91md-d-3479,b2b-all-761372-1-91md-d-2448,freight-md-D-Diesel-Baseline,3191,-122.48240942711132,47.05796598200305
b2b-all-761372-1-91md-d,b2b-all-761372-1-91md-d-3480,b2b-all-761372-1-91md-d-2449,freight-md-D-Diesel-Baseline,3191,-122.48240942711132,47.05796598200305
b2b-all-761372-1-91md-d,b2b-all-761372-1-91md-d-3481,b2b-all-761372-1-91md-d-2450,freight-md-D-Diesel-Baseline,3191,-122.48240942711132,47.05796598200305
b2b-all-761372-1-91md-d,b2b-all-761372-1-91md-d-3482,b2b-all-761372-1-91md-d-2451,freight-md-D-Diesel-Baseline,3191,-122.48240942711132,47.05796598200305
b2b-all-761372-1-91md-d,b2b-all-761372-1-91md-d-3483,b2b-all-761372-1-91md-d-2452,freight-md-D-Diesel-Baseline,3191,-122.48240942711132,47.05796598200305
b2b-all-761372-1-91md-d,b2b-all-761372-1-91md-d-3484,b2b-all-761372-1-91md-d-2453,freight-md-D-Diesel-Baseline,3191,-122.48240942711132,47.05796598200305
b2b-all-761372-4-92hdv-d,b2b-all-761372-4-92hdv-d-3485,b2b-all-761372-4-92hdv-d-2532,freight-hdv-D-Diesel-Baseline,3191,-122.48240942711132,47.05796598200305
b2b-all-761372-4-92hdv-d,b2b-all-761372-4-92hdv-d-3486,b2b-all-761372-4-92hdv-d-2533,freight-hdv-D-Diesel-Baseline,3191,-122.48240942711132,47.05796598200305
b2b-all-761372-4-92hdv-d,b2b-all-761372-4-92hdv-d-3487,b2b-all-761372-4-92hdv-d-2534,freight-hdv-D-Diesel-Baseline,3191,-122.48240942711132,47.05796598200305
b2b-all-761372-4-92hdv-d,b2b-all-761372-4-92hdv-d-3488,b2b-all-761372-4-92hdv-d-2535,freight-hdv-D-Diesel-Baseline,3191,-122.48240942711132,47.05796598200305
b2b-all-761372-4-92hdv-d,b2b-all-761372-4-92hdv-d-3489,b2b-all-761372-4-92hdv-d-2536,freight-hdv-D-Diesel-Baseline,3191,-122.48240942711132,47.05796598200305
b2b-all-761372-4-92hdv-d,b2b-all-761372-4-92hdv-d-3490,b2b-all-761372-4-92hdv-d-2537,freight-hdv-D-Diesel-Baseline,3191,-122.48240942711132,47.05796598200305
b2b-all-761372-4-92hdv-d,b2b-all-761372-4-92hdv-d-3491,b2b-all-761372-4-92hdv-d-2538,freight-hdv-D-Diesel-Baseline,3191,-122.48240942711132,47.05796598200305
b2b-all-761372-4-92hdv-d,b2b-all-761372-4-92hdv-d-3492,b2b-all-761372-4-92hdv-d-2539,freight-hdv-D-Diesel-Baseline,3191,-122.48240942711132,47.05796598200305
b2b-all-761702-1-93md-d-0,b2b-all-761702-1-93md-d-0-3493,b2b-all-761702-1-93md-d-0-2540,freight-md-D-Diesel-Baseline,2873,-122.50477116740612,47.23969855074413
b2b-all-761702-1-93md-d-0,b2b-all-761702-1-93md-d-0-3494,b2b-all-761702-1-93md-d-0-2541,freight-md-D-Diesel-Baseline,2873,-122.50477116740612,47.23969855074413
b2b-all-761702-1-93md-d-0,b2b-all-761702-1-93md-d-0-3495,b2b-all-761702-1-93md-d-0-2542,freight-md-D-Diesel-Baseline,2873,-122.50477116740612,47.23969855074413
b2b-all-761702-1-93md-d-0,b2b-all-761702-1-93md-d-0-3496,b2b-all-761702-1-93md-d-0-2543,freight-md-D-Diesel-Baseline,2873,-122.50477116740612,47.23969855074413
b2b-all-761702-1-93md-d-0,b2b-all-761702-1-93md-d-0-3497,b2b-all-761702-1-93md-d-0-2544,freight-md-D-Diesel-Baseline,2873,-122.50477116740612,47.23969855074413
b2b-all-761702-1-93md-d-0,b2b-all-761702-1-93md-d-0-3498,b2b-all-761702-1-93md-d-0-2545,freight-md-D-Diesel-Baseline,2873,-122.50477116740612,47.23969855074413
b2b-all-761702-1-93md-d-0,b2b-all-761702-1-93md-d-0-3499,b2b-all-761702-1-93md-d-0-2546,freight-md-D-Diesel-Baseline,2873,-122.50477116740612,47.23969855074413
b2b-all-761702-1-93md-d-0,b2b-all-761702-1-93md-d-0-3500,b2b-all-761702-1-93md-d-0-2547,freight-md-D-Diesel-Baseline,2873,-122.50477116740612,47.23969855074413
b2b-all-761702-1-93md-d-0,b2b-all-761702-1-93md-d-0-3501,b2b-all-761702-1-93md-d-0-2548,freight-md-D-Diesel-Baseline,2873,-122.50477116740612,47.23969855074413
b2b-all-761702-1-93md-d-0,b2b-all-761702-1-93md-d-0-3502,b2b-all-761702-1-93md-d-0-2565,freight-md-D-Diesel-Baseline,2873,-122.50477116740612,47.23969855074413
b2b-all-761702-1-93md-d-0,b2b-all-761702-1-93md-d-0-3503,b2b-all-761702-1-93md-d-0-2566,freight-md-D-Diesel-Baseline,2873,-122.50477116740612,47.23969855074413
b2b-all-761702-1-93md-d-0,b2b-all-761702-1-93md-d-0-3504,b2b-all-761702-1-93md-d-0-2567,freight-md-D-Diesel-Baseline,2873,-122.50477116740612,47.23969855074413
b2b-all-761702-1-93md-d-0,b2b-all-761702-1-93md-d-0-3505,b2b-all-761702-1-93md-d-0-2568,freight-md-D-Diesel-Baseline,2873,-122.50477116740612,47.23969855074413
b2b-all-761702-1-93md-d-0,b2b-all-761702-1-93md-d-0-3506,b2b-all-761702-1-93md-d-0-2569,freight-md-D-Diesel-Baseline,2873,-122.50477116740612,47.23969855074413
b2b-all-761702-1-93md-d-0,b2b-all-761702-1-93md-d-0-3507,b2b-all-761702-1-93md-d-0-2570,freight-md-D-Diesel-Baseline,2873,-122.50477116740612,47.23969855074413
b2b-all-761702-1-93md-d-0,b2b-all-761702-1-93md-d-0-3508,b2b-all-761702-1-93md-d-0-2571,freight-md-D-Diesel-Baseline,2873,-122.50477116740612,47.23969855074413
b2b-all-761702-1-93md-d-0,b2b-all-761702-1-93md-d-0-3509,b2b-all-761702-1-93md-d-0-2572,freight-md-D-Diesel-Baseline,2873,-122.50477116740612,47.23969855074413
b2b-all-761702-1-93md-d-0,b2b-all-761702-1-93md-d-0-3510,b2b-all-761702-1-93md-d-0-2573,freight-md-D-Diesel-Baseline,2873,-122.50477116740612,47.23969855074413
b2b-all-761702-1-93md-d-0,b2b-all-761702-1-93md-d-0-3511,b2b-all-761702-1-93md-d-0-2574,freight-md-D-Diesel-Baseline,2873,-122.50477116740612,47.23969855074413
b2b-all-761702-1-93md-d-0,b2b-all-761702-1-93md-d-0-3512,b2b-all-761702-1-93md-d-0-2575,freight-md-D-Diesel-Baseline,2873,-122.50477116740612,47.23969855074413
b2b-all-761702-1-93md-d-1,b2b-all-761702-1-93md-d-1-3513,b2b-all-761702-1-93md-d-1-2627,freight-md-D-Diesel-Baseline,2873,-122.50477116740612,47.23969855074413
b2b-all-761702-1-93md-d-1,b2b-all-761702-1-93md-d-1-3514,b2b-all-761702-1-93md-d-1-2628,freight-md-D-Diesel-Baseline,2873,-122.50477116740612,47.23969855074413
b2b-all-761702-1-93md-d-1,b2b-all-761702-1-93md-d-1-3515,b2b-all-761702-1-93md-d-1-2629,freight-md-D-Diesel-Baseline,2873,-122.50477116740612,47.23969855074413
b2b-all-761702-1-93md-d-1,b2b-all-761702-1-93md-d-1-3516,b2b-all-761702-1-93md-d-1-2630,freight-md-D-Diesel-Baseline,2873,-122.50477116740612,47.23969855074413
b2b-all-761702-1-93md-d-1,b2b-all-761702-1-93md-d-1-3517,b2b-all-761702-1-93md-d-1-2631,freight-md-D-Diesel-Baseline,2873,-122.50477116740612,47.23969855074413
b2b-all-761702-1-93md-d-1,b2b-all-761702-1-93md-d-1-3518,b2b-all-761702-1-93md-d-1-2632,freight-md-D-Diesel-Baseline,2873,-122.50477116740612,47.23969855074413
b2b-all-761702-1-93md-d-1,b2b-all-761702-1-93md-d-1-3519,b2b-all-761702-1-93md-d-1-2633,freight-md-D-Diesel-Baseline,2873,-122.50477116740612,47.23969855074413
b2b-all-761702-1-94hdt-d,b2b-all-761702-1-94hdt-d-3520,b2b-all-761702-1-94hdt-d-2692,freight-hdt-D-Diesel-Baseline,2873,-122.50477116740612,47.23969855074413
b2b-all-761702-1-94hdv-d,b2b-all-761702-1-94hdv-d-3521,b2b-all-761702-1-94hdv-d-2770,freight-hdv-D-Diesel-Baseline,2873,-122.50477116740612,47.23969855074413
b2b-all-761702-1-94hdv-d,b2b-all-761702-1-94hdv-d-3522,b2b-all-761702-1-94hdv-d-2771,freight-hdv-D-Diesel-Baseline,2873,-122.50477116740612,47.23969855074413
b2b-all-761702-2-95md-d,b2b-all-761702-2-95md-d-3523,b2b-all-761702-2-95md-d-2772,freight-md-D-Diesel-Baseline,2873,-122.50477116740612,47.23969855074413
b2b-all-761702-2-95md-d,b2b-all-761702-2-95md-d-3524,b2b-all-761702-2-95md-d-2774,freight-md-D-Diesel-Baseline,2873,-122.50477116740612,47.23969855074413
b2b-all-761702-2-95md-d,b2b-all-761702-2-95md-d-3525,b2b-all-761702-2-95md-d-2775,freight-md-D-Diesel-Baseline,2873,-122.50477116740612,47.23969855074413
b2b-all-761702-2-95md-d,b2b-all-761702-2-95md-d-3526,b2b-all-761702-2-95md-d-2784,freight-md-D-Diesel-Baseline,2873,-122.50477116740612,47.23969855074413
b2b-all-761702-2-95md-d,b2b-all-761702-2-95md-d-3527,b2b-all-761702-2-95md-d-2785,freight-md-D-Diesel-Baseline,2873,-122.50477116740612,47.23969855074413
b2b-all-761702-2-95hdt-d,b2b-all-761702-2-95hdt-d-3528,b2b-all-761702-2-95hdt-d-2853,freight-hdt-D-Diesel-Baseline,2873,-122.50477116740612,47.23969855074413
b2b-all-761702-2-95hdt-d,b2b-all-761702-2-95hdt-d-3529,b2b-all-761702-2-95hdt-d-2854,freight-hdt-D-Diesel-Baseline,2873,-122.50477116740612,47.23969855074413
b2b-all-761702-2-95hdt-d,b2b-all-761702-2-95hdt-d-3530,b2b-all-761702-2-95hdt-d-2855,freight-hdt-D-Diesel-Baseline,2873,-122.50477116740612,47.23969855074413
b2b-all-761702-2-95hdv-d,b2b-all-761702-2-95hdv-d-3531,b2b-all-761702-2-95hdv-d-2918,freight-hdv-D-Diesel-Baseline,2873,-122.50477116740612,47.23969855074413
b2b-all-761702-2-95hdv-d,b2b-all-761702-2-95hdv-d-3532,b2b-all-761702-2-95hdv-d-2919,freight-hdv-D-Diesel-Baseline,2873,-122.50477116740612,47.23969855074413
b2b-all-761702-2-95hdv-d,b2b-all-761702-2-95hdv-d-3533,b2b-all-761702-2-95hdv-d-2920,freight-hdv-D-Diesel-Baseline,2873,-122.50477116740612,47.23969855074413
b2b-all-761702-2-95hdv-d,b2b-all-761702-2-95hdv-d-3534,b2b-all-761702-2-95hdv-d-2921,freight-hdv-D-Diesel-Baseline,2873,-122.50477116740612,47.23969855074413
b2b-all-761702-2-95hdv-d,b2b-all-761702-2-95hdv-d-3535,b2b-all-761702-2-95hdv-d-2922,freight-hdv-D-Diesel-Baseline,2873,-122.50477116740612,47.23969855074413
b2b-all-761702-2-95hdv-d,b2b-all-761702-2-95hdv-d-3536,b2b-all-761702-2-95hdv-d-2923,freight-hdv-D-Diesel-Baseline,2873,-122.50477116740612,47.23969855074413
b2b-all-761702-2-95hdv-d,b2b-all-761702-2-95hdv-d-3537,b2b-all-761702-2-95hdv-d-2924,freight-hdv-D-Diesel-Baseline,2873,-122.50477116740612,47.23969855074413
b2b-all-761702-2-95hdv-d,b2b-all-761702-2-95hdv-d-3538,b2b-all-761702-2-95hdv-d-2925,freight-hdv-D-Diesel-Baseline,2873,-122.50477116740612,47.23969855074413
b2b-all-761702-2-95hdv-d,b2b-all-761702-2-95hdv-d-3539,b2b-all-761702-2-95hdv-d-2926,freight-hdv-D-Diesel-Baseline,2873,-122.50477116740612,47.23969855074413
b2b-all-761702-2-95hdv-d,b2b-all-761702-2-95hdv-d-3540,b2b-all-761702-2-95hdv-d-2927,freight-hdv-D-Diesel-Baseline,2873,-122.50477116740612,47.23969855074413
b2b-all-761702-2-96hdt-d,b2b-all-761702-2-96hdt-d-3541,b2b-all-761702-2-96hdt-d-2952,freight-hdt-D-Diesel-Baseline,2873,-122.50477116740612,47.23969855074413
b2b-all-761702-2-96hdt-d,b2b-all-761702-2-96hdt-d-3542,b2b-all-761702-2-96hdt-d-2953,freight-hdt-D-Diesel-Baseline,2873,-122.50477116740612,47.23969855074413
b2b-all-761702-2-96hdt-d,b2b-all-761702-2-96hdt-d-3543,b2b-all-761702-2-96hdt-d-2954,freight-hdt-D-Diesel-Baseline,2873,-122.50477116740612,47.23969855074413
b2b-all-761702-2-96hdt-d,b2b-all-761702-2-96hdt-d-3544,b2b-all-761702-2-96hdt-d-2955,freight-hdt-D-Diesel-Baseline,2873,-122.50477116740612,47.23969855074413
b2b-all-761702-2-96hdt-d,b2b-all-761702-2-96hdt-d-3545,b2b-all-761702-2-96hdt-d-2956,freight-hdt-D-Diesel-Baseline,2873,-122.50477116740612,47.23969855074413
b2b-all-761702-2-96hdt-d,b2b-all-761702-2-96hdt-d-3546,b2b-all-761702-2-96hdt-d-2957,freight-hdt-D-Diesel-Baseline,2873,-122.50477116740612,47.23969855074413
b2b-all-761702-2-96hdt-d,b2b-all-761702-2-96hdt-d-3547,b2b-all-761702-2-96hdt-d-2958,freight-hdt-D-Diesel-Baseline,2873,-122.50477116740612,47.23969855074413
b2b-all-761702-2-96hdt-d,b2b-all-761702-2-96hdt-d-3548,b2b-all-761702-2-96hdt-d-2959,freight-hdt-D-Diesel-Baseline,2873,-122.50477116740612,47.23969855074413
b2b-all-761702-2-96hdv-d,b2b-all-761702-2-96hdv-d-3549,b2b-all-761702-2-96hdv-d-3031,freight-hdv-D-Diesel-Baseline,2873,-122.50477116740612,47.23969855074413
b2b-all-762125-2-97hdt-d,b2b-all-762125-2-97hdt-d-3550,b2b-all-762125-2-97hdt-d-3037,freight-hdt-D-Diesel-Baseline,3191,-122.48240942711132,47.05796598200305
b2b-all-762125-2-97hdt-d,b2b-all-762125-2-97hdt-d-3551,b2b-all-762125-2-97hdt-d-3044,freight-hdt-D-Diesel-Baseline,3191,-122.48240942711132,47.05796598200305
b2b-all-765998-3-98hdt-d,b2b-all-765998-3-98hdt-d-3552,b2b-all-765998-3-98hdt-d-3061,freight-hdt-D-Diesel-Baseline,5885,-123.12917480974409,44.98433170990787
b2b-all-768217-3-99hdv-d,b2b-all-768217-3-99hdv-d-3553,b2b-all-768217-3-99hdv-d-3083,freight-hdv-D-Diesel-Baseline,2869,-122.47892412408694,47.224793539923866
b2b-all-768217-3-99hdv-d,b2b-all-768217-3-99hdv-d-3554,b2b-all-768217-3-99hdv-d-3084,freight-hdv-D-Diesel-Baseline,2869,-122.47892412408694,47.224793539923866
b2b-all-768218-2-100hdv-d,b2b-all-768218-2-100hdv-d-3555,b2b-all-768218-2-100hdv-d-3104,freight-hdv-D-Diesel-Baseline,2832,-122.45185435901708,47.267861918357134
b2b-all-773084-4-101hdv-d,b2b-all-773084-4-101hdv-d-3556,b2b-all-773084-4-101hdv-d-3121,freight-hdv-D-Diesel-Baseline,5897,-123.21550111052947,44.80748760973425
b2b-all-774001-1-102md-d,b2b-all-774001-1-102md-d-3557,b2b-all-774001-1-102md-d-3122,freight-md-D-Diesel-Baseline,3075,-122.49077891080876,47.17587428222127
b2b-all-774461-2-103hdt-d,b2b-all-774461-2-103hdt-d-3558,b2b-all-774461-2-103hdt-d-3156,freight-hdt-D-Diesel-Baseline,2836,-122.4401002557824,47.256976321832894
b2b-all-774461-2-103hdt-d,b2b-all-774461-2-103hdt-d-3559,b2b-all-774461-2-103hdt-d-3157,freight-hdt-D-Diesel-Baseline,2836,-122.4401002557824,47.256976321832894
b2b-all-774461-4-104hdt-d,b2b-all-774461-4-104hdt-d-3560,b2b-all-774461-4-104hdt-d-3178,freight-hdt-D-Diesel-Baseline,2836,-122.4401002557824,47.256976321832894
b2b-all-774461-4-104hdv-d,b2b-all-774461-4-104hdv-d-3561,b2b-all-774461-4-104hdv-d-3215,freight-hdv-D-Diesel-Baseline,2836,-122.4401002557824,47.256976321832894
b2b-all-774461-4-104hdv-d,b2b-all-774461-4-104hdv-d-3562,b2b-all-774461-4-104hdv-d-3216,freight-hdv-D-Diesel-Baseline,2836,-122.4401002557824,47.256976321832894
b2b-all-780043-1-105md-d,b2b-all-780043-1-105md-d-3563,b2b-all-780043-1-105md-d-3217,freight-md-D-Diesel-Baseline,3232,-122.2966072202509,47.13090285781808
b2b-all-780043-1-105md-d,b2b-all-780043-1-105md-d-3564,b2b-all-780043-1-105md-d-3218,freight-md-D-Diesel-Baseline,3232,-122.2966072202509,47.13090285781808
b2b-all-780043-1-105md-d,b2b-all-780043-1-105md-d-3565,b2b-all-780043-1-105md-d-3219,freight-md-D-Diesel-Baseline,3232,-122.2966072202509,47.13090285781808
b2b-all-780043-1-105md-d,b2b-all-780043-1-105md-d-3566,b2b-all-780043-1-105md-d-3220,freight-md-D-Diesel-Baseline,3232,-122.2966072202509,47.13090285781808
b2b-all-780043-1-105md-d,b2b-all-780043-1-105md-d-3567,b2b-all-780043-1-105md-d-3221,freight-md-D-Diesel-Baseline,3232,-122.2966072202509,47.13090285781808
b2b-all-780043-1-105md-d,b2b-all-780043-1-105md-d-3568,b2b-all-780043-1-105md-d-3231,freight-md-D-Diesel-Baseline,3232,-122.2966072202509,47.13090285781808
b2b-all-784001-2-106hdt-d,b2b-all-784001-2-106hdt-d-3569,b2b-all-784001-2-106hdt-d-3256,freight-hdt-D-Diesel-Baseline,2996,-122.36073069740124,47.145699411313885
b2b-all-784001-2-106hdt-d,b2b-all-784001-2-106hdt-d-3570,b2b-all-784001-2-106hdt-d-3257,freight-hdt-D-Diesel-Baseline,2996,-122.36073069740124,47.145699411313885
b2b-all-787170-2-107hdt-d,b2b-all-787170-2-107hdt-d-3571,b2b-all-787170-2-107hdt-d-3274,freight-hdt-D-Diesel-Baseline,3184,-122.66808420396303,47.10635009599398
b2b-all-795446-1-108md-d,b2b-all-795446-1-108md-d-3572,b2b-all-795446-1-108md-d-3288,freight-md-D-Diesel-Baseline,3253,-122.24075335368812,47.20755935071555
b2b-all-795446-1-108md-d,b2b-all-795446-1-108md-d-3573,b2b-all-795446-1-108md-d-3289,freight-md-D-Diesel-Baseline,3253,-122.24075335368812,47.20755935071555
b2b-all-795446-1-108md-d,b2b-all-795446-1-108md-d-3574,b2b-all-795446-1-108md-d-3290,freight-md-D-Diesel-Baseline,3253,-122.24075335368812,47.20755935071555
b2b-all-795446-1-108md-d,b2b-all-795446-1-108md-d-3575,b2b-all-795446-1-108md-d-3291,freight-md-D-Diesel-Baseline,3253,-122.24075335368812,47.20755935071555
b2b-all-795446-1-109md-d,b2b-all-795446-1-109md-d-3576,b2b-all-795446-1-109md-d-3313,freight-md-D-Diesel-Baseline,3253,-122.24075335368812,47.20755935071555
b2b-all-795448-2-110hdt-d,b2b-all-795448-2-110hdt-d-3577,b2b-all-795448-2-110hdt-d-3334,freight-hdt-D-Diesel-Baseline,2756,-122.37415484616864,47.26345207226818
b2b-all-814130-1-111md-d,b2b-all-814130-1-111md-d-3578,b2b-all-814130-1-111md-d-3345,freight-md-D-Diesel-Baseline,3066,-122.48504016959086,47.18157708024401
b2b-all-821923-1-112md-d,b2b-all-821923-1-112md-d-3579,b2b-all-821923-1-112md-d-3362,freight-md-D-Diesel-Baseline,3858,-122.33460113130307,48.27659681424254
b2b-all-8275344-1-113md-d,b2b-all-8275344-1-113md-d-3580,b2b-all-8275344-1-113md-d-3373,freight-md-D-Diesel-Baseline,2766,-122.46977896253355,47.27245669074573
b2b-all-8275344-1-113md-d,b2b-all-8275344-1-113md-d-3581,b2b-all-8275344-1-113md-d-3374,freight-md-D-Diesel-Baseline,2766,-122.46977896253355,47.27245669074573
b2b-all-8275344-1-113md-d,b2b-all-8275344-1-113md-d-3582,b2b-all-8275344-1-113md-d-3375,freight-md-D-Diesel-Baseline,2766,-122.46977896253355,47.27245669074573
b2b-all-8275344-1-113md-d,b2b-all-8275344-1-113md-d-3583,b2b-all-8275344-1-113md-d-3385,freight-md-D-Diesel-Baseline,2766,-122.46977896253355,47.27245669074573
b2b-all-8275344-1-114md-d,b2b-all-8275344-1-114md-d-3584,b2b-all-8275344-1-114md-d-3396,freight-md-D-Diesel-Baseline,2766,-122.46977896253355,47.27245669074573
b2b-all-8276514-1-115hdt-d,b2b-all-8276514-1-115hdt-d-3585,b2b-all-8276514-1-115hdt-d-3433,freight-hdt-D-Diesel-Baseline,5885,-123.12917480974409,44.98433170990787
b2b-all-830168-1-116hdv-d,b2b-all-830168-1-116hdv-d-3586,b2b-all-830168-1-116hdv-d-3454,freight-hdv-D-Diesel-Baseline,3252,-122.24273768666222,47.24999478404594
b2b-all-831445-1-117md-d,b2b-all-831445-1-117md-d-3587,b2b-all-831445-1-117md-d-3463,freight-md-D-Diesel-Baseline,5885,-123.12917480974409,44.98433170990787
b2b-all-831932-2-118hdt-d,b2b-all-831932-2-118hdt-d-3588,b2b-all-831932-2-118hdt-d-3485,freight-hdt-D-Diesel-Baseline,2393,-122.64942584286962,47.80224015484186
b2b-all-831932-3-119hdv-d,b2b-all-831932-3-119hdv-d-3589,b2b-all-831932-3-119hdv-d-3501,freight-hdv-D-Diesel-Baseline,2393,-122.64942584286962,47.80224015484186
b2b-all-837243-3-120hdv-d,b2b-all-837243-3-120hdv-d-3590,b2b-all-837243-3-120hdv-d-3519,freight-hdv-D-Diesel-Baseline,3191,-122.48240942711132,47.05796598200305
b2b-all-853191-1-121md-d,b2b-all-853191-1-121md-d-3591,b2b-all-853191-1-121md-d-3536,freight-md-D-Diesel-Baseline,5896,-123.29940370469836,44.766457367506206
b2b-all-853193-2-122hdt-d,b2b-all-853193-2-122hdt-d-3592,b2b-all-853193-2-122hdt-d-3558,freight-hdt-D-Diesel-Baseline,5879,-123.04362483193276,44.94821565940063
b2b-all-853598-3-123hdv-d,b2b-all-853598-3-123hdv-d-3593,b2b-all-853598-3-123hdv-d-3579,freight-hdv-D-Diesel-Baseline,5885,-123.12917480974409,44.98433170990787
b2b-all-853599-2-124hdv-d,b2b-all-853599-2-124hdv-d-3594,b2b-all-853599-2-124hdv-d-3595,freight-hdv-D-Diesel-Baseline,5885,-123.12917480974409,44.98433170990787
b2b-all-853600-2-125hdv-d,b2b-all-853600-2-125hdv-d-3595,b2b-all-853600-2-125hdv-d-3611,freight-hdv-D-Diesel-Baseline,5885,-123.12917480974409,44.98433170990787
b2b-all-853675-3-126hdv-d,b2b-all-853675-3-126hdv-d-3596,b2b-all-853675-3-126hdv-d-3627,freight-hdv-D-Diesel-Baseline,3854,-122.3645144674494,48.26687162473969
b2b-all-854076-4-127hdv-d,b2b-all-854076-4-127hdv-d-3597,b2b-all-854076-4-127hdv-d-3643,freight-hdv-D-Diesel-Baseline,5885,-123.12917480974409,44.98433170990787
b2b-all-863201-2-128hdv-d,b2b-all-863201-2-128hdv-d-3598,b2b-all-863201-2-128hdv-d-3659,freight-hdv-D-Diesel-Baseline,3284,-122.3380669506403,47.2197741790927
b2b-all-866920-1-129hdt-d,b2b-all-866920-1-129hdt-d-3599,b2b-all-866920-1-129hdt-d-3670,freight-hdt-D-Diesel-Baseline,3249,-122.21533951896107,46.81686372490184
b2b-all-866920-1-130hdt-d,b2b-all-866920-1-130hdt-d-3600,b2b-all-866920-1-130hdt-d-3686,freight-hdt-D-Diesel-Baseline,3249,-122.21533951896107,46.81686372490184
b2b-all-871850-1-131hdt-d,b2b-all-871850-1-131hdt-d-3601,b2b-all-871850-1-131hdt-d-3702,freight-hdt-D-Diesel-Baseline,2386,-122.55991639490988,47.886230772663865
b2b-all-871859-1-132hdv-d-0,b2b-all-871859-1-132hdv-d-0-3602,b2b-all-871859-1-132hdv-d-0-3718,freight-hdv-D-Diesel-Baseline,2925,-122.02504967717223,47.173466991434566
b2b-all-871859-1-132hdv-d-0,b2b-all-871859-1-132hdv-d-0-3603,b2b-all-871859-1-132hdv-d-0-3722,freight-hdv-D-Diesel-Baseline,2925,-122.02504967717223,47.173466991434566
b2b-all-871859-1-132hdv-d-0,b2b-all-871859-1-132hdv-d-0-3604,b2b-all-871859-1-132hdv-d-0-3723,freight-hdv-D-Diesel-Baseline,2925,-122.02504967717223,47.173466991434566
b2b-all-871859-1-132hdv-d-1,b2b-all-871859-1-132hdv-d-1-3605,b2b-all-871859-1-132hdv-d-1-3739,freight-hdv-D-Diesel-Baseline,2925,-122.02504967717223,47.173466991434566
b2b-all-871859-1-133hdv-d,b2b-all-871859-1-133hdv-d-3606,b2b-all-871859-1-133hdv-d-3751,freight-hdv-D-Diesel-Baseline,2925,-122.02504967717223,47.173466991434566
b2b-all-871859-1-133hdv-d,b2b-all-871859-1-133hdv-d-3607,b2b-all-871859-1-133hdv-d-3752,freight-hdv-D-Diesel-Baseline,2925,-122.02504967717223,47.173466991434566
b2b-all-871859-1-133hdv-d,b2b-all-871859-1-133hdv-d-3608,b2b-all-871859-1-133hdv-d-3753,freight-hdv-D-Diesel-Baseline,2925,-122.02504967717223,47.173466991434566
b2b-all-871859-1-133hdv-d,b2b-all-871859-1-133hdv-d-3609,b2b-all-871859-1-133hdv-d-3754,freight-hdv-D-Diesel-Baseline,2925,-122.02504967717223,47.173466991434566
b2b-all-871859-1-133hdv-d,b2b-all-871859-1-133hdv-d-3610,b2b-all-871859-1-133hdv-d-3755,freight-hdv-D-Diesel-Baseline,2925,-122.02504967717223,47.173466991434566
b2b-all-871865-1-134md-d,b2b-all-871865-1-134md-d-3611,b2b-all-871865-1-134md-d-3756,freight-md-D-Diesel-Baseline,3191,-122.48240942711132,47.05796598200305
b2b-all-871865-1-134md-d,b2b-all-871865-1-134md-d-3612,b2b-all-871865-1-134md-d-3761,freight-md-D-Diesel-Baseline,3191,-122.48240942711132,47.05796598200305
b2b-all-878082-1-135hdt-d,b2b-all-878082-1-135hdt-d-3613,b2b-all-878082-1-135hdt-d-3786,freight-hdt-D-Diesel-Baseline,3250,-122.22413055262804,47.21396519220436
b2b-all-878082-1-135hdv-d,b2b-all-878082-1-135hdv-d-3614,b2b-all-878082-1-135hdv-d-3821,freight-hdv-D-Diesel-Baseline,3250,-122.22413055262804,47.21396519220436
b2b-all-882351-1-136md-d,b2b-all-882351-1-136md-d-3615,b2b-all-882351-1-136md-d-3831,freight-md-D-Diesel-Baseline,5885,-123.12917480974409,44.98433170990787
b2b-all-890626-4-137hdv-d,b2b-all-890626-4-137hdv-d-3616,b2b-all-890626-4-137hdv-d-3858,freight-hdv-D-Diesel-Baseline,5885,-123.12917480974409,44.98433170990787
b2b-all-891261-3-138hdv-d-0,b2b-all-891261-3-138hdv-d-0-3617,b2b-all-891261-3-138hdv-d-0-3869,freight-hdv-D-Diesel-Baseline,2869,-122.46453958686809,47.21541666094596
b2b-all-891261-3-138hdv-d-0,b2b-all-891261-3-138hdv-d-0-3618,b2b-all-891261-3-138hdv-d-0-3873,freight-hdv-D-Diesel-Baseline,2869,-122.46453958686809,47.21541666094596
b2b-all-891261-3-138hdv-d-0,b2b-all-891261-3-138hdv-d-0-3619,b2b-all-891261-3-138hdv-d-0-3874,freight-hdv-D-Diesel-Baseline,2869,-122.46453958686809,47.21541666094596
b2b-all-891261-3-138hdv-d-1,b2b-all-891261-3-138hdv-d-1-3620,b2b-all-891261-3-138hdv-d-1-3885,freight-hdv-D-Diesel-Baseline,2869,-122.46453958686809,47.21541666094596
b2b-all-891261-3-138hdv-d-1,b2b-all-891261-3-138hdv-d-1-3621,b2b-all-891261-3-138hdv-d-1-3889,freight-hdv-D-Diesel-Baseline,2869,-122.46453958686809,47.21541666094596
b2b-all-891261-3-138hdv-d-1,b2b-all-891261-3-138hdv-d-1-3622,b2b-all-891261-3-138hdv-d-1-3890,freight-hdv-D-Diesel-Baseline,2869,-122.46453958686809,47.21541666094596
b2b-all-891261-3-138hdv-d-2,b2b-all-891261-3-138hdv-d-2-3623,b2b-all-891261-3-138hdv-d-2-3901,freight-hdv-D-Diesel-Baseline,2869,-122.46453958686809,47.21541666094596
b2b-all-891261-3-138hdv-d-2,b2b-all-891261-3-138hdv-d-2-3624,b2b-all-891261-3-138hdv-d-2-3905,freight-hdv-D-Diesel-Baseline,2869,-122.46453958686809,47.21541666094596
b2b-all-891261-3-138hdv-d-2,b2b-all-891261-3-138hdv-d-2-3625,b2b-all-891261-3-138hdv-d-2-3906,freight-hdv-D-Diesel-Baseline,2869,-122.46453958686809,47.21541666094596
b2b-all-891261-3-138hdv-d-3,b2b-all-891261-3-138hdv-d-3-3626,b2b-all-891261-3-138hdv-d-3-3917,freight-hdv-D-Diesel-Baseline,2869,-122.46453958686809,47.21541666094596
b2b-all-891261-3-138hdv-d-3,b2b-all-891261-3-138hdv-d-3-3627,b2b-all-891261-3-138hdv-d-3-3921,freight-hdv-D-Diesel-Baseline,2869,-122.46453958686809,47.21541666094596
b2b-all-891261-3-138hdv-d-3,b2b-all-891261-3-138hdv-d-3-3628,b2b-all-891261-3-138hdv-d-3-3922,freight-hdv-D-Diesel-Baseline,2869,-122.46453958686809,47.21541666094596
b2b-all-891261-3-138hdv-d-4,b2b-all-891261-3-138hdv-d-4-3629,b2b-all-891261-3-138hdv-d-4-3938,freight-hdv-D-Diesel-Baseline,2869,-122.46453958686809,47.21541666094596
b2b-all-891261-3-139hdv-d,b2b-all-891261-3-139hdv-d-3630,b2b-all-891261-3-139hdv-d-3954,freight-hdv-D-Diesel-Baseline,2869,-122.46453958686809,47.21541666094596
b2b-all-891263-1-140hdt-d,b2b-all-891263-1-140hdt-d-3631,b2b-all-891263-1-140hdt-d-3965,freight-hdt-D-Diesel-Baseline,3210,-122.23848076685503,47.14555393776515
b2b-all-891266-2-141hdv-d,b2b-all-891266-2-141hdv-d-3632,b2b-all-891266-2-141hdv-d-3981,freight-hdv-D-Diesel-Baseline,2836,-122.43990061247324,47.25283792911174
b2b-all-891266-2-141hdv-d,b2b-all-891266-2-141hdv-d-3633,b2b-all-891266-2-141hdv-d-3987,freight-hdv-D-Diesel-Baseline,2836,-122.43990061247324,47.25283792911174
b2b-all-21805771-0hdt-d-0,b2b-all-21805771-0hdt-d-0-3634,b2b-all-21805771-0hdt-d-0-3993,freight-hdt-D-Diesel-Baseline,3455,-122.30768468413044,47.9372242090533
b2b-all-21805771-0hdt-d-0,b2b-all-21805771-0hdt-d-0-3635,b2b-all-21805771-0hdt-d-0-3994,freight-hdt-D-Diesel-Baseline,3455,-122.30768468413044,47.9372242090533
b2b-all-21805771-0hdt-d-0,b2b-all-21805771-0hdt-d-0-3636,b2b-all-21805771-0hdt-d-0-3995,freight-hdt-D-Diesel-Baseline,3455,-122.30768468413044,47.9372242090533
b2b-all-21805771-0hdt-d-0,b2b-all-21805771-0hdt-d-0-3637,b2b-all-21805771-0hdt-d-0-3996,freight-hdt-D-Diesel-Baseline,3455,-122.30768468413044,47.9372242090533
b2b-all-21805771-0hdt-d-0,b2b-all-21805771-0hdt-d-0-3638,b2b-all-21805771-0hdt-d-0-3997,freight-hdt-D-Diesel-Baseline,3455,-122.30768468413044,47.9372242090533
b2b-all-21805771-0hdt-d-0,b2b-all-21805771-0hdt-d-0-3639,b2b-all-21805771-0hdt-d-0-3998,freight-hdt-D-Diesel-Baseline,3455,-122.30768468413044,47.9372242090533
b2b-all-21805771-0hdt-d-0,b2b-all-21805771-0hdt-d-0-3640,b2b-all-21805771-0hdt-d-0-3999,freight-hdt-D-Diesel-Baseline,3455,-122.30768468413044,47.9372242090533
b2b-all-21805771-0hdt-d-0,b2b-all-21805771-0hdt-d-0-3641,b2b-all-21805771-0hdt-d-0-4000,freight-hdt-D-Diesel-Baseline,3455,-122.30768468413044,47.9372242090533
b2b-all-21805771-0hdt-d-1,b2b-all-21805771-0hdt-d-1-3642,b2b-all-21805771-0hdt-d-1-4011,freight-hdt-D-Diesel-Baseline,3455,-122.30768468413044,47.9372242090533
b2b-all-21805771-1hdt-d,b2b-all-21805771-1hdt-d-3643,b2b-all-21805771-1hdt-d-4034,freight-hdt-D-Diesel-Baseline,3455,-122.30768468413044,47.9372242090533
b2b-all-21805771-1hdt-d,b2b-all-21805771-1hdt-d-3644,b2b-all-21805771-1hdt-d-4035,freight-hdt-D-Diesel-Baseline,3455,-122.30768468413044,47.9372242090533
b2b-all-21805771-1hdt-d,b2b-all-21805771-1hdt-d-3645,b2b-all-21805771-1hdt-d-4036,freight-hdt-D-Diesel-Baseline,3455,-122.30768468413044,47.9372242090533
b2b-all-21806671-2hdt-d,b2b-all-21806671-2hdt-d-3646,b2b-all-21806671-2hdt-d-4047,freight-hdt-D-Diesel-Baseline,2166,-122.1191313812878,47.48977100718738
b2b-all-21806671-2hdt-d,b2b-all-21806671-2hdt-d-3647,b2b-all-21806671-2hdt-d-4053,freight-hdt-D-Diesel-Baseline,2166,-122.1191313812878,47.48977100718738
b2b-all-21806671-2hdt-d,b2b-all-21806671-2hdt-d-3648,b2b-all-21806671-2hdt-d-4047,freight-hdt-D-Diesel-Baseline,2166,-122.1191313812878,47.48977100718738
b2b-all-21806671-2hdt-d,b2b-all-21806671-2hdt-d-3649,b2b-all-21806671-2hdt-d-4048,freight-hdt-D-Diesel-Baseline,2166,-122.1191313812878,47.48977100718738
b2b-all-21806671-2hdt-d,b2b-all-21806671-2hdt-d-3650,b2b-all-21806671-2hdt-d-4051,freight-hdt-D-Diesel-Baseline,2166,-122.1191313812878,47.48977100718738
b2b-all-21806671-2hdt-d,b2b-all-21806671-2hdt-d-3651,b2b-all-21806671-2hdt-d-4052,freight-hdt-D-Diesel-Baseline,2166,-122.1191313812878,47.48977100718738
b2b-all-21809851-3hdt-d-0,b2b-all-21809851-3hdt-d-0-3652,b2b-all-21809851-3hdt-d-0-4065,freight-hdt-D-Diesel-Baseline,2128,-121.69744610643237,47.16798796331104
b2b-all-21809851-3hdt-d-0,b2b-all-21809851-3hdt-d-0-3653,b2b-all-21809851-3hdt-d-0-4066,freight-hdt-D-Diesel-Baseline,2128,-121.69744610643237,47.16798796331104
b2b-all-21809851-3hdt-d-0,b2b-all-21809851-3hdt-d-0-3654,b2b-all-21809851-3hdt-d-0-4067,freight-hdt-D-Diesel-Baseline,2128,-121.69744610643237,47.16798796331104
b2b-all-21809851-3hdt-d-0,b2b-all-21809851-3hdt-d-0-3655,b2b-all-21809851-3hdt-d-0-4075,freight-hdt-D-Diesel-Baseline,2128,-121.69744610643237,47.16798796331104
b2b-all-21809851-3hdt-d-0,b2b-all-21809851-3hdt-d-0-3656,b2b-all-21809851-3hdt-d-0-4076,freight-hdt-D-Diesel-Baseline,2128,-121.69744610643237,47.16798796331104
b2b-all-21809851-3hdt-d-0,b2b-all-21809851-3hdt-d-0-3657,b2b-all-21809851-3hdt-d-0-4077,freight-hdt-D-Diesel-Baseline,2128,-121.69744610643237,47.16798796331104
b2b-all-21809851-3hdt-d-0,b2b-all-21809851-3hdt-d-0-3658,b2b-all-21809851-3hdt-d-0-4078,freight-hdt-D-Diesel-Baseline,2128,-121.69744610643237,47.16798796331104
b2b-all-21809851-3hdt-d-1,b2b-all-21809851-3hdt-d-1-3659,b2b-all-21809851-3hdt-d-1-4089,freight-hdt-D-Diesel-Baseline,2128,-121.69744610643237,47.16798796331104
b2b-all-21809851-3hdt-d-1,b2b-all-21809851-3hdt-d-1-3660,b2b-all-21809851-3hdt-d-1-4090,freight-hdt-D-Diesel-Baseline,2128,-121.69744610643237,47.16798796331104
b2b-all-21809851-3hdt-d-1,b2b-all-21809851-3hdt-d-1-3661,b2b-all-21809851-3hdt-d-1-4091,freight-hdt-D-Diesel-Baseline,2128,-121.69744610643237,47.16798796331104
b2b-all-21809851-3hdt-d-1,b2b-all-21809851-3hdt-d-1-3662,b2b-all-21809851-3hdt-d-1-4099,freight-hdt-D-Diesel-Baseline,2128,-121.69744610643237,47.16798796331104
b2b-all-21809851-3hdt-d-1,b2b-all-21809851-3hdt-d-1-3663,b2b-all-21809851-3hdt-d-1-4100,freight-hdt-D-Diesel-Baseline,2128,-121.69744610643237,47.16798796331104
b2b-all-21809851-3hdt-d-1,b2b-all-21809851-3hdt-d-1-3664,b2b-all-21809851-3hdt-d-1-4101,freight-hdt-D-Diesel-Baseline,2128,-121.69744610643237,47.16798796331104
b2b-all-21809851-3hdt-d-1,b2b-all-21809851-3hdt-d-1-3665,b2b-all-21809851-3hdt-d-1-4102,freight-hdt-D-Diesel-Baseline,2128,-121.69744610643237,47.16798796331104
b2b-all-21809851-3hdt-d-2,b2b-all-21809851-3hdt-d-2-3666,b2b-all-21809851-3hdt-d-2-4113,freight-hdt-D-Diesel-Baseline,2128,-121.69744610643237,47.16798796331104
b2b-all-21809851-3hdt-d-2,b2b-all-21809851-3hdt-d-2-3667,b2b-all-21809851-3hdt-d-2-4114,freight-hdt-D-Diesel-Baseline,2128,-121.69744610643237,47.16798796331104
b2b-all-21809851-3hdt-d-2,b2b-all-21809851-3hdt-d-2-3668,b2b-all-21809851-3hdt-d-2-4115,freight-hdt-D-Diesel-Baseline,2128,-121.69744610643237,47.16798796331104
b2b-all-21809851-3hdt-d-2,b2b-all-21809851-3hdt-d-2-3669,b2b-all-21809851-3hdt-d-2-4123,freight-hdt-D-Diesel-Baseline,2128,-121.69744610643237,47.16798796331104
b2b-all-21809851-3hdt-d-2,b2b-all-21809851-3hdt-d-2-3670,b2b-all-21809851-3hdt-d-2-4124,freight-hdt-D-Diesel-Baseline,2128,-121.69744610643237,47.16798796331104
b2b-all-21809851-3hdt-d-2,b2b-all-21809851-3hdt-d-2-3671,b2b-all-21809851-3hdt-d-2-4125,freight-hdt-D-Diesel-Baseline,2128,-121.69744610643237,47.16798796331104
b2b-all-21809851-3hdt-d-2,b2b-all-21809851-3hdt-d-2-3672,b2b-all-21809851-3hdt-d-2-4126,freight-hdt-D-Diesel-Baseline,2128,-121.69744610643237,47.16798796331104
b2b-all-21809851-3hdt-d-3,b2b-all-21809851-3hdt-d-3-3673,b2b-all-21809851-3hdt-d-3-4137,freight-hdt-D-Diesel-Baseline,2128,-121.69744610643237,47.16798796331104
b2b-all-21809851-3hdt-d-3,b2b-all-21809851-3hdt-d-3-3674,b2b-all-21809851-3hdt-d-3-4138,freight-hdt-D-Diesel-Baseline,2128,-121.69744610643237,47.16798796331104
b2b-all-21809851-3hdt-d-3,b2b-all-21809851-3hdt-d-3-3675,b2b-all-21809851-3hdt-d-3-4139,freight-hdt-D-Diesel-Baseline,2128,-121.69744610643237,47.16798796331104
b2b-all-21809851-4hdt-d,b2b-all-21809851-4hdt-d-3676,b2b-all-21809851-4hdt-d-4168,freight-hdt-D-Diesel-Baseline,2128,-121.69744610643237,47.16798796331104
b2b-all-21809851-4hdt-d,b2b-all-21809851-4hdt-d-3677,b2b-all-21809851-4hdt-d-4169,freight-hdt-D-Diesel-Baseline,2128,-121.69744610643237,47.16798796331104
b2b-all-21809851-4hdt-d,b2b-all-21809851-4hdt-d-3678,b2b-all-21809851-4hdt-d-4170,freight-hdt-D-Diesel-Baseline,2128,-121.69744610643237,47.16798796331104
b2b-all-21809851-4hdt-d,b2b-all-21809851-4hdt-d-3679,b2b-all-21809851-4hdt-d-4171,freight-hdt-D-Diesel-Baseline,2128,-121.69744610643237,47.16798796331104
b2b-all-21809851-4hdt-d,b2b-all-21809851-4hdt-d-3680,b2b-all-21809851-4hdt-d-4172,freight-hdt-D-Diesel-Baseline,2128,-121.69744610643237,47.16798796331104
b2b-all-21809851-4hdt-d,b2b-all-21809851-4hdt-d-3681,b2b-all-21809851-4hdt-d-4173,freight-hdt-D-Diesel-Baseline,2128,-121.69744610643237,47.16798796331104
b2b-all-21809851-4hdt-d,b2b-all-21809851-4hdt-d-3682,b2b-all-21809851-4hdt-d-4174,freight-hdt-D-Diesel-Baseline,2128,-121.69744610643237,47.16798796331104
b2b-all-21809891-5hdt-d,b2b-all-21809891-5hdt-d-3683,b2b-all-21809891-5hdt-d-4185,freight-hdt-D-Diesel-Baseline,3895,-121.26884369455286,48.17174536079158
b2b-all-21809891-5hdt-d,b2b-all-21809891-5hdt-d-3684,b2b-all-21809891-5hdt-d-4186,freight-hdt-D-Diesel-Baseline,3895,-121.26884369455286,48.17174536079158
b2b-all-21809891-5hdt-d,b2b-all-21809891-5hdt-d-3685,b2b-all-21809891-5hdt-d-4187,freight-hdt-D-Diesel-Baseline,3895,-121.26884369455286,48.17174536079158
b2b-all-21809891-6hdt-d,b2b-all-21809891-6hdt-d-3686,b2b-all-21809891-6hdt-d-4207,freight-hdt-D-Diesel-Baseline,3895,-121.26884369455286,48.17174536079158
b2b-all-21809891-6hdt-d,b2b-all-21809891-6hdt-d-3687,b2b-all-21809891-6hdt-d-4208,freight-hdt-D-Diesel-Baseline,3895,-121.26884369455286,48.17174536079158
b2b-all-21809891-6hdt-d,b2b-all-21809891-6hdt-d-3688,b2b-all-21809891-6hdt-d-4209,freight-hdt-D-Diesel-Baseline,3895,-121.26884369455286,48.17174536079158
b2b-all-21809891-6hdt-d,b2b-all-21809891-6hdt-d-3689,b2b-all-21809891-6hdt-d-4210,freight-hdt-D-Diesel-Baseline,3895,-121.26884369455286,48.17174536079158
b2b-all-21810291-7hdt-d,b2b-all-21810291-7hdt-d-3690,b2b-all-21810291-7hdt-d-4221,freight-hdt-D-Diesel-Baseline,3854,-122.3645144674494,48.26687162473969
b2b-all-21810291-7hdt-d,b2b-all-21810291-7hdt-d-3691,b2b-all-21810291-7hdt-d-4227,freight-hdt-D-Diesel-Baseline,3854,-122.3645144674494,48.26687162473969
b2b-all-21810351-8hdt-d,b2b-all-21810351-8hdt-d-3692,b2b-all-21810351-8hdt-d-4239,freight-hdt-D-Diesel-Baseline,3854,-122.3645144674494,48.26687162473969
b2b-all-21810351-8hdt-d,b2b-all-21810351-8hdt-d-3693,b2b-all-21810351-8hdt-d-4240,freight-hdt-D-Diesel-Baseline,3854,-122.3645144674494,48.26687162473969
b2b-all-21810351-8hdt-d,b2b-all-21810351-8hdt-d-3694,b2b-all-21810351-8hdt-d-4241,freight-hdt-D-Diesel-Baseline,3854,-122.3645144674494,48.26687162473969
b2b-all-21810351-8hdt-d,b2b-all-21810351-8hdt-d-3695,b2b-all-21810351-8hdt-d-4242,freight-hdt-D-Diesel-Baseline,3854,-122.3645144674494,48.26687162473969
b2b-all-21810351-8hdt-d,b2b-all-21810351-8hdt-d-3696,b2b-all-21810351-8hdt-d-4244,freight-hdt-D-Diesel-Baseline,3854,-122.3645144674494,48.26687162473969
b2b-all-21810351-8hdt-d,b2b-all-21810351-8hdt-d-3697,b2b-all-21810351-8hdt-d-4245,freight-hdt-D-Diesel-Baseline,3854,-122.3645144674494,48.26687162473969
b2b-all-21810351-8hdt-d,b2b-all-21810351-8hdt-d-3698,b2b-all-21810351-8hdt-d-4246,freight-hdt-D-Diesel-Baseline,3854,-122.3645144674494,48.26687162473969
b2b-all-21810351-9hdt-d,b2b-all-21810351-9hdt-d-3699,b2b-all-21810351-9hdt-d-4263,freight-hdt-D-Diesel-Baseline,3854,-122.3645144674494,48.26687162473969
b2b-all-21810351-9hdt-d,b2b-all-21810351-9hdt-d-3700,b2b-all-21810351-9hdt-d-4264,freight-hdt-D-Diesel-Baseline,3854,-122.3645144674494,48.26687162473969
b2b-all-21810351-9hdt-d,b2b-all-21810351-9hdt-d-3701,b2b-all-21810351-9hdt-d-4262,freight-hdt-D-Diesel-Baseline,3854,-122.3645144674494,48.26687162473969
b2b-all-21810361-10hdt-d,b2b-all-21810361-10hdt-d-3702,b2b-all-21810361-10hdt-d-4275,freight-hdt-D-Diesel-Baseline,3854,-122.3645144674494,48.26687162473969
b2b-all-21810361-10hdt-d,b2b-all-21810361-10hdt-d-3703,b2b-all-21810361-10hdt-d-4276,freight-hdt-D-Diesel-Baseline,3854,-122.3645144674494,48.26687162473969
b2b-all-21810361-10hdt-d,b2b-all-21810361-10hdt-d-3704,b2b-all-21810361-10hdt-d-4277,freight-hdt-D-Diesel-Baseline,3854,-122.3645144674494,48.26687162473969
b2b-all-21810361-10hdt-d,b2b-all-21810361-10hdt-d-3705,b2b-all-21810361-10hdt-d-4278,freight-hdt-D-Diesel-Baseline,3854,-122.3645144674494,48.26687162473969
b2b-all-21810361-10hdt-d,b2b-all-21810361-10hdt-d-3706,b2b-all-21810361-10hdt-d-4279,freight-hdt-D-Diesel-Baseline,3854,-122.3645144674494,48.26687162473969
b2b-all-21810361-10hdt-d,b2b-all-21810361-10hdt-d-3707,b2b-all-21810361-10hdt-d-4280,freight-hdt-D-Diesel-Baseline,3854,-122.3645144674494,48.26687162473969
b2b-all-21810361-10hdt-d,b2b-all-21810361-10hdt-d-3708,b2b-all-21810361-10hdt-d-4281,freight-hdt-D-Diesel-Baseline,3854,-122.3645144674494,48.26687162473969
b2b-all-21810361-10hdt-d,b2b-all-21810361-10hdt-d-3709,b2b-all-21810361-10hdt-d-4282,freight-hdt-D-Diesel-Baseline,3854,-122.3645144674494,48.26687162473969
b2b-all-21810361-11hdt-d,b2b-all-21810361-11hdt-d-3710,b2b-all-21810361-11hdt-d-4297,freight-hdt-D-Diesel-Baseline,3854,-122.3645144674494,48.26687162473969
b2b-all-21810361-11hdt-d,b2b-all-21810361-11hdt-d-3711,b2b-all-21810361-11hdt-d-4299,freight-hdt-D-Diesel-Baseline,3854,-122.3645144674494,48.26687162473969
b2b-all-21810361-11hdt-d,b2b-all-21810361-11hdt-d-3712,b2b-all-21810361-11hdt-d-4300,freight-hdt-D-Diesel-Baseline,3854,-122.3645144674494,48.26687162473969
b2b-all-22120591-12hdt-d,b2b-all-22120591-12hdt-d-3713,b2b-all-22120591-12hdt-d-4311,freight-hdt-D-Diesel-Baseline,3191,-122.48240942711132,47.05796598200305
b2b-all-22120591-12hdt-d,b2b-all-22120591-12hdt-d-3714,b2b-all-22120591-12hdt-d-4312,freight-hdt-D-Diesel-Baseline,3191,-122.48240942711132,47.05796598200305
b2b-all-22120591-12hdt-d,b2b-all-22120591-12hdt-d-3715,b2b-all-22120591-12hdt-d-4313,freight-hdt-D-Diesel-Baseline,3191,-122.48240942711132,47.05796598200305
b2b-all-22120591-12hdt-d,b2b-all-22120591-12hdt-d-3716,b2b-all-22120591-12hdt-d-4314,freight-hdt-D-Diesel-Baseline,3191,-122.48240942711132,47.05796598200305
b2b-all-22120591-12hdt-d,b2b-all-22120591-12hdt-d-3717,b2b-all-22120591-12hdt-d-4317,freight-hdt-D-Diesel-Baseline,3191,-122.48240942711132,47.05796598200305
b2b-all-22120591-12hdt-d,b2b-all-22120591-12hdt-d-3718,b2b-all-22120591-12hdt-d-4318,freight-hdt-D-Diesel-Baseline,3191,-122.48240942711132,47.05796598200305
b2b-all-22120591-13hdt-d,b2b-all-22120591-13hdt-d-3719,b2b-all-22120591-13hdt-d-4335,freight-hdt-D-Diesel-Baseline,3191,-122.48240942711132,47.05796598200305
b2b-all-22120591-13hdt-d,b2b-all-22120591-13hdt-d-3720,b2b-all-22120591-13hdt-d-4336,freight-hdt-D-Diesel-Baseline,3191,-122.48240942711132,47.05796598200305
b2b-all-22122971-14hdt-d,b2b-all-22122971-14hdt-d-3721,b2b-all-22122971-14hdt-d-4347,freight-hdt-D-Diesel-Baseline,3191,-122.48240942711132,47.05796598200305
b2b-all-22122971-14hdt-d,b2b-all-22122971-14hdt-d-3722,b2b-all-22122971-14hdt-d-4353,freight-hdt-D-Diesel-Baseline,3191,-122.48240942711132,47.05796598200305
b2b-all-22122971-14hdt-d,b2b-all-22122971-14hdt-d-3723,b2b-all-22122971-14hdt-d-4351,freight-hdt-D-Diesel-Baseline,3191,-122.48240942711132,47.05796598200305
b2b-all-22122971-14hdt-d,b2b-all-22122971-14hdt-d-3724,b2b-all-22122971-14hdt-d-4352,freight-hdt-D-Diesel-Baseline,3191,-122.48240942711132,47.05796598200305
b2b-all-22122971-15hdt-d,b2b-all-22122971-15hdt-d-3725,b2b-all-22122971-15hdt-d-4369,freight-hdt-D-Diesel-Baseline,3191,-122.48240942711132,47.05796598200305
b2b-all-22122971-15hdt-d,b2b-all-22122971-15hdt-d-3726,b2b-all-22122971-15hdt-d-4370,freight-hdt-D-Diesel-Baseline,3191,-122.48240942711132,47.05796598200305
b2b-all-22122971-15hdt-d,b2b-all-22122971-15hdt-d-3727,b2b-all-22122971-15hdt-d-4371,freight-hdt-D-Diesel-Baseline,3191,-122.48240942711132,47.05796598200305
b2b-all-22122971-15hdt-d,b2b-all-22122971-15hdt-d-3728,b2b-all-22122971-15hdt-d-4372,freight-hdt-D-Diesel-Baseline,3191,-122.48240942711132,47.05796598200305
b2b-all-22123031-16hdt-d,b2b-all-22123031-16hdt-d-3729,b2b-all-22123031-16hdt-d-4383,freight-hdt-D-Diesel-Baseline,3184,-122.66808420396303,47.10635009599398
b2b-all-22123031-16hdt-d,b2b-all-22123031-16hdt-d-3730,b2b-all-22123031-16hdt-d-4389,freight-hdt-D-Diesel-Baseline,3184,-122.66808420396303,47.10635009599398
b2b-all-22123031-16hdt-d,b2b-all-22123031-16hdt-d-3731,b2b-all-22123031-16hdt-d-4383,freight-hdt-D-Diesel-Baseline,3184,-122.66808420396303,47.10635009599398
b2b-all-22123031-16hdt-d,b2b-all-22123031-16hdt-d-3732,b2b-all-22123031-16hdt-d-4384,freight-hdt-D-Diesel-Baseline,3184,-122.66808420396303,47.10635009599398
b2b-all-22123031-16hdt-d,b2b-all-22123031-16hdt-d-3733,b2b-all-22123031-16hdt-d-4387,freight-hdt-D-Diesel-Baseline,3184,-122.66808420396303,47.10635009599398
b2b-all-22123031-16hdt-d,b2b-all-22123031-16hdt-d-3734,b2b-all-22123031-16hdt-d-4388,freight-hdt-D-Diesel-Baseline,3184,-122.66808420396303,47.10635009599398
b2b-all-22123061-17hdt-d,b2b-all-22123061-17hdt-d-3735,b2b-all-22123061-17hdt-d-4401,freight-hdt-D-Diesel-Baseline,5885,-123.12917480974409,44.98433170990787
b2b-all-22123061-17hdt-d,b2b-all-22123061-17hdt-d-3736,b2b-all-22123061-17hdt-d-4408,freight-hdt-D-Diesel-Baseline,5885,-123.12917480974409,44.98433170990787
b2b-all-22123061-17hdt-d,b2b-all-22123061-17hdt-d-3737,b2b-all-22123061-17hdt-d-4406,freight-hdt-D-Diesel-Baseline,5885,-123.12917480974409,44.98433170990787
b2b-all-22123061-18hdt-d,b2b-all-22123061-18hdt-d-3738,b2b-all-22123061-18hdt-d-4426,freight-hdt-D-Diesel-Baseline,5885,-123.12917480974409,44.98433170990787
b2b-all-22123061-18hdt-d,b2b-all-22123061-18hdt-d-3739,b2b-all-22123061-18hdt-d-4425,freight-hdt-D-Diesel-Baseline,5885,-123.12917480974409,44.98433170990787
b2b-all-22123461-19hdt-d,b2b-all-22123461-19hdt-d-3740,b2b-all-22123461-19hdt-d-4444,freight-hdt-D-Diesel-Baseline,5885,-123.12917480974409,44.98433170990787
b2b-all-22123461-19hdt-d,b2b-all-22123461-19hdt-d-3741,b2b-all-22123461-19hdt-d-4437,freight-hdt-D-Diesel-Baseline,5885,-123.12917480974409,44.98433170990787
b2b-all-22123461-19hdt-d,b2b-all-22123461-19hdt-d-3742,b2b-all-22123461-19hdt-d-4441,freight-hdt-D-Diesel-Baseline,5885,-123.12917480974409,44.98433170990787
b2b-all-22123461-19hdt-d,b2b-all-22123461-19hdt-d-3743,b2b-all-22123461-19hdt-d-4442,freight-hdt-D-Diesel-Baseline,5885,-123.12917480974409,44.98433170990787
b2b-all-22123461-19hdt-d,b2b-all-22123461-19hdt-d-3744,b2b-all-22123461-19hdt-d-4443,freight-hdt-D-Diesel-Baseline,5885,-123.12917480974409,44.98433170990787
b2b-all-22123461-19hdt-d,b2b-all-22123461-19hdt-d-3745,b2b-all-22123461-19hdt-d-4438,freight-hdt-D-Diesel-Baseline,5885,-123.12917480974409,44.98433170990787
b2b-all-22123461-19hdt-d,b2b-all-22123461-19hdt-d-3746,b2b-all-22123461-19hdt-d-4439,freight-hdt-D-Diesel-Baseline,5885,-123.12917480974409,44.98433170990787
b2b-all-22123461-19hdt-d,b2b-all-22123461-19hdt-d-3747,b2b-all-22123461-19hdt-d-4437,freight-hdt-D-Diesel-Baseline,5885,-123.12917480974409,44.98433170990787
b2b-all-22123461-20hdt-d,b2b-all-22123461-20hdt-d-3748,b2b-all-22123461-20hdt-d-4462,freight-hdt-D-Diesel-Baseline,5885,-123.12917480974409,44.98433170990787
b2b-all-22123501-21hdt-d,b2b-all-22123501-21hdt-d-3749,b2b-all-22123501-21hdt-d-4473,freight-hdt-D-Diesel-Baseline,5885,-123.12917480974409,44.98433170990787
b2b-all-22123501-21hdt-d,b2b-all-22123501-21hdt-d-3750,b2b-all-22123501-21hdt-d-4474,freight-hdt-D-Diesel-Baseline,5885,-123.12917480974409,44.98433170990787
b2b-all-22123501-21hdt-d,b2b-all-22123501-21hdt-d-3751,b2b-all-22123501-21hdt-d-4475,freight-hdt-D-Diesel-Baseline,5885,-123.12917480974409,44.98433170990787
b2b-all-22123501-21hdt-d,b2b-all-22123501-21hdt-d-3752,b2b-all-22123501-21hdt-d-4476,freight-hdt-D-Diesel-Baseline,5885,-123.12917480974409,44.98433170990787
b2b-all-22123501-21hdt-d,b2b-all-22123501-21hdt-d-3753,b2b-all-22123501-21hdt-d-4478,freight-hdt-D-Diesel-Baseline,5885,-123.12917480974409,44.98433170990787
b2b-all-22123501-21hdt-d,b2b-all-22123501-21hdt-d-3754,b2b-all-22123501-21hdt-d-4479,freight-hdt-D-Diesel-Baseline,5885,-123.12917480974409,44.98433170990787
b2b-all-22123501-22hdt-d,b2b-all-22123501-22hdt-d-3755,b2b-all-22123501-22hdt-d-4497,freight-hdt-D-Diesel-Baseline,5885,-123.12917480974409,44.98433170990787
b2b-all-22123501-22hdt-d,b2b-all-22123501-22hdt-d-3756,b2b-all-22123501-22hdt-d-4498,freight-hdt-D-Diesel-Baseline,5885,-123.12917480974409,44.98433170990787
b2b-all-22123511-23hdt-d,b2b-all-22123511-23hdt-d-3757,b2b-all-22123511-23hdt-d-4509,freight-hdt-D-Diesel-Baseline,5885,-123.12917480974409,44.98433170990787
b2b-all-22123511-23hdt-d,b2b-all-22123511-23hdt-d-3758,b2b-all-22123511-23hdt-d-4510,freight-hdt-D-Diesel-Baseline,5885,-123.12917480974409,44.98433170990787
b2b-all-22123511-23hdt-d,b2b-all-22123511-23hdt-d-3759,b2b-all-22123511-23hdt-d-4511,freight-hdt-D-Diesel-Baseline,5885,-123.12917480974409,44.98433170990787
b2b-all-22123511-23hdt-d,b2b-all-22123511-23hdt-d-3760,b2b-all-22123511-23hdt-d-4513,freight-hdt-D-Diesel-Baseline,5885,-123.12917480974409,44.98433170990787
b2b-all-22123511-24hdt-d,b2b-all-22123511-24hdt-d-3761,b2b-all-22123511-24hdt-d-4533,freight-hdt-D-Diesel-Baseline,5885,-123.12917480974409,44.98433170990787
b2b-all-22123511-24hdt-d,b2b-all-22123511-24hdt-d-3762,b2b-all-22123511-24hdt-d-4534,freight-hdt-D-Diesel-Baseline,5885,-123.12917480974409,44.98433170990787
b2b-all-22123511-24hdt-d,b2b-all-22123511-24hdt-d-3763,b2b-all-22123511-24hdt-d-4531,freight-hdt-D-Diesel-Baseline,5885,-123.12917480974409,44.98433170990787
b2b-all-22123511-24hdt-d,b2b-all-22123511-24hdt-d-3764,b2b-all-22123511-24hdt-d-4532,freight-hdt-D-Diesel-Baseline,5885,-123.12917480974409,44.98433170990787
b2b-all-22125121-25hdt-d,b2b-all-22125121-25hdt-d-3765,b2b-all-22125121-25hdt-d-4545,freight-hdt-D-Diesel-Baseline,2128,-121.69744610643237,47.16798796331104
b2b-all-22125121-25hdt-d,b2b-all-22125121-25hdt-d-3766,b2b-all-22125121-25hdt-d-4550,freight-hdt-D-Diesel-Baseline,2128,-121.69744610643237,47.16798796331104
b2b-all-22125121-25hdt-d,b2b-all-22125121-25hdt-d-3767,b2b-all-22125121-25hdt-d-4551,freight-hdt-D-Diesel-Baseline,2128,-121.69744610643237,47.16798796331104
b2b-all-22125121-26hdt-d,b2b-all-22125121-26hdt-d-3768,b2b-all-22125121-26hdt-d-4569,freight-hdt-D-Diesel-Baseline,2128,-121.69744610643237,47.16798796331104
b2b-all-22125121-26hdt-d,b2b-all-22125121-26hdt-d-3769,b2b-all-22125121-26hdt-d-4570,freight-hdt-D-Diesel-Baseline,2128,-121.69744610643237,47.16798796331104
b2b-all-22125161-27md-d,b2b-all-22125161-27md-d-3770,b2b-all-22125161-27md-d-4576,freight-md-D-Diesel-Baseline,2128,-121.69744610643237,47.16798796331104
b2b-all-22125161-27md-d,b2b-all-22125161-27md-d-3771,b2b-all-22125161-27md-d-4581,freight-md-D-Diesel-Baseline,2128,-121.69744610643237,47.16798796331104
b2b-all-22125161-27md-d,b2b-all-22125161-27md-d-3772,b2b-all-22125161-27md-d-4582,freight-md-D-Diesel-Baseline,2128,-121.69744610643237,47.16798796331104
b2b-all-22125161-27md-d,b2b-all-22125161-27md-d-3773,b2b-all-22125161-27md-d-4583,freight-md-D-Diesel-Baseline,2128,-121.69744610643237,47.16798796331104
b2b-all-22125201-28hdt-d-0,b2b-all-22125201-28hdt-d-0-3774,b2b-all-22125201-28hdt-d-0-4605,freight-hdt-D-Diesel-Baseline,2128,-121.69744610643237,47.16798796331104
b2b-all-22125201-28hdt-d-0,b2b-all-22125201-28hdt-d-0-3775,b2b-all-22125201-28hdt-d-0-4606,freight-hdt-D-Diesel-Baseline,2128,-121.69744610643237,47.16798796331104
b2b-all-22125201-28hdt-d-0,b2b-all-22125201-28hdt-d-0-3776,b2b-all-22125201-28hdt-d-0-4599,freight-hdt-D-Diesel-Baseline,2128,-121.69744610643237,47.16798796331104
b2b-all-22125201-28hdt-d-0,b2b-all-22125201-28hdt-d-0-3777,b2b-all-22125201-28hdt-d-0-4600,freight-hdt-D-Diesel-Baseline,2128,-121.69744610643237,47.16798796331104
b2b-all-22125201-28hdt-d-0,b2b-all-22125201-28hdt-d-0-3778,b2b-all-22125201-28hdt-d-0-4601,freight-hdt-D-Diesel-Baseline,2128,-121.69744610643237,47.16798796331104
b2b-all-22125201-28hdt-d-0,b2b-all-22125201-28hdt-d-0-3779,b2b-all-22125201-28hdt-d-0-4602,freight-hdt-D-Diesel-Baseline,2128,-121.69744610643237,47.16798796331104
b2b-all-22125201-28hdt-d-0,b2b-all-22125201-28hdt-d-0-3780,b2b-all-22125201-28hdt-d-0-4603,freight-hdt-D-Diesel-Baseline,2128,-121.69744610643237,47.16798796331104
b2b-all-22125201-28hdt-d-0,b2b-all-22125201-28hdt-d-0-3781,b2b-all-22125201-28hdt-d-0-4604,freight-hdt-D-Diesel-Baseline,2128,-121.69744610643237,47.16798796331104
b2b-all-22125201-28hdt-d-1,b2b-all-22125201-28hdt-d-1-3782,b2b-all-22125201-28hdt-d-1-4624,freight-hdt-D-Diesel-Baseline,2128,-121.69744610643237,47.16798796331104
b2b-all-22125201-29hdt-d,b2b-all-22125201-29hdt-d-3783,b2b-all-22125201-29hdt-d-4642,freight-hdt-D-Diesel-Baseline,2128,-121.69744610643237,47.16798796331104
b2b-all-22125201-29hdt-d,b2b-all-22125201-29hdt-d-3784,b2b-all-22125201-29hdt-d-4641,freight-hdt-D-Diesel-Baseline,2128,-121.69744610643237,47.16798796331104
b2b-all-22125311-30hdt-d,b2b-all-22125311-30hdt-d-3785,b2b-all-22125311-30hdt-d-4653,freight-hdt-D-Diesel-Baseline,3895,-121.26884369455286,48.17174536079158
b2b-all-22125311-30hdt-d,b2b-all-22125311-30hdt-d-3786,b2b-all-22125311-30hdt-d-4660,freight-hdt-D-Diesel-Baseline,3895,-121.26884369455286,48.17174536079158
b2b-all-22125311-31hdt-d-1,b2b-all-22125311-31hdt-d-1-3787,b2b-all-22125311-31hdt-d-1-4696,freight-hdt-D-Diesel-Baseline,3895,-121.26884369455286,48.17174536079158
b2b-all-22125341-32hdt-d,b2b-all-22125341-32hdt-d-3788,b2b-all-22125341-32hdt-d-4712,freight-hdt-D-Diesel-Baseline,3895,-121.26884369455286,48.17174536079158
b2b-all-22125341-32hdt-d,b2b-all-22125341-32hdt-d-3789,b2b-all-22125341-32hdt-d-4714,freight-hdt-D-Diesel-Baseline,3895,-121.26884369455286,48.17174536079158
b2b-all-22125341-33hdt-d,b2b-all-22125341-33hdt-d-3790,b2b-all-22125341-33hdt-d-4732,freight-hdt-D-Diesel-Baseline,3895,-121.26884369455286,48.17174536079158
b2b-all-22126211-34hdt-d,b2b-all-22126211-34hdt-d-3791,b2b-all-22126211-34hdt-d-4750,freight-hdt-D-Diesel-Baseline,3854,-122.3645144674494,48.26687162473969
b2b-all-22126211-35hdt-d,b2b-all-22126211-35hdt-d-3792,b2b-all-22126211-35hdt-d-4767,freight-hdt-D-Diesel-Baseline,3854,-122.3645144674494,48.26687162473969
b2b-all-22126211-35hdt-d,b2b-all-22126211-35hdt-d-3793,b2b-all-22126211-35hdt-d-4768,freight-hdt-D-Diesel-Baseline,3854,-122.3645144674494,48.26687162473969
b2b-all-22126321-36hdt-d,b2b-all-22126321-36hdt-d-3794,b2b-all-22126321-36hdt-d-4780,freight-hdt-D-Diesel-Baseline,3854,-122.3645144674494,48.26687162473969
b2b-all-22126321-36hdt-d,b2b-all-22126321-36hdt-d-3795,b2b-all-22126321-36hdt-d-4781,freight-hdt-D-Diesel-Baseline,3854,-122.3645144674494,48.26687162473969
b2b-all-22126321-36hdt-d,b2b-all-22126321-36hdt-d-3796,b2b-all-22126321-36hdt-d-4782,freight-hdt-D-Diesel-Baseline,3854,-122.3645144674494,48.26687162473969
b2b-all-22126321-36hdt-d,b2b-all-22126321-36hdt-d-3797,b2b-all-22126321-36hdt-d-4783,freight-hdt-D-Diesel-Baseline,3854,-122.3645144674494,48.26687162473969
b2b-all-22126321-36hdt-d,b2b-all-22126321-36hdt-d-3798,b2b-all-22126321-36hdt-d-4784,freight-hdt-D-Diesel-Baseline,3854,-122.3645144674494,48.26687162473969
b2b-all-22126321-36hdt-d,b2b-all-22126321-36hdt-d-3799,b2b-all-22126321-36hdt-d-4785,freight-hdt-D-Diesel-Baseline,3854,-122.3645144674494,48.26687162473969
b2b-all-22126321-37hdt-d,b2b-all-22126321-37hdt-d-3800,b2b-all-22126321-37hdt-d-4804,freight-hdt-D-Diesel-Baseline,3854,-122.3645144674494,48.26687162473969
b2b-all-22126391-38hdv-d,b2b-all-22126391-38hdv-d-3801,b2b-all-22126391-38hdv-d-4820,freight-hdv-D-Diesel-Baseline,3854,-122.3645144674494,48.26687162473969
b2b-all-22126391-38hdv-d,b2b-all-22126391-38hdv-d-3802,b2b-all-22126391-38hdv-d-4826,freight-hdv-D-Diesel-Baseline,3854,-122.3645144674494,48.26687162473969
b2b-all-22126391-38hdv-d,b2b-all-22126391-38hdv-d-3803,b2b-all-22126391-38hdv-d-4825,freight-hdv-D-Diesel-Baseline,3854,-122.3645144674494,48.26687162473969
b2b-all-22126391-39hdv-d,b2b-all-22126391-39hdv-d-3804,b2b-all-22126391-39hdv-d-4845,freight-hdv-D-Diesel-Baseline,3854,-122.3645144674494,48.26687162473969
b2b-all-22126811-40hdt-d,b2b-all-22126811-40hdt-d-3805,b2b-all-22126811-40hdt-d-4857,freight-hdt-D-Diesel-Baseline,2128,-121.69744610643237,47.16798796331104
b2b-all-22126811-40hdt-d,b2b-all-22126811-40hdt-d-3806,b2b-all-22126811-40hdt-d-4858,freight-hdt-D-Diesel-Baseline,2128,-121.69744610643237,47.16798796331104
b2b-all-22126811-40hdt-d,b2b-all-22126811-40hdt-d-3807,b2b-all-22126811-40hdt-d-4856,freight-hdt-D-Diesel-Baseline,2128,-121.69744610643237,47.16798796331104
b2b-all-22126811-40hdt-d,b2b-all-22126811-40hdt-d-3808,b2b-all-22126811-40hdt-d-4851,freight-hdt-D-Diesel-Baseline,2128,-121.69744610643237,47.16798796331104
b2b-all-22126811-40hdt-d,b2b-all-22126811-40hdt-d-3809,b2b-all-22126811-40hdt-d-4855,freight-hdt-D-Diesel-Baseline,2128,-121.69744610643237,47.16798796331104
b2b-all-22126811-41hdt-d,b2b-all-22126811-41hdt-d-3810,b2b-all-22126811-41hdt-d-4876,freight-hdt-D-Diesel-Baseline,2128,-121.69744610643237,47.16798796331104
b2b-all-22126871-42hdt-d,b2b-all-22126871-42hdt-d-3811,b2b-all-22126871-42hdt-d-4892,freight-hdt-D-Diesel-Baseline,2128,-121.69744610643237,47.16798796331104
b2b-all-22126871-42hdt-d,b2b-all-22126871-42hdt-d-3812,b2b-all-22126871-42hdt-d-4893,freight-hdt-D-Diesel-Baseline,2128,-121.69744610643237,47.16798796331104
b2b-all-22126871-42hdt-d,b2b-all-22126871-42hdt-d-3813,b2b-all-22126871-42hdt-d-4894,freight-hdt-D-Diesel-Baseline,2128,-121.69744610643237,47.16798796331104
b2b-all-22194911-43hdt-d-0,b2b-all-22194911-43hdt-d-0-3814,b2b-all-22194911-43hdt-d-0-4905,freight-hdt-D-Diesel-Baseline,3191,-122.48240942711132,47.05796598200305
b2b-all-22194911-43hdt-d-0,b2b-all-22194911-43hdt-d-0-3815,b2b-all-22194911-43hdt-d-0-4906,freight-hdt-D-Diesel-Baseline,3191,-122.48240942711132,47.05796598200305
b2b-all-22194911-43hdt-d-0,b2b-all-22194911-43hdt-d-0-3816,b2b-all-22194911-43hdt-d-0-4907,freight-hdt-D-Diesel-Baseline,3191,-122.48240942711132,47.05796598200305
b2b-all-22194911-43hdt-d-0,b2b-all-22194911-43hdt-d-0-3817,b2b-all-22194911-43hdt-d-0-4919,freight-hdt-D-Diesel-Baseline,3191,-122.48240942711132,47.05796598200305
b2b-all-22194911-43hdt-d-0,b2b-all-22194911-43hdt-d-0-3818,b2b-all-22194911-43hdt-d-0-4920,freight-hdt-D-Diesel-Baseline,3191,-122.48240942711132,47.05796598200305
b2b-all-22194911-43hdt-d-0,b2b-all-22194911-43hdt-d-0-3819,b2b-all-22194911-43hdt-d-0-4921,freight-hdt-D-Diesel-Baseline,3191,-122.48240942711132,47.05796598200305
b2b-all-22194911-43hdt-d-0,b2b-all-22194911-43hdt-d-0-3820,b2b-all-22194911-43hdt-d-0-4905,freight-hdt-D-Diesel-Baseline,3191,-122.48240942711132,47.05796598200305
b2b-all-22194911-43hdt-d-0,b2b-all-22194911-43hdt-d-0-3821,b2b-all-22194911-43hdt-d-0-4913,freight-hdt-D-Diesel-Baseline,3191,-122.48240942711132,47.05796598200305
b2b-all-22194911-43hdt-d-0,b2b-all-22194911-43hdt-d-0-3822,b2b-all-22194911-43hdt-d-0-4914,freight-hdt-D-Diesel-Baseline,3191,-122.48240942711132,47.05796598200305
b2b-all-22194911-43hdt-d-1,b2b-all-22194911-43hdt-d-1-3823,b2b-all-22194911-43hdt-d-1-4932,freight-hdt-D-Diesel-Baseline,3191,-122.48240942711132,47.05796598200305
b2b-all-22194911-43hdt-d-1,b2b-all-22194911-43hdt-d-1-3824,b2b-all-22194911-43hdt-d-1-4933,freight-hdt-D-Diesel-Baseline,3191,-122.48240942711132,47.05796598200305
b2b-all-22194911-43hdt-d-1,b2b-all-22194911-43hdt-d-1-3825,b2b-all-22194911-43hdt-d-1-4934,freight-hdt-D-Diesel-Baseline,3191,-122.48240942711132,47.05796598200305
b2b-all-22194911-43hdt-d-1,b2b-all-22194911-43hdt-d-1-3826,b2b-all-22194911-43hdt-d-1-4935,freight-hdt-D-Diesel-Baseline,3191,-122.48240942711132,47.05796598200305
b2b-all-22194911-43hdt-d-1,b2b-all-22194911-43hdt-d-1-3827,b2b-all-22194911-43hdt-d-1-4936,freight-hdt-D-Diesel-Baseline,3191,-122.48240942711132,47.05796598200305
b2b-all-22194911-43hdt-d-1,b2b-all-22194911-43hdt-d-1-3828,b2b-all-22194911-43hdt-d-1-4946,freight-hdt-D-Diesel-Baseline,3191,-122.48240942711132,47.05796598200305
b2b-all-22194911-43hdt-d-1,b2b-all-22194911-43hdt-d-1-3829,b2b-all-22194911-43hdt-d-1-4947,freight-hdt-D-Diesel-Baseline,3191,-122.48240942711132,47.05796598200305
b2b-all-22194911-43hdt-d-1,b2b-all-22194911-43hdt-d-1-3830,b2b-all-22194911-43hdt-d-1-4948,freight-hdt-D-Diesel-Baseline,3191,-122.48240942711132,47.05796598200305
b2b-all-22194911-43hdt-d-2,b2b-all-22194911-43hdt-d-2-3831,b2b-all-22194911-43hdt-d-2-4959,freight-hdt-D-Diesel-Baseline,3191,-122.48240942711132,47.05796598200305
b2b-all-22194911-43hdt-d-2,b2b-all-22194911-43hdt-d-2-3832,b2b-all-22194911-43hdt-d-2-4960,freight-hdt-D-Diesel-Baseline,3191,-122.48240942711132,47.05796598200305
b2b-all-22194911-43hdt-d-2,b2b-all-22194911-43hdt-d-2-3833,b2b-all-22194911-43hdt-d-2-4961,freight-hdt-D-Diesel-Baseline,3191,-122.48240942711132,47.05796598200305
b2b-all-22194911-43hdt-d-2,b2b-all-22194911-43hdt-d-2-3834,b2b-all-22194911-43hdt-d-2-4962,freight-hdt-D-Diesel-Baseline,3191,-122.48240942711132,47.05796598200305
b2b-all-22194911-43hdt-d-2,b2b-all-22194911-43hdt-d-2-3835,b2b-all-22194911-43hdt-d-2-4963,freight-hdt-D-Diesel-Baseline,3191,-122.48240942711132,47.05796598200305
b2b-all-22194911-43hdt-d-2,b2b-all-22194911-43hdt-d-2-3836,b2b-all-22194911-43hdt-d-2-4973,freight-hdt-D-Diesel-Baseline,3191,-122.48240942711132,47.05796598200305
b2b-all-22194911-43hdt-d-2,b2b-all-22194911-43hdt-d-2-3837,b2b-all-22194911-43hdt-d-2-4975,freight-hdt-D-Diesel-Baseline,3191,-122.48240942711132,47.05796598200305
b2b-all-22194911-44hdt-d,b2b-all-22194911-44hdt-d-3838,b2b-all-22194911-44hdt-d-4996,freight-hdt-D-Diesel-Baseline,3191,-122.48240942711132,47.05796598200305
b2b-all-22194911-44hdt-d,b2b-all-22194911-44hdt-d-3839,b2b-all-22194911-44hdt-d-4997,freight-hdt-D-Diesel-Baseline,3191,-122.48240942711132,47.05796598200305
b2b-all-22194911-44hdt-d,b2b-all-22194911-44hdt-d-3840,b2b-all-22194911-44hdt-d-4998,freight-hdt-D-Diesel-Baseline,3191,-122.48240942711132,47.05796598200305
b2b-all-22194911-44hdt-d,b2b-all-22194911-44hdt-d-3841,b2b-all-22194911-44hdt-d-4999,freight-hdt-D-Diesel-Baseline,3191,-122.48240942711132,47.05796598200305
b2b-all-22194911-44hdt-d,b2b-all-22194911-44hdt-d-3842,b2b-all-22194911-44hdt-d-5000,freight-hdt-D-Diesel-Baseline,3191,-122.48240942711132,47.05796598200305
b2b-all-22194911-44hdt-d,b2b-all-22194911-44hdt-d-3843,b2b-all-22194911-44hdt-d-5001,freight-hdt-D-Diesel-Baseline,3191,-122.48240942711132,47.05796598200305
b2b-all-22194911-44hdt-d,b2b-all-22194911-44hdt-d-3844,b2b-all-22194911-44hdt-d-5002,freight-hdt-D-Diesel-Baseline,3191,-122.48240942711132,47.05796598200305
b2b-all-22194981-45hdt-d,b2b-all-22194981-45hdt-d-3845,b2b-all-22194981-45hdt-d-5013,freight-hdt-D-Diesel-Baseline,5885,-123.12917480974409,44.98433170990787
b2b-all-22194981-45hdt-d,b2b-all-22194981-45hdt-d-3846,b2b-all-22194981-45hdt-d-5014,freight-hdt-D-Diesel-Baseline,5885,-123.12917480974409,44.98433170990787
b2b-all-22194981-45hdt-d,b2b-all-22194981-45hdt-d-3847,b2b-all-22194981-45hdt-d-5015,freight-hdt-D-Diesel-Baseline,5885,-123.12917480974409,44.98433170990787
b2b-all-22195151-47hdt-d,b2b-all-22195151-47hdt-d-3848,b2b-all-22195151-47hdt-d-5053,freight-hdt-D-Diesel-Baseline,2128,-121.69744610643237,47.16798796331104
b2b-all-22195151-47hdt-d,b2b-all-22195151-47hdt-d-3849,b2b-all-22195151-47hdt-d-5054,freight-hdt-D-Diesel-Baseline,2128,-121.69744610643237,47.16798796331104
b2b-all-22195151-47hdt-d,b2b-all-22195151-47hdt-d-3850,b2b-all-22195151-47hdt-d-5056,freight-hdt-D-Diesel-Baseline,2128,-121.69744610643237,47.16798796331104
b2b-all-22195151-47hdt-d,b2b-all-22195151-47hdt-d-3851,b2b-all-22195151-47hdt-d-5057,freight-hdt-D-Diesel-Baseline,2128,-121.69744610643237,47.16798796331104
b2b-all-22195151-47hdt-d,b2b-all-22195151-47hdt-d-3852,b2b-all-22195151-47hdt-d-5058,freight-hdt-D-Diesel-Baseline,2128,-121.69744610643237,47.16798796331104
b2b-all-22195151-47hdt-d,b2b-all-22195151-47hdt-d-3853,b2b-all-22195151-47hdt-d-5059,freight-hdt-D-Diesel-Baseline,2128,-121.69744610643237,47.16798796331104
b2b-all-22262371-48hdt-d,b2b-all-22262371-48hdt-d-3854,b2b-all-22262371-48hdt-d-5070,freight-hdt-D-Diesel-Baseline,3455,-122.30768468413044,47.9372242090533
b2b-all-22262371-48hdt-d,b2b-all-22262371-48hdt-d-3855,b2b-all-22262371-48hdt-d-5076,freight-hdt-D-Diesel-Baseline,3455,-122.30768468413044,47.9372242090533
b2b-all-22262371-48hdt-d,b2b-all-22262371-48hdt-d-3856,b2b-all-22262371-48hdt-d-5074,freight-hdt-D-Diesel-Baseline,3455,-122.30768468413044,47.9372242090533
b2b-all-22262371-48hdt-d,b2b-all-22262371-48hdt-d-3857,b2b-all-22262371-48hdt-d-5075,freight-hdt-D-Diesel-Baseline,3455,-122.30768468413044,47.9372242090533
b2b-all-22263721-49hdt-d,b2b-all-22263721-49hdt-d-3858,b2b-all-22263721-49hdt-d-5095,freight-hdt-D-Diesel-Baseline,2128,-121.69744610643237,47.16798796331104
b2b-all-22263721-50hdt-d,b2b-all-22263721-50hdt-d-3859,b2b-all-22263721-50hdt-d-5110,freight-hdt-D-Diesel-Baseline,2128,-121.69744610643237,47.16798796331104
b2b-all-22263721-50hdt-d,b2b-all-22263721-50hdt-d-3860,b2b-all-22263721-50hdt-d-5112,freight-hdt-D-Diesel-Baseline,2128,-121.69744610643237,47.16798796331104
b2b-all-22263721-50hdt-d,b2b-all-22263721-50hdt-d-3861,b2b-all-22263721-50hdt-d-5113,freight-hdt-D-Diesel-Baseline,2128,-121.69744610643237,47.16798796331104
b2b-all-22263722-51hdv-d,b2b-all-22263722-51hdv-d-3862,b2b-all-22263722-51hdv-d-5138,freight-hdv-D-Diesel-Baseline,2128,-121.69744610643237,47.16798796331104
b2b-all-22263722-51hdv-d,b2b-all-22263722-51hdv-d-3863,b2b-all-22263722-51hdv-d-5139,freight-hdv-D-Diesel-Baseline,2128,-121.69744610643237,47.16798796331104
b2b-all-22263722-51hdv-d,b2b-all-22263722-51hdv-d-3864,b2b-all-22263722-51hdv-d-5129,freight-hdv-D-Diesel-Baseline,2128,-121.69744610643237,47.16798796331104
b2b-all-22263722-51hdv-d,b2b-all-22263722-51hdv-d-3865,b2b-all-22263722-51hdv-d-5130,freight-hdv-D-Diesel-Baseline,2128,-121.69744610643237,47.16798796331104
b2b-all-22263722-51hdv-d,b2b-all-22263722-51hdv-d-3866,b2b-all-22263722-51hdv-d-5135,freight-hdv-D-Diesel-Baseline,2128,-121.69744610643237,47.16798796331104
b2b-all-22263722-51hdv-d,b2b-all-22263722-51hdv-d-3867,b2b-all-22263722-51hdv-d-5137,freight-hdv-D-Diesel-Baseline,2128,-121.69744610643237,47.16798796331104
b2b-all-22263722-52hdv-d,b2b-all-22263722-52hdv-d-3868,b2b-all-22263722-52hdv-d-5160,freight-hdv-D-Diesel-Baseline,2128,-121.69744610643237,47.16798796331104
b2b-all-22516921-53md-d,b2b-all-22516921-53md-d-3869,b2b-all-22516921-53md-d-5161,freight-md-D-Diesel-Baseline,5885,-123.12917480974409,44.98433170990787
b2b-all-22516921-53md-d,b2b-all-22516921-53md-d-3870,b2b-all-22516921-53md-d-5168,freight-md-D-Diesel-Baseline,5885,-123.12917480974409,44.98433170990787
b2b-all-22516971-54hdt-d,b2b-all-22516971-54hdt-d-3871,b2b-all-22516971-54hdt-d-5184,freight-hdt-D-Diesel-Baseline,5885,-123.12917480974409,44.98433170990787
b2b-all-22516971-54hdt-d,b2b-all-22516971-54hdt-d-3872,b2b-all-22516971-54hdt-d-5190,freight-hdt-D-Diesel-Baseline,5885,-123.12917480974409,44.98433170990787
b2b-all-22516971-54hdt-d,b2b-all-22516971-54hdt-d-3873,b2b-all-22516971-54hdt-d-5189,freight-hdt-D-Diesel-Baseline,5885,-123.12917480974409,44.98433170990787
b2b-all-22518031-55hdt-d,b2b-all-22518031-55hdt-d-3874,b2b-all-22518031-55hdt-d-5202,freight-hdt-D-Diesel-Baseline,2128,-121.69744610643237,47.16798796331104
b2b-all-22518031-55hdt-d,b2b-all-22518031-55hdt-d-3875,b2b-all-22518031-55hdt-d-5203,freight-hdt-D-Diesel-Baseline,2128,-121.69744610643237,47.16798796331104
b2b-all-22518031-55hdt-d,b2b-all-22518031-55hdt-d-3876,b2b-all-22518031-55hdt-d-5204,freight-hdt-D-Diesel-Baseline,2128,-121.69744610643237,47.16798796331104
b2b-all-22518031-55hdt-d,b2b-all-22518031-55hdt-d-3877,b2b-all-22518031-55hdt-d-5208,freight-hdt-D-Diesel-Baseline,2128,-121.69744610643237,47.16798796331104
b2b-all-22518031-55hdt-d,b2b-all-22518031-55hdt-d-3878,b2b-all-22518031-55hdt-d-5205,freight-hdt-D-Diesel-Baseline,2128,-121.69744610643237,47.16798796331104
b2b-all-22518601-56hdt-d,b2b-all-22518601-56hdt-d-3879,b2b-all-22518601-56hdt-d-5220,freight-hdt-D-Diesel-Baseline,2128,-121.69744610643237,47.16798796331104
b2b-all-22518601-56hdt-d,b2b-all-22518601-56hdt-d-3880,b2b-all-22518601-56hdt-d-5226,freight-hdt-D-Diesel-Baseline,2128,-121.69744610643237,47.16798796331104
b2b-all-22518601-57hdt-d,b2b-all-22518601-57hdt-d-3881,b2b-all-22518601-57hdt-d-5245,freight-hdt-D-Diesel-Baseline,2128,-121.69744610643237,47.16798796331104
b2b-all-22518601-57hdt-d,b2b-all-22518601-57hdt-d-3882,b2b-all-22518601-57hdt-d-5242,freight-hdt-D-Diesel-Baseline,2128,-121.69744610643237,47.16798796331104
b2b-all-22518601-57hdt-d,b2b-all-22518601-57hdt-d-3883,b2b-all-22518601-57hdt-d-5243,freight-hdt-D-Diesel-Baseline,2128,-121.69744610643237,47.16798796331104
b2b-all-22518601-57hdt-d,b2b-all-22518601-57hdt-d-3884,b2b-all-22518601-57hdt-d-5244,freight-hdt-D-Diesel-Baseline,2128,-121.69744610643237,47.16798796331104
b2b-all-22518841-58hdt-d,b2b-all-22518841-58hdt-d-3885,b2b-all-22518841-58hdt-d-5256,freight-hdt-D-Diesel-Baseline,3895,-121.26884369455286,48.17174536079158
b2b-all-22518841-58hdt-d,b2b-all-22518841-58hdt-d-3886,b2b-all-22518841-58hdt-d-5257,freight-hdt-D-Diesel-Baseline,3895,-121.26884369455286,48.17174536079158
b2b-all-22518841-58hdt-d,b2b-all-22518841-58hdt-d-3887,b2b-all-22518841-58hdt-d-5258,freight-hdt-D-Diesel-Baseline,3895,-121.26884369455286,48.17174536079158
b2b-all-22518841-59hdt-d,b2b-all-22518841-59hdt-d-3888,b2b-all-22518841-59hdt-d-5275,freight-hdt-D-Diesel-Baseline,3895,-121.26884369455286,48.17174536079158
b2b-all-22518841-59hdt-d,b2b-all-22518841-59hdt-d-3889,b2b-all-22518841-59hdt-d-5276,freight-hdt-D-Diesel-Baseline,3895,-121.26884369455286,48.17174536079158
b2b-all-22518841-59hdt-d,b2b-all-22518841-59hdt-d-3890,b2b-all-22518841-59hdt-d-5277,freight-hdt-D-Diesel-Baseline,3895,-121.26884369455286,48.17174536079158
b2b-all-22518841-59hdt-d,b2b-all-22518841-59hdt-d-3891,b2b-all-22518841-59hdt-d-5278,freight-hdt-D-Diesel-Baseline,3895,-121.26884369455286,48.17174536079158
b2b-all-22518841-59hdt-d,b2b-all-22518841-59hdt-d-3892,b2b-all-22518841-59hdt-d-5279,freight-hdt-D-Diesel-Baseline,3895,-121.26884369455286,48.17174536079158
b2b-all-22518841-59hdt-d,b2b-all-22518841-59hdt-d-3893,b2b-all-22518841-59hdt-d-5280,freight-hdt-D-Diesel-Baseline,3895,-121.26884369455286,48.17174536079158
b2b-all-22518841-59hdt-d,b2b-all-22518841-59hdt-d-3894,b2b-all-22518841-59hdt-d-5281,freight-hdt-D-Diesel-Baseline,3895,-121.26884369455286,48.17174536079158
b2b-all-22518861-60hdt-d,b2b-all-22518861-60hdt-d-3895,b2b-all-22518861-60hdt-d-5294,freight-hdt-D-Diesel-Baseline,3895,-121.26884369455286,48.17174536079158
b2b-all-22518861-60hdt-d,b2b-all-22518861-60hdt-d-3896,b2b-all-22518861-60hdt-d-5295,freight-hdt-D-Diesel-Baseline,3895,-121.26884369455286,48.17174536079158
b2b-all-22518861-60hdt-d,b2b-all-22518861-60hdt-d-3897,b2b-all-22518861-60hdt-d-5296,freight-hdt-D-Diesel-Baseline,3895,-121.26884369455286,48.17174536079158
b2b-all-22518861-60hdt-d,b2b-all-22518861-60hdt-d-3898,b2b-all-22518861-60hdt-d-5297,freight-hdt-D-Diesel-Baseline,3895,-121.26884369455286,48.17174536079158
b2b-all-22518861-60hdt-d,b2b-all-22518861-60hdt-d-3899,b2b-all-22518861-60hdt-d-5298,freight-hdt-D-Diesel-Baseline,3895,-121.26884369455286,48.17174536079158
b2b-all-22518861-60hdt-d,b2b-all-22518861-60hdt-d-3900,b2b-all-22518861-60hdt-d-5299,freight-hdt-D-Diesel-Baseline,3895,-121.26884369455286,48.17174536079158
b2b-all-22519361-61hdt-d,b2b-all-22519361-61hdt-d-3901,b2b-all-22519361-61hdt-d-5314,freight-hdt-D-Diesel-Baseline,3854,-122.3645144674494,48.26687162473969
b2b-all-22519361-61hdt-d,b2b-all-22519361-61hdt-d-3902,b2b-all-22519361-61hdt-d-5315,freight-hdt-D-Diesel-Baseline,3854,-122.3645144674494,48.26687162473969
b2b-all-22519361-61hdt-d,b2b-all-22519361-61hdt-d-3903,b2b-all-22519361-61hdt-d-5316,freight-hdt-D-Diesel-Baseline,3854,-122.3645144674494,48.26687162473969
b2b-all-22519401-62hdt-d-0,b2b-all-22519401-62hdt-d-0-3904,b2b-all-22519401-62hdt-d-0-5328,freight-hdt-D-Diesel-Baseline,3854,-122.3645144674494,48.26687162473969
b2b-all-22519401-62hdt-d-0,b2b-all-22519401-62hdt-d-0-3905,b2b-all-22519401-62hdt-d-0-5330,freight-hdt-D-Diesel-Baseline,3854,-122.3645144674494,48.26687162473969
b2b-all-22519401-62hdt-d-0,b2b-all-22519401-62hdt-d-0-3906,b2b-all-22519401-62hdt-d-0-5331,freight-hdt-D-Diesel-Baseline,3854,-122.3645144674494,48.26687162473969
b2b-all-22519401-62hdt-d-0,b2b-all-22519401-62hdt-d-0-3907,b2b-all-22519401-62hdt-d-0-5332,freight-hdt-D-Diesel-Baseline,3854,-122.3645144674494,48.26687162473969
b2b-all-22519401-62hdt-d-0,b2b-all-22519401-62hdt-d-0-3908,b2b-all-22519401-62hdt-d-0-5333,freight-hdt-D-Diesel-Baseline,3854,-122.3645144674494,48.26687162473969
b2b-all-22519401-62hdt-d-0,b2b-all-22519401-62hdt-d-0-3909,b2b-all-22519401-62hdt-d-0-5334,freight-hdt-D-Diesel-Baseline,3854,-122.3645144674494,48.26687162473969
b2b-all-22519401-62hdt-d-0,b2b-all-22519401-62hdt-d-0-3910,b2b-all-22519401-62hdt-d-0-5328,freight-hdt-D-Diesel-Baseline,3854,-122.3645144674494,48.26687162473969
b2b-all-22519401-62hdt-d-1,b2b-all-22519401-62hdt-d-1-3911,b2b-all-22519401-62hdt-d-1-5346,freight-hdt-D-Diesel-Baseline,3854,-122.3645144674494,48.26687162473969
b2b-all-22519401-62hdt-d-1,b2b-all-22519401-62hdt-d-1-3912,b2b-all-22519401-62hdt-d-1-5347,freight-hdt-D-Diesel-Baseline,3854,-122.3645144674494,48.26687162473969
b2b-all-22519401-62hdt-d-1,b2b-all-22519401-62hdt-d-1-3913,b2b-all-22519401-62hdt-d-1-5353,freight-hdt-D-Diesel-Baseline,3854,-122.3645144674494,48.26687162473969
b2b-all-22519421-63hdt-d-0,b2b-all-22519421-63hdt-d-0-3914,b2b-all-22519421-63hdt-d-0-5364,freight-hdt-D-Diesel-Baseline,3854,-122.3645144674494,48.26687162473969
b2b-all-22519421-63hdt-d-0,b2b-all-22519421-63hdt-d-0-3915,b2b-all-22519421-63hdt-d-0-5364,freight-hdt-D-Diesel-Baseline,3854,-122.3645144674494,48.26687162473969
b2b-all-22519421-63hdt-d-0,b2b-all-22519421-63hdt-d-0-3916,b2b-all-22519421-63hdt-d-0-5365,freight-hdt-D-Diesel-Baseline,3854,-122.3645144674494,48.26687162473969
b2b-all-22519421-63hdt-d-0,b2b-all-22519421-63hdt-d-0-3917,b2b-all-22519421-63hdt-d-0-5366,freight-hdt-D-Diesel-Baseline,3854,-122.3645144674494,48.26687162473969
b2b-all-22519421-63hdt-d-0,b2b-all-22519421-63hdt-d-0-3918,b2b-all-22519421-63hdt-d-0-5367,freight-hdt-D-Diesel-Baseline,3854,-122.3645144674494,48.26687162473969
b2b-all-22519421-63hdt-d-0,b2b-all-22519421-63hdt-d-0-3919,b2b-all-22519421-63hdt-d-0-5368,freight-hdt-D-Diesel-Baseline,3854,-122.3645144674494,48.26687162473969
b2b-all-22519421-63hdt-d-0,b2b-all-22519421-63hdt-d-0-3920,b2b-all-22519421-63hdt-d-0-5369,freight-hdt-D-Diesel-Baseline,3854,-122.3645144674494,48.26687162473969
b2b-all-22519421-63hdt-d-0,b2b-all-22519421-63hdt-d-0-3921,b2b-all-22519421-63hdt-d-0-5370,freight-hdt-D-Diesel-Baseline,3854,-122.3645144674494,48.26687162473969
b2b-all-22519421-63hdt-d-1,b2b-all-22519421-63hdt-d-1-3922,b2b-all-22519421-63hdt-d-1-5389,freight-hdt-D-Diesel-Baseline,3854,-122.3645144674494,48.26687162473969
b2b-all-22622061-64hdt-d,b2b-all-22622061-64hdt-d-3923,b2b-all-22622061-64hdt-d-5400,freight-hdt-D-Diesel-Baseline,5885,-123.12917480974409,44.98433170990787
b2b-all-22622061-64hdt-d,b2b-all-22622061-64hdt-d-3924,b2b-all-22622061-64hdt-d-5404,freight-hdt-D-Diesel-Baseline,5885,-123.12917480974409,44.98433170990787
b2b-all-22622061-64hdt-d,b2b-all-22622061-64hdt-d-3925,b2b-all-22622061-64hdt-d-5405,freight-hdt-D-Diesel-Baseline,5885,-123.12917480974409,44.98433170990787
b2b-all-22622061-64hdt-d,b2b-all-22622061-64hdt-d-3926,b2b-all-22622061-64hdt-d-5406,freight-hdt-D-Diesel-Baseline,5885,-123.12917480974409,44.98433170990787
b2b-all-22622061-64hdt-d,b2b-all-22622061-64hdt-d-3927,b2b-all-22622061-64hdt-d-5407,freight-hdt-D-Diesel-Baseline,5885,-123.12917480974409,44.98433170990787
b2b-all-22622061-64hdt-d,b2b-all-22622061-64hdt-d-3928,b2b-all-22622061-64hdt-d-5402,freight-hdt-D-Diesel-Baseline,5885,-123.12917480974409,44.98433170990787
b2b-all-22622061-65hdt-d,b2b-all-22622061-65hdt-d-3929,b2b-all-22622061-65hdt-d-5424,freight-hdt-D-Diesel-Baseline,5885,-123.12917480974409,44.98433170990787
b2b-all-22622061-65hdt-d,b2b-all-22622061-65hdt-d-3930,b2b-all-22622061-65hdt-d-5425,freight-hdt-D-Diesel-Baseline,5885,-123.12917480974409,44.98433170990787
b2b-all-22622111-66hdt-d,b2b-all-22622111-66hdt-d-3931,b2b-all-22622111-66hdt-d-5436,freight-hdt-D-Diesel-Baseline,5885,-123.12917480974409,44.98433170990787
b2b-all-22622111-66hdt-d,b2b-all-22622111-66hdt-d-3932,b2b-all-22622111-66hdt-d-5437,freight-hdt-D-Diesel-Baseline,5885,-123.12917480974409,44.98433170990787
b2b-all-22622111-66hdt-d,b2b-all-22622111-66hdt-d-3933,b2b-all-22622111-66hdt-d-5438,freight-hdt-D-Diesel-Baseline,5885,-123.12917480974409,44.98433170990787
b2b-all-22622111-66hdt-d,b2b-all-22622111-66hdt-d-3934,b2b-all-22622111-66hdt-d-5442,freight-hdt-D-Diesel-Baseline,5885,-123.12917480974409,44.98433170990787
b2b-all-22622111-66hdt-d,b2b-all-22622111-66hdt-d-3935,b2b-all-22622111-66hdt-d-5438,freight-hdt-D-Diesel-Baseline,5885,-123.12917480974409,44.98433170990787
b2b-all-22622111-66hdt-d,b2b-all-22622111-66hdt-d-3936,b2b-all-22622111-66hdt-d-5439,freight-hdt-D-Diesel-Baseline,5885,-123.12917480974409,44.98433170990787
b2b-all-22622111-67hdt-d,b2b-all-22622111-67hdt-d-3937,b2b-all-22622111-67hdt-d-5461,freight-hdt-D-Diesel-Baseline,5885,-123.12917480974409,44.98433170990787
b2b-all-22623081-68hdt-d-0,b2b-all-22623081-68hdt-d-0-3938,b2b-all-22623081-68hdt-d-0-5472,freight-hdt-D-Diesel-Baseline,3854,-122.3645144674494,48.26687162473969
b2b-all-22623081-68hdt-d-0,b2b-all-22623081-68hdt-d-0-3939,b2b-all-22623081-68hdt-d-0-5472,freight-hdt-D-Diesel-Baseline,3854,-122.3645144674494,48.26687162473969
b2b-all-22623081-68hdt-d-0,b2b-all-22623081-68hdt-d-0-3940,b2b-all-22623081-68hdt-d-0-5473,freight-hdt-D-Diesel-Baseline,3854,-122.3645144674494,48.26687162473969
b2b-all-22623081-68hdt-d-0,b2b-all-22623081-68hdt-d-0-3941,b2b-all-22623081-68hdt-d-0-5474,freight-hdt-D-Diesel-Baseline,3854,-122.3645144674494,48.26687162473969
b2b-all-22623081-68hdt-d-0,b2b-all-22623081-68hdt-d-0-3942,b2b-all-22623081-68hdt-d-0-5475,freight-hdt-D-Diesel-Baseline,3854,-122.3645144674494,48.26687162473969
b2b-all-22623081-68hdt-d-0,b2b-all-22623081-68hdt-d-0-3943,b2b-all-22623081-68hdt-d-0-5476,freight-hdt-D-Diesel-Baseline,3854,-122.3645144674494,48.26687162473969
b2b-all-22623081-68hdt-d-0,b2b-all-22623081-68hdt-d-0-3944,b2b-all-22623081-68hdt-d-0-5477,freight-hdt-D-Diesel-Baseline,3854,-122.3645144674494,48.26687162473969
b2b-all-22623081-68hdt-d-0,b2b-all-22623081-68hdt-d-0-3945,b2b-all-22623081-68hdt-d-0-5478,freight-hdt-D-Diesel-Baseline,3854,-122.3645144674494,48.26687162473969
b2b-all-22623081-68hdt-d-1,b2b-all-22623081-68hdt-d-1-3946,b2b-all-22623081-68hdt-d-1-5490,freight-hdt-D-Diesel-Baseline,3854,-122.3645144674494,48.26687162473969
b2b-all-22623081-68hdt-d-1,b2b-all-22623081-68hdt-d-1-3947,b2b-all-22623081-68hdt-d-1-5491,freight-hdt-D-Diesel-Baseline,3854,-122.3645144674494,48.26687162473969
b2b-all-22623081-68hdt-d-1,b2b-all-22623081-68hdt-d-1-3948,b2b-all-22623081-68hdt-d-1-5497,freight-hdt-D-Diesel-Baseline,3854,-122.3645144674494,48.26687162473969
b2b-all-22623302-69hdt-d,b2b-all-22623302-69hdt-d-3949,b2b-all-22623302-69hdt-d-5515,freight-hdt-D-Diesel-Baseline,2128,-121.69744610643237,47.16798796331104
b2b-all-22623302-69hdt-d,b2b-all-22623302-69hdt-d-3950,b2b-all-22623302-69hdt-d-5514,freight-hdt-D-Diesel-Baseline,2128,-121.69744610643237,47.16798796331104
b2b-all-22623302-69hdt-d,b2b-all-22623302-69hdt-d-3951,b2b-all-22623302-69hdt-d-5513,freight-hdt-D-Diesel-Baseline,2128,-121.69744610643237,47.16798796331104
b2b-all-22623302-70hdt-d,b2b-all-22623302-70hdt-d-3952,b2b-all-22623302-70hdt-d-5532,freight-hdt-D-Diesel-Baseline,2128,-121.69744610643237,47.16798796331104
b2b-all-22623302-70hdt-d,b2b-all-22623302-70hdt-d-3953,b2b-all-22623302-70hdt-d-5533,freight-hdt-D-Diesel-Baseline,2128,-121.69744610643237,47.16798796331104
b2b-all-68330692-71hdt-d-0,b2b-all-68330692-71hdt-d-0-3954,b2b-all-68330692-71hdt-d-0-5559,freight-hdt-D-Diesel-Baseline,2128,-121.69744610643237,47.16798796331104
b2b-all-68330692-71hdt-d-0,b2b-all-68330692-71hdt-d-0-3955,b2b-all-68330692-71hdt-d-0-5560,freight-hdt-D-Diesel-Baseline,2128,-121.69744610643237,47.16798796331104
b2b-all-68330692-71hdt-d-0,b2b-all-68330692-71hdt-d-0-3956,b2b-all-68330692-71hdt-d-0-5562,freight-hdt-D-Diesel-Baseline,2128,-121.69744610643237,47.16798796331104
b2b-all-68330692-71hdt-d-0,b2b-all-68330692-71hdt-d-0-3957,b2b-all-68330692-71hdt-d-0-5563,freight-hdt-D-Diesel-Baseline,2128,-121.69744610643237,47.16798796331104
b2b-all-68330692-71hdt-d-0,b2b-all-68330692-71hdt-d-0-3958,b2b-all-68330692-71hdt-d-0-5564,freight-hdt-D-Diesel-Baseline,2128,-121.69744610643237,47.16798796331104
b2b-all-68330692-71hdt-d-0,b2b-all-68330692-71hdt-d-0-3959,b2b-all-68330692-71hdt-d-0-5565,freight-hdt-D-Diesel-Baseline,2128,-121.69744610643237,47.16798796331104
b2b-all-68330692-71hdt-d-0,b2b-all-68330692-71hdt-d-0-3960,b2b-all-68330692-71hdt-d-0-5567,freight-hdt-D-Diesel-Baseline,2128,-121.69744610643237,47.16798796331104
b2b-all-68330692-71hdt-d-0,b2b-all-68330692-71hdt-d-0-3961,b2b-all-68330692-71hdt-d-0-5568,freight-hdt-D-Diesel-Baseline,2128,-121.69744610643237,47.16798796331104
b2b-all-68330692-71hdt-d-0,b2b-all-68330692-71hdt-d-0-3962,b2b-all-68330692-71hdt-d-0-5569,freight-hdt-D-Diesel-Baseline,2128,-121.69744610643237,47.16798796331104
b2b-all-68330692-71hdt-d-1,b2b-all-68330692-71hdt-d-1-3963,b2b-all-68330692-71hdt-d-1-5603,freight-hdt-D-Diesel-Baseline,2128,-121.69744610643237,47.16798796331104
b2b-all-68330692-71hdt-d-1,b2b-all-68330692-71hdt-d-1-3964,b2b-all-68330692-71hdt-d-1-5604,freight-hdt-D-Diesel-Baseline,2128,-121.69744610643237,47.16798796331104
b2b-all-68330692-71hdt-d-1,b2b-all-68330692-71hdt-d-1-3965,b2b-all-68330692-71hdt-d-1-5605,freight-hdt-D-Diesel-Baseline,2128,-121.69744610643237,47.16798796331104
b2b-all-68330692-71hdt-d-1,b2b-all-68330692-71hdt-d-1-3966,b2b-all-68330692-71hdt-d-1-5602,freight-hdt-D-Diesel-Baseline,2128,-121.69744610643237,47.16798796331104
b2b-all-68330692-72hdt-d,b2b-all-68330692-72hdt-d-3967,b2b-all-68330692-72hdt-d-5640,freight-hdt-D-Diesel-Baseline,2128,-121.69744610643237,47.16798796331104
b2b-all-68330692-72hdt-d,b2b-all-68330692-72hdt-d-3968,b2b-all-68330692-72hdt-d-5641,freight-hdt-D-Diesel-Baseline,2128,-121.69744610643237,47.16798796331104
b2b-all-68330882-73hdt-d-0,b2b-all-68330882-73hdt-d-0-3969,b2b-all-68330882-73hdt-d-0-5695,freight-hdt-D-Diesel-Baseline,2128,-121.69744610643237,47.16798796331104
b2b-all-68330882-73hdt-d-0,b2b-all-68330882-73hdt-d-0-3970,b2b-all-68330882-73hdt-d-0-5652,freight-hdt-D-Diesel-Baseline,2128,-121.69744610643237,47.16798796331104
b2b-all-68330882-73hdt-d-0,b2b-all-68330882-73hdt-d-0-3971,b2b-all-68330882-73hdt-d-0-5653,freight-hdt-D-Diesel-Baseline,2128,-121.69744610643237,47.16798796331104
b2b-all-68330882-73hdt-d-0,b2b-all-68330882-73hdt-d-0-3972,b2b-all-68330882-73hdt-d-0-5654,freight-hdt-D-Diesel-Baseline,2128,-121.69744610643237,47.16798796331104
b2b-all-68330882-73hdt-d-0,b2b-all-68330882-73hdt-d-0-3973,b2b-all-68330882-73hdt-d-0-5655,freight-hdt-D-Diesel-Baseline,2128,-121.69744610643237,47.16798796331104
b2b-all-68330882-73hdt-d-0,b2b-all-68330882-73hdt-d-0-3974,b2b-all-68330882-73hdt-d-0-5656,freight-hdt-D-Diesel-Baseline,2128,-121.69744610643237,47.16798796331104
b2b-all-68330882-73hdt-d-0,b2b-all-68330882-73hdt-d-0-3975,b2b-all-68330882-73hdt-d-0-5691,freight-hdt-D-Diesel-Baseline,2128,-121.69744610643237,47.16798796331104
b2b-all-68330882-73hdt-d-0,b2b-all-68330882-73hdt-d-0-3976,b2b-all-68330882-73hdt-d-0-5693,freight-hdt-D-Diesel-Baseline,2128,-121.69744610643237,47.16798796331104
b2b-all-68330882-73hdt-d-0,b2b-all-68330882-73hdt-d-0-3977,b2b-all-68330882-73hdt-d-0-5694,freight-hdt-D-Diesel-Baseline,2128,-121.69744610643237,47.16798796331104
b2b-all-68330882-73hdt-d-1,b2b-all-68330882-73hdt-d-1-3978,b2b-all-68330882-73hdt-d-1-5706,freight-hdt-D-Diesel-Baseline,2128,-121.69744610643237,47.16798796331104
b2b-all-68330882-73hdt-d-1,b2b-all-68330882-73hdt-d-1-3979,b2b-all-68330882-73hdt-d-1-5707,freight-hdt-D-Diesel-Baseline,2128,-121.69744610643237,47.16798796331104
b2b-all-68330882-73hdt-d-1,b2b-all-68330882-73hdt-d-1-3980,b2b-all-68330882-73hdt-d-1-5708,freight-hdt-D-Diesel-Baseline,2128,-121.69744610643237,47.16798796331104
b2b-all-68330882-73hdt-d-1,b2b-all-68330882-73hdt-d-1-3981,b2b-all-68330882-73hdt-d-1-5709,freight-hdt-D-Diesel-Baseline,2128,-121.69744610643237,47.16798796331104
b2b-all-68330882-73hdt-d-1,b2b-all-68330882-73hdt-d-1-3982,b2b-all-68330882-73hdt-d-1-5710,freight-hdt-D-Diesel-Baseline,2128,-121.69744610643237,47.16798796331104
b2b-all-68330882-73hdt-d-1,b2b-all-68330882-73hdt-d-1-3983,b2b-all-68330882-73hdt-d-1-5711,freight-hdt-D-Diesel-Baseline,2128,-121.69744610643237,47.16798796331104
b2b-all-68330882-73hdt-d-1,b2b-all-68330882-73hdt-d-1-3984,b2b-all-68330882-73hdt-d-1-5747,freight-hdt-D-Diesel-Baseline,2128,-121.69744610643237,47.16798796331104
b2b-all-68330882-73hdt-d-1,b2b-all-68330882-73hdt-d-1-3985,b2b-all-68330882-73hdt-d-1-5748,freight-hdt-D-Diesel-Baseline,2128,-121.69744610643237,47.16798796331104
b2b-all-68330882-73hdt-d-2,b2b-all-68330882-73hdt-d-2-3986,b2b-all-68330882-73hdt-d-2-5760,freight-hdt-D-Diesel-Baseline,2128,-121.69744610643237,47.16798796331104
b2b-all-68330882-73hdt-d-2,b2b-all-68330882-73hdt-d-2-3987,b2b-all-68330882-73hdt-d-2-5761,freight-hdt-D-Diesel-Baseline,2128,-121.69744610643237,47.16798796331104
b2b-all-68330882-73hdt-d-2,b2b-all-68330882-73hdt-d-2-3988,b2b-all-68330882-73hdt-d-2-5762,freight-hdt-D-Diesel-Baseline,2128,-121.69744610643237,47.16798796331104
b2b-all-68330882-74hdt-d-0,b2b-all-68330882-74hdt-d-0-3989,b2b-all-68330882-74hdt-d-0-5853,freight-hdt-D-Diesel-Baseline,2128,-121.69744610643237,47.16798796331104
b2b-all-68330882-74hdt-d-0,b2b-all-68330882-74hdt-d-0-3990,b2b-all-68330882-74hdt-d-0-5854,freight-hdt-D-Diesel-Baseline,2128,-121.69744610643237,47.16798796331104
b2b-all-68330882-74hdt-d-0,b2b-all-68330882-74hdt-d-0-3991,b2b-all-68330882-74hdt-d-0-5855,freight-hdt-D-Diesel-Baseline,2128,-121.69744610643237,47.16798796331104
b2b-all-68330882-74hdt-d-0,b2b-all-68330882-74hdt-d-0-3992,b2b-all-68330882-74hdt-d-0-5856,freight-hdt-D-Diesel-Baseline,2128,-121.69744610643237,47.16798796331104
b2b-all-68330882-74hdt-d-0,b2b-all-68330882-74hdt-d-0-3993,b2b-all-68330882-74hdt-d-0-5857,freight-hdt-D-Diesel-Baseline,2128,-121.69744610643237,47.16798796331104
b2b-all-68330882-74hdt-d-0,b2b-all-68330882-74hdt-d-0-3994,b2b-all-68330882-74hdt-d-0-5842,freight-hdt-D-Diesel-Baseline,2128,-121.69744610643237,47.16798796331104
b2b-all-68330882-74hdt-d-0,b2b-all-68330882-74hdt-d-0-3995,b2b-all-68330882-74hdt-d-0-5843,freight-hdt-D-Diesel-Baseline,2128,-121.69744610643237,47.16798796331104
b2b-all-68330882-74hdt-d-0,b2b-all-68330882-74hdt-d-0-3996,b2b-all-68330882-74hdt-d-0-5844,freight-hdt-D-Diesel-Baseline,2128,-121.69744610643237,47.16798796331104
b2b-all-68330882-74hdt-d-0,b2b-all-68330882-74hdt-d-0-3997,b2b-all-68330882-74hdt-d-0-5845,freight-hdt-D-Diesel-Baseline,2128,-121.69744610643237,47.16798796331104
b2b-all-68330882-74hdt-d-0,b2b-all-68330882-74hdt-d-0-3998,b2b-all-68330882-74hdt-d-0-5846,freight-hdt-D-Diesel-Baseline,2128,-121.69744610643237,47.16798796331104
b2b-all-68330882-74hdt-d-0,b2b-all-68330882-74hdt-d-0-3999,b2b-all-68330882-74hdt-d-0-5847,freight-hdt-D-Diesel-Baseline,2128,-121.69744610643237,47.16798796331104
b2b-all-68330882-74hdt-d-0,b2b-all-68330882-74hdt-d-0-4000,b2b-all-68330882-74hdt-d-0-5848,freight-hdt-D-Diesel-Baseline,2128,-121.69744610643237,47.16798796331104
b2b-all-68330882-74hdt-d-0,b2b-all-68330882-74hdt-d-0-4001,b2b-all-68330882-74hdt-d-0-5849,freight-hdt-D-Diesel-Baseline,2128,-121.69744610643237,47.16798796331104
b2b-all-68330882-74hdt-d-0,b2b-all-68330882-74hdt-d-0-4002,b2b-all-68330882-74hdt-d-0-5850,freight-hdt-D-Diesel-Baseline,2128,-121.69744610643237,47.16798796331104
b2b-all-68330882-74hdt-d-0,b2b-all-68330882-74hdt-d-0-4003,b2b-all-68330882-74hdt-d-0-5851,freight-hdt-D-Diesel-Baseline,2128,-121.69744610643237,47.16798796331104
b2b-all-68330882-74hdt-d-0,b2b-all-68330882-74hdt-d-0-4004,b2b-all-68330882-74hdt-d-0-5852,freight-hdt-D-Diesel-Baseline,2128,-121.69744610643237,47.16798796331104
b2b-all-68330882-74hdt-d-1,b2b-all-68330882-74hdt-d-1-4005,b2b-all-68330882-74hdt-d-1-5897,freight-hdt-D-Diesel-Baseline,2128,-121.69744610643237,47.16798796331104
b2b-all-68330882-74hdt-d-1,b2b-all-68330882-74hdt-d-1-4006,b2b-all-68330882-74hdt-d-1-5898,freight-hdt-D-Diesel-Baseline,2128,-121.69744610643237,47.16798796331104
b2b-all-68330882-74hdt-d-1,b2b-all-68330882-74hdt-d-1-4007,b2b-all-68330882-74hdt-d-1-5899,freight-hdt-D-Diesel-Baseline,2128,-121.69744610643237,47.16798796331104
b2b-all-68330882-74hdt-d-1,b2b-all-68330882-74hdt-d-1-4008,b2b-all-68330882-74hdt-d-1-5900,freight-hdt-D-Diesel-Baseline,2128,-121.69744610643237,47.16798796331104
b2b-all-68330882-74hdt-d-1,b2b-all-68330882-74hdt-d-1-4009,b2b-all-68330882-74hdt-d-1-5901,freight-hdt-D-Diesel-Baseline,2128,-121.69744610643237,47.16798796331104
b2b-all-68330882-74hdt-d-1,b2b-all-68330882-74hdt-d-1-4010,b2b-all-68330882-74hdt-d-1-5902,freight-hdt-D-Diesel-Baseline,2128,-121.69744610643237,47.16798796331104
b2b-all-68330882-74hdt-d-1,b2b-all-68330882-74hdt-d-1-4011,b2b-all-68330882-74hdt-d-1-5903,freight-hdt-D-Diesel-Baseline,2128,-121.69744610643237,47.16798796331104
b2b-all-68330882-74hdt-d-1,b2b-all-68330882-74hdt-d-1-4012,b2b-all-68330882-74hdt-d-1-5904,freight-hdt-D-Diesel-Baseline,2128,-121.69744610643237,47.16798796331104
b2b-all-68330882-74hdt-d-1,b2b-all-68330882-74hdt-d-1-4013,b2b-all-68330882-74hdt-d-1-5905,freight-hdt-D-Diesel-Baseline,2128,-121.69744610643237,47.16798796331104
b2b-all-68330882-74hdt-d-1,b2b-all-68330882-74hdt-d-1-4014,b2b-all-68330882-74hdt-d-1-5906,freight-hdt-D-Diesel-Baseline,2128,-121.69744610643237,47.16798796331104
b2b-all-68330882-74hdt-d-1,b2b-all-68330882-74hdt-d-1-4015,b2b-all-68330882-74hdt-d-1-5907,freight-hdt-D-Diesel-Baseline,2128,-121.69744610643237,47.16798796331104
b2b-all-68330882-74hdt-d-1,b2b-all-68330882-74hdt-d-1-4016,b2b-all-68330882-74hdt-d-1-5908,freight-hdt-D-Diesel-Baseline,2128,-121.69744610643237,47.16798796331104
b2b-all-68330882-74hdt-d-1,b2b-all-68330882-74hdt-d-1-4017,b2b-all-68330882-74hdt-d-1-5909,freight-hdt-D-Diesel-Baseline,2128,-121.69744610643237,47.16798796331104
b2b-all-68330882-74hdt-d-1,b2b-all-68330882-74hdt-d-1-4018,b2b-all-68330882-74hdt-d-1-5910,freight-hdt-D-Diesel-Baseline,2128,-121.69744610643237,47.16798796331104
b2b-all-68330882-74hdt-d-1,b2b-all-68330882-74hdt-d-1-4019,b2b-all-68330882-74hdt-d-1-5911,freight-hdt-D-Diesel-Baseline,2128,-121.69744610643237,47.16798796331104
b2b-all-68330882-74hdt-d-2,b2b-all-68330882-74hdt-d-2-4020,b2b-all-68330882-74hdt-d-2-5958,freight-hdt-D-Diesel-Baseline,2128,-121.69744610643237,47.16798796331104
b2b-all-68330882-74hdt-d-2,b2b-all-68330882-74hdt-d-2-4021,b2b-all-68330882-74hdt-d-2-5959,freight-hdt-D-Diesel-Baseline,2128,-121.69744610643237,47.16798796331104
b2b-all-68330882-74hdt-d-2,b2b-all-68330882-74hdt-d-2-4022,b2b-all-68330882-74hdt-d-2-5960,freight-hdt-D-Diesel-Baseline,2128,-121.69744610643237,47.16798796331104
b2b-all-68330882-74hdt-d-2,b2b-all-68330882-74hdt-d-2-4023,b2b-all-68330882-74hdt-d-2-5961,freight-hdt-D-Diesel-Baseline,2128,-121.69744610643237,47.16798796331104
b2b-all-68330882-74hdt-d-2,b2b-all-68330882-74hdt-d-2-4024,b2b-all-68330882-74hdt-d-2-5962,freight-hdt-D-Diesel-Baseline,2128,-121.69744610643237,47.16798796331104
b2b-all-68330882-74hdt-d-2,b2b-all-68330882-74hdt-d-2-4025,b2b-all-68330882-74hdt-d-2-5963,freight-hdt-D-Diesel-Baseline,2128,-121.69744610643237,47.16798796331104
b2b-all-68330882-74hdt-d-2,b2b-all-68330882-74hdt-d-2-4026,b2b-all-68330882-74hdt-d-2-5964,freight-hdt-D-Diesel-Baseline,2128,-121.69744610643237,47.16798796331104
b2b-all-68330882-74hdt-d-2,b2b-all-68330882-74hdt-d-2-4027,b2b-all-68330882-74hdt-d-2-5965,freight-hdt-D-Diesel-Baseline,2128,-121.69744610643237,47.16798796331104
b2b-all-68330882-74hdt-d-2,b2b-all-68330882-74hdt-d-2-4028,b2b-all-68330882-74hdt-d-2-5953,freight-hdt-D-Diesel-Baseline,2128,-121.69744610643237,47.16798796331104
b2b-all-68330882-74hdt-d-2,b2b-all-68330882-74hdt-d-2-4029,b2b-all-68330882-74hdt-d-2-5954,freight-hdt-D-Diesel-Baseline,2128,-121.69744610643237,47.16798796331104
b2b-all-68330882-74hdt-d-2,b2b-all-68330882-74hdt-d-2-4030,b2b-all-68330882-74hdt-d-2-5955,freight-hdt-D-Diesel-Baseline,2128,-121.69744610643237,47.16798796331104
b2b-all-68330882-74hdt-d-2,b2b-all-68330882-74hdt-d-2-4031,b2b-all-68330882-74hdt-d-2-5956,freight-hdt-D-Diesel-Baseline,2128,-121.69744610643237,47.16798796331104
b2b-all-68330882-74hdt-d-2,b2b-all-68330882-74hdt-d-2-4032,b2b-all-68330882-74hdt-d-2-5957,freight-hdt-D-Diesel-Baseline,2128,-121.69744610643237,47.16798796331104
b2b-all-68330882-74hdt-d-3,b2b-all-68330882-74hdt-d-3-4033,b2b-all-68330882-74hdt-d-3-6010,freight-hdt-D-Diesel-Baseline,2128,-121.69744610643237,47.16798796331104
b2b-all-68330882-74hdt-d-3,b2b-all-68330882-74hdt-d-3-4034,b2b-all-68330882-74hdt-d-3-6011,freight-hdt-D-Diesel-Baseline,2128,-121.69744610643237,47.16798796331104
b2b-all-68330882-74hdt-d-3,b2b-all-68330882-74hdt-d-3-4035,b2b-all-68330882-74hdt-d-3-6012,freight-hdt-D-Diesel-Baseline,2128,-121.69744610643237,47.16798796331104
b2b-all-68330882-74hdt-d-3,b2b-all-68330882-74hdt-d-3-4036,b2b-all-68330882-74hdt-d-3-6013,freight-hdt-D-Diesel-Baseline,2128,-121.69744610643237,47.16798796331104
b2b-all-68330882-74hdt-d-3,b2b-all-68330882-74hdt-d-3-4037,b2b-all-68330882-74hdt-d-3-6014,freight-hdt-D-Diesel-Baseline,2128,-121.69744610643237,47.16798796331104
b2b-all-68330882-74hdt-d-3,b2b-all-68330882-74hdt-d-3-4038,b2b-all-68330882-74hdt-d-3-6015,freight-hdt-D-Diesel-Baseline,2128,-121.69744610643237,47.16798796331104
b2b-all-68330882-74hdt-d-3,b2b-all-68330882-74hdt-d-3-4039,b2b-all-68330882-74hdt-d-3-6016,freight-hdt-D-Diesel-Baseline,2128,-121.69744610643237,47.16798796331104
b2b-all-68330882-74hdt-d-3,b2b-all-68330882-74hdt-d-3-4040,b2b-all-68330882-74hdt-d-3-6017,freight-hdt-D-Diesel-Baseline,2128,-121.69744610643237,47.16798796331104
b2b-all-68330882-74hdt-d-3,b2b-all-68330882-74hdt-d-3-4041,b2b-all-68330882-74hdt-d-3-6018,freight-hdt-D-Diesel-Baseline,2128,-121.69744610643237,47.16798796331104
b2b-all-68330882-74hdt-d-3,b2b-all-68330882-74hdt-d-3-4042,b2b-all-68330882-74hdt-d-3-6019,freight-hdt-D-Diesel-Baseline,2128,-121.69744610643237,47.16798796331104
b2b-all-68330882-74hdt-d-4,b2b-all-68330882-74hdt-d-4-4043,b2b-all-68330882-74hdt-d-4-6064,freight-hdt-D-Diesel-Baseline,2128,-121.69744610643237,47.16798796331104
b2b-all-68330882-74hdt-d-4,b2b-all-68330882-74hdt-d-4-4044,b2b-all-68330882-74hdt-d-4-6065,freight-hdt-D-Diesel-Baseline,2128,-121.69744610643237,47.16798796331104
b2b-all-68330882-74hdt-d-4,b2b-all-68330882-74hdt-d-4-4045,b2b-all-68330882-74hdt-d-4-6066,freight-hdt-D-Diesel-Baseline,2128,-121.69744610643237,47.16798796331104
b2b-all-68330882-74hdt-d-4,b2b-all-68330882-74hdt-d-4-4046,b2b-all-68330882-74hdt-d-4-6067,freight-hdt-D-Diesel-Baseline,2128,-121.69744610643237,47.16798796331104
b2b-all-68330882-74hdt-d-4,b2b-all-68330882-74hdt-d-4-4047,b2b-all-68330882-74hdt-d-4-6068,freight-hdt-D-Diesel-Baseline,2128,-121.69744610643237,47.16798796331104
b2b-all-68330882-74hdt-d-4,b2b-all-68330882-74hdt-d-4-4048,b2b-all-68330882-74hdt-d-4-6069,freight-hdt-D-Diesel-Baseline,2128,-121.69744610643237,47.16798796331104
b2b-all-68330882-74hdt-d-4,b2b-all-68330882-74hdt-d-4-4049,b2b-all-68330882-74hdt-d-4-6070,freight-hdt-D-Diesel-Baseline,2128,-121.69744610643237,47.16798796331104
b2b-all-68330882-74hdt-d-4,b2b-all-68330882-74hdt-d-4-4050,b2b-all-68330882-74hdt-d-4-6071,freight-hdt-D-Diesel-Baseline,2128,-121.69744610643237,47.16798796331104
b2b-all-68330882-74hdt-d-4,b2b-all-68330882-74hdt-d-4-4051,b2b-all-68330882-74hdt-d-4-6072,freight-hdt-D-Diesel-Baseline,2128,-121.69744610643237,47.16798796331104
b2b-all-68330882-74hdt-d-4,b2b-all-68330882-74hdt-d-4-4052,b2b-all-68330882-74hdt-d-4-6073,freight-hdt-D-Diesel-Baseline,2128,-121.69744610643237,47.16798796331104
b2b-all-68330882-74hdt-d-5,b2b-all-68330882-74hdt-d-5-4053,b2b-all-68330882-74hdt-d-5-6118,freight-hdt-D-Diesel-Baseline,2128,-121.69744610643237,47.16798796331104
b2b-all-68330882-74hdt-d-5,b2b-all-68330882-74hdt-d-5-4054,b2b-all-68330882-74hdt-d-5-6119,freight-hdt-D-Diesel-Baseline,2128,-121.69744610643237,47.16798796331104
b2b-all-68330882-74hdt-d-5,b2b-all-68330882-74hdt-d-5-4055,b2b-all-68330882-74hdt-d-5-6120,freight-hdt-D-Diesel-Baseline,2128,-121.69744610643237,47.16798796331104
b2b-all-68330882-74hdt-d-5,b2b-all-68330882-74hdt-d-5-4056,b2b-all-68330882-74hdt-d-5-6121,freight-hdt-D-Diesel-Baseline,2128,-121.69744610643237,47.16798796331104
b2b-all-68330882-74hdt-d-5,b2b-all-68330882-74hdt-d-5-4057,b2b-all-68330882-74hdt-d-5-6122,freight-hdt-D-Diesel-Baseline,2128,-121.69744610643237,47.16798796331104
b2b-all-68330882-74hdt-d-5,b2b-all-68330882-74hdt-d-5-4058,b2b-all-68330882-74hdt-d-5-6123,freight-hdt-D-Diesel-Baseline,2128,-121.69744610643237,47.16798796331104
b2b-all-68330882-74hdt-d-5,b2b-all-68330882-74hdt-d-5-4059,b2b-all-68330882-74hdt-d-5-6124,freight-hdt-D-Diesel-Baseline,2128,-121.69744610643237,47.16798796331104
b2b-all-68330882-74hdt-d-5,b2b-all-68330882-74hdt-d-5-4060,b2b-all-68330882-74hdt-d-5-6125,freight-hdt-D-Diesel-Baseline,2128,-121.69744610643237,47.16798796331104
b2b-all-68330882-74hdt-d-5,b2b-all-68330882-74hdt-d-5-4061,b2b-all-68330882-74hdt-d-5-6126,freight-hdt-D-Diesel-Baseline,2128,-121.69744610643237,47.16798796331104
b2b-all-68330882-74hdt-d-5,b2b-all-68330882-74hdt-d-5-4062,b2b-all-68330882-74hdt-d-5-6127,freight-hdt-D-Diesel-Baseline,2128,-121.69744610643237,47.16798796331104
b2b-all-68330882-74hdt-d-6,b2b-all-68330882-74hdt-d-6-4063,b2b-all-68330882-74hdt-d-6-6174,freight-hdt-D-Diesel-Baseline,2128,-121.69744610643237,47.16798796331104
b2b-all-68330882-74hdt-d-6,b2b-all-68330882-74hdt-d-6-4064,b2b-all-68330882-74hdt-d-6-6175,freight-hdt-D-Diesel-Baseline,2128,-121.69744610643237,47.16798796331104
b2b-all-68330882-74hdt-d-6,b2b-all-68330882-74hdt-d-6-4065,b2b-all-68330882-74hdt-d-6-6176,freight-hdt-D-Diesel-Baseline,2128,-121.69744610643237,47.16798796331104
b2b-all-68330882-74hdt-d-6,b2b-all-68330882-74hdt-d-6-4066,b2b-all-68330882-74hdt-d-6-6177,freight-hdt-D-Diesel-Baseline,2128,-121.69744610643237,47.16798796331104
b2b-all-68330882-74hdt-d-6,b2b-all-68330882-74hdt-d-6-4067,b2b-all-68330882-74hdt-d-6-6178,freight-hdt-D-Diesel-Baseline,2128,-121.69744610643237,47.16798796331104
b2b-all-68330882-74hdt-d-6,b2b-all-68330882-74hdt-d-6-4068,b2b-all-68330882-74hdt-d-6-6179,freight-hdt-D-Diesel-Baseline,2128,-121.69744610643237,47.16798796331104
b2b-all-68330882-74hdt-d-6,b2b-all-68330882-74hdt-d-6-4069,b2b-all-68330882-74hdt-d-6-6180,freight-hdt-D-Diesel-Baseline,2128,-121.69744610643237,47.16798796331104
b2b-all-68330882-74hdt-d-6,b2b-all-68330882-74hdt-d-6-4070,b2b-all-68330882-74hdt-d-6-6181,freight-hdt-D-Diesel-Baseline,2128,-121.69744610643237,47.16798796331104
b2b-all-68330883-75hdv-d,b2b-all-68330883-75hdv-d-4071,b2b-all-68330883-75hdv-d-6197,freight-hdv-D-Diesel-Baseline,2128,-121.69744610643237,47.16798796331104
b2b-all-68330883-75hdv-d,b2b-all-68330883-75hdv-d-4072,b2b-all-68330883-75hdv-d-6198,freight-hdv-D-Diesel-Baseline,2128,-121.69744610643237,47.16798796331104
b2b-all-68330883-75hdv-d,b2b-all-68330883-75hdv-d-4073,b2b-all-68330883-75hdv-d-6211,freight-hdv-D-Diesel-Baseline,2128,-121.69744610643237,47.16798796331104
b2b-all-68330883-75hdv-d,b2b-all-68330883-75hdv-d-4074,b2b-all-68330883-75hdv-d-6212,freight-hdv-D-Diesel-Baseline,2128,-121.69744610643237,47.16798796331104
b2b-all-68330883-75hdv-d,b2b-all-68330883-75hdv-d-4075,b2b-all-68330883-75hdv-d-6208,freight-hdv-D-Diesel-Baseline,2128,-121.69744610643237,47.16798796331104
b2b-all-68330883-75hdv-d,b2b-all-68330883-75hdv-d-4076,b2b-all-68330883-75hdv-d-6209,freight-hdv-D-Diesel-Baseline,2128,-121.69744610643237,47.16798796331104
b2b-all-68330883-75hdv-d,b2b-all-68330883-75hdv-d-4077,b2b-all-68330883-75hdv-d-6207,freight-hdv-D-Diesel-Baseline,2128,-121.69744610643237,47.16798796331104
b2b-all-68330883-76hdv-d,b2b-all-68330883-76hdv-d-4078,b2b-all-68330883-76hdv-d-6239,freight-hdv-D-Diesel-Baseline,2128,-121.69744610643237,47.16798796331104
b2b-all-68330883-76hdv-d,b2b-all-68330883-76hdv-d-4079,b2b-all-68330883-76hdv-d-6240,freight-hdv-D-Diesel-Baseline,2128,-121.69744610643237,47.16798796331104
b2b-all-68330883-76hdv-d,b2b-all-68330883-76hdv-d-4080,b2b-all-68330883-76hdv-d-6238,freight-hdv-D-Diesel-Baseline,2128,-121.69744610643237,47.16798796331104
b2b-all-31373-4-0hdv-d,b2b-all-31373-4-0hdv-d-4081,b2b-all-31373-4-0hdv-d-9,freight-hdv-D-Diesel-Baseline,2502,-122.68230148915823,47.432548402245295
b2b-all-31373-4-0hdv-d,b2b-all-31373-4-0hdv-d-4082,b2b-all-31373-4-0hdv-d-10,freight-hdv-D-Diesel-Baseline,2502,-122.68230148915823,47.432548402245295
b2b-all-31373-4-0hdv-d,b2b-all-31373-4-0hdv-d-4083,b2b-all-31373-4-0hdv-d-11,freight-hdv-D-Diesel-Baseline,2502,-122.68230148915823,47.432548402245295
b2b-all-31373-4-0hdv-d,b2b-all-31373-4-0hdv-d-4084,b2b-all-31373-4-0hdv-d-12,freight-hdv-D-Diesel-Baseline,2502,-122.68230148915823,47.432548402245295
b2b-all-31373-4-0hdv-d,b2b-all-31373-4-0hdv-d-4085,b2b-all-31373-4-0hdv-d-13,freight-hdv-D-Diesel-Baseline,2502,-122.68230148915823,47.432548402245295
b2b-all-31780-1-1hdv-d,b2b-all-31780-1-1hdv-d-4086,b2b-all-31780-1-1hdv-d-33,freight-hdv-D-Diesel-Baseline,5897,-123.21550111052947,44.80748760973425
b2b-all-31780-1-1hdv-d,b2b-all-31780-1-1hdv-d-4087,b2b-all-31780-1-1hdv-d-34,freight-hdv-D-Diesel-Baseline,5897,-123.21550111052947,44.80748760973425
b2b-all-6658479-1-2md-d,b2b-all-6658479-1-2md-d-4088,b2b-all-6658479-1-2md-d-59,freight-md-D-Diesel-Baseline,2501,-122.70633096302932,47.45081667723586
b2b-all-6658479-1-2md-d,b2b-all-6658479-1-2md-d-4089,b2b-all-6658479-1-2md-d-60,freight-md-D-Diesel-Baseline,2501,-122.70633096302932,47.45081667723586
b2b-all-6658479-1-2md-d,b2b-all-6658479-1-2md-d-4090,b2b-all-6658479-1-2md-d-61,freight-md-D-Diesel-Baseline,2501,-122.70633096302932,47.45081667723586
b2b-all-6658479-1-2md-d,b2b-all-6658479-1-2md-d-4091,b2b-all-6658479-1-2md-d-62,freight-md-D-Diesel-Baseline,2501,-122.70633096302932,47.45081667723586
b2b-all-6661081-1-3md-d,b2b-all-6661081-1-3md-d-4092,b2b-all-6661081-1-3md-d-78,freight-md-D-Diesel-Baseline,2367,-122.64324783316742,47.57556413571429
b2b-all-6704899-1-4hdv-d,b2b-all-6704899-1-4hdv-d-4093,b2b-all-6704899-1-4hdv-d-89,freight-hdv-D-Diesel-Baseline,5885,-123.12917480974409,44.98433170990787
b2b-all-6714589-1-5hdt-d,b2b-all-6714589-1-5hdt-d-4094,b2b-all-6714589-1-5hdt-d-115,freight-hdt-D-Diesel-Baseline,2128,-121.69744610643237,47.16798796331104
b2b-all-690498-2-6md-d,b2b-all-690498-2-6md-d-4095,b2b-all-690498-2-6md-d-130,freight-md-D-Diesel-Baseline,5885,-123.12917480974409,44.98433170990787
b2b-all-690498-2-6md-d,b2b-all-690498-2-6md-d-4096,b2b-all-690498-2-6md-d-131,freight-md-D-Diesel-Baseline,5885,-123.12917480974409,44.98433170990787
b2b-all-690498-2-6md-d,b2b-all-690498-2-6md-d-4097,b2b-all-690498-2-6md-d-132,freight-md-D-Diesel-Baseline,5885,-123.12917480974409,44.98433170990787
b2b-all-690498-2-6md-d,b2b-all-690498-2-6md-d-4098,b2b-all-690498-2-6md-d-133,freight-md-D-Diesel-Baseline,5885,-123.12917480974409,44.98433170990787
b2b-all-690498-2-6md-d,b2b-all-690498-2-6md-d-4099,b2b-all-690498-2-6md-d-134,freight-md-D-Diesel-Baseline,5885,-123.12917480974409,44.98433170990787
b2b-all-690498-2-6md-d,b2b-all-690498-2-6md-d-4100,b2b-all-690498-2-6md-d-135,freight-md-D-Diesel-Baseline,5885,-123.12917480974409,44.98433170990787
b2b-all-690498-2-6md-d,b2b-all-690498-2-6md-d-4101,b2b-all-690498-2-6md-d-136,freight-md-D-Diesel-Baseline,5885,-123.12917480974409,44.98433170990787
b2b-all-710142-1-7md-d,b2b-all-710142-1-7md-d-4102,b2b-all-710142-1-7md-d-156,freight-md-D-Diesel-Baseline,2385,-122.63511215759938,47.55913893415308
b2b-all-710143-1-8md-d,b2b-all-710143-1-8md-d-4103,b2b-all-710143-1-8md-d-176,freight-md-D-Diesel-Baseline,2405,-122.64253592162608,47.74889524813218
b2b-all-710143-1-9hdt-d,b2b-all-710143-1-9hdt-d-4104,b2b-all-710143-1-9hdt-d-211,freight-hdt-D-Diesel-Baseline,2405,-122.64253592162608,47.74889524813218
b2b-all-723574-2-10hdv-d,b2b-all-723574-2-10hdv-d-4105,b2b-all-723574-2-10hdv-d-217,freight-hdv-D-Diesel-Baseline,3191,-122.48240942711132,47.05796598200305
b2b-all-725645-1-11hdv-d,b2b-all-725645-1-11hdv-d-4106,b2b-all-725645-1-11hdv-d-233,freight-hdv-D-Diesel-Baseline,3854,-122.3645144674494,48.26687162473969
b2b-all-726607-2-12hdv-d,b2b-all-726607-2-12hdv-d-4107,b2b-all-726607-2-12hdv-d-244,freight-hdv-D-Diesel-Baseline,2403,-122.664327525936,47.700796748617456
b2b-all-726607-2-12hdv-d,b2b-all-726607-2-12hdv-d-4108,b2b-all-726607-2-12hdv-d-249,freight-hdv-D-Diesel-Baseline,2403,-122.664327525936,47.700796748617456
b2b-all-7389817-2-13hdv-d,b2b-all-7389817-2-13hdv-d-4109,b2b-all-7389817-2-13hdv-d-265,freight-hdv-D-Diesel-Baseline,5885,-123.12917480974409,44.98433170990787
b2b-all-7391956-1-14hdt-d,b2b-all-7391956-1-14hdt-d-4110,b2b-all-7391956-1-14hdt-d-295,freight-hdt-D-Diesel-Baseline,2463,-122.92940873570474,47.573500767034304
b2b-all-7432889-1-15hdt-d,b2b-all-7432889-1-15hdt-d-4111,b2b-all-7432889-1-15hdt-d-312,freight-hdt-D-Diesel-Baseline,5885,-123.12917480974409,44.98433170990787
b2b-all-752300-1-16md-d,b2b-all-752300-1-16md-d-4112,b2b-all-752300-1-16md-d-323,freight-md-D-Diesel-Baseline,2412,-122.52707949718516,47.67612381775509
b2b-all-752300-1-16md-d,b2b-all-752300-1-16md-d-4113,b2b-all-752300-1-16md-d-332,freight-md-D-Diesel-Baseline,2412,-122.52707949718516,47.67612381775509
b2b-all-752300-1-16hdt-d,b2b-all-752300-1-16hdt-d-4114,b2b-all-752300-1-16hdt-d-372,freight-hdt-D-Diesel-Baseline,2412,-122.52707949718516,47.67612381775509
b2b-all-752300-1-16hdv-d,b2b-all-752300-1-16hdv-d-4115,b2b-all-752300-1-16hdv-d-373,freight-hdv-D-Diesel-Baseline,2412,-122.52707949718516,47.67612381775509
b2b-all-752300-1-16hdv-d,b2b-all-752300-1-16hdv-d-4116,b2b-all-752300-1-16hdv-d-382,freight-hdv-D-Diesel-Baseline,2412,-122.52707949718516,47.67612381775509
b2b-all-762124-2-17hdt-d,b2b-all-762124-2-17hdt-d-4117,b2b-all-762124-2-17hdt-d-413,freight-hdt-D-Diesel-Baseline,2510,-122.58307141259613,47.68900017779727
b2b-all-762124-2-17hdt-d,b2b-all-762124-2-17hdt-d-4118,b2b-all-762124-2-17hdt-d-419,freight-hdt-D-Diesel-Baseline,2510,-122.58307141259613,47.68900017779727
b2b-all-767434-2-18hdt-d,b2b-all-767434-2-18hdt-d-4119,b2b-all-767434-2-18hdt-d-436,freight-hdt-D-Diesel-Baseline,2406,-122.64184195766352,47.72779347606523
b2b-all-767434-2-18hdt-d,b2b-all-767434-2-18hdt-d-4120,b2b-all-767434-2-18hdt-d-437,freight-hdt-D-Diesel-Baseline,2406,-122.64184195766352,47.72779347606523
b2b-all-767434-2-19hdt-d,b2b-all-767434-2-19hdt-d-4121,b2b-all-767434-2-19hdt-d-454,freight-hdt-D-Diesel-Baseline,2406,-122.64184195766352,47.72779347606523
b2b-all-8053821-3-20hdt-d,b2b-all-8053821-3-20hdt-d-4122,b2b-all-8053821-3-20hdt-d-465,freight-hdt-D-Diesel-Baseline,2394,-122.68239131662756,47.78592236012437
b2b-all-8053821-3-20hdt-d,b2b-all-8053821-3-20hdt-d-4123,b2b-all-8053821-3-20hdt-d-466,freight-hdt-D-Diesel-Baseline,2394,-122.68239131662756,47.78592236012437
b2b-all-8053821-3-20hdt-d,b2b-all-8053821-3-20hdt-d-4124,b2b-all-8053821-3-20hdt-d-467,freight-hdt-D-Diesel-Baseline,2394,-122.68239131662756,47.78592236012437
b2b-all-8053821-3-20hdt-d,b2b-all-8053821-3-20hdt-d-4125,b2b-all-8053821-3-20hdt-d-468,freight-hdt-D-Diesel-Baseline,2394,-122.68239131662756,47.78592236012437
b2b-all-8053821-3-20hdt-d,b2b-all-8053821-3-20hdt-d-4126,b2b-all-8053821-3-20hdt-d-474,freight-hdt-D-Diesel-Baseline,2394,-122.68239131662756,47.78592236012437
b2b-all-8053821-3-20hdt-d,b2b-all-8053821-3-20hdt-d-4127,b2b-all-8053821-3-20hdt-d-475,freight-hdt-D-Diesel-Baseline,2394,-122.68239131662756,47.78592236012437
b2b-all-8053821-3-20hdt-d,b2b-all-8053821-3-20hdt-d-4128,b2b-all-8053821-3-20hdt-d-476,freight-hdt-D-Diesel-Baseline,2394,-122.68239131662756,47.78592236012437
b2b-all-830974-1-21hdv-d,b2b-all-830974-1-21hdv-d-4129,b2b-all-830974-1-21hdv-d-482,freight-hdv-D-Diesel-Baseline,2403,-122.69757956266577,47.67629955403135
b2b-all-8382830-3-22hdv-d,b2b-all-8382830-3-22hdv-d-4130,b2b-all-8382830-3-22hdv-d-499,freight-hdv-D-Diesel-Baseline,5885,-123.12917480974409,44.98433170990787
b2b-all-841988-1-23hdt-d,b2b-all-841988-1-23hdt-d-4131,b2b-all-841988-1-23hdt-d-525,freight-hdt-D-Diesel-Baseline,2358,-122.61772298227982,47.5787614348385
b2b-all-841988-1-24hdt-d,b2b-all-841988-1-24hdt-d-4132,b2b-all-841988-1-24hdt-d-541,freight-hdt-D-Diesel-Baseline,2358,-122.61772298227982,47.5787614348385
b2b-all-853795-3-25hdv-d,b2b-all-853795-3-25hdv-d-4133,b2b-all-853795-3-25hdv-d-548,freight-hdv-D-Diesel-Baseline,5885,-123.12917480974409,44.98433170990787
b2b-all-863188-1-26hdv-d,b2b-all-863188-1-26hdv-d-4134,b2b-all-863188-1-26hdv-d-564,freight-hdv-D-Diesel-Baseline,2442,-122.75912831086195,47.62239419238987
b2b-all-863190-1-27hdv-d,b2b-all-863190-1-27hdv-d-4135,b2b-all-863190-1-27hdv-d-584,freight-hdv-D-Diesel-Baseline,2359,-122.60647300188724,47.5673759959376
b2b-all-870514-1-28md-d,b2b-all-870514-1-28md-d-4136,b2b-all-870514-1-28md-d-605,freight-md-D-Diesel-Baseline,2481,-122.57699031693436,47.53867573002252
b2b-all-870522-1-29hdt-d,b2b-all-870522-1-29hdt-d-4137,b2b-all-870522-1-29hdt-d-630,freight-hdt-D-Diesel-Baseline,2128,-121.69744610643237,47.16798796331104
b2b-all-891256-2-30hdv-d,b2b-all-891256-2-30hdv-d-4138,b2b-all-891256-2-30hdv-d-631,freight-hdv-D-Diesel-Baseline,2414,-122.54255261825632,47.66499201986058
b2b-all-891256-2-30hdv-d,b2b-all-891256-2-30hdv-d-4139,b2b-all-891256-2-30hdv-d-635,freight-hdv-D-Diesel-Baseline,2414,-122.54255261825632,47.66499201986058
b2b-all-891256-2-30hdv-d,b2b-all-891256-2-30hdv-d-4140,b2b-all-891256-2-30hdv-d-636,freight-hdv-D-Diesel-Baseline,2414,-122.54255261825632,47.66499201986058
b2b-all-891256-2-31hdv-d,b2b-all-891256-2-31hdv-d-4141,b2b-all-891256-2-31hdv-d-651,freight-hdv-D-Diesel-Baseline,2414,-122.54255261825632,47.66499201986058
b2b-all-891256-2-31hdv-d,b2b-all-891256-2-31hdv-d-4142,b2b-all-891256-2-31hdv-d-652,freight-hdv-D-Diesel-Baseline,2414,-122.54255261825632,47.66499201986058
b2b-all-891275-1-32md-d,b2b-all-891275-1-32md-d-4143,b2b-all-891275-1-32md-d-673,freight-md-D-Diesel-Baseline,3191,-122.48240942711132,47.05796598200305
b2b-all-21805771-0hdt-d,b2b-all-21805771-0hdt-d-4144,b2b-all-21805771-0hdt-d-689,freight-hdt-D-Diesel-Baseline,3455,-122.30768468413044,47.9372242090533
b2b-all-21805771-0hdt-d,b2b-all-21805771-0hdt-d-4145,b2b-all-21805771-0hdt-d-690,freight-hdt-D-Diesel-Baseline,3455,-122.30768468413044,47.9372242090533
b2b-all-21805771-0hdt-d,b2b-all-21805771-0hdt-d-4146,b2b-all-21805771-0hdt-d-695,freight-hdt-D-Diesel-Baseline,3455,-122.30768468413044,47.9372242090533
b2b-all-21805771-0hdt-d,b2b-all-21805771-0hdt-d-4147,b2b-all-21805771-0hdt-d-696,freight-hdt-D-Diesel-Baseline,3455,-122.30768468413044,47.9372242090533
b2b-all-21805771-1hdt-d,b2b-all-21805771-1hdt-d-4148,b2b-all-21805771-1hdt-d-714,freight-hdt-D-Diesel-Baseline,3455,-122.30768468413044,47.9372242090533
b2b-all-21805771-1hdt-d,b2b-all-21805771-1hdt-d-4149,b2b-all-21805771-1hdt-d-707,freight-hdt-D-Diesel-Baseline,3455,-122.30768468413044,47.9372242090533
b2b-all-21805771-1hdt-d,b2b-all-21805771-1hdt-d-4150,b2b-all-21805771-1hdt-d-708,freight-hdt-D-Diesel-Baseline,3455,-122.30768468413044,47.9372242090533
b2b-all-21805771-1hdt-d,b2b-all-21805771-1hdt-d-4151,b2b-all-21805771-1hdt-d-709,freight-hdt-D-Diesel-Baseline,3455,-122.30768468413044,47.9372242090533
b2b-all-21805771-1hdt-d,b2b-all-21805771-1hdt-d-4152,b2b-all-21805771-1hdt-d-710,freight-hdt-D-Diesel-Baseline,3455,-122.30768468413044,47.9372242090533
b2b-all-21805771-1hdt-d,b2b-all-21805771-1hdt-d-4153,b2b-all-21805771-1hdt-d-711,freight-hdt-D-Diesel-Baseline,3455,-122.30768468413044,47.9372242090533
b2b-all-21805771-1hdt-d,b2b-all-21805771-1hdt-d-4154,b2b-all-21805771-1hdt-d-712,freight-hdt-D-Diesel-Baseline,3455,-122.30768468413044,47.9372242090533
b2b-all-21805771-1hdt-d,b2b-all-21805771-1hdt-d-4155,b2b-all-21805771-1hdt-d-713,freight-hdt-D-Diesel-Baseline,3455,-122.30768468413044,47.9372242090533
b2b-all-21809851-2hdt-d,b2b-all-21809851-2hdt-d-4156,b2b-all-21809851-2hdt-d-728,freight-hdt-D-Diesel-Baseline,2128,-121.69744610643237,47.16798796331104
b2b-all-21809851-2hdt-d,b2b-all-21809851-2hdt-d-4157,b2b-all-21809851-2hdt-d-729,freight-hdt-D-Diesel-Baseline,2128,-121.69744610643237,47.16798796331104
b2b-all-21809851-2hdt-d,b2b-all-21809851-2hdt-d-4158,b2b-all-21809851-2hdt-d-730,freight-hdt-D-Diesel-Baseline,2128,-121.69744610643237,47.16798796331104
b2b-all-21809851-2hdt-d,b2b-all-21809851-2hdt-d-4159,b2b-all-21809851-2hdt-d-731,freight-hdt-D-Diesel-Baseline,2128,-121.69744610643237,47.16798796331104
b2b-all-21809851-2hdt-d,b2b-all-21809851-2hdt-d-4160,b2b-all-21809851-2hdt-d-732,freight-hdt-D-Diesel-Baseline,2128,-121.69744610643237,47.16798796331104
b2b-all-21809851-2hdt-d,b2b-all-21809851-2hdt-d-4161,b2b-all-21809851-2hdt-d-733,freight-hdt-D-Diesel-Baseline,2128,-121.69744610643237,47.16798796331104
b2b-all-21809851-2hdt-d,b2b-all-21809851-2hdt-d-4162,b2b-all-21809851-2hdt-d-734,freight-hdt-D-Diesel-Baseline,2128,-121.69744610643237,47.16798796331104
b2b-all-21809851-2hdt-d,b2b-all-21809851-2hdt-d-4163,b2b-all-21809851-2hdt-d-735,freight-hdt-D-Diesel-Baseline,2128,-121.69744610643237,47.16798796331104
b2b-all-21809851-2hdt-d,b2b-all-21809851-2hdt-d-4164,b2b-all-21809851-2hdt-d-736,freight-hdt-D-Diesel-Baseline,2128,-121.69744610643237,47.16798796331104
b2b-all-21809851-2hdt-d,b2b-all-21809851-2hdt-d-4165,b2b-all-21809851-2hdt-d-737,freight-hdt-D-Diesel-Baseline,2128,-121.69744610643237,47.16798796331104
b2b-all-21809851-2hdt-d,b2b-all-21809851-2hdt-d-4166,b2b-all-21809851-2hdt-d-738,freight-hdt-D-Diesel-Baseline,2128,-121.69744610643237,47.16798796331104
b2b-all-21810351-3hdt-d,b2b-all-21810351-3hdt-d-4167,b2b-all-21810351-3hdt-d-755,freight-hdt-D-Diesel-Baseline,3854,-122.3645144674494,48.26687162473969
b2b-all-21810351-3hdt-d,b2b-all-21810351-3hdt-d-4168,b2b-all-21810351-3hdt-d-756,freight-hdt-D-Diesel-Baseline,3854,-122.3645144674494,48.26687162473969
b2b-all-22118421-4hdt-d,b2b-all-22118421-4hdt-d-4169,b2b-all-22118421-4hdt-d-774,freight-hdt-D-Diesel-Baseline,1964,-122.1842670250109,47.331854708105176
b2b-all-22118421-5hdt-d,b2b-all-22118421-5hdt-d-4170,b2b-all-22118421-5hdt-d-791,freight-hdt-D-Diesel-Baseline,1964,-122.1842670250109,47.331854708105176
b2b-all-22118421-5hdt-d,b2b-all-22118421-5hdt-d-4171,b2b-all-22118421-5hdt-d-792,freight-hdt-D-Diesel-Baseline,1964,-122.1842670250109,47.331854708105176
b2b-all-22120591-6hdt-d,b2b-all-22120591-6hdt-d-4172,b2b-all-22120591-6hdt-d-810,freight-hdt-D-Diesel-Baseline,3191,-122.48240942711132,47.05796598200305
b2b-all-22121301-7hdt-d,b2b-all-22121301-7hdt-d-4173,b2b-all-22121301-7hdt-d-828,freight-hdt-D-Diesel-Baseline,3269,-122.29673535993528,47.19489666509049
b2b-all-22121301-7hdt-d,b2b-all-22121301-7hdt-d-4174,b2b-all-22121301-7hdt-d-827,freight-hdt-D-Diesel-Baseline,3269,-122.29673535993528,47.19489666509049
b2b-all-22122971-8hdt-d,b2b-all-22122971-8hdt-d-4175,b2b-all-22122971-8hdt-d-845,freight-hdt-D-Diesel-Baseline,3191,-122.48240942711132,47.05796598200305
b2b-all-22122971-8hdt-d,b2b-all-22122971-8hdt-d-4176,b2b-all-22122971-8hdt-d-846,freight-hdt-D-Diesel-Baseline,3191,-122.48240942711132,47.05796598200305
b2b-all-22123031-9hdt-d,b2b-all-22123031-9hdt-d-4177,b2b-all-22123031-9hdt-d-857,freight-hdt-D-Diesel-Baseline,3184,-122.66808420396303,47.10635009599398
b2b-all-22123031-9hdt-d,b2b-all-22123031-9hdt-d-4178,b2b-all-22123031-9hdt-d-858,freight-hdt-D-Diesel-Baseline,3184,-122.66808420396303,47.10635009599398
b2b-all-22123031-10hdt-d,b2b-all-22123031-10hdt-d-4179,b2b-all-22123031-10hdt-d-878,freight-hdt-D-Diesel-Baseline,3184,-122.66808420396303,47.10635009599398
b2b-all-22123031-10hdt-d,b2b-all-22123031-10hdt-d-4180,b2b-all-22123031-10hdt-d-879,freight-hdt-D-Diesel-Baseline,3184,-122.66808420396303,47.10635009599398
b2b-all-22123031-10hdt-d,b2b-all-22123031-10hdt-d-4181,b2b-all-22123031-10hdt-d-880,freight-hdt-D-Diesel-Baseline,3184,-122.66808420396303,47.10635009599398
b2b-all-22123031-10hdt-d,b2b-all-22123031-10hdt-d-4182,b2b-all-22123031-10hdt-d-881,freight-hdt-D-Diesel-Baseline,3184,-122.66808420396303,47.10635009599398
b2b-all-22123031-10hdt-d,b2b-all-22123031-10hdt-d-4183,b2b-all-22123031-10hdt-d-882,freight-hdt-D-Diesel-Baseline,3184,-122.66808420396303,47.10635009599398
b2b-all-22123061-11hdt-d,b2b-all-22123061-11hdt-d-4184,b2b-all-22123061-11hdt-d-893,freight-hdt-D-Diesel-Baseline,5885,-123.12917480974409,44.98433170990787
b2b-all-22123461-12hdt-d,b2b-all-22123461-12hdt-d-4185,b2b-all-22123461-12hdt-d-918,freight-hdt-D-Diesel-Baseline,5885,-123.12917480974409,44.98433170990787
b2b-all-22125161-13md-d,b2b-all-22125161-13md-d-4186,b2b-all-22125161-13md-d-924,freight-md-D-Diesel-Baseline,2128,-121.69744610643237,47.16798796331104
b2b-all-22125161-13md-d,b2b-all-22125161-13md-d-4187,b2b-all-22125161-13md-d-931,freight-md-D-Diesel-Baseline,2128,-121.69744610643237,47.16798796331104
b2b-all-22126321-14hdt-d,b2b-all-22126321-14hdt-d-4188,b2b-all-22126321-14hdt-d-947,freight-hdt-D-Diesel-Baseline,3854,-122.3645144674494,48.26687162473969
b2b-all-22126391-15hdv-d,b2b-all-22126391-15hdv-d-4189,b2b-all-22126391-15hdv-d-955,freight-hdv-D-Diesel-Baseline,3854,-122.3645144674494,48.26687162473969
b2b-all-22126391-15hdv-d,b2b-all-22126391-15hdv-d-4190,b2b-all-22126391-15hdv-d-956,freight-hdv-D-Diesel-Baseline,3854,-122.3645144674494,48.26687162473969
b2b-all-22126391-16hdv-d,b2b-all-22126391-16hdv-d-4191,b2b-all-22126391-16hdv-d-980,freight-hdv-D-Diesel-Baseline,3854,-122.3645144674494,48.26687162473969
b2b-all-22126811-17hdt-d,b2b-all-22126811-17hdt-d-4192,b2b-all-22126811-17hdt-d-1007,freight-hdt-D-Diesel-Baseline,2128,-121.69744610643237,47.16798796331104
b2b-all-22126811-17hdt-d,b2b-all-22126811-17hdt-d-4193,b2b-all-22126811-17hdt-d-1008,freight-hdt-D-Diesel-Baseline,2128,-121.69744610643237,47.16798796331104
b2b-all-22194561-18hdt-d-0,b2b-all-22194561-18hdt-d-0-4194,b2b-all-22194561-18hdt-d-0-1019,freight-hdt-D-Diesel-Baseline,2472,-122.627619290593,47.51348197391228
b2b-all-22194561-18hdt-d-0,b2b-all-22194561-18hdt-d-0-4195,b2b-all-22194561-18hdt-d-0-1020,freight-hdt-D-Diesel-Baseline,2472,-122.627619290593,47.51348197391228
b2b-all-22194561-18hdt-d-0,b2b-all-22194561-18hdt-d-0-4196,b2b-all-22194561-18hdt-d-0-1021,freight-hdt-D-Diesel-Baseline,2472,-122.627619290593,47.51348197391228
b2b-all-22194561-18hdt-d-0,b2b-all-22194561-18hdt-d-0-4197,b2b-all-22194561-18hdt-d-0-1029,freight-hdt-D-Diesel-Baseline,2472,-122.627619290593,47.51348197391228
b2b-all-22194561-18hdt-d-0,b2b-all-22194561-18hdt-d-0-4198,b2b-all-22194561-18hdt-d-0-1030,freight-hdt-D-Diesel-Baseline,2472,-122.627619290593,47.51348197391228
b2b-all-22194561-18hdt-d-0,b2b-all-22194561-18hdt-d-0-4199,b2b-all-22194561-18hdt-d-0-1031,freight-hdt-D-Diesel-Baseline,2472,-122.627619290593,47.51348197391228
b2b-all-22194561-18hdt-d-0,b2b-all-22194561-18hdt-d-0-4200,b2b-all-22194561-18hdt-d-0-1032,freight-hdt-D-Diesel-Baseline,2472,-122.627619290593,47.51348197391228
b2b-all-22194561-18hdt-d-1,b2b-all-22194561-18hdt-d-1-4201,b2b-all-22194561-18hdt-d-1-1043,freight-hdt-D-Diesel-Baseline,2472,-122.627619290593,47.51348197391228
b2b-all-22194561-18hdt-d-1,b2b-all-22194561-18hdt-d-1-4202,b2b-all-22194561-18hdt-d-1-1054,freight-hdt-D-Diesel-Baseline,2472,-122.627619290593,47.51348197391228
b2b-all-22194561-18hdt-d-1,b2b-all-22194561-18hdt-d-1-4203,b2b-all-22194561-18hdt-d-1-1055,freight-hdt-D-Diesel-Baseline,2472,-122.627619290593,47.51348197391228
b2b-all-22194561-19hdt-d-0,b2b-all-22194561-19hdt-d-0-4204,b2b-all-22194561-19hdt-d-0-1071,freight-hdt-D-Diesel-Baseline,2472,-122.627619290593,47.51348197391228
b2b-all-22194561-19hdt-d-0,b2b-all-22194561-19hdt-d-0-4205,b2b-all-22194561-19hdt-d-0-1072,freight-hdt-D-Diesel-Baseline,2472,-122.627619290593,47.51348197391228
b2b-all-22194561-19hdt-d-0,b2b-all-22194561-19hdt-d-0-4206,b2b-all-22194561-19hdt-d-0-1073,freight-hdt-D-Diesel-Baseline,2472,-122.627619290593,47.51348197391228
b2b-all-22194561-19hdt-d-0,b2b-all-22194561-19hdt-d-0-4207,b2b-all-22194561-19hdt-d-0-1074,freight-hdt-D-Diesel-Baseline,2472,-122.627619290593,47.51348197391228
b2b-all-22194561-19hdt-d-0,b2b-all-22194561-19hdt-d-0-4208,b2b-all-22194561-19hdt-d-0-1075,freight-hdt-D-Diesel-Baseline,2472,-122.627619290593,47.51348197391228
b2b-all-22194561-19hdt-d-0,b2b-all-22194561-19hdt-d-0-4209,b2b-all-22194561-19hdt-d-0-1076,freight-hdt-D-Diesel-Baseline,2472,-122.627619290593,47.51348197391228
b2b-all-22194561-19hdt-d-0,b2b-all-22194561-19hdt-d-0-4210,b2b-all-22194561-19hdt-d-0-1077,freight-hdt-D-Diesel-Baseline,2472,-122.627619290593,47.51348197391228
b2b-all-22194561-19hdt-d-0,b2b-all-22194561-19hdt-d-0-4211,b2b-all-22194561-19hdt-d-0-1078,freight-hdt-D-Diesel-Baseline,2472,-122.627619290593,47.51348197391228
b2b-all-22194561-19hdt-d-0,b2b-all-22194561-19hdt-d-0-4212,b2b-all-22194561-19hdt-d-0-1079,freight-hdt-D-Diesel-Baseline,2472,-122.627619290593,47.51348197391228
b2b-all-22194561-19hdt-d-0,b2b-all-22194561-19hdt-d-0-4213,b2b-all-22194561-19hdt-d-0-1080,freight-hdt-D-Diesel-Baseline,2472,-122.627619290593,47.51348197391228
b2b-all-22194561-19hdt-d-0,b2b-all-22194561-19hdt-d-0-4214,b2b-all-22194561-19hdt-d-0-1069,freight-hdt-D-Diesel-Baseline,2472,-122.627619290593,47.51348197391228
b2b-all-22194561-19hdt-d-0,b2b-all-22194561-19hdt-d-0-4215,b2b-all-22194561-19hdt-d-0-1070,freight-hdt-D-Diesel-Baseline,2472,-122.627619290593,47.51348197391228
b2b-all-22194561-19hdt-d-1,b2b-all-22194561-19hdt-d-1-4216,b2b-all-22194561-19hdt-d-1-1101,freight-hdt-D-Diesel-Baseline,2472,-122.627619290593,47.51348197391228
b2b-all-22194561-19hdt-d-1,b2b-all-22194561-19hdt-d-1-4217,b2b-all-22194561-19hdt-d-1-1102,freight-hdt-D-Diesel-Baseline,2472,-122.627619290593,47.51348197391228
b2b-all-22194561-19hdt-d-1,b2b-all-22194561-19hdt-d-1-4218,b2b-all-22194561-19hdt-d-1-1103,freight-hdt-D-Diesel-Baseline,2472,-122.627619290593,47.51348197391228
b2b-all-22194561-19hdt-d-1,b2b-all-22194561-19hdt-d-1-4219,b2b-all-22194561-19hdt-d-1-1104,freight-hdt-D-Diesel-Baseline,2472,-122.627619290593,47.51348197391228
b2b-all-22194911-20hdt-d,b2b-all-22194911-20hdt-d-4220,b2b-all-22194911-20hdt-d-1115,freight-hdt-D-Diesel-Baseline,3191,-122.48240942711132,47.05796598200305
b2b-all-22194911-20hdt-d,b2b-all-22194911-20hdt-d-4221,b2b-all-22194911-20hdt-d-1116,freight-hdt-D-Diesel-Baseline,3191,-122.48240942711132,47.05796598200305
b2b-all-22194911-20hdt-d,b2b-all-22194911-20hdt-d-4222,b2b-all-22194911-20hdt-d-1130,freight-hdt-D-Diesel-Baseline,3191,-122.48240942711132,47.05796598200305
b2b-all-22194911-20hdt-d,b2b-all-22194911-20hdt-d-4223,b2b-all-22194911-20hdt-d-1131,freight-hdt-D-Diesel-Baseline,3191,-122.48240942711132,47.05796598200305
b2b-all-22194911-20hdt-d,b2b-all-22194911-20hdt-d-4224,b2b-all-22194911-20hdt-d-1127,freight-hdt-D-Diesel-Baseline,3191,-122.48240942711132,47.05796598200305
b2b-all-22194911-20hdt-d,b2b-all-22194911-20hdt-d-4225,b2b-all-22194911-20hdt-d-1115,freight-hdt-D-Diesel-Baseline,3191,-122.48240942711132,47.05796598200305
b2b-all-22194911-20hdt-d,b2b-all-22194911-20hdt-d-4226,b2b-all-22194911-20hdt-d-1125,freight-hdt-D-Diesel-Baseline,3191,-122.48240942711132,47.05796598200305
b2b-all-22194911-20hdt-d,b2b-all-22194911-20hdt-d-4227,b2b-all-22194911-20hdt-d-1126,freight-hdt-D-Diesel-Baseline,3191,-122.48240942711132,47.05796598200305
b2b-all-22194911-21hdt-d,b2b-all-22194911-21hdt-d-4228,b2b-all-22194911-21hdt-d-1157,freight-hdt-D-Diesel-Baseline,3191,-122.48240942711132,47.05796598200305
b2b-all-22194911-21hdt-d,b2b-all-22194911-21hdt-d-4229,b2b-all-22194911-21hdt-d-1158,freight-hdt-D-Diesel-Baseline,3191,-122.48240942711132,47.05796598200305
b2b-all-22195151-22hdt-d,b2b-all-22195151-22hdt-d-4230,b2b-all-22195151-22hdt-d-1179,freight-hdt-D-Diesel-Baseline,2128,-121.69744610643237,47.16798796331104
b2b-all-22262371-23hdt-d,b2b-all-22262371-23hdt-d-4231,b2b-all-22262371-23hdt-d-1190,freight-hdt-D-Diesel-Baseline,3455,-122.30768468413044,47.9372242090533
b2b-all-22262371-23hdt-d,b2b-all-22262371-23hdt-d-4232,b2b-all-22262371-23hdt-d-1191,freight-hdt-D-Diesel-Baseline,3455,-122.30768468413044,47.9372242090533
b2b-all-22262371-23hdt-d,b2b-all-22262371-23hdt-d-4233,b2b-all-22262371-23hdt-d-1192,freight-hdt-D-Diesel-Baseline,3455,-122.30768468413044,47.9372242090533
b2b-all-22262371-23hdt-d,b2b-all-22262371-23hdt-d-4234,b2b-all-22262371-23hdt-d-1193,freight-hdt-D-Diesel-Baseline,3455,-122.30768468413044,47.9372242090533
b2b-all-22262371-23hdt-d,b2b-all-22262371-23hdt-d-4235,b2b-all-22262371-23hdt-d-1195,freight-hdt-D-Diesel-Baseline,3455,-122.30768468413044,47.9372242090533
b2b-all-22262371-23hdt-d,b2b-all-22262371-23hdt-d-4236,b2b-all-22262371-23hdt-d-1196,freight-hdt-D-Diesel-Baseline,3455,-122.30768468413044,47.9372242090533
b2b-all-22262371-23hdt-d,b2b-all-22262371-23hdt-d-4237,b2b-all-22262371-23hdt-d-1197,freight-hdt-D-Diesel-Baseline,3455,-122.30768468413044,47.9372242090533
b2b-all-22262371-24hdt-d,b2b-all-22262371-24hdt-d-4238,b2b-all-22262371-24hdt-d-1212,freight-hdt-D-Diesel-Baseline,3455,-122.30768468413044,47.9372242090533
b2b-all-22262371-24hdt-d,b2b-all-22262371-24hdt-d-4239,b2b-all-22262371-24hdt-d-1213,freight-hdt-D-Diesel-Baseline,3455,-122.30768468413044,47.9372242090533
b2b-all-22262371-24hdt-d,b2b-all-22262371-24hdt-d-4240,b2b-all-22262371-24hdt-d-1214,freight-hdt-D-Diesel-Baseline,3455,-122.30768468413044,47.9372242090533
b2b-all-22262371-24hdt-d,b2b-all-22262371-24hdt-d-4241,b2b-all-22262371-24hdt-d-1215,freight-hdt-D-Diesel-Baseline,3455,-122.30768468413044,47.9372242090533
b2b-all-22263721-25hdt-d,b2b-all-22263721-25hdt-d-4242,b2b-all-22263721-25hdt-d-1226,freight-hdt-D-Diesel-Baseline,2128,-121.69744610643237,47.16798796331104
b2b-all-22263721-25hdt-d,b2b-all-22263721-25hdt-d-4243,b2b-all-22263721-25hdt-d-1227,freight-hdt-D-Diesel-Baseline,2128,-121.69744610643237,47.16798796331104
b2b-all-22263722-26hdv-d,b2b-all-22263722-26hdv-d-4244,b2b-all-22263722-26hdv-d-1244,freight-hdv-D-Diesel-Baseline,2128,-121.69744610643237,47.16798796331104
b2b-all-22514462-27hdv-d,b2b-all-22514462-27hdv-d-4245,b2b-all-22514462-27hdv-d-1261,freight-hdv-D-Diesel-Baseline,1882,-122.29881563123458,47.402263821863066
b2b-all-22514462-27hdv-d,b2b-all-22514462-27hdv-d-4246,b2b-all-22514462-27hdv-d-1262,freight-hdv-D-Diesel-Baseline,1882,-122.29881563123458,47.402263821863066
b2b-all-22514462-27hdv-d,b2b-all-22514462-27hdv-d-4247,b2b-all-22514462-27hdv-d-1260,freight-hdv-D-Diesel-Baseline,1882,-122.29881563123458,47.402263821863066
b2b-all-22516921-28md-d,b2b-all-22516921-28md-d-4248,b2b-all-22516921-28md-d-1278,freight-md-D-Diesel-Baseline,5885,-123.12917480974409,44.98433170990787
b2b-all-22516921-28md-d,b2b-all-22516921-28md-d-4249,b2b-all-22516921-28md-d-1279,freight-md-D-Diesel-Baseline,5885,-123.12917480974409,44.98433170990787
b2b-all-22516921-28md-d,b2b-all-22516921-28md-d-4250,b2b-all-22516921-28md-d-1283,freight-md-D-Diesel-Baseline,5885,-123.12917480974409,44.98433170990787
b2b-all-22516921-28md-d,b2b-all-22516921-28md-d-4251,b2b-all-22516921-28md-d-1284,freight-md-D-Diesel-Baseline,5885,-123.12917480974409,44.98433170990787
b2b-all-22516971-29hdt-d,b2b-all-22516971-29hdt-d-4252,b2b-all-22516971-29hdt-d-1301,freight-hdt-D-Diesel-Baseline,5885,-123.12917480974409,44.98433170990787
b2b-all-22519401-30hdt-d,b2b-all-22519401-30hdt-d-4253,b2b-all-22519401-30hdt-d-1319,freight-hdt-D-Diesel-Baseline,3854,-122.3645144674494,48.26687162473969
b2b-all-22519401-30hdt-d,b2b-all-22519401-30hdt-d-4254,b2b-all-22519401-30hdt-d-1320,freight-hdt-D-Diesel-Baseline,3854,-122.3645144674494,48.26687162473969
b2b-all-22519401-30hdt-d,b2b-all-22519401-30hdt-d-4255,b2b-all-22519401-30hdt-d-1321,freight-hdt-D-Diesel-Baseline,3854,-122.3645144674494,48.26687162473969
b2b-all-22622061-31hdt-d,b2b-all-22622061-31hdt-d-4256,b2b-all-22622061-31hdt-d-1337,freight-hdt-D-Diesel-Baseline,5885,-123.12917480974409,44.98433170990787
b2b-all-22622061-31hdt-d,b2b-all-22622061-31hdt-d-4257,b2b-all-22622061-31hdt-d-1338,freight-hdt-D-Diesel-Baseline,5885,-123.12917480974409,44.98433170990787
b2c-all-6852717-1,b2c-all-6852717-1-0,b2c-all-6852717-1-0,freight-md-D-Diesel-Baseline,1450,-122.34367336583938,47.73952894063373
b2c-all-6852717-1,b2c-all-6852717-1-1,b2c-all-6852717-1-11,freight-md-D-Diesel-Baseline,1450,-122.34367336583938,47.73952894063373
b2c-all-8318215-1,b2c-all-8318215-1-2,b2c-all-8318215-1-22,freight-md-D-Diesel-Baseline,3003,-122.35571092559036,47.15286954641953
b2c-all-8318215-1,b2c-all-8318215-1-3,b2c-all-8318215-1-23,freight-md-D-Diesel-Baseline,3003,-122.35571092559036,47.15286954641953
b2c-all-8318215-1,b2c-all-8318215-1-4,b2c-all-8318215-1-24,freight-md-D-Diesel-Baseline,3003,-122.35571092559036,47.15286954641953
b2c-all-6852717-3,b2c-all-6852717-3-5,b2c-all-6852717-3-0,freight-md-D-Diesel-Baseline,1450,-122.34367336583938,47.73952894063373
b2c-all-6852717-3,b2c-all-6852717-3-6,b2c-all-6852717-3-1,freight-md-D-Diesel-Baseline,1450,-122.34367336583938,47.73952894063373
b2c-all-2331397-2,b2c-all-2331397-2-7,b2c-all-2331397-2-11,freight-md-D-Diesel-Baseline,1964,-122.18907568237086,47.33883601743528
b2c-all-2331397-2,b2c-all-2331397-2-8,b2c-all-2331397-2-21,freight-md-D-Diesel-Baseline,1964,-122.18907568237086,47.33883601743528
b2c-all-2331397-2,b2c-all-2331397-2-9,b2c-all-2331397-2-22,freight-md-D-Diesel-Baseline,1964,-122.18907568237086,47.33883601743528
b2c-all-2331402-1,b2c-all-2331402-1-10,b2c-all-2331402-1-34,freight-md-D-Diesel-Baseline,1791,-122.3471116021009,47.509916679240966
b2c-all-2331402-1,b2c-all-2331402-1-11,b2c-all-2331402-1-35,freight-md-D-Diesel-Baseline,1791,-122.3471116021009,47.509916679240966
b2c-all-8318215-1,b2c-all-8318215-1-12,b2c-all-8318215-1-47,freight-md-D-Diesel-Baseline,3003,-122.35571092559036,47.15286954641953
b2c-all-8318215-1,b2c-all-8318215-1-13,b2c-all-8318215-1-48,freight-md-D-Diesel-Baseline,3003,-122.35571092559036,47.15286954641953
b2c-all-8385234-2,b2c-all-8385234-2-14,b2c-all-8385234-2-0,freight-md-D-Diesel-Baseline,3269,-122.2960382143753,47.19682975012208
b2c-all-8385234-2,b2c-all-8385234-2-15,b2c-all-8385234-2-1,freight-md-D-Diesel-Baseline,3269,-122.2960382143753,47.19682975012208
b2c-all-8385234-2,b2c-all-8385234-2-16,b2c-all-8385234-2-2,freight-md-D-Diesel-Baseline,3269,-122.2960382143753,47.19682975012208
b2c-all-8385234-2,b2c-all-8385234-2-17,b2c-all-8385234-2-3,freight-md-D-Diesel-Baseline,3269,-122.2960382143753,47.19682975012208
b2c-all-8385234-2,b2c-all-8385234-2-18,b2c-all-8385234-2-4,freight-md-D-Diesel-Baseline,3269,-122.2960382143753,47.19682975012208
b2c-all-8385234-2,b2c-all-8385234-2-19,b2c-all-8385234-2-5,freight-md-D-Diesel-Baseline,3269,-122.2960382143753,47.19682975012208
b2c-all-8385234-2,b2c-all-8385234-2-20,b2c-all-8385234-2-6,freight-md-D-Diesel-Baseline,3269,-122.2960382143753,47.19682975012208
b2c-all-8385234-2,b2c-all-8385234-2-21,b2c-all-8385234-2-7,freight-md-D-Diesel-Baseline,3269,-122.2960382143753,47.19682975012208
b2c-all-8385234-2,b2c-all-8385234-2-22,b2c-all-8385234-2-8,freight-md-D-Diesel-Baseline,3269,-122.2960382143753,47.19682975012208
b2c-all-8385234-2,b2c-all-8385234-2-23,b2c-all-8385234-2-9,freight-md-D-Diesel-Baseline,3269,-122.2960382143753,47.19682975012208
b2c-all-8385234-2,b2c-all-8385234-2-24,b2c-all-8385234-2-10,freight-md-D-Diesel-Baseline,3269,-122.2960382143753,47.19682975012208
b2c-all-8385234-2,b2c-all-8385234-2-25,b2c-all-8385234-2-11,freight-md-D-Diesel-Baseline,3269,-122.2960382143753,47.19682975012208
b2c-all-8385234-2,b2c-all-8385234-2-26,b2c-all-8385234-2-16,freight-md-D-Diesel-Baseline,3269,-122.2960382143753,47.19682975012208
b2c-all-8385234-2,b2c-all-8385234-2-27,b2c-all-8385234-2-17,freight-md-D-Diesel-Baseline,3269,-122.2960382143753,47.19682975012208
b2c-all-8385234-2,b2c-all-8385234-2-28,b2c-all-8385234-2-18,freight-md-D-Diesel-Baseline,3269,-122.2960382143753,47.19682975012208
b2c-all-8385234-2,b2c-all-8385234-2-29,b2c-all-8385234-2-19,freight-md-D-Diesel-Baseline,3269,-122.2960382143753,47.19682975012208
b2c-all-8385234-2,b2c-all-8385234-2-30,b2c-all-8385234-2-20,freight-md-D-Diesel-Baseline,3269,-122.2960382143753,47.19682975012208
b2c-all-8385234-2,b2c-all-8385234-2-31,b2c-all-8385234-2-21,freight-md-D-Diesel-Baseline,3269,-122.2960382143753,47.19682975012208
b2c-all-8385234-2,b2c-all-8385234-2-32,b2c-all-8385234-2-22,freight-md-D-Diesel-Baseline,3269,-122.2960382143753,47.19682975012208
b2c-all-8318215-2,b2c-all-8318215-2-33,b2c-all-8318215-2-23,freight-md-D-Diesel-Baseline,3003,-122.35571092559036,47.15286954641953
b2c-all-8318215-2,b2c-all-8318215-2-34,b2c-all-8318215-2-24,freight-md-D-Diesel-Baseline,3003,-122.35571092559036,47.15286954641953
b2c-all-8318215-2,b2c-all-8318215-2-35,b2c-all-8318215-2-25,freight-md-D-Diesel-Baseline,3003,-122.35571092559036,47.15286954641953
b2c-all-8318215-2,b2c-all-8318215-2-36,b2c-all-8318215-2-26,freight-md-D-Diesel-Baseline,3003,-122.35571092559036,47.15286954641953
b2c-all-8318215-2,b2c-all-8318215-2-37,b2c-all-8318215-2-27,freight-md-D-Diesel-Baseline,3003,-122.35571092559036,47.15286954641953
b2c-all-8318215-2,b2c-all-8318215-2-38,b2c-all-8318215-2-28,freight-md-D-Diesel-Baseline,3003,-122.35571092559036,47.15286954641953
b2c-all-8318215-2,b2c-all-8318215-2-39,b2c-all-8318215-2-29,freight-md-D-Diesel-Baseline,3003,-122.35571092559036,47.15286954641953
b2c-all-8318215-2,b2c-all-8318215-2-40,b2c-all-8318215-2-31,freight-md-D-Diesel-Baseline,3003,-122.35571092559036,47.15286954641953
b2c-all-8318215-2,b2c-all-8318215-2-41,b2c-all-8318215-2-32,freight-md-D-Diesel-Baseline,3003,-122.35571092559036,47.15286954641953
b2c-all-8318215-2,b2c-all-8318215-2-42,b2c-all-8318215-2-33,freight-md-D-Diesel-Baseline,3003,-122.35571092559036,47.15286954641953
b2c-all-8318215-2,b2c-all-8318215-2-43,b2c-all-8318215-2-34,freight-md-D-Diesel-Baseline,3003,-122.35571092559036,47.15286954641953
b2c-all-8318215-2,b2c-all-8318215-2-44,b2c-all-8318215-2-35,freight-md-D-Diesel-Baseline,3003,-122.35571092559036,47.15286954641953
b2c-all-8318215-2,b2c-all-8318215-2-45,b2c-all-8318215-2-37,freight-md-D-Diesel-Baseline,3003,-122.35571092559036,47.15286954641953
b2c-all-8318215-2,b2c-all-8318215-2-46,b2c-all-8318215-2-38,freight-md-D-Diesel-Baseline,3003,-122.35571092559036,47.15286954641953
b2c-all-8318215-2,b2c-all-8318215-2-47,b2c-all-8318215-2-46,freight-md-D-Diesel-Baseline,3003,-122.35571092559036,47.15286954641953
b2c-all-8318215-2,b2c-all-8318215-2-48,b2c-all-8318215-2-47,freight-md-D-Diesel-Baseline,3003,-122.35571092559036,47.15286954641953
b2c-all-8318215-2,b2c-all-8318215-2-49,b2c-all-8318215-2-48,freight-md-D-Diesel-Baseline,3003,-122.35571092559036,47.15286954641953
b2c-all-8318215-2,b2c-all-8318215-2-50,b2c-all-8318215-2-49,freight-md-D-Diesel-Baseline,3003,-122.35571092559036,47.15286954641953
b2c-all-8318215-2,b2c-all-8318215-2-51,b2c-all-8318215-2-51,freight-md-D-Diesel-Baseline,3003,-122.35571092559036,47.15286954641953
b2c-all-8318215-2,b2c-all-8318215-2-52,b2c-all-8318215-2-52,freight-md-D-Diesel-Baseline,3003,-122.35571092559036,47.15286954641953
b2c-all-8318215-2,b2c-all-8318215-2-53,b2c-all-8318215-2-53,freight-md-D-Diesel-Baseline,3003,-122.35571092559036,47.15286954641953
b2c-all-8318215-2,b2c-all-8318215-2-54,b2c-all-8318215-2-54,freight-md-D-Diesel-Baseline,3003,-122.35571092559036,47.15286954641953
b2c-all-8318215-2,b2c-all-8318215-2-55,b2c-all-8318215-2-55,freight-md-D-Diesel-Baseline,3003,-122.35571092559036,47.15286954641953
b2c-all-8318215-2,b2c-all-8318215-2-56,b2c-all-8318215-2-56,freight-md-D-Diesel-Baseline,3003,-122.35571092559036,47.15286954641953
b2c-all-8318215-2,b2c-all-8318215-2-57,b2c-all-8318215-2-57,freight-md-D-Diesel-Baseline,3003,-122.35571092559036,47.15286954641953
b2c-all-8318215-2,b2c-all-8318215-2-58,b2c-all-8318215-2-58,freight-md-D-Diesel-Baseline,3003,-122.35571092559036,47.15286954641953
b2c-all-6852717-3,b2c-all-6852717-3-59,b2c-all-6852717-3-0,freight-md-D-Diesel-Baseline,1450,-122.34367336583938,47.73952894063373
b2c-all-6852717-3,b2c-all-6852717-3-60,b2c-all-6852717-3-10,freight-md-D-Diesel-Baseline,1450,-122.34367336583938,47.73952894063373
b2c-all-8385234-3,b2c-all-8385234-3-61,b2c-all-8385234-3-11,freight-md-D-Diesel-Baseline,3269,-122.2960382143753,47.19682975012208
b2c-all-8385234-3,b2c-all-8385234-3-62,b2c-all-8385234-3-12,freight-md-D-Diesel-Baseline,3269,-122.2960382143753,47.19682975012208
b2c-all-8385234-3,b2c-all-8385234-3-63,b2c-all-8385234-3-13,freight-md-D-Diesel-Baseline,3269,-122.2960382143753,47.19682975012208
b2c-all-8385234-3,b2c-all-8385234-3-64,b2c-all-8385234-3-15,freight-md-D-Diesel-Baseline,3269,-122.2960382143753,47.19682975012208
b2c-all-8385234-3,b2c-all-8385234-3-65,b2c-all-8385234-3-16,freight-md-D-Diesel-Baseline,3269,-122.2960382143753,47.19682975012208
b2c-all-8385234-3,b2c-all-8385234-3-66,b2c-all-8385234-3-17,freight-md-D-Diesel-Baseline,3269,-122.2960382143753,47.19682975012208
b2c-all-8385234-3,b2c-all-8385234-3-67,b2c-all-8385234-3-18,freight-md-D-Diesel-Baseline,3269,-122.2960382143753,47.19682975012208
b2c-all-8385234-3,b2c-all-8385234-3-68,b2c-all-8385234-3-175,freight-md-D-Diesel-Baseline,3269,-122.2960382143753,47.19682975012208
b2c-all-8385234-3,b2c-all-8385234-3-69,b2c-all-8385234-3-176,freight-md-D-Diesel-Baseline,3269,-122.2960382143753,47.19682975012208
b2c-all-8385234-3,b2c-all-8385234-3-70,b2c-all-8385234-3-177,freight-md-D-Diesel-Baseline,3269,-122.2960382143753,47.19682975012208
b2c-all-8385234-3,b2c-all-8385234-3-71,b2c-all-8385234-3-178,freight-md-D-Diesel-Baseline,3269,-122.2960382143753,47.19682975012208
b2c-all-8385234-3,b2c-all-8385234-3-72,b2c-all-8385234-3-179,freight-md-D-Diesel-Baseline,3269,-122.2960382143753,47.19682975012208
b2c-all-8385234-3,b2c-all-8385234-3-73,b2c-all-8385234-3-180,freight-md-D-Diesel-Baseline,3269,-122.2960382143753,47.19682975012208
b2c-all-8385234-3,b2c-all-8385234-3-74,b2c-all-8385234-3-181,freight-md-D-Diesel-Baseline,3269,-122.2960382143753,47.19682975012208
b2c-all-8385234-3,b2c-all-8385234-3-75,b2c-all-8385234-3-183,freight-md-D-Diesel-Baseline,3269,-122.2960382143753,47.19682975012208
b2c-all-8385234-3,b2c-all-8385234-3-76,b2c-all-8385234-3-184,freight-md-D-Diesel-Baseline,3269,-122.2960382143753,47.19682975012208
b2c-all-8385234-3,b2c-all-8385234-3-77,b2c-all-8385234-3-185,freight-md-D-Diesel-Baseline,3269,-122.2960382143753,47.19682975012208
b2c-all-8385234-3,b2c-all-8385234-3-78,b2c-all-8385234-3-186,freight-md-D-Diesel-Baseline,3269,-122.2960382143753,47.19682975012208
b2c-all-8385234-3,b2c-all-8385234-3-79,b2c-all-8385234-3-187,freight-md-D-Diesel-Baseline,3269,-122.2960382143753,47.19682975012208
b2c-all-8385234-3,b2c-all-8385234-3-80,b2c-all-8385234-3-188,freight-md-D-Diesel-Baseline,3269,-122.2960382143753,47.19682975012208
b2c-all-8385234-3,b2c-all-8385234-3-81,b2c-all-8385234-3-189,freight-md-D-Diesel-Baseline,3269,-122.2960382143753,47.19682975012208
b2c-all-8385234-3,b2c-all-8385234-3-82,b2c-all-8385234-3-190,freight-md-D-Diesel-Baseline,3269,-122.2960382143753,47.19682975012208
b2c-all-8385234-3,b2c-all-8385234-3-83,b2c-all-8385234-3-191,freight-md-D-Diesel-Baseline,3269,-122.2960382143753,47.19682975012208
b2c-all-8385234-3,b2c-all-8385234-3-84,b2c-all-8385234-3-192,freight-md-D-Diesel-Baseline,3269,-122.2960382143753,47.19682975012208
b2c-all-8385234-3,b2c-all-8385234-3-85,b2c-all-8385234-3-193,freight-md-D-Diesel-Baseline,3269,-122.2960382143753,47.19682975012208
b2c-all-8385234-3,b2c-all-8385234-3-86,b2c-all-8385234-3-194,freight-md-D-Diesel-Baseline,3269,-122.2960382143753,47.19682975012208
b2c-all-8385234-3,b2c-all-8385234-3-87,b2c-all-8385234-3-195,freight-md-D-Diesel-Baseline,3269,-122.2960382143753,47.19682975012208
b2c-all-8385234-3,b2c-all-8385234-3-88,b2c-all-8385234-3-196,freight-md-D-Diesel-Baseline,3269,-122.2960382143753,47.19682975012208
b2c-all-8385234-3,b2c-all-8385234-3-89,b2c-all-8385234-3-197,freight-md-D-Diesel-Baseline,3269,-122.2960382143753,47.19682975012208
b2c-all-8385234-3,b2c-all-8385234-3-90,b2c-all-8385234-3-198,freight-md-D-Diesel-Baseline,3269,-122.2960382143753,47.19682975012208
b2c-all-8385234-3,b2c-all-8385234-3-91,b2c-all-8385234-3-199,freight-md-D-Diesel-Baseline,3269,-122.2960382143753,47.19682975012208
b2c-all-8385234-3,b2c-all-8385234-3-92,b2c-all-8385234-3-200,freight-md-D-Diesel-Baseline,3269,-122.2960382143753,47.19682975012208
b2c-all-8385234-3,b2c-all-8385234-3-93,b2c-all-8385234-3-201,freight-md-D-Diesel-Baseline,3269,-122.2960382143753,47.19682975012208
b2c-all-8385234-3,b2c-all-8385234-3-94,b2c-all-8385234-3-202,freight-md-D-Diesel-Baseline,3269,-122.2960382143753,47.19682975012208
b2c-all-8385234-3,b2c-all-8385234-3-95,b2c-all-8385234-3-203,freight-md-D-Diesel-Baseline,3269,-122.2960382143753,47.19682975012208
b2c-all-8385234-3,b2c-all-8385234-3-96,b2c-all-8385234-3-204,freight-md-D-Diesel-Baseline,3269,-122.2960382143753,47.19682975012208
b2c-all-8385234-3,b2c-all-8385234-3-97,b2c-all-8385234-3-205,freight-md-D-Diesel-Baseline,3269,-122.2960382143753,47.19682975012208
b2c-all-8385234-3,b2c-all-8385234-3-98,b2c-all-8385234-3-206,freight-md-D-Diesel-Baseline,3269,-122.2960382143753,47.19682975012208
b2c-all-8385234-3,b2c-all-8385234-3-99,b2c-all-8385234-3-207,freight-md-D-Diesel-Baseline,3269,-122.2960382143753,47.19682975012208
b2c-all-8385234-3,b2c-all-8385234-3-100,b2c-all-8385234-3-208,freight-md-D-Diesel-Baseline,3269,-122.2960382143753,47.19682975012208
b2c-all-8385234-3,b2c-all-8385234-3-101,b2c-all-8385234-3-209,freight-md-D-Diesel-Baseline,3269,-122.2960382143753,47.19682975012208
b2c-all-8385234-3,b2c-all-8385234-3-102,b2c-all-8385234-3-211,freight-md-D-Diesel-Baseline,3269,-122.2960382143753,47.19682975012208
b2c-all-8385234-3,b2c-all-8385234-3-103,b2c-all-8385234-3-212,freight-md-D-Diesel-Baseline,3269,-122.2960382143753,47.19682975012208
b2c-all-8385234-3,b2c-all-8385234-3-104,b2c-all-8385234-3-213,freight-md-D-Diesel-Baseline,3269,-122.2960382143753,47.19682975012208
b2c-all-8385234-3,b2c-all-8385234-3-105,b2c-all-8385234-3-214,freight-md-D-Diesel-Baseline,3269,-122.2960382143753,47.19682975012208
b2c-all-8385234-3,b2c-all-8385234-3-106,b2c-all-8385234-3-215,freight-md-D-Diesel-Baseline,3269,-122.2960382143753,47.19682975012208
b2c-all-8385234-3,b2c-all-8385234-3-107,b2c-all-8385234-3-217,freight-md-D-Diesel-Baseline,3269,-122.2960382143753,47.19682975012208
b2c-all-8385234-3,b2c-all-8385234-3-108,b2c-all-8385234-3-219,freight-md-D-Diesel-Baseline,3269,-122.2960382143753,47.19682975012208
b2c-all-8385234-3,b2c-all-8385234-3-109,b2c-all-8385234-3-221,freight-md-D-Diesel-Baseline,3269,-122.2960382143753,47.19682975012208
b2c-all-8385234-3,b2c-all-8385234-3-110,b2c-all-8385234-3-222,freight-md-D-Diesel-Baseline,3269,-122.2960382143753,47.19682975012208
b2c-all-8385234-3,b2c-all-8385234-3-111,b2c-all-8385234-3-223,freight-md-D-Diesel-Baseline,3269,-122.2960382143753,47.19682975012208
b2c-all-8385234-3,b2c-all-8385234-3-112,b2c-all-8385234-3-224,freight-md-D-Diesel-Baseline,3269,-122.2960382143753,47.19682975012208
b2c-all-8385234-3,b2c-all-8385234-3-113,b2c-all-8385234-3-225,freight-md-D-Diesel-Baseline,3269,-122.2960382143753,47.19682975012208
b2c-all-8385234-3,b2c-all-8385234-3-114,b2c-all-8385234-3-226,freight-md-D-Diesel-Baseline,3269,-122.2960382143753,47.19682975012208
b2c-all-8385234-3,b2c-all-8385234-3-115,b2c-all-8385234-3-227,freight-md-D-Diesel-Baseline,3269,-122.2960382143753,47.19682975012208
b2c-all-8385234-3,b2c-all-8385234-3-116,b2c-all-8385234-3-228,freight-md-D-Diesel-Baseline,3269,-122.2960382143753,47.19682975012208
b2c-all-8385234-3,b2c-all-8385234-3-117,b2c-all-8385234-3-229,freight-md-D-Diesel-Baseline,3269,-122.2960382143753,47.19682975012208
b2c-all-8385234-3,b2c-all-8385234-3-118,b2c-all-8385234-3-230,freight-md-D-Diesel-Baseline,3269,-122.2960382143753,47.19682975012208
b2c-all-8385234-3,b2c-all-8385234-3-119,b2c-all-8385234-3-231,freight-md-D-Diesel-Baseline,3269,-122.2960382143753,47.19682975012208
b2c-all-8385234-3,b2c-all-8385234-3-120,b2c-all-8385234-3-232,freight-md-D-Diesel-Baseline,3269,-122.2960382143753,47.19682975012208
b2c-all-8385234-3,b2c-all-8385234-3-121,b2c-all-8385234-3-233,freight-md-D-Diesel-Baseline,3269,-122.2960382143753,47.19682975012208
b2c-all-8385234-3,b2c-all-8385234-3-122,b2c-all-8385234-3-234,freight-md-D-Diesel-Baseline,3269,-122.2960382143753,47.19682975012208
