tourId,departureTimeInSec,departureLocationZone,maxTourDurationInSec,departureLocationX,departureLocationY
b2b-all-2346771-1-0hdt-d-0,43560,3733,3600,-122.1289324178106,47.848033713187206
b2b-all-2351681-1-1hdt-d-1,36660,3609,3600,-122.31215523558774,47.81567610469518
b2b-all-2353881-2-2hdt-d-0-2,35520,3635,3600,-122.27151814556706,47.86185642800624
b2b-all-2353881-2-2hdt-d-0-3,35520,3635,3600,-122.27151814556706,47.86185642800624
b2b-all-2353881-2-2hdt-d-0-4,35520,3635,3600,-122.27151814556706,47.86185642800624
b2b-all-2353881-2-2hdt-d-1-5,35520,3635,3600,-122.27151814556706,47.86185642800624
b2b-all-2353881-2-2hdt-d-1-6,35520,3635,3600,-122.27151814556706,47.86185642800624
b2b-all-2353881-2-2hdt-d-1-7,35520,3635,3600,-122.27151814556706,47.86185642800624
b2b-all-2353881-2-2hdt-d-2-8,35520,3635,3600,-122.27151814556706,47.86185642800624
b2b-all-2353881-2-3hdt-d-1-9,28260,3635,3600,-122.27151814556706,47.86185642800624
b2b-all-2353881-2-3hdt-d-1-10,28260,3635,3600,-122.27151814556706,47.86185642800624
b2b-all-2353881-2-3hdt-d-1-11,28260,3635,3600,-122.27151814556706,47.86185642800624
b2b-all-2353881-2-3hdt-d-1-12,28260,3635,3600,-122.27151814556706,47.86185642800624
b2b-all-2353883-1-4hdv-d-13,26220,3566,3600,-122.33359427912666,47.80462786419155
b2b-all-2353887-1-5hdv-d-14,47880,3754,3600,-121.96997707108169,47.85466090083877
b2b-all-2353889-1-6hdv-d-15,20040,3184,3600,-122.66808420396303,47.10635009599398
b2b-all-2355274-1-7md-d-16,31320,3630,3600,-122.26602138049964,47.83062485195299
b2b-all-28092-1-8md-d-17,19800,3873,3600,-121.9994733158405,48.22073751051053
b2b-all-28092-1-8md-d-18,26460,3873,3600,-121.9994733158405,48.22073751051053
b2b-all-28092-1-8md-d-19,33060,3873,3600,-121.9994733158405,48.22073751051053
b2b-all-28092-1-8md-d-20,25620,3873,3600,-121.9994733158405,48.22073751051053
b2b-all-28092-1-8md-d-21,28680,3873,3600,-121.9994733158405,48.22073751051053
b2b-all-28092-1-8md-d-22,25860,3873,3600,-121.9994733158405,48.22073751051053
b2b-all-29411-2-9md-d-23,12600,3860,3600,-122.16669982272528,48.26526223933203
b2b-all-29411-2-9md-d-24,15060,3860,3600,-122.16669982272528,48.26526223933203
b2b-all-29411-2-9md-d-25,17760,3860,3600,-122.16669982272528,48.26526223933203
b2b-all-29411-2-9md-d-26,25020,3860,3600,-122.16669982272528,48.26526223933203
b2b-all-29411-2-9md-d-27,19800,3860,3600,-122.16669982272528,48.26526223933203
b2b-all-29411-2-9md-d-28,14220,3860,3600,-122.16669982272528,48.26526223933203
b2b-all-29411-2-9md-d-29,13380,3860,3600,-122.16669982272528,48.26526223933203
b2b-all-29411-2-9hdt-d-30,30720,3860,3600,-122.16669982272528,48.26526223933203
b2b-all-29411-2-9hdt-d-31,31740,3860,3600,-122.16669982272528,48.26526223933203
b2b-all-29411-2-9hdv-d-32,16860,3860,3600,-122.16669982272528,48.26526223933203
b2b-all-29411-2-9hdv-d-33,21300,3860,3600,-122.16669982272528,48.26526223933203
b2b-all-29411-2-9hdv-d-34,24780,3860,3600,-122.16669982272528,48.26526223933203
b2b-all-29413-3-10hdt-d-35,39120,3888,3600,-121.92936699291944,48.12187252269389
b2b-all-29413-3-10hdt-d-36,39120,3888,3600,-121.92936699291944,48.12187252269389
b2b-all-29413-4-11hdv-d-37,49800,3888,3600,-121.92936699291944,48.12187252269389
b2b-all-29413-4-11hdv-d-38,49800,3888,3600,-121.92936699291944,48.12187252269389
b2b-all-29413-4-11hdv-d-39,49800,3888,3600,-121.92936699291944,48.12187252269389
b2b-all-29736-4-12hdv-d-40,23640,3191,3600,-122.48240942711132,47.05796598200305
b2b-all-29736-4-12hdv-d-41,23640,3191,3600,-122.48240942711132,47.05796598200305
b2b-all-29736-4-12hdv-d-42,23640,3191,3600,-122.48240942711132,47.05796598200305
b2b-all-29736-4-12hdv-d-43,23640,3191,3600,-122.48240942711132,47.05796598200305
b2b-all-29736-4-12hdv-d-44,23640,3191,3600,-122.48240942711132,47.05796598200305
b2b-all-29737-2-13hdt-d-45,25620,3179,3600,-122.74810938133588,47.29621087392292
b2b-all-29737-2-13hdt-d-46,25800,3179,3600,-122.74810938133588,47.29621087392292
b2b-all-29737-3-14hdt-d-47,31200,3179,3600,-122.74810938133588,47.29621087392292
b2b-all-29737-3-14hdt-d-48,31200,3179,3600,-122.74810938133588,47.29621087392292
b2b-all-29737-3-14hdt-d-49,31200,3179,3600,-122.74810938133588,47.29621087392292
b2b-all-29737-3-14hdt-d-50,31200,3179,3600,-122.74810938133588,47.29621087392292
b2b-all-29737-3-14hdt-d-51,31200,3179,3600,-122.74810938133588,47.29621087392292
b2b-all-29737-3-14hdt-d-52,31200,3179,3600,-122.74810938133588,47.29621087392292
b2b-all-29737-4-15hdv-d-53,14340,3179,3600,-122.74810938133588,47.29621087392292
b2b-all-29737-4-15hdv-d-54,26820,3179,3600,-122.74810938133588,47.29621087392292
b2b-all-29737-4-15hdv-d-55,14760,3179,3600,-122.74810938133588,47.29621087392292
b2b-all-29737-4-15hdv-d-56,14640,3179,3600,-122.74810938133588,47.29621087392292
b2b-all-29737-4-15hdv-d-57,14940,3179,3600,-122.74810938133588,47.29621087392292
b2b-all-29737-4-15hdv-d-58,13860,3179,3600,-122.74810938133588,47.29621087392292
b2b-all-29737-4-15hdv-d-59,25320,3179,3600,-122.74810938133588,47.29621087392292
b2b-all-29737-4-15hdv-d-60,13140,3179,3600,-122.74810938133588,47.29621087392292
b2b-all-29737-4-15hdv-d-61,18720,3179,3600,-122.74810938133588,47.29621087392292
b2b-all-31375-4-16hdv-d-62,24300,3179,3600,-122.74810938133588,47.29621087392292
b2b-all-31375-4-16hdv-d-63,24300,3179,3600,-122.74810938133588,47.29621087392292
b2b-all-31375-4-16hdv-d-64,24600,3179,3600,-122.74810938133588,47.29621087392292
b2b-all-31375-4-16hdv-d-65,24300,3179,3600,-122.74810938133588,47.29621087392292
b2b-all-31375-4-16hdv-d-66,24300,3179,3600,-122.74810938133588,47.29621087392292
b2b-all-31382-2-17hdv-d-67,41460,3887,3600,-121.72553661942986,48.055337803280295
b2b-all-31382-2-17hdv-d-68,41460,3887,3600,-121.72553661942986,48.055337803280295
b2b-all-31382-3-18hdt-d-69,38820,3887,3600,-121.72553661942986,48.055337803280295
b2b-all-31382-3-18hdt-d-70,38820,3887,3600,-121.72553661942986,48.055337803280295
b2b-all-31385-2-19hdt-d-71,48480,3862,3600,-122.043364174562,48.27125229996049
b2b-all-31385-2-19hdt-d-72,48480,3862,3600,-122.043364174562,48.27125229996049
b2b-all-31386-4-20hdv-d-73,43440,3458,3600,-122.2338603159143,47.93031854501618
b2b-all-31386-4-20hdv-d-74,43440,3458,3600,-122.2338603159143,47.93031854501618
b2b-all-31386-4-20hdv-d-75,43440,3458,3600,-122.2338603159143,47.93031854501618
b2b-all-31388-2-21hdv-d-76,45180,3859,3600,-122.31255705104302,48.21846050114549
b2b-all-31388-2-21hdv-d-77,45180,3859,3600,-122.31255705104302,48.21846050114549
b2b-all-31550-4-22hdv-d-78,15900,3191,3600,-122.48240942711132,47.05796598200305
b2b-all-31550-4-22hdv-d-79,23820,3191,3600,-122.48240942711132,47.05796598200305
b2b-all-31820-3-23hdt-d-80,21000,3859,3600,-122.31916688735215,48.2345356148123
b2b-all-31820-3-23hdt-d-81,21000,3859,3600,-122.31916688735215,48.2345356148123
b2b-all-31820-3-23hdt-d-82,21000,3859,3600,-122.31916688735215,48.2345356148123
b2b-all-31820-4-24hdv-d-83,51180,3859,3600,-122.31916688735215,48.2345356148123
b2b-all-31820-4-24hdv-d-84,51180,3859,3600,-122.31916688735215,48.2345356148123
b2b-all-31820-4-24hdv-d-85,51180,3859,3600,-122.31916688735215,48.2345356148123
b2b-all-6594500-2-25hdv-d-86,29760,3197,3600,-122.55543086783818,46.97068385449165
b2b-all-6594500-2-25hdv-d-87,29760,3197,3600,-122.55543086783818,46.97068385449165
b2b-all-6594500-2-25hdv-d-88,29760,3197,3600,-122.55543086783818,46.97068385449165
b2b-all-6594500-3-26hdt-d-89,42600,3197,3600,-122.55543086783818,46.97068385449165
b2b-all-6594500-3-26hdt-d-90,42600,3197,3600,-122.55543086783818,46.97068385449165
b2b-all-6594500-3-26hdt-d-91,42600,3197,3600,-122.55543086783818,46.97068385449165
b2b-all-6594500-3-26hdt-d-92,42600,3197,3600,-122.55543086783818,46.97068385449165
b2b-all-6594500-3-26hdt-d-93,42600,3197,3600,-122.55543086783818,46.97068385449165
b2b-all-6594500-3-26hdt-d-94,42600,3197,3600,-122.55543086783818,46.97068385449165
b2b-all-6594500-3-26hdt-d-95,42600,3197,3600,-122.55543086783818,46.97068385449165
b2b-all-6594500-3-26hdt-d-96,42600,3197,3600,-122.55543086783818,46.97068385449165
b2b-all-6594500-3-26hdt-d-97,42600,3197,3600,-122.55543086783818,46.97068385449165
b2b-all-6594500-3-26hdt-d-98,42600,3197,3600,-122.55543086783818,46.97068385449165
b2b-all-6594500-3-26hdt-d-99,42600,3197,3600,-122.55543086783818,46.97068385449165
b2b-all-6594500-3-26hdt-d-100,42600,3197,3600,-122.55543086783818,46.97068385449165
b2b-all-6594500-3-26hdt-d-101,42600,3197,3600,-122.55543086783818,46.97068385449165
b2b-all-6594500-3-26hdt-d-102,42600,3197,3600,-122.55543086783818,46.97068385449165
b2b-all-6655583-4-27hdv-d-103,22260,5897,3600,-123.21550111052947,44.80748760973425
b2b-all-6655583-4-27hdv-d-104,22260,5897,3600,-123.21550111052947,44.80748760973425
b2b-all-6656594-2-28hdt-d-105,25320,5897,3600,-123.21550111052947,44.80748760973425
b2b-all-6656594-2-28hdt-d-106,25320,5897,3600,-123.21550111052947,44.80748760973425
b2b-all-6661083-2-29hdv-d-107,52620,3760,3600,-122.02173559817967,47.89248099336464
b2b-all-6661084-1-30hdt-d-108,33120,3896,3600,-121.76990696328168,48.27852137953011
b2b-all-6661084-1-31hdt-d-109,56640,3896,3600,-121.76990696328168,48.27852137953011
b2b-all-6661624-2-32hdv-d-110,47220,3903,3600,-121.79599431183844,47.8734487433133
b2b-all-6662788-2-33hdt-d-111,39060,3873,3600,-121.9994733158405,48.22073751051053
b2b-all-6664647-2-34hdv-d-112,40680,3459,3600,-122.24052844642549,47.9259166950274
b2b-all-6664647-2-34hdv-d-113,40680,3459,3600,-122.24052844642549,47.9259166950274
b2b-all-6664647-2-34hdv-d-114,40680,3459,3600,-122.24052844642549,47.9259166950274
b2b-all-6664647-2-34hdv-d-115,40680,3459,3600,-122.24052844642549,47.9259166950274
b2b-all-6664647-2-34hdv-d-116,40680,3459,3600,-122.24052844642549,47.9259166950274
b2b-all-6664648-3-35hdt-d-117,48660,3857,3600,-122.32266868357056,48.27242196230117
b2b-all-6664648-3-35hdt-d-118,48660,3857,3600,-122.32266868357056,48.27242196230117
b2b-all-6664648-3-36hdt-d-119,37620,3857,3600,-122.32266868357056,48.27242196230117
b2b-all-6664648-3-36hdt-d-120,37620,3857,3600,-122.32266868357056,48.27242196230117
b2b-all-6664648-3-36hdt-d-121,37620,3857,3600,-122.32266868357056,48.27242196230117
b2b-all-6664793-1-37md-d-122,15300,5882,3600,-123.14494409844396,44.98169645199568
b2b-all-6664793-1-37md-d-123,24300,5882,3600,-123.14494409844396,44.98169645199568
b2b-all-6664793-1-37md-d-124,11160,5882,3600,-123.14494409844396,44.98169645199568
b2b-all-6664793-1-37md-d-125,15300,5882,3600,-123.14494409844396,44.98169645199568
b2b-all-6664793-1-37md-d-126,11160,5882,3600,-123.14494409844396,44.98169645199568
b2b-all-6664793-1-37md-d-127,24300,5882,3600,-123.14494409844396,44.98169645199568
b2b-all-6664793-1-37md-d-128,18900,5882,3600,-123.14494409844396,44.98169645199568
b2b-all-6667090-2-38hdv-d-0-129,49140,3541,3600,-122.29807630796998,47.872073112514464
b2b-all-6667090-2-38hdv-d-0-130,49140,3541,3600,-122.29807630796998,47.872073112514464
b2b-all-6667090-2-38hdv-d-0-131,49140,3541,3600,-122.29807630796998,47.872073112514464
b2b-all-6667090-2-38hdv-d-1-132,49140,3541,3600,-122.29807630796998,47.872073112514464
b2b-all-6667090-2-39hdv-d-133,23640,3541,3600,-122.29807630796998,47.872073112514464
b2b-all-6672914-3-40hdt-d-134,7020,5885,3600,-123.12917480974409,44.98433170990787
b2b-all-6672930-4-41hdv-d-135,35400,3854,3600,-122.3645144674494,48.26687162473969
b2b-all-6672930-4-41hdv-d-136,35400,3854,3600,-122.3645144674494,48.26687162473969
b2b-all-6674271-2-42hdt-d-137,21000,5911,3600,-123.33515380404658,45.06513967621475
b2b-all-6674701-3-43hdt-d-138,24960,3760,3600,-122.01546536386178,47.89403076507001
b2b-all-6674701-3-43hdt-d-139,18060,3760,3600,-122.01546536386178,47.89403076507001
b2b-all-6674701-3-43hdt-d-140,18060,3760,3600,-122.01546536386178,47.89403076507001
b2b-all-6674701-3-43hdt-d-141,19200,3760,3600,-122.01546536386178,47.89403076507001
b2b-all-6674701-3-43hdt-d-142,20880,3760,3600,-122.01546536386178,47.89403076507001
b2b-all-6674701-3-43hdt-d-143,18060,3760,3600,-122.01546536386178,47.89403076507001
b2b-all-6674701-3-43hdt-d-144,18060,3760,3600,-122.01546536386178,47.89403076507001
b2b-all-6674701-3-43hdt-d-145,31440,3760,3600,-122.01546536386178,47.89403076507001
b2b-all-6674701-3-43hdt-d-146,22740,3760,3600,-122.01546536386178,47.89403076507001
b2b-all-6674702-1-44md-d-0-147,56400,3810,3600,-122.1736456700604,48.11532305088839
b2b-all-6674702-1-44md-d-0-148,56400,3810,3600,-122.1736456700604,48.11532305088839
b2b-all-6674702-1-44md-d-0-149,56400,3810,3600,-122.1736456700604,48.11532305088839
b2b-all-6674702-1-44md-d-0-150,56400,3810,3600,-122.1736456700604,48.11532305088839
b2b-all-6674702-1-44md-d-0-151,56400,3810,3600,-122.1736456700604,48.11532305088839
b2b-all-6674702-1-44md-d-0-152,56400,3810,3600,-122.1736456700604,48.11532305088839
b2b-all-6674702-1-44md-d-0-153,56400,3810,3600,-122.1736456700604,48.11532305088839
b2b-all-6674702-1-44md-d-0-154,56400,3810,3600,-122.1736456700604,48.11532305088839
b2b-all-6674702-1-44md-d-0-155,56400,3810,3600,-122.1736456700604,48.11532305088839
b2b-all-6674702-1-44md-d-0-156,56400,3810,3600,-122.1736456700604,48.11532305088839
b2b-all-6674702-1-44md-d-0-157,56400,3810,3600,-122.1736456700604,48.11532305088839
b2b-all-6674702-1-44md-d-0-158,56400,3810,3600,-122.1736456700604,48.11532305088839
b2b-all-6674702-1-44md-d-0-159,56400,3810,3600,-122.1736456700604,48.11532305088839
b2b-all-6674702-1-44md-d-0-160,56400,3810,3600,-122.1736456700604,48.11532305088839
b2b-all-6674702-1-44md-d-0-161,56400,3810,3600,-122.1736456700604,48.11532305088839
b2b-all-6674702-1-44md-d-0-162,56400,3810,3600,-122.1736456700604,48.11532305088839
b2b-all-6674702-1-44md-d-0-163,56400,3810,3600,-122.1736456700604,48.11532305088839
b2b-all-6674702-1-44md-d-0-164,56400,3810,3600,-122.1736456700604,48.11532305088839
b2b-all-6674702-1-44md-d-0-165,56400,3810,3600,-122.1736456700604,48.11532305088839
b2b-all-6674702-1-44md-d-0-166,56400,3810,3600,-122.1736456700604,48.11532305088839
b2b-all-6674702-1-44md-d-1-167,56400,3810,3600,-122.1736456700604,48.11532305088839
b2b-all-6674702-1-45hdt-d-168,25200,3810,3600,-122.1736456700604,48.11532305088839
b2b-all-6674702-1-45hdt-d-169,25200,3810,3600,-122.1736456700604,48.11532305088839
b2b-all-6674702-1-45hdt-d-170,30420,3810,3600,-122.1736456700604,48.11532305088839
b2b-all-6674702-1-45hdt-d-171,27360,3810,3600,-122.1736456700604,48.11532305088839
b2b-all-6674702-1-45hdv-d-172,33360,3810,3600,-122.1736456700604,48.11532305088839
b2b-all-6674884-3-46hdv-d-173,38220,3532,3600,-122.32155864115786,47.91034851847289
b2b-all-6674884-3-46hdv-d-174,38220,3532,3600,-122.32155864115786,47.91034851847289
b2b-all-6674884-3-46hdv-d-175,38220,3532,3600,-122.32155864115786,47.91034851847289
b2b-all-6674884-3-46hdv-d-176,38220,3532,3600,-122.32155864115786,47.91034851847289
b2b-all-6674884-3-46hdv-d-177,38220,3532,3600,-122.32155864115786,47.91034851847289
b2b-all-6674884-3-46hdv-d-178,38220,3532,3600,-122.32155864115786,47.91034851847289
b2b-all-6675373-2-47hdv-d-0-179,29940,3434,3600,-122.18807798532926,47.97071934421891
b2b-all-6675373-2-47hdv-d-0-180,28140,3434,3600,-122.18807798532926,47.97071934421891
b2b-all-6675373-2-47hdv-d-0-181,23100,3434,3600,-122.18807798532926,47.97071934421891
b2b-all-6675373-2-47hdv-d-1-182,24120,3434,3600,-122.18807798532926,47.97071934421891
b2b-all-6675373-2-47hdv-d-1-183,26220,3434,3600,-122.18807798532926,47.97071934421891
b2b-all-6675373-2-47hdv-d-1-184,30120,3434,3600,-122.18807798532926,47.97071934421891
b2b-all-6675373-2-47hdv-d-2-185,24120,3434,3600,-122.18807798532926,47.97071934421891
b2b-all-6675373-2-47hdv-d-2-186,25200,3434,3600,-122.18807798532926,47.97071934421891
b2b-all-6675373-2-47hdv-d-2-187,25560,3434,3600,-122.18807798532926,47.97071934421891
b2b-all-6675373-2-47hdv-d-3-188,23700,3434,3600,-122.18807798532926,47.97071934421891
b2b-all-6675373-2-47hdv-d-3-189,29100,3434,3600,-122.18807798532926,47.97071934421891
b2b-all-6675373-2-47hdv-d-3-190,29760,3434,3600,-122.18807798532926,47.97071934421891
b2b-all-6675373-2-47hdv-d-4-191,28680,3434,3600,-122.18807798532926,47.97071934421891
b2b-all-6675373-2-47hdv-d-4-192,25800,3434,3600,-122.18807798532926,47.97071934421891
b2b-all-6675373-2-47hdv-d-4-193,22440,3434,3600,-122.18807798532926,47.97071934421891
b2b-all-6675373-2-47hdv-d-5-194,27300,3434,3600,-122.18807798532926,47.97071934421891
b2b-all-6675373-2-47hdv-d-5-195,34440,3434,3600,-122.18807798532926,47.97071934421891
b2b-all-6675373-2-48hdv-d-1-196,34560,3434,3600,-122.18807798532926,47.97071934421891
b2b-all-6675373-2-48hdv-d-1-197,34560,3434,3600,-122.18807798532926,47.97071934421891
b2b-all-6675373-2-48hdv-d-1-198,34560,3434,3600,-122.18807798532926,47.97071934421891
b2b-all-6676445-2-49hdv-d-199,18840,5885,3600,-123.12917480974409,44.98433170990787
b2b-all-6677806-2-50hdv-d-200,23100,3191,3600,-122.48240942711132,47.05796598200305
b2b-all-6677806-3-51hdv-d-201,23940,3191,3600,-122.48240942711132,47.05796598200305
b2b-all-6677806-3-51hdv-d-202,23940,3191,3600,-122.48240942711132,47.05796598200305
b2b-all-6677808-2-52hdt-d-203,35520,5885,3600,-123.12917480974409,44.98433170990787
b2b-all-6681125-1-53hdt-d-204,11100,5885,3600,-123.12917480974409,44.98433170990787
b2b-all-6682697-3-54hdt-d-205,30720,3495,3600,-122.23295749122887,47.90987069858582
b2b-all-6682697-3-54hdt-d-206,30720,3495,3600,-122.23295749122887,47.90987069858582
b2b-all-6682697-3-54hdt-d-207,30720,3495,3600,-122.23295749122887,47.90987069858582
b2b-all-6682697-4-55hdt-d-208,31500,3495,3600,-122.23295749122887,47.90987069858582
b2b-all-6682697-4-55hdv-d-209,23700,3495,3600,-122.23295749122887,47.90987069858582
b2b-all-6682697-4-55hdv-d-210,24300,3495,3600,-122.23295749122887,47.90987069858582
b2b-all-6682698-3-56md-d-211,33420,3739,3600,-122.02459175725166,47.867784282986406
b2b-all-6682698-3-56md-d-212,32880,3739,3600,-122.02459175725166,47.867784282986406
b2b-all-6682698-3-56md-d-213,32880,3739,3600,-122.02459175725166,47.867784282986406
b2b-all-6682698-3-56md-d-214,35580,3739,3600,-122.02459175725166,47.867784282986406
b2b-all-6682698-3-56md-d-215,32880,3739,3600,-122.02459175725166,47.867784282986406
b2b-all-6682698-3-56md-d-216,34980,3739,3600,-122.02459175725166,47.867784282986406
b2b-all-6682698-3-56md-d-217,32880,3739,3600,-122.02459175725166,47.867784282986406
b2b-all-6682698-3-56md-d-218,32880,3739,3600,-122.02459175725166,47.867784282986406
b2b-all-6682698-3-56md-d-219,32880,3739,3600,-122.02459175725166,47.867784282986406
b2b-all-6682698-3-56md-d-220,32880,3739,3600,-122.02459175725166,47.867784282986406
b2b-all-6682698-3-56md-d-221,32880,3739,3600,-122.02459175725166,47.867784282986406
b2b-all-6682698-3-56md-d-222,32880,3739,3600,-122.02459175725166,47.867784282986406
b2b-all-6682698-3-56hdt-d-223,32880,3739,3600,-122.02459175725166,47.867784282986406
b2b-all-6682698-3-56hdt-d-224,32880,3739,3600,-122.02459175725166,47.867784282986406
b2b-all-6682698-3-56hdt-d-225,32880,3739,3600,-122.02459175725166,47.867784282986406
b2b-all-6682698-3-56hdt-d-226,32880,3739,3600,-122.02459175725166,47.867784282986406
b2b-all-6682698-3-56hdt-d-227,32880,3739,3600,-122.02459175725166,47.867784282986406
b2b-all-6682698-3-57hdt-d-228,34380,3739,3600,-122.02459175725166,47.867784282986406
b2b-all-6682698-3-57hdt-d-229,34380,3739,3600,-122.02459175725166,47.867784282986406
b2b-all-6682698-4-58hdv-d-230,34680,3739,3600,-122.02459175725166,47.867784282986406
b2b-all-6682698-4-58hdv-d-231,34680,3739,3600,-122.02459175725166,47.867784282986406
b2b-all-6687221-1-59md-d-232,28320,3496,3600,-122.21802176567162,47.91408892374685
b2b-all-6687221-2-60hdv-d-233,57240,3496,3600,-122.21802176567162,47.91408892374685
b2b-all-6687221-2-61hdv-d-234,49560,3496,3600,-122.21802176567162,47.91408892374685
b2b-all-6689013-1-62hdt-d-235,47880,3753,3600,-121.98615369659991,47.84461583526256
b2b-all-6689014-2-63hdt-d-236,22980,3529,3600,-122.26431051869427,47.90021550801403
b2b-all-6689014-2-64hdt-d-237,52800,3529,3600,-122.26431051869427,47.90021550801403
b2b-all-6689014-2-64hdt-d-238,52800,3529,3600,-122.26431051869427,47.90021550801403
b2b-all-6689014-2-64hdt-d-239,52800,3529,3600,-122.26431051869427,47.90021550801403
b2b-all-6689015-2-65md-d-240,46920,3521,3600,-122.25277133149098,47.92196405120672
b2b-all-6689015-2-65md-d-241,46920,3521,3600,-122.25277133149098,47.92196405120672
b2b-all-6689015-2-65hdv-d-242,46920,3521,3600,-122.25277133149098,47.92196405120672
b2b-all-6689015-3-66hdt-d-243,32820,3521,3600,-122.25277133149098,47.92196405120672
b2b-all-6689015-3-66hdt-d-244,32820,3521,3600,-122.25277133149098,47.92196405120672
b2b-all-6689015-3-66hdt-d-245,32820,3521,3600,-122.25277133149098,47.92196405120672
b2b-all-6689015-3-66hdt-d-246,32820,3521,3600,-122.25277133149098,47.92196405120672
b2b-all-6689015-3-66hdt-d-247,32820,3521,3600,-122.25277133149098,47.92196405120672
b2b-all-6689015-3-67hdt-d-248,47400,3521,3600,-122.25277133149098,47.92196405120672
b2b-all-6689015-4-68hdv-d-0-249,35100,3521,3600,-122.25277133149098,47.92196405120672
b2b-all-6689015-4-68hdv-d-0-250,32640,3521,3600,-122.25277133149098,47.92196405120672
b2b-all-6689015-4-68hdv-d-0-251,32640,3521,3600,-122.25277133149098,47.92196405120672
b2b-all-6689015-4-68hdv-d-1-252,32640,3521,3600,-122.25277133149098,47.92196405120672
b2b-all-6689015-4-68hdv-d-1-253,32640,3521,3600,-122.25277133149098,47.92196405120672
b2b-all-6689015-4-68hdv-d-1-254,34680,3521,3600,-122.25277133149098,47.92196405120672
b2b-all-6689015-4-68hdv-d-2-255,32640,3521,3600,-122.25277133149098,47.92196405120672
b2b-all-6689015-4-68hdv-d-2-256,32640,3521,3600,-122.25277133149098,47.92196405120672
b2b-all-6689015-4-68hdv-d-2-257,32640,3521,3600,-122.25277133149098,47.92196405120672
b2b-all-6689015-4-68hdv-d-3-258,32640,3521,3600,-122.25277133149098,47.92196405120672
b2b-all-6689015-4-68hdv-d-3-259,32640,3521,3600,-122.25277133149098,47.92196405120672
b2b-all-6689015-4-68hdv-d-3-260,32640,3521,3600,-122.25277133149098,47.92196405120672
b2b-all-6689015-4-68hdv-d-4-261,32640,3521,3600,-122.25277133149098,47.92196405120672
b2b-all-6689015-4-68hdv-d-4-262,32640,3521,3600,-122.25277133149098,47.92196405120672
b2b-all-6689015-4-69hdv-d-263,12780,3521,3600,-122.25277133149098,47.92196405120672
b2b-all-6689015-4-69hdv-d-264,22200,3521,3600,-122.25277133149098,47.92196405120672
b2b-all-6689015-4-69hdv-d-265,12780,3521,3600,-122.25277133149098,47.92196405120672
b2b-all-6689976-3-70hdv-d-266,18000,5885,3600,-123.12917480974409,44.98433170990787
b2b-all-6692478-1-71md-d-267,34560,5885,3600,-123.12917480974409,44.98433170990787
b2b-all-6694290-3-72hdt-d-268,40140,3498,3600,-122.24795646277516,47.89843709365855
b2b-all-6694290-3-72hdt-d-269,40140,3498,3600,-122.24795646277516,47.89843709365855
b2b-all-6694290-3-72hdt-d-270,40140,3498,3600,-122.24795646277516,47.89843709365855
b2b-all-6694290-3-72hdt-d-271,40140,3498,3600,-122.24795646277516,47.89843709365855
b2b-all-6696393-1-73md-d-272,30600,3854,3600,-122.3645144674494,48.26687162473969
b2b-all-6698129-2-74hdv-d-273,24600,5897,3600,-123.21550111052947,44.80748760973425
b2b-all-6698369-2-75hdv-d-0-274,29880,3826,3600,-122.178963793812,48.059931920538816
b2b-all-6698369-2-75hdv-d-0-275,29880,3826,3600,-122.178963793812,48.059931920538816
b2b-all-6698369-2-75hdv-d-0-276,29880,3826,3600,-122.178963793812,48.059931920538816
b2b-all-6698369-2-75hdv-d-1-277,29880,3826,3600,-122.178963793812,48.059931920538816
b2b-all-6698369-2-75hdv-d-1-278,35940,3826,3600,-122.178963793812,48.059931920538816
b2b-all-6702958-2-76hdt-d-279,18840,5879,3600,-123.04362483193276,44.94821565940063
b2b-all-6702958-2-76hdt-d-280,22800,5879,3600,-123.04362483193276,44.94821565940063
b2b-all-6703021-1-77hdv-d-281,40800,3205,3600,-122.47266831305922,46.8934296551068
b2b-all-6703021-2-78hdv-d-282,16860,3205,3600,-122.47266831305922,46.8934296551068
b2b-all-6704244-1-79hdv-d-283,49800,3419,3600,-122.22412948332564,47.992253630713485
b2b-all-6704740-1-80hdt-d-284,41460,3877,3600,-122.12715794828831,48.16298500520687
b2b-all-6704740-1-81hdt-d-285,40380,3877,3600,-122.12715794828831,48.16298500520687
b2b-all-6704740-1-81hdt-d-286,40380,3877,3600,-122.12715794828831,48.16298500520687
b2b-all-6704740-1-81hdt-d-287,40380,3877,3600,-122.12715794828831,48.16298500520687
b2b-all-6704821-2-82hdt-d-0-288,33840,3749,3600,-121.98127454267188,47.85761039159153
b2b-all-6704821-2-82hdt-d-0-289,33840,3749,3600,-121.98127454267188,47.85761039159153
b2b-all-6704821-2-82hdt-d-0-290,33840,3749,3600,-121.98127454267188,47.85761039159153
b2b-all-6704821-2-82hdt-d-1-291,33840,3749,3600,-121.98127454267188,47.85761039159153
b2b-all-6704821-2-82hdt-d-1-292,33840,3749,3600,-121.98127454267188,47.85761039159153
b2b-all-6704821-2-82hdt-d-1-293,33840,3749,3600,-121.98127454267188,47.85761039159153
b2b-all-6704821-2-82hdt-d-2-294,33840,3749,3600,-121.98127454267188,47.85761039159153
b2b-all-6704821-2-82hdt-d-2-295,33840,3749,3600,-121.98127454267188,47.85761039159153
b2b-all-6704821-2-82hdt-d-2-296,33840,3749,3600,-121.98127454267188,47.85761039159153
b2b-all-6704821-2-82hdt-d-3-297,33840,3749,3600,-121.98127454267188,47.85761039159153
b2b-all-6704821-2-82hdt-d-3-298,33840,3749,3600,-121.98127454267188,47.85761039159153
b2b-all-6704821-2-82hdt-d-3-299,33840,3749,3600,-121.98127454267188,47.85761039159153
b2b-all-6704821-2-82hdt-d-4-300,33840,3749,3600,-121.98127454267188,47.85761039159153
b2b-all-6704821-2-83hdt-d-2-301,46800,3749,3600,-121.98127454267188,47.85761039159153
b2b-all-6704821-2-83hdt-d-2-302,46800,3749,3600,-121.98127454267188,47.85761039159153
b2b-all-6704821-2-83hdt-d-2-303,46800,3749,3600,-121.98127454267188,47.85761039159153
b2b-all-6704821-2-83hdt-d-2-304,46800,3749,3600,-121.98127454267188,47.85761039159153
b2b-all-6704821-2-83hdt-d-2-305,46800,3749,3600,-121.98127454267188,47.85761039159153
b2b-all-6704821-2-83hdt-d-2-306,46800,3749,3600,-121.98127454267188,47.85761039159153
b2b-all-6705244-1-84hdv-d-307,27240,5885,3600,-123.12917480974409,44.98433170990787
b2b-all-6706525-1-85hdt-d-308,16500,5885,3600,-123.12917480974409,44.98433170990787
b2b-all-6707916-1-86hdv-d-309,46800,3668,3600,-122.21241725702876,47.81091983115545
b2b-all-6708021-1-87hdt-d-310,19800,5885,3600,-123.12917480974409,44.98433170990787
b2b-all-6708022-1-88md-d-311,37200,5885,3600,-123.12917480974409,44.98433170990787
b2b-all-6708022-2-89hdv-d-312,32580,5885,3600,-123.12917480974409,44.98433170990787
b2b-all-6708022-2-89hdv-d-313,32580,5885,3600,-123.12917480974409,44.98433170990787
b2b-all-6708340-1-90hdv-d-0-314,23160,5885,3600,-123.12917480974409,44.98433170990787
b2b-all-6708340-1-90hdv-d-0-315,16440,5885,3600,-123.12917480974409,44.98433170990787
b2b-all-6708340-1-90hdv-d-0-316,18540,5885,3600,-123.12917480974409,44.98433170990787
b2b-all-6708340-1-90hdv-d-1-317,19920,5885,3600,-123.12917480974409,44.98433170990787
b2b-all-6708340-1-90hdv-d-1-318,16440,5885,3600,-123.12917480974409,44.98433170990787
b2b-all-6708340-1-90hdv-d-1-319,23160,5885,3600,-123.12917480974409,44.98433170990787
b2b-all-6708471-1-91hdt-d-320,32340,5885,3600,-123.12917480974409,44.98433170990787
b2b-all-6711272-1-92hdv-d-321,27360,3513,3600,-122.2504211183022,47.87450347726498
b2b-all-6712421-1-93hdv-d-322,33060,3639,3600,-122.27034857057411,47.82084491987125
b2b-all-6714586-1-94hdv-d-323,50400,3487,3600,-122.21721328925544,47.891295681185085
b2b-all-6715019-1-95md-d-324,52200,3606,3600,-122.30816037873542,47.81011944811657
b2b-all-6715019-1-95md-d-325,52200,3606,3600,-122.30816037873542,47.81011944811657
b2b-all-6715019-1-95md-d-326,52200,3606,3600,-122.30816037873542,47.81011944811657
b2b-all-6715019-1-96md-d-327,30840,3606,3600,-122.30816037873542,47.81011944811657
b2b-all-6715019-1-96md-d-328,30840,3606,3600,-122.30816037873542,47.81011944811657
b2b-all-6715019-1-96md-d-329,30840,3606,3600,-122.30816037873542,47.81011944811657
b2b-all-6715019-1-96md-d-330,30840,3606,3600,-122.30816037873542,47.81011944811657
b2b-all-6715019-1-96md-d-331,30840,3606,3600,-122.30816037873542,47.81011944811657
b2b-all-6715019-1-96md-d-332,30840,3606,3600,-122.30816037873542,47.81011944811657
b2b-all-6715020-1-97md-d-0-333,33360,3887,3600,-121.84237149958236,48.0399046966454
b2b-all-6715020-1-97md-d-0-334,33360,3887,3600,-121.84237149958236,48.0399046966454
b2b-all-6715020-1-97md-d-0-335,33360,3887,3600,-121.84237149958236,48.0399046966454
b2b-all-6715020-1-97md-d-1-336,33360,3887,3600,-121.84237149958236,48.0399046966454
b2b-all-6715020-1-97md-d-1-337,33360,3887,3600,-121.84237149958236,48.0399046966454
b2b-all-6715020-1-97md-d-1-338,33360,3887,3600,-121.84237149958236,48.0399046966454
b2b-all-6715020-1-97md-d-2-339,33360,3887,3600,-121.84237149958236,48.0399046966454
b2b-all-6715020-1-97md-d-2-340,33360,3887,3600,-121.84237149958236,48.0399046966454
b2b-all-6715020-1-97md-d-2-341,33360,3887,3600,-121.84237149958236,48.0399046966454
b2b-all-6715020-1-97md-d-3-342,33360,3887,3600,-121.84237149958236,48.0399046966454
b2b-all-6715020-1-97md-d-3-343,33360,3887,3600,-121.84237149958236,48.0399046966454
b2b-all-6715020-1-97md-d-3-344,33360,3887,3600,-121.84237149958236,48.0399046966454
b2b-all-6715020-1-97md-d-4-345,33360,3887,3600,-121.84237149958236,48.0399046966454
b2b-all-6715020-1-97md-d-4-346,33360,3887,3600,-121.84237149958236,48.0399046966454
b2b-all-6715020-1-97md-d-4-347,33360,3887,3600,-121.84237149958236,48.0399046966454
b2b-all-6715020-1-97md-d-5-348,33360,3887,3600,-121.84237149958236,48.0399046966454
b2b-all-6715020-1-97md-d-5-349,33360,3887,3600,-121.84237149958236,48.0399046966454
b2b-all-6715020-1-97md-d-5-350,33360,3887,3600,-121.84237149958236,48.0399046966454
b2b-all-6715020-1-97md-d-6-351,33360,3887,3600,-121.84237149958236,48.0399046966454
b2b-all-6715020-1-97md-d-6-352,33360,3887,3600,-121.84237149958236,48.0399046966454
b2b-all-6715020-1-97md-d-6-353,33360,3887,3600,-121.84237149958236,48.0399046966454
b2b-all-6715020-1-97md-d-7-354,33360,3887,3600,-121.84237149958236,48.0399046966454
b2b-all-6716152-1-98hdv-d-355,19740,3855,3600,-122.23545838004166,48.262317562013024
b2b-all-6716827-1-99md-d-356,24420,3713,3600,-122.08256116274865,47.889793792041765
b2b-all-6716827-1-99hdt-d-357,23700,3713,3600,-122.08256116274865,47.889793792041765
b2b-all-6716827-1-99hdt-d-358,24240,3713,3600,-122.08256116274865,47.889793792041765
b2b-all-6716827-1-99hdv-d-359,28320,3713,3600,-122.08256116274865,47.889793792041765
b2b-all-6717659-2-100hdt-d-360,15660,3673,3600,-122.21476985203152,47.83657764812872
b2b-all-6717659-2-100hdt-d-361,18960,3673,3600,-122.21476985203152,47.83657764812872
b2b-all-6717659-2-100hdt-d-362,24360,3673,3600,-122.21476985203152,47.83657764812872
b2b-all-6717659-2-100hdt-d-363,22380,3673,3600,-122.21476985203152,47.83657764812872
b2b-all-6717659-2-100hdt-d-364,27360,3673,3600,-122.21476985203152,47.83657764812872
b2b-all-6717659-3-101hdv-d-365,26640,3673,3600,-122.21476985203152,47.83657764812872
b2b-all-6717659-3-102hdv-d-366,52200,3673,3600,-122.21476985203152,47.83657764812872
b2b-all-6717659-3-102hdv-d-367,52200,3673,3600,-122.21476985203152,47.83657764812872
b2b-all-6717659-3-102hdv-d-368,52200,3673,3600,-122.21476985203152,47.83657764812872
b2b-all-6717659-3-102hdv-d-369,52200,3673,3600,-122.21476985203152,47.83657764812872
b2b-all-690231-4-103hdv-d-370,43740,3544,3600,-122.29862471367238,47.89445854659682
b2b-all-690231-4-103hdv-d-371,43740,3544,3600,-122.29862471367238,47.89445854659682
b2b-all-690231-4-103hdv-d-372,43740,3544,3600,-122.29862471367238,47.89445854659682
b2b-all-690231-4-103hdv-d-373,43740,3544,3600,-122.29862471367238,47.89445854659682
b2b-all-690231-4-103hdv-d-374,43740,3544,3600,-122.29862471367238,47.89445854659682
b2b-all-690231-4-103hdv-d-375,43740,3544,3600,-122.29862471367238,47.89445854659682
b2b-all-690231-4-104hdv-d-376,55800,3544,3600,-122.29862471367238,47.89445854659682
b2b-all-690231-4-104hdv-d-377,55800,3544,3600,-122.29862471367238,47.89445854659682
b2b-all-690231-4-104hdv-d-378,55800,3544,3600,-122.29862471367238,47.89445854659682
b2b-all-690231-4-104hdv-d-379,55800,3544,3600,-122.29862471367238,47.89445854659682
b2b-all-690231-4-104hdv-d-380,55800,3544,3600,-122.29862471367238,47.89445854659682
b2b-all-690231-4-104hdv-d-381,55800,3544,3600,-122.29862471367238,47.89445854659682
b2b-all-690231-4-104hdv-d-382,55800,3544,3600,-122.29862471367238,47.89445854659682
b2b-all-690231-4-104hdv-d-383,55800,3544,3600,-122.29862471367238,47.89445854659682
b2b-all-693415-3-105hdt-d-384,36120,3854,3600,-122.3645144674494,48.26687162473969
b2b-all-693415-3-105hdt-d-385,36120,3854,3600,-122.3645144674494,48.26687162473969
b2b-all-694863-2-106md-d-386,34020,3459,3600,-122.23689093155632,47.92705510022302
b2b-all-694863-2-106md-d-387,34020,3459,3600,-122.23689093155632,47.92705510022302
b2b-all-694863-2-106md-d-388,34020,3459,3600,-122.23689093155632,47.92705510022302
b2b-all-694863-2-106md-d-389,34020,3459,3600,-122.23689093155632,47.92705510022302
b2b-all-694863-2-106md-d-390,34020,3459,3600,-122.23689093155632,47.92705510022302
b2b-all-694863-2-106hdt-d-391,34020,3459,3600,-122.23689093155632,47.92705510022302
b2b-all-696009-1-107md-d-392,24540,3854,3600,-122.3645144674494,48.26687162473969
b2b-all-696009-1-107md-d-393,26580,3854,3600,-122.3645144674494,48.26687162473969
b2b-all-696009-1-107md-d-394,12660,3854,3600,-122.3645144674494,48.26687162473969
b2b-all-696009-1-107md-d-395,12780,3854,3600,-122.3645144674494,48.26687162473969
b2b-all-696009-1-107md-d-396,23760,3854,3600,-122.3645144674494,48.26687162473969
b2b-all-696009-3-108hdt-d-397,23760,3854,3600,-122.3645144674494,48.26687162473969
b2b-all-705082-3-109hdt-d-398,48600,3755,3600,-122.06076759057872,47.93847905239264
b2b-all-705082-3-109hdt-d-399,48600,3755,3600,-122.06076759057872,47.93847905239264
b2b-all-705082-4-110md-d-400,40320,3755,3600,-122.06076759057872,47.93847905239264
b2b-all-705082-4-110md-d-401,40320,3755,3600,-122.06076759057872,47.93847905239264
b2b-all-705082-4-110md-d-402,40320,3755,3600,-122.06076759057872,47.93847905239264
b2b-all-705082-4-110md-d-403,40320,3755,3600,-122.06076759057872,47.93847905239264
b2b-all-705082-4-110md-d-404,40320,3755,3600,-122.06076759057872,47.93847905239264
b2b-all-705082-4-110md-d-405,40320,3755,3600,-122.06076759057872,47.93847905239264
b2b-all-705082-4-110hdv-d-406,40320,3755,3600,-122.06076759057872,47.93847905239264
b2b-all-705082-4-111hdv-d-407,28920,3755,3600,-122.06076759057872,47.93847905239264
b2b-all-705082-4-111hdv-d-408,23880,3755,3600,-122.06076759057872,47.93847905239264
b2b-all-705082-4-111hdv-d-409,24720,3755,3600,-122.06076759057872,47.93847905239264
b2b-all-705783-3-112hdt-d-410,52140,3713,3600,-122.17812184566672,47.923981240710525
b2b-all-705783-3-112hdt-d-411,52140,3713,3600,-122.17812184566672,47.923981240710525
b2b-all-705785-2-113hdv-d-412,21840,3870,3600,-122.08649048567143,48.12330594038658
b2b-all-705785-2-113hdv-d-413,21840,3870,3600,-122.08649048567143,48.12330594038658
b2b-all-707498-2-114hdt-d-414,28500,3770,3600,-122.1193441149728,47.94854642037169
b2b-all-707498-2-114hdt-d-415,29280,3770,3600,-122.1193441149728,47.94854642037169
b2b-all-707992-2-115md-d-416,44400,3833,3600,-122.17128707900092,48.07291555519415
b2b-all-707992-2-115md-d-417,44400,3833,3600,-122.17128707900092,48.07291555519415
b2b-all-707992-2-115md-d-418,44400,3833,3600,-122.17128707900092,48.07291555519415
b2b-all-707992-2-115md-d-419,44400,3833,3600,-122.17128707900092,48.07291555519415
b2b-all-707992-2-115md-d-420,44400,3833,3600,-122.17128707900092,48.07291555519415
b2b-all-710169-2-116hdv-d-421,56400,3736,3600,-121.97330682626492,47.89041574872106
b2b-all-710169-2-117hdv-d-422,49200,3736,3600,-121.97330682626492,47.89041574872106
b2b-all-710169-2-117hdv-d-423,49200,3736,3600,-121.97330682626492,47.89041574872106
b2b-all-710172-2-118hdt-d-424,55800,3847,3600,-122.35575010676322,48.23545959180077
b2b-all-710172-2-119hdt-d-425,50760,3847,3600,-122.35575010676322,48.23545959180077
b2b-all-710174-1-120hdt-d-426,55200,3882,3600,-122.15842628126758,48.16638497830424
b2b-all-710174-1-120hdt-d-427,55200,3882,3600,-122.15842628126758,48.16638497830424
b2b-all-710175-1-121hdv-d-428,29580,3711,3600,-122.19810610326252,48.02423513118947
b2b-all-710177-2-122hdv-d-429,29100,3570,3600,-122.37233752786798,47.80770077855432
b2b-all-710180-1-123md-d-430,27900,3851,3600,-122.36914606239976,48.23433286961356
b2b-all-710180-1-124md-d-431,18300,3851,3600,-122.36914606239976,48.23433286961356
b2b-all-710181-2-125hdv-d-432,23760,3724,3600,-122.15858905072253,47.84215096636999
b2b-all-710181-2-125hdv-d-433,28200,3724,3600,-122.15858905072253,47.84215096636999
b2b-all-710181-2-125hdv-d-434,21780,3724,3600,-122.15858905072253,47.84215096636999
b2b-all-710181-2-125hdv-d-435,30360,3724,3600,-122.15858905072253,47.84215096636999
b2b-all-710182-1-126hdv-d-436,55500,3680,3600,-122.19876860868094,47.794487228301705
b2b-all-712958-1-127hdt-d-437,36600,2386,3600,-122.55991639490988,47.886230772663865
b2b-all-713888-1-128md-d-438,52800,3851,3600,-122.33558395462644,48.24010910107226
b2b-all-713888-1-128md-d-439,52800,3851,3600,-122.33558395462644,48.24010910107226
b2b-all-713888-1-128md-d-440,52800,3851,3600,-122.33558395462644,48.24010910107226
b2b-all-713888-1-129md-d-441,26280,3851,3600,-122.33558395462644,48.24010910107226
b2b-all-713889-2-130hdv-d-442,48000,3459,3600,-122.23725928764722,47.93060892505956
b2b-all-713889-2-130hdv-d-443,48000,3459,3600,-122.23725928764722,47.93060892505956
b2b-all-713889-2-131hdv-d-444,54120,3459,3600,-122.23725928764722,47.93060892505956
b2b-all-713889-2-131hdv-d-445,54120,3459,3600,-122.23725928764722,47.93060892505956
b2b-all-713891-1-132md-d-446,12060,3181,3600,-122.77190187190745,47.21656893604093
b2b-all-713892-1-133md-d-447,18540,3184,3600,-122.66808420396303,47.10635009599398
b2b-all-714566-1-134hdv-d-448,20760,3896,3600,-121.67287908353984,48.19570067166718
b2b-all-715109-1-135hdv-d-449,14280,5885,3600,-123.12917480974409,44.98433170990787
b2b-all-716396-1-136hdt-d-450,22500,5885,3600,-123.12917480974409,44.98433170990787
b2b-all-716694-1-137md-d-451,33840,3870,3600,-122.0522414382428,48.09418481172724
b2b-all-716694-1-137md-d-452,33840,3870,3600,-122.0522414382428,48.09418481172724
b2b-all-716694-1-137hdt-d-453,33840,3870,3600,-122.0522414382428,48.09418481172724
b2b-all-716694-1-137hdt-d-454,34380,3870,3600,-122.0522414382428,48.09418481172724
b2b-all-716694-1-138md-d-455,47280,3870,3600,-122.0522414382428,48.09418481172724
b2b-all-716694-1-138hdt-d-456,47280,3870,3600,-122.0522414382428,48.09418481172724
b2b-all-716694-1-138hdt-d-457,47280,3870,3600,-122.0522414382428,48.09418481172724
b2b-all-717912-2-139hdt-d-0-458,27360,3718,3600,-122.11925116915302,47.82383666257367
b2b-all-717912-2-139hdt-d-0-459,33300,3718,3600,-122.11925116915302,47.82383666257367
b2b-all-717912-2-139hdt-d-0-460,23700,3718,3600,-122.11925116915302,47.82383666257367
b2b-all-717912-2-139hdt-d-1-461,32340,3718,3600,-122.11925116915302,47.82383666257367
b2b-all-717912-2-139hdt-d-1-462,25800,3718,3600,-122.11925116915302,47.82383666257367
b2b-all-717916-1-141hdt-d-463,48600,3711,3600,-122.16830509405334,47.95104503560216
b2b-all-720285-1-142hdv-d-464,35640,3653,3600,-122.24469659973347,47.79548299370285
b2b-all-720289-2-143hdt-d-465,19500,3184,3600,-122.66808420396303,47.10635009599398
b2b-all-720435-2-144hdt-d-0-466,43800,3539,3600,-122.2838847194846,47.865110437603576
b2b-all-720435-2-144hdt-d-0-467,43800,3539,3600,-122.2838847194846,47.865110437603576
b2b-all-720435-2-144hdt-d-0-468,43800,3539,3600,-122.2838847194846,47.865110437603576
b2b-all-720435-2-144hdt-d-1-469,43800,3539,3600,-122.2838847194846,47.865110437603576
b2b-all-720435-2-145hdt-d-470,45180,3539,3600,-122.2838847194846,47.865110437603576
b2b-all-720435-3-146hdv-d-0-471,34080,3539,3600,-122.2838847194846,47.865110437603576
b2b-all-720435-3-146hdv-d-0-472,27180,3539,3600,-122.2838847194846,47.865110437603576
b2b-all-720435-3-146hdv-d-0-473,22920,3539,3600,-122.2838847194846,47.865110437603576
b2b-all-720435-3-146hdv-d-1-474,31140,3539,3600,-122.2838847194846,47.865110437603576
b2b-all-720435-3-146hdv-d-1-475,23160,3539,3600,-122.2838847194846,47.865110437603576
b2b-all-720435-3-147hdv-d-476,47040,3539,3600,-122.2838847194846,47.865110437603576
b2b-all-724801-2-148hdv-d-0-477,27540,3825,3600,-122.16857090196407,48.04728349528092
b2b-all-724801-2-148hdv-d-0-478,27540,3825,3600,-122.16857090196407,48.04728349528092
b2b-all-724801-2-148hdv-d-0-479,27540,3825,3600,-122.16857090196407,48.04728349528092
b2b-all-724801-2-148hdv-d-1-480,29520,3825,3600,-122.16857090196407,48.04728349528092
b2b-all-724801-2-148hdv-d-1-481,27540,3825,3600,-122.16857090196407,48.04728349528092
b2b-all-724801-2-148hdv-d-1-482,27540,3825,3600,-122.16857090196407,48.04728349528092
b2b-all-724801-2-149hdv-d-483,55200,3825,3600,-122.16857090196407,48.04728349528092
b2b-all-724801-2-149hdv-d-484,55200,3825,3600,-122.16857090196407,48.04728349528092
b2b-all-725635-2-150hdv-d-485,34200,3191,3600,-122.48240942711132,47.05796598200305
b2b-all-725638-1-151md-d-486,29460,3544,3600,-122.2929277222708,47.888983580559696
b2b-all-725638-1-151md-d-487,29460,3544,3600,-122.2929277222708,47.888983580559696
b2b-all-725806-3-152hdv-d-0-488,46800,3517,3600,-122.2629984028849,47.88156258308481
b2b-all-725806-3-152hdv-d-0-489,46800,3517,3600,-122.2629984028849,47.88156258308481
b2b-all-725806-3-152hdv-d-0-490,46800,3517,3600,-122.2629984028849,47.88156258308481
b2b-all-725806-3-152hdv-d-1-491,46800,3517,3600,-122.2629984028849,47.88156258308481
b2b-all-725806-3-152hdv-d-1-492,46800,3517,3600,-122.2629984028849,47.88156258308481
b2b-all-725806-3-153hdv-d-493,43020,3517,3600,-122.2629984028849,47.88156258308481
b2b-all-725970-1-154hdv-d-494,52440,3496,3600,-122.21305557548352,47.91266039251817
b2b-all-725971-1-155md-d-495,47400,3825,3600,-122.16643229770422,48.040389027584425
b2b-all-725971-1-156md-d-496,38040,3825,3600,-122.16643229770422,48.040389027584425
b2b-all-725971-2-157hdt-d-497,33780,3825,3600,-122.16643229770422,48.040389027584425
b2b-all-725971-2-157hdt-d-498,33780,3825,3600,-122.16643229770422,48.040389027584425
b2b-all-725971-2-158hdt-d-499,45240,3825,3600,-122.16643229770422,48.040389027584425
b2b-all-728397-2-159hdv-d-500,44460,3418,3600,-122.2093849252528,47.998910222675455
b2b-all-728397-2-159hdv-d-501,44460,3418,3600,-122.2093849252528,47.998910222675455
b2b-all-728738-1-160md-d-502,30600,5885,3600,-123.12917480974409,44.98433170990787
b2b-all-728738-1-160md-d-503,30600,5885,3600,-123.12917480974409,44.98433170990787
b2b-all-728738-1-160md-d-504,30600,5885,3600,-123.12917480974409,44.98433170990787
b2b-all-728738-1-160md-d-505,30600,5885,3600,-123.12917480974409,44.98433170990787
b2b-all-728738-1-160md-d-506,30600,5885,3600,-123.12917480974409,44.98433170990787
b2b-all-728738-1-160md-d-507,30600,5885,3600,-123.12917480974409,44.98433170990787
b2b-all-728738-1-160md-d-508,30600,5885,3600,-123.12917480974409,44.98433170990787
b2b-all-730147-4-161hdv-d-0-509,25320,3543,3600,-122.32520010250984,47.88169804885288
b2b-all-730147-4-161hdv-d-0-510,28680,3543,3600,-122.32520010250984,47.88169804885288
b2b-all-730147-4-161hdv-d-0-511,25320,3543,3600,-122.32520010250984,47.88169804885288
b2b-all-730147-4-161hdv-d-0-512,25320,3543,3600,-122.32520010250984,47.88169804885288
b2b-all-730147-4-161hdv-d-0-513,25320,3543,3600,-122.32520010250984,47.88169804885288
b2b-all-730147-4-161hdv-d-0-514,27720,3543,3600,-122.32520010250984,47.88169804885288
b2b-all-730147-4-161hdv-d-0-515,25320,3543,3600,-122.32520010250984,47.88169804885288
b2b-all-730147-4-161hdv-d-0-516,25320,3543,3600,-122.32520010250984,47.88169804885288
b2b-all-730147-4-161hdv-d-0-517,25320,3543,3600,-122.32520010250984,47.88169804885288
b2b-all-730147-4-161hdv-d-0-518,26160,3543,3600,-122.32520010250984,47.88169804885288
b2b-all-730147-4-161hdv-d-0-519,25320,3543,3600,-122.32520010250984,47.88169804885288
b2b-all-730147-4-161hdv-d-0-520,28680,3543,3600,-122.32520010250984,47.88169804885288
b2b-all-730147-4-161hdv-d-0-521,28440,3543,3600,-122.32520010250984,47.88169804885288
b2b-all-730147-4-161hdv-d-0-522,28380,3543,3600,-122.32520010250984,47.88169804885288
b2b-all-730147-4-161hdv-d-0-523,33480,3543,3600,-122.32520010250984,47.88169804885288
b2b-all-730147-4-161hdv-d-0-524,25320,3543,3600,-122.32520010250984,47.88169804885288
b2b-all-730147-4-161hdv-d-1-525,25320,3543,3600,-122.32520010250984,47.88169804885288
b2b-all-730147-4-161hdv-d-1-526,26640,3543,3600,-122.32520010250984,47.88169804885288
b2b-all-730147-4-162hdv-d-527,29580,3543,3600,-122.32520010250984,47.88169804885288
b2b-all-730147-4-162hdv-d-528,28920,3543,3600,-122.32520010250984,47.88169804885288
b2b-all-730149-1-163md-d-529,52620,3439,3600,-122.20599810123883,47.96356142639127
b2b-all-730149-1-163md-d-530,52620,3439,3600,-122.20599810123883,47.96356142639127
b2b-all-730149-1-163md-d-531,52620,3439,3600,-122.20599810123883,47.96356142639127
b2b-all-730149-1-163md-d-532,52620,3439,3600,-122.20599810123883,47.96356142639127
b2b-all-730149-1-163md-d-533,52620,3439,3600,-122.20599810123883,47.96356142639127
b2b-all-730149-1-163md-d-534,52620,3439,3600,-122.20599810123883,47.96356142639127
b2b-all-7312-4-164hdv-d-535,42780,3249,3600,-122.05752595660532,46.77459668986081
b2b-all-7312-4-164hdv-d-536,42780,3249,3600,-122.05752595660532,46.77459668986081
b2b-all-7312-4-164hdv-d-537,42780,3249,3600,-122.05752595660532,46.77459668986081
b2b-all-7335-4-165hdv-d-538,25560,3191,3600,-122.48240942711132,47.05796598200305
b2b-all-7335-4-165hdv-d-539,25560,3191,3600,-122.48240942711132,47.05796598200305
b2b-all-734283-2-166hdv-d-540,25740,3905,3600,-121.70134949037862,47.87081781253814
b2b-all-734283-2-166hdv-d-541,21540,3905,3600,-121.70134949037862,47.87081781253814
b2b-all-734283-2-167hdv-d-542,17880,3905,3600,-121.70134949037862,47.87081781253814
b2b-all-734283-2-167hdv-d-543,15960,3905,3600,-121.70134949037862,47.87081781253814
b2b-all-734283-2-167hdv-d-544,17880,3905,3600,-121.70134949037862,47.87081781253814
b2b-all-736378-1-168hdt-d-545,41760,3765,3600,-122.10737941749356,47.92747544688946
b2b-all-736378-1-168hdt-d-546,41760,3765,3600,-122.10737941749356,47.92747544688946
b2b-all-736380-3-169hdt-d-547,36180,3416,3600,-122.20825379369911,48.01108457673302
b2b-all-736380-3-169hdt-d-548,36180,3416,3600,-122.20825379369911,48.01108457673302
b2b-all-7376641-1-170md-d-549,31560,3854,3600,-122.3645144674494,48.26687162473969
b2b-all-7376641-1-170md-d-550,25560,3854,3600,-122.3645144674494,48.26687162473969
b2b-all-7376641-1-170md-d-551,25560,3854,3600,-122.3645144674494,48.26687162473969
b2b-all-7376641-1-170md-d-552,31260,3854,3600,-122.3645144674494,48.26687162473969
b2b-all-7376641-1-170md-d-553,25740,3854,3600,-122.3645144674494,48.26687162473969
b2b-all-7376641-3-171hdt-d-554,33960,3854,3600,-122.3645144674494,48.26687162473969
b2b-all-7376641-4-172hdv-d-555,26760,3854,3600,-122.3645144674494,48.26687162473969
b2b-all-7376641-4-172hdv-d-556,22560,3854,3600,-122.3645144674494,48.26687162473969
b2b-all-7376641-4-172hdv-d-557,23160,3854,3600,-122.3645144674494,48.26687162473969
b2b-all-7376641-4-172hdv-d-558,17820,3854,3600,-122.3645144674494,48.26687162473969
b2b-all-7377-2-173hdv-d-559,42720,3860,3600,-122.1608167556565,48.27736894844831
b2b-all-7377-2-173hdv-d-560,42720,3860,3600,-122.1608167556565,48.27736894844831
b2b-all-7378394-4-174hdv-d-561,18600,3179,3600,-122.74810938133588,47.29621087392292
b2b-all-7378394-4-174hdv-d-562,18600,3179,3600,-122.74810938133588,47.29621087392292
b2b-all-7380342-5-175hdv-d-563,15060,3854,3600,-122.3645144674494,48.26687162473969
b2b-all-7380342-5-175hdv-d-564,26520,3854,3600,-122.3645144674494,48.26687162473969
b2b-all-7380342-5-175hdv-d-565,25020,3854,3600,-122.3645144674494,48.26687162473969
b2b-all-7380342-5-175hdv-d-566,25620,3854,3600,-122.3645144674494,48.26687162473969
b2b-all-7380342-5-175hdv-d-567,23940,3854,3600,-122.3645144674494,48.26687162473969
b2b-all-7380342-5-175hdv-d-568,17580,3854,3600,-122.3645144674494,48.26687162473969
b2b-all-7380896-2-176hdt-d-569,48000,3515,3600,-122.24918798434304,47.88119568641799
b2b-all-7380974-1-177md-d-570,20880,3456,3600,-122.2972950706387,47.92749052918635
b2b-all-7380974-1-177md-d-571,29040,3456,3600,-122.2972950706387,47.92749052918635
b2b-all-7380974-1-177md-d-572,25500,3456,3600,-122.2972950706387,47.92749052918635
b2b-all-7380974-1-178md-d-573,37860,3456,3600,-122.2972950706387,47.92749052918635
b2b-all-7380974-1-178md-d-574,37860,3456,3600,-122.2972950706387,47.92749052918635
b2b-all-7380974-1-178md-d-575,37860,3456,3600,-122.2972950706387,47.92749052918635
b2b-all-7383076-3-179hdt-d-576,42600,3458,3600,-122.24359300623652,47.93859130196192
b2b-all-7383076-3-179hdt-d-577,42600,3458,3600,-122.24359300623652,47.93859130196192
b2b-all-7385928-1-180md-d-578,31740,2386,3600,-122.55991639490988,47.886230772663865
b2b-all-7386195-2-181hdt-d-579,13200,5885,3600,-123.12917480974409,44.98433170990787
b2b-all-7386195-3-182hdv-d-580,16200,5885,3600,-123.12917480974409,44.98433170990787
b2b-all-7386195-3-182hdv-d-581,14820,5885,3600,-123.12917480974409,44.98433170990787
b2b-all-7386195-3-182hdv-d-582,14820,5885,3600,-123.12917480974409,44.98433170990787
b2b-all-7387074-1-183hdv-d-583,45840,3746,3600,-121.87301982474632,47.87480087580338
b2b-all-7387074-1-183hdv-d-584,45840,3746,3600,-121.87301982474632,47.87480087580338
b2b-all-7387074-1-184hdv-d-585,54600,3746,3600,-121.87301982474632,47.87480087580338
b2b-all-7389653-1-185md-d-586,25800,5883,3600,-123.05180503036196,44.98106768295292
b2b-all-7389653-2-186hdv-d-587,22500,5883,3600,-123.05180503036196,44.98106768295292
b2b-all-7390057-2-187hdt-d-588,19320,5885,3600,-123.12917480974409,44.98433170990787
b2b-all-7390206-1-188hdt-d-589,32100,3429,3600,-122.17336374172788,47.98306838329148
b2b-all-7392-3-189hdv-d-590,24600,3897,3600,-121.88354696804184,47.8160996415638
b2b-all-7392-3-189hdv-d-591,24600,3897,3600,-121.88354696804184,47.8160996415638
b2b-all-7392-3-189hdv-d-592,24600,3897,3600,-121.88354696804184,47.8160996415638
b2b-all-7402-3-190hdt-d-593,25500,3191,3600,-122.48240942711132,47.05796598200305
b2b-all-7402-3-190hdt-d-594,25500,3191,3600,-122.48240942711132,47.05796598200305
b2b-all-7432938-2-191hdv-d-595,31080,3539,3600,-122.28963240113474,47.86853422529266
b2b-all-7432938-2-192hdv-d-596,33960,3539,3600,-122.28963240113474,47.86853422529266
b2b-all-7432960-1-193hdv-d-597,53040,3809,3600,-122.14708457784276,48.13638437579101
b2b-all-7432960-1-194hdv-d-598,57000,3809,3600,-122.14708457784276,48.13638437579101
b2b-all-7439898-2-195hdv-d-599,22680,3895,3600,-121.26884369455286,48.17174536079158
b2b-all-7439898-2-195hdv-d-600,24840,3895,3600,-121.26884369455286,48.17174536079158
b2b-all-7464067-1-196hdt-d-601,18660,3902,3600,-121.83836175134384,47.88870243710678
b2b-all-7464067-1-196hdt-d-602,18660,3902,3600,-121.83836175134384,47.88870243710678
b2b-all-7464367-2-197hdt-d-603,21360,3895,3600,-121.26884369455286,48.17174536079158
b2b-all-7464367-2-197hdv-d-604,18360,3895,3600,-121.26884369455286,48.17174536079158
b2b-all-7464367-2-197hdv-d-605,28500,3895,3600,-121.26884369455286,48.17174536079158
b2b-all-7475932-2-198hdt-d-606,31980,3712,3600,-122.14301906743016,48.02901609203505
b2b-all-7475932-2-198hdt-d-607,25740,3712,3600,-122.14301906743016,48.02901609203505
b2b-all-7480562-3-199hdt-d-608,32820,3858,3600,-122.33460113130307,48.27659681424254
b2b-all-7480562-3-199hdt-d-609,25500,3858,3600,-122.33460113130307,48.27659681424254
b2b-all-7480562-3-199hdt-d-610,21480,3858,3600,-122.33460113130307,48.27659681424254
b2b-all-7480562-3-199hdt-d-611,23040,3858,3600,-122.33460113130307,48.27659681424254
b2b-all-7480562-4-200hdv-d-612,42000,3858,3600,-122.33460113130307,48.27659681424254
b2b-all-7480562-4-200hdv-d-613,42000,3858,3600,-122.33460113130307,48.27659681424254
b2b-all-7480567-3-201hdt-d-614,28140,3854,3600,-122.3645144674494,48.26687162473969
b2b-all-7480567-3-201hdt-d-615,17400,3854,3600,-122.3645144674494,48.26687162473969
b2b-all-7480567-3-201hdt-d-616,27540,3854,3600,-122.3645144674494,48.26687162473969
b2b-all-7480569-3-202hdt-d-617,25380,3860,3600,-122.16669982272528,48.26526223933203
b2b-all-7480569-3-202hdt-d-618,27180,3860,3600,-122.16669982272528,48.26526223933203
b2b-all-752335-1-203hdt-d-619,41760,3443,3600,-122.21604451248236,47.94223258549943
b2b-all-752335-1-203hdt-d-620,41760,3443,3600,-122.21604451248236,47.94223258549943
b2b-all-752335-1-203hdt-d-621,41760,3443,3600,-122.21604451248236,47.94223258549943
b2b-all-752335-1-203hdt-d-622,41760,3443,3600,-122.21604451248236,47.94223258549943
b2b-all-752337-1-204md-d-623,16620,3713,3600,-122.12229870237478,47.91320509795485
b2b-all-752337-1-204md-d-624,17400,3713,3600,-122.12229870237478,47.91320509795485
b2b-all-752337-1-204md-d-625,14520,3713,3600,-122.12229870237478,47.91320509795485
b2b-all-752337-1-204md-d-626,18960,3713,3600,-122.12229870237478,47.91320509795485
b2b-all-752337-1-204md-d-627,16920,3713,3600,-122.12229870237478,47.91320509795485
b2b-all-752339-2-205hdt-d-0-628,34200,3854,3600,-122.38305915789878,48.2557594237484
b2b-all-752339-2-205hdt-d-0-629,34200,3854,3600,-122.38305915789878,48.2557594237484
b2b-all-752339-2-205hdt-d-0-630,34200,3854,3600,-122.38305915789878,48.2557594237484
b2b-all-752339-2-205hdt-d-1-631,34200,3854,3600,-122.38305915789878,48.2557594237484
b2b-all-752339-2-205hdt-d-1-632,34200,3854,3600,-122.38305915789878,48.2557594237484
b2b-all-752339-2-206hdt-d-633,46800,3854,3600,-122.38305915789878,48.2557594237484
b2b-all-752340-1-207md-d-634,26460,3825,3600,-122.17275010801444,48.04044551468178
b2b-all-752342-1-208md-d-635,52800,3687,3600,-122.234048883274,47.83965474975174
b2b-all-752343-1-209hdv-d-636,25140,3450,3600,-122.22752690131504,47.93367717325467
b2b-all-752351-2-210md-d-637,31860,3739,3600,-122.01934402786983,47.8676690648335
b2b-all-752351-3-211hdt-d-638,29640,3739,3600,-122.01934402786983,47.8676690648335
b2b-all-752351-3-211hdt-d-639,26400,3739,3600,-122.01934402786983,47.8676690648335
b2b-all-752355-1-212md-d-640,50400,3770,3600,-122.1089066869758,47.91621584780869
b2b-all-752365-1-213hdv-d-641,30600,3191,3600,-122.48240942711132,47.05796598200305
b2b-all-757257-1-214md-d-0-642,39180,3689,3600,-122.25525153942311,47.84159648203944
b2b-all-757257-1-214md-d-0-643,39180,3689,3600,-122.25525153942311,47.84159648203944
b2b-all-757257-1-214md-d-0-644,39180,3689,3600,-122.25525153942311,47.84159648203944
b2b-all-757257-1-214md-d-1-645,39180,3689,3600,-122.25525153942311,47.84159648203944
b2b-all-757257-1-214md-d-1-646,39180,3689,3600,-122.25525153942311,47.84159648203944
b2b-all-757257-1-214md-d-1-647,39180,3689,3600,-122.25525153942311,47.84159648203944
b2b-all-757257-1-214md-d-1-648,39180,3689,3600,-122.25525153942311,47.84159648203944
b2b-all-757257-1-214md-d-2-649,39180,3689,3600,-122.25525153942311,47.84159648203944
b2b-all-757257-1-215md-d-650,30960,3689,3600,-122.25525153942311,47.84159648203944
b2b-all-757257-1-215md-d-651,30960,3689,3600,-122.25525153942311,47.84159648203944
b2b-all-757257-1-215md-d-652,30960,3689,3600,-122.25525153942311,47.84159648203944
b2b-all-757260-1-216hdt-d-653,48600,3639,3600,-122.25846885028936,47.81932033377229
b2b-all-757260-1-216hdt-d-654,48600,3639,3600,-122.25846885028936,47.81932033377229
b2b-all-757262-3-217hdt-d-655,30600,3184,3600,-122.66808420396303,47.10635009599398
b2b-all-757262-3-217hdt-d-656,30600,3184,3600,-122.66808420396303,47.10635009599398
b2b-all-760200-3-218hdt-d-657,54240,3765,3600,-122.10857018156184,47.915329167990514
b2b-all-760200-3-218hdt-d-658,54240,3765,3600,-122.10857018156184,47.915329167990514
b2b-all-760200-3-218hdt-d-659,54240,3765,3600,-122.10857018156184,47.915329167990514
b2b-all-760200-3-219hdt-d-660,33120,3765,3600,-122.10857018156184,47.915329167990514
b2b-all-760200-3-219hdt-d-661,33120,3765,3600,-122.10857018156184,47.915329167990514
b2b-all-760200-3-219hdt-d-662,33120,3765,3600,-122.10857018156184,47.915329167990514
b2b-all-760200-3-219hdt-d-663,33120,3765,3600,-122.10857018156184,47.915329167990514
b2b-all-760200-3-219hdt-d-664,33120,3765,3600,-122.10857018156184,47.915329167990514
b2b-all-760200-3-219hdt-d-665,33120,3765,3600,-122.10857018156184,47.915329167990514
b2b-all-760201-1-220md-d-666,25800,3867,3600,-122.11676154791732,48.18793467576403
b2b-all-760201-1-220md-d-667,25800,3867,3600,-122.11676154791732,48.18793467576403
b2b-all-760201-1-220md-d-668,25800,3867,3600,-122.11676154791732,48.18793467576403
b2b-all-760201-1-220md-d-669,25800,3867,3600,-122.11676154791732,48.18793467576403
b2b-all-760201-4-221hdv-d-670,43320,3867,3600,-122.11676154791732,48.18793467576403
b2b-all-760201-4-221hdv-d-671,43320,3867,3600,-122.11676154791732,48.18793467576403
b2b-all-760201-4-221hdv-d-672,43320,3867,3600,-122.11676154791732,48.18793467576403
b2b-all-760201-4-221hdv-d-673,43320,3867,3600,-122.11676154791732,48.18793467576403
b2b-all-760201-4-221hdv-d-674,43320,3867,3600,-122.11676154791732,48.18793467576403
b2b-all-760201-4-221hdv-d-675,43320,3867,3600,-122.11676154791732,48.18793467576403
b2b-all-760201-4-221hdv-d-676,43320,3867,3600,-122.11676154791732,48.18793467576403
b2b-all-760201-4-222hdv-d-677,54600,3867,3600,-122.11676154791732,48.18793467576403
b2b-all-760201-4-222hdv-d-678,54600,3867,3600,-122.11676154791732,48.18793467576403
b2b-all-760201-4-222hdv-d-679,54600,3867,3600,-122.11676154791732,48.18793467576403
b2b-all-761280-2-223hdt-d-680,16800,3205,3600,-122.47266831305922,46.8934296551068
b2b-all-761280-2-223hdt-d-681,20340,3205,3600,-122.47266831305922,46.8934296551068
b2b-all-761616-3-224hdt-d-682,16560,5885,3600,-123.12917480974409,44.98433170990787
b2b-all-761616-3-224hdt-d-683,13260,5885,3600,-123.12917480974409,44.98433170990787
b2b-all-762125-2-225hdt-d-684,23640,3191,3600,-122.48240942711132,47.05796598200305
b2b-all-762204-3-226hdv-d-685,33180,3181,3600,-122.77190187190745,47.21656893604093
b2b-all-762741-2-227hdt-d-686,44640,3450,3600,-122.225066159956,47.93263367597503
b2b-all-762741-2-227hdt-d-687,44640,3450,3600,-122.225066159956,47.93263367597503
b2b-all-762741-2-227hdt-d-688,44640,3450,3600,-122.225066159956,47.93263367597503
b2b-all-762745-4-228hdv-d-689,16380,2463,3600,-122.92940873570474,47.573500767034304
b2b-all-762745-4-228hdv-d-690,16440,2463,3600,-122.92940873570474,47.573500767034304
b2b-all-763204-2-229hdv-d-691,25200,3818,3600,-122.1817485762014,48.08669115732777
b2b-all-763204-2-229hdv-d-692,30900,3818,3600,-122.1817485762014,48.08669115732777
b2b-all-763782-1-230hdt-d-693,24420,5885,3600,-123.12917480974409,44.98433170990787
b2b-all-763912-1-231md-d-694,34380,3538,3600,-122.3006954089642,47.86981170474349
b2b-all-763912-1-231md-d-695,30180,3538,3600,-122.3006954089642,47.86981170474349
b2b-all-765183-1-232hdt-d-696,14460,5885,3600,-123.12917480974409,44.98433170990787
b2b-all-765647-2-233hdv-d-697,31140,2386,3600,-122.55991639490988,47.886230772663865
b2b-all-765655-1-234md-d-698,46740,3459,3600,-122.24026368959017,47.92560558376198
b2b-all-765662-2-235hdv-d-699,42000,3854,3600,-122.3645144674494,48.26687162473969
b2b-all-765996-1-236md-d-700,15300,3846,3600,-122.28914581617067,48.17023248995803
b2b-all-765996-1-236md-d-701,29880,3846,3600,-122.28914581617067,48.17023248995803
b2b-all-765997-2-237hdt-d-702,29880,5885,3600,-123.12917480974409,44.98433170990787
b2b-all-766732-1-238hdt-d-703,21360,3895,3600,-121.26884369455286,48.17174536079158
b2b-all-768221-2-239hdv-d-704,29520,3520,3600,-122.27337546877564,47.87905031496592
b2b-all-772907-2-240hdv-d-705,54300,3761,3600,-122.01388653395024,47.93048310929736
b2b-all-773286-3-241hdt-d-706,30000,5885,3600,-123.12917480974409,44.98433170990787
b2b-all-774462-2-242hdv-d-707,38460,3877,3600,-122.1344861444289,48.18043289343639
b2b-all-774462-2-242hdv-d-708,38460,3877,3600,-122.1344861444289,48.18043289343639
b2b-all-774463-2-243hdv-d-709,50220,3443,3600,-122.2104611034338,47.93901462876504
b2b-all-774463-2-243hdv-d-710,50220,3443,3600,-122.2104611034338,47.93901462876504
b2b-all-784009-3-244hdv-d-711,24300,3181,3600,-122.77190187190745,47.21656893604093
b2b-all-784009-3-244hdv-d-712,24300,3181,3600,-122.77190187190745,47.21656893604093
b2b-all-787170-3-245hdv-d-713,32100,3184,3600,-122.66808420396303,47.10635009599398
b2b-all-788098-1-246hdv-d-714,26520,5897,3600,-123.21550111052947,44.80748760973425
b2b-all-788103-1-247hdt-d-715,22200,5897,3600,-123.21550111052947,44.80748760973425
b2b-all-788125-1-248md-d-716,38280,3491,3600,-122.23542095572502,47.849869440618455
b2b-all-788125-1-248md-d-717,38280,3491,3600,-122.23542095572502,47.849869440618455
b2b-all-788125-1-248md-d-718,38280,3491,3600,-122.23542095572502,47.849869440618455
b2b-all-788125-1-248hdt-d-719,38280,3491,3600,-122.23542095572502,47.849869440618455
b2b-all-788125-1-248hdv-d-720,38280,3491,3600,-122.23542095572502,47.849869440618455
b2b-all-788125-1-248hdv-d-721,38280,3491,3600,-122.23542095572502,47.849869440618455
b2b-all-788125-1-249md-d-722,40800,3491,3600,-122.23542095572502,47.849869440618455
b2b-all-788644-1-250hdt-d-723,24480,5879,3600,-123.04362483193276,44.94821565940063
b2b-all-791187-1-251hdt-d-724,50940,3606,3600,-122.32445123670396,47.80949575287374
b2b-all-795459-1-252hdv-d-725,32580,3856,3600,-122.27841593248924,48.24625935739999
b2b-all-797460-2-253hdt-d-726,26880,3529,3600,-122.26520004487872,47.89902194412203
b2b-all-797461-1-254hdt-d-727,22200,3521,3600,-122.24464420011152,47.92227822234713
b2b-all-8055300-4-255hdv-d-728,24000,3854,3600,-122.39491169360213,48.24922147637075
b2b-all-8055300-4-255hdv-d-729,24000,3854,3600,-122.39491169360213,48.24922147637075
b2b-all-8055300-4-255hdv-d-730,24000,3854,3600,-122.39491169360213,48.24922147637075
b2b-all-8055300-4-255hdv-d-731,24000,3854,3600,-122.39491169360213,48.24922147637075
b2b-all-8055300-4-255hdv-d-732,24000,3854,3600,-122.39491169360213,48.24922147637075
b2b-all-8055300-4-255hdv-d-733,25200,3854,3600,-122.39491169360213,48.24922147637075
b2b-all-8055300-4-255hdv-d-734,24000,3854,3600,-122.39491169360213,48.24922147637075
b2b-all-8055300-4-255hdv-d-735,24000,3854,3600,-122.39491169360213,48.24922147637075
b2b-all-8055300-4-255hdv-d-736,24000,3854,3600,-122.39491169360213,48.24922147637075
b2b-all-816816-1-256hdt-d-737,19200,5885,3600,-123.12917480974409,44.98433170990787
b2b-all-8214016-4-257hdv-d-738,32220,3860,3600,-122.16669982272528,48.26526223933203
b2b-all-8214016-4-257hdv-d-739,30660,3860,3600,-122.16669982272528,48.26526223933203
b2b-all-8215192-3-258hdv-d-740,44400,3515,3600,-122.24643105100796,47.87867519144057
b2b-all-8215192-3-258hdv-d-741,44400,3515,3600,-122.24643105100796,47.87867519144057
b2b-all-8215192-3-259hdv-d-742,52800,3515,3600,-122.24643105100796,47.87867519144057
b2b-all-8215192-3-259hdv-d-743,52800,3515,3600,-122.24643105100796,47.87867519144057
b2b-all-822772-1-260hdv-d-744,54060,3668,3600,-122.20841600853842,47.81592753209406
b2b-all-825775-1-261md-d-745,45180,3835,3600,-122.17450482019755,48.067840177319134
b2b-all-826626-1-262md-d-746,50340,3809,3600,-122.18291700799408,48.14807514351637
b2b-all-826626-1-263md-d-747,24720,3809,3600,-122.18291700799408,48.14807514351637
b2b-all-827139-2-264hdv-d-748,19560,3521,3600,-122.2426397348722,47.923106732385016
b2b-all-827139-2-265hdv-d-749,39000,3521,3600,-122.2426397348722,47.923106732385016
b2b-all-828219-1-266hdt-d-750,36240,5885,3600,-123.12917480974409,44.98433170990787
b2b-all-830977-1-267md-d-751,47460,3637,3600,-122.26076139097192,47.82836625633139
b2b-all-830978-1-268md-d-752,49200,3416,3600,-122.20901609816084,48.01138280195616
b2b-all-830978-1-269md-d-753,48000,3416,3600,-122.20901609816084,48.01138280195616
b2b-all-830980-1-270md-d-754,33720,3494,3600,-122.2293512785499,47.88130177127222
b2b-all-830981-1-271md-d-755,30180,3790,3600,-122.08964408799778,47.97874861249026
b2b-all-830981-1-271md-d-756,30180,3790,3600,-122.08964408799778,47.97874861249026
b2b-all-830981-1-271hdv-d-757,30180,3790,3600,-122.08964408799778,47.97874861249026
b2b-all-830982-2-272hdt-d-758,22080,5885,3600,-123.12917480974409,44.98433170990787
b2b-all-831256-1-273hdv-d-759,30480,3472,3600,-122.20013888212678,47.90581067833156
b2b-all-831256-1-274hdv-d-760,32580,3472,3600,-122.20013888212678,47.90581067833156
b2b-all-835672-1-275hdt-d-761,23400,3181,3600,-122.77190187190745,47.21656893604093
b2b-all-836946-2-276hdv-d-762,23280,5885,3600,-123.12917480974409,44.98433170990787
b2b-all-8383223-1-277hdv-d-763,34800,5885,3600,-123.12917480974409,44.98433170990787
b2b-all-8383223-1-277hdv-d-764,34800,5885,3600,-123.12917480974409,44.98433170990787
b2b-all-8383223-1-277hdv-d-765,34800,5885,3600,-123.12917480974409,44.98433170990787
b2b-all-839498-1-278md-d-766,12000,5885,3600,-123.12917480974409,44.98433170990787
b2b-all-841297-2-279hdv-d-767,19320,5885,3600,-123.12917480974409,44.98433170990787
b2b-all-841302-1-280md-d-768,31320,5897,3600,-123.21550111052947,44.80748760973425
b2b-all-841550-1-281md-d-769,30060,3828,3600,-122.17259428583698,48.052819303794536
b2b-all-841550-1-281md-d-770,23460,3828,3600,-122.17259428583698,48.052819303794536
b2b-all-841550-1-281md-d-771,21900,3828,3600,-122.17259428583698,48.052819303794536
b2b-all-841550-1-281hdt-d-772,27240,3828,3600,-122.17259428583698,48.052819303794536
b2b-all-841550-1-281hdt-d-773,21900,3828,3600,-122.17259428583698,48.052819303794536
b2b-all-841550-1-281hdt-d-774,29460,3828,3600,-122.17259428583698,48.052819303794536
b2b-all-841550-1-282md-d-775,38880,3828,3600,-122.17259428583698,48.052819303794536
b2b-all-841550-1-282hdt-d-776,38880,3828,3600,-122.17259428583698,48.052819303794536
b2b-all-841551-1-283md-d-777,33960,3905,3600,-121.67690710162096,47.86439992569069
b2b-all-841551-1-283md-d-778,33960,3905,3600,-121.67690710162096,47.86439992569069
b2b-all-841551-1-283md-d-779,33960,3905,3600,-121.67690710162096,47.86439992569069
b2b-all-841551-1-283md-d-780,33960,3905,3600,-121.67690710162096,47.86439992569069
b2b-all-841551-2-284hdv-d-0-781,43980,3905,3600,-121.67690710162096,47.86439992569069
b2b-all-841551-2-284hdv-d-0-782,43980,3905,3600,-121.67690710162096,47.86439992569069
b2b-all-841551-2-284hdv-d-0-783,43980,3905,3600,-121.67690710162096,47.86439992569069
b2b-all-841551-2-284hdv-d-1-784,43980,3905,3600,-121.67690710162096,47.86439992569069
b2b-all-841551-2-284hdv-d-1-785,43980,3905,3600,-121.67690710162096,47.86439992569069
b2b-all-841551-2-284hdv-d-1-786,43980,3905,3600,-121.67690710162096,47.86439992569069
b2b-all-841551-2-284hdv-d-2-787,43980,3905,3600,-121.67690710162096,47.86439992569069
b2b-all-841551-2-284hdv-d-2-788,43980,3905,3600,-121.67690710162096,47.86439992569069
b2b-all-841551-2-284hdv-d-2-789,43980,3905,3600,-121.67690710162096,47.86439992569069
b2b-all-841551-2-284hdv-d-3-790,43980,3905,3600,-121.67690710162096,47.86439992569069
b2b-all-841551-2-284hdv-d-3-791,43980,3905,3600,-121.67690710162096,47.86439992569069
b2b-all-841551-2-284hdv-d-3-792,43980,3905,3600,-121.67690710162096,47.86439992569069
b2b-all-841551-2-284hdv-d-4-793,43980,3905,3600,-121.67690710162096,47.86439992569069
b2b-all-841551-2-284hdv-d-4-794,43980,3905,3600,-121.67690710162096,47.86439992569069
b2b-all-841551-2-284hdv-d-4-795,43980,3905,3600,-121.67690710162096,47.86439992569069
b2b-all-841551-2-284hdv-d-5-796,43980,3905,3600,-121.67690710162096,47.86439992569069
b2b-all-841992-1-286md-d-797,47400,3815,3600,-122.16812016302212,48.11587227956031
b2b-all-841992-1-287md-d-798,25260,3815,3600,-122.16812016302212,48.11587227956031
b2b-all-843447-1-288md-d-799,48000,3825,3600,-122.1725389350249,48.04385158079047
b2b-all-843447-1-288md-d-800,48000,3825,3600,-122.1725389350249,48.04385158079047
b2b-all-843447-1-288md-d-801,48000,3825,3600,-122.1725389350249,48.04385158079047
b2b-all-843447-1-288md-d-802,48000,3825,3600,-122.1725389350249,48.04385158079047
b2b-all-843447-1-288hdv-d-803,48000,3825,3600,-122.1725389350249,48.04385158079047
b2b-all-843447-1-288hdv-d-804,48000,3825,3600,-122.1725389350249,48.04385158079047
b2b-all-843447-1-289md-d-805,26280,3825,3600,-122.1725389350249,48.04385158079047
b2b-all-843447-1-289md-d-806,27840,3825,3600,-122.1725389350249,48.04385158079047
b2b-all-843447-1-289md-d-807,30240,3825,3600,-122.1725389350249,48.04385158079047
b2b-all-843447-1-289hdv-d-808,26280,3825,3600,-122.1725389350249,48.04385158079047
b2b-all-843447-1-289hdv-d-809,26280,3825,3600,-122.1725389350249,48.04385158079047
b2b-all-843447-1-289hdv-d-810,26280,3825,3600,-122.1725389350249,48.04385158079047
b2b-all-843447-1-289hdv-d-811,26280,3825,3600,-122.1725389350249,48.04385158079047
b2b-all-844041-1-290hdt-d-812,39840,5885,3600,-123.12917480974409,44.98433170990787
b2b-all-844757-1-291hdt-d-813,52200,3887,3600,-121.87502214858443,48.09105105458568
b2b-all-848536-1-292hdt-d-814,16800,3191,3600,-122.48240942711132,47.05796598200305
b2b-all-848537-1-293md-d-815,37500,3671,3600,-122.21044861266611,47.80183861127844
b2b-all-848537-1-294md-d-816,24420,3671,3600,-122.21044861266611,47.80183861127844
b2b-all-848794-1-295md-d-817,33840,3910,3600,-122.22364319831432,48.031325600755615
b2b-all-848794-1-296md-d-818,25500,3910,3600,-122.22364319831432,48.031325600755615
b2b-all-848794-1-296md-d-819,17460,3910,3600,-122.22364319831432,48.031325600755615
b2b-all-849050-1-297hdt-d-820,29640,5885,3600,-123.12917480974409,44.98433170990787
b2b-all-849072-1-298md-d-821,47160,3538,3600,-122.29810645978152,47.87100925290079
b2b-all-849072-1-298md-d-822,47160,3538,3600,-122.29810645978152,47.87100925290079
b2b-all-849470-1-299hdv-d-823,29100,5883,3600,-123.05180503036196,44.98106768295292
b2b-all-849471-1-300hdt-d-824,20820,5885,3600,-123.12917480974409,44.98433170990787
b2b-all-850550-2-301hdv-d-825,31080,5885,3600,-123.12917480974409,44.98433170990787
b2b-all-850799-1-302hdv-d-826,23040,5885,3600,-123.12917480974409,44.98433170990787
b2b-all-851002-2-303hdv-d-0-827,49920,3436,3600,-122.2137972274571,47.97712724871124
b2b-all-851002-2-303hdv-d-0-828,49920,3436,3600,-122.2137972274571,47.97712724871124
b2b-all-851002-2-303hdv-d-0-829,49920,3436,3600,-122.2137972274571,47.97712724871124
b2b-all-851002-2-303hdv-d-1-830,49920,3436,3600,-122.2137972274571,47.97712724871124
b2b-all-851002-2-303hdv-d-1-831,49920,3436,3600,-122.2137972274571,47.97712724871124
b2b-all-851002-2-304hdv-d-832,34080,3436,3600,-122.2137972274571,47.97712724871124
b2b-all-851444-1-305hdt-d-833,15660,5910,3600,-123.42472691782407,44.74713906199188
b2b-all-851544-1-306md-d-834,41400,3538,3600,-122.30037714433357,47.8704047984903
b2b-all-851544-1-306md-d-835,41400,3538,3600,-122.30037714433357,47.8704047984903
b2b-all-851544-1-307md-d-836,49320,3538,3600,-122.30037714433357,47.8704047984903
b2b-all-853298-1-308hdt-d-837,50400,3455,3600,-122.30673374116284,47.93430091847106
b2b-all-853298-1-309hdt-d-838,30720,3455,3600,-122.30673374116284,47.93430091847106
b2b-all-853597-3-310hdt-d-839,21540,5896,3600,-123.29940370469836,44.766457367506206
b2b-all-853597-3-310hdt-d-840,20700,5896,3600,-123.29940370469836,44.766457367506206
b2b-all-853600-2-311hdv-d-841,24840,5885,3600,-123.12917480974409,44.98433170990787
b2b-all-853601-2-312hdt-d-842,19380,5885,3600,-123.12917480974409,44.98433170990787
b2b-all-853793-3-313hdt-d-843,15300,5885,3600,-123.12917480974409,44.98433170990787
b2b-all-854121-1-314md-d-844,52800,3857,3600,-122.28484865412584,48.27080348856806
b2b-all-854121-1-315md-d-845,31680,3857,3600,-122.28484865412584,48.27080348856806
b2b-all-854121-3-316hdt-d-846,53460,3857,3600,-122.28484865412584,48.27080348856806
b2b-all-854121-3-316hdt-d-847,53460,3857,3600,-122.28484865412584,48.27080348856806
b2b-all-854121-3-316hdt-d-848,53460,3857,3600,-122.28484865412584,48.27080348856806
b2b-all-854121-3-317hdt-d-849,20340,3857,3600,-122.28484865412584,48.27080348856806
b2b-all-854122-1-318md-d-850,46860,3455,3600,-122.30777368091113,47.93054230356328
b2b-all-854122-2-319hdt-d-851,37740,3455,3600,-122.30777368091113,47.93054230356328
b2b-all-854122-2-320hdt-d-852,32100,3455,3600,-122.30777368091113,47.93054230356328
b2b-all-854278-1-321hdt-d-853,27000,3179,3600,-122.74810938133588,47.29621087392292
b2b-all-855376-3-322hdv-d-0-854,19920,5885,3600,-123.12917480974409,44.98433170990787
b2b-all-855376-3-322hdv-d-0-855,22260,5885,3600,-123.12917480974409,44.98433170990787
b2b-all-855376-3-322hdv-d-0-856,19920,5885,3600,-123.12917480974409,44.98433170990787
b2b-all-855376-3-322hdv-d-1-857,19920,5885,3600,-123.12917480974409,44.98433170990787
b2b-all-855376-3-322hdv-d-1-858,19920,5885,3600,-123.12917480974409,44.98433170990787
b2b-all-855376-3-322hdv-d-1-859,23160,5885,3600,-123.12917480974409,44.98433170990787
b2b-all-863195-1-323hdt-d-860,22800,3191,3600,-122.48240942711132,47.05796598200305
b2b-all-863214-1-324md-d-861,24000,3854,3600,-122.3645144674494,48.26687162473969
b2b-all-863214-2-325hdt-d-862,35400,3854,3600,-122.3645144674494,48.26687162473969
b2b-all-863215-1-326hdt-d-863,26760,3858,3600,-122.33460113130307,48.27659681424254
b2b-all-863216-2-327hdt-d-864,16260,3857,3600,-122.29590163174925,48.271412627164175
b2b-all-863221-2-328hdt-d-865,30660,3753,3600,-121.9845130015913,47.8480045704022
b2b-all-863226-1-329hdv-d-866,30240,3487,3600,-122.20855168864476,47.89758117452842
b2b-all-863228-1-330hdv-d-867,29340,3713,3600,-122.10993691653675,47.89123805940987
b2b-all-863228-1-330hdv-d-868,17040,3713,3600,-122.10993691653675,47.89123805940987
b2b-all-863231-1-331hdt-d-869,41820,3444,3600,-122.2186969223739,47.948096230467854
b2b-all-863231-1-332hdt-d-870,45960,3444,3600,-122.2186969223739,47.948096230467854
b2b-all-863233-1-333md-d-871,56340,3881,3600,-122.14379727913132,48.19221493390093
b2b-all-863233-1-333md-d-872,56340,3881,3600,-122.14379727913132,48.19221493390093
b2b-all-863235-1-334md-d-873,27780,3450,3600,-122.22679279690622,47.93488832082471
b2b-all-868507-1-335md-d-874,36900,3784,3600,-122.0646567526313,48.02900618566833
b2b-all-868507-1-335md-d-875,36900,3784,3600,-122.0646567526313,48.02900618566833
b2b-all-868507-1-336md-d-876,51600,3784,3600,-122.0646567526313,48.02900618566833
b2b-all-868510-1-337md-d-877,33240,3429,3600,-122.1742484870414,47.98888558921651
b2b-all-868512-1-338hdv-d-878,28080,3191,3600,-122.48240942711132,47.05796598200305
b2b-all-869302-1-339md-d-879,22380,3857,3600,-122.29590163174925,48.271412627164175
b2b-all-869302-2-340hdv-d-880,21300,3857,3600,-122.29590163174925,48.271412627164175
b2b-all-869304-1-341hdv-d-881,33540,3677,3600,-122.1920004010186,47.81435979807833
b2b-all-869304-1-342hdv-d-882,44400,3677,3600,-122.1920004010186,47.81435979807833
b2b-all-870517-1-343hdt-d-883,40800,3633,3600,-122.2840215685824,47.86018919766951
b2b-all-870517-1-344hdt-d-884,28920,3633,3600,-122.2840215685824,47.86018919766951
b2b-all-870517-1-344hdt-d-885,28920,3633,3600,-122.2840215685824,47.86018919766951
b2b-all-870517-1-344hdt-d-886,28920,3633,3600,-122.2840215685824,47.86018919766951
b2b-all-871860-1-345md-d-887,25560,3717,3600,-122.1059944041025,47.84684334006889
b2b-all-871860-1-345hdv-d-888,20700,3717,3600,-122.1059944041025,47.84684334006889
b2b-all-871860-1-346md-d-889,50580,3717,3600,-122.1059944041025,47.84684334006889
b2b-all-871860-1-346hdt-d-890,50580,3717,3600,-122.1059944041025,47.84684334006889
b2b-all-871860-1-346hdt-d-891,50580,3717,3600,-122.1059944041025,47.84684334006889
b2b-all-871861-1-347md-d-0-892,55200,3586,3600,-122.33174792916564,47.79833846367834
b2b-all-871861-1-347md-d-0-893,55200,3586,3600,-122.33174792916564,47.79833846367834
b2b-all-871861-1-347md-d-0-894,55200,3586,3600,-122.33174792916564,47.79833846367834
b2b-all-871861-1-347md-d-1-895,55200,3586,3600,-122.33174792916564,47.79833846367834
b2b-all-871861-1-347md-d-1-896,55200,3586,3600,-122.33174792916564,47.79833846367834
b2b-all-871861-1-347md-d-1-897,55200,3586,3600,-122.33174792916564,47.79833846367834
b2b-all-871861-1-347md-d-2-898,55200,3586,3600,-122.33174792916564,47.79833846367834
b2b-all-871861-1-347md-d-2-899,55200,3586,3600,-122.33174792916564,47.79833846367834
b2b-all-871861-1-347md-d-2-900,55200,3586,3600,-122.33174792916564,47.79833846367834
b2b-all-871861-1-347md-d-3-901,55200,3586,3600,-122.33174792916564,47.79833846367834
b2b-all-871861-1-347md-d-3-902,55200,3586,3600,-122.33174792916564,47.79833846367834
b2b-all-871861-1-348md-d-903,51600,3586,3600,-122.33174792916564,47.79833846367834
b2b-all-871861-1-348md-d-904,51600,3586,3600,-122.33174792916564,47.79833846367834
b2b-all-871861-1-348md-d-905,51600,3586,3600,-122.33174792916564,47.79833846367834
b2b-all-871861-1-348md-d-906,51600,3586,3600,-122.33174792916564,47.79833846367834
b2b-all-871861-1-348md-d-907,51600,3586,3600,-122.33174792916564,47.79833846367834
b2b-all-871862-1-349md-d-0-908,24360,3472,3600,-122.19801100198217,47.89846269545604
b2b-all-871862-1-349md-d-0-909,21900,3472,3600,-122.19801100198217,47.89846269545604
b2b-all-871862-1-349md-d-0-910,34320,3472,3600,-122.19801100198217,47.89846269545604
b2b-all-871862-1-349md-d-1-911,26340,3472,3600,-122.19801100198217,47.89846269545604
b2b-all-871862-1-349md-d-1-912,26280,3472,3600,-122.19801100198217,47.89846269545604
b2b-all-871862-1-349md-d-1-913,22080,3472,3600,-122.19801100198217,47.89846269545604
b2b-all-871862-1-349md-d-2-914,21900,3472,3600,-122.19801100198217,47.89846269545604
b2b-all-871862-1-349md-d-2-915,25560,3472,3600,-122.19801100198217,47.89846269545604
b2b-all-871862-1-349md-d-2-916,21900,3472,3600,-122.19801100198217,47.89846269545604
b2b-all-871862-1-349md-d-3-917,31020,3472,3600,-122.19801100198217,47.89846269545604
b2b-all-871862-1-349md-d-3-918,21900,3472,3600,-122.19801100198217,47.89846269545604
b2b-all-871862-1-349md-d-3-919,22620,3472,3600,-122.19801100198217,47.89846269545604
b2b-all-871862-1-349md-d-4-920,21900,3472,3600,-122.19801100198217,47.89846269545604
b2b-all-871862-1-349md-d-4-921,21900,3472,3600,-122.19801100198217,47.89846269545604
b2b-all-871862-1-349md-d-4-922,21900,3472,3600,-122.19801100198217,47.89846269545604
b2b-all-871862-1-349md-d-5-923,21900,3472,3600,-122.19801100198217,47.89846269545604
b2b-all-871862-1-349md-d-5-924,28680,3472,3600,-122.19801100198217,47.89846269545604
b2b-all-871862-1-349md-d-5-925,27360,3472,3600,-122.19801100198217,47.89846269545604
b2b-all-871863-1-351md-d-926,28080,3810,3600,-122.17305708250151,48.12602047647753
b2b-all-871863-1-351hdt-d-927,25740,3810,3600,-122.17305708250151,48.12602047647753
b2b-all-871863-1-352md-d-928,54600,3810,3600,-122.17305708250151,48.12602047647753
b2b-all-871863-1-352md-d-929,54600,3810,3600,-122.17305708250151,48.12602047647753
b2b-all-871863-1-352md-d-930,54600,3810,3600,-122.17305708250151,48.12602047647753
b2b-all-871864-1-353hdt-d-931,25440,3902,3600,-121.84104419074488,47.8500716611396
b2b-all-871864-1-353hdt-d-932,25440,3902,3600,-121.84104419074488,47.8500716611396
b2b-all-871864-1-353hdt-d-933,25560,3902,3600,-121.84104419074488,47.8500716611396
b2b-all-871864-1-353hdt-d-934,25440,3902,3600,-121.84104419074488,47.8500716611396
b2b-all-871864-1-353hdv-d-935,25440,3902,3600,-121.84104419074488,47.8500716611396
b2b-all-871864-1-353hdv-d-936,25440,3902,3600,-121.84104419074488,47.8500716611396
b2b-all-872453-1-354hdv-d-937,56820,3810,3600,-122.16681725748144,48.12155860778995
b2b-all-872454-1-355md-d-938,25500,3436,3600,-122.22030105420384,47.97850617040224
b2b-all-872454-1-355md-d-939,25500,3436,3600,-122.22030105420384,47.97850617040224
b2b-all-872454-1-355md-d-940,25500,3436,3600,-122.22030105420384,47.97850617040224
b2b-all-872454-1-355hdt-d-941,25500,3436,3600,-122.22030105420384,47.97850617040224
b2b-all-872454-1-355hdt-d-942,25500,3436,3600,-122.22030105420384,47.97850617040224
b2b-all-872454-1-355hdv-d-943,25500,3436,3600,-122.22030105420384,47.97850617040224
b2b-all-872454-1-356md-d-944,47400,3436,3600,-122.22030105420384,47.97850617040224
b2b-all-872454-1-356hdt-d-945,47400,3436,3600,-122.22030105420384,47.97850617040224
b2b-all-878107-1-357md-d-946,33060,3557,3600,-122.33781123770106,47.82353503097572
b2b-all-878109-1-359md-d-947,41160,3494,3600,-122.23195461796038,47.87422026839884
b2b-all-878109-1-359md-d-948,41160,3494,3600,-122.23195461796038,47.87422026839884
b2b-all-878109-1-359hdt-d-949,41160,3494,3600,-122.23195461796038,47.87422026839884
b2b-all-878109-1-359hdt-d-950,41160,3494,3600,-122.23195461796038,47.87422026839884
b2b-all-878109-1-359hdv-d-951,41160,3494,3600,-122.23195461796038,47.87422026839884
b2b-all-878109-1-359hdv-d-952,41160,3494,3600,-122.23195461796038,47.87422026839884
b2b-all-878111-1-360md-d-953,52620,3717,3600,-122.10718694261593,47.87151148716739
b2b-all-878111-1-360md-d-954,52620,3717,3600,-122.10718694261593,47.87151148716739
b2b-all-878111-1-360md-d-955,52620,3717,3600,-122.10718694261593,47.87151148716739
b2b-all-878111-1-360md-d-956,52620,3717,3600,-122.10718694261593,47.87151148716739
b2b-all-878111-1-360hdt-d-957,52620,3717,3600,-122.10718694261593,47.87151148716739
b2b-all-878111-1-360hdt-d-958,52620,3717,3600,-122.10718694261593,47.87151148716739
b2b-all-878111-1-360hdt-d-959,52620,3717,3600,-122.10718694261593,47.87151148716739
b2b-all-878111-1-360hdv-d-960,52620,3717,3600,-122.10718694261593,47.87151148716739
b2b-all-878111-1-360hdv-d-961,52620,3717,3600,-122.10718694261593,47.87151148716739
b2b-all-878115-1-361hdv-d-962,35280,3643,3600,-122.12998188483525,47.79080366278728
b2b-all-878117-1-362hdt-d-963,48600,3683,3600,-122.15059954417768,47.79246180674416
b2b-all-878117-1-362hdt-d-964,48600,3683,3600,-122.15059954417768,47.79246180674416
b2b-all-878118-1-363hdv-d-0-965,44760,3695,3600,-122.18555037557776,47.83801654042565
b2b-all-878118-1-363hdv-d-0-966,44760,3695,3600,-122.18555037557776,47.83801654042565
b2b-all-878118-1-363hdv-d-0-967,44760,3695,3600,-122.18555037557776,47.83801654042565
b2b-all-878118-1-363hdv-d-1-968,44760,3695,3600,-122.18555037557776,47.83801654042565
b2b-all-878122-1-364hdt-d-969,35940,3625,3600,-122.28323058695696,47.82787527170963
b2b-all-878122-1-364hdt-d-970,35940,3625,3600,-122.28323058695696,47.82787527170963
b2b-all-878122-1-364hdt-d-971,35940,3625,3600,-122.28323058695696,47.82787527170963
b2b-all-881508-1-365md-d-972,44580,3544,3600,-122.295534621861,47.90410583283853
b2b-all-881508-1-365hdv-d-973,44580,3544,3600,-122.295534621861,47.90410583283853
b2b-all-881508-1-366md-d-974,48600,3544,3600,-122.295534621861,47.90410583283853
b2b-all-881515-1-367md-d-975,48000,3761,3600,-122.00387862359077,47.92074049400978
b2b-all-881962-1-368hdv-d-976,26940,5885,3600,-123.12917480974409,44.98433170990787
b2b-all-881965-1-369md-d-977,18360,5885,3600,-123.12917480974409,44.98433170990787
b2b-all-887069-1-370hdt-d-978,38640,3714,3600,-122.0664665083296,47.86287745724039
b2b-all-887069-1-370hdt-d-979,38640,3714,3600,-122.0664665083296,47.86287745724039
b2b-all-887076-1-371hdt-d-980,44220,3605,3600,-122.29505509283312,47.81933567862998
b2b-all-887079-1-372hdt-d-981,19740,3436,3600,-122.21510405623242,47.97741089592255
b2b-all-887081-1-373md-d-982,20520,3539,3600,-122.28117585431082,47.865963091734606
b2b-all-887601-1-374md-d-983,28080,3668,3600,-122.20959354031268,47.81884017684028
b2b-all-887602-1-375hdt-d-0-984,47400,3618,3600,-122.30985026691002,47.833001406720406
b2b-all-887602-1-375hdt-d-0-985,47400,3618,3600,-122.30985026691002,47.833001406720406
b2b-all-887602-1-375hdt-d-0-986,47400,3618,3600,-122.30985026691002,47.833001406720406
b2b-all-887602-1-375hdt-d-0-987,47400,3618,3600,-122.30985026691002,47.833001406720406
b2b-all-887602-1-375hdt-d-1-988,47400,3618,3600,-122.30985026691002,47.833001406720406
b2b-all-887602-1-376hdt-d-989,46200,3618,3600,-122.30985026691002,47.833001406720406
b2b-all-887602-1-376hdt-d-990,46200,3618,3600,-122.30985026691002,47.833001406720406
b2b-all-887602-1-376hdt-d-991,46200,3618,3600,-122.30985026691002,47.833001406720406
b2b-all-887602-1-376hdt-d-992,46200,3618,3600,-122.30985026691002,47.833001406720406
b2b-all-888085-2-377hdv-d-993,24060,3179,3600,-122.74810938133588,47.29621087392292
b2b-all-888089-1-378hdv-d-994,18960,3191,3600,-122.48240942711132,47.05796598200305
b2b-all-888089-1-378hdv-d-995,17700,3191,3600,-122.48240942711132,47.05796598200305
b2b-all-888089-1-378hdv-d-996,23100,3191,3600,-122.48240942711132,47.05796598200305
b2b-all-891239-2-379hdv-d-997,37200,2391,3600,-122.52972146584416,47.87353655239537
b2b-all-891268-1-380md-d-998,22380,3755,3600,-122.05743502255427,47.9522608111032
b2b-all-891273-1-381hdv-d-999,28320,3498,3600,-122.24053974980184,47.89889189377028
b2b-all-891273-1-382hdv-d-1000,26760,3498,3600,-122.24053974980184,47.89889189377028
b2b-all-891274-1-383md-d-1001,54120,3519,3600,-122.26999207370982,47.88661961403605
b2b-all-891274-1-384md-d-1002,49800,3519,3600,-122.26999207370982,47.88661961403605
b2b-all-891274-1-384md-d-1003,49800,3519,3600,-122.26999207370982,47.88661961403605
b2b-all-891274-2-385hdt-d-1004,55800,3519,3600,-122.26999207370982,47.88661961403605
b2b-all-891274-2-386hdt-d-1005,50100,3519,3600,-122.26999207370982,47.88661961403605
b2b-all-891274-2-386hdt-d-1006,50100,3519,3600,-122.26999207370982,47.88661961403605
b2b-all-891274-2-386hdt-d-1007,50100,3519,3600,-122.26999207370982,47.88661961403605
b2b-all-891274-2-386hdt-d-1008,50100,3519,3600,-122.26999207370982,47.88661961403605
b2b-all-891275-1-387md-d-1009,36600,3191,3600,-122.48240942711132,47.05796598200305
b2b-all-891276-1-388hdt-d-1010,23580,3191,3600,-122.48240942711132,47.05796598200305
b2b-all-21805771-0hdt-d-1011,15300,3455,3600,-122.30768468413044,47.9372242090533
b2b-all-21805771-0hdt-d-1012,24360,3455,3600,-122.30768468413044,47.9372242090533
b2b-all-21805771-1hdt-d-1013,30600,3455,3600,-122.30768468413044,47.9372242090533
b2b-all-21805771-1hdt-d-1014,24960,3455,3600,-122.30768468413044,47.9372242090533
b2b-all-21805771-1hdt-d-1015,24960,3455,3600,-122.30768468413044,47.9372242090533
b2b-all-21809851-2hdt-d-1016,37800,2128,3600,-121.69744610643237,47.16798796331104
b2b-all-21809851-2hdt-d-1017,37800,2128,3600,-121.69744610643237,47.16798796331104
b2b-all-21809851-2hdt-d-1018,37800,2128,3600,-121.69744610643237,47.16798796331104
b2b-all-21809851-2hdt-d-1019,37800,2128,3600,-121.69744610643237,47.16798796331104
b2b-all-21809851-2hdt-d-1020,37800,2128,3600,-121.69744610643237,47.16798796331104
b2b-all-21809851-2hdt-d-1021,37800,2128,3600,-121.69744610643237,47.16798796331104
b2b-all-21809851-2hdt-d-1022,37800,2128,3600,-121.69744610643237,47.16798796331104
b2b-all-21809851-2hdt-d-1023,37800,2128,3600,-121.69744610643237,47.16798796331104
b2b-all-21809851-2hdt-d-1024,37800,2128,3600,-121.69744610643237,47.16798796331104
b2b-all-21809851-3hdt-d-1025,19440,2128,3600,-121.69744610643237,47.16798796331104
b2b-all-21809851-3hdt-d-1026,8700,2128,3600,-121.69744610643237,47.16798796331104
b2b-all-21809851-3hdt-d-1027,24120,2128,3600,-121.69744610643237,47.16798796331104
b2b-all-21809891-4hdt-d-1028,23580,3895,3600,-121.26884369455286,48.17174536079158
b2b-all-21809891-4hdt-d-1029,22560,3895,3600,-121.26884369455286,48.17174536079158
b2b-all-21809891-4hdt-d-1030,22320,3895,3600,-121.26884369455286,48.17174536079158
b2b-all-21809891-4hdt-d-1031,25020,3895,3600,-121.26884369455286,48.17174536079158
b2b-all-21809891-4hdt-d-1032,22320,3895,3600,-121.26884369455286,48.17174536079158
b2b-all-21809891-4hdt-d-1033,22320,3895,3600,-121.26884369455286,48.17174536079158
b2b-all-21809891-4hdt-d-1034,22320,3895,3600,-121.26884369455286,48.17174536079158
b2b-all-21809891-5hdt-d-1035,16740,3895,3600,-121.26884369455286,48.17174536079158
b2b-all-21809891-5hdt-d-1036,22260,3895,3600,-121.26884369455286,48.17174536079158
b2b-all-21809891-5hdt-d-1037,21420,3895,3600,-121.26884369455286,48.17174536079158
b2b-all-21809891-5hdt-d-1038,29340,3895,3600,-121.26884369455286,48.17174536079158
b2b-all-21810291-6hdt-d-1039,31200,3854,3600,-122.3645144674494,48.26687162473969
b2b-all-21810291-6hdt-d-1040,31200,3854,3600,-122.3645144674494,48.26687162473969
b2b-all-21810291-7hdt-d-1041,35700,3854,3600,-122.3645144674494,48.26687162473969
b2b-all-21810291-7hdt-d-1042,35700,3854,3600,-122.3645144674494,48.26687162473969
b2b-all-21810351-8hdt-d-1043,27420,3854,3600,-122.3645144674494,48.26687162473969
b2b-all-21810351-8hdt-d-1044,32880,3854,3600,-122.3645144674494,48.26687162473969
b2b-all-21810351-8hdt-d-1045,30240,3854,3600,-122.3645144674494,48.26687162473969
b2b-all-21810351-9hdt-d-1046,27600,3854,3600,-122.3645144674494,48.26687162473969
b2b-all-21810351-9hdt-d-1047,29580,3854,3600,-122.3645144674494,48.26687162473969
b2b-all-21810351-9hdt-d-1048,27600,3854,3600,-122.3645144674494,48.26687162473969
b2b-all-21810351-9hdt-d-1049,27600,3854,3600,-122.3645144674494,48.26687162473969
b2b-all-21810361-10hdt-d-1050,28620,3854,3600,-122.3645144674494,48.26687162473969
b2b-all-21810361-10hdt-d-1051,30900,3854,3600,-122.3645144674494,48.26687162473969
b2b-all-21810361-10hdt-d-1052,26400,3854,3600,-122.3645144674494,48.26687162473969
b2b-all-21810361-10hdt-d-1053,29220,3854,3600,-122.3645144674494,48.26687162473969
b2b-all-21810361-11hdt-d-1054,26700,3854,3600,-122.3645144674494,48.26687162473969
b2b-all-21810361-11hdt-d-1055,22320,3854,3600,-122.3645144674494,48.26687162473969
b2b-all-21810361-11hdt-d-1056,32940,3854,3600,-122.3645144674494,48.26687162473969
b2b-all-21810361-11hdt-d-1057,22500,3854,3600,-122.3645144674494,48.26687162473969
b2b-all-21810361-11hdt-d-1058,31560,3854,3600,-122.3645144674494,48.26687162473969
b2b-all-21810361-11hdt-d-1059,30600,3854,3600,-122.3645144674494,48.26687162473969
b2b-all-21810361-11hdt-d-1060,26520,3854,3600,-122.3645144674494,48.26687162473969
b2b-all-21810361-11hdt-d-1061,26220,3854,3600,-122.3645144674494,48.26687162473969
b2b-all-22118421-12hdt-d-1062,55200,1964,3600,-122.1842670250109,47.331854708105176
b2b-all-22118421-12hdt-d-1063,55200,1964,3600,-122.1842670250109,47.331854708105176
b2b-all-22118421-12hdt-d-1064,55200,1964,3600,-122.1842670250109,47.331854708105176
b2b-all-22118421-13hdt-d-1065,46200,1964,3600,-122.1842670250109,47.331854708105176
b2b-all-22118421-13hdt-d-1066,46200,1964,3600,-122.1842670250109,47.331854708105176
b2b-all-22118511-14hdt-d-1067,37200,1095,3600,-122.37418533689964,47.670507719013365
b2b-all-22118511-14hdt-d-1068,37200,1095,3600,-122.37418533689964,47.670507719013365
b2b-all-22118511-14hdt-d-1069,37200,1095,3600,-122.37418533689964,47.670507719013365
b2b-all-22118511-14hdt-d-1070,37200,1095,3600,-122.37418533689964,47.670507719013365
b2b-all-22118511-14hdt-d-1071,37200,1095,3600,-122.37418533689964,47.670507719013365
b2b-all-22118511-14hdt-d-1072,37200,1095,3600,-122.37418533689964,47.670507719013365
b2b-all-22119301-16hdt-d-1073,33540,1095,3600,-122.37475845659893,47.66920722691435
b2b-all-22119301-16hdt-d-1074,33540,1095,3600,-122.37475845659893,47.66920722691435
b2b-all-22119301-17hdt-d-0-1075,21540,1095,3600,-122.37475845659893,47.66920722691435
b2b-all-22119301-17hdt-d-0-1076,18960,1095,3600,-122.37475845659893,47.66920722691435
b2b-all-22119301-17hdt-d-1-1077,18360,1095,3600,-122.37475845659893,47.66920722691435
b2b-all-22119301-17hdt-d-1-1078,17040,1095,3600,-122.37475845659893,47.66920722691435
b2b-all-22120591-18hdt-d-1079,14700,3191,3600,-122.48240942711132,47.05796598200305
b2b-all-22120591-18hdt-d-1080,8100,3191,3600,-122.48240942711132,47.05796598200305
b2b-all-22120591-18hdt-d-1081,27000,3191,3600,-122.48240942711132,47.05796598200305
b2b-all-22120591-19hdt-d-1082,21600,3191,3600,-122.48240942711132,47.05796598200305
b2b-all-22120591-19hdt-d-1083,21600,3191,3600,-122.48240942711132,47.05796598200305
b2b-all-22120591-19hdt-d-1084,21600,3191,3600,-122.48240942711132,47.05796598200305
b2b-all-22120591-19hdt-d-1085,21600,3191,3600,-122.48240942711132,47.05796598200305
b2b-all-22120591-19hdt-d-1086,21600,3191,3600,-122.48240942711132,47.05796598200305
b2b-all-22122971-20hdt-d-1087,12900,3191,3600,-122.48240942711132,47.05796598200305
b2b-all-22122971-20hdt-d-1088,15120,3191,3600,-122.48240942711132,47.05796598200305
b2b-all-22122971-20hdt-d-1089,13860,3191,3600,-122.48240942711132,47.05796598200305
b2b-all-22122971-20hdt-d-1090,27360,3191,3600,-122.48240942711132,47.05796598200305
b2b-all-22122971-20hdt-d-1091,24120,3191,3600,-122.48240942711132,47.05796598200305
b2b-all-22122971-20hdt-d-1092,17760,3191,3600,-122.48240942711132,47.05796598200305
b2b-all-22122971-20hdt-d-1093,27780,3191,3600,-122.48240942711132,47.05796598200305
b2b-all-22122971-20hdt-d-1094,22800,3191,3600,-122.48240942711132,47.05796598200305
b2b-all-22122971-21hdt-d-1095,15540,3191,3600,-122.48240942711132,47.05796598200305
b2b-all-22122971-21hdt-d-1096,14040,3191,3600,-122.48240942711132,47.05796598200305
b2b-all-22122971-21hdt-d-1097,22680,3191,3600,-122.48240942711132,47.05796598200305
b2b-all-22122971-21hdt-d-1098,19080,3191,3600,-122.48240942711132,47.05796598200305
b2b-all-22123031-22hdt-d-1099,27000,3184,3600,-122.66808420396303,47.10635009599398
b2b-all-22123031-22hdt-d-1100,27000,3184,3600,-122.66808420396303,47.10635009599398
b2b-all-22123031-22hdt-d-1101,27000,3184,3600,-122.66808420396303,47.10635009599398
b2b-all-22123061-24hdt-d-1102,32100,5885,3600,-123.12917480974409,44.98433170990787
b2b-all-22123061-24hdt-d-1103,32100,5885,3600,-123.12917480974409,44.98433170990787
b2b-all-22123061-24hdt-d-1104,32100,5885,3600,-123.12917480974409,44.98433170990787
b2b-all-22123061-24hdt-d-1105,32100,5885,3600,-123.12917480974409,44.98433170990787
b2b-all-22123061-25hdt-d-1106,14940,5885,3600,-123.12917480974409,44.98433170990787
b2b-all-22123061-25hdt-d-1107,14580,5885,3600,-123.12917480974409,44.98433170990787
b2b-all-22123061-25hdt-d-1108,14580,5885,3600,-123.12917480974409,44.98433170990787
b2b-all-22123061-25hdt-d-1109,20700,5885,3600,-123.12917480974409,44.98433170990787
b2b-all-22123061-25hdt-d-1110,16440,5885,3600,-123.12917480974409,44.98433170990787
b2b-all-22123061-25hdt-d-1111,15900,5885,3600,-123.12917480974409,44.98433170990787
b2b-all-22123061-25hdt-d-1112,20340,5885,3600,-123.12917480974409,44.98433170990787
b2b-all-22123061-25hdt-d-1113,18960,5885,3600,-123.12917480974409,44.98433170990787
b2b-all-22123461-26hdt-d-1114,4680,5885,3600,-123.12917480974409,44.98433170990787
b2b-all-22123461-26hdt-d-1115,12420,5885,3600,-123.12917480974409,44.98433170990787
b2b-all-22123461-26hdt-d-1116,5340,5885,3600,-123.12917480974409,44.98433170990787
b2b-all-22123461-26hdt-d-1117,9780,5885,3600,-123.12917480974409,44.98433170990787
b2b-all-22123461-27hdt-d-1118,16200,5885,3600,-123.12917480974409,44.98433170990787
b2b-all-22123461-27hdt-d-1119,21180,5885,3600,-123.12917480974409,44.98433170990787
b2b-all-22123501-28hdt-d-1120,15480,5885,3600,-123.12917480974409,44.98433170990787
b2b-all-22123501-28hdt-d-1121,15480,5885,3600,-123.12917480974409,44.98433170990787
b2b-all-22123501-28hdt-d-1122,25200,5885,3600,-123.12917480974409,44.98433170990787
b2b-all-22123501-28hdt-d-1123,15480,5885,3600,-123.12917480974409,44.98433170990787
b2b-all-22123501-28hdt-d-1124,15480,5885,3600,-123.12917480974409,44.98433170990787
b2b-all-22123501-29hdt-d-1125,21720,5885,3600,-123.12917480974409,44.98433170990787
b2b-all-22123501-29hdt-d-1126,22740,5885,3600,-123.12917480974409,44.98433170990787
b2b-all-22123501-29hdt-d-1127,17340,5885,3600,-123.12917480974409,44.98433170990787
b2b-all-22123501-29hdt-d-1128,21600,5885,3600,-123.12917480974409,44.98433170990787
b2b-all-22123511-30hdt-d-1129,24420,5885,3600,-123.12917480974409,44.98433170990787
b2b-all-22123511-30hdt-d-1130,24420,5885,3600,-123.12917480974409,44.98433170990787
b2b-all-22123511-30hdt-d-1131,24420,5885,3600,-123.12917480974409,44.98433170990787
b2b-all-22123511-30hdt-d-1132,24420,5885,3600,-123.12917480974409,44.98433170990787
b2b-all-22125121-32hdt-d-1133,10140,2128,3600,-121.69744610643237,47.16798796331104
b2b-all-22125121-32hdt-d-1134,20040,2128,3600,-121.69744610643237,47.16798796331104
b2b-all-22125121-32hdt-d-1135,6000,2128,3600,-121.69744610643237,47.16798796331104
b2b-all-22125121-32hdt-d-1136,7260,2128,3600,-121.69744610643237,47.16798796331104
b2b-all-22125121-32hdt-d-1137,16980,2128,3600,-121.69744610643237,47.16798796331104
b2b-all-22125121-32hdt-d-1138,27840,2128,3600,-121.69744610643237,47.16798796331104
b2b-all-22125121-33hdt-d-1139,22440,2128,3600,-121.69744610643237,47.16798796331104
b2b-all-22125121-33hdt-d-1140,28080,2128,3600,-121.69744610643237,47.16798796331104
b2b-all-22125121-33hdt-d-1141,26820,2128,3600,-121.69744610643237,47.16798796331104
b2b-all-22125121-33hdt-d-1142,11940,2128,3600,-121.69744610643237,47.16798796331104
b2b-all-22125121-33hdt-d-1143,23760,2128,3600,-121.69744610643237,47.16798796331104
b2b-all-22125121-33hdt-d-1144,16200,2128,3600,-121.69744610643237,47.16798796331104
b2b-all-22125121-33hdt-d-1145,17820,2128,3600,-121.69744610643237,47.16798796331104
b2b-all-22125161-34md-d-1146,17040,2128,3600,-121.69744610643237,47.16798796331104
b2b-all-22125161-34md-d-1147,22080,2128,3600,-121.69744610643237,47.16798796331104
b2b-all-22125201-35hdt-d-0-1148,16440,2128,3600,-121.69744610643237,47.16798796331104
b2b-all-22125201-35hdt-d-0-1149,17820,2128,3600,-121.69744610643237,47.16798796331104
b2b-all-22125201-35hdt-d-0-1150,15180,2128,3600,-121.69744610643237,47.16798796331104
b2b-all-22125201-35hdt-d-0-1151,13980,2128,3600,-121.69744610643237,47.16798796331104
b2b-all-22125201-35hdt-d-0-1152,12900,2128,3600,-121.69744610643237,47.16798796331104
b2b-all-22125201-35hdt-d-0-1153,17880,2128,3600,-121.69744610643237,47.16798796331104
b2b-all-22125201-35hdt-d-0-1154,20340,2128,3600,-121.69744610643237,47.16798796331104
b2b-all-22125201-35hdt-d-0-1155,17220,2128,3600,-121.69744610643237,47.16798796331104
b2b-all-22125201-35hdt-d-1-1156,19020,2128,3600,-121.69744610643237,47.16798796331104
b2b-all-22125201-36hdt-d-1157,32400,2128,3600,-121.69744610643237,47.16798796331104
b2b-all-22125201-36hdt-d-1158,32400,2128,3600,-121.69744610643237,47.16798796331104
b2b-all-22125201-36hdt-d-1159,32400,2128,3600,-121.69744610643237,47.16798796331104
b2b-all-22125311-37hdt-d-1160,18540,3895,3600,-121.26884369455286,48.17174536079158
b2b-all-22125311-37hdt-d-1161,18540,3895,3600,-121.26884369455286,48.17174536079158
b2b-all-22125311-38hdt-d-1-1162,37200,3895,3600,-121.26884369455286,48.17174536079158
b2b-all-22125341-39hdt-d-1163,31620,3895,3600,-121.26884369455286,48.17174536079158
b2b-all-22125341-39hdt-d-1164,31620,3895,3600,-121.26884369455286,48.17174536079158
b2b-all-22125341-39hdt-d-1165,31620,3895,3600,-121.26884369455286,48.17174536079158
b2b-all-22125341-39hdt-d-1166,31620,3895,3600,-121.26884369455286,48.17174536079158
b2b-all-22125341-39hdt-d-1167,31620,3895,3600,-121.26884369455286,48.17174536079158
b2b-all-22125341-40hdt-d-1168,19200,3895,3600,-121.26884369455286,48.17174536079158
b2b-all-22126211-41hdt-d-1169,14760,3854,3600,-122.3645144674494,48.26687162473969
b2b-all-22126211-41hdt-d-1170,15180,3854,3600,-122.3645144674494,48.26687162473969
b2b-all-22126211-41hdt-d-1171,26760,3854,3600,-122.3645144674494,48.26687162473969
b2b-all-22126211-42hdt-d-1172,30720,3854,3600,-122.3645144674494,48.26687162473969
b2b-all-22126321-43hdt-d-1173,30900,3854,3600,-122.3645144674494,48.26687162473969
b2b-all-22126321-43hdt-d-1174,30900,3854,3600,-122.3645144674494,48.26687162473969
b2b-all-22126321-43hdt-d-1175,30900,3854,3600,-122.3645144674494,48.26687162473969
b2b-all-22126321-43hdt-d-1176,30900,3854,3600,-122.3645144674494,48.26687162473969
b2b-all-22126321-44hdt-d-1177,25680,3854,3600,-122.3645144674494,48.26687162473969
b2b-all-22126321-44hdt-d-1178,29880,3854,3600,-122.3645144674494,48.26687162473969
b2b-all-22126321-44hdt-d-1179,34680,3854,3600,-122.3645144674494,48.26687162473969
b2b-all-22126321-44hdt-d-1180,25500,3854,3600,-122.3645144674494,48.26687162473969
b2b-all-22126321-44hdt-d-1181,28800,3854,3600,-122.3645144674494,48.26687162473969
b2b-all-22126321-44hdt-d-1182,32400,3854,3600,-122.3645144674494,48.26687162473969
b2b-all-22126321-44hdt-d-1183,31200,3854,3600,-122.3645144674494,48.26687162473969
b2b-all-22126391-45hdv-d-1184,26640,3854,3600,-122.3645144674494,48.26687162473969
b2b-all-22126391-45hdv-d-1185,26940,3854,3600,-122.3645144674494,48.26687162473969
b2b-all-22126391-45hdv-d-1186,19200,3854,3600,-122.3645144674494,48.26687162473969
b2b-all-22126391-45hdv-d-1187,24900,3854,3600,-122.3645144674494,48.26687162473969
b2b-all-22126391-45hdv-d-1188,16860,3854,3600,-122.3645144674494,48.26687162473969
b2b-all-22126391-45hdv-d-1189,27960,3854,3600,-122.3645144674494,48.26687162473969
b2b-all-22126391-45hdv-d-1190,14940,3854,3600,-122.3645144674494,48.26687162473969
b2b-all-22126391-46hdv-d-1191,31680,3854,3600,-122.3645144674494,48.26687162473969
b2b-all-22126391-46hdv-d-1192,31680,3854,3600,-122.3645144674494,48.26687162473969
b2b-all-22126391-46hdv-d-1193,32220,3854,3600,-122.3645144674494,48.26687162473969
b2b-all-22126811-47hdt-d-1194,23400,2128,3600,-121.69744610643237,47.16798796331104
b2b-all-22126811-47hdt-d-1195,23400,2128,3600,-121.69744610643237,47.16798796331104
b2b-all-22126871-49hdt-d-1196,24600,2128,3600,-121.69744610643237,47.16798796331104
b2b-all-22126871-49hdt-d-1197,24600,2128,3600,-121.69744610643237,47.16798796331104
b2b-all-22126871-50hdt-d-1-1198,26820,2128,3600,-121.69744610643237,47.16798796331104
b2b-all-22194602-51hdt-d-1199,34080,2472,3600,-122.628220952309,47.52199305459695
b2b-all-22194602-51hdt-d-1200,34080,2472,3600,-122.628220952309,47.52199305459695
b2b-all-22194602-51hdt-d-1201,34080,2472,3600,-122.628220952309,47.52199305459695
b2b-all-22194602-51hdt-d-1202,34080,2472,3600,-122.628220952309,47.52199305459695
b2b-all-22194602-51hdt-d-1203,34080,2472,3600,-122.628220952309,47.52199305459695
b2b-all-22194602-52hdt-d-1204,30060,2472,3600,-122.628220952309,47.52199305459695
b2b-all-22194602-52hdt-d-1205,30600,2472,3600,-122.628220952309,47.52199305459695
b2b-all-22194602-52hdt-d-1206,30060,2472,3600,-122.628220952309,47.52199305459695
b2b-all-22194602-52hdt-d-1207,30060,2472,3600,-122.628220952309,47.52199305459695
b2b-all-22194602-52hdt-d-1208,30060,2472,3600,-122.628220952309,47.52199305459695
b2b-all-22194602-52hdt-d-1209,30060,2472,3600,-122.628220952309,47.52199305459695
b2b-all-22194602-52hdt-d-1210,30060,2472,3600,-122.628220952309,47.52199305459695
b2b-all-22194603-53hdv-d-1211,39480,2472,3600,-122.628220952309,47.52199305459695
b2b-all-22194603-53hdv-d-1212,39480,2472,3600,-122.628220952309,47.52199305459695
b2b-all-22194603-53hdv-d-1213,39480,2472,3600,-122.628220952309,47.52199305459695
b2b-all-22194603-53hdv-d-1214,39480,2472,3600,-122.628220952309,47.52199305459695
b2b-all-22194603-53hdv-d-1215,39480,2472,3600,-122.628220952309,47.52199305459695
b2b-all-22194603-53hdv-d-1216,39480,2472,3600,-122.628220952309,47.52199305459695
b2b-all-22194603-54hdv-d-1217,23580,2472,3600,-122.628220952309,47.52199305459695
b2b-all-22194911-55hdt-d-0-1218,36120,3191,3600,-122.48240942711132,47.05796598200305
b2b-all-22194911-55hdt-d-0-1219,36120,3191,3600,-122.48240942711132,47.05796598200305
b2b-all-22194911-55hdt-d-0-1220,36120,3191,3600,-122.48240942711132,47.05796598200305
b2b-all-22194911-55hdt-d-0-1221,36120,3191,3600,-122.48240942711132,47.05796598200305
b2b-all-22194911-55hdt-d-0-1222,36120,3191,3600,-122.48240942711132,47.05796598200305
b2b-all-22194911-55hdt-d-0-1223,36120,3191,3600,-122.48240942711132,47.05796598200305
b2b-all-22194911-55hdt-d-0-1224,36120,3191,3600,-122.48240942711132,47.05796598200305
b2b-all-22194911-55hdt-d-0-1225,36120,3191,3600,-122.48240942711132,47.05796598200305
b2b-all-22194911-55hdt-d-0-1226,36120,3191,3600,-122.48240942711132,47.05796598200305
b2b-all-22194911-55hdt-d-0-1227,36120,3191,3600,-122.48240942711132,47.05796598200305
b2b-all-22194911-55hdt-d-0-1228,36120,3191,3600,-122.48240942711132,47.05796598200305
b2b-all-22194911-55hdt-d-1-1229,36120,3191,3600,-122.48240942711132,47.05796598200305
b2b-all-22194911-55hdt-d-1-1230,36120,3191,3600,-122.48240942711132,47.05796598200305
b2b-all-22194911-55hdt-d-1-1231,36120,3191,3600,-122.48240942711132,47.05796598200305
b2b-all-22194911-55hdt-d-1-1232,36120,3191,3600,-122.48240942711132,47.05796598200305
b2b-all-22194911-55hdt-d-1-1233,36120,3191,3600,-122.48240942711132,47.05796598200305
b2b-all-22194911-55hdt-d-1-1234,36120,3191,3600,-122.48240942711132,47.05796598200305
b2b-all-22194911-56hdt-d-0-1235,22020,3191,3600,-122.48240942711132,47.05796598200305
b2b-all-22194911-56hdt-d-0-1236,19200,3191,3600,-122.48240942711132,47.05796598200305
b2b-all-22194911-56hdt-d-0-1237,24360,3191,3600,-122.48240942711132,47.05796598200305
b2b-all-22194911-56hdt-d-0-1238,19200,3191,3600,-122.48240942711132,47.05796598200305
b2b-all-22194911-56hdt-d-0-1239,19200,3191,3600,-122.48240942711132,47.05796598200305
b2b-all-22194911-56hdt-d-0-1240,19200,3191,3600,-122.48240942711132,47.05796598200305
b2b-all-22194911-56hdt-d-0-1241,19200,3191,3600,-122.48240942711132,47.05796598200305
b2b-all-22194911-56hdt-d-0-1242,19200,3191,3600,-122.48240942711132,47.05796598200305
b2b-all-22194911-56hdt-d-0-1243,19200,3191,3600,-122.48240942711132,47.05796598200305
b2b-all-22194911-56hdt-d-0-1244,19200,3191,3600,-122.48240942711132,47.05796598200305
b2b-all-22194911-56hdt-d-1-1245,19200,3191,3600,-122.48240942711132,47.05796598200305
b2b-all-22194911-56hdt-d-1-1246,20100,3191,3600,-122.48240942711132,47.05796598200305
b2b-all-22194911-56hdt-d-1-1247,19200,3191,3600,-122.48240942711132,47.05796598200305
b2b-all-22194911-56hdt-d-1-1248,19200,3191,3600,-122.48240942711132,47.05796598200305
b2b-all-22194911-56hdt-d-1-1249,20580,3191,3600,-122.48240942711132,47.05796598200305
b2b-all-22194911-56hdt-d-1-1250,21180,3191,3600,-122.48240942711132,47.05796598200305
b2b-all-22194911-56hdt-d-1-1251,19200,3191,3600,-122.48240942711132,47.05796598200305
b2b-all-22194911-56hdt-d-1-1252,19200,3191,3600,-122.48240942711132,47.05796598200305
b2b-all-22194981-57hdt-d-1253,27960,5885,3600,-123.12917480974409,44.98433170990787
b2b-all-22194981-57hdt-d-1254,27960,5885,3600,-123.12917480974409,44.98433170990787
b2b-all-22194981-57hdt-d-1255,27960,5885,3600,-123.12917480974409,44.98433170990787
b2b-all-22194981-57hdt-d-1256,27960,5885,3600,-123.12917480974409,44.98433170990787
b2b-all-22194981-57hdt-d-1257,27960,5885,3600,-123.12917480974409,44.98433170990787
b2b-all-22194981-58hdt-d-1258,11700,5885,3600,-123.12917480974409,44.98433170990787
b2b-all-22194981-58hdt-d-1259,21720,5885,3600,-123.12917480974409,44.98433170990787
b2b-all-22194981-58hdt-d-1260,13740,5885,3600,-123.12917480974409,44.98433170990787
b2b-all-22194981-58hdt-d-1261,16920,5885,3600,-123.12917480974409,44.98433170990787
b2b-all-22194981-58hdt-d-1262,24000,5885,3600,-123.12917480974409,44.98433170990787
b2b-all-22194981-58hdt-d-1263,11700,5885,3600,-123.12917480974409,44.98433170990787
b2b-all-22194981-58hdt-d-1264,20640,5885,3600,-123.12917480974409,44.98433170990787
b2b-all-22195151-59hdt-d-1265,18720,2128,3600,-121.69744610643237,47.16798796331104
b2b-all-22195151-59hdt-d-1266,18720,2128,3600,-121.69744610643237,47.16798796331104
b2b-all-22195151-59hdt-d-1267,18720,2128,3600,-121.69744610643237,47.16798796331104
b2b-all-22195151-59hdt-d-1268,18720,2128,3600,-121.69744610643237,47.16798796331104
b2b-all-22195151-59hdt-d-1269,18720,2128,3600,-121.69744610643237,47.16798796331104
b2b-all-22195151-60hdt-d-1270,23520,2128,3600,-121.69744610643237,47.16798796331104
b2b-all-22195151-60hdt-d-1271,15960,2128,3600,-121.69744610643237,47.16798796331104
b2b-all-22262371-61hdt-d-1272,21780,3455,3600,-122.30768468413044,47.9372242090533
b2b-all-22262371-61hdt-d-1273,23580,3455,3600,-122.30768468413044,47.9372242090533
b2b-all-22262371-61hdt-d-1274,33660,3455,3600,-122.30768468413044,47.9372242090533
b2b-all-22262371-62hdt-d-1-1275,38400,3455,3600,-122.30768468413044,47.9372242090533
b2b-all-22263051-63hdt-d-0-1276,16380,2472,3600,-122.62911157003091,47.5328111620263
b2b-all-22263051-63hdt-d-0-1277,16380,2472,3600,-122.62911157003091,47.5328111620263
b2b-all-22263051-63hdt-d-0-1278,17520,2472,3600,-122.62911157003091,47.5328111620263
b2b-all-22263051-63hdt-d-0-1279,25320,2472,3600,-122.62911157003091,47.5328111620263
b2b-all-22263051-63hdt-d-0-1280,18900,2472,3600,-122.62911157003091,47.5328111620263
b2b-all-22263051-63hdt-d-0-1281,25620,2472,3600,-122.62911157003091,47.5328111620263
b2b-all-22263051-63hdt-d-0-1282,29640,2472,3600,-122.62911157003091,47.5328111620263
b2b-all-22263051-63hdt-d-0-1283,16380,2472,3600,-122.62911157003091,47.5328111620263
b2b-all-22263051-63hdt-d-0-1284,20040,2472,3600,-122.62911157003091,47.5328111620263
b2b-all-22263051-63hdt-d-1-1285,21840,2472,3600,-122.62911157003091,47.5328111620263
b2b-all-22263051-63hdt-d-1-1286,27840,2472,3600,-122.62911157003091,47.5328111620263
b2b-all-22263051-63hdt-d-1-1287,25740,2472,3600,-122.62911157003091,47.5328111620263
b2b-all-22263051-63hdt-d-1-1288,17160,2472,3600,-122.62911157003091,47.5328111620263
b2b-all-22263051-63hdt-d-1-1289,23160,2472,3600,-122.62911157003091,47.5328111620263
b2b-all-22263051-63hdt-d-1-1290,21960,2472,3600,-122.62911157003091,47.5328111620263
b2b-all-22263051-63hdt-d-1-1291,28320,2472,3600,-122.62911157003091,47.5328111620263
b2b-all-22263051-64hdt-d-1292,51600,2472,3600,-122.62911157003091,47.5328111620263
b2b-all-22263051-64hdt-d-1293,51600,2472,3600,-122.62911157003091,47.5328111620263
b2b-all-22263051-64hdt-d-1294,51600,2472,3600,-122.62911157003091,47.5328111620263
b2b-all-22263051-64hdt-d-1295,51600,2472,3600,-122.62911157003091,47.5328111620263
b2b-all-22263721-65hdt-d-1296,33600,2128,3600,-121.69744610643237,47.16798796331104
b2b-all-22263721-65hdt-d-1297,33600,2128,3600,-121.69744610643237,47.16798796331104
b2b-all-22263721-66hdt-d-1298,18120,2128,3600,-121.69744610643237,47.16798796331104
b2b-all-22263721-66hdt-d-1299,23340,2128,3600,-121.69744610643237,47.16798796331104
b2b-all-22263721-66hdt-d-1300,29220,2128,3600,-121.69744610643237,47.16798796331104
b2b-all-22263721-66hdt-d-1301,18120,2128,3600,-121.69744610643237,47.16798796331104
b2b-all-22263721-66hdt-d-1302,18540,2128,3600,-121.69744610643237,47.16798796331104
b2b-all-22263721-66hdt-d-1303,25740,2128,3600,-121.69744610643237,47.16798796331104
b2b-all-22263722-67hdv-d-0-1304,32940,2128,3600,-121.69744610643237,47.16798796331104
b2b-all-22263722-67hdv-d-0-1305,32940,2128,3600,-121.69744610643237,47.16798796331104
b2b-all-22263722-67hdv-d-0-1306,32940,2128,3600,-121.69744610643237,47.16798796331104
b2b-all-22263722-67hdv-d-0-1307,32940,2128,3600,-121.69744610643237,47.16798796331104
b2b-all-22263722-67hdv-d-0-1308,32940,2128,3600,-121.69744610643237,47.16798796331104
b2b-all-22263722-67hdv-d-0-1309,32940,2128,3600,-121.69744610643237,47.16798796331104
b2b-all-22263722-67hdv-d-0-1310,32940,2128,3600,-121.69744610643237,47.16798796331104
b2b-all-22263722-67hdv-d-0-1311,32940,2128,3600,-121.69744610643237,47.16798796331104
b2b-all-22263722-67hdv-d-0-1312,32940,2128,3600,-121.69744610643237,47.16798796331104
b2b-all-22263722-67hdv-d-1-1313,32940,2128,3600,-121.69744610643237,47.16798796331104
b2b-all-22263722-67hdv-d-1-1314,32940,2128,3600,-121.69744610643237,47.16798796331104
b2b-all-22263722-67hdv-d-1-1315,32940,2128,3600,-121.69744610643237,47.16798796331104
b2b-all-22263722-67hdv-d-1-1316,32940,2128,3600,-121.69744610643237,47.16798796331104
b2b-all-22263722-68hdv-d-1317,29220,2128,3600,-121.69744610643237,47.16798796331104
b2b-all-22514352-69hdv-d-1318,55800,1450,3600,-122.34412892049214,47.73413898704023
b2b-all-22514352-69hdv-d-1319,55800,1450,3600,-122.34412892049214,47.73413898704023
b2b-all-22514352-69hdv-d-1320,55800,1450,3600,-122.34412892049214,47.73413898704023
b2b-all-22514352-69hdv-d-1321,55800,1450,3600,-122.34412892049214,47.73413898704023
b2b-all-22514352-69hdv-d-1322,55800,1450,3600,-122.34412892049214,47.73413898704023
b2b-all-22514352-70hdv-d-1323,25560,1450,3600,-122.34412892049214,47.73413898704023
b2b-all-22514352-70hdv-d-1324,26160,1450,3600,-122.34412892049214,47.73413898704023
b2b-all-22514352-70hdv-d-1325,19920,1450,3600,-122.34412892049214,47.73413898704023
b2b-all-22514352-70hdv-d-1326,19260,1450,3600,-122.34412892049214,47.73413898704023
b2b-all-22514352-70hdv-d-1327,16080,1450,3600,-122.34412892049214,47.73413898704023
b2b-all-22515161-71hdt-d-1328,49800,3269,3600,-122.30204180494268,47.19070985591809
b2b-all-22515161-71hdt-d-1329,49800,3269,3600,-122.30204180494268,47.19070985591809
b2b-all-22515161-71hdt-d-1330,49800,3269,3600,-122.30204180494268,47.19070985591809
b2b-all-22515161-71hdt-d-1331,49800,3269,3600,-122.30204180494268,47.19070985591809
b2b-all-22515161-71hdt-d-1332,49800,3269,3600,-122.30204180494268,47.19070985591809
b2b-all-22515161-71hdt-d-1333,49800,3269,3600,-122.30204180494268,47.19070985591809
b2b-all-22515161-71hdt-d-1334,49800,3269,3600,-122.30204180494268,47.19070985591809
b2b-all-22515161-71hdt-d-1335,49800,3269,3600,-122.30204180494268,47.19070985591809
b2b-all-22515161-71hdt-d-1336,49800,3269,3600,-122.30204180494268,47.19070985591809
b2b-all-22515161-72hdt-d-0-1337,25560,3269,3600,-122.30204180494268,47.19070985591809
b2b-all-22515161-72hdt-d-0-1338,26340,3269,3600,-122.30204180494268,47.19070985591809
b2b-all-22515161-72hdt-d-0-1339,26160,3269,3600,-122.30204180494268,47.19070985591809
b2b-all-22515161-72hdt-d-0-1340,25560,3269,3600,-122.30204180494268,47.19070985591809
b2b-all-22515161-72hdt-d-0-1341,25560,3269,3600,-122.30204180494268,47.19070985591809
b2b-all-22515161-72hdt-d-0-1342,25560,3269,3600,-122.30204180494268,47.19070985591809
b2b-all-22515161-72hdt-d-0-1343,25560,3269,3600,-122.30204180494268,47.19070985591809
b2b-all-22515161-72hdt-d-0-1344,27600,3269,3600,-122.30204180494268,47.19070985591809
b2b-all-22515161-72hdt-d-0-1345,25560,3269,3600,-122.30204180494268,47.19070985591809
b2b-all-22515161-72hdt-d-0-1346,25560,3269,3600,-122.30204180494268,47.19070985591809
b2b-all-22515161-72hdt-d-1-1347,26820,3269,3600,-122.30204180494268,47.19070985591809
b2b-all-22515161-72hdt-d-1-1348,25560,3269,3600,-122.30204180494268,47.19070985591809
b2b-all-22515161-72hdt-d-1-1349,25560,3269,3600,-122.30204180494268,47.19070985591809
b2b-all-22515161-72hdt-d-1-1350,25560,3269,3600,-122.30204180494268,47.19070985591809
b2b-all-22515161-72hdt-d-1-1351,25560,3269,3600,-122.30204180494268,47.19070985591809
b2b-all-22515161-72hdt-d-1-1352,25980,3269,3600,-122.30204180494268,47.19070985591809
b2b-all-22515161-72hdt-d-1-1353,25560,3269,3600,-122.30204180494268,47.19070985591809
b2b-all-22515161-72hdt-d-1-1354,25560,3269,3600,-122.30204180494268,47.19070985591809
b2b-all-22515161-72hdt-d-1-1355,25560,3269,3600,-122.30204180494268,47.19070985591809
b2b-all-22515161-72hdt-d-1-1356,26160,3269,3600,-122.30204180494268,47.19070985591809
b2b-all-22515161-72hdt-d-2-1357,25560,3269,3600,-122.30204180494268,47.19070985591809
b2b-all-22515161-72hdt-d-2-1358,25560,3269,3600,-122.30204180494268,47.19070985591809
b2b-all-22515161-72hdt-d-2-1359,25560,3269,3600,-122.30204180494268,47.19070985591809
b2b-all-22515161-72hdt-d-2-1360,25560,3269,3600,-122.30204180494268,47.19070985591809
b2b-all-22515161-72hdt-d-2-1361,25560,3269,3600,-122.30204180494268,47.19070985591809
b2b-all-22515161-72hdt-d-2-1362,25560,3269,3600,-122.30204180494268,47.19070985591809
b2b-all-22515161-72hdt-d-2-1363,25560,3269,3600,-122.30204180494268,47.19070985591809
b2b-all-22515161-72hdt-d-2-1364,25560,3269,3600,-122.30204180494268,47.19070985591809
b2b-all-22515161-72hdt-d-2-1365,25560,3269,3600,-122.30204180494268,47.19070985591809
b2b-all-22515161-72hdt-d-2-1366,25560,3269,3600,-122.30204180494268,47.19070985591809
b2b-all-22515161-72hdt-d-3-1367,25560,3269,3600,-122.30204180494268,47.19070985591809
b2b-all-22515161-72hdt-d-3-1368,26160,3269,3600,-122.30204180494268,47.19070985591809
b2b-all-22515161-72hdt-d-3-1369,25560,3269,3600,-122.30204180494268,47.19070985591809
b2b-all-22515481-73hdt-d-1370,23760,3269,3600,-122.29767883482364,47.19297600372768
b2b-all-22515481-74hdt-d-0-1371,52140,3269,3600,-122.29767883482364,47.19297600372768
b2b-all-22515481-74hdt-d-0-1372,52140,3269,3600,-122.29767883482364,47.19297600372768
b2b-all-22515481-74hdt-d-0-1373,52140,3269,3600,-122.29767883482364,47.19297600372768
b2b-all-22515481-74hdt-d-0-1374,52140,3269,3600,-122.29767883482364,47.19297600372768
b2b-all-22515481-74hdt-d-0-1375,52140,3269,3600,-122.29767883482364,47.19297600372768
b2b-all-22515481-74hdt-d-0-1376,52140,3269,3600,-122.29767883482364,47.19297600372768
b2b-all-22515481-74hdt-d-0-1377,52140,3269,3600,-122.29767883482364,47.19297600372768
b2b-all-22515481-74hdt-d-0-1378,52140,3269,3600,-122.29767883482364,47.19297600372768
b2b-all-22515481-74hdt-d-1-1379,52140,3269,3600,-122.29767883482364,47.19297600372768
b2b-all-22515481-74hdt-d-1-1380,52140,3269,3600,-122.29767883482364,47.19297600372768
b2b-all-22515481-74hdt-d-1-1381,52140,3269,3600,-122.29767883482364,47.19297600372768
b2b-all-22515481-74hdt-d-1-1382,52140,3269,3600,-122.29767883482364,47.19297600372768
b2b-all-22515481-74hdt-d-1-1383,52140,3269,3600,-122.29767883482364,47.19297600372768
b2b-all-22515481-74hdt-d-1-1384,52140,3269,3600,-122.29767883482364,47.19297600372768
b2b-all-22515481-74hdt-d-1-1385,52140,3269,3600,-122.29767883482364,47.19297600372768
b2b-all-22515491-75hdt-d-0-1386,55620,3269,3600,-122.30153394063854,47.19926375764609
b2b-all-22515491-75hdt-d-0-1387,55620,3269,3600,-122.30153394063854,47.19926375764609
b2b-all-22515491-75hdt-d-0-1388,55620,3269,3600,-122.30153394063854,47.19926375764609
b2b-all-22515491-75hdt-d-0-1389,55620,3269,3600,-122.30153394063854,47.19926375764609
b2b-all-22515491-75hdt-d-0-1390,55620,3269,3600,-122.30153394063854,47.19926375764609
b2b-all-22515491-75hdt-d-0-1391,55620,3269,3600,-122.30153394063854,47.19926375764609
b2b-all-22515491-75hdt-d-0-1392,55620,3269,3600,-122.30153394063854,47.19926375764609
b2b-all-22515491-75hdt-d-0-1393,55620,3269,3600,-122.30153394063854,47.19926375764609
b2b-all-22515491-75hdt-d-0-1394,55620,3269,3600,-122.30153394063854,47.19926375764609
b2b-all-22515491-75hdt-d-0-1395,55620,3269,3600,-122.30153394063854,47.19926375764609
b2b-all-22515491-75hdt-d-0-1396,55620,3269,3600,-122.30153394063854,47.19926375764609
b2b-all-22515491-75hdt-d-1-1397,55620,3269,3600,-122.30153394063854,47.19926375764609
b2b-all-22515491-75hdt-d-1-1398,55620,3269,3600,-122.30153394063854,47.19926375764609
b2b-all-22515491-75hdt-d-1-1399,55620,3269,3600,-122.30153394063854,47.19926375764609
b2b-all-22515491-75hdt-d-1-1400,55620,3269,3600,-122.30153394063854,47.19926375764609
b2b-all-22515491-76hdt-d-1401,49200,3269,3600,-122.30153394063854,47.19926375764609
b2b-all-22515491-76hdt-d-1402,49200,3269,3600,-122.30153394063854,47.19926375764609
b2b-all-22515491-76hdt-d-1403,49200,3269,3600,-122.30153394063854,47.19926375764609
b2b-all-22515491-76hdt-d-1404,49200,3269,3600,-122.30153394063854,47.19926375764609
b2b-all-22515491-76hdt-d-1405,49200,3269,3600,-122.30153394063854,47.19926375764609
b2b-all-22515491-76hdt-d-1406,49200,3269,3600,-122.30153394063854,47.19926375764609
b2b-all-22515491-76hdt-d-1407,49200,3269,3600,-122.30153394063854,47.19926375764609
b2b-all-22515491-76hdt-d-1408,49200,3269,3600,-122.30153394063854,47.19926375764609
b2b-all-22515491-76hdt-d-1409,49200,3269,3600,-122.30153394063854,47.19926375764609
b2b-all-22515491-76hdt-d-1410,49200,3269,3600,-122.30153394063854,47.19926375764609
b2b-all-22515491-76hdt-d-1411,49200,3269,3600,-122.30153394063854,47.19926375764609
b2b-all-22516921-77md-d-1412,20820,5885,3600,-123.12917480974409,44.98433170990787
b2b-all-22516921-77md-d-1413,20820,5885,3600,-123.12917480974409,44.98433170990787
b2b-all-22516971-78hdt-d-1414,6060,5885,3600,-123.12917480974409,44.98433170990787
b2b-all-22516971-78hdt-d-1415,17100,5885,3600,-123.12917480974409,44.98433170990787
b2b-all-22516971-79hdt-d-1416,19800,5885,3600,-123.12917480974409,44.98433170990787
b2b-all-22516971-79hdt-d-1417,16860,5885,3600,-123.12917480974409,44.98433170990787
b2b-all-22516971-79hdt-d-1418,18300,5885,3600,-123.12917480974409,44.98433170990787
b2b-all-22516971-79hdt-d-1419,18060,5885,3600,-123.12917480974409,44.98433170990787
b2b-all-22516971-79hdt-d-1420,16860,5885,3600,-123.12917480974409,44.98433170990787
b2b-all-22516971-79hdt-d-1421,21480,5885,3600,-123.12917480974409,44.98433170990787
b2b-all-22518031-80hdt-d-1422,21420,2128,3600,-121.69744610643237,47.16798796331104
b2b-all-22518031-80hdt-d-1423,21420,2128,3600,-121.69744610643237,47.16798796331104
b2b-all-22518031-80hdt-d-1424,21420,2128,3600,-121.69744610643237,47.16798796331104
b2b-all-22518031-80hdt-d-1425,26160,2128,3600,-121.69744610643237,47.16798796331104
b2b-all-22518031-80hdt-d-1426,21420,2128,3600,-121.69744610643237,47.16798796331104
b2b-all-22518031-80hdt-d-1427,21420,2128,3600,-121.69744610643237,47.16798796331104
b2b-all-22518031-80hdt-d-1428,21420,2128,3600,-121.69744610643237,47.16798796331104
b2b-all-22518031-81hdt-d-1429,27480,2128,3600,-121.69744610643237,47.16798796331104
b2b-all-22518031-81hdt-d-1430,20940,2128,3600,-121.69744610643237,47.16798796331104
b2b-all-22518601-82hdt-d-1431,19380,2128,3600,-121.69744610643237,47.16798796331104
b2b-all-22518601-82hdt-d-1432,11220,2128,3600,-121.69744610643237,47.16798796331104
b2b-all-22518601-82hdt-d-1433,4020,2128,3600,-121.69744610643237,47.16798796331104
b2b-all-22518601-82hdt-d-1434,17280,2128,3600,-121.69744610643237,47.16798796331104
b2b-all-22518841-84hdt-d-1435,23280,3895,3600,-121.26884369455286,48.17174536079158
b2b-all-22518841-84hdt-d-1436,15780,3895,3600,-121.26884369455286,48.17174536079158
b2b-all-22518841-84hdt-d-1437,23940,3895,3600,-121.26884369455286,48.17174536079158
b2b-all-22518841-85hdt-d-0-1438,20220,3895,3600,-121.26884369455286,48.17174536079158
b2b-all-22518841-85hdt-d-1-1439,20640,3895,3600,-121.26884369455286,48.17174536079158
b2b-all-22518861-86hdt-d-1440,25560,3895,3600,-121.26884369455286,48.17174536079158
b2b-all-22518861-86hdt-d-1441,22980,3895,3600,-121.26884369455286,48.17174536079158
b2b-all-22518861-87hdt-d-0-1442,18000,3895,3600,-121.26884369455286,48.17174536079158
b2b-all-22518861-87hdt-d-0-1443,27000,3895,3600,-121.26884369455286,48.17174536079158
b2b-all-22518861-87hdt-d-1-1444,25740,3895,3600,-121.26884369455286,48.17174536079158
b2b-all-22518861-87hdt-d-1-1445,29340,3895,3600,-121.26884369455286,48.17174536079158
b2b-all-22519361-88hdt-d-1446,34620,3854,3600,-122.3645144674494,48.26687162473969
b2b-all-22519361-89hdt-d-1447,23580,3854,3600,-122.3645144674494,48.26687162473969
b2b-all-22519361-89hdt-d-1448,33960,3854,3600,-122.3645144674494,48.26687162473969
b2b-all-22519401-90hdt-d-1449,27360,3854,3600,-122.3645144674494,48.26687162473969
b2b-all-22519401-90hdt-d-1450,27360,3854,3600,-122.3645144674494,48.26687162473969
b2b-all-22519401-90hdt-d-1451,27360,3854,3600,-122.3645144674494,48.26687162473969
b2b-all-22519401-90hdt-d-1452,27360,3854,3600,-122.3645144674494,48.26687162473969
b2b-all-22519401-91hdt-d-1453,23340,3854,3600,-122.3645144674494,48.26687162473969
b2b-all-22519401-91hdt-d-1454,20040,3854,3600,-122.3645144674494,48.26687162473969
b2b-all-22519401-91hdt-d-1455,27840,3854,3600,-122.3645144674494,48.26687162473969
b2b-all-22519401-91hdt-d-1456,25860,3854,3600,-122.3645144674494,48.26687162473969
b2b-all-22519421-92hdt-d-1457,30000,3854,3600,-122.3645144674494,48.26687162473969
b2b-all-22519421-92hdt-d-1458,30000,3854,3600,-122.3645144674494,48.26687162473969
b2b-all-22519421-92hdt-d-1459,30000,3854,3600,-122.3645144674494,48.26687162473969
b2b-all-22519421-92hdt-d-1460,30000,3854,3600,-122.3645144674494,48.26687162473969
b2b-all-22519421-92hdt-d-1461,30000,3854,3600,-122.3645144674494,48.26687162473969
b2b-all-22519421-92hdt-d-1462,30000,3854,3600,-122.3645144674494,48.26687162473969
b2b-all-22519421-93hdt-d-1463,29280,3854,3600,-122.3645144674494,48.26687162473969
b2b-all-22519421-93hdt-d-1464,24720,3854,3600,-122.3645144674494,48.26687162473969
b2b-all-22519421-93hdt-d-1465,22380,3854,3600,-122.3645144674494,48.26687162473969
b2b-all-22519421-93hdt-d-1466,26700,3854,3600,-122.3645144674494,48.26687162473969
b2b-all-22519421-93hdt-d-1467,24300,3854,3600,-122.3645144674494,48.26687162473969
b2b-all-22621771-94hdt-d-1468,51780,3003,3600,-122.34744414641182,47.15363779622041
b2b-all-22621771-94hdt-d-1469,51780,3003,3600,-122.34744414641182,47.15363779622041
b2b-all-22621771-94hdt-d-1470,51780,3003,3600,-122.34744414641182,47.15363779622041
b2b-all-22621771-94hdt-d-1471,51780,3003,3600,-122.34744414641182,47.15363779622041
b2b-all-22621771-94hdt-d-1472,51780,3003,3600,-122.34744414641182,47.15363779622041
b2b-all-22621771-94hdt-d-1473,51780,3003,3600,-122.34744414641182,47.15363779622041
b2b-all-22622061-96hdt-d-0-1474,19980,5885,3600,-123.12917480974409,44.98433170990787
b2b-all-22622061-96hdt-d-0-1475,22260,5885,3600,-123.12917480974409,44.98433170990787
b2b-all-22622061-96hdt-d-0-1476,20940,5885,3600,-123.12917480974409,44.98433170990787
b2b-all-22622061-96hdt-d-0-1477,19980,5885,3600,-123.12917480974409,44.98433170990787
b2b-all-22622061-96hdt-d-0-1478,19980,5885,3600,-123.12917480974409,44.98433170990787
b2b-all-22622061-96hdt-d-0-1479,19980,5885,3600,-123.12917480974409,44.98433170990787
b2b-all-22622061-96hdt-d-0-1480,19980,5885,3600,-123.12917480974409,44.98433170990787
b2b-all-22622061-96hdt-d-0-1481,19980,5885,3600,-123.12917480974409,44.98433170990787
b2b-all-22622061-96hdt-d-1-1482,20460,5885,3600,-123.12917480974409,44.98433170990787
b2b-all-22622061-96hdt-d-1-1483,19980,5885,3600,-123.12917480974409,44.98433170990787
b2b-all-22622061-96hdt-d-1-1484,22080,5885,3600,-123.12917480974409,44.98433170990787
b2b-all-22622111-97hdt-d-1485,28800,5885,3600,-123.12917480974409,44.98433170990787
b2b-all-22622111-97hdt-d-1486,28800,5885,3600,-123.12917480974409,44.98433170990787
b2b-all-22622111-97hdt-d-1487,28800,5885,3600,-123.12917480974409,44.98433170990787
b2b-all-22622111-97hdt-d-1488,28800,5885,3600,-123.12917480974409,44.98433170990787
b2b-all-22622111-97hdt-d-1489,28800,5885,3600,-123.12917480974409,44.98433170990787
b2b-all-22622111-97hdt-d-1490,28800,5885,3600,-123.12917480974409,44.98433170990787
b2b-all-22622111-97hdt-d-1491,28800,5885,3600,-123.12917480974409,44.98433170990787
b2b-all-22622111-97hdt-d-1492,28800,5885,3600,-123.12917480974409,44.98433170990787
b2b-all-22622111-98hdt-d-1493,16500,5885,3600,-123.12917480974409,44.98433170990787
b2b-all-22622111-98hdt-d-1494,12360,5885,3600,-123.12917480974409,44.98433170990787
b2b-all-22623081-99hdt-d-1495,37740,3854,3600,-122.3645144674494,48.26687162473969
b2b-all-22623081-99hdt-d-1496,37740,3854,3600,-122.3645144674494,48.26687162473969
b2b-all-22623081-99hdt-d-1497,37740,3854,3600,-122.3645144674494,48.26687162473969
b2b-all-22623081-99hdt-d-1498,37740,3854,3600,-122.3645144674494,48.26687162473969
b2b-all-22623081-99hdt-d-1499,37740,3854,3600,-122.3645144674494,48.26687162473969
b2b-all-22623081-99hdt-d-1500,37740,3854,3600,-122.3645144674494,48.26687162473969
b2b-all-22623081-99hdt-d-1501,37740,3854,3600,-122.3645144674494,48.26687162473969
b2b-all-22623081-100hdt-d-1502,23400,3854,3600,-122.3645144674494,48.26687162473969
b2b-all-22623081-100hdt-d-1503,27300,3854,3600,-122.3645144674494,48.26687162473969
b2b-all-22623081-100hdt-d-1504,28860,3854,3600,-122.3645144674494,48.26687162473969
b2b-all-22623081-100hdt-d-1505,18300,3854,3600,-122.3645144674494,48.26687162473969
b2b-all-22623081-100hdt-d-1506,26760,3854,3600,-122.3645144674494,48.26687162473969
b2b-all-22623302-101hdt-d-1507,24000,2128,3600,-121.69744610643237,47.16798796331104
b2b-all-22623302-101hdt-d-1508,24000,2128,3600,-121.69744610643237,47.16798796331104
b2b-all-22623302-101hdt-d-1509,24000,2128,3600,-121.69744610643237,47.16798796331104
b2b-all-68330692-103hdt-d-0-1510,33060,2128,3600,-121.69744610643237,47.16798796331104
b2b-all-68330692-103hdt-d-0-1511,33060,2128,3600,-121.69744610643237,47.16798796331104
b2b-all-68330692-103hdt-d-0-1512,33060,2128,3600,-121.69744610643237,47.16798796331104
b2b-all-68330692-103hdt-d-0-1513,33060,2128,3600,-121.69744610643237,47.16798796331104
b2b-all-68330692-103hdt-d-0-1514,33060,2128,3600,-121.69744610643237,47.16798796331104
b2b-all-68330692-103hdt-d-0-1515,33060,2128,3600,-121.69744610643237,47.16798796331104
b2b-all-68330692-103hdt-d-0-1516,33060,2128,3600,-121.69744610643237,47.16798796331104
b2b-all-68330692-103hdt-d-0-1517,33060,2128,3600,-121.69744610643237,47.16798796331104
b2b-all-68330692-103hdt-d-0-1518,33060,2128,3600,-121.69744610643237,47.16798796331104
b2b-all-68330692-103hdt-d-0-1519,33060,2128,3600,-121.69744610643237,47.16798796331104
b2b-all-68330692-103hdt-d-0-1520,33060,2128,3600,-121.69744610643237,47.16798796331104
b2b-all-68330692-103hdt-d-0-1521,33060,2128,3600,-121.69744610643237,47.16798796331104
b2b-all-68330692-103hdt-d-0-1522,33060,2128,3600,-121.69744610643237,47.16798796331104
b2b-all-68330692-103hdt-d-1-1523,33060,2128,3600,-121.69744610643237,47.16798796331104
b2b-all-68330692-103hdt-d-1-1524,33060,2128,3600,-121.69744610643237,47.16798796331104
b2b-all-68330692-103hdt-d-1-1525,33060,2128,3600,-121.69744610643237,47.16798796331104
b2b-all-68330692-103hdt-d-1-1526,33060,2128,3600,-121.69744610643237,47.16798796331104
b2b-all-68330692-103hdt-d-1-1527,33060,2128,3600,-121.69744610643237,47.16798796331104
b2b-all-68330692-103hdt-d-1-1528,33060,2128,3600,-121.69744610643237,47.16798796331104
b2b-all-68330692-103hdt-d-1-1529,33060,2128,3600,-121.69744610643237,47.16798796331104
b2b-all-68330692-103hdt-d-1-1530,33060,2128,3600,-121.69744610643237,47.16798796331104
b2b-all-68330692-104hdt-d-1531,36060,2128,3600,-121.69744610643237,47.16798796331104
b2b-all-68330692-104hdt-d-1532,36060,2128,3600,-121.69744610643237,47.16798796331104
b2b-all-68330692-104hdt-d-1533,36060,2128,3600,-121.69744610643237,47.16798796331104
b2b-all-68330882-105hdt-d-0-1534,29580,2128,3600,-121.69744610643237,47.16798796331104
b2b-all-68330882-105hdt-d-0-1535,29580,2128,3600,-121.69744610643237,47.16798796331104
b2b-all-68330882-105hdt-d-0-1536,29580,2128,3600,-121.69744610643237,47.16798796331104
b2b-all-68330882-105hdt-d-0-1537,29580,2128,3600,-121.69744610643237,47.16798796331104
b2b-all-68330882-105hdt-d-0-1538,29580,2128,3600,-121.69744610643237,47.16798796331104
b2b-all-68330882-105hdt-d-0-1539,29580,2128,3600,-121.69744610643237,47.16798796331104
b2b-all-68330882-105hdt-d-0-1540,29580,2128,3600,-121.69744610643237,47.16798796331104
b2b-all-68330882-105hdt-d-0-1541,29580,2128,3600,-121.69744610643237,47.16798796331104
b2b-all-68330882-105hdt-d-1-1542,29580,2128,3600,-121.69744610643237,47.16798796331104
b2b-all-68330882-105hdt-d-1-1543,29580,2128,3600,-121.69744610643237,47.16798796331104
b2b-all-68330882-105hdt-d-1-1544,29580,2128,3600,-121.69744610643237,47.16798796331104
b2b-all-68330882-105hdt-d-1-1545,29580,2128,3600,-121.69744610643237,47.16798796331104
b2b-all-68330882-105hdt-d-1-1546,29580,2128,3600,-121.69744610643237,47.16798796331104
b2b-all-68330882-105hdt-d-1-1547,29580,2128,3600,-121.69744610643237,47.16798796331104
b2b-all-68330882-105hdt-d-1-1548,29580,2128,3600,-121.69744610643237,47.16798796331104
b2b-all-68330882-105hdt-d-1-1549,29580,2128,3600,-121.69744610643237,47.16798796331104
b2b-all-68330882-105hdt-d-1-1550,29580,2128,3600,-121.69744610643237,47.16798796331104
b2b-all-68330882-105hdt-d-2-1551,29580,2128,3600,-121.69744610643237,47.16798796331104
b2b-all-68330882-105hdt-d-2-1552,29580,2128,3600,-121.69744610643237,47.16798796331104
b2b-all-68330882-105hdt-d-2-1553,29580,2128,3600,-121.69744610643237,47.16798796331104
b2b-all-68330882-105hdt-d-2-1554,29580,2128,3600,-121.69744610643237,47.16798796331104
b2b-all-68330882-105hdt-d-2-1555,29580,2128,3600,-121.69744610643237,47.16798796331104
b2b-all-68330882-105hdt-d-2-1556,29580,2128,3600,-121.69744610643237,47.16798796331104
b2b-all-68330882-105hdt-d-2-1557,29580,2128,3600,-121.69744610643237,47.16798796331104
b2b-all-68330882-105hdt-d-2-1558,29580,2128,3600,-121.69744610643237,47.16798796331104
b2b-all-68330882-105hdt-d-2-1559,29580,2128,3600,-121.69744610643237,47.16798796331104
b2b-all-68330882-105hdt-d-3-1560,29580,2128,3600,-121.69744610643237,47.16798796331104
b2b-all-68330882-105hdt-d-3-1561,29580,2128,3600,-121.69744610643237,47.16798796331104
b2b-all-68330882-105hdt-d-3-1562,29580,2128,3600,-121.69744610643237,47.16798796331104
b2b-all-68330882-105hdt-d-3-1563,29580,2128,3600,-121.69744610643237,47.16798796331104
b2b-all-68330882-105hdt-d-3-1564,29580,2128,3600,-121.69744610643237,47.16798796331104
b2b-all-68330882-105hdt-d-3-1565,29580,2128,3600,-121.69744610643237,47.16798796331104
b2b-all-68330882-105hdt-d-3-1566,29580,2128,3600,-121.69744610643237,47.16798796331104
b2b-all-68330882-105hdt-d-3-1567,29580,2128,3600,-121.69744610643237,47.16798796331104
b2b-all-68330882-105hdt-d-4-1568,29580,2128,3600,-121.69744610643237,47.16798796331104
b2b-all-68330882-105hdt-d-4-1569,29580,2128,3600,-121.69744610643237,47.16798796331104
b2b-all-68330882-105hdt-d-4-1570,29580,2128,3600,-121.69744610643237,47.16798796331104
b2b-all-68330882-105hdt-d-4-1571,29580,2128,3600,-121.69744610643237,47.16798796331104
b2b-all-68330882-105hdt-d-4-1572,29580,2128,3600,-121.69744610643237,47.16798796331104
b2b-all-68330882-105hdt-d-4-1573,29580,2128,3600,-121.69744610643237,47.16798796331104
b2b-all-68330882-105hdt-d-4-1574,29580,2128,3600,-121.69744610643237,47.16798796331104
b2b-all-68330882-105hdt-d-4-1575,29580,2128,3600,-121.69744610643237,47.16798796331104
b2b-all-68330882-105hdt-d-4-1576,29580,2128,3600,-121.69744610643237,47.16798796331104
b2b-all-68330882-105hdt-d-4-1577,29580,2128,3600,-121.69744610643237,47.16798796331104
b2b-all-68330882-105hdt-d-5-1578,29580,2128,3600,-121.69744610643237,47.16798796331104
b2b-all-68330882-105hdt-d-5-1579,29580,2128,3600,-121.69744610643237,47.16798796331104
b2b-all-68330882-105hdt-d-5-1580,29580,2128,3600,-121.69744610643237,47.16798796331104
b2b-all-68330882-106hdt-d-1581,34200,2128,3600,-121.69744610643237,47.16798796331104
b2b-all-68330882-106hdt-d-1582,34200,2128,3600,-121.69744610643237,47.16798796331104
b2b-all-68330882-106hdt-d-1583,34200,2128,3600,-121.69744610643237,47.16798796331104
b2b-all-68330882-106hdt-d-1584,34200,2128,3600,-121.69744610643237,47.16798796331104
b2b-all-68330883-107hdv-d-1585,22200,2128,3600,-121.69744610643237,47.16798796331104
b2b-all-68330883-107hdv-d-1586,22200,2128,3600,-121.69744610643237,47.16798796331104
b2b-all-68330883-107hdv-d-1587,22200,2128,3600,-121.69744610643237,47.16798796331104
b2b-all-68330883-107hdv-d-1588,22200,2128,3600,-121.69744610643237,47.16798796331104
b2b-all-68330883-107hdv-d-1589,22200,2128,3600,-121.69744610643237,47.16798796331104
b2b-all-68330883-107hdv-d-1590,22200,2128,3600,-121.69744610643237,47.16798796331104
b2b-all-68330883-107hdv-d-1591,22200,2128,3600,-121.69744610643237,47.16798796331104
b2b-all-68330883-108hdv-d-1592,17820,2128,3600,-121.69744610643237,47.16798796331104
b2b-all-68330883-108hdv-d-1593,19980,2128,3600,-121.69744610643237,47.16798796331104
b2b-all-68330883-108hdv-d-1594,17820,2128,3600,-121.69744610643237,47.16798796331104
b2b-all-68330883-108hdv-d-1595,17820,2128,3600,-121.69744610643237,47.16798796331104
b2b-all-68330883-108hdv-d-1596,19260,2128,3600,-121.69744610643237,47.16798796331104
b2b-all-83148412-109hdt-d-0-1597,50640,2166,3600,-122.11024949384009,47.48836546786339
b2b-all-83148412-109hdt-d-0-1598,50640,2166,3600,-122.11024949384009,47.48836546786339
b2b-all-83148412-109hdt-d-0-1599,50640,2166,3600,-122.11024949384009,47.48836546786339
b2b-all-83148412-109hdt-d-0-1600,50640,2166,3600,-122.11024949384009,47.48836546786339
b2b-all-83148412-109hdt-d-0-1601,50640,2166,3600,-122.11024949384009,47.48836546786339
b2b-all-83148412-109hdt-d-0-1602,50640,2166,3600,-122.11024949384009,47.48836546786339
b2b-all-83148412-109hdt-d-0-1603,50640,2166,3600,-122.11024949384009,47.48836546786339
b2b-all-83148412-109hdt-d-0-1604,50640,2166,3600,-122.11024949384009,47.48836546786339
b2b-all-83148412-109hdt-d-0-1605,50640,2166,3600,-122.11024949384009,47.48836546786339
b2b-all-83148412-109hdt-d-0-1606,50640,2166,3600,-122.11024949384009,47.48836546786339
b2b-all-83148412-109hdt-d-0-1607,50640,2166,3600,-122.11024949384009,47.48836546786339
b2b-all-83148412-109hdt-d-0-1608,50640,2166,3600,-122.11024949384009,47.48836546786339
b2b-all-83148412-109hdt-d-0-1609,50640,2166,3600,-122.11024949384009,47.48836546786339
b2b-all-83148412-109hdt-d-0-1610,50640,2166,3600,-122.11024949384009,47.48836546786339
b2b-all-83148412-109hdt-d-0-1611,50640,2166,3600,-122.11024949384009,47.48836546786339
b2b-all-83148412-109hdt-d-1-1612,50640,2166,3600,-122.11024949384009,47.48836546786339
b2b-all-83148412-109hdt-d-1-1613,50640,2166,3600,-122.11024949384009,47.48836546786339
b2b-all-83148412-109hdt-d-1-1614,50640,2166,3600,-122.11024949384009,47.48836546786339
b2b-all-83148412-109hdt-d-1-1615,50640,2166,3600,-122.11024949384009,47.48836546786339
b2b-all-83148412-109hdt-d-1-1616,50640,2166,3600,-122.11024949384009,47.48836546786339
b2b-all-83148412-109hdt-d-1-1617,50640,2166,3600,-122.11024949384009,47.48836546786339
b2b-all-83148412-109hdt-d-1-1618,50640,2166,3600,-122.11024949384009,47.48836546786339
b2b-all-83148412-109hdt-d-1-1619,50640,2166,3600,-122.11024949384009,47.48836546786339
b2b-all-83148412-109hdt-d-1-1620,50640,2166,3600,-122.11024949384009,47.48836546786339
b2b-all-83148412-109hdt-d-1-1621,50640,2166,3600,-122.11024949384009,47.48836546786339
b2b-all-83148412-109hdt-d-1-1622,50640,2166,3600,-122.11024949384009,47.48836546786339
b2b-all-83148412-109hdt-d-1-1623,50640,2166,3600,-122.11024949384009,47.48836546786339
b2b-all-83148412-109hdt-d-1-1624,50640,2166,3600,-122.11024949384009,47.48836546786339
b2b-all-83148412-109hdt-d-1-1625,50640,2166,3600,-122.11024949384009,47.48836546786339
b2b-all-83148412-109hdt-d-1-1626,50640,2166,3600,-122.11024949384009,47.48836546786339
b2b-all-83148412-109hdt-d-1-1627,50640,2166,3600,-122.11024949384009,47.48836546786339
b2b-all-83148412-109hdt-d-2-1628,50640,2166,3600,-122.11024949384009,47.48836546786339
b2b-all-83148412-109hdt-d-2-1629,50640,2166,3600,-122.11024949384009,47.48836546786339
b2b-all-83148412-109hdt-d-2-1630,50640,2166,3600,-122.11024949384009,47.48836546786339
b2b-all-83148412-109hdt-d-2-1631,50640,2166,3600,-122.11024949384009,47.48836546786339
b2b-all-83148412-109hdt-d-2-1632,50640,2166,3600,-122.11024949384009,47.48836546786339
b2b-all-83148412-109hdt-d-2-1633,50640,2166,3600,-122.11024949384009,47.48836546786339
b2b-all-83148412-109hdt-d-2-1634,50640,2166,3600,-122.11024949384009,47.48836546786339
b2b-all-83148412-109hdt-d-2-1635,50640,2166,3600,-122.11024949384009,47.48836546786339
b2b-all-83148412-109hdt-d-2-1636,50640,2166,3600,-122.11024949384009,47.48836546786339
b2b-all-83148412-109hdt-d-2-1637,50640,2166,3600,-122.11024949384009,47.48836546786339
b2b-all-83148412-109hdt-d-2-1638,50640,2166,3600,-122.11024949384009,47.48836546786339
b2b-all-83148412-109hdt-d-2-1639,50640,2166,3600,-122.11024949384009,47.48836546786339
b2b-all-83148412-109hdt-d-2-1640,50640,2166,3600,-122.11024949384009,47.48836546786339
b2b-all-83148412-109hdt-d-2-1641,50640,2166,3600,-122.11024949384009,47.48836546786339
b2b-all-83148412-109hdt-d-3-1642,50640,2166,3600,-122.11024949384009,47.48836546786339
b2b-all-83148412-109hdt-d-3-1643,50640,2166,3600,-122.11024949384009,47.48836546786339
b2b-all-83148412-109hdt-d-3-1644,50640,2166,3600,-122.11024949384009,47.48836546786339
b2b-all-83148412-109hdt-d-3-1645,50640,2166,3600,-122.11024949384009,47.48836546786339
b2b-all-83148412-109hdt-d-3-1646,50640,2166,3600,-122.11024949384009,47.48836546786339
b2b-all-83148412-109hdt-d-3-1647,50640,2166,3600,-122.11024949384009,47.48836546786339
b2b-all-83148412-109hdt-d-3-1648,50640,2166,3600,-122.11024949384009,47.48836546786339
b2b-all-83148412-109hdt-d-3-1649,50640,2166,3600,-122.11024949384009,47.48836546786339
b2b-all-83148412-109hdt-d-3-1650,50640,2166,3600,-122.11024949384009,47.48836546786339
b2b-all-83148412-109hdt-d-3-1651,50640,2166,3600,-122.11024949384009,47.48836546786339
b2b-all-83148412-109hdt-d-3-1652,50640,2166,3600,-122.11024949384009,47.48836546786339
b2b-all-83148412-109hdt-d-3-1653,50640,2166,3600,-122.11024949384009,47.48836546786339
b2b-all-83148412-109hdt-d-3-1654,50640,2166,3600,-122.11024949384009,47.48836546786339
b2b-all-83148412-109hdt-d-3-1655,50640,2166,3600,-122.11024949384009,47.48836546786339
b2b-all-83148412-109hdt-d-3-1656,50640,2166,3600,-122.11024949384009,47.48836546786339
b2b-all-83148412-109hdt-d-3-1657,50640,2166,3600,-122.11024949384009,47.48836546786339
b2b-all-83148412-109hdt-d-4-1658,50640,2166,3600,-122.11024949384009,47.48836546786339
b2b-all-83148412-109hdt-d-4-1659,50640,2166,3600,-122.11024949384009,47.48836546786339
b2b-all-83148412-109hdt-d-4-1660,50640,2166,3600,-122.11024949384009,47.48836546786339
b2b-all-83148412-109hdt-d-4-1661,50640,2166,3600,-122.11024949384009,47.48836546786339
b2b-all-83148412-109hdt-d-4-1662,50640,2166,3600,-122.11024949384009,47.48836546786339
b2b-all-83148412-109hdt-d-4-1663,50640,2166,3600,-122.11024949384009,47.48836546786339
b2b-all-83148412-109hdt-d-4-1664,50640,2166,3600,-122.11024949384009,47.48836546786339
b2b-all-83148412-109hdt-d-4-1665,50640,2166,3600,-122.11024949384009,47.48836546786339
b2b-all-83148412-109hdt-d-4-1666,50640,2166,3600,-122.11024949384009,47.48836546786339
b2b-all-83148412-109hdt-d-4-1667,50640,2166,3600,-122.11024949384009,47.48836546786339
b2b-all-83148412-109hdt-d-4-1668,50640,2166,3600,-122.11024949384009,47.48836546786339
b2b-all-83148412-109hdt-d-5-1669,50640,2166,3600,-122.11024949384009,47.48836546786339
b2b-all-83148412-109hdt-d-5-1670,50640,2166,3600,-122.11024949384009,47.48836546786339
b2b-all-83148412-109hdt-d-5-1671,50640,2166,3600,-122.11024949384009,47.48836546786339
b2b-all-83148412-109hdt-d-5-1672,50640,2166,3600,-122.11024949384009,47.48836546786339
b2b-all-83148412-109hdt-d-5-1673,50640,2166,3600,-122.11024949384009,47.48836546786339
b2b-all-83148412-109hdt-d-5-1674,50640,2166,3600,-122.11024949384009,47.48836546786339
b2b-all-83148412-109hdt-d-5-1675,50640,2166,3600,-122.11024949384009,47.48836546786339
b2b-all-83148412-109hdt-d-5-1676,50640,2166,3600,-122.11024949384009,47.48836546786339
b2b-all-83148412-109hdt-d-6-1677,50640,2166,3600,-122.11024949384009,47.48836546786339
b2b-all-83148412-109hdt-d-6-1678,50640,2166,3600,-122.11024949384009,47.48836546786339
b2b-all-83148412-109hdt-d-6-1679,50640,2166,3600,-122.11024949384009,47.48836546786339
b2b-all-83148412-109hdt-d-6-1680,50640,2166,3600,-122.11024949384009,47.48836546786339
b2b-all-83148412-109hdt-d-6-1681,50640,2166,3600,-122.11024949384009,47.48836546786339
b2b-all-83148412-109hdt-d-6-1682,50640,2166,3600,-122.11024949384009,47.48836546786339
b2b-all-83148412-109hdt-d-6-1683,50640,2166,3600,-122.11024949384009,47.48836546786339
b2b-all-83148412-109hdt-d-6-1684,50640,2166,3600,-122.11024949384009,47.48836546786339
b2b-all-83148412-109hdt-d-7-1685,50640,2166,3600,-122.11024949384009,47.48836546786339
b2b-all-83148412-109hdt-d-7-1686,50640,2166,3600,-122.11024949384009,47.48836546786339
b2b-all-83148412-110hdt-d-0-1687,21360,2166,3600,-122.11024949384009,47.48836546786339
b2b-all-83148412-110hdt-d-0-1688,21360,2166,3600,-122.11024949384009,47.48836546786339
b2b-all-83148412-110hdt-d-0-1689,21360,2166,3600,-122.11024949384009,47.48836546786339
b2b-all-83148412-110hdt-d-0-1690,25740,2166,3600,-122.11024949384009,47.48836546786339
b2b-all-83148412-110hdt-d-0-1691,21360,2166,3600,-122.11024949384009,47.48836546786339
b2b-all-83148412-110hdt-d-0-1692,21360,2166,3600,-122.11024949384009,47.48836546786339
b2b-all-83148412-110hdt-d-0-1693,25140,2166,3600,-122.11024949384009,47.48836546786339
b2b-all-83148412-110hdt-d-0-1694,26280,2166,3600,-122.11024949384009,47.48836546786339
b2b-all-83148412-110hdt-d-0-1695,22740,2166,3600,-122.11024949384009,47.48836546786339
b2b-all-83148412-110hdt-d-0-1696,21360,2166,3600,-122.11024949384009,47.48836546786339
b2b-all-83148412-110hdt-d-0-1697,21360,2166,3600,-122.11024949384009,47.48836546786339
b2b-all-83148412-110hdt-d-0-1698,21360,2166,3600,-122.11024949384009,47.48836546786339
b2b-all-83148412-110hdt-d-0-1699,21360,2166,3600,-122.11024949384009,47.48836546786339
b2b-all-83148412-110hdt-d-0-1700,21360,2166,3600,-122.11024949384009,47.48836546786339
b2b-all-83148412-110hdt-d-1-1701,28380,2166,3600,-122.11024949384009,47.48836546786339
b2b-all-83148412-110hdt-d-1-1702,22380,2166,3600,-122.11024949384009,47.48836546786339
b2b-all-83148412-110hdt-d-1-1703,25080,2166,3600,-122.11024949384009,47.48836546786339
b2b-all-83148412-110hdt-d-1-1704,28500,2166,3600,-122.11024949384009,47.48836546786339
b2b-all-83148412-110hdt-d-1-1705,22320,2166,3600,-122.11024949384009,47.48836546786339
b2b-all-83148412-110hdt-d-1-1706,21360,2166,3600,-122.11024949384009,47.48836546786339
b2b-all-83148412-110hdt-d-1-1707,21360,2166,3600,-122.11024949384009,47.48836546786339
b2b-all-83148412-110hdt-d-1-1708,26580,2166,3600,-122.11024949384009,47.48836546786339
b2b-all-83148412-110hdt-d-1-1709,21360,2166,3600,-122.11024949384009,47.48836546786339
b2b-all-83148412-110hdt-d-1-1710,27000,2166,3600,-122.11024949384009,47.48836546786339
b2b-all-83148412-110hdt-d-2-1711,21360,2166,3600,-122.11024949384009,47.48836546786339
b2b-all-83148412-110hdt-d-2-1712,26700,2166,3600,-122.11024949384009,47.48836546786339
b2b-all-83148412-110hdt-d-2-1713,21360,2166,3600,-122.11024949384009,47.48836546786339
b2b-all-83148412-110hdt-d-2-1714,22620,2166,3600,-122.11024949384009,47.48836546786339
b2b-all-83148412-110hdt-d-2-1715,21360,2166,3600,-122.11024949384009,47.48836546786339
b2b-all-83148412-110hdt-d-2-1716,25320,2166,3600,-122.11024949384009,47.48836546786339
b2b-all-83148412-110hdt-d-2-1717,27540,2166,3600,-122.11024949384009,47.48836546786339
b2b-all-83148412-110hdt-d-2-1718,21360,2166,3600,-122.11024949384009,47.48836546786339
b2b-all-2346717-1-0hdt-d-1719,48600,1823,3600,-122.47378001216111,47.42207303039815
b2b-all-2350682-1-1md-d-1720,24900,5885,3600,-123.12917480974409,44.98433170990787
b2b-all-2351629-1-2hdv-d-1721,20880,2339,3600,-121.67307124227273,47.40462726099915
b2b-all-2351633-2-3hdv-d-0-1722,31680,1609,3600,-122.11726461191763,47.58683723170777
b2b-all-2351633-2-3hdv-d-0-1723,27660,1609,3600,-122.11726461191763,47.58683723170777
b2b-all-2351633-2-3hdv-d-0-1724,31980,1609,3600,-122.11726461191763,47.58683723170777
b2b-all-2351633-2-3hdv-d-1-1725,35220,1609,3600,-122.11726461191763,47.58683723170777
b2b-all-2351646-1-4md-d-1726,26160,1740,3600,-122.16236755860407,47.463133179648615
b2b-all-2351648-1-5hdt-d-0-1727,42420,1186,3600,-122.35519185354984,47.62754975605928
b2b-all-2351648-1-5hdt-d-0-1728,42420,1186,3600,-122.35519185354984,47.62754975605928
b2b-all-2351648-1-5hdt-d-0-1729,42420,1186,3600,-122.35519185354984,47.62754975605928
b2b-all-2351648-1-5hdt-d-1-1730,42420,1186,3600,-122.35519185354984,47.62754975605928
b2b-all-2351648-1-5hdt-d-1-1731,42420,1186,3600,-122.35519185354984,47.62754975605928
b2b-all-2351648-1-5hdt-d-1-1732,42420,1186,3600,-122.35519185354984,47.62754975605928
b2b-all-2351648-1-5hdt-d-2-1733,42420,1186,3600,-122.35519185354984,47.62754975605928
b2b-all-2351649-1-6md-d-1734,36240,1300,3600,-122.3628998041582,47.57450002658864
b2b-all-2351649-1-7md-d-1735,19140,1300,3600,-122.3628998041582,47.57450002658864
b2b-all-2351651-1-8hdt-d-1736,30720,1911,3600,-122.2570261919422,47.3876105980391
b2b-all-2351651-1-8hdt-d-1737,29820,1911,3600,-122.2570261919422,47.3876105980391
b2b-all-2351655-1-9hdv-d-1738,37680,1109,3600,-122.33068214202784,47.662312139486026
b2b-all-2351657-1-10hdt-d-0-1739,28560,1368,3600,-122.34770126445518,47.51765126953151
b2b-all-2351657-1-10hdt-d-0-1740,27660,1368,3600,-122.34770126445518,47.51765126953151
b2b-all-2351657-1-10hdt-d-0-1741,29400,1368,3600,-122.34770126445518,47.51765126953151
b2b-all-2351657-1-10hdt-d-1-1742,25440,1368,3600,-122.34770126445518,47.51765126953151
b2b-all-2351657-1-10hdt-d-1-1743,26940,1368,3600,-122.34770126445518,47.51765126953151
b2b-all-2351657-1-10hdt-d-1-1744,18540,1368,3600,-122.34770126445518,47.51765126953151
b2b-all-2351657-1-10hdt-d-2-1745,33240,1368,3600,-122.34770126445518,47.51765126953151
b2b-all-2351657-1-10hdt-d-2-1746,27480,1368,3600,-122.34770126445518,47.51765126953151
b2b-all-2351657-1-10hdt-d-2-1747,27180,1368,3600,-122.34770126445518,47.51765126953151
b2b-all-2351657-1-10hdt-d-2-1748,35880,1368,3600,-122.34770126445518,47.51765126953151
b2b-all-2351657-1-10hdt-d-3-1749,30300,1368,3600,-122.34770126445518,47.51765126953151
b2b-all-2351657-1-10hdt-d-3-1750,27000,1368,3600,-122.34770126445518,47.51765126953151
b2b-all-2351657-1-10hdt-d-3-1751,35640,1368,3600,-122.34770126445518,47.51765126953151
b2b-all-2351657-1-10hdt-d-4-1752,33540,1368,3600,-122.34770126445518,47.51765126953151
b2b-all-2351657-1-11hdt-d-1753,28800,1368,3600,-122.34770126445518,47.51765126953151
b2b-all-2351657-1-11hdt-d-1754,28800,1368,3600,-122.34770126445518,47.51765126953151
b2b-all-2351657-1-11hdt-d-1755,30660,1368,3600,-122.34770126445518,47.51765126953151
b2b-all-2351657-1-11hdt-d-1756,28800,1368,3600,-122.34770126445518,47.51765126953151
b2b-all-2351657-1-11hdt-d-1757,28800,1368,3600,-122.34770126445518,47.51765126953151
b2b-all-2351657-1-11hdt-d-1758,28800,1368,3600,-122.34770126445518,47.51765126953151
b2b-all-2351676-1-12hdt-d-1759,28860,3854,3600,-122.3645144674494,48.26687162473969
b2b-all-2353850-1-13md-d-1760,51600,1522,3600,-122.22758255633856,47.7418576727831
b2b-all-2353850-1-13md-d-1761,51600,1522,3600,-122.22758255633856,47.7418576727831
b2b-all-2353852-2-14hdv-d-1762,25200,1969,3600,-122.22321202680224,47.3541329396785
b2b-all-2353852-2-15hdv-d-1763,22680,1969,3600,-122.22321202680224,47.3541329396785
b2b-all-2353852-2-15hdv-d-1764,22680,1969,3600,-122.22321202680224,47.3541329396785
b2b-all-2353852-2-15hdv-d-1765,22680,1969,3600,-122.22321202680224,47.3541329396785
b2b-all-2353852-2-15hdv-d-1766,22680,1969,3600,-122.22321202680224,47.3541329396785
b2b-all-2353852-2-15hdv-d-1767,22680,1969,3600,-122.22321202680224,47.3541329396785
b2b-all-2353853-1-16md-d-1768,41760,1321,3600,-122.28231304901988,47.56026900628806
b2b-all-2353857-1-17hdv-d-1769,55800,1888,3600,-122.29758792917924,47.387300940717445
b2b-all-2353857-1-17hdv-d-1770,55800,1888,3600,-122.29758792917924,47.387300940717445
b2b-all-2353858-1-18hdt-d-1771,36120,975,3600,-122.33352768185016,47.709060611493065
b2b-all-2353858-1-18hdt-d-1772,36120,975,3600,-122.33352768185016,47.709060611493065
b2b-all-2353858-1-19hdt-d-1773,54000,975,3600,-122.33352768185016,47.709060611493065
b2b-all-2353858-1-19hdt-d-1774,54000,975,3600,-122.33352768185016,47.709060611493065
b2b-all-2353858-1-19hdt-d-1775,54000,975,3600,-122.33352768185016,47.709060611493065
b2b-all-2353858-1-19hdt-d-1776,54000,975,3600,-122.33352768185016,47.709060611493065
b2b-all-2353858-1-19hdt-d-1777,54000,975,3600,-122.33352768185016,47.709060611493065
b2b-all-2353861-1-20md-d-0-1778,55800,2264,3600,-122.084005091657,47.66230636441794
b2b-all-2353861-1-20md-d-0-1779,55800,2264,3600,-122.084005091657,47.66230636441794
b2b-all-2353861-1-20md-d-0-1780,55800,2264,3600,-122.084005091657,47.66230636441794
b2b-all-2353861-1-20md-d-0-1781,55800,2264,3600,-122.084005091657,47.66230636441794
b2b-all-2353861-1-20md-d-0-1782,55800,2264,3600,-122.084005091657,47.66230636441794
b2b-all-2353861-1-20md-d-1-1783,55800,2264,3600,-122.084005091657,47.66230636441794
b2b-all-2353861-1-20md-d-1-1784,55800,2264,3600,-122.084005091657,47.66230636441794
b2b-all-2353861-1-20md-d-1-1785,55800,2264,3600,-122.084005091657,47.66230636441794
b2b-all-2353863-1-21hdt-d-0-1786,32820,1552,3600,-122.17893210796326,47.69311253216684
b2b-all-2353863-1-21hdt-d-0-1787,32820,1552,3600,-122.17893210796326,47.69311253216684
b2b-all-2353863-1-21hdt-d-0-1788,32820,1552,3600,-122.17893210796326,47.69311253216684
b2b-all-2353863-1-21hdt-d-1-1789,34500,1552,3600,-122.17893210796326,47.69311253216684
b2b-all-2353863-1-21hdt-d-1-1790,32820,1552,3600,-122.17893210796326,47.69311253216684
b2b-all-2353863-1-21hdt-d-1-1791,32820,1552,3600,-122.17893210796326,47.69311253216684
b2b-all-2353863-1-21hdt-d-2-1792,32820,1552,3600,-122.17893210796326,47.69311253216684
b2b-all-2353863-1-22hdt-d-1793,25080,1552,3600,-122.17893210796326,47.69311253216684
b2b-all-2353863-1-22hdt-d-1794,25080,1552,3600,-122.17893210796326,47.69311253216684
b2b-all-2353889-1-23hdv-d-1795,31320,3184,3600,-122.66808420396303,47.10635009599398
b2b-all-2353894-1-24md-d-1796,23220,2349,3600,-121.15890337079328,47.65183855784806
b2b-all-2354535-1-25md-d-1797,31440,1243,3600,-122.32733237032424,47.61331009230159
b2b-all-2354536-1-26md-d-1798,56340,1045,3600,-122.40590639184316,47.67941127640021
b2b-all-2354537-1-27md-d-1799,32460,1862,3600,-122.35250964153995,47.44561321270001
b2b-all-2354537-1-27hdt-d-1800,31260,1862,3600,-122.35250964153995,47.44561321270001
b2b-all-2354537-1-27hdv-d-1801,31260,1862,3600,-122.35250964153995,47.44561321270001
b2b-all-2354537-1-27hdv-d-1802,32700,1862,3600,-122.35250964153995,47.44561321270001
b2b-all-2354538-1-28md-d-1803,51000,1661,3600,-122.21970109773493,47.55171658814517
b2b-all-2354539-1-29md-d-1804,36600,1382,3600,-122.3859838666221,47.533021113507466
b2b-all-2354632-1-30md-d-1805,32280,5885,3600,-123.12917480974409,44.98433170990787
b2b-all-2354632-1-30hdt-d-1806,32280,5885,3600,-123.12917480974409,44.98433170990787
b2b-all-2354635-1-31hdt-d-1807,56460,2222,3600,-122.06793830388207,47.61735218017846
b2b-all-2354635-1-32hdt-d-1808,50400,2222,3600,-122.06793830388207,47.61735218017846
b2b-all-2355152-1-33md-d-1809,21900,5885,3600,-123.12917480974409,44.98433170990787
b2b-all-2355156-1-34md-d-1810,29220,5885,3600,-123.12917480974409,44.98433170990787
b2b-all-2355158-2-35hdt-d-1811,22320,5885,3600,-123.12917480974409,44.98433170990787
b2b-all-2355263-1-36hdv-d-1812,27360,1273,3600,-122.31661070520538,47.591192921026845
b2b-all-2355264-2-37hdt-d-0-1813,35280,2218,3600,-122.03355667587472,47.524825460915935
b2b-all-2355264-2-37hdt-d-0-1814,32940,2218,3600,-122.03355667587472,47.524825460915935
b2b-all-2355264-2-37hdt-d-0-1815,23640,2218,3600,-122.03355667587472,47.524825460915935
b2b-all-2355264-2-37hdt-d-1-1816,33540,2218,3600,-122.03355667587472,47.524825460915935
b2b-all-2355264-2-37hdt-d-1-1817,23640,2218,3600,-122.03355667587472,47.524825460915935
b2b-all-2355264-2-37hdt-d-1-1818,30960,2218,3600,-122.03355667587472,47.524825460915935
b2b-all-2355264-2-37hdt-d-2-1819,23640,2218,3600,-122.03355667587472,47.524825460915935
b2b-all-2355277-1-38hdt-d-1820,23040,5885,3600,-123.12917480974409,44.98433170990787
b2b-all-29408-3-39hdv-d-1821,33300,2143,3600,-122.0377352534788,47.3416408432525
b2b-all-29408-3-39hdv-d-1822,33300,2143,3600,-122.0377352534788,47.3416408432525
b2b-all-29408-3-39hdv-d-1823,33300,2143,3600,-122.0377352534788,47.3416408432525
b2b-all-29408-3-39hdv-d-1824,33300,2143,3600,-122.0377352534788,47.3416408432525
b2b-all-29408-3-39hdv-d-1825,33300,2143,3600,-122.0377352534788,47.3416408432525
b2b-all-29411-3-40hdt-d-0-1826,26040,3860,3600,-122.16669982272528,48.26526223933203
b2b-all-29411-3-40hdt-d-0-1827,26040,3860,3600,-122.16669982272528,48.26526223933203
b2b-all-29411-3-40hdt-d-0-1828,26040,3860,3600,-122.16669982272528,48.26526223933203
b2b-all-29411-3-40hdt-d-0-1829,26040,3860,3600,-122.16669982272528,48.26526223933203
b2b-all-29411-3-40hdt-d-0-1830,26400,3860,3600,-122.16669982272528,48.26526223933203
b2b-all-29411-3-40hdt-d-0-1831,26040,3860,3600,-122.16669982272528,48.26526223933203
b2b-all-29411-3-40hdt-d-0-1832,26040,3860,3600,-122.16669982272528,48.26526223933203
b2b-all-29411-3-40hdt-d-0-1833,26040,3860,3600,-122.16669982272528,48.26526223933203
b2b-all-29411-3-40hdt-d-0-1834,26040,3860,3600,-122.16669982272528,48.26526223933203
b2b-all-29411-3-40hdt-d-0-1835,26040,3860,3600,-122.16669982272528,48.26526223933203
b2b-all-29411-3-40hdt-d-0-1836,26040,3860,3600,-122.16669982272528,48.26526223933203
b2b-all-29411-3-40hdt-d-0-1837,26040,3860,3600,-122.16669982272528,48.26526223933203
b2b-all-29411-3-40hdt-d-0-1838,26040,3860,3600,-122.16669982272528,48.26526223933203
b2b-all-29411-3-40hdt-d-0-1839,26040,3860,3600,-122.16669982272528,48.26526223933203
b2b-all-29411-3-40hdt-d-0-1840,26040,3860,3600,-122.16669982272528,48.26526223933203
b2b-all-29411-3-40hdt-d-0-1841,26040,3860,3600,-122.16669982272528,48.26526223933203
b2b-all-29411-3-40hdt-d-0-1842,27360,3860,3600,-122.16669982272528,48.26526223933203
b2b-all-29411-3-40hdt-d-0-1843,26100,3860,3600,-122.16669982272528,48.26526223933203
b2b-all-29411-3-40hdt-d-0-1844,26640,3860,3600,-122.16669982272528,48.26526223933203
b2b-all-29411-3-40hdt-d-0-1845,26040,3860,3600,-122.16669982272528,48.26526223933203
b2b-all-29411-3-40hdt-d-1-1846,26040,3860,3600,-122.16669982272528,48.26526223933203
b2b-all-29411-3-40hdt-d-1-1847,26040,3860,3600,-122.16669982272528,48.26526223933203
b2b-all-29411-3-40hdt-d-1-1848,26040,3860,3600,-122.16669982272528,48.26526223933203
b2b-all-29411-3-40hdt-d-1-1849,26040,3860,3600,-122.16669982272528,48.26526223933203
b2b-all-29411-3-40hdt-d-1-1850,26040,3860,3600,-122.16669982272528,48.26526223933203
b2b-all-29411-3-40hdt-d-1-1851,26040,3860,3600,-122.16669982272528,48.26526223933203
b2b-all-29411-3-40hdt-d-1-1852,26040,3860,3600,-122.16669982272528,48.26526223933203
b2b-all-29411-3-40hdt-d-1-1853,27780,3860,3600,-122.16669982272528,48.26526223933203
b2b-all-29411-3-40hdt-d-1-1854,26040,3860,3600,-122.16669982272528,48.26526223933203
b2b-all-29411-3-40hdt-d-1-1855,26520,3860,3600,-122.16669982272528,48.26526223933203
b2b-all-29411-3-40hdt-d-1-1856,27720,3860,3600,-122.16669982272528,48.26526223933203
b2b-all-29411-3-40hdt-d-1-1857,26040,3860,3600,-122.16669982272528,48.26526223933203
b2b-all-29411-3-40hdt-d-1-1858,26040,3860,3600,-122.16669982272528,48.26526223933203
b2b-all-29411-3-40hdt-d-1-1859,26040,3860,3600,-122.16669982272528,48.26526223933203
b2b-all-29411-3-40hdt-d-1-1860,26040,3860,3600,-122.16669982272528,48.26526223933203
b2b-all-29411-3-40hdt-d-1-1861,26040,3860,3600,-122.16669982272528,48.26526223933203
b2b-all-29411-3-40hdt-d-1-1862,26040,3860,3600,-122.16669982272528,48.26526223933203
b2b-all-29411-3-40hdt-d-1-1863,26040,3860,3600,-122.16669982272528,48.26526223933203
b2b-all-29411-3-40hdt-d-1-1864,26040,3860,3600,-122.16669982272528,48.26526223933203
b2b-all-29411-3-40hdt-d-1-1865,26040,3860,3600,-122.16669982272528,48.26526223933203
b2b-all-29411-3-40hdt-d-2-1866,26040,3860,3600,-122.16669982272528,48.26526223933203
b2b-all-29411-3-40hdt-d-2-1867,26040,3860,3600,-122.16669982272528,48.26526223933203
b2b-all-29411-3-40hdt-d-2-1868,26040,3860,3600,-122.16669982272528,48.26526223933203
b2b-all-29411-3-40hdt-d-2-1869,28560,3860,3600,-122.16669982272528,48.26526223933203
b2b-all-29411-3-40hdt-d-2-1870,26040,3860,3600,-122.16669982272528,48.26526223933203
b2b-all-29411-3-40hdt-d-2-1871,26040,3860,3600,-122.16669982272528,48.26526223933203
b2b-all-29411-3-40hdt-d-2-1872,26040,3860,3600,-122.16669982272528,48.26526223933203
b2b-all-29411-3-40hdt-d-2-1873,26040,3860,3600,-122.16669982272528,48.26526223933203
b2b-all-29411-3-40hdt-d-2-1874,26040,3860,3600,-122.16669982272528,48.26526223933203
b2b-all-29411-3-40hdt-d-2-1875,26820,3860,3600,-122.16669982272528,48.26526223933203
b2b-all-29411-3-40hdt-d-2-1876,26040,3860,3600,-122.16669982272528,48.26526223933203
b2b-all-29411-3-40hdt-d-2-1877,26040,3860,3600,-122.16669982272528,48.26526223933203
b2b-all-29411-3-40hdt-d-2-1878,26040,3860,3600,-122.16669982272528,48.26526223933203
b2b-all-29411-3-40hdt-d-3-1879,26040,3860,3600,-122.16669982272528,48.26526223933203
b2b-all-29411-3-40hdt-d-3-1880,26040,3860,3600,-122.16669982272528,48.26526223933203
b2b-all-29411-3-40hdt-d-3-1881,26040,3860,3600,-122.16669982272528,48.26526223933203
b2b-all-29411-3-40hdt-d-3-1882,26040,3860,3600,-122.16669982272528,48.26526223933203
b2b-all-29411-3-40hdt-d-3-1883,26040,3860,3600,-122.16669982272528,48.26526223933203
b2b-all-29411-3-40hdt-d-3-1884,26040,3860,3600,-122.16669982272528,48.26526223933203
b2b-all-29411-3-40hdt-d-3-1885,26040,3860,3600,-122.16669982272528,48.26526223933203
b2b-all-29411-3-40hdt-d-3-1886,26040,3860,3600,-122.16669982272528,48.26526223933203
b2b-all-29411-3-40hdt-d-3-1887,26040,3860,3600,-122.16669982272528,48.26526223933203
b2b-all-29411-3-40hdt-d-3-1888,26040,3860,3600,-122.16669982272528,48.26526223933203
b2b-all-29411-3-40hdt-d-4-1889,26040,3860,3600,-122.16669982272528,48.26526223933203
b2b-all-29411-3-40hdt-d-4-1890,26040,3860,3600,-122.16669982272528,48.26526223933203
b2b-all-29411-3-40hdt-d-4-1891,27060,3860,3600,-122.16669982272528,48.26526223933203
b2b-all-29411-3-40hdt-d-4-1892,26040,3860,3600,-122.16669982272528,48.26526223933203
b2b-all-29411-3-40hdt-d-4-1893,26040,3860,3600,-122.16669982272528,48.26526223933203
b2b-all-29411-4-41hdv-d-0-1894,21000,3860,3600,-122.16669982272528,48.26526223933203
b2b-all-29411-4-41hdv-d-0-1895,18780,3860,3600,-122.16669982272528,48.26526223933203
b2b-all-29411-4-41hdv-d-0-1896,17100,3860,3600,-122.16669982272528,48.26526223933203
b2b-all-29411-4-41hdv-d-0-1897,27900,3860,3600,-122.16669982272528,48.26526223933203
b2b-all-29411-4-41hdv-d-0-1898,23820,3860,3600,-122.16669982272528,48.26526223933203
b2b-all-29411-4-41hdv-d-0-1899,16620,3860,3600,-122.16669982272528,48.26526223933203
b2b-all-29411-4-41hdv-d-0-1900,21000,3860,3600,-122.16669982272528,48.26526223933203
b2b-all-29411-4-41hdv-d-0-1901,20700,3860,3600,-122.16669982272528,48.26526223933203
b2b-all-29411-4-41hdv-d-0-1902,23160,3860,3600,-122.16669982272528,48.26526223933203
b2b-all-29411-4-41hdv-d-0-1903,16020,3860,3600,-122.16669982272528,48.26526223933203
b2b-all-29411-4-41hdv-d-0-1904,14220,3860,3600,-122.16669982272528,48.26526223933203
b2b-all-29411-4-41hdv-d-0-1905,20700,3860,3600,-122.16669982272528,48.26526223933203
b2b-all-29411-4-41hdv-d-0-1906,21300,3860,3600,-122.16669982272528,48.26526223933203
b2b-all-29411-4-41hdv-d-0-1907,20160,3860,3600,-122.16669982272528,48.26526223933203
b2b-all-29411-4-41hdv-d-0-1908,14220,3860,3600,-122.16669982272528,48.26526223933203
b2b-all-29411-4-41hdv-d-0-1909,14220,3860,3600,-122.16669982272528,48.26526223933203
b2b-all-29411-4-41hdv-d-0-1910,28620,3860,3600,-122.16669982272528,48.26526223933203
b2b-all-29411-4-41hdv-d-0-1911,14220,3860,3600,-122.16669982272528,48.26526223933203
b2b-all-29411-4-41hdv-d-0-1912,18420,3860,3600,-122.16669982272528,48.26526223933203
b2b-all-29411-4-41hdv-d-0-1913,14220,3860,3600,-122.16669982272528,48.26526223933203
b2b-all-29411-4-41hdv-d-1-1914,25680,3860,3600,-122.16669982272528,48.26526223933203
b2b-all-29411-4-41hdv-d-1-1915,22440,3860,3600,-122.16669982272528,48.26526223933203
b2b-all-29411-4-41hdv-d-1-1916,23100,3860,3600,-122.16669982272528,48.26526223933203
b2b-all-29411-4-41hdv-d-1-1917,27780,3860,3600,-122.16669982272528,48.26526223933203
b2b-all-29411-4-41hdv-d-1-1918,27960,3860,3600,-122.16669982272528,48.26526223933203
b2b-all-29411-4-41hdv-d-1-1919,15720,3860,3600,-122.16669982272528,48.26526223933203
b2b-all-29411-4-41hdv-d-1-1920,18060,3860,3600,-122.16669982272528,48.26526223933203
b2b-all-29411-4-41hdv-d-1-1921,14220,3860,3600,-122.16669982272528,48.26526223933203
b2b-all-29411-4-41hdv-d-1-1922,22320,3860,3600,-122.16669982272528,48.26526223933203
b2b-all-29411-4-41hdv-d-1-1923,21360,3860,3600,-122.16669982272528,48.26526223933203
b2b-all-29411-4-41hdv-d-1-1924,21240,3860,3600,-122.16669982272528,48.26526223933203
b2b-all-29411-4-41hdv-d-1-1925,19920,3860,3600,-122.16669982272528,48.26526223933203
b2b-all-29411-4-41hdv-d-1-1926,25500,3860,3600,-122.16669982272528,48.26526223933203
b2b-all-29411-4-41hdv-d-1-1927,24900,3860,3600,-122.16669982272528,48.26526223933203
b2b-all-29411-4-41hdv-d-1-1928,21660,3860,3600,-122.16669982272528,48.26526223933203
b2b-all-29411-4-41hdv-d-1-1929,29940,3860,3600,-122.16669982272528,48.26526223933203
b2b-all-29411-4-41hdv-d-2-1930,22200,3860,3600,-122.16669982272528,48.26526223933203
b2b-all-29411-4-41hdv-d-2-1931,20880,3860,3600,-122.16669982272528,48.26526223933203
b2b-all-29411-4-41hdv-d-2-1932,15600,3860,3600,-122.16669982272528,48.26526223933203
b2b-all-29411-4-41hdv-d-2-1933,16860,3860,3600,-122.16669982272528,48.26526223933203
b2b-all-29411-4-41hdv-d-2-1934,28500,3860,3600,-122.16669982272528,48.26526223933203
b2b-all-29411-4-41hdv-d-2-1935,14220,3860,3600,-122.16669982272528,48.26526223933203
b2b-all-29411-4-41hdv-d-2-1936,20820,3860,3600,-122.16669982272528,48.26526223933203
b2b-all-29411-4-41hdv-d-2-1937,23520,3860,3600,-122.16669982272528,48.26526223933203
b2b-all-29411-4-41hdv-d-2-1938,16980,3860,3600,-122.16669982272528,48.26526223933203
b2b-all-29411-4-41hdv-d-2-1939,21180,3860,3600,-122.16669982272528,48.26526223933203
b2b-all-29411-4-41hdv-d-3-1940,24120,3860,3600,-122.16669982272528,48.26526223933203
b2b-all-29411-4-41hdv-d-3-1941,18120,3860,3600,-122.16669982272528,48.26526223933203
b2b-all-29734-1-42md-d-0-1942,52380,2050,3600,-122.31139650734376,47.30115681901695
b2b-all-29734-1-42md-d-0-1943,52380,2050,3600,-122.31139650734376,47.30115681901695
b2b-all-29734-1-42md-d-0-1944,52380,2050,3600,-122.31139650734376,47.30115681901695
b2b-all-29734-1-42md-d-0-1945,52380,2050,3600,-122.31139650734376,47.30115681901695
b2b-all-29734-1-42md-d-0-1946,52380,2050,3600,-122.31139650734376,47.30115681901695
b2b-all-29734-1-42md-d-0-1947,52380,2050,3600,-122.31139650734376,47.30115681901695
b2b-all-29734-1-42md-d-0-1948,52380,2050,3600,-122.31139650734376,47.30115681901695
b2b-all-29734-1-42md-d-0-1949,52380,2050,3600,-122.31139650734376,47.30115681901695
b2b-all-29734-1-42md-d-0-1950,52380,2050,3600,-122.31139650734376,47.30115681901695
b2b-all-29734-1-42md-d-0-1951,52380,2050,3600,-122.31139650734376,47.30115681901695
b2b-all-29734-1-42md-d-0-1952,52380,2050,3600,-122.31139650734376,47.30115681901695
b2b-all-29734-1-42md-d-0-1953,52380,2050,3600,-122.31139650734376,47.30115681901695
b2b-all-29734-1-42md-d-0-1954,52380,2050,3600,-122.31139650734376,47.30115681901695
b2b-all-29734-1-42md-d-0-1955,52380,2050,3600,-122.31139650734376,47.30115681901695
b2b-all-29734-1-42md-d-0-1956,52380,2050,3600,-122.31139650734376,47.30115681901695
b2b-all-29734-1-42md-d-0-1957,52380,2050,3600,-122.31139650734376,47.30115681901695
b2b-all-29734-1-42md-d-0-1958,52380,2050,3600,-122.31139650734376,47.30115681901695
b2b-all-29734-1-42md-d-0-1959,52380,2050,3600,-122.31139650734376,47.30115681901695
b2b-all-29734-1-42md-d-0-1960,52380,2050,3600,-122.31139650734376,47.30115681901695
b2b-all-29734-1-42md-d-0-1961,52380,2050,3600,-122.31139650734376,47.30115681901695
b2b-all-29734-1-42md-d-1-1962,52380,2050,3600,-122.31139650734376,47.30115681901695
b2b-all-29734-1-42md-d-1-1963,52380,2050,3600,-122.31139650734376,47.30115681901695
b2b-all-29734-1-42md-d-1-1964,52380,2050,3600,-122.31139650734376,47.30115681901695
b2b-all-29734-1-42md-d-1-1965,52380,2050,3600,-122.31139650734376,47.30115681901695
b2b-all-29734-1-42md-d-1-1966,52380,2050,3600,-122.31139650734376,47.30115681901695
b2b-all-29734-1-42md-d-1-1967,52380,2050,3600,-122.31139650734376,47.30115681901695
b2b-all-29734-1-42md-d-1-1968,52380,2050,3600,-122.31139650734376,47.30115681901695
b2b-all-29734-1-42md-d-1-1969,52380,2050,3600,-122.31139650734376,47.30115681901695
b2b-all-29734-1-42hdv-d-1970,52380,2050,3600,-122.31139650734376,47.30115681901695
b2b-all-29734-1-42hdv-d-1971,52380,2050,3600,-122.31139650734376,47.30115681901695
b2b-all-29734-1-42hdv-d-1972,52380,2050,3600,-122.31139650734376,47.30115681901695
b2b-all-29734-1-42hdv-d-1973,52380,2050,3600,-122.31139650734376,47.30115681901695
b2b-all-29734-1-42hdv-d-1974,52380,2050,3600,-122.31139650734376,47.30115681901695
b2b-all-29734-1-43md-d-1975,25680,2050,3600,-122.31139650734376,47.30115681901695
b2b-all-29734-1-43md-d-1976,25680,2050,3600,-122.31139650734376,47.30115681901695
b2b-all-29734-1-43md-d-1977,25680,2050,3600,-122.31139650734376,47.30115681901695
b2b-all-29734-1-43md-d-1978,25680,2050,3600,-122.31139650734376,47.30115681901695
b2b-all-29734-1-43md-d-1979,25680,2050,3600,-122.31139650734376,47.30115681901695
b2b-all-29734-1-43md-d-1980,25680,2050,3600,-122.31139650734376,47.30115681901695
b2b-all-29734-1-43md-d-1981,25680,2050,3600,-122.31139650734376,47.30115681901695
b2b-all-29734-3-44hdt-d-1982,45900,2050,3600,-122.31139650734376,47.30115681901695
b2b-all-29734-3-44hdt-d-1983,45900,2050,3600,-122.31139650734376,47.30115681901695
b2b-all-29734-3-44hdt-d-1984,45900,2050,3600,-122.31139650734376,47.30115681901695
b2b-all-29734-3-44hdt-d-1985,45900,2050,3600,-122.31139650734376,47.30115681901695
b2b-all-29734-3-44hdt-d-1986,45900,2050,3600,-122.31139650734376,47.30115681901695
b2b-all-29734-3-44hdt-d-1987,45900,2050,3600,-122.31139650734376,47.30115681901695
b2b-all-29734-3-44hdt-d-1988,45900,2050,3600,-122.31139650734376,47.30115681901695
b2b-all-29734-3-44hdt-d-1989,45900,2050,3600,-122.31139650734376,47.30115681901695
b2b-all-29734-3-44hdt-d-1990,45900,2050,3600,-122.31139650734376,47.30115681901695
b2b-all-29734-3-44hdt-d-1991,45900,2050,3600,-122.31139650734376,47.30115681901695
b2b-all-29734-3-44hdt-d-1992,45900,2050,3600,-122.31139650734376,47.30115681901695
b2b-all-29734-3-44hdt-d-1993,45900,2050,3600,-122.31139650734376,47.30115681901695
b2b-all-29734-3-45hdt-d-1994,26280,2050,3600,-122.31139650734376,47.30115681901695
b2b-all-29734-3-45hdt-d-1995,26280,2050,3600,-122.31139650734376,47.30115681901695
b2b-all-29734-3-45hdt-d-1996,26280,2050,3600,-122.31139650734376,47.30115681901695
b2b-all-29734-3-45hdt-d-1997,26280,2050,3600,-122.31139650734376,47.30115681901695
b2b-all-29734-3-45hdt-d-1998,26280,2050,3600,-122.31139650734376,47.30115681901695
b2b-all-29734-3-45hdt-d-1999,26280,2050,3600,-122.31139650734376,47.30115681901695
b2b-all-29735-3-46hdt-d-2000,23280,3191,3600,-122.48240942711132,47.05796598200305
b2b-all-29735-3-46hdt-d-2001,24540,3191,3600,-122.48240942711132,47.05796598200305
b2b-all-29736-3-47hdt-d-0-2002,24000,3191,3600,-122.48240942711132,47.05796598200305
b2b-all-29736-3-47hdt-d-0-2003,24000,3191,3600,-122.48240942711132,47.05796598200305
b2b-all-29736-3-47hdt-d-0-2004,24000,3191,3600,-122.48240942711132,47.05796598200305
b2b-all-29736-3-47hdt-d-0-2005,24000,3191,3600,-122.48240942711132,47.05796598200305
b2b-all-29736-3-47hdt-d-0-2006,24000,3191,3600,-122.48240942711132,47.05796598200305
b2b-all-29736-3-47hdt-d-0-2007,24000,3191,3600,-122.48240942711132,47.05796598200305
b2b-all-29736-3-47hdt-d-0-2008,24000,3191,3600,-122.48240942711132,47.05796598200305
b2b-all-29736-3-47hdt-d-0-2009,24000,3191,3600,-122.48240942711132,47.05796598200305
b2b-all-29736-3-47hdt-d-0-2010,24000,3191,3600,-122.48240942711132,47.05796598200305
b2b-all-29736-3-47hdt-d-0-2011,24000,3191,3600,-122.48240942711132,47.05796598200305
b2b-all-29736-3-47hdt-d-0-2012,24000,3191,3600,-122.48240942711132,47.05796598200305
b2b-all-29736-3-47hdt-d-0-2013,24000,3191,3600,-122.48240942711132,47.05796598200305
b2b-all-29736-3-47hdt-d-0-2014,24000,3191,3600,-122.48240942711132,47.05796598200305
b2b-all-29736-3-47hdt-d-0-2015,28020,3191,3600,-122.48240942711132,47.05796598200305
b2b-all-29736-3-47hdt-d-0-2016,26040,3191,3600,-122.48240942711132,47.05796598200305
b2b-all-29736-3-47hdt-d-0-2017,24000,3191,3600,-122.48240942711132,47.05796598200305
b2b-all-29736-3-47hdt-d-1-2018,24000,3191,3600,-122.48240942711132,47.05796598200305
b2b-all-29736-3-47hdt-d-1-2019,25980,3191,3600,-122.48240942711132,47.05796598200305
b2b-all-29737-2-48md-d-2020,30720,3179,3600,-122.74810938133588,47.29621087392292
b2b-all-29737-2-48md-d-2021,28620,3179,3600,-122.74810938133588,47.29621087392292
b2b-all-29737-2-48md-d-2022,21180,3179,3600,-122.74810938133588,47.29621087392292
b2b-all-29737-2-48md-d-2023,22020,3179,3600,-122.74810938133588,47.29621087392292
b2b-all-29737-2-48md-d-2024,13800,3179,3600,-122.74810938133588,47.29621087392292
b2b-all-29737-2-48md-d-2025,24660,3179,3600,-122.74810938133588,47.29621087392292
b2b-all-29737-2-48md-d-2026,17640,3179,3600,-122.74810938133588,47.29621087392292
b2b-all-29737-2-48hdv-d-2027,18720,3179,3600,-122.74810938133588,47.29621087392292
b2b-all-29737-2-48hdv-d-2028,31320,3179,3600,-122.74810938133588,47.29621087392292
b2b-all-29738-4-49hdv-d-2029,19260,3873,3600,-121.9994733158405,48.22073751051053
b2b-all-29738-4-49hdv-d-2030,19380,3873,3600,-121.9994733158405,48.22073751051053
b2b-all-29738-4-49hdv-d-2031,22500,3873,3600,-121.9994733158405,48.22073751051053
b2b-all-29738-4-49hdv-d-2032,16080,3873,3600,-121.9994733158405,48.22073751051053
b2b-all-29738-4-49hdv-d-2033,21840,3873,3600,-121.9994733158405,48.22073751051053
b2b-all-31362-2-50hdv-d-2034,41280,2386,3600,-122.55991639490988,47.886230772663865
b2b-all-31362-2-50hdv-d-2035,41280,2386,3600,-122.55991639490988,47.886230772663865
b2b-all-31367-3-51hdt-d-2036,55800,1236,3600,-122.33420666749213,47.61018219413791
b2b-all-31367-3-51hdt-d-2037,55800,1236,3600,-122.33420666749213,47.61018219413791
b2b-all-31369-1-52md-d-2038,30180,2263,3600,-122.11334643060474,47.666327029961856
b2b-all-31369-1-52md-d-2039,30780,2263,3600,-122.11334643060474,47.666327029961856
b2b-all-31369-1-52md-d-2040,29580,2263,3600,-122.11334643060474,47.666327029961856
b2b-all-31369-1-52md-d-2041,26580,2263,3600,-122.11334643060474,47.666327029961856
b2b-all-31369-1-52md-d-2042,27120,2263,3600,-122.11334643060474,47.666327029961856
b2b-all-31369-1-52md-d-2043,26340,2263,3600,-122.11334643060474,47.666327029961856
b2b-all-31369-1-52md-d-2044,26340,2263,3600,-122.11334643060474,47.666327029961856
b2b-all-31369-1-52md-d-2045,29640,2263,3600,-122.11334643060474,47.666327029961856
b2b-all-31369-1-52md-d-2046,26340,2263,3600,-122.11334643060474,47.666327029961856
b2b-all-31369-1-52md-d-2047,26340,2263,3600,-122.11334643060474,47.666327029961856
b2b-all-31369-1-52md-d-2048,26340,2263,3600,-122.11334643060474,47.666327029961856
b2b-all-31369-1-52md-d-2049,26340,2263,3600,-122.11334643060474,47.666327029961856
b2b-all-31369-1-52md-d-2050,26340,2263,3600,-122.11334643060474,47.666327029961856
b2b-all-31369-1-52md-d-2051,26340,2263,3600,-122.11334643060474,47.666327029961856
b2b-all-31369-1-52hdt-d-2052,26340,2263,3600,-122.11334643060474,47.666327029961856
b2b-all-31369-1-52hdt-d-2053,26340,2263,3600,-122.11334643060474,47.666327029961856
b2b-all-31375-1-53md-d-2054,25320,3179,3600,-122.74810938133588,47.29621087392292
b2b-all-31375-1-53md-d-2055,25320,3179,3600,-122.74810938133588,47.29621087392292
b2b-all-31375-1-53md-d-2056,25320,3179,3600,-122.74810938133588,47.29621087392292
b2b-all-31375-1-53md-d-2057,25320,3179,3600,-122.74810938133588,47.29621087392292
b2b-all-31375-1-53md-d-2058,25320,3179,3600,-122.74810938133588,47.29621087392292
b2b-all-31375-1-53md-d-2059,29100,3179,3600,-122.74810938133588,47.29621087392292
b2b-all-31375-1-53md-d-2060,25320,3179,3600,-122.74810938133588,47.29621087392292
b2b-all-31380-2-54hdv-d-2061,34080,3873,3600,-121.9994733158405,48.22073751051053
b2b-all-31380-2-54hdv-d-2062,34080,3873,3600,-121.9994733158405,48.22073751051053
b2b-all-31380-4-55hdv-d-2063,28320,3873,3600,-121.9994733158405,48.22073751051053
b2b-all-31380-4-55hdv-d-2064,27720,3873,3600,-121.9994733158405,48.22073751051053
b2b-all-6594494-1-56md-d-2065,24300,3854,3600,-122.3645144674494,48.26687162473969
b2b-all-6594494-1-56md-d-2066,23700,3854,3600,-122.3645144674494,48.26687162473969
b2b-all-6594494-1-56md-d-2067,27900,3854,3600,-122.3645144674494,48.26687162473969
b2b-all-6594494-1-56md-d-2068,26100,3854,3600,-122.3645144674494,48.26687162473969
b2b-all-6594494-1-56md-d-2069,29460,3854,3600,-122.3645144674494,48.26687162473969
b2b-all-6594494-1-56md-d-2070,14760,3854,3600,-122.3645144674494,48.26687162473969
b2b-all-6594494-1-56md-d-2071,29700,3854,3600,-122.3645144674494,48.26687162473969
b2b-all-6594500-1-57md-d-0-2072,16800,3197,3600,-122.55543086783818,46.97068385449165
b2b-all-6594500-1-57md-d-0-2073,21960,3197,3600,-122.55543086783818,46.97068385449165
b2b-all-6594500-1-57md-d-0-2074,19560,3197,3600,-122.55543086783818,46.97068385449165
b2b-all-6594500-1-57md-d-0-2075,15360,3197,3600,-122.55543086783818,46.97068385449165
b2b-all-6594500-1-57md-d-0-2076,15360,3197,3600,-122.55543086783818,46.97068385449165
b2b-all-6594500-1-57md-d-0-2077,18600,3197,3600,-122.55543086783818,46.97068385449165
b2b-all-6594500-1-57md-d-0-2078,15360,3197,3600,-122.55543086783818,46.97068385449165
b2b-all-6594500-1-57md-d-0-2079,16860,3197,3600,-122.55543086783818,46.97068385449165
b2b-all-6594500-1-57md-d-0-2080,18720,3197,3600,-122.55543086783818,46.97068385449165
b2b-all-6594500-1-57md-d-0-2081,15360,3197,3600,-122.55543086783818,46.97068385449165
b2b-all-6594500-1-57md-d-0-2082,27960,3197,3600,-122.55543086783818,46.97068385449165
b2b-all-6594500-1-57md-d-0-2083,24360,3197,3600,-122.55543086783818,46.97068385449165
b2b-all-6594500-1-57md-d-0-2084,17160,3197,3600,-122.55543086783818,46.97068385449165
b2b-all-6594500-1-57md-d-0-2085,15360,3197,3600,-122.55543086783818,46.97068385449165
b2b-all-6594500-1-57md-d-0-2086,22560,3197,3600,-122.55543086783818,46.97068385449165
b2b-all-6594500-1-57md-d-0-2087,24540,3197,3600,-122.55543086783818,46.97068385449165
b2b-all-6594500-1-57md-d-0-2088,24360,3197,3600,-122.55543086783818,46.97068385449165
b2b-all-6594500-1-57md-d-0-2089,15360,3197,3600,-122.55543086783818,46.97068385449165
b2b-all-6594500-1-57md-d-0-2090,17160,3197,3600,-122.55543086783818,46.97068385449165
b2b-all-6594500-1-57md-d-0-2091,15360,3197,3600,-122.55543086783818,46.97068385449165
b2b-all-6594500-1-57md-d-1-2092,25440,3197,3600,-122.55543086783818,46.97068385449165
b2b-all-6594500-1-57md-d-1-2093,22260,3197,3600,-122.55543086783818,46.97068385449165
b2b-all-6594500-1-57md-d-1-2094,19680,3197,3600,-122.55543086783818,46.97068385449165
b2b-all-6594500-1-57md-d-1-2095,15360,3197,3600,-122.55543086783818,46.97068385449165
b2b-all-6594500-1-57md-d-1-2096,15360,3197,3600,-122.55543086783818,46.97068385449165
b2b-all-6594500-1-57md-d-1-2097,15360,3197,3600,-122.55543086783818,46.97068385449165
b2b-all-6594500-1-57md-d-1-2098,17460,3197,3600,-122.55543086783818,46.97068385449165
b2b-all-6594500-1-57md-d-1-2099,15360,3197,3600,-122.55543086783818,46.97068385449165
b2b-all-6594500-1-57md-d-1-2100,27060,3197,3600,-122.55543086783818,46.97068385449165
b2b-all-6594500-1-57md-d-1-2101,19080,3197,3600,-122.55543086783818,46.97068385449165
b2b-all-6594500-1-57md-d-1-2102,16260,3197,3600,-122.55543086783818,46.97068385449165
b2b-all-6594500-1-57md-d-1-2103,15900,3197,3600,-122.55543086783818,46.97068385449165
b2b-all-6594500-1-57md-d-1-2104,24660,3197,3600,-122.55543086783818,46.97068385449165
b2b-all-6594500-1-57md-d-1-2105,15660,3197,3600,-122.55543086783818,46.97068385449165
b2b-all-6594500-1-57md-d-1-2106,22080,3197,3600,-122.55543086783818,46.97068385449165
b2b-all-6594500-1-57md-d-1-2107,28260,3197,3600,-122.55543086783818,46.97068385449165
b2b-all-6594500-1-57md-d-1-2108,15780,3197,3600,-122.55543086783818,46.97068385449165
b2b-all-6594500-1-57md-d-1-2109,24000,3197,3600,-122.55543086783818,46.97068385449165
b2b-all-6594500-1-57md-d-2-2110,24900,3197,3600,-122.55543086783818,46.97068385449165
b2b-all-6594500-2-58md-d-2111,35040,3197,3600,-122.55543086783818,46.97068385449165
b2b-all-6594500-2-58md-d-2112,35040,3197,3600,-122.55543086783818,46.97068385449165
b2b-all-6594500-2-58md-d-2113,35040,3197,3600,-122.55543086783818,46.97068385449165
b2b-all-6594500-2-58md-d-2114,35040,3197,3600,-122.55543086783818,46.97068385449165
b2b-all-6594500-2-58md-d-2115,35040,3197,3600,-122.55543086783818,46.97068385449165
b2b-all-6594500-2-58md-d-2116,35040,3197,3600,-122.55543086783818,46.97068385449165
b2b-all-6594500-2-58md-d-2117,35040,3197,3600,-122.55543086783818,46.97068385449165
b2b-all-6594500-2-58hdt-d-2118,35040,3197,3600,-122.55543086783818,46.97068385449165
b2b-all-6594500-2-58hdt-d-2119,35040,3197,3600,-122.55543086783818,46.97068385449165
b2b-all-6594500-2-58hdv-d-2120,35040,3197,3600,-122.55543086783818,46.97068385449165
b2b-all-6594500-2-58hdv-d-2121,35040,3197,3600,-122.55543086783818,46.97068385449165
b2b-all-6594500-2-58hdv-d-2122,35040,3197,3600,-122.55543086783818,46.97068385449165
b2b-all-6596823-3-59hdt-d-2123,34800,3179,3600,-122.74810938133588,47.29621087392292
b2b-all-6596823-3-59hdt-d-2124,34800,3179,3600,-122.74810938133588,47.29621087392292
b2b-all-6596823-3-59hdt-d-2125,34800,3179,3600,-122.74810938133588,47.29621087392292
b2b-all-6596823-3-59hdt-d-2126,34800,3179,3600,-122.74810938133588,47.29621087392292
b2b-all-6596823-3-59hdt-d-2127,34800,3179,3600,-122.74810938133588,47.29621087392292
b2b-all-6596823-3-59hdt-d-2128,34800,3179,3600,-122.74810938133588,47.29621087392292
b2b-all-6596823-3-59hdt-d-2129,34800,3179,3600,-122.74810938133588,47.29621087392292
b2b-all-6596823-3-59hdt-d-2130,34800,3179,3600,-122.74810938133588,47.29621087392292
b2b-all-6596823-3-59hdt-d-2131,34800,3179,3600,-122.74810938133588,47.29621087392292
b2b-all-6654807-2-60md-d-2132,54960,1969,3600,-122.22832644581368,47.35984575339472
b2b-all-6654807-2-60md-d-2133,54960,1969,3600,-122.22832644581368,47.35984575339472
b2b-all-6654807-2-60md-d-2134,54960,1969,3600,-122.22832644581368,47.35984575339472
b2b-all-6654807-2-60md-d-2135,54960,1969,3600,-122.22832644581368,47.35984575339472
b2b-all-6654807-2-60md-d-2136,54960,1969,3600,-122.22832644581368,47.35984575339472
b2b-all-6654807-2-60md-d-2137,54960,1969,3600,-122.22832644581368,47.35984575339472
b2b-all-6654807-2-60md-d-2138,54960,1969,3600,-122.22832644581368,47.35984575339472
b2b-all-6654808-4-61hdv-d-2139,48120,1856,3600,-122.33082827900058,47.440846488625496
b2b-all-6654808-4-61hdv-d-2140,48120,1856,3600,-122.33082827900058,47.440846488625496
b2b-all-6655260-4-62hdv-d-2141,28860,3873,3600,-121.9994733158405,48.22073751051053
b2b-all-6655260-4-62hdv-d-2142,25860,3873,3600,-121.9994733158405,48.22073751051053
b2b-all-6655583-4-63hdv-d-2143,20340,5897,3600,-123.21550111052947,44.80748760973425
b2b-all-6655583-4-63hdv-d-2144,20340,5897,3600,-123.21550111052947,44.80748760973425
b2b-all-6655583-4-63hdv-d-2145,21600,5897,3600,-123.21550111052947,44.80748760973425
b2b-all-6655583-4-63hdv-d-2146,23820,5897,3600,-123.21550111052947,44.80748760973425
b2b-all-6655583-4-63hdv-d-2147,20340,5897,3600,-123.21550111052947,44.80748760973425
b2b-all-6656092-3-64hdt-d-2148,32400,1204,3600,-122.32596269072006,47.618440397798125
b2b-all-6656092-3-64hdt-d-2149,32400,1204,3600,-122.32596269072006,47.618440397798125
b2b-all-6656092-3-64hdt-d-2150,32400,1204,3600,-122.32596269072006,47.618440397798125
b2b-all-6656092-3-64hdt-d-2151,32400,1204,3600,-122.32596269072006,47.618440397798125
b2b-all-6656092-3-64hdv-d-2152,32400,1204,3600,-122.32596269072006,47.618440397798125
b2b-all-6656092-3-64hdv-d-2153,32400,1204,3600,-122.32596269072006,47.618440397798125
b2b-all-6656092-3-65hdt-d-2154,27540,1204,3600,-122.32596269072006,47.618440397798125
b2b-all-6656092-3-65hdt-d-2155,26580,1204,3600,-122.32596269072006,47.618440397798125
b2b-all-6656514-3-66hdt-d-2156,51600,2140,3600,-122.02250016291708,47.34908395362722
b2b-all-6656514-3-66hdt-d-2157,51600,2140,3600,-122.02250016291708,47.34908395362722
b2b-all-6656514-3-67hdt-d-2158,24180,2140,3600,-122.02250016291708,47.34908395362722
b2b-all-6656514-3-67hdt-d-2159,15960,2140,3600,-122.02250016291708,47.34908395362722
b2b-all-6656515-4-68md-d-2160,51600,2025,3600,-122.38936276914286,47.3018854087256
b2b-all-6656515-4-68md-d-2161,51600,2025,3600,-122.38936276914286,47.3018854087256
b2b-all-6656515-4-68md-d-2162,51600,2025,3600,-122.38936276914286,47.3018854087256
b2b-all-6656515-4-68md-d-2163,51600,2025,3600,-122.38936276914286,47.3018854087256
b2b-all-6656515-4-68hdv-d-2164,51600,2025,3600,-122.38936276914286,47.3018854087256
b2b-all-6656515-4-68hdv-d-2165,51600,2025,3600,-122.38936276914286,47.3018854087256
b2b-all-6656515-4-68hdv-d-2166,51600,2025,3600,-122.38936276914286,47.3018854087256
b2b-all-6656515-4-68hdv-d-2167,51600,2025,3600,-122.38936276914286,47.3018854087256
b2b-all-6657354-1-69md-d-2168,30300,2119,3600,-122.00071139631028,47.19736284194215
b2b-all-6657354-1-69md-d-2169,30300,2119,3600,-122.00071139631028,47.19736284194215
b2b-all-6657354-1-69md-d-2170,30300,2119,3600,-122.00071139631028,47.19736284194215
b2b-all-6657354-1-69md-d-2171,30300,2119,3600,-122.00071139631028,47.19736284194215
b2b-all-6657354-1-69md-d-2172,30300,2119,3600,-122.00071139631028,47.19736284194215
b2b-all-6657479-2-70md-d-2173,51960,1178,3600,-122.35159150482076,47.6367112206605
b2b-all-6657479-2-70md-d-2174,51960,1178,3600,-122.35159150482076,47.6367112206605
b2b-all-6657479-2-70md-d-2175,51960,1178,3600,-122.35159150482076,47.6367112206605
b2b-all-6657479-2-70md-d-2176,51960,1178,3600,-122.35159150482076,47.6367112206605
b2b-all-6657479-2-70md-d-2177,51960,1178,3600,-122.35159150482076,47.6367112206605
b2b-all-6657479-2-70md-d-2178,51960,1178,3600,-122.35159150482076,47.6367112206605
b2b-all-6657479-2-70md-d-2179,51960,1178,3600,-122.35159150482076,47.6367112206605
b2b-all-6657479-2-70hdt-d-2180,51960,1178,3600,-122.35159150482076,47.6367112206605
b2b-all-6657479-2-70hdt-d-2181,51960,1178,3600,-122.35159150482076,47.6367112206605
b2b-all-6657479-2-70hdt-d-2182,51960,1178,3600,-122.35159150482076,47.6367112206605
b2b-all-6657479-2-70hdv-d-2183,51960,1178,3600,-122.35159150482076,47.6367112206605
b2b-all-6657479-2-70hdv-d-2184,51960,1178,3600,-122.35159150482076,47.6367112206605
b2b-all-6657479-2-70hdv-d-2185,51960,1178,3600,-122.35159150482076,47.6367112206605
b2b-all-6657479-4-71md-d-0-2186,37620,1178,3600,-122.35159150482076,47.6367112206605
b2b-all-6657479-4-71md-d-0-2187,37620,1178,3600,-122.35159150482076,47.6367112206605
b2b-all-6657479-4-71md-d-0-2188,37620,1178,3600,-122.35159150482076,47.6367112206605
b2b-all-6657479-4-71md-d-0-2189,37620,1178,3600,-122.35159150482076,47.6367112206605
b2b-all-6657479-4-71md-d-0-2190,37620,1178,3600,-122.35159150482076,47.6367112206605
b2b-all-6657479-4-71md-d-0-2191,37620,1178,3600,-122.35159150482076,47.6367112206605
b2b-all-6657479-4-71md-d-0-2192,37620,1178,3600,-122.35159150482076,47.6367112206605
b2b-all-6657479-4-71md-d-0-2193,37620,1178,3600,-122.35159150482076,47.6367112206605
b2b-all-6657479-4-71md-d-0-2194,37620,1178,3600,-122.35159150482076,47.6367112206605
b2b-all-6657479-4-71md-d-0-2195,37620,1178,3600,-122.35159150482076,47.6367112206605
b2b-all-6657479-4-71md-d-0-2196,37620,1178,3600,-122.35159150482076,47.6367112206605
b2b-all-6657479-4-71md-d-0-2197,37620,1178,3600,-122.35159150482076,47.6367112206605
b2b-all-6657479-4-71md-d-0-2198,37620,1178,3600,-122.35159150482076,47.6367112206605
b2b-all-6657479-4-71md-d-0-2199,37620,1178,3600,-122.35159150482076,47.6367112206605
b2b-all-6657479-4-71md-d-0-2200,37620,1178,3600,-122.35159150482076,47.6367112206605
b2b-all-6657479-4-71md-d-0-2201,37620,1178,3600,-122.35159150482076,47.6367112206605
b2b-all-6657479-4-71md-d-0-2202,37620,1178,3600,-122.35159150482076,47.6367112206605
b2b-all-6657479-4-71md-d-0-2203,37620,1178,3600,-122.35159150482076,47.6367112206605
b2b-all-6657479-4-71md-d-0-2204,37620,1178,3600,-122.35159150482076,47.6367112206605
b2b-all-6657479-4-71md-d-1-2205,37620,1178,3600,-122.35159150482076,47.6367112206605
b2b-all-6657479-4-71hdt-d-2206,37620,1178,3600,-122.35159150482076,47.6367112206605
b2b-all-6657479-4-71hdt-d-2207,37620,1178,3600,-122.35159150482076,47.6367112206605
b2b-all-6657479-4-71hdt-d-2208,37620,1178,3600,-122.35159150482076,47.6367112206605
b2b-all-6657479-4-71hdt-d-2209,37620,1178,3600,-122.35159150482076,47.6367112206605
b2b-all-6657479-4-71hdt-d-2210,37620,1178,3600,-122.35159150482076,47.6367112206605
b2b-all-6657479-4-71hdv-d-0-2211,37620,1178,3600,-122.35159150482076,47.6367112206605
b2b-all-6657479-4-71hdv-d-0-2212,37620,1178,3600,-122.35159150482076,47.6367112206605
b2b-all-6657479-4-71hdv-d-0-2213,37620,1178,3600,-122.35159150482076,47.6367112206605
b2b-all-6657479-4-71hdv-d-0-2214,37620,1178,3600,-122.35159150482076,47.6367112206605
b2b-all-6657479-4-71hdv-d-0-2215,37620,1178,3600,-122.35159150482076,47.6367112206605
b2b-all-6657479-4-71hdv-d-0-2216,37620,1178,3600,-122.35159150482076,47.6367112206605
b2b-all-6657479-4-71hdv-d-0-2217,37620,1178,3600,-122.35159150482076,47.6367112206605
b2b-all-6657479-4-71hdv-d-0-2218,37620,1178,3600,-122.35159150482076,47.6367112206605
b2b-all-6657479-4-71hdv-d-0-2219,37620,1178,3600,-122.35159150482076,47.6367112206605
b2b-all-6657479-4-71hdv-d-0-2220,37620,1178,3600,-122.35159150482076,47.6367112206605
b2b-all-6657479-4-71hdv-d-0-2221,37620,1178,3600,-122.35159150482076,47.6367112206605
b2b-all-6657479-4-71hdv-d-0-2222,37620,1178,3600,-122.35159150482076,47.6367112206605
b2b-all-6657479-4-71hdv-d-0-2223,37620,1178,3600,-122.35159150482076,47.6367112206605
b2b-all-6657479-4-71hdv-d-0-2224,37620,1178,3600,-122.35159150482076,47.6367112206605
b2b-all-6657479-4-71hdv-d-0-2225,37620,1178,3600,-122.35159150482076,47.6367112206605
b2b-all-6657479-4-71hdv-d-0-2226,37620,1178,3600,-122.35159150482076,47.6367112206605
b2b-all-6657479-4-71hdv-d-0-2227,37620,1178,3600,-122.35159150482076,47.6367112206605
b2b-all-6657479-4-71hdv-d-0-2228,37620,1178,3600,-122.35159150482076,47.6367112206605
b2b-all-6657479-4-71hdv-d-0-2229,37620,1178,3600,-122.35159150482076,47.6367112206605
b2b-all-6657479-4-71hdv-d-0-2230,37620,1178,3600,-122.35159150482076,47.6367112206605
b2b-all-6657479-4-71hdv-d-1-2231,37620,1178,3600,-122.35159150482076,47.6367112206605
b2b-all-6657479-4-71hdv-d-1-2232,37620,1178,3600,-122.35159150482076,47.6367112206605
b2b-all-6657479-4-71hdv-d-1-2233,37620,1178,3600,-122.35159150482076,47.6367112206605
b2b-all-6657479-4-71hdv-d-1-2234,37620,1178,3600,-122.35159150482076,47.6367112206605
b2b-all-6657479-4-71hdv-d-1-2235,37620,1178,3600,-122.35159150482076,47.6367112206605
b2b-all-6657479-4-71hdv-d-1-2236,37620,1178,3600,-122.35159150482076,47.6367112206605
b2b-all-6657479-4-71hdv-d-1-2237,37620,1178,3600,-122.35159150482076,47.6367112206605
b2b-all-6657479-4-71hdv-d-1-2238,37620,1178,3600,-122.35159150482076,47.6367112206605
b2b-all-6657479-4-71hdv-d-1-2239,37620,1178,3600,-122.35159150482076,47.6367112206605
b2b-all-6657479-4-71hdv-d-1-2240,37620,1178,3600,-122.35159150482076,47.6367112206605
b2b-all-6657479-4-71hdv-d-1-2241,37620,1178,3600,-122.35159150482076,47.6367112206605
b2b-all-6657479-4-71hdv-d-1-2242,37620,1178,3600,-122.35159150482076,47.6367112206605
b2b-all-6657479-4-71hdv-d-1-2243,37620,1178,3600,-122.35159150482076,47.6367112206605
b2b-all-6657479-4-71hdv-d-1-2244,37620,1178,3600,-122.35159150482076,47.6367112206605
b2b-all-6657479-4-71hdv-d-1-2245,37620,1178,3600,-122.35159150482076,47.6367112206605
b2b-all-6657479-4-71hdv-d-2-2246,37620,1178,3600,-122.35159150482076,47.6367112206605
b2b-all-6657479-4-71hdv-d-2-2247,37620,1178,3600,-122.35159150482076,47.6367112206605
b2b-all-6657479-4-71hdv-d-2-2248,37620,1178,3600,-122.35159150482076,47.6367112206605
b2b-all-6657479-4-71hdv-d-2-2249,37620,1178,3600,-122.35159150482076,47.6367112206605
b2b-all-6657479-4-71hdv-d-2-2250,37620,1178,3600,-122.35159150482076,47.6367112206605
b2b-all-6657479-4-71hdv-d-2-2251,37620,1178,3600,-122.35159150482076,47.6367112206605
b2b-all-6657479-4-71hdv-d-2-2252,37620,1178,3600,-122.35159150482076,47.6367112206605
b2b-all-6657479-4-71hdv-d-2-2253,37620,1178,3600,-122.35159150482076,47.6367112206605
b2b-all-6657479-4-71hdv-d-2-2254,37620,1178,3600,-122.35159150482076,47.6367112206605
b2b-all-6657479-4-71hdv-d-2-2255,37620,1178,3600,-122.35159150482076,47.6367112206605
b2b-all-6657479-4-72md-d-2256,22260,1178,3600,-122.35159150482076,47.6367112206605
b2b-all-6657479-4-72md-d-2257,22260,1178,3600,-122.35159150482076,47.6367112206605
b2b-all-6657479-4-72md-d-2258,22260,1178,3600,-122.35159150482076,47.6367112206605
b2b-all-6657479-4-72md-d-2259,25080,1178,3600,-122.35159150482076,47.6367112206605
b2b-all-6657479-4-72md-d-2260,22260,1178,3600,-122.35159150482076,47.6367112206605
b2b-all-6657479-4-72md-d-2261,22260,1178,3600,-122.35159150482076,47.6367112206605
b2b-all-6657479-4-72md-d-2262,22260,1178,3600,-122.35159150482076,47.6367112206605
b2b-all-6657479-4-72hdv-d-2263,23700,1178,3600,-122.35159150482076,47.6367112206605
b2b-all-6657479-4-72hdv-d-2264,22260,1178,3600,-122.35159150482076,47.6367112206605
b2b-all-6657479-4-72hdv-d-2265,22260,1178,3600,-122.35159150482076,47.6367112206605
b2b-all-6657479-4-72hdv-d-2266,22260,1178,3600,-122.35159150482076,47.6367112206605
b2b-all-6657479-4-72hdv-d-2267,22260,1178,3600,-122.35159150482076,47.6367112206605
b2b-all-6657479-4-72hdv-d-2268,22260,1178,3600,-122.35159150482076,47.6367112206605
b2b-all-6657479-4-72hdv-d-2269,22260,1178,3600,-122.35159150482076,47.6367112206605
b2b-all-6657479-4-72hdv-d-2270,22260,1178,3600,-122.35159150482076,47.6367112206605
b2b-all-6657479-4-72hdv-d-2271,23400,1178,3600,-122.35159150482076,47.6367112206605
b2b-all-6657479-4-72hdv-d-2272,22260,1178,3600,-122.35159150482076,47.6367112206605
b2b-all-6657479-4-72hdv-d-2273,28440,1178,3600,-122.35159150482076,47.6367112206605
b2b-all-6657479-4-72hdv-d-2274,22260,1178,3600,-122.35159150482076,47.6367112206605
b2b-all-6657479-4-72hdv-d-2275,26640,1178,3600,-122.35159150482076,47.6367112206605
b2b-all-6657479-4-72hdv-d-2276,22260,1178,3600,-122.35159150482076,47.6367112206605
b2b-all-6657555-4-73hdv-d-2277,29520,3191,3600,-122.48240942711132,47.05796598200305
b2b-all-6657685-2-74md-d-2278,36300,1419,3600,-122.34188880340936,47.76997295430823
b2b-all-6657685-2-74md-d-2279,36300,1419,3600,-122.34188880340936,47.76997295430823
b2b-all-6657685-2-74md-d-2280,36300,1419,3600,-122.34188880340936,47.76997295430823
b2b-all-6657685-2-74md-d-2281,36300,1419,3600,-122.34188880340936,47.76997295430823
b2b-all-6657685-2-74md-d-2282,36300,1419,3600,-122.34188880340936,47.76997295430823
b2b-all-6657693-1-75md-d-2283,46320,2120,3600,-121.98629646164,47.20499862131444
b2b-all-6657693-1-75md-d-2284,46320,2120,3600,-121.98629646164,47.20499862131444
b2b-all-6657693-1-75md-d-2285,46320,2120,3600,-121.98629646164,47.20499862131444
b2b-all-6657693-1-75md-d-2286,46320,2120,3600,-121.98629646164,47.20499862131444
b2b-all-6657693-1-75md-d-2287,46320,2120,3600,-121.98629646164,47.20499862131444
b2b-all-6658477-1-76md-d-2288,34920,1266,3600,-122.32090218768695,47.59097230427197
b2b-all-6658477-1-76md-d-2289,30960,1266,3600,-122.32090218768695,47.59097230427197
b2b-all-6658477-1-76md-d-2290,30960,1266,3600,-122.32090218768695,47.59097230427197
b2b-all-6658477-1-76md-d-2291,30960,1266,3600,-122.32090218768695,47.59097230427197
b2b-all-6658477-1-76hdv-d-2292,30960,1266,3600,-122.32090218768695,47.59097230427197
b2b-all-6658478-4-77hdv-d-2293,38760,1365,3600,-122.3230531557192,47.52789645189437
b2b-all-6658478-4-77hdv-d-2294,38760,1365,3600,-122.3230531557192,47.52789645189437
b2b-all-6658478-4-77hdv-d-2295,38760,1365,3600,-122.3230531557192,47.52789645189437
b2b-all-6659129-1-78md-d-2296,32400,968,3600,-122.29197288405145,47.70341933095769
b2b-all-6659129-1-78md-d-2297,28500,968,3600,-122.29197288405145,47.70341933095769
b2b-all-6659129-1-78md-d-2298,35160,968,3600,-122.29197288405145,47.70341933095769
b2b-all-6659129-1-78md-d-2299,23160,968,3600,-122.29197288405145,47.70341933095769
b2b-all-6659129-4-79hdv-d-2300,43140,968,3600,-122.29197288405145,47.70341933095769
b2b-all-6659130-3-80hdt-d-2301,55200,1096,3600,-122.3822728688987,47.66294078676004
b2b-all-6659130-3-81hdt-d-2302,12420,1096,3600,-122.3822728688987,47.66294078676004
b2b-all-6659130-4-82hdv-d-2303,21480,1096,3600,-122.3822728688987,47.66294078676004
b2b-all-6659130-4-82hdv-d-2304,36540,1096,3600,-122.3822728688987,47.66294078676004
b2b-all-6659131-3-83hdv-d-2305,26760,2318,3600,-121.94240189162008,47.73261445959492
b2b-all-6659131-3-83hdv-d-2306,25860,2318,3600,-121.94240189162008,47.73261445959492
b2b-all-6659136-1-84md-d-2307,27420,1045,3600,-122.40598639785854,47.67976984581896
b2b-all-6659136-1-84md-d-2308,31800,1045,3600,-122.40598639785854,47.67976984581896
b2b-all-6659136-1-84md-d-2309,27420,1045,3600,-122.40598639785854,47.67976984581896
b2b-all-6659136-1-84md-d-2310,27420,1045,3600,-122.40598639785854,47.67976984581896
b2b-all-6659136-1-84hdt-d-2311,27420,1045,3600,-122.40598639785854,47.67976984581896
b2b-all-6659136-3-85hdv-d-2312,24600,1045,3600,-122.40598639785854,47.67976984581896
b2b-all-6659301-1-86md-d-2313,34200,1366,3600,-122.31836705935414,47.52228407066281
b2b-all-6659301-1-86md-d-2314,29700,1366,3600,-122.31836705935414,47.52228407066281
b2b-all-6659301-1-86md-d-2315,34140,1366,3600,-122.31836705935414,47.52228407066281
b2b-all-6659301-1-86md-d-2316,23820,1366,3600,-122.31836705935414,47.52228407066281
b2b-all-6659301-1-86md-d-2317,19320,1366,3600,-122.31836705935414,47.52228407066281
b2b-all-6659301-1-86md-d-2318,26400,1366,3600,-122.31836705935414,47.52228407066281
b2b-all-6659301-1-86md-d-2319,15180,1366,3600,-122.31836705935414,47.52228407066281
b2b-all-6659429-2-87hdt-d-2320,53700,2127,3600,-121.90799123304598,47.31230933359481
b2b-all-6659429-2-87hdt-d-2321,53700,2127,3600,-121.90799123304598,47.31230933359481
b2b-all-6659806-1-88md-d-2322,35700,1847,3600,-122.26498957895322,47.43133535528767
b2b-all-6659806-1-88md-d-2323,35700,1847,3600,-122.26498957895322,47.43133535528767
b2b-all-6659806-1-88md-d-2324,35700,1847,3600,-122.26498957895322,47.43133535528767
b2b-all-6659806-1-88md-d-2325,35700,1847,3600,-122.26498957895322,47.43133535528767
b2b-all-6659806-1-88md-d-2326,35700,1847,3600,-122.26498957895322,47.43133535528767
b2b-all-6659806-1-88md-d-2327,35700,1847,3600,-122.26498957895322,47.43133535528767
b2b-all-6659854-3-89hdt-d-2328,8160,5885,3600,-123.12917480974409,44.98433170990787
b2b-all-6659854-3-89hdt-d-2329,8160,5885,3600,-123.12917480974409,44.98433170990787
b2b-all-6659937-1-90md-d-2330,15240,3184,3600,-122.66808420396303,47.10635009599398
b2b-all-6659937-1-90md-d-2331,18660,3184,3600,-122.66808420396303,47.10635009599398
b2b-all-6659937-1-90md-d-2332,24600,3184,3600,-122.66808420396303,47.10635009599398
b2b-all-6659937-1-90md-d-2333,14940,3184,3600,-122.66808420396303,47.10635009599398
b2b-all-6659937-1-90md-d-2334,20400,3184,3600,-122.66808420396303,47.10635009599398
b2b-all-6660037-2-91hdt-d-2335,49200,1989,3600,-122.31550246797458,47.35326724156451
b2b-all-6660037-2-91hdt-d-2336,49200,1989,3600,-122.31550246797458,47.35326724156451
b2b-all-6660037-2-91hdt-d-2337,49200,1989,3600,-122.31550246797458,47.35326724156451
b2b-all-6660227-3-92hdt-d-2338,56640,1558,3600,-122.15583550978135,47.68336495975914
b2b-all-6660227-3-92hdt-d-2339,56640,1558,3600,-122.15583550978135,47.68336495975914
b2b-all-6660227-4-93hdv-d-2340,23760,1558,3600,-122.15583550978135,47.68336495975914
b2b-all-6660227-4-93hdv-d-2341,23760,1558,3600,-122.15583550978135,47.68336495975914
b2b-all-6660523-2-94hdt-d-2342,40860,1016,3600,-122.3116868750737,47.68618736006759
b2b-all-6660523-2-94hdv-d-2343,40860,1016,3600,-122.3116868750737,47.68618736006759
b2b-all-6660523-2-94hdv-d-2344,40860,1016,3600,-122.3116868750737,47.68618736006759
b2b-all-6660523-2-94hdv-d-2345,40860,1016,3600,-122.3116868750737,47.68618736006759
b2b-all-6661074-2-95md-d-2346,25740,1244,3600,-122.32545320769248,47.607586257244506
b2b-all-6661074-3-96hdt-d-0-2347,47760,1244,3600,-122.32545320769248,47.607586257244506
b2b-all-6661074-3-96hdt-d-0-2348,47760,1244,3600,-122.32545320769248,47.607586257244506
b2b-all-6661074-3-96hdt-d-0-2349,47760,1244,3600,-122.32545320769248,47.607586257244506
b2b-all-6661074-3-96hdt-d-0-2350,47760,1244,3600,-122.32545320769248,47.607586257244506
b2b-all-6661074-3-96hdt-d-1-2351,47760,1244,3600,-122.32545320769248,47.607586257244506
b2b-all-6661076-2-97hdt-d-2352,57000,1869,3600,-122.30841894616177,47.42452428272206
b2b-all-6661077-2-98hdv-d-2353,27000,2284,3600,-122.14729793319104,47.7616324184015
b2b-all-6661079-2-99hdv-d-2354,47280,1956,3600,-122.19756727815805,47.37825770123615
b2b-all-6661623-1-100md-d-2355,30000,1174,3600,-122.34186471860332,47.63236161945948
b2b-all-6661623-1-100md-d-2356,30000,1174,3600,-122.34186471860332,47.63236161945948
b2b-all-6661623-1-100md-d-2357,30000,1174,3600,-122.34186471860332,47.63236161945948
b2b-all-6661623-1-101md-d-2358,42240,1174,3600,-122.34186471860332,47.63236161945948
b2b-all-6661623-2-102md-d-2359,20100,1174,3600,-122.34186471860332,47.63236161945948
b2b-all-6661623-2-102hdt-d-2360,22020,1174,3600,-122.34186471860332,47.63236161945948
b2b-all-6661722-3-103hdt-d-2361,22680,1708,3600,-122.16217593974508,47.49411640743483
b2b-all-6661722-3-104hdt-d-0-2362,39540,1708,3600,-122.16217593974508,47.49411640743483
b2b-all-6661722-3-104hdt-d-0-2363,39540,1708,3600,-122.16217593974508,47.49411640743483
b2b-all-6661722-3-104hdt-d-0-2364,39540,1708,3600,-122.16217593974508,47.49411640743483
b2b-all-6661722-3-104hdt-d-0-2365,39540,1708,3600,-122.16217593974508,47.49411640743483
b2b-all-6661722-3-104hdt-d-0-2366,39540,1708,3600,-122.16217593974508,47.49411640743483
b2b-all-6661722-3-104hdt-d-0-2367,39540,1708,3600,-122.16217593974508,47.49411640743483
b2b-all-6661722-3-104hdt-d-0-2368,39540,1708,3600,-122.16217593974508,47.49411640743483
b2b-all-6661722-3-104hdt-d-0-2369,39540,1708,3600,-122.16217593974508,47.49411640743483
b2b-all-6661722-3-104hdt-d-0-2370,39540,1708,3600,-122.16217593974508,47.49411640743483
b2b-all-6661722-3-104hdt-d-0-2371,39540,1708,3600,-122.16217593974508,47.49411640743483
b2b-all-6661722-3-104hdt-d-1-2372,39540,1708,3600,-122.16217593974508,47.49411640743483
b2b-all-6661722-3-104hdt-d-1-2373,39540,1708,3600,-122.16217593974508,47.49411640743483
b2b-all-6661722-3-104hdt-d-1-2374,39540,1708,3600,-122.16217593974508,47.49411640743483
b2b-all-6661722-3-104hdt-d-1-2375,39540,1708,3600,-122.16217593974508,47.49411640743483
b2b-all-6661722-3-104hdt-d-1-2376,39540,1708,3600,-122.16217593974508,47.49411640743483
b2b-all-6661722-3-104hdt-d-1-2377,39540,1708,3600,-122.16217593974508,47.49411640743483
b2b-all-6661722-3-104hdt-d-1-2378,39540,1708,3600,-122.16217593974508,47.49411640743483
b2b-all-6661722-3-104hdt-d-1-2379,39540,1708,3600,-122.16217593974508,47.49411640743483
b2b-all-6661722-3-104hdt-d-1-2380,39540,1708,3600,-122.16217593974508,47.49411640743483
b2b-all-6661722-3-104hdt-d-1-2381,39540,1708,3600,-122.16217593974508,47.49411640743483
b2b-all-6661723-1-105md-d-2382,31200,5885,3600,-123.12917480974409,44.98433170990787
b2b-all-6661723-3-106hdv-d-2383,18900,5885,3600,-123.12917480974409,44.98433170990787
b2b-all-6662742-1-107hdv-d-2384,26460,2119,3600,-121.99908380649418,47.19754743165556
b2b-all-6663895-1-108md-d-2385,46200,1193,3600,-122.3418134583177,47.61805141055983
b2b-all-6663895-1-108md-d-2386,46200,1193,3600,-122.3418134583177,47.61805141055983
b2b-all-6663895-1-109md-d-2387,20820,1193,3600,-122.3418134583177,47.61805141055983
b2b-all-6663935-1-110md-d-0-2388,40080,1893,3600,-122.29712639326344,47.37798407977943
b2b-all-6663935-1-110md-d-0-2389,40080,1893,3600,-122.29712639326344,47.37798407977943
b2b-all-6663935-1-110md-d-0-2390,40080,1893,3600,-122.29712639326344,47.37798407977943
b2b-all-6663935-1-110md-d-1-2391,40080,1893,3600,-122.29712639326344,47.37798407977943
b2b-all-6663935-1-110md-d-1-2392,40080,1893,3600,-122.29712639326344,47.37798407977943
b2b-all-6663935-1-111md-d-2393,25920,1893,3600,-122.29712639326344,47.37798407977943
b2b-all-6663935-1-111md-d-2394,30300,1893,3600,-122.29712639326344,47.37798407977943
b2b-all-6663935-2-112hdt-d-0-2395,29040,1893,3600,-122.29712639326344,47.37798407977943
b2b-all-6663935-2-112hdt-d-0-2396,26760,1893,3600,-122.29712639326344,47.37798407977943
b2b-all-6663935-2-112hdt-d-0-2397,26760,1893,3600,-122.29712639326344,47.37798407977943
b2b-all-6663935-2-112hdt-d-1-2398,30780,1893,3600,-122.29712639326344,47.37798407977943
b2b-all-6663935-2-112hdt-d-1-2399,26760,1893,3600,-122.29712639326344,47.37798407977943
b2b-all-6663935-2-112hdt-d-1-2400,26760,1893,3600,-122.29712639326344,47.37798407977943
b2b-all-6663935-2-112hdt-d-2-2401,26760,1893,3600,-122.29712639326344,47.37798407977943
b2b-all-6663935-2-112hdt-d-2-2402,26760,1893,3600,-122.29712639326344,47.37798407977943
b2b-all-6663935-2-112hdt-d-2-2403,26940,1893,3600,-122.29712639326344,47.37798407977943
b2b-all-6663935-2-112hdt-d-3-2404,26760,1893,3600,-122.29712639326344,47.37798407977943
b2b-all-6663935-2-113hdt-d-2405,49800,1893,3600,-122.29712639326344,47.37798407977943
b2b-all-6663935-2-113hdt-d-2406,49800,1893,3600,-122.29712639326344,47.37798407977943
b2b-all-6664793-1-114md-d-2407,24600,5882,3600,-123.14494409844396,44.98169645199568
b2b-all-6664793-1-114md-d-2408,24600,5882,3600,-123.14494409844396,44.98169645199568
b2b-all-6664793-1-114md-d-2409,24600,5882,3600,-123.14494409844396,44.98169645199568
b2b-all-6664793-1-114md-d-2410,24600,5882,3600,-123.14494409844396,44.98169645199568
b2b-all-6664793-1-114md-d-2411,25080,5882,3600,-123.14494409844396,44.98169645199568
b2b-all-6664793-1-114md-d-2412,24600,5882,3600,-123.14494409844396,44.98169645199568
b2b-all-6664793-1-114md-d-2413,24900,5882,3600,-123.14494409844396,44.98169645199568
b2b-all-6664793-2-115hdt-d-2414,21060,5882,3600,-123.14494409844396,44.98169645199568
b2b-all-6664793-2-115hdt-d-2415,21060,5882,3600,-123.14494409844396,44.98169645199568
b2b-all-6665279-1-116hdt-d-2416,21660,3191,3600,-122.48240942711132,47.05796598200305
b2b-all-6665279-1-116hdt-d-2417,20580,3191,3600,-122.48240942711132,47.05796598200305
b2b-all-6665604-2-117hdt-d-2418,32220,1231,3600,-122.341723630916,47.61041681222114
b2b-all-6665604-2-117hdt-d-2419,32220,1231,3600,-122.341723630916,47.61041681222114
b2b-all-6668307-3-118hdt-d-2420,27120,2073,3600,-122.21299288224056,47.3132842488987
b2b-all-6668307-3-118hdt-d-2421,27120,2073,3600,-122.21299288224056,47.3132842488987
b2b-all-6668307-3-118hdt-d-2422,27120,2073,3600,-122.21299288224056,47.3132842488987
b2b-all-6668307-3-118hdt-d-2423,30180,2073,3600,-122.21299288224056,47.3132842488987
b2b-all-6668307-3-118hdt-d-2424,27120,2073,3600,-122.21299288224056,47.3132842488987
b2b-all-6668307-3-118hdt-d-2425,27120,2073,3600,-122.21299288224056,47.3132842488987
b2b-all-6668307-3-119hdt-d-2426,57000,2073,3600,-122.21299288224056,47.3132842488987
b2b-all-6668307-3-119hdt-d-2427,57000,2073,3600,-122.21299288224056,47.3132842488987
b2b-all-6668307-3-119hdt-d-2428,57000,2073,3600,-122.21299288224056,47.3132842488987
b2b-all-6668307-3-119hdt-d-2429,57000,2073,3600,-122.21299288224056,47.3132842488987
b2b-all-6668472-2-120hdv-d-2430,18480,2324,3600,-121.95668796461123,47.70060615720573
b2b-all-6671039-1-121md-d-2431,17220,5883,3600,-123.05180503036196,44.98106768295292
b2b-all-6671589-1-122hdv-d-2432,49800,1145,3600,-122.39004351353675,47.64280370578896
b2b-all-6671589-1-123hdv-d-2433,33600,1145,3600,-122.39004351353675,47.64280370578896
b2b-all-6671590-1-124hdt-d-2434,28980,2316,3600,-122.02376508853588,47.69246800199162
b2b-all-6671595-4-125hdv-d-0-2435,32580,1586,3600,-122.11203091299993,47.6497060869915
b2b-all-6671595-4-125hdv-d-0-2436,31680,1586,3600,-122.11203091299993,47.6497060869915
b2b-all-6671595-4-125hdv-d-0-2437,28320,1586,3600,-122.11203091299993,47.6497060869915
b2b-all-6671595-4-125hdv-d-1-2438,28320,1586,3600,-122.11203091299993,47.6497060869915
b2b-all-6671595-4-125hdv-d-1-2439,28320,1586,3600,-122.11203091299993,47.6497060869915
b2b-all-6671595-4-126hdv-d-2440,42060,1586,3600,-122.11203091299993,47.6497060869915
b2b-all-6672651-1-127md-d-2441,55800,2290,3600,-122.13911340844976,47.732338027361855
b2b-all-6672651-1-127md-d-2442,55800,2290,3600,-122.13911340844976,47.732338027361855
b2b-all-6672651-1-127md-d-2443,55800,2290,3600,-122.13911340844976,47.732338027361855
b2b-all-6672651-1-127md-d-2444,55800,2290,3600,-122.13911340844976,47.732338027361855
b2b-all-6672651-1-127md-d-2445,55800,2290,3600,-122.13911340844976,47.732338027361855
b2b-all-6672651-1-127md-d-2446,55800,2290,3600,-122.13911340844976,47.732338027361855
b2b-all-6672914-3-128hdt-d-2447,17760,5885,3600,-123.12917480974409,44.98433170990787
b2b-all-6672914-3-128hdt-d-2448,22920,5885,3600,-123.12917480974409,44.98433170990787
b2b-all-6672914-3-128hdt-d-2449,19800,5885,3600,-123.12917480974409,44.98433170990787
b2b-all-6672915-1-129md-d-2450,12900,5885,3600,-123.12917480974409,44.98433170990787
b2b-all-6672915-1-129md-d-2451,15900,5885,3600,-123.12917480974409,44.98433170990787
b2b-all-6672915-1-129md-d-2452,24420,5885,3600,-123.12917480974409,44.98433170990787
b2b-all-6672915-1-129md-d-2453,14400,5885,3600,-123.12917480974409,44.98433170990787
b2b-all-6672915-1-129md-d-2454,21900,5885,3600,-123.12917480974409,44.98433170990787
b2b-all-6672915-1-129md-d-2455,16500,5885,3600,-123.12917480974409,44.98433170990787
b2b-all-6672915-1-129md-d-2456,26280,5885,3600,-123.12917480974409,44.98433170990787
b2b-all-6672929-3-130hdt-d-2457,30960,3895,3600,-121.26884369455286,48.17174536079158
b2b-all-6672929-3-130hdt-d-2458,16320,3895,3600,-121.26884369455286,48.17174536079158
b2b-all-6672929-3-130hdt-d-2459,13680,3895,3600,-121.26884369455286,48.17174536079158
b2b-all-6672930-1-131md-d-2460,24720,3854,3600,-122.3645144674494,48.26687162473969
b2b-all-6672930-1-131md-d-2461,23400,3854,3600,-122.3645144674494,48.26687162473969
b2b-all-6672930-1-131md-d-2462,23400,3854,3600,-122.3645144674494,48.26687162473969
b2b-all-6672930-1-131md-d-2463,23400,3854,3600,-122.3645144674494,48.26687162473969
b2b-all-6672930-1-131md-d-2464,23400,3854,3600,-122.3645144674494,48.26687162473969
b2b-all-6672930-1-131md-d-2465,23400,3854,3600,-122.3645144674494,48.26687162473969
b2b-all-6672930-1-131md-d-2466,23400,3854,3600,-122.3645144674494,48.26687162473969
b2b-all-6672930-1-131md-d-2467,23400,3854,3600,-122.3645144674494,48.26687162473969
b2b-all-6672930-1-131md-d-2468,23400,3854,3600,-122.3645144674494,48.26687162473969
b2b-all-6672930-1-131md-d-2469,27060,3854,3600,-122.3645144674494,48.26687162473969
b2b-all-6672930-1-131md-d-2470,23400,3854,3600,-122.3645144674494,48.26687162473969
b2b-all-6672930-3-132hdt-d-2471,23520,3854,3600,-122.3645144674494,48.26687162473969
b2b-all-6672930-3-132hdt-d-2472,23520,3854,3600,-122.3645144674494,48.26687162473969
b2b-all-6674271-3-133hdv-d-2473,22860,5911,3600,-123.33515380404658,45.06513967621475
b2b-all-6675187-1-134md-d-2474,29820,1823,3600,-122.51508464413456,47.40991736486436
b2b-all-6675187-2-135hdv-d-2475,25680,1823,3600,-122.51508464413456,47.40991736486436
b2b-all-6675187-2-136hdv-d-2476,44400,1823,3600,-122.51508464413456,47.40991736486436
b2b-all-6675187-2-136hdv-d-2477,44400,1823,3600,-122.51508464413456,47.40991736486436
b2b-all-6675187-3-137hdt-d-2478,14580,1823,3600,-122.51508464413456,47.40991736486436
b2b-all-6675187-4-138hdv-d-2479,32160,1823,3600,-122.51508464413456,47.40991736486436
b2b-all-6675187-4-139hdv-d-2480,53400,1823,3600,-122.51508464413456,47.40991736486436
b2b-all-6675187-4-139hdv-d-2481,53400,1823,3600,-122.51508464413456,47.40991736486436
b2b-all-6675187-4-139hdv-d-2482,53400,1823,3600,-122.51508464413456,47.40991736486436
b2b-all-6675187-4-139hdv-d-2483,53400,1823,3600,-122.51508464413456,47.40991736486436
b2b-all-6675264-1-140hdt-d-0-2484,23100,5885,3600,-123.12917480974409,44.98433170990787
b2b-all-6675264-1-140hdt-d-0-2485,17640,5885,3600,-123.12917480974409,44.98433170990787
b2b-all-6675264-1-140hdt-d-0-2486,17640,5885,3600,-123.12917480974409,44.98433170990787
b2b-all-6675264-1-140hdt-d-1-2487,17640,5885,3600,-123.12917480974409,44.98433170990787
b2b-all-6675355-1-141hdv-d-2488,18960,5897,3600,-123.21550111052947,44.80748760973425
b2b-all-6675613-2-142hdt-d-2489,23100,5885,3600,-123.12917480974409,44.98433170990787
b2b-all-6675684-2-143hdt-d-2490,57000,1573,3600,-122.1626023967694,47.6572297676762
b2b-all-6675684-2-144hdt-d-2491,31440,1573,3600,-122.1626023967694,47.6572297676762
b2b-all-6675684-2-144hdt-d-2492,20940,1573,3600,-122.1626023967694,47.6572297676762
b2b-all-6675684-3-145hdv-d-2493,33540,1573,3600,-122.1626023967694,47.6572297676762
b2b-all-6675684-3-146hdv-d-2494,21000,1573,3600,-122.1626023967694,47.6572297676762
b2b-all-6675685-3-147hdv-d-2495,28380,5885,3600,-123.12917480974409,44.98433170990787
b2b-all-6676005-1-148hdv-d-2496,45480,1517,3600,-122.27018356039248,47.74862618441067
b2b-all-6676008-2-149hdv-d-2497,24000,5885,3600,-123.12917480974409,44.98433170990787
b2b-all-6676941-2-150md-d-2498,56700,1923,3600,-122.20858941098092,47.423542702952425
b2b-all-6676941-2-150hdv-d-2499,56700,1923,3600,-122.20858941098092,47.423542702952425
b2b-all-6676941-2-151hdv-d-2500,31680,1923,3600,-122.20858941098092,47.423542702952425
b2b-all-6678358-2-152hdt-d-2501,54600,1135,3600,-122.39659120346218,47.64072972257996
b2b-all-6678358-2-153hdt-d-2502,24540,1135,3600,-122.39659120346218,47.64072972257996
b2b-all-6678358-2-153hdt-d-2503,24540,1135,3600,-122.39659120346218,47.64072972257996
b2b-all-6680486-1-154md-d-2504,48600,1243,3600,-122.3267269291293,47.61657356497129
b2b-all-6680486-1-154md-d-2505,48600,1243,3600,-122.3267269291293,47.61657356497129
b2b-all-6680486-1-154md-d-2506,48600,1243,3600,-122.3267269291293,47.61657356497129
b2b-all-6680486-1-154md-d-2507,48600,1243,3600,-122.3267269291293,47.61657356497129
b2b-all-6680486-1-155md-d-2508,53700,1243,3600,-122.3267269291293,47.61657356497129
b2b-all-6680486-3-156hdv-d-2509,31320,1243,3600,-122.3267269291293,47.61657356497129
b2b-all-6680486-3-157hdv-d-2510,38940,1243,3600,-122.3267269291293,47.61657356497129
b2b-all-6680486-3-157hdv-d-2511,38940,1243,3600,-122.3267269291293,47.61657356497129
b2b-all-6680494-3-158hdt-d-2512,25020,1208,3600,-122.3183321731414,47.61460072622008
b2b-all-6680494-3-158hdt-d-2513,25020,1208,3600,-122.3183321731414,47.61460072622008
b2b-all-6680494-3-159hdt-d-2514,26460,1208,3600,-122.3183321731414,47.61460072622008
b2b-all-6680494-4-160hdv-d-0-2515,31320,1208,3600,-122.3183321731414,47.61460072622008
b2b-all-6680494-4-160hdv-d-0-2516,31320,1208,3600,-122.3183321731414,47.61460072622008
b2b-all-6680494-4-160hdv-d-0-2517,31320,1208,3600,-122.3183321731414,47.61460072622008
b2b-all-6680494-4-160hdv-d-0-2518,31320,1208,3600,-122.3183321731414,47.61460072622008
b2b-all-6680494-4-160hdv-d-0-2519,31320,1208,3600,-122.3183321731414,47.61460072622008
b2b-all-6680494-4-160hdv-d-1-2520,31320,1208,3600,-122.3183321731414,47.61460072622008
b2b-all-6680494-4-161hdv-d-2521,37680,1208,3600,-122.3183321731414,47.61460072622008
b2b-all-6680494-4-161hdv-d-2522,37680,1208,3600,-122.3183321731414,47.61460072622008
b2b-all-6680494-4-161hdv-d-2523,37680,1208,3600,-122.3183321731414,47.61460072622008
b2b-all-6680496-1-162md-d-2524,35520,3191,3600,-122.48240942711132,47.05796598200305
b2b-all-6681566-4-163md-d-2525,26940,1987,3600,-122.2560764549547,47.3103507950796
b2b-all-6681566-4-163md-d-2526,26940,1987,3600,-122.2560764549547,47.3103507950796
b2b-all-6681566-4-163md-d-2527,26940,1987,3600,-122.2560764549547,47.3103507950796
b2b-all-6681566-4-163md-d-2528,26940,1987,3600,-122.2560764549547,47.3103507950796
b2b-all-6681566-4-163md-d-2529,26940,1987,3600,-122.2560764549547,47.3103507950796
b2b-all-6681566-4-163md-d-2530,26940,1987,3600,-122.2560764549547,47.3103507950796
b2b-all-6681566-4-163md-d-2531,26940,1987,3600,-122.2560764549547,47.3103507950796
b2b-all-6681566-4-163md-d-2532,33960,1987,3600,-122.2560764549547,47.3103507950796
b2b-all-6681566-4-163md-d-2533,29460,1987,3600,-122.2560764549547,47.3103507950796
b2b-all-6681566-4-163md-d-2534,26940,1987,3600,-122.2560764549547,47.3103507950796
b2b-all-6681566-4-163md-d-2535,26940,1987,3600,-122.2560764549547,47.3103507950796
b2b-all-6681566-4-163md-d-2536,26940,1987,3600,-122.2560764549547,47.3103507950796
b2b-all-6681566-4-163hdv-d-0-2537,31920,1987,3600,-122.2560764549547,47.3103507950796
b2b-all-6681566-4-163hdv-d-0-2538,26940,1987,3600,-122.2560764549547,47.3103507950796
b2b-all-6681566-4-163hdv-d-0-2539,26940,1987,3600,-122.2560764549547,47.3103507950796
b2b-all-6681566-4-163hdv-d-0-2540,26940,1987,3600,-122.2560764549547,47.3103507950796
b2b-all-6681566-4-163hdv-d-0-2541,26940,1987,3600,-122.2560764549547,47.3103507950796
b2b-all-6681566-4-163hdv-d-0-2542,26940,1987,3600,-122.2560764549547,47.3103507950796
b2b-all-6681566-4-163hdv-d-0-2543,26940,1987,3600,-122.2560764549547,47.3103507950796
b2b-all-6681566-4-163hdv-d-0-2544,30660,1987,3600,-122.2560764549547,47.3103507950796
b2b-all-6681566-4-163hdv-d-0-2545,26940,1987,3600,-122.2560764549547,47.3103507950796
b2b-all-6681566-4-163hdv-d-0-2546,26940,1987,3600,-122.2560764549547,47.3103507950796
b2b-all-6681566-4-163hdv-d-0-2547,26940,1987,3600,-122.2560764549547,47.3103507950796
b2b-all-6681566-4-163hdv-d-0-2548,27240,1987,3600,-122.2560764549547,47.3103507950796
b2b-all-6681566-4-163hdv-d-0-2549,26940,1987,3600,-122.2560764549547,47.3103507950796
b2b-all-6681566-4-163hdv-d-0-2550,26940,1987,3600,-122.2560764549547,47.3103507950796
b2b-all-6681566-4-163hdv-d-0-2551,26940,1987,3600,-122.2560764549547,47.3103507950796
b2b-all-6681566-4-163hdv-d-0-2552,33180,1987,3600,-122.2560764549547,47.3103507950796
b2b-all-6681566-4-163hdv-d-0-2553,26940,1987,3600,-122.2560764549547,47.3103507950796
b2b-all-6681566-4-163hdv-d-0-2554,26940,1987,3600,-122.2560764549547,47.3103507950796
b2b-all-6681566-4-163hdv-d-0-2555,26940,1987,3600,-122.2560764549547,47.3103507950796
b2b-all-6681566-4-163hdv-d-0-2556,26940,1987,3600,-122.2560764549547,47.3103507950796
b2b-all-6681566-4-163hdv-d-1-2557,26940,1987,3600,-122.2560764549547,47.3103507950796
b2b-all-6681566-4-163hdv-d-1-2558,26940,1987,3600,-122.2560764549547,47.3103507950796
b2b-all-6681566-4-163hdv-d-1-2559,26940,1987,3600,-122.2560764549547,47.3103507950796
b2b-all-6681566-4-163hdv-d-1-2560,26940,1987,3600,-122.2560764549547,47.3103507950796
b2b-all-6681566-4-163hdv-d-1-2561,33780,1987,3600,-122.2560764549547,47.3103507950796
b2b-all-6681566-4-163hdv-d-1-2562,27000,1987,3600,-122.2560764549547,47.3103507950796
b2b-all-6681566-4-163hdv-d-1-2563,33180,1987,3600,-122.2560764549547,47.3103507950796
b2b-all-6681566-4-163hdv-d-1-2564,26940,1987,3600,-122.2560764549547,47.3103507950796
b2b-all-6681566-4-163hdv-d-2-2565,26940,1987,3600,-122.2560764549547,47.3103507950796
b2b-all-6681566-4-163hdv-d-2-2566,28260,1987,3600,-122.2560764549547,47.3103507950796
b2b-all-6681566-4-164md-d-2567,46140,1987,3600,-122.2560764549547,47.3103507950796
b2b-all-6681566-4-164md-d-2568,46140,1987,3600,-122.2560764549547,47.3103507950796
b2b-all-6681566-4-164md-d-2569,46140,1987,3600,-122.2560764549547,47.3103507950796
b2b-all-6681566-4-164md-d-2570,46140,1987,3600,-122.2560764549547,47.3103507950796
b2b-all-6681566-4-164md-d-2571,46140,1987,3600,-122.2560764549547,47.3103507950796
b2b-all-6681566-4-164md-d-2572,46140,1987,3600,-122.2560764549547,47.3103507950796
b2b-all-6681566-4-164hdv-d-2573,46140,1987,3600,-122.2560764549547,47.3103507950796
b2b-all-6681566-4-164hdv-d-2574,46140,1987,3600,-122.2560764549547,47.3103507950796
b2b-all-6681789-2-165md-d-2575,22680,1150,3600,-122.36590484257002,47.63992804684961
b2b-all-6681789-2-165md-d-2576,22680,1150,3600,-122.36590484257002,47.63992804684961
b2b-all-6681789-2-165md-d-2577,24480,1150,3600,-122.36590484257002,47.63992804684961
b2b-all-6681789-2-165md-d-2578,22680,1150,3600,-122.36590484257002,47.63992804684961
b2b-all-6681789-2-165md-d-2579,22680,1150,3600,-122.36590484257002,47.63992804684961
b2b-all-6681789-2-165md-d-2580,33180,1150,3600,-122.36590484257002,47.63992804684961
b2b-all-6681789-2-165hdt-d-2581,33120,1150,3600,-122.36590484257002,47.63992804684961
b2b-all-6681789-2-165hdt-d-2582,24960,1150,3600,-122.36590484257002,47.63992804684961
b2b-all-6681789-2-165hdt-d-2583,22680,1150,3600,-122.36590484257002,47.63992804684961
b2b-all-6682033-3-166hdv-d-2584,34200,3181,3600,-122.77190187190745,47.21656893604093
b2b-all-6682033-3-166hdv-d-2585,34200,3181,3600,-122.77190187190745,47.21656893604093
b2b-all-6682174-1-167md-d-2586,23700,3854,3600,-122.3645144674494,48.26687162473969
b2b-all-6682174-1-167md-d-2587,29940,3854,3600,-122.3645144674494,48.26687162473969
b2b-all-6682174-1-167md-d-2588,23700,3854,3600,-122.3645144674494,48.26687162473969
b2b-all-6682174-1-167md-d-2589,23700,3854,3600,-122.3645144674494,48.26687162473969
b2b-all-6682174-1-167md-d-2590,23700,3854,3600,-122.3645144674494,48.26687162473969
b2b-all-6682174-1-167md-d-2591,28320,3854,3600,-122.3645144674494,48.26687162473969
b2b-all-6682174-1-167hdt-d-2592,23700,3854,3600,-122.3645144674494,48.26687162473969
b2b-all-6682174-1-167hdt-d-2593,23760,3854,3600,-122.3645144674494,48.26687162473969
b2b-all-6683385-3-168hdt-d-2594,51000,1265,3600,-122.33035810884576,47.60070200539321
b2b-all-6683385-3-168hdt-d-2595,51000,1265,3600,-122.33035810884576,47.60070200539321
b2b-all-6683385-3-169hdt-d-2596,45540,1265,3600,-122.33035810884576,47.60070200539321
b2b-all-6683385-3-169hdt-d-2597,45540,1265,3600,-122.33035810884576,47.60070200539321
b2b-all-6683521-4-170hdv-d-2598,34140,1244,3600,-122.32908031698182,47.606518317557786
b2b-all-6683521-4-170hdv-d-2599,34140,1244,3600,-122.32908031698182,47.606518317557786
b2b-all-6683692-2-171hdv-d-2600,46800,1205,3600,-122.31375091918694,47.62390829813907
b2b-all-6683758-1-172md-d-2601,20280,5885,3600,-123.12917480974409,44.98433170990787
b2b-all-6683758-1-172md-d-2602,20160,5885,3600,-123.12917480974409,44.98433170990787
b2b-all-6683758-1-172md-d-2603,20160,5885,3600,-123.12917480974409,44.98433170990787
b2b-all-6683758-1-172md-d-2604,20160,5885,3600,-123.12917480974409,44.98433170990787
b2b-all-6683758-1-172md-d-2605,20160,5885,3600,-123.12917480974409,44.98433170990787
b2b-all-6685894-1-173md-d-2606,11280,5882,3600,-123.14494409844396,44.98169645199568
b2b-all-6687940-1-174md-d-2607,27720,3191,3600,-122.48240942711132,47.05796598200305
b2b-all-6688999-4-175hdv-d-0-2608,27000,1035,3600,-122.38556117439197,47.68880413876428
b2b-all-6688999-4-175hdv-d-0-2609,22740,1035,3600,-122.38556117439197,47.68880413876428
b2b-all-6688999-4-175hdv-d-0-2610,22080,1035,3600,-122.38556117439197,47.68880413876428
b2b-all-6688999-4-175hdv-d-0-2611,34200,1035,3600,-122.38556117439197,47.68880413876428
b2b-all-6688999-4-175hdv-d-0-2612,23940,1035,3600,-122.38556117439197,47.68880413876428
b2b-all-6688999-4-175hdv-d-1-2613,21420,1035,3600,-122.38556117439197,47.68880413876428
b2b-all-6688999-4-175hdv-d-1-2614,29640,1035,3600,-122.38556117439197,47.68880413876428
b2b-all-6688999-4-175hdv-d-1-2615,25680,1035,3600,-122.38556117439197,47.68880413876428
b2b-all-6688999-4-175hdv-d-1-2616,34560,1035,3600,-122.38556117439197,47.68880413876428
b2b-all-6688999-4-175hdv-d-1-2617,25200,1035,3600,-122.38556117439197,47.68880413876428
b2b-all-6688999-4-175hdv-d-2-2618,17100,1035,3600,-122.38556117439197,47.68880413876428
b2b-all-6688999-4-175hdv-d-2-2619,28980,1035,3600,-122.38556117439197,47.68880413876428
b2b-all-6688999-4-176hdv-d-2620,54600,1035,3600,-122.38556117439197,47.68880413876428
b2b-all-6689004-1-177md-d-2621,33180,1774,3600,-122.278709028232,47.50314572275404
b2b-all-6689004-2-178hdt-d-2622,36780,1774,3600,-122.278709028232,47.50314572275404
b2b-all-6692461-2-179hdt-d-2623,21960,5885,3600,-123.12917480974409,44.98433170990787
b2b-all-6692461-2-179hdt-d-2624,14400,5885,3600,-123.12917480974409,44.98433170990787
b2b-all-6692478-1-180md-d-2625,21900,5885,3600,-123.12917480974409,44.98433170990787
b2b-all-6696207-2-181hdv-d-2626,11040,3895,3600,-121.26884369455286,48.17174536079158
b2b-all-6696340-1-182md-d-2627,18240,5885,3600,-123.12917480974409,44.98433170990787
b2b-all-6696340-1-182md-d-2628,21360,5885,3600,-123.12917480974409,44.98433170990787
b2b-all-6696393-1-183md-d-2629,27840,3854,3600,-122.3645144674494,48.26687162473969
b2b-all-6696393-1-183md-d-2630,19020,3854,3600,-122.3645144674494,48.26687162473969
b2b-all-6696393-3-184hdv-d-0-2631,27180,3854,3600,-122.3645144674494,48.26687162473969
b2b-all-6696393-3-184hdv-d-0-2632,22320,3854,3600,-122.3645144674494,48.26687162473969
b2b-all-6696393-3-184hdv-d-0-2633,22380,3854,3600,-122.3645144674494,48.26687162473969
b2b-all-6696393-3-184hdv-d-1-2634,22200,3854,3600,-122.3645144674494,48.26687162473969
b2b-all-6697569-2-185hdv-d-2635,28440,5885,3600,-123.12917480974409,44.98433170990787
b2b-all-6697571-2-186hdv-d-2636,20220,5885,3600,-123.12917480974409,44.98433170990787
b2b-all-6697749-1-187hdt-d-2637,31620,1477,3600,-122.17234773330308,47.75770150700826
b2b-all-6698129-2-188hdv-d-2638,16920,5897,3600,-123.21550111052947,44.80748760973425
b2b-all-6698566-1-189hdv-d-2639,14100,5885,3600,-123.12917480974409,44.98433170990787
b2b-all-6698893-1-190hdt-d-2640,18060,5885,3600,-123.12917480974409,44.98433170990787
b2b-all-6699552-1-191hdt-d-2641,31620,1268,3600,-122.33719345274876,47.55751476696726
b2b-all-6699555-2-192hdv-d-2642,23100,5885,3600,-123.12917480974409,44.98433170990787
b2b-all-6699671-1-193hdt-d-2643,20880,5897,3600,-123.21550111052947,44.80748760973425
b2b-all-6699671-1-193hdv-d-2644,17820,5897,3600,-123.21550111052947,44.80748760973425
b2b-all-6700034-1-194hdt-d-2645,26220,1016,3600,-122.31017163121469,47.686068116697406
b2b-all-6700036-1-195md-d-2646,32940,1280,3600,-122.39828697963016,47.58481233709288
b2b-all-6700552-1-197md-d-2647,28800,1115,3600,-122.32587969892175,47.66313139304456
b2b-all-6700552-1-198md-d-2648,39060,1115,3600,-122.32587969892175,47.66313139304456
b2b-all-6700552-2-199hdv-d-2649,36660,1115,3600,-122.32587969892175,47.66313139304456
b2b-all-6700552-2-199hdv-d-2650,36660,1115,3600,-122.32587969892175,47.66313139304456
b2b-all-6700554-1-200md-d-2651,20640,1701,3600,-122.07270396690708,47.53577247352216
b2b-all-6700554-1-200md-d-2652,20640,1701,3600,-122.07270396690708,47.53577247352216
b2b-all-6700554-1-200md-d-2653,20640,1701,3600,-122.07270396690708,47.53577247352216
b2b-all-6700554-1-200md-d-2654,20640,1701,3600,-122.07270396690708,47.53577247352216
b2b-all-6700554-1-200md-d-2655,20640,1701,3600,-122.07270396690708,47.53577247352216
b2b-all-6700554-2-201md-d-2656,21480,1701,3600,-122.07270396690708,47.53577247352216
b2b-all-6700554-2-201md-d-2657,26460,1701,3600,-122.07270396690708,47.53577247352216
b2b-all-6700554-3-202hdv-d-0-2658,55200,1701,3600,-122.07270396690708,47.53577247352216
b2b-all-6700554-3-202hdv-d-0-2659,55200,1701,3600,-122.07270396690708,47.53577247352216
b2b-all-6700554-3-202hdv-d-0-2660,55200,1701,3600,-122.07270396690708,47.53577247352216
b2b-all-6700554-3-202hdv-d-1-2661,55200,1701,3600,-122.07270396690708,47.53577247352216
b2b-all-6700554-3-202hdv-d-1-2662,55200,1701,3600,-122.07270396690708,47.53577247352216
b2b-all-6700554-3-202hdv-d-1-2663,55200,1701,3600,-122.07270396690708,47.53577247352216
b2b-all-6700554-3-202hdv-d-1-2664,55200,1701,3600,-122.07270396690708,47.53577247352216
b2b-all-6700554-3-202hdv-d-2-2665,55200,1701,3600,-122.07270396690708,47.53577247352216
b2b-all-6700554-3-202hdv-d-2-2666,55200,1701,3600,-122.07270396690708,47.53577247352216
b2b-all-6700554-3-202hdv-d-2-2667,55200,1701,3600,-122.07270396690708,47.53577247352216
b2b-all-6700554-3-202hdv-d-3-2668,55200,1701,3600,-122.07270396690708,47.53577247352216
b2b-all-6700554-3-202hdv-d-3-2669,55200,1701,3600,-122.07270396690708,47.53577247352216
b2b-all-6700554-3-203hdv-d-2670,48000,1701,3600,-122.07270396690708,47.53577247352216
b2b-all-6700554-3-203hdv-d-2671,48000,1701,3600,-122.07270396690708,47.53577247352216
b2b-all-6700554-3-203hdv-d-2672,48000,1701,3600,-122.07270396690708,47.53577247352216
b2b-all-6702138-1-204hdt-d-2673,21300,5885,3600,-123.12917480974409,44.98433170990787
b2b-all-6702160-1-205md-d-2674,48000,959,3600,-122.2942614672708,47.71747628667642
b2b-all-6702400-2-206hdt-d-2675,25380,5885,3600,-123.12917480974409,44.98433170990787
b2b-all-6702401-1-207md-d-2676,28800,5911,3600,-123.33515380404658,45.06513967621475
b2b-all-6703018-1-208hdv-d-2677,21540,1145,3600,-122.38392047969351,47.633671540255534
b2b-all-6703021-1-209hdv-d-2678,25380,3205,3600,-122.47266831305922,46.8934296551068
b2b-all-6703021-2-210hdv-d-2679,22560,3205,3600,-122.47266831305922,46.8934296551068
b2b-all-6703021-2-210hdv-d-2680,17340,3205,3600,-122.47266831305922,46.8934296551068
b2b-all-6703352-4-211hdv-d-2681,30420,2316,3600,-122.01004218421446,47.67987406478615
b2b-all-6703352-4-211hdv-d-2682,30420,2316,3600,-122.01004218421446,47.67987406478615
b2b-all-6703352-4-211hdv-d-2683,30420,2316,3600,-122.01004218421446,47.67987406478615
b2b-all-6703352-4-212hdv-d-2684,46920,2316,3600,-122.01004218421446,47.67987406478615
b2b-all-6704330-1-213hdt-d-2685,41220,1497,3600,-122.17836766394691,47.75416602476028
b2b-all-6704330-1-214hdt-d-2686,38940,1497,3600,-122.17836766394691,47.75416602476028
b2b-all-6704358-1-215md-d-2687,32100,1260,3600,-122.3033043178479,47.59400686500204
b2b-all-6704358-1-215md-d-2688,34500,1260,3600,-122.3033043178479,47.59400686500204
b2b-all-6704358-1-215md-d-2689,32100,1260,3600,-122.3033043178479,47.59400686500204
b2b-all-6704358-1-215hdv-d-2690,32100,1260,3600,-122.3033043178479,47.59400686500204
b2b-all-6704358-1-215hdv-d-2691,32100,1260,3600,-122.3033043178479,47.59400686500204
b2b-all-6704358-1-216md-d-2692,30000,1260,3600,-122.3033043178479,47.59400686500204
b2b-all-6704473-2-217hdt-d-0-2693,28380,1154,3600,-122.35423176771872,47.64867617586924
b2b-all-6704473-2-217hdt-d-0-2694,28380,1154,3600,-122.35423176771872,47.64867617586924
b2b-all-6704473-2-217hdt-d-0-2695,28380,1154,3600,-122.35423176771872,47.64867617586924
b2b-all-6704473-2-217hdt-d-1-2696,28380,1154,3600,-122.35423176771872,47.64867617586924
b2b-all-6704473-2-217hdt-d-1-2697,33780,1154,3600,-122.35423176771872,47.64867617586924
b2b-all-6704473-2-217hdt-d-1-2698,29520,1154,3600,-122.35423176771872,47.64867617586924
b2b-all-6704473-2-217hdt-d-2-2699,28380,1154,3600,-122.35423176771872,47.64867617586924
b2b-all-6704473-2-217hdt-d-2-2700,28380,1154,3600,-122.35423176771872,47.64867617586924
b2b-all-6704473-2-217hdt-d-2-2701,28380,1154,3600,-122.35423176771872,47.64867617586924
b2b-all-6704473-2-217hdt-d-3-2702,29280,1154,3600,-122.35423176771872,47.64867617586924
b2b-all-6704473-2-218hdt-d-2703,30360,1154,3600,-122.35423176771872,47.64867617586924
b2b-all-6704473-2-218hdt-d-2704,30360,1154,3600,-122.35423176771872,47.64867617586924
b2b-all-6704473-2-218hdt-d-2705,30360,1154,3600,-122.35423176771872,47.64867617586924
b2b-all-6704473-2-218hdt-d-2706,30360,1154,3600,-122.35423176771872,47.64867617586924
b2b-all-6704473-2-218hdt-d-2707,30360,1154,3600,-122.35423176771872,47.64867617586924
b2b-all-6704473-2-218hdt-d-2708,30360,1154,3600,-122.35423176771872,47.64867617586924
b2b-all-6705043-1-219hdv-d-2709,27660,1634,3600,-122.2057036727198,47.61326746111876
b2b-all-6705043-1-219hdv-d-2710,27660,1634,3600,-122.2057036727198,47.61326746111876
b2b-all-6705765-1-220md-d-0-2711,26700,1056,3600,-122.3532429243948,47.67318320409566
b2b-all-6705765-1-220md-d-0-2712,24180,1056,3600,-122.3532429243948,47.67318320409566
b2b-all-6705765-1-220md-d-0-2713,28980,1056,3600,-122.3532429243948,47.67318320409566
b2b-all-6705765-1-220md-d-1-2714,31560,1056,3600,-122.3532429243948,47.67318320409566
b2b-all-6705765-1-220md-d-1-2715,28860,1056,3600,-122.3532429243948,47.67318320409566
b2b-all-6705765-1-220md-d-1-2716,30060,1056,3600,-122.3532429243948,47.67318320409566
b2b-all-6705765-1-220md-d-2-2717,27300,1056,3600,-122.3532429243948,47.67318320409566
b2b-all-6705765-1-220md-d-2-2718,28920,1056,3600,-122.3532429243948,47.67318320409566
b2b-all-6705765-1-221md-d-2719,50400,1056,3600,-122.3532429243948,47.67318320409566
b2b-all-6705765-4-222hdv-d-0-2720,57120,1056,3600,-122.3532429243948,47.67318320409566
b2b-all-6705765-4-222hdv-d-0-2721,57120,1056,3600,-122.3532429243948,47.67318320409566
b2b-all-6705765-4-222hdv-d-0-2722,57120,1056,3600,-122.3532429243948,47.67318320409566
b2b-all-6705765-4-222hdv-d-1-2723,57120,1056,3600,-122.3532429243948,47.67318320409566
b2b-all-6705765-4-222hdv-d-1-2724,57120,1056,3600,-122.3532429243948,47.67318320409566
b2b-all-6705765-4-222hdv-d-1-2725,57120,1056,3600,-122.3532429243948,47.67318320409566
b2b-all-6705765-4-222hdv-d-2-2726,57120,1056,3600,-122.3532429243948,47.67318320409566
b2b-all-6705765-4-222hdv-d-2-2727,57120,1056,3600,-122.3532429243948,47.67318320409566
b2b-all-6705765-4-222hdv-d-2-2728,57120,1056,3600,-122.3532429243948,47.67318320409566
b2b-all-6705765-4-222hdv-d-3-2729,57120,1056,3600,-122.3532429243948,47.67318320409566
b2b-all-6705765-4-222hdv-d-3-2730,57120,1056,3600,-122.3532429243948,47.67318320409566
b2b-all-6705765-4-222hdv-d-3-2731,57120,1056,3600,-122.3532429243948,47.67318320409566
b2b-all-6705765-4-222hdv-d-4-2732,57120,1056,3600,-122.3532429243948,47.67318320409566
b2b-all-6705765-4-222hdv-d-4-2733,57120,1056,3600,-122.3532429243948,47.67318320409566
b2b-all-6705765-4-222hdv-d-4-2734,57120,1056,3600,-122.3532429243948,47.67318320409566
b2b-all-6705765-4-222hdv-d-5-2735,57120,1056,3600,-122.3532429243948,47.67318320409566
b2b-all-6705765-4-222hdv-d-5-2736,57120,1056,3600,-122.3532429243948,47.67318320409566
b2b-all-6705765-4-222hdv-d-5-2737,57120,1056,3600,-122.3532429243948,47.67318320409566
b2b-all-6705765-4-222hdv-d-6-2738,57120,1056,3600,-122.3532429243948,47.67318320409566
b2b-all-6705765-4-222hdv-d-6-2739,57120,1056,3600,-122.3532429243948,47.67318320409566
b2b-all-6705765-4-222hdv-d-6-2740,57120,1056,3600,-122.3532429243948,47.67318320409566
b2b-all-6705765-4-222hdv-d-7-2741,57120,1056,3600,-122.3532429243948,47.67318320409566
b2b-all-6705765-4-222hdv-d-7-2742,57120,1056,3600,-122.3532429243948,47.67318320409566
b2b-all-6705765-4-222hdv-d-7-2743,57120,1056,3600,-122.3532429243948,47.67318320409566
b2b-all-6705765-4-222hdv-d-8-2744,57120,1056,3600,-122.3532429243948,47.67318320409566
b2b-all-6705765-4-222hdv-d-8-2745,57120,1056,3600,-122.3532429243948,47.67318320409566
b2b-all-6705765-4-222hdv-d-8-2746,57120,1056,3600,-122.3532429243948,47.67318320409566
b2b-all-6705765-4-222hdv-d-9-2747,57120,1056,3600,-122.3532429243948,47.67318320409566
b2b-all-6705765-4-222hdv-d-9-2748,57120,1056,3600,-122.3532429243948,47.67318320409566
b2b-all-6705765-4-222hdv-d-9-2749,57120,1056,3600,-122.3532429243948,47.67318320409566
b2b-all-6705767-1-224hdt-d-2750,39600,2128,3600,-121.69744610643237,47.16798796331104
b2b-all-6706108-1-225hdt-d-2751,31740,1049,3600,-122.38191290440255,47.67323478763325
b2b-all-6706108-1-225hdt-d-2752,31740,1049,3600,-122.38191290440255,47.67323478763325
b2b-all-6706315-1-226md-d-0-2753,33480,2149,3600,-122.1313015332808,47.35443076195621
b2b-all-6706315-1-226md-d-0-2754,33480,2149,3600,-122.1313015332808,47.35443076195621
b2b-all-6706315-1-226md-d-0-2755,33480,2149,3600,-122.1313015332808,47.35443076195621
b2b-all-6706315-1-226md-d-1-2756,33480,2149,3600,-122.1313015332808,47.35443076195621
b2b-all-6706316-1-227hdt-d-0-2757,35940,1052,3600,-122.35813911692205,47.67318566142634
b2b-all-6706316-1-227hdt-d-0-2758,32760,1052,3600,-122.35813911692205,47.67318566142634
b2b-all-6706316-1-227hdt-d-0-2759,32760,1052,3600,-122.35813911692205,47.67318566142634
b2b-all-6706316-1-227hdt-d-1-2760,35760,1052,3600,-122.35813911692205,47.67318566142634
b2b-all-6706316-1-227hdt-d-1-2761,32760,1052,3600,-122.35813911692205,47.67318566142634
b2b-all-6706316-1-227hdt-d-1-2762,32760,1052,3600,-122.35813911692205,47.67318566142634
b2b-all-6706316-1-227hdt-d-2-2763,32760,1052,3600,-122.35813911692205,47.67318566142634
b2b-all-6706467-1-228hdv-d-2764,55200,1262,3600,-122.32045866949817,47.598286189975695
b2b-all-6706470-1-229hdv-d-2765,25500,5885,3600,-123.12917480974409,44.98433170990787
b2b-all-6706525-1-230hdv-d-2766,25920,5885,3600,-123.12917480974409,44.98433170990787
b2b-all-6706754-1-231md-d-2767,16800,1144,3600,-122.37701979718965,47.64488916381168
b2b-all-6706755-1-232hdt-d-2768,43380,1367,3600,-122.34282610591632,47.524328551579
b2b-all-6706756-1-233hdt-d-2769,36420,1002,3600,-122.31409628539072,47.69677755906455
b2b-all-6707017-1-234hdv-d-2770,26880,2128,3600,-121.69744610643237,47.16798796331104
b2b-all-6707200-1-235hdv-d-2771,17880,2386,3600,-122.55991639490988,47.886230772663865
b2b-all-6707441-1-236md-d-2772,40200,2022,3600,-122.39862797016464,47.31707842031702
b2b-all-6707725-1-237md-d-2773,28560,1252,3600,-122.30702453671084,47.60396743753456
b2b-all-6707725-1-237md-d-2774,28560,1252,3600,-122.30702453671084,47.60396743753456
b2b-all-6707903-1-238hdt-d-2775,9960,5885,3600,-123.12917480974409,44.98433170990787
b2b-all-6708340-1-239hdv-d-2776,24660,5885,3600,-123.12917480974409,44.98433170990787
b2b-all-6708714-1-240md-d-2777,50280,1232,3600,-122.3474239347584,47.6114463212114
b2b-all-6708714-1-241md-d-2778,46440,1232,3600,-122.3474239347584,47.6114463212114
b2b-all-6708714-1-241md-d-2779,46440,1232,3600,-122.3474239347584,47.6114463212114
b2b-all-6709750-3-242hdv-d-2780,13980,3895,3600,-121.26884369455286,48.17174536079158
b2b-all-6709886-1-243md-d-2781,18180,1718,3600,-122.20541611306004,47.48118397959418
b2b-all-6709886-1-244md-d-2782,43560,1718,3600,-122.20541611306004,47.48118397959418
b2b-all-6709948-4-245hdv-d-0-2783,25200,1456,3600,-122.30578464602932,47.7405640103275
b2b-all-6709948-4-245hdv-d-0-2784,26400,1456,3600,-122.30578464602932,47.7405640103275
b2b-all-6709948-4-245hdv-d-0-2785,24900,1456,3600,-122.30578464602932,47.7405640103275
b2b-all-6709948-4-245hdv-d-0-2786,31140,1456,3600,-122.30578464602932,47.7405640103275
b2b-all-6709948-4-245hdv-d-1-2787,34440,1456,3600,-122.30578464602932,47.7405640103275
b2b-all-6709948-4-245hdv-d-1-2788,21840,1456,3600,-122.30578464602932,47.7405640103275
b2b-all-6709948-4-245hdv-d-1-2789,21840,1456,3600,-122.30578464602932,47.7405640103275
b2b-all-6709948-4-245hdv-d-1-2790,25860,1456,3600,-122.30578464602932,47.7405640103275
b2b-all-6709948-4-245hdv-d-2-2791,26820,1456,3600,-122.30578464602932,47.7405640103275
b2b-all-6709948-4-245hdv-d-2-2792,28320,1456,3600,-122.30578464602932,47.7405640103275
b2b-all-6709948-4-245hdv-d-2-2793,17820,1456,3600,-122.30578464602932,47.7405640103275
b2b-all-6709948-4-245hdv-d-2-2794,30240,1456,3600,-122.30578464602932,47.7405640103275
b2b-all-6709948-4-245hdv-d-3-2795,19320,1456,3600,-122.30578464602932,47.7405640103275
b2b-all-6709948-4-245hdv-d-3-2796,31980,1456,3600,-122.30578464602932,47.7405640103275
b2b-all-6709948-4-245hdv-d-3-2797,18480,1456,3600,-122.30578464602932,47.7405640103275
b2b-all-6709948-4-245hdv-d-3-2798,23460,1456,3600,-122.30578464602932,47.7405640103275
b2b-all-6709948-4-245hdv-d-4-2799,31500,1456,3600,-122.30578464602932,47.7405640103275
b2b-all-6709948-4-245hdv-d-4-2800,29040,1456,3600,-122.30578464602932,47.7405640103275
b2b-all-6709948-4-245hdv-d-4-2801,28800,1456,3600,-122.30578464602932,47.7405640103275
b2b-all-6709948-4-246hdv-d-2802,14640,1456,3600,-122.30578464602932,47.7405640103275
b2b-all-6709948-4-246hdv-d-2803,24720,1456,3600,-122.30578464602932,47.7405640103275
b2b-all-6709948-4-246hdv-d-2804,14640,1456,3600,-122.30578464602932,47.7405640103275
b2b-all-6710086-3-247hdt-d-2805,22260,5885,3600,-123.12917480974409,44.98433170990787
b2b-all-6710086-4-248hdv-d-2806,31800,5885,3600,-123.12917480974409,44.98433170990787
b2b-all-6710857-1-249md-d-2807,30120,5885,3600,-123.12917480974409,44.98433170990787
b2b-all-6710857-1-249md-d-2808,30120,5885,3600,-123.12917480974409,44.98433170990787
b2b-all-6711260-1-250md-d-2809,30960,1366,3600,-122.31736302864766,47.52634207002699
b2b-all-6711260-1-250md-d-2810,34200,1366,3600,-122.31736302864766,47.52634207002699
b2b-all-6711522-2-251hdv-d-0-2811,52200,1465,3600,-122.275936072163,47.75564649201981
b2b-all-6711522-2-251hdv-d-0-2812,52200,1465,3600,-122.275936072163,47.75564649201981
b2b-all-6711522-2-251hdv-d-0-2813,52200,1465,3600,-122.275936072163,47.75564649201981
b2b-all-6711522-2-251hdv-d-1-2814,52200,1465,3600,-122.275936072163,47.75564649201981
b2b-all-6711522-2-251hdv-d-1-2815,52200,1465,3600,-122.275936072163,47.75564649201981
b2b-all-6711522-2-251hdv-d-1-2816,52200,1465,3600,-122.275936072163,47.75564649201981
b2b-all-6711522-2-251hdv-d-2-2817,52200,1465,3600,-122.275936072163,47.75564649201981
b2b-all-6711522-2-251hdv-d-2-2818,52200,1465,3600,-122.275936072163,47.75564649201981
b2b-all-6711522-2-252hdv-d-2819,52200,1465,3600,-122.275936072163,47.75564649201981
b2b-all-6712410-1-253hdt-d-2820,17280,2092,3600,-122.22231589335227,47.26816945545832
b2b-all-6712415-1-254md-d-2821,20580,3191,3600,-122.48240942711132,47.05796598200305
b2b-all-6712422-1-255hdv-d-2822,23700,3191,3600,-122.48240942711132,47.05796598200305
b2b-all-6712818-1-256md-d-2823,27840,1094,3600,-122.3735988102795,47.65850405598369
b2b-all-6712818-1-257md-d-2824,19980,1094,3600,-122.3735988102795,47.65850405598369
b2b-all-6712818-1-257md-d-2825,19980,1094,3600,-122.3735988102795,47.65850405598369
b2b-all-6713201-2-258md-d-2826,29160,1444,3600,-122.37333891032463,47.75937924352319
b2b-all-6713201-2-258hdv-d-2827,29640,1444,3600,-122.37333891032463,47.75937924352319
b2b-all-6713201-3-259hdt-d-0-2828,33240,1444,3600,-122.37333891032463,47.75937924352319
b2b-all-6713201-3-259hdt-d-0-2829,32460,1444,3600,-122.37333891032463,47.75937924352319
b2b-all-6713201-3-259hdt-d-0-2830,32460,1444,3600,-122.37333891032463,47.75937924352319
b2b-all-6713201-3-259hdt-d-1-2831,32460,1444,3600,-122.37333891032463,47.75937924352319
b2b-all-6713201-3-259hdt-d-1-2832,32460,1444,3600,-122.37333891032463,47.75937924352319
b2b-all-6713201-3-260hdt-d-2833,32520,1444,3600,-122.37333891032463,47.75937924352319
b2b-all-6713201-4-261hdv-d-2834,27900,1444,3600,-122.37333891032463,47.75937924352319
b2b-all-6713201-4-261hdv-d-2835,27900,1444,3600,-122.37333891032463,47.75937924352319
b2b-all-6713711-1-262md-d-2836,48600,1266,3600,-122.31647670754664,47.583558189604666
b2b-all-6713722-1-263hdv-d-2837,27900,3184,3600,-122.66808420396303,47.10635009599398
b2b-all-6714071-2-264hdt-d-2838,57000,1629,3600,-122.18429043586453,47.62099901458043
b2b-all-6714071-2-264hdt-d-2839,57000,1629,3600,-122.18429043586453,47.62099901458043
b2b-all-6714072-2-265hdt-d-2840,19320,1778,3600,-122.3203848314048,47.50500099483841
b2b-all-6714072-2-265hdt-d-2841,26100,1778,3600,-122.3203848314048,47.50500099483841
b2b-all-6714072-2-266hdt-d-2842,46020,1778,3600,-122.3203848314048,47.50500099483841
b2b-all-6714584-1-267hdv-d-2843,54780,1629,3600,-122.18509117536688,47.62525950758503
b2b-all-6714584-1-268hdt-d-2844,49200,1629,3600,-122.18509117536688,47.62525950758503
b2b-all-6714584-1-268hdt-d-2845,49200,1629,3600,-122.18509117536688,47.62525950758503
b2b-all-6714584-1-268hdv-d-2846,49200,1629,3600,-122.18509117536688,47.62525950758503
b2b-all-6715013-1-269md-d-0-2847,30120,1517,3600,-122.27115137142412,47.74078992853676
b2b-all-6715013-1-269md-d-0-2848,30120,1517,3600,-122.27115137142412,47.74078992853676
b2b-all-6715013-1-269md-d-0-2849,30120,1517,3600,-122.27115137142412,47.74078992853676
b2b-all-6715013-1-269md-d-0-2850,30120,1517,3600,-122.27115137142412,47.74078992853676
b2b-all-6715013-1-269md-d-0-2851,30120,1517,3600,-122.27115137142412,47.74078992853676
b2b-all-6715013-1-269md-d-1-2852,30120,1517,3600,-122.27115137142412,47.74078992853676
b2b-all-6715013-1-269md-d-1-2853,30120,1517,3600,-122.27115137142412,47.74078992853676
b2b-all-6715013-1-269md-d-1-2854,30120,1517,3600,-122.27115137142412,47.74078992853676
b2b-all-6715013-1-269md-d-1-2855,30120,1517,3600,-122.27115137142412,47.74078992853676
b2b-all-6715013-1-269md-d-1-2856,35040,1517,3600,-122.27115137142412,47.74078992853676
b2b-all-6715013-1-269md-d-2-2857,31320,1517,3600,-122.27115137142412,47.74078992853676
b2b-all-6715013-1-269hdt-d-2858,30120,1517,3600,-122.27115137142412,47.74078992853676
b2b-all-6715013-1-269hdt-d-2859,30120,1517,3600,-122.27115137142412,47.74078992853676
b2b-all-6715013-1-269hdt-d-2860,30120,1517,3600,-122.27115137142412,47.74078992853676
b2b-all-6715013-1-269hdt-d-2861,30120,1517,3600,-122.27115137142412,47.74078992853676
b2b-all-6715013-1-269hdv-d-2862,30120,1517,3600,-122.27115137142412,47.74078992853676
b2b-all-6715013-1-269hdv-d-2863,30120,1517,3600,-122.27115137142412,47.74078992853676
b2b-all-6715013-1-269hdv-d-2864,30120,1517,3600,-122.27115137142412,47.74078992853676
b2b-all-6715013-1-269hdv-d-2865,30120,1517,3600,-122.27115137142412,47.74078992853676
b2b-all-6715013-1-270md-d-2866,27540,1517,3600,-122.27115137142412,47.74078992853676
b2b-all-6715013-1-270md-d-2867,27540,1517,3600,-122.27115137142412,47.74078992853676
b2b-all-6715013-1-270md-d-2868,27540,1517,3600,-122.27115137142412,47.74078992853676
b2b-all-6715015-1-271md-d-0-2869,47640,1023,3600,-122.33806487446644,47.68871531987096
b2b-all-6715015-1-271md-d-0-2870,47640,1023,3600,-122.33806487446644,47.68871531987096
b2b-all-6715015-1-271md-d-0-2871,47640,1023,3600,-122.33806487446644,47.68871531987096
b2b-all-6715015-1-271md-d-1-2872,47640,1023,3600,-122.33806487446644,47.68871531987096
b2b-all-6715015-1-271md-d-1-2873,47640,1023,3600,-122.33806487446644,47.68871531987096
b2b-all-6715015-1-272md-d-2874,34020,1023,3600,-122.33806487446644,47.68871531987096
b2b-all-6715015-2-273hdv-d-2875,52800,1023,3600,-122.33806487446644,47.68871531987096
b2b-all-6715015-2-273hdv-d-2876,52800,1023,3600,-122.33806487446644,47.68871531987096
b2b-all-6715015-2-274hdv-d-2877,46920,1023,3600,-122.33806487446644,47.68871531987096
b2b-all-6715015-2-274hdv-d-2878,46920,1023,3600,-122.33806487446644,47.68871531987096
b2b-all-6715016-1-275md-d-0-2879,38160,975,3600,-122.32971596132104,47.707206319822646
b2b-all-6715016-1-275md-d-0-2880,38160,975,3600,-122.32971596132104,47.707206319822646
b2b-all-6715016-1-275md-d-0-2881,38160,975,3600,-122.32971596132104,47.707206319822646
b2b-all-6715016-1-275md-d-1-2882,38160,975,3600,-122.32971596132104,47.707206319822646
b2b-all-6715016-1-275md-d-1-2883,38160,975,3600,-122.32971596132104,47.707206319822646
b2b-all-6715016-1-275md-d-1-2884,38160,975,3600,-122.32971596132104,47.707206319822646
b2b-all-6715016-1-275md-d-2-2885,38160,975,3600,-122.32971596132104,47.707206319822646
b2b-all-6715016-1-275md-d-2-2886,38160,975,3600,-122.32971596132104,47.707206319822646
b2b-all-6715016-1-275md-d-2-2887,38160,975,3600,-122.32971596132104,47.707206319822646
b2b-all-6715016-1-275md-d-3-2888,38160,975,3600,-122.32971596132104,47.707206319822646
b2b-all-6715016-1-275md-d-3-2889,38160,975,3600,-122.32971596132104,47.707206319822646
b2b-all-6715944-1-277md-d-2890,33600,5885,3600,-123.12917480974409,44.98433170990787
b2b-all-6715944-1-277md-d-2891,33600,5885,3600,-123.12917480974409,44.98433170990787
b2b-all-6716153-1-278hdt-d-2892,27060,3895,3600,-121.26884369455286,48.17174536079158
b2b-all-6717654-1-279md-d-2893,20460,2256,3600,-122.13338387649524,47.70202265233902
b2b-all-6717654-1-279md-d-2894,28320,2256,3600,-122.13338387649524,47.70202265233902
b2b-all-6717654-1-279md-d-2895,33420,2256,3600,-122.13338387649524,47.70202265233902
b2b-all-6717654-1-279hdt-d-2896,31260,2256,3600,-122.13338387649524,47.70202265233902
b2b-all-6717654-1-279hdt-d-2897,33420,2256,3600,-122.13338387649524,47.70202265233902
b2b-all-6717654-1-279hdv-d-2898,30480,2256,3600,-122.13338387649524,47.70202265233902
b2b-all-6717654-1-279hdv-d-2899,21300,2256,3600,-122.13338387649524,47.70202265233902
b2b-all-6717654-1-280md-d-2900,50400,2256,3600,-122.13338387649524,47.70202265233902
b2b-all-6717654-1-280md-d-2901,50400,2256,3600,-122.13338387649524,47.70202265233902
b2b-all-6717654-1-280hdt-d-2902,50400,2256,3600,-122.13338387649524,47.70202265233902
b2b-all-6717654-1-280hdv-d-2903,50400,2256,3600,-122.13338387649524,47.70202265233902
b2b-all-6717655-2-281md-d-2904,20100,1532,3600,-122.21604699847713,47.71085081392626
b2b-all-6717655-2-281md-d-2905,34440,1532,3600,-122.21604699847713,47.71085081392626
b2b-all-6717655-2-281md-d-2906,28620,1532,3600,-122.21604699847713,47.71085081392626
b2b-all-6717655-2-281hdv-d-2907,29700,1532,3600,-122.21604699847713,47.71085081392626
b2b-all-6717655-2-282md-d-2908,45120,1532,3600,-122.21604699847713,47.71085081392626
b2b-all-6717656-1-283md-d-0-2909,51600,1243,3600,-122.32595394677502,47.613176445169344
b2b-all-6717656-1-283md-d-0-2910,51600,1243,3600,-122.32595394677502,47.613176445169344
b2b-all-6717656-1-283md-d-0-2911,51600,1243,3600,-122.32595394677502,47.613176445169344
b2b-all-6717656-1-283md-d-0-2912,51600,1243,3600,-122.32595394677502,47.613176445169344
b2b-all-6717656-1-283md-d-1-2913,51600,1243,3600,-122.32595394677502,47.613176445169344
b2b-all-6717656-1-283md-d-1-2914,51600,1243,3600,-122.32595394677502,47.613176445169344
b2b-all-6717656-1-283md-d-1-2915,51600,1243,3600,-122.32595394677502,47.613176445169344
b2b-all-6717656-1-283md-d-1-2916,51600,1243,3600,-122.32595394677502,47.613176445169344
b2b-all-6717656-1-283md-d-2-2917,51600,1243,3600,-122.32595394677502,47.613176445169344
b2b-all-6717656-1-283md-d-2-2918,51600,1243,3600,-122.32595394677502,47.613176445169344
b2b-all-6717656-1-283md-d-2-2919,51600,1243,3600,-122.32595394677502,47.613176445169344
b2b-all-6717656-1-283md-d-2-2920,51600,1243,3600,-122.32595394677502,47.613176445169344
b2b-all-6717656-1-283md-d-2-2921,51600,1243,3600,-122.32595394677502,47.613176445169344
b2b-all-6717656-1-283md-d-3-2922,51600,1243,3600,-122.32595394677502,47.613176445169344
b2b-all-6717656-1-283md-d-3-2923,51600,1243,3600,-122.32595394677502,47.613176445169344
b2b-all-6717656-1-283md-d-3-2924,51600,1243,3600,-122.32595394677502,47.613176445169344
b2b-all-6717656-1-284md-d-2925,28920,1243,3600,-122.32595394677502,47.613176445169344
b2b-all-6717656-1-284md-d-2926,28920,1243,3600,-122.32595394677502,47.613176445169344
b2b-all-6717656-3-285hdt-d-0-2927,24180,1243,3600,-122.32595394677502,47.613176445169344
b2b-all-6717656-3-285hdt-d-0-2928,32580,1243,3600,-122.32595394677502,47.613176445169344
b2b-all-6717656-3-285hdt-d-0-2929,29640,1243,3600,-122.32595394677502,47.613176445169344
b2b-all-6717656-3-285hdt-d-1-2930,33180,1243,3600,-122.32595394677502,47.613176445169344
b2b-all-6717656-3-285hdt-d-1-2931,33600,1243,3600,-122.32595394677502,47.613176445169344
b2b-all-6717656-3-285hdt-d-1-2932,33600,1243,3600,-122.32595394677502,47.613176445169344
b2b-all-6717656-3-285hdt-d-2-2933,29760,1243,3600,-122.32595394677502,47.613176445169344
b2b-all-6717656-3-285hdt-d-2-2934,31980,1243,3600,-122.32595394677502,47.613176445169344
b2b-all-6717656-3-285hdt-d-2-2935,26820,1243,3600,-122.32595394677502,47.613176445169344
b2b-all-6717656-3-285hdt-d-3-2936,34620,1243,3600,-122.32595394677502,47.613176445169344
b2b-all-6717656-3-285hdt-d-3-2937,33000,1243,3600,-122.32595394677502,47.613176445169344
b2b-all-6717656-3-285hdt-d-3-2938,33660,1243,3600,-122.32595394677502,47.613176445169344
b2b-all-6717656-3-285hdt-d-4-2939,21420,1243,3600,-122.32595394677502,47.613176445169344
b2b-all-6717656-3-285hdt-d-4-2940,28740,1243,3600,-122.32595394677502,47.613176445169344
b2b-all-6717656-3-285hdt-d-4-2941,25260,1243,3600,-122.32595394677502,47.613176445169344
b2b-all-6717656-3-285hdt-d-5-2942,26640,1243,3600,-122.32595394677502,47.613176445169344
b2b-all-6717656-3-285hdt-d-5-2943,34380,1243,3600,-122.32595394677502,47.613176445169344
b2b-all-6717656-3-285hdt-d-5-2944,29580,1243,3600,-122.32595394677502,47.613176445169344
b2b-all-6717656-3-285hdt-d-6-2945,28860,1243,3600,-122.32595394677502,47.613176445169344
b2b-all-6717656-3-285hdt-d-6-2946,23040,1243,3600,-122.32595394677502,47.613176445169344
b2b-all-6717656-3-285hdt-d-6-2947,26280,1243,3600,-122.32595394677502,47.613176445169344
b2b-all-6717656-4-286hdv-d-0-2948,45540,1243,3600,-122.32595394677502,47.613176445169344
b2b-all-6717656-4-286hdv-d-0-2949,45540,1243,3600,-122.32595394677502,47.613176445169344
b2b-all-6717656-4-286hdv-d-0-2950,45540,1243,3600,-122.32595394677502,47.613176445169344
b2b-all-6717656-4-286hdv-d-1-2951,45540,1243,3600,-122.32595394677502,47.613176445169344
b2b-all-6717656-4-286hdv-d-1-2952,45540,1243,3600,-122.32595394677502,47.613176445169344
b2b-all-6717656-4-286hdv-d-1-2953,45540,1243,3600,-122.32595394677502,47.613176445169344
b2b-all-6717656-4-286hdv-d-2-2954,45540,1243,3600,-122.32595394677502,47.613176445169344
b2b-all-6717656-4-286hdv-d-2-2955,45540,1243,3600,-122.32595394677502,47.613176445169344
b2b-all-6717656-4-286hdv-d-2-2956,45540,1243,3600,-122.32595394677502,47.613176445169344
b2b-all-6717656-4-286hdv-d-3-2957,45540,1243,3600,-122.32595394677502,47.613176445169344
b2b-all-6717656-4-286hdv-d-3-2958,45540,1243,3600,-122.32595394677502,47.613176445169344
b2b-all-6717656-4-286hdv-d-3-2959,45540,1243,3600,-122.32595394677502,47.613176445169344
b2b-all-6717656-4-286hdv-d-4-2960,45540,1243,3600,-122.32595394677502,47.613176445169344
b2b-all-6717656-4-286hdv-d-4-2961,45540,1243,3600,-122.32595394677502,47.613176445169344
b2b-all-6717656-4-286hdv-d-4-2962,45540,1243,3600,-122.32595394677502,47.613176445169344
b2b-all-6717656-4-286hdv-d-5-2963,45540,1243,3600,-122.32595394677502,47.613176445169344
b2b-all-6717656-4-286hdv-d-5-2964,45540,1243,3600,-122.32595394677502,47.613176445169344
b2b-all-6717656-4-286hdv-d-5-2965,45540,1243,3600,-122.32595394677502,47.613176445169344
b2b-all-6717656-4-286hdv-d-6-2966,45540,1243,3600,-122.32595394677502,47.613176445169344
b2b-all-6717656-4-286hdv-d-6-2967,45540,1243,3600,-122.32595394677502,47.613176445169344
b2b-all-6717656-4-286hdv-d-6-2968,45540,1243,3600,-122.32595394677502,47.613176445169344
b2b-all-6717656-4-286hdv-d-6-2969,45540,1243,3600,-122.32595394677502,47.613176445169344
b2b-all-6717657-1-287hdv-d-2970,47100,1554,3600,-122.17173421939424,47.6802225268705
b2b-all-6717657-1-287hdv-d-2971,47100,1554,3600,-122.17173421939424,47.6802225268705
b2b-all-6717657-1-288hdv-d-2972,45480,1554,3600,-122.17173421939424,47.6802225268705
b2b-all-6853823-2-289hdv-d-2973,40920,1831,3600,-122.35151359688476,47.471536371455336
b2b-all-6853823-2-289hdv-d-2974,40920,1831,3600,-122.35151359688476,47.471536371455336
b2b-all-6853823-2-289hdv-d-2975,40920,1831,3600,-122.35151359688476,47.471536371455336
b2b-all-6853823-2-290hdv-d-2976,45420,1831,3600,-122.35151359688476,47.471536371455336
b2b-all-6853823-2-290hdv-d-2977,45420,1831,3600,-122.35151359688476,47.471536371455336
b2b-all-6853823-2-290hdv-d-2978,45420,1831,3600,-122.35151359688476,47.471536371455336
b2b-all-6853826-4-291hdv-d-0-2979,32640,1253,3600,-122.2971185470376,47.61253665657303
b2b-all-6853826-4-291hdv-d-0-2980,30240,1253,3600,-122.2971185470376,47.61253665657303
b2b-all-6853826-4-291hdv-d-0-2981,30540,1253,3600,-122.2971185470376,47.61253665657303
b2b-all-6853826-4-291hdv-d-1-2982,29460,1253,3600,-122.2971185470376,47.61253665657303
b2b-all-6853826-4-291hdv-d-1-2983,27180,1253,3600,-122.2971185470376,47.61253665657303
b2b-all-6853826-4-291hdv-d-1-2984,31440,1253,3600,-122.2971185470376,47.61253665657303
b2b-all-6853826-4-291hdv-d-2-2985,26040,1253,3600,-122.2971185470376,47.61253665657303
b2b-all-6853826-4-291hdv-d-2-2986,26040,1253,3600,-122.2971185470376,47.61253665657303
b2b-all-6853826-4-291hdv-d-2-2987,26040,1253,3600,-122.2971185470376,47.61253665657303
b2b-all-6853826-4-291hdv-d-3-2988,26040,1253,3600,-122.2971185470376,47.61253665657303
b2b-all-6853826-4-291hdv-d-3-2989,33720,1253,3600,-122.2971185470376,47.61253665657303
b2b-all-6853826-4-291hdv-d-3-2990,26040,1253,3600,-122.2971185470376,47.61253665657303
b2b-all-6853826-4-291hdv-d-4-2991,28980,1253,3600,-122.2971185470376,47.61253665657303
b2b-all-6853826-4-291hdv-d-4-2992,34140,1253,3600,-122.2971185470376,47.61253665657303
b2b-all-6853826-4-291hdv-d-4-2993,28740,1253,3600,-122.2971185470376,47.61253665657303
b2b-all-6853826-4-291hdv-d-5-2994,33360,1253,3600,-122.2971185470376,47.61253665657303
b2b-all-6853826-4-291hdv-d-5-2995,26040,1253,3600,-122.2971185470376,47.61253665657303
b2b-all-6853826-4-291hdv-d-5-2996,34200,1253,3600,-122.2971185470376,47.61253665657303
b2b-all-6853826-4-291hdv-d-6-2997,29040,1253,3600,-122.2971185470376,47.61253665657303
b2b-all-6853826-4-291hdv-d-6-2998,29400,1253,3600,-122.2971185470376,47.61253665657303
b2b-all-6853826-4-291hdv-d-6-2999,27600,1253,3600,-122.2971185470376,47.61253665657303
b2b-all-6853826-4-291hdv-d-6-3000,34560,1253,3600,-122.2971185470376,47.61253665657303
b2b-all-6853826-4-291hdv-d-7-3001,31920,1253,3600,-122.2971185470376,47.61253665657303
b2b-all-6853826-4-291hdv-d-7-3002,32580,1253,3600,-122.2971185470376,47.61253665657303
b2b-all-6853826-4-291hdv-d-7-3003,27240,1253,3600,-122.2971185470376,47.61253665657303
b2b-all-6854162-1-292hdv-d-3004,35640,1542,3600,-122.22989840791853,47.6767148752789
b2b-all-6854162-1-292hdv-d-3005,31980,1542,3600,-122.22989840791853,47.6767148752789
b2b-all-6854163-1-294md-d-0-3006,48000,2139,3600,-122.03571505833156,47.354859722173856
b2b-all-6854163-1-294md-d-0-3007,48000,2139,3600,-122.03571505833156,47.354859722173856
b2b-all-6854163-1-294md-d-0-3008,48000,2139,3600,-122.03571505833156,47.354859722173856
b2b-all-6854163-1-294md-d-1-3009,48000,2139,3600,-122.03571505833156,47.354859722173856
b2b-all-6854163-1-295md-d-3010,25440,2139,3600,-122.03571505833156,47.354859722173856
b2b-all-6854163-1-295md-d-3011,23880,2139,3600,-122.03571505833156,47.354859722173856
b2b-all-6854163-2-296md-d-3012,53160,2139,3600,-122.03571505833156,47.354859722173856
b2b-all-6854163-2-296md-d-3013,53160,2139,3600,-122.03571505833156,47.354859722173856
b2b-all-6854163-2-296hdt-d-3014,53160,2139,3600,-122.03571505833156,47.354859722173856
b2b-all-6854163-2-296hdt-d-3015,53160,2139,3600,-122.03571505833156,47.354859722173856
b2b-all-6854163-2-296hdv-d-3016,53160,2139,3600,-122.03571505833156,47.354859722173856
b2b-all-6854163-2-296hdv-d-3017,53160,2139,3600,-122.03571505833156,47.354859722173856
b2b-all-6854163-2-297md-d-3018,30360,2139,3600,-122.03571505833156,47.354859722173856
b2b-all-6854163-2-297hdv-d-3019,30360,2139,3600,-122.03571505833156,47.354859722173856
b2b-all-6854164-1-298hdv-d-3020,31620,1268,3600,-122.34356048830384,47.56374174139228
b2b-all-6854165-1-299hdv-d-3021,52200,1537,3600,-122.25492895332565,47.697873769395045
b2b-all-6854165-1-299hdv-d-3022,52200,1537,3600,-122.25492895332565,47.697873769395045
b2b-all-6854243-1-300hdt-d-3023,43980,1243,3600,-122.32658461268262,47.61415882681023
b2b-all-6854282-1-301hdt-d-3024,27540,5885,3600,-123.12917480974409,44.98433170990787
b2b-all-689360-3-302hdt-d-3025,44940,1631,3600,-122.17814220738404,47.58485044079392
b2b-all-689360-3-302hdt-d-3026,44940,1631,3600,-122.17814220738404,47.58485044079392
b2b-all-689360-3-302hdt-d-3027,44940,1631,3600,-122.17814220738404,47.58485044079392
b2b-all-689360-3-303hdt-d-3028,49920,1631,3600,-122.17814220738404,47.58485044079392
b2b-all-689360-3-303hdt-d-3029,49920,1631,3600,-122.17814220738404,47.58485044079392
b2b-all-689363-2-304hdt-d-3030,22560,3191,3600,-122.48240942711132,47.05796598200305
b2b-all-689363-2-304hdt-d-3031,16860,3191,3600,-122.48240942711132,47.05796598200305
b2b-all-690228-2-305md-d-3032,26220,1125,3600,-122.33780034527172,47.64290728645652
b2b-all-690228-2-305md-d-3033,26220,1125,3600,-122.33780034527172,47.64290728645652
b2b-all-690228-2-305md-d-3034,26220,1125,3600,-122.33780034527172,47.64290728645652
b2b-all-690228-2-305md-d-3035,27000,1125,3600,-122.33780034527172,47.64290728645652
b2b-all-690228-2-305md-d-3036,26220,1125,3600,-122.33780034527172,47.64290728645652
b2b-all-690228-2-305md-d-3037,28440,1125,3600,-122.33780034527172,47.64290728645652
b2b-all-690228-2-305md-d-3038,26220,1125,3600,-122.33780034527172,47.64290728645652
b2b-all-690228-2-305md-d-3039,26220,1125,3600,-122.33780034527172,47.64290728645652
b2b-all-690228-2-305md-d-3040,28320,1125,3600,-122.33780034527172,47.64290728645652
b2b-all-690228-2-305md-d-3041,26220,1125,3600,-122.33780034527172,47.64290728645652
b2b-all-690228-2-305md-d-3042,28920,1125,3600,-122.33780034527172,47.64290728645652
b2b-all-690228-2-305md-d-3043,26220,1125,3600,-122.33780034527172,47.64290728645652
b2b-all-690228-2-305md-d-3044,26220,1125,3600,-122.33780034527172,47.64290728645652
b2b-all-690228-2-305hdt-d-3045,26220,1125,3600,-122.33780034527172,47.64290728645652
b2b-all-690228-2-305hdt-d-3046,29940,1125,3600,-122.33780034527172,47.64290728645652
b2b-all-690228-2-306hdt-d-3047,30840,1125,3600,-122.33780034527172,47.64290728645652
b2b-all-690228-2-306hdt-d-3048,30840,1125,3600,-122.33780034527172,47.64290728645652
b2b-all-690228-4-307hdt-d-3049,52620,1125,3600,-122.33780034527172,47.64290728645652
b2b-all-690228-4-307hdv-d-3050,52620,1125,3600,-122.33780034527172,47.64290728645652
b2b-all-690228-4-307hdv-d-3051,52620,1125,3600,-122.33780034527172,47.64290728645652
b2b-all-690228-4-307hdv-d-3052,52620,1125,3600,-122.33780034527172,47.64290728645652
b2b-all-690228-4-307hdv-d-3053,52620,1125,3600,-122.33780034527172,47.64290728645652
b2b-all-690228-4-307hdv-d-3054,52620,1125,3600,-122.33780034527172,47.64290728645652
b2b-all-690228-4-307hdv-d-3055,52620,1125,3600,-122.33780034527172,47.64290728645652
b2b-all-690228-4-307hdv-d-3056,52620,1125,3600,-122.33780034527172,47.64290728645652
b2b-all-690228-4-307hdv-d-3057,52620,1125,3600,-122.33780034527172,47.64290728645652
b2b-all-690228-4-307hdv-d-3058,52620,1125,3600,-122.33780034527172,47.64290728645652
b2b-all-690228-4-307hdv-d-3059,52620,1125,3600,-122.33780034527172,47.64290728645652
b2b-all-690228-4-307hdv-d-3060,52620,1125,3600,-122.33780034527172,47.64290728645652
b2b-all-690228-4-307hdv-d-3061,52620,1125,3600,-122.33780034527172,47.64290728645652
b2b-all-690228-4-307hdv-d-3062,52620,1125,3600,-122.33780034527172,47.64290728645652
b2b-all-690228-4-308hdv-d-0-3063,27720,1125,3600,-122.33780034527172,47.64290728645652
b2b-all-690228-4-308hdv-d-0-3064,27720,1125,3600,-122.33780034527172,47.64290728645652
b2b-all-690228-4-308hdv-d-0-3065,27720,1125,3600,-122.33780034527172,47.64290728645652
b2b-all-690228-4-308hdv-d-0-3066,27720,1125,3600,-122.33780034527172,47.64290728645652
b2b-all-690228-4-308hdv-d-0-3067,27720,1125,3600,-122.33780034527172,47.64290728645652
b2b-all-690228-4-308hdv-d-0-3068,27720,1125,3600,-122.33780034527172,47.64290728645652
b2b-all-690228-4-308hdv-d-0-3069,27720,1125,3600,-122.33780034527172,47.64290728645652
b2b-all-690228-4-308hdv-d-0-3070,27720,1125,3600,-122.33780034527172,47.64290728645652
b2b-all-690228-4-308hdv-d-0-3071,27720,1125,3600,-122.33780034527172,47.64290728645652
b2b-all-690228-4-308hdv-d-0-3072,27720,1125,3600,-122.33780034527172,47.64290728645652
b2b-all-690228-4-308hdv-d-0-3073,27720,1125,3600,-122.33780034527172,47.64290728645652
b2b-all-690228-4-308hdv-d-0-3074,27720,1125,3600,-122.33780034527172,47.64290728645652
b2b-all-690228-4-308hdv-d-0-3075,28740,1125,3600,-122.33780034527172,47.64290728645652
b2b-all-690228-4-308hdv-d-0-3076,27720,1125,3600,-122.33780034527172,47.64290728645652
b2b-all-690228-4-308hdv-d-0-3077,27720,1125,3600,-122.33780034527172,47.64290728645652
b2b-all-690228-4-308hdv-d-0-3078,27720,1125,3600,-122.33780034527172,47.64290728645652
b2b-all-690228-4-308hdv-d-0-3079,27720,1125,3600,-122.33780034527172,47.64290728645652
b2b-all-690228-4-308hdv-d-0-3080,27720,1125,3600,-122.33780034527172,47.64290728645652
b2b-all-690228-4-308hdv-d-0-3081,27720,1125,3600,-122.33780034527172,47.64290728645652
b2b-all-690228-4-308hdv-d-0-3082,27720,1125,3600,-122.33780034527172,47.64290728645652
b2b-all-690228-4-308hdv-d-1-3083,27720,1125,3600,-122.33780034527172,47.64290728645652
b2b-all-690228-4-308hdv-d-1-3084,27720,1125,3600,-122.33780034527172,47.64290728645652
b2b-all-690228-4-308hdv-d-1-3085,27720,1125,3600,-122.33780034527172,47.64290728645652
b2b-all-690228-4-308hdv-d-1-3086,27720,1125,3600,-122.33780034527172,47.64290728645652
b2b-all-690228-4-308hdv-d-1-3087,27720,1125,3600,-122.33780034527172,47.64290728645652
b2b-all-690228-4-308hdv-d-1-3088,27720,1125,3600,-122.33780034527172,47.64290728645652
b2b-all-690228-4-308hdv-d-1-3089,27720,1125,3600,-122.33780034527172,47.64290728645652
b2b-all-690228-4-308hdv-d-1-3090,27720,1125,3600,-122.33780034527172,47.64290728645652
b2b-all-690228-4-308hdv-d-1-3091,27720,1125,3600,-122.33780034527172,47.64290728645652
b2b-all-690228-4-308hdv-d-1-3092,29100,1125,3600,-122.33780034527172,47.64290728645652
b2b-all-690228-4-308hdv-d-1-3093,27720,1125,3600,-122.33780034527172,47.64290728645652
b2b-all-690228-4-308hdv-d-1-3094,27720,1125,3600,-122.33780034527172,47.64290728645652
b2b-all-690228-4-308hdv-d-1-3095,27720,1125,3600,-122.33780034527172,47.64290728645652
b2b-all-690228-4-308hdv-d-1-3096,28980,1125,3600,-122.33780034527172,47.64290728645652
b2b-all-690228-4-308hdv-d-2-3097,27720,1125,3600,-122.33780034527172,47.64290728645652
b2b-all-690228-4-308hdv-d-2-3098,27720,1125,3600,-122.33780034527172,47.64290728645652
b2b-all-690228-4-308hdv-d-2-3099,27720,1125,3600,-122.33780034527172,47.64290728645652
b2b-all-690228-4-308hdv-d-2-3100,27720,1125,3600,-122.33780034527172,47.64290728645652
b2b-all-690228-4-308hdv-d-2-3101,27720,1125,3600,-122.33780034527172,47.64290728645652
b2b-all-690228-4-308hdv-d-2-3102,27720,1125,3600,-122.33780034527172,47.64290728645652
b2b-all-690228-4-308hdv-d-2-3103,27720,1125,3600,-122.33780034527172,47.64290728645652
b2b-all-690403-1-309md-d-3104,28080,3858,3600,-122.33460113130307,48.27659681424254
b2b-all-690403-1-309md-d-3105,23880,3858,3600,-122.33460113130307,48.27659681424254
b2b-all-690403-1-309md-d-3106,20400,3858,3600,-122.33460113130307,48.27659681424254
b2b-all-690403-1-309md-d-3107,23580,3858,3600,-122.33460113130307,48.27659681424254
b2b-all-690403-4-310hdv-d-3108,26160,3858,3600,-122.33460113130307,48.27659681424254
b2b-all-690403-4-310hdv-d-3109,16380,3858,3600,-122.33460113130307,48.27659681424254
b2b-all-690403-4-310hdv-d-3110,25620,3858,3600,-122.33460113130307,48.27659681424254
b2b-all-690403-4-310hdv-d-3111,18960,3858,3600,-122.33460113130307,48.27659681424254
b2b-all-690403-4-310hdv-d-3112,19860,3858,3600,-122.33460113130307,48.27659681424254
b2b-all-690404-1-311md-d-3113,23520,3854,3600,-122.3645144674494,48.26687162473969
b2b-all-690404-1-311md-d-3114,23520,3854,3600,-122.3645144674494,48.26687162473969
b2b-all-690404-1-311md-d-3115,23520,3854,3600,-122.3645144674494,48.26687162473969
b2b-all-690404-1-311md-d-3116,23520,3854,3600,-122.3645144674494,48.26687162473969
b2b-all-690404-4-312hdv-d-3117,19080,3854,3600,-122.3645144674494,48.26687162473969
b2b-all-690404-4-312hdv-d-3118,19080,3854,3600,-122.3645144674494,48.26687162473969
b2b-all-690404-4-312hdv-d-3119,19920,3854,3600,-122.3645144674494,48.26687162473969
b2b-all-690404-4-312hdv-d-3120,19080,3854,3600,-122.3645144674494,48.26687162473969
b2b-all-690404-4-312hdv-d-3121,19080,3854,3600,-122.3645144674494,48.26687162473969
b2b-all-690404-4-312hdv-d-3122,19080,3854,3600,-122.3645144674494,48.26687162473969
b2b-all-690404-4-312hdv-d-3123,20580,3854,3600,-122.3645144674494,48.26687162473969
b2b-all-691036-1-313md-d-3124,52200,1475,3600,-122.24923851017056,47.75713776508139
b2b-all-691036-1-313md-d-3125,52200,1475,3600,-122.24923851017056,47.75713776508139
b2b-all-691036-1-313md-d-3126,52200,1475,3600,-122.24923851017056,47.75713776508139
b2b-all-691036-1-313md-d-3127,52200,1475,3600,-122.24923851017056,47.75713776508139
b2b-all-691036-1-313md-d-3128,52200,1475,3600,-122.24923851017056,47.75713776508139
b2b-all-692024-1-314md-d-3129,30720,1657,3600,-122.217485514297,47.57922754632172
b2b-all-692024-1-314md-d-3130,30720,1657,3600,-122.217485514297,47.57922754632172
b2b-all-692024-1-314md-d-3131,30720,1657,3600,-122.217485514297,47.57922754632172
b2b-all-692024-1-314md-d-3132,30720,1657,3600,-122.217485514297,47.57922754632172
b2b-all-692024-1-314md-d-3133,30720,1657,3600,-122.217485514297,47.57922754632172
b2b-all-692024-4-315hdv-d-3134,53280,1657,3600,-122.217485514297,47.57922754632172
b2b-all-692024-4-315hdv-d-3135,53280,1657,3600,-122.217485514297,47.57922754632172
b2b-all-692025-2-316hdv-d-3136,33060,1578,3600,-122.13966747052388,47.64638039734711
b2b-all-692025-2-316hdv-d-3137,33060,1578,3600,-122.13966747052388,47.64638039734711
b2b-all-692026-2-317md-d-3138,32580,1351,3600,-122.2881044647639,47.54473290298659
b2b-all-692026-2-317md-d-3139,24300,1351,3600,-122.2881044647639,47.54473290298659
b2b-all-692026-2-317md-d-3140,31200,1351,3600,-122.2881044647639,47.54473290298659
b2b-all-692026-2-317md-d-3141,25200,1351,3600,-122.2881044647639,47.54473290298659
b2b-all-692026-2-317md-d-3142,32820,1351,3600,-122.2881044647639,47.54473290298659
b2b-all-692026-4-318md-d-3143,50400,1351,3600,-122.2881044647639,47.54473290298659
b2b-all-692026-4-318md-d-3144,50400,1351,3600,-122.2881044647639,47.54473290298659
b2b-all-692026-4-318md-d-3145,50400,1351,3600,-122.2881044647639,47.54473290298659
b2b-all-692026-4-318md-d-3146,50400,1351,3600,-122.2881044647639,47.54473290298659
b2b-all-692026-4-318md-d-3147,50400,1351,3600,-122.2881044647639,47.54473290298659
b2b-all-692026-4-318hdt-d-3148,50400,1351,3600,-122.2881044647639,47.54473290298659
b2b-all-692026-4-318hdt-d-3149,50400,1351,3600,-122.2881044647639,47.54473290298659
b2b-all-692026-4-318hdv-d-3150,50400,1351,3600,-122.2881044647639,47.54473290298659
b2b-all-692026-4-318hdv-d-3151,50400,1351,3600,-122.2881044647639,47.54473290298659
b2b-all-692026-4-318hdv-d-3152,50400,1351,3600,-122.2881044647639,47.54473290298659
b2b-all-692026-4-318hdv-d-3153,50400,1351,3600,-122.2881044647639,47.54473290298659
b2b-all-692026-4-318hdv-d-3154,50400,1351,3600,-122.2881044647639,47.54473290298659
b2b-all-692026-4-318hdv-d-3155,50400,1351,3600,-122.2881044647639,47.54473290298659
b2b-all-692026-4-318hdv-d-3156,50400,1351,3600,-122.2881044647639,47.54473290298659
b2b-all-692026-4-318hdv-d-3157,50400,1351,3600,-122.2881044647639,47.54473290298659
b2b-all-692859-1-319md-d-3158,29460,3857,3600,-122.29590163174925,48.271412627164175
b2b-all-692859-1-319md-d-3159,29460,3857,3600,-122.29590163174925,48.271412627164175
b2b-all-692859-1-319md-d-3160,29460,3857,3600,-122.29590163174925,48.271412627164175
b2b-all-692859-1-319md-d-3161,29460,3857,3600,-122.29590163174925,48.271412627164175
b2b-all-692859-1-319md-d-3162,29460,3857,3600,-122.29590163174925,48.271412627164175
b2b-all-692859-3-320hdt-d-3163,18600,3857,3600,-122.29590163174925,48.271412627164175
b2b-all-692859-3-320hdt-d-3164,24300,3857,3600,-122.29590163174925,48.271412627164175
b2b-all-692859-4-321hdv-d-3165,18960,3857,3600,-122.29590163174925,48.271412627164175
b2b-all-692859-4-321hdv-d-3166,18960,3857,3600,-122.29590163174925,48.271412627164175
b2b-all-692859-4-321hdv-d-3167,27960,3857,3600,-122.29590163174925,48.271412627164175
b2b-all-692859-4-321hdv-d-3168,22560,3857,3600,-122.29590163174925,48.271412627164175
b2b-all-693065-4-322hdv-d-3169,37800,1243,3600,-122.32683742282572,47.61333344080104
b2b-all-693065-4-322hdv-d-3170,37800,1243,3600,-122.32683742282572,47.61333344080104
b2b-all-693065-4-322hdv-d-3171,37800,1243,3600,-122.32683742282572,47.61333344080104
b2b-all-693174-3-323hdv-d-3172,24000,3181,3600,-122.77190187190745,47.21656893604093
b2b-all-693174-3-323hdv-d-3173,26820,3181,3600,-122.77190187190745,47.21656893604093
b2b-all-693174-3-323hdv-d-3174,24900,3181,3600,-122.77190187190745,47.21656893604093
b2b-all-693520-4-324hdv-d-3175,19320,3248,3600,-122.31687054437133,46.861437401895486
b2b-all-696009-1-325md-d-3176,30600,3854,3600,-122.3645144674494,48.26687162473969
b2b-all-696009-1-325md-d-3177,30600,3854,3600,-122.3645144674494,48.26687162473969
b2b-all-696009-1-325md-d-3178,30600,3854,3600,-122.3645144674494,48.26687162473969
b2b-all-696009-1-325md-d-3179,30600,3854,3600,-122.3645144674494,48.26687162473969
b2b-all-696009-1-325md-d-3180,30600,3854,3600,-122.3645144674494,48.26687162473969
b2b-all-696009-3-326hdt-d-3181,20400,3854,3600,-122.3645144674494,48.26687162473969
b2b-all-696009-3-326hdt-d-3182,25140,3854,3600,-122.3645144674494,48.26687162473969
b2b-all-704069-1-327hdv-d-3183,36420,1856,3600,-122.32779176330004,47.43478454251191
b2b-all-704451-2-328hdt-d-3184,21840,1110,3600,-122.32963624802238,47.65945154418384
b2b-all-704945-3-329hdv-d-3185,31440,1120,3600,-122.31527677516092,47.65780219553597
b2b-all-704945-3-329hdv-d-3186,31440,1120,3600,-122.31527677516092,47.65780219553597
b2b-all-704945-3-329hdv-d-3187,31440,1120,3600,-122.31527677516092,47.65780219553597
b2b-all-704945-3-329hdv-d-3188,32040,1120,3600,-122.31527677516092,47.65780219553597
b2b-all-705080-3-330hdt-d-3189,33120,1941,3600,-122.20400857051524,47.39610753269035
b2b-all-705080-3-330hdt-d-3190,21480,1941,3600,-122.20400857051524,47.39610753269035
b2b-all-705080-3-331hdt-d-3191,22140,1941,3600,-122.20400857051524,47.39610753269035
b2b-all-705080-3-331hdt-d-3192,29340,1941,3600,-122.20400857051524,47.39610753269035
b2b-all-705763-1-332md-d-3193,23820,1956,3600,-122.19724020299684,47.37867079002855
b2b-all-705763-1-332md-d-3194,35040,1956,3600,-122.19724020299684,47.37867079002855
b2b-all-705763-1-332md-d-3195,24300,1956,3600,-122.19724020299684,47.37867079002855
b2b-all-705763-1-332md-d-3196,23820,1956,3600,-122.19724020299684,47.37867079002855
b2b-all-705763-1-332md-d-3197,23820,1956,3600,-122.19724020299684,47.37867079002855
b2b-all-705763-1-332md-d-3198,30360,1956,3600,-122.19724020299684,47.37867079002855
b2b-all-705775-1-333hdt-d-3199,32280,1445,3600,-122.34901557823136,47.73860190447683
b2b-all-705775-1-333hdt-d-3200,32280,1445,3600,-122.34901557823136,47.73860190447683
b2b-all-705892-4-334hdv-d-3201,20700,5885,3600,-123.12917480974409,44.98433170990787
b2b-all-705892-4-334hdv-d-3202,17340,5885,3600,-123.12917480974409,44.98433170990787
b2b-all-705894-3-335hdt-d-3203,23160,5885,3600,-123.12917480974409,44.98433170990787
b2b-all-705894-3-335hdt-d-3204,20700,5885,3600,-123.12917480974409,44.98433170990787
b2b-all-705894-3-335hdt-d-3205,19560,5885,3600,-123.12917480974409,44.98433170990787
b2b-all-705894-3-335hdt-d-3206,19560,5885,3600,-123.12917480974409,44.98433170990787
b2b-all-705910-2-336md-d-3207,48720,1191,3600,-122.34865552513192,47.62357869046775
b2b-all-705910-2-336md-d-3208,48720,1191,3600,-122.34865552513192,47.62357869046775
b2b-all-705910-2-336md-d-3209,48720,1191,3600,-122.34865552513192,47.62357869046775
b2b-all-705910-2-336md-d-3210,48720,1191,3600,-122.34865552513192,47.62357869046775
b2b-all-705910-2-336hdt-d-3211,48720,1191,3600,-122.34865552513192,47.62357869046775
b2b-all-705910-2-337hdt-d-3212,30600,1191,3600,-122.34865552513192,47.62357869046775
b2b-all-705910-2-337hdt-d-3213,30600,1191,3600,-122.34865552513192,47.62357869046775
b2b-all-705910-3-338hdt-d-3214,21120,1191,3600,-122.34865552513192,47.62357869046775
b2b-all-705910-3-338hdt-d-3215,30960,1191,3600,-122.34865552513192,47.62357869046775
b2b-all-705910-3-338hdt-d-3216,35940,1191,3600,-122.34865552513192,47.62357869046775
b2b-all-705910-3-338hdt-d-3217,31980,1191,3600,-122.34865552513192,47.62357869046775
b2b-all-705910-3-338hdt-d-3218,24180,1191,3600,-122.34865552513192,47.62357869046775
b2b-all-705910-4-339hdv-d-3219,20940,1191,3600,-122.34865552513192,47.62357869046775
b2b-all-705910-4-339hdv-d-3220,33960,1191,3600,-122.34865552513192,47.62357869046775
b2b-all-705910-4-339hdv-d-3221,28140,1191,3600,-122.34865552513192,47.62357869046775
b2b-all-705910-4-339hdv-d-3222,25320,1191,3600,-122.34865552513192,47.62357869046775
b2b-all-705910-4-339hdv-d-3223,34440,1191,3600,-122.34865552513192,47.62357869046775
b2b-all-705910-4-339hdv-d-3224,32820,1191,3600,-122.34865552513192,47.62357869046775
b2b-all-705910-4-339hdv-d-3225,27600,1191,3600,-122.34865552513192,47.62357869046775
b2b-all-705910-4-340hdv-d-3226,40980,1191,3600,-122.34865552513192,47.62357869046775
b2b-all-705910-4-340hdv-d-3227,40980,1191,3600,-122.34865552513192,47.62357869046775
b2b-all-705910-4-340hdv-d-3228,40980,1191,3600,-122.34865552513192,47.62357869046775
b2b-all-705910-4-340hdv-d-3229,40980,1191,3600,-122.34865552513192,47.62357869046775
b2b-all-705910-4-340hdv-d-3230,40980,1191,3600,-122.34865552513192,47.62357869046775
b2b-all-706344-2-341md-d-3231,43500,1251,3600,-122.30401306882632,47.60612203924998
b2b-all-706344-2-341md-d-3232,43500,1251,3600,-122.30401306882632,47.60612203924998
b2b-all-706344-2-341md-d-3233,43500,1251,3600,-122.30401306882632,47.60612203924998
b2b-all-706344-2-341md-d-3234,43500,1251,3600,-122.30401306882632,47.60612203924998
b2b-all-706344-2-341md-d-3235,43500,1251,3600,-122.30401306882632,47.60612203924998
b2b-all-706344-2-341md-d-3236,43500,1251,3600,-122.30401306882632,47.60612203924998
b2b-all-706344-2-341md-d-3237,43500,1251,3600,-122.30401306882632,47.60612203924998
b2b-all-706344-2-341md-d-3238,43500,1251,3600,-122.30401306882632,47.60612203924998
b2b-all-706344-2-341hdt-d-3239,43500,1251,3600,-122.30401306882632,47.60612203924998
b2b-all-706344-2-341hdt-d-3240,43500,1251,3600,-122.30401306882632,47.60612203924998
b2b-all-706344-4-342hdv-d-3241,37920,1251,3600,-122.30401306882632,47.60612203924998
b2b-all-706344-4-342hdv-d-3242,37920,1251,3600,-122.30401306882632,47.60612203924998
b2b-all-706346-4-343hdv-d-3243,54000,2081,3600,-122.22853866982447,47.28650652723942
b2b-all-706346-4-343hdv-d-3244,54000,2081,3600,-122.22853866982447,47.28650652723942
b2b-all-706348-3-344hdt-d-3245,55440,2120,3600,-121.98566537347372,47.20096151895571
b2b-all-706348-3-344hdt-d-3246,55440,2120,3600,-121.98566537347372,47.20096151895571
b2b-all-706348-3-344hdt-d-3247,55440,2120,3600,-121.98566537347372,47.20096151895571
b2b-all-706812-3-345hdt-d-3248,46800,2071,3600,-122.21959889695164,47.32254102670685
b2b-all-706812-3-345hdt-d-3249,46800,2071,3600,-122.21959889695164,47.32254102670685
b2b-all-706816-3-346hdt-d-3250,42000,1819,3600,-122.45757434389203,47.46834796966102
b2b-all-706816-3-346hdt-d-3251,42000,1819,3600,-122.45757434389203,47.46834796966102
b2b-all-706821-3-347hdv-d-3252,52020,2184,3600,-122.01726694890708,47.39866538193532
b2b-all-706821-3-347hdv-d-3253,52020,2184,3600,-122.01726694890708,47.39866538193532
b2b-all-707496-2-348hdt-d-3254,30720,1645,3600,-122.22383408538356,47.65209053543078
b2b-all-707496-2-348hdt-d-3255,24780,1645,3600,-122.22383408538356,47.65209053543078
b2b-all-710103-1-349md-d-3256,54060,2080,3600,-122.2388368156778,47.2896761336977
b2b-all-710103-1-349md-d-3257,54060,2080,3600,-122.2388368156778,47.2896761336977
b2b-all-710107-2-350hdv-d-3258,41220,2127,3600,-121.96264689212914,47.26505956813283
b2b-all-710108-2-351hdt-d-3259,35460,1832,3600,-122.33628800121792,47.46418302132411
b2b-all-710110-3-352hdv-d-3260,26760,1126,3600,-122.34414254585272,47.65131534591927
b2b-all-710111-1-353md-d-3261,25380,1621,3600,-122.15103235051738,47.6108557504303
b2b-all-710112-1-354hdt-d-3262,49260,2331,3600,-121.86336740112166,47.52648975953812
b2b-all-710116-2-355hdv-d-3263,25200,1181,3600,-122.3698079061654,47.63309610822189
b2b-all-710117-2-356hdv-d-3264,49260,978,3600,-122.34420868279727,47.70179256291555
b2b-all-710117-2-357hdv-d-3265,56400,978,3600,-122.34420868279727,47.70179256291555
b2b-all-710117-2-357hdv-d-3266,56400,978,3600,-122.34420868279727,47.70179256291555
b2b-all-710119-1-358md-d-3267,48120,988,3600,-122.36067405349355,47.69151671860376
b2b-all-710119-1-359md-d-3268,32220,988,3600,-122.36067405349355,47.69151671860376
b2b-all-710120-1-360hdt-d-3269,49200,1699,3600,-122.1631473353843,47.53919629719764
b2b-all-710120-1-361hdt-d-3270,32340,1699,3600,-122.1631473353843,47.53919629719764
b2b-all-710122-1-362md-d-3271,28260,1819,3600,-122.45560754659093,47.467612376717646
b2b-all-710122-1-362md-d-3272,28560,1819,3600,-122.45560754659093,47.467612376717646
b2b-all-710126-2-363md-d-3273,34200,1045,3600,-122.40634905168724,47.68118164814427
b2b-all-710127-2-364hdt-d-3274,35460,1779,3600,-122.3175566621021,47.511854043074806
b2b-all-710128-1-365md-d-3275,25020,2090,3600,-122.23770449815486,47.27383484259005
b2b-all-710128-3-366hdv-d-3276,25920,2090,3600,-122.23770449815486,47.27383484259005
b2b-all-710130-1-367md-d-3277,29220,1345,3600,-122.3414375001041,47.5415200330604
b2b-all-710130-3-368hdt-d-3278,55980,1345,3600,-122.3414375001041,47.5415200330604
b2b-all-710131-2-369hdt-d-3279,41880,1738,3600,-122.20097661614592,47.46392334484814
b2b-all-710131-2-369hdt-d-3280,41880,1738,3600,-122.20097661614592,47.46392334484814
b2b-all-710131-3-370hdv-d-3281,41220,1738,3600,-122.20097661614592,47.46392334484814
b2b-all-710132-1-371md-d-3282,33540,1775,3600,-122.31295984584746,47.51697761990871
b2b-all-710132-2-372hdt-d-3283,39000,1775,3600,-122.31295984584746,47.51697761990871
b2b-all-710134-1-373md-d-3284,49680,1767,3600,-122.2348389995484,47.48085013421958
b2b-all-710136-1-374md-d-3285,49980,2202,3600,-122.0413901547358,47.38688184019647
b2b-all-710139-1-375hdt-d-3286,35940,1215,3600,-122.3000213206436,47.616974156061616
b2b-all-710139-1-376hdt-d-3287,25560,1215,3600,-122.3000213206436,47.616974156061616
b2b-all-710141-1-377md-d-3288,48540,1235,3600,-122.33984170360516,47.6082296980657
b2b-all-710165-1-378hdt-d-3289,10320,3858,3600,-122.33460113130307,48.27659681424254
b2b-all-712956-1-379md-d-3290,27720,3854,3600,-122.3645144674494,48.26687162473969
b2b-all-712961-3-380hdt-d-3291,44520,1219,3600,-122.28913473814524,47.61553689390292
b2b-all-712961-3-380hdt-d-3292,44520,1219,3600,-122.28913473814524,47.61553689390292
b2b-all-712964-2-381hdt-d-3293,51780,1099,3600,-122.3622215513676,47.65614944050587
b2b-all-712964-2-382hdt-d-3294,20160,1099,3600,-122.3622215513676,47.65614944050587
b2b-all-712964-2-382hdt-d-3295,23100,1099,3600,-122.3622215513676,47.65614944050587
b2b-all-712969-1-383hdt-d-3296,27420,2331,3600,-121.86558410545994,47.53001787025966
b2b-all-712973-2-384hdv-d-3297,51000,1773,3600,-122.2950378480855,47.52117778774027
b2b-all-712980-1-385md-d-3298,48600,1598,3600,-122.12612144256728,47.61736727570359
b2b-all-712981-1-386hdt-d-3299,32820,1243,3600,-122.32691470273028,47.61303318244197
b2b-all-712981-2-387hdv-d-3300,22680,1243,3600,-122.32691470273028,47.61303318244197
b2b-all-712981-2-387hdv-d-3301,25080,1243,3600,-122.32691470273028,47.61303318244197
b2b-all-712984-1-388md-d-3302,36780,1094,3600,-122.37593844454578,47.66709297399874
b2b-all-712986-1-389hdt-d-3303,46800,1230,3600,-122.35314883078902,47.61605690204507
b2b-all-712988-1-390md-d-3304,17340,1513,3600,-122.20807822867124,47.702665414106384
b2b-all-712996-2-391hdv-d-3305,47580,1325,3600,-122.31411396888818,47.55264923691804
b2b-all-712998-2-392hdt-d-3306,48600,1631,3600,-122.18769594516726,47.60261018952147
b2b-all-713002-1-393md-d-3307,54600,1893,3600,-122.2932248402588,47.37777559123495
b2b-all-713002-1-393md-d-3308,54600,1893,3600,-122.2932248402588,47.37777559123495
b2b-all-713005-1-394hdv-d-3309,53100,2182,3600,-122.042139387512,47.42733383394521
b2b-all-713022-1-395md-d-3310,22680,974,3600,-122.32851932888634,47.70323750981775
b2b-all-713023-1-396hdt-d-3311,34140,1215,3600,-122.29939504472456,47.613709734208
b2b-all-713023-2-397hdt-d-3312,52800,1215,3600,-122.29939504472456,47.613709734208
b2b-all-713023-2-397hdt-d-3313,52800,1215,3600,-122.29939504472456,47.613709734208
b2b-all-713030-1-398hdt-d-3314,30660,3179,3600,-122.74810938133588,47.29621087392292
b2b-all-713038-1-399md-d-3315,27780,3857,3600,-122.29590163174925,48.271412627164175
b2b-all-713866-1-400md-d-3316,37620,1909,3600,-122.24463060998238,47.41767391697619
b2b-all-713866-1-400md-d-3317,37620,1909,3600,-122.24463060998238,47.41767391697619
b2b-all-713866-1-400md-d-3318,37620,1909,3600,-122.24463060998238,47.41767391697619
b2b-all-713866-1-401md-d-3319,55860,1909,3600,-122.24463060998238,47.41767391697619
b2b-all-713866-2-402hdt-d-3320,42540,1909,3600,-122.24463060998238,47.41767391697619
b2b-all-713866-2-403hdt-d-3321,57000,1909,3600,-122.24463060998238,47.41767391697619
b2b-all-713866-2-403hdt-d-3322,57000,1909,3600,-122.24463060998238,47.41767391697619
b2b-all-713866-3-404hdv-d-3323,27420,1909,3600,-122.24463060998238,47.41767391697619
b2b-all-713866-3-404hdv-d-3324,28440,1909,3600,-122.24463060998238,47.41767391697619
b2b-all-713866-3-404hdv-d-3325,26100,1909,3600,-122.24463060998238,47.41767391697619
b2b-all-713867-2-405hdt-d-3326,26520,2119,3600,-121.99949904886596,47.19454817176961
b2b-all-713867-2-405hdt-d-3327,31620,2119,3600,-121.99949904886596,47.19454817176961
b2b-all-713867-2-406hdt-d-3328,48420,2119,3600,-121.99949904886596,47.19454817176961
b2b-all-713867-2-406hdt-d-3329,48420,2119,3600,-121.99949904886596,47.19454817176961
b2b-all-713869-2-407hdv-d-3330,49560,1723,3600,-122.18839780442612,47.49994728447175
b2b-all-713870-1-408hdt-d-3331,50760,1540,3600,-122.2058711238943,47.68360578095751
b2b-all-713871-4-409hdv-d-3332,23160,2267,3600,-121.94372792760478,47.63463546328851
b2b-all-713871-4-410hdv-d-3333,42600,2267,3600,-121.94372792760478,47.63463546328851
b2b-all-713871-4-410hdv-d-3334,42600,2267,3600,-121.94372792760478,47.63463546328851
b2b-all-713873-2-411hdt-d-3335,21840,1747,3600,-122.1710405753349,47.45289235488359
b2b-all-713873-2-411hdt-d-3336,26460,1747,3600,-122.1710405753349,47.45289235488359
b2b-all-713873-2-412hdt-d-3337,19860,1747,3600,-122.1710405753349,47.45289235488359
b2b-all-713875-2-413hdt-d-3338,44340,1367,3600,-122.34538819633327,47.53217323664423
b2b-all-713875-2-414hdt-d-3339,51300,1367,3600,-122.34538819633327,47.53217323664423
b2b-all-713875-2-414hdt-d-3340,51300,1367,3600,-122.34538819633327,47.53217323664423
b2b-all-713875-3-415hdv-d-3341,24240,1367,3600,-122.34538819633327,47.53217323664423
b2b-all-713875-3-416hdv-d-3342,51480,1367,3600,-122.34538819633327,47.53217323664423
b2b-all-713875-3-416hdv-d-3343,51480,1367,3600,-122.34538819633327,47.53217323664423
b2b-all-713875-3-416hdv-d-3344,51480,1367,3600,-122.34538819633327,47.53217323664423
b2b-all-713875-3-416hdv-d-3345,51480,1367,3600,-122.34538819633327,47.53217323664423
b2b-all-713876-1-417md-d-3346,31020,1045,3600,-122.40459657492032,47.67815790572862
b2b-all-713876-1-417md-d-3347,35460,1045,3600,-122.40459657492032,47.67815790572862
b2b-all-713876-1-417md-d-3348,31020,1045,3600,-122.40459657492032,47.67815790572862
b2b-all-713876-1-418md-d-3349,35940,1045,3600,-122.40459657492032,47.67815790572862
b2b-all-713877-3-419hdt-d-3350,23400,1905,3600,-122.2234426842451,47.39409171509312
b2b-all-713877-3-420hdt-d-3351,46800,1905,3600,-122.2234426842451,47.39409171509312
b2b-all-713877-3-420hdt-d-3352,46800,1905,3600,-122.2234426842451,47.39409171509312
b2b-all-713877-3-420hdt-d-3353,46800,1905,3600,-122.2234426842451,47.39409171509312
b2b-all-713877-3-420hdt-d-3354,46800,1905,3600,-122.2234426842451,47.39409171509312
b2b-all-713878-3-421hdv-d-3355,30960,2102,3600,-122.0986426796632,47.22929057051133
b2b-all-713878-3-422hdv-d-3356,39600,2102,3600,-122.0986426796632,47.22929057051133
b2b-all-713878-3-422hdv-d-3357,39600,2102,3600,-122.0986426796632,47.22929057051133
b2b-all-713878-3-422hdv-d-3358,39600,2102,3600,-122.0986426796632,47.22929057051133
b2b-all-713878-3-422hdv-d-3359,39600,2102,3600,-122.0986426796632,47.22929057051133
b2b-all-713880-3-423hdv-d-3360,35460,1520,3600,-122.21997483773798,47.744760056705786
b2b-all-713890-1-424md-d-3361,37080,3184,3600,-122.66808420396303,47.10635009599398
b2b-all-713890-3-425hdt-d-3362,26460,3184,3600,-122.66808420396303,47.10635009599398
b2b-all-713891-1-426hdt-d-3363,22500,3181,3600,-122.77190187190745,47.21656893604093
b2b-all-713891-2-427hdt-d-3364,28200,3181,3600,-122.77190187190745,47.21656893604093
b2b-all-714335-1-428hdt-d-0-3365,46140,934,3600,-122.29542156500584,47.72122924557977
b2b-all-714335-1-428hdt-d-0-3366,46140,934,3600,-122.29542156500584,47.72122924557977
b2b-all-714335-1-428hdt-d-0-3367,46140,934,3600,-122.29542156500584,47.72122924557977
b2b-all-714335-1-428hdt-d-1-3368,46140,934,3600,-122.29542156500584,47.72122924557977
b2b-all-714335-1-428hdt-d-1-3369,46140,934,3600,-122.29542156500584,47.72122924557977
b2b-all-714335-1-429hdt-d-3370,48000,934,3600,-122.29542156500584,47.72122924557977
b2b-all-714335-2-430hdv-d-0-3371,51000,934,3600,-122.29542156500584,47.72122924557977
b2b-all-714335-2-430hdv-d-0-3372,51000,934,3600,-122.29542156500584,47.72122924557977
b2b-all-714335-2-430hdv-d-0-3373,51000,934,3600,-122.29542156500584,47.72122924557977
b2b-all-714335-2-430hdv-d-1-3374,51000,934,3600,-122.29542156500584,47.72122924557977
b2b-all-714336-2-431hdt-d-0-3375,23820,1856,3600,-122.31477471537904,47.4320315653803
b2b-all-714336-2-431hdt-d-0-3376,28620,1856,3600,-122.31477471537904,47.4320315653803
b2b-all-714336-2-431hdt-d-0-3377,28800,1856,3600,-122.31477471537904,47.4320315653803
b2b-all-714336-2-431hdt-d-1-3378,32160,1856,3600,-122.31477471537904,47.4320315653803
b2b-all-714336-2-431hdt-d-1-3379,25500,1856,3600,-122.31477471537904,47.4320315653803
b2b-all-714336-2-431hdt-d-1-3380,23820,1856,3600,-122.31477471537904,47.4320315653803
b2b-all-714336-2-431hdt-d-2-3381,31200,1856,3600,-122.31477471537904,47.4320315653803
b2b-all-716681-1-432md-d-3382,29400,1137,3600,-122.39718087511626,47.6623510251407
b2b-all-716681-1-433md-d-3383,25740,1137,3600,-122.39718087511626,47.6623510251407
b2b-all-716681-1-433md-d-3384,25740,1137,3600,-122.39718087511626,47.6623510251407
b2b-all-716681-1-433md-d-3385,25740,1137,3600,-122.39718087511626,47.6623510251407
b2b-all-716683-1-434hdv-d-3386,52200,1847,3600,-122.27133122533058,47.41869118218649
b2b-all-716683-1-434hdv-d-3387,52200,1847,3600,-122.27133122533058,47.41869118218649
b2b-all-716683-1-434hdv-d-3388,52200,1847,3600,-122.27133122533058,47.41869118218649
b2b-all-716685-1-435md-d-3389,33540,1895,3600,-122.28417835744254,47.39388834483711
b2b-all-716685-1-435md-d-3390,24660,1895,3600,-122.28417835744254,47.39388834483711
b2b-all-716686-1-436hdt-d-3391,35580,1769,3600,-122.24215300469132,47.45679487543673
b2b-all-716686-1-436hdt-d-3392,35580,1769,3600,-122.24215300469132,47.45679487543673
b2b-all-716689-1-437hdv-d-3393,24420,1617,3600,-122.177593972686,47.61081483474208
b2b-all-716695-1-438hdv-d-3394,25020,3191,3600,-122.48240942711132,47.05796598200305
b2b-all-716695-1-438hdv-d-3395,21780,3191,3600,-122.48240942711132,47.05796598200305
b2b-all-717895-1-439md-d-3396,50400,1870,3600,-122.3070944631197,47.41658132140413
b2b-all-717896-1-440hdt-d-3397,47820,1870,3600,-122.29986497324556,47.41761943838707
b2b-all-717896-1-440hdt-d-3398,47820,1870,3600,-122.29986497324556,47.41761943838707
b2b-all-717896-1-441hdt-d-3399,37320,1870,3600,-122.29986497324556,47.41761943838707
b2b-all-717898-1-442hdt-d-3400,25140,953,3600,-122.32440712159531,47.723473159064646
b2b-all-717900-1-443hdv-d-3401,35760,2056,3600,-122.28046439967852,47.29565747376704
b2b-all-717902-1-444md-d-3402,49800,2065,3600,-122.2373520362657,47.30844091523072
b2b-all-717902-1-444md-d-3403,49800,2065,3600,-122.2373520362657,47.30844091523072
b2b-all-717902-1-445md-d-3404,38220,2065,3600,-122.2373520362657,47.30844091523072
b2b-all-717902-1-445md-d-3405,38220,2065,3600,-122.2373520362657,47.30844091523072
b2b-all-717902-1-445md-d-3406,38220,2065,3600,-122.2373520362657,47.30844091523072
b2b-all-718045-1-446hdv-d-3407,34620,3854,3600,-122.3645144674494,48.26687162473969
b2b-all-720253-1-447hdv-d-3408,25020,1783,3600,-122.35821049254444,47.5154815758773
b2b-all-720253-1-448hdv-d-3409,53580,1783,3600,-122.35821049254444,47.5154815758773
b2b-all-720254-1-449md-d-3410,33420,1735,3600,-122.1905836814756,47.47494879245001
b2b-all-720255-1-450hdt-d-0-3411,43740,1125,3600,-122.34707309695716,47.64819933750168
b2b-all-720255-1-450hdt-d-0-3412,43740,1125,3600,-122.34707309695716,47.64819933750168
b2b-all-720255-1-450hdt-d-0-3413,43740,1125,3600,-122.34707309695716,47.64819933750168
b2b-all-720255-1-450hdt-d-1-3414,43740,1125,3600,-122.34707309695716,47.64819933750168
b2b-all-720255-1-451hdt-d-3415,27600,1125,3600,-122.34707309695716,47.64819933750168
b2b-all-720255-1-451hdt-d-3416,20340,1125,3600,-122.34707309695716,47.64819933750168
b2b-all-720256-1-452md-d-3417,24360,1172,3600,-122.33766016290096,47.63673804343438
b2b-all-720262-1-453hdt-d-3418,32220,2255,3600,-122.11479445898684,47.67221363257249
b2b-all-720262-1-453hdt-d-3419,29460,2255,3600,-122.11479445898684,47.67221363257249
b2b-all-720262-1-453hdt-d-3420,30240,2255,3600,-122.11479445898684,47.67221363257249
b2b-all-720262-1-454hdt-d-3421,52320,2255,3600,-122.11479445898684,47.67221363257249
b2b-all-720262-1-454hdt-d-3422,52320,2255,3600,-122.11479445898684,47.67221363257249
b2b-all-720262-1-454hdt-d-3423,52320,2255,3600,-122.11479445898684,47.67221363257249
b2b-all-720266-1-455hdv-d-3424,42660,2073,3600,-122.20932578224732,47.30819496446996
b2b-all-720266-1-456hdv-d-3425,43620,2073,3600,-122.20932578224732,47.30819496446996
b2b-all-720266-1-456hdv-d-3426,43620,2073,3600,-122.20932578224732,47.30819496446996
b2b-all-720267-1-457md-d-3427,31140,1059,3600,-122.32366442333483,47.68143359127168
b2b-all-720267-1-457md-d-3428,31740,1059,3600,-122.32366442333483,47.68143359127168
b2b-all-720267-1-458md-d-3429,22200,1059,3600,-122.32366442333483,47.68143359127168
b2b-all-720289-2-459hdt-d-0-3430,29400,3184,3600,-122.66808420396303,47.10635009599398
b2b-all-720289-2-459hdt-d-0-3431,29400,3184,3600,-122.66808420396303,47.10635009599398
b2b-all-720289-2-459hdt-d-0-3432,29400,3184,3600,-122.66808420396303,47.10635009599398
b2b-all-720289-2-459hdt-d-1-3433,29400,3184,3600,-122.66808420396303,47.10635009599398
b2b-all-720289-2-459hdt-d-1-3434,29400,3184,3600,-122.66808420396303,47.10635009599398
b2b-all-720433-1-460md-d-3435,46980,1056,3600,-122.34831800472068,47.6727032908764
b2b-all-720433-1-460md-d-3436,46980,1056,3600,-122.34831800472068,47.6727032908764
b2b-all-720433-1-461md-d-3437,19740,1056,3600,-122.34831800472068,47.6727032908764
b2b-all-720434-1-462hdv-d-3438,30240,2167,3600,-122.04338402678452,47.44990278706107
b2b-all-720434-1-462hdv-d-3439,30660,2167,3600,-122.04338402678452,47.44990278706107
b2b-all-720523-1-463md-d-3440,40560,1541,3600,-122.20279933212808,47.68102134406101
b2b-all-720523-2-464hdt-d-0-3441,28920,1541,3600,-122.20279933212808,47.68102134406101
b2b-all-720523-2-464hdt-d-0-3442,26340,1541,3600,-122.20279933212808,47.68102134406101
b2b-all-720523-2-464hdt-d-0-3443,26340,1541,3600,-122.20279933212808,47.68102134406101
b2b-all-720523-2-464hdt-d-1-3444,36420,1541,3600,-122.20279933212808,47.68102134406101
b2b-all-720523-2-464hdt-d-1-3445,27360,1541,3600,-122.20279933212808,47.68102134406101
b2b-all-720523-2-465hdt-d-3446,46920,1541,3600,-122.20279933212808,47.68102134406101
b2b-all-723556-3-466hdv-d-0-3447,46200,2342,3600,-121.8240796203338,47.531294165043896
b2b-all-723556-3-466hdv-d-0-3448,46200,2342,3600,-121.8240796203338,47.531294165043896
b2b-all-723556-3-466hdv-d-0-3449,46200,2342,3600,-121.8240796203338,47.531294165043896
b2b-all-723556-3-466hdv-d-1-3450,46200,2342,3600,-121.8240796203338,47.531294165043896
b2b-all-723556-3-466hdv-d-1-3451,46200,2342,3600,-121.8240796203338,47.531294165043896
b2b-all-723556-3-467hdv-d-3452,55860,2342,3600,-121.8240796203338,47.531294165043896
b2b-all-723556-3-467hdv-d-3453,55860,2342,3600,-121.8240796203338,47.531294165043896
b2b-all-723556-3-467hdv-d-3454,55860,2342,3600,-121.8240796203338,47.531294165043896
b2b-all-723556-3-467hdv-d-3455,55860,2342,3600,-121.8240796203338,47.531294165043896
b2b-all-723556-3-467hdv-d-3456,55860,2342,3600,-121.8240796203338,47.531294165043896
b2b-all-723556-3-467hdv-d-3457,55860,2342,3600,-121.8240796203338,47.531294165043896
b2b-all-723556-3-467hdv-d-3458,55860,2342,3600,-121.8240796203338,47.531294165043896
b2b-all-723558-1-468hdv-d-3459,28140,991,3600,-122.35619358623616,47.698072041438174
b2b-all-723558-1-468hdv-d-3460,31500,991,3600,-122.35619358623616,47.698072041438174
b2b-all-723558-1-469hdv-d-3461,52200,991,3600,-122.35619358623616,47.698072041438174
b2b-all-723559-2-470hdt-d-0-3462,47220,2317,3600,-121.9204297857722,47.75354826273336
b2b-all-723559-2-470hdt-d-0-3463,47220,2317,3600,-121.9204297857722,47.75354826273336
b2b-all-723559-2-470hdt-d-0-3464,47220,2317,3600,-121.9204297857722,47.75354826273336
b2b-all-723559-2-470hdt-d-1-3465,47220,2317,3600,-121.9204297857722,47.75354826273336
b2b-all-723559-2-470hdt-d-1-3466,47220,2317,3600,-121.9204297857722,47.75354826273336
b2b-all-723559-2-471hdt-d-3467,12840,2317,3600,-121.9204297857722,47.75354826273336
b2b-all-723559-2-471hdt-d-3468,27960,2317,3600,-121.9204297857722,47.75354826273336
b2b-all-723559-2-471hdt-d-3469,17340,2317,3600,-121.9204297857722,47.75354826273336
b2b-all-723559-2-471hdt-d-3470,20460,2317,3600,-121.9204297857722,47.75354826273336
b2b-all-723562-1-472md-d-3471,27960,2316,3600,-122.04017552479922,47.68781556692088
b2b-all-723562-1-472md-d-3472,32100,2316,3600,-122.04017552479922,47.68781556692088
b2b-all-723562-2-473md-d-0-3473,48600,2316,3600,-122.04017552479922,47.68781556692088
b2b-all-723562-2-473md-d-0-3474,48600,2316,3600,-122.04017552479922,47.68781556692088
b2b-all-723562-2-473md-d-0-3475,48600,2316,3600,-122.04017552479922,47.68781556692088
b2b-all-723562-2-473md-d-0-3476,48600,2316,3600,-122.04017552479922,47.68781556692088
b2b-all-723562-2-473md-d-0-3477,48600,2316,3600,-122.04017552479922,47.68781556692088
b2b-all-723562-2-473md-d-1-3478,48600,2316,3600,-122.04017552479922,47.68781556692088
b2b-all-723562-2-473md-d-1-3479,48600,2316,3600,-122.04017552479922,47.68781556692088
b2b-all-723562-2-473hdt-d-3480,48600,2316,3600,-122.04017552479922,47.68781556692088
b2b-all-723562-2-473hdt-d-3481,48600,2316,3600,-122.04017552479922,47.68781556692088
b2b-all-723563-1-474md-d-0-3482,21720,1305,3600,-122.31197056357924,47.57636665512251
b2b-all-723563-1-474md-d-0-3483,21600,1305,3600,-122.31197056357924,47.57636665512251
b2b-all-723563-1-474md-d-0-3484,25260,1305,3600,-122.31197056357924,47.57636665512251
b2b-all-723563-1-474md-d-1-3485,27420,1305,3600,-122.31197056357924,47.57636665512251
b2b-all-723563-1-474md-d-1-3486,23880,1305,3600,-122.31197056357924,47.57636665512251
b2b-all-723563-1-474md-d-1-3487,24120,1305,3600,-122.31197056357924,47.57636665512251
b2b-all-723563-1-474md-d-2-3488,22860,1305,3600,-122.31197056357924,47.57636665512251
b2b-all-723563-1-475md-d-3489,24600,1305,3600,-122.31197056357924,47.57636665512251
b2b-all-723563-1-475md-d-3490,22500,1305,3600,-122.31197056357924,47.57636665512251
b2b-all-723571-2-476md-d-3491,29280,1699,3600,-122.16579531203608,47.55224085042401
b2b-all-723571-2-477md-d-3492,22620,1699,3600,-122.16579531203608,47.55224085042401
b2b-all-723571-4-478hdv-d-0-3493,33600,1699,3600,-122.16579531203608,47.55224085042401
b2b-all-723571-4-478hdv-d-0-3494,33600,1699,3600,-122.16579531203608,47.55224085042401
b2b-all-723571-4-478hdv-d-0-3495,33600,1699,3600,-122.16579531203608,47.55224085042401
b2b-all-723571-4-478hdv-d-1-3496,33600,1699,3600,-122.16579531203608,47.55224085042401
b2b-all-723571-4-478hdv-d-1-3497,33600,1699,3600,-122.16579531203608,47.55224085042401
b2b-all-723571-4-478hdv-d-1-3498,33600,1699,3600,-122.16579531203608,47.55224085042401
b2b-all-723571-4-478hdv-d-2-3499,33600,1699,3600,-122.16579531203608,47.55224085042401
b2b-all-723571-4-478hdv-d-2-3500,33600,1699,3600,-122.16579531203608,47.55224085042401
b2b-all-723571-4-478hdv-d-2-3501,33600,1699,3600,-122.16579531203608,47.55224085042401
b2b-all-723571-4-478hdv-d-3-3502,33600,1699,3600,-122.16579531203608,47.55224085042401
b2b-all-723577-1-480md-d-3503,25380,3181,3600,-122.77190187190745,47.21656893604093
b2b-all-723577-1-480md-d-3504,32220,3181,3600,-122.77190187190745,47.21656893604093
b2b-all-723577-1-480md-d-3505,25380,3181,3600,-122.77190187190745,47.21656893604093
b2b-all-723956-1-481md-d-3506,54000,1736,3600,-122.19611321864905,47.47116672280365
b2b-all-723956-1-481md-d-3507,54000,1736,3600,-122.19611321864905,47.47116672280365
b2b-all-723956-1-482md-d-3508,41520,1736,3600,-122.19611321864905,47.47116672280365
b2b-all-723956-2-483hdt-d-0-3509,25800,1736,3600,-122.19611321864905,47.47116672280365
b2b-all-723956-2-483hdt-d-0-3510,33360,1736,3600,-122.19611321864905,47.47116672280365
b2b-all-723956-2-483hdt-d-0-3511,34200,1736,3600,-122.19611321864905,47.47116672280365
b2b-all-723956-2-483hdt-d-1-3512,23460,1736,3600,-122.19611321864905,47.47116672280365
b2b-all-723956-2-483hdt-d-1-3513,29520,1736,3600,-122.19611321864905,47.47116672280365
b2b-all-723956-2-483hdt-d-1-3514,31440,1736,3600,-122.19611321864905,47.47116672280365
b2b-all-723956-2-483hdt-d-2-3515,23820,1736,3600,-122.19611321864905,47.47116672280365
b2b-all-723956-2-484hdt-d-3516,31500,1736,3600,-122.19611321864905,47.47116672280365
b2b-all-723956-2-484hdt-d-3517,31500,1736,3600,-122.19611321864905,47.47116672280365
b2b-all-723957-1-485md-d-3518,18180,1076,3600,-122.28629520117336,47.663642560850114
b2b-all-723957-1-486md-d-3519,26340,1076,3600,-122.28629520117336,47.663642560850114
b2b-all-723960-1-487md-d-3520,56400,1969,3600,-122.24131234384984,47.365147542452895
b2b-all-723960-1-487md-d-3521,56400,1969,3600,-122.24131234384984,47.365147542452895
b2b-all-723960-1-487hdt-d-3522,56400,1969,3600,-122.24131234384984,47.365147542452895
b2b-all-723960-1-487hdv-d-3523,56400,1969,3600,-122.24131234384984,47.365147542452895
b2b-all-723960-2-488hdt-d-0-3524,30840,1969,3600,-122.24131234384984,47.365147542452895
b2b-all-723960-2-488hdt-d-0-3525,23580,1969,3600,-122.24131234384984,47.365147542452895
b2b-all-723960-2-488hdt-d-0-3526,28500,1969,3600,-122.24131234384984,47.365147542452895
b2b-all-723960-2-488hdt-d-1-3527,26220,1969,3600,-122.24131234384984,47.365147542452895
b2b-all-723961-1-489hdt-d-3528,56400,959,3600,-122.29599763008666,47.71596604891874
b2b-all-723961-1-490hdt-d-3529,27360,959,3600,-122.29599763008666,47.71596604891874
b2b-all-723961-1-490hdt-d-3530,27360,959,3600,-122.29599763008666,47.71596604891874
b2b-all-724793-1-491md-d-3531,20340,1104,3600,-122.35083221687825,47.657361276863575
b2b-all-724793-1-492md-d-3532,35760,1104,3600,-122.35083221687825,47.657361276863575
b2b-all-724794-1-493hdt-d-3533,32160,2021,3600,-122.32719825108376,47.28120866208178
b2b-all-724794-1-493hdt-d-3534,27060,2021,3600,-122.32719825108376,47.28120866208178
b2b-all-724795-3-494hdv-d-0-3535,25800,1627,3600,-122.17954423053337,47.629171290090646
b2b-all-724795-3-494hdv-d-0-3536,24840,1627,3600,-122.17954423053337,47.629171290090646
b2b-all-724795-3-494hdv-d-0-3537,30180,1627,3600,-122.17954423053337,47.629171290090646
b2b-all-724795-3-494hdv-d-1-3538,27240,1627,3600,-122.17954423053337,47.629171290090646
b2b-all-724795-3-494hdv-d-1-3539,28920,1627,3600,-122.17954423053337,47.629171290090646
b2b-all-724795-3-494hdv-d-1-3540,22740,1627,3600,-122.17954423053337,47.629171290090646
b2b-all-724795-3-494hdv-d-2-3541,22740,1627,3600,-122.17954423053337,47.629171290090646
b2b-all-724795-3-495hdv-d-3542,42660,1627,3600,-122.17954423053337,47.629171290090646
b2b-all-725139-1-496md-d-3543,29700,1102,3600,-122.34798315214688,47.650475164649
b2b-all-725139-1-496md-d-3544,29700,1102,3600,-122.34798315214688,47.650475164649
b2b-all-725139-1-497md-d-3545,40860,1102,3600,-122.34798315214688,47.650475164649
b2b-all-725139-1-497md-d-3546,40860,1102,3600,-122.34798315214688,47.650475164649
b2b-all-725141-1-498md-d-3547,54600,1828,3600,-122.37325426741776,47.45281026045742
b2b-all-725141-1-499md-d-3548,55260,1828,3600,-122.37325426741776,47.45281026045742
b2b-all-725634-1-500md-d-3549,28680,3191,3600,-122.48240942711132,47.05796598200305
b2b-all-725634-1-500md-d-3550,15840,3191,3600,-122.48240942711132,47.05796598200305
b2b-all-725634-1-500md-d-3551,16800,3191,3600,-122.48240942711132,47.05796598200305
b2b-all-725635-1-501hdt-d-3552,21360,3191,3600,-122.48240942711132,47.05796598200305
b2b-all-725635-1-501hdt-d-3553,32160,3191,3600,-122.48240942711132,47.05796598200305
b2b-all-725636-2-502hdt-d-3554,28920,3191,3600,-122.48240942711132,47.05796598200305
b2b-all-725967-1-503md-d-3555,26520,2282,3600,-122.1399418965472,47.76422085434926
b2b-all-725967-2-504hdv-d-0-3556,33180,2282,3600,-122.1399418965472,47.76422085434926
b2b-all-725967-2-504hdv-d-0-3557,33180,2282,3600,-122.1399418965472,47.76422085434926
b2b-all-725967-2-504hdv-d-0-3558,33180,2282,3600,-122.1399418965472,47.76422085434926
b2b-all-725967-2-504hdv-d-1-3559,35220,2282,3600,-122.1399418965472,47.76422085434926
b2b-all-725967-2-504hdv-d-1-3560,33180,2282,3600,-122.1399418965472,47.76422085434926
b2b-all-725967-2-504hdv-d-1-3561,33180,2282,3600,-122.1399418965472,47.76422085434926
b2b-all-725967-2-505hdv-d-3562,53400,2282,3600,-122.1399418965472,47.76422085434926
b2b-all-725967-2-505hdv-d-3563,53400,2282,3600,-122.1399418965472,47.76422085434926
b2b-all-726066-2-506hdt-d-0-3564,25560,975,3600,-122.33346922595965,47.711367355043215
b2b-all-726066-2-506hdt-d-0-3565,32400,975,3600,-122.33346922595965,47.711367355043215
b2b-all-726066-2-506hdt-d-0-3566,26940,975,3600,-122.33346922595965,47.711367355043215
b2b-all-726066-2-506hdt-d-1-3567,25560,975,3600,-122.33346922595965,47.711367355043215
b2b-all-726066-2-507hdt-d-3568,37500,975,3600,-122.33346922595965,47.711367355043215
b2b-all-726066-2-507hdt-d-3569,37500,975,3600,-122.33346922595965,47.711367355043215
b2b-all-726066-2-507hdt-d-3570,37500,975,3600,-122.33346922595965,47.711367355043215
b2b-all-726066-2-507hdt-d-3571,37500,975,3600,-122.33346922595965,47.711367355043215
b2b-all-726066-2-507hdt-d-3572,37500,975,3600,-122.33346922595965,47.711367355043215
b2b-all-726597-2-508hdt-d-0-3573,34740,2386,3600,-122.55991639490988,47.886230772663865
b2b-all-726597-2-508hdt-d-0-3574,34740,2386,3600,-122.55991639490988,47.886230772663865
b2b-all-726597-2-508hdt-d-0-3575,34740,2386,3600,-122.55991639490988,47.886230772663865
b2b-all-726597-2-508hdt-d-0-3576,34740,2386,3600,-122.55991639490988,47.886230772663865
b2b-all-726597-2-508hdt-d-1-3577,34740,2386,3600,-122.55991639490988,47.886230772663865
b2b-all-726597-2-508hdt-d-1-3578,34740,2386,3600,-122.55991639490988,47.886230772663865
b2b-all-726597-2-508hdt-d-1-3579,34740,2386,3600,-122.55991639490988,47.886230772663865
b2b-all-726597-2-508hdt-d-1-3580,34740,2386,3600,-122.55991639490988,47.886230772663865
b2b-all-726597-2-508hdt-d-1-3581,34740,2386,3600,-122.55991639490988,47.886230772663865
b2b-all-726597-2-508hdt-d-2-3582,34740,2386,3600,-122.55991639490988,47.886230772663865
b2b-all-726597-2-508hdt-d-2-3583,34740,2386,3600,-122.55991639490988,47.886230772663865
b2b-all-726597-2-508hdt-d-2-3584,34740,2386,3600,-122.55991639490988,47.886230772663865
b2b-all-726597-2-508hdt-d-2-3585,34740,2386,3600,-122.55991639490988,47.886230772663865
b2b-all-726597-2-508hdt-d-3-3586,34740,2386,3600,-122.55991639490988,47.886230772663865
b2b-all-726597-2-508hdt-d-3-3587,34740,2386,3600,-122.55991639490988,47.886230772663865
b2b-all-726597-2-508hdt-d-3-3588,34740,2386,3600,-122.55991639490988,47.886230772663865
b2b-all-726597-2-508hdt-d-3-3589,34740,2386,3600,-122.55991639490988,47.886230772663865
b2b-all-726597-2-508hdt-d-4-3590,34740,2386,3600,-122.55991639490988,47.886230772663865
b2b-all-726597-2-508hdt-d-4-3591,34740,2386,3600,-122.55991639490988,47.886230772663865
b2b-all-726597-2-508hdt-d-4-3592,34740,2386,3600,-122.55991639490988,47.886230772663865
b2b-all-726597-2-508hdt-d-4-3593,34740,2386,3600,-122.55991639490988,47.886230772663865
b2b-all-726597-2-508hdt-d-5-3594,34740,2386,3600,-122.55991639490988,47.886230772663865
b2b-all-726597-2-508hdt-d-5-3595,34740,2386,3600,-122.55991639490988,47.886230772663865
b2b-all-726597-2-508hdt-d-5-3596,34740,2386,3600,-122.55991639490988,47.886230772663865
b2b-all-726597-2-508hdt-d-5-3597,34740,2386,3600,-122.55991639490988,47.886230772663865
b2b-all-726597-2-508hdt-d-5-3598,34740,2386,3600,-122.55991639490988,47.886230772663865
b2b-all-726597-2-508hdt-d-6-3599,34740,2386,3600,-122.55991639490988,47.886230772663865
b2b-all-726597-2-508hdt-d-6-3600,34740,2386,3600,-122.55991639490988,47.886230772663865
b2b-all-726597-2-508hdt-d-6-3601,34740,2386,3600,-122.55991639490988,47.886230772663865
b2b-all-726598-2-509hdt-d-0-3602,37020,1236,3600,-122.3330562577279,47.61112868747891
b2b-all-726598-2-509hdt-d-0-3603,37020,1236,3600,-122.3330562577279,47.61112868747891
b2b-all-726598-2-509hdt-d-0-3604,37020,1236,3600,-122.3330562577279,47.61112868747891
b2b-all-726598-2-509hdt-d-1-3605,37020,1236,3600,-122.3330562577279,47.61112868747891
b2b-all-726598-2-509hdt-d-1-3606,37020,1236,3600,-122.3330562577279,47.61112868747891
b2b-all-726598-2-509hdt-d-1-3607,37020,1236,3600,-122.3330562577279,47.61112868747891
b2b-all-726598-2-509hdt-d-2-3608,37020,1236,3600,-122.3330562577279,47.61112868747891
b2b-all-726598-2-509hdt-d-2-3609,37020,1236,3600,-122.3330562577279,47.61112868747891
b2b-all-726598-2-509hdt-d-2-3610,37020,1236,3600,-122.3330562577279,47.61112868747891
b2b-all-726598-2-509hdt-d-3-3611,37020,1236,3600,-122.3330562577279,47.61112868747891
b2b-all-726598-2-509hdt-d-3-3612,37020,1236,3600,-122.3330562577279,47.61112868747891
b2b-all-726598-2-509hdt-d-3-3613,37020,1236,3600,-122.3330562577279,47.61112868747891
b2b-all-726598-2-509hdt-d-4-3614,37020,1236,3600,-122.3330562577279,47.61112868747891
b2b-all-726599-1-510md-d-0-3615,28080,1126,3600,-122.34693677188588,47.65036361583117
b2b-all-726599-1-510md-d-0-3616,27960,1126,3600,-122.34693677188588,47.65036361583117
b2b-all-726599-1-510md-d-0-3617,27660,1126,3600,-122.34693677188588,47.65036361583117
b2b-all-726599-1-510md-d-0-3618,25800,1126,3600,-122.34693677188588,47.65036361583117
b2b-all-726599-1-510md-d-0-3619,29160,1126,3600,-122.34693677188588,47.65036361583117
b2b-all-726599-1-510md-d-1-3620,26580,1126,3600,-122.34693677188588,47.65036361583117
b2b-all-726599-1-510hdt-d-3621,23400,1126,3600,-122.34693677188588,47.65036361583117
b2b-all-726599-1-510hdt-d-3622,28920,1126,3600,-122.34693677188588,47.65036361583117
b2b-all-726599-1-510hdt-d-3623,26880,1126,3600,-122.34693677188588,47.65036361583117
b2b-all-726599-1-510hdv-d-3624,28080,1126,3600,-122.34693677188588,47.65036361583117
b2b-all-726599-1-511md-d-3625,27060,1126,3600,-122.34693677188588,47.65036361583117
b2b-all-726599-1-511hdt-d-3626,27060,1126,3600,-122.34693677188588,47.65036361583117
b2b-all-726601-1-512md-d-3627,50640,1052,3600,-122.3594788426186,47.67466454724005
b2b-all-726601-1-512hdv-d-3628,50640,1052,3600,-122.3594788426186,47.67466454724005
b2b-all-726601-3-513hdv-d-3629,43620,1052,3600,-122.3594788426186,47.67466454724005
b2b-all-726601-3-513hdv-d-3630,43620,1052,3600,-122.3594788426186,47.67466454724005
b2b-all-726602-3-514hdv-d-3631,41100,2209,3600,-121.91494489730697,47.489517618292965
b2b-all-726603-2-515md-d-3632,21660,1632,3600,-122.19704546863002,47.61842170721277
b2b-all-726603-2-516md-d-3633,54600,1632,3600,-122.19704546863002,47.61842170721277
b2b-all-726603-2-516md-d-3634,54600,1632,3600,-122.19704546863002,47.61842170721277
b2b-all-726603-2-516hdt-d-3635,54600,1632,3600,-122.19704546863002,47.61842170721277
b2b-all-726603-3-517hdt-d-0-3636,51780,1632,3600,-122.19704546863002,47.61842170721277
b2b-all-726603-3-517hdt-d-0-3637,51780,1632,3600,-122.19704546863002,47.61842170721277
b2b-all-726603-3-517hdt-d-0-3638,51780,1632,3600,-122.19704546863002,47.61842170721277
b2b-all-726603-3-517hdt-d-1-3639,51780,1632,3600,-122.19704546863002,47.61842170721277
b2b-all-726603-3-517hdt-d-1-3640,51780,1632,3600,-122.19704546863002,47.61842170721277
b2b-all-726603-3-517hdt-d-1-3641,51780,1632,3600,-122.19704546863002,47.61842170721277
b2b-all-726603-3-517hdt-d-2-3642,51780,1632,3600,-122.19704546863002,47.61842170721277
b2b-all-726603-3-517hdt-d-2-3643,51780,1632,3600,-122.19704546863002,47.61842170721277
b2b-all-726603-4-518hdv-d-0-3644,49200,1632,3600,-122.19704546863002,47.61842170721277
b2b-all-726603-4-518hdv-d-0-3645,49200,1632,3600,-122.19704546863002,47.61842170721277
b2b-all-726603-4-518hdv-d-0-3646,49200,1632,3600,-122.19704546863002,47.61842170721277
b2b-all-726603-4-518hdv-d-1-3647,49200,1632,3600,-122.19704546863002,47.61842170721277
b2b-all-726603-4-518hdv-d-1-3648,49200,1632,3600,-122.19704546863002,47.61842170721277
b2b-all-726603-4-518hdv-d-1-3649,49200,1632,3600,-122.19704546863002,47.61842170721277
b2b-all-726603-4-518hdv-d-2-3650,49200,1632,3600,-122.19704546863002,47.61842170721277
b2b-all-726603-4-518hdv-d-2-3651,49200,1632,3600,-122.19704546863002,47.61842170721277
b2b-all-726603-4-518hdv-d-2-3652,49200,1632,3600,-122.19704546863002,47.61842170721277
b2b-all-726603-4-518hdv-d-3-3653,49200,1632,3600,-122.19704546863002,47.61842170721277
b2b-all-726604-1-519md-d-3654,21540,1099,3600,-122.36137932800408,47.654046945172354
b2b-all-726604-1-519md-d-3655,20880,1099,3600,-122.36137932800408,47.654046945172354
b2b-all-726604-1-520md-d-3656,26280,1099,3600,-122.36137932800408,47.654046945172354
b2b-all-726604-3-521hdv-d-3657,35880,1099,3600,-122.36137932800408,47.654046945172354
b2b-all-726604-3-521hdv-d-3658,32280,1099,3600,-122.36137932800408,47.654046945172354
b2b-all-726604-3-522hdv-d-3659,29280,1099,3600,-122.36137932800408,47.654046945172354
b2b-all-726605-1-523hdv-d-3660,49920,1511,3600,-122.19557480093836,47.71002628828037
b2b-all-726605-1-524hdv-d-3661,22680,1511,3600,-122.19557480093836,47.71002628828037
b2b-all-726606-1-525md-d-3662,47640,1137,3600,-122.39129478762044,47.6622114580406
b2b-all-726606-2-526hdt-d-3663,41160,1137,3600,-122.39129478762044,47.6622114580406
b2b-all-726606-2-527hdt-d-3664,55620,1137,3600,-122.39129478762044,47.6622114580406
b2b-all-726606-2-527hdt-d-3665,55620,1137,3600,-122.39129478762044,47.6622114580406
b2b-all-726606-2-527hdt-d-3666,55620,1137,3600,-122.39129478762044,47.6622114580406
b2b-all-726606-2-527hdt-d-3667,55620,1137,3600,-122.39129478762044,47.6622114580406
b2b-all-726606-2-527hdt-d-3668,55620,1137,3600,-122.39129478762044,47.6622114580406
b2b-all-726606-2-527hdt-d-3669,55620,1137,3600,-122.39129478762044,47.6622114580406
b2b-all-726606-3-528hdv-d-3670,47400,1137,3600,-122.39129478762044,47.6622114580406
b2b-all-726606-3-528hdv-d-3671,47400,1137,3600,-122.39129478762044,47.6622114580406
b2b-all-726606-3-528hdv-d-3672,47400,1137,3600,-122.39129478762044,47.6622114580406
b2b-all-726606-3-529hdv-d-1-3673,43380,1137,3600,-122.39129478762044,47.6622114580406
b2b-all-726606-3-529hdv-d-1-3674,43380,1137,3600,-122.39129478762044,47.6622114580406
b2b-all-726606-3-529hdv-d-1-3675,43380,1137,3600,-122.39129478762044,47.6622114580406
b2b-all-726606-3-529hdv-d-1-3676,43380,1137,3600,-122.39129478762044,47.6622114580406
b2b-all-726606-3-529hdv-d-1-3677,43380,1137,3600,-122.39129478762044,47.6622114580406
b2b-all-726606-3-529hdv-d-1-3678,43380,1137,3600,-122.39129478762044,47.6622114580406
b2b-all-7275-4-530hdv-d-3679,53280,2318,3600,-121.92952867647158,47.729064775928514
b2b-all-7275-4-530hdv-d-3680,53280,2318,3600,-121.92952867647158,47.729064775928514
b2b-all-7275-4-530hdv-d-3681,53280,2318,3600,-121.92952867647158,47.729064775928514
b2b-all-7275-4-531hdv-d-3682,43800,2318,3600,-121.92952867647158,47.729064775928514
b2b-all-7275-4-531hdv-d-3683,43800,2318,3600,-121.92952867647158,47.729064775928514
b2b-all-7280-3-532hdv-d-3684,29400,1617,3600,-122.18578009559646,47.60574310925886
b2b-all-7280-3-532hdv-d-3685,29400,1617,3600,-122.18578009559646,47.60574310925886
b2b-all-7280-3-532hdv-d-3686,29400,1617,3600,-122.18578009559646,47.60574310925886
b2b-all-7280-3-532hdv-d-3687,28860,1617,3600,-122.18578009559646,47.60574310925886
b2b-all-7280-3-532hdv-d-3688,31620,1617,3600,-122.18578009559646,47.60574310925886
b2b-all-7280-3-532hdv-d-3689,24660,1617,3600,-122.18578009559646,47.60574310925886
b2b-all-728740-4-533hdv-d-3690,23340,5883,3600,-123.05180503036196,44.98106768295292
b2b-all-728740-4-533hdv-d-3691,22500,5883,3600,-123.05180503036196,44.98106768295292
b2b-all-728740-4-533hdv-d-3692,22500,5883,3600,-123.05180503036196,44.98106768295292
b2b-all-728740-4-533hdv-d-3693,22500,5883,3600,-123.05180503036196,44.98106768295292
b2b-all-728740-4-533hdv-d-3694,22500,5883,3600,-123.05180503036196,44.98106768295292
b2b-all-7288-2-534hdv-d-3695,24120,1521,3600,-122.23931256352806,47.74321088061456
b2b-all-7288-2-534hdv-d-3696,21600,1521,3600,-122.23931256352806,47.74321088061456
b2b-all-728933-1-535md-d-3697,53400,1333,3600,-122.38760027662398,47.559792922302336
b2b-all-728933-1-535md-d-3698,53400,1333,3600,-122.38760027662398,47.559792922302336
b2b-all-728933-1-535md-d-3699,53400,1333,3600,-122.38760027662398,47.559792922302336
b2b-all-728933-1-535md-d-3700,53400,1333,3600,-122.38760027662398,47.559792922302336
b2b-all-728933-1-535md-d-3701,53400,1333,3600,-122.38760027662398,47.559792922302336
b2b-all-728933-1-535md-d-3702,53400,1333,3600,-122.38760027662398,47.559792922302336
b2b-all-728933-4-536hdv-d-3703,36300,1333,3600,-122.38760027662398,47.559792922302336
b2b-all-728933-4-536hdv-d-3704,36300,1333,3600,-122.38760027662398,47.559792922302336
b2b-all-729025-3-537hdv-d-3705,20340,1057,3600,-122.35324450528624,47.66849704239227
b2b-all-729025-3-537hdv-d-3706,30060,1057,3600,-122.35324450528624,47.66849704239227
b2b-all-7302-3-538hdt-d-3707,26640,3191,3600,-122.48240942711132,47.05796598200305
b2b-all-7302-3-538hdt-d-3708,21000,3191,3600,-122.48240942711132,47.05796598200305
b2b-all-7302-3-538hdt-d-3709,22800,3191,3600,-122.48240942711132,47.05796598200305
b2b-all-7302-4-539hdv-d-3710,40560,3191,3600,-122.48240942711132,47.05796598200305
b2b-all-7302-4-539hdv-d-3711,40560,3191,3600,-122.48240942711132,47.05796598200305
b2b-all-7303-4-540hdv-d-3712,18540,3191,3600,-122.48240942711132,47.05796598200305
b2b-all-7303-4-540hdv-d-3713,15540,3191,3600,-122.48240942711132,47.05796598200305
b2b-all-730687-2-541hdt-d-3714,14220,3191,3600,-122.48240942711132,47.05796598200305
b2b-all-730687-2-541hdt-d-3715,27480,3191,3600,-122.48240942711132,47.05796598200305
b2b-all-7306-3-542hdt-d-3716,22800,3191,3600,-122.48240942711132,47.05796598200305
b2b-all-7306-3-542hdt-d-3717,25020,3191,3600,-122.48240942711132,47.05796598200305
b2b-all-7307-2-543hdv-d-3718,26040,3205,3600,-122.47266831305922,46.8934296551068
b2b-all-7307-2-543hdv-d-3719,25980,3205,3600,-122.47266831305922,46.8934296551068
b2b-all-7307-3-544hdt-d-3720,23880,3205,3600,-122.47266831305922,46.8934296551068
b2b-all-7307-3-544hdt-d-3721,23880,3205,3600,-122.47266831305922,46.8934296551068
b2b-all-7307-3-544hdt-d-3722,23880,3205,3600,-122.47266831305922,46.8934296551068
b2b-all-7307-4-545hdv-d-3723,22200,3205,3600,-122.47266831305922,46.8934296551068
b2b-all-7307-4-545hdv-d-3724,22200,3205,3600,-122.47266831305922,46.8934296551068
b2b-all-7307-4-545hdv-d-3725,22200,3205,3600,-122.47266831305922,46.8934296551068
b2b-all-7307-4-545hdv-d-3726,27300,3205,3600,-122.47266831305922,46.8934296551068
b2b-all-7307-4-545hdv-d-3727,29040,3205,3600,-122.47266831305922,46.8934296551068
b2b-all-7312-1-546md-d-3728,16200,3249,3600,-122.05752595660532,46.77459668986081
b2b-all-7312-1-546md-d-3729,23040,3249,3600,-122.05752595660532,46.77459668986081
b2b-all-7312-1-546md-d-3730,13860,3249,3600,-122.05752595660532,46.77459668986081
b2b-all-7312-1-546md-d-3731,23460,3249,3600,-122.05752595660532,46.77459668986081
b2b-all-7312-1-546md-d-3732,14460,3249,3600,-122.05752595660532,46.77459668986081
b2b-all-7312-1-546md-d-3733,17820,3249,3600,-122.05752595660532,46.77459668986081
b2b-all-7312-1-546md-d-3734,15060,3249,3600,-122.05752595660532,46.77459668986081
b2b-all-7327-1-547md-d-3735,37800,3248,3600,-122.31687054437133,46.861437401895486
b2b-all-7327-1-547md-d-3736,37800,3248,3600,-122.31687054437133,46.861437401895486
b2b-all-7327-1-547md-d-3737,37800,3248,3600,-122.31687054437133,46.861437401895486
b2b-all-7327-1-547md-d-3738,37800,3248,3600,-122.31687054437133,46.861437401895486
b2b-all-7327-1-547md-d-3739,37800,3248,3600,-122.31687054437133,46.861437401895486
b2b-all-7327-1-547md-d-3740,37800,3248,3600,-122.31687054437133,46.861437401895486
b2b-all-7327-1-547md-d-3741,37800,3248,3600,-122.31687054437133,46.861437401895486
b2b-all-7327-1-547hdv-d-3742,37800,3248,3600,-122.31687054437133,46.861437401895486
b2b-all-7327-1-547hdv-d-3743,37800,3248,3600,-122.31687054437133,46.861437401895486
b2b-all-7331-3-548hdt-d-3744,25020,3191,3600,-122.48240942711132,47.05796598200305
b2b-all-7331-3-548hdt-d-3745,13020,3191,3600,-122.48240942711132,47.05796598200305
b2b-all-7331-3-548hdt-d-3746,22500,3191,3600,-122.48240942711132,47.05796598200305
b2b-all-7331-3-548hdt-d-3747,21420,3191,3600,-122.48240942711132,47.05796598200305
b2b-all-7331-3-548hdt-d-3748,25560,3191,3600,-122.48240942711132,47.05796598200305
b2b-all-7331-4-549hdv-d-3749,18300,3191,3600,-122.48240942711132,47.05796598200305
b2b-all-7331-4-549hdv-d-3750,29100,3191,3600,-122.48240942711132,47.05796598200305
b2b-all-7331-4-549hdv-d-3751,22500,3191,3600,-122.48240942711132,47.05796598200305
b2b-all-7331-4-549hdv-d-3752,18300,3191,3600,-122.48240942711132,47.05796598200305
b2b-all-7331-4-549hdv-d-3753,23400,3191,3600,-122.48240942711132,47.05796598200305
b2b-all-7331-4-549hdv-d-3754,28200,3191,3600,-122.48240942711132,47.05796598200305
b2b-all-733640-4-550hdv-d-3755,30780,1828,3600,-122.36665970604236,47.45795056946528
b2b-all-733640-4-550hdv-d-3756,33600,1828,3600,-122.36665970604236,47.45795056946528
b2b-all-7337-3-551hdt-d-3757,18720,2461,3600,-122.844950878093,47.572772912764336
b2b-all-7337-3-551hdt-d-3758,12120,2461,3600,-122.844950878093,47.572772912764336
b2b-all-7337-3-551hdt-d-3759,25920,2461,3600,-122.844950878093,47.572772912764336
b2b-all-7337-3-551hdt-d-3760,26160,2461,3600,-122.844950878093,47.572772912764336
b2b-all-7337-3-551hdt-d-3761,25980,2461,3600,-122.844950878093,47.572772912764336
b2b-all-7337-3-551hdt-d-3762,30540,2461,3600,-122.844950878093,47.572772912764336
b2b-all-7337-4-552hdv-d-3763,23760,2461,3600,-122.844950878093,47.572772912764336
b2b-all-7337-4-552hdv-d-3764,22860,2461,3600,-122.844950878093,47.572772912764336
b2b-all-7337-4-552hdv-d-3765,22200,2461,3600,-122.844950878093,47.572772912764336
b2b-all-7337-4-552hdv-d-3766,22200,2461,3600,-122.844950878093,47.572772912764336
b2b-all-7337-4-552hdv-d-3767,25380,2461,3600,-122.844950878093,47.572772912764336
b2b-all-734276-1-553md-d-3768,27060,1367,3600,-122.33740540584282,47.52309915507304
b2b-all-734276-1-554md-d-3769,47640,1367,3600,-122.33740540584282,47.52309915507304
b2b-all-7344-2-555hdv-d-3770,12000,3179,3600,-122.74810938133588,47.29621087392292
b2b-all-7344-2-555hdv-d-3771,18600,3179,3600,-122.74810938133588,47.29621087392292
b2b-all-736906-4-556hdv-d-3772,22800,1368,3600,-122.34280301211442,47.51833738239204
b2b-all-7369-4-557hdv-d-3773,22620,3857,3600,-122.29590163174925,48.271412627164175
b2b-all-7369-4-557hdv-d-3774,26280,3857,3600,-122.29590163174925,48.271412627164175
b2b-all-7369-4-557hdv-d-3775,22620,3857,3600,-122.29590163174925,48.271412627164175
b2b-all-7369-4-557hdv-d-3776,28800,3857,3600,-122.29590163174925,48.271412627164175
b2b-all-7369-4-557hdv-d-3777,29040,3857,3600,-122.29590163174925,48.271412627164175
b2b-all-737400-1-558hdt-d-3778,48420,1094,3600,-122.36718162248424,47.65955111692169
b2b-all-7375855-1-559md-d-3779,16380,2128,3600,-121.69744610643237,47.16798796331104
b2b-all-7375855-1-559md-d-3780,19200,2128,3600,-121.69744610643237,47.16798796331104
b2b-all-7375855-1-559md-d-3781,14400,2128,3600,-121.69744610643237,47.16798796331104
b2b-all-7375855-1-559md-d-3782,16680,2128,3600,-121.69744610643237,47.16798796331104
b2b-all-7375855-1-559md-d-3783,21300,2128,3600,-121.69744610643237,47.16798796331104
b2b-all-737602-1-560hdt-d-3784,44580,2317,3600,-121.9903468629211,47.74643893120301
b2b-all-7376034-1-561md-d-3785,55200,996,3600,-122.34400388317913,47.69240671201815
b2b-all-7376034-1-561md-d-3786,55200,996,3600,-122.34400388317913,47.69240671201815
b2b-all-7376034-1-561md-d-3787,55200,996,3600,-122.34400388317913,47.69240671201815
b2b-all-7376034-1-561md-d-3788,55200,996,3600,-122.34400388317913,47.69240671201815
b2b-all-7376034-1-561md-d-3789,55200,996,3600,-122.34400388317913,47.69240671201815
b2b-all-7376034-3-562hdt-d-3790,44040,996,3600,-122.34400388317913,47.69240671201815
b2b-all-7376034-3-562hdt-d-3791,44040,996,3600,-122.34400388317913,47.69240671201815
b2b-all-7376034-3-562hdt-d-3792,44040,996,3600,-122.34400388317913,47.69240671201815
b2b-all-7376034-3-562hdt-d-3793,44040,996,3600,-122.34400388317913,47.69240671201815
b2b-all-7376035-1-563md-d-3794,34320,1279,3600,-122.38801740898212,47.5834876853886
b2b-all-7376035-1-563md-d-3795,34860,1279,3600,-122.38801740898212,47.5834876853886
b2b-all-7376035-1-563md-d-3796,34320,1279,3600,-122.38801740898212,47.5834876853886
b2b-all-7376035-1-563md-d-3797,34320,1279,3600,-122.38801740898212,47.5834876853886
b2b-all-7376035-1-563md-d-3798,34320,1279,3600,-122.38801740898212,47.5834876853886
b2b-all-7376035-1-563md-d-3799,34320,1279,3600,-122.38801740898212,47.5834876853886
b2b-all-7376035-1-563md-d-3800,34320,1279,3600,-122.38801740898212,47.5834876853886
b2b-all-7376035-1-563md-d-3801,34320,1279,3600,-122.38801740898212,47.5834876853886
b2b-all-7376035-1-563md-d-3802,34320,1279,3600,-122.38801740898212,47.5834876853886
b2b-all-7376035-1-563md-d-3803,34320,1279,3600,-122.38801740898212,47.5834876853886
b2b-all-7376035-1-563md-d-3804,34320,1279,3600,-122.38801740898212,47.5834876853886
b2b-all-7376035-1-563md-d-3805,34320,1279,3600,-122.38801740898212,47.5834876853886
b2b-all-7376035-1-563md-d-3806,34320,1279,3600,-122.38801740898212,47.5834876853886
b2b-all-7376035-1-563md-d-3807,34320,1279,3600,-122.38801740898212,47.5834876853886
b2b-all-7376035-1-563md-d-3808,34320,1279,3600,-122.38801740898212,47.5834876853886
b2b-all-7376035-1-563md-d-3809,35340,1279,3600,-122.38801740898212,47.5834876853886
b2b-all-7376035-1-563md-d-3810,34320,1279,3600,-122.38801740898212,47.5834876853886
b2b-all-7376035-1-563md-d-3811,34320,1279,3600,-122.38801740898212,47.5834876853886
b2b-all-7376035-1-563md-d-3812,34320,1279,3600,-122.38801740898212,47.5834876853886
b2b-all-7376035-1-563md-d-3813,34320,1279,3600,-122.38801740898212,47.5834876853886
b2b-all-7376035-2-564hdv-d-3814,52260,1279,3600,-122.38801740898212,47.5834876853886
b2b-all-7376035-2-564hdv-d-3815,52260,1279,3600,-122.38801740898212,47.5834876853886
b2b-all-7376035-4-565hdv-d-3816,28380,1279,3600,-122.38801740898212,47.5834876853886
b2b-all-7376035-4-565hdv-d-3817,27060,1279,3600,-122.38801740898212,47.5834876853886
b2b-all-7377669-4-566hdv-d-3818,31680,2086,3600,-122.2577508517709,47.29302413492409
b2b-all-7377669-4-566hdv-d-3819,31680,2086,3600,-122.2577508517709,47.29302413492409
b2b-all-7379115-3-567hdv-d-3820,37740,2025,3600,-122.38093749670657,47.30012510224767
b2b-all-7379164-3-568hdt-d-3821,35220,1707,3600,-122.12313890959652,47.50426491146541
b2b-all-7379164-3-568hdt-d-3822,35220,1707,3600,-122.12313890959652,47.50426491146541
b2b-all-7379164-3-568hdt-d-3823,35220,1707,3600,-122.12313890959652,47.50426491146541
b2b-all-7379164-3-569hdt-d-3824,51660,1707,3600,-122.12313890959652,47.50426491146541
b2b-all-7379164-3-569hdt-d-3825,51660,1707,3600,-122.12313890959652,47.50426491146541
b2b-all-7380341-4-570hdv-d-3826,40800,3860,3600,-122.16669982272528,48.26526223933203
b2b-all-7380341-4-570hdv-d-3827,40800,3860,3600,-122.16669982272528,48.26526223933203
b2b-all-7380342-1-571md-d-0-3828,14820,3854,3600,-122.3645144674494,48.26687162473969
b2b-all-7380342-1-571md-d-0-3829,24180,3854,3600,-122.3645144674494,48.26687162473969
b2b-all-7380342-1-571md-d-0-3830,14820,3854,3600,-122.3645144674494,48.26687162473969
b2b-all-7380342-1-571md-d-0-3831,14820,3854,3600,-122.3645144674494,48.26687162473969
b2b-all-7380342-1-571md-d-0-3832,14820,3854,3600,-122.3645144674494,48.26687162473969
b2b-all-7380342-1-571md-d-0-3833,17580,3854,3600,-122.3645144674494,48.26687162473969
b2b-all-7380342-1-571md-d-0-3834,14820,3854,3600,-122.3645144674494,48.26687162473969
b2b-all-7380342-1-571md-d-0-3835,15720,3854,3600,-122.3645144674494,48.26687162473969
b2b-all-7380342-1-571md-d-0-3836,19200,3854,3600,-122.3645144674494,48.26687162473969
b2b-all-7380342-1-571md-d-0-3837,20940,3854,3600,-122.3645144674494,48.26687162473969
b2b-all-7380342-1-571md-d-0-3838,16980,3854,3600,-122.3645144674494,48.26687162473969
b2b-all-7380342-1-571md-d-0-3839,16740,3854,3600,-122.3645144674494,48.26687162473969
b2b-all-7380342-1-571md-d-0-3840,14820,3854,3600,-122.3645144674494,48.26687162473969
b2b-all-7380342-1-571md-d-0-3841,22860,3854,3600,-122.3645144674494,48.26687162473969
b2b-all-7380342-1-571md-d-0-3842,14820,3854,3600,-122.3645144674494,48.26687162473969
b2b-all-7380342-1-571md-d-0-3843,15360,3854,3600,-122.3645144674494,48.26687162473969
b2b-all-7380342-1-571md-d-0-3844,14820,3854,3600,-122.3645144674494,48.26687162473969
b2b-all-7380342-1-571md-d-0-3845,26880,3854,3600,-122.3645144674494,48.26687162473969
b2b-all-7380342-1-571md-d-0-3846,20160,3854,3600,-122.3645144674494,48.26687162473969
b2b-all-7380342-1-571md-d-0-3847,15240,3854,3600,-122.3645144674494,48.26687162473969
b2b-all-7380342-1-571md-d-1-3848,16500,3854,3600,-122.3645144674494,48.26687162473969
b2b-all-7380342-1-571md-d-1-3849,22980,3854,3600,-122.3645144674494,48.26687162473969
b2b-all-7380342-1-571md-d-1-3850,16320,3854,3600,-122.3645144674494,48.26687162473969
b2b-all-7380342-1-571md-d-1-3851,18780,3854,3600,-122.3645144674494,48.26687162473969
b2b-all-7380342-1-571md-d-1-3852,14820,3854,3600,-122.3645144674494,48.26687162473969
b2b-all-7380342-1-571md-d-1-3853,15240,3854,3600,-122.3645144674494,48.26687162473969
b2b-all-7380342-1-571md-d-1-3854,14820,3854,3600,-122.3645144674494,48.26687162473969
b2b-all-7380342-1-571md-d-1-3855,26280,3854,3600,-122.3645144674494,48.26687162473969
b2b-all-7380342-1-571md-d-1-3856,21900,3854,3600,-122.3645144674494,48.26687162473969
b2b-all-7380342-1-571md-d-1-3857,14820,3854,3600,-122.3645144674494,48.26687162473969
b2b-all-7380342-1-571md-d-1-3858,19140,3854,3600,-122.3645144674494,48.26687162473969
b2b-all-7380342-1-571md-d-1-3859,17520,3854,3600,-122.3645144674494,48.26687162473969
b2b-all-7380342-1-571md-d-1-3860,17100,3854,3600,-122.3645144674494,48.26687162473969
b2b-all-7380342-1-571md-d-1-3861,21420,3854,3600,-122.3645144674494,48.26687162473969
b2b-all-7380342-1-571md-d-1-3862,23940,3854,3600,-122.3645144674494,48.26687162473969
b2b-all-7380342-1-571md-d-1-3863,14820,3854,3600,-122.3645144674494,48.26687162473969
b2b-all-7380342-1-571md-d-1-3864,14820,3854,3600,-122.3645144674494,48.26687162473969
b2b-all-7380342-1-571md-d-1-3865,26940,3854,3600,-122.3645144674494,48.26687162473969
b2b-all-7380342-1-571md-d-1-3866,14820,3854,3600,-122.3645144674494,48.26687162473969
b2b-all-7380342-1-571md-d-1-3867,22080,3854,3600,-122.3645144674494,48.26687162473969
b2b-all-7380342-1-571md-d-2-3868,24300,3854,3600,-122.3645144674494,48.26687162473969
b2b-all-7380342-1-571md-d-2-3869,14820,3854,3600,-122.3645144674494,48.26687162473969
b2b-all-7380342-1-571md-d-2-3870,20520,3854,3600,-122.3645144674494,48.26687162473969
b2b-all-7380342-1-571md-d-2-3871,22500,3854,3600,-122.3645144674494,48.26687162473969
b2b-all-7380342-1-571md-d-2-3872,14940,3854,3600,-122.3645144674494,48.26687162473969
b2b-all-7380342-1-571md-d-2-3873,19980,3854,3600,-122.3645144674494,48.26687162473969
b2b-all-7380342-1-571md-d-2-3874,21420,3854,3600,-122.3645144674494,48.26687162473969
b2b-all-7380342-1-571md-d-2-3875,20280,3854,3600,-122.3645144674494,48.26687162473969
b2b-all-7380342-1-571md-d-2-3876,27180,3854,3600,-122.3645144674494,48.26687162473969
b2b-all-7380342-1-571md-d-2-3877,17700,3854,3600,-122.3645144674494,48.26687162473969
b2b-all-7380342-1-571md-d-2-3878,25020,3854,3600,-122.3645144674494,48.26687162473969
b2b-all-7380342-1-571md-d-2-3879,21240,3854,3600,-122.3645144674494,48.26687162473969
b2b-all-7380342-1-571md-d-2-3880,17460,3854,3600,-122.3645144674494,48.26687162473969
b2b-all-7380342-1-571md-d-2-3881,21000,3854,3600,-122.3645144674494,48.26687162473969
b2b-all-7380342-1-571md-d-2-3882,16320,3854,3600,-122.3645144674494,48.26687162473969
b2b-all-7380342-1-571md-d-2-3883,14820,3854,3600,-122.3645144674494,48.26687162473969
b2b-all-7380342-1-571md-d-2-3884,14820,3854,3600,-122.3645144674494,48.26687162473969
b2b-all-7380342-1-571md-d-2-3885,27480,3854,3600,-122.3645144674494,48.26687162473969
b2b-all-7380342-1-571md-d-2-3886,29520,3854,3600,-122.3645144674494,48.26687162473969
b2b-all-7380342-1-571md-d-2-3887,26940,3854,3600,-122.3645144674494,48.26687162473969
b2b-all-7380342-3-572hdt-d-3888,30600,3854,3600,-122.3645144674494,48.26687162473969
b2b-all-7380342-3-572hdt-d-3889,20640,3854,3600,-122.3645144674494,48.26687162473969
b2b-all-7380342-3-572hdt-d-3890,20940,3854,3600,-122.3645144674494,48.26687162473969
b2b-all-7380342-3-572hdt-d-3891,20640,3854,3600,-122.3645144674494,48.26687162473969
b2b-all-7380342-3-572hdt-d-3892,20640,3854,3600,-122.3645144674494,48.26687162473969
b2b-all-7380342-3-572hdt-d-3893,20640,3854,3600,-122.3645144674494,48.26687162473969
b2b-all-7380342-3-572hdt-d-3894,21360,3854,3600,-122.3645144674494,48.26687162473969
b2b-all-7380342-3-572hdt-d-3895,21720,3854,3600,-122.3645144674494,48.26687162473969
b2b-all-7380342-3-572hdt-d-3896,26760,3854,3600,-122.3645144674494,48.26687162473969
b2b-all-7380342-3-572hdt-d-3897,20640,3854,3600,-122.3645144674494,48.26687162473969
b2b-all-7380342-3-572hdt-d-3898,20640,3854,3600,-122.3645144674494,48.26687162473969
b2b-all-7380342-3-572hdt-d-3899,20760,3854,3600,-122.3645144674494,48.26687162473969
b2b-all-7380342-3-572hdt-d-3900,29160,3854,3600,-122.3645144674494,48.26687162473969
b2b-all-7380342-3-572hdt-d-3901,23940,3854,3600,-122.3645144674494,48.26687162473969
b2b-all-7380342-3-572hdt-d-3902,21780,3854,3600,-122.3645144674494,48.26687162473969
b2b-all-7380342-3-572hdt-d-3903,25560,3854,3600,-122.3645144674494,48.26687162473969
b2b-all-7380342-3-572hdt-d-3904,20640,3854,3600,-122.3645144674494,48.26687162473969
b2b-all-7380342-3-572hdv-d-3905,23760,3854,3600,-122.3645144674494,48.26687162473969
b2b-all-7380342-4-573hdt-d-0-3906,18540,3854,3600,-122.3645144674494,48.26687162473969
b2b-all-7380342-4-573hdt-d-0-3907,26640,3854,3600,-122.3645144674494,48.26687162473969
b2b-all-7380342-4-573hdt-d-0-3908,18540,3854,3600,-122.3645144674494,48.26687162473969
b2b-all-7380342-4-573hdt-d-0-3909,18540,3854,3600,-122.3645144674494,48.26687162473969
b2b-all-7380342-4-573hdt-d-0-3910,18540,3854,3600,-122.3645144674494,48.26687162473969
b2b-all-7380342-4-573hdt-d-0-3911,28620,3854,3600,-122.3645144674494,48.26687162473969
b2b-all-7380342-4-573hdt-d-0-3912,25500,3854,3600,-122.3645144674494,48.26687162473969
b2b-all-7380342-4-573hdt-d-0-3913,22800,3854,3600,-122.3645144674494,48.26687162473969
b2b-all-7380342-4-573hdt-d-0-3914,24300,3854,3600,-122.3645144674494,48.26687162473969
b2b-all-7380342-4-573hdt-d-0-3915,25860,3854,3600,-122.3645144674494,48.26687162473969
b2b-all-7380342-4-573hdt-d-0-3916,25560,3854,3600,-122.3645144674494,48.26687162473969
b2b-all-7380342-4-573hdt-d-0-3917,18540,3854,3600,-122.3645144674494,48.26687162473969
b2b-all-7380342-4-573hdt-d-0-3918,18540,3854,3600,-122.3645144674494,48.26687162473969
b2b-all-7380342-4-573hdt-d-0-3919,22560,3854,3600,-122.3645144674494,48.26687162473969
b2b-all-7380342-4-573hdt-d-0-3920,22020,3854,3600,-122.3645144674494,48.26687162473969
b2b-all-7380342-4-573hdt-d-0-3921,21120,3854,3600,-122.3645144674494,48.26687162473969
b2b-all-7380342-4-573hdt-d-0-3922,18540,3854,3600,-122.3645144674494,48.26687162473969
b2b-all-7380342-4-573hdt-d-0-3923,20520,3854,3600,-122.3645144674494,48.26687162473969
b2b-all-7380342-4-573hdt-d-0-3924,18540,3854,3600,-122.3645144674494,48.26687162473969
b2b-all-7380342-4-573hdt-d-0-3925,23760,3854,3600,-122.3645144674494,48.26687162473969
b2b-all-7380342-4-573hdt-d-1-3926,18540,3854,3600,-122.3645144674494,48.26687162473969
b2b-all-7380342-4-573hdt-d-1-3927,19980,3854,3600,-122.3645144674494,48.26687162473969
b2b-all-7380342-4-573hdt-d-1-3928,21300,3854,3600,-122.3645144674494,48.26687162473969
b2b-all-7380342-4-573hdt-d-1-3929,19320,3854,3600,-122.3645144674494,48.26687162473969
b2b-all-7380342-4-573hdt-d-1-3930,18540,3854,3600,-122.3645144674494,48.26687162473969
b2b-all-7380342-4-573hdt-d-1-3931,20040,3854,3600,-122.3645144674494,48.26687162473969
b2b-all-7380342-4-573hdt-d-1-3932,18540,3854,3600,-122.3645144674494,48.26687162473969
b2b-all-7380342-4-573hdt-d-1-3933,18540,3854,3600,-122.3645144674494,48.26687162473969
b2b-all-7380342-4-573hdt-d-1-3934,18540,3854,3600,-122.3645144674494,48.26687162473969
b2b-all-7380342-4-573hdt-d-1-3935,20640,3854,3600,-122.3645144674494,48.26687162473969
b2b-all-7380342-4-573hdt-d-1-3936,22500,3854,3600,-122.3645144674494,48.26687162473969
b2b-all-7380342-4-573hdt-d-1-3937,18540,3854,3600,-122.3645144674494,48.26687162473969
b2b-all-7380342-4-573hdt-d-1-3938,18540,3854,3600,-122.3645144674494,48.26687162473969
b2b-all-7380342-4-573hdt-d-1-3939,18540,3854,3600,-122.3645144674494,48.26687162473969
b2b-all-7380342-4-573hdt-d-1-3940,20880,3854,3600,-122.3645144674494,48.26687162473969
b2b-all-7380342-4-573hdt-d-1-3941,20700,3854,3600,-122.3645144674494,48.26687162473969
b2b-all-7380342-4-573hdt-d-1-3942,24780,3854,3600,-122.3645144674494,48.26687162473969
b2b-all-7380342-4-573hdt-d-1-3943,23220,3854,3600,-122.3645144674494,48.26687162473969
b2b-all-7380342-4-573hdt-d-1-3944,18540,3854,3600,-122.3645144674494,48.26687162473969
b2b-all-7380342-4-573hdt-d-1-3945,24120,3854,3600,-122.3645144674494,48.26687162473969
b2b-all-7380342-4-573hdt-d-2-3946,18540,3854,3600,-122.3645144674494,48.26687162473969
b2b-all-7380342-4-573hdt-d-2-3947,18540,3854,3600,-122.3645144674494,48.26687162473969
b2b-all-7380342-4-573hdt-d-2-3948,18540,3854,3600,-122.3645144674494,48.26687162473969
b2b-all-7380342-4-573hdt-d-2-3949,20340,3854,3600,-122.3645144674494,48.26687162473969
b2b-all-7380342-4-573hdt-d-2-3950,18540,3854,3600,-122.3645144674494,48.26687162473969
b2b-all-7380342-4-573hdt-d-2-3951,20100,3854,3600,-122.3645144674494,48.26687162473969
b2b-all-7380342-4-573hdt-d-2-3952,18540,3854,3600,-122.3645144674494,48.26687162473969
b2b-all-7380342-4-573hdt-d-2-3953,20700,3854,3600,-122.3645144674494,48.26687162473969
b2b-all-7380342-4-573hdt-d-2-3954,18540,3854,3600,-122.3645144674494,48.26687162473969
b2b-all-7380342-4-573hdt-d-2-3955,27540,3854,3600,-122.3645144674494,48.26687162473969
b2b-all-7380342-4-573hdt-d-2-3956,24180,3854,3600,-122.3645144674494,48.26687162473969
b2b-all-7380342-4-573hdt-d-2-3957,21600,3854,3600,-122.3645144674494,48.26687162473969
b2b-all-7380342-4-573hdt-d-2-3958,25860,3854,3600,-122.3645144674494,48.26687162473969
b2b-all-7380342-4-573hdt-d-2-3959,30780,3854,3600,-122.3645144674494,48.26687162473969
b2b-all-7380342-4-573hdt-d-2-3960,18540,3854,3600,-122.3645144674494,48.26687162473969
b2b-all-7380342-4-573hdt-d-2-3961,29820,3854,3600,-122.3645144674494,48.26687162473969
b2b-all-7380342-4-573hdt-d-2-3962,18540,3854,3600,-122.3645144674494,48.26687162473969
b2b-all-7380342-4-573hdt-d-2-3963,28920,3854,3600,-122.3645144674494,48.26687162473969
b2b-all-7380342-5-574hdv-d-0-3964,18960,3854,3600,-122.3645144674494,48.26687162473969
b2b-all-7380342-5-574hdv-d-0-3965,25200,3854,3600,-122.3645144674494,48.26687162473969
b2b-all-7380342-5-574hdv-d-0-3966,27000,3854,3600,-122.3645144674494,48.26687162473969
b2b-all-7380342-5-574hdv-d-0-3967,18960,3854,3600,-122.3645144674494,48.26687162473969
b2b-all-7380342-5-574hdv-d-0-3968,18960,3854,3600,-122.3645144674494,48.26687162473969
b2b-all-7380342-5-574hdv-d-0-3969,18960,3854,3600,-122.3645144674494,48.26687162473969
b2b-all-7380342-5-574hdv-d-0-3970,18960,3854,3600,-122.3645144674494,48.26687162473969
b2b-all-7380342-5-574hdv-d-0-3971,18960,3854,3600,-122.3645144674494,48.26687162473969
b2b-all-7380342-5-574hdv-d-0-3972,18960,3854,3600,-122.3645144674494,48.26687162473969
b2b-all-7380342-5-574hdv-d-0-3973,20820,3854,3600,-122.3645144674494,48.26687162473969
b2b-all-7380342-5-574hdv-d-0-3974,22500,3854,3600,-122.3645144674494,48.26687162473969
b2b-all-7380342-5-574hdv-d-0-3975,18960,3854,3600,-122.3645144674494,48.26687162473969
b2b-all-7380342-5-574hdv-d-0-3976,18960,3854,3600,-122.3645144674494,48.26687162473969
b2b-all-7380342-5-574hdv-d-0-3977,29580,3854,3600,-122.3645144674494,48.26687162473969
b2b-all-7380342-5-574hdv-d-0-3978,20100,3854,3600,-122.3645144674494,48.26687162473969
b2b-all-7380342-5-574hdv-d-0-3979,18960,3854,3600,-122.3645144674494,48.26687162473969
b2b-all-7380342-5-574hdv-d-0-3980,18960,3854,3600,-122.3645144674494,48.26687162473969
b2b-all-7380342-5-574hdv-d-0-3981,18960,3854,3600,-122.3645144674494,48.26687162473969
b2b-all-7380342-5-574hdv-d-0-3982,18960,3854,3600,-122.3645144674494,48.26687162473969
b2b-all-7380342-5-574hdv-d-0-3983,25620,3854,3600,-122.3645144674494,48.26687162473969
b2b-all-7380342-5-574hdv-d-1-3984,18960,3854,3600,-122.3645144674494,48.26687162473969
b2b-all-7380342-5-574hdv-d-1-3985,26880,3854,3600,-122.3645144674494,48.26687162473969
b2b-all-7380342-5-574hdv-d-1-3986,25980,3854,3600,-122.3645144674494,48.26687162473969
b2b-all-7380342-5-574hdv-d-1-3987,18960,3854,3600,-122.3645144674494,48.26687162473969
b2b-all-7380342-5-574hdv-d-1-3988,18960,3854,3600,-122.3645144674494,48.26687162473969
b2b-all-7380342-5-574hdv-d-1-3989,18960,3854,3600,-122.3645144674494,48.26687162473969
b2b-all-7380342-5-574hdv-d-1-3990,19380,3854,3600,-122.3645144674494,48.26687162473969
b2b-all-7380342-5-574hdv-d-1-3991,19200,3854,3600,-122.3645144674494,48.26687162473969
b2b-all-7380342-5-574hdv-d-1-3992,18960,3854,3600,-122.3645144674494,48.26687162473969
b2b-all-7380342-5-574hdv-d-1-3993,18960,3854,3600,-122.3645144674494,48.26687162473969
b2b-all-7380342-5-574hdv-d-1-3994,18960,3854,3600,-122.3645144674494,48.26687162473969
b2b-all-7380342-5-574hdv-d-1-3995,18960,3854,3600,-122.3645144674494,48.26687162473969
b2b-all-7380342-5-574hdv-d-1-3996,18960,3854,3600,-122.3645144674494,48.26687162473969
b2b-all-7380342-5-574hdv-d-1-3997,20460,3854,3600,-122.3645144674494,48.26687162473969
b2b-all-7380895-3-575hdt-d-3998,31080,1782,3600,-122.33297360416576,47.5098011789152
b2b-all-7380895-3-576hdt-d-3999,39780,1782,3600,-122.33297360416576,47.5098011789152
b2b-all-7380895-3-576hdt-d-4000,39780,1782,3600,-122.33297360416576,47.5098011789152
b2b-all-7380895-3-576hdt-d-4001,39780,1782,3600,-122.33297360416576,47.5098011789152
b2b-all-7380895-3-576hdt-d-4002,39780,1782,3600,-122.33297360416576,47.5098011789152
b2b-all-7380895-3-576hdt-d-4003,39780,1782,3600,-122.33297360416576,47.5098011789152
b2b-all-7380895-3-576hdt-d-4004,39780,1782,3600,-122.33297360416576,47.5098011789152
b2b-all-7381028-1-577md-d-4005,20040,5885,3600,-123.12917480974409,44.98433170990787
b2b-all-7381028-3-578hdt-d-4006,28800,5885,3600,-123.12917480974409,44.98433170990787
b2b-all-7381028-4-579hdv-d-4007,17280,5885,3600,-123.12917480974409,44.98433170990787
b2b-all-7382636-1-580hdt-d-4008,28500,985,3600,-122.37629538933552,47.70290890930491
b2b-all-7383074-4-581hdv-d-4009,32280,1828,3600,-122.37129891300366,47.45202959859275
b2b-all-7383074-4-581hdv-d-4010,22620,1828,3600,-122.37129891300366,47.45202959859275
b2b-all-7383280-2-582hdt-d-4011,24720,1239,3600,-122.32640605552308,47.60846456701918
b2b-all-7383280-2-582hdt-d-4012,24720,1239,3600,-122.32640605552308,47.60846456701918
b2b-all-7383280-3-583hdt-d-4013,39000,1239,3600,-122.32640605552308,47.60846456701918
b2b-all-7383280-3-583hdt-d-4014,39000,1239,3600,-122.32640605552308,47.60846456701918
b2b-all-7383280-3-583hdt-d-4015,39000,1239,3600,-122.32640605552308,47.60846456701918
b2b-all-7383280-3-583hdt-d-4016,39000,1239,3600,-122.32640605552308,47.60846456701918
b2b-all-7383280-3-583hdt-d-4017,39000,1239,3600,-122.32640605552308,47.60846456701918
b2b-all-7383280-3-583hdt-d-4018,39000,1239,3600,-122.32640605552308,47.60846456701918
b2b-all-7384235-1-584hdt-d-4019,9840,5885,3600,-123.12917480974409,44.98433170990787
b2b-all-7385818-1-585md-d-4020,46140,1392,3600,-122.25354316393832,47.512737398667866
b2b-all-7385818-1-585md-d-4021,46140,1392,3600,-122.25354316393832,47.512737398667866
b2b-all-7385818-1-585md-d-4022,46140,1392,3600,-122.25354316393832,47.512737398667866
b2b-all-7385818-1-585md-d-4023,46140,1392,3600,-122.25354316393832,47.512737398667866
b2b-all-7385821-1-586hdt-d-4024,24720,1617,3600,-122.18412825365422,47.60952863787534
b2b-all-7385821-1-586hdt-d-4025,24720,1617,3600,-122.18412825365422,47.60952863787534
b2b-all-7385821-1-586hdt-d-4026,24720,1617,3600,-122.18412825365422,47.60952863787534
b2b-all-7385821-1-586hdt-d-4027,24720,1617,3600,-122.18412825365422,47.60952863787534
b2b-all-7386364-1-587md-d-4028,23160,3191,3600,-122.48240942711132,47.05796598200305
b2b-all-7386643-1-588md-d-4029,16140,5885,3600,-123.12917480974409,44.98433170990787
b2b-all-7387242-2-589hdv-d-4030,27240,3895,3600,-121.26884369455286,48.17174536079158
b2b-all-7387895-1-590md-d-4031,37020,2068,3600,-122.22856955967195,47.353710200181816
b2b-all-7388291-1-592hdv-d-4032,18900,5885,3600,-123.12917480974409,44.98433170990787
b2b-all-7388639-1-593md-d-0-4033,52800,2056,3600,-122.27928887189633,47.29596609238333
b2b-all-7388639-1-593md-d-0-4034,52800,2056,3600,-122.27928887189633,47.29596609238333
b2b-all-7388639-1-593md-d-0-4035,52800,2056,3600,-122.27928887189633,47.29596609238333
b2b-all-7388639-1-593md-d-1-4036,52800,2056,3600,-122.27928887189633,47.29596609238333
b2b-all-7388639-1-594md-d-4037,39120,2056,3600,-122.27928887189633,47.29596609238333
b2b-all-7388639-1-594md-d-4038,39120,2056,3600,-122.27928887189633,47.29596609238333
b2b-all-7388639-2-595md-d-4039,33900,2056,3600,-122.27928887189633,47.29596609238333
b2b-all-7388639-2-595md-d-4040,25200,2056,3600,-122.27928887189633,47.29596609238333
b2b-all-7388639-2-595md-d-4041,31200,2056,3600,-122.27928887189633,47.29596609238333
b2b-all-7388639-2-595hdt-d-4042,24180,2056,3600,-122.27928887189633,47.29596609238333
b2b-all-7388639-2-596md-d-4043,34260,2056,3600,-122.27928887189633,47.29596609238333
b2b-all-7388639-2-596hdt-d-4044,34260,2056,3600,-122.27928887189633,47.29596609238333
b2b-all-7388639-3-597hdt-d-0-4045,41880,2056,3600,-122.27928887189633,47.29596609238333
b2b-all-7388639-3-597hdt-d-0-4046,41880,2056,3600,-122.27928887189633,47.29596609238333
b2b-all-7388639-3-597hdt-d-0-4047,41880,2056,3600,-122.27928887189633,47.29596609238333
b2b-all-7388639-3-597hdt-d-1-4048,41880,2056,3600,-122.27928887189633,47.29596609238333
b2b-all-7388639-3-597hdt-d-1-4049,41880,2056,3600,-122.27928887189633,47.29596609238333
b2b-all-7388639-3-597hdt-d-1-4050,41880,2056,3600,-122.27928887189633,47.29596609238333
b2b-all-7388639-3-597hdt-d-2-4051,41880,2056,3600,-122.27928887189633,47.29596609238333
b2b-all-7388639-3-597hdt-d-2-4052,41880,2056,3600,-122.27928887189633,47.29596609238333
b2b-all-7388639-3-597hdt-d-2-4053,41880,2056,3600,-122.27928887189633,47.29596609238333
b2b-all-7388639-3-597hdt-d-3-4054,41880,2056,3600,-122.27928887189633,47.29596609238333
b2b-all-7388639-3-597hdt-d-3-4055,41880,2056,3600,-122.27928887189633,47.29596609238333
b2b-all-7388639-3-597hdt-d-3-4056,41880,2056,3600,-122.27928887189633,47.29596609238333
b2b-all-7388639-3-597hdt-d-4-4057,41880,2056,3600,-122.27928887189633,47.29596609238333
b2b-all-7388639-3-597hdt-d-4-4058,41880,2056,3600,-122.27928887189633,47.29596609238333
b2b-all-7388639-3-597hdt-d-4-4059,41880,2056,3600,-122.27928887189633,47.29596609238333
b2b-all-7388639-3-597hdt-d-5-4060,41880,2056,3600,-122.27928887189633,47.29596609238333
b2b-all-7388639-3-597hdt-d-5-4061,41880,2056,3600,-122.27928887189633,47.29596609238333
b2b-all-7388639-3-597hdt-d-5-4062,41880,2056,3600,-122.27928887189633,47.29596609238333
b2b-all-7388639-3-597hdt-d-6-4063,41880,2056,3600,-122.27928887189633,47.29596609238333
b2b-all-7388639-3-597hdt-d-6-4064,41880,2056,3600,-122.27928887189633,47.29596609238333
b2b-all-7388639-3-597hdt-d-6-4065,41880,2056,3600,-122.27928887189633,47.29596609238333
b2b-all-7388639-3-597hdt-d-7-4066,41880,2056,3600,-122.27928887189633,47.29596609238333
b2b-all-7388639-3-597hdt-d-7-4067,41880,2056,3600,-122.27928887189633,47.29596609238333
b2b-all-7388639-3-597hdt-d-7-4068,41880,2056,3600,-122.27928887189633,47.29596609238333
b2b-all-7388639-3-597hdt-d-8-4069,41880,2056,3600,-122.27928887189633,47.29596609238333
b2b-all-7388639-3-598hdt-d-1-4070,52440,2056,3600,-122.27928887189633,47.29596609238333
b2b-all-7388639-3-598hdt-d-1-4071,52440,2056,3600,-122.27928887189633,47.29596609238333
b2b-all-7388639-3-598hdt-d-1-4072,52440,2056,3600,-122.27928887189633,47.29596609238333
b2b-all-7388639-3-598hdt-d-1-4073,52440,2056,3600,-122.27928887189633,47.29596609238333
b2b-all-7388639-4-599hdv-d-0-4074,24840,2056,3600,-122.27928887189633,47.29596609238333
b2b-all-7388639-4-599hdv-d-0-4075,22980,2056,3600,-122.27928887189633,47.29596609238333
b2b-all-7388639-4-599hdv-d-0-4076,22980,2056,3600,-122.27928887189633,47.29596609238333
b2b-all-7388639-4-599hdv-d-1-4077,25560,2056,3600,-122.27928887189633,47.29596609238333
b2b-all-7388639-4-599hdv-d-1-4078,29700,2056,3600,-122.27928887189633,47.29596609238333
b2b-all-7388639-4-599hdv-d-1-4079,24960,2056,3600,-122.27928887189633,47.29596609238333
b2b-all-7388639-4-599hdv-d-2-4080,30240,2056,3600,-122.27928887189633,47.29596609238333
b2b-all-7388639-4-599hdv-d-2-4081,22980,2056,3600,-122.27928887189633,47.29596609238333
b2b-all-7388639-4-599hdv-d-2-4082,35940,2056,3600,-122.27928887189633,47.29596609238333
b2b-all-7388639-4-599hdv-d-3-4083,22980,2056,3600,-122.27928887189633,47.29596609238333
b2b-all-7388639-4-599hdv-d-3-4084,22980,2056,3600,-122.27928887189633,47.29596609238333
b2b-all-7388639-4-599hdv-d-3-4085,25440,2056,3600,-122.27928887189633,47.29596609238333
b2b-all-7388639-4-599hdv-d-4-4086,22980,2056,3600,-122.27928887189633,47.29596609238333
b2b-all-7388639-4-599hdv-d-4-4087,22980,2056,3600,-122.27928887189633,47.29596609238333
b2b-all-7388639-4-599hdv-d-4-4088,24780,2056,3600,-122.27928887189633,47.29596609238333
b2b-all-7388639-4-599hdv-d-5-4089,28860,2056,3600,-122.27928887189633,47.29596609238333
b2b-all-7388639-4-599hdv-d-5-4090,25500,2056,3600,-122.27928887189633,47.29596609238333
b2b-all-7388639-4-599hdv-d-5-4091,35400,2056,3600,-122.27928887189633,47.29596609238333
b2b-all-7388639-4-599hdv-d-6-4092,24480,2056,3600,-122.27928887189633,47.29596609238333
b2b-all-7388639-4-599hdv-d-6-4093,22980,2056,3600,-122.27928887189633,47.29596609238333
b2b-all-7388639-4-599hdv-d-6-4094,22980,2056,3600,-122.27928887189633,47.29596609238333
b2b-all-7388639-4-600hdv-d-1-4095,29640,2056,3600,-122.27928887189633,47.29596609238333
b2b-all-7388639-4-600hdv-d-1-4096,29640,2056,3600,-122.27928887189633,47.29596609238333
b2b-all-7388639-4-600hdv-d-1-4097,29640,2056,3600,-122.27928887189633,47.29596609238333
b2b-all-7388640-1-601md-d-0-4098,28620,2274,3600,-122.04297712883935,47.62974723951723
b2b-all-7388640-1-601md-d-0-4099,33360,2274,3600,-122.04297712883935,47.62974723951723
b2b-all-7388640-1-601md-d-1-4100,28620,2274,3600,-122.04297712883935,47.62974723951723
b2b-all-7388640-1-601md-d-1-4101,30120,2274,3600,-122.04297712883935,47.62974723951723
b2b-all-7388640-1-601md-d-2-4102,28620,2274,3600,-122.04297712883935,47.62974723951723
b2b-all-7388640-1-601md-d-2-4103,30240,2274,3600,-122.04297712883935,47.62974723951723
b2b-all-7388640-1-601md-d-3-4104,28620,2274,3600,-122.04297712883935,47.62974723951723
b2b-all-7388640-1-601md-d-3-4105,28620,2274,3600,-122.04297712883935,47.62974723951723
b2b-all-7388640-1-601md-d-4-4106,28620,2274,3600,-122.04297712883935,47.62974723951723
b2b-all-7388640-1-601md-d-4-4107,28620,2274,3600,-122.04297712883935,47.62974723951723
b2b-all-7388640-1-601md-d-5-4108,31740,2274,3600,-122.04297712883935,47.62974723951723
b2b-all-7388640-1-601md-d-5-4109,32940,2274,3600,-122.04297712883935,47.62974723951723
b2b-all-7388640-1-601md-d-6-4110,29580,2274,3600,-122.04297712883935,47.62974723951723
b2b-all-7388640-1-601md-d-6-4111,28620,2274,3600,-122.04297712883935,47.62974723951723
b2b-all-7388640-1-601md-d-7-4112,34680,2274,3600,-122.04297712883935,47.62974723951723
b2b-all-7388640-1-601md-d-7-4113,28620,2274,3600,-122.04297712883935,47.62974723951723
b2b-all-7388640-1-601md-d-8-4114,33900,2274,3600,-122.04297712883935,47.62974723951723
b2b-all-7388640-1-601md-d-8-4115,28620,2274,3600,-122.04297712883935,47.62974723951723
b2b-all-7388640-1-601md-d-9-4116,28620,2274,3600,-122.04297712883935,47.62974723951723
b2b-all-7388640-1-601md-d-9-4117,28620,2274,3600,-122.04297712883935,47.62974723951723
b2b-all-7388640-1-601md-d-10-4118,28620,2274,3600,-122.04297712883935,47.62974723951723
b2b-all-7388640-1-601md-d-10-4119,31980,2274,3600,-122.04297712883935,47.62974723951723
b2b-all-7388640-1-601md-d-11-4120,28620,2274,3600,-122.04297712883935,47.62974723951723
b2b-all-7388640-1-601md-d-11-4121,35220,2274,3600,-122.04297712883935,47.62974723951723
b2b-all-7388640-1-602md-d-4122,26460,2274,3600,-122.04297712883935,47.62974723951723
b2b-all-7388640-1-602md-d-4123,26460,2274,3600,-122.04297712883935,47.62974723951723
b2b-all-7388640-1-602md-d-4124,26460,2274,3600,-122.04297712883935,47.62974723951723
b2b-all-7388640-1-602md-d-4125,26460,2274,3600,-122.04297712883935,47.62974723951723
b2b-all-7388640-1-602md-d-4126,27720,2274,3600,-122.04297712883935,47.62974723951723
b2b-all-7388640-1-602md-d-4127,29520,2274,3600,-122.04297712883935,47.62974723951723
b2b-all-7388640-1-602md-d-4128,26460,2274,3600,-122.04297712883935,47.62974723951723
b2b-all-7388640-1-602md-d-4129,26460,2274,3600,-122.04297712883935,47.62974723951723
b2b-all-7388640-1-602md-d-4130,26460,2274,3600,-122.04297712883935,47.62974723951723
b2b-all-7388640-2-603md-d-0-4131,24060,2274,3600,-122.04297712883935,47.62974723951723
b2b-all-7388640-2-603md-d-0-4132,30180,2274,3600,-122.04297712883935,47.62974723951723
b2b-all-7388640-2-603md-d-0-4133,26460,2274,3600,-122.04297712883935,47.62974723951723
b2b-all-7388640-2-603md-d-0-4134,22860,2274,3600,-122.04297712883935,47.62974723951723
b2b-all-7388640-2-603md-d-0-4135,22860,2274,3600,-122.04297712883935,47.62974723951723
b2b-all-7388640-2-603md-d-1-4136,29520,2274,3600,-122.04297712883935,47.62974723951723
b2b-all-7388640-2-603md-d-1-4137,33120,2274,3600,-122.04297712883935,47.62974723951723
b2b-all-7388640-2-603md-d-1-4138,30300,2274,3600,-122.04297712883935,47.62974723951723
b2b-all-7388640-2-603md-d-1-4139,24360,2274,3600,-122.04297712883935,47.62974723951723
b2b-all-7388640-2-603md-d-1-4140,23760,2274,3600,-122.04297712883935,47.62974723951723
b2b-all-7388640-2-603md-d-2-4141,27840,2274,3600,-122.04297712883935,47.62974723951723
b2b-all-7388640-2-603md-d-2-4142,23520,2274,3600,-122.04297712883935,47.62974723951723
b2b-all-7388640-2-603md-d-2-4143,26520,2274,3600,-122.04297712883935,47.62974723951723
b2b-all-7388640-2-603md-d-2-4144,26040,2274,3600,-122.04297712883935,47.62974723951723
b2b-all-7388640-2-603md-d-2-4145,25560,2274,3600,-122.04297712883935,47.62974723951723
b2b-all-7388640-2-603md-d-3-4146,22860,2274,3600,-122.04297712883935,47.62974723951723
b2b-all-7388640-2-603md-d-3-4147,26040,2274,3600,-122.04297712883935,47.62974723951723
b2b-all-7388640-2-603md-d-3-4148,30060,2274,3600,-122.04297712883935,47.62974723951723
b2b-all-7388640-2-603md-d-3-4149,26340,2274,3600,-122.04297712883935,47.62974723951723
b2b-all-7388640-2-603md-d-3-4150,27660,2274,3600,-122.04297712883935,47.62974723951723
b2b-all-7388640-2-603md-d-4-4151,27840,2274,3600,-122.04297712883935,47.62974723951723
b2b-all-7388640-2-603md-d-4-4152,30060,2274,3600,-122.04297712883935,47.62974723951723
b2b-all-7388640-2-603md-d-4-4153,22860,2274,3600,-122.04297712883935,47.62974723951723
b2b-all-7388640-2-603md-d-4-4154,30000,2274,3600,-122.04297712883935,47.62974723951723
b2b-all-7388640-2-603md-d-4-4155,32520,2274,3600,-122.04297712883935,47.62974723951723
b2b-all-7388640-2-603md-d-5-4156,30300,2274,3600,-122.04297712883935,47.62974723951723
b2b-all-7388640-2-603md-d-5-4157,29520,2274,3600,-122.04297712883935,47.62974723951723
b2b-all-7388640-2-603hdt-d-0-4158,24960,2274,3600,-122.04297712883935,47.62974723951723
b2b-all-7388640-2-603hdt-d-0-4159,26340,2274,3600,-122.04297712883935,47.62974723951723
b2b-all-7388640-2-603hdt-d-0-4160,22860,2274,3600,-122.04297712883935,47.62974723951723
b2b-all-7388640-2-603hdt-d-0-4161,22860,2274,3600,-122.04297712883935,47.62974723951723
b2b-all-7388640-2-603hdt-d-0-4162,27180,2274,3600,-122.04297712883935,47.62974723951723
b2b-all-7388640-2-603hdt-d-1-4163,29640,2274,3600,-122.04297712883935,47.62974723951723
b2b-all-7388640-2-603hdt-d-1-4164,32880,2274,3600,-122.04297712883935,47.62974723951723
b2b-all-7388640-2-603hdt-d-1-4165,22860,2274,3600,-122.04297712883935,47.62974723951723
b2b-all-7388640-2-603hdt-d-1-4166,22860,2274,3600,-122.04297712883935,47.62974723951723
b2b-all-7388640-2-603hdt-d-1-4167,27840,2274,3600,-122.04297712883935,47.62974723951723
b2b-all-7388640-2-603hdv-d-0-4168,22860,2274,3600,-122.04297712883935,47.62974723951723
b2b-all-7388640-2-603hdv-d-0-4169,22860,2274,3600,-122.04297712883935,47.62974723951723
b2b-all-7388640-2-603hdv-d-0-4170,22860,2274,3600,-122.04297712883935,47.62974723951723
b2b-all-7388640-2-603hdv-d-0-4171,23400,2274,3600,-122.04297712883935,47.62974723951723
b2b-all-7388640-2-603hdv-d-0-4172,22860,2274,3600,-122.04297712883935,47.62974723951723
b2b-all-7388640-2-603hdv-d-1-4173,25200,2274,3600,-122.04297712883935,47.62974723951723
b2b-all-7388640-2-603hdv-d-1-4174,23940,2274,3600,-122.04297712883935,47.62974723951723
b2b-all-7388640-2-603hdv-d-1-4175,25500,2274,3600,-122.04297712883935,47.62974723951723
b2b-all-7388640-2-604md-d-4176,40860,2274,3600,-122.04297712883935,47.62974723951723
b2b-all-7388640-2-604md-d-4177,40860,2274,3600,-122.04297712883935,47.62974723951723
b2b-all-7388640-2-604md-d-4178,40860,2274,3600,-122.04297712883935,47.62974723951723
b2b-all-7388640-2-604hdv-d-4179,40860,2274,3600,-122.04297712883935,47.62974723951723
b2b-all-7388640-3-605hdv-d-0-4180,27660,2274,3600,-122.04297712883935,47.62974723951723
b2b-all-7388640-3-605hdv-d-0-4181,27660,2274,3600,-122.04297712883935,47.62974723951723
b2b-all-7388640-3-605hdv-d-0-4182,27660,2274,3600,-122.04297712883935,47.62974723951723
b2b-all-7388640-3-605hdv-d-0-4183,27660,2274,3600,-122.04297712883935,47.62974723951723
b2b-all-7388640-3-605hdv-d-0-4184,27660,2274,3600,-122.04297712883935,47.62974723951723
b2b-all-7388640-3-605hdv-d-1-4185,31740,2274,3600,-122.04297712883935,47.62974723951723
b2b-all-7388640-3-605hdv-d-1-4186,28200,2274,3600,-122.04297712883935,47.62974723951723
b2b-all-7388640-3-605hdv-d-1-4187,27660,2274,3600,-122.04297712883935,47.62974723951723
b2b-all-7388640-3-605hdv-d-1-4188,31020,2274,3600,-122.04297712883935,47.62974723951723
b2b-all-7388640-3-605hdv-d-2-4189,34260,2274,3600,-122.04297712883935,47.62974723951723
b2b-all-7388640-3-605hdv-d-2-4190,28200,2274,3600,-122.04297712883935,47.62974723951723
b2b-all-7388640-3-605hdv-d-2-4191,27660,2274,3600,-122.04297712883935,47.62974723951723
b2b-all-7388640-3-605hdv-d-2-4192,27660,2274,3600,-122.04297712883935,47.62974723951723
b2b-all-7388640-3-605hdv-d-2-4193,27660,2274,3600,-122.04297712883935,47.62974723951723
b2b-all-7388640-3-605hdv-d-3-4194,29760,2274,3600,-122.04297712883935,47.62974723951723
b2b-all-7388640-3-605hdv-d-3-4195,27660,2274,3600,-122.04297712883935,47.62974723951723
b2b-all-7388640-3-605hdv-d-3-4196,27660,2274,3600,-122.04297712883935,47.62974723951723
b2b-all-7388640-3-605hdv-d-3-4197,27660,2274,3600,-122.04297712883935,47.62974723951723
b2b-all-7388640-3-605hdv-d-3-4198,27660,2274,3600,-122.04297712883935,47.62974723951723
b2b-all-7388640-3-605hdv-d-4-4199,27660,2274,3600,-122.04297712883935,47.62974723951723
b2b-all-7388640-3-605hdv-d-4-4200,28860,2274,3600,-122.04297712883935,47.62974723951723
b2b-all-7388640-3-605hdv-d-4-4201,27660,2274,3600,-122.04297712883935,47.62974723951723
b2b-all-7388640-3-605hdv-d-4-4202,27660,2274,3600,-122.04297712883935,47.62974723951723
b2b-all-7388640-3-605hdv-d-5-4203,27660,2274,3600,-122.04297712883935,47.62974723951723
b2b-all-7388640-3-605hdv-d-5-4204,27660,2274,3600,-122.04297712883935,47.62974723951723
b2b-all-7388640-3-605hdv-d-5-4205,27660,2274,3600,-122.04297712883935,47.62974723951723
b2b-all-7388640-3-605hdv-d-5-4206,27660,2274,3600,-122.04297712883935,47.62974723951723
b2b-all-7388640-3-605hdv-d-5-4207,29700,2274,3600,-122.04297712883935,47.62974723951723
b2b-all-7388640-3-605hdv-d-6-4208,31680,2274,3600,-122.04297712883935,47.62974723951723
b2b-all-7388640-3-605hdv-d-6-4209,28860,2274,3600,-122.04297712883935,47.62974723951723
b2b-all-7388640-3-605hdv-d-6-4210,31980,2274,3600,-122.04297712883935,47.62974723951723
b2b-all-7388640-3-605hdv-d-6-4211,27660,2274,3600,-122.04297712883935,47.62974723951723
b2b-all-7388640-3-605hdv-d-7-4212,31080,2274,3600,-122.04297712883935,47.62974723951723
b2b-all-7388640-3-605hdv-d-7-4213,27660,2274,3600,-122.04297712883935,47.62974723951723
b2b-all-7388640-3-605hdv-d-7-4214,27660,2274,3600,-122.04297712883935,47.62974723951723
b2b-all-7388640-3-605hdv-d-7-4215,27660,2274,3600,-122.04297712883935,47.62974723951723
b2b-all-7388640-3-605hdv-d-8-4216,29280,2274,3600,-122.04297712883935,47.62974723951723
b2b-all-7388640-3-605hdv-d-8-4217,29880,2274,3600,-122.04297712883935,47.62974723951723
b2b-all-7388640-3-605hdv-d-8-4218,31320,2274,3600,-122.04297712883935,47.62974723951723
b2b-all-7388640-3-605hdv-d-8-4219,31380,2274,3600,-122.04297712883935,47.62974723951723
b2b-all-7388640-3-605hdv-d-9-4220,27660,2274,3600,-122.04297712883935,47.62974723951723
b2b-all-7388640-3-605hdv-d-9-4221,29040,2274,3600,-122.04297712883935,47.62974723951723
b2b-all-7388640-3-605hdv-d-9-4222,27660,2274,3600,-122.04297712883935,47.62974723951723
b2b-all-7388640-3-605hdv-d-9-4223,29160,2274,3600,-122.04297712883935,47.62974723951723
b2b-all-7388640-3-605hdv-d-10-4224,27660,2274,3600,-122.04297712883935,47.62974723951723
b2b-all-7388640-3-605hdv-d-10-4225,27660,2274,3600,-122.04297712883935,47.62974723951723
b2b-all-7388640-3-605hdv-d-10-4226,27660,2274,3600,-122.04297712883935,47.62974723951723
b2b-all-7388640-3-605hdv-d-10-4227,31440,2274,3600,-122.04297712883935,47.62974723951723
b2b-all-7388640-3-605hdv-d-11-4228,27960,2274,3600,-122.04297712883935,47.62974723951723
b2b-all-7388640-3-605hdv-d-11-4229,32940,2274,3600,-122.04297712883935,47.62974723951723
b2b-all-7388640-3-605hdv-d-11-4230,28080,2274,3600,-122.04297712883935,47.62974723951723
b2b-all-7388640-3-605hdv-d-11-4231,27660,2274,3600,-122.04297712883935,47.62974723951723
b2b-all-7388640-3-605hdv-d-12-4232,27660,2274,3600,-122.04297712883935,47.62974723951723
b2b-all-7388640-3-605hdv-d-12-4233,27660,2274,3600,-122.04297712883935,47.62974723951723
b2b-all-7388640-3-605hdv-d-12-4234,27660,2274,3600,-122.04297712883935,47.62974723951723
b2b-all-7388640-3-605hdv-d-12-4235,27660,2274,3600,-122.04297712883935,47.62974723951723
b2b-all-7388640-3-605hdv-d-13-4236,31380,2274,3600,-122.04297712883935,47.62974723951723
b2b-all-7388640-3-605hdv-d-13-4237,28620,2274,3600,-122.04297712883935,47.62974723951723
b2b-all-7388640-3-605hdv-d-13-4238,27660,2274,3600,-122.04297712883935,47.62974723951723
b2b-all-7388640-3-605hdv-d-13-4239,27660,2274,3600,-122.04297712883935,47.62974723951723
b2b-all-7388640-3-605hdv-d-14-4240,33540,2274,3600,-122.04297712883935,47.62974723951723
b2b-all-7388640-3-605hdv-d-14-4241,27660,2274,3600,-122.04297712883935,47.62974723951723
b2b-all-7388640-3-605hdv-d-14-4242,29760,2274,3600,-122.04297712883935,47.62974723951723
b2b-all-7388640-3-605hdv-d-14-4243,28980,2274,3600,-122.04297712883935,47.62974723951723
b2b-all-7388640-3-605hdv-d-15-4244,29940,2274,3600,-122.04297712883935,47.62974723951723
b2b-all-7388640-3-605hdv-d-15-4245,27660,2274,3600,-122.04297712883935,47.62974723951723
b2b-all-7388640-3-605hdv-d-15-4246,27660,2274,3600,-122.04297712883935,47.62974723951723
b2b-all-7388640-3-605hdv-d-15-4247,27660,2274,3600,-122.04297712883935,47.62974723951723
b2b-all-7388640-3-605hdv-d-16-4248,27660,2274,3600,-122.04297712883935,47.62974723951723
b2b-all-7388640-3-605hdv-d-16-4249,27660,2274,3600,-122.04297712883935,47.62974723951723
b2b-all-7388640-3-605hdv-d-16-4250,27660,2274,3600,-122.04297712883935,47.62974723951723
b2b-all-7388640-3-605hdv-d-16-4251,27660,2274,3600,-122.04297712883935,47.62974723951723
b2b-all-7388640-3-605hdv-d-17-4252,27660,2274,3600,-122.04297712883935,47.62974723951723
b2b-all-7388640-3-605hdv-d-17-4253,27660,2274,3600,-122.04297712883935,47.62974723951723
b2b-all-7388640-3-605hdv-d-17-4254,27660,2274,3600,-122.04297712883935,47.62974723951723
b2b-all-7388640-3-605hdv-d-17-4255,27660,2274,3600,-122.04297712883935,47.62974723951723
b2b-all-7388640-3-605hdv-d-18-4256,28800,2274,3600,-122.04297712883935,47.62974723951723
b2b-all-7388640-3-605hdv-d-18-4257,27660,2274,3600,-122.04297712883935,47.62974723951723
b2b-all-7388640-3-605hdv-d-18-4258,29940,2274,3600,-122.04297712883935,47.62974723951723
b2b-all-7388640-3-605hdv-d-18-4259,27660,2274,3600,-122.04297712883935,47.62974723951723
b2b-all-7388640-3-605hdv-d-19-4260,27660,2274,3600,-122.04297712883935,47.62974723951723
b2b-all-7388640-3-605hdv-d-19-4261,27660,2274,3600,-122.04297712883935,47.62974723951723
b2b-all-7388640-3-605hdv-d-19-4262,27660,2274,3600,-122.04297712883935,47.62974723951723
b2b-all-7388640-3-605hdv-d-19-4263,28440,2274,3600,-122.04297712883935,47.62974723951723
b2b-all-7388640-3-605hdv-d-20-4264,27660,2274,3600,-122.04297712883935,47.62974723951723
b2b-all-7388640-3-605hdv-d-20-4265,29880,2274,3600,-122.04297712883935,47.62974723951723
b2b-all-7388640-3-605hdv-d-20-4266,28500,2274,3600,-122.04297712883935,47.62974723951723
b2b-all-7388640-3-605hdv-d-20-4267,33060,2274,3600,-122.04297712883935,47.62974723951723
b2b-all-7388640-3-605hdv-d-21-4268,28200,2274,3600,-122.04297712883935,47.62974723951723
b2b-all-7388640-3-605hdv-d-21-4269,27660,2274,3600,-122.04297712883935,47.62974723951723
b2b-all-7388640-3-605hdv-d-21-4270,31740,2274,3600,-122.04297712883935,47.62974723951723
b2b-all-7388640-3-605hdv-d-21-4271,27660,2274,3600,-122.04297712883935,47.62974723951723
b2b-all-7388640-3-605hdv-d-22-4272,27660,2274,3600,-122.04297712883935,47.62974723951723
b2b-all-7388640-3-605hdv-d-22-4273,28140,2274,3600,-122.04297712883935,47.62974723951723
b2b-all-7388640-3-605hdv-d-22-4274,27660,2274,3600,-122.04297712883935,47.62974723951723
b2b-all-7388640-3-605hdv-d-22-4275,27660,2274,3600,-122.04297712883935,47.62974723951723
b2b-all-7388640-3-605hdv-d-23-4276,33420,2274,3600,-122.04297712883935,47.62974723951723
b2b-all-7388640-3-605hdv-d-23-4277,27660,2274,3600,-122.04297712883935,47.62974723951723
b2b-all-7388640-3-605hdv-d-23-4278,27660,2274,3600,-122.04297712883935,47.62974723951723
b2b-all-7388640-3-605hdv-d-23-4279,28140,2274,3600,-122.04297712883935,47.62974723951723
b2b-all-7388640-3-605hdv-d-24-4280,32880,2274,3600,-122.04297712883935,47.62974723951723
b2b-all-7388640-3-605hdv-d-24-4281,27660,2274,3600,-122.04297712883935,47.62974723951723
b2b-all-7388640-3-605hdv-d-24-4282,30240,2274,3600,-122.04297712883935,47.62974723951723
b2b-all-7388640-3-605hdv-d-24-4283,27660,2274,3600,-122.04297712883935,47.62974723951723
b2b-all-7388640-3-605hdv-d-25-4284,27660,2274,3600,-122.04297712883935,47.62974723951723
b2b-all-7388640-3-605hdv-d-25-4285,33660,2274,3600,-122.04297712883935,47.62974723951723
b2b-all-7388640-3-605hdv-d-25-4286,29340,2274,3600,-122.04297712883935,47.62974723951723
b2b-all-7388640-3-605hdv-d-25-4287,27660,2274,3600,-122.04297712883935,47.62974723951723
b2b-all-7388640-3-605hdv-d-26-4288,32940,2274,3600,-122.04297712883935,47.62974723951723
b2b-all-7388640-3-605hdv-d-26-4289,27660,2274,3600,-122.04297712883935,47.62974723951723
b2b-all-7388640-3-605hdv-d-26-4290,30660,2274,3600,-122.04297712883935,47.62974723951723
b2b-all-7388640-3-605hdv-d-26-4291,27660,2274,3600,-122.04297712883935,47.62974723951723
b2b-all-7388640-3-605hdv-d-27-4292,27660,2274,3600,-122.04297712883935,47.62974723951723
b2b-all-7388640-3-605hdv-d-27-4293,31620,2274,3600,-122.04297712883935,47.62974723951723
b2b-all-7388640-3-605hdv-d-27-4294,31080,2274,3600,-122.04297712883935,47.62974723951723
b2b-all-7388640-3-605hdv-d-27-4295,27660,2274,3600,-122.04297712883935,47.62974723951723
b2b-all-7388640-3-605hdv-d-28-4296,28440,2274,3600,-122.04297712883935,47.62974723951723
b2b-all-7388640-3-605hdv-d-28-4297,27660,2274,3600,-122.04297712883935,47.62974723951723
b2b-all-7388640-3-605hdv-d-28-4298,27660,2274,3600,-122.04297712883935,47.62974723951723
b2b-all-7388640-3-605hdv-d-28-4299,28500,2274,3600,-122.04297712883935,47.62974723951723
b2b-all-7388640-3-605hdv-d-29-4300,27660,2274,3600,-122.04297712883935,47.62974723951723
b2b-all-7388640-3-605hdv-d-29-4301,27660,2274,3600,-122.04297712883935,47.62974723951723
b2b-all-7388640-3-605hdv-d-29-4302,27660,2274,3600,-122.04297712883935,47.62974723951723
b2b-all-7388640-3-605hdv-d-29-4303,32160,2274,3600,-122.04297712883935,47.62974723951723
b2b-all-7388640-3-605hdv-d-30-4304,33780,2274,3600,-122.04297712883935,47.62974723951723
b2b-all-7388640-3-605hdv-d-30-4305,27660,2274,3600,-122.04297712883935,47.62974723951723
b2b-all-7388640-3-605hdv-d-30-4306,27660,2274,3600,-122.04297712883935,47.62974723951723
b2b-all-7388640-3-605hdv-d-30-4307,27660,2274,3600,-122.04297712883935,47.62974723951723
b2b-all-7388640-3-605hdv-d-31-4308,28260,2274,3600,-122.04297712883935,47.62974723951723
b2b-all-7388640-3-605hdv-d-31-4309,28860,2274,3600,-122.04297712883935,47.62974723951723
b2b-all-7388640-3-605hdv-d-31-4310,27660,2274,3600,-122.04297712883935,47.62974723951723
b2b-all-7388640-3-605hdv-d-31-4311,31560,2274,3600,-122.04297712883935,47.62974723951723
b2b-all-7388640-3-605hdv-d-32-4312,34080,2274,3600,-122.04297712883935,47.62974723951723
b2b-all-7388640-3-605hdv-d-32-4313,31140,2274,3600,-122.04297712883935,47.62974723951723
b2b-all-7388640-3-605hdv-d-32-4314,27660,2274,3600,-122.04297712883935,47.62974723951723
b2b-all-7388640-3-605hdv-d-32-4315,27660,2274,3600,-122.04297712883935,47.62974723951723
b2b-all-7388640-3-605hdv-d-32-4316,29400,2274,3600,-122.04297712883935,47.62974723951723
b2b-all-7388640-3-605hdv-d-33-4317,27660,2274,3600,-122.04297712883935,47.62974723951723
b2b-all-7388640-3-605hdv-d-33-4318,29640,2274,3600,-122.04297712883935,47.62974723951723
b2b-all-7388640-3-605hdv-d-33-4319,27660,2274,3600,-122.04297712883935,47.62974723951723
b2b-all-7388640-3-605hdv-d-33-4320,27660,2274,3600,-122.04297712883935,47.62974723951723
b2b-all-7388640-3-605hdv-d-33-4321,27660,2274,3600,-122.04297712883935,47.62974723951723
b2b-all-7388640-3-605hdv-d-34-4322,32640,2274,3600,-122.04297712883935,47.62974723951723
b2b-all-7388640-3-605hdv-d-34-4323,27660,2274,3600,-122.04297712883935,47.62974723951723
b2b-all-7388640-3-605hdv-d-34-4324,27660,2274,3600,-122.04297712883935,47.62974723951723
b2b-all-7388640-3-605hdv-d-34-4325,27660,2274,3600,-122.04297712883935,47.62974723951723
b2b-all-7388640-3-605hdv-d-35-4326,27840,2274,3600,-122.04297712883935,47.62974723951723
b2b-all-7388640-3-605hdv-d-35-4327,28500,2274,3600,-122.04297712883935,47.62974723951723
b2b-all-7388640-3-605hdv-d-35-4328,27900,2274,3600,-122.04297712883935,47.62974723951723
b2b-all-7388640-3-605hdv-d-35-4329,27660,2274,3600,-122.04297712883935,47.62974723951723
b2b-all-7388640-3-605hdv-d-36-4330,28740,2274,3600,-122.04297712883935,47.62974723951723
b2b-all-7388640-3-605hdv-d-36-4331,28200,2274,3600,-122.04297712883935,47.62974723951723
b2b-all-7388640-3-605hdv-d-36-4332,30240,2274,3600,-122.04297712883935,47.62974723951723
b2b-all-7388640-3-605hdv-d-36-4333,27660,2274,3600,-122.04297712883935,47.62974723951723
b2b-all-7388640-3-605hdv-d-37-4334,35940,2274,3600,-122.04297712883935,47.62974723951723
b2b-all-7388640-3-605hdv-d-37-4335,27660,2274,3600,-122.04297712883935,47.62974723951723
b2b-all-7388640-3-605hdv-d-37-4336,27660,2274,3600,-122.04297712883935,47.62974723951723
b2b-all-7388640-3-605hdv-d-37-4337,31140,2274,3600,-122.04297712883935,47.62974723951723
b2b-all-7388640-3-605hdv-d-37-4338,27660,2274,3600,-122.04297712883935,47.62974723951723
b2b-all-7388640-3-605hdv-d-38-4339,27780,2274,3600,-122.04297712883935,47.62974723951723
b2b-all-7388640-3-605hdv-d-38-4340,27660,2274,3600,-122.04297712883935,47.62974723951723
b2b-all-7388640-3-605hdv-d-38-4341,27660,2274,3600,-122.04297712883935,47.62974723951723
b2b-all-7388640-3-605hdv-d-38-4342,27660,2274,3600,-122.04297712883935,47.62974723951723
b2b-all-7388640-3-605hdv-d-39-4343,29220,2274,3600,-122.04297712883935,47.62974723951723
b2b-all-7388640-3-605hdv-d-39-4344,32580,2274,3600,-122.04297712883935,47.62974723951723
b2b-all-7388640-3-605hdv-d-39-4345,27660,2274,3600,-122.04297712883935,47.62974723951723
b2b-all-7388640-3-605hdv-d-39-4346,28140,2274,3600,-122.04297712883935,47.62974723951723
b2b-all-7388640-3-605hdv-d-39-4347,27660,2274,3600,-122.04297712883935,47.62974723951723
b2b-all-7388640-3-605hdv-d-40-4348,33120,2274,3600,-122.04297712883935,47.62974723951723
b2b-all-7388640-3-605hdv-d-40-4349,27660,2274,3600,-122.04297712883935,47.62974723951723
b2b-all-7388640-3-605hdv-d-40-4350,27660,2274,3600,-122.04297712883935,47.62974723951723
b2b-all-7388640-3-605hdv-d-40-4351,27660,2274,3600,-122.04297712883935,47.62974723951723
b2b-all-7388640-3-605hdv-d-40-4352,27660,2274,3600,-122.04297712883935,47.62974723951723
b2b-all-7388640-3-605hdv-d-41-4353,30600,2274,3600,-122.04297712883935,47.62974723951723
b2b-all-7388640-3-605hdv-d-41-4354,34200,2274,3600,-122.04297712883935,47.62974723951723
b2b-all-7388640-3-605hdv-d-41-4355,27660,2274,3600,-122.04297712883935,47.62974723951723
b2b-all-7388640-3-605hdv-d-41-4356,27660,2274,3600,-122.04297712883935,47.62974723951723
b2b-all-7388640-3-605hdv-d-42-4357,28500,2274,3600,-122.04297712883935,47.62974723951723
b2b-all-7388640-3-606hdv-d-1-4358,36300,2274,3600,-122.04297712883935,47.62974723951723
b2b-all-7388640-3-606hdv-d-1-4359,36300,2274,3600,-122.04297712883935,47.62974723951723
b2b-all-7388640-3-606hdv-d-1-4360,36300,2274,3600,-122.04297712883935,47.62974723951723
b2b-all-7388640-3-606hdv-d-1-4361,36300,2274,3600,-122.04297712883935,47.62974723951723
b2b-all-7388640-3-606hdv-d-1-4362,36300,2274,3600,-122.04297712883935,47.62974723951723
b2b-all-7388640-3-606hdv-d-1-4363,36300,2274,3600,-122.04297712883935,47.62974723951723
b2b-all-7388640-3-606hdv-d-1-4364,36300,2274,3600,-122.04297712883935,47.62974723951723
b2b-all-7388965-1-607md-d-4365,32280,1430,3600,-122.31160077544403,47.74897702014004
b2b-all-7388965-1-607md-d-4366,29820,1430,3600,-122.31160077544403,47.74897702014004
b2b-all-7388965-1-607md-d-4367,29340,1430,3600,-122.31160077544403,47.74897702014004
b2b-all-7388965-2-608hdt-d-0-4368,40560,1430,3600,-122.31160077544403,47.74897702014004
b2b-all-7388965-2-608hdt-d-0-4369,40560,1430,3600,-122.31160077544403,47.74897702014004
b2b-all-7388965-2-608hdt-d-0-4370,40560,1430,3600,-122.31160077544403,47.74897702014004
b2b-all-7388965-2-608hdt-d-0-4371,40560,1430,3600,-122.31160077544403,47.74897702014004
b2b-all-7388965-2-608hdt-d-1-4372,40560,1430,3600,-122.31160077544403,47.74897702014004
b2b-all-7388965-2-608hdt-d-1-4373,40560,1430,3600,-122.31160077544403,47.74897702014004
b2b-all-7388965-2-608hdt-d-1-4374,40560,1430,3600,-122.31160077544403,47.74897702014004
b2b-all-7388965-2-608hdt-d-1-4375,40560,1430,3600,-122.31160077544403,47.74897702014004
b2b-all-7388965-2-608hdt-d-2-4376,40560,1430,3600,-122.31160077544403,47.74897702014004
b2b-all-7388965-2-608hdt-d-2-4377,40560,1430,3600,-122.31160077544403,47.74897702014004
b2b-all-7388965-2-609hdt-d-4378,24540,1430,3600,-122.31160077544403,47.74897702014004
b2b-all-7389076-1-610hdt-d-4379,55200,1325,3600,-122.30526625680837,47.55050117010898
b2b-all-7389076-1-610hdt-d-4380,55200,1325,3600,-122.30526625680837,47.55050117010898
b2b-all-7389076-1-610hdt-d-4381,55200,1325,3600,-122.30526625680837,47.55050117010898
b2b-all-7389077-1-611md-d-4382,36060,1456,3600,-122.31180714371578,47.74070969130398
b2b-all-7389077-1-611md-d-4383,36060,1456,3600,-122.31180714371578,47.74070969130398
b2b-all-7389078-1-612hdt-d-0-4384,45780,1126,3600,-122.34361167272272,47.64926753786223
b2b-all-7389078-1-612hdt-d-0-4385,45780,1126,3600,-122.34361167272272,47.64926753786223
b2b-all-7389078-1-612hdt-d-0-4386,45780,1126,3600,-122.34361167272272,47.64926753786223
b2b-all-7389078-1-612hdt-d-1-4387,45780,1126,3600,-122.34361167272272,47.64926753786223
b2b-all-7389078-1-612hdt-d-1-4388,45780,1126,3600,-122.34361167272272,47.64926753786223
b2b-all-7389078-1-612hdt-d-1-4389,45780,1126,3600,-122.34361167272272,47.64926753786223
b2b-all-7389078-1-612hdt-d-2-4390,45780,1126,3600,-122.34361167272272,47.64926753786223
b2b-all-7389078-1-612hdt-d-2-4391,45780,1126,3600,-122.34361167272272,47.64926753786223
b2b-all-7389078-1-612hdt-d-2-4392,45780,1126,3600,-122.34361167272272,47.64926753786223
b2b-all-7389078-1-612hdt-d-3-4393,45780,1126,3600,-122.34361167272272,47.64926753786223
b2b-all-7389078-1-612hdt-d-3-4394,45780,1126,3600,-122.34361167272272,47.64926753786223
b2b-all-7389078-1-612hdt-d-3-4395,45780,1126,3600,-122.34361167272272,47.64926753786223
b2b-all-7389078-1-612hdt-d-4-4396,45780,1126,3600,-122.34361167272272,47.64926753786223
b2b-all-7389078-1-612hdt-d-4-4397,45780,1126,3600,-122.34361167272272,47.64926753786223
b2b-all-7389078-1-612hdt-d-4-4398,45780,1126,3600,-122.34361167272272,47.64926753786223
b2b-all-7389078-1-612hdt-d-5-4399,45780,1126,3600,-122.34361167272272,47.64926753786223
b2b-all-7389078-1-612hdt-d-5-4400,45780,1126,3600,-122.34361167272272,47.64926753786223
b2b-all-7389078-1-612hdt-d-5-4401,45780,1126,3600,-122.34361167272272,47.64926753786223
b2b-all-7389078-1-612hdt-d-6-4402,45780,1126,3600,-122.34361167272272,47.64926753786223
b2b-all-7389653-2-614hdv-d-4403,24780,5883,3600,-123.05180503036196,44.98106768295292
b2b-all-7389817-1-615md-d-4404,27180,5885,3600,-123.12917480974409,44.98433170990787
b2b-all-7390322-1-616md-d-4405,29700,3191,3600,-122.48240942711132,47.05796598200305
b2b-all-7390660-2-617hdt-d-4406,25140,5885,3600,-123.12917480974409,44.98433170990787
b2b-all-7390884-1-618md-d-4407,18000,5885,3600,-123.12917480974409,44.98433170990787
b2b-all-7390884-3-619hdv-d-4408,32220,5885,3600,-123.12917480974409,44.98433170990787
b2b-all-7391493-2-620md-d-4409,25200,1911,3600,-122.25400218414175,47.3952256888925
b2b-all-7391493-2-620md-d-4410,24660,1911,3600,-122.25400218414175,47.3952256888925
b2b-all-7391494-1-621md-d-4411,47400,2121,3600,-121.97358537098296,47.20684228575908
b2b-all-7391494-1-621md-d-4412,47400,2121,3600,-121.97358537098296,47.20684228575908
b2b-all-7391494-1-621md-d-4413,47400,2121,3600,-121.97358537098296,47.20684228575908
b2b-all-7391494-1-621md-d-4414,47400,2121,3600,-121.97358537098296,47.20684228575908
b2b-all-7391494-1-621md-d-4415,47400,2121,3600,-121.97358537098296,47.20684228575908
b2b-all-7391494-1-622md-d-4416,21900,2121,3600,-121.97358537098296,47.20684228575908
b2b-all-7391495-3-623hdt-d-4417,33840,1243,3600,-122.32682985104069,47.61518975298485
b2b-all-7391495-3-623hdt-d-4418,33840,1243,3600,-122.32682985104069,47.61518975298485
b2b-all-7391495-3-624hdt-d-4419,37560,1243,3600,-122.32682985104069,47.61518975298485
b2b-all-7391949-4-625hdv-d-0-4420,28860,1221,3600,-122.30568638245384,47.61386813607793
b2b-all-7391949-4-625hdv-d-0-4421,30360,1221,3600,-122.30568638245384,47.61386813607793
b2b-all-7391949-4-625hdv-d-0-4422,31860,1221,3600,-122.30568638245384,47.61386813607793
b2b-all-7391949-4-625hdv-d-1-4423,23820,1221,3600,-122.30568638245384,47.61386813607793
b2b-all-7391949-4-625hdv-d-1-4424,27420,1221,3600,-122.30568638245384,47.61386813607793
b2b-all-7391949-4-625hdv-d-1-4425,32280,1221,3600,-122.30568638245384,47.61386813607793
b2b-all-7391949-4-625hdv-d-2-4426,32100,1221,3600,-122.30568638245384,47.61386813607793
b2b-all-7391949-4-625hdv-d-2-4427,32940,1221,3600,-122.30568638245384,47.61386813607793
b2b-all-7391949-4-625hdv-d-2-4428,23820,1221,3600,-122.30568638245384,47.61386813607793
b2b-all-7391949-4-625hdv-d-3-4429,31740,1221,3600,-122.30568638245384,47.61386813607793
b2b-all-7391949-4-625hdv-d-3-4430,31860,1221,3600,-122.30568638245384,47.61386813607793
b2b-all-7391949-4-625hdv-d-3-4431,23820,1221,3600,-122.30568638245384,47.61386813607793
b2b-all-7391949-4-625hdv-d-4-4432,29400,1221,3600,-122.30568638245384,47.61386813607793
b2b-all-7391949-4-625hdv-d-4-4433,23880,1221,3600,-122.30568638245384,47.61386813607793
b2b-all-7391949-4-625hdv-d-4-4434,32340,1221,3600,-122.30568638245384,47.61386813607793
b2b-all-7391949-4-625hdv-d-5-4435,25620,1221,3600,-122.30568638245384,47.61386813607793
b2b-all-7391949-4-625hdv-d-5-4436,24420,1221,3600,-122.30568638245384,47.61386813607793
b2b-all-7391949-4-626hdv-d-4437,30420,1221,3600,-122.30568638245384,47.61386813607793
b2b-all-7392876-1-627hdt-d-4438,19200,5885,3600,-123.12917480974409,44.98433170990787
b2b-all-7392876-1-627hdt-d-4439,21900,5885,3600,-123.12917480974409,44.98433170990787
b2b-all-7392876-1-627hdv-d-4440,19200,5885,3600,-123.12917480974409,44.98433170990787
b2b-all-7392876-2-628hdv-d-0-4441,20880,5885,3600,-123.12917480974409,44.98433170990787
b2b-all-7392876-2-628hdv-d-0-4442,16080,5885,3600,-123.12917480974409,44.98433170990787
b2b-all-7392876-2-628hdv-d-0-4443,18000,5885,3600,-123.12917480974409,44.98433170990787
b2b-all-7392876-2-628hdv-d-1-4444,13680,5885,3600,-123.12917480974409,44.98433170990787
b2b-all-7392876-2-628hdv-d-1-4445,25800,5885,3600,-123.12917480974409,44.98433170990787
b2b-all-7392876-2-628hdv-d-1-4446,17880,5885,3600,-123.12917480974409,44.98433170990787
b2b-all-7392876-2-628hdv-d-2-4447,14400,5885,3600,-123.12917480974409,44.98433170990787
b2b-all-7392876-2-628hdv-d-2-4448,13680,5885,3600,-123.12917480974409,44.98433170990787
b2b-all-7392876-2-628hdv-d-2-4449,18000,5885,3600,-123.12917480974409,44.98433170990787
b2b-all-7392876-2-628hdv-d-3-4450,14400,5885,3600,-123.12917480974409,44.98433170990787
b2b-all-7392876-2-628hdv-d-3-4451,16260,5885,3600,-123.12917480974409,44.98433170990787
b2b-all-7392876-2-628hdv-d-3-4452,19200,5885,3600,-123.12917480974409,44.98433170990787
b2b-all-7392876-2-628hdv-d-4-4453,17880,5885,3600,-123.12917480974409,44.98433170990787
b2b-all-7392876-2-628hdv-d-4-4454,16800,5885,3600,-123.12917480974409,44.98433170990787
b2b-all-7392876-2-628hdv-d-4-4455,17040,5885,3600,-123.12917480974409,44.98433170990787
b2b-all-7392876-2-628hdv-d-5-4456,13680,5885,3600,-123.12917480974409,44.98433170990787
b2b-all-7392876-2-628hdv-d-5-4457,15300,5885,3600,-123.12917480974409,44.98433170990787
b2b-all-7392876-2-628hdv-d-5-4458,16440,5885,3600,-123.12917480974409,44.98433170990787
b2b-all-7392876-2-628hdv-d-6-4459,19920,5885,3600,-123.12917480974409,44.98433170990787
b2b-all-7392876-2-628hdv-d-6-4460,13680,5885,3600,-123.12917480974409,44.98433170990787
b2b-all-7392876-2-628hdv-d-6-4461,16500,5885,3600,-123.12917480974409,44.98433170990787
b2b-all-7392876-2-628hdv-d-7-4462,15600,5885,3600,-123.12917480974409,44.98433170990787
b2b-all-7392876-2-628hdv-d-7-4463,19920,5885,3600,-123.12917480974409,44.98433170990787
b2b-all-7392876-2-628hdv-d-7-4464,23400,5885,3600,-123.12917480974409,44.98433170990787
b2b-all-7392876-2-628hdv-d-8-4465,15420,5885,3600,-123.12917480974409,44.98433170990787
b2b-all-7392876-2-628hdv-d-8-4466,17100,5885,3600,-123.12917480974409,44.98433170990787
b2b-all-7392876-2-628hdv-d-8-4467,21240,5885,3600,-123.12917480974409,44.98433170990787
b2b-all-7392876-2-628hdv-d-9-4468,21960,5885,3600,-123.12917480974409,44.98433170990787
b2b-all-7392876-2-628hdv-d-9-4469,13920,5885,3600,-123.12917480974409,44.98433170990787
b2b-all-7392876-2-628hdv-d-9-4470,22200,5885,3600,-123.12917480974409,44.98433170990787
b2b-all-7392876-2-628hdv-d-10-4471,15120,5885,3600,-123.12917480974409,44.98433170990787
b2b-all-7392876-2-628hdv-d-10-4472,19200,5885,3600,-123.12917480974409,44.98433170990787
b2b-all-7392876-2-628hdv-d-10-4473,15600,5885,3600,-123.12917480974409,44.98433170990787
b2b-all-7392876-2-628hdv-d-11-4474,19980,5885,3600,-123.12917480974409,44.98433170990787
b2b-all-7392876-2-628hdv-d-11-4475,18780,5885,3600,-123.12917480974409,44.98433170990787
b2b-all-7392876-2-628hdv-d-11-4476,14400,5885,3600,-123.12917480974409,44.98433170990787
b2b-all-7392876-2-628hdv-d-12-4477,18360,5885,3600,-123.12917480974409,44.98433170990787
b2b-all-7392876-2-628hdv-d-12-4478,13680,5885,3600,-123.12917480974409,44.98433170990787
b2b-all-7392876-2-628hdv-d-12-4479,19320,5885,3600,-123.12917480974409,44.98433170990787
b2b-all-7392876-2-628hdv-d-13-4480,19620,5885,3600,-123.12917480974409,44.98433170990787
b2b-all-7392876-2-628hdv-d-13-4481,20100,5885,3600,-123.12917480974409,44.98433170990787
b2b-all-7392876-2-628hdv-d-13-4482,19200,5885,3600,-123.12917480974409,44.98433170990787
b2b-all-7392876-2-628hdv-d-14-4483,25800,5885,3600,-123.12917480974409,44.98433170990787
b2b-all-7392876-2-628hdv-d-14-4484,18360,5885,3600,-123.12917480974409,44.98433170990787
b2b-all-7392876-2-628hdv-d-14-4485,15480,5885,3600,-123.12917480974409,44.98433170990787
b2b-all-7392876-2-628hdv-d-15-4486,13680,5885,3600,-123.12917480974409,44.98433170990787
b2b-all-7392876-2-628hdv-d-15-4487,25680,5885,3600,-123.12917480974409,44.98433170990787
b2b-all-7393502-3-629hdv-d-4488,39720,1665,3600,-122.22658825247274,47.52627073594167
b2b-all-7402-4-630hdv-d-4489,33240,3191,3600,-122.48240942711132,47.05796598200305
b2b-all-7402-4-630hdv-d-4490,33240,3191,3600,-122.48240942711132,47.05796598200305
b2b-all-7406-4-631hdv-d-4491,30120,3191,3600,-122.48240942711132,47.05796598200305
b2b-all-7406-4-631hdv-d-4492,30120,3191,3600,-122.48240942711132,47.05796598200305
b2b-all-7432622-4-632hdv-d-4493,46560,1236,3600,-122.3303593494972,47.612477595751095
b2b-all-7432622-4-632hdv-d-4494,46560,1236,3600,-122.3303593494972,47.612477595751095
b2b-all-7432622-4-632hdv-d-4495,46560,1236,3600,-122.3303593494972,47.612477595751095
b2b-all-7432622-4-632hdv-d-4496,46560,1236,3600,-122.3303593494972,47.612477595751095
b2b-all-7432622-4-632hdv-d-4497,46560,1236,3600,-122.3303593494972,47.612477595751095
b2b-all-7432622-4-632hdv-d-4498,46560,1236,3600,-122.3303593494972,47.612477595751095
b2b-all-7432731-4-633hdv-d-4499,23040,3858,3600,-122.33460113130307,48.27659681424254
b2b-all-7432731-4-633hdv-d-4500,13680,3858,3600,-122.33460113130307,48.27659681424254
b2b-all-7432937-1-634hdv-d-4501,28260,1137,3600,-122.40071680446368,47.6599899605641
b2b-all-7432937-1-635hdv-d-4502,38280,1137,3600,-122.40071680446368,47.6599899605641
b2b-all-7435390-2-636hdv-d-4503,32820,5910,3600,-123.42472691782407,44.74713906199188
b2b-all-7435440-1-637hdt-d-4504,37620,1486,3600,-122.17944830090596,47.7061344609775
b2b-all-7435440-1-637hdt-d-4505,37620,1486,3600,-122.17944830090596,47.7061344609775
b2b-all-7435440-1-637hdt-d-4506,37620,1486,3600,-122.17944830090596,47.7061344609775
b2b-all-7435440-1-637hdt-d-4507,37620,1486,3600,-122.17944830090596,47.7061344609775
b2b-all-7435440-1-637hdt-d-4508,37620,1486,3600,-122.17944830090596,47.7061344609775
b2b-all-7440067-3-638hdv-d-4509,12300,3895,3600,-121.26884369455286,48.17174536079158
b2b-all-7440067-3-638hdv-d-4510,17640,3895,3600,-121.26884369455286,48.17174536079158
b2b-all-7448489-1-639md-d-4511,10800,3895,3600,-121.26884369455286,48.17174536079158
b2b-all-7448489-1-639md-d-4512,23280,3895,3600,-121.26884369455286,48.17174536079158
b2b-all-7448489-1-639md-d-4513,27060,3895,3600,-121.26884369455286,48.17174536079158
b2b-all-7448489-1-639md-d-4514,7440,3895,3600,-121.26884369455286,48.17174536079158
b2b-all-7448489-1-639md-d-4515,23460,3895,3600,-121.26884369455286,48.17174536079158
b2b-all-7448489-1-639md-d-4516,9240,3895,3600,-121.26884369455286,48.17174536079158
b2b-all-7448489-1-639md-d-4517,23940,3895,3600,-121.26884369455286,48.17174536079158
b2b-all-7448489-1-639md-d-4518,12300,3895,3600,-121.26884369455286,48.17174536079158
b2b-all-7448489-1-639md-d-4519,16380,3895,3600,-121.26884369455286,48.17174536079158
b2b-all-7448489-2-640hdv-d-4520,33240,3895,3600,-121.26884369455286,48.17174536079158
b2b-all-7448489-2-640hdv-d-4521,33240,3895,3600,-121.26884369455286,48.17174536079158
b2b-all-7480557-1-641md-d-4522,50580,2266,3600,-121.95760637287464,47.68510072873175
b2b-all-7480557-1-641md-d-4523,50580,2266,3600,-121.95760637287464,47.68510072873175
b2b-all-7480557-1-641md-d-4524,50580,2266,3600,-121.95760637287464,47.68510072873175
b2b-all-7480557-1-641md-d-4525,50580,2266,3600,-121.95760637287464,47.68510072873175
b2b-all-7480557-1-641md-d-4526,50580,2266,3600,-121.95760637287464,47.68510072873175
b2b-all-7480557-1-641md-d-4527,50580,2266,3600,-121.95760637287464,47.68510072873175
b2b-all-7480562-2-642md-d-4528,24780,3858,3600,-122.33460113130307,48.27659681424254
b2b-all-7480562-2-642md-d-4529,22200,3858,3600,-122.33460113130307,48.27659681424254
b2b-all-7480562-2-642md-d-4530,22200,3858,3600,-122.33460113130307,48.27659681424254
b2b-all-7480562-2-642md-d-4531,22200,3858,3600,-122.33460113130307,48.27659681424254
b2b-all-7480562-2-642md-d-4532,22200,3858,3600,-122.33460113130307,48.27659681424254
b2b-all-7480562-2-642md-d-4533,22620,3858,3600,-122.33460113130307,48.27659681424254
b2b-all-7480562-2-642md-d-4534,22200,3858,3600,-122.33460113130307,48.27659681424254
b2b-all-7480562-2-642md-d-4535,22200,3858,3600,-122.33460113130307,48.27659681424254
b2b-all-7480562-2-642md-d-4536,22200,3858,3600,-122.33460113130307,48.27659681424254
b2b-all-7480562-2-642md-d-4537,26220,3858,3600,-122.33460113130307,48.27659681424254
b2b-all-7480562-2-642md-d-4538,22200,3858,3600,-122.33460113130307,48.27659681424254
b2b-all-7480562-3-643hdt-d-4539,34080,3858,3600,-122.33460113130307,48.27659681424254
b2b-all-7480562-3-643hdt-d-4540,34080,3858,3600,-122.33460113130307,48.27659681424254
b2b-all-7480562-3-643hdt-d-4541,34080,3858,3600,-122.33460113130307,48.27659681424254
b2b-all-7480562-3-643hdt-d-4542,34080,3858,3600,-122.33460113130307,48.27659681424254
b2b-all-7480562-3-643hdt-d-4543,34080,3858,3600,-122.33460113130307,48.27659681424254
b2b-all-7480562-4-644hdv-d-4544,24360,3858,3600,-122.33460113130307,48.27659681424254
b2b-all-7480562-4-644hdv-d-4545,19980,3858,3600,-122.33460113130307,48.27659681424254
b2b-all-7480569-4-645hdv-d-4546,18060,3860,3600,-122.16669982272528,48.26526223933203
b2b-all-7480569-4-645hdv-d-4547,19920,3860,3600,-122.16669982272528,48.26526223933203
b2b-all-752180-1-646hdt-d-4548,53580,1364,3600,-122.32132790871424,47.52274485401893
b2b-all-752182-2-647hdv-d-0-4549,34020,1239,3600,-122.3262568860984,47.60830073700851
b2b-all-752182-2-647hdv-d-0-4550,34020,1239,3600,-122.3262568860984,47.60830073700851
b2b-all-752182-2-647hdv-d-0-4551,34020,1239,3600,-122.3262568860984,47.60830073700851
b2b-all-752182-2-647hdv-d-0-4552,34020,1239,3600,-122.3262568860984,47.60830073700851
b2b-all-752182-2-647hdv-d-1-4553,34020,1239,3600,-122.3262568860984,47.60830073700851
b2b-all-752182-2-647hdv-d-1-4554,34020,1239,3600,-122.3262568860984,47.60830073700851
b2b-all-752182-2-647hdv-d-1-4555,34020,1239,3600,-122.3262568860984,47.60830073700851
b2b-all-752182-2-647hdv-d-2-4556,34020,1239,3600,-122.3262568860984,47.60830073700851
b2b-all-752182-2-647hdv-d-2-4557,34020,1239,3600,-122.3262568860984,47.60830073700851
b2b-all-752182-2-647hdv-d-2-4558,34020,1239,3600,-122.3262568860984,47.60830073700851
b2b-all-752182-2-647hdv-d-3-4559,34020,1239,3600,-122.3262568860984,47.60830073700851
b2b-all-752182-2-647hdv-d-3-4560,34020,1239,3600,-122.3262568860984,47.60830073700851
b2b-all-752182-2-647hdv-d-3-4561,34020,1239,3600,-122.3262568860984,47.60830073700851
b2b-all-752182-2-648hdv-d-4562,51840,1239,3600,-122.3262568860984,47.60830073700851
b2b-all-752182-2-648hdv-d-4563,51840,1239,3600,-122.3262568860984,47.60830073700851
b2b-all-752182-2-648hdv-d-4564,51840,1239,3600,-122.3262568860984,47.60830073700851
b2b-all-752182-2-648hdv-d-4565,51840,1239,3600,-122.3262568860984,47.60830073700851
b2b-all-752182-2-648hdv-d-4566,51840,1239,3600,-122.3262568860984,47.60830073700851
b2b-all-752184-1-649hdt-d-4567,49200,1657,3600,-122.21792911616144,47.57881284619478
b2b-all-752184-1-650hdt-d-4568,33720,1657,3600,-122.21792911616144,47.57881284619478
b2b-all-752191-1-651md-d-4569,44220,1345,3600,-122.3526556970453,47.53827635934381
b2b-all-752195-2-652hdt-d-0-4570,31800,1099,3600,-122.36430298247642,47.6556987208481
b2b-all-752195-2-652hdt-d-0-4571,27360,1099,3600,-122.36430298247642,47.6556987208481
b2b-all-752195-2-652hdt-d-0-4572,30660,1099,3600,-122.36430298247642,47.6556987208481
b2b-all-752195-2-652hdt-d-1-4573,27360,1099,3600,-122.36430298247642,47.6556987208481
b2b-all-752195-2-653hdt-d-4574,38100,1099,3600,-122.36430298247642,47.6556987208481
b2b-all-752195-2-653hdt-d-4575,38100,1099,3600,-122.36430298247642,47.6556987208481
b2b-all-752196-1-654hdt-d-4576,52320,1228,3600,-122.35814574928192,47.61725817357121
b2b-all-752196-1-655hdt-d-4577,46620,1228,3600,-122.35814574928192,47.61725817357121
b2b-all-752214-1-656hdv-d-4578,39960,1280,3600,-122.39067670684992,47.58397644494303
b2b-all-752238-1-657hdv-d-0-4579,56820,1801,3600,-122.3090636275644,47.49296032933317
b2b-all-752238-1-657hdv-d-0-4580,56820,1801,3600,-122.3090636275644,47.49296032933317
b2b-all-752238-1-657hdv-d-0-4581,56820,1801,3600,-122.3090636275644,47.49296032933317
b2b-all-752238-1-657hdv-d-0-4582,56820,1801,3600,-122.3090636275644,47.49296032933317
b2b-all-752238-1-657hdv-d-1-4583,56820,1801,3600,-122.3090636275644,47.49296032933317
b2b-all-752238-1-658hdv-d-4584,25920,1801,3600,-122.3090636275644,47.49296032933317
b2b-all-752238-1-658hdv-d-4585,25920,1801,3600,-122.3090636275644,47.49296032933317
b2b-all-752240-1-659md-d-4586,27240,2015,3600,-122.32160648199984,47.31660158998361
b2b-all-752240-1-659md-d-4587,27240,2015,3600,-122.32160648199984,47.31660158998361
b2b-all-752240-1-659hdt-d-4588,27240,2015,3600,-122.32160648199984,47.31660158998361
b2b-all-752242-1-660md-d-4589,41280,1481,3600,-122.20446283501248,47.75905306640238
b2b-all-752242-1-660md-d-4590,41280,1481,3600,-122.20446283501248,47.75905306640238
b2b-all-752243-1-661hdt-d-4591,37620,1137,3600,-122.39442744228964,47.66164601308156
b2b-all-752245-1-662md-d-4592,46920,2050,3600,-122.31711792556943,47.29276752232424
b2b-all-752248-1-663hdt-d-4593,32340,1779,3600,-122.312903284048,47.51311967282201
b2b-all-752248-1-663hdt-d-4594,32340,1779,3600,-122.312903284048,47.51311967282201
b2b-all-752260-1-664md-d-4595,32040,1208,3600,-122.31995111504352,47.61357087864094
b2b-all-752260-1-664hdv-d-4596,30960,1208,3600,-122.31995111504352,47.61357087864094
b2b-all-752260-1-665md-d-4597,55200,1208,3600,-122.31995111504352,47.61357087864094
b2b-all-752267-1-666hdv-d-4598,54000,1261,3600,-122.31597842023456,47.59905588118399
b2b-all-752268-1-667md-d-4599,50580,2267,3600,-121.99137996713576,47.633062721213605
b2b-all-752268-1-667md-d-4600,50580,2267,3600,-121.99137996713576,47.633062721213605
b2b-all-752268-1-667md-d-4601,50580,2267,3600,-121.99137996713576,47.633062721213605
b2b-all-752277-1-668hdt-d-4602,34920,2035,3600,-122.34149427945044,47.29470020824521
b2b-all-752277-1-668hdt-d-4603,34920,2035,3600,-122.34149427945044,47.29470020824521
b2b-all-752281-1-669md-d-4604,56880,1208,3600,-122.3150812032635,47.61298455027593
b2b-all-752290-1-670md-d-4605,37500,2214,3600,-122.03788565999746,47.53056252487297
b2b-all-752294-1-671md-d-0-4606,45180,1125,3600,-122.33730743574498,47.64985049433717
b2b-all-752294-1-671md-d-0-4607,45180,1125,3600,-122.33730743574498,47.64985049433717
b2b-all-752294-1-671md-d-0-4608,45180,1125,3600,-122.33730743574498,47.64985049433717
b2b-all-752294-1-671md-d-0-4609,45180,1125,3600,-122.33730743574498,47.64985049433717
b2b-all-752294-1-671md-d-0-4610,45180,1125,3600,-122.33730743574498,47.64985049433717
b2b-all-752294-1-671md-d-1-4611,45180,1125,3600,-122.33730743574498,47.64985049433717
b2b-all-752294-1-671md-d-1-4612,45180,1125,3600,-122.33730743574498,47.64985049433717
b2b-all-752294-1-671md-d-1-4613,45180,1125,3600,-122.33730743574498,47.64985049433717
b2b-all-752294-1-671md-d-1-4614,45180,1125,3600,-122.33730743574498,47.64985049433717
b2b-all-752294-1-671md-d-2-4615,45180,1125,3600,-122.33730743574498,47.64985049433717
b2b-all-752294-1-672md-d-4616,18360,1125,3600,-122.33730743574498,47.64985049433717
b2b-all-752294-1-672md-d-4617,18960,1125,3600,-122.33730743574498,47.64985049433717
b2b-all-752294-1-672md-d-4618,18420,1125,3600,-122.33730743574498,47.64985049433717
b2b-all-752294-1-672md-d-4619,23820,1125,3600,-122.33730743574498,47.64985049433717
b2b-all-752297-1-673hdt-d-4620,26820,1586,3600,-122.08823236540242,47.6392391729463
b2b-all-752297-1-673hdt-d-4621,22740,1586,3600,-122.08823236540242,47.6392391729463
b2b-all-752363-1-674md-d-4622,20400,3191,3600,-122.48240942711132,47.05796598200305
b2b-all-756298-1-675hdt-d-4623,14100,5882,3600,-123.14494409844396,44.98169645199568
b2b-all-757212-1-676hdt-d-4624,26940,1231,3600,-122.34404596920416,47.612559524909386
b2b-all-757222-1-677md-d-4625,19860,1028,3600,-122.36042655950403,47.68767593686108
b2b-all-757228-1-678md-d-4626,52560,1151,3600,-122.34602635862966,47.64543921669864
b2b-all-757262-2-679md-d-4627,24540,3184,3600,-122.66808420396303,47.10635009599398
b2b-all-757262-3-680hdt-d-0-4628,18600,3184,3600,-122.66808420396303,47.10635009599398
b2b-all-757262-3-680hdt-d-0-4629,24240,3184,3600,-122.66808420396303,47.10635009599398
b2b-all-757262-3-680hdt-d-0-4630,30420,3184,3600,-122.66808420396303,47.10635009599398
b2b-all-757262-3-680hdt-d-1-4631,29520,3184,3600,-122.66808420396303,47.10635009599398
b2b-all-757262-3-680hdt-d-1-4632,26100,3184,3600,-122.66808420396303,47.10635009599398
b2b-all-757262-3-680hdt-d-1-4633,23220,3184,3600,-122.66808420396303,47.10635009599398
b2b-all-757262-3-680hdt-d-2-4634,26880,3184,3600,-122.66808420396303,47.10635009599398
b2b-all-757262-3-680hdt-d-2-4635,24600,3184,3600,-122.66808420396303,47.10635009599398
b2b-all-757691-1-681hdt-d-4636,36000,1549,3600,-122.16953904375872,47.70554231712205
b2b-all-757691-1-682hdt-d-4637,31080,1549,3600,-122.16953904375872,47.70554231712205
b2b-all-758717-1-683hdt-d-4638,19380,5897,3600,-123.21550111052947,44.80748760973425
b2b-all-759906-3-684hdt-d-4639,24060,5885,3600,-123.12917480974409,44.98433170990787
b2b-all-759910-3-685hdv-d-4640,14040,5879,3600,-123.04362483193276,44.94821565940063
b2b-all-759910-3-685hdv-d-4641,18960,5879,3600,-123.04362483193276,44.94821565940063
b2b-all-759911-1-686md-d-4642,30540,5879,3600,-123.04362483193276,44.94821565940063
b2b-all-759911-1-686md-d-4643,30540,5879,3600,-123.04362483193276,44.94821565940063
b2b-all-759911-1-686md-d-4644,30540,5879,3600,-123.04362483193276,44.94821565940063
b2b-all-759911-1-686md-d-4645,30540,5879,3600,-123.04362483193276,44.94821565940063
b2b-all-760195-1-687md-d-4646,48000,1300,3600,-122.36506257146752,47.573850494334266
b2b-all-760195-1-687md-d-4647,48000,1300,3600,-122.36506257146752,47.573850494334266
b2b-all-760195-1-687md-d-4648,48000,1300,3600,-122.36506257146752,47.573850494334266
b2b-all-760195-1-687md-d-4649,48000,1300,3600,-122.36506257146752,47.573850494334266
b2b-all-760195-1-687md-d-4650,48000,1300,3600,-122.36506257146752,47.573850494334266
b2b-all-760195-1-687md-d-4651,48000,1300,3600,-122.36506257146752,47.573850494334266
b2b-all-760195-1-687md-d-4652,48000,1300,3600,-122.36506257146752,47.573850494334266
b2b-all-760195-1-687hdv-d-4653,48000,1300,3600,-122.36506257146752,47.573850494334266
b2b-all-760195-1-688md-d-4654,17640,1300,3600,-122.36506257146752,47.573850494334266
b2b-all-760195-1-688md-d-4655,24240,1300,3600,-122.36506257146752,47.573850494334266
b2b-all-760195-1-688md-d-4656,22380,1300,3600,-122.36506257146752,47.573850494334266
b2b-all-760195-1-688md-d-4657,27720,1300,3600,-122.36506257146752,47.573850494334266
b2b-all-760299-3-689hdt-d-4658,13500,5885,3600,-123.12917480974409,44.98433170990787
b2b-all-760441-2-690hdt-d-4659,22860,5885,3600,-123.12917480974409,44.98433170990787
b2b-all-760441-4-691hdv-d-4660,21300,5885,3600,-123.12917480974409,44.98433170990787
b2b-all-760441-4-691hdv-d-4661,21300,5885,3600,-123.12917480974409,44.98433170990787
b2b-all-760441-4-691hdv-d-4662,25800,5885,3600,-123.12917480974409,44.98433170990787
b2b-all-760441-4-691hdv-d-4663,21300,5885,3600,-123.12917480974409,44.98433170990787
b2b-all-760441-4-691hdv-d-4664,21300,5885,3600,-123.12917480974409,44.98433170990787
b2b-all-760441-4-691hdv-d-4665,21300,5885,3600,-123.12917480974409,44.98433170990787
b2b-all-760441-4-691hdv-d-4666,21300,5885,3600,-123.12917480974409,44.98433170990787
b2b-all-760477-1-692md-d-4667,23100,3854,3600,-122.3645144674494,48.26687162473969
b2b-all-760477-1-692md-d-4668,23100,3854,3600,-122.3645144674494,48.26687162473969
b2b-all-760477-1-692md-d-4669,23100,3854,3600,-122.3645144674494,48.26687162473969
b2b-all-760477-1-692md-d-4670,23100,3854,3600,-122.3645144674494,48.26687162473969
b2b-all-760477-1-692md-d-4671,23100,3854,3600,-122.3645144674494,48.26687162473969
b2b-all-760477-1-692md-d-4672,23100,3854,3600,-122.3645144674494,48.26687162473969
b2b-all-760477-1-692md-d-4673,23100,3854,3600,-122.3645144674494,48.26687162473969
b2b-all-760477-1-692md-d-4674,27360,3854,3600,-122.3645144674494,48.26687162473969
b2b-all-760477-1-692md-d-4675,24900,3854,3600,-122.3645144674494,48.26687162473969
b2b-all-760477-1-692md-d-4676,23100,3854,3600,-122.3645144674494,48.26687162473969
b2b-all-760477-1-692md-d-4677,27720,3854,3600,-122.3645144674494,48.26687162473969
b2b-all-760477-1-692md-d-4678,23100,3854,3600,-122.3645144674494,48.26687162473969
b2b-all-760477-1-692md-d-4679,23100,3854,3600,-122.3645144674494,48.26687162473969
b2b-all-760477-1-692md-d-4680,26640,3854,3600,-122.3645144674494,48.26687162473969
b2b-all-760477-3-693hdt-d-4681,32340,3854,3600,-122.3645144674494,48.26687162473969
b2b-all-760477-3-693hdt-d-4682,32340,3854,3600,-122.3645144674494,48.26687162473969
b2b-all-760477-3-693hdt-d-4683,32340,3854,3600,-122.3645144674494,48.26687162473969
b2b-all-760477-3-693hdt-d-4684,32340,3854,3600,-122.3645144674494,48.26687162473969
b2b-all-760477-3-693hdt-d-4685,32340,3854,3600,-122.3645144674494,48.26687162473969
b2b-all-760477-3-693hdt-d-4686,32340,3854,3600,-122.3645144674494,48.26687162473969
b2b-all-760477-3-693hdt-d-4687,32340,3854,3600,-122.3645144674494,48.26687162473969
b2b-all-760477-3-693hdt-d-4688,32340,3854,3600,-122.3645144674494,48.26687162473969
b2b-all-760477-3-693hdt-d-4689,32340,3854,3600,-122.3645144674494,48.26687162473969
b2b-all-760477-3-693hdt-d-4690,32340,3854,3600,-122.3645144674494,48.26687162473969
b2b-all-760477-3-693hdt-d-4691,32340,3854,3600,-122.3645144674494,48.26687162473969
b2b-all-761281-3-694hdt-d-4692,33000,3205,3600,-122.47266831305922,46.8934296551068
b2b-all-761281-3-694hdt-d-4693,33000,3205,3600,-122.47266831305922,46.8934296551068
b2b-all-761281-3-694hdt-d-4694,33000,3205,3600,-122.47266831305922,46.8934296551068
b2b-all-761329-4-695hdv-d-4695,23640,5885,3600,-123.12917480974409,44.98433170990787
b2b-all-761329-4-695hdv-d-4696,23640,5885,3600,-123.12917480974409,44.98433170990787
b2b-all-761372-4-696hdv-d-0-4697,34500,3191,3600,-122.48240942711132,47.05796598200305
b2b-all-761372-4-696hdv-d-0-4698,34500,3191,3600,-122.48240942711132,47.05796598200305
b2b-all-761372-4-696hdv-d-0-4699,34500,3191,3600,-122.48240942711132,47.05796598200305
b2b-all-761372-4-696hdv-d-0-4700,34500,3191,3600,-122.48240942711132,47.05796598200305
b2b-all-761372-4-696hdv-d-0-4701,34500,3191,3600,-122.48240942711132,47.05796598200305
b2b-all-761372-4-696hdv-d-0-4702,34500,3191,3600,-122.48240942711132,47.05796598200305
b2b-all-761372-4-696hdv-d-0-4703,34500,3191,3600,-122.48240942711132,47.05796598200305
b2b-all-761372-4-696hdv-d-0-4704,34500,3191,3600,-122.48240942711132,47.05796598200305
b2b-all-761372-4-696hdv-d-0-4705,34500,3191,3600,-122.48240942711132,47.05796598200305
b2b-all-761372-4-696hdv-d-0-4706,34500,3191,3600,-122.48240942711132,47.05796598200305
b2b-all-761372-4-696hdv-d-0-4707,34500,3191,3600,-122.48240942711132,47.05796598200305
b2b-all-761372-4-696hdv-d-0-4708,34500,3191,3600,-122.48240942711132,47.05796598200305
b2b-all-761372-4-696hdv-d-0-4709,34500,3191,3600,-122.48240942711132,47.05796598200305
b2b-all-761372-4-696hdv-d-0-4710,34500,3191,3600,-122.48240942711132,47.05796598200305
b2b-all-761372-4-696hdv-d-0-4711,34500,3191,3600,-122.48240942711132,47.05796598200305
b2b-all-761372-4-696hdv-d-1-4712,34500,3191,3600,-122.48240942711132,47.05796598200305
b2b-all-761372-4-696hdv-d-1-4713,34500,3191,3600,-122.48240942711132,47.05796598200305
b2b-all-761616-4-697hdv-d-4714,21780,5885,3600,-123.12917480974409,44.98433170990787
b2b-all-761616-4-697hdv-d-4715,21780,5885,3600,-123.12917480974409,44.98433170990787
b2b-all-761617-3-698hdt-d-4716,21120,5885,3600,-123.12917480974409,44.98433170990787
b2b-all-761617-3-698hdt-d-4717,20820,5885,3600,-123.12917480974409,44.98433170990787
b2b-all-762122-1-699md-d-4718,23460,1300,3600,-122.34948047574048,47.56846544708284
b2b-all-762122-1-699md-d-4719,32040,1300,3600,-122.34948047574048,47.56846544708284
b2b-all-762122-1-699md-d-4720,27840,1300,3600,-122.34948047574048,47.56846544708284
b2b-all-762122-1-699md-d-4721,23280,1300,3600,-122.34948047574048,47.56846544708284
b2b-all-762122-2-700hdt-d-4722,41580,1300,3600,-122.34948047574048,47.56846544708284
b2b-all-762122-4-701hdv-d-4723,31920,1300,3600,-122.34948047574048,47.56846544708284
b2b-all-762125-3-702hdv-d-4724,37740,3191,3600,-122.48240942711132,47.05796598200305
b2b-all-762261-1-703hdt-d-4725,27900,2183,3600,-122.02791369935916,47.43368050274849
b2b-all-762261-1-703hdt-d-4726,27900,2183,3600,-122.02791369935916,47.43368050274849
b2b-all-762261-1-703hdt-d-4727,27900,2183,3600,-122.02791369935916,47.43368050274849
b2b-all-762737-1-704md-d-4728,19440,1606,3600,-122.1484734526433,47.58006839329189
b2b-all-762737-1-704md-d-4729,19440,1606,3600,-122.1484734526433,47.58006839329189
b2b-all-762737-1-704md-d-4730,19440,1606,3600,-122.1484734526433,47.58006839329189
b2b-all-762737-1-704md-d-4731,24900,1606,3600,-122.1484734526433,47.58006839329189
b2b-all-762737-1-704md-d-4732,19440,1606,3600,-122.1484734526433,47.58006839329189
b2b-all-762737-1-704md-d-4733,19500,1606,3600,-122.1484734526433,47.58006839329189
b2b-all-762737-1-704md-d-4734,19440,1606,3600,-122.1484734526433,47.58006839329189
b2b-all-762737-3-705hdv-d-4735,57540,1606,3600,-122.1484734526433,47.58006839329189
b2b-all-762737-3-705hdv-d-4736,57540,1606,3600,-122.1484734526433,47.58006839329189
b2b-all-762737-3-705hdv-d-4737,57540,1606,3600,-122.1484734526433,47.58006839329189
b2b-all-762737-3-705hdv-d-4738,57540,1606,3600,-122.1484734526433,47.58006839329189
b2b-all-762747-4-706hdv-d-4739,15300,3181,3600,-122.77190187190745,47.21656893604093
b2b-all-762747-4-706hdv-d-4740,22920,3181,3600,-122.77190187190745,47.21656893604093
b2b-all-762896-3-707hdv-d-4741,56400,1782,3600,-122.33094582081272,47.50618022645556
b2b-all-762896-3-707hdv-d-4742,56400,1782,3600,-122.33094582081272,47.50618022645556
b2b-all-762896-3-708hdv-d-4743,55140,1782,3600,-122.33094582081272,47.50618022645556
b2b-all-762896-3-708hdv-d-4744,55140,1782,3600,-122.33094582081272,47.50618022645556
b2b-all-762898-4-709hdv-d-4745,37080,1094,3600,-122.37788617417272,47.66359933134368
b2b-all-762898-4-709hdv-d-4746,37080,1094,3600,-122.37788617417272,47.66359933134368
b2b-all-763201-2-710hdv-d-4747,55200,2121,3600,-121.97112821670976,47.21239060343627
b2b-all-763201-2-710hdv-d-4748,55200,2121,3600,-121.97112821670976,47.21239060343627
b2b-all-763777-2-711hdv-d-4749,34800,5879,3600,-123.04362483193276,44.94821565940063
b2b-all-763786-1-712hdt-d-4750,14220,5911,3600,-123.33515380404658,45.06513967621475
b2b-all-763906-2-714hdv-d-4751,29760,2093,3600,-122.16807197369148,47.29360503565954
b2b-all-763906-2-715hdv-d-4752,40920,2093,3600,-122.16807197369148,47.29360503565954
b2b-all-763907-2-716hdv-d-4753,44580,1076,3600,-122.2952076648688,47.66784675751024
b2b-all-763908-1-717md-d-4754,41820,1002,3600,-122.31618632161856,47.69854548932854
b2b-all-763908-3-718hdv-d-4755,33120,1002,3600,-122.31618632161856,47.69854548932854
b2b-all-763908-3-719hdv-d-4756,55500,1002,3600,-122.31618632161856,47.69854548932854
b2b-all-763913-1-720hdt-d-4757,23100,3854,3600,-122.3645144674494,48.26687162473969
b2b-all-764032-1-721md-d-4758,55500,1541,3600,-122.20156565406369,47.68104448167093
b2b-all-764032-1-722md-d-4759,40440,1541,3600,-122.20156565406369,47.68104448167093
b2b-all-764032-1-722md-d-4760,40440,1541,3600,-122.20156565406369,47.68104448167093
b2b-all-764164-1-723md-d-0-4761,28980,1870,3600,-122.30028645318616,47.41519672939699
b2b-all-764164-1-723md-d-0-4762,28620,1870,3600,-122.30028645318616,47.41519672939699
b2b-all-764164-1-723md-d-0-4763,28620,1870,3600,-122.30028645318616,47.41519672939699
b2b-all-764164-1-723md-d-1-4764,28620,1870,3600,-122.30028645318616,47.41519672939699
b2b-all-764164-1-724md-d-1-4765,24840,1870,3600,-122.30028645318616,47.41519672939699
b2b-all-764164-1-724md-d-1-4766,23280,1870,3600,-122.30028645318616,47.41519672939699
b2b-all-764164-1-724md-d-1-4767,23280,1870,3600,-122.30028645318616,47.41519672939699
b2b-all-764736-1-725hdt-d-4768,20580,5885,3600,-123.12917480974409,44.98433170990787
b2b-all-764739-3-726hdt-d-4769,16080,5885,3600,-123.12917480974409,44.98433170990787
b2b-all-764881-1-727hdt-d-4770,33000,1145,3600,-122.38628012756668,47.64047875605485
b2b-all-764886-1-728md-d-4771,47220,1724,3600,-122.18134101269932,47.49154117369403
b2b-all-765180-1-729md-d-4772,34140,973,3600,-122.3191892926416,47.71040848046147
b2b-all-765933-3-730hdv-d-4773,22380,5885,3600,-123.12917480974409,44.98433170990787
b2b-all-765997-2-731hdt-d-4774,22080,5885,3600,-123.12917480974409,44.98433170990787
b2b-all-765998-4-732hdv-d-4775,23100,5885,3600,-123.12917480974409,44.98433170990787
b2b-all-766717-1-733hdt-d-4776,35460,1429,3600,-122.30816126355428,47.7542789169936
b2b-all-767250-1-734md-d-4777,17160,5885,3600,-123.12917480974409,44.98433170990787
b2b-all-767432-2-735hdv-d-4778,29640,1135,3600,-122.39960592744104,47.64428573181307
b2b-all-767433-1-736md-d-4779,40320,1146,3600,-122.37565902517252,47.65881020197306
b2b-all-767433-1-736md-d-4780,40320,1146,3600,-122.37565902517252,47.65881020197306
b2b-all-767433-1-736md-d-4781,40320,1146,3600,-122.37565902517252,47.65881020197306
b2b-all-767433-3-737hdt-d-4782,18000,1146,3600,-122.37565902517252,47.65881020197306
b2b-all-767433-3-737hdt-d-4783,29400,1146,3600,-122.37565902517252,47.65881020197306
b2b-all-767433-3-737hdt-d-4784,31560,1146,3600,-122.37565902517252,47.65881020197306
b2b-all-767433-3-738hdt-d-4785,48780,1146,3600,-122.37565902517252,47.65881020197306
b2b-all-767433-3-738hdt-d-4786,48780,1146,3600,-122.37565902517252,47.65881020197306
b2b-all-767433-3-738hdt-d-4787,48780,1146,3600,-122.37565902517252,47.65881020197306
b2b-all-767433-3-738hdt-d-4788,48780,1146,3600,-122.37565902517252,47.65881020197306
b2b-all-768029-2-739hdt-d-4789,16680,5897,3600,-123.21550111052947,44.80748760973425
b2b-all-768029-3-740hdv-d-4790,23640,5897,3600,-123.21550111052947,44.80748760973425
b2b-all-768211-2-741hdt-d-4791,25200,1221,3600,-122.30296809221232,47.61553441311626
b2b-all-768211-2-741hdt-d-4792,25200,1221,3600,-122.30296809221232,47.61553441311626
b2b-all-768225-1-742hdt-d-4793,13980,5885,3600,-123.12917480974409,44.98433170990787
b2b-all-768226-2-743hdt-d-4794,29580,5885,3600,-123.12917480974409,44.98433170990787
b2b-all-768742-1-744md-d-4795,40440,2202,3600,-122.0460955036906,47.38352519556789
b2b-all-769660-3-745hdv-d-4796,36720,3854,3600,-122.3645144674494,48.26687162473969
b2b-all-772885-1-746hdt-d-4797,52200,2119,3600,-122.00151935978153,47.197846100914816
b2b-all-772891-2-747hdt-d-4798,49620,1548,3600,-122.19529314544552,47.67959866548041
b2b-all-773286-3-748hdt-d-4799,12420,5885,3600,-123.12917480974409,44.98433170990787
b2b-all-773485-1-749md-d-4800,53760,1388,3600,-122.2865950043196,47.51788787227364
b2b-all-773485-1-749md-d-4801,53760,1388,3600,-122.2865950043196,47.51788787227364
b2b-all-773485-1-749md-d-4802,53760,1388,3600,-122.2865950043196,47.51788787227364
b2b-all-773485-1-749md-d-4803,53760,1388,3600,-122.2865950043196,47.51788787227364
b2b-all-773999-1-750hdt-d-4804,20580,1260,3600,-122.30502910089416,47.5959149218377
b2b-all-774455-2-751hdt-d-4805,50880,2234,3600,-122.01766990027758,47.58737771213611
b2b-all-774455-2-751hdt-d-4806,50880,2234,3600,-122.01766990027758,47.58737771213611
b2b-all-774455-2-751hdt-d-4807,50880,2234,3600,-122.01766990027758,47.58737771213611
b2b-all-774456-1-752md-d-4808,49080,1119,3600,-122.31500620031304,47.65991529817773
b2b-all-774456-1-752md-d-4809,49080,1119,3600,-122.31500620031304,47.65991529817773
b2b-all-774456-1-752md-d-4810,49080,1119,3600,-122.31500620031304,47.65991529817773
b2b-all-774456-1-752md-d-4811,49080,1119,3600,-122.31500620031304,47.65991529817773
b2b-all-774456-1-752md-d-4812,49080,1119,3600,-122.31500620031304,47.65991529817773
b2b-all-774456-1-752md-d-4813,49080,1119,3600,-122.31500620031304,47.65991529817773
b2b-all-774456-4-753md-d-4814,27960,1119,3600,-122.31500620031304,47.65991529817773
b2b-all-774456-4-753md-d-4815,25140,1119,3600,-122.31500620031304,47.65991529817773
b2b-all-774456-4-753md-d-4816,23040,1119,3600,-122.31500620031304,47.65991529817773
b2b-all-774456-4-753md-d-4817,15300,1119,3600,-122.31500620031304,47.65991529817773
b2b-all-774456-4-753md-d-4818,15480,1119,3600,-122.31500620031304,47.65991529817773
b2b-all-774456-4-753md-d-4819,23280,1119,3600,-122.31500620031304,47.65991529817773
b2b-all-774456-4-753md-d-4820,17340,1119,3600,-122.31500620031304,47.65991529817773
b2b-all-774456-4-753md-d-4821,22080,1119,3600,-122.31500620031304,47.65991529817773
b2b-all-774456-4-753md-d-4822,15300,1119,3600,-122.31500620031304,47.65991529817773
b2b-all-774456-4-753md-d-4823,15300,1119,3600,-122.31500620031304,47.65991529817773
b2b-all-774456-4-753md-d-4824,31560,1119,3600,-122.31500620031304,47.65991529817773
b2b-all-774456-4-753md-d-4825,15300,1119,3600,-122.31500620031304,47.65991529817773
b2b-all-774456-4-753md-d-4826,20340,1119,3600,-122.31500620031304,47.65991529817773
b2b-all-774456-4-753md-d-4827,15300,1119,3600,-122.31500620031304,47.65991529817773
b2b-all-774456-4-753md-d-4828,28980,1119,3600,-122.31500620031304,47.65991529817773
b2b-all-774456-4-753md-d-4829,24180,1119,3600,-122.31500620031304,47.65991529817773
b2b-all-774456-4-753md-d-4830,21180,1119,3600,-122.31500620031304,47.65991529817773
b2b-all-774456-4-753md-d-4831,19020,1119,3600,-122.31500620031304,47.65991529817773
b2b-all-774456-4-753hdt-d-4832,27900,1119,3600,-122.31500620031304,47.65991529817773
b2b-all-774456-4-753hdt-d-4833,24840,1119,3600,-122.31500620031304,47.65991529817773
b2b-all-774456-4-753hdt-d-4834,26700,1119,3600,-122.31500620031304,47.65991529817773
b2b-all-774456-4-753hdv-d-0-4835,16740,1119,3600,-122.31500620031304,47.65991529817773
b2b-all-774456-4-753hdv-d-0-4836,15300,1119,3600,-122.31500620031304,47.65991529817773
b2b-all-774456-4-753hdv-d-0-4837,15300,1119,3600,-122.31500620031304,47.65991529817773
b2b-all-774456-4-753hdv-d-0-4838,26520,1119,3600,-122.31500620031304,47.65991529817773
b2b-all-774456-4-753hdv-d-0-4839,18360,1119,3600,-122.31500620031304,47.65991529817773
b2b-all-774456-4-753hdv-d-0-4840,15300,1119,3600,-122.31500620031304,47.65991529817773
b2b-all-774456-4-753hdv-d-0-4841,25080,1119,3600,-122.31500620031304,47.65991529817773
b2b-all-774456-4-753hdv-d-0-4842,15300,1119,3600,-122.31500620031304,47.65991529817773
b2b-all-774456-4-753hdv-d-0-4843,27120,1119,3600,-122.31500620031304,47.65991529817773
b2b-all-774456-4-753hdv-d-0-4844,24120,1119,3600,-122.31500620031304,47.65991529817773
b2b-all-774456-4-753hdv-d-0-4845,21120,1119,3600,-122.31500620031304,47.65991529817773
b2b-all-774456-4-753hdv-d-0-4846,29820,1119,3600,-122.31500620031304,47.65991529817773
b2b-all-774456-4-753hdv-d-0-4847,21360,1119,3600,-122.31500620031304,47.65991529817773
b2b-all-774456-4-753hdv-d-0-4848,15300,1119,3600,-122.31500620031304,47.65991529817773
b2b-all-774456-4-753hdv-d-0-4849,17880,1119,3600,-122.31500620031304,47.65991529817773
b2b-all-774456-4-753hdv-d-0-4850,26400,1119,3600,-122.31500620031304,47.65991529817773
b2b-all-774456-4-753hdv-d-0-4851,29340,1119,3600,-122.31500620031304,47.65991529817773
b2b-all-774456-4-753hdv-d-1-4852,24960,1119,3600,-122.31500620031304,47.65991529817773
b2b-all-774456-4-753hdv-d-1-4853,15480,1119,3600,-122.31500620031304,47.65991529817773
b2b-all-774456-4-753hdv-d-1-4854,24600,1119,3600,-122.31500620031304,47.65991529817773
b2b-all-774456-4-754hdv-d-4855,25200,1119,3600,-122.31500620031304,47.65991529817773
b2b-all-774456-4-754hdv-d-4856,25200,1119,3600,-122.31500620031304,47.65991529817773
b2b-all-774751-2-755hdt-d-4857,22500,1367,3600,-122.34655791524916,47.523378139606336
b2b-all-774751-2-755hdt-d-4858,25320,1367,3600,-122.34655791524916,47.523378139606336
b2b-all-774751-2-755hdt-d-4859,30780,1367,3600,-122.34655791524916,47.523378139606336
b2b-all-774751-3-756hdv-d-4860,29880,1367,3600,-122.34655791524916,47.523378139606336
b2b-all-774751-3-756hdv-d-4861,32340,1367,3600,-122.34655791524916,47.523378139606336
b2b-all-774751-3-756hdv-d-4862,25800,1367,3600,-122.34655791524916,47.523378139606336
b2b-all-774751-3-756hdv-d-4863,25800,1367,3600,-122.34655791524916,47.523378139606336
b2b-all-774751-3-757hdv-d-4864,40680,1367,3600,-122.34655791524916,47.523378139606336
b2b-all-774751-3-757hdv-d-4865,40680,1367,3600,-122.34655791524916,47.523378139606336
b2b-all-775725-3-758hdv-d-4866,22920,5885,3600,-123.12917480974409,44.98433170990787
b2b-all-775725-3-758hdv-d-4867,22920,5885,3600,-123.12917480974409,44.98433170990787
b2b-all-775860-2-759md-d-4868,44700,936,3600,-122.29868740385136,47.72289542611544
b2b-all-775860-2-759md-d-4869,44700,936,3600,-122.29868740385136,47.72289542611544
b2b-all-775860-2-759md-d-4870,44700,936,3600,-122.29868740385136,47.72289542611544
b2b-all-775860-2-759md-d-4871,44700,936,3600,-122.29868740385136,47.72289542611544
b2b-all-775860-2-759md-d-4872,44700,936,3600,-122.29868740385136,47.72289542611544
b2b-all-775860-2-759md-d-4873,44700,936,3600,-122.29868740385136,47.72289542611544
b2b-all-775860-2-759hdt-d-4874,44700,936,3600,-122.29868740385136,47.72289542611544
b2b-all-775860-2-759hdt-d-4875,44700,936,3600,-122.29868740385136,47.72289542611544
b2b-all-775864-3-760hdv-d-4876,37440,2068,3600,-122.21288183756911,47.35148254730917
b2b-all-775864-3-760hdv-d-4877,37440,2068,3600,-122.21288183756911,47.35148254730917
b2b-all-775866-1-761md-d-4878,41160,1388,3600,-122.29347182185812,47.53001885401543
b2b-all-775866-1-761md-d-4879,41160,1388,3600,-122.29347182185812,47.53001885401543
b2b-all-775866-1-761md-d-4880,41160,1388,3600,-122.29347182185812,47.53001885401543
b2b-all-775866-1-761md-d-4881,41160,1388,3600,-122.29347182185812,47.53001885401543
b2b-all-775866-1-761md-d-4882,41160,1388,3600,-122.29347182185812,47.53001885401543
b2b-all-775866-1-761md-d-4883,41160,1388,3600,-122.29347182185812,47.53001885401543
b2b-all-775866-1-761hdt-d-4884,41160,1388,3600,-122.29347182185812,47.53001885401543
b2b-all-775866-1-761hdt-d-4885,41160,1388,3600,-122.29347182185812,47.53001885401543
b2b-all-775869-2-762hdt-d-4886,35220,1193,3600,-122.34616081880876,47.61632090061801
b2b-all-775869-2-762hdt-d-4887,35220,1193,3600,-122.34616081880876,47.61632090061801
b2b-all-775869-2-762hdt-d-4888,35220,1193,3600,-122.34616081880876,47.61632090061801
b2b-all-776014-2-763hdt-d-4889,25140,1636,3600,-122.19200332047508,47.612183147599
b2b-all-776014-2-763hdt-d-4890,24300,1636,3600,-122.19200332047508,47.612183147599
b2b-all-776014-2-763hdv-d-4891,28140,1636,3600,-122.19200332047508,47.612183147599
b2b-all-776014-2-763hdv-d-4892,24300,1636,3600,-122.19200332047508,47.612183147599
b2b-all-782073-4-764hdv-d-4893,25140,1555,3600,-122.18587889091722,47.67169772638755
b2b-all-782073-4-764hdv-d-4894,25140,1555,3600,-122.18587889091722,47.67169772638755
b2b-all-782073-4-764hdv-d-4895,25140,1555,3600,-122.18587889091722,47.67169772638755
b2b-all-782073-4-764hdv-d-4896,25140,1555,3600,-122.18587889091722,47.67169772638755
b2b-all-782073-4-764hdv-d-4897,25140,1555,3600,-122.18587889091722,47.67169772638755
b2b-all-782073-4-764hdv-d-4898,25140,1555,3600,-122.18587889091722,47.67169772638755
b2b-all-782073-4-764hdv-d-4899,26160,1555,3600,-122.18587889091722,47.67169772638755
b2b-all-782073-4-764hdv-d-4900,34320,1555,3600,-122.18587889091722,47.67169772638755
b2b-all-782073-4-764hdv-d-4901,25140,1555,3600,-122.18587889091722,47.67169772638755
b2b-all-782073-4-765hdv-d-4902,54480,1555,3600,-122.18587889091722,47.67169772638755
b2b-all-782073-4-765hdv-d-4903,54480,1555,3600,-122.18587889091722,47.67169772638755
b2b-all-782073-4-765hdv-d-4904,54480,1555,3600,-122.18587889091722,47.67169772638755
b2b-all-782073-4-765hdv-d-4905,54480,1555,3600,-122.18587889091722,47.67169772638755
b2b-all-782074-3-766hdt-d-4906,40200,968,3600,-122.2908875544506,47.70622134423204
b2b-all-782074-3-766hdt-d-4907,40200,968,3600,-122.2908875544506,47.70622134423204
b2b-all-782318-1-767md-d-4908,22860,973,3600,-122.31857047641184,47.71035103607999
b2b-all-782318-1-767md-d-4909,30060,973,3600,-122.31857047641184,47.71035103607999
b2b-all-782318-1-767md-d-4910,19740,973,3600,-122.31857047641184,47.71035103607999
b2b-all-782318-1-767md-d-4911,30060,973,3600,-122.31857047641184,47.71035103607999
b2b-all-782318-1-767md-d-4912,31260,973,3600,-122.31857047641184,47.71035103607999
b2b-all-782318-1-767md-d-4913,34680,973,3600,-122.31857047641184,47.71035103607999
b2b-all-784348-3-768hdv-d-4914,44880,1598,3600,-122.13218962625312,47.62338783817064
b2b-all-784348-3-768hdv-d-4915,44880,1598,3600,-122.13218962625312,47.62338783817064
b2b-all-784903-3-769hdt-d-4916,27660,1520,3600,-122.22639246390588,47.74427981579663
b2b-all-784903-3-769hdt-d-4917,31860,1520,3600,-122.22639246390588,47.74427981579663
b2b-all-784903-3-769hdt-d-4918,30240,1520,3600,-122.22639246390588,47.74427981579663
b2b-all-784903-3-770hdt-d-4919,19860,1520,3600,-122.22639246390588,47.74427981579663
b2b-all-784903-3-770hdt-d-4920,19860,1520,3600,-122.22639246390588,47.74427981579663
b2b-all-784903-3-770hdt-d-4921,24120,1520,3600,-122.22639246390588,47.74427981579663
b2b-all-784903-3-770hdt-d-4922,22200,1520,3600,-122.22639246390588,47.74427981579663
b2b-all-784903-3-770hdt-d-4923,20940,1520,3600,-122.22639246390588,47.74427981579663
b2b-all-784903-4-771hdv-d-4924,18240,1520,3600,-122.22639246390588,47.74427981579663
b2b-all-784903-4-771hdv-d-4925,23820,1520,3600,-122.22639246390588,47.74427981579663
b2b-all-784903-4-771hdv-d-4926,30600,1520,3600,-122.22639246390588,47.74427981579663
b2b-all-784903-4-771hdv-d-4927,30960,1520,3600,-122.22639246390588,47.74427981579663
b2b-all-784903-4-771hdv-d-4928,22620,1520,3600,-122.22639246390588,47.74427981579663
b2b-all-784903-4-771hdv-d-4929,25260,1520,3600,-122.22639246390588,47.74427981579663
b2b-all-784903-4-771hdv-d-4930,29100,1520,3600,-122.22639246390588,47.74427981579663
b2b-all-784903-4-771hdv-d-4931,18240,1520,3600,-122.22639246390588,47.74427981579663
b2b-all-784903-4-771hdv-d-4932,29160,1520,3600,-122.22639246390588,47.74427981579663
b2b-all-784903-4-771hdv-d-4933,20580,1520,3600,-122.22639246390588,47.74427981579663
b2b-all-784903-4-771hdv-d-4934,32940,1520,3600,-122.22639246390588,47.74427981579663
b2b-all-784903-4-771hdv-d-4935,18240,1520,3600,-122.22639246390588,47.74427981579663
b2b-all-784903-4-771hdv-d-4936,24780,1520,3600,-122.22639246390588,47.74427981579663
b2b-all-784903-4-772hdv-d-4937,42120,1520,3600,-122.22639246390588,47.74427981579663
b2b-all-784904-2-773hdv-d-4938,30480,2202,3600,-122.04505757255072,47.38525227807868
b2b-all-785330-3-774hdv-d-4939,27360,3854,3600,-122.3645144674494,48.26687162473969
b2b-all-785330-3-774hdv-d-4940,27360,3854,3600,-122.3645144674494,48.26687162473969
b2b-all-786680-1-775hdt-d-4941,48000,1719,3600,-122.21212764352336,47.50396181637802
b2b-all-786866-2-776hdt-d-4942,28140,5885,3600,-123.12917480974409,44.98433170990787
b2b-all-787170-2-777hdt-d-4943,30300,3184,3600,-122.66808420396303,47.10635009599398
b2b-all-787946-2-778hdv-d-4944,24600,3854,3600,-122.3645144674494,48.26687162473969
b2b-all-788097-1-779md-d-4945,29940,3191,3600,-122.48240942711132,47.05796598200305
b2b-all-788099-1-780hdt-d-4946,17400,5879,3600,-123.04362483193276,44.94821565940063
b2b-all-788754-1-781md-d-4947,57000,1769,3600,-122.2236351598166,47.46349595387813
b2b-all-791166-1-782md-d-4948,28500,1251,3600,-122.30303201114116,47.60390782504911
b2b-all-791171-1-783hdt-d-4949,17700,1421,3600,-122.32758805931134,47.76552621322798
b2b-all-791172-1-784md-d-4950,39660,2086,3600,-122.24986679864152,47.28750045491592
b2b-all-791175-1-785hdt-d-4951,20940,1627,3600,-122.1550535190588,47.62726632427077
b2b-all-791175-1-786hdt-d-4952,38640,1627,3600,-122.1550535190588,47.62726632427077
b2b-all-791175-1-786hdt-d-4953,38640,1627,3600,-122.1550535190588,47.62726632427077
b2b-all-791176-1-787md-d-4954,23460,1969,3600,-122.2418402139775,47.3621800728551
b2b-all-792063-1-788md-d-0-4955,54420,1721,3600,-122.21565324795743,47.47251346809886
b2b-all-792063-1-788md-d-0-4956,54420,1721,3600,-122.21565324795743,47.47251346809886
b2b-all-792063-1-788md-d-0-4957,54420,1721,3600,-122.21565324795743,47.47251346809886
b2b-all-792063-1-788md-d-1-4958,54420,1721,3600,-122.21565324795743,47.47251346809886
b2b-all-792063-1-789md-d-4959,20040,1721,3600,-122.21565324795743,47.47251346809886
b2b-all-792063-1-789md-d-4960,23040,1721,3600,-122.21565324795743,47.47251346809886
b2b-all-792063-1-789md-d-4961,30660,1721,3600,-122.21565324795743,47.47251346809886
b2b-all-792063-1-789md-d-4962,27060,1721,3600,-122.21565324795743,47.47251346809886
b2b-all-792670-1-790md-d-4963,25800,2202,3600,-122.046887609631,47.38709416128761
b2b-all-795428-1-791md-d-4964,40560,2090,3600,-122.24506346959544,47.27591972295906
b2b-all-795428-1-792md-d-4965,19800,2090,3600,-122.24506346959544,47.27591972295906
b2b-all-795428-2-793md-d-4966,23460,2090,3600,-122.24506346959544,47.27591972295906
b2b-all-795430-2-794hdt-d-4967,54000,1499,3600,-122.15589777173832,47.74314099937968
b2b-all-795430-2-795hdt-d-4968,24360,1499,3600,-122.15589777173832,47.74314099937968
b2b-all-795440-2-796md-d-4969,23340,1548,3600,-122.1928806799012,47.67562615383216
b2b-all-797435-1-797hdv-d-4970,35760,1099,3600,-122.36342479602747,47.659048852205565
b2b-all-797435-1-798hdv-d-4971,32700,1099,3600,-122.36342479602747,47.659048852205565
b2b-all-797438-1-799hdt-d-4972,30600,1762,3600,-122.22709794638683,47.492002123841374
b2b-all-797439-1-800md-d-4973,32580,985,3600,-122.38356978836178,47.701885558424
b2b-all-797988-3-801hdv-d-4974,22620,1445,3600,-122.35192843927246,47.74447124207589
b2b-all-797988-3-802hdv-d-4975,38640,1445,3600,-122.35192843927246,47.74447124207589
b2b-all-797988-3-802hdv-d-4976,38640,1445,3600,-122.35192843927246,47.74447124207589
b2b-all-797988-3-802hdv-d-4977,38640,1445,3600,-122.35192843927246,47.74447124207589
b2b-all-797988-3-802hdv-d-4978,38640,1445,3600,-122.35192843927246,47.74447124207589
b2b-all-799282-2-803md-d-4979,36720,2264,3600,-122.08181560557118,47.67203933878778
b2b-all-799282-2-803hdt-d-4980,36720,2264,3600,-122.08181560557118,47.67203933878778
b2b-all-799282-2-803hdv-d-4981,36720,2264,3600,-122.08181560557118,47.67203933878778
b2b-all-799282-2-804md-d-4982,51000,2264,3600,-122.08181560557118,47.67203933878778
b2b-all-799282-2-804hdt-d-4983,51000,2264,3600,-122.08181560557118,47.67203933878778
b2b-all-799282-2-804hdt-d-4984,51000,2264,3600,-122.08181560557118,47.67203933878778
b2b-all-799282-3-805hdt-d-4985,48480,2264,3600,-122.08181560557118,47.67203933878778
b2b-all-799282-3-805hdt-d-4986,48480,2264,3600,-122.08181560557118,47.67203933878778
b2b-all-799282-3-805hdt-d-4987,48480,2264,3600,-122.08181560557118,47.67203933878778
b2b-all-799282-3-805hdt-d-4988,48480,2264,3600,-122.08181560557118,47.67203933878778
b2b-all-799282-3-806hdt-d-4989,33540,2264,3600,-122.08181560557118,47.67203933878778
b2b-all-799282-3-806hdt-d-4990,33540,2264,3600,-122.08181560557118,47.67203933878778
b2b-all-799282-3-806hdt-d-4991,33540,2264,3600,-122.08181560557118,47.67203933878778
b2b-all-799282-3-806hdt-d-4992,33540,2264,3600,-122.08181560557118,47.67203933878778
b2b-all-799288-1-807hdt-d-4993,24120,5885,3600,-123.12917480974409,44.98433170990787
b2b-all-8055285-2-808md-d-4994,42300,2168,3600,-122.071872661225,47.46193203294594
b2b-all-8055285-2-808md-d-4995,42300,2168,3600,-122.071872661225,47.46193203294594
b2b-all-8055285-2-808md-d-4996,42300,2168,3600,-122.071872661225,47.46193203294594
b2b-all-8055285-2-808md-d-4997,42300,2168,3600,-122.071872661225,47.46193203294594
b2b-all-8055285-2-808md-d-4998,42300,2168,3600,-122.071872661225,47.46193203294594
b2b-all-8055285-2-808md-d-4999,42300,2168,3600,-122.071872661225,47.46193203294594
b2b-all-8055285-2-808hdt-d-5000,42300,2168,3600,-122.071872661225,47.46193203294594
b2b-all-8055285-2-808hdt-d-5001,42300,2168,3600,-122.071872661225,47.46193203294594
b2b-all-8055285-2-809md-d-5002,41940,2168,3600,-122.071872661225,47.46193203294594
b2b-all-8055285-2-809md-d-5003,41940,2168,3600,-122.071872661225,47.46193203294594
b2b-all-8055285-2-809md-d-5004,41940,2168,3600,-122.071872661225,47.46193203294594
b2b-all-8055285-2-809md-d-5005,41940,2168,3600,-122.071872661225,47.46193203294594
b2b-all-8055285-2-809md-d-5006,41940,2168,3600,-122.071872661225,47.46193203294594
b2b-all-8055285-2-809md-d-5007,41940,2168,3600,-122.071872661225,47.46193203294594
b2b-all-8055287-2-810md-d-0-5008,46860,1856,3600,-122.31652068232988,47.43497547658828
b2b-all-8055287-2-810md-d-0-5009,46860,1856,3600,-122.31652068232988,47.43497547658828
b2b-all-8055287-2-810md-d-0-5010,46860,1856,3600,-122.31652068232988,47.43497547658828
b2b-all-8055287-2-810md-d-0-5011,46860,1856,3600,-122.31652068232988,47.43497547658828
b2b-all-8055287-2-810md-d-0-5012,46860,1856,3600,-122.31652068232988,47.43497547658828
b2b-all-8055287-2-810md-d-0-5013,46860,1856,3600,-122.31652068232988,47.43497547658828
b2b-all-8055287-2-810md-d-0-5014,46860,1856,3600,-122.31652068232988,47.43497547658828
b2b-all-8055287-2-810md-d-0-5015,46860,1856,3600,-122.31652068232988,47.43497547658828
b2b-all-8055287-2-810md-d-0-5016,46860,1856,3600,-122.31652068232988,47.43497547658828
b2b-all-8055287-2-810md-d-0-5017,46860,1856,3600,-122.31652068232988,47.43497547658828
b2b-all-8055287-2-810md-d-0-5018,46860,1856,3600,-122.31652068232988,47.43497547658828
b2b-all-8055287-2-810md-d-0-5019,46860,1856,3600,-122.31652068232988,47.43497547658828
b2b-all-8055287-2-810md-d-0-5020,46860,1856,3600,-122.31652068232988,47.43497547658828
b2b-all-8055287-2-810md-d-0-5021,46860,1856,3600,-122.31652068232988,47.43497547658828
b2b-all-8055287-2-810md-d-0-5022,46860,1856,3600,-122.31652068232988,47.43497547658828
b2b-all-8055287-2-810md-d-0-5023,46860,1856,3600,-122.31652068232988,47.43497547658828
b2b-all-8055287-2-810md-d-0-5024,46860,1856,3600,-122.31652068232988,47.43497547658828
b2b-all-8055287-2-810md-d-0-5025,46860,1856,3600,-122.31652068232988,47.43497547658828
b2b-all-8055287-2-810md-d-0-5026,46860,1856,3600,-122.31652068232988,47.43497547658828
b2b-all-8055287-2-810md-d-0-5027,46860,1856,3600,-122.31652068232988,47.43497547658828
b2b-all-8055287-2-810md-d-1-5028,46860,1856,3600,-122.31652068232988,47.43497547658828
b2b-all-8055287-2-810md-d-1-5029,46860,1856,3600,-122.31652068232988,47.43497547658828
b2b-all-8055287-2-810md-d-1-5030,46860,1856,3600,-122.31652068232988,47.43497547658828
b2b-all-8055287-2-810md-d-1-5031,46860,1856,3600,-122.31652068232988,47.43497547658828
b2b-all-8055287-2-810md-d-1-5032,46860,1856,3600,-122.31652068232988,47.43497547658828
b2b-all-8055287-2-810md-d-1-5033,46860,1856,3600,-122.31652068232988,47.43497547658828
b2b-all-8055287-2-810md-d-1-5034,46860,1856,3600,-122.31652068232988,47.43497547658828
b2b-all-8055287-2-810md-d-1-5035,46860,1856,3600,-122.31652068232988,47.43497547658828
b2b-all-8055287-2-810md-d-1-5036,46860,1856,3600,-122.31652068232988,47.43497547658828
b2b-all-8055287-2-810md-d-1-5037,46860,1856,3600,-122.31652068232988,47.43497547658828
b2b-all-8055287-2-810hdt-d-5038,46860,1856,3600,-122.31652068232988,47.43497547658828
b2b-all-8055287-2-810hdv-d-5039,46860,1856,3600,-122.31652068232988,47.43497547658828
b2b-all-8055287-2-810hdv-d-5040,46860,1856,3600,-122.31652068232988,47.43497547658828
b2b-all-8055287-2-810hdv-d-5041,46860,1856,3600,-122.31652068232988,47.43497547658828
b2b-all-8055287-3-811hdt-d-0-5042,52140,1856,3600,-122.31652068232988,47.43497547658828
b2b-all-8055287-3-811hdt-d-0-5043,52140,1856,3600,-122.31652068232988,47.43497547658828
b2b-all-8055287-3-811hdt-d-0-5044,52140,1856,3600,-122.31652068232988,47.43497547658828
b2b-all-8055287-3-811hdt-d-0-5045,52140,1856,3600,-122.31652068232988,47.43497547658828
b2b-all-8055287-3-811hdt-d-0-5046,52140,1856,3600,-122.31652068232988,47.43497547658828
b2b-all-8055287-3-811hdt-d-0-5047,52140,1856,3600,-122.31652068232988,47.43497547658828
b2b-all-8055287-3-811hdt-d-0-5048,52140,1856,3600,-122.31652068232988,47.43497547658828
b2b-all-8055287-3-811hdt-d-0-5049,52140,1856,3600,-122.31652068232988,47.43497547658828
b2b-all-8055287-3-811hdt-d-0-5050,52140,1856,3600,-122.31652068232988,47.43497547658828
b2b-all-8055287-3-811hdt-d-0-5051,52140,1856,3600,-122.31652068232988,47.43497547658828
b2b-all-8055287-3-811hdt-d-0-5052,52140,1856,3600,-122.31652068232988,47.43497547658828
b2b-all-8055287-3-811hdt-d-0-5053,52140,1856,3600,-122.31652068232988,47.43497547658828
b2b-all-8055287-3-811hdt-d-0-5054,52140,1856,3600,-122.31652068232988,47.43497547658828
b2b-all-8055287-3-811hdt-d-0-5055,52140,1856,3600,-122.31652068232988,47.43497547658828
b2b-all-8055287-3-811hdt-d-0-5056,52140,1856,3600,-122.31652068232988,47.43497547658828
b2b-all-8055287-3-811hdt-d-0-5057,52140,1856,3600,-122.31652068232988,47.43497547658828
b2b-all-8055287-3-811hdt-d-0-5058,52140,1856,3600,-122.31652068232988,47.43497547658828
b2b-all-8055287-3-811hdt-d-0-5059,52140,1856,3600,-122.31652068232988,47.43497547658828
b2b-all-8055287-3-811hdt-d-0-5060,52140,1856,3600,-122.31652068232988,47.43497547658828
b2b-all-8055287-3-811hdt-d-0-5061,52140,1856,3600,-122.31652068232988,47.43497547658828
b2b-all-8055287-3-811hdt-d-1-5062,52140,1856,3600,-122.31652068232988,47.43497547658828
b2b-all-8055287-3-811hdt-d-1-5063,52140,1856,3600,-122.31652068232988,47.43497547658828
b2b-all-8055287-3-811hdt-d-1-5064,52140,1856,3600,-122.31652068232988,47.43497547658828
b2b-all-8055287-3-811hdt-d-1-5065,52140,1856,3600,-122.31652068232988,47.43497547658828
b2b-all-8055287-3-811hdt-d-1-5066,52140,1856,3600,-122.31652068232988,47.43497547658828
b2b-all-8055287-3-811hdt-d-1-5067,52140,1856,3600,-122.31652068232988,47.43497547658828
b2b-all-8055287-3-811hdt-d-1-5068,52140,1856,3600,-122.31652068232988,47.43497547658828
b2b-all-8055287-3-811hdt-d-1-5069,52140,1856,3600,-122.31652068232988,47.43497547658828
b2b-all-8055287-3-811hdt-d-1-5070,52140,1856,3600,-122.31652068232988,47.43497547658828
b2b-all-8055287-3-811hdt-d-1-5071,52140,1856,3600,-122.31652068232988,47.43497547658828
b2b-all-8055287-3-811hdt-d-1-5072,52140,1856,3600,-122.31652068232988,47.43497547658828
b2b-all-8055287-3-811hdt-d-1-5073,52140,1856,3600,-122.31652068232988,47.43497547658828
b2b-all-8055287-3-811hdt-d-1-5074,52140,1856,3600,-122.31652068232988,47.43497547658828
b2b-all-8055287-3-811hdt-d-1-5075,52140,1856,3600,-122.31652068232988,47.43497547658828
b2b-all-8055287-3-811hdt-d-2-5076,52140,1856,3600,-122.31652068232988,47.43497547658828
b2b-all-8055287-3-811hdt-d-2-5077,52140,1856,3600,-122.31652068232988,47.43497547658828
b2b-all-8055287-3-811hdt-d-2-5078,52140,1856,3600,-122.31652068232988,47.43497547658828
b2b-all-8055287-3-811hdt-d-2-5079,52140,1856,3600,-122.31652068232988,47.43497547658828
b2b-all-8055287-3-811hdt-d-2-5080,52140,1856,3600,-122.31652068232988,47.43497547658828
b2b-all-8055287-3-811hdt-d-3-5081,52140,1856,3600,-122.31652068232988,47.43497547658828
b2b-all-8055287-3-812hdt-d-5082,24480,1856,3600,-122.31652068232988,47.43497547658828
b2b-all-8055287-3-812hdt-d-5083,24480,1856,3600,-122.31652068232988,47.43497547658828
b2b-all-8055287-3-812hdt-d-5084,24480,1856,3600,-122.31652068232988,47.43497547658828
b2b-all-8055287-3-812hdt-d-5085,24480,1856,3600,-122.31652068232988,47.43497547658828
b2b-all-8055287-3-812hdt-d-5086,24480,1856,3600,-122.31652068232988,47.43497547658828
b2b-all-8055287-3-812hdt-d-5087,25740,1856,3600,-122.31652068232988,47.43497547658828
b2b-all-8055287-3-812hdt-d-5088,27540,1856,3600,-122.31652068232988,47.43497547658828
b2b-all-8055287-3-812hdt-d-5089,24480,1856,3600,-122.31652068232988,47.43497547658828
b2b-all-8055287-3-812hdt-d-5090,24480,1856,3600,-122.31652068232988,47.43497547658828
b2b-all-8055287-3-812hdt-d-5091,24480,1856,3600,-122.31652068232988,47.43497547658828
b2b-all-8055287-3-812hdt-d-5092,25740,1856,3600,-122.31652068232988,47.43497547658828
b2b-all-8055287-4-813hdv-d-0-5093,55200,1856,3600,-122.31652068232988,47.43497547658828
b2b-all-8055287-4-813hdv-d-0-5094,55200,1856,3600,-122.31652068232988,47.43497547658828
b2b-all-8055287-4-813hdv-d-0-5095,55200,1856,3600,-122.31652068232988,47.43497547658828
b2b-all-8055287-4-813hdv-d-0-5096,55200,1856,3600,-122.31652068232988,47.43497547658828
b2b-all-8055287-4-813hdv-d-0-5097,55200,1856,3600,-122.31652068232988,47.43497547658828
b2b-all-8055287-4-813hdv-d-0-5098,55200,1856,3600,-122.31652068232988,47.43497547658828
b2b-all-8055287-4-813hdv-d-0-5099,55200,1856,3600,-122.31652068232988,47.43497547658828
b2b-all-8055287-4-813hdv-d-0-5100,55200,1856,3600,-122.31652068232988,47.43497547658828
b2b-all-8055287-4-813hdv-d-0-5101,55200,1856,3600,-122.31652068232988,47.43497547658828
b2b-all-8055287-4-813hdv-d-0-5102,55200,1856,3600,-122.31652068232988,47.43497547658828
b2b-all-8055287-4-813hdv-d-0-5103,55200,1856,3600,-122.31652068232988,47.43497547658828
b2b-all-8055287-4-813hdv-d-0-5104,55200,1856,3600,-122.31652068232988,47.43497547658828
b2b-all-8055287-4-813hdv-d-0-5105,55200,1856,3600,-122.31652068232988,47.43497547658828
b2b-all-8055287-4-813hdv-d-0-5106,55200,1856,3600,-122.31652068232988,47.43497547658828
b2b-all-8055287-4-813hdv-d-0-5107,55200,1856,3600,-122.31652068232988,47.43497547658828
b2b-all-8055287-4-813hdv-d-0-5108,55200,1856,3600,-122.31652068232988,47.43497547658828
b2b-all-8055287-4-813hdv-d-0-5109,55200,1856,3600,-122.31652068232988,47.43497547658828
b2b-all-8055287-4-813hdv-d-0-5110,55200,1856,3600,-122.31652068232988,47.43497547658828
b2b-all-8055287-4-813hdv-d-0-5111,55200,1856,3600,-122.31652068232988,47.43497547658828
b2b-all-8055287-4-813hdv-d-0-5112,55200,1856,3600,-122.31652068232988,47.43497547658828
b2b-all-8055287-4-813hdv-d-1-5113,55200,1856,3600,-122.31652068232988,47.43497547658828
b2b-all-8055287-4-813hdv-d-1-5114,55200,1856,3600,-122.31652068232988,47.43497547658828
b2b-all-8055287-4-813hdv-d-1-5115,55200,1856,3600,-122.31652068232988,47.43497547658828
b2b-all-8055287-4-813hdv-d-1-5116,55200,1856,3600,-122.31652068232988,47.43497547658828
b2b-all-8055287-4-813hdv-d-1-5117,55200,1856,3600,-122.31652068232988,47.43497547658828
b2b-all-8055287-4-813hdv-d-1-5118,55200,1856,3600,-122.31652068232988,47.43497547658828
b2b-all-8055287-4-813hdv-d-1-5119,55200,1856,3600,-122.31652068232988,47.43497547658828
b2b-all-8055287-4-813hdv-d-1-5120,55200,1856,3600,-122.31652068232988,47.43497547658828
b2b-all-8055287-4-813hdv-d-1-5121,55200,1856,3600,-122.31652068232988,47.43497547658828
b2b-all-8055287-4-813hdv-d-1-5122,55200,1856,3600,-122.31652068232988,47.43497547658828
b2b-all-8055287-4-813hdv-d-1-5123,55200,1856,3600,-122.31652068232988,47.43497547658828
b2b-all-8055287-4-813hdv-d-1-5124,55200,1856,3600,-122.31652068232988,47.43497547658828
b2b-all-8055287-4-813hdv-d-1-5125,55200,1856,3600,-122.31652068232988,47.43497547658828
b2b-all-8055287-4-813hdv-d-1-5126,55200,1856,3600,-122.31652068232988,47.43497547658828
b2b-all-8055287-4-813hdv-d-1-5127,55200,1856,3600,-122.31652068232988,47.43497547658828
b2b-all-8055287-4-813hdv-d-1-5128,55200,1856,3600,-122.31652068232988,47.43497547658828
b2b-all-8055287-4-813hdv-d-1-5129,55200,1856,3600,-122.31652068232988,47.43497547658828
b2b-all-8055287-4-813hdv-d-1-5130,55200,1856,3600,-122.31652068232988,47.43497547658828
b2b-all-8055287-4-813hdv-d-1-5131,55200,1856,3600,-122.31652068232988,47.43497547658828
b2b-all-8055287-4-813hdv-d-1-5132,55200,1856,3600,-122.31652068232988,47.43497547658828
b2b-all-8055287-4-813hdv-d-2-5133,55200,1856,3600,-122.31652068232988,47.43497547658828
b2b-all-8055287-4-813hdv-d-2-5134,55200,1856,3600,-122.31652068232988,47.43497547658828
b2b-all-8055287-4-813hdv-d-2-5135,55200,1856,3600,-122.31652068232988,47.43497547658828
b2b-all-8055287-4-813hdv-d-2-5136,55200,1856,3600,-122.31652068232988,47.43497547658828
b2b-all-8055287-4-813hdv-d-2-5137,55200,1856,3600,-122.31652068232988,47.43497547658828
b2b-all-8055287-4-813hdv-d-2-5138,55200,1856,3600,-122.31652068232988,47.43497547658828
b2b-all-8055287-4-813hdv-d-2-5139,55200,1856,3600,-122.31652068232988,47.43497547658828
b2b-all-8055287-4-813hdv-d-2-5140,55200,1856,3600,-122.31652068232988,47.43497547658828
b2b-all-8055287-4-813hdv-d-2-5141,55200,1856,3600,-122.31652068232988,47.43497547658828
b2b-all-8055287-4-813hdv-d-2-5142,55200,1856,3600,-122.31652068232988,47.43497547658828
b2b-all-8055287-4-813hdv-d-2-5143,55200,1856,3600,-122.31652068232988,47.43497547658828
b2b-all-8055287-4-813hdv-d-2-5144,55200,1856,3600,-122.31652068232988,47.43497547658828
b2b-all-8055287-4-813hdv-d-3-5145,55200,1856,3600,-122.31652068232988,47.43497547658828
b2b-all-8055287-4-813hdv-d-3-5146,55200,1856,3600,-122.31652068232988,47.43497547658828
b2b-all-8055287-4-813hdv-d-3-5147,55200,1856,3600,-122.31652068232988,47.43497547658828
b2b-all-8055287-4-813hdv-d-3-5148,55200,1856,3600,-122.31652068232988,47.43497547658828
b2b-all-8055287-4-813hdv-d-3-5149,55200,1856,3600,-122.31652068232988,47.43497547658828
b2b-all-8055287-4-813hdv-d-4-5150,55200,1856,3600,-122.31652068232988,47.43497547658828
b2b-all-8055287-4-813hdv-d-4-5151,55200,1856,3600,-122.31652068232988,47.43497547658828
b2b-all-8055287-4-813hdv-d-4-5152,55200,1856,3600,-122.31652068232988,47.43497547658828
b2b-all-8055287-4-813hdv-d-4-5153,55200,1856,3600,-122.31652068232988,47.43497547658828
b2b-all-8055287-4-813hdv-d-4-5154,55200,1856,3600,-122.31652068232988,47.43497547658828
b2b-all-8055287-4-814hdv-d-5155,28380,1856,3600,-122.31652068232988,47.43497547658828
b2b-all-8055287-4-814hdv-d-5156,22440,1856,3600,-122.31652068232988,47.43497547658828
b2b-all-8055287-4-814hdv-d-5157,25140,1856,3600,-122.31652068232988,47.43497547658828
b2b-all-8055287-4-814hdv-d-5158,22440,1856,3600,-122.31652068232988,47.43497547658828
b2b-all-8055287-4-814hdv-d-5159,22440,1856,3600,-122.31652068232988,47.43497547658828
b2b-all-8055292-3-815hdt-d-5160,44160,1106,3600,-122.33997454968834,47.66014733177599
b2b-all-8055292-3-815hdt-d-5161,44160,1106,3600,-122.33997454968834,47.66014733177599
b2b-all-8055292-3-815hdt-d-5162,44160,1106,3600,-122.33997454968834,47.66014733177599
b2b-all-810786-1-816hdt-d-5163,21900,5877,3600,-123.0924885936277,44.93811017712774
b2b-all-8136592-1-817hdt-d-5164,27120,5885,3600,-123.12917480974409,44.98433170990787
b2b-all-814039-1-818hdv-d-5165,19740,1334,3600,-122.37673414316018,47.54054903443946
b2b-all-814095-1-819md-d-5166,31260,1260,3600,-122.30232487557667,47.60112022569204
b2b-all-814095-1-820md-d-5167,23820,1260,3600,-122.30232487557667,47.60112022569204
b2b-all-814258-1-821hdt-d-5168,33360,2128,3600,-121.69744610643237,47.16798796331104
b2b-all-816816-1-822hdt-d-5169,23280,5885,3600,-123.12917480974409,44.98433170990787
b2b-all-817272-1-823hdv-d-5170,18540,1172,3600,-122.33365450804912,47.63502826428605
b2b-all-818245-1-824hdt-d-5171,47400,1867,3600,-122.32793985773051,47.41759915085237
b2b-all-818245-1-824hdt-d-5172,47400,1867,3600,-122.32793985773051,47.41759915085237
b2b-all-820016-2-825hdv-d-5173,21900,1829,3600,-122.35837627716528,47.44996135452732
b2b-all-8211712-3-826hdt-d-5174,33300,3857,3600,-122.29590163174925,48.271412627164175
b2b-all-8211712-3-826hdt-d-5175,33300,3857,3600,-122.29590163174925,48.271412627164175
b2b-all-8214015-3-827hdt-d-5176,29580,3854,3600,-122.3645144674494,48.26687162473969
b2b-all-8214015-3-827hdt-d-5177,29580,3854,3600,-122.3645144674494,48.26687162473969
b2b-all-8214016-1-828md-d-5178,27240,3860,3600,-122.16669982272528,48.26526223933203
b2b-all-8214016-1-828md-d-5179,17580,3860,3600,-122.16669982272528,48.26526223933203
b2b-all-8214016-1-828md-d-5180,20340,3860,3600,-122.16669982272528,48.26526223933203
b2b-all-8214016-1-828md-d-5181,19320,3860,3600,-122.16669982272528,48.26526223933203
b2b-all-8214016-1-828md-d-5182,17580,3860,3600,-122.16669982272528,48.26526223933203
b2b-all-8214016-1-828md-d-5183,17580,3860,3600,-122.16669982272528,48.26526223933203
b2b-all-8214023-4-829hdv-d-5184,31200,3854,3600,-122.3645144674494,48.26687162473969
b2b-all-8214023-4-829hdv-d-5185,31200,3854,3600,-122.3645144674494,48.26687162473969
b2b-all-821597-1-830hdv-d-5186,39600,2250,3600,-122.1072100713829,47.750278690444574
b2b-all-821921-1-831hdt-d-5187,33120,1129,3600,-122.41026858197937,47.64597126894856
b2b-all-822295-1-832md-d-5188,18300,5882,3600,-123.14494409844396,44.98169645199568
b2b-all-822672-1-833hdv-d-5189,13320,5883,3600,-123.05180503036196,44.98106768295292
b2b-all-823227-2-834hdv-d-5190,30780,2081,3600,-122.22362621760612,47.28432584562838
b2b-all-823227-2-835hdv-d-5191,21720,2081,3600,-122.22362621760612,47.28432584562838
b2b-all-825745-2-836md-d-5192,34560,1016,3600,-122.30926606742742,47.68976543647842
b2b-all-825745-2-836md-d-5193,34560,1016,3600,-122.30926606742742,47.68976543647842
b2b-all-825745-2-836hdt-d-5194,34560,1016,3600,-122.30926606742742,47.68976543647842
b2b-all-825751-2-837hdv-d-5195,51240,1559,3600,-122.14219344339531,47.67660937601388
b2b-all-825757-2-838hdv-d-5196,35400,1057,3600,-122.34735161122732,47.6674946806634
b2b-all-825757-2-838hdv-d-5197,35400,1057,3600,-122.34735161122732,47.6674946806634
b2b-all-825757-2-839hdv-d-5198,47760,1057,3600,-122.34735161122732,47.6674946806634
b2b-all-826628-1-840hdv-d-5199,25200,5885,3600,-123.12917480974409,44.98433170990787
b2b-all-826629-1-841hdt-d-5200,23640,5885,3600,-123.12917480974409,44.98433170990787
b2b-all-8268048-1-842md-d-5201,52500,1977,3600,-122.29066261828598,47.34942625303319
b2b-all-8268048-1-842md-d-5202,52500,1977,3600,-122.29066261828598,47.34942625303319
b2b-all-8268048-1-842md-d-5203,52500,1977,3600,-122.29066261828598,47.34942625303319
b2b-all-8268048-1-842md-d-5204,52500,1977,3600,-122.29066261828598,47.34942625303319
b2b-all-8268048-1-842md-d-5205,52500,1977,3600,-122.29066261828598,47.34942625303319
b2b-all-827132-1-843md-d-5206,30600,1735,3600,-122.19328881329268,47.47957422547
b2b-all-827132-1-844md-d-5207,47940,1735,3600,-122.19328881329268,47.47957422547
b2b-all-827132-1-844md-d-5208,47940,1735,3600,-122.19328881329268,47.47957422547
b2b-all-8273176-2-845hdv-d-5209,35400,1547,3600,-122.20663134823,47.67304344894327
b2b-all-8273176-2-845hdv-d-5210,35400,1547,3600,-122.20663134823,47.67304344894327
b2b-all-8273254-3-846hdt-d-5211,32700,1293,3600,-122.38274846429412,47.57334445162595
b2b-all-8273258-2-847hdv-d-5212,49980,2003,3600,-122.31052752139573,47.32359336928103
b2b-all-8273397-1-848md-d-5213,33240,1154,3600,-122.35897330945627,47.65046993504638
b2b-all-8273397-1-848md-d-5214,31080,1154,3600,-122.35897330945627,47.65046993504638
b2b-all-8273397-1-848md-d-5215,23160,1154,3600,-122.35897330945627,47.65046993504638
b2b-all-8273397-1-848md-d-5216,21360,1154,3600,-122.35897330945627,47.65046993504638
b2b-all-8273397-1-848md-d-5217,34440,1154,3600,-122.35897330945627,47.65046993504638
b2b-all-8273397-1-848md-d-5218,31200,1154,3600,-122.35897330945627,47.65046993504638
b2b-all-8273397-1-848md-d-5219,31800,1154,3600,-122.35897330945627,47.65046993504638
b2b-all-8273397-1-848md-d-5220,20340,1154,3600,-122.35897330945627,47.65046993504638
b2b-all-8273397-1-848md-d-5221,31200,1154,3600,-122.35897330945627,47.65046993504638
b2b-all-8273397-1-848md-d-5222,26100,1154,3600,-122.35897330945627,47.65046993504638
b2b-all-8273397-1-848md-d-5223,20340,1154,3600,-122.35897330945627,47.65046993504638
b2b-all-8274574-3-849hdt-d-5224,17040,5885,3600,-123.12917480974409,44.98433170990787
b2b-all-8274574-3-849hdt-d-5225,26100,5885,3600,-123.12917480974409,44.98433170990787
b2b-all-8274574-3-849hdt-d-5226,23700,5885,3600,-123.12917480974409,44.98433170990787
b2b-all-8274574-3-849hdt-d-5227,17040,5885,3600,-123.12917480974409,44.98433170990787
b2b-all-8274574-3-849hdt-d-5228,24900,5885,3600,-123.12917480974409,44.98433170990787
b2b-all-8274574-3-849hdt-d-5229,18300,5885,3600,-123.12917480974409,44.98433170990787
b2b-all-8275890-1-850md-d-5230,11940,5897,3600,-123.21550111052947,44.80748760973425
b2b-all-8275890-1-850md-d-5231,10260,5897,3600,-123.21550111052947,44.80748760973425
b2b-all-8275890-1-850md-d-5232,11580,5897,3600,-123.21550111052947,44.80748760973425
b2b-all-8275890-1-850md-d-5233,18000,5897,3600,-123.21550111052947,44.80748760973425
b2b-all-8275890-1-850md-d-5234,15540,5897,3600,-123.21550111052947,44.80748760973425
b2b-all-8275890-1-850md-d-5235,15780,5897,3600,-123.21550111052947,44.80748760973425
b2b-all-8276514-1-851md-d-5236,28200,5885,3600,-123.12917480974409,44.98433170990787
b2b-all-8276514-1-851hdt-d-5237,28200,5885,3600,-123.12917480974409,44.98433170990787
b2b-all-8276514-1-851hdt-d-5238,28200,5885,3600,-123.12917480974409,44.98433170990787
b2b-all-828031-1-852hdv-d-5239,20940,5897,3600,-123.21550111052947,44.80748760973425
b2b-all-828259-1-853hdt-d-5240,27600,1517,3600,-122.27012940905009,47.74334751944728
b2b-all-829686-1-854md-d-5241,24600,1144,3600,-122.37481026463132,47.635865979246674
b2b-all-829686-1-854md-d-5242,22320,1144,3600,-122.37481026463132,47.635865979246674
b2b-all-829686-1-854md-d-5243,22320,1144,3600,-122.37481026463132,47.635865979246674
b2b-all-829686-1-854md-d-5244,22320,1144,3600,-122.37481026463132,47.635865979246674
b2b-all-829686-1-854md-d-5245,22320,1144,3600,-122.37481026463132,47.635865979246674
b2b-all-829686-1-854md-d-5246,22320,1144,3600,-122.37481026463132,47.635865979246674
b2b-all-830971-1-855md-d-5247,27720,1330,3600,-122.3804662199719,47.55479973143221
b2b-all-830972-1-856hdt-d-5248,21240,1782,3600,-122.33253005959838,47.51233987769099
b2b-all-830973-1-857md-d-5249,31020,1636,3600,-122.19404465220248,47.61093879999529
b2b-all-830973-1-857md-d-5250,25560,1636,3600,-122.19404465220248,47.61093879999529
b2b-all-830983-1-858hdt-d-5251,24060,3205,3600,-122.47266831305922,46.8934296551068
b2b-all-830983-1-858hdt-d-5252,27180,3205,3600,-122.47266831305922,46.8934296551068
b2b-all-831450-1-859hdt-d-5253,30660,5897,3600,-123.21550111052947,44.80748760973425
b2b-all-831506-1-860hdt-d-5254,25560,2056,3600,-122.29513337381796,47.28018369893059
b2b-all-831506-1-860hdt-d-5255,24840,2056,3600,-122.29513337381796,47.28018369893059
b2b-all-831506-1-860hdv-d-5256,24300,2056,3600,-122.29513337381796,47.28018369893059
b2b-all-831506-1-861hdt-d-5257,26940,2056,3600,-122.29513337381796,47.28018369893059
b2b-all-831506-1-861hdv-d-5258,26940,2056,3600,-122.29513337381796,47.28018369893059
b2b-all-831507-1-862hdt-d-5259,23700,3858,3600,-122.33460113130307,48.27659681424254
b2b-all-831928-1-863md-d-5260,45300,2209,3600,-121.96980989676962,47.466101956810654
b2b-all-831928-1-863md-d-5261,45300,2209,3600,-121.96980989676962,47.466101956810654
b2b-all-831928-3-864hdt-d-5262,56700,2209,3600,-121.96980989676962,47.466101956810654
b2b-all-831928-3-864hdt-d-5263,56700,2209,3600,-121.96980989676962,47.466101956810654
b2b-all-831928-3-865hdt-d-5264,21240,2209,3600,-121.96980989676962,47.466101956810654
b2b-all-831928-3-865hdt-d-5265,21240,2209,3600,-121.96980989676962,47.466101956810654
b2b-all-831928-3-865hdt-d-5266,21240,2209,3600,-121.96980989676962,47.466101956810654
b2b-all-831928-3-865hdt-d-5267,21240,2209,3600,-121.96980989676962,47.466101956810654
b2b-all-831928-3-865hdt-d-5268,21240,2209,3600,-121.96980989676962,47.466101956810654
b2b-all-831928-3-865hdt-d-5269,26580,2209,3600,-121.96980989676962,47.466101956810654
b2b-all-831929-1-866md-d-5270,34920,1548,3600,-122.19764321514673,47.67359119001391
b2b-all-831929-1-867md-d-5271,28380,1548,3600,-122.19764321514673,47.67359119001391
b2b-all-831929-1-867md-d-5272,32820,1548,3600,-122.19764321514673,47.67359119001391
b2b-all-831929-2-868md-d-5273,18900,1548,3600,-122.19764321514673,47.67359119001391
b2b-all-831929-2-868md-d-5274,21240,1548,3600,-122.19764321514673,47.67359119001391
b2b-all-831929-2-868md-d-5275,30420,1548,3600,-122.19764321514673,47.67359119001391
b2b-all-831929-2-868hdt-d-5276,32880,1548,3600,-122.19764321514673,47.67359119001391
b2b-all-831929-2-868hdv-d-5277,21360,1548,3600,-122.19764321514673,47.67359119001391
b2b-all-831929-2-869md-d-5278,30060,1548,3600,-122.19764321514673,47.67359119001391
b2b-all-831929-2-869hdt-d-5279,30060,1548,3600,-122.19764321514673,47.67359119001391
b2b-all-831929-2-869hdv-d-5280,30060,1548,3600,-122.19764321514673,47.67359119001391
b2b-all-831932-3-870hdv-d-0-5281,23760,2393,3600,-122.64942584286962,47.80224015484186
b2b-all-831932-3-870hdv-d-0-5282,18600,2393,3600,-122.64942584286962,47.80224015484186
b2b-all-831932-3-870hdv-d-0-5283,28560,2393,3600,-122.64942584286962,47.80224015484186
b2b-all-831932-3-870hdv-d-0-5284,21660,2393,3600,-122.64942584286962,47.80224015484186
b2b-all-831932-3-870hdv-d-1-5285,18300,2393,3600,-122.64942584286962,47.80224015484186
b2b-all-831932-3-870hdv-d-1-5286,27600,2393,3600,-122.64942584286962,47.80224015484186
b2b-all-831932-3-870hdv-d-1-5287,27660,2393,3600,-122.64942584286962,47.80224015484186
b2b-all-831932-3-870hdv-d-1-5288,24060,2393,3600,-122.64942584286962,47.80224015484186
b2b-all-831932-3-870hdv-d-2-5289,20460,2393,3600,-122.64942584286962,47.80224015484186
b2b-all-831932-3-870hdv-d-2-5290,24900,2393,3600,-122.64942584286962,47.80224015484186
b2b-all-831932-3-870hdv-d-2-5291,23160,2393,3600,-122.64942584286962,47.80224015484186
b2b-all-831932-3-870hdv-d-2-5292,18060,2393,3600,-122.64942584286962,47.80224015484186
b2b-all-8320296-1-871hdt-d-5293,49380,1601,3600,-122.12107511794748,47.59143366173912
b2b-all-835672-1-872hdt-d-5294,24600,3181,3600,-122.77190187190745,47.21656893604093
b2b-all-836944-1-873md-d-5295,35400,5883,3600,-123.05180503036196,44.98106768295292
b2b-all-836944-1-873md-d-5296,35400,5883,3600,-123.05180503036196,44.98106768295292
b2b-all-836947-2-874md-d-5297,18600,5897,3600,-123.21550111052947,44.80748760973425
b2b-all-837241-1-875md-d-5298,45120,1867,3600,-122.33168153866292,47.41633069182921
b2b-all-837241-1-876md-d-5299,27660,1867,3600,-122.33168153866292,47.41633069182921
b2b-all-837241-1-876md-d-5300,23400,1867,3600,-122.33168153866292,47.41633069182921
b2b-all-8382583-2-877md-d-5301,55800,1609,3600,-122.12337728507453,47.5878612493358
b2b-all-8382583-2-877hdv-d-5302,55800,1609,3600,-122.12337728507453,47.5878612493358
b2b-all-8382662-3-878hdt-d-5303,19020,5885,3600,-123.12917480974409,44.98433170990787
b2b-all-8382662-3-878hdt-d-5304,19080,5885,3600,-123.12917480974409,44.98433170990787
b2b-all-8382662-3-878hdt-d-5305,20940,5885,3600,-123.12917480974409,44.98433170990787
b2b-all-8383223-1-879hdv-d-5306,15240,5885,3600,-123.12917480974409,44.98433170990787
b2b-all-8383223-1-879hdv-d-5307,19020,5885,3600,-123.12917480974409,44.98433170990787
b2b-all-839133-1-880md-d-5308,18120,5882,3600,-123.14494409844396,44.98169645199568
b2b-all-839521-1-881hdv-d-5309,49800,1191,3600,-122.35153636947722,47.62014775780618
b2b-all-8395308-1-882hdv-d-5310,38580,1580,3600,-122.13059936424692,47.63396620180963
b2b-all-839609-1-883md-d-5311,26160,5885,3600,-123.12917480974409,44.98433170990787
b2b-all-839609-1-883md-d-5312,26160,5885,3600,-123.12917480974409,44.98433170990787
b2b-all-840927-1-884hdv-d-5313,30840,1155,3600,-122.32189694769886,47.64794289872143
b2b-all-841296-1-885hdt-d-5314,26760,5885,3600,-123.12917480974409,44.98433170990787
b2b-all-841301-1-886md-d-5315,21240,5885,3600,-123.12917480974409,44.98433170990787
b2b-all-841301-1-886hdv-d-5316,21240,5885,3600,-123.12917480974409,44.98433170990787
b2b-all-841303-1-887hdv-d-5317,27480,5897,3600,-123.21550111052947,44.80748760973425
b2b-all-841378-1-888md-d-5318,29760,1365,3600,-122.31920302598316,47.53116000359005
b2b-all-841378-1-889md-d-5319,46800,1365,3600,-122.31920302598316,47.53116000359005
b2b-all-841379-1-890md-d-5320,32160,1672,3600,-122.17938594578928,47.53499706661323
b2b-all-841380-1-891hdv-d-0-5321,33000,2068,3600,-122.210065521888,47.34279013473101
b2b-all-841380-1-891hdv-d-0-5322,27600,2068,3600,-122.210065521888,47.34279013473101
b2b-all-841380-1-891hdv-d-0-5323,29520,2068,3600,-122.210065521888,47.34279013473101
b2b-all-841380-1-891hdv-d-1-5324,27600,2068,3600,-122.210065521888,47.34279013473101
b2b-all-841380-1-891hdv-d-1-5325,27600,2068,3600,-122.210065521888,47.34279013473101
b2b-all-841380-1-891hdv-d-1-5326,30480,2068,3600,-122.210065521888,47.34279013473101
b2b-all-841380-1-891hdv-d-2-5327,27600,2068,3600,-122.210065521888,47.34279013473101
b2b-all-841380-1-892hdv-d-5328,46500,2068,3600,-122.210065521888,47.34279013473101
b2b-all-841381-2-893hdv-d-0-5329,38460,1351,3600,-122.2873333132173,47.54280756028548
b2b-all-841381-2-893hdv-d-0-5330,38460,1351,3600,-122.2873333132173,47.54280756028548
b2b-all-841381-2-893hdv-d-0-5331,38460,1351,3600,-122.2873333132173,47.54280756028548
b2b-all-841381-2-893hdv-d-1-5332,38460,1351,3600,-122.2873333132173,47.54280756028548
b2b-all-841381-2-893hdv-d-1-5333,38460,1351,3600,-122.2873333132173,47.54280756028548
b2b-all-841381-2-893hdv-d-1-5334,38460,1351,3600,-122.2873333132173,47.54280756028548
b2b-all-841381-2-893hdv-d-2-5335,38460,1351,3600,-122.2873333132173,47.54280756028548
b2b-all-841381-2-893hdv-d-2-5336,38460,1351,3600,-122.2873333132173,47.54280756028548
b2b-all-841381-2-893hdv-d-2-5337,38460,1351,3600,-122.2873333132173,47.54280756028548
b2b-all-841381-2-893hdv-d-3-5338,38460,1351,3600,-122.2873333132173,47.54280756028548
b2b-all-841381-2-893hdv-d-3-5339,38460,1351,3600,-122.2873333132173,47.54280756028548
b2b-all-841381-2-893hdv-d-3-5340,38460,1351,3600,-122.2873333132173,47.54280756028548
b2b-all-841381-2-893hdv-d-4-5341,38460,1351,3600,-122.2873333132173,47.54280756028548
b2b-all-841381-2-894hdv-d-5342,20520,1351,3600,-122.2873333132173,47.54280756028548
b2b-all-841383-1-895md-d-5343,28080,1445,3600,-122.35128180596004,47.73458387220988
b2b-all-841383-1-895md-d-5344,28080,1445,3600,-122.35128180596004,47.73458387220988
b2b-all-841383-2-896hdv-d-0-5345,40140,1445,3600,-122.35128180596004,47.73458387220988
b2b-all-841383-2-896hdv-d-0-5346,40140,1445,3600,-122.35128180596004,47.73458387220988
b2b-all-841383-2-896hdv-d-0-5347,40140,1445,3600,-122.35128180596004,47.73458387220988
b2b-all-841383-2-896hdv-d-1-5348,40140,1445,3600,-122.35128180596004,47.73458387220988
b2b-all-841383-2-896hdv-d-1-5349,40140,1445,3600,-122.35128180596004,47.73458387220988
b2b-all-841383-2-896hdv-d-1-5350,40140,1445,3600,-122.35128180596004,47.73458387220988
b2b-all-841383-2-896hdv-d-2-5351,40140,1445,3600,-122.35128180596004,47.73458387220988
b2b-all-841383-2-896hdv-d-2-5352,40140,1445,3600,-122.35128180596004,47.73458387220988
b2b-all-841383-2-896hdv-d-2-5353,40140,1445,3600,-122.35128180596004,47.73458387220988
b2b-all-841383-2-896hdv-d-3-5354,40140,1445,3600,-122.35128180596004,47.73458387220988
b2b-all-841384-1-897md-d-5355,23460,2282,3600,-122.14297336046576,47.773089376982526
b2b-all-841384-1-897md-d-5356,35580,2282,3600,-122.14297336046576,47.773089376982526
b2b-all-841384-1-897md-d-5357,19500,2282,3600,-122.14297336046576,47.773089376982526
b2b-all-841384-1-897hdv-d-5358,26100,2282,3600,-122.14297336046576,47.773089376982526
b2b-all-841384-1-897hdv-d-5359,23220,2282,3600,-122.14297336046576,47.773089376982526
b2b-all-841384-1-898md-d-5360,46020,2282,3600,-122.14297336046576,47.773089376982526
b2b-all-841385-1-899hdt-d-0-5361,50280,1267,3600,-122.32985623812306,47.59765334448281
b2b-all-841385-1-899hdt-d-0-5362,50280,1267,3600,-122.32985623812306,47.59765334448281
b2b-all-841385-1-899hdt-d-0-5363,50280,1267,3600,-122.32985623812306,47.59765334448281
b2b-all-841385-1-899hdt-d-1-5364,50280,1267,3600,-122.32985623812306,47.59765334448281
b2b-all-841385-1-899hdt-d-1-5365,50280,1267,3600,-122.32985623812306,47.59765334448281
b2b-all-841385-1-899hdt-d-1-5366,50280,1267,3600,-122.32985623812306,47.59765334448281
b2b-all-841385-1-899hdt-d-2-5367,50280,1267,3600,-122.32985623812306,47.59765334448281
b2b-all-841385-1-900hdt-d-5368,37020,1267,3600,-122.32985623812306,47.59765334448281
b2b-all-841385-1-900hdt-d-5369,37020,1267,3600,-122.32985623812306,47.59765334448281
b2b-all-841385-1-900hdt-d-5370,37020,1267,3600,-122.32985623812306,47.59765334448281
b2b-all-841385-1-900hdt-d-5371,37020,1267,3600,-122.32985623812306,47.59765334448281
b2b-all-841549-1-901md-d-5372,39300,1353,3600,-122.29413179778015,47.53740416390486
b2b-all-841549-1-901md-d-5373,39300,1353,3600,-122.29413179778015,47.53740416390486
b2b-all-841549-1-902md-d-5374,55200,1353,3600,-122.29413179778015,47.53740416390486
b2b-all-841549-1-902md-d-5375,55200,1353,3600,-122.29413179778015,47.53740416390486
b2b-all-841549-2-903md-d-5376,29580,1353,3600,-122.29413179778015,47.53740416390486
b2b-all-841549-2-903md-d-5377,29580,1353,3600,-122.29413179778015,47.53740416390486
b2b-all-841549-2-903hdt-d-5378,29580,1353,3600,-122.29413179778015,47.53740416390486
b2b-all-841549-2-903hdt-d-5379,29580,1353,3600,-122.29413179778015,47.53740416390486
b2b-all-841549-2-903hdv-d-5380,29580,1353,3600,-122.29413179778015,47.53740416390486
b2b-all-841549-4-904hdv-d-0-5381,35280,1353,3600,-122.29413179778015,47.53740416390486
b2b-all-841549-4-904hdv-d-0-5382,30000,1353,3600,-122.29413179778015,47.53740416390486
b2b-all-841549-4-904hdv-d-0-5383,31980,1353,3600,-122.29413179778015,47.53740416390486
b2b-all-841549-4-904hdv-d-1-5384,29460,1353,3600,-122.29413179778015,47.53740416390486
b2b-all-841549-4-904hdv-d-1-5385,27300,1353,3600,-122.29413179778015,47.53740416390486
b2b-all-841549-4-904hdv-d-1-5386,29520,1353,3600,-122.29413179778015,47.53740416390486
b2b-all-841549-4-904hdv-d-2-5387,29220,1353,3600,-122.29413179778015,47.53740416390486
b2b-all-841549-4-904hdv-d-2-5388,29940,1353,3600,-122.29413179778015,47.53740416390486
b2b-all-841549-4-904hdv-d-2-5389,24480,1353,3600,-122.29413179778015,47.53740416390486
b2b-all-841549-4-904hdv-d-3-5390,25080,1353,3600,-122.29413179778015,47.53740416390486
b2b-all-841549-4-904hdv-d-3-5391,25260,1353,3600,-122.29413179778015,47.53740416390486
b2b-all-841549-4-904hdv-d-3-5392,32700,1353,3600,-122.29413179778015,47.53740416390486
b2b-all-841549-4-904hdv-d-4-5393,23940,1353,3600,-122.29413179778015,47.53740416390486
b2b-all-841549-4-904hdv-d-4-5394,29820,1353,3600,-122.29413179778015,47.53740416390486
b2b-all-841549-4-905hdv-d-5395,39420,1353,3600,-122.29413179778015,47.53740416390486
b2b-all-841549-4-905hdv-d-5396,39420,1353,3600,-122.29413179778015,47.53740416390486
b2b-all-841549-4-905hdv-d-5397,39420,1353,3600,-122.29413179778015,47.53740416390486
b2b-all-841549-4-905hdv-d-5398,39420,1353,3600,-122.29413179778015,47.53740416390486
b2b-all-841981-1-906md-d-0-5399,56400,1344,3600,-122.37321506600011,47.54093755721114
b2b-all-841981-1-906md-d-0-5400,56400,1344,3600,-122.37321506600011,47.54093755721114
b2b-all-841981-1-906md-d-0-5401,56400,1344,3600,-122.37321506600011,47.54093755721114
b2b-all-841981-1-906md-d-1-5402,56400,1344,3600,-122.37321506600011,47.54093755721114
b2b-all-841981-1-906md-d-1-5403,56400,1344,3600,-122.37321506600011,47.54093755721114
b2b-all-841981-1-907md-d-5404,28140,1344,3600,-122.37321506600011,47.54093755721114
b2b-all-841981-1-907md-d-5405,28140,1344,3600,-122.37321506600011,47.54093755721114
b2b-all-841983-1-908hdv-d-5406,24060,1806,3600,-122.30562083320922,47.474000204631714
b2b-all-841983-1-908hdv-d-5407,26040,1806,3600,-122.30562083320922,47.474000204631714
b2b-all-841983-1-909hdv-d-5408,55200,1806,3600,-122.30562083320922,47.474000204631714
b2b-all-841983-1-909hdv-d-5409,55200,1806,3600,-122.30562083320922,47.474000204631714
b2b-all-841983-1-909hdv-d-5410,55200,1806,3600,-122.30562083320922,47.474000204631714
b2b-all-841983-1-909hdv-d-5411,55200,1806,3600,-122.30562083320922,47.474000204631714
b2b-all-841985-1-910md-d-5412,34680,1720,3600,-122.21145060632688,47.48227715590132
b2b-all-841985-1-911md-d-5413,36300,1720,3600,-122.21145060632688,47.48227715590132
b2b-all-841985-1-911md-d-5414,36300,1720,3600,-122.21145060632688,47.48227715590132
b2b-all-841985-1-911md-d-5415,36300,1720,3600,-122.21145060632688,47.48227715590132
b2b-all-841985-2-912hdv-d-2-5416,54540,1720,3600,-122.21145060632688,47.48227715590132
b2b-all-841985-2-912hdv-d-2-5417,54540,1720,3600,-122.21145060632688,47.48227715590132
b2b-all-841986-2-913md-d-5418,46680,1909,3600,-122.23436107926156,47.39791660951956
b2b-all-841986-2-913md-d-5419,46680,1909,3600,-122.23436107926156,47.39791660951956
b2b-all-841986-2-913md-d-5420,46680,1909,3600,-122.23436107926156,47.39791660951956
b2b-all-841986-2-913hdt-d-5421,46680,1909,3600,-122.23436107926156,47.39791660951956
b2b-all-841986-2-913hdv-d-5422,46680,1909,3600,-122.23436107926156,47.39791660951956
b2b-all-841986-3-914hdv-d-0-5423,34980,1909,3600,-122.23436107926156,47.39791660951956
b2b-all-841986-3-914hdv-d-0-5424,33780,1909,3600,-122.23436107926156,47.39791660951956
b2b-all-841986-3-914hdv-d-0-5425,28320,1909,3600,-122.23436107926156,47.39791660951956
b2b-all-841986-3-914hdv-d-0-5426,27960,1909,3600,-122.23436107926156,47.39791660951956
b2b-all-841986-3-914hdv-d-1-5427,35520,1909,3600,-122.23436107926156,47.39791660951956
b2b-all-841986-3-914hdv-d-1-5428,23640,1909,3600,-122.23436107926156,47.39791660951956
b2b-all-841986-3-914hdv-d-1-5429,23640,1909,3600,-122.23436107926156,47.39791660951956
b2b-all-841986-3-914hdv-d-2-5430,28440,1909,3600,-122.23436107926156,47.39791660951956
b2b-all-841986-3-914hdv-d-2-5431,23640,1909,3600,-122.23436107926156,47.39791660951956
b2b-all-841986-3-914hdv-d-2-5432,29220,1909,3600,-122.23436107926156,47.39791660951956
b2b-all-841986-3-914hdv-d-3-5433,24420,1909,3600,-122.23436107926156,47.39791660951956
b2b-all-841986-3-914hdv-d-3-5434,28920,1909,3600,-122.23436107926156,47.39791660951956
b2b-all-841986-3-914hdv-d-3-5435,31620,1909,3600,-122.23436107926156,47.39791660951956
b2b-all-841986-3-914hdv-d-4-5436,29820,1909,3600,-122.23436107926156,47.39791660951956
b2b-all-841986-3-914hdv-d-4-5437,30240,1909,3600,-122.23436107926156,47.39791660951956
b2b-all-841986-3-914hdv-d-4-5438,32400,1909,3600,-122.23436107926156,47.39791660951956
b2b-all-841986-3-914hdv-d-5-5439,27480,1909,3600,-122.23436107926156,47.39791660951956
b2b-all-841986-3-914hdv-d-5-5440,31140,1909,3600,-122.23436107926156,47.39791660951956
b2b-all-841986-3-914hdv-d-5-5441,25440,1909,3600,-122.23436107926156,47.39791660951956
b2b-all-841986-3-914hdv-d-6-5442,29460,1909,3600,-122.23436107926156,47.39791660951956
b2b-all-841986-3-914hdv-d-6-5443,33660,1909,3600,-122.23436107926156,47.39791660951956
b2b-all-841986-3-914hdv-d-6-5444,30360,1909,3600,-122.23436107926156,47.39791660951956
b2b-all-841986-3-914hdv-d-6-5445,27480,1909,3600,-122.23436107926156,47.39791660951956
b2b-all-841986-3-914hdv-d-7-5446,27660,1909,3600,-122.23436107926156,47.39791660951956
b2b-all-841986-3-914hdv-d-7-5447,26820,1909,3600,-122.23436107926156,47.39791660951956
b2b-all-841986-3-914hdv-d-7-5448,31980,1909,3600,-122.23436107926156,47.39791660951956
b2b-all-841986-3-914hdv-d-7-5449,24420,1909,3600,-122.23436107926156,47.39791660951956
b2b-all-841986-3-914hdv-d-8-5450,31140,1909,3600,-122.23436107926156,47.39791660951956
b2b-all-841986-3-914hdv-d-8-5451,23640,1909,3600,-122.23436107926156,47.39791660951956
b2b-all-841986-3-914hdv-d-8-5452,25500,1909,3600,-122.23436107926156,47.39791660951956
b2b-all-841986-3-914hdv-d-9-5453,27540,1909,3600,-122.23436107926156,47.39791660951956
b2b-all-841986-3-914hdv-d-9-5454,23640,1909,3600,-122.23436107926156,47.39791660951956
b2b-all-841986-3-914hdv-d-9-5455,25140,1909,3600,-122.23436107926156,47.39791660951956
b2b-all-841986-3-914hdv-d-10-5456,23640,1909,3600,-122.23436107926156,47.39791660951956
b2b-all-841986-3-914hdv-d-10-5457,25620,1909,3600,-122.23436107926156,47.39791660951956
b2b-all-841986-3-914hdv-d-10-5458,29040,1909,3600,-122.23436107926156,47.39791660951956
b2b-all-841986-3-914hdv-d-11-5459,27900,1909,3600,-122.23436107926156,47.39791660951956
b2b-all-841986-3-914hdv-d-11-5460,29460,1909,3600,-122.23436107926156,47.39791660951956
b2b-all-841986-3-914hdv-d-11-5461,28200,1909,3600,-122.23436107926156,47.39791660951956
b2b-all-841986-3-914hdv-d-11-5462,23640,1909,3600,-122.23436107926156,47.39791660951956
b2b-all-841986-3-914hdv-d-12-5463,29100,1909,3600,-122.23436107926156,47.39791660951956
b2b-all-841986-3-914hdv-d-12-5464,34500,1909,3600,-122.23436107926156,47.39791660951956
b2b-all-841986-3-914hdv-d-12-5465,23640,1909,3600,-122.23436107926156,47.39791660951956
b2b-all-841986-3-915hdv-d-5466,23280,1909,3600,-122.23436107926156,47.39791660951956
b2b-all-841986-3-915hdv-d-5467,23280,1909,3600,-122.23436107926156,47.39791660951956
b2b-all-841986-3-915hdv-d-5468,23280,1909,3600,-122.23436107926156,47.39791660951956
b2b-all-841986-3-915hdv-d-5469,23280,1909,3600,-122.23436107926156,47.39791660951956
b2b-all-841986-3-915hdv-d-5470,23280,1909,3600,-122.23436107926156,47.39791660951956
b2b-all-841986-3-915hdv-d-5471,25440,1909,3600,-122.23436107926156,47.39791660951956
b2b-all-841986-3-915hdv-d-5472,26940,1909,3600,-122.23436107926156,47.39791660951956
b2b-all-842237-1-916md-d-5473,41820,2051,3600,-122.3167741378222,47.30136863380416
b2b-all-842237-1-916md-d-5474,41820,2051,3600,-122.3167741378222,47.30136863380416
b2b-all-842237-1-916hdv-d-5475,41820,2051,3600,-122.3167741378222,47.30136863380416
b2b-all-842237-1-917hdv-d-5476,21720,2051,3600,-122.3167741378222,47.30136863380416
b2b-all-842237-2-918hdv-d-0-5477,55800,2051,3600,-122.3167741378222,47.30136863380416
b2b-all-842237-2-918hdv-d-0-5478,55800,2051,3600,-122.3167741378222,47.30136863380416
b2b-all-842237-2-918hdv-d-0-5479,55800,2051,3600,-122.3167741378222,47.30136863380416
b2b-all-842237-2-918hdv-d-1-5480,55800,2051,3600,-122.3167741378222,47.30136863380416
b2b-all-842237-2-918hdv-d-1-5481,55800,2051,3600,-122.3167741378222,47.30136863380416
b2b-all-842237-2-918hdv-d-1-5482,55800,2051,3600,-122.3167741378222,47.30136863380416
b2b-all-842237-2-918hdv-d-2-5483,55800,2051,3600,-122.3167741378222,47.30136863380416
b2b-all-842237-2-918hdv-d-2-5484,55800,2051,3600,-122.3167741378222,47.30136863380416
b2b-all-842237-2-918hdv-d-2-5485,55800,2051,3600,-122.3167741378222,47.30136863380416
b2b-all-842237-2-918hdv-d-3-5486,55800,2051,3600,-122.3167741378222,47.30136863380416
b2b-all-842237-2-919hdv-d-5487,26460,2051,3600,-122.3167741378222,47.30136863380416
b2b-all-842240-1-920hdv-d-5488,46800,1900,3600,-122.24124127164173,47.382195730121005
b2b-all-842642-1-921hdv-d-5489,57000,1329,3600,-122.37717921670794,47.55867586216343
b2b-all-843442-2-922md-d-5490,34800,2231,3600,-121.94585026358438,47.53355984040935
b2b-all-843442-2-922md-d-5491,34800,2231,3600,-121.94585026358438,47.53355984040935
b2b-all-843442-2-922hdt-d-5492,34800,2231,3600,-121.94585026358438,47.53355984040935
b2b-all-843442-2-922hdt-d-5493,34800,2231,3600,-121.94585026358438,47.53355984040935
b2b-all-843442-2-922hdt-d-5494,34800,2231,3600,-121.94585026358438,47.53355984040935
b2b-all-843442-2-922hdv-d-5495,34800,2231,3600,-121.94585026358438,47.53355984040935
b2b-all-843442-2-923md-d-5496,49560,2231,3600,-121.94585026358438,47.53355984040935
b2b-all-843443-1-924md-d-0-5497,55200,1497,3600,-122.17734844871876,47.750861604896265
b2b-all-843443-1-924md-d-0-5498,55200,1497,3600,-122.17734844871876,47.750861604896265
b2b-all-843443-1-924md-d-0-5499,55200,1497,3600,-122.17734844871876,47.750861604896265
b2b-all-843443-1-924md-d-0-5500,55200,1497,3600,-122.17734844871876,47.750861604896265
b2b-all-843443-1-924md-d-0-5501,55200,1497,3600,-122.17734844871876,47.750861604896265
b2b-all-843443-1-924md-d-1-5502,55200,1497,3600,-122.17734844871876,47.750861604896265
b2b-all-843443-1-924hdt-d-5503,55200,1497,3600,-122.17734844871876,47.750861604896265
b2b-all-843443-1-924hdv-d-0-5504,55200,1497,3600,-122.17734844871876,47.750861604896265
b2b-all-843443-1-924hdv-d-0-5505,55200,1497,3600,-122.17734844871876,47.750861604896265
b2b-all-843443-1-924hdv-d-0-5506,55200,1497,3600,-122.17734844871876,47.750861604896265
b2b-all-843443-1-924hdv-d-0-5507,55200,1497,3600,-122.17734844871876,47.750861604896265
b2b-all-843443-1-924hdv-d-0-5508,55200,1497,3600,-122.17734844871876,47.750861604896265
b2b-all-843443-1-924hdv-d-1-5509,55200,1497,3600,-122.17734844871876,47.750861604896265
b2b-all-843443-1-925md-d-5510,25140,1497,3600,-122.17734844871876,47.750861604896265
b2b-all-843443-1-925md-d-5511,20520,1497,3600,-122.17734844871876,47.750861604896265
b2b-all-843443-1-925hdv-d-5512,17160,1497,3600,-122.17734844871876,47.750861604896265
b2b-all-843443-1-925hdv-d-5513,27960,1497,3600,-122.17734844871876,47.750861604896265
b2b-all-843646-1-926md-d-5514,45600,1376,3600,-122.35769194182458,47.51763975612284
b2b-all-843646-1-926md-d-5515,45600,1376,3600,-122.35769194182458,47.51763975612284
b2b-all-843646-1-926md-d-5516,45600,1376,3600,-122.35769194182458,47.51763975612284
b2b-all-843646-1-926md-d-5517,45600,1376,3600,-122.35769194182458,47.51763975612284
b2b-all-843646-1-926hdt-d-5518,45600,1376,3600,-122.35769194182458,47.51763975612284
b2b-all-843646-1-926hdt-d-5519,45600,1376,3600,-122.35769194182458,47.51763975612284
b2b-all-843647-1-927hdv-d-5520,55860,1168,3600,-122.30430755952072,47.63020899380509
b2b-all-843647-1-927hdv-d-5521,55860,1168,3600,-122.30430755952072,47.63020899380509
b2b-all-844118-2-928hdt-d-0-5522,31260,1428,3600,-122.30689415270292,47.75838030404053
b2b-all-844118-2-928hdt-d-0-5523,26400,1428,3600,-122.30689415270292,47.75838030404053
b2b-all-844118-2-928hdt-d-0-5524,29940,1428,3600,-122.30689415270292,47.75838030404053
b2b-all-844118-2-928hdt-d-1-5525,27420,1428,3600,-122.30689415270292,47.75838030404053
b2b-all-844118-2-928hdt-d-1-5526,30480,1428,3600,-122.30689415270292,47.75838030404053
b2b-all-844118-2-928hdt-d-1-5527,21840,1428,3600,-122.30689415270292,47.75838030404053
b2b-all-844118-2-928hdt-d-2-5528,22140,1428,3600,-122.30689415270292,47.75838030404053
b2b-all-844118-2-929hdt-d-5529,57300,1428,3600,-122.30689415270292,47.75838030404053
b2b-all-844118-2-929hdt-d-5530,57300,1428,3600,-122.30689415270292,47.75838030404053
b2b-all-844118-2-929hdt-d-5531,57300,1428,3600,-122.30689415270292,47.75838030404053
b2b-all-844118-2-929hdt-d-5532,57300,1428,3600,-122.30689415270292,47.75838030404053
b2b-all-844753-1-930md-d-0-5533,37140,1832,3600,-122.33427437572,47.4645799956753
b2b-all-844753-1-930md-d-0-5534,37140,1832,3600,-122.33427437572,47.4645799956753
b2b-all-844753-1-930md-d-0-5535,37140,1832,3600,-122.33427437572,47.4645799956753
b2b-all-844753-1-930md-d-0-5536,37140,1832,3600,-122.33427437572,47.4645799956753
b2b-all-844753-1-930md-d-0-5537,37140,1832,3600,-122.33427437572,47.4645799956753
b2b-all-844753-1-930md-d-1-5538,37140,1832,3600,-122.33427437572,47.4645799956753
b2b-all-844753-1-930md-d-1-5539,37140,1832,3600,-122.33427437572,47.4645799956753
b2b-all-844753-1-930md-d-1-5540,37140,1832,3600,-122.33427437572,47.4645799956753
b2b-all-844753-1-930hdt-d-5541,37140,1832,3600,-122.33427437572,47.4645799956753
b2b-all-844753-1-930hdt-d-5542,37140,1832,3600,-122.33427437572,47.4645799956753
b2b-all-844753-1-930hdt-d-5543,37140,1832,3600,-122.33427437572,47.4645799956753
b2b-all-844753-1-930hdt-d-5544,37140,1832,3600,-122.33427437572,47.4645799956753
b2b-all-844753-2-931hdv-d-0-5545,29940,1832,3600,-122.33427437572,47.4645799956753
b2b-all-844753-2-931hdv-d-0-5546,27360,1832,3600,-122.33427437572,47.4645799956753
b2b-all-844753-2-931hdv-d-0-5547,29340,1832,3600,-122.33427437572,47.4645799956753
b2b-all-844753-2-931hdv-d-1-5548,26100,1832,3600,-122.33427437572,47.4645799956753
b2b-all-844753-2-931hdv-d-1-5549,23640,1832,3600,-122.33427437572,47.4645799956753
b2b-all-844753-2-931hdv-d-1-5550,24240,1832,3600,-122.33427437572,47.4645799956753
b2b-all-844753-2-931hdv-d-2-5551,34260,1832,3600,-122.33427437572,47.4645799956753
b2b-all-844753-2-931hdv-d-2-5552,26040,1832,3600,-122.33427437572,47.4645799956753
b2b-all-844753-2-932hdv-d-5553,51600,1832,3600,-122.33427437572,47.4645799956753
b2b-all-844753-2-932hdv-d-5554,51600,1832,3600,-122.33427437572,47.4645799956753
b2b-all-844754-1-933md-d-5555,26220,2092,3600,-122.2172288339044,47.26717726501118
b2b-all-844754-1-933md-d-5556,26220,2092,3600,-122.2172288339044,47.26717726501118
b2b-all-844754-2-934hdt-d-0-5557,23880,2092,3600,-122.2172288339044,47.26717726501118
b2b-all-844754-2-934hdt-d-0-5558,28980,2092,3600,-122.2172288339044,47.26717726501118
b2b-all-844754-2-934hdt-d-0-5559,31260,2092,3600,-122.2172288339044,47.26717726501118
b2b-all-844754-2-934hdt-d-1-5560,22440,2092,3600,-122.2172288339044,47.26717726501118
b2b-all-844754-2-934hdt-d-1-5561,21300,2092,3600,-122.2172288339044,47.26717726501118
b2b-all-844754-2-934hdt-d-1-5562,27000,2092,3600,-122.2172288339044,47.26717726501118
b2b-all-844754-2-934hdt-d-2-5563,21780,2092,3600,-122.2172288339044,47.26717726501118
b2b-all-844754-2-934hdt-d-2-5564,24300,2092,3600,-122.2172288339044,47.26717726501118
b2b-all-844754-2-934hdt-d-2-5565,27840,2092,3600,-122.2172288339044,47.26717726501118
b2b-all-844754-2-934hdt-d-3-5566,21060,2092,3600,-122.2172288339044,47.26717726501118
b2b-all-844754-2-934hdt-d-3-5567,30240,2092,3600,-122.2172288339044,47.26717726501118
b2b-all-844754-2-934hdt-d-3-5568,27420,2092,3600,-122.2172288339044,47.26717726501118
b2b-all-844754-2-934hdt-d-3-5569,21060,2092,3600,-122.2172288339044,47.26717726501118
b2b-all-844754-2-934hdt-d-4-5570,31980,2092,3600,-122.2172288339044,47.26717726501118
b2b-all-844754-2-934hdt-d-4-5571,29520,2092,3600,-122.2172288339044,47.26717726501118
b2b-all-844754-2-934hdt-d-4-5572,25920,2092,3600,-122.2172288339044,47.26717726501118
b2b-all-844754-2-934hdt-d-4-5573,21240,2092,3600,-122.2172288339044,47.26717726501118
b2b-all-844754-2-934hdt-d-5-5574,21060,2092,3600,-122.2172288339044,47.26717726501118
b2b-all-844754-2-934hdt-d-5-5575,26820,2092,3600,-122.2172288339044,47.26717726501118
b2b-all-844754-2-934hdt-d-5-5576,26160,2092,3600,-122.2172288339044,47.26717726501118
b2b-all-844754-2-934hdt-d-6-5577,31680,2092,3600,-122.2172288339044,47.26717726501118
b2b-all-844754-2-934hdt-d-6-5578,21060,2092,3600,-122.2172288339044,47.26717726501118
b2b-all-844754-2-934hdt-d-6-5579,21120,2092,3600,-122.2172288339044,47.26717726501118
b2b-all-845164-1-935hdt-d-0-5580,49440,1340,3600,-122.36844474150442,47.55020965829
b2b-all-845164-1-935hdt-d-0-5581,49440,1340,3600,-122.36844474150442,47.55020965829
b2b-all-845164-1-935hdt-d-0-5582,49440,1340,3600,-122.36844474150442,47.55020965829
b2b-all-845164-1-935hdt-d-1-5583,49440,1340,3600,-122.36844474150442,47.55020965829
b2b-all-845164-1-935hdt-d-1-5584,49440,1340,3600,-122.36844474150442,47.55020965829
b2b-all-845164-1-936hdt-d-5585,57120,1340,3600,-122.36844474150442,47.55020965829
b2b-all-845164-1-936hdt-d-5586,57120,1340,3600,-122.36844474150442,47.55020965829
b2b-all-845164-1-936hdt-d-5587,57120,1340,3600,-122.36844474150442,47.55020965829
b2b-all-845166-1-937hdv-d-0-5588,32880,1989,3600,-122.31464162325652,47.34429552056746
b2b-all-845166-1-937hdv-d-0-5589,27960,1989,3600,-122.31464162325652,47.34429552056746
b2b-all-845166-1-937hdv-d-0-5590,27960,1989,3600,-122.31464162325652,47.34429552056746
b2b-all-845166-1-937hdv-d-1-5591,30780,1989,3600,-122.31464162325652,47.34429552056746
b2b-all-845166-1-937hdv-d-1-5592,27960,1989,3600,-122.31464162325652,47.34429552056746
b2b-all-845166-1-938hdv-d-5593,34320,1989,3600,-122.31464162325652,47.34429552056746
b2b-all-845166-1-938hdv-d-5594,34320,1989,3600,-122.31464162325652,47.34429552056746
b2b-all-845170-1-939hdv-d-0-5595,28920,1402,3600,-122.37626160448556,47.51337654926101
b2b-all-845170-1-939hdv-d-0-5596,28920,1402,3600,-122.37626160448556,47.51337654926101
b2b-all-845170-1-939hdv-d-0-5597,31800,1402,3600,-122.37626160448556,47.51337654926101
b2b-all-845170-1-939hdv-d-1-5598,28920,1402,3600,-122.37626160448556,47.51337654926101
b2b-all-845170-1-940hdv-d-5599,23700,1402,3600,-122.37626160448556,47.51337654926101
b2b-all-845614-1-941md-d-0-5600,45420,1779,3600,-122.31208363278238,47.5145133016139
b2b-all-845614-1-941md-d-0-5601,45420,1779,3600,-122.31208363278238,47.5145133016139
b2b-all-845614-1-941md-d-0-5602,45420,1779,3600,-122.31208363278238,47.5145133016139
b2b-all-845614-1-941md-d-1-5603,45420,1779,3600,-122.31208363278238,47.5145133016139
b2b-all-845614-1-942md-d-5604,35400,1779,3600,-122.31208363278238,47.5145133016139
b2b-all-845614-1-942md-d-5605,35400,1779,3600,-122.31208363278238,47.5145133016139
b2b-all-845615-1-943hdt-d-0-5606,22860,3191,3600,-122.48240942711132,47.05796598200305
b2b-all-845615-1-943hdt-d-0-5607,29220,3191,3600,-122.48240942711132,47.05796598200305
b2b-all-845615-1-943hdt-d-0-5608,31680,3191,3600,-122.48240942711132,47.05796598200305
b2b-all-845615-1-943hdt-d-1-5609,20820,3191,3600,-122.48240942711132,47.05796598200305
b2b-all-846260-1-944md-d-0-5610,49200,1968,3600,-122.24426592980872,47.37682226000364
b2b-all-846260-1-944md-d-0-5611,49200,1968,3600,-122.24426592980872,47.37682226000364
b2b-all-846260-1-944md-d-0-5612,49200,1968,3600,-122.24426592980872,47.37682226000364
b2b-all-846260-1-944md-d-1-5613,49200,1968,3600,-122.24426592980872,47.37682226000364
b2b-all-846260-1-944md-d-1-5614,49200,1968,3600,-122.24426592980872,47.37682226000364
b2b-all-846260-1-944md-d-1-5615,49200,1968,3600,-122.24426592980872,47.37682226000364
b2b-all-846260-1-944md-d-2-5616,49200,1968,3600,-122.24426592980872,47.37682226000364
b2b-all-846260-1-944md-d-2-5617,49200,1968,3600,-122.24426592980872,47.37682226000364
b2b-all-846260-1-944md-d-2-5618,49200,1968,3600,-122.24426592980872,47.37682226000364
b2b-all-846260-1-944md-d-3-5619,49200,1968,3600,-122.24426592980872,47.37682226000364
b2b-all-846260-1-945md-d-5620,46080,1968,3600,-122.24426592980872,47.37682226000364
b2b-all-846260-1-945md-d-5621,46080,1968,3600,-122.24426592980872,47.37682226000364
b2b-all-847141-1-946md-d-5622,29340,2209,3600,-121.97692397920537,47.44031270042217
b2b-all-847141-1-947md-d-5623,45480,2209,3600,-121.97692397920537,47.44031270042217
b2b-all-847141-1-947md-d-5624,45480,2209,3600,-121.97692397920537,47.44031270042217
b2b-all-847142-1-948md-d-5625,40260,1219,3600,-122.29157583197296,47.6125746659593
b2b-all-847142-1-949md-d-5626,52140,1219,3600,-122.29157583197296,47.6125746659593
b2b-all-847142-1-949md-d-5627,52140,1219,3600,-122.29157583197296,47.6125746659593
b2b-all-847241-1-950md-d-5628,46800,2051,3600,-122.31771945645396,47.31156702319503
b2b-all-847241-1-951md-d-5629,20700,2051,3600,-122.31771945645396,47.31156702319503
b2b-all-847241-1-951md-d-5630,24300,2051,3600,-122.31771945645396,47.31156702319503
b2b-all-847241-1-951md-d-5631,12840,2051,3600,-122.31771945645396,47.31156702319503
b2b-all-847241-1-951md-d-5632,13800,2051,3600,-122.31771945645396,47.31156702319503
b2b-all-847828-1-952hdt-d-5633,21540,2284,3600,-122.15470181355606,47.76386927216312
b2b-all-847828-1-953hdt-d-5634,49200,2284,3600,-122.15470181355606,47.76386927216312
b2b-all-848169-1-954hdv-d-5635,22200,5885,3600,-123.12917480974409,44.98433170990787
b2b-all-848174-1-955md-d-5636,16800,5885,3600,-123.12917480974409,44.98433170990787
b2b-all-848224-1-956md-d-5637,46800,2092,3600,-122.2216361750704,47.27038288195355
b2b-all-848225-1-957md-d-5638,26880,1718,3600,-122.20418684786448,47.48388716128576
b2b-all-848225-1-957md-d-5639,22080,1718,3600,-122.20418684786448,47.48388716128576
b2b-all-848225-1-957md-d-5640,30780,1718,3600,-122.20418684786448,47.48388716128576
b2b-all-848493-2-958hdv-d-5641,30660,5885,3600,-123.12917480974409,44.98433170990787
b2b-all-848531-1-959hdt-d-5642,46800,2277,3600,-122.04482622886442,47.62723985066442
b2b-all-848533-2-960md-d-0-5643,38640,1298,3600,-122.36217662097656,47.56779290787901
b2b-all-848533-2-960md-d-0-5644,38640,1298,3600,-122.36217662097656,47.56779290787901
b2b-all-848533-2-960md-d-0-5645,38640,1298,3600,-122.36217662097656,47.56779290787901
b2b-all-848533-2-960md-d-0-5646,38640,1298,3600,-122.36217662097656,47.56779290787901
b2b-all-848533-2-960md-d-0-5647,38640,1298,3600,-122.36217662097656,47.56779290787901
b2b-all-848533-2-960md-d-1-5648,38640,1298,3600,-122.36217662097656,47.56779290787901
b2b-all-848533-2-960md-d-1-5649,38640,1298,3600,-122.36217662097656,47.56779290787901
b2b-all-848533-2-960md-d-1-5650,38640,1298,3600,-122.36217662097656,47.56779290787901
b2b-all-848533-2-960md-d-1-5651,38640,1298,3600,-122.36217662097656,47.56779290787901
b2b-all-848533-2-960md-d-1-5652,38640,1298,3600,-122.36217662097656,47.56779290787901
b2b-all-848533-2-960md-d-2-5653,38640,1298,3600,-122.36217662097656,47.56779290787901
b2b-all-848533-2-960md-d-2-5654,38640,1298,3600,-122.36217662097656,47.56779290787901
b2b-all-848533-2-960md-d-2-5655,38640,1298,3600,-122.36217662097656,47.56779290787901
b2b-all-848533-2-960md-d-2-5656,38640,1298,3600,-122.36217662097656,47.56779290787901
b2b-all-848533-2-960md-d-2-5657,38640,1298,3600,-122.36217662097656,47.56779290787901
b2b-all-848533-2-960md-d-3-5658,38640,1298,3600,-122.36217662097656,47.56779290787901
b2b-all-848533-2-960md-d-3-5659,38640,1298,3600,-122.36217662097656,47.56779290787901
b2b-all-848533-2-960md-d-3-5660,38640,1298,3600,-122.36217662097656,47.56779290787901
b2b-all-848533-2-960md-d-3-5661,38640,1298,3600,-122.36217662097656,47.56779290787901
b2b-all-848533-2-960md-d-3-5662,38640,1298,3600,-122.36217662097656,47.56779290787901
b2b-all-848533-2-960md-d-4-5663,38640,1298,3600,-122.36217662097656,47.56779290787901
b2b-all-848533-2-960md-d-4-5664,38640,1298,3600,-122.36217662097656,47.56779290787901
b2b-all-848533-2-960md-d-4-5665,38640,1298,3600,-122.36217662097656,47.56779290787901
b2b-all-848533-2-960md-d-4-5666,38640,1298,3600,-122.36217662097656,47.56779290787901
b2b-all-848533-2-960md-d-4-5667,38640,1298,3600,-122.36217662097656,47.56779290787901
b2b-all-848533-2-960md-d-5-5668,38640,1298,3600,-122.36217662097656,47.56779290787901
b2b-all-848533-2-960md-d-5-5669,38640,1298,3600,-122.36217662097656,47.56779290787901
b2b-all-848533-2-960md-d-5-5670,38640,1298,3600,-122.36217662097656,47.56779290787901
b2b-all-848533-2-960hdt-d-0-5671,38640,1298,3600,-122.36217662097656,47.56779290787901
b2b-all-848533-2-960hdt-d-0-5672,38640,1298,3600,-122.36217662097656,47.56779290787901
b2b-all-848533-2-960hdt-d-0-5673,38640,1298,3600,-122.36217662097656,47.56779290787901
b2b-all-848533-2-960hdt-d-0-5674,38640,1298,3600,-122.36217662097656,47.56779290787901
b2b-all-848533-2-960hdt-d-0-5675,38640,1298,3600,-122.36217662097656,47.56779290787901
b2b-all-848533-2-960hdt-d-1-5676,38640,1298,3600,-122.36217662097656,47.56779290787901
b2b-all-848533-2-960hdt-d-1-5677,38640,1298,3600,-122.36217662097656,47.56779290787901
b2b-all-848533-2-960hdt-d-1-5678,38640,1298,3600,-122.36217662097656,47.56779290787901
b2b-all-848533-2-960hdt-d-1-5679,38640,1298,3600,-122.36217662097656,47.56779290787901
b2b-all-848533-2-960hdt-d-1-5680,38640,1298,3600,-122.36217662097656,47.56779290787901
b2b-all-848533-2-960hdv-d-0-5681,38640,1298,3600,-122.36217662097656,47.56779290787901
b2b-all-848533-2-960hdv-d-0-5682,38640,1298,3600,-122.36217662097656,47.56779290787901
b2b-all-848533-2-960hdv-d-0-5683,38640,1298,3600,-122.36217662097656,47.56779290787901
b2b-all-848533-2-960hdv-d-0-5684,38640,1298,3600,-122.36217662097656,47.56779290787901
b2b-all-848533-2-960hdv-d-0-5685,38640,1298,3600,-122.36217662097656,47.56779290787901
b2b-all-848533-2-960hdv-d-1-5686,38640,1298,3600,-122.36217662097656,47.56779290787901
b2b-all-848533-2-960hdv-d-1-5687,38640,1298,3600,-122.36217662097656,47.56779290787901
b2b-all-848533-2-960hdv-d-1-5688,38640,1298,3600,-122.36217662097656,47.56779290787901
b2b-all-848533-2-960hdv-d-1-5689,38640,1298,3600,-122.36217662097656,47.56779290787901
b2b-all-848533-2-960hdv-d-1-5690,38640,1298,3600,-122.36217662097656,47.56779290787901
b2b-all-848533-2-960hdv-d-2-5691,38640,1298,3600,-122.36217662097656,47.56779290787901
b2b-all-848533-2-961md-d-5692,26040,1298,3600,-122.36217662097656,47.56779290787901
b2b-all-848533-2-961md-d-5693,26040,1298,3600,-122.36217662097656,47.56779290787901
b2b-all-848533-2-961md-d-5694,26040,1298,3600,-122.36217662097656,47.56779290787901
b2b-all-848533-2-961md-d-5695,26040,1298,3600,-122.36217662097656,47.56779290787901
b2b-all-848533-2-961hdt-d-5696,26040,1298,3600,-122.36217662097656,47.56779290787901
b2b-all-848533-2-961hdt-d-5697,26040,1298,3600,-122.36217662097656,47.56779290787901
b2b-all-848533-2-961hdt-d-5698,28620,1298,3600,-122.36217662097656,47.56779290787901
b2b-all-848533-2-961hdt-d-5699,26040,1298,3600,-122.36217662097656,47.56779290787901
b2b-all-848533-2-961hdt-d-5700,30420,1298,3600,-122.36217662097656,47.56779290787901
b2b-all-848533-2-961hdv-d-5701,26040,1298,3600,-122.36217662097656,47.56779290787901
b2b-all-848533-2-961hdv-d-5702,26040,1298,3600,-122.36217662097656,47.56779290787901
b2b-all-848533-2-961hdv-d-5703,26040,1298,3600,-122.36217662097656,47.56779290787901
b2b-all-848534-1-962md-d-0-5704,23880,1024,3600,-122.34848524981278,47.6851623015699
b2b-all-848534-1-962md-d-0-5705,27600,1024,3600,-122.34848524981278,47.6851623015699
b2b-all-848534-1-962md-d-0-5706,26700,1024,3600,-122.34848524981278,47.6851623015699
b2b-all-848534-1-962md-d-1-5707,23460,1024,3600,-122.34848524981278,47.6851623015699
b2b-all-848535-1-963md-d-5708,37800,1823,3600,-122.50951960103464,47.42177958392344
b2b-all-848535-1-964md-d-5709,32460,1823,3600,-122.50951960103464,47.42177958392344
b2b-all-848795-1-965hdv-d-5710,26220,3184,3600,-122.66808420396303,47.10635009599398
b2b-all-848964-1-966hdt-d-5711,45060,959,3600,-122.29659968615536,47.718985405157085
b2b-all-849050-1-967hdt-d-5712,42600,5885,3600,-123.12917480974409,44.98433170990787
b2b-all-849050-1-967hdt-d-5713,42600,5885,3600,-123.12917480974409,44.98433170990787
b2b-all-849050-1-967hdt-d-5714,42600,5885,3600,-123.12917480974409,44.98433170990787
b2b-all-849050-1-967hdt-d-5715,42600,5885,3600,-123.12917480974409,44.98433170990787
b2b-all-849069-1-968hdv-d-5716,54600,1102,3600,-122.35019640701113,47.650896727149366
b2b-all-849275-1-969md-d-5717,32220,2184,3600,-122.02277354686808,47.38958241885353
b2b-all-849275-1-969md-d-5718,32220,2184,3600,-122.02277354686808,47.38958241885353
b2b-all-849275-2-970hdt-d-0-5719,55800,2184,3600,-122.02277354686808,47.38958241885353
b2b-all-849275-2-970hdt-d-0-5720,55800,2184,3600,-122.02277354686808,47.38958241885353
b2b-all-849275-2-970hdt-d-0-5721,55800,2184,3600,-122.02277354686808,47.38958241885353
b2b-all-849275-2-970hdt-d-1-5722,55800,2184,3600,-122.02277354686808,47.38958241885353
b2b-all-849275-2-970hdt-d-1-5723,55800,2184,3600,-122.02277354686808,47.38958241885353
b2b-all-849275-2-970hdt-d-1-5724,55800,2184,3600,-122.02277354686808,47.38958241885353
b2b-all-849275-2-970hdt-d-2-5725,55800,2184,3600,-122.02277354686808,47.38958241885353
b2b-all-849275-2-970hdt-d-2-5726,55800,2184,3600,-122.02277354686808,47.38958241885353
b2b-all-849470-1-972hdv-d-5727,21720,5883,3600,-123.05180503036196,44.98106768295292
b2b-all-849523-1-973hdt-d-0-5728,41340,1528,3600,-122.22108144693073,47.72776637393234
b2b-all-849523-1-973hdt-d-0-5729,41340,1528,3600,-122.22108144693073,47.72776637393234
b2b-all-849523-1-973hdt-d-0-5730,41340,1528,3600,-122.22108144693073,47.72776637393234
b2b-all-849523-1-973hdt-d-1-5731,41340,1528,3600,-122.22108144693073,47.72776637393234
b2b-all-849523-1-973hdt-d-1-5732,41340,1528,3600,-122.22108144693073,47.72776637393234
b2b-all-849523-1-973hdt-d-1-5733,41340,1528,3600,-122.22108144693073,47.72776637393234
b2b-all-849523-1-973hdt-d-2-5734,41340,1528,3600,-122.22108144693073,47.72776637393234
b2b-all-849523-1-974hdt-d-5735,27780,1528,3600,-122.22108144693073,47.72776637393234
b2b-all-849523-1-974hdt-d-5736,27780,1528,3600,-122.22108144693073,47.72776637393234
b2b-all-849523-1-974hdt-d-5737,27780,1528,3600,-122.22108144693073,47.72776637393234
b2b-all-849523-1-974hdt-d-5738,27780,1528,3600,-122.22108144693073,47.72776637393234
b2b-all-849523-1-974hdt-d-5739,27780,1528,3600,-122.22108144693073,47.72776637393234
b2b-all-850362-1-975hdv-d-5740,53880,1670,3600,-122.18726319570972,47.53138136059734
b2b-all-850501-1-976md-d-5741,39360,1876,3600,-122.32474248535723,47.40599091273663
b2b-all-850550-1-977md-d-5742,15540,5885,3600,-123.12917480974409,44.98433170990787
b2b-all-850799-2-978hdt-d-5743,19860,5885,3600,-123.12917480974409,44.98433170990787
b2b-all-850799-2-978hdt-d-5744,24780,5885,3600,-123.12917480974409,44.98433170990787
b2b-all-850833-1-979hdt-d-0-5745,49140,2050,3600,-122.30656872647604,47.29544182861345
b2b-all-850833-1-979hdt-d-0-5746,49140,2050,3600,-122.30656872647604,47.29544182861345
b2b-all-850833-1-979hdt-d-0-5747,49140,2050,3600,-122.30656872647604,47.29544182861345
b2b-all-850833-1-979hdt-d-1-5748,49140,2050,3600,-122.30656872647604,47.29544182861345
b2b-all-850833-1-980hdt-d-5749,16320,2050,3600,-122.30656872647604,47.29544182861345
b2b-all-850833-1-980hdt-d-5750,16320,2050,3600,-122.30656872647604,47.29544182861345
b2b-all-850833-1-980hdt-d-5751,20400,2050,3600,-122.30656872647604,47.29544182861345
b2b-all-850834-1-981md-d-0-5752,28920,1248,3600,-122.31719540620423,47.610510123767966
b2b-all-850834-1-981md-d-0-5753,25200,1248,3600,-122.31719540620423,47.610510123767966
b2b-all-850834-1-981md-d-0-5754,21480,1248,3600,-122.31719540620423,47.610510123767966
b2b-all-850834-1-981md-d-1-5755,31800,1248,3600,-122.31719540620423,47.610510123767966
b2b-all-850834-1-981md-d-1-5756,21480,1248,3600,-122.31719540620423,47.610510123767966
b2b-all-850834-1-982md-d-5757,33420,1248,3600,-122.31719540620423,47.610510123767966
b2b-all-850834-1-982md-d-5758,33420,1248,3600,-122.31719540620423,47.610510123767966
b2b-all-850834-1-982md-d-5759,33420,1248,3600,-122.31719540620423,47.610510123767966
b2b-all-850834-1-982md-d-5760,33420,1248,3600,-122.31719540620423,47.610510123767966
b2b-all-850907-3-983hdt-d-0-5761,34320,2213,3600,-122.03467847617438,47.53900680716222
b2b-all-850907-3-983hdt-d-0-5762,34320,2213,3600,-122.03467847617438,47.53900680716222
b2b-all-850907-3-983hdt-d-0-5763,34320,2213,3600,-122.03467847617438,47.53900680716222
b2b-all-850907-3-983hdt-d-1-5764,34320,2213,3600,-122.03467847617438,47.53900680716222
b2b-all-850907-3-983hdt-d-1-5765,34320,2213,3600,-122.03467847617438,47.53900680716222
b2b-all-850907-3-983hdt-d-1-5766,34320,2213,3600,-122.03467847617438,47.53900680716222
b2b-all-850907-3-983hdt-d-2-5767,34320,2213,3600,-122.03467847617438,47.53900680716222
b2b-all-850907-3-983hdt-d-2-5768,34320,2213,3600,-122.03467847617438,47.53900680716222
b2b-all-850907-3-983hdt-d-2-5769,34320,2213,3600,-122.03467847617438,47.53900680716222
b2b-all-850907-3-983hdt-d-3-5770,34320,2213,3600,-122.03467847617438,47.53900680716222
b2b-all-850907-3-983hdt-d-3-5771,34320,2213,3600,-122.03467847617438,47.53900680716222
b2b-all-850907-3-983hdt-d-3-5772,34320,2213,3600,-122.03467847617438,47.53900680716222
b2b-all-850907-3-983hdt-d-4-5773,34320,2213,3600,-122.03467847617438,47.53900680716222
b2b-all-850907-3-983hdt-d-4-5774,34320,2213,3600,-122.03467847617438,47.53900680716222
b2b-all-850907-3-984hdt-d-5775,35760,2213,3600,-122.03467847617438,47.53900680716222
b2b-all-850907-3-984hdt-d-5776,35760,2213,3600,-122.03467847617438,47.53900680716222
b2b-all-850907-3-984hdt-d-5777,35760,2213,3600,-122.03467847617438,47.53900680716222
b2b-all-853191-2-985hdv-d-5778,36600,5896,3600,-123.29940370469836,44.766457367506206
b2b-all-853291-1-986md-d-5779,23460,1775,3600,-122.31282021977606,47.52800879593526
b2b-all-853291-2-987hdv-d-5780,48360,1775,3600,-122.31282021977606,47.52800879593526
b2b-all-853291-3-988hdt-d-5781,18780,1775,3600,-122.31282021977606,47.52800879593526
b2b-all-853293-1-989md-d-0-5782,44640,2066,3600,-122.22850780019758,47.31803330557945
b2b-all-853293-1-989md-d-0-5783,44640,2066,3600,-122.22850780019758,47.31803330557945
b2b-all-853293-1-989md-d-0-5784,44640,2066,3600,-122.22850780019758,47.31803330557945
b2b-all-853293-1-989md-d-0-5785,44640,2066,3600,-122.22850780019758,47.31803330557945
b2b-all-853293-1-989md-d-1-5786,44640,2066,3600,-122.22850780019758,47.31803330557945
b2b-all-853293-1-990md-d-5787,53760,2066,3600,-122.22850780019758,47.31803330557945
b2b-all-853293-1-990md-d-5788,53760,2066,3600,-122.22850780019758,47.31803330557945
b2b-all-853293-1-990md-d-5789,53760,2066,3600,-122.22850780019758,47.31803330557945
b2b-all-853294-1-991md-d-0-5790,57000,1052,3600,-122.36423930283948,47.67307214996857
b2b-all-853294-1-991md-d-0-5791,57000,1052,3600,-122.36423930283948,47.67307214996857
b2b-all-853294-1-991md-d-0-5792,57000,1052,3600,-122.36423930283948,47.67307214996857
b2b-all-853294-1-991md-d-1-5793,57000,1052,3600,-122.36423930283948,47.67307214996857
b2b-all-853294-1-991md-d-1-5794,57000,1052,3600,-122.36423930283948,47.67307214996857
b2b-all-853294-1-991md-d-1-5795,57000,1052,3600,-122.36423930283948,47.67307214996857
b2b-all-853294-1-991md-d-2-5796,57000,1052,3600,-122.36423930283948,47.67307214996857
b2b-all-853294-1-992md-d-5797,56580,1052,3600,-122.36423930283948,47.67307214996857
b2b-all-853294-1-992md-d-5798,56580,1052,3600,-122.36423930283948,47.67307214996857
b2b-all-853294-1-992md-d-5799,56580,1052,3600,-122.36423930283948,47.67307214996857
b2b-all-853294-1-992md-d-5800,56580,1052,3600,-122.36423930283948,47.67307214996857
b2b-all-853294-1-992md-d-5801,56580,1052,3600,-122.36423930283948,47.67307214996857
b2b-all-853294-2-993hdt-d-5802,46140,1052,3600,-122.36423930283948,47.67307214996857
b2b-all-853295-1-994md-d-5803,21540,1636,3600,-122.19327962457842,47.61165827772117
b2b-all-853295-3-995hdt-d-0-5804,26040,1636,3600,-122.19327962457842,47.61165827772117
b2b-all-853295-3-995hdt-d-0-5805,26040,1636,3600,-122.19327962457842,47.61165827772117
b2b-all-853295-3-995hdt-d-0-5806,26040,1636,3600,-122.19327962457842,47.61165827772117
b2b-all-853295-3-995hdt-d-1-5807,31680,1636,3600,-122.19327962457842,47.61165827772117
b2b-all-853295-3-996hdt-d-5808,23220,1636,3600,-122.19327962457842,47.61165827772117
b2b-all-853295-3-996hdt-d-5809,21900,1636,3600,-122.19327962457842,47.61165827772117
b2b-all-853295-4-997hdv-d-0-5810,34680,1636,3600,-122.19327962457842,47.61165827772117
b2b-all-853295-4-997hdv-d-0-5811,34680,1636,3600,-122.19327962457842,47.61165827772117
b2b-all-853295-4-997hdv-d-0-5812,34680,1636,3600,-122.19327962457842,47.61165827772117
b2b-all-853295-4-997hdv-d-0-5813,34680,1636,3600,-122.19327962457842,47.61165827772117
b2b-all-853295-4-997hdv-d-1-5814,34680,1636,3600,-122.19327962457842,47.61165827772117
b2b-all-853295-4-997hdv-d-1-5815,34680,1636,3600,-122.19327962457842,47.61165827772117
b2b-all-853295-4-997hdv-d-1-5816,34680,1636,3600,-122.19327962457842,47.61165827772117
b2b-all-853295-4-997hdv-d-1-5817,34680,1636,3600,-122.19327962457842,47.61165827772117
b2b-all-853295-4-997hdv-d-2-5818,34680,1636,3600,-122.19327962457842,47.61165827772117
b2b-all-853295-4-997hdv-d-2-5819,34680,1636,3600,-122.19327962457842,47.61165827772117
b2b-all-853295-4-997hdv-d-2-5820,34680,1636,3600,-122.19327962457842,47.61165827772117
b2b-all-853295-4-997hdv-d-2-5821,34680,1636,3600,-122.19327962457842,47.61165827772117
b2b-all-853295-4-997hdv-d-3-5822,34680,1636,3600,-122.19327962457842,47.61165827772117
b2b-all-853295-4-998hdv-d-5823,52800,1636,3600,-122.19327962457842,47.61165827772117
b2b-all-853295-4-998hdv-d-5824,52800,1636,3600,-122.19327962457842,47.61165827772117
b2b-all-853295-4-998hdv-d-5825,52800,1636,3600,-122.19327962457842,47.61165827772117
b2b-all-853295-4-998hdv-d-5826,52800,1636,3600,-122.19327962457842,47.61165827772117
b2b-all-853296-3-999hdt-d-0-5827,57180,1421,3600,-122.32927362264628,47.77496314391974
b2b-all-853296-3-999hdt-d-0-5828,57180,1421,3600,-122.32927362264628,47.77496314391974
b2b-all-853296-3-999hdt-d-0-5829,57180,1421,3600,-122.32927362264628,47.77496314391974
b2b-all-853296-3-999hdt-d-1-5830,57180,1421,3600,-122.32927362264628,47.77496314391974
b2b-all-853296-3-999hdt-d-1-5831,57180,1421,3600,-122.32927362264628,47.77496314391974
b2b-all-853296-3-999hdt-d-1-5832,57180,1421,3600,-122.32927362264628,47.77496314391974
b2b-all-853296-3-999hdt-d-1-5833,57180,1421,3600,-122.32927362264628,47.77496314391974
b2b-all-853296-3-999hdt-d-2-5834,57180,1421,3600,-122.32927362264628,47.77496314391974
b2b-all-853296-3-1000hdt-d-5835,49800,1421,3600,-122.32927362264628,47.77496314391974
b2b-all-853296-3-1000hdt-d-5836,49800,1421,3600,-122.32927362264628,47.77496314391974
b2b-all-853296-3-1000hdt-d-5837,49800,1421,3600,-122.32927362264628,47.77496314391974
b2b-all-853296-3-1000hdt-d-5838,49800,1421,3600,-122.32927362264628,47.77496314391974
b2b-all-853297-1-1001md-d-5839,34080,3191,3600,-122.48240942711132,47.05796598200305
b2b-all-853299-1-1002md-d-5840,17880,5885,3600,-123.12917480974409,44.98433170990787
b2b-all-853299-2-1003hdt-d-5841,29400,5885,3600,-123.12917480974409,44.98433170990787
b2b-all-853299-3-1004hdt-d-5842,29820,5885,3600,-123.12917480974409,44.98433170990787
b2b-all-853299-3-1004hdt-d-5843,29820,5885,3600,-123.12917480974409,44.98433170990787
b2b-all-853299-3-1004hdt-d-5844,29820,5885,3600,-123.12917480974409,44.98433170990787
b2b-all-853299-4-1005hdv-d-5845,42000,5885,3600,-123.12917480974409,44.98433170990787
b2b-all-853299-4-1005hdv-d-5846,42000,5885,3600,-123.12917480974409,44.98433170990787
b2b-all-853299-4-1005hdv-d-5847,42000,5885,3600,-123.12917480974409,44.98433170990787
b2b-all-853598-1-1006md-d-5848,28800,5885,3600,-123.12917480974409,44.98433170990787
b2b-all-853598-2-1007hdt-d-5849,21120,5885,3600,-123.12917480974409,44.98433170990787
b2b-all-853598-3-1008hdv-d-5850,16380,5885,3600,-123.12917480974409,44.98433170990787
b2b-all-853600-2-1009hdv-d-5851,25200,5885,3600,-123.12917480974409,44.98433170990787
b2b-all-853669-1-1010md-d-5852,35220,1631,3600,-122.18844982326036,47.59221363229558
b2b-all-853669-1-1010md-d-5853,35220,1631,3600,-122.18844982326036,47.59221363229558
b2b-all-853669-1-1011md-d-5854,49200,1631,3600,-122.18844982326036,47.59221363229558
b2b-all-853669-1-1011md-d-5855,49200,1631,3600,-122.18844982326036,47.59221363229558
b2b-all-853669-1-1011md-d-5856,49200,1631,3600,-122.18844982326036,47.59221363229558
b2b-all-853669-2-1012md-d-5857,56160,1631,3600,-122.18844982326036,47.59221363229558
b2b-all-853670-1-1013md-d-5858,51000,1347,3600,-122.35613317224768,47.552224631397095
b2b-all-853670-1-1014md-d-5859,24780,1347,3600,-122.35613317224768,47.552224631397095
b2b-all-853670-3-1015hdv-d-0-5860,27420,1347,3600,-122.35613317224768,47.552224631397095
b2b-all-853670-3-1015hdv-d-0-5861,32820,1347,3600,-122.35613317224768,47.552224631397095
b2b-all-853670-3-1015hdv-d-0-5862,26760,1347,3600,-122.35613317224768,47.552224631397095
b2b-all-853670-3-1015hdv-d-1-5863,23040,1347,3600,-122.35613317224768,47.552224631397095
b2b-all-853670-3-1015hdv-d-1-5864,28260,1347,3600,-122.35613317224768,47.552224631397095
b2b-all-853670-3-1015hdv-d-1-5865,30660,1347,3600,-122.35613317224768,47.552224631397095
b2b-all-853670-3-1015hdv-d-2-5866,27600,1347,3600,-122.35613317224768,47.552224631397095
b2b-all-853670-3-1015hdv-d-2-5867,26640,1347,3600,-122.35613317224768,47.552224631397095
b2b-all-853670-3-1015hdv-d-2-5868,27360,1347,3600,-122.35613317224768,47.552224631397095
b2b-all-853670-3-1016hdv-d-5869,20280,1347,3600,-122.35613317224768,47.552224631397095
b2b-all-853670-3-1016hdv-d-5870,28620,1347,3600,-122.35613317224768,47.552224631397095
b2b-all-853671-1-1017md-d-5871,48960,2348,3600,-121.61420343916684,47.57107974302048
b2b-all-853671-1-1017md-d-5872,48960,2348,3600,-121.61420343916684,47.57107974302048
b2b-all-853671-1-1017md-d-5873,48960,2348,3600,-121.61420343916684,47.57107974302048
b2b-all-853671-1-1017hdt-d-5874,48960,2348,3600,-121.61420343916684,47.57107974302048
b2b-all-853671-1-1017hdt-d-5875,48960,2348,3600,-121.61420343916684,47.57107974302048
b2b-all-853671-1-1017hdt-d-5876,48960,2348,3600,-121.61420343916684,47.57107974302048
b2b-all-853671-1-1018md-d-5877,42480,2348,3600,-121.61420343916684,47.57107974302048
b2b-all-853671-1-1018hdt-d-5878,42480,2348,3600,-121.61420343916684,47.57107974302048
b2b-all-853674-1-1019hdt-d-5879,23820,3895,3600,-121.26884369455286,48.17174536079158
b2b-all-853675-3-1020hdv-d-5880,28260,3854,3600,-122.3645144674494,48.26687162473969
b2b-all-853793-3-1021hdt-d-5881,11400,5885,3600,-123.12917480974409,44.98433170990787
b2b-all-853794-3-1022hdt-d-5882,12900,5885,3600,-123.12917480974409,44.98433170990787
b2b-all-853794-4-1023hdv-d-5883,22380,5885,3600,-123.12917480974409,44.98433170990787
b2b-all-853796-1-1024md-d-5884,15900,5897,3600,-123.21550111052947,44.80748760973425
b2b-all-853881-2-1025hdv-d-5885,21300,5885,3600,-123.12917480974409,44.98433170990787
b2b-all-854075-3-1026hdv-d-5886,25800,5885,3600,-123.12917480974409,44.98433170990787
b2b-all-854077-2-1027hdt-d-5887,7260,5885,3600,-123.12917480974409,44.98433170990787
b2b-all-854120-3-1028hdv-d-5888,44400,1491,3600,-122.16344000038184,47.7282304899251
b2b-all-855191-1-1029md-d-5889,17280,2263,3600,-122.09477581693568,47.68281344604667
b2b-all-855191-2-1030md-d-5890,25320,2263,3600,-122.09477581693568,47.68281344604667
b2b-all-855194-1-1031hdt-d-5891,23640,1832,3600,-122.3407309636132,47.46505453656004
b2b-all-855376-1-1032md-d-5892,27720,5885,3600,-123.12917480974409,44.98433170990787
b2b-all-856539-1-1033md-d-5893,38160,1475,3600,-122.22278291741192,47.75546588302344
b2b-all-856539-1-1033md-d-5894,38160,1475,3600,-122.22278291741192,47.75546588302344
b2b-all-856539-1-1033hdt-d-5895,38160,1475,3600,-122.22278291741192,47.75546588302344
b2b-all-856539-1-1033hdt-d-5896,38160,1475,3600,-122.22278291741192,47.75546588302344
b2b-all-856539-1-1033hdt-d-5897,38160,1475,3600,-122.22278291741192,47.75546588302344
b2b-all-856539-1-1033hdv-d-5898,38160,1475,3600,-122.22278291741192,47.75546588302344
b2b-all-856539-1-1033hdv-d-5899,38160,1475,3600,-122.22278291741192,47.75546588302344
b2b-all-856547-1-1034hdv-d-5900,28260,1477,3600,-122.17468079830904,47.7604969617074
b2b-all-856547-1-1035hdv-d-5901,52680,1477,3600,-122.17468079830904,47.7604969617074
b2b-all-856547-1-1035hdv-d-5902,52680,1477,3600,-122.17468079830904,47.7604969617074
b2b-all-856547-1-1035hdv-d-5903,52680,1477,3600,-122.17468079830904,47.7604969617074
b2b-all-856547-1-1035hdv-d-5904,52680,1477,3600,-122.17468079830904,47.7604969617074
b2b-all-857508-1-1036hdt-d-5905,30900,1076,3600,-122.28715845248966,47.66607816846134
b2b-all-857508-1-1037hdt-d-5906,54360,1076,3600,-122.28715845248966,47.66607816846134
b2b-all-863149-1-1038md-d-5907,57480,2303,3600,-122.12906707096626,47.69400933071687
b2b-all-863149-2-1039md-d-5908,41820,2303,3600,-122.12906707096626,47.69400933071687
b2b-all-863151-1-1040md-d-5909,33600,1150,3600,-122.36667190509762,47.64098454275791
b2b-all-863152-1-1041md-d-5910,45960,1565,3600,-122.21052059880984,47.65880614512516
b2b-all-863153-1-1042hdt-d-5911,30720,1108,3600,-122.34378443261468,47.66154367005778
b2b-all-863154-1-1043md-d-5912,37920,1102,3600,-122.3484907741606,47.65105847794508
b2b-all-863155-1-1044hdv-d-5913,39780,1847,3600,-122.25560519422892,47.43278699076074
b2b-all-863156-1-1045hdt-d-5914,54420,1249,3600,-122.312939410414,47.60270597979489
b2b-all-863158-1-1046hdt-d-5915,48840,2092,3600,-122.21777697366268,47.26501083096921
b2b-all-863159-2-1047hdv-d-5916,48000,1091,3600,-122.33428704028272,47.66913170317408
b2b-all-863160-1-1048md-d-5917,34140,1385,3600,-122.39175149812506,47.52188782257949
b2b-all-863160-2-1049hdt-d-5918,46620,1385,3600,-122.39175149812506,47.52188782257949
b2b-all-863160-3-1050hdv-d-5919,47520,1385,3600,-122.39175149812506,47.52188782257949
b2b-all-863160-3-1050hdv-d-5920,47520,1385,3600,-122.39175149812506,47.52188782257949
b2b-all-863160-3-1051hdv-d-5921,31860,1385,3600,-122.39175149812506,47.52188782257949
b2b-all-863162-1-1052hdv-d-5922,54120,1633,3600,-122.19555753440552,47.61937966507713
b2b-all-863164-1-1053hdt-d-5923,31860,2087,3600,-122.2613020425765,47.26801275909384
b2b-all-863164-1-1054hdt-d-5924,35100,2087,3600,-122.2613020425765,47.26801275909384
b2b-all-863170-1-1055hdt-d-5925,50280,2120,3600,-121.96389872611324,47.20003808978068
b2b-all-863171-2-1056hdt-d-5926,34380,1232,3600,-122.3510761286004,47.61372595554945
b2b-all-863172-1-1057md-d-5927,42780,1119,3600,-122.3142900351994,47.6598791916135
b2b-all-863172-1-1057md-d-5928,42780,1119,3600,-122.3142900351994,47.6598791916135
b2b-all-863172-1-1057md-d-5929,42780,1119,3600,-122.3142900351994,47.6598791916135
b2b-all-863172-3-1058hdt-d-0-5930,30600,1119,3600,-122.3142900351994,47.6598791916135
b2b-all-863172-3-1058hdt-d-0-5931,34140,1119,3600,-122.3142900351994,47.6598791916135
b2b-all-863172-3-1058hdt-d-0-5932,30600,1119,3600,-122.3142900351994,47.6598791916135
b2b-all-863172-3-1058hdt-d-0-5933,30600,1119,3600,-122.3142900351994,47.6598791916135
b2b-all-863172-3-1058hdt-d-0-5934,32160,1119,3600,-122.3142900351994,47.6598791916135
b2b-all-863172-3-1058hdt-d-1-5935,30600,1119,3600,-122.3142900351994,47.6598791916135
b2b-all-863172-3-1058hdt-d-1-5936,33300,1119,3600,-122.3142900351994,47.6598791916135
b2b-all-863172-3-1059hdt-d-5937,26880,1119,3600,-122.3142900351994,47.6598791916135
b2b-all-863172-4-1060hdv-d-0-5938,46800,1119,3600,-122.3142900351994,47.6598791916135
b2b-all-863172-4-1060hdv-d-0-5939,46800,1119,3600,-122.3142900351994,47.6598791916135
b2b-all-863172-4-1060hdv-d-0-5940,46800,1119,3600,-122.3142900351994,47.6598791916135
b2b-all-863172-4-1060hdv-d-1-5941,46800,1119,3600,-122.3142900351994,47.6598791916135
b2b-all-863172-4-1060hdv-d-1-5942,46800,1119,3600,-122.3142900351994,47.6598791916135
b2b-all-863172-4-1060hdv-d-1-5943,46800,1119,3600,-122.3142900351994,47.6598791916135
b2b-all-863172-4-1060hdv-d-2-5944,46800,1119,3600,-122.3142900351994,47.6598791916135
b2b-all-863172-4-1060hdv-d-2-5945,46800,1119,3600,-122.3142900351994,47.6598791916135
b2b-all-863172-4-1060hdv-d-2-5946,46800,1119,3600,-122.3142900351994,47.6598791916135
b2b-all-863172-4-1060hdv-d-3-5947,46800,1119,3600,-122.3142900351994,47.6598791916135
b2b-all-863172-4-1061hdv-d-5948,37500,1119,3600,-122.3142900351994,47.6598791916135
b2b-all-863172-4-1061hdv-d-5949,37500,1119,3600,-122.3142900351994,47.6598791916135
b2b-all-863174-1-1062hdv-d-5950,35520,1120,3600,-122.31389040692542,47.65785984315846
b2b-all-863174-1-1063hdv-d-5951,52800,1120,3600,-122.31389040692542,47.65785984315846
b2b-all-863178-1-1064md-d-5952,28800,1365,3600,-122.32203630054164,47.53220587554841
b2b-all-863181-1-1065md-d-5953,53220,2086,3600,-122.25223414836022,47.27994166972961
b2b-all-863186-2-1066hdt-d-5954,53160,1150,3600,-122.36315836329062,47.64016786102862
b2b-all-863196-2-1067hdt-d-5955,25200,3205,3600,-122.47266831305922,46.8934296551068
b2b-all-863197-3-1068hdt-d-5956,22440,3191,3600,-122.48240942711132,47.05796598200305
b2b-all-868497-1-1069hdt-d-5957,48600,1421,3600,-122.3282677542628,47.77059462461175
b2b-all-868498-1-1070md-d-5958,48540,1419,3600,-122.345755728656,47.76998951406063
b2b-all-868498-2-1071md-d-5959,24060,1419,3600,-122.345755728656,47.76998951406063
b2b-all-868499-1-1072md-d-5960,25500,2082,3600,-122.21471170630248,47.27714683141431
b2b-all-868499-2-1073hdv-d-5961,53400,2082,3600,-122.21471170630248,47.27714683141431
b2b-all-868499-2-1074hdv-d-5962,24300,2082,3600,-122.21471170630248,47.27714683141431
b2b-all-868499-2-1074hdv-d-5963,23940,2082,3600,-122.21471170630248,47.27714683141431
b2b-all-869299-1-1075hdv-d-5964,48000,2082,3600,-122.22777132608049,47.27844371881939
b2b-all-869300-1-1076md-d-5965,29820,3191,3600,-122.48240942711132,47.05796598200305
b2b-all-869302-2-1077hdv-d-5966,31800,3857,3600,-122.29590163174925,48.271412627164175
b2b-all-870501-1-1078md-d-5967,45300,1811,3600,-122.33342978079624,47.49017730779153
b2b-all-870501-1-1079md-d-5968,44580,1811,3600,-122.33342978079624,47.49017730779153
b2b-all-870501-1-1079md-d-5969,44580,1811,3600,-122.33342978079624,47.49017730779153
b2b-all-870504-1-1080md-d-5970,25920,1858,3600,-122.34927747340274,47.44201287191529
b2b-all-870504-1-1080hdt-d-5971,28200,1858,3600,-122.34927747340274,47.44201287191529
b2b-all-870504-1-1080hdt-d-5972,27780,1858,3600,-122.34927747340274,47.44201287191529
b2b-all-870504-1-1080hdv-d-5973,25680,1858,3600,-122.34927747340274,47.44201287191529
b2b-all-870504-1-1080hdv-d-5974,31620,1858,3600,-122.34927747340274,47.44201287191529
b2b-all-870505-1-1081md-d-0-5975,38940,1428,3600,-122.3125251306354,47.76233673814106
b2b-all-870505-1-1081md-d-0-5976,38940,1428,3600,-122.3125251306354,47.76233673814106
b2b-all-870505-1-1081md-d-0-5977,38940,1428,3600,-122.3125251306354,47.76233673814106
b2b-all-870505-1-1081md-d-1-5978,38940,1428,3600,-122.3125251306354,47.76233673814106
b2b-all-870505-1-1081md-d-1-5979,38940,1428,3600,-122.3125251306354,47.76233673814106
b2b-all-870505-1-1081md-d-1-5980,38940,1428,3600,-122.3125251306354,47.76233673814106
b2b-all-870505-1-1081md-d-2-5981,38940,1428,3600,-122.3125251306354,47.76233673814106
b2b-all-870505-1-1081md-d-2-5982,38940,1428,3600,-122.3125251306354,47.76233673814106
b2b-all-870505-1-1081md-d-2-5983,38940,1428,3600,-122.3125251306354,47.76233673814106
b2b-all-870505-1-1081md-d-2-5984,38940,1428,3600,-122.3125251306354,47.76233673814106
b2b-all-870505-1-1081md-d-3-5985,38940,1428,3600,-122.3125251306354,47.76233673814106
b2b-all-870505-1-1081md-d-3-5986,38940,1428,3600,-122.3125251306354,47.76233673814106
b2b-all-870505-1-1081md-d-3-5987,38940,1428,3600,-122.3125251306354,47.76233673814106
b2b-all-870505-1-1081md-d-4-5988,38940,1428,3600,-122.3125251306354,47.76233673814106
b2b-all-870505-1-1081md-d-4-5989,38940,1428,3600,-122.3125251306354,47.76233673814106
b2b-all-870505-1-1081md-d-4-5990,38940,1428,3600,-122.3125251306354,47.76233673814106
b2b-all-870505-1-1081md-d-5-5991,38940,1428,3600,-122.3125251306354,47.76233673814106
b2b-all-870505-1-1081md-d-5-5992,38940,1428,3600,-122.3125251306354,47.76233673814106
b2b-all-870505-1-1081md-d-5-5993,38940,1428,3600,-122.3125251306354,47.76233673814106
b2b-all-870505-1-1081md-d-6-5994,38940,1428,3600,-122.3125251306354,47.76233673814106
b2b-all-870505-1-1081md-d-6-5995,38940,1428,3600,-122.3125251306354,47.76233673814106
b2b-all-870505-1-1081md-d-6-5996,38940,1428,3600,-122.3125251306354,47.76233673814106
b2b-all-870505-1-1081md-d-7-5997,38940,1428,3600,-122.3125251306354,47.76233673814106
b2b-all-870505-1-1081md-d-7-5998,38940,1428,3600,-122.3125251306354,47.76233673814106
b2b-all-870505-1-1081md-d-7-5999,38940,1428,3600,-122.3125251306354,47.76233673814106
b2b-all-870505-1-1081md-d-8-6000,38940,1428,3600,-122.3125251306354,47.76233673814106
b2b-all-870505-1-1081md-d-8-6001,38940,1428,3600,-122.3125251306354,47.76233673814106
b2b-all-870505-1-1081md-d-8-6002,38940,1428,3600,-122.3125251306354,47.76233673814106
b2b-all-870505-1-1081md-d-9-6003,38940,1428,3600,-122.3125251306354,47.76233673814106
b2b-all-870505-1-1081md-d-9-6004,38940,1428,3600,-122.3125251306354,47.76233673814106
b2b-all-870505-1-1081md-d-9-6005,38940,1428,3600,-122.3125251306354,47.76233673814106
b2b-all-870505-1-1081md-d-10-6006,38940,1428,3600,-122.3125251306354,47.76233673814106
b2b-all-870505-1-1081md-d-10-6007,38940,1428,3600,-122.3125251306354,47.76233673814106
b2b-all-870505-1-1081md-d-10-6008,38940,1428,3600,-122.3125251306354,47.76233673814106
b2b-all-870505-1-1081md-d-10-6009,38940,1428,3600,-122.3125251306354,47.76233673814106
b2b-all-870505-1-1081md-d-11-6010,38940,1428,3600,-122.3125251306354,47.76233673814106
b2b-all-870505-1-1081md-d-11-6011,38940,1428,3600,-122.3125251306354,47.76233673814106
b2b-all-870505-1-1081md-d-11-6012,38940,1428,3600,-122.3125251306354,47.76233673814106
b2b-all-870505-1-1081md-d-11-6013,38940,1428,3600,-122.3125251306354,47.76233673814106
b2b-all-870505-1-1081md-d-12-6014,38940,1428,3600,-122.3125251306354,47.76233673814106
b2b-all-870505-1-1081md-d-12-6015,38940,1428,3600,-122.3125251306354,47.76233673814106
b2b-all-870505-1-1081md-d-12-6016,38940,1428,3600,-122.3125251306354,47.76233673814106
b2b-all-870505-1-1081md-d-12-6017,38940,1428,3600,-122.3125251306354,47.76233673814106
b2b-all-870505-1-1081md-d-13-6018,38940,1428,3600,-122.3125251306354,47.76233673814106
b2b-all-870507-1-1083md-d-0-6019,30780,1612,3600,-122.0808816182215,47.55815111748476
b2b-all-870507-1-1083md-d-0-6020,30780,1612,3600,-122.0808816182215,47.55815111748476
b2b-all-870507-1-1083md-d-0-6021,30780,1612,3600,-122.0808816182215,47.55815111748476
b2b-all-870507-1-1083md-d-0-6022,35520,1612,3600,-122.0808816182215,47.55815111748476
b2b-all-870507-1-1083md-d-1-6023,33120,1612,3600,-122.0808816182215,47.55815111748476
b2b-all-870507-1-1083md-d-1-6024,30780,1612,3600,-122.0808816182215,47.55815111748476
b2b-all-870507-1-1083md-d-1-6025,33600,1612,3600,-122.0808816182215,47.55815111748476
b2b-all-870507-1-1083md-d-2-6026,30780,1612,3600,-122.0808816182215,47.55815111748476
b2b-all-870507-1-1083md-d-2-6027,30780,1612,3600,-122.0808816182215,47.55815111748476
b2b-all-870507-1-1083md-d-2-6028,30780,1612,3600,-122.0808816182215,47.55815111748476
b2b-all-870507-1-1083md-d-2-6029,30780,1612,3600,-122.0808816182215,47.55815111748476
b2b-all-870507-1-1083md-d-3-6030,30780,1612,3600,-122.0808816182215,47.55815111748476
b2b-all-870507-1-1083md-d-3-6031,30780,1612,3600,-122.0808816182215,47.55815111748476
b2b-all-870507-1-1083md-d-3-6032,30780,1612,3600,-122.0808816182215,47.55815111748476
b2b-all-870507-1-1083md-d-3-6033,34800,1612,3600,-122.0808816182215,47.55815111748476
b2b-all-870507-1-1083md-d-4-6034,30780,1612,3600,-122.0808816182215,47.55815111748476
b2b-all-870507-1-1083md-d-4-6035,32880,1612,3600,-122.0808816182215,47.55815111748476
b2b-all-870507-1-1083md-d-4-6036,30780,1612,3600,-122.0808816182215,47.55815111748476
b2b-all-870507-1-1083md-d-5-6037,30780,1612,3600,-122.0808816182215,47.55815111748476
b2b-all-870507-1-1083md-d-5-6038,31800,1612,3600,-122.0808816182215,47.55815111748476
b2b-all-870507-1-1083md-d-5-6039,30780,1612,3600,-122.0808816182215,47.55815111748476
b2b-all-870507-1-1083md-d-6-6040,30780,1612,3600,-122.0808816182215,47.55815111748476
b2b-all-870507-1-1083md-d-6-6041,30780,1612,3600,-122.0808816182215,47.55815111748476
b2b-all-870507-1-1083md-d-6-6042,30780,1612,3600,-122.0808816182215,47.55815111748476
b2b-all-870507-1-1083md-d-7-6043,32220,1612,3600,-122.0808816182215,47.55815111748476
b2b-all-870507-1-1083md-d-7-6044,30780,1612,3600,-122.0808816182215,47.55815111748476
b2b-all-870507-1-1083md-d-7-6045,30780,1612,3600,-122.0808816182215,47.55815111748476
b2b-all-870507-1-1083md-d-8-6046,32100,1612,3600,-122.0808816182215,47.55815111748476
b2b-all-870507-1-1083md-d-8-6047,30780,1612,3600,-122.0808816182215,47.55815111748476
b2b-all-870507-1-1083md-d-8-6048,30780,1612,3600,-122.0808816182215,47.55815111748476
b2b-all-870507-1-1083md-d-8-6049,30780,1612,3600,-122.0808816182215,47.55815111748476
b2b-all-870507-1-1083md-d-9-6050,30780,1612,3600,-122.0808816182215,47.55815111748476
b2b-all-870507-1-1083md-d-9-6051,31680,1612,3600,-122.0808816182215,47.55815111748476
b2b-all-870507-1-1083md-d-9-6052,33660,1612,3600,-122.0808816182215,47.55815111748476
b2b-all-870507-1-1083md-d-10-6053,30780,1612,3600,-122.0808816182215,47.55815111748476
b2b-all-870507-1-1083md-d-10-6054,31860,1612,3600,-122.0808816182215,47.55815111748476
b2b-all-870507-1-1083md-d-10-6055,30780,1612,3600,-122.0808816182215,47.55815111748476
b2b-all-870507-1-1083md-d-10-6056,30780,1612,3600,-122.0808816182215,47.55815111748476
b2b-all-870507-1-1083md-d-11-6057,33360,1612,3600,-122.0808816182215,47.55815111748476
b2b-all-870507-1-1083md-d-11-6058,30780,1612,3600,-122.0808816182215,47.55815111748476
b2b-all-870507-1-1083md-d-11-6059,30780,1612,3600,-122.0808816182215,47.55815111748476
b2b-all-870507-1-1083md-d-11-6060,30780,1612,3600,-122.0808816182215,47.55815111748476
b2b-all-870507-1-1083md-d-12-6061,30780,1612,3600,-122.0808816182215,47.55815111748476
b2b-all-870507-1-1084md-d-2-6062,43260,1612,3600,-122.0808816182215,47.55815111748476
b2b-all-870507-1-1084md-d-2-6063,43260,1612,3600,-122.0808816182215,47.55815111748476
b2b-all-870511-1-1085hdt-d-0-6064,43500,1197,3600,-122.33509918335676,47.61430227881348
b2b-all-870511-1-1085hdt-d-0-6065,43500,1197,3600,-122.33509918335676,47.61430227881348
b2b-all-870511-1-1085hdt-d-0-6066,43500,1197,3600,-122.33509918335676,47.61430227881348
b2b-all-870511-1-1085hdt-d-1-6067,43500,1197,3600,-122.33509918335676,47.61430227881348
b2b-all-870511-1-1085hdt-d-1-6068,43500,1197,3600,-122.33509918335676,47.61430227881348
b2b-all-870511-1-1085hdt-d-1-6069,43500,1197,3600,-122.33509918335676,47.61430227881348
b2b-all-870511-1-1085hdt-d-2-6070,43500,1197,3600,-122.33509918335676,47.61430227881348
b2b-all-870511-1-1086hdt-d-6071,15600,1197,3600,-122.33509918335676,47.61430227881348
b2b-all-870511-1-1086hdt-d-6072,30420,1197,3600,-122.33509918335676,47.61430227881348
b2b-all-870513-1-1087hdt-d-6073,55200,934,3600,-122.29570690223058,47.725583885930526
b2b-all-870513-1-1087hdv-d-6074,55200,934,3600,-122.29570690223058,47.725583885930526
b2b-all-870513-1-1087hdv-d-6075,55200,934,3600,-122.29570690223058,47.725583885930526
b2b-all-870521-2-1088hdt-d-6076,30300,3895,3600,-121.26884369455286,48.17174536079158
b2b-all-871850-1-1089hdt-d-0-6077,25620,2386,3600,-122.55991639490988,47.886230772663865
b2b-all-871850-1-1089hdt-d-0-6078,19860,2386,3600,-122.55991639490988,47.886230772663865
b2b-all-871850-1-1089hdt-d-0-6079,30120,2386,3600,-122.55991639490988,47.886230772663865
b2b-all-871850-1-1089hdt-d-1-6080,23700,2386,3600,-122.55991639490988,47.886230772663865
b2b-all-871852-1-1090md-d-6081,38640,1202,3600,-122.32541355584536,47.62027386714863
b2b-all-871852-1-1091md-d-6082,51000,1202,3600,-122.32541355584536,47.62027386714863
b2b-all-871852-1-1091md-d-6083,51000,1202,3600,-122.32541355584536,47.62027386714863
b2b-all-871853-1-1092hdv-d-0-6084,29640,2334,3600,-121.85151837361975,47.54211049159534
b2b-all-871853-1-1092hdv-d-0-6085,26340,2334,3600,-121.85151837361975,47.54211049159534
b2b-all-871853-1-1092hdv-d-0-6086,25980,2334,3600,-121.85151837361975,47.54211049159534
b2b-all-871853-1-1092hdv-d-1-6087,28140,2334,3600,-121.85151837361975,47.54211049159534
b2b-all-871853-1-1092hdv-d-1-6088,28500,2334,3600,-121.85151837361975,47.54211049159534
b2b-all-871853-1-1092hdv-d-1-6089,25980,2334,3600,-121.85151837361975,47.54211049159534
b2b-all-871853-1-1092hdv-d-2-6090,25980,2334,3600,-121.85151837361975,47.54211049159534
b2b-all-871853-1-1092hdv-d-2-6091,25980,2334,3600,-121.85151837361975,47.54211049159534
b2b-all-871853-1-1092hdv-d-2-6092,26100,2334,3600,-121.85151837361975,47.54211049159534
b2b-all-871853-1-1092hdv-d-3-6093,26880,2334,3600,-121.85151837361975,47.54211049159534
b2b-all-871853-1-1092hdv-d-3-6094,25980,2334,3600,-121.85151837361975,47.54211049159534
b2b-all-871853-1-1092hdv-d-3-6095,28980,2334,3600,-121.85151837361975,47.54211049159534
b2b-all-871853-1-1092hdv-d-3-6096,30300,2334,3600,-121.85151837361975,47.54211049159534
b2b-all-871853-1-1092hdv-d-4-6097,25980,2334,3600,-121.85151837361975,47.54211049159534
b2b-all-871853-1-1092hdv-d-4-6098,29280,2334,3600,-121.85151837361975,47.54211049159534
b2b-all-871853-1-1092hdv-d-4-6099,26460,2334,3600,-121.85151837361975,47.54211049159534
b2b-all-871853-1-1092hdv-d-5-6100,25980,2334,3600,-121.85151837361975,47.54211049159534
b2b-all-871853-1-1092hdv-d-5-6101,28860,2334,3600,-121.85151837361975,47.54211049159534
b2b-all-871853-1-1092hdv-d-5-6102,25980,2334,3600,-121.85151837361975,47.54211049159534
b2b-all-871853-1-1092hdv-d-6-6103,28800,2334,3600,-121.85151837361975,47.54211049159534
b2b-all-871853-1-1092hdv-d-6-6104,29700,2334,3600,-121.85151837361975,47.54211049159534
b2b-all-871853-1-1092hdv-d-6-6105,25980,2334,3600,-121.85151837361975,47.54211049159534
b2b-all-871853-1-1092hdv-d-7-6106,25980,2334,3600,-121.85151837361975,47.54211049159534
b2b-all-871853-1-1092hdv-d-7-6107,28380,2334,3600,-121.85151837361975,47.54211049159534
b2b-all-871853-1-1092hdv-d-7-6108,25980,2334,3600,-121.85151837361975,47.54211049159534
b2b-all-871853-1-1092hdv-d-8-6109,27720,2334,3600,-121.85151837361975,47.54211049159534
b2b-all-871853-1-1092hdv-d-8-6110,25980,2334,3600,-121.85151837361975,47.54211049159534
b2b-all-871853-1-1092hdv-d-8-6111,31080,2334,3600,-121.85151837361975,47.54211049159534
b2b-all-877980-1-1093md-d-6112,23400,2386,3600,-122.55991639490988,47.886230772663865
b2b-all-877995-1-1094md-d-6113,23940,1236,3600,-122.3314004181564,47.6082256107518
b2b-all-877995-1-1094md-d-6114,33060,1236,3600,-122.3314004181564,47.6082256107518
b2b-all-877995-1-1094md-d-6115,29580,1236,3600,-122.3314004181564,47.6082256107518
b2b-all-877996-1-1095hdt-d-6116,43440,2263,3600,-122.08807924709642,47.68504744553827
b2b-all-877996-1-1095hdt-d-6117,43440,2263,3600,-122.08807924709642,47.68504744553827
b2b-all-877999-1-1096md-d-6118,42120,2344,3600,-121.77642355595704,47.47509707683465
b2b-all-878004-1-1097md-d-6119,54600,1565,3600,-122.20090961283842,47.64971061641751
b2b-all-878005-1-1098hdt-d-6120,31260,1736,3600,-122.19227373495568,47.46371418901698
b2b-all-878010-1-1099hdt-d-6121,30420,2329,3600,-121.90649674252003,47.56288201745136
b2b-all-878012-1-1100hdv-d-6122,48660,1517,3600,-122.26211383302486,47.75182574789074
b2b-all-878012-1-1100hdv-d-6123,48660,1517,3600,-122.26211383302486,47.75182574789074
b2b-all-878013-1-1101hdt-d-6124,27780,1096,3600,-122.37961997863891,47.66532110984161
b2b-all-878018-1-1102hdt-d-6125,22080,1047,3600,-122.3756575573416,47.67816768820164
b2b-all-878018-1-1103hdt-d-6126,27360,1047,3600,-122.3756575573416,47.67816768820164
b2b-all-878029-1-1104hdt-d-6127,26640,1541,3600,-122.19526446317322,47.68224803490294
b2b-all-878036-1-1105md-d-6128,48000,1627,3600,-122.15541121098204,47.62631124878782
b2b-all-878038-1-1106md-d-0-6129,31080,1042,3600,-122.39200679961002,47.66621223767188
b2b-all-878038-1-1106md-d-0-6130,31080,1042,3600,-122.39200679961002,47.66621223767188
b2b-all-878038-1-1106md-d-0-6131,31080,1042,3600,-122.39200679961002,47.66621223767188
b2b-all-878038-1-1106md-d-0-6132,32160,1042,3600,-122.39200679961002,47.66621223767188
b2b-all-878038-1-1106md-d-0-6133,31680,1042,3600,-122.39200679961002,47.66621223767188
b2b-all-878038-1-1106md-d-1-6134,31080,1042,3600,-122.39200679961002,47.66621223767188
b2b-all-878038-1-1106md-d-1-6135,31980,1042,3600,-122.39200679961002,47.66621223767188
b2b-all-878038-1-1106md-d-1-6136,31080,1042,3600,-122.39200679961002,47.66621223767188
b2b-all-878038-1-1106hdt-d-6137,31080,1042,3600,-122.39200679961002,47.66621223767188
b2b-all-878038-1-1106hdt-d-6138,31080,1042,3600,-122.39200679961002,47.66621223767188
b2b-all-878038-1-1106hdt-d-6139,31080,1042,3600,-122.39200679961002,47.66621223767188
b2b-all-878038-1-1106hdt-d-6140,31080,1042,3600,-122.39200679961002,47.66621223767188
b2b-all-878038-1-1106hdv-d-6141,31080,1042,3600,-122.39200679961002,47.66621223767188
b2b-all-878038-1-1106hdv-d-6142,31080,1042,3600,-122.39200679961002,47.66621223767188
b2b-all-878038-1-1107hdv-d-6143,17640,1042,3600,-122.39200679961002,47.66621223767188
b2b-all-878047-1-1108md-d-6144,45480,1096,3600,-122.37991775526812,47.66807080025481
b2b-all-878047-1-1108md-d-6145,45480,1096,3600,-122.37991775526812,47.66807080025481
b2b-all-878057-1-1109hdt-d-6146,26580,1580,3600,-122.1379395398926,47.63463022265453
b2b-all-878071-1-1110hdt-d-6147,22020,3248,3600,-122.31687054437133,46.861437401895486
b2b-all-878072-1-1111hdt-d-6148,34200,3179,3600,-122.74810938133588,47.29621087392292
b2b-all-878100-1-1112hdv-d-6149,19440,3860,3600,-122.16669982272528,48.26526223933203
b2b-all-878101-1-1113hdt-d-6150,22620,3854,3600,-122.3645144674494,48.26687162473969
b2b-all-878135-1-1114hdt-d-6151,28620,3191,3600,-122.48240942711132,47.05796598200305
b2b-all-878139-1-1115md-d-6152,27360,3184,3600,-122.66808420396303,47.10635009599398
b2b-all-878139-1-1115hdv-d-6153,27360,3184,3600,-122.66808420396303,47.10635009599398
b2b-all-878139-1-1115hdv-d-6154,27360,3184,3600,-122.66808420396303,47.10635009599398
b2b-all-880169-1-1116md-d-6155,34080,1106,3600,-122.33635223997088,47.659371183855775
b2b-all-880169-1-1116hdt-d-6156,29040,1106,3600,-122.33635223997088,47.659371183855775
b2b-all-880169-1-1116hdt-d-6157,30720,1106,3600,-122.33635223997088,47.659371183855775
b2b-all-880169-2-1117hdv-d-0-6158,55200,1106,3600,-122.33635223997088,47.659371183855775
b2b-all-880169-2-1117hdv-d-0-6159,55200,1106,3600,-122.33635223997088,47.659371183855775
b2b-all-880169-2-1117hdv-d-0-6160,55200,1106,3600,-122.33635223997088,47.659371183855775
b2b-all-880169-2-1117hdv-d-0-6161,55200,1106,3600,-122.33635223997088,47.659371183855775
b2b-all-880169-2-1117hdv-d-0-6162,55200,1106,3600,-122.33635223997088,47.659371183855775
b2b-all-880169-2-1117hdv-d-1-6163,55200,1106,3600,-122.33635223997088,47.659371183855775
b2b-all-880169-2-1117hdv-d-1-6164,55200,1106,3600,-122.33635223997088,47.659371183855775
b2b-all-880169-2-1117hdv-d-1-6165,55200,1106,3600,-122.33635223997088,47.659371183855775
b2b-all-880169-2-1117hdv-d-1-6166,55200,1106,3600,-122.33635223997088,47.659371183855775
b2b-all-880169-2-1117hdv-d-1-6167,55200,1106,3600,-122.33635223997088,47.659371183855775
b2b-all-880169-2-1117hdv-d-2-6168,55200,1106,3600,-122.33635223997088,47.659371183855775
b2b-all-880169-2-1117hdv-d-2-6169,55200,1106,3600,-122.33635223997088,47.659371183855775
b2b-all-880169-2-1117hdv-d-2-6170,55200,1106,3600,-122.33635223997088,47.659371183855775
b2b-all-880169-2-1117hdv-d-2-6171,55200,1106,3600,-122.33635223997088,47.659371183855775
b2b-all-880169-2-1117hdv-d-3-6172,55200,1106,3600,-122.33635223997088,47.659371183855775
b2b-all-880169-2-1117hdv-d-3-6173,55200,1106,3600,-122.33635223997088,47.659371183855775
b2b-all-880169-2-1117hdv-d-3-6174,55200,1106,3600,-122.33635223997088,47.659371183855775
b2b-all-880169-2-1117hdv-d-3-6175,55200,1106,3600,-122.33635223997088,47.659371183855775
b2b-all-880169-2-1117hdv-d-4-6176,55200,1106,3600,-122.33635223997088,47.659371183855775
b2b-all-880169-2-1117hdv-d-4-6177,55200,1106,3600,-122.33635223997088,47.659371183855775
b2b-all-880171-1-1118hdt-d-6178,28200,1847,3600,-122.26564599615592,47.42435597484054
b2b-all-880171-1-1118hdt-d-6179,28200,1847,3600,-122.26564599615592,47.42435597484054
b2b-all-880173-1-1119hdv-d-6180,29040,1810,3600,-122.32891643625996,47.48280727912917
b2b-all-880176-1-1120hdt-d-6181,48540,1236,3600,-122.33554259067824,47.61340013619546
b2b-all-880176-1-1120hdt-d-6182,48540,1236,3600,-122.33554259067824,47.61340013619546
b2b-all-880176-1-1120hdt-d-6183,48540,1236,3600,-122.33554259067824,47.61340013619546
b2b-all-880176-1-1121hdt-d-6184,33900,1236,3600,-122.33554259067824,47.61340013619546
b2b-all-880176-1-1121hdt-d-6185,33900,1236,3600,-122.33554259067824,47.61340013619546
b2b-all-880177-1-1122hdv-d-6186,33900,1079,3600,-122.2974397308317,47.66421540966732
b2b-all-880177-1-1123hdv-d-6187,53040,1079,3600,-122.2974397308317,47.66421540966732
b2b-all-880177-1-1123hdv-d-6188,53040,1079,3600,-122.2974397308317,47.66421540966732
b2b-all-880180-1-1124md-d-6189,38040,2087,3600,-122.25438479329202,47.271301806929735
b2b-all-880180-1-1125md-d-6190,53400,2087,3600,-122.25438479329202,47.271301806929735
b2b-all-880186-2-1126hdv-d-0-6191,49440,1321,3600,-122.28281293908113,47.56055194939139
b2b-all-880186-2-1126hdv-d-0-6192,49440,1321,3600,-122.28281293908113,47.56055194939139
b2b-all-880186-2-1126hdv-d-0-6193,49440,1321,3600,-122.28281293908113,47.56055194939139
b2b-all-880186-2-1126hdv-d-1-6194,49440,1321,3600,-122.28281293908113,47.56055194939139
b2b-all-880186-2-1126hdv-d-1-6195,49440,1321,3600,-122.28281293908113,47.56055194939139
b2b-all-880186-2-1126hdv-d-1-6196,49440,1321,3600,-122.28281293908113,47.56055194939139
b2b-all-880186-2-1126hdv-d-2-6197,49440,1321,3600,-122.28281293908113,47.56055194939139
b2b-all-880186-2-1126hdv-d-2-6198,49440,1321,3600,-122.28281293908113,47.56055194939139
b2b-all-880186-2-1126hdv-d-2-6199,49440,1321,3600,-122.28281293908113,47.56055194939139
b2b-all-880186-2-1126hdv-d-2-6200,49440,1321,3600,-122.28281293908113,47.56055194939139
b2b-all-880186-2-1126hdv-d-3-6201,49440,1321,3600,-122.28281293908113,47.56055194939139
b2b-all-880186-2-1127hdv-d-6202,49200,1321,3600,-122.28281293908113,47.56055194939139
b2b-all-880187-1-1128md-d-6203,52200,2263,3600,-122.1246942664143,47.6627820907613
b2b-all-880187-1-1129md-d-6204,33360,2263,3600,-122.1246942664143,47.6627820907613
b2b-all-881496-1-1130hdt-d-6205,56520,1239,3600,-122.32543024083678,47.6092109093394
b2b-all-881496-1-1130hdt-d-6206,56520,1239,3600,-122.32543024083678,47.6092109093394
b2b-all-881498-1-1131hdt-d-6207,42780,2119,3600,-121.99598620634094,47.196379800438834
b2b-all-881498-1-1132hdt-d-6208,33900,2119,3600,-121.99598620634094,47.196379800438834
b2b-all-881500-1-1133md-d-6209,32460,1204,3600,-122.3277034297345,47.61922912915857
b2b-all-881500-2-1134hdv-d-6210,34320,1204,3600,-122.3277034297345,47.61922912915857
b2b-all-881500-2-1134hdv-d-6211,34320,1204,3600,-122.3277034297345,47.61922912915857
b2b-all-881965-1-1135md-d-6212,25200,5885,3600,-123.12917480974409,44.98433170990787
b2b-all-882427-1-1136hdt-d-6213,39120,2291,3600,-122.14080846895924,47.72356961502478
b2b-all-882427-1-1136hdt-d-6214,39120,2291,3600,-122.14080846895924,47.72356961502478
b2b-all-882427-1-1137hdt-d-6215,26100,2291,3600,-122.14080846895924,47.72356961502478
b2b-all-882429-1-1138md-d-6216,24780,1558,3600,-122.15557339176344,47.67759711514198
b2b-all-887012-1-1139hdt-d-6217,37620,1248,3600,-122.31901217626138,47.60953073927126
b2b-all-887019-2-1140hdv-d-0-6218,34560,1181,3600,-122.37106089013064,47.63412082217898
b2b-all-887019-2-1140hdv-d-0-6219,34560,1181,3600,-122.37106089013064,47.63412082217898
b2b-all-887019-2-1140hdv-d-0-6220,34560,1181,3600,-122.37106089013064,47.63412082217898
b2b-all-887019-2-1140hdv-d-1-6221,34560,1181,3600,-122.37106089013064,47.63412082217898
b2b-all-887019-2-1140hdv-d-1-6222,34560,1181,3600,-122.37106089013064,47.63412082217898
b2b-all-887019-2-1141hdv-d-6223,53520,1181,3600,-122.37106089013064,47.63412082217898
b2b-all-887019-2-1141hdv-d-6224,53520,1181,3600,-122.37106089013064,47.63412082217898
b2b-all-887026-1-1142md-d-6225,35400,1632,3600,-122.202176822905,47.62054714820451
b2b-all-887026-1-1142md-d-6226,35400,1632,3600,-122.202176822905,47.62054714820451
b2b-all-887030-1-1143hdv-d-6227,12660,2184,3600,-122.0076955821476,47.38571749335277
b2b-all-887032-1-1144hdt-d-6228,40200,1190,3600,-122.37096565109748,47.62691494803359
b2b-all-887033-1-1145md-d-6229,26700,1822,3600,-122.46565930086444,47.46828699898356
b2b-all-887038-1-1146md-d-6230,28140,1366,3600,-122.3177850674612,47.52256082476948
b2b-all-887042-1-1147hdt-d-6231,45480,1540,3600,-122.20697168950292,47.685035794872434
b2b-all-887066-1-1148hdv-d-6232,29520,3854,3600,-122.3645144674494,48.26687162473969
b2b-all-888077-1-1149hdt-d-6233,27060,1893,3600,-122.2957837992782,47.381279664134176
b2b-all-888077-3-1150hdv-d-0-6234,26100,1893,3600,-122.2957837992782,47.381279664134176
b2b-all-888077-3-1150hdv-d-0-6235,24600,1893,3600,-122.2957837992782,47.381279664134176
b2b-all-888077-3-1150hdv-d-0-6236,33480,1893,3600,-122.2957837992782,47.381279664134176
b2b-all-888077-3-1150hdv-d-1-6237,22740,1893,3600,-122.2957837992782,47.381279664134176
b2b-all-888077-3-1150hdv-d-1-6238,33840,1893,3600,-122.2957837992782,47.381279664134176
b2b-all-888077-3-1150hdv-d-1-6239,35160,1893,3600,-122.2957837992782,47.381279664134176
b2b-all-888079-1-1151hdt-d-6240,46800,1194,3600,-122.3477377184048,47.617861997793874
b2b-all-888080-1-1152md-d-6241,55200,1392,3600,-122.2592449385376,47.51543398281149
b2b-all-888081-2-1153md-d-6242,26940,2035,3600,-122.33465141486413,47.29439504733738
b2b-all-888081-3-1154hdt-d-0-6243,40260,2035,3600,-122.33465141486413,47.29439504733738
b2b-all-888081-3-1154hdt-d-0-6244,40260,2035,3600,-122.33465141486413,47.29439504733738
b2b-all-888081-3-1154hdt-d-0-6245,40260,2035,3600,-122.33465141486413,47.29439504733738
b2b-all-888081-3-1154hdt-d-1-6246,40260,2035,3600,-122.33465141486413,47.29439504733738
b2b-all-888081-3-1154hdt-d-1-6247,40260,2035,3600,-122.33465141486413,47.29439504733738
b2b-all-888081-3-1154hdt-d-1-6248,40260,2035,3600,-122.33465141486413,47.29439504733738
b2b-all-888081-3-1154hdt-d-2-6249,40260,2035,3600,-122.33465141486413,47.29439504733738
b2b-all-888081-3-1154hdt-d-2-6250,40260,2035,3600,-122.33465141486413,47.29439504733738
b2b-all-888081-3-1155hdt-d-6251,48000,2035,3600,-122.33465141486413,47.29439504733738
b2b-all-888081-3-1155hdt-d-6252,48000,2035,3600,-122.33465141486413,47.29439504733738
b2b-all-888085-2-1156hdv-d-6253,25080,3179,3600,-122.74810938133588,47.29621087392292
b2b-all-888085-2-1156hdv-d-6254,30060,3179,3600,-122.74810938133588,47.29621087392292
b2b-all-888085-2-1156hdv-d-6255,25080,3179,3600,-122.74810938133588,47.29621087392292
b2b-all-888089-1-1157hdv-d-6256,22620,3191,3600,-122.48240942711132,47.05796598200305
b2b-all-888089-1-1157hdv-d-6257,24420,3191,3600,-122.48240942711132,47.05796598200305
b2b-all-888317-1-1158md-d-6258,21240,1456,3600,-122.30468799540888,47.73933453982835
b2b-all-891239-2-1159hdv-d-0-6259,25560,2391,3600,-122.52972146584416,47.87353655239537
b2b-all-891239-2-1159hdv-d-0-6260,24600,2391,3600,-122.52972146584416,47.87353655239537
b2b-all-891239-2-1159hdv-d-0-6261,24840,2391,3600,-122.52972146584416,47.87353655239537
b2b-all-891239-2-1159hdv-d-1-6262,31500,2391,3600,-122.52972146584416,47.87353655239537
b2b-all-891240-1-1160hdv-d-6263,37620,1275,3600,-122.30010722516889,47.58258796203986
b2b-all-891240-1-1161hdv-d-6264,29220,1275,3600,-122.30010722516889,47.58258796203986
b2b-all-891242-1-1162md-d-6265,31380,936,3600,-122.30093302542984,47.7242632996143
b2b-all-891242-1-1162md-d-6266,31380,936,3600,-122.30093302542984,47.7242632996143
b2b-all-891242-1-1162hdt-d-6267,31380,936,3600,-122.30093302542984,47.7242632996143
b2b-all-891244-2-1163hdt-d-6268,27480,1298,3600,-122.36208087859112,47.564386333361696
b2b-all-891244-2-1163hdt-d-6269,27480,1298,3600,-122.36208087859112,47.564386333361696
b2b-all-891244-2-1164hdt-d-6270,32580,1298,3600,-122.36208087859112,47.564386333361696
b2b-all-891244-2-1164hdt-d-6271,32580,1298,3600,-122.36208087859112,47.564386333361696
b2b-all-891244-2-1164hdt-d-6272,32580,1298,3600,-122.36208087859112,47.564386333361696
b2b-all-891245-3-1165hdv-d-0-6273,24900,1195,3600,-122.32922374652722,47.624311711643934
b2b-all-891245-3-1165hdv-d-0-6274,26280,1195,3600,-122.32922374652722,47.624311711643934
b2b-all-891245-3-1165hdv-d-0-6275,24180,1195,3600,-122.32922374652722,47.624311711643934
b2b-all-891245-3-1165hdv-d-1-6276,24720,1195,3600,-122.32922374652722,47.624311711643934
b2b-all-891245-3-1165hdv-d-1-6277,24540,1195,3600,-122.32922374652722,47.624311711643934
b2b-all-891245-3-1165hdv-d-1-6278,27780,1195,3600,-122.32922374652722,47.624311711643934
b2b-all-891245-3-1165hdv-d-2-6279,29580,1195,3600,-122.32922374652722,47.624311711643934
b2b-all-891245-3-1165hdv-d-2-6280,26820,1195,3600,-122.32922374652722,47.624311711643934
b2b-all-891245-3-1166hdv-d-6281,24180,1195,3600,-122.32922374652722,47.624311711643934
b2b-all-891245-3-1166hdv-d-6282,24180,1195,3600,-122.32922374652722,47.624311711643934
b2b-all-891245-3-1166hdv-d-6283,29340,1195,3600,-122.32922374652722,47.624311711643934
b2b-all-891245-3-1166hdv-d-6284,24540,1195,3600,-122.32922374652722,47.624311711643934
b2b-all-891247-1-1167hdt-d-6285,36840,1202,3600,-122.321835356247,47.61962502073697
b2b-all-891251-1-1168hdt-d-6286,26520,2121,3600,-121.97205324976386,47.20674090473256
b2b-all-891251-1-1169hdt-d-6287,36900,2121,3600,-121.97205324976386,47.20674090473256
b2b-all-891252-1-1170hdv-d-6288,51540,2329,3600,-121.89708283075495,47.56459370529212
b2b-all-891255-1-1171hdt-d-6289,39600,1267,3600,-122.33792645398678,47.58692233693936
b2b-all-891255-1-1172hdt-d-6290,52200,1267,3600,-122.33792645398678,47.58692233693936
b2b-all-891255-1-1172hdt-d-6291,52200,1267,3600,-122.33792645398678,47.58692233693936
b2b-all-891255-1-1172hdt-d-6292,52200,1267,3600,-122.33792645398678,47.58692233693936
b2b-all-891255-1-1172hdt-d-6293,52200,1267,3600,-122.33792645398678,47.58692233693936
b2b-all-891255-1-1172hdt-d-6294,52200,1267,3600,-122.33792645398678,47.58692233693936
b2b-all-891255-1-1172hdt-d-6295,52200,1267,3600,-122.33792645398678,47.58692233693936
b2b-all-891277-1-1173hdv-d-6296,28260,3181,3600,-122.77190187190745,47.21656893604093
b2b-all-891277-1-1173hdv-d-6297,17160,3181,3600,-122.77190187190745,47.21656893604093
b2b-all-9229-1-1174md-d-6298,36600,2115,3600,-122.06092583414208,47.221636780232615
b2b-all-9229-1-1174md-d-6299,36600,2115,3600,-122.06092583414208,47.221636780232615
b2b-all-9229-1-1174md-d-6300,36600,2115,3600,-122.06092583414208,47.221636780232615
b2b-all-9229-1-1174md-d-6301,36600,2115,3600,-122.06092583414208,47.221636780232615
b2b-all-939959-1-1175md-d-6302,8700,5885,3600,-123.12917480974409,44.98433170990787
b2b-all-21805771-0hdt-d-6303,26580,3455,3600,-122.30768468413044,47.9372242090533
b2b-all-21805771-0hdt-d-6304,23400,3455,3600,-122.30768468413044,47.9372242090533
b2b-all-21805771-0hdt-d-6305,19140,3455,3600,-122.30768468413044,47.9372242090533
b2b-all-21805771-0hdt-d-6306,17220,3455,3600,-122.30768468413044,47.9372242090533
b2b-all-21805771-1hdt-d-6307,25080,3455,3600,-122.30768468413044,47.9372242090533
b2b-all-21805771-1hdt-d-6308,21600,3455,3600,-122.30768468413044,47.9372242090533
b2b-all-21806651-2hdv-d-6309,54000,2166,3600,-122.1131711978808,47.496193621496886
b2b-all-21806651-2hdv-d-6310,54000,2166,3600,-122.1131711978808,47.496193621496886
b2b-all-21806651-2hdv-d-6311,54000,2166,3600,-122.1131711978808,47.496193621496886
b2b-all-21806651-2hdv-d-6312,54000,2166,3600,-122.1131711978808,47.496193621496886
b2b-all-21806651-3hdv-d-6313,51060,2166,3600,-122.1131711978808,47.496193621496886
b2b-all-21806651-3hdv-d-6314,51060,2166,3600,-122.1131711978808,47.496193621496886
b2b-all-21807271-4hdt-d-6315,27660,3269,3600,-122.29447424953835,47.1975283587952
b2b-all-21807271-4hdt-d-6316,30180,3269,3600,-122.29447424953835,47.1975283587952
b2b-all-21807271-4hdt-d-6317,30600,3269,3600,-122.29447424953835,47.1975283587952
b2b-all-21809851-5hdt-d-6318,27600,2128,3600,-121.69744610643237,47.16798796331104
b2b-all-21809851-5hdt-d-6319,25680,2128,3600,-121.69744610643237,47.16798796331104
b2b-all-21809851-5hdt-d-6320,31980,2128,3600,-121.69744610643237,47.16798796331104
b2b-all-21809851-5hdt-d-6321,16080,2128,3600,-121.69744610643237,47.16798796331104
b2b-all-21809851-5hdt-d-6322,30960,2128,3600,-121.69744610643237,47.16798796331104
b2b-all-21809851-5hdt-d-6323,22140,2128,3600,-121.69744610643237,47.16798796331104
b2b-all-21809851-5hdt-d-6324,24120,2128,3600,-121.69744610643237,47.16798796331104
b2b-all-21809851-6hdt-d-6325,30600,2128,3600,-121.69744610643237,47.16798796331104
b2b-all-21809891-7hdt-d-6326,22920,3895,3600,-121.26884369455286,48.17174536079158
b2b-all-21809891-7hdt-d-6327,19440,3895,3600,-121.26884369455286,48.17174536079158
b2b-all-21809891-7hdt-d-6328,19020,3895,3600,-121.26884369455286,48.17174536079158
b2b-all-21809891-8hdt-d-6329,25140,3895,3600,-121.26884369455286,48.17174536079158
b2b-all-21810291-9hdt-d-6330,35700,3854,3600,-122.3645144674494,48.26687162473969
b2b-all-21810291-10hdt-d-6331,20400,3854,3600,-122.3645144674494,48.26687162473969
b2b-all-21810291-10hdt-d-6332,20400,3854,3600,-122.3645144674494,48.26687162473969
b2b-all-21810291-10hdt-d-6333,20400,3854,3600,-122.3645144674494,48.26687162473969
b2b-all-21810351-11hdt-d-6334,28500,3854,3600,-122.3645144674494,48.26687162473969
b2b-all-21810351-11hdt-d-6335,28500,3854,3600,-122.3645144674494,48.26687162473969
b2b-all-21810351-11hdt-d-6336,28500,3854,3600,-122.3645144674494,48.26687162473969
b2b-all-21810351-11hdt-d-6337,28500,3854,3600,-122.3645144674494,48.26687162473969
b2b-all-21810351-12hdt-d-6338,18720,3854,3600,-122.3645144674494,48.26687162473969
b2b-all-21810351-12hdt-d-6339,18720,3854,3600,-122.3645144674494,48.26687162473969
b2b-all-21810361-13hdt-d-6340,24720,3854,3600,-122.3645144674494,48.26687162473969
b2b-all-21810361-13hdt-d-6341,17220,3854,3600,-122.3645144674494,48.26687162473969
b2b-all-21810361-13hdt-d-6342,29100,3854,3600,-122.3645144674494,48.26687162473969
b2b-all-22119961-15hdt-d-6343,57000,1985,3600,-122.25841737108212,47.33422342545586
b2b-all-22119961-15hdt-d-6344,57000,1985,3600,-122.25841737108212,47.33422342545586
b2b-all-22119961-15hdt-d-6345,57000,1985,3600,-122.25841737108212,47.33422342545586
b2b-all-22119961-15hdt-d-6346,57000,1985,3600,-122.25841737108212,47.33422342545586
b2b-all-22119961-15hdt-d-6347,57000,1985,3600,-122.25841737108212,47.33422342545586
b2b-all-22119961-16hdt-d-6348,39720,1985,3600,-122.25841737108212,47.33422342545586
b2b-all-22119961-16hdt-d-6349,39720,1985,3600,-122.25841737108212,47.33422342545586
b2b-all-22120591-17hdt-d-6350,21060,3191,3600,-122.48240942711132,47.05796598200305
b2b-all-22120591-17hdt-d-6351,24540,3191,3600,-122.48240942711132,47.05796598200305
b2b-all-22120591-17hdt-d-6352,24360,3191,3600,-122.48240942711132,47.05796598200305
b2b-all-22120591-18hdt-d-6353,38400,3191,3600,-122.48240942711132,47.05796598200305
b2b-all-22120591-18hdt-d-6354,38400,3191,3600,-122.48240942711132,47.05796598200305
b2b-all-22122971-19hdt-d-6355,24120,3191,3600,-122.48240942711132,47.05796598200305
b2b-all-22122971-19hdt-d-6356,24120,3191,3600,-122.48240942711132,47.05796598200305
b2b-all-22122971-19hdt-d-6357,25560,3191,3600,-122.48240942711132,47.05796598200305
b2b-all-22122971-19hdt-d-6358,24120,3191,3600,-122.48240942711132,47.05796598200305
b2b-all-22122971-20hdt-d-6359,23400,3191,3600,-122.48240942711132,47.05796598200305
b2b-all-22123031-21hdt-d-6360,21540,3184,3600,-122.66808420396303,47.10635009599398
b2b-all-22123031-21hdt-d-6361,21540,3184,3600,-122.66808420396303,47.10635009599398
b2b-all-22123031-21hdt-d-6362,22140,3184,3600,-122.66808420396303,47.10635009599398
b2b-all-22123031-21hdt-d-6363,21540,3184,3600,-122.66808420396303,47.10635009599398
b2b-all-22123031-21hdt-d-6364,21540,3184,3600,-122.66808420396303,47.10635009599398
b2b-all-22123031-22hdt-d-6365,24900,3184,3600,-122.66808420396303,47.10635009599398
b2b-all-22123061-23hdt-d-6366,12900,5885,3600,-123.12917480974409,44.98433170990787
b2b-all-22123061-23hdt-d-6367,14280,5885,3600,-123.12917480974409,44.98433170990787
b2b-all-22123061-24hdt-d-6368,23040,5885,3600,-123.12917480974409,44.98433170990787
b2b-all-22123061-24hdt-d-6369,17520,5885,3600,-123.12917480974409,44.98433170990787
b2b-all-22123461-25hdt-d-6370,16920,5885,3600,-123.12917480974409,44.98433170990787
b2b-all-22123461-25hdt-d-6371,15720,5885,3600,-123.12917480974409,44.98433170990787
b2b-all-22123461-26hdt-d-6372,31800,5885,3600,-123.12917480974409,44.98433170990787
b2b-all-22123461-26hdt-d-6373,31800,5885,3600,-123.12917480974409,44.98433170990787
b2b-all-22123501-27hdt-d-6374,24120,5885,3600,-123.12917480974409,44.98433170990787
b2b-all-22123501-27hdt-d-6375,24120,5885,3600,-123.12917480974409,44.98433170990787
b2b-all-22123501-27hdt-d-6376,25140,5885,3600,-123.12917480974409,44.98433170990787
b2b-all-22123501-28hdt-d-6377,18420,5885,3600,-123.12917480974409,44.98433170990787
b2b-all-22123501-28hdt-d-6378,20100,5885,3600,-123.12917480974409,44.98433170990787
b2b-all-22123501-28hdt-d-6379,15900,5885,3600,-123.12917480974409,44.98433170990787
b2b-all-22123501-28hdt-d-6380,11100,5885,3600,-123.12917480974409,44.98433170990787
b2b-all-22123501-28hdt-d-6381,20100,5885,3600,-123.12917480974409,44.98433170990787
b2b-all-22123501-28hdt-d-6382,17340,5885,3600,-123.12917480974409,44.98433170990787
b2b-all-22123501-28hdt-d-6383,12300,5885,3600,-123.12917480974409,44.98433170990787
b2b-all-22123511-29hdt-d-6384,25080,5885,3600,-123.12917480974409,44.98433170990787
b2b-all-22123511-29hdt-d-6385,25080,5885,3600,-123.12917480974409,44.98433170990787
b2b-all-22123511-30hdt-d-6386,17880,5885,3600,-123.12917480974409,44.98433170990787
b2b-all-22123511-30hdt-d-6387,17880,5885,3600,-123.12917480974409,44.98433170990787
b2b-all-22125121-31hdt-d-6388,28260,2128,3600,-121.69744610643237,47.16798796331104
b2b-all-22125121-31hdt-d-6389,27000,2128,3600,-121.69744610643237,47.16798796331104
b2b-all-22125121-32hdt-d-6390,26460,2128,3600,-121.69744610643237,47.16798796331104
b2b-all-22125121-32hdt-d-6391,23700,2128,3600,-121.69744610643237,47.16798796331104
b2b-all-22125161-33md-d-6392,34140,2128,3600,-121.69744610643237,47.16798796331104
b2b-all-22125161-33md-d-6393,34140,2128,3600,-121.69744610643237,47.16798796331104
b2b-all-22125201-34hdt-d-6394,33000,2128,3600,-121.69744610643237,47.16798796331104
b2b-all-22125201-34hdt-d-6395,33000,2128,3600,-121.69744610643237,47.16798796331104
b2b-all-22125201-34hdt-d-6396,33000,2128,3600,-121.69744610643237,47.16798796331104
b2b-all-22125201-35hdt-d-6397,21660,2128,3600,-121.69744610643237,47.16798796331104
b2b-all-22125311-36hdt-d-6398,19560,3895,3600,-121.26884369455286,48.17174536079158
b2b-all-22125311-36hdt-d-6399,19560,3895,3600,-121.26884369455286,48.17174536079158
b2b-all-22125311-36hdt-d-6400,19560,3895,3600,-121.26884369455286,48.17174536079158
b2b-all-22125311-36hdt-d-6401,19560,3895,3600,-121.26884369455286,48.17174536079158
b2b-all-22125311-36hdt-d-6402,19560,3895,3600,-121.26884369455286,48.17174536079158
b2b-all-22125311-37hdt-d-6403,20640,3895,3600,-121.26884369455286,48.17174536079158
b2b-all-22125311-37hdt-d-6404,20640,3895,3600,-121.26884369455286,48.17174536079158
b2b-all-22125311-37hdt-d-6405,20640,3895,3600,-121.26884369455286,48.17174536079158
b2b-all-22125311-37hdt-d-6406,24780,3895,3600,-121.26884369455286,48.17174536079158
b2b-all-22125341-38hdt-d-6407,29340,3895,3600,-121.26884369455286,48.17174536079158
b2b-all-22125341-38hdt-d-6408,29340,3895,3600,-121.26884369455286,48.17174536079158
b2b-all-22125341-38hdt-d-6409,29340,3895,3600,-121.26884369455286,48.17174536079158
b2b-all-22125341-38hdt-d-6410,29340,3895,3600,-121.26884369455286,48.17174536079158
b2b-all-22125341-39hdt-d-6411,12840,3895,3600,-121.26884369455286,48.17174536079158
b2b-all-22126211-40hdt-d-6412,17460,3854,3600,-122.3645144674494,48.26687162473969
b2b-all-22126211-40hdt-d-6413,18900,3854,3600,-122.3645144674494,48.26687162473969
b2b-all-22126211-40hdt-d-6414,15060,3854,3600,-122.3645144674494,48.26687162473969
b2b-all-22126321-41hdt-d-6415,16200,3854,3600,-122.3645144674494,48.26687162473969
b2b-all-22126321-41hdt-d-6416,16200,3854,3600,-122.3645144674494,48.26687162473969
b2b-all-22126321-41hdt-d-6417,19980,3854,3600,-122.3645144674494,48.26687162473969
b2b-all-22126321-41hdt-d-6418,24300,3854,3600,-122.3645144674494,48.26687162473969
b2b-all-22126321-42hdt-d-6419,24000,3854,3600,-122.3645144674494,48.26687162473969
b2b-all-22126321-42hdt-d-6420,27960,3854,3600,-122.3645144674494,48.26687162473969
b2b-all-22126321-42hdt-d-6421,24000,3854,3600,-122.3645144674494,48.26687162473969
b2b-all-22126321-42hdt-d-6422,24000,3854,3600,-122.3645144674494,48.26687162473969
b2b-all-22126321-42hdt-d-6423,24000,3854,3600,-122.3645144674494,48.26687162473969
b2b-all-22126321-42hdt-d-6424,24000,3854,3600,-122.3645144674494,48.26687162473969
b2b-all-22126321-42hdt-d-6425,24000,3854,3600,-122.3645144674494,48.26687162473969
b2b-all-22126391-43hdv-d-0-6426,26100,3854,3600,-122.3645144674494,48.26687162473969
b2b-all-22126391-43hdv-d-0-6427,24900,3854,3600,-122.3645144674494,48.26687162473969
b2b-all-22126391-43hdv-d-0-6428,19740,3854,3600,-122.3645144674494,48.26687162473969
b2b-all-22126391-43hdv-d-0-6429,25560,3854,3600,-122.3645144674494,48.26687162473969
b2b-all-22126391-43hdv-d-0-6430,21480,3854,3600,-122.3645144674494,48.26687162473969
b2b-all-22126391-43hdv-d-0-6431,16440,3854,3600,-122.3645144674494,48.26687162473969
b2b-all-22126391-43hdv-d-0-6432,23520,3854,3600,-122.3645144674494,48.26687162473969
b2b-all-22126391-43hdv-d-0-6433,21900,3854,3600,-122.3645144674494,48.26687162473969
b2b-all-22126391-43hdv-d-1-6434,28560,3854,3600,-122.3645144674494,48.26687162473969
b2b-all-22126391-43hdv-d-1-6435,25680,3854,3600,-122.3645144674494,48.26687162473969
b2b-all-22126391-44hdv-d-6436,30780,3854,3600,-122.3645144674494,48.26687162473969
b2b-all-22126811-45hdt-d-6437,16500,2128,3600,-121.69744610643237,47.16798796331104
b2b-all-22126811-45hdt-d-6438,19140,2128,3600,-121.69744610643237,47.16798796331104
b2b-all-22126811-45hdt-d-6439,21600,2128,3600,-121.69744610643237,47.16798796331104
b2b-all-22126811-46hdt-d-6440,34380,2128,3600,-121.69744610643237,47.16798796331104
b2b-all-22126811-46hdt-d-6441,34380,2128,3600,-121.69744610643237,47.16798796331104
b2b-all-22126871-47hdt-d-6442,24720,2128,3600,-121.69744610643237,47.16798796331104
b2b-all-22126871-47hdt-d-6443,18240,2128,3600,-121.69744610643237,47.16798796331104
b2b-all-22126871-48hdt-d-6444,20460,2128,3600,-121.69744610643237,47.16798796331104
b2b-all-22126871-48hdt-d-6445,31680,2128,3600,-121.69744610643237,47.16798796331104
b2b-all-22126871-48hdt-d-6446,27780,2128,3600,-121.69744610643237,47.16798796331104
b2b-all-22126871-48hdt-d-6447,28500,2128,3600,-121.69744610643237,47.16798796331104
b2b-all-22126871-48hdt-d-6448,22140,2128,3600,-121.69744610643237,47.16798796331104
b2b-all-22126871-48hdt-d-6449,28680,2128,3600,-121.69744610643237,47.16798796331104
b2b-all-22126871-48hdt-d-6450,25680,2128,3600,-121.69744610643237,47.16798796331104
b2b-all-22194911-49hdt-d-0-6451,33000,3191,3600,-122.48240942711132,47.05796598200305
b2b-all-22194911-49hdt-d-0-6452,33000,3191,3600,-122.48240942711132,47.05796598200305
b2b-all-22194911-49hdt-d-0-6453,33000,3191,3600,-122.48240942711132,47.05796598200305
b2b-all-22194911-49hdt-d-0-6454,33000,3191,3600,-122.48240942711132,47.05796598200305
b2b-all-22194911-49hdt-d-0-6455,33000,3191,3600,-122.48240942711132,47.05796598200305
b2b-all-22194911-49hdt-d-0-6456,33000,3191,3600,-122.48240942711132,47.05796598200305
b2b-all-22194911-49hdt-d-0-6457,33000,3191,3600,-122.48240942711132,47.05796598200305
b2b-all-22194911-49hdt-d-0-6458,33000,3191,3600,-122.48240942711132,47.05796598200305
b2b-all-22194911-49hdt-d-0-6459,33000,3191,3600,-122.48240942711132,47.05796598200305
b2b-all-22194911-49hdt-d-0-6460,33000,3191,3600,-122.48240942711132,47.05796598200305
b2b-all-22194911-49hdt-d-1-6461,33000,3191,3600,-122.48240942711132,47.05796598200305
b2b-all-22194981-50hdt-d-6462,26580,5885,3600,-123.12917480974409,44.98433170990787
b2b-all-22194981-50hdt-d-6463,26580,5885,3600,-123.12917480974409,44.98433170990787
b2b-all-22194981-51hdt-d-6464,22800,5885,3600,-123.12917480974409,44.98433170990787
b2b-all-22195151-52hdt-d-6465,29280,2128,3600,-121.69744610643237,47.16798796331104
b2b-all-22195151-52hdt-d-6466,27600,2128,3600,-121.69744610643237,47.16798796331104
b2b-all-22195151-52hdt-d-6467,27600,2128,3600,-121.69744610643237,47.16798796331104
b2b-all-22195151-52hdt-d-6468,27600,2128,3600,-121.69744610643237,47.16798796331104
b2b-all-22195151-52hdt-d-6469,31980,2128,3600,-121.69744610643237,47.16798796331104
b2b-all-22195151-52hdt-d-6470,27600,2128,3600,-121.69744610643237,47.16798796331104
b2b-all-22262371-53hdt-d-6471,24060,3455,3600,-122.30768468413044,47.9372242090533
b2b-all-22262371-53hdt-d-6472,19380,3455,3600,-122.30768468413044,47.9372242090533
b2b-all-22262371-53hdt-d-6473,21480,3455,3600,-122.30768468413044,47.9372242090533
b2b-all-22262371-53hdt-d-6474,22680,3455,3600,-122.30768468413044,47.9372242090533
b2b-all-22262371-53hdt-d-6475,24180,3455,3600,-122.30768468413044,47.9372242090533
b2b-all-22262371-53hdt-d-6476,30960,3455,3600,-122.30768468413044,47.9372242090533
b2b-all-22262371-53hdt-d-6477,24780,3455,3600,-122.30768468413044,47.9372242090533
b2b-all-22262371-54hdt-d-6478,20340,3455,3600,-122.30768468413044,47.9372242090533
b2b-all-22262371-54hdt-d-6479,25500,3455,3600,-122.30768468413044,47.9372242090533
b2b-all-22263721-55hdt-d-6480,26880,2128,3600,-121.69744610643237,47.16798796331104
b2b-all-22263721-55hdt-d-6481,16200,2128,3600,-121.69744610643237,47.16798796331104
b2b-all-22263721-55hdt-d-6482,20040,2128,3600,-121.69744610643237,47.16798796331104
b2b-all-22263721-56hdt-d-6483,19740,2128,3600,-121.69744610643237,47.16798796331104
b2b-all-22263722-57hdv-d-6484,24000,2128,3600,-121.69744610643237,47.16798796331104
b2b-all-22263722-57hdv-d-6485,16200,2128,3600,-121.69744610643237,47.16798796331104
b2b-all-22263722-57hdv-d-6486,32460,2128,3600,-121.69744610643237,47.16798796331104
b2b-all-22263722-57hdv-d-6487,29460,2128,3600,-121.69744610643237,47.16798796331104
b2b-all-22263722-57hdv-d-6488,9000,2128,3600,-121.69744610643237,47.16798796331104
b2b-all-22263722-57hdv-d-6489,28860,2128,3600,-121.69744610643237,47.16798796331104
b2b-all-22263722-57hdv-d-6490,16920,2128,3600,-121.69744610643237,47.16798796331104
b2b-all-22514461-58hdt-d-6491,31440,1882,3600,-122.29881563123458,47.402263821863066
b2b-all-22514461-58hdt-d-6492,30000,1882,3600,-122.29881563123458,47.402263821863066
b2b-all-22514461-58hdt-d-6493,14640,1882,3600,-122.29881563123458,47.402263821863066
b2b-all-22514461-59hdt-d-6494,31680,1882,3600,-122.29881563123458,47.402263821863066
b2b-all-22514461-59hdt-d-6495,25860,1882,3600,-122.29881563123458,47.402263821863066
b2b-all-22514461-59hdt-d-6496,25860,1882,3600,-122.29881563123458,47.402263821863066
b2b-all-22515492-60hdv-d-0-6497,34020,3269,3600,-122.30153394063854,47.19926375764609
b2b-all-22515492-60hdv-d-0-6498,34020,3269,3600,-122.30153394063854,47.19926375764609
b2b-all-22515492-60hdv-d-0-6499,34020,3269,3600,-122.30153394063854,47.19926375764609
b2b-all-22515492-60hdv-d-0-6500,34020,3269,3600,-122.30153394063854,47.19926375764609
b2b-all-22515492-60hdv-d-0-6501,34020,3269,3600,-122.30153394063854,47.19926375764609
b2b-all-22515492-60hdv-d-0-6502,34020,3269,3600,-122.30153394063854,47.19926375764609
b2b-all-22515492-60hdv-d-0-6503,34020,3269,3600,-122.30153394063854,47.19926375764609
b2b-all-22515492-60hdv-d-0-6504,34020,3269,3600,-122.30153394063854,47.19926375764609
b2b-all-22515492-60hdv-d-1-6505,34020,3269,3600,-122.30153394063854,47.19926375764609
b2b-all-22515492-60hdv-d-1-6506,34020,3269,3600,-122.30153394063854,47.19926375764609
b2b-all-22515492-61hdv-d-6507,40200,3269,3600,-122.30153394063854,47.19926375764609
b2b-all-22515492-61hdv-d-6508,40200,3269,3600,-122.30153394063854,47.19926375764609
b2b-all-22516921-62md-d-6509,25560,5885,3600,-123.12917480974409,44.98433170990787
b2b-all-22516921-62md-d-6510,25560,5885,3600,-123.12917480974409,44.98433170990787
b2b-all-22516971-63hdt-d-6511,28560,5885,3600,-123.12917480974409,44.98433170990787
b2b-all-22516971-63hdt-d-6512,28560,5885,3600,-123.12917480974409,44.98433170990787
b2b-all-22516971-63hdt-d-6513,28560,5885,3600,-123.12917480974409,44.98433170990787
b2b-all-22516971-63hdt-d-6514,28560,5885,3600,-123.12917480974409,44.98433170990787
b2b-all-22516971-64hdt-d-6515,19980,5885,3600,-123.12917480974409,44.98433170990787
b2b-all-22518031-65hdt-d-6516,10440,2128,3600,-121.69744610643237,47.16798796331104
b2b-all-22518031-65hdt-d-6517,15540,2128,3600,-121.69744610643237,47.16798796331104
b2b-all-22518031-66hdt-d-6518,26940,2128,3600,-121.69744610643237,47.16798796331104
b2b-all-22518031-66hdt-d-6519,26940,2128,3600,-121.69744610643237,47.16798796331104
b2b-all-22518031-66hdt-d-6520,26940,2128,3600,-121.69744610643237,47.16798796331104
b2b-all-22518601-67hdt-d-6521,33900,2128,3600,-121.69744610643237,47.16798796331104
b2b-all-22518601-67hdt-d-6522,33900,2128,3600,-121.69744610643237,47.16798796331104
b2b-all-22518601-67hdt-d-6523,33900,2128,3600,-121.69744610643237,47.16798796331104
b2b-all-22518601-68hdt-d-6524,29280,2128,3600,-121.69744610643237,47.16798796331104
b2b-all-22518841-69hdt-d-6525,30720,3895,3600,-121.26884369455286,48.17174536079158
b2b-all-22518841-69hdt-d-6526,30720,3895,3600,-121.26884369455286,48.17174536079158
b2b-all-22518841-69hdt-d-6527,30720,3895,3600,-121.26884369455286,48.17174536079158
b2b-all-22518841-69hdt-d-6528,30720,3895,3600,-121.26884369455286,48.17174536079158
b2b-all-22518841-70hdt-d-6529,30600,3895,3600,-121.26884369455286,48.17174536079158
b2b-all-22518841-70hdt-d-6530,30600,3895,3600,-121.26884369455286,48.17174536079158
b2b-all-22518861-71hdt-d-6531,23400,3895,3600,-121.26884369455286,48.17174536079158
b2b-all-22518861-71hdt-d-6532,19620,3895,3600,-121.26884369455286,48.17174536079158
b2b-all-22518861-71hdt-d-6533,18720,3895,3600,-121.26884369455286,48.17174536079158
b2b-all-22518861-72hdt-d-6534,26400,3895,3600,-121.26884369455286,48.17174536079158
b2b-all-22519361-73hdt-d-0-6535,33000,3854,3600,-122.3645144674494,48.26687162473969
b2b-all-22519361-73hdt-d-0-6536,33000,3854,3600,-122.3645144674494,48.26687162473969
b2b-all-22519361-73hdt-d-0-6537,33000,3854,3600,-122.3645144674494,48.26687162473969
b2b-all-22519361-73hdt-d-0-6538,33000,3854,3600,-122.3645144674494,48.26687162473969
b2b-all-22519361-73hdt-d-0-6539,33000,3854,3600,-122.3645144674494,48.26687162473969
b2b-all-22519361-73hdt-d-0-6540,33000,3854,3600,-122.3645144674494,48.26687162473969
b2b-all-22519361-73hdt-d-0-6541,33000,3854,3600,-122.3645144674494,48.26687162473969
b2b-all-22519361-73hdt-d-1-6542,33000,3854,3600,-122.3645144674494,48.26687162473969
b2b-all-22519361-73hdt-d-1-6543,33000,3854,3600,-122.3645144674494,48.26687162473969
b2b-all-22519401-74hdt-d-6544,23700,3854,3600,-122.3645144674494,48.26687162473969
b2b-all-22519401-74hdt-d-6545,19140,3854,3600,-122.3645144674494,48.26687162473969
b2b-all-22519401-74hdt-d-6546,19140,3854,3600,-122.3645144674494,48.26687162473969
b2b-all-22519401-74hdt-d-6547,24300,3854,3600,-122.3645144674494,48.26687162473969
b2b-all-22519401-75hdt-d-6548,22800,3854,3600,-122.3645144674494,48.26687162473969
b2b-all-22519401-75hdt-d-6549,24540,3854,3600,-122.3645144674494,48.26687162473969
b2b-all-22519421-76hdt-d-6550,18660,3854,3600,-122.3645144674494,48.26687162473969
b2b-all-22519421-76hdt-d-6551,23880,3854,3600,-122.3645144674494,48.26687162473969
b2b-all-22519421-76hdt-d-6552,18660,3854,3600,-122.3645144674494,48.26687162473969
b2b-all-22519421-77hdt-d-6553,39000,3854,3600,-122.3645144674494,48.26687162473969
b2b-all-22519421-77hdt-d-6554,39000,3854,3600,-122.3645144674494,48.26687162473969
b2b-all-22519421-77hdt-d-6555,39000,3854,3600,-122.3645144674494,48.26687162473969
b2b-all-22519421-77hdt-d-6556,39000,3854,3600,-122.3645144674494,48.26687162473969
b2b-all-22519421-77hdt-d-6557,39000,3854,3600,-122.3645144674494,48.26687162473969
b2b-all-22519421-77hdt-d-6558,39000,3854,3600,-122.3645144674494,48.26687162473969
b2b-all-22519421-77hdt-d-6559,39000,3854,3600,-122.3645144674494,48.26687162473969
b2b-all-22622061-78hdt-d-6560,20820,5885,3600,-123.12917480974409,44.98433170990787
b2b-all-22622061-78hdt-d-6561,20820,5885,3600,-123.12917480974409,44.98433170990787
b2b-all-22622061-78hdt-d-6562,21600,5885,3600,-123.12917480974409,44.98433170990787
b2b-all-22622061-79hdt-d-6563,14640,5885,3600,-123.12917480974409,44.98433170990787
b2b-all-22622061-79hdt-d-6564,9780,5885,3600,-123.12917480974409,44.98433170990787
b2b-all-22622111-80hdt-d-6565,28740,5885,3600,-123.12917480974409,44.98433170990787
b2b-all-22622111-80hdt-d-6566,28740,5885,3600,-123.12917480974409,44.98433170990787
b2b-all-22622111-80hdt-d-6567,28740,5885,3600,-123.12917480974409,44.98433170990787
b2b-all-22622111-81hdt-d-6568,32400,5885,3600,-123.12917480974409,44.98433170990787
b2b-all-22622111-81hdt-d-6569,32400,5885,3600,-123.12917480974409,44.98433170990787
b2b-all-22622111-81hdt-d-6570,32400,5885,3600,-123.12917480974409,44.98433170990787
b2b-all-22623081-82hdt-d-6571,26700,3854,3600,-122.3645144674494,48.26687162473969
b2b-all-22623081-82hdt-d-6572,26700,3854,3600,-122.3645144674494,48.26687162473969
b2b-all-22623081-82hdt-d-6573,26700,3854,3600,-122.3645144674494,48.26687162473969
b2b-all-22623081-83hdt-d-6574,23040,3854,3600,-122.3645144674494,48.26687162473969
b2b-all-22623081-83hdt-d-6575,28140,3854,3600,-122.3645144674494,48.26687162473969
b2b-all-22623081-83hdt-d-6576,23040,3854,3600,-122.3645144674494,48.26687162473969
b2b-all-22623081-83hdt-d-6577,23040,3854,3600,-122.3645144674494,48.26687162473969
b2b-all-22623081-83hdt-d-6578,23040,3854,3600,-122.3645144674494,48.26687162473969
b2b-all-22623302-84hdt-d-6579,32460,2128,3600,-121.69744610643237,47.16798796331104
b2b-all-22623302-84hdt-d-6580,29460,2128,3600,-121.69744610643237,47.16798796331104
b2b-all-22623302-84hdt-d-6581,29580,2128,3600,-121.69744610643237,47.16798796331104
b2b-all-22623302-85hdt-d-6582,28020,2128,3600,-121.69744610643237,47.16798796331104
b2b-all-68330692-86hdt-d-0-6583,19800,2128,3600,-121.69744610643237,47.16798796331104
b2b-all-68330692-86hdt-d-0-6584,25680,2128,3600,-121.69744610643237,47.16798796331104
b2b-all-68330692-86hdt-d-0-6585,25920,2128,3600,-121.69744610643237,47.16798796331104
b2b-all-68330692-86hdt-d-0-6586,19800,2128,3600,-121.69744610643237,47.16798796331104
b2b-all-68330692-86hdt-d-0-6587,19800,2128,3600,-121.69744610643237,47.16798796331104
b2b-all-68330692-86hdt-d-0-6588,19800,2128,3600,-121.69744610643237,47.16798796331104
b2b-all-68330692-86hdt-d-0-6589,19800,2128,3600,-121.69744610643237,47.16798796331104
b2b-all-68330692-86hdt-d-1-6590,24300,2128,3600,-121.69744610643237,47.16798796331104
b2b-all-68330692-86hdt-d-1-6591,21060,2128,3600,-121.69744610643237,47.16798796331104
b2b-all-68330692-86hdt-d-1-6592,27600,2128,3600,-121.69744610643237,47.16798796331104
b2b-all-68330692-86hdt-d-1-6593,19800,2128,3600,-121.69744610643237,47.16798796331104
b2b-all-68330692-87hdt-d-6594,28140,2128,3600,-121.69744610643237,47.16798796331104
b2b-all-68330692-87hdt-d-6595,24900,2128,3600,-121.69744610643237,47.16798796331104
b2b-all-68330692-87hdt-d-6596,33480,2128,3600,-121.69744610643237,47.16798796331104
b2b-all-68330882-88hdt-d-0-6597,28140,2128,3600,-121.69744610643237,47.16798796331104
b2b-all-68330882-88hdt-d-0-6598,28260,2128,3600,-121.69744610643237,47.16798796331104
b2b-all-68330882-88hdt-d-0-6599,28980,2128,3600,-121.69744610643237,47.16798796331104
b2b-all-68330882-88hdt-d-0-6600,28140,2128,3600,-121.69744610643237,47.16798796331104
b2b-all-68330882-88hdt-d-0-6601,28140,2128,3600,-121.69744610643237,47.16798796331104
b2b-all-68330882-88hdt-d-0-6602,28140,2128,3600,-121.69744610643237,47.16798796331104
b2b-all-68330882-88hdt-d-0-6603,28140,2128,3600,-121.69744610643237,47.16798796331104
b2b-all-68330882-88hdt-d-0-6604,28320,2128,3600,-121.69744610643237,47.16798796331104
b2b-all-68330882-88hdt-d-1-6605,29640,2128,3600,-121.69744610643237,47.16798796331104
b2b-all-68330882-88hdt-d-1-6606,28140,2128,3600,-121.69744610643237,47.16798796331104
b2b-all-68330882-88hdt-d-1-6607,28140,2128,3600,-121.69744610643237,47.16798796331104
b2b-all-68330882-88hdt-d-1-6608,28140,2128,3600,-121.69744610643237,47.16798796331104
b2b-all-68330882-88hdt-d-1-6609,28140,2128,3600,-121.69744610643237,47.16798796331104
b2b-all-68330882-88hdt-d-1-6610,28140,2128,3600,-121.69744610643237,47.16798796331104
b2b-all-68330882-88hdt-d-1-6611,28140,2128,3600,-121.69744610643237,47.16798796331104
b2b-all-68330882-88hdt-d-1-6612,28140,2128,3600,-121.69744610643237,47.16798796331104
b2b-all-68330882-88hdt-d-2-6613,28140,2128,3600,-121.69744610643237,47.16798796331104
b2b-all-68330882-88hdt-d-2-6614,28140,2128,3600,-121.69744610643237,47.16798796331104
b2b-all-68330882-89hdt-d-6615,16680,2128,3600,-121.69744610643237,47.16798796331104
b2b-all-68330882-89hdt-d-6616,17160,2128,3600,-121.69744610643237,47.16798796331104
b2b-all-68330882-89hdt-d-6617,19260,2128,3600,-121.69744610643237,47.16798796331104
b2b-all-68330882-89hdt-d-6618,30120,2128,3600,-121.69744610643237,47.16798796331104
b2b-all-68330882-89hdt-d-6619,16380,2128,3600,-121.69744610643237,47.16798796331104
b2b-all-68330882-89hdt-d-6620,22620,2128,3600,-121.69744610643237,47.16798796331104
b2b-all-68330882-89hdt-d-6621,31320,2128,3600,-121.69744610643237,47.16798796331104
b2b-all-68330883-90hdv-d-0-6622,31860,2128,3600,-121.69744610643237,47.16798796331104
b2b-all-68330883-90hdv-d-0-6623,31860,2128,3600,-121.69744610643237,47.16798796331104
b2b-all-68330883-90hdv-d-0-6624,31860,2128,3600,-121.69744610643237,47.16798796331104
b2b-all-68330883-90hdv-d-0-6625,31860,2128,3600,-121.69744610643237,47.16798796331104
b2b-all-68330883-90hdv-d-0-6626,31860,2128,3600,-121.69744610643237,47.16798796331104
b2b-all-68330883-90hdv-d-0-6627,31860,2128,3600,-121.69744610643237,47.16798796331104
b2b-all-68330883-90hdv-d-0-6628,31860,2128,3600,-121.69744610643237,47.16798796331104
b2b-all-68330883-90hdv-d-0-6629,31860,2128,3600,-121.69744610643237,47.16798796331104
b2b-all-68330883-90hdv-d-0-6630,31860,2128,3600,-121.69744610643237,47.16798796331104
b2b-all-68330883-90hdv-d-0-6631,31860,2128,3600,-121.69744610643237,47.16798796331104
b2b-all-68330883-90hdv-d-1-6632,31860,2128,3600,-121.69744610643237,47.16798796331104
b2b-all-68330883-90hdv-d-1-6633,31860,2128,3600,-121.69744610643237,47.16798796331104
b2b-all-68330883-90hdv-d-1-6634,31860,2128,3600,-121.69744610643237,47.16798796331104
b2b-all-68330883-90hdv-d-1-6635,31860,2128,3600,-121.69744610643237,47.16798796331104
b2b-all-68330883-90hdv-d-1-6636,31860,2128,3600,-121.69744610643237,47.16798796331104
b2b-all-68330883-90hdv-d-1-6637,31860,2128,3600,-121.69744610643237,47.16798796331104
b2b-all-68330883-90hdv-d-1-6638,31860,2128,3600,-121.69744610643237,47.16798796331104
b2b-all-68330883-91hdv-d-6639,28560,2128,3600,-121.69744610643237,47.16798796331104
b2b-all-68367271-92hdt-d-0-6640,42000,1844,3600,-122.28392059655694,47.46676977725121
b2b-all-68367271-92hdt-d-0-6641,42000,1844,3600,-122.28392059655694,47.46676977725121
b2b-all-68367271-92hdt-d-0-6642,42000,1844,3600,-122.28392059655694,47.46676977725121
b2b-all-68367271-92hdt-d-0-6643,42000,1844,3600,-122.28392059655694,47.46676977725121
b2b-all-68367271-92hdt-d-0-6644,42000,1844,3600,-122.28392059655694,47.46676977725121
b2b-all-68367271-92hdt-d-0-6645,42000,1844,3600,-122.28392059655694,47.46676977725121
b2b-all-68367271-92hdt-d-0-6646,42000,1844,3600,-122.28392059655694,47.46676977725121
b2b-all-68367271-92hdt-d-0-6647,42000,1844,3600,-122.28392059655694,47.46676977725121
b2b-all-68367271-92hdt-d-0-6648,42000,1844,3600,-122.28392059655694,47.46676977725121
b2b-all-68367271-92hdt-d-0-6649,42000,1844,3600,-122.28392059655694,47.46676977725121
b2b-all-68367271-92hdt-d-0-6650,42000,1844,3600,-122.28392059655694,47.46676977725121
b2b-all-68367271-92hdt-d-1-6651,42000,1844,3600,-122.28392059655694,47.46676977725121
b2b-all-68367271-92hdt-d-1-6652,42000,1844,3600,-122.28392059655694,47.46676977725121
b2b-all-68367271-92hdt-d-1-6653,42000,1844,3600,-122.28392059655694,47.46676977725121
b2b-all-68367271-92hdt-d-1-6654,42000,1844,3600,-122.28392059655694,47.46676977725121
b2b-all-68367271-92hdt-d-1-6655,42000,1844,3600,-122.28392059655694,47.46676977725121
b2b-all-68367271-92hdt-d-1-6656,42000,1844,3600,-122.28392059655694,47.46676977725121
b2b-all-68367271-92hdt-d-1-6657,42000,1844,3600,-122.28392059655694,47.46676977725121
b2b-all-68367271-92hdt-d-1-6658,42000,1844,3600,-122.28392059655694,47.46676977725121
b2b-all-68367271-92hdt-d-1-6659,42000,1844,3600,-122.28392059655694,47.46676977725121
b2b-all-68367271-92hdt-d-1-6660,42000,1844,3600,-122.28392059655694,47.46676977725121
b2b-all-68367271-92hdt-d-1-6661,42000,1844,3600,-122.28392059655694,47.46676977725121
b2b-all-68367271-92hdt-d-2-6662,42000,1844,3600,-122.28392059655694,47.46676977725121
b2b-all-68367271-93hdt-d-6663,27600,1844,3600,-122.28392059655694,47.46676977725121
b2b-all-83148413-94hdv-d-0-6664,54000,2166,3600,-122.11024949384009,47.48836546786339
b2b-all-83148413-94hdv-d-0-6665,54000,2166,3600,-122.11024949384009,47.48836546786339
b2b-all-83148413-94hdv-d-0-6666,54000,2166,3600,-122.11024949384009,47.48836546786339
b2b-all-83148413-94hdv-d-0-6667,54000,2166,3600,-122.11024949384009,47.48836546786339
b2b-all-83148413-94hdv-d-0-6668,54000,2166,3600,-122.11024949384009,47.48836546786339
b2b-all-83148413-94hdv-d-0-6669,54000,2166,3600,-122.11024949384009,47.48836546786339
b2b-all-83148413-94hdv-d-0-6670,54000,2166,3600,-122.11024949384009,47.48836546786339
b2b-all-83148413-94hdv-d-0-6671,54000,2166,3600,-122.11024949384009,47.48836546786339
b2b-all-83148413-94hdv-d-0-6672,54000,2166,3600,-122.11024949384009,47.48836546786339
b2b-all-83148413-94hdv-d-1-6673,54000,2166,3600,-122.11024949384009,47.48836546786339
b2b-all-83148413-94hdv-d-1-6674,54000,2166,3600,-122.11024949384009,47.48836546786339
b2b-all-83148413-94hdv-d-1-6675,54000,2166,3600,-122.11024949384009,47.48836546786339
b2b-all-83148413-94hdv-d-1-6676,54000,2166,3600,-122.11024949384009,47.48836546786339
b2b-all-83148413-94hdv-d-1-6677,54000,2166,3600,-122.11024949384009,47.48836546786339
b2b-all-83148413-94hdv-d-1-6678,54000,2166,3600,-122.11024949384009,47.48836546786339
b2b-all-83148413-94hdv-d-1-6679,54000,2166,3600,-122.11024949384009,47.48836546786339
b2b-all-83148413-94hdv-d-1-6680,54000,2166,3600,-122.11024949384009,47.48836546786339
b2b-all-83148413-94hdv-d-1-6681,54000,2166,3600,-122.11024949384009,47.48836546786339
b2b-all-83148413-94hdv-d-1-6682,54000,2166,3600,-122.11024949384009,47.48836546786339
b2b-all-83148413-94hdv-d-2-6683,54000,2166,3600,-122.11024949384009,47.48836546786339
b2b-all-83148413-95hdv-d-6684,42300,2166,3600,-122.11024949384009,47.48836546786339
b2b-all-83148413-95hdv-d-6685,42300,2166,3600,-122.11024949384009,47.48836546786339
b2b-all-2345582-1-0md-d-6686,19140,5879,3600,-123.04362483193276,44.94821565940063
b2b-all-2351670-1-1md-d-6687,39000,3191,3600,-122.48240942711132,47.05796598200305
b2b-all-2351673-1-2md-d-6688,50760,3242,3600,-122.31385051233543,47.0836267703261
b2b-all-2351674-2-4hdv-d-0-6689,29880,3206,3600,-122.51647512273118,46.92355820189936
b2b-all-2351674-2-4hdv-d-0-6690,26760,3206,3600,-122.51647512273118,46.92355820189936
b2b-all-2351674-2-4hdv-d-0-6691,22440,3206,3600,-122.51647512273118,46.92355820189936
b2b-all-2351674-2-4hdv-d-1-6692,34020,3206,3600,-122.51647512273118,46.92355820189936
b2b-all-2351674-2-4hdv-d-1-6693,16080,3206,3600,-122.51647512273118,46.92355820189936
b2b-all-2351674-2-4hdv-d-1-6694,23100,3206,3600,-122.51647512273118,46.92355820189936
b2b-all-2351674-2-4hdv-d-2-6695,26820,3206,3600,-122.51647512273118,46.92355820189936
b2b-all-2351674-2-4hdv-d-2-6696,19620,3206,3600,-122.51647512273118,46.92355820189936
b2b-all-2351674-2-5hdv-d-6697,40500,3206,3600,-122.51647512273118,46.92355820189936
b2b-all-2351675-1-6hdv-d-6698,21720,3854,3600,-122.3645144674494,48.26687162473969
b2b-all-2351676-1-7hdt-d-6699,20280,3854,3600,-122.3645144674494,48.26687162473969
b2b-all-2353489-2-9md-d-6700,31140,5892,3600,-123.31954300062677,44.91796626361566
b2b-all-2353489-2-10md-d-6701,54780,5892,3600,-123.31954300062677,44.91796626361566
b2b-all-2353489-2-10md-d-6702,54780,5892,3600,-123.31954300062677,44.91796626361566
b2b-all-2353489-2-10md-d-6703,54780,5892,3600,-123.31954300062677,44.91796626361566
b2b-all-2353489-2-10md-d-6704,54780,5892,3600,-123.31954300062677,44.91796626361566
b2b-all-2353489-2-10md-d-6705,54780,5892,3600,-123.31954300062677,44.91796626361566
b2b-all-2353489-2-10md-d-6706,54780,5892,3600,-123.31954300062677,44.91796626361566
b2b-all-2353489-2-10md-d-6707,54780,5892,3600,-123.31954300062677,44.91796626361566
b2b-all-2353489-2-10md-d-6708,54780,5892,3600,-123.31954300062677,44.91796626361566
b2b-all-2353489-2-10md-d-6709,54780,5892,3600,-123.31954300062677,44.91796626361566
b2b-all-2353489-2-10md-d-6710,54780,5892,3600,-123.31954300062677,44.91796626361566
b2b-all-2353490-1-11hdv-d-6711,20640,5890,3600,-123.28497978327796,44.9182682463906
b2b-all-2353490-1-11hdv-d-6712,20640,5890,3600,-123.28497978327796,44.9182682463906
b2b-all-2353490-1-11hdv-d-6713,23520,5890,3600,-123.28497978327796,44.9182682463906
b2b-all-2353490-1-11hdv-d-6714,25980,5890,3600,-123.28497978327796,44.9182682463906
b2b-all-2353490-1-11hdv-d-6715,22200,5890,3600,-123.28497978327796,44.9182682463906
b2b-all-2353490-1-11hdv-d-6716,20640,5890,3600,-123.28497978327796,44.9182682463906
b2b-all-2353497-1-12md-d-6717,26520,5885,3600,-123.12917480974409,44.98433170990787
b2b-all-2353875-1-13md-d-6718,52500,3168,3600,-122.596653401823,47.36294047555517
b2b-all-2353875-1-13hdv-d-6719,52500,3168,3600,-122.596653401823,47.36294047555517
b2b-all-2353877-1-14hdv-d-6720,31320,2756,3600,-122.42033686134906,47.24315189464417
b2b-all-2354543-2-15md-d-6721,46800,3295,3600,-122.38043335501531,47.286672393148784
b2b-all-2354543-2-15md-d-6722,46800,3295,3600,-122.38043335501531,47.286672393148784
b2b-all-2354543-3-16hdt-d-0-6723,40440,3295,3600,-122.38043335501531,47.286672393148784
b2b-all-2354543-3-16hdt-d-0-6724,40440,3295,3600,-122.38043335501531,47.286672393148784
b2b-all-2354543-3-16hdt-d-0-6725,40440,3295,3600,-122.38043335501531,47.286672393148784
b2b-all-2354543-3-16hdt-d-1-6726,40440,3295,3600,-122.38043335501531,47.286672393148784
b2b-all-2354543-3-16hdt-d-1-6727,40440,3295,3600,-122.38043335501531,47.286672393148784
b2b-all-2354544-1-17md-d-6728,27480,2781,3600,-122.48667910059932,47.261114254668
b2b-all-2354544-1-17hdt-d-6729,32160,2781,3600,-122.48667910059932,47.261114254668
b2b-all-2355147-1-18hdt-d-6730,24600,5885,3600,-123.12917480974409,44.98433170990787
b2b-all-2355152-1-19md-d-6731,15360,5885,3600,-123.12917480974409,44.98433170990787
b2b-all-2355268-2-20md-d-6732,17100,3103,3600,-122.5660120020099,47.158820807192896
b2b-all-2355268-3-21hdt-d-0-6733,57000,3103,3600,-122.5660120020099,47.158820807192896
b2b-all-2355268-3-21hdt-d-0-6734,57000,3103,3600,-122.5660120020099,47.158820807192896
b2b-all-2355268-3-21hdt-d-0-6735,57000,3103,3600,-122.5660120020099,47.158820807192896
b2b-all-2355268-3-21hdt-d-1-6736,57000,3103,3600,-122.5660120020099,47.158820807192896
b2b-all-2355268-3-21hdt-d-1-6737,57000,3103,3600,-122.5660120020099,47.158820807192896
b2b-all-2355268-3-21hdt-d-1-6738,57000,3103,3600,-122.5660120020099,47.158820807192896
b2b-all-2355268-3-21hdt-d-2-6739,57000,3103,3600,-122.5660120020099,47.158820807192896
b2b-all-2355268-3-21hdt-d-2-6740,57000,3103,3600,-122.5660120020099,47.158820807192896
b2b-all-2355268-3-21hdt-d-2-6741,57000,3103,3600,-122.5660120020099,47.158820807192896
b2b-all-2355269-2-22hdt-d-0-6742,30120,2756,3600,-122.40023964915524,47.26809044973141
b2b-all-2355269-2-22hdt-d-0-6743,28980,2756,3600,-122.40023964915524,47.26809044973141
b2b-all-2355269-2-22hdt-d-0-6744,29160,2756,3600,-122.40023964915524,47.26809044973141
b2b-all-2355269-2-22hdt-d-1-6745,28980,2756,3600,-122.40023964915524,47.26809044973141
b2b-all-2355269-2-23hdt-d-6746,32040,2756,3600,-122.40023964915524,47.26809044973141
b2b-all-2355269-2-23hdt-d-6747,25860,2756,3600,-122.40023964915524,47.26809044973141
b2b-all-2355270-1-24md-d-6748,39840,3086,3600,-122.5286494054125,47.16046249775225
b2b-all-2355270-2-25hdv-d-0-6749,45300,3086,3600,-122.5286494054125,47.16046249775225
b2b-all-2355270-2-25hdv-d-0-6750,45300,3086,3600,-122.5286494054125,47.16046249775225
b2b-all-2355270-2-25hdv-d-0-6751,45300,3086,3600,-122.5286494054125,47.16046249775225
b2b-all-2355270-2-25hdv-d-1-6752,45300,3086,3600,-122.5286494054125,47.16046249775225
b2b-all-2355270-2-25hdv-d-1-6753,45300,3086,3600,-122.5286494054125,47.16046249775225
b2b-all-2355270-2-25hdv-d-1-6754,45300,3086,3600,-122.5286494054125,47.16046249775225
b2b-all-2355270-2-25hdv-d-1-6755,45300,3086,3600,-122.5286494054125,47.16046249775225
b2b-all-2355270-2-25hdv-d-2-6756,45300,3086,3600,-122.5286494054125,47.16046249775225
b2b-all-2355270-2-25hdv-d-2-6757,45300,3086,3600,-122.5286494054125,47.16046249775225
b2b-all-2355270-2-25hdv-d-2-6758,45300,3086,3600,-122.5286494054125,47.16046249775225
b2b-all-28091-1-26md-d-6759,41580,2945,3600,-122.18202227599006,47.17074872508275
b2b-all-28091-1-26md-d-6760,41580,2945,3600,-122.18202227599006,47.17074872508275
b2b-all-28091-1-26md-d-6761,41580,2945,3600,-122.18202227599006,47.17074872508275
b2b-all-28091-1-26md-d-6762,41580,2945,3600,-122.18202227599006,47.17074872508275
b2b-all-28091-1-26md-d-6763,41580,2945,3600,-122.18202227599006,47.17074872508275
b2b-all-28091-1-26md-d-6764,41580,2945,3600,-122.18202227599006,47.17074872508275
b2b-all-28091-4-27hdv-d-6765,49620,2945,3600,-122.18202227599006,47.17074872508275
b2b-all-28091-4-27hdv-d-6766,49620,2945,3600,-122.18202227599006,47.17074872508275
b2b-all-28091-4-27hdv-d-6767,49620,2945,3600,-122.18202227599006,47.17074872508275
b2b-all-28091-4-27hdv-d-6768,49620,2945,3600,-122.18202227599006,47.17074872508275
b2b-all-28091-4-27hdv-d-6769,49620,2945,3600,-122.18202227599006,47.17074872508275
b2b-all-28091-4-28hdv-d-6770,48360,2945,3600,-122.18202227599006,47.17074872508275
b2b-all-28091-4-28hdv-d-6771,48360,2945,3600,-122.18202227599006,47.17074872508275
b2b-all-29120-3-29hdt-d-6772,22080,3191,3600,-122.48240942711132,47.05796598200305
b2b-all-29120-3-29hdt-d-6773,22680,3191,3600,-122.48240942711132,47.05796598200305
b2b-all-29409-3-30hdt-d-6774,34500,3191,3600,-122.48240942711132,47.05796598200305
b2b-all-29409-3-30hdt-d-6775,18540,3191,3600,-122.48240942711132,47.05796598200305
b2b-all-29410-3-31hdt-d-6776,13980,3860,3600,-122.16669982272528,48.26526223933203
b2b-all-29410-3-31hdt-d-6777,8040,3860,3600,-122.16669982272528,48.26526223933203
b2b-all-29410-3-31hdt-d-6778,12900,3860,3600,-122.16669982272528,48.26526223933203
b2b-all-29410-3-31hdt-d-6779,16740,3860,3600,-122.16669982272528,48.26526223933203
b2b-all-29410-3-31hdt-d-6780,8040,3860,3600,-122.16669982272528,48.26526223933203
b2b-all-29410-3-31hdt-d-6781,9300,3860,3600,-122.16669982272528,48.26526223933203
b2b-all-29410-3-31hdt-d-6782,23460,3860,3600,-122.16669982272528,48.26526223933203
b2b-all-29410-3-31hdt-d-6783,14340,3860,3600,-122.16669982272528,48.26526223933203
b2b-all-29410-3-31hdt-d-6784,13860,3860,3600,-122.16669982272528,48.26526223933203
b2b-all-29410-3-31hdt-d-6785,16740,3860,3600,-122.16669982272528,48.26526223933203
b2b-all-29410-3-31hdt-d-6786,18240,3860,3600,-122.16669982272528,48.26526223933203
b2b-all-29411-2-32hdv-d-6787,24180,3860,3600,-122.16669982272528,48.26526223933203
b2b-all-29411-2-32hdv-d-6788,23340,3860,3600,-122.16669982272528,48.26526223933203
b2b-all-29735-3-33hdt-d-6789,32940,3191,3600,-122.48240942711132,47.05796598200305
b2b-all-29735-3-33hdt-d-6790,35640,3191,3600,-122.48240942711132,47.05796598200305
b2b-all-29736-3-34hdt-d-6791,32220,3191,3600,-122.48240942711132,47.05796598200305
b2b-all-29736-3-34hdt-d-6792,30060,3191,3600,-122.48240942711132,47.05796598200305
b2b-all-29736-3-34hdt-d-6793,29280,3191,3600,-122.48240942711132,47.05796598200305
b2b-all-29737-3-35hdt-d-6794,26640,3179,3600,-122.74810938133588,47.29621087392292
b2b-all-29737-3-35hdt-d-6795,21120,3179,3600,-122.74810938133588,47.29621087392292
b2b-all-29737-3-35hdt-d-6796,24420,3179,3600,-122.74810938133588,47.29621087392292
b2b-all-29738-2-36hdv-d-6797,12300,3873,3600,-121.9994733158405,48.22073751051053
b2b-all-29738-2-36hdv-d-6798,14520,3873,3600,-121.9994733158405,48.22073751051053
b2b-all-29739-4-37hdv-d-6799,23760,3181,3600,-122.77190187190745,47.21656893604093
b2b-all-29739-4-37hdv-d-6800,17100,3181,3600,-122.77190187190745,47.21656893604093
b2b-all-31046-2-38hdt-d-6801,53280,5877,3600,-123.0874259434542,44.93343757129293
b2b-all-31046-2-38hdt-d-6802,53280,5877,3600,-123.0874259434542,44.93343757129293
b2b-all-31379-1-39md-d-6803,37800,3860,3600,-122.16669982272528,48.26526223933203
b2b-all-31379-1-39md-d-6804,37800,3860,3600,-122.16669982272528,48.26526223933203
b2b-all-31379-1-39md-d-6805,37800,3860,3600,-122.16669982272528,48.26526223933203
b2b-all-31379-1-39md-d-6806,37800,3860,3600,-122.16669982272528,48.26526223933203
b2b-all-31379-1-39md-d-6807,37800,3860,3600,-122.16669982272528,48.26526223933203
b2b-all-31379-1-39md-d-6808,37800,3860,3600,-122.16669982272528,48.26526223933203
b2b-all-31379-1-39md-d-6809,37800,3860,3600,-122.16669982272528,48.26526223933203
b2b-all-31379-1-39md-d-6810,37800,3860,3600,-122.16669982272528,48.26526223933203
b2b-all-31379-1-39md-d-6811,37800,3860,3600,-122.16669982272528,48.26526223933203
b2b-all-31379-1-39md-d-6812,37800,3860,3600,-122.16669982272528,48.26526223933203
b2b-all-31379-1-39md-d-6813,37800,3860,3600,-122.16669982272528,48.26526223933203
b2b-all-31379-1-39md-d-6814,37800,3860,3600,-122.16669982272528,48.26526223933203
b2b-all-31379-1-39md-d-6815,37800,3860,3600,-122.16669982272528,48.26526223933203
b2b-all-31379-1-39md-d-6816,37800,3860,3600,-122.16669982272528,48.26526223933203
b2b-all-31379-4-40hdv-d-6817,31920,3860,3600,-122.16669982272528,48.26526223933203
b2b-all-31379-4-40hdv-d-6818,31920,3860,3600,-122.16669982272528,48.26526223933203
b2b-all-31379-4-40hdv-d-6819,31920,3860,3600,-122.16669982272528,48.26526223933203
b2b-all-31379-4-40hdv-d-6820,31920,3860,3600,-122.16669982272528,48.26526223933203
b2b-all-31379-4-40hdv-d-6821,31920,3860,3600,-122.16669982272528,48.26526223933203
b2b-all-31379-4-40hdv-d-6822,31920,3860,3600,-122.16669982272528,48.26526223933203
b2b-all-31379-4-40hdv-d-6823,31920,3860,3600,-122.16669982272528,48.26526223933203
b2b-all-31379-4-40hdv-d-6824,31920,3860,3600,-122.16669982272528,48.26526223933203
b2b-all-31550-2-41md-d-6825,25500,3191,3600,-122.48240942711132,47.05796598200305
b2b-all-31550-2-41md-d-6826,25500,3191,3600,-122.48240942711132,47.05796598200305
b2b-all-31550-2-41md-d-6827,25500,3191,3600,-122.48240942711132,47.05796598200305
b2b-all-31550-2-41md-d-6828,25500,3191,3600,-122.48240942711132,47.05796598200305
b2b-all-31550-2-41md-d-6829,25500,3191,3600,-122.48240942711132,47.05796598200305
b2b-all-31550-2-41md-d-6830,25500,3191,3600,-122.48240942711132,47.05796598200305
b2b-all-31550-2-41md-d-6831,25500,3191,3600,-122.48240942711132,47.05796598200305
b2b-all-31550-2-41md-d-6832,25500,3191,3600,-122.48240942711132,47.05796598200305
b2b-all-31550-4-42hdv-d-6833,24720,3191,3600,-122.48240942711132,47.05796598200305
b2b-all-31550-4-42hdv-d-6834,22140,3191,3600,-122.48240942711132,47.05796598200305
b2b-all-31551-3-43md-d-6835,35460,2945,3600,-122.19692316116972,47.15226172317774
b2b-all-31551-3-43md-d-6836,35460,2945,3600,-122.19692316116972,47.15226172317774
b2b-all-31551-3-43md-d-6837,35460,2945,3600,-122.19692316116972,47.15226172317774
b2b-all-31551-3-43md-d-6838,35460,2945,3600,-122.19692316116972,47.15226172317774
b2b-all-31551-3-43md-d-6839,35460,2945,3600,-122.19692316116972,47.15226172317774
b2b-all-31551-3-43md-d-6840,35460,2945,3600,-122.19692316116972,47.15226172317774
b2b-all-31551-3-43md-d-6841,35460,2945,3600,-122.19692316116972,47.15226172317774
b2b-all-31551-3-43md-d-6842,35460,2945,3600,-122.19692316116972,47.15226172317774
b2b-all-31551-3-43hdt-d-6843,35460,2945,3600,-122.19692316116972,47.15226172317774
b2b-all-31551-3-43hdt-d-6844,35460,2945,3600,-122.19692316116972,47.15226172317774
b2b-all-31551-3-44hdt-d-6845,49800,2945,3600,-122.19692316116972,47.15226172317774
b2b-all-31551-3-44hdt-d-6846,49800,2945,3600,-122.19692316116972,47.15226172317774
b2b-all-31551-3-44hdt-d-6847,49800,2945,3600,-122.19692316116972,47.15226172317774
b2b-all-31551-3-44hdt-d-6848,49800,2945,3600,-122.19692316116972,47.15226172317774
b2b-all-31551-3-44hdt-d-6849,49800,2945,3600,-122.19692316116972,47.15226172317774
b2b-all-31551-3-44hdt-d-6850,49800,2945,3600,-122.19692316116972,47.15226172317774
b2b-all-31551-3-44hdv-d-6851,49800,2945,3600,-122.19692316116972,47.15226172317774
b2b-all-31551-3-44hdv-d-6852,49800,2945,3600,-122.19692316116972,47.15226172317774
b2b-all-5577-2-45hdt-d-6853,15720,5899,3600,-123.184551139574,44.847933710102446
b2b-all-5577-2-45hdv-d-6854,17100,5899,3600,-123.184551139574,44.847933710102446
b2b-all-5577-2-45hdv-d-6855,24000,5899,3600,-123.184551139574,44.847933710102446
b2b-all-6594052-3-46hdt-d-6856,34200,3197,3600,-122.55543086783818,46.97068385449165
b2b-all-6594052-3-46hdt-d-6857,34200,3197,3600,-122.55543086783818,46.97068385449165
b2b-all-6594360-2-47hdv-d-6858,26640,5888,3600,-123.29604975699216,44.94044704235515
b2b-all-6594360-2-47hdv-d-6859,26640,5888,3600,-123.29604975699216,44.94044704235515
b2b-all-6594493-3-48hdt-d-0-6860,42960,2868,3600,-122.46733194635672,47.232602536303055
b2b-all-6594493-3-48hdt-d-0-6861,42960,2868,3600,-122.46733194635672,47.232602536303055
b2b-all-6594493-3-48hdt-d-0-6862,42960,2868,3600,-122.46733194635672,47.232602536303055
b2b-all-6594493-3-48hdt-d-0-6863,42960,2868,3600,-122.46733194635672,47.232602536303055
b2b-all-6594493-3-48hdt-d-0-6864,42960,2868,3600,-122.46733194635672,47.232602536303055
b2b-all-6594493-3-48hdt-d-0-6865,42960,2868,3600,-122.46733194635672,47.232602536303055
b2b-all-6594493-3-48hdt-d-0-6866,42960,2868,3600,-122.46733194635672,47.232602536303055
b2b-all-6594493-3-48hdt-d-0-6867,42960,2868,3600,-122.46733194635672,47.232602536303055
b2b-all-6594493-3-48hdt-d-0-6868,42960,2868,3600,-122.46733194635672,47.232602536303055
b2b-all-6594493-3-48hdt-d-0-6869,42960,2868,3600,-122.46733194635672,47.232602536303055
b2b-all-6594493-3-48hdt-d-0-6870,42960,2868,3600,-122.46733194635672,47.232602536303055
b2b-all-6594493-3-48hdt-d-0-6871,42960,2868,3600,-122.46733194635672,47.232602536303055
b2b-all-6594493-3-48hdt-d-0-6872,42960,2868,3600,-122.46733194635672,47.232602536303055
b2b-all-6594493-3-48hdt-d-0-6873,42960,2868,3600,-122.46733194635672,47.232602536303055
b2b-all-6594493-3-48hdt-d-0-6874,42960,2868,3600,-122.46733194635672,47.232602536303055
b2b-all-6594493-3-48hdt-d-0-6875,42960,2868,3600,-122.46733194635672,47.232602536303055
b2b-all-6594493-3-48hdt-d-0-6876,42960,2868,3600,-122.46733194635672,47.232602536303055
b2b-all-6594493-3-48hdt-d-0-6877,42960,2868,3600,-122.46733194635672,47.232602536303055
b2b-all-6594493-3-48hdt-d-0-6878,42960,2868,3600,-122.46733194635672,47.232602536303055
b2b-all-6594493-3-48hdt-d-0-6879,42960,2868,3600,-122.46733194635672,47.232602536303055
b2b-all-6594493-3-48hdt-d-1-6880,42960,2868,3600,-122.46733194635672,47.232602536303055
b2b-all-6594493-3-48hdt-d-1-6881,42960,2868,3600,-122.46733194635672,47.232602536303055
b2b-all-6594493-3-48hdt-d-1-6882,42960,2868,3600,-122.46733194635672,47.232602536303055
b2b-all-6594493-3-48hdt-d-1-6883,42960,2868,3600,-122.46733194635672,47.232602536303055
b2b-all-6594493-3-48hdt-d-1-6884,42960,2868,3600,-122.46733194635672,47.232602536303055
b2b-all-6594493-3-48hdt-d-1-6885,42960,2868,3600,-122.46733194635672,47.232602536303055
b2b-all-6594493-3-48hdt-d-1-6886,42960,2868,3600,-122.46733194635672,47.232602536303055
b2b-all-6594493-3-48hdt-d-1-6887,42960,2868,3600,-122.46733194635672,47.232602536303055
b2b-all-6594493-3-48hdt-d-1-6888,42960,2868,3600,-122.46733194635672,47.232602536303055
b2b-all-6594493-3-48hdt-d-1-6889,42960,2868,3600,-122.46733194635672,47.232602536303055
b2b-all-6594493-3-49hdt-d-6890,28320,2868,3600,-122.46733194635672,47.232602536303055
b2b-all-6594493-3-49hdt-d-6891,28320,2868,3600,-122.46733194635672,47.232602536303055
b2b-all-6594493-3-49hdt-d-6892,28320,2868,3600,-122.46733194635672,47.232602536303055
b2b-all-6594493-3-49hdt-d-6893,28320,2868,3600,-122.46733194635672,47.232602536303055
b2b-all-6594493-3-49hdt-d-6894,33840,2868,3600,-122.46733194635672,47.232602536303055
b2b-all-6594493-3-49hdt-d-6895,32880,2868,3600,-122.46733194635672,47.232602536303055
b2b-all-6594493-3-49hdt-d-6896,28320,2868,3600,-122.46733194635672,47.232602536303055
b2b-all-6594493-3-49hdt-d-6897,28320,2868,3600,-122.46733194635672,47.232602536303055
b2b-all-6594493-3-49hdt-d-6898,28320,2868,3600,-122.46733194635672,47.232602536303055
b2b-all-6594493-3-49hdt-d-6899,28320,2868,3600,-122.46733194635672,47.232602536303055
b2b-all-6594493-3-49hdt-d-6900,28320,2868,3600,-122.46733194635672,47.232602536303055
b2b-all-6594493-4-50hdv-d-0-6901,28200,2868,3600,-122.46733194635672,47.232602536303055
b2b-all-6594493-4-50hdv-d-0-6902,28200,2868,3600,-122.46733194635672,47.232602536303055
b2b-all-6594493-4-50hdv-d-0-6903,28200,2868,3600,-122.46733194635672,47.232602536303055
b2b-all-6594493-4-50hdv-d-0-6904,28200,2868,3600,-122.46733194635672,47.232602536303055
b2b-all-6594493-4-50hdv-d-0-6905,28200,2868,3600,-122.46733194635672,47.232602536303055
b2b-all-6594493-4-50hdv-d-0-6906,28200,2868,3600,-122.46733194635672,47.232602536303055
b2b-all-6594493-4-50hdv-d-0-6907,28200,2868,3600,-122.46733194635672,47.232602536303055
b2b-all-6594493-4-50hdv-d-0-6908,28320,2868,3600,-122.46733194635672,47.232602536303055
b2b-all-6594493-4-50hdv-d-0-6909,28200,2868,3600,-122.46733194635672,47.232602536303055
b2b-all-6594493-4-50hdv-d-0-6910,28200,2868,3600,-122.46733194635672,47.232602536303055
b2b-all-6594493-4-50hdv-d-0-6911,31920,2868,3600,-122.46733194635672,47.232602536303055
b2b-all-6594493-4-50hdv-d-0-6912,28200,2868,3600,-122.46733194635672,47.232602536303055
b2b-all-6594493-4-50hdv-d-0-6913,28200,2868,3600,-122.46733194635672,47.232602536303055
b2b-all-6594493-4-50hdv-d-0-6914,28200,2868,3600,-122.46733194635672,47.232602536303055
b2b-all-6594493-4-50hdv-d-0-6915,28200,2868,3600,-122.46733194635672,47.232602536303055
b2b-all-6594493-4-50hdv-d-0-6916,28200,2868,3600,-122.46733194635672,47.232602536303055
b2b-all-6594493-4-50hdv-d-1-6917,28200,2868,3600,-122.46733194635672,47.232602536303055
b2b-all-6594493-4-50hdv-d-1-6918,28200,2868,3600,-122.46733194635672,47.232602536303055
b2b-all-6594493-4-51hdv-d-6919,33900,2868,3600,-122.46733194635672,47.232602536303055
b2b-all-6594493-4-51hdv-d-6920,33900,2868,3600,-122.46733194635672,47.232602536303055
b2b-all-6594493-4-51hdv-d-6921,33900,2868,3600,-122.46733194635672,47.232602536303055
b2b-all-6594493-4-51hdv-d-6922,33900,2868,3600,-122.46733194635672,47.232602536303055
b2b-all-6594493-4-51hdv-d-6923,33900,2868,3600,-122.46733194635672,47.232602536303055
b2b-all-6594493-4-51hdv-d-6924,33900,2868,3600,-122.46733194635672,47.232602536303055
b2b-all-6594493-4-51hdv-d-6925,33900,2868,3600,-122.46733194635672,47.232602536303055
b2b-all-6594493-4-51hdv-d-6926,33900,2868,3600,-122.46733194635672,47.232602536303055
b2b-all-6594493-4-51hdv-d-6927,33900,2868,3600,-122.46733194635672,47.232602536303055
b2b-all-6594493-4-51hdv-d-6928,33900,2868,3600,-122.46733194635672,47.232602536303055
b2b-all-6594493-4-51hdv-d-6929,33900,2868,3600,-122.46733194635672,47.232602536303055
b2b-all-6594493-4-51hdv-d-6930,33900,2868,3600,-122.46733194635672,47.232602536303055
b2b-all-6594493-4-51hdv-d-6931,33900,2868,3600,-122.46733194635672,47.232602536303055
b2b-all-6594493-4-51hdv-d-6932,33900,2868,3600,-122.46733194635672,47.232602536303055
b2b-all-6596824-3-52md-d-6933,46800,3266,3600,-122.2643441264202,47.19404919811482
b2b-all-6596824-3-52md-d-6934,46800,3266,3600,-122.2643441264202,47.19404919811482
b2b-all-6596824-3-52md-d-6935,46800,3266,3600,-122.2643441264202,47.19404919811482
b2b-all-6596824-3-52md-d-6936,46800,3266,3600,-122.2643441264202,47.19404919811482
b2b-all-6596824-3-52md-d-6937,46800,3266,3600,-122.2643441264202,47.19404919811482
b2b-all-6596824-3-52md-d-6938,46800,3266,3600,-122.2643441264202,47.19404919811482
b2b-all-6596824-3-52md-d-6939,46800,3266,3600,-122.2643441264202,47.19404919811482
b2b-all-6596824-3-52hdt-d-6940,46800,3266,3600,-122.2643441264202,47.19404919811482
b2b-all-6596824-3-52hdt-d-6941,46800,3266,3600,-122.2643441264202,47.19404919811482
b2b-all-6596824-3-52hdt-d-6942,46800,3266,3600,-122.2643441264202,47.19404919811482
b2b-all-6596824-3-52hdt-d-6943,46800,3266,3600,-122.2643441264202,47.19404919811482
b2b-all-6596824-3-52hdt-d-6944,46800,3266,3600,-122.2643441264202,47.19404919811482
b2b-all-6596824-3-52hdt-d-6945,46800,3266,3600,-122.2643441264202,47.19404919811482
b2b-all-6596824-3-52hdt-d-6946,46800,3266,3600,-122.2643441264202,47.19404919811482
b2b-all-6596824-3-52hdt-d-6947,46800,3266,3600,-122.2643441264202,47.19404919811482
b2b-all-6596824-3-52hdt-d-6948,46800,3266,3600,-122.2643441264202,47.19404919811482
b2b-all-6596824-3-52hdt-d-6949,46800,3266,3600,-122.2643441264202,47.19404919811482
b2b-all-6596824-3-52hdt-d-6950,46800,3266,3600,-122.2643441264202,47.19404919811482
b2b-all-6596824-3-52hdv-d-6951,46800,3266,3600,-122.2643441264202,47.19404919811482
b2b-all-6596826-1-53md-d-0-6952,45180,3184,3600,-122.68981161463329,47.09167398244637
b2b-all-6596826-1-53md-d-0-6953,45180,3184,3600,-122.68981161463329,47.09167398244637
b2b-all-6596826-1-53md-d-0-6954,45180,3184,3600,-122.68981161463329,47.09167398244637
b2b-all-6596826-1-53md-d-0-6955,45180,3184,3600,-122.68981161463329,47.09167398244637
b2b-all-6596826-1-53md-d-0-6956,45180,3184,3600,-122.68981161463329,47.09167398244637
b2b-all-6596826-1-53md-d-0-6957,45180,3184,3600,-122.68981161463329,47.09167398244637
b2b-all-6596826-1-53md-d-0-6958,45180,3184,3600,-122.68981161463329,47.09167398244637
b2b-all-6596826-1-53md-d-0-6959,45180,3184,3600,-122.68981161463329,47.09167398244637
b2b-all-6596826-1-53md-d-0-6960,45180,3184,3600,-122.68981161463329,47.09167398244637
b2b-all-6596826-1-53md-d-0-6961,45180,3184,3600,-122.68981161463329,47.09167398244637
b2b-all-6596826-1-53md-d-0-6962,45180,3184,3600,-122.68981161463329,47.09167398244637
b2b-all-6596826-1-53md-d-0-6963,45180,3184,3600,-122.68981161463329,47.09167398244637
b2b-all-6596826-1-53md-d-0-6964,45180,3184,3600,-122.68981161463329,47.09167398244637
b2b-all-6596826-1-53md-d-0-6965,45180,3184,3600,-122.68981161463329,47.09167398244637
b2b-all-6596826-1-53md-d-0-6966,45180,3184,3600,-122.68981161463329,47.09167398244637
b2b-all-6596826-1-53md-d-0-6967,45180,3184,3600,-122.68981161463329,47.09167398244637
b2b-all-6596826-1-53md-d-0-6968,45180,3184,3600,-122.68981161463329,47.09167398244637
b2b-all-6596826-1-53md-d-0-6969,45180,3184,3600,-122.68981161463329,47.09167398244637
b2b-all-6596826-1-53md-d-0-6970,45180,3184,3600,-122.68981161463329,47.09167398244637
b2b-all-6596826-1-53md-d-0-6971,45180,3184,3600,-122.68981161463329,47.09167398244637
b2b-all-6596826-1-53md-d-1-6972,45180,3184,3600,-122.68981161463329,47.09167398244637
b2b-all-6596826-1-53md-d-1-6973,45180,3184,3600,-122.68981161463329,47.09167398244637
b2b-all-6596826-1-53md-d-1-6974,45180,3184,3600,-122.68981161463329,47.09167398244637
b2b-all-6596826-1-53md-d-1-6975,45180,3184,3600,-122.68981161463329,47.09167398244637
b2b-all-6596826-1-53md-d-1-6976,45180,3184,3600,-122.68981161463329,47.09167398244637
b2b-all-6596826-1-53md-d-1-6977,45180,3184,3600,-122.68981161463329,47.09167398244637
b2b-all-6596826-1-53md-d-1-6978,45180,3184,3600,-122.68981161463329,47.09167398244637
b2b-all-6596826-1-53md-d-1-6979,45180,3184,3600,-122.68981161463329,47.09167398244637
b2b-all-6596826-1-53hdt-d-6980,45180,3184,3600,-122.68981161463329,47.09167398244637
b2b-all-6596826-1-53hdt-d-6981,45180,3184,3600,-122.68981161463329,47.09167398244637
b2b-all-6655153-4-54hdv-d-6982,33300,5896,3600,-123.29940370469836,44.766457367506206
b2b-all-6655153-4-54hdv-d-6983,23220,5896,3600,-123.29940370469836,44.766457367506206
b2b-all-6655257-1-55md-d-6984,30180,3168,3600,-122.60656049413936,47.34315269042012
b2b-all-6655257-1-55md-d-6985,30180,3168,3600,-122.60656049413936,47.34315269042012
b2b-all-6655257-1-55md-d-6986,30180,3168,3600,-122.60656049413936,47.34315269042012
b2b-all-6655257-1-55md-d-6987,30180,3168,3600,-122.60656049413936,47.34315269042012
b2b-all-6655257-1-55md-d-6988,30180,3168,3600,-122.60656049413936,47.34315269042012
b2b-all-6655257-1-55md-d-6989,30180,3168,3600,-122.60656049413936,47.34315269042012
b2b-all-6655257-1-55md-d-6990,30180,3168,3600,-122.60656049413936,47.34315269042012
b2b-all-6655257-1-55md-d-6991,30180,3168,3600,-122.60656049413936,47.34315269042012
b2b-all-6655257-1-55md-d-6992,30180,3168,3600,-122.60656049413936,47.34315269042012
b2b-all-6655257-1-55md-d-6993,30180,3168,3600,-122.60656049413936,47.34315269042012
b2b-all-6655257-1-55md-d-6994,30180,3168,3600,-122.60656049413936,47.34315269042012
b2b-all-6655257-1-55md-d-6995,30180,3168,3600,-122.60656049413936,47.34315269042012
b2b-all-6655257-1-55md-d-6996,30180,3168,3600,-122.60656049413936,47.34315269042012
b2b-all-6655257-1-56md-d-6997,35460,3168,3600,-122.60656049413936,47.34315269042012
b2b-all-6655257-1-56md-d-6998,35460,3168,3600,-122.60656049413936,47.34315269042012
b2b-all-6655257-1-56md-d-6999,35460,3168,3600,-122.60656049413936,47.34315269042012
b2b-all-6655257-1-56md-d-7000,35460,3168,3600,-122.60656049413936,47.34315269042012
b2b-all-6655257-1-56md-d-7001,35460,3168,3600,-122.60656049413936,47.34315269042012
b2b-all-6655257-1-56md-d-7002,35460,3168,3600,-122.60656049413936,47.34315269042012
b2b-all-6655257-1-56md-d-7003,35460,3168,3600,-122.60656049413936,47.34315269042012
b2b-all-6655257-1-56md-d-7004,35460,3168,3600,-122.60656049413936,47.34315269042012
b2b-all-6655257-1-56md-d-7005,35460,3168,3600,-122.60656049413936,47.34315269042012
b2b-all-6655257-1-56md-d-7006,35460,3168,3600,-122.60656049413936,47.34315269042012
b2b-all-6655257-1-56md-d-7007,35460,3168,3600,-122.60656049413936,47.34315269042012
b2b-all-6655257-1-56md-d-7008,35460,3168,3600,-122.60656049413936,47.34315269042012
b2b-all-6655257-1-56md-d-7009,35460,3168,3600,-122.60656049413936,47.34315269042012
b2b-all-6655257-2-57hdt-d-7010,40560,3168,3600,-122.60656049413936,47.34315269042012
b2b-all-6655257-2-57hdt-d-7011,40560,3168,3600,-122.60656049413936,47.34315269042012
b2b-all-6655257-3-58hdt-d-7012,52200,3168,3600,-122.60656049413936,47.34315269042012
b2b-all-6655257-3-58hdt-d-7013,52200,3168,3600,-122.60656049413936,47.34315269042012
b2b-all-6655257-3-58hdt-d-7014,52200,3168,3600,-122.60656049413936,47.34315269042012
b2b-all-6655257-3-59hdt-d-0-7015,55560,3168,3600,-122.60656049413936,47.34315269042012
b2b-all-6655257-3-59hdt-d-0-7016,55560,3168,3600,-122.60656049413936,47.34315269042012
b2b-all-6655257-3-59hdt-d-0-7017,55560,3168,3600,-122.60656049413936,47.34315269042012
b2b-all-6655257-3-59hdt-d-0-7018,55560,3168,3600,-122.60656049413936,47.34315269042012
b2b-all-6655257-3-59hdt-d-0-7019,55560,3168,3600,-122.60656049413936,47.34315269042012
b2b-all-6655257-3-59hdt-d-0-7020,55560,3168,3600,-122.60656049413936,47.34315269042012
b2b-all-6655257-3-59hdt-d-0-7021,55560,3168,3600,-122.60656049413936,47.34315269042012
b2b-all-6655257-3-59hdt-d-0-7022,55560,3168,3600,-122.60656049413936,47.34315269042012
b2b-all-6655257-3-59hdt-d-0-7023,55560,3168,3600,-122.60656049413936,47.34315269042012
b2b-all-6655257-3-59hdt-d-0-7024,55560,3168,3600,-122.60656049413936,47.34315269042012
b2b-all-6655257-3-59hdt-d-0-7025,55560,3168,3600,-122.60656049413936,47.34315269042012
b2b-all-6655257-3-59hdt-d-0-7026,55560,3168,3600,-122.60656049413936,47.34315269042012
b2b-all-6655257-3-59hdt-d-0-7027,55560,3168,3600,-122.60656049413936,47.34315269042012
b2b-all-6655257-3-59hdt-d-0-7028,55560,3168,3600,-122.60656049413936,47.34315269042012
b2b-all-6655257-3-59hdt-d-0-7029,55560,3168,3600,-122.60656049413936,47.34315269042012
b2b-all-6655257-3-59hdt-d-0-7030,55560,3168,3600,-122.60656049413936,47.34315269042012
b2b-all-6655257-3-59hdt-d-0-7031,55560,3168,3600,-122.60656049413936,47.34315269042012
b2b-all-6655257-3-59hdt-d-0-7032,55560,3168,3600,-122.60656049413936,47.34315269042012
b2b-all-6655257-3-59hdt-d-0-7033,55560,3168,3600,-122.60656049413936,47.34315269042012
b2b-all-6655257-3-59hdt-d-0-7034,55560,3168,3600,-122.60656049413936,47.34315269042012
b2b-all-6655257-3-59hdt-d-1-7035,55560,3168,3600,-122.60656049413936,47.34315269042012
b2b-all-6655257-3-59hdt-d-1-7036,55560,3168,3600,-122.60656049413936,47.34315269042012
b2b-all-6655258-4-60hdv-d-7037,52200,2880,3600,-122.48345412170204,47.19615318937355
b2b-all-6655258-4-60hdv-d-7038,52200,2880,3600,-122.48345412170204,47.19615318937355
b2b-all-6655258-4-60hdv-d-7039,52200,2880,3600,-122.48345412170204,47.19615318937355
b2b-all-6655258-4-60hdv-d-7040,52200,2880,3600,-122.48345412170204,47.19615318937355
b2b-all-6655258-4-60hdv-d-7041,52200,2880,3600,-122.48345412170204,47.19615318937355
b2b-all-6655258-4-61hdv-d-7042,22440,2880,3600,-122.48345412170204,47.19615318937355
b2b-all-6655258-4-61hdv-d-7043,22440,2880,3600,-122.48345412170204,47.19615318937355
b2b-all-6655258-4-61hdv-d-7044,22440,2880,3600,-122.48345412170204,47.19615318937355
b2b-all-6656383-1-62hdt-d-7045,32340,3080,3600,-122.5178198174236,47.171249417882784
b2b-all-6656383-1-62hdt-d-7046,32580,3080,3600,-122.5178198174236,47.171249417882784
b2b-all-6656383-2-63hdt-d-7047,41940,3080,3600,-122.5178198174236,47.171249417882784
b2b-all-6656383-2-63hdv-d-7048,41940,3080,3600,-122.5178198174236,47.171249417882784
b2b-all-6656383-2-63hdv-d-7049,41940,3080,3600,-122.5178198174236,47.171249417882784
b2b-all-6656383-2-64hdv-d-7050,53100,3080,3600,-122.5178198174236,47.171249417882784
b2b-all-6656383-2-64hdv-d-7051,53100,3080,3600,-122.5178198174236,47.171249417882784
b2b-all-6657480-3-65hdt-d-0-7052,45660,2872,3600,-122.4953709515826,47.22567811128065
b2b-all-6657480-3-65hdt-d-0-7053,45660,2872,3600,-122.4953709515826,47.22567811128065
b2b-all-6657480-3-65hdt-d-0-7054,45660,2872,3600,-122.4953709515826,47.22567811128065
b2b-all-6657480-3-65hdt-d-0-7055,45660,2872,3600,-122.4953709515826,47.22567811128065
b2b-all-6657480-3-65hdt-d-0-7056,45660,2872,3600,-122.4953709515826,47.22567811128065
b2b-all-6657480-3-65hdt-d-0-7057,45660,2872,3600,-122.4953709515826,47.22567811128065
b2b-all-6657480-3-65hdt-d-0-7058,45660,2872,3600,-122.4953709515826,47.22567811128065
b2b-all-6657480-3-65hdt-d-0-7059,45660,2872,3600,-122.4953709515826,47.22567811128065
b2b-all-6657480-3-65hdt-d-0-7060,45660,2872,3600,-122.4953709515826,47.22567811128065
b2b-all-6657480-3-65hdt-d-0-7061,45660,2872,3600,-122.4953709515826,47.22567811128065
b2b-all-6657480-3-65hdt-d-0-7062,45660,2872,3600,-122.4953709515826,47.22567811128065
b2b-all-6657480-3-65hdt-d-0-7063,45660,2872,3600,-122.4953709515826,47.22567811128065
b2b-all-6657480-3-65hdt-d-0-7064,45660,2872,3600,-122.4953709515826,47.22567811128065
b2b-all-6657480-3-65hdt-d-0-7065,45660,2872,3600,-122.4953709515826,47.22567811128065
b2b-all-6657480-3-65hdt-d-0-7066,45660,2872,3600,-122.4953709515826,47.22567811128065
b2b-all-6657480-3-65hdt-d-0-7067,45660,2872,3600,-122.4953709515826,47.22567811128065
b2b-all-6657480-3-65hdt-d-0-7068,45660,2872,3600,-122.4953709515826,47.22567811128065
b2b-all-6657480-3-65hdt-d-1-7069,45660,2872,3600,-122.4953709515826,47.22567811128065
b2b-all-6657480-3-65hdt-d-1-7070,45660,2872,3600,-122.4953709515826,47.22567811128065
b2b-all-6657480-3-65hdt-d-1-7071,45660,2872,3600,-122.4953709515826,47.22567811128065
b2b-all-6657480-3-66hdt-d-7072,57420,2872,3600,-122.4953709515826,47.22567811128065
b2b-all-6657480-3-66hdt-d-7073,57420,2872,3600,-122.4953709515826,47.22567811128065
b2b-all-6657480-3-66hdt-d-7074,57420,2872,3600,-122.4953709515826,47.22567811128065
b2b-all-6657480-3-66hdt-d-7075,57420,2872,3600,-122.4953709515826,47.22567811128065
b2b-all-6657480-3-66hdt-d-7076,57420,2872,3600,-122.4953709515826,47.22567811128065
b2b-all-6657703-2-67hdv-d-7077,14820,3854,3600,-122.3645144674494,48.26687162473969
b2b-all-6659622-3-68hdt-d-7078,21840,3004,3600,-122.34777322407132,47.11166663651317
b2b-all-6659622-3-68hdt-d-7079,20040,3004,3600,-122.34777322407132,47.11166663651317
b2b-all-6659622-3-68hdt-d-7080,24240,3004,3600,-122.34777322407132,47.11166663651317
b2b-all-6659622-3-68hdt-d-7081,26220,3004,3600,-122.34777322407132,47.11166663651317
b2b-all-6659622-3-68hdt-d-7082,25020,3004,3600,-122.34777322407132,47.11166663651317
b2b-all-6659788-1-69md-d-7083,36180,5885,3600,-123.12917480974409,44.98433170990787
b2b-all-6659788-1-69md-d-7084,36180,5885,3600,-123.12917480974409,44.98433170990787
b2b-all-6659788-1-69md-d-7085,36180,5885,3600,-123.12917480974409,44.98433170990787
b2b-all-6659788-1-69md-d-7086,36180,5885,3600,-123.12917480974409,44.98433170990787
b2b-all-6659788-1-69md-d-7087,36180,5885,3600,-123.12917480974409,44.98433170990787
b2b-all-6659788-1-69md-d-7088,36180,5885,3600,-123.12917480974409,44.98433170990787
b2b-all-6661085-1-70md-d-7089,11640,3181,3600,-122.77190187190745,47.21656893604093
b2b-all-6661533-1-71md-d-7090,48000,5882,3600,-123.13931276753098,44.91951153127263
b2b-all-6663058-1-72md-d-7091,55260,3041,3600,-122.41600382021235,47.142841247556944
b2b-all-6663058-1-73md-d-7092,50940,3041,3600,-122.41600382021235,47.142841247556944
b2b-all-6663108-1-74hdt-d-7093,28380,5885,3600,-123.12917480974409,44.98433170990787
b2b-all-6663420-2-75hdv-d-7094,30900,5885,3600,-123.12917480974409,44.98433170990787
b2b-all-6664034-1-76hdv-d-7095,48000,3026,3600,-122.43085307325664,47.08247645543272
b2b-all-6664034-1-76hdv-d-7096,48000,3026,3600,-122.43085307325664,47.08247645543272
b2b-all-6664034-1-77hdv-d-7097,25920,3026,3600,-122.43085307325664,47.08247645543272
b2b-all-6664643-3-78hdt-d-7098,55800,2929,3600,-122.12467946262656,47.19040941864672
b2b-all-6664643-3-78hdt-d-7099,55800,2929,3600,-122.12467946262656,47.19040941864672
b2b-all-6664643-3-78hdt-d-7100,55800,2929,3600,-122.12467946262656,47.19040941864672
b2b-all-6664643-3-78hdt-d-7101,55800,2929,3600,-122.12467946262656,47.19040941864672
b2b-all-6664643-3-79hdt-d-7102,45660,2929,3600,-122.12467946262656,47.19040941864672
b2b-all-6664643-3-79hdt-d-7103,45660,2929,3600,-122.12467946262656,47.19040941864672
b2b-all-6664643-3-79hdt-d-7104,45660,2929,3600,-122.12467946262656,47.19040941864672
b2b-all-6665868-2-80hdt-d-7105,34740,2838,3600,-122.4445272473642,47.24224972349229
b2b-all-6665868-2-80hdt-d-7106,34740,2838,3600,-122.4445272473642,47.24224972349229
b2b-all-6665869-2-81hdv-d-7107,16920,3854,3600,-122.3645144674494,48.26687162473969
b2b-all-6665869-2-81hdv-d-7108,19740,3854,3600,-122.3645144674494,48.26687162473969
b2b-all-6667572-3-82md-d-7109,50160,3240,3600,-122.31222809696484,47.06418815392159
b2b-all-6667572-3-82md-d-7110,50160,3240,3600,-122.31222809696484,47.06418815392159
b2b-all-6667572-3-82md-d-7111,50160,3240,3600,-122.31222809696484,47.06418815392159
b2b-all-6667572-3-82md-d-7112,50160,3240,3600,-122.31222809696484,47.06418815392159
b2b-all-6667572-3-82md-d-7113,50160,3240,3600,-122.31222809696484,47.06418815392159
b2b-all-6667572-3-82md-d-7114,50160,3240,3600,-122.31222809696484,47.06418815392159
b2b-all-6667572-3-82hdt-d-0-7115,50160,3240,3600,-122.31222809696484,47.06418815392159
b2b-all-6667572-3-82hdt-d-0-7116,50160,3240,3600,-122.31222809696484,47.06418815392159
b2b-all-6667572-3-82hdt-d-0-7117,50160,3240,3600,-122.31222809696484,47.06418815392159
b2b-all-6667572-3-82hdt-d-0-7118,50160,3240,3600,-122.31222809696484,47.06418815392159
b2b-all-6667572-3-82hdt-d-0-7119,50160,3240,3600,-122.31222809696484,47.06418815392159
b2b-all-6667572-3-82hdt-d-0-7120,50160,3240,3600,-122.31222809696484,47.06418815392159
b2b-all-6667572-3-82hdt-d-0-7121,50160,3240,3600,-122.31222809696484,47.06418815392159
b2b-all-6667572-3-82hdt-d-0-7122,50160,3240,3600,-122.31222809696484,47.06418815392159
b2b-all-6667572-3-82hdt-d-0-7123,50160,3240,3600,-122.31222809696484,47.06418815392159
b2b-all-6667572-3-82hdt-d-0-7124,50160,3240,3600,-122.31222809696484,47.06418815392159
b2b-all-6667572-3-82hdt-d-0-7125,50160,3240,3600,-122.31222809696484,47.06418815392159
b2b-all-6667572-3-82hdt-d-0-7126,50160,3240,3600,-122.31222809696484,47.06418815392159
b2b-all-6667572-3-82hdt-d-0-7127,50160,3240,3600,-122.31222809696484,47.06418815392159
b2b-all-6667572-3-82hdt-d-1-7128,50160,3240,3600,-122.31222809696484,47.06418815392159
b2b-all-6667572-3-83hdt-d-7129,55200,3240,3600,-122.31222809696484,47.06418815392159
b2b-all-6667572-3-83hdt-d-7130,55200,3240,3600,-122.31222809696484,47.06418815392159
b2b-all-6667573-3-84md-d-7131,57240,2773,3600,-122.46290588830892,47.26367398412125
b2b-all-6667573-3-84md-d-7132,57240,2773,3600,-122.46290588830892,47.26367398412125
b2b-all-6667573-3-84md-d-7133,57240,2773,3600,-122.46290588830892,47.26367398412125
b2b-all-6667573-3-84md-d-7134,57240,2773,3600,-122.46290588830892,47.26367398412125
b2b-all-6667573-3-84md-d-7135,57240,2773,3600,-122.46290588830892,47.26367398412125
b2b-all-6667573-3-84md-d-7136,57240,2773,3600,-122.46290588830892,47.26367398412125
b2b-all-6667573-3-84hdt-d-7137,57240,2773,3600,-122.46290588830892,47.26367398412125
b2b-all-6667573-3-84hdt-d-7138,57240,2773,3600,-122.46290588830892,47.26367398412125
b2b-all-6667573-3-84hdt-d-7139,57240,2773,3600,-122.46290588830892,47.26367398412125
b2b-all-6667573-3-84hdt-d-7140,57240,2773,3600,-122.46290588830892,47.26367398412125
b2b-all-6667573-3-84hdt-d-7141,57240,2773,3600,-122.46290588830892,47.26367398412125
b2b-all-6668726-1-85md-d-7142,29940,3304,3600,-122.32512275486827,47.2322152797089
b2b-all-6668726-1-85md-d-7143,29940,3304,3600,-122.32512275486827,47.2322152797089
b2b-all-6668726-1-85md-d-7144,29940,3304,3600,-122.32512275486827,47.2322152797089
b2b-all-6668726-1-85md-d-7145,29940,3304,3600,-122.32512275486827,47.2322152797089
b2b-all-6668726-4-86hdv-d-7146,31800,3304,3600,-122.32512275486827,47.2322152797089
b2b-all-6668726-4-86hdv-d-7147,31800,3304,3600,-122.32512275486827,47.2322152797089
b2b-all-6668726-4-86hdv-d-7148,31800,3304,3600,-122.32512275486827,47.2322152797089
b2b-all-6668726-4-86hdv-d-7149,31800,3304,3600,-122.32512275486827,47.2322152797089
b2b-all-6668726-4-86hdv-d-7150,31800,3304,3600,-122.32512275486827,47.2322152797089
b2b-all-6668726-4-86hdv-d-7151,31800,3304,3600,-122.32512275486827,47.2322152797089
b2b-all-6668726-4-86hdv-d-7152,31800,3304,3600,-122.32512275486827,47.2322152797089
b2b-all-6668727-1-87md-d-7153,41760,2968,3600,-122.2957199110444,47.25058150559938
b2b-all-6668727-1-87md-d-7154,41760,2968,3600,-122.2957199110444,47.25058150559938
b2b-all-6668727-1-87md-d-7155,41760,2968,3600,-122.2957199110444,47.25058150559938
b2b-all-6668940-2-88hdv-d-7156,38280,3137,3600,-122.5484002743025,47.22337522486357
b2b-all-6671055-1-89hdv-d-7157,16500,5885,3600,-123.12917480974409,44.98433170990787
b2b-all-6671612-1-90hdv-d-7158,50400,3184,3600,-122.65141995016783,47.11529237783155
b2b-all-6672930-3-91hdt-d-7159,23880,3854,3600,-122.3645144674494,48.26687162473969
b2b-all-6672930-4-92hdv-d-7160,24720,3854,3600,-122.3645144674494,48.26687162473969
b2b-all-6672930-4-92hdv-d-7161,24720,3854,3600,-122.3645144674494,48.26687162473969
b2b-all-6672930-4-92hdv-d-7162,24720,3854,3600,-122.3645144674494,48.26687162473969
b2b-all-6672930-4-92hdv-d-7163,24720,3854,3600,-122.3645144674494,48.26687162473969
b2b-all-6672930-4-92hdv-d-7164,24720,3854,3600,-122.3645144674494,48.26687162473969
b2b-all-6674270-3-93hdv-d-7165,21660,5885,3600,-123.12917480974409,44.98433170990787
b2b-all-6675189-3-94hdt-d-7166,10140,3854,3600,-122.3645144674494,48.26687162473969
b2b-all-6675612-3-95hdv-d-7167,18420,5877,3600,-123.0924885936277,44.93811017712774
b2b-all-6675613-2-96hdt-d-7168,26100,5885,3600,-123.12917480974409,44.98433170990787
b2b-all-6676103-3-97hdt-d-7169,55200,2872,3600,-122.50220764768126,47.22334593041596
b2b-all-6676447-2-98hdv-d-7170,22860,5885,3600,-123.12917480974409,44.98433170990787
b2b-all-6677235-1-99hdt-d-7171,55740,2842,3600,-122.46878645043346,47.235350625773535
b2b-all-6677431-4-100hdv-d-0-7172,22620,3026,3600,-122.43212167424198,47.09672888166586
b2b-all-6677431-4-100hdv-d-0-7173,21480,3026,3600,-122.43212167424198,47.09672888166586
b2b-all-6677431-4-100hdv-d-0-7174,24780,3026,3600,-122.43212167424198,47.09672888166586
b2b-all-6677431-4-100hdv-d-0-7175,21480,3026,3600,-122.43212167424198,47.09672888166586
b2b-all-6677431-4-100hdv-d-1-7176,23460,3026,3600,-122.43212167424198,47.09672888166586
b2b-all-6677806-1-101md-d-7177,34380,3191,3600,-122.48240942711132,47.05796598200305
b2b-all-6678079-1-102md-d-7178,32400,3181,3600,-122.77190187190745,47.21656893604093
b2b-all-6680497-1-103md-d-7179,49200,3299,3600,-122.3950023530393,47.23278224479829
b2b-all-6680497-1-104md-d-7180,47460,3299,3600,-122.3950023530393,47.23278224479829
b2b-all-6682032-1-105md-d-7181,30060,3185,3600,-122.63210922993012,47.100504117055685
b2b-all-6682032-1-105md-d-7182,25860,3185,3600,-122.63210922993012,47.100504117055685
b2b-all-6682032-1-105md-d-7183,27000,3185,3600,-122.63210922993012,47.100504117055685
b2b-all-6682032-1-105md-d-7184,25860,3185,3600,-122.63210922993012,47.100504117055685
b2b-all-6682032-1-105md-d-7185,25860,3185,3600,-122.63210922993012,47.100504117055685
b2b-all-6682032-1-105md-d-7186,27900,3185,3600,-122.63210922993012,47.100504117055685
b2b-all-6682032-2-106hdt-d-7187,28860,3185,3600,-122.63210922993012,47.100504117055685
b2b-all-6682032-2-106hdt-d-7188,28860,3185,3600,-122.63210922993012,47.100504117055685
b2b-all-6682032-2-107hdt-d-7189,23700,3185,3600,-122.63210922993012,47.100504117055685
b2b-all-6682032-2-107hdt-d-7190,23700,3185,3600,-122.63210922993012,47.100504117055685
b2b-all-6682032-4-108hdv-d-7191,37860,3185,3600,-122.63210922993012,47.100504117055685
b2b-all-6682032-4-108hdv-d-7192,37860,3185,3600,-122.63210922993012,47.100504117055685
b2b-all-6682696-4-109hdv-d-7193,22080,3301,3600,-122.39675709586012,47.28477054349422
b2b-all-6682696-4-109hdv-d-7194,31800,3301,3600,-122.39675709586012,47.28477054349422
b2b-all-6682696-4-109hdv-d-7195,30600,3301,3600,-122.39675709586012,47.28477054349422
b2b-all-6682696-4-110hdv-d-7196,36420,3301,3600,-122.39675709586012,47.28477054349422
b2b-all-6682696-4-110hdv-d-7197,36420,3301,3600,-122.39675709586012,47.28477054349422
b2b-all-6683758-2-111md-d-7198,35700,5885,3600,-123.12917480974409,44.98433170990787
b2b-all-6683758-2-111md-d-7199,29280,5885,3600,-123.12917480974409,44.98433170990787
b2b-all-6683758-2-111md-d-7200,19620,5885,3600,-123.12917480974409,44.98433170990787
b2b-all-6683758-2-111md-d-7201,36300,5885,3600,-123.12917480974409,44.98433170990787
b2b-all-6683758-2-111md-d-7202,19620,5885,3600,-123.12917480974409,44.98433170990787
b2b-all-6686093-1-112hdt-d-7203,22200,5885,3600,-123.12917480974409,44.98433170990787
b2b-all-6689011-2-113md-d-7204,50580,3292,3600,-122.36400714625942,47.19358268925985
b2b-all-6689011-2-113hdv-d-7205,50580,3292,3600,-122.36400714625942,47.19358268925985
b2b-all-6689416-1-114md-d-7206,37200,2813,3600,-122.48497514533508,47.24027295168138
b2b-all-6689416-1-115md-d-7207,26400,2813,3600,-122.48497514533508,47.24027295168138
b2b-all-6689416-2-116hdt-d-7208,18420,2813,3600,-122.48497514533508,47.24027295168138
b2b-all-6689506-1-117hdv-d-7209,25860,5897,3600,-123.21550111052947,44.80748760973425
b2b-all-6689974-1-118hdv-d-7210,24000,5897,3600,-123.21550111052947,44.80748760973425
b2b-all-6693063-1-119hdt-d-7211,29820,2989,3600,-122.23295904250422,47.18088094160511
b2b-all-6693063-1-119hdt-d-7212,30420,2989,3600,-122.23295904250422,47.18088094160511
b2b-all-6695558-1-120hdt-d-7213,29220,3136,3600,-122.53711962129654,47.2344453019533
b2b-all-6695558-1-120hdt-d-7214,29220,3136,3600,-122.53711962129654,47.2344453019533
b2b-all-6695558-1-121hdt-d-7215,51840,3136,3600,-122.53711962129654,47.2344453019533
b2b-all-6696393-1-122md-d-7216,13320,3854,3600,-122.3645144674494,48.26687162473969
b2b-all-6696393-3-123hdv-d-7217,15420,3854,3600,-122.3645144674494,48.26687162473969
b2b-all-6700555-2-124hdv-d-7218,21780,2128,3600,-121.69744610643237,47.16798796331104
b2b-all-6702568-1-125hdv-d-7219,32880,3151,3600,-122.58229095874977,47.309434487052776
b2b-all-6702568-1-126hdv-d-7220,34800,3151,3600,-122.58229095874977,47.309434487052776
b2b-all-6702568-1-126hdv-d-7221,34800,3151,3600,-122.58229095874977,47.309434487052776
b2b-all-6702568-1-126hdv-d-7222,34800,3151,3600,-122.58229095874977,47.309434487052776
b2b-all-6702958-2-127hdt-d-7223,24000,5879,3600,-123.04362483193276,44.94821565940063
b2b-all-6703021-2-128hdv-d-7224,33060,3205,3600,-122.47266831305922,46.8934296551068
b2b-all-6704822-1-129hdv-d-7225,26460,5885,3600,-123.12917480974409,44.98433170990787
b2b-all-6706523-1-130hdv-d-7226,19440,5885,3600,-123.12917480974409,44.98433170990787
b2b-all-6706694-1-131hdt-d-7227,33720,5882,3600,-123.14494409844396,44.98169645199568
b2b-all-6706694-1-131hdv-d-7228,33720,5882,3600,-123.14494409844396,44.98169645199568
b2b-all-6707156-1-132hdt-d-7229,28980,5897,3600,-123.21550111052947,44.80748760973425
b2b-all-6708021-1-133hdt-d-7230,19020,5885,3600,-123.12917480974409,44.98433170990787
b2b-all-6708022-1-134md-d-7231,26220,5885,3600,-123.12917480974409,44.98433170990787
b2b-all-6709730-2-135hdv-d-7232,12600,5911,3600,-123.33515380404658,45.06513967621475
b2b-all-6710086-4-136hdv-d-7233,9060,5885,3600,-123.12917480974409,44.98433170990787
b2b-all-6711020-1-137md-d-0-7234,54600,2919,3600,-122.11188048399544,47.14393752145753
b2b-all-6711020-1-137md-d-0-7235,54600,2919,3600,-122.11188048399544,47.14393752145753
b2b-all-6711020-1-137md-d-0-7236,54600,2919,3600,-122.11188048399544,47.14393752145753
b2b-all-6711020-1-137md-d-0-7237,54600,2919,3600,-122.11188048399544,47.14393752145753
b2b-all-6711020-1-137md-d-0-7238,54600,2919,3600,-122.11188048399544,47.14393752145753
b2b-all-6711020-1-137md-d-1-7239,54600,2919,3600,-122.11188048399544,47.14393752145753
b2b-all-6711020-1-138md-d-0-7240,21120,2919,3600,-122.11188048399544,47.14393752145753
b2b-all-6711020-1-138md-d-0-7241,21120,2919,3600,-122.11188048399544,47.14393752145753
b2b-all-6711020-1-138md-d-0-7242,21120,2919,3600,-122.11188048399544,47.14393752145753
b2b-all-6711020-1-138md-d-0-7243,21120,2919,3600,-122.11188048399544,47.14393752145753
b2b-all-6711020-1-138md-d-0-7244,21120,2919,3600,-122.11188048399544,47.14393752145753
b2b-all-6711020-1-138md-d-0-7245,24780,2919,3600,-122.11188048399544,47.14393752145753
b2b-all-6711020-1-138md-d-0-7246,21120,2919,3600,-122.11188048399544,47.14393752145753
b2b-all-6711020-1-138md-d-0-7247,21120,2919,3600,-122.11188048399544,47.14393752145753
b2b-all-6711020-1-138md-d-0-7248,21120,2919,3600,-122.11188048399544,47.14393752145753
b2b-all-6711020-1-138md-d-0-7249,21120,2919,3600,-122.11188048399544,47.14393752145753
b2b-all-6711020-1-138md-d-1-7250,21120,2919,3600,-122.11188048399544,47.14393752145753
b2b-all-6711020-1-138md-d-1-7251,21120,2919,3600,-122.11188048399544,47.14393752145753
b2b-all-6711020-1-138md-d-1-7252,23520,2919,3600,-122.11188048399544,47.14393752145753
b2b-all-6711020-1-138md-d-1-7253,21120,2919,3600,-122.11188048399544,47.14393752145753
b2b-all-6711020-1-138md-d-1-7254,21120,2919,3600,-122.11188048399544,47.14393752145753
b2b-all-6711020-1-138md-d-1-7255,21120,2919,3600,-122.11188048399544,47.14393752145753
b2b-all-6711020-1-138md-d-1-7256,21120,2919,3600,-122.11188048399544,47.14393752145753
b2b-all-6711020-1-138md-d-1-7257,25500,2919,3600,-122.11188048399544,47.14393752145753
b2b-all-6711020-1-138md-d-1-7258,21120,2919,3600,-122.11188048399544,47.14393752145753
b2b-all-6711020-1-138md-d-2-7259,21120,2919,3600,-122.11188048399544,47.14393752145753
b2b-all-6711020-1-138md-d-2-7260,21120,2919,3600,-122.11188048399544,47.14393752145753
b2b-all-6711020-1-138md-d-2-7261,21120,2919,3600,-122.11188048399544,47.14393752145753
b2b-all-6711020-1-138md-d-2-7262,21660,2919,3600,-122.11188048399544,47.14393752145753
b2b-all-6711020-1-138md-d-2-7263,25560,2919,3600,-122.11188048399544,47.14393752145753
b2b-all-6711020-2-139md-d-7264,48600,2919,3600,-122.11188048399544,47.14393752145753
b2b-all-6711020-2-139hdv-d-7265,48600,2919,3600,-122.11188048399544,47.14393752145753
b2b-all-6711020-2-140md-d-7266,19020,2919,3600,-122.11188048399544,47.14393752145753
b2b-all-6711020-2-140md-d-7267,22140,2919,3600,-122.11188048399544,47.14393752145753
b2b-all-6711020-2-140md-d-7268,21360,2919,3600,-122.11188048399544,47.14393752145753
b2b-all-6711020-2-140md-d-7269,20340,2919,3600,-122.11188048399544,47.14393752145753
b2b-all-6711020-2-140md-d-7270,19020,2919,3600,-122.11188048399544,47.14393752145753
b2b-all-6712416-1-141hdt-d-7271,45300,2882,3600,-122.47788663746984,47.18728675407351
b2b-all-6712422-1-142hdv-d-7272,28680,3191,3600,-122.48240942711132,47.05796598200305
b2b-all-6717097-1-143md-d-0-7273,22200,3172,3600,-122.59438454918802,47.33470688551817
b2b-all-6717097-1-143md-d-0-7274,28260,3172,3600,-122.59438454918802,47.33470688551817
b2b-all-6717097-1-143md-d-0-7275,25260,3172,3600,-122.59438454918802,47.33470688551817
b2b-all-6717097-1-143md-d-0-7276,29040,3172,3600,-122.59438454918802,47.33470688551817
b2b-all-6717097-1-143md-d-0-7277,25920,3172,3600,-122.59438454918802,47.33470688551817
b2b-all-6717097-1-143md-d-1-7278,22200,3172,3600,-122.59438454918802,47.33470688551817
b2b-all-6717097-1-143hdt-d-7279,28620,3172,3600,-122.59438454918802,47.33470688551817
b2b-all-6717097-1-143hdt-d-7280,26760,3172,3600,-122.59438454918802,47.33470688551817
b2b-all-6717097-1-143hdt-d-7281,27660,3172,3600,-122.59438454918802,47.33470688551817
b2b-all-6717097-1-143hdv-d-0-7282,26220,3172,3600,-122.59438454918802,47.33470688551817
b2b-all-6717097-1-143hdv-d-0-7283,22200,3172,3600,-122.59438454918802,47.33470688551817
b2b-all-6717097-1-143hdv-d-0-7284,22440,3172,3600,-122.59438454918802,47.33470688551817
b2b-all-6717097-1-143hdv-d-0-7285,28920,3172,3600,-122.59438454918802,47.33470688551817
b2b-all-6717097-1-143hdv-d-0-7286,33900,3172,3600,-122.59438454918802,47.33470688551817
b2b-all-6717097-1-143hdv-d-1-7287,23160,3172,3600,-122.59438454918802,47.33470688551817
b2b-all-6717097-1-143hdv-d-1-7288,25560,3172,3600,-122.59438454918802,47.33470688551817
b2b-all-6717097-1-144md-d-7289,43800,3172,3600,-122.59438454918802,47.33470688551817
b2b-all-6853832-1-145md-d-7290,50280,3086,3600,-122.52424207808784,47.15701385940544
b2b-all-690550-2-146md-d-7291,35100,5891,3600,-123.31049003359216,44.91776724955353
b2b-all-690550-2-146md-d-7292,35100,5891,3600,-123.31049003359216,44.91776724955353
b2b-all-690550-2-146md-d-7293,35100,5891,3600,-123.31049003359216,44.91776724955353
b2b-all-690550-2-146md-d-7294,35100,5891,3600,-123.31049003359216,44.91776724955353
b2b-all-690550-2-146md-d-7295,35100,5891,3600,-123.31049003359216,44.91776724955353
b2b-all-690550-2-146md-d-7296,35100,5891,3600,-123.31049003359216,44.91776724955353
b2b-all-690550-2-146hdt-d-7297,35100,5891,3600,-123.31049003359216,44.91776724955353
b2b-all-690550-2-146hdt-d-7298,35100,5891,3600,-123.31049003359216,44.91776724955353
b2b-all-690550-2-146hdt-d-7299,35100,5891,3600,-123.31049003359216,44.91776724955353
b2b-all-690550-2-146hdv-d-7300,35100,5891,3600,-123.31049003359216,44.91776724955353
b2b-all-690932-2-147hdt-d-7301,29640,5900,3600,-123.18024300360716,44.86172968169807
b2b-all-690932-2-147hdt-d-7302,29640,5900,3600,-123.18024300360716,44.86172968169807
b2b-all-693357-2-148md-d-7303,12180,5897,3600,-123.21550111052947,44.80748760973425
b2b-all-693357-2-148md-d-7304,12180,5897,3600,-123.21550111052947,44.80748760973425
b2b-all-693357-2-148md-d-7305,16200,5897,3600,-123.21550111052947,44.80748760973425
b2b-all-693357-2-148md-d-7306,12180,5897,3600,-123.21550111052947,44.80748760973425
b2b-all-693357-2-148hdt-d-7307,17940,5897,3600,-123.21550111052947,44.80748760973425
b2b-all-693357-2-148hdt-d-7308,14280,5897,3600,-123.21550111052947,44.80748760973425
b2b-all-693357-4-149hdv-d-7309,26880,5897,3600,-123.21550111052947,44.80748760973425
b2b-all-693357-4-149hdv-d-7310,26880,5897,3600,-123.21550111052947,44.80748760973425
b2b-all-693357-4-149hdv-d-7311,26880,5897,3600,-123.21550111052947,44.80748760973425
b2b-all-693359-1-150md-d-7312,24600,5885,3600,-123.08559158848009,45.06523096274584
b2b-all-693359-1-150md-d-7313,24600,5885,3600,-123.08559158848009,45.06523096274584
b2b-all-693359-1-150md-d-7314,24600,5885,3600,-123.08559158848009,45.06523096274584
b2b-all-693359-1-150md-d-7315,24600,5885,3600,-123.08559158848009,45.06523096274584
b2b-all-693359-1-150md-d-7316,24600,5885,3600,-123.08559158848009,45.06523096274584
b2b-all-693359-1-151md-d-7317,42900,5885,3600,-123.08559158848009,45.06523096274584
b2b-all-693359-1-151md-d-7318,42900,5885,3600,-123.08559158848009,45.06523096274584
b2b-all-693359-1-151md-d-7319,42900,5885,3600,-123.08559158848009,45.06523096274584
b2b-all-693359-1-151md-d-7320,42900,5885,3600,-123.08559158848009,45.06523096274584
b2b-all-693359-1-151md-d-7321,42900,5885,3600,-123.08559158848009,45.06523096274584
b2b-all-693359-4-152hdv-d-7322,51000,5885,3600,-123.08559158848009,45.06523096274584
b2b-all-693359-4-152hdv-d-7323,51000,5885,3600,-123.08559158848009,45.06523096274584
b2b-all-693359-4-152hdv-d-7324,51000,5885,3600,-123.08559158848009,45.06523096274584
b2b-all-693359-4-152hdv-d-7325,51000,5885,3600,-123.08559158848009,45.06523096274584
b2b-all-693359-4-152hdv-d-7326,51000,5885,3600,-123.08559158848009,45.06523096274584
b2b-all-693359-4-152hdv-d-7327,51000,5885,3600,-123.08559158848009,45.06523096274584
b2b-all-693359-4-152hdv-d-7328,51000,5885,3600,-123.08559158848009,45.06523096274584
b2b-all-693359-4-152hdv-d-7329,51000,5885,3600,-123.08559158848009,45.06523096274584
b2b-all-693359-4-152hdv-d-7330,51000,5885,3600,-123.08559158848009,45.06523096274584
b2b-all-704087-2-153hdt-d-7331,35520,2884,3600,-122.47336107943806,47.19640885198169
b2b-all-704088-1-154md-d-7332,49200,3210,3600,-122.25720262646776,47.12777419678855
b2b-all-704088-1-154md-d-7333,49200,3210,3600,-122.25720262646776,47.12777419678855
b2b-all-704088-1-154md-d-7334,49200,3210,3600,-122.25720262646776,47.12777419678855
b2b-all-704088-1-154md-d-7335,49200,3210,3600,-122.25720262646776,47.12777419678855
b2b-all-705647-2-155hdt-d-7336,41400,5885,3600,-123.12917480974409,44.98433170990787
b2b-all-705647-2-155hdt-d-7337,41400,5885,3600,-123.12917480974409,44.98433170990787
b2b-all-705653-2-156hdv-d-7338,23700,5885,3600,-123.12917480974409,44.98433170990787
b2b-all-705653-2-156hdv-d-7339,22380,5885,3600,-123.12917480974409,44.98433170990787
b2b-all-709687-1-157md-d-7340,15960,5885,3600,-123.12917480974409,44.98433170990787
b2b-all-710153-2-158hdv-d-7341,26040,3257,3600,-122.30088396266947,47.18631027853952
b2b-all-710156-2-159hdt-d-7342,43440,2900,3600,-122.42552058749132,47.174587665916455
b2b-all-710159-1-160hdv-d-7343,28560,3052,3600,-122.42177095977648,47.1598674247487
b2b-all-710166-1-161hdt-d-7344,24300,3858,3600,-122.33460113130307,48.27659681424254
b2b-all-712409-1-162md-d-7345,42180,5884,3600,-123.07713739779072,44.99378270169323
b2b-all-712412-1-163md-d-7346,19920,5873,3600,-123.05388535137244,44.94316185042112
b2b-all-712494-2-164hdt-d-7347,24060,5882,3600,-123.14494409844396,44.98169645199568
b2b-all-713029-1-165hdv-d-7348,20520,3179,3600,-122.74810938133588,47.29621087392292
b2b-all-713032-1-166hdt-d-7349,52800,2836,3600,-122.441001318813,47.25264220203184
b2b-all-713712-1-167md-d-7350,26820,5885,3600,-123.12917480974409,44.98433170990787
b2b-all-713716-3-168hdt-d-7351,27000,5885,3600,-123.12917480974409,44.98433170990787
b2b-all-713716-4-169hdv-d-7352,16980,5885,3600,-123.12917480974409,44.98433170990787
b2b-all-713716-4-169hdv-d-7353,14100,5885,3600,-123.12917480974409,44.98433170990787
b2b-all-713884-2-170hdt-d-7354,15120,3179,3600,-122.74810938133588,47.29621087392292
b2b-all-713885-1-171md-d-7355,40260,3240,3600,-122.31500863983663,47.06254372416392
b2b-all-713885-2-172hdt-d-7356,27600,3240,3600,-122.31500863983663,47.06254372416392
b2b-all-713893-3-173hdv-d-7357,26280,3205,3600,-122.47266831305922,46.8934296551068
b2b-all-715207-1-174hdt-d-7358,26340,3854,3600,-122.3645144674494,48.26687162473969
b2b-all-715207-2-175hdv-d-7359,18180,3854,3600,-122.3645144674494,48.26687162473969
b2b-all-716691-1-176hdt-d-0-7360,23880,3203,3600,-122.42340960363016,46.94736359788849
b2b-all-716691-1-176hdt-d-0-7361,25200,3203,3600,-122.42340960363016,46.94736359788849
b2b-all-716691-1-176hdt-d-0-7362,25440,3203,3600,-122.42340960363016,46.94736359788849
b2b-all-716691-1-176hdt-d-1-7363,26160,3203,3600,-122.42340960363016,46.94736359788849
b2b-all-716691-1-177hdt-d-7364,54780,3203,3600,-122.42340960363016,46.94736359788849
b2b-all-716691-1-177hdt-d-7365,54780,3203,3600,-122.42340960363016,46.94736359788849
b2b-all-716691-1-177hdt-d-7366,54780,3203,3600,-122.42340960363016,46.94736359788849
b2b-all-716691-1-177hdt-d-7367,54780,3203,3600,-122.42340960363016,46.94736359788849
b2b-all-716691-1-177hdt-d-7368,54780,3203,3600,-122.42340960363016,46.94736359788849
b2b-all-717911-1-178hdt-d-7369,28200,3857,3600,-122.29590163174925,48.271412627164175
b2b-all-719745-1-179hdt-d-7370,23160,5885,3600,-123.12917480974409,44.98433170990787
b2b-all-720275-1-180md-d-7371,13740,3037,3600,-122.43401559371546,47.1421988145274
b2b-all-720278-1-181hdv-d-7372,56340,2922,3600,-122.10112829982484,47.10916123487581
b2b-all-720280-1-182hdv-d-7373,49200,2995,3600,-122.41510602643986,47.14458194540478
b2b-all-720280-1-183hdv-d-7374,31980,2995,3600,-122.41510602643986,47.14458194540478
b2b-all-723346-2-184hdt-d-7375,26340,5885,3600,-123.12917480974409,44.98433170990787
b2b-all-723574-1-185md-d-7376,25860,3191,3600,-122.48240942711132,47.05796598200305
b2b-all-723577-1-186hdt-d-7377,20700,3181,3600,-122.77190187190745,47.21656893604093
b2b-all-723894-2-187hdv-d-7378,13980,5885,3600,-123.12917480974409,44.98433170990787
b2b-all-723962-1-188md-d-0-7379,44220,3140,3600,-122.52442553107608,47.225155993256486
b2b-all-723962-1-188md-d-0-7380,44220,3140,3600,-122.52442553107608,47.225155993256486
b2b-all-723962-1-188md-d-0-7381,44220,3140,3600,-122.52442553107608,47.225155993256486
b2b-all-723962-1-188md-d-1-7382,44220,3140,3600,-122.52442553107608,47.225155993256486
b2b-all-725143-1-189hdt-d-7383,22260,3179,3600,-122.74810938133588,47.29621087392292
b2b-all-725544-1-190hdv-d-7384,34080,5885,3600,-123.12917480974409,44.98433170990787
b2b-all-725634-1-191md-d-7385,34680,3191,3600,-122.48240942711132,47.05796598200305
b2b-all-725635-1-192hdt-d-7386,19440,3191,3600,-122.48240942711132,47.05796598200305
b2b-all-726597-2-193hdt-d-7387,27600,2386,3600,-122.55991639490988,47.886230772663865
b2b-all-726608-1-194hdt-d-0-7388,45840,3185,3600,-122.63056047506362,47.09733372490392
b2b-all-726608-1-194hdt-d-0-7389,45840,3185,3600,-122.63056047506362,47.09733372490392
b2b-all-726608-1-194hdt-d-0-7390,45840,3185,3600,-122.63056047506362,47.09733372490392
b2b-all-726608-1-194hdt-d-1-7391,45840,3185,3600,-122.63056047506362,47.09733372490392
b2b-all-726608-1-194hdt-d-1-7392,45840,3185,3600,-122.63056047506362,47.09733372490392
b2b-all-726608-1-195hdt-d-7393,53880,3185,3600,-122.63056047506362,47.09733372490392
b2b-all-726608-1-195hdt-d-7394,53880,3185,3600,-122.63056047506362,47.09733372490392
b2b-all-726608-1-195hdt-d-7395,53880,3185,3600,-122.63056047506362,47.09733372490392
b2b-all-726608-1-195hdt-d-7396,53880,3185,3600,-122.63056047506362,47.09733372490392
b2b-all-726608-2-196hdv-d-0-7397,33300,3185,3600,-122.63056047506362,47.09733372490392
b2b-all-726608-2-196hdv-d-0-7398,27840,3185,3600,-122.63056047506362,47.09733372490392
b2b-all-726608-2-196hdv-d-0-7399,29700,3185,3600,-122.63056047506362,47.09733372490392
b2b-all-726608-2-196hdv-d-1-7400,24600,3185,3600,-122.63056047506362,47.09733372490392
b2b-all-726608-2-196hdv-d-1-7401,19200,3185,3600,-122.63056047506362,47.09733372490392
b2b-all-726608-2-197hdv-d-7402,25440,3185,3600,-122.63056047506362,47.09733372490392
b2b-all-726608-2-197hdv-d-7403,25440,3185,3600,-122.63056047506362,47.09733372490392
b2b-all-726608-2-197hdv-d-7404,28500,3185,3600,-122.63056047506362,47.09733372490392
b2b-all-726609-1-198md-d-7405,29820,2834,3600,-122.44676344316636,47.25854057794606
b2b-all-726609-2-199hdt-d-7406,34500,2834,3600,-122.44676344316636,47.25854057794606
b2b-all-726609-2-199hdt-d-7407,34500,2834,3600,-122.44676344316636,47.25854057794606
b2b-all-726609-2-199hdt-d-7408,34500,2834,3600,-122.44676344316636,47.25854057794606
b2b-all-726609-2-199hdt-d-7409,34500,2834,3600,-122.44676344316636,47.25854057794606
b2b-all-728383-1-200hdt-d-7410,31680,3191,3600,-122.48240942711132,47.05796598200305
b2b-all-728383-1-200hdt-d-7411,31080,3191,3600,-122.48240942711132,47.05796598200305
b2b-all-728385-3-201hdt-d-7412,16380,3179,3600,-122.74810938133588,47.29621087392292
b2b-all-728385-3-201hdt-d-7413,22080,3179,3600,-122.74810938133588,47.29621087392292
b2b-all-728390-1-202hdt-d-7414,52320,3184,3600,-122.63616103853384,47.11352711730238
b2b-all-728390-1-202hdt-d-7415,52320,3184,3600,-122.63616103853384,47.11352711730238
b2b-all-728390-1-202hdt-d-7416,52320,3184,3600,-122.63616103853384,47.11352711730238
b2b-all-728740-3-203hdt-d-7417,24360,5883,3600,-123.05180503036196,44.98106768295292
b2b-all-728740-3-203hdt-d-7418,25500,5883,3600,-123.05180503036196,44.98106768295292
b2b-all-728740-3-203hdt-d-7419,21480,5883,3600,-123.05180503036196,44.98106768295292
b2b-all-728740-3-203hdt-d-7420,12900,5883,3600,-123.05180503036196,44.98106768295292
b2b-all-728740-3-203hdt-d-7421,14520,5883,3600,-123.05180503036196,44.98106768295292
b2b-all-728740-3-203hdt-d-7422,13260,5883,3600,-123.05180503036196,44.98106768295292
b2b-all-728740-4-204hdv-d-7423,23160,5883,3600,-123.05180503036196,44.98106768295292
b2b-all-728740-4-204hdv-d-7424,23160,5883,3600,-123.05180503036196,44.98106768295292
b2b-all-728934-1-205md-d-0-7425,29100,3232,3600,-122.29781926935551,47.11396861703145
b2b-all-728934-1-205md-d-0-7426,23220,3232,3600,-122.29781926935551,47.11396861703145
b2b-all-728934-1-205md-d-0-7427,29220,3232,3600,-122.29781926935551,47.11396861703145
b2b-all-728934-1-205md-d-0-7428,23220,3232,3600,-122.29781926935551,47.11396861703145
b2b-all-728934-1-205md-d-0-7429,24240,3232,3600,-122.29781926935551,47.11396861703145
b2b-all-728934-1-205md-d-0-7430,23220,3232,3600,-122.29781926935551,47.11396861703145
b2b-all-728934-1-205md-d-0-7431,23220,3232,3600,-122.29781926935551,47.11396861703145
b2b-all-728934-1-205md-d-0-7432,23220,3232,3600,-122.29781926935551,47.11396861703145
b2b-all-728934-1-205md-d-0-7433,26880,3232,3600,-122.29781926935551,47.11396861703145
b2b-all-728934-1-205md-d-0-7434,23220,3232,3600,-122.29781926935551,47.11396861703145
b2b-all-728934-1-205md-d-0-7435,30120,3232,3600,-122.29781926935551,47.11396861703145
b2b-all-728934-1-205md-d-0-7436,23220,3232,3600,-122.29781926935551,47.11396861703145
b2b-all-728934-1-205md-d-0-7437,23220,3232,3600,-122.29781926935551,47.11396861703145
b2b-all-728934-1-205md-d-0-7438,23220,3232,3600,-122.29781926935551,47.11396861703145
b2b-all-728934-1-205md-d-0-7439,29160,3232,3600,-122.29781926935551,47.11396861703145
b2b-all-728934-1-205md-d-0-7440,23220,3232,3600,-122.29781926935551,47.11396861703145
b2b-all-728934-1-205md-d-0-7441,24780,3232,3600,-122.29781926935551,47.11396861703145
b2b-all-728934-1-205md-d-0-7442,23220,3232,3600,-122.29781926935551,47.11396861703145
b2b-all-728934-1-205md-d-0-7443,23220,3232,3600,-122.29781926935551,47.11396861703145
b2b-all-728934-1-205md-d-0-7444,23220,3232,3600,-122.29781926935551,47.11396861703145
b2b-all-728934-1-205md-d-1-7445,23220,3232,3600,-122.29781926935551,47.11396861703145
b2b-all-728934-1-205md-d-1-7446,23220,3232,3600,-122.29781926935551,47.11396861703145
b2b-all-728934-1-205md-d-1-7447,23220,3232,3600,-122.29781926935551,47.11396861703145
b2b-all-728934-1-205md-d-1-7448,23220,3232,3600,-122.29781926935551,47.11396861703145
b2b-all-728934-1-205md-d-1-7449,23220,3232,3600,-122.29781926935551,47.11396861703145
b2b-all-728934-1-205md-d-1-7450,23220,3232,3600,-122.29781926935551,47.11396861703145
b2b-all-728934-1-205md-d-1-7451,23220,3232,3600,-122.29781926935551,47.11396861703145
b2b-all-728934-1-205md-d-1-7452,23460,3232,3600,-122.29781926935551,47.11396861703145
b2b-all-728934-1-205hdv-d-7453,23220,3232,3600,-122.29781926935551,47.11396861703145
b2b-all-728934-1-205hdv-d-7454,23220,3232,3600,-122.29781926935551,47.11396861703145
b2b-all-728934-1-205hdv-d-7455,23700,3232,3600,-122.29781926935551,47.11396861703145
b2b-all-728934-1-205hdv-d-7456,24300,3232,3600,-122.29781926935551,47.11396861703145
b2b-all-728934-1-206hdv-d-7457,48000,3232,3600,-122.29781926935551,47.11396861703145
b2b-all-728934-1-206hdv-d-7458,48000,3232,3600,-122.29781926935551,47.11396861703145
b2b-all-728934-2-207hdv-d-7459,50820,3232,3600,-122.29781926935551,47.11396861703145
b2b-all-728934-2-207hdv-d-7460,50820,3232,3600,-122.29781926935551,47.11396861703145
b2b-all-728934-2-207hdv-d-7461,50820,3232,3600,-122.29781926935551,47.11396861703145
b2b-all-728934-2-207hdv-d-7462,50820,3232,3600,-122.29781926935551,47.11396861703145
b2b-all-730141-2-208md-d-7463,37200,3076,3600,-122.49279788200649,47.15545759516048
b2b-all-730141-2-208md-d-7464,37200,3076,3600,-122.49279788200649,47.15545759516048
b2b-all-730141-2-208md-d-7465,37200,3076,3600,-122.49279788200649,47.15545759516048
b2b-all-730141-2-208md-d-7466,37200,3076,3600,-122.49279788200649,47.15545759516048
b2b-all-730141-2-208md-d-7467,37200,3076,3600,-122.49279788200649,47.15545759516048
b2b-all-730141-2-208md-d-7468,37200,3076,3600,-122.49279788200649,47.15545759516048
b2b-all-7306-3-209hdt-d-7469,25800,3191,3600,-122.48240942711132,47.05796598200305
b2b-all-7306-3-209hdt-d-7470,21480,3191,3600,-122.48240942711132,47.05796598200305
b2b-all-7307-3-210hdt-d-7471,19020,3205,3600,-122.47266831305922,46.8934296551068
b2b-all-7307-3-210hdt-d-7472,15960,3205,3600,-122.47266831305922,46.8934296551068
b2b-all-7307-3-210hdt-d-7473,15960,3205,3600,-122.47266831305922,46.8934296551068
b2b-all-7307-3-210hdt-d-7474,15960,3205,3600,-122.47266831305922,46.8934296551068
b2b-all-7307-3-210hdt-d-7475,27720,3205,3600,-122.47266831305922,46.8934296551068
b2b-all-7313-3-211hdt-d-7476,19740,3191,3600,-122.48240942711132,47.05796598200305
b2b-all-7313-3-211hdt-d-7477,31440,3191,3600,-122.48240942711132,47.05796598200305
b2b-all-7313-3-211hdt-d-7478,27720,3191,3600,-122.48240942711132,47.05796598200305
b2b-all-7322-2-212hdv-d-7479,19440,3191,3600,-122.48240942711132,47.05796598200305
b2b-all-7322-2-212hdv-d-7480,35340,3191,3600,-122.48240942711132,47.05796598200305
b2b-all-7331-1-213md-d-7481,24900,3191,3600,-122.48240942711132,47.05796598200305
b2b-all-7331-1-213md-d-7482,24480,3191,3600,-122.48240942711132,47.05796598200305
b2b-all-7331-1-213md-d-7483,26280,3191,3600,-122.48240942711132,47.05796598200305
b2b-all-7331-1-213md-d-7484,15360,3191,3600,-122.48240942711132,47.05796598200305
b2b-all-7331-1-213md-d-7485,25680,3191,3600,-122.48240942711132,47.05796598200305
b2b-all-7331-1-213md-d-7486,18840,3191,3600,-122.48240942711132,47.05796598200305
b2b-all-7331-1-213md-d-7487,29880,3191,3600,-122.48240942711132,47.05796598200305
b2b-all-7340-2-214hdt-d-7488,21360,2461,3600,-122.844950878093,47.572772912764336
b2b-all-7340-2-214hdt-d-7489,23640,2461,3600,-122.844950878093,47.572772912764336
b2b-all-7340-3-215hdt-d-7490,24900,2461,3600,-122.844950878093,47.572772912764336
b2b-all-7340-3-215hdt-d-7491,14520,2461,3600,-122.844950878093,47.572772912764336
b2b-all-7340-3-215hdt-d-7492,15840,2461,3600,-122.844950878093,47.572772912764336
b2b-all-7340-4-216hdv-d-7493,29160,2461,3600,-122.844950878093,47.572772912764336
b2b-all-7340-4-216hdv-d-7494,29160,2461,3600,-122.844950878093,47.572772912764336
b2b-all-7340-4-216hdv-d-7495,29160,2461,3600,-122.844950878093,47.572772912764336
b2b-all-734134-1-217hdt-d-7496,33600,5897,3600,-123.21550111052947,44.80748760973425
b2b-all-7344-3-218hdt-d-7497,24840,3179,3600,-122.74810938133588,47.29621087392292
b2b-all-7344-3-218hdt-d-7498,20220,3179,3600,-122.74810938133588,47.29621087392292
b2b-all-7344-3-218hdt-d-7499,26820,3179,3600,-122.74810938133588,47.29621087392292
b2b-all-7345-1-219md-d-7500,44040,2931,3600,-122.13799776156854,47.23789151424837
b2b-all-7345-1-219md-d-7501,44040,2931,3600,-122.13799776156854,47.23789151424837
b2b-all-7345-1-219md-d-7502,44040,2931,3600,-122.13799776156854,47.23789151424837
b2b-all-7345-1-219md-d-7503,44040,2931,3600,-122.13799776156854,47.23789151424837
b2b-all-7345-1-219md-d-7504,44040,2931,3600,-122.13799776156854,47.23789151424837
b2b-all-7345-1-219md-d-7505,44040,2931,3600,-122.13799776156854,47.23789151424837
b2b-all-7345-1-219md-d-7506,44040,2931,3600,-122.13799776156854,47.23789151424837
b2b-all-7348-2-220hdt-d-7507,50400,2756,3600,-122.37460939738874,47.2604720401297
b2b-all-7348-2-220hdt-d-7508,50400,2756,3600,-122.37460939738874,47.2604720401297
b2b-all-7357-4-221hdv-d-7509,50400,3289,3600,-122.3873639317454,47.22998083076394
b2b-all-7357-4-221hdv-d-7510,50400,3289,3600,-122.3873639317454,47.22998083076394
b2b-all-7357-4-221hdv-d-7511,50400,3289,3600,-122.3873639317454,47.22998083076394
b2b-all-7357-4-222hdv-d-7512,36900,3289,3600,-122.3873639317454,47.22998083076394
b2b-all-7357-4-222hdv-d-7513,36900,3289,3600,-122.3873639317454,47.22998083076394
b2b-all-7357-4-222hdv-d-7514,36900,3289,3600,-122.3873639317454,47.22998083076394
b2b-all-7357-4-222hdv-d-7515,36900,3289,3600,-122.3873639317454,47.22998083076394
b2b-all-7357-4-222hdv-d-7516,36900,3289,3600,-122.3873639317454,47.22998083076394
b2b-all-7361-2-223md-d-7517,28560,2920,3600,-122.09062014010316,47.14351592739911
b2b-all-7361-2-223md-d-7518,28620,2920,3600,-122.09062014010316,47.14351592739911
b2b-all-7361-2-223md-d-7519,28560,2920,3600,-122.09062014010316,47.14351592739911
b2b-all-7361-2-223md-d-7520,28560,2920,3600,-122.09062014010316,47.14351592739911
b2b-all-7361-2-223md-d-7521,28560,2920,3600,-122.09062014010316,47.14351592739911
b2b-all-7361-2-223md-d-7522,28560,2920,3600,-122.09062014010316,47.14351592739911
b2b-all-7361-2-223md-d-7523,28560,2920,3600,-122.09062014010316,47.14351592739911
b2b-all-7361-2-223hdv-d-7524,31140,2920,3600,-122.09062014010316,47.14351592739911
b2b-all-7361-2-223hdv-d-7525,28560,2920,3600,-122.09062014010316,47.14351592739911
b2b-all-736373-3-224hdt-d-7526,19860,3168,3600,-122.6105687032609,47.38202676162847
b2b-all-736373-3-224hdt-d-7527,19860,3168,3600,-122.6105687032609,47.38202676162847
b2b-all-736373-3-224hdt-d-7528,19860,3168,3600,-122.6105687032609,47.38202676162847
b2b-all-737401-3-225hdt-d-7529,33060,3075,3600,-122.48791107717577,47.17189688672618
b2b-all-737402-1-226hdv-d-7530,15420,3136,3600,-122.53909869049684,47.23203456380492
b2b-all-7379281-4-227hdv-d-7531,17280,5885,3600,-123.12917480974409,44.98433170990787
b2b-all-7380342-3-228hdt-d-7532,13200,3854,3600,-122.3645144674494,48.26687162473969
b2b-all-7380342-4-229hdt-d-7533,12240,3854,3600,-122.3645144674494,48.26687162473969
b2b-all-7380342-4-229hdt-d-7534,12240,3854,3600,-122.3645144674494,48.26687162473969
b2b-all-7380342-4-229hdt-d-7535,12240,3854,3600,-122.3645144674494,48.26687162473969
b2b-all-7380342-4-229hdt-d-7536,12240,3854,3600,-122.3645144674494,48.26687162473969
b2b-all-7380342-4-229hdt-d-7537,18060,3854,3600,-122.3645144674494,48.26687162473969
b2b-all-7380342-4-229hdt-d-7538,15660,3854,3600,-122.3645144674494,48.26687162473969
b2b-all-7380342-4-229hdt-d-7539,12240,3854,3600,-122.3645144674494,48.26687162473969
b2b-all-7380342-4-229hdt-d-7540,13740,3854,3600,-122.3645144674494,48.26687162473969
b2b-all-7380342-4-229hdt-d-7541,12240,3854,3600,-122.3645144674494,48.26687162473969
b2b-all-7380342-4-229hdt-d-7542,21900,3854,3600,-122.3645144674494,48.26687162473969
b2b-all-7380342-4-229hdt-d-7543,16260,3854,3600,-122.3645144674494,48.26687162473969
b2b-all-7380342-4-229hdt-d-7544,19440,3854,3600,-122.3645144674494,48.26687162473969
b2b-all-7380342-4-229hdt-d-7545,12240,3854,3600,-122.3645144674494,48.26687162473969
b2b-all-7380342-4-229hdt-d-7546,12300,3854,3600,-122.3645144674494,48.26687162473969
b2b-all-7380342-4-229hdt-d-7547,24120,3854,3600,-122.3645144674494,48.26687162473969
b2b-all-7380342-4-229hdt-d-7548,24660,3854,3600,-122.3645144674494,48.26687162473969
b2b-all-7380342-4-229hdt-d-7549,21840,3854,3600,-122.3645144674494,48.26687162473969
b2b-all-7380342-4-229hdt-d-7550,24000,3854,3600,-122.3645144674494,48.26687162473969
b2b-all-7380342-4-229hdt-d-7551,19800,3854,3600,-122.3645144674494,48.26687162473969
b2b-all-7381028-2-230hdt-d-7552,18900,5885,3600,-123.12917480974409,44.98433170990787
b2b-all-7381028-4-231hdv-d-7553,24180,5885,3600,-123.12917480974409,44.98433170990787
b2b-all-7382461-2-232md-d-7554,21900,5885,3600,-123.12917480974409,44.98433170990787
b2b-all-7387061-2-233hdv-d-7555,16740,5884,3600,-123.08265881403425,44.96059862692943
b2b-all-7387199-4-234hdv-d-7556,29640,5885,3600,-123.12917480974409,44.98433170990787
b2b-all-7387199-4-234hdv-d-7557,29640,5885,3600,-123.12917480974409,44.98433170990787
b2b-all-7387199-4-234hdv-d-7558,29640,5885,3600,-123.12917480974409,44.98433170990787
b2b-all-7389653-2-235hdv-d-7559,29580,5883,3600,-123.05180503036196,44.98106768295292
b2b-all-7389653-2-235hdv-d-7560,29580,5883,3600,-123.05180503036196,44.98106768295292
b2b-all-7389653-2-235hdv-d-7561,29580,5883,3600,-123.05180503036196,44.98106768295292
b2b-all-7392189-1-236md-d-7562,49200,3208,3600,-122.35254870864244,47.09390073708913
b2b-all-7392190-2-237md-d-7563,48000,2925,3600,-122.02957071923194,47.165995128090685
b2b-all-7392190-2-238md-d-7564,48480,2925,3600,-122.02957071923194,47.165995128090685
b2b-all-7392190-2-238md-d-7565,48480,2925,3600,-122.02957071923194,47.165995128090685
b2b-all-7392190-2-238hdt-d-7566,48480,2925,3600,-122.02957071923194,47.165995128090685
b2b-all-7392190-2-238hdt-d-7567,48480,2925,3600,-122.02957071923194,47.165995128090685
b2b-all-7394-2-239hdv-d-7568,24480,3191,3600,-122.48240942711132,47.05796598200305
b2b-all-7394-2-239hdv-d-7569,27120,3191,3600,-122.48240942711132,47.05796598200305
b2b-all-7406-3-240hdt-d-7570,20940,3191,3600,-122.48240942711132,47.05796598200305
b2b-all-7406-3-240hdt-d-7571,20400,3191,3600,-122.48240942711132,47.05796598200305
b2b-all-7408-4-241hdv-d-7572,22920,3181,3600,-122.77190187190745,47.21656893604093
b2b-all-7408-4-241hdv-d-7573,21420,3181,3600,-122.77190187190745,47.21656893604093
b2b-all-7463994-1-242md-d-7574,28620,2868,3600,-122.48784246014117,47.19913825584173
b2b-all-7463994-1-242md-d-7575,25080,2868,3600,-122.48784246014117,47.19913825584173
b2b-all-7463994-1-242md-d-7576,25080,2868,3600,-122.48784246014117,47.19913825584173
b2b-all-7463994-1-242md-d-7577,33960,2868,3600,-122.48784246014117,47.19913825584173
b2b-all-7463994-1-242md-d-7578,32760,2868,3600,-122.48784246014117,47.19913825584173
b2b-all-7463994-1-242md-d-7579,25080,2868,3600,-122.48784246014117,47.19913825584173
b2b-all-7468638-1-243hdv-d-7580,21420,2783,3600,-122.5031226977517,47.27142570297055
b2b-all-7468638-1-243hdv-d-7581,29940,2783,3600,-122.5031226977517,47.27142570297055
b2b-all-7468775-1-244hdt-d-7582,23100,2912,3600,-121.67229636954796,47.029490754728656
b2b-all-7468775-1-244hdt-d-7583,15420,2912,3600,-121.67229636954796,47.029490754728656
b2b-all-7475927-4-245hdv-d-7584,29580,3191,3600,-122.48240942711132,47.05796598200305
b2b-all-7475927-4-245hdv-d-7585,29580,3191,3600,-122.48240942711132,47.05796598200305
b2b-all-752311-1-246hdt-d-7586,21540,3157,3600,-122.59878897254272,47.26544377538905
b2b-all-752311-1-246hdt-d-7587,21540,3157,3600,-122.59878897254272,47.26544377538905
b2b-all-752311-1-246hdt-d-7588,21540,3157,3600,-122.59878897254272,47.26544377538905
b2b-all-752312-1-247hdv-d-7589,30060,3139,3600,-122.52876699560626,47.23132491244878
b2b-all-752324-1-248hdv-d-7590,51000,2829,3600,-122.45308152381747,47.25555649869011
b2b-all-752329-1-249hdv-d-7591,20100,3267,3600,-122.2880372064925,47.19848427709178
b2b-all-752329-1-249hdv-d-7592,22200,3267,3600,-122.2880372064925,47.19848427709178
b2b-all-752329-1-249hdv-d-7593,22740,3267,3600,-122.2880372064925,47.19848427709178
b2b-all-752329-1-249hdv-d-7594,20100,3267,3600,-122.2880372064925,47.19848427709178
b2b-all-752329-1-249hdv-d-7595,20100,3267,3600,-122.2880372064925,47.19848427709178
b2b-all-752363-2-250hdv-d-7596,24060,3191,3600,-122.48240942711132,47.05796598200305
b2b-all-756341-1-251hdt-d-7597,12300,5897,3600,-123.21550111052947,44.80748760973425
b2b-all-757241-1-252md-d-7598,48000,2943,3600,-122.12900709828293,47.16542729635022
b2b-all-757241-1-252md-d-7599,48000,2943,3600,-122.12900709828293,47.16542729635022
b2b-all-757241-1-252hdt-d-7600,48000,2943,3600,-122.12900709828293,47.16542729635022
b2b-all-757241-1-253hdt-d-7601,49980,2943,3600,-122.12900709828293,47.16542729635022
b2b-all-757262-3-254hdt-d-7602,27540,3184,3600,-122.66808420396303,47.10635009599398
b2b-all-757262-3-254hdt-d-7603,18300,3184,3600,-122.66808420396303,47.10635009599398
b2b-all-757262-3-254hdt-d-7604,22320,3184,3600,-122.66808420396303,47.10635009599398
b2b-all-760196-1-255md-d-7605,48000,2870,3600,-122.48392618527107,47.23308894442216
b2b-all-760196-1-255md-d-7606,48000,2870,3600,-122.48392618527107,47.23308894442216
b2b-all-760196-1-255md-d-7607,48000,2870,3600,-122.48392618527107,47.23308894442216
b2b-all-760196-1-255md-d-7608,48000,2870,3600,-122.48392618527107,47.23308894442216
b2b-all-760196-1-255md-d-7609,48000,2870,3600,-122.48392618527107,47.23308894442216
b2b-all-760196-1-255md-d-7610,48000,2870,3600,-122.48392618527107,47.23308894442216
b2b-all-760196-1-255md-d-7611,48000,2870,3600,-122.48392618527107,47.23308894442216
b2b-all-760196-1-255md-d-7612,48000,2870,3600,-122.48392618527107,47.23308894442216
b2b-all-760196-1-255md-d-7613,48000,2870,3600,-122.48392618527107,47.23308894442216
b2b-all-760196-1-255md-d-7614,48000,2870,3600,-122.48392618527107,47.23308894442216
b2b-all-760196-1-255md-d-7615,48000,2870,3600,-122.48392618527107,47.23308894442216
b2b-all-760196-2-256md-d-7616,52440,2870,3600,-122.48392618527107,47.23308894442216
b2b-all-760196-2-256md-d-7617,52440,2870,3600,-122.48392618527107,47.23308894442216
b2b-all-760196-2-256md-d-7618,52440,2870,3600,-122.48392618527107,47.23308894442216
b2b-all-760196-2-256md-d-7619,52440,2870,3600,-122.48392618527107,47.23308894442216
b2b-all-760198-4-257hdv-d-7620,36120,3073,3600,-122.50559028610364,47.14161678606702
b2b-all-760198-4-257hdv-d-7621,36120,3073,3600,-122.50559028610364,47.14161678606702
b2b-all-760198-4-258hdv-d-7622,33360,3073,3600,-122.50559028610364,47.14161678606702
b2b-all-760198-4-258hdv-d-7623,33360,3073,3600,-122.50559028610364,47.14161678606702
b2b-all-760199-1-259md-d-7624,50100,2977,3600,-122.34898398602046,47.16824160848271
b2b-all-760199-1-259md-d-7625,50100,2977,3600,-122.34898398602046,47.16824160848271
b2b-all-760199-1-259md-d-7626,50100,2977,3600,-122.34898398602046,47.16824160848271
b2b-all-760199-1-259md-d-7627,50100,2977,3600,-122.34898398602046,47.16824160848271
b2b-all-760199-1-259md-d-7628,50100,2977,3600,-122.34898398602046,47.16824160848271
b2b-all-760199-1-259md-d-7629,50100,2977,3600,-122.34898398602046,47.16824160848271
b2b-all-760199-1-259md-d-7630,50100,2977,3600,-122.34898398602046,47.16824160848271
b2b-all-760199-4-260hdv-d-7631,14100,2977,3600,-122.34898398602046,47.16824160848271
b2b-all-760199-4-260hdv-d-7632,27720,2977,3600,-122.34898398602046,47.16824160848271
b2b-all-760199-4-260hdv-d-7633,17160,2977,3600,-122.34898398602046,47.16824160848271
b2b-all-760199-4-260hdv-d-7634,14100,2977,3600,-122.34898398602046,47.16824160848271
b2b-all-760199-4-260hdv-d-7635,15600,2977,3600,-122.34898398602046,47.16824160848271
b2b-all-760199-4-260hdv-d-7636,22560,2977,3600,-122.34898398602046,47.16824160848271
b2b-all-760199-4-260hdv-d-7637,14100,2977,3600,-122.34898398602046,47.16824160848271
b2b-all-760199-4-260hdv-d-7638,28500,2977,3600,-122.34898398602046,47.16824160848271
b2b-all-760199-4-260hdv-d-7639,14100,2977,3600,-122.34898398602046,47.16824160848271
b2b-all-760199-4-260hdv-d-7640,28020,2977,3600,-122.34898398602046,47.16824160848271
b2b-all-760477-1-261md-d-7641,23880,3854,3600,-122.3645144674494,48.26687162473969
b2b-all-760477-1-261md-d-7642,23880,3854,3600,-122.3645144674494,48.26687162473969
b2b-all-760477-1-261md-d-7643,23880,3854,3600,-122.3645144674494,48.26687162473969
b2b-all-760477-1-261md-d-7644,23880,3854,3600,-122.3645144674494,48.26687162473969
b2b-all-760477-1-261md-d-7645,23880,3854,3600,-122.3645144674494,48.26687162473969
b2b-all-760477-1-261md-d-7646,23880,3854,3600,-122.3645144674494,48.26687162473969
b2b-all-760477-1-261md-d-7647,23880,3854,3600,-122.3645144674494,48.26687162473969
b2b-all-760477-1-261md-d-7648,23880,3854,3600,-122.3645144674494,48.26687162473969
b2b-all-760477-1-261md-d-7649,24180,3854,3600,-122.3645144674494,48.26687162473969
b2b-all-760477-1-261md-d-7650,23880,3854,3600,-122.3645144674494,48.26687162473969
b2b-all-760477-1-261md-d-7651,23880,3854,3600,-122.3645144674494,48.26687162473969
b2b-all-760477-1-261md-d-7652,23880,3854,3600,-122.3645144674494,48.26687162473969
b2b-all-760477-1-261md-d-7653,23880,3854,3600,-122.3645144674494,48.26687162473969
b2b-all-760477-1-261md-d-7654,23880,3854,3600,-122.3645144674494,48.26687162473969
b2b-all-760899-2-262hdt-d-7655,27600,2823,3600,-122.45918821720196,47.25622576930979
b2b-all-760899-2-262hdt-d-7656,30120,2823,3600,-122.45918821720196,47.25622576930979
b2b-all-761282-2-263hdt-d-7657,29460,3205,3600,-122.47266831305922,46.8934296551068
b2b-all-761282-2-263hdt-d-7658,32580,3205,3600,-122.47266831305922,46.8934296551068
b2b-all-761372-4-264hdv-d-7659,26640,3191,3600,-122.48240942711132,47.05796598200305
b2b-all-761372-4-264hdv-d-7660,21780,3191,3600,-122.48240942711132,47.05796598200305
b2b-all-761372-4-264hdv-d-7661,30480,3191,3600,-122.48240942711132,47.05796598200305
b2b-all-761372-4-264hdv-d-7662,33360,3191,3600,-122.48240942711132,47.05796598200305
b2b-all-761702-1-265md-d-7663,45660,2873,3600,-122.50477116740612,47.23969855074413
b2b-all-761702-1-265md-d-7664,45660,2873,3600,-122.50477116740612,47.23969855074413
b2b-all-761702-1-265md-d-7665,45660,2873,3600,-122.50477116740612,47.23969855074413
b2b-all-761702-1-265md-d-7666,45660,2873,3600,-122.50477116740612,47.23969855074413
b2b-all-761702-1-265md-d-7667,45660,2873,3600,-122.50477116740612,47.23969855074413
b2b-all-761702-1-265md-d-7668,45660,2873,3600,-122.50477116740612,47.23969855074413
b2b-all-761702-1-265md-d-7669,45660,2873,3600,-122.50477116740612,47.23969855074413
b2b-all-761702-1-265md-d-7670,45660,2873,3600,-122.50477116740612,47.23969855074413
b2b-all-761702-1-265md-d-7671,45660,2873,3600,-122.50477116740612,47.23969855074413
b2b-all-761702-1-265md-d-7672,45660,2873,3600,-122.50477116740612,47.23969855074413
b2b-all-761702-1-265md-d-7673,45660,2873,3600,-122.50477116740612,47.23969855074413
b2b-all-761702-1-266md-d-7674,35880,2873,3600,-122.50477116740612,47.23969855074413
b2b-all-761702-1-266md-d-7675,35880,2873,3600,-122.50477116740612,47.23969855074413
b2b-all-761702-1-266md-d-7676,35880,2873,3600,-122.50477116740612,47.23969855074413
b2b-all-761702-1-266md-d-7677,35880,2873,3600,-122.50477116740612,47.23969855074413
b2b-all-761702-1-266md-d-7678,35880,2873,3600,-122.50477116740612,47.23969855074413
b2b-all-761702-1-266md-d-7679,35880,2873,3600,-122.50477116740612,47.23969855074413
b2b-all-761702-2-267hdv-d-7680,47400,2873,3600,-122.50477116740612,47.23969855074413
b2b-all-761702-2-267hdv-d-7681,47400,2873,3600,-122.50477116740612,47.23969855074413
b2b-all-761702-2-267hdv-d-7682,47400,2873,3600,-122.50477116740612,47.23969855074413
b2b-all-761702-2-267hdv-d-7683,47400,2873,3600,-122.50477116740612,47.23969855074413
b2b-all-761702-2-268md-d-7684,45480,2873,3600,-122.50477116740612,47.23969855074413
b2b-all-761702-2-268md-d-7685,45480,2873,3600,-122.50477116740612,47.23969855074413
b2b-all-761702-2-268md-d-7686,45480,2873,3600,-122.50477116740612,47.23969855074413
b2b-all-761702-2-268md-d-7687,45480,2873,3600,-122.50477116740612,47.23969855074413
b2b-all-761702-2-268md-d-7688,45480,2873,3600,-122.50477116740612,47.23969855074413
b2b-all-761702-2-268md-d-7689,45480,2873,3600,-122.50477116740612,47.23969855074413
b2b-all-761702-2-268hdt-d-7690,45480,2873,3600,-122.50477116740612,47.23969855074413
b2b-all-761702-2-268hdt-d-7691,45480,2873,3600,-122.50477116740612,47.23969855074413
b2b-all-761702-2-268hdt-d-7692,45480,2873,3600,-122.50477116740612,47.23969855074413
b2b-all-761702-2-268hdt-d-7693,45480,2873,3600,-122.50477116740612,47.23969855074413
b2b-all-761702-2-268hdt-d-7694,45480,2873,3600,-122.50477116740612,47.23969855074413
b2b-all-761702-2-268hdt-d-7695,45480,2873,3600,-122.50477116740612,47.23969855074413
b2b-all-761702-2-268hdv-d-7696,45480,2873,3600,-122.50477116740612,47.23969855074413
b2b-all-761702-2-268hdv-d-7697,45480,2873,3600,-122.50477116740612,47.23969855074413
b2b-all-762204-3-269hdv-d-7698,17760,3181,3600,-122.77190187190745,47.21656893604093
b2b-all-762353-3-270hdt-d-7699,51600,5897,3600,-123.20928837402349,44.73180393602368
b2b-all-762353-3-270hdt-d-7700,51600,5897,3600,-123.20928837402349,44.73180393602368
b2b-all-762353-3-271hdt-d-7701,36900,5897,3600,-123.20928837402349,44.73180393602368
b2b-all-762353-3-271hdt-d-7702,36900,5897,3600,-123.20928837402349,44.73180393602368
b2b-all-762353-3-271hdt-d-7703,36900,5897,3600,-123.20928837402349,44.73180393602368
b2b-all-762353-3-271hdt-d-7704,36900,5897,3600,-123.20928837402349,44.73180393602368
b2b-all-762353-3-271hdt-d-7705,36900,5897,3600,-123.20928837402349,44.73180393602368
b2b-all-762670-3-272hdv-d-7706,36360,5885,3600,-123.12917480974409,44.98433170990787
b2b-all-762670-3-272hdv-d-7707,36360,5885,3600,-123.12917480974409,44.98433170990787
b2b-all-762674-4-273hdv-d-7708,28200,5897,3600,-123.21550111052947,44.80748760973425
b2b-all-762674-4-273hdv-d-7709,35640,5897,3600,-123.21550111052947,44.80748760973425
b2b-all-763784-1-274hdt-d-7710,15900,5885,3600,-123.12917480974409,44.98433170990787
b2b-all-763911-1-275hdv-d-7711,49320,3186,3600,-122.48137536229936,47.12754670751352
b2b-all-763911-1-276hdv-d-7712,22860,3186,3600,-122.48137536229936,47.12754670751352
b2b-all-763911-1-276hdv-d-7713,22860,3186,3600,-122.48137536229936,47.12754670751352
b2b-all-765663-1-277hdt-d-7714,21720,2128,3600,-121.69744610643237,47.16798796331104
b2b-all-766721-1-278md-d-7715,26880,2868,3600,-122.45874217496224,47.23264734790147
b2b-all-766721-2-279hdv-d-7716,55800,2868,3600,-122.45874217496224,47.23264734790147
b2b-all-768226-1-280md-d-7717,16320,5885,3600,-123.12917480974409,44.98433170990787
b2b-all-768229-1-281hdt-d-7718,26760,3895,3600,-121.26884369455286,48.17174536079158
b2b-all-769091-1-282md-d-7719,53880,3269,3600,-122.30161981830469,47.19755096375831
b2b-all-769091-1-282md-d-7720,53880,3269,3600,-122.30161981830469,47.19755096375831
b2b-all-772897-2-283hdt-d-7721,32760,3230,3600,-122.2880720262747,47.00618046440272
b2b-all-773286-3-284hdt-d-7722,21240,5885,3600,-123.12917480974409,44.98433170990787
b2b-all-774460-1-285md-d-7723,23880,3304,3600,-122.33030289896072,47.23407298158535
b2b-all-774460-1-285md-d-7724,18480,3304,3600,-122.33030289896072,47.23407298158535
b2b-all-774460-1-285md-d-7725,25080,3304,3600,-122.33030289896072,47.23407298158535
b2b-all-774460-1-285md-d-7726,18480,3304,3600,-122.33030289896072,47.23407298158535
b2b-all-774460-1-285md-d-7727,26040,3304,3600,-122.33030289896072,47.23407298158535
b2b-all-774460-1-285md-d-7728,18480,3304,3600,-122.33030289896072,47.23407298158535
b2b-all-774460-1-285hdt-d-7729,24540,3304,3600,-122.33030289896072,47.23407298158535
b2b-all-774460-1-285hdt-d-7730,29340,3304,3600,-122.33030289896072,47.23407298158535
b2b-all-774460-3-286hdt-d-7731,26280,3304,3600,-122.33030289896072,47.23407298158535
b2b-all-774460-3-286hdt-d-7732,26280,3304,3600,-122.33030289896072,47.23407298158535
b2b-all-774752-3-287hdt-d-7733,27240,3191,3600,-122.48240942711132,47.05796598200305
b2b-all-774752-3-287hdt-d-7734,21060,3191,3600,-122.48240942711132,47.05796598200305
b2b-all-775115-1-288md-d-7735,55200,2931,3600,-122.15907120740786,47.25436980803594
b2b-all-775115-1-288md-d-7736,55200,2931,3600,-122.15907120740786,47.25436980803594
b2b-all-775115-1-288md-d-7737,55200,2931,3600,-122.15907120740786,47.25436980803594
b2b-all-775115-1-288md-d-7738,55200,2931,3600,-122.15907120740786,47.25436980803594
b2b-all-775115-1-288md-d-7739,55200,2931,3600,-122.15907120740786,47.25436980803594
b2b-all-775115-1-288md-d-7740,55200,2931,3600,-122.15907120740786,47.25436980803594
b2b-all-775116-1-289md-d-7741,28200,2837,3600,-122.44031217856418,47.23883317834344
b2b-all-775116-1-289md-d-7742,24720,2837,3600,-122.44031217856418,47.23883317834344
b2b-all-775116-1-289md-d-7743,36540,2837,3600,-122.44031217856418,47.23883317834344
b2b-all-775116-1-289md-d-7744,27780,2837,3600,-122.44031217856418,47.23883317834344
b2b-all-775116-1-289md-d-7745,34080,2837,3600,-122.44031217856418,47.23883317834344
b2b-all-775116-1-289md-d-7746,20940,2837,3600,-122.44031217856418,47.23883317834344
b2b-all-780043-1-290md-d-7747,34680,3232,3600,-122.2966072202509,47.13090285781808
b2b-all-780043-1-290md-d-7748,34680,3232,3600,-122.2966072202509,47.13090285781808
b2b-all-780043-1-290md-d-7749,34680,3232,3600,-122.2966072202509,47.13090285781808
b2b-all-780043-1-290md-d-7750,34680,3232,3600,-122.2966072202509,47.13090285781808
b2b-all-780043-1-290md-d-7751,34680,3232,3600,-122.2966072202509,47.13090285781808
b2b-all-780043-1-290md-d-7752,34680,3232,3600,-122.2966072202509,47.13090285781808
b2b-all-780043-2-291md-d-7753,29400,3232,3600,-122.2966072202509,47.13090285781808
b2b-all-780043-2-291md-d-7754,29400,3232,3600,-122.2966072202509,47.13090285781808
b2b-all-780043-2-291md-d-7755,29400,3232,3600,-122.2966072202509,47.13090285781808
b2b-all-780043-2-291md-d-7756,29400,3232,3600,-122.2966072202509,47.13090285781808
b2b-all-780043-2-291md-d-7757,29400,3232,3600,-122.2966072202509,47.13090285781808
b2b-all-780043-2-291md-d-7758,29400,3232,3600,-122.2966072202509,47.13090285781808
b2b-all-780043-3-292hdv-d-7759,22740,3232,3600,-122.2966072202509,47.13090285781808
b2b-all-780043-3-292hdv-d-7760,22740,3232,3600,-122.2966072202509,47.13090285781808
b2b-all-780083-3-293hdv-d-7761,32880,3191,3600,-122.48240942711132,47.05796598200305
b2b-all-780083-3-293hdv-d-7762,31800,3191,3600,-122.48240942711132,47.05796598200305
b2b-all-782077-4-294hdv-d-7763,42480,3080,3600,-122.52164512954285,47.1742481496908
b2b-all-782077-4-294hdv-d-7764,42480,3080,3600,-122.52164512954285,47.1742481496908
b2b-all-784001-3-295hdv-d-7765,32760,2996,3600,-122.36073069740124,47.145699411313885
b2b-all-784001-3-295hdv-d-7766,32760,2996,3600,-122.36073069740124,47.145699411313885
b2b-all-785253-1-296md-d-7767,56820,2836,3600,-122.44163978728642,47.25025621506018
b2b-all-785253-1-296md-d-7768,56820,2836,3600,-122.44163978728642,47.25025621506018
b2b-all-785253-1-296md-d-7769,56820,2836,3600,-122.44163978728642,47.25025621506018
b2b-all-785253-1-296md-d-7770,56820,2836,3600,-122.44163978728642,47.25025621506018
b2b-all-785253-1-296md-d-7771,56820,2836,3600,-122.44163978728642,47.25025621506018
b2b-all-787169-2-297md-d-7772,32220,3191,3600,-122.48240942711132,47.05796598200305
b2b-all-787170-2-298hdt-d-7773,30420,3184,3600,-122.66808420396303,47.10635009599398
b2b-all-788102-1-299hdt-d-7774,40020,5897,3600,-123.21550111052947,44.80748760973425
b2b-all-792066-1-300md-d-7775,27120,2789,3600,-122.51982640351348,47.28536135480877
b2b-all-792066-1-300hdt-d-7776,18660,2789,3600,-122.51982640351348,47.28536135480877
b2b-all-792066-1-300hdv-d-7777,23940,2789,3600,-122.51982640351348,47.28536135480877
b2b-all-792066-1-301md-d-7778,33480,2789,3600,-122.51982640351348,47.28536135480877
b2b-all-792066-1-301md-d-7779,33480,2789,3600,-122.51982640351348,47.28536135480877
b2b-all-792066-1-301hdt-d-7780,33480,2789,3600,-122.51982640351348,47.28536135480877
b2b-all-792066-1-301hdt-d-7781,33480,2789,3600,-122.51982640351348,47.28536135480877
b2b-all-792066-1-301hdv-d-7782,33480,2789,3600,-122.51982640351348,47.28536135480877
b2b-all-792066-1-301hdv-d-7783,33480,2789,3600,-122.51982640351348,47.28536135480877
b2b-all-795448-1-302md-d-7784,33720,2756,3600,-122.37415484616864,47.26345207226818
b2b-all-795448-1-303md-d-7785,49800,2756,3600,-122.37415484616864,47.26345207226818
b2b-all-797454-1-304md-d-7786,34800,2872,3600,-122.50385317877544,47.21428309480649
b2b-all-797454-1-304md-d-7787,34800,2872,3600,-122.50385317877544,47.21428309480649
b2b-all-797454-1-305md-d-7788,50400,2872,3600,-122.50385317877544,47.21428309480649
b2b-all-8136587-1-306hdt-d-7789,23940,5877,3600,-123.0924885936277,44.93811017712774
b2b-all-826624-2-307hdt-d-7790,39660,2873,3600,-122.49637886203698,47.232498029805015
b2b-all-826624-2-308hdt-d-7791,34980,2873,3600,-122.49637886203698,47.232498029805015
b2b-all-826624-2-308hdt-d-7792,34980,2873,3600,-122.49637886203698,47.232498029805015
b2b-all-826624-2-308hdt-d-7793,34980,2873,3600,-122.49637886203698,47.232498029805015
b2b-all-826624-2-308hdt-d-7794,34980,2873,3600,-122.49637886203698,47.232498029805015
b2b-all-826624-2-308hdt-d-7795,34980,2873,3600,-122.49637886203698,47.232498029805015
b2b-all-826624-2-308hdt-d-7796,34980,2873,3600,-122.49637886203698,47.232498029805015
b2b-all-826624-2-308hdt-d-7797,34980,2873,3600,-122.49637886203698,47.232498029805015
b2b-all-826625-1-309md-d-7798,33420,3052,3600,-122.41620322505958,47.16169375227299
b2b-all-826625-1-309md-d-7799,29520,3052,3600,-122.41620322505958,47.16169375227299
b2b-all-826625-1-309md-d-7800,23760,3052,3600,-122.41620322505958,47.16169375227299
b2b-all-826625-1-310md-d-7801,45720,3052,3600,-122.41620322505958,47.16169375227299
b2b-all-826625-2-311hdv-d-0-7802,57540,3052,3600,-122.41620322505958,47.16169375227299
b2b-all-826625-2-311hdv-d-0-7803,57540,3052,3600,-122.41620322505958,47.16169375227299
b2b-all-826625-2-311hdv-d-0-7804,57540,3052,3600,-122.41620322505958,47.16169375227299
b2b-all-826625-2-311hdv-d-1-7805,57540,3052,3600,-122.41620322505958,47.16169375227299
b2b-all-826625-2-311hdv-d-1-7806,57540,3052,3600,-122.41620322505958,47.16169375227299
b2b-all-826625-2-311hdv-d-1-7807,57540,3052,3600,-122.41620322505958,47.16169375227299
b2b-all-826625-2-311hdv-d-2-7808,57540,3052,3600,-122.41620322505958,47.16169375227299
b2b-all-826625-2-311hdv-d-2-7809,57540,3052,3600,-122.41620322505958,47.16169375227299
b2b-all-826625-2-311hdv-d-2-7810,57540,3052,3600,-122.41620322505958,47.16169375227299
b2b-all-826625-2-312hdv-d-1-7811,34560,3052,3600,-122.41620322505958,47.16169375227299
b2b-all-826625-2-312hdv-d-1-7812,34560,3052,3600,-122.41620322505958,47.16169375227299
b2b-all-826625-2-312hdv-d-1-7813,34560,3052,3600,-122.41620322505958,47.16169375227299
b2b-all-826625-2-312hdv-d-1-7814,34560,3052,3600,-122.41620322505958,47.16169375227299
b2b-all-8275115-3-313hdt-d-7815,15300,5885,3600,-123.12917480974409,44.98433170990787
b2b-all-8275255-1-314md-d-7816,31020,3026,3600,-122.42888119540991,47.08950202865775
b2b-all-8275255-1-315md-d-7817,22980,3026,3600,-122.42888119540991,47.08950202865775
b2b-all-8275255-3-316hdt-d-7818,33000,3026,3600,-122.42888119540991,47.08950202865775
b2b-all-8275255-3-317hdt-d-7819,52800,3026,3600,-122.42888119540991,47.08950202865775
b2b-all-8275255-3-317hdt-d-7820,52800,3026,3600,-122.42888119540991,47.08950202865775
b2b-all-8275344-2-318hdv-d-7821,46980,2766,3600,-122.46977896253355,47.27245669074573
b2b-all-8275641-1-319md-d-7822,57000,3172,3600,-122.58638241482612,47.33849782037177
b2b-all-8275641-1-319md-d-7823,57000,3172,3600,-122.58638241482612,47.33849782037177
b2b-all-8275641-1-319md-d-7824,57000,3172,3600,-122.58638241482612,47.33849782037177
b2b-all-8275641-1-319md-d-7825,57000,3172,3600,-122.58638241482612,47.33849782037177
b2b-all-8275641-1-319md-d-7826,57000,3172,3600,-122.58638241482612,47.33849782037177
b2b-all-8275641-1-319md-d-7827,57000,3172,3600,-122.58638241482612,47.33849782037177
b2b-all-8275641-2-320md-d-7828,31980,3172,3600,-122.58638241482612,47.33849782037177
b2b-all-8275641-2-320md-d-7829,31980,3172,3600,-122.58638241482612,47.33849782037177
b2b-all-8275641-2-320md-d-7830,31980,3172,3600,-122.58638241482612,47.33849782037177
b2b-all-8275641-2-320md-d-7831,31980,3172,3600,-122.58638241482612,47.33849782037177
b2b-all-8275641-2-320md-d-7832,31980,3172,3600,-122.58638241482612,47.33849782037177
b2b-all-8275641-2-320md-d-7833,31980,3172,3600,-122.58638241482612,47.33849782037177
b2b-all-8275642-3-321hdt-d-7834,51600,2838,3600,-122.4443211837916,47.23538319136402
b2b-all-8275642-3-321hdt-d-7835,51600,2838,3600,-122.4443211837916,47.23538319136402
b2b-all-8275642-3-321hdt-d-7836,51600,2838,3600,-122.4443211837916,47.23538319136402
b2b-all-8275642-3-321hdt-d-7837,51600,2838,3600,-122.4443211837916,47.23538319136402
b2b-all-8275831-3-322hdt-d-7838,34740,3306,3600,-122.32107732749652,47.21871369062687
b2b-all-8275831-3-322hdt-d-7839,34740,3306,3600,-122.32107732749652,47.21871369062687
b2b-all-8275831-3-323hdt-d-7840,22800,3306,3600,-122.32107732749652,47.21871369062687
b2b-all-8275831-3-323hdt-d-7841,18180,3306,3600,-122.32107732749652,47.21871369062687
b2b-all-8275831-3-323hdt-d-7842,18180,3306,3600,-122.32107732749652,47.21871369062687
b2b-all-8276514-1-324hdt-d-7843,17700,5885,3600,-123.12917480974409,44.98433170990787
b2b-all-830989-1-325hdt-d-7844,23940,3854,3600,-122.3645144674494,48.26687162473969
b2b-all-831445-2-326hdt-d-7845,16560,5885,3600,-123.12917480974409,44.98433170990787
b2b-all-831511-1-327hdv-d-7846,31560,2128,3600,-121.69744610643237,47.16798796331104
b2b-all-831832-1-328md-d-7847,40800,5885,3600,-123.12917480974409,44.98433170990787
b2b-all-831931-2-329hdv-d-7848,31380,3309,3600,-122.42312239218188,47.29983076389457
b2b-all-831931-2-329hdv-d-7849,30420,3309,3600,-122.42312239218188,47.29983076389457
b2b-all-831931-2-330hdv-d-7850,54840,3309,3600,-122.42312239218188,47.29983076389457
b2b-all-831931-2-330hdv-d-7851,54840,3309,3600,-122.42312239218188,47.29983076389457
b2b-all-831932-1-331md-d-7852,25800,2393,3600,-122.64942584286962,47.80224015484186
b2b-all-831932-2-332hdt-d-7853,26880,2393,3600,-122.64942584286962,47.80224015484186
b2b-all-831935-2-333hdv-d-7854,17820,3854,3600,-122.3645144674494,48.26687162473969
b2b-all-835668-1-334hdv-d-7855,27780,3191,3600,-122.48240942711132,47.05796598200305
b2b-all-835669-1-335hdv-d-0-7856,32940,3168,3600,-122.61347722606683,47.37359563173676
b2b-all-835669-1-335hdv-d-0-7857,25740,3168,3600,-122.61347722606683,47.37359563173676
b2b-all-835669-1-335hdv-d-0-7858,26400,3168,3600,-122.61347722606683,47.37359563173676
b2b-all-835669-1-335hdv-d-0-7859,30120,3168,3600,-122.61347722606683,47.37359563173676
b2b-all-835669-1-335hdv-d-0-7860,25980,3168,3600,-122.61347722606683,47.37359563173676
b2b-all-835669-1-335hdv-d-1-7861,33780,3168,3600,-122.61347722606683,47.37359563173676
b2b-all-835669-1-336hdv-d-1-7862,39360,3168,3600,-122.61347722606683,47.37359563173676
b2b-all-835669-1-336hdv-d-1-7863,39360,3168,3600,-122.61347722606683,47.37359563173676
b2b-all-835669-1-336hdv-d-1-7864,39360,3168,3600,-122.61347722606683,47.37359563173676
b2b-all-835669-1-336hdv-d-1-7865,39360,3168,3600,-122.61347722606683,47.37359563173676
b2b-all-835669-1-336hdv-d-1-7866,39360,3168,3600,-122.61347722606683,47.37359563173676
b2b-all-835669-1-336hdv-d-1-7867,39360,3168,3600,-122.61347722606683,47.37359563173676
b2b-all-836850-2-337hdt-d-0-7868,56160,3056,3600,-122.47017714862764,47.16607767399405
b2b-all-836850-2-337hdt-d-0-7869,56160,3056,3600,-122.47017714862764,47.16607767399405
b2b-all-836850-2-337hdt-d-0-7870,56160,3056,3600,-122.47017714862764,47.16607767399405
b2b-all-836850-2-337hdt-d-1-7871,56160,3056,3600,-122.47017714862764,47.16607767399405
b2b-all-836850-2-337hdt-d-1-7872,56160,3056,3600,-122.47017714862764,47.16607767399405
b2b-all-836945-1-338md-d-7873,29280,5885,3600,-123.12917480974409,44.98433170990787
b2b-all-836946-2-339hdv-d-7874,13500,5885,3600,-123.12917480974409,44.98433170990787
b2b-all-837243-2-340hdt-d-7875,25560,3191,3600,-122.48240942711132,47.05796598200305
b2b-all-837244-2-341md-d-7876,33600,2884,3600,-122.47016067566904,47.19900398989052
b2b-all-837244-2-341md-d-7877,33600,2884,3600,-122.47016067566904,47.19900398989052
b2b-all-837244-2-341md-d-7878,33600,2884,3600,-122.47016067566904,47.19900398989052
b2b-all-837244-2-341hdt-d-7879,33600,2884,3600,-122.47016067566904,47.19900398989052
b2b-all-837244-2-341hdt-d-7880,33600,2884,3600,-122.47016067566904,47.19900398989052
b2b-all-837244-2-341hdv-d-7881,33600,2884,3600,-122.47016067566904,47.19900398989052
b2b-all-837244-2-341hdv-d-7882,33600,2884,3600,-122.47016067566904,47.19900398989052
b2b-all-837244-2-342md-d-7883,14820,2884,3600,-122.47016067566904,47.19900398989052
b2b-all-837244-2-342hdt-d-7884,14820,2884,3600,-122.47016067566904,47.19900398989052
b2b-all-837244-2-342hdv-d-7885,14820,2884,3600,-122.47016067566904,47.19900398989052
b2b-all-837244-3-343hdt-d-0-7886,27660,2884,3600,-122.47016067566904,47.19900398989052
b2b-all-837244-3-343hdt-d-0-7887,23460,2884,3600,-122.47016067566904,47.19900398989052
b2b-all-837244-3-343hdt-d-0-7888,27960,2884,3600,-122.47016067566904,47.19900398989052
b2b-all-837244-3-343hdt-d-1-7889,33060,2884,3600,-122.47016067566904,47.19900398989052
b2b-all-837244-3-343hdt-d-1-7890,28440,2884,3600,-122.47016067566904,47.19900398989052
b2b-all-837244-3-343hdt-d-1-7891,27420,2884,3600,-122.47016067566904,47.19900398989052
b2b-all-837244-3-343hdt-d-2-7892,26220,2884,3600,-122.47016067566904,47.19900398989052
b2b-all-837244-3-343hdt-d-2-7893,23280,2884,3600,-122.47016067566904,47.19900398989052
b2b-all-837244-3-343hdt-d-2-7894,25740,2884,3600,-122.47016067566904,47.19900398989052
b2b-all-837244-3-343hdt-d-3-7895,23280,2884,3600,-122.47016067566904,47.19900398989052
b2b-all-837244-3-343hdt-d-3-7896,23280,2884,3600,-122.47016067566904,47.19900398989052
b2b-all-837244-3-343hdt-d-3-7897,23280,2884,3600,-122.47016067566904,47.19900398989052
b2b-all-837244-3-343hdt-d-4-7898,24060,2884,3600,-122.47016067566904,47.19900398989052
b2b-all-837244-3-343hdt-d-4-7899,23280,2884,3600,-122.47016067566904,47.19900398989052
b2b-all-837244-3-343hdt-d-4-7900,24600,2884,3600,-122.47016067566904,47.19900398989052
b2b-all-837244-3-343hdt-d-5-7901,25440,2884,3600,-122.47016067566904,47.19900398989052
b2b-all-837244-3-343hdt-d-5-7902,29520,2884,3600,-122.47016067566904,47.19900398989052
b2b-all-837244-3-343hdt-d-5-7903,27600,2884,3600,-122.47016067566904,47.19900398989052
b2b-all-837244-3-343hdt-d-6-7904,27060,2884,3600,-122.47016067566904,47.19900398989052
b2b-all-837244-3-343hdt-d-6-7905,23280,2884,3600,-122.47016067566904,47.19900398989052
b2b-all-837244-3-343hdt-d-6-7906,34560,2884,3600,-122.47016067566904,47.19900398989052
b2b-all-837244-3-344hdt-d-0-7907,47400,2884,3600,-122.47016067566904,47.19900398989052
b2b-all-837244-3-344hdt-d-0-7908,47400,2884,3600,-122.47016067566904,47.19900398989052
b2b-all-837244-3-344hdt-d-0-7909,47400,2884,3600,-122.47016067566904,47.19900398989052
b2b-all-837244-3-344hdt-d-0-7910,47400,2884,3600,-122.47016067566904,47.19900398989052
b2b-all-837244-3-344hdt-d-0-7911,47400,2884,3600,-122.47016067566904,47.19900398989052
b2b-all-837244-3-344hdt-d-0-7912,47400,2884,3600,-122.47016067566904,47.19900398989052
b2b-all-837244-3-344hdt-d-0-7913,47400,2884,3600,-122.47016067566904,47.19900398989052
b2b-all-837244-3-344hdt-d-0-7914,47400,2884,3600,-122.47016067566904,47.19900398989052
b2b-all-837244-3-344hdt-d-0-7915,47400,2884,3600,-122.47016067566904,47.19900398989052
b2b-all-837244-3-344hdt-d-0-7916,47400,2884,3600,-122.47016067566904,47.19900398989052
b2b-all-837244-3-344hdt-d-1-7917,47400,2884,3600,-122.47016067566904,47.19900398989052
b2b-all-837244-3-344hdt-d-1-7918,47400,2884,3600,-122.47016067566904,47.19900398989052
b2b-all-837244-3-344hdt-d-1-7919,47400,2884,3600,-122.47016067566904,47.19900398989052
b2b-all-837244-3-344hdt-d-1-7920,47400,2884,3600,-122.47016067566904,47.19900398989052
b2b-all-837244-3-344hdt-d-1-7921,47400,2884,3600,-122.47016067566904,47.19900398989052
b2b-all-837244-3-344hdt-d-1-7922,47400,2884,3600,-122.47016067566904,47.19900398989052
b2b-all-837452-2-345hdv-d-7923,34020,5885,3600,-123.12917480974409,44.98433170990787
b2b-all-8383223-1-346hdv-d-7924,32160,5885,3600,-123.12917480974409,44.98433170990787
b2b-all-8383223-1-346hdv-d-7925,32160,5885,3600,-123.12917480974409,44.98433170990787
b2b-all-8383372-1-347md-d-7926,21900,2974,3600,-122.33997451048836,47.19090845342517
b2b-all-839134-1-348hdt-d-7927,9360,5885,3600,-123.12917480974409,44.98433170990787
b2b-all-841387-1-349md-d-7928,22080,3873,3600,-121.9994733158405,48.22073751051053
b2b-all-841893-2-350hdv-d-7929,24600,5885,3600,-123.12917480974409,44.98433170990787
b2b-all-841989-1-351hdt-d-7930,22020,3858,3600,-122.33460113130307,48.27659681424254
b2b-all-842885-1-352md-d-7931,32520,5885,3600,-123.12917480974409,44.98433170990787
b2b-all-843446-1-353hdt-d-0-7932,45000,2960,3600,-122.23306850610986,47.17451300348267
b2b-all-843446-1-353hdt-d-0-7933,45000,2960,3600,-122.23306850610986,47.17451300348267
b2b-all-843446-1-353hdt-d-0-7934,45000,2960,3600,-122.23306850610986,47.17451300348267
b2b-all-843446-1-353hdt-d-1-7935,45000,2960,3600,-122.23306850610986,47.17451300348267
b2b-all-843446-1-353hdt-d-1-7936,45000,2960,3600,-122.23306850610986,47.17451300348267
b2b-all-843446-1-353hdt-d-1-7937,45000,2960,3600,-122.23306850610986,47.17451300348267
b2b-all-843446-1-353hdt-d-2-7938,45000,2960,3600,-122.23306850610986,47.17451300348267
b2b-all-843446-1-354hdt-d-7939,47400,2960,3600,-122.23306850610986,47.17451300348267
b2b-all-843446-1-354hdt-d-7940,47400,2960,3600,-122.23306850610986,47.17451300348267
b2b-all-843448-2-355hdv-d-7941,28320,3191,3600,-122.48240942711132,47.05796598200305
b2b-all-845174-1-356hdv-d-7942,34560,3191,3600,-122.48240942711132,47.05796598200305
b2b-all-848536-1-357hdt-d-7943,33300,3191,3600,-122.48240942711132,47.05796598200305
b2b-all-848756-2-358md-d-7944,30600,5885,3600,-123.12917480974409,44.98433170990787
b2b-all-848795-1-359hdv-d-7945,40380,3184,3600,-122.66808420396303,47.10635009599398
b2b-all-849470-1-360hdv-d-7946,22020,5883,3600,-123.05180503036196,44.98106768295292
b2b-all-850462-2-361hdv-d-7947,46080,3293,3600,-122.37281149079053,47.271805791579176
b2b-all-850462-2-361hdv-d-7948,46080,3293,3600,-122.37281149079053,47.271805791579176
b2b-all-850462-2-361hdv-d-7949,46080,3293,3600,-122.37281149079053,47.271805791579176
b2b-all-850551-2-362hdt-d-7950,17100,5885,3600,-123.12917480974409,44.98433170990787
b2b-all-851003-1-363md-d-7951,21960,5885,3600,-123.12917480974409,44.98433170990787
b2b-all-851452-1-364md-d-7952,20700,5885,3600,-123.12917480974409,44.98433170990787
b2b-all-853191-1-365md-d-7953,41400,5896,3600,-123.29940370469836,44.766457367506206
b2b-all-853193-2-366hdt-d-7954,22260,5879,3600,-123.04362483193276,44.94821565940063
b2b-all-853196-1-367hdt-d-7955,24600,5885,3600,-123.12917480974409,44.98433170990787
b2b-all-853196-1-367hdt-d-7956,20520,5885,3600,-123.12917480974409,44.98433170990787
b2b-all-853198-2-368hdt-d-7957,27060,5885,3600,-123.12917480974409,44.98433170990787
b2b-all-853301-3-369hdv-d-7958,13500,3895,3600,-121.26884369455286,48.17174536079158
b2b-all-853597-3-370hdt-d-7959,13140,5896,3600,-123.29940370469836,44.766457367506206
b2b-all-853598-3-371hdv-d-7960,14820,5885,3600,-123.12917480974409,44.98433170990787
b2b-all-853600-2-372hdv-d-7961,28260,5885,3600,-123.12917480974409,44.98433170990787
b2b-all-853601-2-373md-d-7962,24900,5885,3600,-123.12917480974409,44.98433170990787
b2b-all-853673-1-374hdt-d-7963,30240,3067,3600,-122.5176497009043,47.193082484044965
b2b-all-853793-3-375hdt-d-7964,21300,5885,3600,-123.12917480974409,44.98433170990787
b2b-all-854078-2-376hdt-d-7965,23700,5897,3600,-123.21550111052947,44.80748760973425
b2b-all-854278-1-377hdt-d-7966,36540,3179,3600,-122.74810938133588,47.29621087392292
b2b-all-856554-1-378hdt-d-7967,20580,3267,3600,-122.29367484124518,47.19322961559016
b2b-all-863146-1-379hdt-d-7968,30000,3854,3600,-122.3645144674494,48.26687162473969
b2b-all-863197-3-380hdt-d-7969,26580,3191,3600,-122.48240942711132,47.05796598200305
b2b-all-863200-2-381hdt-d-7970,29100,3184,3600,-122.69303064692495,47.080753194885055
b2b-all-863200-2-381hdt-d-7971,24240,3184,3600,-122.69303064692495,47.080753194885055
b2b-all-863200-2-382hdt-d-7972,28260,3184,3600,-122.69303064692495,47.080753194885055
b2b-all-863203-1-383md-d-7973,42480,2766,3600,-122.46970561413352,47.27331455382299
b2b-all-863203-1-383hdt-d-7974,42480,2766,3600,-122.46970561413352,47.27331455382299
b2b-all-863203-1-383hdv-d-7975,42480,2766,3600,-122.46970561413352,47.27331455382299
b2b-all-863203-1-384md-d-7976,27000,2766,3600,-122.46970561413352,47.27331455382299
b2b-all-863203-1-384hdv-d-7977,27000,2766,3600,-122.46970561413352,47.27331455382299
b2b-all-863207-1-385hdv-d-7978,46080,3048,3600,-122.41872496552284,47.1867779250376
b2b-all-863209-1-386md-d-7979,44640,2995,3600,-122.40051344047356,47.15865365569315
b2b-all-863212-2-387hdv-d-7980,20160,3854,3600,-122.3645144674494,48.26687162473969
b2b-all-868505-1-388md-d-7981,37980,3306,3600,-122.33614172922454,47.22003465771464
b2b-all-870515-1-389hdt-d-7982,51180,2914,3600,-122.09563135389682,47.07638427786386
b2b-all-870515-1-389hdt-d-7983,51180,2914,3600,-122.09563135389682,47.07638427786386
b2b-all-870521-2-390hdt-d-7984,26940,3895,3600,-121.26884369455286,48.17174536079158
b2b-all-871855-1-391md-d-0-7985,33120,3186,3600,-122.4959645075424,47.12412353796946
b2b-all-871855-1-391md-d-0-7986,33120,3186,3600,-122.4959645075424,47.12412353796946
b2b-all-871855-1-391md-d-0-7987,33120,3186,3600,-122.4959645075424,47.12412353796946
b2b-all-871855-1-391md-d-1-7988,33120,3186,3600,-122.4959645075424,47.12412353796946
b2b-all-871859-1-392hdv-d-7989,28500,2925,3600,-122.02504967717223,47.173466991434566
b2b-all-871859-1-392hdv-d-7990,28500,2925,3600,-122.02504967717223,47.173466991434566
b2b-all-871859-1-393hdv-d-7991,48360,2925,3600,-122.02504967717223,47.173466991434566
b2b-all-871859-1-393hdv-d-7992,48360,2925,3600,-122.02504967717223,47.173466991434566
b2b-all-871859-1-393hdv-d-7993,48360,2925,3600,-122.02504967717223,47.173466991434566
b2b-all-871859-1-393hdv-d-7994,48360,2925,3600,-122.02504967717223,47.173466991434566
b2b-all-871859-1-393hdv-d-7995,48360,2925,3600,-122.02504967717223,47.173466991434566
b2b-all-878073-1-394md-d-7996,31920,3056,3600,-122.46969118881466,47.16078860915939
b2b-all-878073-1-394md-d-7997,31920,3056,3600,-122.46969118881466,47.16078860915939
b2b-all-878076-1-395md-d-7998,53760,3173,3600,-122.57870592999264,47.31693956813559
b2b-all-878076-1-395hdv-d-7999,53760,3173,3600,-122.57870592999264,47.31693956813559
b2b-all-878089-1-396md-d-8000,27180,2832,3600,-122.44526017910428,47.26499344237863
b2b-all-878091-1-397hdv-d-8001,21660,2989,3600,-122.24839100299276,47.19342274682708
b2b-all-878096-1-398hdv-d-8002,26520,3067,3600,-122.50362331011196,47.18458323393229
b2b-all-878098-1-399hdt-d-8003,53460,2773,3600,-122.4619367801388,47.263418995849584
b2b-all-878098-1-399hdt-d-8004,53460,2773,3600,-122.4619367801388,47.263418995849584
b2b-all-880191-1-400hdt-d-8005,49200,3306,3600,-122.3112642452768,47.21295099600263
b2b-all-880191-1-400hdt-d-8006,49200,3306,3600,-122.3112642452768,47.21295099600263
b2b-all-880191-1-400hdv-d-8007,49200,3306,3600,-122.3112642452768,47.21295099600263
b2b-all-880191-1-401hdt-d-8008,48000,3306,3600,-122.3112642452768,47.21295099600263
b2b-all-887502-1-402md-d-8009,18840,5885,3600,-123.12917480974409,44.98433170990787
b2b-all-888085-2-403hdv-d-8010,38160,3179,3600,-122.74810938133588,47.29621087392292
b2b-all-888207-1-404md-d-8011,52020,3263,3600,-122.2836485954298,47.17376967345288
b2b-all-888295-1-405hdt-d-8012,16500,5885,3600,-123.12917480974409,44.98433170990787
b2b-all-888391-2-406hdt-d-0-8013,57000,3080,3600,-122.52035061067312,47.17578151403183
b2b-all-888391-2-406hdt-d-0-8014,57000,3080,3600,-122.52035061067312,47.17578151403183
b2b-all-888391-2-406hdt-d-0-8015,57000,3080,3600,-122.52035061067312,47.17578151403183
b2b-all-888391-2-406hdt-d-1-8016,57000,3080,3600,-122.52035061067312,47.17578151403183
b2b-all-888391-2-406hdt-d-1-8017,57000,3080,3600,-122.52035061067312,47.17578151403183
b2b-all-888391-2-407hdt-d-8018,54000,3080,3600,-122.52035061067312,47.17578151403183
b2b-all-888391-2-407hdt-d-8019,54000,3080,3600,-122.52035061067312,47.17578151403183
b2b-all-891266-2-408hdv-d-0-8020,37320,2836,3600,-122.43990061247324,47.25283792911174
b2b-all-891266-2-408hdv-d-0-8021,37320,2836,3600,-122.43990061247324,47.25283792911174
b2b-all-891266-2-408hdv-d-0-8022,37320,2836,3600,-122.43990061247324,47.25283792911174
b2b-all-891266-2-408hdv-d-1-8023,37320,2836,3600,-122.43990061247324,47.25283792911174
b2b-all-891266-2-408hdv-d-1-8024,37320,2836,3600,-122.43990061247324,47.25283792911174
b2b-all-891266-2-408hdv-d-1-8025,37320,2836,3600,-122.43990061247324,47.25283792911174
b2b-all-891266-2-408hdv-d-1-8026,37320,2836,3600,-122.43990061247324,47.25283792911174
b2b-all-891266-2-408hdv-d-2-8027,37320,2836,3600,-122.43990061247324,47.25283792911174
b2b-all-891266-2-408hdv-d-2-8028,37320,2836,3600,-122.43990061247324,47.25283792911174
b2b-all-891266-2-409hdv-d-8029,40740,2836,3600,-122.43990061247324,47.25283792911174
b2b-all-891266-2-409hdv-d-8030,40740,2836,3600,-122.43990061247324,47.25283792911174
b2b-all-891266-2-409hdv-d-8031,40740,2836,3600,-122.43990061247324,47.25283792911174
b2b-all-891266-2-409hdv-d-8032,40740,2836,3600,-122.43990061247324,47.25283792911174
b2b-all-891266-2-409hdv-d-8033,40740,2836,3600,-122.43990061247324,47.25283792911174
b2b-all-891266-2-409hdv-d-8034,40740,2836,3600,-122.43990061247324,47.25283792911174
b2b-all-891266-2-409hdv-d-8035,40740,2836,3600,-122.43990061247324,47.25283792911174
b2b-all-891267-1-410hdv-d-8036,17760,2962,3600,-122.19977762973524,47.08422616603483
b2b-all-891276-2-411hdv-d-8037,28740,3191,3600,-122.48240942711132,47.05796598200305
b2b-all-21805771-0hdt-d-8038,20880,3455,3600,-122.30768468413044,47.9372242090533
b2b-all-21805771-1hdt-d-8039,22920,3455,3600,-122.30768468413044,47.9372242090533
b2b-all-21805771-1hdt-d-8040,22920,3455,3600,-122.30768468413044,47.9372242090533
b2b-all-21805771-1hdt-d-8041,23160,3455,3600,-122.30768468413044,47.9372242090533
b2b-all-21805771-1hdt-d-8042,22920,3455,3600,-122.30768468413044,47.9372242090533
b2b-all-21805771-1hdt-d-8043,22920,3455,3600,-122.30768468413044,47.9372242090533
b2b-all-21805771-1hdt-d-8044,22920,3455,3600,-122.30768468413044,47.9372242090533
b2b-all-21806671-2hdt-d-8045,25020,2166,3600,-122.1191313812878,47.48977100718738
b2b-all-21806671-2hdt-d-8046,17820,2166,3600,-122.1191313812878,47.48977100718738
b2b-all-21806671-2hdt-d-8047,25800,2166,3600,-122.1191313812878,47.48977100718738
b2b-all-21806671-3hdt-d-8048,27000,2166,3600,-122.1191313812878,47.48977100718738
b2b-all-21806671-3hdt-d-8049,33000,2166,3600,-122.1191313812878,47.48977100718738
b2b-all-21806671-3hdt-d-8050,21780,2166,3600,-122.1191313812878,47.48977100718738
b2b-all-21806671-3hdt-d-8051,30600,2166,3600,-122.1191313812878,47.48977100718738
b2b-all-21806671-3hdt-d-8052,24540,2166,3600,-122.1191313812878,47.48977100718738
b2b-all-21806671-3hdt-d-8053,29580,2166,3600,-122.1191313812878,47.48977100718738
b2b-all-21807271-4hdt-d-8054,55800,3269,3600,-122.29447424953835,47.1975283587952
b2b-all-21807271-4hdt-d-8055,55800,3269,3600,-122.29447424953835,47.1975283587952
b2b-all-21807271-4hdt-d-8056,55800,3269,3600,-122.29447424953835,47.1975283587952
b2b-all-21807271-5hdt-d-8057,41760,3269,3600,-122.29447424953835,47.1975283587952
b2b-all-21807271-5hdt-d-8058,41760,3269,3600,-122.29447424953835,47.1975283587952
b2b-all-21807511-6hdt-d-8059,25800,3268,3600,-122.29477561122702,47.199116444944806
b2b-all-21807511-6hdt-d-8060,25800,3268,3600,-122.29477561122702,47.199116444944806
b2b-all-21807511-6hdt-d-8061,26160,3268,3600,-122.29477561122702,47.199116444944806
b2b-all-21807511-7hdt-d-8062,24600,3268,3600,-122.29477561122702,47.199116444944806
b2b-all-21807511-7hdt-d-8063,24600,3268,3600,-122.29477561122702,47.199116444944806
b2b-all-21807511-7hdt-d-8064,24600,3268,3600,-122.29477561122702,47.199116444944806
b2b-all-21807511-7hdt-d-8065,31380,3268,3600,-122.29477561122702,47.199116444944806
b2b-all-21807511-7hdt-d-8066,28380,3268,3600,-122.29477561122702,47.199116444944806
b2b-all-21807511-7hdt-d-8067,27180,3268,3600,-122.29477561122702,47.199116444944806
b2b-all-21807511-7hdt-d-8068,24600,3268,3600,-122.29477561122702,47.199116444944806
b2b-all-21807511-7hdt-d-8069,28380,3268,3600,-122.29477561122702,47.199116444944806
b2b-all-21807511-7hdt-d-8070,24600,3268,3600,-122.29477561122702,47.199116444944806
b2b-all-21809851-8hdt-d-8071,28260,2128,3600,-121.69744610643237,47.16798796331104
b2b-all-21809851-8hdt-d-8072,26460,2128,3600,-121.69744610643237,47.16798796331104
b2b-all-21809851-8hdt-d-8073,26460,2128,3600,-121.69744610643237,47.16798796331104
b2b-all-21809851-9hdt-d-8074,21420,2128,3600,-121.69744610643237,47.16798796331104
b2b-all-21809851-9hdt-d-8075,21420,2128,3600,-121.69744610643237,47.16798796331104
b2b-all-21809851-9hdt-d-8076,21780,2128,3600,-121.69744610643237,47.16798796331104
b2b-all-21809851-9hdt-d-8077,21420,2128,3600,-121.69744610643237,47.16798796331104
b2b-all-21809851-9hdt-d-8078,21420,2128,3600,-121.69744610643237,47.16798796331104
b2b-all-21809851-9hdt-d-8079,21420,2128,3600,-121.69744610643237,47.16798796331104
b2b-all-21809851-9hdt-d-8080,25680,2128,3600,-121.69744610643237,47.16798796331104
b2b-all-21809851-9hdt-d-8081,23760,2128,3600,-121.69744610643237,47.16798796331104
b2b-all-21809851-9hdt-d-8082,25140,2128,3600,-121.69744610643237,47.16798796331104
b2b-all-21809891-10hdt-d-8083,27240,3895,3600,-121.26884369455286,48.17174536079158
b2b-all-21809891-10hdt-d-8084,27240,3895,3600,-121.26884369455286,48.17174536079158
b2b-all-21809891-10hdt-d-8085,27240,3895,3600,-121.26884369455286,48.17174536079158
b2b-all-21809891-10hdt-d-8086,27240,3895,3600,-121.26884369455286,48.17174536079158
b2b-all-21809891-11hdt-d-8087,9120,3895,3600,-121.26884369455286,48.17174536079158
b2b-all-21809891-11hdt-d-8088,12960,3895,3600,-121.26884369455286,48.17174536079158
b2b-all-21809891-11hdt-d-8089,21960,3895,3600,-121.26884369455286,48.17174536079158
b2b-all-21809891-11hdt-d-8090,10260,3895,3600,-121.26884369455286,48.17174536079158
b2b-all-21810291-12hdt-d-8091,14640,3854,3600,-122.3645144674494,48.26687162473969
b2b-all-21810291-13hdt-d-8092,30900,3854,3600,-122.3645144674494,48.26687162473969
b2b-all-21810291-13hdt-d-8093,30900,3854,3600,-122.3645144674494,48.26687162473969
b2b-all-21810291-13hdt-d-8094,30900,3854,3600,-122.3645144674494,48.26687162473969
b2b-all-21810351-14hdt-d-8095,24300,3854,3600,-122.3645144674494,48.26687162473969
b2b-all-21810351-14hdt-d-8096,21180,3854,3600,-122.3645144674494,48.26687162473969
b2b-all-21810351-15hdt-d-8097,19200,3854,3600,-122.3645144674494,48.26687162473969
b2b-all-21810351-15hdt-d-8098,19200,3854,3600,-122.3645144674494,48.26687162473969
b2b-all-21810351-15hdt-d-8099,19200,3854,3600,-122.3645144674494,48.26687162473969
b2b-all-21810351-15hdt-d-8100,23700,3854,3600,-122.3645144674494,48.26687162473969
b2b-all-21810361-16hdt-d-8101,25800,3854,3600,-122.3645144674494,48.26687162473969
b2b-all-21810361-16hdt-d-8102,25800,3854,3600,-122.3645144674494,48.26687162473969
b2b-all-21810361-16hdt-d-8103,25800,3854,3600,-122.3645144674494,48.26687162473969
b2b-all-21810361-16hdt-d-8104,25800,3854,3600,-122.3645144674494,48.26687162473969
b2b-all-21810361-16hdt-d-8105,25800,3854,3600,-122.3645144674494,48.26687162473969
b2b-all-21810361-16hdt-d-8106,25800,3854,3600,-122.3645144674494,48.26687162473969
b2b-all-21810361-16hdt-d-8107,25800,3854,3600,-122.3645144674494,48.26687162473969
b2b-all-21810361-17hdt-d-8108,19800,3854,3600,-122.3645144674494,48.26687162473969
b2b-all-21810361-17hdt-d-8109,19800,3854,3600,-122.3645144674494,48.26687162473969
b2b-all-21810361-17hdt-d-8110,19800,3854,3600,-122.3645144674494,48.26687162473969
b2b-all-21810361-17hdt-d-8111,19860,3854,3600,-122.3645144674494,48.26687162473969
b2b-all-22118421-18hdt-d-8112,40980,1964,3600,-122.1842670250109,47.331854708105176
b2b-all-22118421-18hdt-d-8113,40980,1964,3600,-122.1842670250109,47.331854708105176
b2b-all-22118421-18hdt-d-8114,40980,1964,3600,-122.1842670250109,47.331854708105176
b2b-all-22118421-18hdt-d-8115,40980,1964,3600,-122.1842670250109,47.331854708105176
b2b-all-22118421-18hdt-d-8116,40980,1964,3600,-122.1842670250109,47.331854708105176
b2b-all-22119021-19md-d-8117,37440,1791,3600,-122.3550541156021,47.50756124198602
b2b-all-22119021-19md-d-8118,37440,1791,3600,-122.3550541156021,47.50756124198602
b2b-all-22119021-19md-d-8119,37440,1791,3600,-122.3550541156021,47.50756124198602
b2b-all-22120591-20hdt-d-8120,12420,3191,3600,-122.48240942711132,47.05796598200305
b2b-all-22120591-20hdt-d-8121,18060,3191,3600,-122.48240942711132,47.05796598200305
b2b-all-22120591-21hdt-d-8122,23100,3191,3600,-122.48240942711132,47.05796598200305
b2b-all-22120591-21hdt-d-8123,31620,3191,3600,-122.48240942711132,47.05796598200305
b2b-all-22120591-21hdt-d-8124,28620,3191,3600,-122.48240942711132,47.05796598200305
b2b-all-22120591-21hdt-d-8125,25620,3191,3600,-122.48240942711132,47.05796598200305
b2b-all-22120591-21hdt-d-8126,23100,3191,3600,-122.48240942711132,47.05796598200305
b2b-all-22120591-21hdt-d-8127,27900,3191,3600,-122.48240942711132,47.05796598200305
b2b-all-22120591-21hdt-d-8128,23100,3191,3600,-122.48240942711132,47.05796598200305
b2b-all-22120861-22hdt-d-8129,53400,2859,3600,-122.4366276493456,47.21760077926093
b2b-all-22120861-22hdt-d-8130,53400,2859,3600,-122.4366276493456,47.21760077926093
b2b-all-22120861-23hdt-d-1-8131,30120,2859,3600,-122.4366276493456,47.21760077926093
b2b-all-22121301-24hdt-d-8132,19800,3269,3600,-122.29673535993528,47.19489666509049
b2b-all-22121301-24hdt-d-8133,34260,3269,3600,-122.29673535993528,47.19489666509049
b2b-all-22121301-25hdt-d-8134,50580,3269,3600,-122.29673535993528,47.19489666509049
b2b-all-22121301-25hdt-d-8135,50580,3269,3600,-122.29673535993528,47.19489666509049
b2b-all-22121301-25hdt-d-8136,50580,3269,3600,-122.29673535993528,47.19489666509049
b2b-all-22121301-25hdt-d-8137,50580,3269,3600,-122.29673535993528,47.19489666509049
b2b-all-22121301-25hdt-d-8138,50580,3269,3600,-122.29673535993528,47.19489666509049
b2b-all-22121301-25hdt-d-8139,50580,3269,3600,-122.29673535993528,47.19489666509049
b2b-all-22122971-26hdt-d-8140,30240,3191,3600,-122.48240942711132,47.05796598200305
b2b-all-22122971-26hdt-d-8141,32580,3191,3600,-122.48240942711132,47.05796598200305
b2b-all-22122971-27hdt-d-8142,26160,3191,3600,-122.48240942711132,47.05796598200305
b2b-all-22122971-27hdt-d-8143,30720,3191,3600,-122.48240942711132,47.05796598200305
b2b-all-22122971-27hdt-d-8144,24120,3191,3600,-122.48240942711132,47.05796598200305
b2b-all-22122971-27hdt-d-8145,21480,3191,3600,-122.48240942711132,47.05796598200305
b2b-all-22122971-27hdt-d-8146,15000,3191,3600,-122.48240942711132,47.05796598200305
b2b-all-22123031-28hdt-d-8147,30180,3184,3600,-122.66808420396303,47.10635009599398
b2b-all-22123031-29hdt-d-8148,14280,3184,3600,-122.66808420396303,47.10635009599398
b2b-all-22123031-29hdt-d-8149,20280,3184,3600,-122.66808420396303,47.10635009599398
b2b-all-22123031-29hdt-d-8150,21300,3184,3600,-122.66808420396303,47.10635009599398
b2b-all-22123031-29hdt-d-8151,26700,3184,3600,-122.66808420396303,47.10635009599398
b2b-all-22123031-29hdt-d-8152,13680,3184,3600,-122.66808420396303,47.10635009599398
b2b-all-22123031-29hdt-d-8153,16620,3184,3600,-122.66808420396303,47.10635009599398
b2b-all-22123061-30hdt-d-8154,25800,5885,3600,-123.12917480974409,44.98433170990787
b2b-all-22123061-30hdt-d-8155,25800,5885,3600,-123.12917480974409,44.98433170990787
b2b-all-22123061-30hdt-d-8156,25800,5885,3600,-123.12917480974409,44.98433170990787
b2b-all-22123061-31hdt-d-8157,27720,5885,3600,-123.12917480974409,44.98433170990787
b2b-all-22123061-31hdt-d-8158,27720,5885,3600,-123.12917480974409,44.98433170990787
b2b-all-22123061-31hdt-d-8159,27720,5885,3600,-123.12917480974409,44.98433170990787
b2b-all-22123461-32hdt-d-8160,10560,5885,3600,-123.12917480974409,44.98433170990787
b2b-all-22123461-32hdt-d-8161,11160,5885,3600,-123.12917480974409,44.98433170990787
b2b-all-22123461-32hdt-d-8162,8340,5885,3600,-123.12917480974409,44.98433170990787
b2b-all-22123461-32hdt-d-8163,8760,5885,3600,-123.12917480974409,44.98433170990787
b2b-all-22123461-32hdt-d-8164,22500,5885,3600,-123.12917480974409,44.98433170990787
b2b-all-22123461-32hdt-d-8165,8340,5885,3600,-123.12917480974409,44.98433170990787
b2b-all-22123461-32hdt-d-8166,8340,5885,3600,-123.12917480974409,44.98433170990787
b2b-all-22123461-33hdt-d-8167,17400,5885,3600,-123.12917480974409,44.98433170990787
b2b-all-22123461-33hdt-d-8168,15000,5885,3600,-123.12917480974409,44.98433170990787
b2b-all-22123501-34hdt-d-8169,34200,5885,3600,-123.12917480974409,44.98433170990787
b2b-all-22123501-34hdt-d-8170,34200,5885,3600,-123.12917480974409,44.98433170990787
b2b-all-22123501-34hdt-d-8171,34200,5885,3600,-123.12917480974409,44.98433170990787
b2b-all-22123501-34hdt-d-8172,34200,5885,3600,-123.12917480974409,44.98433170990787
b2b-all-22123501-34hdt-d-8173,34200,5885,3600,-123.12917480974409,44.98433170990787
b2b-all-22123501-34hdt-d-8174,34200,5885,3600,-123.12917480974409,44.98433170990787
b2b-all-22123501-34hdt-d-8175,34200,5885,3600,-123.12917480974409,44.98433170990787
b2b-all-22123501-35hdt-d-8176,22200,5885,3600,-123.12917480974409,44.98433170990787
b2b-all-22123501-35hdt-d-8177,22200,5885,3600,-123.12917480974409,44.98433170990787
b2b-all-22123511-36hdt-d-8178,15240,5885,3600,-123.12917480974409,44.98433170990787
b2b-all-22123511-36hdt-d-8179,17520,5885,3600,-123.12917480974409,44.98433170990787
b2b-all-22123511-36hdt-d-8180,9120,5885,3600,-123.12917480974409,44.98433170990787
b2b-all-22123511-36hdt-d-8181,9120,5885,3600,-123.12917480974409,44.98433170990787
b2b-all-22123511-37hdt-d-8182,18660,5885,3600,-123.12917480974409,44.98433170990787
b2b-all-22123511-37hdt-d-8183,11820,5885,3600,-123.12917480974409,44.98433170990787
b2b-all-22125121-38hdt-d-8184,22260,2128,3600,-121.69744610643237,47.16798796331104
b2b-all-22125121-39hdt-d-8185,27540,2128,3600,-121.69744610643237,47.16798796331104
b2b-all-22125121-39hdt-d-8186,26040,2128,3600,-121.69744610643237,47.16798796331104
b2b-all-22125121-39hdt-d-8187,21480,2128,3600,-121.69744610643237,47.16798796331104
b2b-all-22125121-39hdt-d-8188,23160,2128,3600,-121.69744610643237,47.16798796331104
b2b-all-22125121-39hdt-d-8189,18480,2128,3600,-121.69744610643237,47.16798796331104
b2b-all-22125121-39hdt-d-8190,16200,2128,3600,-121.69744610643237,47.16798796331104
b2b-all-22125161-40md-d-8191,16560,2128,3600,-121.69744610643237,47.16798796331104
b2b-all-22125161-40md-d-8192,16560,2128,3600,-121.69744610643237,47.16798796331104
b2b-all-22125161-40md-d-8193,16560,2128,3600,-121.69744610643237,47.16798796331104
b2b-all-22125161-40md-d-8194,16560,2128,3600,-121.69744610643237,47.16798796331104
b2b-all-22125161-40md-d-8195,16560,2128,3600,-121.69744610643237,47.16798796331104
b2b-all-22125161-40md-d-8196,18720,2128,3600,-121.69744610643237,47.16798796331104
b2b-all-22125161-41md-d-8197,23700,2128,3600,-121.69744610643237,47.16798796331104
b2b-all-22125161-41md-d-8198,23700,2128,3600,-121.69744610643237,47.16798796331104
b2b-all-22125201-42hdt-d-8199,19140,2128,3600,-121.69744610643237,47.16798796331104
b2b-all-22125201-42hdt-d-8200,19140,2128,3600,-121.69744610643237,47.16798796331104
b2b-all-22125201-43hdt-d-8201,33480,2128,3600,-121.69744610643237,47.16798796331104
b2b-all-22125201-43hdt-d-8202,33480,2128,3600,-121.69744610643237,47.16798796331104
b2b-all-22125201-43hdt-d-8203,33480,2128,3600,-121.69744610643237,47.16798796331104
b2b-all-22125201-43hdt-d-8204,33480,2128,3600,-121.69744610643237,47.16798796331104
b2b-all-22125201-43hdt-d-8205,33480,2128,3600,-121.69744610643237,47.16798796331104
b2b-all-22125201-43hdt-d-8206,33480,2128,3600,-121.69744610643237,47.16798796331104
b2b-all-22125201-43hdt-d-8207,33480,2128,3600,-121.69744610643237,47.16798796331104
b2b-all-22125311-44hdt-d-8208,19860,3895,3600,-121.26884369455286,48.17174536079158
b2b-all-22125311-44hdt-d-8209,23640,3895,3600,-121.26884369455286,48.17174536079158
b2b-all-22125311-44hdt-d-8210,19860,3895,3600,-121.26884369455286,48.17174536079158
b2b-all-22125311-44hdt-d-8211,19860,3895,3600,-121.26884369455286,48.17174536079158
b2b-all-22125311-45hdt-d-8212,26220,3895,3600,-121.26884369455286,48.17174536079158
b2b-all-22125311-45hdt-d-8213,26220,3895,3600,-121.26884369455286,48.17174536079158
b2b-all-22125311-45hdt-d-8214,26220,3895,3600,-121.26884369455286,48.17174536079158
b2b-all-22125311-45hdt-d-8215,26220,3895,3600,-121.26884369455286,48.17174536079158
b2b-all-22125341-46hdt-d-8216,32640,3895,3600,-121.26884369455286,48.17174536079158
b2b-all-22125341-46hdt-d-8217,32640,3895,3600,-121.26884369455286,48.17174536079158
b2b-all-22125341-46hdt-d-8218,32640,3895,3600,-121.26884369455286,48.17174536079158
b2b-all-22125341-46hdt-d-8219,32640,3895,3600,-121.26884369455286,48.17174536079158
b2b-all-22125341-47hdt-d-8220,18360,3895,3600,-121.26884369455286,48.17174536079158
b2b-all-22125341-47hdt-d-8221,20160,3895,3600,-121.26884369455286,48.17174536079158
b2b-all-22125341-47hdt-d-8222,18360,3895,3600,-121.26884369455286,48.17174536079158
b2b-all-22126211-48hdt-d-8223,17940,3854,3600,-122.3645144674494,48.26687162473969
b2b-all-22126211-48hdt-d-8224,22920,3854,3600,-122.3645144674494,48.26687162473969
b2b-all-22126211-48hdt-d-8225,17940,3854,3600,-122.3645144674494,48.26687162473969
b2b-all-22126321-49hdt-d-8226,38940,3854,3600,-122.3645144674494,48.26687162473969
b2b-all-22126321-49hdt-d-8227,38940,3854,3600,-122.3645144674494,48.26687162473969
b2b-all-22126321-49hdt-d-8228,38940,3854,3600,-122.3645144674494,48.26687162473969
b2b-all-22126321-50hdt-d-8229,19320,3854,3600,-122.3645144674494,48.26687162473969
b2b-all-22126321-50hdt-d-8230,19320,3854,3600,-122.3645144674494,48.26687162473969
b2b-all-22126321-50hdt-d-8231,19320,3854,3600,-122.3645144674494,48.26687162473969
b2b-all-22126391-51hdv-d-0-8232,14940,3854,3600,-122.3645144674494,48.26687162473969
b2b-all-22126391-51hdv-d-0-8233,14940,3854,3600,-122.3645144674494,48.26687162473969
b2b-all-22126391-51hdv-d-0-8234,14940,3854,3600,-122.3645144674494,48.26687162473969
b2b-all-22126391-51hdv-d-0-8235,17640,3854,3600,-122.3645144674494,48.26687162473969
b2b-all-22126391-51hdv-d-0-8236,14940,3854,3600,-122.3645144674494,48.26687162473969
b2b-all-22126391-51hdv-d-0-8237,14940,3854,3600,-122.3645144674494,48.26687162473969
b2b-all-22126391-51hdv-d-0-8238,14940,3854,3600,-122.3645144674494,48.26687162473969
b2b-all-22126391-51hdv-d-0-8239,17460,3854,3600,-122.3645144674494,48.26687162473969
b2b-all-22126391-51hdv-d-1-8240,19560,3854,3600,-122.3645144674494,48.26687162473969
b2b-all-22126391-52hdv-d-8241,22920,3854,3600,-122.3645144674494,48.26687162473969
b2b-all-22126391-52hdv-d-8242,22920,3854,3600,-122.3645144674494,48.26687162473969
b2b-all-22126391-52hdv-d-8243,22920,3854,3600,-122.3645144674494,48.26687162473969
b2b-all-22126391-52hdv-d-8244,23160,3854,3600,-122.3645144674494,48.26687162473969
b2b-all-22126811-53hdt-d-8245,24060,2128,3600,-121.69744610643237,47.16798796331104
b2b-all-22126811-53hdt-d-8246,20160,2128,3600,-121.69744610643237,47.16798796331104
b2b-all-22126811-54hdt-d-8247,22560,2128,3600,-121.69744610643237,47.16798796331104
b2b-all-22126811-54hdt-d-8248,22560,2128,3600,-121.69744610643237,47.16798796331104
b2b-all-22126811-54hdt-d-8249,22560,2128,3600,-121.69744610643237,47.16798796331104
b2b-all-22126811-54hdt-d-8250,22560,2128,3600,-121.69744610643237,47.16798796331104
b2b-all-22126811-54hdt-d-8251,22560,2128,3600,-121.69744610643237,47.16798796331104
b2b-all-22126871-55hdt-d-8252,25800,2128,3600,-121.69744610643237,47.16798796331104
b2b-all-22126871-55hdt-d-8253,30420,2128,3600,-121.69744610643237,47.16798796331104
b2b-all-22126871-55hdt-d-8254,25800,2128,3600,-121.69744610643237,47.16798796331104
b2b-all-22126871-56hdt-d-8255,26400,2128,3600,-121.69744610643237,47.16798796331104
b2b-all-22126871-56hdt-d-8256,26400,2128,3600,-121.69744610643237,47.16798796331104
b2b-all-22126871-56hdt-d-8257,30120,2128,3600,-121.69744610643237,47.16798796331104
b2b-all-22194603-57hdv-d-8258,30060,2472,3600,-122.628220952309,47.52199305459695
b2b-all-22194603-57hdv-d-8259,30060,2472,3600,-122.628220952309,47.52199305459695
b2b-all-22194603-57hdv-d-8260,31380,2472,3600,-122.628220952309,47.52199305459695
b2b-all-22194603-57hdv-d-8261,30060,2472,3600,-122.628220952309,47.52199305459695
b2b-all-22194603-57hdv-d-8262,30060,2472,3600,-122.628220952309,47.52199305459695
b2b-all-22194603-58hdv-d-8263,42600,2472,3600,-122.628220952309,47.52199305459695
b2b-all-22194603-58hdv-d-8264,42600,2472,3600,-122.628220952309,47.52199305459695
b2b-all-22194603-58hdv-d-8265,42600,2472,3600,-122.628220952309,47.52199305459695
b2b-all-22194603-58hdv-d-8266,42600,2472,3600,-122.628220952309,47.52199305459695
b2b-all-22194603-58hdv-d-8267,42600,2472,3600,-122.628220952309,47.52199305459695
b2b-all-22194603-58hdv-d-8268,42600,2472,3600,-122.628220952309,47.52199305459695
b2b-all-22194911-59hdt-d-8269,16500,3191,3600,-122.48240942711132,47.05796598200305
b2b-all-22194911-59hdt-d-8270,27240,3191,3600,-122.48240942711132,47.05796598200305
b2b-all-22194911-59hdt-d-8271,22260,3191,3600,-122.48240942711132,47.05796598200305
b2b-all-22194911-59hdt-d-8272,22620,3191,3600,-122.48240942711132,47.05796598200305
b2b-all-22194911-59hdt-d-8273,16260,3191,3600,-122.48240942711132,47.05796598200305
b2b-all-22194911-60hdt-d-8274,24300,3191,3600,-122.48240942711132,47.05796598200305
b2b-all-22194911-60hdt-d-8275,29040,3191,3600,-122.48240942711132,47.05796598200305
b2b-all-22194911-60hdt-d-8276,29940,3191,3600,-122.48240942711132,47.05796598200305
b2b-all-22194911-60hdt-d-8277,24300,3191,3600,-122.48240942711132,47.05796598200305
b2b-all-22194911-60hdt-d-8278,29460,3191,3600,-122.48240942711132,47.05796598200305
b2b-all-22194911-60hdt-d-8279,35280,3191,3600,-122.48240942711132,47.05796598200305
b2b-all-22194911-60hdt-d-8280,30180,3191,3600,-122.48240942711132,47.05796598200305
b2b-all-22194981-61hdt-d-8281,22560,5885,3600,-123.12917480974409,44.98433170990787
b2b-all-22194981-61hdt-d-8282,22560,5885,3600,-123.12917480974409,44.98433170990787
b2b-all-22194981-61hdt-d-8283,22560,5885,3600,-123.12917480974409,44.98433170990787
b2b-all-22194981-61hdt-d-8284,22560,5885,3600,-123.12917480974409,44.98433170990787
b2b-all-22194981-61hdt-d-8285,22560,5885,3600,-123.12917480974409,44.98433170990787
b2b-all-22194981-61hdt-d-8286,22560,5885,3600,-123.12917480974409,44.98433170990787
b2b-all-22194981-61hdt-d-8287,22560,5885,3600,-123.12917480974409,44.98433170990787
b2b-all-22194981-62hdt-d-8288,18480,5885,3600,-123.12917480974409,44.98433170990787
b2b-all-22194981-62hdt-d-8289,18480,5885,3600,-123.12917480974409,44.98433170990787
b2b-all-22194981-62hdt-d-8290,18480,5885,3600,-123.12917480974409,44.98433170990787
b2b-all-22194981-62hdt-d-8291,18480,5885,3600,-123.12917480974409,44.98433170990787
b2b-all-22194981-62hdt-d-8292,23100,5885,3600,-123.12917480974409,44.98433170990787
b2b-all-22195151-63hdt-d-8293,25140,2128,3600,-121.69744610643237,47.16798796331104
b2b-all-22195151-63hdt-d-8294,25140,2128,3600,-121.69744610643237,47.16798796331104
b2b-all-22195151-63hdt-d-8295,25140,2128,3600,-121.69744610643237,47.16798796331104
b2b-all-22195151-63hdt-d-8296,25140,2128,3600,-121.69744610643237,47.16798796331104
b2b-all-22195151-64hdt-d-8297,15900,2128,3600,-121.69744610643237,47.16798796331104
b2b-all-22195151-64hdt-d-8298,31620,2128,3600,-121.69744610643237,47.16798796331104
b2b-all-22195151-64hdt-d-8299,21420,2128,3600,-121.69744610643237,47.16798796331104
b2b-all-22195151-64hdt-d-8300,23100,2128,3600,-121.69744610643237,47.16798796331104
b2b-all-22262371-65hdt-d-8301,15360,3455,3600,-122.30768468413044,47.9372242090533
b2b-all-22262371-66hdt-d-8302,18780,3455,3600,-122.30768468413044,47.9372242090533
b2b-all-22262371-66hdt-d-8303,18780,3455,3600,-122.30768468413044,47.9372242090533
b2b-all-22262371-66hdt-d-8304,18780,3455,3600,-122.30768468413044,47.9372242090533
b2b-all-22262371-66hdt-d-8305,18780,3455,3600,-122.30768468413044,47.9372242090533
b2b-all-22262371-66hdt-d-8306,23880,3455,3600,-122.30768468413044,47.9372242090533
b2b-all-22262371-66hdt-d-8307,21060,3455,3600,-122.30768468413044,47.9372242090533
b2b-all-22262371-66hdt-d-8308,18780,3455,3600,-122.30768468413044,47.9372242090533
b2b-all-22263052-67hdv-d-8309,37500,2472,3600,-122.62911157003091,47.5328111620263
b2b-all-22263052-67hdv-d-8310,37500,2472,3600,-122.62911157003091,47.5328111620263
b2b-all-22263052-67hdv-d-8311,37500,2472,3600,-122.62911157003091,47.5328111620263
b2b-all-22263052-67hdv-d-8312,37500,2472,3600,-122.62911157003091,47.5328111620263
b2b-all-22263052-67hdv-d-8313,37500,2472,3600,-122.62911157003091,47.5328111620263
b2b-all-22263052-68hdv-d-8314,56400,2472,3600,-122.62911157003091,47.5328111620263
b2b-all-22263052-68hdv-d-8315,56400,2472,3600,-122.62911157003091,47.5328111620263
b2b-all-22263721-69hdt-d-8316,26520,2128,3600,-121.69744610643237,47.16798796331104
b2b-all-22263721-69hdt-d-8317,26880,2128,3600,-121.69744610643237,47.16798796331104
b2b-all-22263721-69hdt-d-8318,33000,2128,3600,-121.69744610643237,47.16798796331104
b2b-all-22263721-70hdt-d-8319,23400,2128,3600,-121.69744610643237,47.16798796331104
b2b-all-22263721-70hdt-d-8320,23400,2128,3600,-121.69744610643237,47.16798796331104
b2b-all-22263721-70hdt-d-8321,23400,2128,3600,-121.69744610643237,47.16798796331104
b2b-all-22263722-71hdv-d-8322,26280,2128,3600,-121.69744610643237,47.16798796331104
b2b-all-22263722-71hdv-d-8323,24300,2128,3600,-121.69744610643237,47.16798796331104
b2b-all-22263722-71hdv-d-8324,27660,2128,3600,-121.69744610643237,47.16798796331104
b2b-all-22263722-72hdv-d-8325,21960,2128,3600,-121.69744610643237,47.16798796331104
b2b-all-22263722-72hdv-d-8326,21960,2128,3600,-121.69744610643237,47.16798796331104
b2b-all-22263722-72hdv-d-8327,21960,2128,3600,-121.69744610643237,47.16798796331104
b2b-all-22263722-72hdv-d-8328,21960,2128,3600,-121.69744610643237,47.16798796331104
b2b-all-22514461-73hdt-d-8329,39960,1882,3600,-122.29881563123458,47.402263821863066
b2b-all-22514461-74hdt-d-8330,38700,1882,3600,-122.29881563123458,47.402263821863066
b2b-all-22514461-74hdt-d-8331,38700,1882,3600,-122.29881563123458,47.402263821863066
b2b-all-22514461-74hdt-d-8332,38700,1882,3600,-122.29881563123458,47.402263821863066
b2b-all-22514461-74hdt-d-8333,38700,1882,3600,-122.29881563123458,47.402263821863066
b2b-all-22514461-74hdt-d-8334,38700,1882,3600,-122.29881563123458,47.402263821863066
b2b-all-22514461-74hdt-d-8335,38700,1882,3600,-122.29881563123458,47.402263821863066
b2b-all-22514461-74hdt-d-8336,38700,1882,3600,-122.29881563123458,47.402263821863066
b2b-all-22514462-75hdv-d-8337,39660,1882,3600,-122.29881563123458,47.402263821863066
b2b-all-22514462-75hdv-d-8338,39660,1882,3600,-122.29881563123458,47.402263821863066
b2b-all-22514462-76hdv-d-8339,40800,1882,3600,-122.29881563123458,47.402263821863066
b2b-all-22514462-76hdv-d-8340,40800,1882,3600,-122.29881563123458,47.402263821863066
b2b-all-22514462-76hdv-d-8341,40800,1882,3600,-122.29881563123458,47.402263821863066
b2b-all-22514601-77hdt-d-8342,28380,2413,3600,-122.52900217096536,47.649847700957885
b2b-all-22514601-77hdt-d-8343,28380,2413,3600,-122.52900217096536,47.649847700957885
b2b-all-22514601-77hdt-d-8344,28380,2413,3600,-122.52900217096536,47.649847700957885
b2b-all-22514601-77hdt-d-8345,28380,2413,3600,-122.52900217096536,47.649847700957885
b2b-all-22514601-78hdt-d-8346,55920,2413,3600,-122.52900217096536,47.649847700957885
b2b-all-22514601-78hdt-d-8347,55920,2413,3600,-122.52900217096536,47.649847700957885
b2b-all-22514601-78hdt-d-8348,55920,2413,3600,-122.52900217096536,47.649847700957885
b2b-all-22514601-78hdt-d-8349,55920,2413,3600,-122.52900217096536,47.649847700957885
b2b-all-22514601-78hdt-d-8350,55920,2413,3600,-122.52900217096536,47.649847700957885
b2b-all-22514601-78hdt-d-8351,55920,2413,3600,-122.52900217096536,47.649847700957885
b2b-all-22514601-78hdt-d-8352,55920,2413,3600,-122.52900217096536,47.649847700957885
b2b-all-22515491-79hdt-d-8353,42660,3269,3600,-122.30153394063854,47.19926375764609
b2b-all-22515491-80hdt-d-8354,24060,3269,3600,-122.30153394063854,47.19926375764609
b2b-all-22515491-80hdt-d-8355,22620,3269,3600,-122.30153394063854,47.19926375764609
b2b-all-22515491-80hdt-d-8356,22620,3269,3600,-122.30153394063854,47.19926375764609
b2b-all-22515491-80hdt-d-8357,22620,3269,3600,-122.30153394063854,47.19926375764609
b2b-all-22515491-80hdt-d-8358,32340,3269,3600,-122.30153394063854,47.19926375764609
b2b-all-22515491-80hdt-d-8359,23460,3269,3600,-122.30153394063854,47.19926375764609
b2b-all-22515491-80hdt-d-8360,27540,3269,3600,-122.30153394063854,47.19926375764609
b2b-all-22515491-80hdt-d-8361,31080,3269,3600,-122.30153394063854,47.19926375764609
b2b-all-22515491-80hdt-d-8362,26280,3269,3600,-122.30153394063854,47.19926375764609
b2b-all-22515491-80hdt-d-8363,22620,3269,3600,-122.30153394063854,47.19926375764609
b2b-all-22516921-81md-d-8364,14880,5885,3600,-123.12917480974409,44.98433170990787
b2b-all-22516921-81md-d-8365,14880,5885,3600,-123.12917480974409,44.98433170990787
b2b-all-22516971-82hdt-d-8366,24480,5885,3600,-123.12917480974409,44.98433170990787
b2b-all-22516971-82hdt-d-8367,24480,5885,3600,-123.12917480974409,44.98433170990787
b2b-all-22516971-82hdt-d-8368,24480,5885,3600,-123.12917480974409,44.98433170990787
b2b-all-22516971-82hdt-d-8369,26340,5885,3600,-123.12917480974409,44.98433170990787
b2b-all-22516971-83hdt-d-8370,21480,5885,3600,-123.12917480974409,44.98433170990787
b2b-all-22518031-84hdt-d-8371,33420,2128,3600,-121.69744610643237,47.16798796331104
b2b-all-22518031-84hdt-d-8372,33420,2128,3600,-121.69744610643237,47.16798796331104
b2b-all-22518031-84hdt-d-8373,33420,2128,3600,-121.69744610643237,47.16798796331104
b2b-all-22518031-84hdt-d-8374,33420,2128,3600,-121.69744610643237,47.16798796331104
b2b-all-22518031-85hdt-d-8375,23100,2128,3600,-121.69744610643237,47.16798796331104
b2b-all-22518031-85hdt-d-8376,23100,2128,3600,-121.69744610643237,47.16798796331104
b2b-all-22518031-85hdt-d-8377,23880,2128,3600,-121.69744610643237,47.16798796331104
b2b-all-22518031-85hdt-d-8378,27540,2128,3600,-121.69744610643237,47.16798796331104
b2b-all-22518031-85hdt-d-8379,23100,2128,3600,-121.69744610643237,47.16798796331104
b2b-all-22518601-86hdt-d-8380,14220,2128,3600,-121.69744610643237,47.16798796331104
b2b-all-22518601-86hdt-d-8381,14220,2128,3600,-121.69744610643237,47.16798796331104
b2b-all-22518601-87hdt-d-8382,34920,2128,3600,-121.69744610643237,47.16798796331104
b2b-all-22518601-87hdt-d-8383,34920,2128,3600,-121.69744610643237,47.16798796331104
b2b-all-22518601-87hdt-d-8384,34920,2128,3600,-121.69744610643237,47.16798796331104
b2b-all-22518601-87hdt-d-8385,34920,2128,3600,-121.69744610643237,47.16798796331104
b2b-all-22518601-87hdt-d-8386,34920,2128,3600,-121.69744610643237,47.16798796331104
b2b-all-22518601-87hdt-d-8387,34920,2128,3600,-121.69744610643237,47.16798796331104
b2b-all-22518841-88hdt-d-8388,28200,3895,3600,-121.26884369455286,48.17174536079158
b2b-all-22518841-88hdt-d-8389,28200,3895,3600,-121.26884369455286,48.17174536079158
b2b-all-22518841-88hdt-d-8390,28200,3895,3600,-121.26884369455286,48.17174536079158
b2b-all-22518841-88hdt-d-8391,28200,3895,3600,-121.26884369455286,48.17174536079158
b2b-all-22518841-89hdt-d-8392,35400,3895,3600,-121.26884369455286,48.17174536079158
b2b-all-22518841-89hdt-d-8393,35400,3895,3600,-121.26884369455286,48.17174536079158
b2b-all-22518841-89hdt-d-8394,35400,3895,3600,-121.26884369455286,48.17174536079158
b2b-all-22518841-89hdt-d-8395,35400,3895,3600,-121.26884369455286,48.17174536079158
b2b-all-22518861-90hdt-d-8396,25560,3895,3600,-121.26884369455286,48.17174536079158
b2b-all-22518861-90hdt-d-8397,25560,3895,3600,-121.26884369455286,48.17174536079158
b2b-all-22518861-90hdt-d-8398,25560,3895,3600,-121.26884369455286,48.17174536079158
b2b-all-22518861-91hdt-d-8399,31200,3895,3600,-121.26884369455286,48.17174536079158
b2b-all-22518861-91hdt-d-8400,31200,3895,3600,-121.26884369455286,48.17174536079158
b2b-all-22518861-91hdt-d-8401,31200,3895,3600,-121.26884369455286,48.17174536079158
b2b-all-22518861-91hdt-d-8402,31200,3895,3600,-121.26884369455286,48.17174536079158
b2b-all-22518861-91hdt-d-8403,31200,3895,3600,-121.26884369455286,48.17174536079158
b2b-all-22519361-92hdt-d-8404,14220,3854,3600,-122.3645144674494,48.26687162473969
b2b-all-22519361-92hdt-d-8405,12600,3854,3600,-122.3645144674494,48.26687162473969
b2b-all-22519361-92hdt-d-8406,15000,3854,3600,-122.3645144674494,48.26687162473969
b2b-all-22519361-92hdt-d-8407,14340,3854,3600,-122.3645144674494,48.26687162473969
b2b-all-22519361-92hdt-d-8408,25020,3854,3600,-122.3645144674494,48.26687162473969
b2b-all-22519401-93hdt-d-8409,24600,3854,3600,-122.3645144674494,48.26687162473969
b2b-all-22519401-93hdt-d-8410,24600,3854,3600,-122.3645144674494,48.26687162473969
b2b-all-22519401-93hdt-d-8411,24600,3854,3600,-122.3645144674494,48.26687162473969
b2b-all-22519401-94hdt-d-8412,24240,3854,3600,-122.3645144674494,48.26687162473969
b2b-all-22519401-94hdt-d-8413,24240,3854,3600,-122.3645144674494,48.26687162473969
b2b-all-22519401-94hdt-d-8414,24240,3854,3600,-122.3645144674494,48.26687162473969
b2b-all-22519421-95hdt-d-8415,18540,3854,3600,-122.3645144674494,48.26687162473969
b2b-all-22519421-95hdt-d-8416,15180,3854,3600,-122.3645144674494,48.26687162473969
b2b-all-22519421-95hdt-d-8417,16140,3854,3600,-122.3645144674494,48.26687162473969
b2b-all-22519421-96hdt-d-8418,18960,3854,3600,-122.3645144674494,48.26687162473969
b2b-all-22519421-96hdt-d-8419,22740,3854,3600,-122.3645144674494,48.26687162473969
b2b-all-22519421-96hdt-d-8420,18960,3854,3600,-122.3645144674494,48.26687162473969
b2b-all-22621771-97hdt-d-8421,32460,3003,3600,-122.34744414641182,47.15363779622041
b2b-all-22621771-97hdt-d-8422,32460,3003,3600,-122.34744414641182,47.15363779622041
b2b-all-22621771-98hdt-d-8423,39840,3003,3600,-122.34744414641182,47.15363779622041
b2b-all-22621771-98hdt-d-8424,39840,3003,3600,-122.34744414641182,47.15363779622041
b2b-all-22621771-98hdt-d-8425,39840,3003,3600,-122.34744414641182,47.15363779622041
b2b-all-22621771-98hdt-d-8426,39840,3003,3600,-122.34744414641182,47.15363779622041
b2b-all-22621771-98hdt-d-8427,39840,3003,3600,-122.34744414641182,47.15363779622041
b2b-all-22621771-98hdt-d-8428,39840,3003,3600,-122.34744414641182,47.15363779622041
b2b-all-22622061-99hdt-d-8429,24900,5885,3600,-123.12917480974409,44.98433170990787
b2b-all-22622061-100hdt-d-8430,37200,5885,3600,-123.12917480974409,44.98433170990787
b2b-all-22622061-100hdt-d-8431,37200,5885,3600,-123.12917480974409,44.98433170990787
b2b-all-22622061-100hdt-d-8432,37200,5885,3600,-123.12917480974409,44.98433170990787
b2b-all-22622061-100hdt-d-8433,37200,5885,3600,-123.12917480974409,44.98433170990787
b2b-all-22622061-100hdt-d-8434,37200,5885,3600,-123.12917480974409,44.98433170990787
b2b-all-22622061-100hdt-d-8435,37200,5885,3600,-123.12917480974409,44.98433170990787
b2b-all-22622061-100hdt-d-8436,37200,5885,3600,-123.12917480974409,44.98433170990787
b2b-all-22622061-100hdt-d-8437,37200,5885,3600,-123.12917480974409,44.98433170990787
b2b-all-22622111-101hdt-d-8438,23280,5885,3600,-123.12917480974409,44.98433170990787
b2b-all-22622111-101hdt-d-8439,23280,5885,3600,-123.12917480974409,44.98433170990787
b2b-all-22622111-101hdt-d-8440,23280,5885,3600,-123.12917480974409,44.98433170990787
b2b-all-22622111-101hdt-d-8441,23280,5885,3600,-123.12917480974409,44.98433170990787
b2b-all-22622111-102hdt-d-8442,37440,5885,3600,-123.12917480974409,44.98433170990787
b2b-all-22622111-102hdt-d-8443,37440,5885,3600,-123.12917480974409,44.98433170990787
b2b-all-22622111-102hdt-d-8444,37440,5885,3600,-123.12917480974409,44.98433170990787
b2b-all-22622111-102hdt-d-8445,37440,5885,3600,-123.12917480974409,44.98433170990787
b2b-all-22623081-103hdt-d-8446,27600,3854,3600,-122.3645144674494,48.26687162473969
b2b-all-22623081-103hdt-d-8447,27600,3854,3600,-122.3645144674494,48.26687162473969
b2b-all-22623081-104hdt-d-8448,33900,3854,3600,-122.3645144674494,48.26687162473969
b2b-all-22623081-104hdt-d-8449,33900,3854,3600,-122.3645144674494,48.26687162473969
b2b-all-22623081-104hdt-d-8450,33900,3854,3600,-122.3645144674494,48.26687162473969
b2b-all-22623081-104hdt-d-8451,33900,3854,3600,-122.3645144674494,48.26687162473969
b2b-all-22623081-104hdt-d-8452,33900,3854,3600,-122.3645144674494,48.26687162473969
b2b-all-22623081-104hdt-d-8453,33900,3854,3600,-122.3645144674494,48.26687162473969
b2b-all-22623081-104hdt-d-8454,33900,3854,3600,-122.3645144674494,48.26687162473969
b2b-all-22623081-104hdt-d-8455,33900,3854,3600,-122.3645144674494,48.26687162473969
b2b-all-22623302-105hdt-d-8456,19200,2128,3600,-121.69744610643237,47.16798796331104
b2b-all-22623302-106hdt-d-8457,16620,2128,3600,-121.69744610643237,47.16798796331104
b2b-all-22623302-106hdt-d-8458,22920,2128,3600,-121.69744610643237,47.16798796331104
b2b-all-22623302-106hdt-d-8459,16620,2128,3600,-121.69744610643237,47.16798796331104
b2b-all-22623302-106hdt-d-8460,21540,2128,3600,-121.69744610643237,47.16798796331104
b2b-all-22623302-106hdt-d-8461,28020,2128,3600,-121.69744610643237,47.16798796331104
b2b-all-22623302-106hdt-d-8462,23160,2128,3600,-121.69744610643237,47.16798796331104
b2b-all-22623302-106hdt-d-8463,16620,2128,3600,-121.69744610643237,47.16798796331104
b2b-all-68330692-107hdt-d-8464,18900,2128,3600,-121.69744610643237,47.16798796331104
b2b-all-68330692-107hdt-d-8465,20580,2128,3600,-121.69744610643237,47.16798796331104
b2b-all-68330692-107hdt-d-8466,23220,2128,3600,-121.69744610643237,47.16798796331104
b2b-all-68330692-107hdt-d-8467,23100,2128,3600,-121.69744610643237,47.16798796331104
b2b-all-68330692-107hdt-d-8468,18900,2128,3600,-121.69744610643237,47.16798796331104
b2b-all-68330692-107hdt-d-8469,19020,2128,3600,-121.69744610643237,47.16798796331104
b2b-all-68330692-107hdt-d-8470,18900,2128,3600,-121.69744610643237,47.16798796331104
b2b-all-68330692-108hdt-d-8471,17400,2128,3600,-121.69744610643237,47.16798796331104
b2b-all-68330692-108hdt-d-8472,18120,2128,3600,-121.69744610643237,47.16798796331104
b2b-all-68330692-108hdt-d-8473,17400,2128,3600,-121.69744610643237,47.16798796331104
b2b-all-68330692-108hdt-d-8474,24000,2128,3600,-121.69744610643237,47.16798796331104
b2b-all-68330692-108hdt-d-8475,23340,2128,3600,-121.69744610643237,47.16798796331104
b2b-all-68330692-108hdt-d-8476,27120,2128,3600,-121.69744610643237,47.16798796331104
b2b-all-68330692-108hdt-d-8477,19920,2128,3600,-121.69744610643237,47.16798796331104
b2b-all-68330692-108hdt-d-8478,19260,2128,3600,-121.69744610643237,47.16798796331104
b2b-all-68330692-108hdt-d-8479,26520,2128,3600,-121.69744610643237,47.16798796331104
b2b-all-68330692-108hdt-d-8480,24900,2128,3600,-121.69744610643237,47.16798796331104
b2b-all-68330692-108hdt-d-8481,18300,2128,3600,-121.69744610643237,47.16798796331104
b2b-all-68330692-108hdt-d-8482,22020,2128,3600,-121.69744610643237,47.16798796331104
b2b-all-68330692-108hdt-d-8483,18780,2128,3600,-121.69744610643237,47.16798796331104
b2b-all-68330692-108hdt-d-8484,27120,2128,3600,-121.69744610643237,47.16798796331104
b2b-all-68330882-109hdt-d-0-8485,16620,2128,3600,-121.69744610643237,47.16798796331104
b2b-all-68330882-109hdt-d-0-8486,16620,2128,3600,-121.69744610643237,47.16798796331104
b2b-all-68330882-109hdt-d-0-8487,16620,2128,3600,-121.69744610643237,47.16798796331104
b2b-all-68330882-109hdt-d-0-8488,16620,2128,3600,-121.69744610643237,47.16798796331104
b2b-all-68330882-109hdt-d-0-8489,16620,2128,3600,-121.69744610643237,47.16798796331104
b2b-all-68330882-109hdt-d-0-8490,16620,2128,3600,-121.69744610643237,47.16798796331104
b2b-all-68330882-109hdt-d-0-8491,16620,2128,3600,-121.69744610643237,47.16798796331104
b2b-all-68330882-109hdt-d-0-8492,16620,2128,3600,-121.69744610643237,47.16798796331104
b2b-all-68330882-109hdt-d-0-8493,16620,2128,3600,-121.69744610643237,47.16798796331104
b2b-all-68330882-109hdt-d-1-8494,16800,2128,3600,-121.69744610643237,47.16798796331104
b2b-all-68330882-109hdt-d-1-8495,18060,2128,3600,-121.69744610643237,47.16798796331104
b2b-all-68330882-109hdt-d-1-8496,17880,2128,3600,-121.69744610643237,47.16798796331104
b2b-all-68330882-109hdt-d-1-8497,18300,2128,3600,-121.69744610643237,47.16798796331104
b2b-all-68330882-109hdt-d-1-8498,16620,2128,3600,-121.69744610643237,47.16798796331104
b2b-all-68330882-109hdt-d-1-8499,28680,2128,3600,-121.69744610643237,47.16798796331104
b2b-all-68330882-109hdt-d-1-8500,24120,2128,3600,-121.69744610643237,47.16798796331104
b2b-all-68330882-109hdt-d-1-8501,16620,2128,3600,-121.69744610643237,47.16798796331104
b2b-all-68330882-109hdt-d-1-8502,22080,2128,3600,-121.69744610643237,47.16798796331104
b2b-all-68330882-109hdt-d-2-8503,16620,2128,3600,-121.69744610643237,47.16798796331104
b2b-all-68330882-110hdt-d-0-8504,18420,2128,3600,-121.69744610643237,47.16798796331104
b2b-all-68330882-110hdt-d-0-8505,18420,2128,3600,-121.69744610643237,47.16798796331104
b2b-all-68330882-110hdt-d-0-8506,29880,2128,3600,-121.69744610643237,47.16798796331104
b2b-all-68330882-110hdt-d-0-8507,24360,2128,3600,-121.69744610643237,47.16798796331104
b2b-all-68330882-110hdt-d-0-8508,22260,2128,3600,-121.69744610643237,47.16798796331104
b2b-all-68330882-110hdt-d-0-8509,18420,2128,3600,-121.69744610643237,47.16798796331104
b2b-all-68330882-110hdt-d-0-8510,18660,2128,3600,-121.69744610643237,47.16798796331104
b2b-all-68330882-110hdt-d-0-8511,27660,2128,3600,-121.69744610643237,47.16798796331104
b2b-all-68330882-110hdt-d-0-8512,18420,2128,3600,-121.69744610643237,47.16798796331104
b2b-all-68330882-110hdt-d-0-8513,19860,2128,3600,-121.69744610643237,47.16798796331104
b2b-all-68330882-110hdt-d-0-8514,18420,2128,3600,-121.69744610643237,47.16798796331104
b2b-all-68330882-110hdt-d-1-8515,18420,2128,3600,-121.69744610643237,47.16798796331104
b2b-all-68330883-111hdv-d-8516,31080,2128,3600,-121.69744610643237,47.16798796331104
b2b-all-68330883-111hdv-d-8517,31080,2128,3600,-121.69744610643237,47.16798796331104
b2b-all-68330883-111hdv-d-8518,31080,2128,3600,-121.69744610643237,47.16798796331104
b2b-all-68330883-111hdv-d-8519,31080,2128,3600,-121.69744610643237,47.16798796331104
b2b-all-68330883-111hdv-d-8520,31080,2128,3600,-121.69744610643237,47.16798796331104
b2b-all-68330883-111hdv-d-8521,31080,2128,3600,-121.69744610643237,47.16798796331104
b2b-all-68330883-111hdv-d-8522,31080,2128,3600,-121.69744610643237,47.16798796331104
b2b-all-68330883-111hdv-d-8523,31080,2128,3600,-121.69744610643237,47.16798796331104
b2b-all-68330883-111hdv-d-8524,31080,2128,3600,-121.69744610643237,47.16798796331104
b2b-all-68330883-112hdv-d-8525,20580,2128,3600,-121.69744610643237,47.16798796331104
b2b-all-68330883-112hdv-d-8526,24960,2128,3600,-121.69744610643237,47.16798796331104
b2b-all-68330883-112hdv-d-8527,12840,2128,3600,-121.69744610643237,47.16798796331104
b2b-all-68330883-112hdv-d-8528,21480,2128,3600,-121.69744610643237,47.16798796331104
b2b-all-68330883-112hdv-d-8529,18180,2128,3600,-121.69744610643237,47.16798796331104
b2b-all-68388282-113hdt-d-8530,38280,2859,3600,-122.43840560268325,47.21482319644032
b2b-all-68388282-113hdt-d-8531,38280,2859,3600,-122.43840560268325,47.21482319644032
b2b-all-68388282-113hdt-d-8532,38280,2859,3600,-122.43840560268325,47.21482319644032
b2b-all-68388282-113hdt-d-8533,38280,2859,3600,-122.43840560268325,47.21482319644032
b2b-all-68388282-114hdt-d-0-8534,24240,2859,3600,-122.43840560268325,47.21482319644032
b2b-all-68388282-114hdt-d-0-8535,27240,2859,3600,-122.43840560268325,47.21482319644032
b2b-all-68388282-114hdt-d-0-8536,32400,2859,3600,-122.43840560268325,47.21482319644032
b2b-all-68388282-114hdt-d-0-8537,24240,2859,3600,-122.43840560268325,47.21482319644032
b2b-all-68388282-114hdt-d-0-8538,24240,2859,3600,-122.43840560268325,47.21482319644032
b2b-all-68388282-114hdt-d-0-8539,24240,2859,3600,-122.43840560268325,47.21482319644032
b2b-all-68388282-114hdt-d-0-8540,30840,2859,3600,-122.43840560268325,47.21482319644032
b2b-all-68388282-114hdt-d-0-8541,29520,2859,3600,-122.43840560268325,47.21482319644032
b2b-all-68388282-114hdt-d-0-8542,28740,2859,3600,-122.43840560268325,47.21482319644032
b2b-all-68388282-114hdt-d-0-8543,24240,2859,3600,-122.43840560268325,47.21482319644032
b2b-all-68388282-114hdt-d-0-8544,24240,2859,3600,-122.43840560268325,47.21482319644032
b2b-all-68388282-114hdt-d-0-8545,26640,2859,3600,-122.43840560268325,47.21482319644032
b2b-all-68388282-114hdt-d-0-8546,24240,2859,3600,-122.43840560268325,47.21482319644032
b2b-all-68388282-114hdt-d-0-8547,26040,2859,3600,-122.43840560268325,47.21482319644032
b2b-all-68388282-114hdt-d-0-8548,34800,2859,3600,-122.43840560268325,47.21482319644032
b2b-all-68388282-114hdt-d-1-8549,24240,2859,3600,-122.43840560268325,47.21482319644032
b2b-all-68388282-114hdt-d-1-8550,24240,2859,3600,-122.43840560268325,47.21482319644032
b2b-all-68388282-114hdt-d-1-8551,24240,2859,3600,-122.43840560268325,47.21482319644032
b2b-all-68388282-114hdt-d-1-8552,24240,2859,3600,-122.43840560268325,47.21482319644032
b2b-all-68388282-114hdt-d-1-8553,29640,2859,3600,-122.43840560268325,47.21482319644032
b2b-all-68388282-114hdt-d-1-8554,31620,2859,3600,-122.43840560268325,47.21482319644032
b2b-all-68388282-114hdt-d-1-8555,24240,2859,3600,-122.43840560268325,47.21482319644032
b2b-all-68388282-114hdt-d-1-8556,24240,2859,3600,-122.43840560268325,47.21482319644032
b2b-all-68388282-114hdt-d-1-8557,24240,2859,3600,-122.43840560268325,47.21482319644032
b2b-all-68388282-114hdt-d-1-8558,30000,2859,3600,-122.43840560268325,47.21482319644032
b2b-all-68388282-114hdt-d-1-8559,24240,2859,3600,-122.43840560268325,47.21482319644032
b2b-all-68388282-114hdt-d-1-8560,30840,2859,3600,-122.43840560268325,47.21482319644032
b2b-all-68388282-114hdt-d-2-8561,24240,2859,3600,-122.43840560268325,47.21482319644032
b2b-all-68388282-114hdt-d-2-8562,28680,2859,3600,-122.43840560268325,47.21482319644032
b2b-all-68388282-114hdt-d-2-8563,29940,2859,3600,-122.43840560268325,47.21482319644032
b2b-all-2353872-1-0md-d-8564,28740,2392,3600,-122.65647970213412,47.79114557975382
b2b-all-2353872-1-1md-d-8565,25560,2392,3600,-122.65647970213412,47.79114557975382
b2b-all-2353873-1-2md-d-8566,54540,2414,3600,-122.54325609750065,47.67143961141829
b2b-all-2353873-1-2md-d-8567,54540,2414,3600,-122.54325609750065,47.67143961141829
b2b-all-29735-4-3hdv-d-8568,26280,3191,3600,-122.48240942711132,47.05796598200305
b2b-all-29735-4-3hdv-d-8569,18180,3191,3600,-122.48240942711132,47.05796598200305
b2b-all-29735-4-3hdv-d-8570,30840,3191,3600,-122.48240942711132,47.05796598200305
b2b-all-29735-4-3hdv-d-8571,22680,3191,3600,-122.48240942711132,47.05796598200305
b2b-all-29735-4-3hdv-d-8572,24420,3191,3600,-122.48240942711132,47.05796598200305
b2b-all-29739-3-4hdt-d-8573,17940,3181,3600,-122.77190187190745,47.21656893604093
b2b-all-29739-3-4hdt-d-8574,24840,3181,3600,-122.77190187190745,47.21656893604093
b2b-all-29739-3-4hdt-d-8575,27120,3181,3600,-122.77190187190745,47.21656893604093
b2b-all-29739-3-4hdt-d-8576,24180,3181,3600,-122.77190187190745,47.21656893604093
b2b-all-29739-3-4hdt-d-8577,17940,3181,3600,-122.77190187190745,47.21656893604093
b2b-all-31373-1-5md-d-8578,29400,2502,3600,-122.68230148915823,47.432548402245295
b2b-all-31373-1-5md-d-8579,28680,2502,3600,-122.68230148915823,47.432548402245295
b2b-all-31373-1-5md-d-8580,28680,2502,3600,-122.68230148915823,47.432548402245295
b2b-all-31373-1-5md-d-8581,28680,2502,3600,-122.68230148915823,47.432548402245295
b2b-all-31373-1-5md-d-8582,28680,2502,3600,-122.68230148915823,47.432548402245295
b2b-all-31373-1-5md-d-8583,33900,2502,3600,-122.68230148915823,47.432548402245295
b2b-all-31373-1-5md-d-8584,28680,2502,3600,-122.68230148915823,47.432548402245295
b2b-all-6659621-3-6hdv-d-8585,55800,2414,3600,-122.56145190918204,47.69378536112972
b2b-all-6659621-3-6hdv-d-8586,55800,2414,3600,-122.56145190918204,47.69378536112972
b2b-all-6659808-4-7hdv-d-8587,57060,2363,3600,-122.63011918047263,47.5669130293748
b2b-all-6659808-4-7hdv-d-8588,57060,2363,3600,-122.63011918047263,47.5669130293748
b2b-all-6659808-4-7hdv-d-8589,57060,2363,3600,-122.63011918047263,47.5669130293748
b2b-all-6659808-4-7hdv-d-8590,57060,2363,3600,-122.63011918047263,47.5669130293748
b2b-all-6659808-4-7hdv-d-8591,57060,2363,3600,-122.63011918047263,47.5669130293748
b2b-all-6659808-4-7hdv-d-8592,57060,2363,3600,-122.63011918047263,47.5669130293748
b2b-all-6663539-2-8hdv-d-8593,25140,3191,3600,-122.48240942711132,47.05796598200305
b2b-all-6672915-3-9hdt-d-8594,18300,5885,3600,-123.12917480974409,44.98433170990787
b2b-all-6675685-1-10md-d-8595,15720,5885,3600,-123.12917480974409,44.98433170990787
b2b-all-6698129-2-11hdv-d-8596,29460,5897,3600,-123.21550111052947,44.80748760973425
b2b-all-6707156-1-12hdt-d-8597,16500,5897,3600,-123.21550111052947,44.80748760973425
b2b-all-6707443-1-13md-d-8598,25200,3858,3600,-122.33460113130307,48.27659681424254
b2b-all-6708021-1-14hdv-d-8599,23700,5885,3600,-123.12917480974409,44.98433170990787
b2b-all-6708584-2-15hdv-d-8600,22500,3854,3600,-122.3645144674494,48.26687162473969
b2b-all-6710857-1-16md-d-8601,39960,5885,3600,-123.12917480974409,44.98433170990787
b2b-all-6710857-2-17hdt-d-0-8602,12900,5885,3600,-123.12917480974409,44.98433170990787
b2b-all-6710857-2-17hdt-d-0-8603,16620,5885,3600,-123.12917480974409,44.98433170990787
b2b-all-6710857-2-17hdt-d-0-8604,22800,5885,3600,-123.12917480974409,44.98433170990787
b2b-all-6710857-2-17hdt-d-0-8605,22920,5885,3600,-123.12917480974409,44.98433170990787
b2b-all-6710857-2-17hdt-d-1-8606,17460,5885,3600,-123.12917480974409,44.98433170990787
b2b-all-6710857-2-17hdt-d-1-8607,22500,5885,3600,-123.12917480974409,44.98433170990787
b2b-all-6710857-2-17hdt-d-1-8608,13980,5885,3600,-123.12917480974409,44.98433170990787
b2b-all-6710857-2-17hdt-d-1-8609,16560,5885,3600,-123.12917480974409,44.98433170990787
b2b-all-6710857-2-17hdt-d-2-8610,19620,5885,3600,-123.12917480974409,44.98433170990787
b2b-all-6710857-2-17hdt-d-2-8611,18900,5885,3600,-123.12917480974409,44.98433170990787
b2b-all-6710857-2-17hdt-d-2-8612,16860,5885,3600,-123.12917480974409,44.98433170990787
b2b-all-6710857-2-17hdt-d-2-8613,15420,5885,3600,-123.12917480974409,44.98433170990787
b2b-all-6710857-2-17hdt-d-3-8614,15900,5885,3600,-123.12917480974409,44.98433170990787
b2b-all-6710857-2-17hdt-d-3-8615,21900,5885,3600,-123.12917480974409,44.98433170990787
b2b-all-6710857-2-17hdt-d-3-8616,17880,5885,3600,-123.12917480974409,44.98433170990787
b2b-all-6710857-2-17hdt-d-3-8617,17760,5885,3600,-123.12917480974409,44.98433170990787
b2b-all-6710857-2-17hdt-d-4-8618,16500,5885,3600,-123.12917480974409,44.98433170990787
b2b-all-6710857-2-17hdt-d-4-8619,18180,5885,3600,-123.12917480974409,44.98433170990787
b2b-all-6714589-1-18hdt-d-8620,23100,2128,3600,-121.69744610643237,47.16798796331104
b2b-all-695698-3-19hdt-d-8621,20400,3205,3600,-122.47266831305922,46.8934296551068
b2b-all-705776-4-20hdv-d-8622,46260,2506,3600,-122.64953306245962,47.40554455809738
b2b-all-705776-4-20hdv-d-8623,46260,2506,3600,-122.64953306245962,47.40554455809738
b2b-all-705777-3-21hdv-d-8624,48780,2362,3600,-122.6229200536944,47.566150072979376
b2b-all-705777-3-21hdv-d-8625,48780,2362,3600,-122.6229200536944,47.566150072979376
b2b-all-705777-3-21hdv-d-8626,48780,2362,3600,-122.6229200536944,47.566150072979376
b2b-all-705778-3-22hdv-d-8627,25560,2511,3600,-122.59044347010598,47.73687640449111
b2b-all-705778-3-22hdv-d-8628,33960,2511,3600,-122.59044347010598,47.73687640449111
b2b-all-710143-1-23hdv-d-8629,56700,2405,3600,-122.64253592162608,47.74889524813218
b2b-all-710146-2-24hdv-d-8630,21300,2360,3600,-122.61150454776762,47.58247796121834
b2b-all-710185-2-25hdv-d-8631,30960,3181,3600,-122.77190187190745,47.21656893604093
b2b-all-713893-1-26hdt-d-8632,35820,3205,3600,-122.47266831305922,46.8934296551068
b2b-all-713893-2-27hdt-d-8633,19920,3205,3600,-122.47266831305922,46.8934296551068
b2b-all-725629-1-28hdt-d-8634,19500,3854,3600,-122.3645144674494,48.26687162473969
b2b-all-725637-2-29hdv-d-8635,22980,3179,3600,-122.74810938133588,47.29621087392292
b2b-all-726607-2-30hdv-d-8636,25080,2403,3600,-122.664327525936,47.700796748617456
b2b-all-729376-1-31md-d-8637,49200,2398,3600,-122.70112264409418,47.69986666002279
b2b-all-729376-1-31md-d-8638,49200,2398,3600,-122.70112264409418,47.69986666002279
b2b-all-729376-1-31md-d-8639,49200,2398,3600,-122.70112264409418,47.69986666002279
b2b-all-729376-1-31md-d-8640,49200,2398,3600,-122.70112264409418,47.69986666002279
b2b-all-729376-1-31md-d-8641,49200,2398,3600,-122.70112264409418,47.69986666002279
b2b-all-729376-1-31md-d-8642,49200,2398,3600,-122.70112264409418,47.69986666002279
b2b-all-734281-1-32md-d-8643,26820,2509,3600,-122.60133193843949,47.748349787100494
b2b-all-734281-1-32hdt-d-8644,26820,2509,3600,-122.60133193843949,47.748349787100494
b2b-all-734281-1-32hdv-d-8645,26820,2509,3600,-122.60133193843949,47.748349787100494
b2b-all-734281-1-33md-d-8646,25440,2509,3600,-122.60133193843949,47.748349787100494
b2b-all-734281-1-33hdv-d-8647,23820,2509,3600,-122.60133193843949,47.748349787100494
b2b-all-7378394-4-34hdv-d-8648,42480,3179,3600,-122.74810938133588,47.29621087392292
b2b-all-7378394-4-34hdv-d-8649,42480,3179,3600,-122.74810938133588,47.29621087392292
b2b-all-7380342-1-35md-d-8650,10920,3854,3600,-122.3645144674494,48.26687162473969
b2b-all-7380342-1-35md-d-8651,12360,3854,3600,-122.3645144674494,48.26687162473969
b2b-all-7380342-1-35md-d-8652,22560,3854,3600,-122.3645144674494,48.26687162473969
b2b-all-7380342-1-35md-d-8653,15060,3854,3600,-122.3645144674494,48.26687162473969
b2b-all-7380342-1-35md-d-8654,15060,3854,3600,-122.3645144674494,48.26687162473969
b2b-all-7380342-1-35md-d-8655,17160,3854,3600,-122.3645144674494,48.26687162473969
b2b-all-7380342-4-36hdt-d-8656,36840,3854,3600,-122.3645144674494,48.26687162473969
b2b-all-7380342-4-36hdt-d-8657,36840,3854,3600,-122.3645144674494,48.26687162473969
b2b-all-7380342-4-36hdt-d-8658,36840,3854,3600,-122.3645144674494,48.26687162473969
b2b-all-7380342-4-36hdt-d-8659,36840,3854,3600,-122.3645144674494,48.26687162473969
b2b-all-7389817-2-37hdv-d-8660,21300,5885,3600,-123.12917480974409,44.98433170990787
b2b-all-752363-2-38hdv-d-8661,16920,3191,3600,-122.48240942711132,47.05796598200305
b2b-all-757262-3-39hdt-d-8662,34080,3184,3600,-122.66808420396303,47.10635009599398
b2b-all-762124-2-40hdt-d-8663,23820,2510,3600,-122.58307141259613,47.68900017779727
b2b-all-762124-2-40hdt-d-8664,20820,2510,3600,-122.58307141259613,47.68900017779727
b2b-all-762124-2-41hdt-d-8665,54000,2510,3600,-122.58307141259613,47.68900017779727
b2b-all-762124-3-42hdv-d-8666,24240,2510,3600,-122.58307141259613,47.68900017779727
b2b-all-767434-2-43hdt-d-8667,33600,2406,3600,-122.64184195766352,47.72779347606523
b2b-all-768033-2-44hdv-d-8668,30180,5885,3600,-123.12917480974409,44.98433170990787
b2b-all-768222-1-45md-d-8669,9660,5885,3600,-123.12917480974409,44.98433170990787
b2b-all-772895-1-46hdv-d-8670,47400,2464,3600,-122.66902542351784,47.496107523443065
b2b-all-774458-2-47hdt-d-8671,48120,2412,3600,-122.51879379659498,47.68355981138784
b2b-all-774458-2-47hdt-d-8672,48120,2412,3600,-122.51879379659498,47.68355981138784
b2b-all-780035-4-48hdv-d-8673,31140,2409,3600,-122.63579917587413,47.731894508693486
b2b-all-780035-4-48hdv-d-8674,31140,2409,3600,-122.63579917587413,47.731894508693486
b2b-all-780035-4-48hdv-d-8675,31140,2409,3600,-122.63579917587413,47.731894508693486
b2b-all-780035-4-48hdv-d-8676,31140,2409,3600,-122.63579917587413,47.731894508693486
b2b-all-780035-4-48hdv-d-8677,31140,2409,3600,-122.63579917587413,47.731894508693486
b2b-all-780035-4-48hdv-d-8678,31140,2409,3600,-122.63579917587413,47.731894508693486
b2b-all-780035-4-48hdv-d-8679,31140,2409,3600,-122.63579917587413,47.731894508693486
b2b-all-780035-4-49hdt-d-8680,31860,2409,3600,-122.63579917587413,47.731894508693486
b2b-all-780035-4-49hdv-d-8681,31860,2409,3600,-122.63579917587413,47.731894508693486
b2b-all-780035-4-49hdv-d-8682,31860,2409,3600,-122.63579917587413,47.731894508693486
b2b-all-787170-2-50hdt-d-8683,27240,3184,3600,-122.66808420396303,47.10635009599398
b2b-all-788101-1-51hdt-d-8684,19200,5885,3600,-123.12917480974409,44.98433170990787
b2b-all-789231-1-52hdt-d-8685,23100,3895,3600,-121.26884369455286,48.17174536079158
b2b-all-8053821-3-53hdt-d-8686,51600,2394,3600,-122.68239131662756,47.78592236012437
b2b-all-8053821-3-53hdt-d-8687,51600,2394,3600,-122.68239131662756,47.78592236012437
b2b-all-8053821-3-53hdt-d-8688,51600,2394,3600,-122.68239131662756,47.78592236012437
b2b-all-8053821-3-53hdt-d-8689,51600,2394,3600,-122.68239131662756,47.78592236012437
b2b-all-8053821-3-53hdt-d-8690,51600,2394,3600,-122.68239131662756,47.78592236012437
b2b-all-8053821-3-53hdt-d-8691,51600,2394,3600,-122.68239131662756,47.78592236012437
b2b-all-8053821-3-53hdt-d-8692,51600,2394,3600,-122.68239131662756,47.78592236012437
b2b-all-8053821-3-53hdt-d-8693,51600,2394,3600,-122.68239131662756,47.78592236012437
b2b-all-8053821-3-53hdt-d-8694,51600,2394,3600,-122.68239131662756,47.78592236012437
b2b-all-8053821-3-53hdt-d-8695,51600,2394,3600,-122.68239131662756,47.78592236012437
b2b-all-8053821-3-53hdt-d-8696,51600,2394,3600,-122.68239131662756,47.78592236012437
b2b-all-8053821-3-53hdt-d-8697,51600,2394,3600,-122.68239131662756,47.78592236012437
b2b-all-8053821-3-53hdt-d-8698,51600,2394,3600,-122.68239131662756,47.78592236012437
b2b-all-8053821-3-53hdt-d-8699,51600,2394,3600,-122.68239131662756,47.78592236012437
b2b-all-8053821-3-53hdt-d-8700,51600,2394,3600,-122.68239131662756,47.78592236012437
b2b-all-8136587-1-54hdt-d-8701,30600,5877,3600,-123.0924885936277,44.93811017712774
b2b-all-8214016-3-55hdt-d-8702,26760,3860,3600,-122.16669982272528,48.26526223933203
b2b-all-8214016-3-55hdt-d-8703,22560,3860,3600,-122.16669982272528,48.26526223933203
b2b-all-8214016-3-55hdt-d-8704,27960,3860,3600,-122.16669982272528,48.26526223933203
b2b-all-822157-2-56hdt-d-8705,12480,5885,3600,-123.12917480974409,44.98433170990787
b2b-all-822157-3-57hdv-d-8706,12000,5885,3600,-123.12917480974409,44.98433170990787
b2b-all-823229-1-58hdv-d-8707,28320,3191,3600,-122.48240942711132,47.05796598200305
b2b-all-831930-1-59md-d-8708,38160,2465,3600,-122.7498630019408,47.47958458331023
b2b-all-831930-1-59hdv-d-8709,38160,2465,3600,-122.7498630019408,47.47958458331023
b2b-all-831930-1-60hdt-d-8710,41820,2465,3600,-122.7498630019408,47.47958458331023
b2b-all-831930-1-60hdt-d-8711,41820,2465,3600,-122.7498630019408,47.47958458331023
b2b-all-831930-1-60hdv-d-8712,41820,2465,3600,-122.7498630019408,47.47958458331023
b2b-all-831930-2-61hdv-d-0-8713,48000,2465,3600,-122.7498630019408,47.47958458331023
b2b-all-831930-2-61hdv-d-0-8714,48000,2465,3600,-122.7498630019408,47.47958458331023
b2b-all-831930-2-61hdv-d-0-8715,48000,2465,3600,-122.7498630019408,47.47958458331023
b2b-all-831930-2-61hdv-d-1-8716,48000,2465,3600,-122.7498630019408,47.47958458331023
b2b-all-831930-2-61hdv-d-1-8717,48000,2465,3600,-122.7498630019408,47.47958458331023
b2b-all-831930-2-62hdv-d-8718,41760,2465,3600,-122.7498630019408,47.47958458331023
b2b-all-831930-2-62hdv-d-8719,41760,2465,3600,-122.7498630019408,47.47958458331023
b2b-all-831930-2-62hdv-d-8720,41760,2465,3600,-122.7498630019408,47.47958458331023
b2b-all-831930-2-62hdv-d-8721,41760,2465,3600,-122.7498630019408,47.47958458331023
b2b-all-831930-2-62hdv-d-8722,41760,2465,3600,-122.7498630019408,47.47958458331023
b2b-all-831930-2-62hdv-d-8723,41760,2465,3600,-122.7498630019408,47.47958458331023
b2b-all-836944-1-63md-d-8724,17220,5883,3600,-123.05180503036196,44.98106768295292
b2b-all-837243-2-64hdt-d-8725,10980,3191,3600,-122.48240942711132,47.05796598200305
b2b-all-841988-1-65hdt-d-8726,23400,2358,3600,-122.61772298227982,47.5787614348385
b2b-all-842643-1-66md-d-8727,31920,2403,3600,-122.68140661800248,47.67889005144408
b2b-all-842643-1-66hdt-d-8728,31920,2403,3600,-122.68140661800248,47.67889005144408
b2b-all-842643-1-66hdv-d-8729,31920,2403,3600,-122.68140661800248,47.67889005144408
b2b-all-842643-1-66hdv-d-8730,31920,2403,3600,-122.68140661800248,47.67889005144408
b2b-all-842643-1-67hdt-d-8731,42300,2403,3600,-122.68140661800248,47.67889005144408
b2b-all-842643-1-67hdv-d-8732,42300,2403,3600,-122.68140661800248,47.67889005144408
b2b-all-843445-1-68hdt-d-0-8733,45240,2403,3600,-122.6918824019054,47.68036779767779
b2b-all-843445-1-68hdt-d-0-8734,45240,2403,3600,-122.6918824019054,47.68036779767779
b2b-all-843445-1-68hdt-d-0-8735,45240,2403,3600,-122.6918824019054,47.68036779767779
b2b-all-843445-1-68hdt-d-1-8736,45240,2403,3600,-122.6918824019054,47.68036779767779
b2b-all-843445-1-68hdt-d-1-8737,45240,2403,3600,-122.6918824019054,47.68036779767779
b2b-all-843445-1-68hdt-d-1-8738,45240,2403,3600,-122.6918824019054,47.68036779767779
b2b-all-843445-1-68hdt-d-2-8739,45240,2403,3600,-122.6918824019054,47.68036779767779
b2b-all-843445-1-68hdt-d-2-8740,45240,2403,3600,-122.6918824019054,47.68036779767779
b2b-all-843445-1-68hdt-d-2-8741,45240,2403,3600,-122.6918824019054,47.68036779767779
b2b-all-843445-1-68hdt-d-3-8742,45240,2403,3600,-122.6918824019054,47.68036779767779
b2b-all-843445-1-69hdt-d-8743,40740,2403,3600,-122.6918824019054,47.68036779767779
b2b-all-843445-1-69hdt-d-8744,40740,2403,3600,-122.6918824019054,47.68036779767779
b2b-all-843445-1-69hdt-d-8745,40740,2403,3600,-122.6918824019054,47.68036779767779
b2b-all-843448-2-70hdv-d-8746,25920,3191,3600,-122.48240942711132,47.05796598200305
b2b-all-849115-1-71hdt-d-8747,14340,5885,3600,-123.12917480974409,44.98433170990787
b2b-all-850551-2-72hdt-d-8748,27720,5885,3600,-123.12917480974409,44.98433170990787
b2b-all-853192-3-73hdt-d-8749,20220,5879,3600,-123.04362483193276,44.94821565940063
b2b-all-853194-1-74md-d-8750,20400,5879,3600,-123.04362483193276,44.94821565940063
b2b-all-853299-3-75hdt-d-8751,9180,5885,3600,-123.12917480974409,44.98433170990787
b2b-all-863146-2-76hdv-d-8752,18060,3854,3600,-122.3645144674494,48.26687162473969
b2b-all-863190-2-77hdv-d-8753,46980,2359,3600,-122.60647300188724,47.5673759959376
b2b-all-870514-1-78md-d-8754,25380,2481,3600,-122.57699031693436,47.53867573002252
b2b-all-870514-1-78md-d-8755,20760,2481,3600,-122.57699031693436,47.53867573002252
b2b-all-870514-1-79md-d-8756,30360,2481,3600,-122.57699031693436,47.53867573002252
b2b-all-870514-1-79md-d-8757,30360,2481,3600,-122.57699031693436,47.53867573002252
b2b-all-870514-1-79md-d-8758,30360,2481,3600,-122.57699031693436,47.53867573002252
b2b-all-870518-1-80hdv-d-8759,36120,3191,3600,-122.48240942711132,47.05796598200305
b2b-all-878059-1-81md-d-8760,19440,2392,3600,-122.68491238336972,47.77545729386097
b2b-all-878066-1-82hdt-d-8761,28020,2480,3600,-122.62511460674052,47.543286443316354
b2b-all-878066-1-82hdt-d-8762,19800,2480,3600,-122.62511460674052,47.543286443316354
b2b-all-880193-1-83md-d-8763,26400,3858,3600,-122.33460113130307,48.27659681424254
b2b-all-888084-1-84hdt-d-8764,37680,2397,3600,-122.59103957754203,47.76199084245316
b2b-all-888084-1-84hdv-d-8765,37680,2397,3600,-122.59103957754203,47.76199084245316
b2b-all-888084-1-85hdt-d-8766,48000,2397,3600,-122.59103957754203,47.76199084245316
b2b-all-888084-2-86hdv-d-0-8767,25380,2397,3600,-122.59103957754203,47.76199084245316
b2b-all-888084-2-86hdv-d-0-8768,21420,2397,3600,-122.59103957754203,47.76199084245316
b2b-all-888084-2-86hdv-d-0-8769,21420,2397,3600,-122.59103957754203,47.76199084245316
b2b-all-888084-2-86hdv-d-1-8770,28500,2397,3600,-122.59103957754203,47.76199084245316
b2b-all-888084-2-87hdv-d-8771,29160,2397,3600,-122.59103957754203,47.76199084245316
b2b-all-888084-2-87hdv-d-8772,29160,2397,3600,-122.59103957754203,47.76199084245316
b2b-all-891239-1-88hdt-d-8773,24780,2391,3600,-122.52972146584416,47.87353655239537
b2b-all-891257-1-89hdt-d-8774,28920,2510,3600,-122.57726001444344,47.716818522224486
b2b-all-891257-1-89hdt-d-8775,29760,2510,3600,-122.57726001444344,47.716818522224486
b2b-all-891257-1-90hdt-d-8776,27600,2510,3600,-122.57726001444344,47.716818522224486
b2b-all-21805771-0hdt-d-8777,32280,3455,3600,-122.30768468413044,47.9372242090533
b2b-all-21805771-0hdt-d-8778,32280,3455,3600,-122.30768468413044,47.9372242090533
b2b-all-21805771-0hdt-d-8779,32280,3455,3600,-122.30768468413044,47.9372242090533
b2b-all-21805771-0hdt-d-8780,32280,3455,3600,-122.30768468413044,47.9372242090533
b2b-all-21805771-1hdt-d-8781,19380,3455,3600,-122.30768468413044,47.9372242090533
b2b-all-21809851-2hdt-d-8782,14940,2128,3600,-121.69744610643237,47.16798796331104
b2b-all-21809851-2hdt-d-8783,23100,2128,3600,-121.69744610643237,47.16798796331104
b2b-all-21809851-2hdt-d-8784,20880,2128,3600,-121.69744610643237,47.16798796331104
b2b-all-21809851-2hdt-d-8785,11160,2128,3600,-121.69744610643237,47.16798796331104
b2b-all-21809851-2hdt-d-8786,19860,2128,3600,-121.69744610643237,47.16798796331104
b2b-all-21809851-2hdt-d-8787,15900,2128,3600,-121.69744610643237,47.16798796331104
b2b-all-21809851-2hdt-d-8788,20700,2128,3600,-121.69744610643237,47.16798796331104
b2b-all-21809851-2hdt-d-8789,11220,2128,3600,-121.69744610643237,47.16798796331104
b2b-all-21809851-2hdt-d-8790,25800,2128,3600,-121.69744610643237,47.16798796331104
b2b-all-21810291-3hdt-d-8791,19380,3854,3600,-122.3645144674494,48.26687162473969
b2b-all-22120591-4hdt-d-8792,28140,3191,3600,-122.48240942711132,47.05796598200305
b2b-all-22120591-5hdt-d-8793,29220,3191,3600,-122.48240942711132,47.05796598200305
b2b-all-22120591-5hdt-d-8794,29220,3191,3600,-122.48240942711132,47.05796598200305
b2b-all-22120861-6hdt-d-8795,22380,2859,3600,-122.4366276493456,47.21760077926093
b2b-all-22120861-6hdt-d-8796,24900,2859,3600,-122.4366276493456,47.21760077926093
b2b-all-22120861-6hdt-d-8797,25200,2859,3600,-122.4366276493456,47.21760077926093
b2b-all-22120861-6hdt-d-8798,23160,2859,3600,-122.4366276493456,47.21760077926093
b2b-all-22120861-6hdt-d-8799,23880,2859,3600,-122.4366276493456,47.21760077926093
b2b-all-22120861-6hdt-d-8800,26640,2859,3600,-122.4366276493456,47.21760077926093
b2b-all-22122971-7hdt-d-8801,35160,3191,3600,-122.48240942711132,47.05796598200305
b2b-all-22122971-7hdt-d-8802,35160,3191,3600,-122.48240942711132,47.05796598200305
b2b-all-22122971-7hdt-d-8803,35160,3191,3600,-122.48240942711132,47.05796598200305
b2b-all-22123031-8hdt-d-8804,18420,3184,3600,-122.66808420396303,47.10635009599398
b2b-all-22123031-8hdt-d-8805,10620,3184,3600,-122.66808420396303,47.10635009599398
b2b-all-22123031-8hdt-d-8806,16740,3184,3600,-122.66808420396303,47.10635009599398
b2b-all-22123031-8hdt-d-8807,16440,3184,3600,-122.66808420396303,47.10635009599398
b2b-all-22123061-9hdt-d-8808,34200,5885,3600,-123.12917480974409,44.98433170990787
b2b-all-22123061-9hdt-d-8809,34200,5885,3600,-123.12917480974409,44.98433170990787
b2b-all-22123061-9hdt-d-8810,34200,5885,3600,-123.12917480974409,44.98433170990787
b2b-all-22123061-9hdt-d-8811,34200,5885,3600,-123.12917480974409,44.98433170990787
b2b-all-22123061-9hdt-d-8812,34200,5885,3600,-123.12917480974409,44.98433170990787
b2b-all-22123061-9hdt-d-8813,34200,5885,3600,-123.12917480974409,44.98433170990787
b2b-all-22123461-10hdt-d-8814,13080,5885,3600,-123.12917480974409,44.98433170990787
b2b-all-22123461-10hdt-d-8815,15360,5885,3600,-123.12917480974409,44.98433170990787
b2b-all-22123461-10hdt-d-8816,13200,5885,3600,-123.12917480974409,44.98433170990787
b2b-all-22123461-10hdt-d-8817,21000,5885,3600,-123.12917480974409,44.98433170990787
b2b-all-22123461-10hdt-d-8818,13080,5885,3600,-123.12917480974409,44.98433170990787
b2b-all-22123461-10hdt-d-8819,19440,5885,3600,-123.12917480974409,44.98433170990787
b2b-all-22123461-10hdt-d-8820,13080,5885,3600,-123.12917480974409,44.98433170990787
b2b-all-22123501-11hdt-d-8821,15840,5885,3600,-123.12917480974409,44.98433170990787
b2b-all-22123501-11hdt-d-8822,13020,5885,3600,-123.12917480974409,44.98433170990787
b2b-all-22123501-11hdt-d-8823,14040,5885,3600,-123.12917480974409,44.98433170990787
b2b-all-22123501-11hdt-d-8824,17220,5885,3600,-123.12917480974409,44.98433170990787
b2b-all-22123501-11hdt-d-8825,9960,5885,3600,-123.12917480974409,44.98433170990787
b2b-all-22123501-11hdt-d-8826,8040,5885,3600,-123.12917480974409,44.98433170990787
b2b-all-22123501-11hdt-d-8827,8040,5885,3600,-123.12917480974409,44.98433170990787
b2b-all-22123511-12hdt-d-8828,33300,5885,3600,-123.12917480974409,44.98433170990787
b2b-all-22125121-13hdt-d-8829,18420,2128,3600,-121.69744610643237,47.16798796331104
b2b-all-22125161-14md-d-8830,25800,2128,3600,-121.69744610643237,47.16798796331104
b2b-all-22125161-14md-d-8831,25800,2128,3600,-121.69744610643237,47.16798796331104
b2b-all-22125161-14md-d-8832,25800,2128,3600,-121.69744610643237,47.16798796331104
b2b-all-22125201-15hdt-d-8833,31020,2128,3600,-121.69744610643237,47.16798796331104
b2b-all-22125201-15hdt-d-8834,31020,2128,3600,-121.69744610643237,47.16798796331104
b2b-all-22125201-15hdt-d-8835,31020,2128,3600,-121.69744610643237,47.16798796331104
b2b-all-22125201-15hdt-d-8836,31020,2128,3600,-121.69744610643237,47.16798796331104
b2b-all-22125311-16hdt-d-8837,21000,3895,3600,-121.26884369455286,48.17174536079158
b2b-all-22126211-17hdt-d-8838,15720,3854,3600,-122.3645144674494,48.26687162473969
b2b-all-22126321-18hdt-d-8839,19980,3854,3600,-122.3645144674494,48.26687162473969
b2b-all-22126321-18hdt-d-8840,17820,3854,3600,-122.3645144674494,48.26687162473969
b2b-all-22126391-19hdv-d-0-8841,31620,3854,3600,-122.3645144674494,48.26687162473969
b2b-all-22126391-19hdv-d-0-8842,31620,3854,3600,-122.3645144674494,48.26687162473969
b2b-all-22126391-19hdv-d-0-8843,31620,3854,3600,-122.3645144674494,48.26687162473969
b2b-all-22126391-19hdv-d-0-8844,31620,3854,3600,-122.3645144674494,48.26687162473969
b2b-all-22126391-19hdv-d-0-8845,31620,3854,3600,-122.3645144674494,48.26687162473969
b2b-all-22126391-19hdv-d-0-8846,31620,3854,3600,-122.3645144674494,48.26687162473969
b2b-all-22126391-19hdv-d-0-8847,31620,3854,3600,-122.3645144674494,48.26687162473969
b2b-all-22126391-19hdv-d-0-8848,31620,3854,3600,-122.3645144674494,48.26687162473969
b2b-all-22126391-19hdv-d-1-8849,31620,3854,3600,-122.3645144674494,48.26687162473969
b2b-all-22126391-20hdv-d-8850,18960,3854,3600,-122.3645144674494,48.26687162473969
b2b-all-22126811-21hdt-d-8851,29400,2128,3600,-121.69744610643237,47.16798796331104
b2b-all-22126811-21hdt-d-8852,29400,2128,3600,-121.69744610643237,47.16798796331104
b2b-all-22126811-21hdt-d-8853,29400,2128,3600,-121.69744610643237,47.16798796331104
b2b-all-22126811-21hdt-d-8854,29400,2128,3600,-121.69744610643237,47.16798796331104
b2b-all-22126811-21hdt-d-8855,29400,2128,3600,-121.69744610643237,47.16798796331104
b2b-all-22126871-22hdt-d-8856,22620,2128,3600,-121.69744610643237,47.16798796331104
b2b-all-22126871-22hdt-d-8857,22620,2128,3600,-121.69744610643237,47.16798796331104
b2b-all-22126871-22hdt-d-8858,22620,2128,3600,-121.69744610643237,47.16798796331104
b2b-all-22126871-22hdt-d-8859,22620,2128,3600,-121.69744610643237,47.16798796331104
b2b-all-22194561-23hdt-d-0-8860,27900,2472,3600,-122.627619290593,47.51348197391228
b2b-all-22194561-23hdt-d-0-8861,26700,2472,3600,-122.627619290593,47.51348197391228
b2b-all-22194561-23hdt-d-0-8862,21480,2472,3600,-122.627619290593,47.51348197391228
b2b-all-22194561-23hdt-d-0-8863,31800,2472,3600,-122.627619290593,47.51348197391228
b2b-all-22194561-23hdt-d-0-8864,28620,2472,3600,-122.627619290593,47.51348197391228
b2b-all-22194561-23hdt-d-0-8865,30720,2472,3600,-122.627619290593,47.51348197391228
b2b-all-22194561-23hdt-d-1-8866,24600,2472,3600,-122.627619290593,47.51348197391228
b2b-all-22194561-23hdt-d-1-8867,30180,2472,3600,-122.627619290593,47.51348197391228
b2b-all-22194561-23hdt-d-1-8868,28440,2472,3600,-122.627619290593,47.51348197391228
b2b-all-22194561-23hdt-d-1-8869,28920,2472,3600,-122.627619290593,47.51348197391228
b2b-all-22194561-23hdt-d-1-8870,25140,2472,3600,-122.627619290593,47.51348197391228
b2b-all-22194561-23hdt-d-1-8871,27720,2472,3600,-122.627619290593,47.51348197391228
b2b-all-22194561-23hdt-d-1-8872,28380,2472,3600,-122.627619290593,47.51348197391228
b2b-all-22194561-23hdt-d-2-8873,34500,2472,3600,-122.627619290593,47.51348197391228
b2b-all-22194561-23hdt-d-2-8874,25260,2472,3600,-122.627619290593,47.51348197391228
b2b-all-22194561-23hdt-d-2-8875,33960,2472,3600,-122.627619290593,47.51348197391228
b2b-all-22194561-23hdt-d-2-8876,28020,2472,3600,-122.627619290593,47.51348197391228
b2b-all-22194561-24hdt-d-0-8877,48600,2472,3600,-122.627619290593,47.51348197391228
b2b-all-22194561-24hdt-d-0-8878,48600,2472,3600,-122.627619290593,47.51348197391228
b2b-all-22194561-24hdt-d-0-8879,48600,2472,3600,-122.627619290593,47.51348197391228
b2b-all-22194561-24hdt-d-0-8880,48600,2472,3600,-122.627619290593,47.51348197391228
b2b-all-22194561-24hdt-d-0-8881,48600,2472,3600,-122.627619290593,47.51348197391228
b2b-all-22194561-24hdt-d-0-8882,48600,2472,3600,-122.627619290593,47.51348197391228
b2b-all-22194561-24hdt-d-0-8883,48600,2472,3600,-122.627619290593,47.51348197391228
b2b-all-22194561-24hdt-d-0-8884,48600,2472,3600,-122.627619290593,47.51348197391228
b2b-all-22194561-24hdt-d-0-8885,48600,2472,3600,-122.627619290593,47.51348197391228
b2b-all-22194561-24hdt-d-0-8886,48600,2472,3600,-122.627619290593,47.51348197391228
b2b-all-22194561-24hdt-d-0-8887,48600,2472,3600,-122.627619290593,47.51348197391228
b2b-all-22194561-24hdt-d-0-8888,48600,2472,3600,-122.627619290593,47.51348197391228
b2b-all-22194561-24hdt-d-0-8889,48600,2472,3600,-122.627619290593,47.51348197391228
b2b-all-22194561-24hdt-d-0-8890,48600,2472,3600,-122.627619290593,47.51348197391228
b2b-all-22194561-24hdt-d-1-8891,48600,2472,3600,-122.627619290593,47.51348197391228
b2b-all-22194561-24hdt-d-1-8892,48600,2472,3600,-122.627619290593,47.51348197391228
b2b-all-22194602-25hdt-d-8893,56760,2472,3600,-122.628220952309,47.52199305459695
b2b-all-22194602-25hdt-d-8894,56760,2472,3600,-122.628220952309,47.52199305459695
b2b-all-22194602-25hdt-d-8895,56760,2472,3600,-122.628220952309,47.52199305459695
b2b-all-22194602-25hdt-d-8896,56760,2472,3600,-122.628220952309,47.52199305459695
b2b-all-22194602-25hdt-d-8897,56760,2472,3600,-122.628220952309,47.52199305459695
b2b-all-22194602-25hdt-d-8898,56760,2472,3600,-122.628220952309,47.52199305459695
b2b-all-22194602-25hdt-d-8899,56760,2472,3600,-122.628220952309,47.52199305459695
b2b-all-22194602-26hdt-d-8900,21240,2472,3600,-122.628220952309,47.52199305459695
b2b-all-22194602-26hdt-d-8901,28500,2472,3600,-122.628220952309,47.52199305459695
b2b-all-22194602-26hdt-d-8902,21240,2472,3600,-122.628220952309,47.52199305459695
b2b-all-22194602-26hdt-d-8903,26280,2472,3600,-122.628220952309,47.52199305459695
b2b-all-22194602-26hdt-d-8904,32580,2472,3600,-122.628220952309,47.52199305459695
b2b-all-22194603-27hdv-d-8905,21540,2472,3600,-122.628220952309,47.52199305459695
b2b-all-22194603-27hdv-d-8906,27060,2472,3600,-122.628220952309,47.52199305459695
b2b-all-22194603-27hdv-d-8907,21540,2472,3600,-122.628220952309,47.52199305459695
b2b-all-22194603-28hdv-d-8908,19320,2472,3600,-122.628220952309,47.52199305459695
b2b-all-22194603-28hdv-d-8909,33720,2472,3600,-122.628220952309,47.52199305459695
b2b-all-22194911-29hdt-d-0-8910,25740,3191,3600,-122.48240942711132,47.05796598200305
b2b-all-22194911-29hdt-d-0-8911,25740,3191,3600,-122.48240942711132,47.05796598200305
b2b-all-22194911-29hdt-d-0-8912,25740,3191,3600,-122.48240942711132,47.05796598200305
b2b-all-22194911-29hdt-d-0-8913,25740,3191,3600,-122.48240942711132,47.05796598200305
b2b-all-22194911-29hdt-d-0-8914,25740,3191,3600,-122.48240942711132,47.05796598200305
b2b-all-22194911-29hdt-d-0-8915,25740,3191,3600,-122.48240942711132,47.05796598200305
b2b-all-22194911-29hdt-d-0-8916,25740,3191,3600,-122.48240942711132,47.05796598200305
b2b-all-22194911-29hdt-d-0-8917,25740,3191,3600,-122.48240942711132,47.05796598200305
b2b-all-22194911-29hdt-d-1-8918,25740,3191,3600,-122.48240942711132,47.05796598200305
b2b-all-22194911-29hdt-d-1-8919,25740,3191,3600,-122.48240942711132,47.05796598200305
b2b-all-22194911-29hdt-d-1-8920,25740,3191,3600,-122.48240942711132,47.05796598200305
b2b-all-22194911-29hdt-d-1-8921,25740,3191,3600,-122.48240942711132,47.05796598200305
b2b-all-22194911-29hdt-d-1-8922,25740,3191,3600,-122.48240942711132,47.05796598200305
b2b-all-22194911-29hdt-d-1-8923,25740,3191,3600,-122.48240942711132,47.05796598200305
b2b-all-22194911-29hdt-d-1-8924,25740,3191,3600,-122.48240942711132,47.05796598200305
b2b-all-22194911-29hdt-d-1-8925,25740,3191,3600,-122.48240942711132,47.05796598200305
b2b-all-22194911-29hdt-d-1-8926,25740,3191,3600,-122.48240942711132,47.05796598200305
b2b-all-22194911-29hdt-d-2-8927,25740,3191,3600,-122.48240942711132,47.05796598200305
b2b-all-22194911-29hdt-d-2-8928,25740,3191,3600,-122.48240942711132,47.05796598200305
b2b-all-22194911-29hdt-d-2-8929,25740,3191,3600,-122.48240942711132,47.05796598200305
b2b-all-22194911-29hdt-d-2-8930,25740,3191,3600,-122.48240942711132,47.05796598200305
b2b-all-22194911-29hdt-d-2-8931,28260,3191,3600,-122.48240942711132,47.05796598200305
b2b-all-22194911-29hdt-d-2-8932,25740,3191,3600,-122.48240942711132,47.05796598200305
b2b-all-22194911-29hdt-d-3-8933,25740,3191,3600,-122.48240942711132,47.05796598200305
b2b-all-22194911-29hdt-d-3-8934,33000,3191,3600,-122.48240942711132,47.05796598200305
b2b-all-22194911-29hdt-d-3-8935,25740,3191,3600,-122.48240942711132,47.05796598200305
b2b-all-22194911-29hdt-d-3-8936,25740,3191,3600,-122.48240942711132,47.05796598200305
b2b-all-22194911-30hdt-d-8937,32460,3191,3600,-122.48240942711132,47.05796598200305
b2b-all-22194981-31hdt-d-8938,8580,5885,3600,-123.12917480974409,44.98433170990787
b2b-all-22195151-32hdt-d-8939,16560,2128,3600,-121.69744610643237,47.16798796331104
b2b-all-22195151-32hdt-d-8940,16560,2128,3600,-121.69744610643237,47.16798796331104
b2b-all-22195151-32hdt-d-8941,17100,2128,3600,-121.69744610643237,47.16798796331104
b2b-all-22262371-33hdt-d-8942,38160,3455,3600,-122.30768468413044,47.9372242090533
b2b-all-22262371-33hdt-d-8943,38160,3455,3600,-122.30768468413044,47.9372242090533
b2b-all-22262371-34hdt-d-8944,14220,3455,3600,-122.30768468413044,47.9372242090533
b2b-all-22262371-34hdt-d-8945,27780,3455,3600,-122.30768468413044,47.9372242090533
b2b-all-22262371-34hdt-d-8946,20580,3455,3600,-122.30768468413044,47.9372242090533
b2b-all-22262371-34hdt-d-8947,17580,3455,3600,-122.30768468413044,47.9372242090533
b2b-all-22263052-35hdv-d-8948,48120,2472,3600,-122.62911157003091,47.5328111620263
b2b-all-22263052-35hdv-d-8949,48120,2472,3600,-122.62911157003091,47.5328111620263
b2b-all-22263052-35hdv-d-8950,48120,2472,3600,-122.62911157003091,47.5328111620263
b2b-all-22263052-36hdv-d-8951,32880,2472,3600,-122.62911157003091,47.5328111620263
b2b-all-22263721-37hdt-d-8952,9960,2128,3600,-121.69744610643237,47.16798796331104
b2b-all-22263722-38hdv-d-8953,26340,2128,3600,-121.69744610643237,47.16798796331104
b2b-all-22514352-39hdv-d-8954,36660,1450,3600,-122.34412892049214,47.73413898704023
b2b-all-22514352-39hdv-d-8955,36660,1450,3600,-122.34412892049214,47.73413898704023
b2b-all-22514461-40hdt-d-8956,23880,1882,3600,-122.29881563123458,47.402263821863066
b2b-all-22514461-40hdt-d-8957,31140,1882,3600,-122.29881563123458,47.402263821863066
b2b-all-22514461-40hdt-d-8958,26640,1882,3600,-122.29881563123458,47.402263821863066
b2b-all-22514461-41hdt-d-8959,51600,1882,3600,-122.29881563123458,47.402263821863066
b2b-all-22514461-41hdt-d-8960,51600,1882,3600,-122.29881563123458,47.402263821863066
b2b-all-22514461-41hdt-d-8961,51600,1882,3600,-122.29881563123458,47.402263821863066
b2b-all-22514461-41hdt-d-8962,51600,1882,3600,-122.29881563123458,47.402263821863066
b2b-all-22514461-41hdt-d-8963,51600,1882,3600,-122.29881563123458,47.402263821863066
b2b-all-22514461-41hdt-d-8964,51600,1882,3600,-122.29881563123458,47.402263821863066
b2b-all-22515491-42hdt-d-0-8965,46860,3269,3600,-122.30153394063854,47.19926375764609
b2b-all-22515491-42hdt-d-0-8966,46860,3269,3600,-122.30153394063854,47.19926375764609
b2b-all-22515491-42hdt-d-0-8967,46860,3269,3600,-122.30153394063854,47.19926375764609
b2b-all-22515491-42hdt-d-0-8968,46860,3269,3600,-122.30153394063854,47.19926375764609
b2b-all-22515491-42hdt-d-0-8969,46860,3269,3600,-122.30153394063854,47.19926375764609
b2b-all-22515491-42hdt-d-0-8970,46860,3269,3600,-122.30153394063854,47.19926375764609
b2b-all-22515491-42hdt-d-0-8971,46860,3269,3600,-122.30153394063854,47.19926375764609
b2b-all-22515491-42hdt-d-0-8972,46860,3269,3600,-122.30153394063854,47.19926375764609
b2b-all-22515491-42hdt-d-1-8973,46860,3269,3600,-122.30153394063854,47.19926375764609
b2b-all-22515491-42hdt-d-1-8974,46860,3269,3600,-122.30153394063854,47.19926375764609
b2b-all-22515491-42hdt-d-1-8975,46860,3269,3600,-122.30153394063854,47.19926375764609
b2b-all-22515491-42hdt-d-1-8976,46860,3269,3600,-122.30153394063854,47.19926375764609
b2b-all-22515491-42hdt-d-1-8977,46860,3269,3600,-122.30153394063854,47.19926375764609
b2b-all-22515491-42hdt-d-1-8978,46860,3269,3600,-122.30153394063854,47.19926375764609
b2b-all-22515491-42hdt-d-1-8979,46860,3269,3600,-122.30153394063854,47.19926375764609
b2b-all-22515491-42hdt-d-1-8980,46860,3269,3600,-122.30153394063854,47.19926375764609
b2b-all-22515491-43hdt-d-8981,39420,3269,3600,-122.30153394063854,47.19926375764609
b2b-all-22515491-43hdt-d-8982,39420,3269,3600,-122.30153394063854,47.19926375764609
b2b-all-22515491-43hdt-d-8983,39420,3269,3600,-122.30153394063854,47.19926375764609
b2b-all-22515491-43hdt-d-8984,39420,3269,3600,-122.30153394063854,47.19926375764609
b2b-all-22516921-44md-d-8985,19440,5885,3600,-123.12917480974409,44.98433170990787
b2b-all-22516921-44md-d-8986,19440,5885,3600,-123.12917480974409,44.98433170990787
b2b-all-22516921-44md-d-8987,19440,5885,3600,-123.12917480974409,44.98433170990787
b2b-all-22516971-45hdt-d-8988,21300,5885,3600,-123.12917480974409,44.98433170990787
b2b-all-22516971-45hdt-d-8989,21300,5885,3600,-123.12917480974409,44.98433170990787
b2b-all-22516971-45hdt-d-8990,21900,5885,3600,-123.12917480974409,44.98433170990787
b2b-all-22516971-45hdt-d-8991,21300,5885,3600,-123.12917480974409,44.98433170990787
b2b-all-22518031-46hdt-d-8992,36600,2128,3600,-121.69744610643237,47.16798796331104
b2b-all-22518031-46hdt-d-8993,36600,2128,3600,-121.69744610643237,47.16798796331104
b2b-all-22518861-47hdt-d-8994,23460,3895,3600,-121.26884369455286,48.17174536079158
b2b-all-22519401-48hdt-d-8995,38400,3854,3600,-122.3645144674494,48.26687162473969
b2b-all-22519401-48hdt-d-8996,38400,3854,3600,-122.3645144674494,48.26687162473969
b2b-all-22519401-49hdt-d-8997,19260,3854,3600,-122.3645144674494,48.26687162473969
b2b-all-22519401-49hdt-d-8998,23460,3854,3600,-122.3645144674494,48.26687162473969
b2b-all-22519421-50hdt-d-8999,21720,3854,3600,-122.3645144674494,48.26687162473969
b2b-all-22519421-50hdt-d-9000,29160,3854,3600,-122.3645144674494,48.26687162473969
b2b-all-22622061-51hdt-d-9001,15600,5885,3600,-123.12917480974409,44.98433170990787
b2b-all-22622061-51hdt-d-9002,8760,5885,3600,-123.12917480974409,44.98433170990787
b2b-all-22622061-51hdt-d-9003,8760,5885,3600,-123.12917480974409,44.98433170990787
b2b-all-22622061-51hdt-d-9004,8760,5885,3600,-123.12917480974409,44.98433170990787
b2b-all-22622111-52hdt-d-9005,26820,5885,3600,-123.12917480974409,44.98433170990787
b2b-all-22622111-52hdt-d-9006,26820,5885,3600,-123.12917480974409,44.98433170990787
b2b-all-22622111-52hdt-d-9007,26820,5885,3600,-123.12917480974409,44.98433170990787
b2b-all-22622111-52hdt-d-9008,26820,5885,3600,-123.12917480974409,44.98433170990787
b2b-all-22623302-53hdt-d-9009,12840,2128,3600,-121.69744610643237,47.16798796331104
b2b-all-22623302-53hdt-d-9010,12840,2128,3600,-121.69744610643237,47.16798796331104
b2b-all-68330692-54hdt-d-9011,34140,2128,3600,-121.69744610643237,47.16798796331104
b2b-all-68330692-54hdt-d-9012,34140,2128,3600,-121.69744610643237,47.16798796331104
b2b-all-68330692-54hdt-d-9013,34140,2128,3600,-121.69744610643237,47.16798796331104
b2b-all-68330692-54hdt-d-9014,34140,2128,3600,-121.69744610643237,47.16798796331104
b2b-all-68330692-54hdt-d-9015,34140,2128,3600,-121.69744610643237,47.16798796331104
b2b-all-68330692-54hdt-d-9016,34140,2128,3600,-121.69744610643237,47.16798796331104
b2b-all-68330882-55hdt-d-0-9017,15900,2128,3600,-121.69744610643237,47.16798796331104
b2b-all-68330882-55hdt-d-0-9018,21420,2128,3600,-121.69744610643237,47.16798796331104
b2b-all-68330882-55hdt-d-0-9019,15900,2128,3600,-121.69744610643237,47.16798796331104
b2b-all-68330882-55hdt-d-0-9020,21900,2128,3600,-121.69744610643237,47.16798796331104
b2b-all-68330882-55hdt-d-0-9021,15900,2128,3600,-121.69744610643237,47.16798796331104
b2b-all-68330882-55hdt-d-0-9022,15900,2128,3600,-121.69744610643237,47.16798796331104
b2b-all-68330882-55hdt-d-0-9023,15900,2128,3600,-121.69744610643237,47.16798796331104
b2b-all-68330882-55hdt-d-0-9024,15900,2128,3600,-121.69744610643237,47.16798796331104
b2b-all-68330882-55hdt-d-1-9025,15900,2128,3600,-121.69744610643237,47.16798796331104
b2b-all-68330882-55hdt-d-1-9026,15900,2128,3600,-121.69744610643237,47.16798796331104
b2b-all-68330882-55hdt-d-1-9027,28920,2128,3600,-121.69744610643237,47.16798796331104
b2b-all-68330882-55hdt-d-1-9028,19260,2128,3600,-121.69744610643237,47.16798796331104
b2b-all-68330882-55hdt-d-1-9029,22860,2128,3600,-121.69744610643237,47.16798796331104
b2b-all-68330882-55hdt-d-1-9030,26460,2128,3600,-121.69744610643237,47.16798796331104
b2b-all-68330882-55hdt-d-1-9031,15900,2128,3600,-121.69744610643237,47.16798796331104
b2b-all-68330882-55hdt-d-1-9032,15900,2128,3600,-121.69744610643237,47.16798796331104
b2b-all-68330882-55hdt-d-1-9033,15900,2128,3600,-121.69744610643237,47.16798796331104
b2b-all-68330882-55hdt-d-2-9034,15900,2128,3600,-121.69744610643237,47.16798796331104
b2b-all-68330882-55hdt-d-2-9035,15900,2128,3600,-121.69744610643237,47.16798796331104
b2b-all-68330882-55hdt-d-2-9036,15900,2128,3600,-121.69744610643237,47.16798796331104
b2b-all-68330882-55hdt-d-2-9037,15900,2128,3600,-121.69744610643237,47.16798796331104
b2b-all-68330882-55hdt-d-2-9038,15900,2128,3600,-121.69744610643237,47.16798796331104
b2b-all-68330882-55hdt-d-2-9039,15900,2128,3600,-121.69744610643237,47.16798796331104
b2b-all-68330882-55hdt-d-2-9040,15900,2128,3600,-121.69744610643237,47.16798796331104
b2b-all-68330882-55hdt-d-2-9041,15900,2128,3600,-121.69744610643237,47.16798796331104
b2b-all-68330882-55hdt-d-3-9042,15900,2128,3600,-121.69744610643237,47.16798796331104
b2b-all-68330882-55hdt-d-3-9043,15900,2128,3600,-121.69744610643237,47.16798796331104
b2b-all-68330882-55hdt-d-3-9044,15900,2128,3600,-121.69744610643237,47.16798796331104
b2b-all-68330882-55hdt-d-3-9045,15900,2128,3600,-121.69744610643237,47.16798796331104
b2b-all-68330882-55hdt-d-3-9046,15900,2128,3600,-121.69744610643237,47.16798796331104
b2b-all-68330882-55hdt-d-3-9047,15900,2128,3600,-121.69744610643237,47.16798796331104
b2b-all-68330882-55hdt-d-3-9048,15900,2128,3600,-121.69744610643237,47.16798796331104
b2b-all-68330882-55hdt-d-3-9049,15900,2128,3600,-121.69744610643237,47.16798796331104
b2b-all-68330882-55hdt-d-4-9050,15900,2128,3600,-121.69744610643237,47.16798796331104
b2b-all-68330882-55hdt-d-4-9051,15900,2128,3600,-121.69744610643237,47.16798796331104
b2b-all-68330882-55hdt-d-4-9052,15900,2128,3600,-121.69744610643237,47.16798796331104
b2b-all-68330882-55hdt-d-4-9053,15900,2128,3600,-121.69744610643237,47.16798796331104
b2b-all-68330882-55hdt-d-4-9054,15900,2128,3600,-121.69744610643237,47.16798796331104
b2b-all-68330882-55hdt-d-4-9055,15900,2128,3600,-121.69744610643237,47.16798796331104
b2b-all-68330882-55hdt-d-4-9056,15900,2128,3600,-121.69744610643237,47.16798796331104
b2b-all-68330882-55hdt-d-4-9057,15900,2128,3600,-121.69744610643237,47.16798796331104
b2b-all-68330882-55hdt-d-5-9058,15900,2128,3600,-121.69744610643237,47.16798796331104
b2b-all-68330882-55hdt-d-5-9059,15900,2128,3600,-121.69744610643237,47.16798796331104
b2b-all-68330882-55hdt-d-5-9060,15900,2128,3600,-121.69744610643237,47.16798796331104
b2b-all-68330882-55hdt-d-5-9061,15900,2128,3600,-121.69744610643237,47.16798796331104
b2b-all-68330882-55hdt-d-5-9062,15900,2128,3600,-121.69744610643237,47.16798796331104
b2b-all-68330882-55hdt-d-5-9063,15900,2128,3600,-121.69744610643237,47.16798796331104
b2b-all-68330882-55hdt-d-5-9064,15900,2128,3600,-121.69744610643237,47.16798796331104
b2b-all-68330882-55hdt-d-5-9065,15900,2128,3600,-121.69744610643237,47.16798796331104
b2b-all-68330882-55hdt-d-6-9066,15900,2128,3600,-121.69744610643237,47.16798796331104
b2b-all-68330882-55hdt-d-6-9067,15900,2128,3600,-121.69744610643237,47.16798796331104
b2b-all-68330882-55hdt-d-6-9068,15900,2128,3600,-121.69744610643237,47.16798796331104
b2b-all-68330882-55hdt-d-6-9069,15900,2128,3600,-121.69744610643237,47.16798796331104
b2b-all-68330882-55hdt-d-6-9070,15900,2128,3600,-121.69744610643237,47.16798796331104
b2b-all-68330882-55hdt-d-6-9071,15900,2128,3600,-121.69744610643237,47.16798796331104
b2b-all-68330882-55hdt-d-6-9072,15900,2128,3600,-121.69744610643237,47.16798796331104
b2b-all-68330882-55hdt-d-6-9073,15900,2128,3600,-121.69744610643237,47.16798796331104
b2b-all-68330882-55hdt-d-7-9074,15900,2128,3600,-121.69744610643237,47.16798796331104
b2b-all-68330882-55hdt-d-7-9075,15900,2128,3600,-121.69744610643237,47.16798796331104
b2b-all-68330882-55hdt-d-7-9076,15900,2128,3600,-121.69744610643237,47.16798796331104
b2b-all-68330882-55hdt-d-7-9077,15900,2128,3600,-121.69744610643237,47.16798796331104
b2b-all-68330882-55hdt-d-7-9078,15900,2128,3600,-121.69744610643237,47.16798796331104
b2b-all-68330882-55hdt-d-7-9079,18600,2128,3600,-121.69744610643237,47.16798796331104
b2b-all-68330882-55hdt-d-7-9080,15900,2128,3600,-121.69744610643237,47.16798796331104
b2b-all-68330882-55hdt-d-7-9081,15900,2128,3600,-121.69744610643237,47.16798796331104
b2b-all-68330882-55hdt-d-8-9082,15900,2128,3600,-121.69744610643237,47.16798796331104
b2b-all-68330882-55hdt-d-8-9083,15900,2128,3600,-121.69744610643237,47.16798796331104
b2b-all-68330882-55hdt-d-8-9084,15900,2128,3600,-121.69744610643237,47.16798796331104
b2b-all-68330882-55hdt-d-8-9085,15900,2128,3600,-121.69744610643237,47.16798796331104
b2b-all-68330882-55hdt-d-8-9086,15900,2128,3600,-121.69744610643237,47.16798796331104
b2b-all-68330882-55hdt-d-8-9087,15900,2128,3600,-121.69744610643237,47.16798796331104
b2b-all-68330882-55hdt-d-8-9088,15900,2128,3600,-121.69744610643237,47.16798796331104
b2b-all-68330882-55hdt-d-8-9089,15900,2128,3600,-121.69744610643237,47.16798796331104
b2b-all-68330882-55hdt-d-9-9090,15900,2128,3600,-121.69744610643237,47.16798796331104
b2b-all-68330882-55hdt-d-9-9091,15900,2128,3600,-121.69744610643237,47.16798796331104
b2b-all-68330882-55hdt-d-9-9092,15900,2128,3600,-121.69744610643237,47.16798796331104
b2b-all-68330882-55hdt-d-9-9093,15900,2128,3600,-121.69744610643237,47.16798796331104
b2b-all-68330882-55hdt-d-9-9094,15900,2128,3600,-121.69744610643237,47.16798796331104
b2b-all-68330882-55hdt-d-9-9095,15900,2128,3600,-121.69744610643237,47.16798796331104
b2b-all-68330882-55hdt-d-9-9096,15900,2128,3600,-121.69744610643237,47.16798796331104
b2b-all-68330882-55hdt-d-9-9097,15900,2128,3600,-121.69744610643237,47.16798796331104
b2b-all-68330882-55hdt-d-10-9098,15900,2128,3600,-121.69744610643237,47.16798796331104
b2b-all-68330882-55hdt-d-10-9099,15900,2128,3600,-121.69744610643237,47.16798796331104
b2b-all-68330882-55hdt-d-10-9100,15900,2128,3600,-121.69744610643237,47.16798796331104
b2b-all-68330882-55hdt-d-10-9101,15900,2128,3600,-121.69744610643237,47.16798796331104
b2b-all-68330882-55hdt-d-10-9102,15900,2128,3600,-121.69744610643237,47.16798796331104
b2b-all-68330882-55hdt-d-10-9103,15900,2128,3600,-121.69744610643237,47.16798796331104
b2b-all-68330882-55hdt-d-10-9104,15900,2128,3600,-121.69744610643237,47.16798796331104
b2b-all-68330882-55hdt-d-10-9105,15900,2128,3600,-121.69744610643237,47.16798796331104
b2b-all-68330882-55hdt-d-11-9106,15900,2128,3600,-121.69744610643237,47.16798796331104
b2b-all-68330882-55hdt-d-11-9107,15900,2128,3600,-121.69744610643237,47.16798796331104
b2b-all-68330882-55hdt-d-11-9108,15900,2128,3600,-121.69744610643237,47.16798796331104
b2b-all-68330882-55hdt-d-11-9109,15900,2128,3600,-121.69744610643237,47.16798796331104
b2b-all-68330882-55hdt-d-11-9110,15900,2128,3600,-121.69744610643237,47.16798796331104
b2b-all-68330882-55hdt-d-11-9111,15900,2128,3600,-121.69744610643237,47.16798796331104
b2b-all-68330882-55hdt-d-11-9112,15900,2128,3600,-121.69744610643237,47.16798796331104
b2b-all-68330882-55hdt-d-11-9113,15900,2128,3600,-121.69744610643237,47.16798796331104
b2b-all-68330882-55hdt-d-12-9114,15900,2128,3600,-121.69744610643237,47.16798796331104
b2b-all-68330882-55hdt-d-12-9115,15900,2128,3600,-121.69744610643237,47.16798796331104
b2b-all-68330882-55hdt-d-12-9116,15900,2128,3600,-121.69744610643237,47.16798796331104
b2b-all-68330882-55hdt-d-12-9117,15900,2128,3600,-121.69744610643237,47.16798796331104
b2b-all-68330882-55hdt-d-12-9118,15900,2128,3600,-121.69744610643237,47.16798796331104
b2b-all-68330882-55hdt-d-12-9119,15900,2128,3600,-121.69744610643237,47.16798796331104
b2b-all-68330882-55hdt-d-12-9120,15900,2128,3600,-121.69744610643237,47.16798796331104
b2b-all-68330882-55hdt-d-12-9121,15900,2128,3600,-121.69744610643237,47.16798796331104
b2b-all-68330882-55hdt-d-13-9122,15900,2128,3600,-121.69744610643237,47.16798796331104
b2b-all-68330882-55hdt-d-13-9123,15900,2128,3600,-121.69744610643237,47.16798796331104
b2b-all-68330882-55hdt-d-13-9124,15900,2128,3600,-121.69744610643237,47.16798796331104
b2b-all-68330882-55hdt-d-13-9125,15900,2128,3600,-121.69744610643237,47.16798796331104
b2b-all-68330882-55hdt-d-13-9126,15900,2128,3600,-121.69744610643237,47.16798796331104
b2b-all-68330882-55hdt-d-13-9127,15900,2128,3600,-121.69744610643237,47.16798796331104
b2b-all-68330882-55hdt-d-13-9128,15900,2128,3600,-121.69744610643237,47.16798796331104
b2b-all-68330882-55hdt-d-13-9129,15900,2128,3600,-121.69744610643237,47.16798796331104
b2b-all-68330882-55hdt-d-14-9130,15900,2128,3600,-121.69744610643237,47.16798796331104
b2b-all-68330882-55hdt-d-14-9131,15900,2128,3600,-121.69744610643237,47.16798796331104
b2b-all-68330882-55hdt-d-14-9132,15900,2128,3600,-121.69744610643237,47.16798796331104
b2b-all-68330882-55hdt-d-14-9133,15900,2128,3600,-121.69744610643237,47.16798796331104
b2b-all-68330882-55hdt-d-14-9134,15900,2128,3600,-121.69744610643237,47.16798796331104
b2b-all-68330882-56hdt-d-9135,37800,2128,3600,-121.69744610643237,47.16798796331104
b2b-all-68330882-56hdt-d-9136,37800,2128,3600,-121.69744610643237,47.16798796331104
b2b-all-83148413-57hdv-d-9137,32640,2166,3600,-122.11024949384009,47.48836546786339
b2b-all-83148413-57hdv-d-9138,32640,2166,3600,-122.11024949384009,47.48836546786339
b2b-all-83148413-58hdv-d-9139,35760,2166,3600,-122.11024949384009,47.48836546786339
b2b-all-83148413-58hdv-d-9140,35760,2166,3600,-122.11024949384009,47.48836546786339
b2c-all-2331402-2-0,46800,1791,3600,-122.3471116021009,47.509916679240966
b2c-all-2331402-2-1,46800,1791,3600,-122.3471116021009,47.509916679240966
b2c-all-6852717-2-2,47340,1450,3600,-122.34367336583938,47.73952894063373
b2c-all-6852717-2-3,47340,1450,3600,-122.34367336583938,47.73952894063373
b2c-all-6852717-2-4,47340,1450,3600,-122.34367336583938,47.73952894063373
b2c-all-6852717-2-5,47340,1450,3600,-122.34367336583938,47.73952894063373
b2c-all-6852717-2-6,47340,1450,3600,-122.34367336583938,47.73952894063373
b2c-all-2331397-1-7,37260,1964,3600,-122.18907568237086,47.33883601743528
b2c-all-2331397-1-8,37260,1964,3600,-122.18907568237086,47.33883601743528
b2c-all-8385234-3-9,36600,3269,3600,-122.2960382143753,47.19682975012208
b2c-all-8385234-3-10,36600,3269,3600,-122.2960382143753,47.19682975012208
b2c-all-8385234-3-11,36600,3269,3600,-122.2960382143753,47.19682975012208
b2c-all-8385234-3-12,36600,3269,3600,-122.2960382143753,47.19682975012208
b2c-all-8385234-3-13,36600,3269,3600,-122.2960382143753,47.19682975012208
b2c-all-8385234-3-14,36600,3269,3600,-122.2960382143753,47.19682975012208
b2c-all-8385234-3-15,36600,3269,3600,-122.2960382143753,47.19682975012208
b2c-all-8385234-3-16,36600,3269,3600,-122.2960382143753,47.19682975012208
b2c-all-8385234-3-17,36600,3269,3600,-122.2960382143753,47.19682975012208
b2c-all-8385234-3-18,36600,3269,3600,-122.2960382143753,47.19682975012208
b2c-all-8385234-3-19,36600,3269,3600,-122.2960382143753,47.19682975012208
b2c-all-8385234-3-20,36600,3269,3600,-122.2960382143753,47.19682975012208
b2c-all-8385234-3-21,36600,3269,3600,-122.2960382143753,47.19682975012208
b2c-all-8385234-3-22,36600,3269,3600,-122.2960382143753,47.19682975012208
b2c-all-8385234-3-23,36600,3269,3600,-122.2960382143753,47.19682975012208
b2c-all-8385234-3-24,36600,3269,3600,-122.2960382143753,47.19682975012208
b2c-all-8385234-3-25,36600,3269,3600,-122.2960382143753,47.19682975012208
b2c-all-8385234-3-26,36600,3269,3600,-122.2960382143753,47.19682975012208
b2c-all-8385234-3-27,36600,3269,3600,-122.2960382143753,47.19682975012208
b2c-all-8385234-3-28,36600,3269,3600,-122.2960382143753,47.19682975012208
b2c-all-8385234-3-29,36600,3269,3600,-122.2960382143753,47.19682975012208
b2c-all-8385234-3-30,36600,3269,3600,-122.2960382143753,47.19682975012208
b2c-all-8385234-3-31,36600,3269,3600,-122.2960382143753,47.19682975012208
b2c-all-8385234-3-32,36600,3269,3600,-122.2960382143753,47.19682975012208
b2c-all-8385234-3-33,36600,3269,3600,-122.2960382143753,47.19682975012208
b2c-all-8385234-3-34,36600,3269,3600,-122.2960382143753,47.19682975012208
b2c-all-8385234-3-35,36600,3269,3600,-122.2960382143753,47.19682975012208
b2c-all-8385234-3-36,36600,3269,3600,-122.2960382143753,47.19682975012208
b2c-all-8385234-3-37,36600,3269,3600,-122.2960382143753,47.19682975012208
b2c-all-8385234-3-38,36600,3269,3600,-122.2960382143753,47.19682975012208
b2c-all-8385234-3-39,36600,3269,3600,-122.2960382143753,47.19682975012208
b2c-all-8385234-3-40,36600,3269,3600,-122.2960382143753,47.19682975012208
b2c-all-8385234-3-41,36600,3269,3600,-122.2960382143753,47.19682975012208
b2c-all-8385234-3-42,36600,3269,3600,-122.2960382143753,47.19682975012208
b2c-all-8385234-3-43,36600,3269,3600,-122.2960382143753,47.19682975012208
b2c-all-8385234-3-44,36600,3269,3600,-122.2960382143753,47.19682975012208
b2c-all-8385234-3-45,36600,3269,3600,-122.2960382143753,47.19682975012208
b2c-all-8385234-3-46,36600,3269,3600,-122.2960382143753,47.19682975012208
b2c-all-8385234-3-47,36600,3269,3600,-122.2960382143753,47.19682975012208
b2c-all-8385234-3-48,36600,3269,3600,-122.2960382143753,47.19682975012208
b2c-all-8385234-3-49,36600,3269,3600,-122.2960382143753,47.19682975012208
b2c-all-8385234-3-50,36600,3269,3600,-122.2960382143753,47.19682975012208
b2c-all-8385234-3-51,36600,3269,3600,-122.2960382143753,47.19682975012208
b2c-all-8385234-3-52,36600,3269,3600,-122.2960382143753,47.19682975012208
b2c-all-8385234-3-53,36600,3269,3600,-122.2960382143753,47.19682975012208
b2c-all-8385234-3-54,36600,3269,3600,-122.2960382143753,47.19682975012208
b2c-all-8385234-3-55,36600,3269,3600,-122.2960382143753,47.19682975012208
b2c-all-8385234-3-56,36600,3269,3600,-122.2960382143753,47.19682975012208
b2c-all-8385234-3-57,36600,3269,3600,-122.2960382143753,47.19682975012208
b2c-all-8385234-3-58,36600,3269,3600,-122.2960382143753,47.19682975012208
b2c-all-8385234-3-59,36600,3269,3600,-122.2960382143753,47.19682975012208
b2c-all-8385234-3-60,36600,3269,3600,-122.2960382143753,47.19682975012208
b2c-all-8385234-3-61,36600,3269,3600,-122.2960382143753,47.19682975012208
b2c-all-8385234-3-62,36600,3269,3600,-122.2960382143753,47.19682975012208
b2c-all-8385234-3-63,36600,3269,3600,-122.2960382143753,47.19682975012208
b2c-all-8385234-3-64,36600,3269,3600,-122.2960382143753,47.19682975012208
b2c-all-8385234-3-65,36600,3269,3600,-122.2960382143753,47.19682975012208
b2c-all-8385234-3-66,36600,3269,3600,-122.2960382143753,47.19682975012208
b2c-all-8385234-3-67,36600,3269,3600,-122.2960382143753,47.19682975012208
b2c-all-8385234-3-68,36600,3269,3600,-122.2960382143753,47.19682975012208
b2c-all-8385234-3-69,36600,3269,3600,-122.2960382143753,47.19682975012208
b2c-all-8385234-3-70,36600,3269,3600,-122.2960382143753,47.19682975012208
b2c-all-8385234-3-71,36600,3269,3600,-122.2960382143753,47.19682975012208
b2c-all-8385234-3-72,36600,3269,3600,-122.2960382143753,47.19682975012208
b2c-all-8385234-3-73,36600,3269,3600,-122.2960382143753,47.19682975012208
b2c-all-8385234-3-74,36600,3269,3600,-122.2960382143753,47.19682975012208
b2c-all-8385234-3-75,36600,3269,3600,-122.2960382143753,47.19682975012208
b2c-all-8385234-3-76,36600,3269,3600,-122.2960382143753,47.19682975012208
b2c-all-8385234-3-77,36600,3269,3600,-122.2960382143753,47.19682975012208
b2c-all-8385234-3-78,36600,3269,3600,-122.2960382143753,47.19682975012208
b2c-all-8385234-3-79,36600,3269,3600,-122.2960382143753,47.19682975012208
b2c-all-8385234-3-80,36600,3269,3600,-122.2960382143753,47.19682975012208
b2c-all-8385234-3-81,36600,3269,3600,-122.2960382143753,47.19682975012208
b2c-all-8385234-3-82,36600,3269,3600,-122.2960382143753,47.19682975012208
b2c-all-8385234-3-83,36600,3269,3600,-122.2960382143753,47.19682975012208
b2c-all-8385234-3-84,36600,3269,3600,-122.2960382143753,47.19682975012208
b2c-all-8385234-3-85,36600,3269,3600,-122.2960382143753,47.19682975012208
b2c-all-8385234-3-86,36600,3269,3600,-122.2960382143753,47.19682975012208
b2c-all-8385234-3-87,36600,3269,3600,-122.2960382143753,47.19682975012208
b2c-all-8385234-3-88,36600,3269,3600,-122.2960382143753,47.19682975012208
b2c-all-8385234-3-89,36600,3269,3600,-122.2960382143753,47.19682975012208
b2c-all-8385234-3-90,36600,3269,3600,-122.2960382143753,47.19682975012208
b2c-all-8385234-3-91,36600,3269,3600,-122.2960382143753,47.19682975012208
b2c-all-8385234-3-92,36600,3269,3600,-122.2960382143753,47.19682975012208
b2c-all-8385234-3-93,36600,3269,3600,-122.2960382143753,47.19682975012208
b2c-all-8385234-3-94,36600,3269,3600,-122.2960382143753,47.19682975012208
b2c-all-8385234-3-95,36600,3269,3600,-122.2960382143753,47.19682975012208
b2c-all-8385234-3-96,36600,3269,3600,-122.2960382143753,47.19682975012208
b2c-all-8385234-3-97,36600,3269,3600,-122.2960382143753,47.19682975012208
b2c-all-8385234-3-98,36600,3269,3600,-122.2960382143753,47.19682975012208
b2c-all-8385234-3-99,36600,3269,3600,-122.2960382143753,47.19682975012208
b2c-all-8385234-3-100,36600,3269,3600,-122.2960382143753,47.19682975012208
b2c-all-8385234-3-101,36600,3269,3600,-122.2960382143753,47.19682975012208
b2c-all-8385234-3-102,36600,3269,3600,-122.2960382143753,47.19682975012208
b2c-all-8385234-3-103,36600,3269,3600,-122.2960382143753,47.19682975012208
b2c-all-8385234-3-104,36600,3269,3600,-122.2960382143753,47.19682975012208
b2c-all-8385234-3-105,36600,3269,3600,-122.2960382143753,47.19682975012208
b2c-all-8385234-3-106,36600,3269,3600,-122.2960382143753,47.19682975012208
b2c-all-8385234-3-107,36600,3269,3600,-122.2960382143753,47.19682975012208
b2c-all-8385234-3-108,36600,3269,3600,-122.2960382143753,47.19682975012208
b2c-all-8385234-3-109,36600,3269,3600,-122.2960382143753,47.19682975012208
b2c-all-8385234-3-110,36600,3269,3600,-122.2960382143753,47.19682975012208
b2c-all-8385234-3-111,36600,3269,3600,-122.2960382143753,47.19682975012208
b2c-all-8385234-3-112,36600,3269,3600,-122.2960382143753,47.19682975012208
b2c-all-8385234-3-113,36600,3269,3600,-122.2960382143753,47.19682975012208
b2c-all-8385234-3-114,36600,3269,3600,-122.2960382143753,47.19682975012208
b2c-all-8385234-3-115,36600,3269,3600,-122.2960382143753,47.19682975012208
b2c-all-8385234-3-116,36600,3269,3600,-122.2960382143753,47.19682975012208
b2c-all-8385234-3-117,36600,3269,3600,-122.2960382143753,47.19682975012208
b2c-all-8385234-3-118,36600,3269,3600,-122.2960382143753,47.19682975012208
b2c-all-8385234-3-119,36600,3269,3600,-122.2960382143753,47.19682975012208
b2c-all-8385234-3-120,36600,3269,3600,-122.2960382143753,47.19682975012208
b2c-all-8385234-3-121,36600,3269,3600,-122.2960382143753,47.19682975012208
b2c-all-8385234-3-122,36600,3269,3600,-122.2960382143753,47.19682975012208
b2c-all-8385234-3-123,36600,3269,3600,-122.2960382143753,47.19682975012208
b2c-all-8385234-3-124,36600,3269,3600,-122.2960382143753,47.19682975012208
b2c-all-8385234-3-125,36600,3269,3600,-122.2960382143753,47.19682975012208
b2c-all-8385234-3-126,36600,3269,3600,-122.2960382143753,47.19682975012208
b2c-all-8385234-3-127,36600,3269,3600,-122.2960382143753,47.19682975012208
b2c-all-8385234-3-128,36600,3269,3600,-122.2960382143753,47.19682975012208
b2c-all-8385234-3-129,36600,3269,3600,-122.2960382143753,47.19682975012208
b2c-all-8385234-3-130,36600,3269,3600,-122.2960382143753,47.19682975012208
b2c-all-8385234-3-131,36600,3269,3600,-122.2960382143753,47.19682975012208
b2c-all-8385234-3-132,36600,3269,3600,-122.2960382143753,47.19682975012208
b2c-all-8385234-3-133,36600,3269,3600,-122.2960382143753,47.19682975012208
b2c-all-8385234-3-134,36600,3269,3600,-122.2960382143753,47.19682975012208
b2c-all-8385234-3-135,36600,3269,3600,-122.2960382143753,47.19682975012208
b2c-all-8385234-3-136,36600,3269,3600,-122.2960382143753,47.19682975012208
b2c-all-8385234-3-137,36600,3269,3600,-122.2960382143753,47.19682975012208
b2c-all-8385234-3-138,36600,3269,3600,-122.2960382143753,47.19682975012208
b2c-all-8385234-3-139,36600,3269,3600,-122.2960382143753,47.19682975012208
b2c-all-8385234-3-140,36600,3269,3600,-122.2960382143753,47.19682975012208
b2c-all-8385234-3-141,36600,3269,3600,-122.2960382143753,47.19682975012208
b2c-all-8385234-3-142,36600,3269,3600,-122.2960382143753,47.19682975012208
b2c-all-8385234-3-143,36600,3269,3600,-122.2960382143753,47.19682975012208
b2c-all-8385234-3-144,36600,3269,3600,-122.2960382143753,47.19682975012208
b2c-all-8385234-3-145,36600,3269,3600,-122.2960382143753,47.19682975012208
b2c-all-8385234-3-146,36600,3269,3600,-122.2960382143753,47.19682975012208
b2c-all-8385234-3-147,36600,3269,3600,-122.2960382143753,47.19682975012208
b2c-all-8385234-3-148,36600,3269,3600,-122.2960382143753,47.19682975012208
b2c-all-8385234-3-149,36600,3269,3600,-122.2960382143753,47.19682975012208
b2c-all-8385234-3-150,36600,3269,3600,-122.2960382143753,47.19682975012208
b2c-all-8385234-3-151,36600,3269,3600,-122.2960382143753,47.19682975012208
b2c-all-8385234-3-152,36600,3269,3600,-122.2960382143753,47.19682975012208
b2c-all-8385234-3-153,36600,3269,3600,-122.2960382143753,47.19682975012208
b2c-all-8385234-3-154,36600,3269,3600,-122.2960382143753,47.19682975012208
b2c-all-8385234-3-155,36600,3269,3600,-122.2960382143753,47.19682975012208
b2c-all-8385234-3-156,36600,3269,3600,-122.2960382143753,47.19682975012208
b2c-all-8385234-3-157,36600,3269,3600,-122.2960382143753,47.19682975012208
b2c-all-8385234-3-158,36600,3269,3600,-122.2960382143753,47.19682975012208
b2c-all-8385234-3-159,36600,3269,3600,-122.2960382143753,47.19682975012208
b2c-all-8385234-3-160,36600,3269,3600,-122.2960382143753,47.19682975012208
b2c-all-8385234-3-161,36600,3269,3600,-122.2960382143753,47.19682975012208
b2c-all-8385234-3-162,36600,3269,3600,-122.2960382143753,47.19682975012208
b2c-all-8385234-3-163,36600,3269,3600,-122.2960382143753,47.19682975012208
b2c-all-8385234-3-164,36600,3269,3600,-122.2960382143753,47.19682975012208
b2c-all-8385234-3-165,36600,3269,3600,-122.2960382143753,47.19682975012208
b2c-all-8385234-3-166,36600,3269,3600,-122.2960382143753,47.19682975012208
b2c-all-8385234-3-167,36600,3269,3600,-122.2960382143753,47.19682975012208
b2c-all-8385234-3-168,36600,3269,3600,-122.2960382143753,47.19682975012208
b2c-all-8385234-3-169,36600,3269,3600,-122.2960382143753,47.19682975012208
b2c-all-8385234-3-170,36600,3269,3600,-122.2960382143753,47.19682975012208
b2c-all-8385234-3-171,36600,3269,3600,-122.2960382143753,47.19682975012208
b2c-all-8385234-3-172,36600,3269,3600,-122.2960382143753,47.19682975012208
b2c-all-8385234-3-173,36600,3269,3600,-122.2960382143753,47.19682975012208
b2c-all-8385234-3-174,36600,3269,3600,-122.2960382143753,47.19682975012208
b2c-all-8385234-3-175,36600,3269,3600,-122.2960382143753,47.19682975012208
b2c-all-8385234-3-176,36600,3269,3600,-122.2960382143753,47.19682975012208
b2c-all-8385234-3-177,36600,3269,3600,-122.2960382143753,47.19682975012208
b2c-all-8385234-3-178,36600,3269,3600,-122.2960382143753,47.19682975012208
b2c-all-8385234-3-179,36600,3269,3600,-122.2960382143753,47.19682975012208
b2c-all-8385234-3-180,36600,3269,3600,-122.2960382143753,47.19682975012208
b2c-all-8385234-3-181,36600,3269,3600,-122.2960382143753,47.19682975012208
b2c-all-8385234-3-182,36600,3269,3600,-122.2960382143753,47.19682975012208
b2c-all-8385234-3-183,36600,3269,3600,-122.2960382143753,47.19682975012208
b2c-all-8385234-3-184,36600,3269,3600,-122.2960382143753,47.19682975012208
b2c-all-8385234-3-185,36600,3269,3600,-122.2960382143753,47.19682975012208
b2c-all-8385234-3-186,36600,3269,3600,-122.2960382143753,47.19682975012208
b2c-all-8385234-3-187,36600,3269,3600,-122.2960382143753,47.19682975012208
b2c-all-8385234-3-188,36600,3269,3600,-122.2960382143753,47.19682975012208
b2c-all-8385234-3-189,36600,3269,3600,-122.2960382143753,47.19682975012208
b2c-all-8385234-3-190,36600,3269,3600,-122.2960382143753,47.19682975012208
b2c-all-8385234-3-191,36600,3269,3600,-122.2960382143753,47.19682975012208
b2c-all-8385234-3-192,36600,3269,3600,-122.2960382143753,47.19682975012208
b2c-all-8385234-3-193,36600,3269,3600,-122.2960382143753,47.19682975012208
b2c-all-8385234-3-194,36600,3269,3600,-122.2960382143753,47.19682975012208
b2c-all-8385234-3-195,36600,3269,3600,-122.2960382143753,47.19682975012208
b2c-all-8385234-3-196,36600,3269,3600,-122.2960382143753,47.19682975012208
b2c-all-8385234-3-197,36600,3269,3600,-122.2960382143753,47.19682975012208
b2c-all-8385234-3-198,36600,3269,3600,-122.2960382143753,47.19682975012208
b2c-all-8385234-3-199,36600,3269,3600,-122.2960382143753,47.19682975012208
b2c-all-8385234-3-200,36600,3269,3600,-122.2960382143753,47.19682975012208
b2c-all-8385234-3-201,36600,3269,3600,-122.2960382143753,47.19682975012208
b2c-all-8385234-3-202,36600,3269,3600,-122.2960382143753,47.19682975012208
b2c-all-8385234-3-203,36600,3269,3600,-122.2960382143753,47.19682975012208
b2c-all-8385234-3-204,36600,3269,3600,-122.2960382143753,47.19682975012208
b2c-all-8385234-3-205,36600,3269,3600,-122.2960382143753,47.19682975012208
b2c-all-8385234-3-206,36600,3269,3600,-122.2960382143753,47.19682975012208
b2c-all-8385234-3-207,36600,3269,3600,-122.2960382143753,47.19682975012208
b2c-all-8385234-3-208,36600,3269,3600,-122.2960382143753,47.19682975012208
b2c-all-8385234-3-209,36600,3269,3600,-122.2960382143753,47.19682975012208
b2c-all-8385234-3-210,36600,3269,3600,-122.2960382143753,47.19682975012208
b2c-all-8385234-3-211,36600,3269,3600,-122.2960382143753,47.19682975012208
b2c-all-8385234-3-212,36600,3269,3600,-122.2960382143753,47.19682975012208
b2c-all-8385234-3-213,36600,3269,3600,-122.2960382143753,47.19682975012208
b2c-all-8385234-3-214,36600,3269,3600,-122.2960382143753,47.19682975012208
b2c-all-8385234-3-215,36600,3269,3600,-122.2960382143753,47.19682975012208
b2c-all-8385234-3-216,36600,3269,3600,-122.2960382143753,47.19682975012208
b2c-all-8385234-3-217,36600,3269,3600,-122.2960382143753,47.19682975012208
b2c-all-8385234-3-218,36600,3269,3600,-122.2960382143753,47.19682975012208
b2c-all-8385234-3-219,36600,3269,3600,-122.2960382143753,47.19682975012208
b2c-all-8385234-3-220,36600,3269,3600,-122.2960382143753,47.19682975012208
b2c-all-8385234-3-221,36600,3269,3600,-122.2960382143753,47.19682975012208
b2c-all-8385234-3-222,36600,3269,3600,-122.2960382143753,47.19682975012208
b2c-all-8385234-3-223,36600,3269,3600,-122.2960382143753,47.19682975012208
b2c-all-8385234-3-224,36600,3269,3600,-122.2960382143753,47.19682975012208
b2c-all-8385234-3-225,36600,3269,3600,-122.2960382143753,47.19682975012208
b2c-all-8385234-3-226,36600,3269,3600,-122.2960382143753,47.19682975012208
b2c-all-8385234-3-227,36600,3269,3600,-122.2960382143753,47.19682975012208
b2c-all-8385234-3-228,36600,3269,3600,-122.2960382143753,47.19682975012208
b2c-all-8385234-3-229,36600,3269,3600,-122.2960382143753,47.19682975012208
b2c-all-8385234-3-230,36600,3269,3600,-122.2960382143753,47.19682975012208
b2c-all-8385234-3-231,36600,3269,3600,-122.2960382143753,47.19682975012208
b2c-all-8385234-3-232,36600,3269,3600,-122.2960382143753,47.19682975012208
b2c-all-8385234-4-233,32040,3269,3600,-122.2960382143753,47.19682975012208
b2c-all-8385234-4-234,32040,3269,3600,-122.2960382143753,47.19682975012208
b2c-all-8385234-4-235,32040,3269,3600,-122.2960382143753,47.19682975012208
b2c-all-8385234-4-236,32040,3269,3600,-122.2960382143753,47.19682975012208
b2c-all-8385234-4-237,32040,3269,3600,-122.2960382143753,47.19682975012208
b2c-all-8385234-4-238,32040,3269,3600,-122.2960382143753,47.19682975012208
b2c-all-8385234-4-239,32040,3269,3600,-122.2960382143753,47.19682975012208
b2c-all-8385234-4-240,32040,3269,3600,-122.2960382143753,47.19682975012208
b2c-all-8385234-4-241,32040,3269,3600,-122.2960382143753,47.19682975012208
b2c-all-8385234-4-242,32040,3269,3600,-122.2960382143753,47.19682975012208
b2c-all-8385234-4-243,32040,3269,3600,-122.2960382143753,47.19682975012208
b2c-all-8385234-4-244,32040,3269,3600,-122.2960382143753,47.19682975012208
b2c-all-8385234-4-245,32040,3269,3600,-122.2960382143753,47.19682975012208
b2c-all-8385234-4-246,32040,3269,3600,-122.2960382143753,47.19682975012208
b2c-all-8385234-4-247,32040,3269,3600,-122.2960382143753,47.19682975012208
b2c-all-8385234-4-248,32040,3269,3600,-122.2960382143753,47.19682975012208
b2c-all-8385234-4-249,32040,3269,3600,-122.2960382143753,47.19682975012208
b2c-all-8385234-4-250,32040,3269,3600,-122.2960382143753,47.19682975012208
b2c-all-8385234-4-251,32040,3269,3600,-122.2960382143753,47.19682975012208
b2c-all-8385234-4-252,32040,3269,3600,-122.2960382143753,47.19682975012208
b2c-all-8385234-4-253,32040,3269,3600,-122.2960382143753,47.19682975012208
b2c-all-8385234-4-254,32040,3269,3600,-122.2960382143753,47.19682975012208
b2c-all-8385234-4-255,32040,3269,3600,-122.2960382143753,47.19682975012208
b2c-all-8385234-4-256,32040,3269,3600,-122.2960382143753,47.19682975012208
b2c-all-8385234-4-257,32040,3269,3600,-122.2960382143753,47.19682975012208
b2c-all-8385234-4-258,32040,3269,3600,-122.2960382143753,47.19682975012208
b2c-all-8385234-4-259,32040,3269,3600,-122.2960382143753,47.19682975012208
b2c-all-8385234-4-260,32040,3269,3600,-122.2960382143753,47.19682975012208
b2c-all-8385234-4-261,32040,3269,3600,-122.2960382143753,47.19682975012208
b2c-all-8385234-4-262,32040,3269,3600,-122.2960382143753,47.19682975012208
b2c-all-8385234-4-263,32040,3269,3600,-122.2960382143753,47.19682975012208
b2c-all-8385234-4-264,32040,3269,3600,-122.2960382143753,47.19682975012208
b2c-all-8385234-4-265,32040,3269,3600,-122.2960382143753,47.19682975012208
b2c-all-8385234-4-266,32040,3269,3600,-122.2960382143753,47.19682975012208
b2c-all-6852717-3-267,25980,1450,3600,-122.34367336583938,47.73952894063373
b2c-all-6852717-3-268,25980,1450,3600,-122.34367336583938,47.73952894063373
b2c-all-6852717-3-269,25920,1450,3600,-122.34367336583938,47.73952894063373
b2c-all-8385234-2-270,53400,3269,3600,-122.2960382143753,47.19682975012208
b2c-all-8385234-2-271,53400,3269,3600,-122.2960382143753,47.19682975012208
b2c-all-8385234-2-272,53400,3269,3600,-122.2960382143753,47.19682975012208
b2c-all-8385234-2-273,53400,3269,3600,-122.2960382143753,47.19682975012208
b2c-all-8385234-2-274,53400,3269,3600,-122.2960382143753,47.19682975012208
b2c-all-8385234-2-275,53400,3269,3600,-122.2960382143753,47.19682975012208
b2c-all-8385234-2-276,53400,3269,3600,-122.2960382143753,47.19682975012208
b2c-all-8385234-2-277,53400,3269,3600,-122.2960382143753,47.19682975012208
b2c-all-8385234-2-278,53400,3269,3600,-122.2960382143753,47.19682975012208
b2c-all-8385234-2-279,53400,3269,3600,-122.2960382143753,47.19682975012208
b2c-all-8385234-2-280,53400,3269,3600,-122.2960382143753,47.19682975012208
b2c-all-8385234-2-281,53400,3269,3600,-122.2960382143753,47.19682975012208
b2c-all-8385234-2-282,53400,3269,3600,-122.2960382143753,47.19682975012208
b2c-all-8385234-2-283,53400,3269,3600,-122.2960382143753,47.19682975012208
b2c-all-8385234-2-284,53400,3269,3600,-122.2960382143753,47.19682975012208
b2c-all-8385234-2-285,53400,3269,3600,-122.2960382143753,47.19682975012208
b2c-all-8385234-2-286,53400,3269,3600,-122.2960382143753,47.19682975012208
b2c-all-8385234-2-287,53400,3269,3600,-122.2960382143753,47.19682975012208
b2c-all-8385234-2-288,53400,3269,3600,-122.2960382143753,47.19682975012208
b2c-all-8385234-2-289,53400,3269,3600,-122.2960382143753,47.19682975012208
b2c-all-8385234-2-290,53400,3269,3600,-122.2960382143753,47.19682975012208
b2c-all-8385234-2-291,53400,3269,3600,-122.2960382143753,47.19682975012208
b2c-all-8385234-2-292,53400,3269,3600,-122.2960382143753,47.19682975012208
b2c-all-8385234-1-293,28800,3269,3600,-122.2960382143753,47.19682975012208
b2c-all-8385234-1-294,28800,3269,3600,-122.2960382143753,47.19682975012208
b2c-all-8385234-1-295,28800,3269,3600,-122.2960382143753,47.19682975012208
b2c-all-8385234-1-296,28800,3269,3600,-122.2960382143753,47.19682975012208
b2c-all-8385234-1-297,28800,3269,3600,-122.2960382143753,47.19682975012208
b2c-all-8385234-1-298,28800,3269,3600,-122.2960382143753,47.19682975012208
b2c-all-8385234-1-299,28800,3269,3600,-122.2960382143753,47.19682975012208
b2c-all-8385234-1-300,28800,3269,3600,-122.2960382143753,47.19682975012208
b2c-all-8385234-1-301,28800,3269,3600,-122.2960382143753,47.19682975012208
b2c-all-8385234-1-302,28800,3269,3600,-122.2960382143753,47.19682975012208
b2c-all-8385234-1-303,28800,3269,3600,-122.2960382143753,47.19682975012208
b2c-all-8385234-1-304,28800,3269,3600,-122.2960382143753,47.19682975012208
b2c-all-8385234-1-305,28800,3269,3600,-122.2960382143753,47.19682975012208
b2c-all-8385234-1-306,28800,3269,3600,-122.2960382143753,47.19682975012208
b2c-all-8385234-1-307,28800,3269,3600,-122.2960382143753,47.19682975012208
b2c-all-8385234-1-308,28800,3269,3600,-122.2960382143753,47.19682975012208
b2c-all-8385234-1-309,28800,3269,3600,-122.2960382143753,47.19682975012208
b2c-all-8385234-1-310,28800,3269,3600,-122.2960382143753,47.19682975012208
b2c-all-8385234-1-311,28800,3269,3600,-122.2960382143753,47.19682975012208
b2c-all-8385234-4-312,24540,3269,3600,-122.2960382143753,47.19682975012208
b2c-all-8385234-4-313,24540,3269,3600,-122.2960382143753,47.19682975012208
b2c-all-8385234-4-314,24540,3269,3600,-122.2960382143753,47.19682975012208
b2c-all-8385234-4-315,24540,3269,3600,-122.2960382143753,47.19682975012208
b2c-all-8385234-4-316,24540,3269,3600,-122.2960382143753,47.19682975012208
b2c-all-8385234-4-317,24540,3269,3600,-122.2960382143753,47.19682975012208
b2c-all-8385234-4-318,24540,3269,3600,-122.2960382143753,47.19682975012208
b2c-all-8385234-4-319,24540,3269,3600,-122.2960382143753,47.19682975012208
b2c-all-8385234-4-320,24540,3269,3600,-122.2960382143753,47.19682975012208
b2c-all-8385234-4-321,24540,3269,3600,-122.2960382143753,47.19682975012208
b2c-all-8385234-4-322,24540,3269,3600,-122.2960382143753,47.19682975012208
b2c-all-8385234-4-323,24540,3269,3600,-122.2960382143753,47.19682975012208
b2c-all-8385234-4-324,24540,3269,3600,-122.2960382143753,47.19682975012208
b2c-all-8385234-4-325,24540,3269,3600,-122.2960382143753,47.19682975012208
b2c-all-8385234-4-326,24540,3269,3600,-122.2960382143753,47.19682975012208
b2c-all-8385234-4-327,24540,3269,3600,-122.2960382143753,47.19682975012208
b2c-all-8385234-4-328,24540,3269,3600,-122.2960382143753,47.19682975012208
b2c-all-8385234-4-329,24540,3269,3600,-122.2960382143753,47.19682975012208
b2c-all-8385234-4-330,24540,3269,3600,-122.2960382143753,47.19682975012208
b2c-all-8385234-4-331,24540,3269,3600,-122.2960382143753,47.19682975012208
b2c-all-8385234-4-332,24540,3269,3600,-122.2960382143753,47.19682975012208
b2c-all-8385234-4-333,24540,3269,3600,-122.2960382143753,47.19682975012208
b2c-all-8385234-4-334,24540,3269,3600,-122.2960382143753,47.19682975012208
b2c-all-8385234-4-335,24540,3269,3600,-122.2960382143753,47.19682975012208
b2c-all-8385234-4-336,24540,3269,3600,-122.2960382143753,47.19682975012208
b2c-all-8385234-4-337,24540,3269,3600,-122.2960382143753,47.19682975012208
b2c-all-8385234-4-338,24540,3269,3600,-122.2960382143753,47.19682975012208
b2c-all-8385234-4-339,24540,3269,3600,-122.2960382143753,47.19682975012208
b2c-all-8385234-4-340,24540,3269,3600,-122.2960382143753,47.19682975012208
b2c-all-8385234-4-341,24540,3269,3600,-122.2960382143753,47.19682975012208
b2c-all-8385234-4-342,24540,3269,3600,-122.2960382143753,47.19682975012208
b2c-all-8385234-4-343,24540,3269,3600,-122.2960382143753,47.19682975012208
b2c-all-8385234-4-344,24540,3269,3600,-122.2960382143753,47.19682975012208
b2c-all-8385234-4-345,24540,3269,3600,-122.2960382143753,47.19682975012208
b2c-all-8385234-4-346,24540,3269,3600,-122.2960382143753,47.19682975012208
b2c-all-8385234-4-347,24540,3269,3600,-122.2960382143753,47.19682975012208
b2c-all-8385234-4-348,24540,3269,3600,-122.2960382143753,47.19682975012208
b2c-all-8385234-4-349,24540,3269,3600,-122.2960382143753,47.19682975012208
b2c-all-8385234-4-350,24540,3269,3600,-122.2960382143753,47.19682975012208
b2c-all-2331402-1-351,27180,1791,3600,-122.3471116021009,47.509916679240966
b2c-all-2331402-1-352,27180,1791,3600,-122.3471116021009,47.509916679240966
b2c-all-8318215-3-353,31680,3003,3600,-122.35571092559036,47.15286954641953
b2c-all-8318215-3-354,31680,3003,3600,-122.35571092559036,47.15286954641953
b2c-all-2331397-3-355,50820,1964,3600,-122.18907568237086,47.33883601743528
b2c-all-2331397-3-356,50820,1964,3600,-122.18907568237086,47.33883601743528
b2c-all-2331397-3-357,50820,1964,3600,-122.18907568237086,47.33883601743528
b2c-all-2331397-2-358,24900,1964,3600,-122.18907568237086,47.33883601743528
b2c-all-2331397-2-359,24900,1964,3600,-122.18907568237086,47.33883601743528
b2c-all-8385234-2-360,40860,3269,3600,-122.2960382143753,47.19682975012208
b2c-all-8385234-2-361,40860,3269,3600,-122.2960382143753,47.19682975012208
b2c-all-8385234-2-362,40860,3269,3600,-122.2960382143753,47.19682975012208
b2c-all-8385234-2-363,40860,3269,3600,-122.2960382143753,47.19682975012208
b2c-all-8385234-2-364,40860,3269,3600,-122.2960382143753,47.19682975012208
b2c-all-8385234-2-365,40860,3269,3600,-122.2960382143753,47.19682975012208
b2c-all-8385234-2-366,40860,3269,3600,-122.2960382143753,47.19682975012208
b2c-all-8385234-2-367,40860,3269,3600,-122.2960382143753,47.19682975012208
b2c-all-8385234-2-368,40860,3269,3600,-122.2960382143753,47.19682975012208
b2c-all-8385234-2-369,40860,3269,3600,-122.2960382143753,47.19682975012208
b2c-all-8385234-2-370,40860,3269,3600,-122.2960382143753,47.19682975012208
b2c-all-8385234-2-371,40860,3269,3600,-122.2960382143753,47.19682975012208
b2c-all-8385234-2-372,40860,3269,3600,-122.2960382143753,47.19682975012208
b2c-all-8385234-2-373,40860,3269,3600,-122.2960382143753,47.19682975012208
b2c-all-8385234-2-374,40860,3269,3600,-122.2960382143753,47.19682975012208
b2c-all-8385234-2-375,40860,3269,3600,-122.2960382143753,47.19682975012208
b2c-all-8385234-2-376,40860,3269,3600,-122.2960382143753,47.19682975012208
b2c-all-8385234-2-377,40860,3269,3600,-122.2960382143753,47.19682975012208
b2c-all-8385234-2-378,40860,3269,3600,-122.2960382143753,47.19682975012208
b2c-all-2331402-2-379,42000,1791,3600,-122.3471116021009,47.509916679240966
b2c-all-2331397-3-380,38160,1964,3600,-122.18907568237086,47.33883601743528
b2c-all-2331397-3-381,38160,1964,3600,-122.18907568237086,47.33883601743528
b2c-all-6852717-2-382,48300,1450,3600,-122.34367336583938,47.73952894063373
b2c-all-6852717-2-383,48300,1450,3600,-122.34367336583938,47.73952894063373
b2c-all-6852717-2-384,48300,1450,3600,-122.34367336583938,47.73952894063373
b2c-all-6852717-2-385,48300,1450,3600,-122.34367336583938,47.73952894063373
b2c-all-6852717-2-386,48300,1450,3600,-122.34367336583938,47.73952894063373
b2c-all-2331397-3-387,22440,1964,3600,-122.18907568237086,47.33883601743528
b2c-all-2331397-3-388,22440,1964,3600,-122.18907568237086,47.33883601743528
b2c-all-2331397-2-389,41100,1964,3600,-122.18907568237086,47.33883601743528
b2c-all-2331397-2-390,41100,1964,3600,-122.18907568237086,47.33883601743528
b2c-all-8318215-1-391,21660,3003,3600,-122.35571092559036,47.15286954641953
b2c-all-8318215-1-392,21780,3003,3600,-122.35571092559036,47.15286954641953
